# Alien Wild West asset pack - OBJ fallback. Y up, 1 unit = 1 m.
mtllib AlienWildWest.mtl
o Char_Player_BlipJr_Body
v 0.00000 0.40000 0.00000
v 0.18700 0.40000 0.00000
v 0.16195 0.40000 0.07667
v 0.09350 0.40000 0.13280
v 0.00000 0.40000 0.15334
v -0.09350 0.40000 0.13280
v -0.16195 0.40000 0.07667
v -0.18700 0.40000 0.00000
v -0.16195 0.40000 -0.07667
v -0.09350 0.40000 -0.13280
v -0.00000 0.40000 -0.15334
v 0.09350 0.40000 -0.13280
v 0.16195 0.40000 -0.07667
v 0.27500 0.46000 0.00000
v 0.23816 0.46000 0.11275
v 0.13750 0.46000 0.19529
v 0.00000 0.46000 0.22550
v -0.13750 0.46000 0.19529
v -0.23816 0.46000 0.11275
v -0.27500 0.46000 0.00000
v -0.23816 0.46000 -0.11275
v -0.13750 0.46000 -0.19529
v -0.00000 0.46000 -0.22550
v 0.13750 0.46000 -0.19529
v 0.23816 0.46000 -0.11275
v 0.30800 0.60000 0.00000
v 0.26674 0.60000 0.12628
v 0.15400 0.60000 0.21872
v 0.00000 0.60000 0.25256
v -0.15400 0.60000 0.21872
v -0.26674 0.60000 0.12628
v -0.30800 0.60000 0.00000
v -0.26674 0.60000 -0.12628
v -0.15400 0.60000 -0.21872
v -0.00000 0.60000 -0.25256
v 0.15400 0.60000 -0.21872
v 0.26674 0.60000 -0.12628
v 0.29700 0.74000 0.00000
v 0.25721 0.74000 0.12177
v 0.14850 0.74000 0.21091
v 0.00000 0.74000 0.24354
v -0.14850 0.74000 0.21091
v -0.25721 0.74000 0.12177
v -0.29700 0.74000 0.00000
v -0.25721 0.74000 -0.12177
v -0.14850 0.74000 -0.21091
v -0.00000 0.74000 -0.24354
v 0.14850 0.74000 -0.21091
v 0.25721 0.74000 -0.12177
v 0.23100 0.86000 0.00000
v 0.20005 0.86000 0.09471
v 0.11550 0.86000 0.16404
v 0.00000 0.86000 0.18942
v -0.11550 0.86000 0.16404
v -0.20005 0.86000 0.09471
v -0.23100 0.86000 0.00000
v -0.20005 0.86000 -0.09471
v -0.11550 0.86000 -0.16404
v -0.00000 0.86000 -0.18942
v 0.11550 0.86000 -0.16404
v 0.20005 0.86000 -0.09471
v 0.10000 0.90000 0.00000
v 0.08660 0.90000 0.04100
v 0.05000 0.90000 0.07101
v 0.00000 0.90000 0.08200
v -0.05000 0.90000 0.07101
v -0.08660 0.90000 0.04100
v -0.10000 0.90000 0.00000
v -0.08660 0.90000 -0.04100
v -0.05000 0.90000 -0.07101
v -0.00000 0.90000 -0.08200
v 0.05000 0.90000 -0.07101
v 0.08660 0.90000 -0.04100
v 0.00000 0.90000 0.00000
v 0.28050 0.47000 0.00000
v 0.24292 0.47000 0.11500
v 0.14025 0.47000 0.19919
v 0.00000 0.47000 0.23001
v -0.14025 0.47000 0.19919
v -0.24292 0.47000 0.11500
v -0.28050 0.47000 0.00000
v -0.24292 0.47000 -0.11501
v -0.14025 0.47000 -0.19919
v -0.00000 0.47000 -0.23001
v 0.14025 0.47000 -0.19919
v 0.24292 0.47000 -0.11501
v 0.28050 0.54000 0.00000
v 0.24292 0.54000 0.11500
v 0.14025 0.54000 0.19919
v 0.00000 0.54000 0.23001
v -0.14025 0.54000 0.19919
v -0.24292 0.54000 0.11500
v -0.28050 0.54000 0.00000
v -0.24292 0.54000 -0.11501
v -0.14025 0.54000 -0.19919
v -0.00000 0.54000 -0.23001
v 0.14025 0.54000 -0.19919
v 0.24292 0.54000 -0.11501
v -0.10000 0.62000 0.21200
v 0.10000 0.62000 0.21200
v 0.10000 0.62000 0.27200
v -0.10000 0.62000 0.27200
v -0.10000 0.78000 0.21200
v 0.10000 0.78000 0.21200
v 0.10000 0.78000 0.27200
v -0.10000 0.78000 0.27200
v 0.17000 0.86000 0.00000
v 0.14722 0.86000 0.07650
v 0.08500 0.86000 0.13250
v 0.00000 0.86000 0.15300
v -0.08500 0.86000 0.13250
v -0.14722 0.86000 0.07650
v -0.17000 0.86000 0.00000
v -0.14722 0.86000 -0.07650
v -0.08500 0.86000 -0.13250
v -0.00000 0.86000 -0.15300
v 0.08500 0.86000 -0.13250
v 0.14722 0.86000 -0.07650
v 0.20000 0.92000 0.00000
v 0.17321 0.92000 0.09000
v 0.10000 0.92000 0.15588
v 0.00000 0.92000 0.18000
v -0.10000 0.92000 0.15588
v -0.17321 0.92000 0.09000
v -0.20000 0.92000 0.00000
v -0.17321 0.92000 -0.09000
v -0.10000 0.92000 -0.15588
v -0.00000 0.92000 -0.18000
v 0.10000 0.92000 -0.15588
v 0.17321 0.92000 -0.09000
v -0.06750 0.73000 0.24900
v -0.03250 0.73000 0.24900
v -0.03250 0.73000 0.27900
v -0.06750 0.73000 0.27900
v -0.06750 0.76500 0.24900
v -0.03250 0.76500 0.24900
v -0.03250 0.76500 0.27900
v -0.06750 0.76500 0.27900
v -0.01750 0.73000 0.24900
v 0.01750 0.73000 0.24900
v 0.01750 0.73000 0.27900
v -0.01750 0.73000 0.27900
v -0.01750 0.76500 0.24900
v 0.01750 0.76500 0.24900
v 0.01750 0.76500 0.27900
v -0.01750 0.76500 0.27900
v 0.03250 0.73000 0.24900
v 0.06750 0.73000 0.24900
v 0.06750 0.73000 0.27900
v 0.03250 0.73000 0.27900
v 0.03250 0.76500 0.24900
v 0.06750 0.76500 0.24900
v 0.06750 0.76500 0.27900
v 0.03250 0.76500 0.27900
v -0.02500 0.66000 0.28050
v -0.03750 0.63835 0.28050
v -0.06250 0.63835 0.28050
v -0.07500 0.66000 0.28050
v -0.06250 0.68165 0.28050
v -0.03750 0.68165 0.28050
v -0.02500 0.66000 0.30050
v -0.03750 0.63835 0.30050
v -0.06250 0.63835 0.30050
v -0.07500 0.66000 0.30050
v -0.06250 0.68165 0.30050
v -0.03750 0.68165 0.30050
v 0.07500 0.66000 0.28050
v 0.06250 0.63835 0.28050
v 0.03750 0.63835 0.28050
v 0.02500 0.66000 0.28050
v 0.03750 0.68165 0.28050
v 0.06250 0.68165 0.28050
v 0.07500 0.66000 0.30050
v 0.06250 0.63835 0.30050
v 0.03750 0.63835 0.30050
v 0.02500 0.66000 0.30050
v 0.03750 0.68165 0.30050
v 0.06250 0.68165 0.30050
v -0.01500 0.47000 -0.29700
v -0.03697 0.47000 -0.24397
v -0.09000 0.47000 -0.22200
v -0.14303 0.47000 -0.24397
v -0.16500 0.47000 -0.29700
v -0.14303 0.47000 -0.35003
v -0.09000 0.47000 -0.37200
v -0.03697 0.47000 -0.35003
v -0.01500 0.85000 -0.29700
v -0.03697 0.85000 -0.24397
v -0.09000 0.85000 -0.22200
v -0.14303 0.85000 -0.24397
v -0.16500 0.85000 -0.29700
v -0.14303 0.85000 -0.35003
v -0.09000 0.85000 -0.37200
v -0.03697 0.85000 -0.35003
v -0.09000 0.77500 -0.29700
v -0.02505 0.81250 -0.29700
v -0.05752 0.81250 -0.24075
v -0.12248 0.81250 -0.24075
v -0.15495 0.81250 -0.29700
v -0.12248 0.81250 -0.35325
v -0.05752 0.81250 -0.35325
v -0.02505 0.88750 -0.29700
v -0.05752 0.88750 -0.24075
v -0.12248 0.88750 -0.24075
v -0.15495 0.88750 -0.29700
v -0.12248 0.88750 -0.35325
v -0.05752 0.88750 -0.35325
v -0.09000 0.92500 -0.29700
v 0.16500 0.47000 -0.29700
v 0.14303 0.47000 -0.24397
v 0.09000 0.47000 -0.22200
v 0.03697 0.47000 -0.24397
v 0.01500 0.47000 -0.29700
v 0.03697 0.47000 -0.35003
v 0.09000 0.47000 -0.37200
v 0.14303 0.47000 -0.35003
v 0.16500 0.85000 -0.29700
v 0.14303 0.85000 -0.24397
v 0.09000 0.85000 -0.22200
v 0.03697 0.85000 -0.24397
v 0.01500 0.85000 -0.29700
v 0.03697 0.85000 -0.35003
v 0.09000 0.85000 -0.37200
v 0.14303 0.85000 -0.35003
v 0.09000 0.77500 -0.29700
v 0.15495 0.81250 -0.29700
v 0.12248 0.81250 -0.24075
v 0.05752 0.81250 -0.24075
v 0.02505 0.81250 -0.29700
v 0.05752 0.81250 -0.35325
v 0.12248 0.81250 -0.35325
v 0.15495 0.88750 -0.29700
v 0.12248 0.88750 -0.24075
v 0.05752 0.88750 -0.24075
v 0.02505 0.88750 -0.29700
v 0.05752 0.88750 -0.35325
v 0.12248 0.88750 -0.35325
v 0.09000 0.92500 -0.29700
v -0.15000 0.62000 -0.27100
v 0.15000 0.62000 -0.27100
v 0.15000 0.62000 -0.19100
v -0.15000 0.62000 -0.19100
v -0.15000 0.69000 -0.27100
v 0.15000 0.69000 -0.27100
v 0.15000 0.69000 -0.19100
v -0.15000 0.69000 -0.19100
vn 0.0000 -1.0000 0.0000
vn -0.0000 -1.0000 0.0000
vn -0.0000 -1.0000 0.0000
vn 0.0000 -1.0000 0.0000
vn 0.0000 -1.0000 -0.0000
vn 0.0000 -1.0000 -0.0000
vn 0.0000 -1.0000 0.0000
vn 0.0000 -1.0000 0.0000
vn 0.0000 -1.0000 0.0000
vn 0.0000 -1.0000 0.0000
vn 0.0000 -1.0000 0.0000
vn 0.0000 -1.0000 0.0000
vn 0.5540 -0.8126 0.1810
vn 0.5540 -0.8126 0.1810
vn 0.3922 -0.7858 0.4783
vn 0.3922 -0.7858 0.4783
vn 0.1391 -0.7614 0.6331
vn 0.1391 -0.7614 0.6331
vn -0.1391 -0.7614 0.6331
vn -0.1391 -0.7614 0.6331
vn -0.3922 -0.7858 0.4783
vn -0.3922 -0.7858 0.4783
vn -0.5540 -0.8126 0.1810
vn -0.5540 -0.8126 0.1810
vn -0.5540 -0.8126 -0.1810
vn -0.5540 -0.8126 -0.1810
vn -0.3922 -0.7858 -0.4783
vn -0.3922 -0.7858 -0.4783
vn -0.1391 -0.7614 -0.6331
vn -0.1391 -0.7614 -0.6331
vn 0.1391 -0.7614 -0.6331
vn 0.1391 -0.7614 -0.6331
vn 0.3922 -0.7858 -0.4783
vn 0.3922 -0.7858 -0.4783
vn 0.5540 -0.8126 -0.1810
vn 0.5540 -0.8126 -0.1810
vn 0.9275 -0.2186 0.3031
vn 0.9275 -0.2186 0.3031
vn 0.6213 -0.2000 0.7576
vn 0.6213 -0.2000 0.7576
vn 0.2109 -0.1855 0.9597
vn 0.2109 -0.1855 0.9597
vn -0.2109 -0.1855 0.9597
vn -0.2109 -0.1855 0.9597
vn -0.6213 -0.2000 0.7576
vn -0.6213 -0.2000 0.7576
vn -0.9275 -0.2186 0.3031
vn -0.9275 -0.2186 0.3031
vn -0.9275 -0.2186 -0.3031
vn -0.9275 -0.2186 -0.3031
vn -0.6213 -0.2000 -0.7576
vn -0.6213 -0.2000 -0.7576
vn -0.2109 -0.1855 -0.9597
vn -0.2109 -0.1855 -0.9597
vn 0.2109 -0.1855 -0.9597
vn 0.2109 -0.1855 -0.9597
vn 0.6213 -0.2000 -0.7576
vn 0.6213 -0.2000 -0.7576
vn 0.9275 -0.2186 -0.3031
vn 0.9275 -0.2186 -0.3031
vn 0.9479 0.0745 0.3097
vn 0.9479 0.0745 0.3097
vn 0.6326 0.0679 0.7715
vn 0.6326 0.0679 0.7715
vn 0.2142 0.0628 0.9748
vn 0.2142 0.0628 0.9748
vn -0.2142 0.0628 0.9748
vn -0.2142 0.0628 0.9748
vn -0.6326 0.0679 0.7715
vn -0.6326 0.0679 0.7715
vn -0.9479 0.0745 0.3097
vn -0.9479 0.0745 0.3097
vn -0.9479 0.0745 -0.3097
vn -0.9479 0.0745 -0.3097
vn -0.6326 0.0679 -0.7715
vn -0.6326 0.0679 -0.7715
vn -0.2142 0.0628 -0.9748
vn -0.2142 0.0628 -0.9748
vn 0.2142 0.0628 -0.9748
vn 0.2142 0.0628 -0.9748
vn 0.6326 0.0679 -0.7715
vn 0.6326 0.0679 -0.7715
vn 0.9479 0.0745 -0.3097
vn 0.9479 0.0745 -0.3097
vn 0.8424 0.4633 0.2753
vn 0.8424 0.4633 0.2753
vn 0.5724 0.4301 0.6981
vn 0.5724 0.4301 0.6981
vn 0.1964 0.4031 0.8938
vn 0.1964 0.4031 0.8938
vn -0.1964 0.4031 0.8938
vn -0.1964 0.4031 0.8938
vn -0.5724 0.4301 0.6981
vn -0.5724 0.4301 0.6981
vn -0.8424 0.4633 0.2753
vn -0.8424 0.4633 0.2753
vn -0.8424 0.4633 -0.2753
vn -0.8424 0.4633 -0.2753
vn -0.5724 0.4301 -0.6981
vn -0.5724 0.4301 -0.6981
vn -0.1964 0.4031 -0.8938
vn -0.1964 0.4031 -0.8938
vn 0.1964 0.4031 -0.8938
vn 0.1964 0.4031 -0.8938
vn 0.5724 0.4301 -0.6981
vn 0.5724 0.4301 -0.6981
vn 0.8424 0.4633 -0.2753
vn 0.8424 0.4633 -0.2753
vn 0.2907 0.9521 0.0950
vn 0.2907 0.9521 0.0950
vn 0.2108 0.9431 0.2571
vn 0.2108 0.9431 0.2571
vn 0.0764 0.9344 0.3479
vn 0.0764 0.9344 0.3479
vn -0.0764 0.9344 0.3479
vn -0.0764 0.9344 0.3479
vn -0.2108 0.9431 0.2571
vn -0.2108 0.9431 0.2571
vn -0.2907 0.9521 0.0950
vn -0.2907 0.9521 0.0950
vn -0.2907 0.9521 -0.0950
vn -0.2907 0.9521 -0.0950
vn -0.2108 0.9431 -0.2571
vn -0.2108 0.9431 -0.2571
vn -0.0764 0.9344 -0.3479
vn -0.0764 0.9344 -0.3479
vn 0.0764 0.9344 -0.3479
vn 0.0764 0.9344 -0.3479
vn 0.2108 0.9431 -0.2571
vn 0.2108 0.9431 -0.2571
vn 0.2907 0.9521 -0.0950
vn 0.2907 0.9521 -0.0950
vn 0.0000 1.0000 0.0000
vn 0.0000 1.0000 0.0000
vn 0.0000 1.0000 0.0000
vn 0.0000 1.0000 -0.0000
vn 0.0000 1.0000 0.0000
vn 0.0000 1.0000 0.0000
vn 0.0000 1.0000 0.0000
vn 0.0000 1.0000 0.0000
vn 0.0000 1.0000 0.0000
vn 0.0000 1.0000 0.0000
vn 0.0000 1.0000 0.0000
vn -0.0000 1.0000 0.0000
vn 0.9505 0.0000 0.3106
vn 0.9505 0.0000 0.3106
vn 0.6341 0.0000 0.7733
vn 0.6341 0.0000 0.7733
vn 0.2146 0.0000 0.9767
vn 0.2146 0.0000 0.9767
vn -0.2146 0.0000 0.9767
vn -0.2146 0.0000 0.9767
vn -0.6341 0.0000 0.7733
vn -0.6341 0.0000 0.7733
vn -0.9505 0.0000 0.3106
vn -0.9505 0.0000 0.3106
vn -0.9505 0.0000 -0.3106
vn -0.9505 -0.0000 -0.3106
vn -0.6341 0.0000 -0.7733
vn -0.6341 -0.0000 -0.7733
vn -0.2146 0.0000 -0.9767
vn -0.2146 -0.0000 -0.9767
vn 0.2146 0.0000 -0.9767
vn 0.2146 0.0000 -0.9767
vn 0.6341 0.0000 -0.7733
vn 0.6341 0.0000 -0.7733
vn 0.9505 0.0000 -0.3106
vn 0.9505 0.0000 -0.3106
vn -0.0000 1.0000 0.0000
vn 0.0000 1.0000 0.0000
vn 0.0000 0.0000 -1.0000
vn 0.0000 0.0000 -1.0000
vn 1.0000 0.0000 -0.0000
vn 1.0000 0.0000 0.0000
vn 0.0000 0.0000 1.0000
vn 0.0000 0.0000 1.0000
vn -1.0000 0.0000 -0.0000
vn -1.0000 -0.0000 0.0000
vn 0.0000 -1.0000 0.0000
vn 0.0000 -1.0000 0.0000
vn 0.8643 -0.4322 0.2573
vn 0.8643 -0.4322 0.2573
vn 0.6085 -0.4156 0.6761
vn 0.6085 -0.4156 0.6761
vn 0.2148 -0.4008 0.8906
vn 0.2148 -0.4008 0.8906
vn -0.2148 -0.4008 0.8906
vn -0.2148 -0.4008 0.8906
vn -0.6085 -0.4156 0.6761
vn -0.6085 -0.4156 0.6761
vn -0.8643 -0.4322 0.2573
vn -0.8643 -0.4322 0.2573
vn -0.8643 -0.4322 -0.2573
vn -0.8643 -0.4322 -0.2573
vn -0.6085 -0.4156 -0.6761
vn -0.6085 -0.4156 -0.6761
vn -0.2148 -0.4008 -0.8906
vn -0.2148 -0.4008 -0.8906
vn 0.2148 -0.4008 -0.8906
vn 0.2148 -0.4008 -0.8906
vn 0.6085 -0.4156 -0.6761
vn 0.6085 -0.4156 -0.6761
vn 0.8643 -0.4322 -0.2573
vn 0.8643 -0.4322 -0.2573
vn 0.0000 1.0000 0.0000
vn 0.0000 1.0000 0.0000
vn 0.0000 1.0000 0.0000
vn 0.0000 1.0000 0.0000
vn 0.0000 1.0000 0.0000
vn 0.0000 1.0000 0.0000
vn 0.0000 1.0000 0.0000
vn 0.0000 1.0000 0.0000
vn 0.0000 1.0000 -0.0000
vn 0.0000 1.0000 0.0000
vn 0.0000 -1.0000 0.0000
vn 0.0000 -1.0000 0.0000
vn 0.0000 -1.0000 0.0000
vn 0.0000 -1.0000 0.0000
vn 0.0000 -1.0000 0.0000
vn -0.0000 -1.0000 0.0000
vn 0.0000 -1.0000 0.0000
vn 0.0000 -1.0000 0.0000
vn 0.0000 -1.0000 0.0000
vn 0.0000 -1.0000 0.0000
vn -0.0000 1.0000 0.0000
vn 0.0000 1.0000 0.0000
vn 0.0000 0.0000 -1.0000
vn 0.0000 0.0000 -1.0000
vn 1.0000 0.0000 -0.0000
vn 1.0000 0.0000 0.0000
vn 0.0000 0.0000 1.0000
vn 0.0000 0.0000 1.0000
vn -1.0000 0.0000 -0.0000
vn -1.0000 -0.0000 0.0000
vn 0.0000 -1.0000 0.0000
vn 0.0000 -1.0000 0.0000
vn -0.0000 1.0000 0.0000
vn 0.0000 1.0000 0.0000
vn 0.0000 0.0000 -1.0000
vn 0.0000 0.0000 -1.0000
vn 1.0000 0.0000 -0.0000
vn 1.0000 0.0000 0.0000
vn 0.0000 0.0000 1.0000
vn 0.0000 0.0000 1.0000
vn -1.0000 0.0000 -0.0000
vn -1.0000 -0.0000 0.0000
vn 0.0000 -1.0000 0.0000
vn 0.0000 -1.0000 0.0000
vn -0.0000 1.0000 0.0000
vn 0.0000 1.0000 0.0000
vn 0.0000 0.0000 -1.0000
vn 0.0000 0.0000 -1.0000
vn 1.0000 0.0000 -0.0000
vn 1.0000 0.0000 0.0000
vn 0.0000 0.0000 1.0000
vn 0.0000 0.0000 1.0000
vn -1.0000 0.0000 -0.0000
vn -1.0000 -0.0000 0.0000
vn 0.0000 -1.0000 0.0000
vn 0.0000 -1.0000 0.0000
vn 0.8660 -0.5000 0.0000
vn 0.8660 -0.5000 0.0000
vn -0.0000 -1.0000 0.0000
vn 0.0000 -1.0000 -0.0000
vn -0.8660 -0.5000 0.0000
vn -0.8660 -0.5000 -0.0000
vn -0.8660 0.5000 0.0000
vn -0.8660 0.5000 0.0000
vn -0.0000 1.0000 0.0000
vn 0.0000 1.0000 0.0000
vn 0.8660 0.5000 0.0000
vn 0.8660 0.5000 0.0000
vn 0.0000 0.0000 1.0000
vn 0.0000 0.0000 1.0000
vn 0.0000 0.0000 1.0000
vn 0.0000 0.0000 1.0000
vn 0.0000 0.0000 -1.0000
vn -0.0000 0.0000 -1.0000
vn 0.0000 0.0000 -1.0000
vn 0.0000 0.0000 -1.0000
vn 0.8660 -0.5000 0.0000
vn 0.8660 -0.5000 0.0000
vn -0.0000 -1.0000 0.0000
vn 0.0000 -1.0000 -0.0000
vn -0.8660 -0.5000 0.0000
vn -0.8660 -0.5000 -0.0000
vn -0.8660 0.5000 0.0000
vn -0.8660 0.5000 0.0000
vn -0.0000 1.0000 0.0000
vn 0.0000 1.0000 0.0000
vn 0.8660 0.5000 0.0000
vn 0.8660 0.5000 0.0000
vn 0.0000 0.0000 1.0000
vn 0.0000 0.0000 1.0000
vn 0.0000 0.0000 1.0000
vn 0.0000 0.0000 1.0000
vn 0.0000 0.0000 -1.0000
vn -0.0000 0.0000 -1.0000
vn 0.0000 0.0000 -1.0000
vn 0.0000 0.0000 -1.0000
vn 0.9239 0.0000 0.3827
vn 0.9239 0.0000 0.3827
vn 0.3827 0.0000 0.9239
vn 0.3827 0.0000 0.9239
vn -0.3827 0.0000 0.9239
vn -0.3827 0.0000 0.9239
vn -0.9239 0.0000 0.3827
vn -0.9239 0.0000 0.3827
vn -0.9239 0.0000 -0.3827
vn -0.9239 -0.0000 -0.3827
vn -0.3827 0.0000 -0.9239
vn -0.3827 -0.0000 -0.9239
vn 0.3827 0.0000 -0.9239
vn 0.3827 0.0000 -0.9239
vn 0.9239 0.0000 -0.3827
vn 0.9239 0.0000 -0.3827
vn 0.0000 1.0000 0.0000
vn 0.0000 1.0000 0.0000
vn 0.0000 1.0000 0.0000
vn 0.0000 1.0000 0.0000
vn 0.0000 1.0000 -0.0000
vn 0.0000 1.0000 0.0000
vn 0.0000 -1.0000 0.0000
vn 0.0000 -1.0000 0.0000
vn 0.0000 -1.0000 0.0000
vn -0.0000 -1.0000 0.0000
vn 0.0000 -1.0000 0.0000
vn 0.0000 -1.0000 0.0000
vn 0.4804 -0.8321 0.2774
vn 0.0000 -0.8321 0.5547
vn -0.4804 -0.8321 0.2774
vn -0.4804 -0.8321 -0.2774
vn -0.0000 -0.8321 -0.5547
vn 0.4804 -0.8321 -0.2774
vn 0.8660 -0.0000 0.5000
vn 0.8660 -0.0000 0.5000
vn 0.0000 -0.0000 1.0000
vn 0.0000 0.0000 1.0000
vn -0.8660 0.0000 0.5000
vn -0.8660 -0.0000 0.5000
vn -0.8660 -0.0000 -0.5000
vn -0.8660 -0.0000 -0.5000
vn -0.0000 0.0000 -1.0000
vn -0.0000 -0.0000 -1.0000
vn 0.8660 -0.0000 -0.5000
vn 0.8660 -0.0000 -0.5000
vn 0.4804 0.8321 0.2774
vn 0.0000 0.8321 0.5547
vn -0.4804 0.8321 0.2774
vn -0.4804 0.8321 -0.2774
vn -0.0000 0.8321 -0.5547
vn 0.4804 0.8321 -0.2774
vn 0.9239 0.0000 0.3827
vn 0.9239 0.0000 0.3827
vn 0.3827 0.0000 0.9239
vn 0.3827 0.0000 0.9239
vn -0.3827 0.0000 0.9239
vn -0.3827 0.0000 0.9239
vn -0.9239 0.0000 0.3827
vn -0.9239 0.0000 0.3827
vn -0.9239 0.0000 -0.3827
vn -0.9239 -0.0000 -0.3827
vn -0.3827 0.0000 -0.9239
vn -0.3827 -0.0000 -0.9239
vn 0.3827 0.0000 -0.9239
vn 0.3827 0.0000 -0.9239
vn 0.9239 0.0000 -0.3827
vn 0.9239 0.0000 -0.3827
vn 0.0000 1.0000 0.0000
vn 0.0000 1.0000 0.0000
vn 0.0000 1.0000 0.0000
vn 0.0000 1.0000 0.0000
vn 0.0000 1.0000 -0.0000
vn 0.0000 1.0000 0.0000
vn 0.0000 -1.0000 0.0000
vn 0.0000 -1.0000 0.0000
vn 0.0000 -1.0000 0.0000
vn -0.0000 -1.0000 0.0000
vn 0.0000 -1.0000 0.0000
vn 0.0000 -1.0000 0.0000
vn 0.4804 -0.8321 0.2774
vn 0.0000 -0.8321 0.5547
vn -0.4804 -0.8321 0.2774
vn -0.4804 -0.8321 -0.2774
vn -0.0000 -0.8321 -0.5547
vn 0.4804 -0.8321 -0.2774
vn 0.8660 -0.0000 0.5000
vn 0.8660 0.0000 0.5000
vn 0.0000 -0.0000 1.0000
vn 0.0000 0.0000 1.0000
vn -0.8660 -0.0000 0.5000
vn -0.8660 -0.0000 0.5000
vn -0.8660 -0.0000 -0.5000
vn -0.8660 -0.0000 -0.5000
vn -0.0000 0.0000 -1.0000
vn -0.0000 -0.0000 -1.0000
vn 0.8660 0.0000 -0.5000
vn 0.8660 -0.0000 -0.5000
vn 0.4804 0.8321 0.2774
vn 0.0000 0.8321 0.5547
vn -0.4804 0.8321 0.2774
vn -0.4804 0.8321 -0.2774
vn -0.0000 0.8321 -0.5547
vn 0.4804 0.8321 -0.2774
vn -0.0000 1.0000 0.0000
vn 0.0000 1.0000 0.0000
vn 0.0000 0.0000 -1.0000
vn 0.0000 0.0000 -1.0000
vn 1.0000 0.0000 -0.0000
vn 1.0000 0.0000 0.0000
vn 0.0000 0.0000 1.0000
vn 0.0000 0.0000 1.0000
vn -1.0000 0.0000 -0.0000
vn -1.0000 -0.0000 0.0000
vn 0.0000 -1.0000 0.0000
vn 0.0000 -1.0000 0.0000
usemtl Mat_HeroWhite
f 2//1 3//1 1//1
f 3//2 4//2 1//2
f 4//3 5//3 1//3
f 5//4 6//4 1//4
f 6//5 7//5 1//5
f 7//6 8//6 1//6
f 8//7 9//7 1//7
f 9//8 10//8 1//8
f 10//9 11//9 1//9
f 11//10 12//10 1//10
f 12//11 13//11 1//11
f 13//12 2//12 1//12
f 14//13 15//13 3//13
f 14//14 3//14 2//14
f 15//15 16//15 4//15
f 15//16 4//16 3//16
f 16//17 17//17 5//17
f 16//18 5//18 4//18
f 17//19 18//19 6//19
f 17//20 6//20 5//20
f 18//21 19//21 7//21
f 18//22 7//22 6//22
f 19//23 20//23 8//23
f 19//24 8//24 7//24
f 20//25 21//25 9//25
f 20//26 9//26 8//26
f 21//27 22//27 10//27
f 21//28 10//28 9//28
f 22//29 23//29 11//29
f 22//30 11//30 10//30
f 23//31 24//31 12//31
f 23//32 12//32 11//32
f 24//33 25//33 13//33
f 24//34 13//34 12//34
f 25//35 14//35 2//35
f 25//36 2//36 13//36
f 26//37 27//37 15//37
f 26//38 15//38 14//38
f 27//39 28//39 16//39
f 27//40 16//40 15//40
f 28//41 29//41 17//41
f 28//42 17//42 16//42
f 29//43 30//43 18//43
f 29//44 18//44 17//44
f 30//45 31//45 19//45
f 30//46 19//46 18//46
f 31//47 32//47 20//47
f 31//48 20//48 19//48
f 32//49 33//49 21//49
f 32//50 21//50 20//50
f 33//51 34//51 22//51
f 33//52 22//52 21//52
f 34//53 35//53 23//53
f 34//54 23//54 22//54
f 35//55 36//55 24//55
f 35//56 24//56 23//56
f 36//57 37//57 25//57
f 36//58 25//58 24//58
f 37//59 26//59 14//59
f 37//60 14//60 25//60
f 38//61 39//61 27//61
f 38//62 27//62 26//62
f 39//63 40//63 28//63
f 39//64 28//64 27//64
f 40//65 41//65 29//65
f 40//66 29//66 28//66
f 41//67 42//67 30//67
f 41//68 30//68 29//68
f 42//69 43//69 31//69
f 42//70 31//70 30//70
f 43//71 44//71 32//71
f 43//72 32//72 31//72
f 44//73 45//73 33//73
f 44//74 33//74 32//74
f 45//75 46//75 34//75
f 45//76 34//76 33//76
f 46//77 47//77 35//77
f 46//78 35//78 34//78
f 47//79 48//79 36//79
f 47//80 36//80 35//80
f 48//81 49//81 37//81
f 48//82 37//82 36//82
f 49//83 38//83 26//83
f 49//84 26//84 37//84
f 50//85 51//85 39//85
f 50//86 39//86 38//86
f 51//87 52//87 40//87
f 51//88 40//88 39//88
f 52//89 53//89 41//89
f 52//90 41//90 40//90
f 53//91 54//91 42//91
f 53//92 42//92 41//92
f 54//93 55//93 43//93
f 54//94 43//94 42//94
f 55//95 56//95 44//95
f 55//96 44//96 43//96
f 56//97 57//97 45//97
f 56//98 45//98 44//98
f 57//99 58//99 46//99
f 57//100 46//100 45//100
f 58//101 59//101 47//101
f 58//102 47//102 46//102
f 59//103 60//103 48//103
f 59//104 48//104 47//104
f 60//105 61//105 49//105
f 60//106 49//106 48//106
f 61//107 50//107 38//107
f 61//108 38//108 49//108
f 62//109 63//109 51//109
f 62//110 51//110 50//110
f 63//111 64//111 52//111
f 63//112 52//112 51//112
f 64//113 65//113 53//113
f 64//114 53//114 52//114
f 65//115 66//115 54//115
f 65//116 54//116 53//116
f 66//117 67//117 55//117
f 66//118 55//118 54//118
f 67//119 68//119 56//119
f 67//120 56//120 55//120
f 68//121 69//121 57//121
f 68//122 57//122 56//122
f 69//123 70//123 58//123
f 69//124 58//124 57//124
f 70//125 71//125 59//125
f 70//126 59//126 58//126
f 71//127 72//127 60//127
f 71//128 60//128 59//128
f 72//129 73//129 61//129
f 72//130 61//130 60//130
f 73//131 62//131 50//131
f 73//132 50//132 61//132
f 74//133 63//133 62//133
f 74//134 64//134 63//134
f 74//135 65//135 64//135
f 74//136 66//136 65//136
f 74//137 67//137 66//137
f 74//138 68//138 67//138
f 74//139 69//139 68//139
f 74//140 70//140 69//140
f 74//141 71//141 70//141
f 74//142 72//142 71//142
f 74//143 73//143 72//143
f 74//144 62//144 73//144
usemtl Mat_BlipFinalTrim
f 87//145 88//145 76//145
f 87//146 76//146 75//146
f 88//147 89//147 77//147
f 88//148 77//148 76//148
f 89//149 90//149 78//149
f 89//150 78//150 77//150
f 90//151 91//151 79//151
f 90//152 79//152 78//152
f 91//153 92//153 80//153
f 91//154 80//154 79//154
f 92//155 93//155 81//155
f 92//156 81//156 80//156
f 93//157 94//157 82//157
f 93//158 82//158 81//158
f 94//159 95//159 83//159
f 94//160 83//160 82//160
f 95//161 96//161 84//161
f 95//162 84//162 83//162
f 96//163 97//163 85//163
f 96//164 85//164 84//164
f 97//165 98//165 86//165
f 97//166 86//166 85//166
f 98//167 87//167 75//167
f 98//168 75//168 86//168
usemtl Mat_DarkMetal
f 106//169 105//169 104//169
f 106//170 104//170 103//170
f 103//171 104//171 100//171
f 103//172 100//172 99//172
f 104//173 105//173 101//173
f 104//174 101//174 100//174
f 105//175 106//175 102//175
f 105//176 102//176 101//176
f 106//177 103//177 99//177
f 106//178 99//178 102//178
f 100//179 101//179 102//179
f 100//180 102//180 99//180
usemtl Mat_BlipFinalTrim
f 119//181 120//181 108//181
f 119//182 108//182 107//182
f 120//183 121//183 109//183
f 120//184 109//184 108//184
f 121//185 122//185 110//185
f 121//186 110//186 109//186
f 122//187 123//187 111//187
f 122//188 111//188 110//188
f 123//189 124//189 112//189
f 123//190 112//190 111//190
f 124//191 125//191 113//191
f 124//192 113//192 112//192
f 125//193 126//193 114//193
f 125//194 114//194 113//194
f 126//195 127//195 115//195
f 126//196 115//196 114//196
f 127//197 128//197 116//197
f 127//198 116//198 115//198
f 128//199 129//199 117//199
f 128//200 117//200 116//200
f 129//201 130//201 118//201
f 129//202 118//202 117//202
f 130//203 119//203 107//203
f 130//204 107//204 118//204
f 130//205 129//205 128//205
f 130//206 128//206 127//206
f 130//207 127//207 126//207
f 130//208 126//208 125//208
f 130//209 125//209 124//209
f 130//210 124//210 123//210
f 130//211 123//211 122//211
f 130//212 122//212 121//212
f 130//213 121//213 120//213
f 130//214 120//214 119//214
f 107//215 108//215 109//215
f 107//216 109//216 110//216
f 107//217 110//217 111//217
f 107//218 111//218 112//218
f 107//219 112//219 113//219
f 107//220 113//220 114//220
f 107//221 114//221 115//221
f 107//222 115//222 116//222
f 107//223 116//223 117//223
f 107//224 117//224 118//224
usemtl Mat_NeonCyan
f 138//225 137//225 136//225
f 138//226 136//226 135//226
f 135//227 136//227 132//227
f 135//228 132//228 131//228
f 136//229 137//229 133//229
f 136//230 133//230 132//230
f 137//231 138//231 134//231
f 137//232 134//232 133//232
f 138//233 135//233 131//233
f 138//234 131//234 134//234
f 132//235 133//235 134//235
f 132//236 134//236 131//236
usemtl Mat_NeonGreen
f 146//237 145//237 144//237
f 146//238 144//238 143//238
f 143//239 144//239 140//239
f 143//240 140//240 139//240
f 144//241 145//241 141//241
f 144//242 141//242 140//242
f 145//243 146//243 142//243
f 145//244 142//244 141//244
f 146//245 143//245 139//245
f 146//246 139//246 142//246
f 140//247 141//247 142//247
f 140//248 142//248 139//248
usemtl Mat_NeonAmber
f 154//249 153//249 152//249
f 154//250 152//250 151//250
f 151//251 152//251 148//251
f 151//252 148//252 147//252
f 152//253 153//253 149//253
f 152//254 149//254 148//254
f 153//255 154//255 150//255
f 153//256 150//256 149//256
f 154//257 151//257 147//257
f 154//258 147//258 150//258
f 148//259 149//259 150//259
f 148//260 150//260 147//260
usemtl Mat_Chrome
f 161//261 162//261 156//261
f 161//262 156//262 155//262
f 162//263 163//263 157//263
f 162//264 157//264 156//264
f 163//265 164//265 158//265
f 163//266 158//266 157//266
f 164//267 165//267 159//267
f 164//268 159//268 158//268
f 165//269 166//269 160//269
f 165//270 160//270 159//270
f 166//271 161//271 155//271
f 166//272 155//272 160//272
f 166//273 165//273 164//273
f 166//274 164//274 163//274
f 166//275 163//275 162//275
f 166//276 162//276 161//276
f 155//277 156//277 157//277
f 155//278 157//278 158//278
f 155//279 158//279 159//279
f 155//280 159//280 160//280
f 173//281 174//281 168//281
f 173//282 168//282 167//282
f 174//283 175//283 169//283
f 174//284 169//284 168//284
f 175//285 176//285 170//285
f 175//286 170//286 169//286
f 176//287 177//287 171//287
f 176//288 171//288 170//288
f 177//289 178//289 172//289
f 177//290 172//290 171//290
f 178//291 173//291 167//291
f 178//292 167//292 172//292
f 178//293 177//293 176//293
f 178//294 176//294 175//294
f 178//295 175//295 174//295
f 178//296 174//296 173//296
f 167//297 168//297 169//297
f 167//298 169//298 170//298
f 167//299 170//299 171//299
f 167//300 171//300 172//300
usemtl Mat_BlipFinalTrim
f 187//301 188//301 180//301
f 187//302 180//302 179//302
f 188//303 189//303 181//303
f 188//304 181//304 180//304
f 189//305 190//305 182//305
f 189//306 182//306 181//306
f 190//307 191//307 183//307
f 190//308 183//308 182//308
f 191//309 192//309 184//309
f 191//310 184//310 183//310
f 192//311 193//311 185//311
f 192//312 185//312 184//312
f 193//313 194//313 186//313
f 193//314 186//314 185//314
f 194//315 187//315 179//315
f 194//316 179//316 186//316
f 194//317 193//317 192//317
f 194//318 192//318 191//318
f 194//319 191//319 190//319
f 194//320 190//320 189//320
f 194//321 189//321 188//321
f 194//322 188//322 187//322
f 179//323 180//323 181//323
f 179//324 181//324 182//324
f 179//325 182//325 183//325
f 179//326 183//326 184//326
f 179//327 184//327 185//327
f 179//328 185//328 186//328
usemtl Mat_Chrome
f 196//329 197//329 195//329
f 197//330 198//330 195//330
f 198//331 199//331 195//331
f 199//332 200//332 195//332
f 200//333 201//333 195//333
f 201//334 196//334 195//334
f 202//335 203//335 197//335
f 202//336 197//336 196//336
f 203//337 204//337 198//337
f 203//338 198//338 197//338
f 204//339 205//339 199//339
f 204//340 199//340 198//340
f 205//341 206//341 200//341
f 205//342 200//342 199//342
f 206//343 207//343 201//343
f 206//344 201//344 200//344
f 207//345 202//345 196//345
f 207//346 196//346 201//346
f 208//347 203//347 202//347
f 208//348 204//348 203//348
f 208//349 205//349 204//349
f 208//350 206//350 205//350
f 208//351 207//351 206//351
f 208//352 202//352 207//352
usemtl Mat_BlipFinalTrim
f 217//353 218//353 210//353
f 217//354 210//354 209//354
f 218//355 219//355 211//355
f 218//356 211//356 210//356
f 219//357 220//357 212//357
f 219//358 212//358 211//358
f 220//359 221//359 213//359
f 220//360 213//360 212//360
f 221//361 222//361 214//361
f 221//362 214//362 213//362
f 222//363 223//363 215//363
f 222//364 215//364 214//364
f 223//365 224//365 216//365
f 223//366 216//366 215//366
f 224//367 217//367 209//367
f 224//368 209//368 216//368
f 224//369 223//369 222//369
f 224//370 222//370 221//370
f 224//371 221//371 220//371
f 224//372 220//372 219//372
f 224//373 219//373 218//373
f 224//374 218//374 217//374
f 209//375 210//375 211//375
f 209//376 211//376 212//376
f 209//377 212//377 213//377
f 209//378 213//378 214//378
f 209//379 214//379 215//379
f 209//380 215//380 216//380
usemtl Mat_Chrome
f 226//381 227//381 225//381
f 227//382 228//382 225//382
f 228//383 229//383 225//383
f 229//384 230//384 225//384
f 230//385 231//385 225//385
f 231//386 226//386 225//386
f 232//387 233//387 227//387
f 232//388 227//388 226//388
f 233//389 234//389 228//389
f 233//390 228//390 227//390
f 234//391 235//391 229//391
f 234//392 229//392 228//392
f 235//393 236//393 230//393
f 235//394 230//394 229//394
f 236//395 237//395 231//395
f 236//396 231//396 230//396
f 237//397 232//397 226//397
f 237//398 226//398 231//398
f 238//399 233//399 232//399
f 238//400 234//400 233//400
f 238//401 235//401 234//401
f 238//402 236//402 235//402
f 238//403 237//403 236//403
f 238//404 232//404 237//404
usemtl Mat_DarkMetal
f 246//405 245//405 244//405
f 246//406 244//406 243//406
f 243//407 244//407 240//407
f 243//408 240//408 239//408
f 244//409 245//409 241//409
f 244//410 241//410 240//410
f 245//411 246//411 242//411
f 245//412 242//412 241//412
f 246//413 243//413 239//413
f 246//414 239//414 242//414
f 240//415 241//415 242//415
f 240//416 242//416 239//416
o Char_Player_BlipJr_Head
v 0.00000 0.87462 0.00000
v 0.12652 0.90494 0.00000
v 0.10957 0.90494 0.06326
v 0.06326 0.90494 0.10957
v 0.00000 0.90494 0.12652
v -0.06326 0.90494 0.10957
v -0.10957 0.90494 0.06326
v -0.12652 0.90494 0.00000
v -0.10957 0.90494 -0.06326
v -0.06326 0.90494 -0.10957
v -0.00000 0.90494 -0.12652
v 0.06326 0.90494 -0.10957
v 0.10957 0.90494 -0.06326
v 0.22798 0.98990 0.00000
v 0.19744 0.98990 0.11399
v 0.11399 0.98990 0.19744
v 0.00000 0.98990 0.22798
v -0.11399 0.98990 0.19744
v -0.19744 0.98990 0.11399
v -0.22798 0.98990 0.00000
v -0.19744 0.98990 -0.11399
v -0.11399 0.98990 -0.19744
v -0.00000 0.98990 -0.22798
v 0.11399 0.98990 -0.19744
v 0.19744 0.98990 -0.11399
v 0.28429 1.11267 0.00000
v 0.24620 1.11267 0.14214
v 0.14214 1.11267 0.24620
v 0.00000 1.11267 0.28429
v -0.14214 1.11267 0.24620
v -0.24620 1.11267 0.14214
v -0.28429 1.11267 0.00000
v -0.24620 1.11267 -0.14214
v -0.14214 1.11267 -0.24620
v -0.00000 1.11267 -0.28429
v 0.14214 1.11267 -0.24620
v 0.24620 1.11267 -0.14214
v 0.28429 1.24893 0.00000
v 0.24620 1.24893 0.14214
v 0.14214 1.24893 0.24620
v 0.00000 1.24893 0.28429
v -0.14214 1.24893 0.24620
v -0.24620 1.24893 0.14214
v -0.28429 1.24893 0.00000
v -0.24620 1.24893 -0.14214
v -0.14214 1.24893 -0.24620
v -0.00000 1.24893 -0.28429
v 0.14214 1.24893 -0.24620
v 0.24620 1.24893 -0.14214
v 0.22798 1.37170 0.00000
v 0.19744 1.37170 0.11399
v 0.11399 1.37170 0.19744
v 0.00000 1.37170 0.22798
v -0.11399 1.37170 0.19744
v -0.19744 1.37170 0.11399
v -0.22798 1.37170 0.00000
v -0.19744 1.37170 -0.11399
v -0.11399 1.37170 -0.19744
v -0.00000 1.37170 -0.22798
v 0.11399 1.37170 -0.19744
v 0.19744 1.37170 -0.11399
v 0.12652 1.45666 0.00000
v 0.10957 1.45666 0.06326
v 0.06326 1.45666 0.10957
v 0.00000 1.45666 0.12652
v -0.06326 1.45666 0.10957
v -0.10957 1.45666 0.06326
v -0.12652 1.45666 0.00000
v -0.10957 1.45666 -0.06326
v -0.06326 1.45666 -0.10957
v -0.00000 1.45666 -0.12652
v 0.06326 1.45666 -0.10957
v 0.10957 1.45666 -0.06326
v 0.00000 1.48698 0.00000
v 0.00000 0.88000 0.00000
v 0.07071 0.90929 0.00000
v 0.05000 0.90929 0.05000
v 0.00000 0.90929 0.07071
v -0.05000 0.90929 0.05000
v -0.07071 0.90929 0.00000
v -0.05000 0.90929 -0.05000
v -0.00000 0.90929 -0.07071
v 0.05000 0.90929 -0.05000
v 0.10000 0.98000 0.00000
v 0.07071 0.98000 0.07071
v 0.00000 0.98000 0.10000
v -0.07071 0.98000 0.07071
v -0.10000 0.98000 0.00000
v -0.07071 0.98000 -0.07071
v -0.00000 0.98000 -0.10000
v 0.07071 0.98000 -0.07071
v 0.07071 1.05071 0.00000
v 0.05000 1.05071 0.05000
v 0.00000 1.05071 0.07071
v -0.05000 1.05071 0.05000
v -0.07071 1.05071 0.00000
v -0.05000 1.05071 -0.05000
v -0.00000 1.05071 -0.07071
v 0.05000 1.05071 -0.05000
v 0.00000 1.08000 0.00000
v 0.00000 1.05400 0.16560
v 0.08500 1.07678 0.16560
v 0.06877 1.07678 0.21556
v 0.02627 1.07678 0.24644
v -0.02627 1.07678 0.24644
v -0.06877 1.07678 0.21556
v -0.08500 1.07678 0.16560
v -0.06877 1.07678 0.11564
v -0.02627 1.07678 0.08476
v 0.02627 1.07678 0.08476
v 0.06877 1.07678 0.11564
v 0.14722 1.13900 0.16560
v 0.11911 1.13900 0.25214
v 0.04549 1.13900 0.30562
v -0.04549 1.13900 0.30562
v -0.11911 1.13900 0.25214
v -0.14722 1.13900 0.16560
v -0.11911 1.13900 0.07906
v -0.04549 1.13900 0.02558
v 0.04549 1.13900 0.02558
v 0.11911 1.13900 0.07906
v 0.17000 1.22400 0.16560
v 0.13753 1.22400 0.26552
v 0.05253 1.22400 0.32728
v -0.05253 1.22400 0.32728
v -0.13753 1.22400 0.26552
v -0.17000 1.22400 0.16560
v -0.13753 1.22400 0.06568
v -0.05253 1.22400 0.00392
v 0.05253 1.22400 0.00392
v 0.13753 1.22400 0.06568
v 0.14722 1.30900 0.16560
v 0.11911 1.30900 0.25214
v 0.04549 1.30900 0.30562
v -0.04549 1.30900 0.30562
v -0.11911 1.30900 0.25214
v -0.14722 1.30900 0.16560
v -0.11911 1.30900 0.07906
v -0.04549 1.30900 0.02558
v 0.04549 1.30900 0.02558
v 0.11911 1.30900 0.07906
v 0.08500 1.37122 0.16560
v 0.06877 1.37122 0.21556
v 0.02627 1.37122 0.24644
v -0.02627 1.37122 0.24644
v -0.06877 1.37122 0.21556
v -0.08500 1.37122 0.16560
v -0.06877 1.37122 0.11564
v -0.02627 1.37122 0.08476
v 0.02627 1.37122 0.08476
v 0.06877 1.37122 0.11564
v 0.00000 1.39400 0.16560
v 0.10540 1.22060 0.32200
v 0.08527 1.15865 0.32200
v 0.03257 1.12036 0.32200
v -0.03257 1.12036 0.32200
v -0.08527 1.15865 0.32200
v -0.10540 1.22060 0.32200
v -0.08527 1.28255 0.32200
v -0.03257 1.32084 0.32200
v 0.03257 1.32084 0.32200
v 0.08527 1.28255 0.32200
v 0.10540 1.22060 0.34200
v 0.08527 1.15865 0.34200
v 0.03257 1.12036 0.34200
v -0.03257 1.12036 0.34200
v -0.08527 1.15865 0.34200
v -0.10540 1.22060 0.34200
v -0.08527 1.28255 0.34200
v -0.03257 1.32084 0.34200
v 0.03257 1.32084 0.34200
v 0.08527 1.28255 0.34200
v 0.07140 1.26650 0.32710
v 0.05440 1.23706 0.32710
v 0.02040 1.23706 0.32710
v 0.00340 1.26650 0.32710
v 0.02040 1.29594 0.32710
v 0.05440 1.29594 0.32710
v 0.07140 1.26650 0.35210
v 0.05440 1.23706 0.35210
v 0.02040 1.23706 0.35210
v 0.00340 1.26650 0.35210
v 0.02040 1.29594 0.35210
v 0.05440 1.29594 0.35210
v -0.01020 1.19000 0.32710
v -0.02077 1.17545 0.32710
v -0.03788 1.18101 0.32710
v -0.03788 1.19899 0.32710
v -0.02077 1.20455 0.32710
v -0.01020 1.19000 0.35210
v -0.02077 1.17545 0.35210
v -0.03788 1.18101 0.35210
v -0.03788 1.19899 0.35210
v -0.02077 1.20455 0.35210
v -0.09711 1.41509 0.18407
v -0.10167 1.41509 0.20623
v -0.09729 1.39291 0.20713
v -0.09273 1.39291 0.18497
v 0.00000 1.43507 0.20405
v 0.00000 1.43601 0.22715
v 0.00000 1.41293 0.22715
v 0.00000 1.41199 0.20405
v 0.09711 1.41509 0.18407
v 0.10167 1.41509 0.20623
v 0.09729 1.39291 0.20713
v 0.09273 1.39291 0.18497
v -0.05703 1.03226 0.24321
v -0.06282 1.03226 0.26508
v -0.07769 1.01567 0.26115
v -0.07190 1.01567 0.23927
v -0.03764 1.01365 0.24834
v -0.04342 1.01365 0.27022
v -0.05504 0.99393 0.26714
v -0.04925 0.99393 0.24527
v -0.01303 1.00446 0.25485
v -0.01606 1.00343 0.27745
v -0.01995 0.98083 0.27642
v -0.01692 0.98186 0.25382
v 0.01303 1.00446 0.25485
v 0.01606 1.00343 0.27745
v 0.01995 0.98083 0.27642
v 0.01692 0.98186 0.25382
v 0.03764 1.01365 0.24834
v 0.04342 1.01365 0.27022
v 0.05504 0.99393 0.26714
v 0.04925 0.99393 0.24527
v 0.05703 1.03226 0.24321
v 0.06282 1.03226 0.26508
v 0.07769 1.01567 0.26115
v 0.07190 1.01567 0.23927
v -0.11880 1.10400 0.23760
v -0.10680 1.11600 0.23760
v -0.11880 1.11600 0.24960
v -0.13080 1.11600 0.23760
v -0.11880 1.11600 0.22560
v -0.11880 1.12800 0.23760
v -0.15120 1.08400 0.23760
v -0.13920 1.09600 0.23760
v -0.15120 1.09600 0.24960
v -0.16320 1.09600 0.23760
v -0.15120 1.09600 0.22560
v -0.15120 1.10800 0.23760
v -0.18360 1.06400 0.23760
v -0.17160 1.07600 0.23760
v -0.18360 1.07600 0.24960
v -0.19560 1.07600 0.23760
v -0.18360 1.07600 0.22560
v -0.18360 1.08800 0.23760
v 0.11880 1.10400 0.23760
v 0.13080 1.11600 0.23760
v 0.11880 1.11600 0.24960
v 0.10680 1.11600 0.23760
v 0.11880 1.11600 0.22560
v 0.11880 1.12800 0.23760
v 0.15120 1.08400 0.23760
v 0.16320 1.09600 0.23760
v 0.15120 1.09600 0.24960
v 0.13920 1.09600 0.23760
v 0.15120 1.09600 0.22560
v 0.15120 1.10800 0.23760
v 0.18360 1.06400 0.23760
v 0.19560 1.07600 0.23760
v 0.18360 1.07600 0.24960
v 0.17160 1.07600 0.23760
v 0.18360 1.07600 0.22560
v 0.18360 1.08800 0.23760
v 0.01131 1.45080 0.01120
v 0.01131 1.45400 -0.01120
v -0.01131 1.45400 -0.01120
v -0.01131 1.45080 0.01120
v 0.01131 1.58746 0.03072
v 0.01131 1.59124 0.00841
v -0.01131 1.59734 0.00928
v -0.01131 1.59356 0.03159
v 0.06960 1.68461 0.05015
v 0.06990 1.68887 0.02793
v 0.05040 1.70019 0.02985
v 0.05010 1.69593 0.05207
v 0.06000 1.65740 0.04000
v 0.09031 1.67490 0.04000
v 0.07516 1.67490 0.06625
v 0.04484 1.67490 0.06625
v 0.02969 1.67490 0.04000
v 0.04484 1.67490 0.01375
v 0.07516 1.67490 0.01375
v 0.09031 1.70990 0.04000
v 0.07516 1.70990 0.06625
v 0.04484 1.70990 0.06625
v 0.02969 1.70990 0.04000
v 0.04484 1.70990 0.01375
v 0.07516 1.70990 0.01375
v 0.06000 1.72740 0.04000
v -0.29160 1.11080 0.00000
v -0.24830 1.13580 0.00000
v -0.26995 1.13580 0.01500
v -0.31325 1.13580 0.01500
v -0.33490 1.13580 0.00000
v -0.31325 1.13580 -0.01500
v -0.26995 1.13580 -0.01500
v -0.24830 1.18580 0.00000
v -0.26995 1.18580 0.01500
v -0.31325 1.18580 0.01500
v -0.33490 1.18580 0.00000
v -0.31325 1.18580 -0.01500
v -0.26995 1.18580 -0.01500
v -0.29160 1.21080 0.00000
v 0.29160 1.11080 0.00000
v 0.33490 1.13580 0.00000
v 0.31325 1.13580 0.01500
v 0.26995 1.13580 0.01500
v 0.24830 1.13580 0.00000
v 0.26995 1.13580 -0.01500
v 0.31325 1.13580 -0.01500
v 0.33490 1.18580 0.00000
v 0.31325 1.18580 0.01500
v 0.26995 1.18580 0.01500
v 0.24830 1.18580 0.00000
v 0.26995 1.18580 -0.01500
v 0.31325 1.18580 -0.01500
v 0.29160 1.21080 0.00000
v 0.26000 0.90000 0.00000
v 0.22517 0.90000 0.13000
v 0.13000 0.90000 0.22517
v 0.00000 0.90000 0.26000
v -0.13000 0.90000 0.22517
v -0.22517 0.90000 0.13000
v -0.26000 0.90000 0.00000
v -0.22517 0.90000 -0.13000
v -0.13000 0.90000 -0.22517
v -0.00000 0.90000 -0.26000
v 0.13000 0.90000 -0.22517
v 0.22517 0.90000 -0.13000
v 0.23000 0.97000 0.00000
v 0.19919 0.97000 0.11500
v 0.11500 0.97000 0.19919
v 0.00000 0.97000 0.23000
v -0.11500 0.97000 0.19919
v -0.19919 0.97000 0.11500
v -0.23000 0.97000 0.00000
v -0.19919 0.97000 -0.11500
v -0.11500 0.97000 -0.19919
v -0.00000 0.97000 -0.23000
v 0.11500 0.97000 -0.19919
v 0.19919 0.97000 -0.11500
v 0.26768 0.98768 0.00000
v 0.23232 0.98768 0.00000
v 0.23232 0.95232 0.00000
v 0.26768 0.95232 0.00000
v 0.23182 0.98768 0.13384
v 0.20120 0.98768 0.11616
v 0.20120 0.95232 0.11616
v 0.23182 0.95232 0.13384
v 0.13384 0.98768 0.23182
v 0.11616 0.98768 0.20120
v 0.11616 0.95232 0.20120
v 0.13384 0.95232 0.23182
v 0.00000 0.98768 0.26768
v 0.00000 0.98768 0.23232
v 0.00000 0.95232 0.23232
v 0.00000 0.95232 0.26768
v -0.13384 0.98768 0.23182
v -0.11616 0.98768 0.20120
v -0.11616 0.95232 0.20120
v -0.13384 0.95232 0.23182
v -0.23182 0.98768 0.13384
v -0.20120 0.98768 0.11616
v -0.20120 0.95232 0.11616
v -0.23182 0.95232 0.13384
v -0.26768 0.98768 0.00000
v -0.23232 0.98768 0.00000
v -0.23232 0.95232 0.00000
v -0.26768 0.95232 0.00000
v -0.23182 0.98768 -0.13384
v -0.20120 0.98768 -0.11616
v -0.20120 0.95232 -0.11616
v -0.23182 0.95232 -0.13384
v -0.13384 0.98768 -0.23182
v -0.11616 0.98768 -0.20120
v -0.11616 0.95232 -0.20120
v -0.13384 0.95232 -0.23182
v -0.00000 0.98768 -0.26768
v -0.00000 0.98768 -0.23232
v -0.00000 0.95232 -0.23232
v -0.00000 0.95232 -0.26768
v 0.13384 0.98768 -0.23182
v 0.11616 0.98768 -0.20120
v 0.11616 0.95232 -0.20120
v 0.13384 0.95232 -0.23182
v 0.23182 0.98768 -0.13384
v 0.20120 0.98768 -0.11616
v 0.20120 0.95232 -0.11616
v 0.23182 0.95232 -0.13384
v 0.00000 0.90350 0.00000
v 0.17458 0.93823 0.00000
v 0.15729 0.93823 0.07575
v 0.10885 0.93823 0.13649
v 0.03885 0.93823 0.17020
v -0.03885 0.93823 0.17020
v -0.10885 0.93823 0.13649
v -0.15729 0.93823 0.07575
v -0.17458 0.93823 0.00000
v -0.15729 0.93823 -0.07575
v -0.10885 0.93823 -0.13649
v -0.03885 0.93823 -0.17020
v 0.03885 0.93823 -0.17020
v 0.10885 0.93823 -0.13649
v 0.15729 0.93823 -0.07575
v 0.32258 1.03712 0.00000
v 0.29064 1.03712 0.13996
v 0.20113 1.03712 0.25220
v 0.07178 1.03712 0.31449
v -0.07178 1.03712 0.31449
v -0.20113 1.03712 0.25220
v -0.29064 1.03712 0.13996
v -0.32258 1.03712 0.00000
v -0.29064 1.03712 -0.13996
v -0.20113 1.03712 -0.25220
v -0.07178 1.03712 -0.31449
v 0.07178 1.03712 -0.31449
v 0.20113 1.03712 -0.25220
v 0.29064 1.03712 -0.13996
v 0.42147 1.18512 0.00000
v 0.37973 1.18512 0.18287
v 0.26278 1.18512 0.32952
v 0.09379 1.18512 0.41091
v -0.09379 1.18512 0.41091
v -0.26278 1.18512 0.32952
v -0.37973 1.18512 0.18287
v -0.42147 1.18512 0.00000
v -0.37973 1.18512 -0.18287
v -0.26278 1.18512 -0.32952
v -0.09379 1.18512 -0.41091
v 0.09379 1.18512 -0.41091
v 0.26278 1.18512 -0.32952
v 0.37973 1.18512 -0.18287
v 0.45620 1.35970 0.00000
v 0.41102 1.35970 0.19794
v 0.28444 1.35970 0.35667
v 0.10151 1.35970 0.44476
v -0.10151 1.35970 0.44476
v -0.28444 1.35970 0.35667
v -0.41102 1.35970 0.19794
v -0.45620 1.35970 0.00000
v -0.41102 1.35970 -0.19794
v -0.28444 1.35970 -0.35667
v -0.10151 1.35970 -0.44476
v 0.10151 1.35970 -0.44476
v 0.28444 1.35970 -0.35667
v 0.41102 1.35970 -0.19794
v 0.42147 1.53428 0.00000
v 0.37973 1.53428 0.18287
v 0.26278 1.53428 0.32952
v 0.09379 1.53428 0.41091
v -0.09379 1.53428 0.41091
v -0.26278 1.53428 0.32952
v -0.37973 1.53428 0.18287
v -0.42147 1.53428 0.00000
v -0.37973 1.53428 -0.18287
v -0.26278 1.53428 -0.32952
v -0.09379 1.53428 -0.41091
v 0.09379 1.53428 -0.41091
v 0.26278 1.53428 -0.32952
v 0.37973 1.53428 -0.18287
v 0.32258 1.68229 0.00000
v 0.29064 1.68229 0.13996
v 0.20113 1.68229 0.25220
v 0.07178 1.68229 0.31449
v -0.07178 1.68229 0.31449
v -0.20113 1.68229 0.25220
v -0.29064 1.68229 0.13996
v -0.32258 1.68229 0.00000
v -0.29064 1.68229 -0.13996
v -0.20113 1.68229 -0.25220
v -0.07178 1.68229 -0.31449
v 0.07178 1.68229 -0.31449
v 0.20113 1.68229 -0.25220
v 0.29064 1.68229 -0.13996
v 0.17458 1.78118 0.00000
v 0.15729 1.78118 0.07575
v 0.10885 1.78118 0.13649
v 0.03885 1.78118 0.17020
v -0.03885 1.78118 0.17020
v -0.10885 1.78118 0.13649
v -0.15729 1.78118 0.07575
v -0.17458 1.78118 0.00000
v -0.15729 1.78118 -0.07575
v -0.10885 1.78118 -0.13649
v -0.03885 1.78118 -0.17020
v 0.03885 1.78118 -0.17020
v 0.10885 1.78118 -0.13649
v 0.15729 1.78118 -0.07575
v 0.00000 1.81590 0.00000
vn 0.2326 -0.9706 0.0623
vn 0.1703 -0.9706 0.1703
vn 0.0623 -0.9706 0.2326
vn -0.0623 -0.9706 0.2326
vn -0.1703 -0.9706 0.1703
vn -0.2326 -0.9706 0.0623
vn -0.2326 -0.9706 -0.0623
vn -0.1703 -0.9706 -0.1703
vn -0.0623 -0.9706 -0.2326
vn 0.0623 -0.9706 -0.2326
vn 0.1703 -0.9706 -0.1703
vn 0.2326 -0.9706 -0.0623
vn 0.6327 -0.7556 0.1695
vn 0.6327 -0.7556 0.1695
vn 0.4632 -0.7556 0.4632
vn 0.4632 -0.7556 0.4632
vn 0.1695 -0.7556 0.6327
vn 0.1695 -0.7556 0.6327
vn -0.1695 -0.7556 0.6327
vn -0.1695 -0.7556 0.6327
vn -0.4632 -0.7556 0.4632
vn -0.4632 -0.7556 0.4632
vn -0.6327 -0.7556 0.1695
vn -0.6327 -0.7556 0.1695
vn -0.6327 -0.7556 -0.1695
vn -0.6327 -0.7556 -0.1695
vn -0.4632 -0.7556 -0.4632
vn -0.4632 -0.7556 -0.4632
vn -0.1695 -0.7556 -0.6327
vn -0.1695 -0.7556 -0.6327
vn 0.1695 -0.7556 -0.6327
vn 0.1695 -0.7556 -0.6327
vn 0.4632 -0.7556 -0.4632
vn 0.4632 -0.7556 -0.4632
vn 0.6327 -0.7556 -0.1695
vn 0.6327 -0.7556 -0.1695
vn 0.8831 -0.4050 0.2366
vn 0.8831 -0.4050 0.2366
vn 0.6465 -0.4050 0.6465
vn 0.6465 -0.4050 0.6465
vn 0.2366 -0.4050 0.8831
vn 0.2366 -0.4050 0.8831
vn -0.2366 -0.4050 0.8831
vn -0.2366 -0.4050 0.8831
vn -0.6465 -0.4050 0.6465
vn -0.6465 -0.4050 0.6465
vn -0.8831 -0.4050 0.2366
vn -0.8831 -0.4050 0.2366
vn -0.8831 -0.4050 -0.2366
vn -0.8831 -0.4050 -0.2366
vn -0.6465 -0.4050 -0.6465
vn -0.6465 -0.4050 -0.6465
vn -0.2366 -0.4050 -0.8831
vn -0.2366 -0.4050 -0.8831
vn 0.2366 -0.4050 -0.8831
vn 0.2366 -0.4050 -0.8831
vn 0.6465 -0.4050 -0.6465
vn 0.6465 -0.4050 -0.6465
vn 0.8831 -0.4050 -0.2366
vn 0.8831 -0.4050 -0.2366
vn 0.9659 0.0000 0.2588
vn 0.9659 0.0000 0.2588
vn 0.7071 0.0000 0.7071
vn 0.7071 0.0000 0.7071
vn 0.2588 0.0000 0.9659
vn 0.2588 0.0000 0.9659
vn -0.2588 0.0000 0.9659
vn -0.2588 0.0000 0.9659
vn -0.7071 0.0000 0.7071
vn -0.7071 0.0000 0.7071
vn -0.9659 0.0000 0.2588
vn -0.9659 0.0000 0.2588
vn -0.9659 0.0000 -0.2588
vn -0.9659 -0.0000 -0.2588
vn -0.7071 0.0000 -0.7071
vn -0.7071 -0.0000 -0.7071
vn -0.2588 0.0000 -0.9659
vn -0.2588 -0.0000 -0.9659
vn 0.2588 0.0000 -0.9659
vn 0.2588 0.0000 -0.9659
vn 0.7071 0.0000 -0.7071
vn 0.7071 0.0000 -0.7071
vn 0.9659 0.0000 -0.2588
vn 0.9659 0.0000 -0.2588
vn 0.8831 0.4050 0.2366
vn 0.8831 0.4050 0.2366
vn 0.6465 0.4050 0.6465
vn 0.6465 0.4050 0.6465
vn 0.2366 0.4050 0.8831
vn 0.2366 0.4050 0.8831
vn -0.2366 0.4050 0.8831
vn -0.2366 0.4050 0.8831
vn -0.6465 0.4050 0.6465
vn -0.6465 0.4050 0.6465
vn -0.8831 0.4050 0.2366
vn -0.8831 0.4050 0.2366
vn -0.8831 0.4050 -0.2366
vn -0.8831 0.4050 -0.2366
vn -0.6465 0.4050 -0.6465
vn -0.6465 0.4050 -0.6465
vn -0.2366 0.4050 -0.8831
vn -0.2366 0.4050 -0.8831
vn 0.2366 0.4050 -0.8831
vn 0.2366 0.4050 -0.8831
vn 0.6465 0.4050 -0.6465
vn 0.6465 0.4050 -0.6465
vn 0.8831 0.4050 -0.2366
vn 0.8831 0.4050 -0.2366
vn 0.6327 0.7556 0.1695
vn 0.6327 0.7556 0.1695
vn 0.4632 0.7556 0.4632
vn 0.4632 0.7556 0.4632
vn 0.1695 0.7556 0.6327
vn 0.1695 0.7556 0.6327
vn -0.1695 0.7556 0.6327
vn -0.1695 0.7556 0.6327
vn -0.4632 0.7556 0.4632
vn -0.4632 0.7556 0.4632
vn -0.6327 0.7556 0.1695
vn -0.6327 0.7556 0.1695
vn -0.6327 0.7556 -0.1695
vn -0.6327 0.7556 -0.1695
vn -0.4632 0.7556 -0.4632
vn -0.4632 0.7556 -0.4632
vn -0.1695 0.7556 -0.6327
vn -0.1695 0.7556 -0.6327
vn 0.1695 0.7556 -0.6327
vn 0.1695 0.7556 -0.6327
vn 0.4632 0.7556 -0.4632
vn 0.4632 0.7556 -0.4632
vn 0.6327 0.7556 -0.1695
vn 0.6327 0.7556 -0.1695
vn 0.2326 0.9706 0.0623
vn 0.1703 0.9706 0.1703
vn 0.0623 0.9706 0.2326
vn -0.0623 0.9706 0.2326
vn -0.1703 0.9706 0.1703
vn -0.2326 0.9706 0.0623
vn -0.2326 0.9706 -0.0623
vn -0.1703 0.9706 -0.1703
vn -0.0623 0.9706 -0.2326
vn 0.0623 0.9706 -0.2326
vn 0.1703 0.9706 -0.1703
vn 0.2326 0.9706 -0.0623
vn 0.3780 -0.9125 0.1566
vn 0.1566 -0.9125 0.3780
vn -0.1566 -0.9125 0.3780
vn -0.3780 -0.9125 0.1566
vn -0.3780 -0.9125 -0.1566
vn -0.1566 -0.9125 -0.3780
vn 0.1566 -0.9125 -0.3780
vn 0.3780 -0.9125 -0.1566
vn 0.8629 -0.3574 0.3574
vn 0.8629 -0.3574 0.3574
vn 0.3574 -0.3574 0.8629
vn 0.3574 -0.3574 0.8629
vn -0.3574 -0.3574 0.8629
vn -0.3574 -0.3574 0.8629
vn -0.8629 -0.3574 0.3574
vn -0.8629 -0.3574 0.3574
vn -0.8629 -0.3574 -0.3574
vn -0.8629 -0.3574 -0.3574
vn -0.3574 -0.3574 -0.8629
vn -0.3574 -0.3574 -0.8629
vn 0.3574 -0.3574 -0.8629
vn 0.3574 -0.3574 -0.8629
vn 0.8629 -0.3574 -0.3574
vn 0.8629 -0.3574 -0.3574
vn 0.8629 0.3574 0.3574
vn 0.8629 0.3574 0.3574
vn 0.3574 0.3574 0.8629
vn 0.3574 0.3574 0.8629
vn -0.3574 0.3574 0.8629
vn -0.3574 0.3574 0.8629
vn -0.8629 0.3574 0.3574
vn -0.8629 0.3574 0.3574
vn -0.8629 0.3574 -0.3574
vn -0.8629 0.3574 -0.3574
vn -0.3574 0.3574 -0.8629
vn -0.3574 0.3574 -0.8629
vn 0.3574 0.3574 -0.8629
vn 0.3574 0.3574 -0.8629
vn 0.8629 0.3574 -0.3574
vn 0.8629 0.3574 -0.3574
vn 0.3780 0.9125 0.1566
vn 0.1566 0.9125 0.3780
vn -0.1566 0.9125 0.3780
vn -0.3780 0.9125 0.1566
vn -0.3780 0.9125 -0.1566
vn -0.1566 0.9125 -0.3780
vn 0.1566 0.9125 -0.3780
vn 0.3780 0.9125 -0.1566
vn 0.2579 -0.9625 0.0838
vn 0.1594 -0.9625 0.2194
vn 0.0000 -0.9625 0.2712
vn -0.1594 -0.9625 0.2194
vn -0.2579 -0.9625 0.0838
vn -0.2579 -0.9625 -0.0838
vn -0.1594 -0.9625 -0.2194
vn 0.0000 -0.9625 -0.2712
vn 0.1594 -0.9625 -0.2194
vn 0.2579 -0.9625 -0.0838
vn 0.6892 -0.6892 0.2239
vn 0.6892 -0.6892 0.2239
vn 0.4259 -0.6892 0.5862
vn 0.4259 -0.6892 0.5862
vn 0.0000 -0.6892 0.7246
vn 0.0000 -0.6892 0.7246
vn -0.4259 -0.6892 0.5862
vn -0.4259 -0.6892 0.5862
vn -0.6892 -0.6892 0.2239
vn -0.6892 -0.6892 0.2239
vn -0.6892 -0.6892 -0.2239
vn -0.6892 -0.6892 -0.2239
vn -0.4259 -0.6892 -0.5862
vn -0.4259 -0.6892 -0.5862
vn 0.0000 -0.6892 -0.7246
vn 0.0000 -0.6892 -0.7246
vn 0.4259 -0.6892 -0.5862
vn 0.4259 -0.6892 -0.5862
vn 0.6892 -0.6892 -0.2239
vn 0.6892 -0.6892 -0.2239
vn 0.9216 -0.2469 0.2994
vn 0.9216 -0.2469 0.2994
vn 0.5696 -0.2469 0.7840
vn 0.5696 -0.2469 0.7840
vn 0.0000 -0.2469 0.9690
vn 0.0000 -0.2469 0.9690
vn -0.5696 -0.2469 0.7840
vn -0.5696 -0.2469 0.7840
vn -0.9216 -0.2469 0.2994
vn -0.9216 -0.2469 0.2994
vn -0.9216 -0.2469 -0.2994
vn -0.9216 -0.2469 -0.2994
vn -0.5696 -0.2469 -0.7840
vn -0.5696 -0.2469 -0.7840
vn 0.0000 -0.2469 -0.9690
vn 0.0000 -0.2469 -0.9690
vn 0.5696 -0.2469 -0.7840
vn 0.5696 -0.2469 -0.7840
vn 0.9216 -0.2469 -0.2994
vn 0.9216 -0.2469 -0.2994
vn 0.9216 0.2469 0.2994
vn 0.9216 0.2469 0.2994
vn 0.5696 0.2469 0.7840
vn 0.5696 0.2469 0.7840
vn 0.0000 0.2469 0.9690
vn 0.0000 0.2469 0.9690
vn -0.5696 0.2469 0.7840
vn -0.5696 0.2469 0.7840
vn -0.9216 0.2469 0.2994
vn -0.9216 0.2469 0.2994
vn -0.9216 0.2469 -0.2994
vn -0.9216 0.2469 -0.2994
vn -0.5696 0.2469 -0.7840
vn -0.5696 0.2469 -0.7840
vn 0.0000 0.2469 -0.9690
vn 0.0000 0.2469 -0.9690
vn 0.5696 0.2469 -0.7840
vn 0.5696 0.2469 -0.7840
vn 0.9216 0.2469 -0.2994
vn 0.9216 0.2469 -0.2994
vn 0.6892 0.6892 0.2239
vn 0.6892 0.6892 0.2239
vn 0.4259 0.6892 0.5862
vn 0.4259 0.6892 0.5862
vn 0.0000 0.6892 0.7246
vn 0.0000 0.6892 0.7246
vn -0.4259 0.6892 0.5862
vn -0.4259 0.6892 0.5862
vn -0.6892 0.6892 0.2239
vn -0.6892 0.6892 0.2239
vn -0.6892 0.6892 -0.2239
vn -0.6892 0.6892 -0.2239
vn -0.4259 0.6892 -0.5862
vn -0.4259 0.6892 -0.5862
vn 0.0000 0.6892 -0.7246
vn 0.0000 0.6892 -0.7246
vn 0.4259 0.6892 -0.5862
vn 0.4259 0.6892 -0.5862
vn 0.6892 0.6892 -0.2239
vn 0.6892 0.6892 -0.2239
vn 0.2579 0.9625 0.0838
vn 0.1594 0.9625 0.2194
vn 0.0000 0.9625 0.2712
vn -0.1594 0.9625 0.2194
vn -0.2579 0.9625 0.0838
vn -0.2579 0.9625 -0.0838
vn -0.1594 0.9625 -0.2194
vn 0.0000 0.9625 -0.2712
vn 0.1594 0.9625 -0.2194
vn 0.2579 0.9625 -0.0838
vn 0.9511 -0.3090 0.0000
vn 0.9511 -0.3090 0.0000
vn 0.5878 -0.8090 0.0000
vn 0.5878 -0.8090 0.0000
vn -0.0000 -1.0000 0.0000
vn 0.0000 -1.0000 -0.0000
vn -0.5878 -0.8090 0.0000
vn -0.5878 -0.8090 -0.0000
vn -0.9511 -0.3090 0.0000
vn -0.9511 -0.3090 -0.0000
vn -0.9511 0.3090 0.0000
vn -0.9511 0.3090 0.0000
vn -0.5878 0.8090 0.0000
vn -0.5878 0.8090 0.0000
vn -0.0000 1.0000 0.0000
vn 0.0000 1.0000 0.0000
vn 0.5878 0.8090 0.0000
vn 0.5878 0.8090 0.0000
vn 0.9511 0.3090 0.0000
vn 0.9511 0.3090 0.0000
vn 0.0000 0.0000 1.0000
vn 0.0000 0.0000 1.0000
vn 0.0000 0.0000 1.0000
vn 0.0000 0.0000 1.0000
vn -0.0000 0.0000 1.0000
vn 0.0000 0.0000 1.0000
vn 0.0000 0.0000 1.0000
vn 0.0000 0.0000 1.0000
vn 0.8660 -0.5000 0.0000
vn 0.8660 -0.5000 0.0000
vn -0.0000 -1.0000 0.0000
vn 0.0000 -1.0000 -0.0000
vn -0.8660 -0.5000 0.0000
vn -0.8660 -0.5000 -0.0000
vn -0.8660 0.5000 0.0000
vn -0.8660 0.5000 0.0000
vn -0.0000 1.0000 0.0000
vn 0.0000 1.0000 0.0000
vn 0.8660 0.5000 0.0000
vn 0.8660 0.5000 0.0000
vn 0.0000 0.0000 1.0000
vn 0.0000 0.0000 1.0000
vn 0.0000 0.0000 1.0000
vn 0.0000 0.0000 1.0000
vn 0.8090 -0.5878 0.0000
vn 0.8090 -0.5878 0.0000
vn -0.3090 -0.9511 0.0000
vn -0.3090 -0.9511 -0.0000
vn -1.0000 0.0000 0.0000
vn -1.0000 0.0000 0.0000
vn -0.3090 0.9511 0.0000
vn -0.3090 0.9511 0.0000
vn 0.8090 0.5878 0.0000
vn 0.8090 0.5878 0.0000
vn 0.0000 0.0000 1.0000
vn 0.0000 0.0000 1.0000
vn 0.0000 0.0000 1.0000
vn -0.1935 0.9803 -0.0398
vn -0.1935 0.9803 -0.0398
vn -0.2015 -0.0000 0.9795
vn -0.2015 0.0000 0.9795
vn 0.1935 -0.9803 0.0398
vn 0.1935 -0.9803 0.0398
vn 0.2015 -0.0000 -0.9795
vn 0.2015 0.0000 -0.9795
vn 0.1935 0.9803 -0.0398
vn 0.1935 0.9803 -0.0398
vn 0.2015 0.0000 0.9795
vn 0.2015 -0.0000 0.9795
vn -0.1935 -0.9803 0.0398
vn -0.1935 -0.9803 0.0398
vn -0.2015 0.0000 -0.9795
vn -0.2015 -0.0000 -0.9795
vn -0.9602 -0.1976 -0.1976
vn -0.9602 -0.1976 -0.1976
vn 0.9602 -0.1976 -0.1976
vn 0.9602 -0.1976 -0.1976
vn 0.6574 0.7332 0.1739
vn 0.6574 0.7332 0.1739
vn -0.2558 -0.0000 0.9667
vn -0.2558 0.0000 0.9667
vn -0.6574 -0.7332 -0.1739
vn -0.6574 -0.7332 -0.1739
vn 0.2558 -0.0000 -0.9667
vn 0.2558 -0.0000 -0.9667
vn 0.3283 0.9406 0.0869
vn 0.3283 0.9406 0.0869
vn -0.2558 0.0000 0.9667
vn -0.2558 -0.0000 0.9667
vn -0.3283 -0.9406 -0.0869
vn -0.3283 -0.9406 -0.0869
vn 0.2558 0.0000 -0.9667
vn 0.2558 0.0000 -0.9667
vn 0.0000 0.9990 0.0455
vn -0.0000 0.9990 0.0455
vn 0.0000 -0.0455 0.9990
vn 0.0000 -0.0455 0.9990
vn 0.0000 -0.9990 -0.0455
vn 0.0000 -0.9990 -0.0455
vn 0.0000 0.0455 -0.9990
vn 0.0000 0.0455 -0.9990
vn -0.3283 0.9406 0.0869
vn -0.3283 0.9406 0.0869
vn 0.2558 -0.0000 0.9667
vn 0.2558 0.0000 0.9667
vn 0.3283 -0.9406 -0.0869
vn 0.3283 -0.9406 -0.0869
vn -0.2558 0.0000 -0.9667
vn -0.2558 0.0000 -0.9667
vn -0.6574 0.7332 0.1739
vn -0.6574 0.7332 0.1739
vn 0.2558 0.0000 0.9667
vn 0.2558 -0.0000 0.9667
vn 0.6574 -0.7332 -0.1739
vn 0.6574 -0.7332 -0.1739
vn -0.2558 0.0000 -0.9667
vn -0.2558 0.0000 -0.9667
vn -0.7088 0.6800 -0.1875
vn -0.7088 0.6800 -0.1875
vn 0.7088 0.6800 -0.1875
vn 0.7088 0.6800 -0.1875
vn 0.5774 -0.5774 0.5774
vn -0.5774 -0.5774 0.5774
vn -0.5774 -0.5774 -0.5774
vn 0.5774 -0.5774 -0.5774
vn 0.5774 0.5774 0.5774
vn -0.5774 0.5774 0.5774
vn -0.5774 0.5774 -0.5774
vn 0.5774 0.5774 -0.5774
vn 0.5774 -0.5774 0.5774
vn -0.5774 -0.5774 0.5774
vn -0.5774 -0.5774 -0.5774
vn 0.5774 -0.5774 -0.5774
vn 0.5774 0.5774 0.5774
vn -0.5774 0.5774 0.5774
vn -0.5774 0.5774 -0.5774
vn 0.5774 0.5774 -0.5774
vn 0.5774 -0.5774 0.5774
vn -0.5774 -0.5774 0.5774
vn -0.5774 -0.5774 -0.5774
vn 0.5774 -0.5774 -0.5774
vn 0.5774 0.5774 0.5774
vn -0.5774 0.5774 0.5774
vn -0.5774 0.5774 -0.5774
vn 0.5774 0.5774 -0.5774
vn 0.5774 -0.5774 0.5774
vn -0.5774 -0.5774 0.5774
vn -0.5774 -0.5774 -0.5774
vn 0.5774 -0.5774 -0.5774
vn 0.5774 0.5774 0.5774
vn -0.5774 0.5774 0.5774
vn -0.5774 0.5774 -0.5774
vn 0.5774 0.5774 -0.5774
vn 0.5774 -0.5774 0.5774
vn -0.5774 -0.5774 0.5774
vn -0.5774 -0.5774 -0.5774
vn 0.5774 -0.5774 -0.5774
vn 0.5774 0.5774 0.5774
vn -0.5774 0.5774 0.5774
vn -0.5774 0.5774 -0.5774
vn 0.5774 0.5774 -0.5774
vn 0.5774 -0.5774 0.5774
vn -0.5774 -0.5774 0.5774
vn -0.5774 -0.5774 -0.5774
vn 0.5774 -0.5774 -0.5774
vn 0.5774 0.5774 0.5774
vn -0.5774 0.5774 0.5774
vn -0.5774 0.5774 -0.5774
vn 0.5774 0.5774 -0.5774
vn 1.0000 -0.0000 0.0000
vn 1.0000 -0.0000 0.0000
vn 0.0000 0.1414 -0.9899
vn -0.0000 0.1414 -0.9899
vn -1.0000 0.0000 -0.0000
vn -1.0000 0.0000 -0.0000
vn -0.0000 -0.1414 0.9899
vn -0.0000 -0.1414 0.9899
vn 0.8618 -0.5002 -0.0846
vn 0.8618 -0.5002 -0.0846
vn 0.0130 0.1886 -0.9820
vn 0.0130 0.1886 -0.9820
vn -0.8618 0.5002 0.0846
vn -0.8618 0.5002 0.0846
vn -0.0130 -0.1886 0.9820
vn -0.0130 -0.1886 0.9820
vn 0.0000 -0.9899 -0.1414
vn 0.0000 -0.9899 -0.1414
vn 0.5071 0.8452 0.1690
vn 0.5071 0.8452 0.1690
vn 0.4804 -0.8321 0.2774
vn 0.0000 -0.8321 0.5547
vn -0.4804 -0.8321 0.2774
vn -0.4804 -0.8321 -0.2774
vn -0.0000 -0.8321 -0.5547
vn 0.4804 -0.8321 -0.2774
vn 0.8660 0.0000 0.5000
vn 0.8660 0.0000 0.5000
vn 0.0000 0.0000 1.0000
vn 0.0000 0.0000 1.0000
vn -0.8660 -0.0000 0.5000
vn -0.8660 -0.0000 0.5000
vn -0.8660 -0.0000 -0.5000
vn -0.8660 -0.0000 -0.5000
vn -0.0000 -0.0000 -1.0000
vn -0.0000 -0.0000 -1.0000
vn 0.8660 0.0000 -0.5000
vn 0.8660 -0.0000 -0.5000
vn 0.4804 0.8321 0.2774
vn 0.0000 0.8321 0.5547
vn -0.4804 0.8321 0.2774
vn -0.4804 0.8321 -0.2774
vn -0.0000 0.8321 -0.5547
vn 0.4804 0.8321 -0.2774
vn 0.4054 -0.7022 0.5852
vn 0.0000 -0.5145 0.8575
vn -0.4054 -0.7022 0.5852
vn -0.4054 -0.7022 -0.5852
vn -0.0000 -0.5145 -0.8575
vn 0.4054 -0.7022 -0.5852
vn 0.5695 -0.0000 0.8220
vn 0.5695 -0.0000 0.8220
vn 0.0000 0.0000 1.0000
vn 0.0000 -0.0000 1.0000
vn -0.5695 0.0000 0.8220
vn -0.5695 0.0000 0.8220
vn -0.5695 0.0000 -0.8220
vn -0.5695 -0.0000 -0.8220
vn -0.0000 -0.0000 -1.0000
vn -0.0000 -0.0000 -1.0000
vn 0.5695 -0.0000 -0.8220
vn 0.5695 -0.0000 -0.8220
vn 0.4054 0.7022 0.5852
vn 0.0000 0.5145 0.8575
vn -0.4054 0.7022 0.5852
vn -0.4054 0.7022 -0.5852
vn -0.0000 0.5145 -0.8575
vn 0.4054 0.7022 -0.5852
vn 0.4054 -0.7022 0.5852
vn 0.0000 -0.5145 0.8575
vn -0.4054 -0.7022 0.5852
vn -0.4054 -0.7022 -0.5852
vn -0.0000 -0.5145 -0.8575
vn 0.4054 -0.7022 -0.5852
vn 0.5695 -0.0000 0.8220
vn 0.5695 0.0000 0.8220
vn 0.0000 0.0000 1.0000
vn 0.0000 -0.0000 1.0000
vn -0.5695 -0.0000 0.8220
vn -0.5695 0.0000 0.8220
vn -0.5695 0.0000 -0.8220
vn -0.5695 -0.0000 -0.8220
vn -0.0000 -0.0000 -1.0000
vn -0.0000 -0.0000 -1.0000
vn 0.5695 0.0000 -0.8220
vn 0.5695 -0.0000 -0.8220
vn 0.4054 0.7022 0.5852
vn 0.0000 0.5145 0.8575
vn -0.4054 0.7022 0.5852
vn -0.4054 0.7022 -0.5852
vn -0.0000 0.5145 -0.8575
vn 0.4054 0.7022 -0.5852
vn 0.8925 0.3825 0.2391
vn 0.8925 0.3825 0.2391
vn 0.6533 0.3825 0.6533
vn 0.6533 0.3825 0.6533
vn 0.2391 0.3825 0.8925
vn 0.2391 0.3825 0.8925
vn -0.2391 0.3825 0.8925
vn -0.2391 0.3825 0.8925
vn -0.6533 0.3825 0.6533
vn -0.6533 0.3825 0.6533
vn -0.8925 0.3825 0.2391
vn -0.8925 0.3825 0.2391
vn -0.8925 0.3825 -0.2391
vn -0.8925 0.3825 -0.2391
vn -0.6533 0.3825 -0.6533
vn -0.6533 0.3825 -0.6533
vn -0.2391 0.3825 -0.8925
vn -0.2391 0.3825 -0.8925
vn 0.2391 0.3825 -0.8925
vn 0.2391 0.3825 -0.8925
vn 0.6533 0.3825 -0.6533
vn 0.6533 0.3825 -0.6533
vn 0.8925 0.3825 -0.2391
vn 0.8925 0.3825 -0.2391
vn 0.0000 1.0000 0.0000
vn 0.0000 1.0000 0.0000
vn 0.0000 1.0000 0.0000
vn 0.0000 1.0000 0.0000
vn 0.0000 1.0000 0.0000
vn 0.0000 1.0000 0.0000
vn 0.0000 1.0000 0.0000
vn 0.0000 1.0000 0.0000
vn 0.0000 1.0000 -0.0000
vn 0.0000 1.0000 0.0000
vn 0.0000 -1.0000 0.0000
vn 0.0000 -1.0000 0.0000
vn 0.0000 -1.0000 0.0000
vn 0.0000 -1.0000 0.0000
vn 0.0000 -1.0000 0.0000
vn -0.0000 -1.0000 0.0000
vn 0.0000 -1.0000 0.0000
vn 0.0000 -1.0000 0.0000
vn 0.0000 -1.0000 0.0000
vn 0.0000 -1.0000 0.0000
vn 0.0000 1.0000 0.0000
vn 0.0000 1.0000 0.0000
vn -0.9659 -0.0000 -0.2588
vn -0.9659 0.0000 -0.2588
vn 0.0000 -1.0000 0.0000
vn 0.0000 -1.0000 0.0000
vn 0.9659 -0.0000 0.2588
vn 0.9659 0.0000 0.2588
vn 0.0000 1.0000 0.0000
vn 0.0000 1.0000 0.0000
vn -0.7071 -0.0000 -0.7071
vn -0.7071 0.0000 -0.7071
vn 0.0000 -1.0000 0.0000
vn 0.0000 -1.0000 0.0000
vn 0.7071 -0.0000 0.7071
vn 0.7071 0.0000 0.7071
vn 0.0000 1.0000 0.0000
vn 0.0000 1.0000 0.0000
vn -0.2588 -0.0000 -0.9659
vn -0.2588 0.0000 -0.9659
vn 0.0000 -1.0000 0.0000
vn 0.0000 -1.0000 0.0000
vn 0.2588 -0.0000 0.9659
vn 0.2588 0.0000 0.9659
vn 0.0000 1.0000 0.0000
vn 0.0000 1.0000 0.0000
vn 0.2588 0.0000 -0.9659
vn 0.2588 0.0000 -0.9659
vn -0.0000 -1.0000 0.0000
vn 0.0000 -1.0000 0.0000
vn -0.2588 0.0000 0.9659
vn -0.2588 0.0000 0.9659
vn 0.0000 1.0000 0.0000
vn 0.0000 1.0000 0.0000
vn 0.7071 0.0000 -0.7071
vn 0.7071 0.0000 -0.7071
vn -0.0000 -1.0000 0.0000
vn 0.0000 -1.0000 0.0000
vn -0.7071 0.0000 0.7071
vn -0.7071 0.0000 0.7071
vn 0.0000 1.0000 0.0000
vn 0.0000 1.0000 0.0000
vn 0.9659 0.0000 -0.2588
vn 0.9659 0.0000 -0.2588
vn -0.0000 -1.0000 0.0000
vn 0.0000 -1.0000 0.0000
vn -0.9659 0.0000 0.2588
vn -0.9659 0.0000 0.2588
vn 0.0000 1.0000 0.0000
vn 0.0000 1.0000 0.0000
vn 0.9659 0.0000 0.2588
vn 0.9659 0.0000 0.2588
vn -0.0000 -1.0000 -0.0000
vn 0.0000 -1.0000 0.0000
vn -0.9659 0.0000 -0.2588
vn -0.9659 0.0000 -0.2588
vn -0.0000 1.0000 0.0000
vn 0.0000 1.0000 0.0000
vn 0.7071 0.0000 0.7071
vn 0.7071 0.0000 0.7071
vn 0.0000 -1.0000 -0.0000
vn 0.0000 -1.0000 0.0000
vn -0.7071 0.0000 -0.7071
vn -0.7071 0.0000 -0.7071
vn -0.0000 1.0000 0.0000
vn 0.0000 1.0000 0.0000
vn 0.2588 0.0000 0.9659
vn 0.2588 0.0000 0.9659
vn 0.0000 -1.0000 -0.0000
vn 0.0000 -1.0000 0.0000
vn -0.2588 0.0000 -0.9659
vn -0.2588 0.0000 -0.9659
vn 0.0000 1.0000 0.0000
vn 0.0000 1.0000 0.0000
vn -0.2588 0.0000 0.9659
vn -0.2588 0.0000 0.9659
vn 0.0000 -1.0000 -0.0000
vn 0.0000 -1.0000 0.0000
vn 0.2588 0.0000 -0.9659
vn 0.2588 0.0000 -0.9659
vn 0.0000 1.0000 -0.0000
vn 0.0000 1.0000 0.0000
vn -0.7071 0.0000 0.7071
vn -0.7071 0.0000 0.7071
vn 0.0000 -1.0000 0.0000
vn 0.0000 -1.0000 0.0000
vn 0.7071 0.0000 -0.7071
vn 0.7071 0.0000 -0.7071
vn 0.0000 1.0000 -0.0000
vn 0.0000 1.0000 0.0000
vn -0.9659 0.0000 0.2588
vn -0.9659 0.0000 0.2588
vn 0.0000 -1.0000 0.0000
vn 0.0000 -1.0000 0.0000
vn 0.9659 0.0000 -0.2588
vn 0.9659 0.0000 -0.2588
vn 0.1949 -0.9798 0.0445
vn 0.1563 -0.9798 0.1246
vn 0.0867 -0.9798 0.1801
vn 0.0000 -0.9798 0.1999
vn -0.0867 -0.9798 0.1801
vn -0.1563 -0.9798 0.1246
vn -0.1949 -0.9798 0.0445
vn -0.1949 -0.9798 -0.0445
vn -0.1563 -0.9798 -0.1246
vn -0.0867 -0.9798 -0.1801
vn 0.0000 -0.9798 -0.1999
vn 0.0867 -0.9798 -0.1801
vn 0.1563 -0.9798 -0.1246
vn 0.1949 -0.9798 -0.0445
vn 0.5512 -0.8249 0.1258
vn 0.5512 -0.8249 0.1258
vn 0.4420 -0.8249 0.3525
vn 0.4420 -0.8249 0.3525
vn 0.2453 -0.8249 0.5093
vn 0.2453 -0.8249 0.5093
vn 0.0000 -0.8249 0.5653
vn 0.0000 -0.8249 0.5653
vn -0.2453 -0.8249 0.5093
vn -0.2453 -0.8249 0.5093
vn -0.4420 -0.8249 0.3525
vn -0.4420 -0.8249 0.3525
vn -0.5512 -0.8249 0.1258
vn -0.5512 -0.8249 0.1258
vn -0.5512 -0.8249 -0.1258
vn -0.5512 -0.8249 -0.1258
vn -0.4420 -0.8249 -0.3525
vn -0.4420 -0.8249 -0.3525
vn -0.2453 -0.8249 -0.5093
vn -0.2453 -0.8249 -0.5093
vn 0.0000 -0.8249 -0.5653
vn 0.0000 -0.8249 -0.5653
vn 0.2453 -0.8249 -0.5093
vn 0.2453 -0.8249 -0.5093
vn 0.4420 -0.8249 -0.3525
vn 0.4420 -0.8249 -0.3525
vn 0.5512 -0.8249 -0.1258
vn 0.5512 -0.8249 -0.1258
vn 0.8169 -0.5458 0.1864
vn 0.8169 -0.5458 0.1864
vn 0.6551 -0.5458 0.5224
vn 0.6551 -0.5458 0.5224
vn 0.3635 -0.5458 0.7549
vn 0.3635 -0.5458 0.7549
vn 0.0000 -0.5458 0.8379
vn 0.0000 -0.5458 0.8379
vn -0.3635 -0.5458 0.7549
vn -0.3635 -0.5458 0.7549
vn -0.6551 -0.5458 0.5224
vn -0.6551 -0.5458 0.5224
vn -0.8169 -0.5458 0.1864
vn -0.8169 -0.5458 0.1864
vn -0.8169 -0.5458 -0.1864
vn -0.8169 -0.5458 -0.1864
vn -0.6551 -0.5458 -0.5224
vn -0.6551 -0.5458 -0.5224
vn -0.3635 -0.5458 -0.7549
vn -0.3635 -0.5458 -0.7549
vn 0.0000 -0.5458 -0.8379
vn 0.0000 -0.5458 -0.8379
vn 0.3635 -0.5458 -0.7549
vn 0.3635 -0.5458 -0.7549
vn 0.6551 -0.5458 -0.5224
vn 0.6551 -0.5458 -0.5224
vn 0.8169 -0.5458 -0.1864
vn 0.8169 -0.5458 -0.1864
vn 0.9571 -0.1904 0.2185
vn 0.9571 -0.1904 0.2185
vn 0.7675 -0.1904 0.6121
vn 0.7675 -0.1904 0.6121
vn 0.4259 -0.1904 0.8845
vn 0.4259 -0.1904 0.8845
vn 0.0000 -0.1904 0.9817
vn 0.0000 -0.1904 0.9817
vn -0.4259 -0.1904 0.8845
vn -0.4259 -0.1904 0.8845
vn -0.7675 -0.1904 0.6121
vn -0.7675 -0.1904 0.6121
vn -0.9571 -0.1904 0.2185
vn -0.9571 -0.1904 0.2185
vn -0.9571 -0.1904 -0.2185
vn -0.9571 -0.1904 -0.2185
vn -0.7675 -0.1904 -0.6121
vn -0.7675 -0.1904 -0.6121
vn -0.4259 -0.1904 -0.8845
vn -0.4259 -0.1904 -0.8845
vn 0.0000 -0.1904 -0.9817
vn 0.0000 -0.1904 -0.9817
vn 0.4259 -0.1904 -0.8845
vn 0.4259 -0.1904 -0.8845
vn 0.7675 -0.1904 -0.6121
vn 0.7675 -0.1904 -0.6121
vn 0.9571 -0.1904 -0.2185
vn 0.9571 -0.1904 -0.2185
vn 0.9571 0.1904 0.2185
vn 0.9571 0.1904 0.2185
vn 0.7675 0.1904 0.6121
vn 0.7675 0.1904 0.6121
vn 0.4259 0.1904 0.8845
vn 0.4259 0.1904 0.8845
vn 0.0000 0.1904 0.9817
vn 0.0000 0.1904 0.9817
vn -0.4259 0.1904 0.8845
vn -0.4259 0.1904 0.8845
vn -0.7675 0.1904 0.6121
vn -0.7675 0.1904 0.6121
vn -0.9571 0.1904 0.2185
vn -0.9571 0.1904 0.2185
vn -0.9571 0.1904 -0.2185
vn -0.9571 0.1904 -0.2185
vn -0.7675 0.1904 -0.6121
vn -0.7675 0.1904 -0.6121
vn -0.4259 0.1904 -0.8845
vn -0.4259 0.1904 -0.8845
vn 0.0000 0.1904 -0.9817
vn 0.0000 0.1904 -0.9817
vn 0.4259 0.1904 -0.8845
vn 0.4259 0.1904 -0.8845
vn 0.7675 0.1904 -0.6121
vn 0.7675 0.1904 -0.6121
vn 0.9571 0.1904 -0.2185
vn 0.9571 0.1904 -0.2185
vn 0.8169 0.5458 0.1864
vn 0.8169 0.5458 0.1864
vn 0.6551 0.5458 0.5224
vn 0.6551 0.5458 0.5224
vn 0.3635 0.5458 0.7549
vn 0.3635 0.5458 0.7549
vn 0.0000 0.5458 0.8379
vn 0.0000 0.5458 0.8379
vn -0.3635 0.5458 0.7549
vn -0.3635 0.5458 0.7549
vn -0.6551 0.5458 0.5224
vn -0.6551 0.5458 0.5224
vn -0.8169 0.5458 0.1864
vn -0.8169 0.5458 0.1864
vn -0.8169 0.5458 -0.1864
vn -0.8169 0.5458 -0.1864
vn -0.6551 0.5458 -0.5224
vn -0.6551 0.5458 -0.5224
vn -0.3635 0.5458 -0.7549
vn -0.3635 0.5458 -0.7549
vn 0.0000 0.5458 -0.8379
vn 0.0000 0.5458 -0.8379
vn 0.3635 0.5458 -0.7549
vn 0.3635 0.5458 -0.7549
vn 0.6551 0.5458 -0.5224
vn 0.6551 0.5458 -0.5224
vn 0.8169 0.5458 -0.1864
vn 0.8169 0.5458 -0.1864
vn 0.5512 0.8249 0.1258
vn 0.5512 0.8249 0.1258
vn 0.4420 0.8249 0.3525
vn 0.4420 0.8249 0.3525
vn 0.2453 0.8249 0.5093
vn 0.2453 0.8249 0.5093
vn 0.0000 0.8249 0.5653
vn 0.0000 0.8249 0.5653
vn -0.2453 0.8249 0.5093
vn -0.2453 0.8249 0.5093
vn -0.4420 0.8249 0.3525
vn -0.4420 0.8249 0.3525
vn -0.5512 0.8249 0.1258
vn -0.5512 0.8249 0.1258
vn -0.5512 0.8249 -0.1258
vn -0.5512 0.8249 -0.1258
vn -0.4420 0.8249 -0.3525
vn -0.4420 0.8249 -0.3525
vn -0.2453 0.8249 -0.5093
vn -0.2453 0.8249 -0.5093
vn 0.0000 0.8249 -0.5653
vn 0.0000 0.8249 -0.5653
vn 0.2453 0.8249 -0.5093
vn 0.2453 0.8249 -0.5093
vn 0.4420 0.8249 -0.3525
vn 0.4420 0.8249 -0.3525
vn 0.5512 0.8249 -0.1258
vn 0.5512 0.8249 -0.1258
vn 0.1949 0.9798 0.0445
vn 0.1563 0.9798 0.1246
vn 0.0867 0.9798 0.1801
vn 0.0000 0.9798 0.1999
vn -0.0867 0.9798 0.1801
vn -0.1563 0.9798 0.1246
vn -0.1949 0.9798 0.0445
vn -0.1949 0.9798 -0.0445
vn -0.1563 0.9798 -0.1246
vn -0.0867 0.9798 -0.1801
vn 0.0000 0.9798 -0.1999
vn 0.0867 0.9798 -0.1801
vn 0.1563 0.9798 -0.1246
vn 0.1949 0.9798 -0.0445
vn -0.9511 0.3090 0.0000
vn -0.9511 0.3090 0.0000
vn -0.5878 0.8090 0.0000
vn -0.5878 0.8090 0.0000
vn 0.0000 1.0000 0.0000
vn 0.0000 1.0000 -0.0000
vn 0.5878 0.8090 -0.0000
vn 0.5878 0.8090 -0.0000
vn 0.9511 0.3090 -0.0000
vn 0.9511 0.3090 -0.0000
vn 0.9511 -0.3090 0.0000
vn 0.9511 -0.3090 0.0000
vn 0.5878 -0.8090 0.0000
vn 0.5878 -0.8090 0.0000
vn 0.0000 -1.0000 0.0000
vn 0.0000 -1.0000 0.0000
vn -0.5878 -0.8090 0.0000
vn -0.5878 -0.8090 0.0000
vn -0.9511 -0.3090 0.0000
vn -0.9511 -0.3090 0.0000
vn 0.0000 0.0000 -1.0000
vn 0.0000 0.0000 -1.0000
vn 0.0000 0.0000 -1.0000
vn 0.0000 0.0000 -1.0000
vn 0.0000 -0.0000 -1.0000
vn -0.0000 -0.0000 -1.0000
vn -0.0000 0.0000 -1.0000
vn -0.0000 0.0000 -1.0000
vn -0.8660 0.5000 0.0000
vn -0.8660 0.5000 0.0000
vn 0.0000 1.0000 0.0000
vn 0.0000 1.0000 -0.0000
vn 0.8660 0.5000 -0.0000
vn 0.8660 0.5000 -0.0000
vn 0.8660 -0.5000 0.0000
vn 0.8660 -0.5000 0.0000
vn 0.0000 -1.0000 0.0000
vn 0.0000 -1.0000 0.0000
vn -0.8660 -0.5000 0.0000
vn -0.8660 -0.5000 0.0000
vn 0.0000 0.0000 -1.0000
vn 0.0000 0.0000 -1.0000
vn 0.0000 0.0000 -1.0000
vn -0.0000 0.0000 -1.0000
usemtl Mat_BlipFinalSkin
f 248//417 249//417 247//417
f 249//418 250//418 247//418
f 250//419 251//419 247//419
f 251//420 252//420 247//420
f 252//421 253//421 247//421
f 253//422 254//422 247//422
f 254//423 255//423 247//423
f 255//424 256//424 247//424
f 256//425 257//425 247//425
f 257//426 258//426 247//426
f 258//427 259//427 247//427
f 259//428 248//428 247//428
f 260//429 261//429 249//429
f 260//430 249//430 248//430
f 261//431 262//431 250//431
f 261//432 250//432 249//432
f 262//433 263//433 251//433
f 262//434 251//434 250//434
f 263//435 264//435 252//435
f 263//436 252//436 251//436
f 264//437 265//437 253//437
f 264//438 253//438 252//438
f 265//439 266//439 254//439
f 265//440 254//440 253//440
f 266//441 267//441 255//441
f 266//442 255//442 254//442
f 267//443 268//443 256//443
f 267//444 256//444 255//444
f 268//445 269//445 257//445
f 268//446 257//446 256//446
f 269//447 270//447 258//447
f 269//448 258//448 257//448
f 270//449 271//449 259//449
f 270//450 259//450 258//450
f 271//451 260//451 248//451
f 271//452 248//452 259//452
f 272//453 273//453 261//453
f 272//454 261//454 260//454
f 273//455 274//455 262//455
f 273//456 262//456 261//456
f 274//457 275//457 263//457
f 274//458 263//458 262//458
f 275//459 276//459 264//459
f 275//460 264//460 263//460
f 276//461 277//461 265//461
f 276//462 265//462 264//462
f 277//463 278//463 266//463
f 277//464 266//464 265//464
f 278//465 279//465 267//465
f 278//466 267//466 266//466
f 279//467 280//467 268//467
f 279//468 268//468 267//468
f 280//469 281//469 269//469
f 280//470 269//470 268//470
f 281//471 282//471 270//471
f 281//472 270//472 269//472
f 282//473 283//473 271//473
f 282//474 271//474 270//474
f 283//475 272//475 260//475
f 283//476 260//476 271//476
f 284//477 285//477 273//477
f 284//478 273//478 272//478
f 285//479 286//479 274//479
f 285//480 274//480 273//480
f 286//481 287//481 275//481
f 286//482 275//482 274//482
f 287//483 288//483 276//483
f 287//484 276//484 275//484
f 288//485 289//485 277//485
f 288//486 277//486 276//486
f 289//487 290//487 278//487
f 289//488 278//488 277//488
f 290//489 291//489 279//489
f 290//490 279//490 278//490
f 291//491 292//491 280//491
f 291//492 280//492 279//492
f 292//493 293//493 281//493
f 292//494 281//494 280//494
f 293//495 294//495 282//495
f 293//496 282//496 281//496
f 294//497 295//497 283//497
f 294//498 283//498 282//498
f 295//499 284//499 272//499
f 295//500 272//500 283//500
f 296//501 297//501 285//501
f 296//502 285//502 284//502
f 297//503 298//503 286//503
f 297//504 286//504 285//504
f 298//505 299//505 287//505
f 298//506 287//506 286//506
f 299//507 300//507 288//507
f 299//508 288//508 287//508
f 300//509 301//509 289//509
f 300//510 289//510 288//510
f 301//511 302//511 290//511
f 301//512 290//512 289//512
f 302//513 303//513 291//513
f 302//514 291//514 290//514
f 303//515 304//515 292//515
f 303//516 292//516 291//516
f 304//517 305//517 293//517
f 304//518 293//518 292//518
f 305//519 306//519 294//519
f 305//520 294//520 293//520
f 306//521 307//521 295//521
f 306//522 295//522 294//522
f 307//523 296//523 284//523
f 307//524 284//524 295//524
f 308//525 309//525 297//525
f 308//526 297//526 296//526
f 309//527 310//527 298//527
f 309//528 298//528 297//528
f 310//529 311//529 299//529
f 310//530 299//530 298//530
f 311//531 312//531 300//531
f 311//532 300//532 299//532
f 312//533 313//533 301//533
f 312//534 301//534 300//534
f 313//535 314//535 302//535
f 313//536 302//536 301//536
f 314//537 315//537 303//537
f 314//538 303//538 302//538
f 315//539 316//539 304//539
f 315//540 304//540 303//540
f 316//541 317//541 305//541
f 316//542 305//542 304//542
f 317//543 318//543 306//543
f 317//544 306//544 305//544
f 318//545 319//545 307//545
f 318//546 307//546 306//546
f 319//547 308//547 296//547
f 319//548 296//548 307//548
f 320//549 309//549 308//549
f 320//550 310//550 309//550
f 320//551 311//551 310//551
f 320//552 312//552 311//552
f 320//553 313//553 312//553
f 320//554 314//554 313//554
f 320//555 315//555 314//555
f 320//556 316//556 315//556
f 320//557 317//557 316//557
f 320//558 318//558 317//558
f 320//559 319//559 318//559
f 320//560 308//560 319//560
f 322//561 323//561 321//561
f 323//562 324//562 321//562
f 324//563 325//563 321//563
f 325//564 326//564 321//564
f 326//565 327//565 321//565
f 327//566 328//566 321//566
f 328//567 329//567 321//567
f 329//568 322//568 321//568
f 330//569 331//569 323//569
f 330//570 323//570 322//570
f 331//571 332//571 324//571
f 331//572 324//572 323//572
f 332//573 333//573 325//573
f 332//574 325//574 324//574
f 333//575 334//575 326//575
f 333//576 326//576 325//576
f 334//577 335//577 327//577
f 334//578 327//578 326//578
f 335//579 336//579 328//579
f 335//580 328//580 327//580
f 336//581 337//581 329//581
f 336//582 329//582 328//582
f 337//583 330//583 322//583
f 337//584 322//584 329//584
f 338//585 339//585 331//585
f 338//586 331//586 330//586
f 339//587 340//587 332//587
f 339//588 332//588 331//588
f 340//589 341//589 333//589
f 340//590 333//590 332//590
f 341//591 342//591 334//591
f 341//592 334//592 333//592
f 342//593 343//593 335//593
f 342//594 335//594 334//594
f 343//595 344//595 336//595
f 343//596 336//596 335//596
f 344//597 345//597 337//597
f 344//598 337//598 336//598
f 345//599 338//599 330//599
f 345//600 330//600 337//600
f 346//601 339//601 338//601
f 346//602 340//602 339//602
f 346//603 341//603 340//603
f 346//604 342//604 341//604
f 346//605 343//605 342//605
f 346//606 344//606 343//606
f 346//607 345//607 344//607
f 346//608 338//608 345//608
usemtl Mat_Bone
f 348//609 349//609 347//609
f 349//610 350//610 347//610
f 350//611 351//611 347//611
f 351//612 352//612 347//612
f 352//613 353//613 347//613
f 353//614 354//614 347//614
f 354//615 355//615 347//615
f 355//616 356//616 347//616
f 356//617 357//617 347//617
f 357//618 348//618 347//618
f 358//619 359//619 349//619
f 358//620 349//620 348//620
f 359//621 360//621 350//621
f 359//622 350//622 349//622
f 360//623 361//623 351//623
f 360//624 351//624 350//624
f 361//625 362//625 352//625
f 361//626 352//626 351//626
f 362//627 363//627 353//627
f 362//628 353//628 352//628
f 363//629 364//629 354//629
f 363//630 354//630 353//630
f 364//631 365//631 355//631
f 364//632 355//632 354//632
f 365//633 366//633 356//633
f 365//634 356//634 355//634
f 366//635 367//635 357//635
f 366//636 357//636 356//636
f 367//637 358//637 348//637
f 367//638 348//638 357//638
f 368//639 369//639 359//639
f 368//640 359//640 358//640
f 369//641 370//641 360//641
f 369//642 360//642 359//642
f 370//643 371//643 361//643
f 370//644 361//644 360//644
f 371//645 372//645 362//645
f 371//646 362//646 361//646
f 372//647 373//647 363//647
f 372//648 363//648 362//648
f 373//649 374//649 364//649
f 373//650 364//650 363//650
f 374//651 375//651 365//651
f 374//652 365//652 364//652
f 375//653 376//653 366//653
f 375//654 366//654 365//654
f 376//655 377//655 367//655
f 376//656 367//656 366//656
f 377//657 368//657 358//657
f 377//658 358//658 367//658
f 378//659 379//659 369//659
f 378//660 369//660 368//660
f 379//661 380//661 370//661
f 379//662 370//662 369//662
f 380//663 381//663 371//663
f 380//664 371//664 370//664
f 381//665 382//665 372//665
f 381//666 372//666 371//666
f 382//667 383//667 373//667
f 382//668 373//668 372//668
f 383//669 384//669 374//669
f 383//670 374//670 373//670
f 384//671 385//671 375//671
f 384//672 375//672 374//672
f 385//673 386//673 376//673
f 385//674 376//674 375//674
f 386//675 387//675 377//675
f 386//676 377//676 376//676
f 387//677 378//677 368//677
f 387//678 368//678 377//678
f 388//679 389//679 379//679
f 388//680 379//680 378//680
f 389//681 390//681 380//681
f 389//682 380//682 379//682
f 390//683 391//683 381//683
f 390//684 381//684 380//684
f 391//685 392//685 382//685
f 391//686 382//686 381//686
f 392//687 393//687 383//687
f 392//688 383//688 382//688
f 393//689 394//689 384//689
f 393//690 384//690 383//690
f 394//691 395//691 385//691
f 394//692 385//692 384//692
f 395//693 396//693 386//693
f 395//694 386//694 385//694
f 396//695 397//695 387//695
f 396//696 387//696 386//696
f 397//697 388//697 378//697
f 397//698 378//698 387//698
f 398//699 389//699 388//699
f 398//700 390//700 389//700
f 398//701 391//701 390//701
f 398//702 392//702 391//702
f 398//703 393//703 392//703
f 398//704 394//704 393//704
f 398//705 395//705 394//705
f 398//706 396//706 395//706
f 398//707 397//707 396//707
f 398//708 388//708 397//708
usemtl Mat_Void
f 409//709 410//709 400//709
f 409//710 400//710 399//710
f 410//711 411//711 401//711
f 410//712 401//712 400//712
f 411//713 412//713 402//713
f 411//714 402//714 401//714
f 412//715 413//715 403//715
f 412//716 403//716 402//716
f 413//717 414//717 404//717
f 413//718 404//718 403//718
f 414//719 415//719 405//719
f 414//720 405//720 404//720
f 415//721 416//721 406//721
f 415//722 406//722 405//722
f 416//723 417//723 407//723
f 416//724 407//724 406//724
f 417//725 418//725 408//725
f 417//726 408//726 407//726
f 418//727 409//727 399//727
f 418//728 399//728 408//728
f 418//729 417//729 416//729
f 418//730 416//730 415//730
f 418//731 415//731 414//731
f 418//732 414//732 413//732
f 418//733 413//733 412//733
f 418//734 412//734 411//734
f 418//735 411//735 410//735
f 418//736 410//736 409//736
usemtl Mat_Bone
f 425//737 426//737 420//737
f 425//738 420//738 419//738
f 426//739 427//739 421//739
f 426//740 421//740 420//740
f 427//741 428//741 422//741
f 427//742 422//742 421//742
f 428//743 429//743 423//743
f 428//744 423//744 422//744
f 429//745 430//745 424//745
f 429//746 424//746 423//746
f 430//747 425//747 419//747
f 430//748 419//748 424//748
f 430//749 429//749 428//749
f 430//750 428//750 427//750
f 430//751 427//751 426//751
f 430//752 426//752 425//752
f 436//753 437//753 432//753
f 436//754 432//754 431//754
f 437//755 438//755 433//755
f 437//756 433//756 432//756
f 438//757 439//757 434//757
f 438//758 434//758 433//758
f 439//759 440//759 435//759
f 439//760 435//760 434//760
f 440//761 436//761 431//761
f 440//762 431//762 435//762
f 440//763 439//763 438//763
f 440//764 438//764 437//764
f 440//765 437//765 436//765
usemtl Mat_BlipFinalSkinD
f 441//766 442//766 446//766
f 441//767 446//767 445//767
f 442//768 443//768 447//768
f 442//769 447//769 446//769
f 443//770 444//770 448//770
f 443//771 448//771 447//771
f 444//772 441//772 445//772
f 444//773 445//773 448//773
f 445//774 446//774 450//774
f 445//775 450//775 449//775
f 446//776 447//776 451//776
f 446//777 451//777 450//777
f 447//778 448//778 452//778
f 447//779 452//779 451//779
f 448//780 445//780 449//780
f 448//781 449//781 452//781
f 444//782 443//782 442//782
f 444//783 442//783 441//783
f 449//784 450//784 451//784
f 449//785 451//785 452//785
usemtl Mat_Void
f 453//786 454//786 458//786
f 453//787 458//787 457//787
f 454//788 455//788 459//788
f 454//789 459//789 458//789
f 455//790 456//790 460//790
f 455//791 460//791 459//791
f 456//792 453//792 457//792
f 456//793 457//793 460//793
f 457//794 458//794 462//794
f 457//795 462//795 461//795
f 458//796 459//796 463//796
f 458//797 463//797 462//797
f 459//798 460//798 464//798
f 459//799 464//799 463//799
f 460//800 457//800 461//800
f 460//801 461//801 464//801
f 461//802 462//802 466//802
f 461//803 466//803 465//803
f 462//804 463//804 467//804
f 462//805 467//805 466//805
f 463//806 464//806 468//806
f 463//807 468//807 467//807
f 464//808 461//808 465//808
f 464//809 465//809 468//809
f 465//810 466//810 470//810
f 465//811 470//811 469//811
f 466//812 467//812 471//812
f 466//813 471//813 470//813
f 467//814 468//814 472//814
f 467//815 472//815 471//815
f 468//816 465//816 469//816
f 468//817 469//817 472//817
f 469//818 470//818 474//818
f 469//819 474//819 473//819
f 470//820 471//820 475//820
f 470//821 475//821 474//821
f 471//822 472//822 476//822
f 471//823 476//823 475//823
f 472//824 469//824 473//824
f 472//825 473//825 476//825
f 456//826 455//826 454//826
f 456//827 454//827 453//827
f 473//828 474//828 475//828
f 473//829 475//829 476//829
usemtl Mat_BlipFinalSkinD
f 478//830 479//830 477//830
f 479//831 480//831 477//831
f 480//832 481//832 477//832
f 481//833 478//833 477//833
f 482//834 479//834 478//834
f 482//835 480//835 479//835
f 482//836 481//836 480//836
f 482//837 478//837 481//837
f 484//838 485//838 483//838
f 485//839 486//839 483//839
f 486//840 487//840 483//840
f 487//841 484//841 483//841
f 488//842 485//842 484//842
f 488//843 486//843 485//843
f 488//844 487//844 486//844
f 488//845 484//845 487//845
f 490//846 491//846 489//846
f 491//847 492//847 489//847
f 492//848 493//848 489//848
f 493//849 490//849 489//849
f 494//850 491//850 490//850
f 494//851 492//851 491//851
f 494//852 493//852 492//852
f 494//853 490//853 493//853
f 496//854 497//854 495//854
f 497//855 498//855 495//855
f 498//856 499//856 495//856
f 499//857 496//857 495//857
f 500//858 497//858 496//858
f 500//859 498//859 497//859
f 500//860 499//860 498//860
f 500//861 496//861 499//861
f 502//862 503//862 501//862
f 503//863 504//863 501//863
f 504//864 505//864 501//864
f 505//865 502//865 501//865
f 506//866 503//866 502//866
f 506//867 504//867 503//867
f 506//868 505//868 504//868
f 506//869 502//869 505//869
f 508//870 509//870 507//870
f 509//871 510//871 507//871
f 510//872 511//872 507//872
f 511//873 508//873 507//873
f 512//874 509//874 508//874
f 512//875 510//875 509//875
f 512//876 511//876 510//876
f 512//877 508//877 511//877
f 513//878 514//878 518//878
f 513//879 518//879 517//879
f 514//880 515//880 519//880
f 514//881 519//881 518//881
f 515//882 516//882 520//882
f 515//883 520//883 519//883
f 516//884 513//884 517//884
f 516//885 517//885 520//885
f 517//886 518//886 522//886
f 517//887 522//887 521//887
f 518//888 519//888 523//888
f 518//889 523//889 522//889
f 519//890 520//890 524//890
f 519//891 524//891 523//891
f 520//892 517//892 521//892
f 520//893 521//893 524//893
f 516//894 515//894 514//894
f 516//895 514//895 513//895
f 521//896 522//896 523//896
f 521//897 523//897 524//897
usemtl Mat_NeonAmber
f 526//898 527//898 525//898
f 527//899 528//899 525//899
f 528//900 529//900 525//900
f 529//901 530//901 525//901
f 530//902 531//902 525//902
f 531//903 526//903 525//903
f 532//904 533//904 527//904
f 532//905 527//905 526//905
f 533//906 534//906 528//906
f 533//907 528//907 527//907
f 534//908 535//908 529//908
f 534//909 529//909 528//909
f 535//910 536//910 530//910
f 535//911 530//911 529//911
f 536//912 537//912 531//912
f 536//913 531//913 530//913
f 537//914 532//914 526//914
f 537//915 526//915 531//915
f 538//916 533//916 532//916
f 538//917 534//917 533//917
f 538//918 535//918 534//918
f 538//919 536//919 535//919
f 538//920 537//920 536//920
f 538//921 532//921 537//921
usemtl Mat_BlipFinalSkinD
f 540//922 541//922 539//922
f 541//923 542//923 539//923
f 542//924 543//924 539//924
f 543//925 544//925 539//925
f 544//926 545//926 539//926
f 545//927 540//927 539//927
f 546//928 547//928 541//928
f 546//929 541//929 540//929
f 547//930 548//930 542//930
f 547//931 542//931 541//931
f 548//932 549//932 543//932
f 548//933 543//933 542//933
f 549//934 550//934 544//934
f 549//935 544//935 543//935
f 550//936 551//936 545//936
f 550//937 545//937 544//937
f 551//938 546//938 540//938
f 551//939 540//939 545//939
f 552//940 547//940 546//940
f 552//941 548//941 547//941
f 552//942 549//942 548//942
f 552//943 550//943 549//943
f 552//944 551//944 550//944
f 552//945 546//945 551//945
f 554//946 555//946 553//946
f 555//947 556//947 553//947
f 556//948 557//948 553//948
f 557//949 558//949 553//949
f 558//950 559//950 553//950
f 559//951 554//951 553//951
f 560//952 561//952 555//952
f 560//953 555//953 554//953
f 561//954 562//954 556//954
f 561//955 556//955 555//955
f 562//956 563//956 557//956
f 562//957 557//957 556//957
f 563//958 564//958 558//958
f 563//959 558//959 557//959
f 564//960 565//960 559//960
f 564//961 559//961 558//961
f 565//962 560//962 554//962
f 565//963 554//963 559//963
f 566//964 561//964 560//964
f 566//965 562//965 561//965
f 566//966 563//966 562//966
f 566//967 564//967 563//967
f 566//968 565//968 564//968
f 566//969 560//969 565//969
usemtl Mat_Chrome
f 579//970 580//970 568//970
f 579//971 568//971 567//971
f 580//972 581//972 569//972
f 580//973 569//973 568//973
f 581//974 582//974 570//974
f 581//975 570//975 569//975
f 582//976 583//976 571//976
f 582//977 571//977 570//977
f 583//978 584//978 572//978
f 583//979 572//979 571//979
f 584//980 585//980 573//980
f 584//981 573//981 572//981
f 585//982 586//982 574//982
f 585//983 574//983 573//983
f 586//984 587//984 575//984
f 586//985 575//985 574//985
f 587//986 588//986 576//986
f 587//987 576//987 575//987
f 588//988 589//988 577//988
f 588//989 577//989 576//989
f 589//990 590//990 578//990
f 589//991 578//991 577//991
f 590//992 579//992 567//992
f 590//993 567//993 578//993
f 590//994 589//994 588//994
f 590//995 588//995 587//995
f 590//996 587//996 586//996
f 590//997 586//997 585//997
f 590//998 585//998 584//998
f 590//999 584//999 583//999
f 590//1000 583//1000 582//1000
f 590//1001 582//1001 581//1001
f 590//1002 581//1002 580//1002
f 590//1003 580//1003 579//1003
f 567//1004 568//1004 569//1004
f 567//1005 569//1005 570//1005
f 567//1006 570//1006 571//1006
f 567//1007 571//1007 572//1007
f 567//1008 572//1008 573//1008
f 567//1009 573//1009 574//1009
f 567//1010 574//1010 575//1010
f 567//1011 575//1011 576//1011
f 567//1012 576//1012 577//1012
f 567//1013 577//1013 578//1013
usemtl Mat_DarkMetal
f 591//1014 592//1014 596//1014
f 591//1015 596//1015 595//1015
f 592//1016 593//1016 597//1016
f 592//1017 597//1017 596//1017
f 593//1018 594//1018 598//1018
f 593//1019 598//1019 597//1019
f 594//1020 591//1020 595//1020
f 594//1021 595//1021 598//1021
f 595//1022 596//1022 600//1022
f 595//1023 600//1023 599//1023
f 596//1024 597//1024 601//1024
f 596//1025 601//1025 600//1025
f 597//1026 598//1026 602//1026
f 597//1027 602//1027 601//1027
f 598//1028 595//1028 599//1028
f 598//1029 599//1029 602//1029
f 599//1030 600//1030 604//1030
f 599//1031 604//1031 603//1031
f 600//1032 601//1032 605//1032
f 600//1033 605//1033 604//1033
f 601//1034 602//1034 606//1034
f 601//1035 606//1035 605//1035
f 602//1036 599//1036 603//1036
f 602//1037 603//1037 606//1037
f 603//1038 604//1038 608//1038
f 603//1039 608//1039 607//1039
f 604//1040 605//1040 609//1040
f 604//1041 609//1041 608//1041
f 605//1042 606//1042 610//1042
f 605//1043 610//1043 609//1043
f 606//1044 603//1044 607//1044
f 606//1045 607//1045 610//1045
f 607//1046 608//1046 612//1046
f 607//1047 612//1047 611//1047
f 608//1048 609//1048 613//1048
f 608//1049 613//1049 612//1049
f 609//1050 610//1050 614//1050
f 609//1051 614//1051 613//1051
f 610//1052 607//1052 611//1052
f 610//1053 611//1053 614//1053
f 611//1054 612//1054 616//1054
f 611//1055 616//1055 615//1055
f 612//1056 613//1056 617//1056
f 612//1057 617//1057 616//1057
f 613//1058 614//1058 618//1058
f 613//1059 618//1059 617//1059
f 614//1060 611//1060 615//1060
f 614//1061 615//1061 618//1061
f 615//1062 616//1062 620//1062
f 615//1063 620//1063 619//1063
f 616//1064 617//1064 621//1064
f 616//1065 621//1065 620//1065
f 617//1066 618//1066 622//1066
f 617//1067 622//1067 621//1067
f 618//1068 615//1068 619//1068
f 618//1069 619//1069 622//1069
f 619//1070 620//1070 624//1070
f 619//1071 624//1071 623//1071
f 620//1072 621//1072 625//1072
f 620//1073 625//1073 624//1073
f 621//1074 622//1074 626//1074
f 621//1075 626//1075 625//1075
f 622//1076 619//1076 623//1076
f 622//1077 623//1077 626//1077
f 623//1078 624//1078 628//1078
f 623//1079 628//1079 627//1079
f 624//1080 625//1080 629//1080
f 624//1081 629//1081 628//1081
f 625//1082 626//1082 630//1082
f 625//1083 630//1083 629//1083
f 626//1084 623//1084 627//1084
f 626//1085 627//1085 630//1085
f 627//1086 628//1086 632//1086
f 627//1087 632//1087 631//1087
f 628//1088 629//1088 633//1088
f 628//1089 633//1089 632//1089
f 629//1090 630//1090 634//1090
f 629//1091 634//1091 633//1091
f 630//1092 627//1092 631//1092
f 630//1093 631//1093 634//1093
f 631//1094 632//1094 636//1094
f 631//1095 636//1095 635//1095
f 632//1096 633//1096 637//1096
f 632//1097 637//1097 636//1097
f 633//1098 634//1098 638//1098
f 633//1099 638//1099 637//1099
f 634//1100 631//1100 635//1100
f 634//1101 635//1101 638//1101
f 635//1102 636//1102 592//1102
f 635//1103 592//1103 591//1103
f 636//1104 637//1104 593//1104
f 636//1105 593//1105 592//1105
f 637//1106 638//1106 594//1106
f 637//1107 594//1107 593//1107
f 638//1108 635//1108 591//1108
f 638//1109 591//1109 594//1109
usemtl Mat_Glass
f 640//1110 641//1110 639//1110
f 641//1111 642//1111 639//1111
f 642//1112 643//1112 639//1112
f 643//1113 644//1113 639//1113
f 644//1114 645//1114 639//1114
f 645//1115 646//1115 639//1115
f 646//1116 647//1116 639//1116
f 647//1117 648//1117 639//1117
f 648//1118 649//1118 639//1118
f 649//1119 650//1119 639//1119
f 650//1120 651//1120 639//1120
f 651//1121 652//1121 639//1121
f 652//1122 653//1122 639//1122
f 653//1123 640//1123 639//1123
f 654//1124 655//1124 641//1124
f 654//1125 641//1125 640//1125
f 655//1126 656//1126 642//1126
f 655//1127 642//1127 641//1127
f 656//1128 657//1128 643//1128
f 656//1129 643//1129 642//1129
f 657//1130 658//1130 644//1130
f 657//1131 644//1131 643//1131
f 658//1132 659//1132 645//1132
f 658//1133 645//1133 644//1133
f 659//1134 660//1134 646//1134
f 659//1135 646//1135 645//1135
f 660//1136 661//1136 647//1136
f 660//1137 647//1137 646//1137
f 661//1138 662//1138 648//1138
f 661//1139 648//1139 647//1139
f 662//1140 663//1140 649//1140
f 662//1141 649//1141 648//1141
f 663//1142 664//1142 650//1142
f 663//1143 650//1143 649//1143
f 664//1144 665//1144 651//1144
f 664//1145 651//1145 650//1145
f 665//1146 666//1146 652//1146
f 665//1147 652//1147 651//1147
f 666//1148 667//1148 653//1148
f 666//1149 653//1149 652//1149
f 667//1150 654//1150 640//1150
f 667//1151 640//1151 653//1151
f 668//1152 669//1152 655//1152
f 668//1153 655//1153 654//1153
f 669//1154 670//1154 656//1154
f 669//1155 656//1155 655//1155
f 670//1156 671//1156 657//1156
f 670//1157 657//1157 656//1157
f 671//1158 672//1158 658//1158
f 671//1159 658//1159 657//1159
f 672//1160 673//1160 659//1160
f 672//1161 659//1161 658//1161
f 673//1162 674//1162 660//1162
f 673//1163 660//1163 659//1163
f 674//1164 675//1164 661//1164
f 674//1165 661//1165 660//1165
f 675//1166 676//1166 662//1166
f 675//1167 662//1167 661//1167
f 676//1168 677//1168 663//1168
f 676//1169 663//1169 662//1169
f 677//1170 678//1170 664//1170
f 677//1171 664//1171 663//1171
f 678//1172 679//1172 665//1172
f 678//1173 665//1173 664//1173
f 679//1174 680//1174 666//1174
f 679//1175 666//1175 665//1175
f 680//1176 681//1176 667//1176
f 680//1177 667//1177 666//1177
f 681//1178 668//1178 654//1178
f 681//1179 654//1179 667//1179
f 682//1180 683//1180 669//1180
f 682//1181 669//1181 668//1181
f 683//1182 684//1182 670//1182
f 683//1183 670//1183 669//1183
f 684//1184 685//1184 671//1184
f 684//1185 671//1185 670//1185
f 685//1186 686//1186 672//1186
f 685//1187 672//1187 671//1187
f 686//1188 687//1188 673//1188
f 686//1189 673//1189 672//1189
f 687//1190 688//1190 674//1190
f 687//1191 674//1191 673//1191
f 688//1192 689//1192 675//1192
f 688//1193 675//1193 674//1193
f 689//1194 690//1194 676//1194
f 689//1195 676//1195 675//1195
f 690//1196 691//1196 677//1196
f 690//1197 677//1197 676//1197
f 691//1198 692//1198 678//1198
f 691//1199 678//1199 677//1199
f 692//1200 693//1200 679//1200
f 692//1201 679//1201 678//1201
f 693//1202 694//1202 680//1202
f 693//1203 680//1203 679//1203
f 694//1204 695//1204 681//1204
f 694//1205 681//1205 680//1205
f 695//1206 682//1206 668//1206
f 695//1207 668//1207 681//1207
f 696//1208 697//1208 683//1208
f 696//1209 683//1209 682//1209
f 697//1210 698//1210 684//1210
f 697//1211 684//1211 683//1211
f 698//1212 699//1212 685//1212
f 698//1213 685//1213 684//1213
f 699//1214 700//1214 686//1214
f 699//1215 686//1215 685//1215
f 700//1216 701//1216 687//1216
f 700//1217 687//1217 686//1217
f 701//1218 702//1218 688//1218
f 701//1219 688//1219 687//1219
f 702//1220 703//1220 689//1220
f 702//1221 689//1221 688//1221
f 703//1222 704//1222 690//1222
f 703//1223 690//1223 689//1223
f 704//1224 705//1224 691//1224
f 704//1225 691//1225 690//1225
f 705//1226 706//1226 692//1226
f 705//1227 692//1227 691//1227
f 706//1228 707//1228 693//1228
f 706//1229 693//1229 692//1229
f 707//1230 708//1230 694//1230
f 707//1231 694//1231 693//1231
f 708//1232 709//1232 695//1232
f 708//1233 695//1233 694//1233
f 709//1234 696//1234 682//1234
f 709//1235 682//1235 695//1235
f 710//1236 711//1236 697//1236
f 710//1237 697//1237 696//1237
f 711//1238 712//1238 698//1238
f 711//1239 698//1239 697//1239
f 712//1240 713//1240 699//1240
f 712//1241 699//1241 698//1241
f 713//1242 714//1242 700//1242
f 713//1243 700//1243 699//1243
f 714//1244 715//1244 701//1244
f 714//1245 701//1245 700//1245
f 715//1246 716//1246 702//1246
f 715//1247 702//1247 701//1247
f 716//1248 717//1248 703//1248
f 716//1249 703//1249 702//1249
f 717//1250 718//1250 704//1250
f 717//1251 704//1251 703//1251
f 718//1252 719//1252 705//1252
f 718//1253 705//1253 704//1253
f 719//1254 720//1254 706//1254
f 719//1255 706//1255 705//1255
f 720//1256 721//1256 707//1256
f 720//1257 707//1257 706//1257
f 721//1258 722//1258 708//1258
f 721//1259 708//1259 707//1259
f 722//1260 723//1260 709//1260
f 722//1261 709//1261 708//1261
f 723//1262 710//1262 696//1262
f 723//1263 696//1263 709//1263
f 724//1264 725//1264 711//1264
f 724//1265 711//1265 710//1265
f 725//1266 726//1266 712//1266
f 725//1267 712//1267 711//1267
f 726//1268 727//1268 713//1268
f 726//1269 713//1269 712//1269
f 727//1270 728//1270 714//1270
f 727//1271 714//1271 713//1271
f 728//1272 729//1272 715//1272
f 728//1273 715//1273 714//1273
f 729//1274 730//1274 716//1274
f 729//1275 716//1275 715//1275
f 730//1276 731//1276 717//1276
f 730//1277 717//1277 716//1277
f 731//1278 732//1278 718//1278
f 731//1279 718//1279 717//1279
f 732//1280 733//1280 719//1280
f 732//1281 719//1281 718//1281
f 733//1282 734//1282 720//1282
f 733//1283 720//1283 719//1283
f 734//1284 735//1284 721//1284
f 734//1285 721//1285 720//1285
f 735//1286 736//1286 722//1286
f 735//1287 722//1287 721//1287
f 736//1288 737//1288 723//1288
f 736//1289 723//1289 722//1289
f 737//1290 724//1290 710//1290
f 737//1291 710//1291 723//1291
f 738//1292 725//1292 724//1292
f 738//1293 726//1293 725//1293
f 738//1294 727//1294 726//1294
f 738//1295 728//1295 727//1295
f 738//1296 729//1296 728//1296
f 738//1297 730//1297 729//1297
f 738//1298 731//1298 730//1298
f 738//1299 732//1299 731//1299
f 738//1300 733//1300 732//1300
f 738//1301 734//1301 733//1301
f 738//1302 735//1302 734//1302
f 738//1303 736//1303 735//1303
f 738//1304 737//1304 736//1304
f 738//1305 724//1305 737//1305
usemtl Mat_Void
f 400//1306 410//1306 409//1306
f 399//1307 400//1307 409//1307
f 401//1308 411//1308 410//1308
f 400//1309 401//1309 410//1309
f 402//1310 412//1310 411//1310
f 401//1311 402//1311 411//1311
f 403//1312 413//1312 412//1312
f 402//1313 403//1313 412//1313
f 404//1314 414//1314 413//1314
f 403//1315 404//1315 413//1315
f 405//1316 415//1316 414//1316
f 404//1317 405//1317 414//1317
f 406//1318 416//1318 415//1318
f 405//1319 406//1319 415//1319
f 407//1320 417//1320 416//1320
f 406//1321 407//1321 416//1321
f 408//1322 418//1322 417//1322
f 407//1323 408//1323 417//1323
f 399//1324 409//1324 418//1324
f 408//1325 399//1325 418//1325
f 416//1326 417//1326 418//1326
f 415//1327 416//1327 418//1327
f 414//1328 415//1328 418//1328
f 413//1329 414//1329 418//1329
f 412//1330 413//1330 418//1330
f 411//1331 412//1331 418//1331
f 410//1332 411//1332 418//1332
f 409//1333 410//1333 418//1333
usemtl Mat_Bone
f 420//1334 426//1334 425//1334
f 419//1335 420//1335 425//1335
f 421//1336 427//1336 426//1336
f 420//1337 421//1337 426//1337
f 422//1338 428//1338 427//1338
f 421//1339 422//1339 427//1339
f 423//1340 429//1340 428//1340
f 422//1341 423//1341 428//1341
f 424//1342 430//1342 429//1342
f 423//1343 424//1343 429//1343
f 419//1344 425//1344 430//1344
f 424//1345 419//1345 430//1345
f 428//1346 429//1346 430//1346
f 427//1347 428//1347 430//1347
f 426//1348 427//1348 430//1348
f 425//1349 426//1349 430//1349
o Char_Player_BlipJr_Arm_L
v 0.29700 0.70100 0.00000
v 0.36700 0.73000 0.00000
v 0.34650 0.73000 0.04950
v 0.29700 0.73000 0.07000
v 0.24750 0.73000 0.04950
v 0.22700 0.73000 0.00000
v 0.24750 0.73000 -0.04950
v 0.29700 0.73000 -0.07000
v 0.34650 0.73000 -0.04950
v 0.39600 0.80000 0.00000
v 0.36700 0.80000 0.07000
v 0.29700 0.80000 0.09900
v 0.22700 0.80000 0.07000
v 0.19800 0.80000 0.00000
v 0.22700 0.80000 -0.07000
v 0.29700 0.80000 -0.09900
v 0.36700 0.80000 -0.07000
v 0.36700 0.87000 0.00000
v 0.34650 0.87000 0.04950
v 0.29700 0.87000 0.07000
v 0.24750 0.87000 0.04950
v 0.22700 0.87000 0.00000
v 0.24750 0.87000 -0.04950
v 0.29700 0.87000 -0.07000
v 0.34650 0.87000 -0.04950
v 0.29700 0.89900 0.00000
v 0.36074 0.82810 -0.04420
v 0.36714 0.83974 0.01753
v 0.33245 0.82810 0.06899
v 0.27699 0.80000 0.08004
v 0.23326 0.77190 0.04420
v 0.22686 0.76026 -0.01753
v 0.26155 0.77190 -0.06899
v 0.31701 0.80000 -0.08004
v 0.44327 0.66352 -0.01955
v 0.44863 0.67553 0.03791
v 0.41202 0.67259 0.08488
v 0.35490 0.65641 0.09385
v 0.31073 0.63648 0.05955
v 0.30537 0.62447 0.00209
v 0.34198 0.62741 -0.04488
v 0.39910 0.64359 -0.05385
v 0.45999 0.46948 0.02618
v 0.46483 0.48182 0.07927
v 0.42994 0.48723 0.12108
v 0.37575 0.48255 0.12711
v 0.33401 0.47052 0.09382
v 0.32917 0.45818 0.04073
v 0.36406 0.45277 -0.00108
v 0.41825 0.45745 -0.00711
v 0.47400 0.47000 0.06000
v 0.45145 0.47000 0.11445
v 0.39700 0.47000 0.13700
v 0.34255 0.47000 0.11445
v 0.32000 0.47000 0.06000
v 0.34255 0.47000 0.00555
v 0.39700 0.47000 -0.01700
v 0.45145 0.47000 0.00555
v 0.47400 0.52000 0.06000
v 0.45145 0.52000 0.11445
v 0.39700 0.52000 0.13700
v 0.34255 0.52000 0.11445
v 0.32000 0.52000 0.06000
v 0.34255 0.52000 0.00555
v 0.39700 0.52000 -0.01700
v 0.45145 0.52000 0.00555
v 0.39700 0.28715 0.07000
v 0.46311 0.31727 0.07000
v 0.44375 0.31727 0.11675
v 0.39700 0.31727 0.13611
v 0.35025 0.31727 0.11675
v 0.33089 0.31727 0.07000
v 0.35025 0.31727 0.02325
v 0.39700 0.31727 0.00389
v 0.44375 0.31727 0.02325
v 0.49050 0.39000 0.07000
v 0.46311 0.39000 0.13611
v 0.39700 0.39000 0.16350
v 0.33089 0.39000 0.13611
v 0.30350 0.39000 0.07000
v 0.33089 0.39000 0.00389
v 0.39700 0.39000 -0.02350
v 0.46311 0.39000 0.00389
v 0.46311 0.46273 0.07000
v 0.44375 0.46273 0.11675
v 0.39700 0.46273 0.13611
v 0.35025 0.46273 0.11675
v 0.33089 0.46273 0.07000
v 0.35025 0.46273 0.02325
v 0.39700 0.46273 0.00389
v 0.44375 0.46273 0.02325
v 0.39700 0.49285 0.07000
v 0.33700 0.38150 0.12000
v 0.37034 0.40075 0.12000
v 0.35367 0.40075 0.14888
v 0.32033 0.40075 0.14888
v 0.30366 0.40075 0.12000
v 0.32033 0.40075 0.09113
v 0.35367 0.40075 0.09113
v 0.37034 0.43925 0.12000
v 0.35367 0.43925 0.14888
v 0.32033 0.43925 0.14888
v 0.30366 0.43925 0.12000
v 0.32033 0.43925 0.09113
v 0.35367 0.43925 0.09113
v 0.33700 0.45850 0.12000
vn 0.3780 -0.9125 0.1566
vn 0.1566 -0.9125 0.3780
vn -0.1566 -0.9125 0.3780
vn -0.3780 -0.9125 0.1566
vn -0.3780 -0.9125 -0.1566
vn -0.1566 -0.9125 -0.3780
vn 0.1566 -0.9125 -0.3780
vn 0.3780 -0.9125 -0.1566
vn 0.8629 -0.3574 0.3574
vn 0.8629 -0.3574 0.3574
vn 0.3574 -0.3574 0.8629
vn 0.3574 -0.3574 0.8629
vn -0.3574 -0.3574 0.8629
vn -0.3574 -0.3574 0.8629
vn -0.8629 -0.3574 0.3574
vn -0.8629 -0.3574 0.3574
vn -0.8629 -0.3574 -0.3574
vn -0.8629 -0.3574 -0.3574
vn -0.3574 -0.3574 -0.8629
vn -0.3574 -0.3574 -0.8629
vn 0.3574 -0.3574 -0.8629
vn 0.3574 -0.3574 -0.8629
vn 0.8629 -0.3574 -0.3574
vn 0.8629 -0.3574 -0.3574
vn 0.8629 0.3574 0.3574
vn 0.8629 0.3574 0.3574
vn 0.3574 0.3574 0.8629
vn 0.3574 0.3574 0.8629
vn -0.3574 0.3574 0.8629
vn -0.3574 0.3574 0.8629
vn -0.8629 0.3574 0.3574
vn -0.8629 0.3574 0.3574
vn -0.8629 0.3574 -0.3574
vn -0.8629 0.3574 -0.3574
vn -0.3574 0.3574 -0.8629
vn -0.3574 0.3574 -0.8629
vn 0.3574 0.3574 -0.8629
vn 0.3574 0.3574 -0.8629
vn 0.8629 0.3574 -0.3574
vn 0.8629 0.3574 -0.3574
vn 0.3780 0.9125 0.1566
vn 0.1566 0.9125 0.3780
vn -0.1566 0.9125 0.3780
vn -0.3780 0.9125 0.1566
vn -0.3780 0.9125 -0.1566
vn -0.1566 0.9125 -0.3780
vn 0.1566 0.9125 -0.3780
vn 0.3780 0.9125 -0.1566
vn 0.8908 0.4208 -0.1716
vn 0.8908 0.4211 -0.1710
vn 0.7059 0.4195 0.5708
vn 0.7029 0.4200 0.5740
vn 0.1157 0.1571 0.9808
vn 0.1098 0.1564 0.9816
vn -0.5340 -0.2127 0.8183
vn -0.5373 -0.2131 0.8160
vn -0.8628 -0.4730 0.1786
vn -0.8626 -0.4731 0.1793
vn -0.6781 -0.4715 -0.5638
vn -0.6799 -0.4740 -0.5595
vn -0.0879 -0.2092 -0.9739
vn -0.0922 -0.2136 -0.9726
vn 0.5620 0.1603 -0.8115
vn 0.5601 0.1578 -0.8133
vn 0.9926 0.0606 -0.1052
vn 0.9926 0.0609 -0.1047
vn 0.7680 0.1935 0.6106
vn 0.7653 0.1950 0.6135
vn 0.0970 0.1982 0.9753
vn 0.0913 0.1994 0.9757
vn -0.6314 0.0709 0.7722
vn -0.6343 0.0712 0.7698
vn -0.9867 -0.1143 0.1158
vn -0.9866 -0.1143 0.1165
vn -0.7567 -0.2475 -0.6051
vn -0.7592 -0.2484 -0.6015
vn -0.0805 -0.2505 -0.9648
vn -0.0854 -0.2525 -0.9638
vn 0.6425 -0.1229 -0.7563
vn 0.6403 -0.1245 -0.7580
vn -0.4674 0.8763 -0.1168
vn -0.4674 0.8763 -0.1168
vn -0.4674 0.8763 -0.1168
vn -0.4674 0.8763 -0.1168
vn -0.4674 0.8763 -0.1168
vn -0.4674 0.8763 -0.1168
vn 0.1078 -0.9705 0.2157
vn 0.1078 -0.9705 0.2157
vn 0.1078 -0.9705 0.2157
vn 0.1078 -0.9705 0.2157
vn 0.1078 -0.9705 0.2157
vn 0.1078 -0.9705 0.2157
vn 0.9239 0.0000 0.3827
vn 0.9239 0.0000 0.3827
vn 0.3827 0.0000 0.9239
vn 0.3827 0.0000 0.9239
vn -0.3827 0.0000 0.9239
vn -0.3827 0.0000 0.9239
vn -0.9239 0.0000 0.3827
vn -0.9239 0.0000 0.3827
vn -0.9239 0.0000 -0.3827
vn -0.9239 -0.0000 -0.3827
vn -0.3827 0.0000 -0.9239
vn -0.3827 -0.0000 -0.9239
vn 0.3827 0.0000 -0.9239
vn 0.3827 0.0000 -0.9239
vn 0.9239 0.0000 -0.3827
vn 0.9239 0.0000 -0.3827
vn 0.4086 -0.8969 0.1693
vn 0.1693 -0.8969 0.4086
vn -0.1693 -0.8969 0.4086
vn -0.4086 -0.8969 0.1693
vn -0.4086 -0.8969 -0.1693
vn -0.1693 -0.8969 -0.4086
vn 0.1693 -0.8969 -0.4086
vn 0.4086 -0.8969 -0.1693
vn 0.8726 -0.3286 0.3614
vn 0.8726 -0.3286 0.3614
vn 0.3614 -0.3286 0.8726
vn 0.3614 -0.3286 0.8726
vn -0.3614 -0.3286 0.8726
vn -0.3614 -0.3286 0.8726
vn -0.8726 -0.3286 0.3614
vn -0.8726 -0.3286 0.3614
vn -0.8726 -0.3286 -0.3614
vn -0.8726 -0.3286 -0.3614
vn -0.3614 -0.3286 -0.8726
vn -0.3614 -0.3286 -0.8726
vn 0.3614 -0.3286 -0.8726
vn 0.3614 -0.3286 -0.8726
vn 0.8726 -0.3286 -0.3614
vn 0.8726 -0.3286 -0.3614
vn 0.8726 0.3286 0.3614
vn 0.8726 0.3286 0.3614
vn 0.3614 0.3286 0.8726
vn 0.3614 0.3286 0.8726
vn -0.3614 0.3286 0.8726
vn -0.3614 0.3286 0.8726
vn -0.8726 0.3286 0.3614
vn -0.8726 0.3286 0.3614
vn -0.8726 0.3286 -0.3614
vn -0.8726 0.3286 -0.3614
vn -0.3614 0.3286 -0.8726
vn -0.3614 0.3286 -0.8726
vn 0.3614 0.3286 -0.8726
vn 0.3614 0.3286 -0.8726
vn 0.8726 0.3286 -0.3614
vn 0.8726 0.3286 -0.3614
vn 0.4086 0.8969 0.1693
vn 0.1693 0.8969 0.4086
vn -0.1693 0.8969 0.4086
vn -0.4086 0.8969 0.1693
vn -0.4086 0.8969 -0.1693
vn -0.1693 0.8969 -0.4086
vn 0.1693 0.8969 -0.4086
vn 0.4086 0.8969 -0.1693
vn 0.4804 -0.8321 0.2774
vn 0.0000 -0.8321 0.5547
vn -0.4804 -0.8321 0.2774
vn -0.4804 -0.8321 -0.2774
vn 0.0000 -0.8321 -0.5547
vn 0.4804 -0.8321 -0.2774
vn 0.8660 0.0000 0.5000
vn 0.8660 0.0000 0.5000
vn 0.0000 0.0000 1.0000
vn 0.0000 0.0000 1.0000
vn -0.8660 0.0000 0.5000
vn -0.8660 0.0000 0.5000
vn -0.8660 0.0000 -0.5000
vn -0.8660 -0.0000 -0.5000
vn 0.0000 0.0000 -1.0000
vn 0.0000 0.0000 -1.0000
vn 0.8660 0.0000 -0.5000
vn 0.8660 0.0000 -0.5000
vn 0.4804 0.8321 0.2774
vn 0.0000 0.8321 0.5547
vn -0.4804 0.8321 0.2774
vn -0.4804 0.8321 -0.2774
vn 0.0000 0.8321 -0.5547
vn 0.4804 0.8321 -0.2774
vn -0.9239 0.0000 -0.3827
vn -0.9239 0.0000 -0.3827
vn -0.3827 0.0000 -0.9239
vn -0.3827 0.0000 -0.9239
vn 0.3827 0.0000 -0.9239
vn 0.3827 0.0000 -0.9239
vn 0.9239 0.0000 -0.3827
vn 0.9239 0.0000 -0.3827
vn 0.9239 -0.0000 0.3827
vn 0.9239 -0.0000 0.3827
vn 0.3827 -0.0000 0.9239
vn 0.3827 -0.0000 0.9239
vn -0.3827 0.0000 0.9239
vn -0.3827 0.0000 0.9239
vn -0.9239 0.0000 0.3827
vn -0.9239 0.0000 0.3827
usemtl Mat_HeroWhite
f 740//1350 741//1350 739//1350
f 741//1351 742//1351 739//1351
f 742//1352 743//1352 739//1352
f 743//1353 744//1353 739//1353
f 744//1354 745//1354 739//1354
f 745//1355 746//1355 739//1355
f 746//1356 747//1356 739//1356
f 747//1357 740//1357 739//1357
f 748//1358 749//1358 741//1358
f 748//1359 741//1359 740//1359
f 749//1360 750//1360 742//1360
f 749//1361 742//1361 741//1361
f 750//1362 751//1362 743//1362
f 750//1363 743//1363 742//1363
f 751//1364 752//1364 744//1364
f 751//1365 744//1365 743//1365
f 752//1366 753//1366 745//1366
f 752//1367 745//1367 744//1367
f 753//1368 754//1368 746//1368
f 753//1369 746//1369 745//1369
f 754//1370 755//1370 747//1370
f 754//1371 747//1371 746//1371
f 755//1372 748//1372 740//1372
f 755//1373 740//1373 747//1373
f 756//1374 757//1374 749//1374
f 756//1375 749//1375 748//1375
f 757//1376 758//1376 750//1376
f 757//1377 750//1377 749//1377
f 758//1378 759//1378 751//1378
f 758//1379 751//1379 750//1379
f 759//1380 760//1380 752//1380
f 759//1381 752//1381 751//1381
f 760//1382 761//1382 753//1382
f 760//1383 753//1383 752//1383
f 761//1384 762//1384 754//1384
f 761//1385 754//1385 753//1385
f 762//1386 763//1386 755//1386
f 762//1387 755//1387 754//1387
f 763//1388 756//1388 748//1388
f 763//1389 748//1389 755//1389
f 764//1390 757//1390 756//1390
f 764//1391 758//1391 757//1391
f 764//1392 759//1392 758//1392
f 764//1393 760//1393 759//1393
f 764//1394 761//1394 760//1394
f 764//1395 762//1395 761//1395
f 764//1396 763//1396 762//1396
f 764//1397 756//1397 763//1397
f 765//1398 766//1398 774//1398
f 765//1399 774//1399 773//1399
f 766//1400 767//1400 775//1400
f 766//1401 775//1401 774//1401
f 767//1402 768//1402 776//1402
f 767//1403 776//1403 775//1403
f 768//1404 769//1404 777//1404
f 768//1405 777//1405 776//1405
f 769//1406 770//1406 778//1406
f 769//1407 778//1407 777//1407
f 770//1408 771//1408 779//1408
f 770//1409 779//1409 778//1409
f 771//1410 772//1410 780//1410
f 771//1411 780//1411 779//1411
f 772//1412 765//1412 773//1412
f 772//1413 773//1413 780//1413
f 773//1414 774//1414 782//1414
f 773//1415 782//1415 781//1415
f 774//1416 775//1416 783//1416
f 774//1417 783//1417 782//1417
f 775//1418 776//1418 784//1418
f 775//1419 784//1419 783//1419
f 776//1420 777//1420 785//1420
f 776//1421 785//1421 784//1421
f 777//1422 778//1422 786//1422
f 777//1423 786//1423 785//1423
f 778//1424 779//1424 787//1424
f 778//1425 787//1425 786//1425
f 779//1426 780//1426 788//1426
f 779//1427 788//1427 787//1427
f 780//1428 773//1428 781//1428
f 780//1429 781//1429 788//1429
f 772//1430 771//1430 770//1430
f 772//1431 770//1431 769//1431
f 772//1432 769//1432 768//1432
f 772//1433 768//1433 767//1433
f 772//1434 767//1434 766//1434
f 772//1435 766//1435 765//1435
f 781//1436 782//1436 783//1436
f 781//1437 783//1437 784//1437
f 781//1438 784//1438 785//1438
f 781//1439 785//1439 786//1439
f 781//1440 786//1440 787//1440
f 781//1441 787//1441 788//1441
usemtl Mat_BlipFinalTrim
f 797//1442 798//1442 790//1442
f 797//1443 790//1443 789//1443
f 798//1444 799//1444 791//1444
f 798//1445 791//1445 790//1445
f 799//1446 800//1446 792//1446
f 799//1447 792//1447 791//1447
f 800//1448 801//1448 793//1448
f 800//1449 793//1449 792//1449
f 801//1450 802//1450 794//1450
f 801//1451 794//1451 793//1451
f 802//1452 803//1452 795//1452
f 802//1453 795//1453 794//1453
f 803//1454 804//1454 796//1454
f 803//1455 796//1455 795//1455
f 804//1456 797//1456 789//1456
f 804//1457 789//1457 796//1457
f 806//1458 807//1458 805//1458
f 807//1459 808//1459 805//1459
f 808//1460 809//1460 805//1460
f 809//1461 810//1461 805//1461
f 810//1462 811//1462 805//1462
f 811//1463 812//1463 805//1463
f 812//1464 813//1464 805//1464
f 813//1465 806//1465 805//1465
f 814//1466 815//1466 807//1466
f 814//1467 807//1467 806//1467
f 815//1468 816//1468 808//1468
f 815//1469 808//1469 807//1469
f 816//1470 817//1470 809//1470
f 816//1471 809//1471 808//1471
f 817//1472 818//1472 810//1472
f 817//1473 810//1473 809//1473
f 818//1474 819//1474 811//1474
f 818//1475 811//1475 810//1475
f 819//1476 820//1476 812//1476
f 819//1477 812//1477 811//1477
f 820//1478 821//1478 813//1478
f 820//1479 813//1479 812//1479
f 821//1480 814//1480 806//1480
f 821//1481 806//1481 813//1481
f 822//1482 823//1482 815//1482
f 822//1483 815//1483 814//1483
f 823//1484 824//1484 816//1484
f 823//1485 816//1485 815//1485
f 824//1486 825//1486 817//1486
f 824//1487 817//1487 816//1487
f 825//1488 826//1488 818//1488
f 825//1489 818//1489 817//1489
f 826//1490 827//1490 819//1490
f 826//1491 819//1491 818//1491
f 827//1492 828//1492 820//1492
f 827//1493 820//1493 819//1493
f 828//1494 829//1494 821//1494
f 828//1495 821//1495 820//1495
f 829//1496 822//1496 814//1496
f 829//1497 814//1497 821//1497
f 830//1498 823//1498 822//1498
f 830//1499 824//1499 823//1499
f 830//1500 825//1500 824//1500
f 830//1501 826//1501 825//1501
f 830//1502 827//1502 826//1502
f 830//1503 828//1503 827//1503
f 830//1504 829//1504 828//1504
f 830//1505 822//1505 829//1505
f 832//1506 833//1506 831//1506
f 833//1507 834//1507 831//1507
f 834//1508 835//1508 831//1508
f 835//1509 836//1509 831//1509
f 836//1510 837//1510 831//1510
f 837//1511 832//1511 831//1511
f 838//1512 839//1512 833//1512
f 838//1513 833//1513 832//1513
f 839//1514 840//1514 834//1514
f 839//1515 834//1515 833//1515
f 840//1516 841//1516 835//1516
f 840//1517 835//1517 834//1517
f 841//1518 842//1518 836//1518
f 841//1519 836//1519 835//1519
f 842//1520 843//1520 837//1520
f 842//1521 837//1521 836//1521
f 843//1522 838//1522 832//1522
f 843//1523 832//1523 837//1523
f 844//1524 839//1524 838//1524
f 844//1525 840//1525 839//1525
f 844//1526 841//1526 840//1526
f 844//1527 842//1527 841//1527
f 844//1528 843//1528 842//1528
f 844//1529 838//1529 843//1529
f 790//1530 798//1530 797//1530
f 789//1531 790//1531 797//1531
f 791//1532 799//1532 798//1532
f 790//1533 791//1533 798//1533
f 792//1534 800//1534 799//1534
f 791//1535 792//1535 799//1535
f 793//1536 801//1536 800//1536
f 792//1537 793//1537 800//1537
f 794//1538 802//1538 801//1538
f 793//1539 794//1539 801//1539
f 795//1540 803//1540 802//1540
f 794//1541 795//1541 802//1541
f 796//1542 804//1542 803//1542
f 795//1543 796//1543 803//1543
f 789//1544 797//1544 804//1544
f 796//1545 789//1545 804//1545
o Char_Player_BlipJr_Arm_R
v -0.29700 0.70100 0.00000
v -0.22700 0.73000 0.00000
v -0.24750 0.73000 0.04950
v -0.29700 0.73000 0.07000
v -0.34650 0.73000 0.04950
v -0.36700 0.73000 0.00000
v -0.34650 0.73000 -0.04950
v -0.29700 0.73000 -0.07000
v -0.24750 0.73000 -0.04950
v -0.19800 0.80000 0.00000
v -0.22700 0.80000 0.07000
v -0.29700 0.80000 0.09900
v -0.36700 0.80000 0.07000
v -0.39600 0.80000 0.00000
v -0.36700 0.80000 -0.07000
v -0.29700 0.80000 -0.09900
v -0.22700 0.80000 -0.07000
v -0.22700 0.87000 0.00000
v -0.24750 0.87000 0.04950
v -0.29700 0.87000 0.07000
v -0.34650 0.87000 0.04950
v -0.36700 0.87000 0.00000
v -0.34650 0.87000 -0.04950
v -0.29700 0.87000 -0.07000
v -0.24750 0.87000 -0.04950
v -0.29700 0.89900 0.00000
v -0.33245 0.82810 0.06899
v -0.36714 0.83974 0.01753
v -0.36074 0.82810 -0.04420
v -0.31701 0.80000 -0.08004
v -0.26155 0.77190 -0.06899
v -0.22686 0.76026 -0.01753
v -0.23326 0.77190 0.04420
v -0.27699 0.80000 0.08004
v -0.41202 0.67259 0.08488
v -0.44863 0.67553 0.03791
v -0.44327 0.66352 -0.01955
v -0.39910 0.64359 -0.05385
v -0.34198 0.62741 -0.04488
v -0.30537 0.62447 0.00209
v -0.31073 0.63648 0.05955
v -0.35490 0.65641 0.09385
v -0.42994 0.48723 0.12108
v -0.46483 0.48182 0.07927
v -0.45999 0.46948 0.02618
v -0.41825 0.45745 -0.00711
v -0.36406 0.45277 -0.00108
v -0.32917 0.45818 0.04073
v -0.33401 0.47052 0.09382
v -0.37575 0.48255 0.12711
v -0.32000 0.47000 0.06000
v -0.34255 0.47000 0.11445
v -0.39700 0.47000 0.13700
v -0.45145 0.47000 0.11445
v -0.47400 0.47000 0.06000
v -0.45145 0.47000 0.00555
v -0.39700 0.47000 -0.01700
v -0.34255 0.47000 0.00555
v -0.32000 0.52000 0.06000
v -0.34255 0.52000 0.11445
v -0.39700 0.52000 0.13700
v -0.45145 0.52000 0.11445
v -0.47400 0.52000 0.06000
v -0.45145 0.52000 0.00555
v -0.39700 0.52000 -0.01700
v -0.34255 0.52000 0.00555
v -0.39700 0.28715 0.07000
v -0.33089 0.31727 0.07000
v -0.35025 0.31727 0.11675
v -0.39700 0.31727 0.13611
v -0.44375 0.31727 0.11675
v -0.46311 0.31727 0.07000
v -0.44375 0.31727 0.02325
v -0.39700 0.31727 0.00389
v -0.35025 0.31727 0.02325
v -0.30350 0.39000 0.07000
v -0.33089 0.39000 0.13611
v -0.39700 0.39000 0.16350
v -0.46311 0.39000 0.13611
v -0.49050 0.39000 0.07000
v -0.46311 0.39000 0.00389
v -0.39700 0.39000 -0.02350
v -0.33089 0.39000 0.00389
v -0.33089 0.46273 0.07000
v -0.35025 0.46273 0.11675
v -0.39700 0.46273 0.13611
v -0.44375 0.46273 0.11675
v -0.46311 0.46273 0.07000
v -0.44375 0.46273 0.02325
v -0.39700 0.46273 0.00389
v -0.35025 0.46273 0.02325
v -0.39700 0.49285 0.07000
v -0.33700 0.38150 0.12000
v -0.30366 0.40075 0.12000
v -0.32033 0.40075 0.14888
v -0.35367 0.40075 0.14888
v -0.37034 0.40075 0.12000
v -0.35367 0.40075 0.09113
v -0.32033 0.40075 0.09113
v -0.30366 0.43925 0.12000
v -0.32033 0.43925 0.14888
v -0.35367 0.43925 0.14888
v -0.37034 0.43925 0.12000
v -0.35367 0.43925 0.09113
v -0.32033 0.43925 0.09113
v -0.33700 0.45850 0.12000
vn 0.3780 -0.9125 0.1566
vn 0.1566 -0.9125 0.3780
vn -0.1566 -0.9125 0.3780
vn -0.3780 -0.9125 0.1566
vn -0.3780 -0.9125 -0.1566
vn -0.1566 -0.9125 -0.3780
vn 0.1566 -0.9125 -0.3780
vn 0.3780 -0.9125 -0.1566
vn 0.8629 -0.3574 0.3574
vn 0.8629 -0.3574 0.3574
vn 0.3574 -0.3574 0.8629
vn 0.3574 -0.3574 0.8629
vn -0.3574 -0.3574 0.8629
vn -0.3574 -0.3574 0.8629
vn -0.8629 -0.3574 0.3574
vn -0.8629 -0.3574 0.3574
vn -0.8629 -0.3574 -0.3574
vn -0.8629 -0.3574 -0.3574
vn -0.3574 -0.3574 -0.8629
vn -0.3574 -0.3574 -0.8629
vn 0.3574 -0.3574 -0.8629
vn 0.3574 -0.3574 -0.8629
vn 0.8629 -0.3574 -0.3574
vn 0.8629 -0.3574 -0.3574
vn 0.8629 0.3574 0.3574
vn 0.8629 0.3574 0.3574
vn 0.3574 0.3574 0.8629
vn 0.3574 0.3574 0.8629
vn -0.3574 0.3574 0.8629
vn -0.3574 0.3574 0.8629
vn -0.8629 0.3574 0.3574
vn -0.8629 0.3574 0.3574
vn -0.8629 0.3574 -0.3574
vn -0.8629 0.3574 -0.3574
vn -0.3574 0.3574 -0.8629
vn -0.3574 0.3574 -0.8629
vn 0.3574 0.3574 -0.8629
vn 0.3574 0.3574 -0.8629
vn 0.8629 0.3574 -0.3574
vn 0.8629 0.3574 -0.3574
vn 0.3780 0.9125 0.1566
vn 0.1566 0.9125 0.3780
vn -0.1566 0.9125 0.3780
vn -0.3780 0.9125 0.1566
vn -0.3780 0.9125 -0.1566
vn -0.1566 0.9125 -0.3780
vn 0.1566 0.9125 -0.3780
vn 0.3780 0.9125 -0.1566
vn -0.7052 0.4208 0.5706
vn -0.7034 0.4186 0.5744
vn -0.8907 0.4209 -0.1716
vn -0.8909 0.4209 -0.1710
vn -0.5625 0.1593 -0.8113
vn -0.5597 0.1589 -0.8134
vn 0.0870 -0.2109 -0.9736
vn 0.0928 -0.2116 -0.9729
vn 0.6772 -0.4730 -0.5636
vn 0.6807 -0.4723 -0.5600
vn 0.8626 -0.4733 0.1786
vn 0.8627 -0.4729 0.1793
vn 0.5347 -0.2114 0.8182
vn 0.5367 -0.2145 0.8161
vn -0.1148 0.1589 0.9806
vn -0.1104 0.1543 0.9818
vn -0.7678 0.1946 0.6105
vn -0.7654 0.1938 0.6137
vn -0.9926 0.0607 -0.1052
vn -0.9927 0.0607 -0.1046
vn -0.6427 -0.1237 -0.7561
vn -0.6402 -0.1235 -0.7582
vn 0.0800 -0.2520 -0.9644
vn 0.0856 -0.2509 -0.9642
vn 0.7564 -0.2488 -0.6050
vn 0.7594 -0.2470 -0.6019
vn 0.9866 -0.1145 0.1159
vn 0.9866 -0.1141 0.1165
vn 0.6316 0.0719 0.7719
vn 0.6342 0.0700 0.7700
vn -0.0965 0.1997 0.9751
vn -0.0915 0.1977 0.9760
vn 0.4674 0.8763 -0.1168
vn 0.4674 0.8763 -0.1168
vn 0.4674 0.8763 -0.1168
vn 0.4674 0.8763 -0.1168
vn 0.4674 0.8763 -0.1168
vn 0.4674 0.8763 -0.1168
vn -0.1078 -0.9705 0.2157
vn -0.1078 -0.9705 0.2157
vn -0.1078 -0.9705 0.2157
vn -0.1078 -0.9705 0.2157
vn -0.1078 -0.9705 0.2157
vn -0.1078 -0.9705 0.2157
vn 0.9239 0.0000 0.3827
vn 0.9239 0.0000 0.3827
vn 0.3827 0.0000 0.9239
vn 0.3827 0.0000 0.9239
vn -0.3827 0.0000 0.9239
vn -0.3827 0.0000 0.9239
vn -0.9239 0.0000 0.3827
vn -0.9239 0.0000 0.3827
vn -0.9239 0.0000 -0.3827
vn -0.9239 -0.0000 -0.3827
vn -0.3827 0.0000 -0.9239
vn -0.3827 -0.0000 -0.9239
vn 0.3827 0.0000 -0.9239
vn 0.3827 0.0000 -0.9239
vn 0.9239 0.0000 -0.3827
vn 0.9239 0.0000 -0.3827
vn 0.4086 -0.8969 0.1693
vn 0.1693 -0.8969 0.4086
vn -0.1693 -0.8969 0.4086
vn -0.4086 -0.8969 0.1693
vn -0.4086 -0.8969 -0.1693
vn -0.1693 -0.8969 -0.4086
vn 0.1693 -0.8969 -0.4086
vn 0.4086 -0.8969 -0.1693
vn 0.8726 -0.3286 0.3614
vn 0.8726 -0.3286 0.3614
vn 0.3614 -0.3286 0.8726
vn 0.3614 -0.3286 0.8726
vn -0.3614 -0.3286 0.8726
vn -0.3614 -0.3286 0.8726
vn -0.8726 -0.3286 0.3614
vn -0.8726 -0.3286 0.3614
vn -0.8726 -0.3286 -0.3614
vn -0.8726 -0.3286 -0.3614
vn -0.3614 -0.3286 -0.8726
vn -0.3614 -0.3286 -0.8726
vn 0.3614 -0.3286 -0.8726
vn 0.3614 -0.3286 -0.8726
vn 0.8726 -0.3286 -0.3614
vn 0.8726 -0.3286 -0.3614
vn 0.8726 0.3286 0.3614
vn 0.8726 0.3286 0.3614
vn 0.3614 0.3286 0.8726
vn 0.3614 0.3286 0.8726
vn -0.3614 0.3286 0.8726
vn -0.3614 0.3286 0.8726
vn -0.8726 0.3286 0.3614
vn -0.8726 0.3286 0.3614
vn -0.8726 0.3286 -0.3614
vn -0.8726 0.3286 -0.3614
vn -0.3614 0.3286 -0.8726
vn -0.3614 0.3286 -0.8726
vn 0.3614 0.3286 -0.8726
vn 0.3614 0.3286 -0.8726
vn 0.8726 0.3286 -0.3614
vn 0.8726 0.3286 -0.3614
vn 0.4086 0.8969 0.1693
vn 0.1693 0.8969 0.4086
vn -0.1693 0.8969 0.4086
vn -0.4086 0.8969 0.1693
vn -0.4086 0.8969 -0.1693
vn -0.1693 0.8969 -0.4086
vn 0.1693 0.8969 -0.4086
vn 0.4086 0.8969 -0.1693
vn 0.4804 -0.8321 0.2774
vn 0.0000 -0.8321 0.5547
vn -0.4804 -0.8321 0.2774
vn -0.4804 -0.8321 -0.2774
vn 0.0000 -0.8321 -0.5547
vn 0.4804 -0.8321 -0.2774
vn 0.8660 0.0000 0.5000
vn 0.8660 0.0000 0.5000
vn 0.0000 0.0000 1.0000
vn 0.0000 0.0000 1.0000
vn -0.8660 0.0000 0.5000
vn -0.8660 0.0000 0.5000
vn -0.8660 0.0000 -0.5000
vn -0.8660 -0.0000 -0.5000
vn 0.0000 0.0000 -1.0000
vn 0.0000 0.0000 -1.0000
vn 0.8660 0.0000 -0.5000
vn 0.8660 0.0000 -0.5000
vn 0.4804 0.8321 0.2774
vn 0.0000 0.8321 0.5547
vn -0.4804 0.8321 0.2774
vn -0.4804 0.8321 -0.2774
vn 0.0000 0.8321 -0.5547
vn 0.4804 0.8321 -0.2774
vn -0.9239 0.0000 -0.3827
vn -0.9239 0.0000 -0.3827
vn -0.3827 0.0000 -0.9239
vn -0.3827 0.0000 -0.9239
vn 0.3827 0.0000 -0.9239
vn 0.3827 0.0000 -0.9239
vn 0.9239 0.0000 -0.3827
vn 0.9239 0.0000 -0.3827
vn 0.9239 -0.0000 0.3827
vn 0.9239 -0.0000 0.3827
vn 0.3827 -0.0000 0.9239
vn 0.3827 -0.0000 0.9239
vn -0.3827 0.0000 0.9239
vn -0.3827 0.0000 0.9239
vn -0.9239 0.0000 0.3827
vn -0.9239 0.0000 0.3827
usemtl Mat_HeroWhite
f 846//1546 847//1546 845//1546
f 847//1547 848//1547 845//1547
f 848//1548 849//1548 845//1548
f 849//1549 850//1549 845//1549
f 850//1550 851//1550 845//1550
f 851//1551 852//1551 845//1551
f 852//1552 853//1552 845//1552
f 853//1553 846//1553 845//1553
f 854//1554 855//1554 847//1554
f 854//1555 847//1555 846//1555
f 855//1556 856//1556 848//1556
f 855//1557 848//1557 847//1557
f 856//1558 857//1558 849//1558
f 856//1559 849//1559 848//1559
f 857//1560 858//1560 850//1560
f 857//1561 850//1561 849//1561
f 858//1562 859//1562 851//1562
f 858//1563 851//1563 850//1563
f 859//1564 860//1564 852//1564
f 859//1565 852//1565 851//1565
f 860//1566 861//1566 853//1566
f 860//1567 853//1567 852//1567
f 861//1568 854//1568 846//1568
f 861//1569 846//1569 853//1569
f 862//1570 863//1570 855//1570
f 862//1571 855//1571 854//1571
f 863//1572 864//1572 856//1572
f 863//1573 856//1573 855//1573
f 864//1574 865//1574 857//1574
f 864//1575 857//1575 856//1575
f 865//1576 866//1576 858//1576
f 865//1577 858//1577 857//1577
f 866//1578 867//1578 859//1578
f 866//1579 859//1579 858//1579
f 867//1580 868//1580 860//1580
f 867//1581 860//1581 859//1581
f 868//1582 869//1582 861//1582
f 868//1583 861//1583 860//1583
f 869//1584 862//1584 854//1584
f 869//1585 854//1585 861//1585
f 870//1586 863//1586 862//1586
f 870//1587 864//1587 863//1587
f 870//1588 865//1588 864//1588
f 870//1589 866//1589 865//1589
f 870//1590 867//1590 866//1590
f 870//1591 868//1591 867//1591
f 870//1592 869//1592 868//1592
f 870//1593 862//1593 869//1593
f 871//1594 872//1594 880//1594
f 871//1595 880//1595 879//1595
f 872//1596 873//1596 881//1596
f 872//1597 881//1597 880//1597
f 873//1598 874//1598 882//1598
f 873//1599 882//1599 881//1599
f 874//1600 875//1600 883//1600
f 874//1601 883//1601 882//1601
f 875//1602 876//1602 884//1602
f 875//1603 884//1603 883//1603
f 876//1604 877//1604 885//1604
f 876//1605 885//1605 884//1605
f 877//1606 878//1606 886//1606
f 877//1607 886//1607 885//1607
f 878//1608 871//1608 879//1608
f 878//1609 879//1609 886//1609
f 879//1610 880//1610 888//1610
f 879//1611 888//1611 887//1611
f 880//1612 881//1612 889//1612
f 880//1613 889//1613 888//1613
f 881//1614 882//1614 890//1614
f 881//1615 890//1615 889//1615
f 882//1616 883//1616 891//1616
f 882//1617 891//1617 890//1617
f 883//1618 884//1618 892//1618
f 883//1619 892//1619 891//1619
f 884//1620 885//1620 893//1620
f 884//1621 893//1621 892//1621
f 885//1622 886//1622 894//1622
f 885//1623 894//1623 893//1623
f 886//1624 879//1624 887//1624
f 886//1625 887//1625 894//1625
f 878//1626 877//1626 876//1626
f 878//1627 876//1627 875//1627
f 878//1628 875//1628 874//1628
f 878//1629 874//1629 873//1629
f 878//1630 873//1630 872//1630
f 878//1631 872//1631 871//1631
f 887//1632 888//1632 889//1632
f 887//1633 889//1633 890//1633
f 887//1634 890//1634 891//1634
f 887//1635 891//1635 892//1635
f 887//1636 892//1636 893//1636
f 887//1637 893//1637 894//1637
usemtl Mat_BlipFinalTrim
f 903//1638 904//1638 896//1638
f 903//1639 896//1639 895//1639
f 904//1640 905//1640 897//1640
f 904//1641 897//1641 896//1641
f 905//1642 906//1642 898//1642
f 905//1643 898//1643 897//1643
f 906//1644 907//1644 899//1644
f 906//1645 899//1645 898//1645
f 907//1646 908//1646 900//1646
f 907//1647 900//1647 899//1647
f 908//1648 909//1648 901//1648
f 908//1649 901//1649 900//1649
f 909//1650 910//1650 902//1650
f 909//1651 902//1651 901//1651
f 910//1652 903//1652 895//1652
f 910//1653 895//1653 902//1653
f 912//1654 913//1654 911//1654
f 913//1655 914//1655 911//1655
f 914//1656 915//1656 911//1656
f 915//1657 916//1657 911//1657
f 916//1658 917//1658 911//1658
f 917//1659 918//1659 911//1659
f 918//1660 919//1660 911//1660
f 919//1661 912//1661 911//1661
f 920//1662 921//1662 913//1662
f 920//1663 913//1663 912//1663
f 921//1664 922//1664 914//1664
f 921//1665 914//1665 913//1665
f 922//1666 923//1666 915//1666
f 922//1667 915//1667 914//1667
f 923//1668 924//1668 916//1668
f 923//1669 916//1669 915//1669
f 924//1670 925//1670 917//1670
f 924//1671 917//1671 916//1671
f 925//1672 926//1672 918//1672
f 925//1673 918//1673 917//1673
f 926//1674 927//1674 919//1674
f 926//1675 919//1675 918//1675
f 927//1676 920//1676 912//1676
f 927//1677 912//1677 919//1677
f 928//1678 929//1678 921//1678
f 928//1679 921//1679 920//1679
f 929//1680 930//1680 922//1680
f 929//1681 922//1681 921//1681
f 930//1682 931//1682 923//1682
f 930//1683 923//1683 922//1683
f 931//1684 932//1684 924//1684
f 931//1685 924//1685 923//1685
f 932//1686 933//1686 925//1686
f 932//1687 925//1687 924//1687
f 933//1688 934//1688 926//1688
f 933//1689 926//1689 925//1689
f 934//1690 935//1690 927//1690
f 934//1691 927//1691 926//1691
f 935//1692 928//1692 920//1692
f 935//1693 920//1693 927//1693
f 936//1694 929//1694 928//1694
f 936//1695 930//1695 929//1695
f 936//1696 931//1696 930//1696
f 936//1697 932//1697 931//1697
f 936//1698 933//1698 932//1698
f 936//1699 934//1699 933//1699
f 936//1700 935//1700 934//1700
f 936//1701 928//1701 935//1701
f 938//1702 939//1702 937//1702
f 939//1703 940//1703 937//1703
f 940//1704 941//1704 937//1704
f 941//1705 942//1705 937//1705
f 942//1706 943//1706 937//1706
f 943//1707 938//1707 937//1707
f 944//1708 945//1708 939//1708
f 944//1709 939//1709 938//1709
f 945//1710 946//1710 940//1710
f 945//1711 940//1711 939//1711
f 946//1712 947//1712 941//1712
f 946//1713 941//1713 940//1713
f 947//1714 948//1714 942//1714
f 947//1715 942//1715 941//1715
f 948//1716 949//1716 943//1716
f 948//1717 943//1717 942//1717
f 949//1718 944//1718 938//1718
f 949//1719 938//1719 943//1719
f 950//1720 945//1720 944//1720
f 950//1721 946//1721 945//1721
f 950//1722 947//1722 946//1722
f 950//1723 948//1723 947//1723
f 950//1724 949//1724 948//1724
f 950//1725 944//1725 949//1725
f 896//1726 904//1726 903//1726
f 895//1727 896//1727 903//1727
f 897//1728 905//1728 904//1728
f 896//1729 897//1729 904//1729
f 898//1730 906//1730 905//1730
f 897//1731 898//1731 905//1731
f 899//1732 907//1732 906//1732
f 898//1733 899//1733 906//1733
f 900//1734 908//1734 907//1734
f 899//1735 900//1735 907//1735
f 901//1736 909//1736 908//1736
f 900//1737 901//1737 908//1737
f 902//1738 910//1738 909//1738
f 901//1739 902//1739 909//1739
f 895//1740 903//1740 910//1740
f 902//1741 895//1741 910//1741
o Char_Player_BlipJr_Leg_L
v 0.23650 0.46000 0.00000
v 0.20589 0.46000 -0.07389
v 0.13200 0.46000 -0.10450
v 0.05811 0.46000 -0.07389
v 0.02750 0.46000 -0.00000
v 0.05811 0.46000 0.07389
v 0.13200 0.46000 0.10450
v 0.20589 0.46000 0.07389
v 0.23100 0.10000 0.00000
v 0.20200 0.10000 -0.07000
v 0.13200 0.10000 -0.09900
v 0.06200 0.10000 -0.07000
v 0.03300 0.10000 -0.00000
v 0.06200 0.10000 0.07000
v 0.13200 0.10000 0.09900
v 0.20200 0.10000 0.07000
v 0.24200 0.20000 0.00000
v 0.20978 0.20000 0.07778
v 0.13200 0.20000 0.11000
v 0.05422 0.20000 0.07778
v 0.02200 0.20000 0.00000
v 0.05422 0.20000 -0.07778
v 0.13200 0.20000 -0.11000
v 0.20978 0.20000 -0.07778
v 0.24200 0.25000 0.00000
v 0.20978 0.25000 0.07778
v 0.13200 0.25000 0.11000
v 0.05422 0.25000 0.07778
v 0.02200 0.25000 0.00000
v 0.05422 0.25000 -0.07778
v 0.13200 0.25000 -0.11000
v 0.20978 0.25000 -0.07778
v 0.02200 0.00000 -0.12000
v 0.02200 0.00000 0.14000
v 0.02200 0.14000 -0.12000
v 0.02200 0.14000 0.14000
v 0.24200 0.00000 -0.12000
v 0.24200 0.00000 0.14000
v 0.24200 0.14000 -0.12000
v 0.24200 0.14000 0.14000
v 0.13200 0.04000 0.20000
v 0.13200 0.17000 -0.05000
v 0.01100 0.00000 -0.14000
v 0.25300 0.00000 -0.14000
v 0.25300 0.00000 0.18000
v 0.01100 0.00000 0.18000
v 0.01100 0.03500 -0.14000
v 0.25300 0.03500 -0.14000
v 0.25300 0.03500 0.18000
v 0.01100 0.03500 0.18000
vn 0.9238 -0.0141 -0.3826
vn 0.9238 -0.0141 -0.3826
vn 0.3826 -0.0141 -0.9238
vn 0.3826 -0.0141 -0.9238
vn -0.3826 -0.0141 -0.9238
vn -0.3826 -0.0141 -0.9238
vn -0.9238 -0.0141 -0.3826
vn -0.9238 -0.0141 -0.3826
vn -0.9238 -0.0141 0.3826
vn -0.9238 -0.0141 0.3826
vn -0.3826 -0.0141 0.9238
vn -0.3826 -0.0141 0.9238
vn 0.3826 -0.0141 0.9238
vn 0.3826 -0.0141 0.9238
vn 0.9238 -0.0141 0.3826
vn 0.9238 -0.0141 0.3826
vn -0.0000 -1.0000 0.0000
vn 0.0000 -1.0000 0.0000
vn 0.0000 -1.0000 0.0000
vn 0.0000 -1.0000 0.0000
vn 0.0000 -1.0000 -0.0000
vn 0.0000 -1.0000 0.0000
vn 0.0000 1.0000 0.0000
vn 0.0000 1.0000 0.0000
vn 0.0000 1.0000 0.0000
vn 0.0000 1.0000 0.0000
vn 0.0000 1.0000 0.0000
vn 0.0000 1.0000 0.0000
vn 0.9239 0.0000 0.3827
vn 0.9239 0.0000 0.3827
vn 0.3827 0.0000 0.9239
vn 0.3827 0.0000 0.9239
vn -0.3827 0.0000 0.9239
vn -0.3827 0.0000 0.9239
vn -0.9239 0.0000 0.3827
vn -0.9239 0.0000 0.3827
vn -0.9239 0.0000 -0.3827
vn -0.9239 -0.0000 -0.3827
vn -0.3827 0.0000 -0.9239
vn -0.3827 -0.0000 -0.9239
vn 0.3827 0.0000 -0.9239
vn 0.3827 0.0000 -0.9239
vn 0.9239 0.0000 -0.3827
vn 0.9239 0.0000 -0.3827
vn -0.2631 0.9648 0.0000
vn -0.4789 0.0000 0.8779
vn 0.0000 0.9878 0.1560
vn 0.0000 0.5145 0.8575
vn 0.0000 0.9191 -0.3939
vn 0.2631 0.9648 0.0000
vn 0.0000 -0.8321 0.5547
vn 0.4789 -0.0000 0.8779
vn -1.0000 -0.0000 -0.0000
vn -1.0000 0.0000 0.0000
vn 0.0000 0.0000 -1.0000
vn 0.0000 -0.0000 -1.0000
vn -0.0000 -1.0000 0.0000
vn 0.0000 -1.0000 0.0000
vn 1.0000 0.0000 0.0000
vn 1.0000 -0.0000 0.0000
vn -0.0000 1.0000 0.0000
vn 0.0000 1.0000 0.0000
vn 0.0000 0.0000 -1.0000
vn 0.0000 0.0000 -1.0000
vn 1.0000 0.0000 -0.0000
vn 1.0000 0.0000 0.0000
vn 0.0000 0.0000 1.0000
vn 0.0000 0.0000 1.0000
vn -1.0000 0.0000 -0.0000
vn -1.0000 -0.0000 0.0000
vn 0.0000 -1.0000 0.0000
vn 0.0000 -1.0000 0.0000
vn -0.9239 0.0000 -0.3827
vn -0.9239 0.0000 -0.3827
vn -0.3827 0.0000 -0.9239
vn -0.3827 0.0000 -0.9239
vn 0.3827 0.0000 -0.9239
vn 0.3827 0.0000 -0.9239
vn 0.9239 0.0000 -0.3827
vn 0.9239 0.0000 -0.3827
vn 0.9239 -0.0000 0.3827
vn 0.9239 -0.0000 0.3827
vn 0.3827 -0.0000 0.9239
vn 0.3827 -0.0000 0.9239
vn -0.3827 0.0000 0.9239
vn -0.3827 0.0000 0.9239
vn -0.9239 0.0000 0.3827
vn -0.9239 0.0000 0.3827
usemtl Mat_HeroWhite
f 959//1742 960//1742 952//1742
f 959//1743 952//1743 951//1743
f 960//1744 961//1744 953//1744
f 960//1745 953//1745 952//1745
f 961//1746 962//1746 954//1746
f 961//1747 954//1747 953//1747
f 962//1748 963//1748 955//1748
f 962//1749 955//1749 954//1749
f 963//1750 964//1750 956//1750
f 963//1751 956//1751 955//1751
f 964//1752 965//1752 957//1752
f 964//1753 957//1753 956//1753
f 965//1754 966//1754 958//1754
f 965//1755 958//1755 957//1755
f 966//1756 959//1756 951//1756
f 966//1757 951//1757 958//1757
f 966//1758 965//1758 964//1758
f 966//1759 964//1759 963//1759
f 966//1760 963//1760 962//1760
f 966//1761 962//1761 961//1761
f 966//1762 961//1762 960//1762
f 966//1763 960//1763 959//1763
f 951//1764 952//1764 953//1764
f 951//1765 953//1765 954//1765
f 951//1766 954//1766 955//1766
f 951//1767 955//1767 956//1767
f 951//1768 956//1768 957//1768
f 951//1769 957//1769 958//1769
usemtl Mat_BlipFinalTrim
f 975//1770 976//1770 968//1770
f 975//1771 968//1771 967//1771
f 976//1772 977//1772 969//1772
f 976//1773 969//1773 968//1773
f 977//1774 978//1774 970//1774
f 977//1775 970//1775 969//1775
f 978//1776 979//1776 971//1776
f 978//1777 971//1777 970//1777
f 979//1778 980//1778 972//1778
f 979//1779 972//1779 971//1779
f 980//1780 981//1780 973//1780
f 980//1781 973//1781 972//1781
f 981//1782 982//1782 974//1782
f 981//1783 974//1783 973//1783
f 982//1784 975//1784 967//1784
f 982//1785 967//1785 974//1785
f 985//1786 986//1786 992//1786
f 991//1787 986//1787 984//1787
f 992//1788 986//1788 990//1788
f 990//1789 986//1789 991//1789
f 989//1790 985//1790 992//1790
f 992//1791 990//1791 989//1791
f 991//1792 984//1792 988//1792
f 988//1793 990//1793 991//1793
f 986//1794 985//1794 984//1794
f 984//1795 985//1795 983//1795
f 983//1796 985//1796 989//1796
f 989//1797 987//1797 983//1797
f 988//1798 984//1798 983//1798
f 983//1799 987//1799 988//1799
f 987//1800 989//1800 988//1800
f 988//1801 989//1801 990//1801
usemtl Mat_DarkMetal
f 1000//1802 999//1802 998//1802
f 1000//1803 998//1803 997//1803
f 997//1804 998//1804 994//1804
f 997//1805 994//1805 993//1805
f 998//1806 999//1806 995//1806
f 998//1807 995//1807 994//1807
f 999//1808 1000//1808 996//1808
f 999//1809 996//1809 995//1809
f 1000//1810 997//1810 993//1810
f 1000//1811 993//1811 996//1811
f 994//1812 995//1812 996//1812
f 994//1813 996//1813 993//1813
usemtl Mat_BlipFinalTrim
f 968//1814 976//1814 975//1814
f 967//1815 968//1815 975//1815
f 969//1816 977//1816 976//1816
f 968//1817 969//1817 976//1817
f 970//1818 978//1818 977//1818
f 969//1819 970//1819 977//1819
f 971//1820 979//1820 978//1820
f 970//1821 971//1821 978//1821
f 972//1822 980//1822 979//1822
f 971//1823 972//1823 979//1823
f 973//1824 981//1824 980//1824
f 972//1825 973//1825 980//1825
f 974//1826 982//1826 981//1826
f 973//1827 974//1827 981//1827
f 967//1828 975//1828 982//1828
f 974//1829 967//1829 982//1829
o Char_Player_BlipJr_Leg_R
v -0.02750 0.46000 0.00000
v -0.05811 0.46000 -0.07389
v -0.13200 0.46000 -0.10450
v -0.20589 0.46000 -0.07389
v -0.23650 0.46000 -0.00000
v -0.20589 0.46000 0.07389
v -0.13200 0.46000 0.10450
v -0.05811 0.46000 0.07389
v -0.03300 0.10000 0.00000
v -0.06200 0.10000 -0.07000
v -0.13200 0.10000 -0.09900
v -0.20200 0.10000 -0.07000
v -0.23100 0.10000 -0.00000
v -0.20200 0.10000 0.07000
v -0.13200 0.10000 0.09900
v -0.06200 0.10000 0.07000
v -0.02200 0.20000 0.00000
v -0.05422 0.20000 0.07778
v -0.13200 0.20000 0.11000
v -0.20978 0.20000 0.07778
v -0.24200 0.20000 0.00000
v -0.20978 0.20000 -0.07778
v -0.13200 0.20000 -0.11000
v -0.05422 0.20000 -0.07778
v -0.02200 0.25000 0.00000
v -0.05422 0.25000 0.07778
v -0.13200 0.25000 0.11000
v -0.20978 0.25000 0.07778
v -0.24200 0.25000 0.00000
v -0.20978 0.25000 -0.07778
v -0.13200 0.25000 -0.11000
v -0.05422 0.25000 -0.07778
v -0.24200 0.00000 -0.12000
v -0.24200 0.00000 0.14000
v -0.24200 0.14000 -0.12000
v -0.24200 0.14000 0.14000
v -0.02200 0.00000 -0.12000
v -0.02200 0.00000 0.14000
v -0.02200 0.14000 -0.12000
v -0.02200 0.14000 0.14000
v -0.13200 0.04000 0.20000
v -0.13200 0.17000 -0.05000
v -0.25300 0.00000 -0.14000
v -0.01100 0.00000 -0.14000
v -0.01100 0.00000 0.18000
v -0.25300 0.00000 0.18000
v -0.25300 0.03500 -0.14000
v -0.01100 0.03500 -0.14000
v -0.01100 0.03500 0.18000
v -0.25300 0.03500 0.18000
vn 0.9238 -0.0141 -0.3826
vn 0.9238 -0.0141 -0.3826
vn 0.3826 -0.0141 -0.9238
vn 0.3826 -0.0141 -0.9238
vn -0.3826 -0.0141 -0.9238
vn -0.3826 -0.0141 -0.9238
vn -0.9238 -0.0141 -0.3826
vn -0.9238 -0.0141 -0.3826
vn -0.9238 -0.0141 0.3826
vn -0.9238 -0.0141 0.3826
vn -0.3826 -0.0141 0.9238
vn -0.3826 -0.0141 0.9238
vn 0.3826 -0.0141 0.9238
vn 0.3826 -0.0141 0.9238
vn 0.9238 -0.0141 0.3826
vn 0.9238 -0.0141 0.3826
vn -0.0000 -1.0000 0.0000
vn 0.0000 -1.0000 0.0000
vn 0.0000 -1.0000 0.0000
vn 0.0000 -1.0000 0.0000
vn 0.0000 -1.0000 -0.0000
vn 0.0000 -1.0000 0.0000
vn 0.0000 1.0000 0.0000
vn 0.0000 1.0000 0.0000
vn 0.0000 1.0000 0.0000
vn 0.0000 1.0000 0.0000
vn 0.0000 1.0000 0.0000
vn 0.0000 1.0000 0.0000
vn 0.9239 0.0000 0.3827
vn 0.9239 0.0000 0.3827
vn 0.3827 0.0000 0.9239
vn 0.3827 0.0000 0.9239
vn -0.3827 0.0000 0.9239
vn -0.3827 0.0000 0.9239
vn -0.9239 0.0000 0.3827
vn -0.9239 0.0000 0.3827
vn -0.9239 0.0000 -0.3827
vn -0.9239 -0.0000 -0.3827
vn -0.3827 0.0000 -0.9239
vn -0.3827 -0.0000 -0.9239
vn 0.3827 0.0000 -0.9239
vn 0.3827 0.0000 -0.9239
vn 0.9239 0.0000 -0.3827
vn 0.9239 0.0000 -0.3827
vn -0.2631 0.9648 0.0000
vn -0.4789 0.0000 0.8779
vn 0.0000 0.9878 0.1560
vn 0.0000 0.5145 0.8575
vn 0.0000 0.9191 -0.3939
vn 0.2631 0.9648 0.0000
vn 0.0000 -0.8321 0.5547
vn 0.4789 -0.0000 0.8779
vn -1.0000 -0.0000 -0.0000
vn -1.0000 0.0000 0.0000
vn 0.0000 0.0000 -1.0000
vn 0.0000 -0.0000 -1.0000
vn -0.0000 -1.0000 0.0000
vn 0.0000 -1.0000 0.0000
vn 1.0000 0.0000 0.0000
vn 1.0000 -0.0000 0.0000
vn -0.0000 1.0000 0.0000
vn 0.0000 1.0000 0.0000
vn 0.0000 0.0000 -1.0000
vn 0.0000 0.0000 -1.0000
vn 1.0000 0.0000 -0.0000
vn 1.0000 0.0000 0.0000
vn 0.0000 0.0000 1.0000
vn 0.0000 0.0000 1.0000
vn -1.0000 0.0000 -0.0000
vn -1.0000 -0.0000 0.0000
vn 0.0000 -1.0000 0.0000
vn 0.0000 -1.0000 0.0000
vn -0.9239 0.0000 -0.3827
vn -0.9239 0.0000 -0.3827
vn -0.3827 0.0000 -0.9239
vn -0.3827 0.0000 -0.9239
vn 0.3827 0.0000 -0.9239
vn 0.3827 0.0000 -0.9239
vn 0.9239 0.0000 -0.3827
vn 0.9239 0.0000 -0.3827
vn 0.9239 -0.0000 0.3827
vn 0.9239 -0.0000 0.3827
vn 0.3827 -0.0000 0.9239
vn 0.3827 -0.0000 0.9239
vn -0.3827 0.0000 0.9239
vn -0.3827 0.0000 0.9239
vn -0.9239 0.0000 0.3827
vn -0.9239 0.0000 0.3827
usemtl Mat_HeroWhite
f 1009//1830 1010//1830 1002//1830
f 1009//1831 1002//1831 1001//1831
f 1010//1832 1011//1832 1003//1832
f 1010//1833 1003//1833 1002//1833
f 1011//1834 1012//1834 1004//1834
f 1011//1835 1004//1835 1003//1835
f 1012//1836 1013//1836 1005//1836
f 1012//1837 1005//1837 1004//1837
f 1013//1838 1014//1838 1006//1838
f 1013//1839 1006//1839 1005//1839
f 1014//1840 1015//1840 1007//1840
f 1014//1841 1007//1841 1006//1841
f 1015//1842 1016//1842 1008//1842
f 1015//1843 1008//1843 1007//1843
f 1016//1844 1009//1844 1001//1844
f 1016//1845 1001//1845 1008//1845
f 1016//1846 1015//1846 1014//1846
f 1016//1847 1014//1847 1013//1847
f 1016//1848 1013//1848 1012//1848
f 1016//1849 1012//1849 1011//1849
f 1016//1850 1011//1850 1010//1850
f 1016//1851 1010//1851 1009//1851
f 1001//1852 1002//1852 1003//1852
f 1001//1853 1003//1853 1004//1853
f 1001//1854 1004//1854 1005//1854
f 1001//1855 1005//1855 1006//1855
f 1001//1856 1006//1856 1007//1856
f 1001//1857 1007//1857 1008//1857
usemtl Mat_BlipFinalTrim
f 1025//1858 1026//1858 1018//1858
f 1025//1859 1018//1859 1017//1859
f 1026//1860 1027//1860 1019//1860
f 1026//1861 1019//1861 1018//1861
f 1027//1862 1028//1862 1020//1862
f 1027//1863 1020//1863 1019//1863
f 1028//1864 1029//1864 1021//1864
f 1028//1865 1021//1865 1020//1865
f 1029//1866 1030//1866 1022//1866
f 1029//1867 1022//1867 1021//1867
f 1030//1868 1031//1868 1023//1868
f 1030//1869 1023//1869 1022//1869
f 1031//1870 1032//1870 1024//1870
f 1031//1871 1024//1871 1023//1871
f 1032//1872 1025//1872 1017//1872
f 1032//1873 1017//1873 1024//1873
f 1035//1874 1036//1874 1042//1874
f 1041//1875 1036//1875 1034//1875
f 1042//1876 1036//1876 1040//1876
f 1040//1877 1036//1877 1041//1877
f 1039//1878 1035//1878 1042//1878
f 1042//1879 1040//1879 1039//1879
f 1041//1880 1034//1880 1038//1880
f 1038//1881 1040//1881 1041//1881
f 1036//1882 1035//1882 1034//1882
f 1034//1883 1035//1883 1033//1883
f 1033//1884 1035//1884 1039//1884
f 1039//1885 1037//1885 1033//1885
f 1038//1886 1034//1886 1033//1886
f 1033//1887 1037//1887 1038//1887
f 1037//1888 1039//1888 1038//1888
f 1038//1889 1039//1889 1040//1889
usemtl Mat_DarkMetal
f 1050//1890 1049//1890 1048//1890
f 1050//1891 1048//1891 1047//1891
f 1047//1892 1048//1892 1044//1892
f 1047//1893 1044//1893 1043//1893
f 1048//1894 1049//1894 1045//1894
f 1048//1895 1045//1895 1044//1895
f 1049//1896 1050//1896 1046//1896
f 1049//1897 1046//1897 1045//1897
f 1050//1898 1047//1898 1043//1898
f 1050//1899 1043//1899 1046//1899
f 1044//1900 1045//1900 1046//1900
f 1044//1901 1046//1901 1043//1901
usemtl Mat_BlipFinalTrim
f 1018//1902 1026//1902 1025//1902
f 1017//1903 1018//1903 1025//1903
f 1019//1904 1027//1904 1026//1904
f 1018//1905 1019//1905 1026//1905
f 1020//1906 1028//1906 1027//1906
f 1019//1907 1020//1907 1027//1907
f 1021//1908 1029//1908 1028//1908
f 1020//1909 1021//1909 1028//1909
f 1022//1910 1030//1910 1029//1910
f 1021//1911 1022//1911 1029//1911
f 1023//1912 1031//1912 1030//1912
f 1022//1913 1023//1913 1030//1913
f 1024//1914 1032//1914 1031//1914
f 1023//1915 1024//1915 1031//1915
f 1017//1916 1025//1916 1032//1916
f 1024//1917 1017//1917 1032//1917
