# Alien Wild West asset pack - OBJ fallback. Y up, 1 unit = 1 m.
mtllib AlienWildWest.mtl
o Char_Native_Shopkeeper_Body
v 0.00000 0.20000 0.00000
v 0.32400 0.23000 0.00000
v 0.29934 0.23000 0.11407
v 0.22910 0.23000 0.21077
v 0.12399 0.23000 0.27539
v 0.00000 0.23000 0.29808
v -0.12399 0.23000 0.27539
v -0.22910 0.23000 0.21077
v -0.29934 0.23000 0.11407
v -0.32400 0.23000 0.00000
v -0.29934 0.23000 -0.11407
v -0.22910 0.23000 -0.21077
v -0.12399 0.23000 -0.27539
v -0.00000 0.23000 -0.29808
v 0.12399 0.23000 -0.27539
v 0.22910 0.23000 -0.21077
v 0.29934 0.23000 -0.11407
v 0.45360 0.39900 0.00000
v 0.41907 0.39900 0.15970
v 0.32074 0.39900 0.29508
v 0.17359 0.39900 0.38555
v 0.00000 0.39900 0.41731
v -0.17359 0.39900 0.38555
v -0.32074 0.39900 0.29508
v -0.41907 0.39900 0.15970
v -0.45360 0.39900 0.00000
v -0.41907 0.39900 -0.15970
v -0.32074 0.39900 -0.29508
v -0.17359 0.39900 -0.38555
v -0.00000 0.39900 -0.41731
v 0.17359 0.39900 -0.38555
v 0.32074 0.39900 -0.29508
v 0.41907 0.39900 -0.15970
v 0.46440 0.61750 0.00000
v 0.42905 0.61750 0.16350
v 0.32838 0.61750 0.30211
v 0.17772 0.61750 0.39473
v 0.00000 0.61750 0.42725
v -0.17772 0.61750 0.39473
v -0.32838 0.61750 0.30211
v -0.42905 0.61750 0.16350
v -0.46440 0.61750 0.00000
v -0.42905 0.61750 -0.16350
v -0.32838 0.61750 -0.30211
v -0.17772 0.61750 -0.39473
v -0.00000 0.61750 -0.42725
v 0.17772 0.61750 -0.39473
v 0.32838 0.61750 -0.30211
v 0.42905 0.61750 -0.16350
v 0.41040 0.83600 0.00000
v 0.37916 0.83600 0.14449
v 0.29020 0.83600 0.26698
v 0.15705 0.83600 0.34883
v 0.00000 0.83600 0.37757
v -0.15705 0.83600 0.34883
v -0.29020 0.83600 0.26698
v -0.37916 0.83600 0.14449
v -0.41040 0.83600 0.00000
v -0.37916 0.83600 -0.14449
v -0.29020 0.83600 -0.26698
v -0.15705 0.83600 -0.34883
v -0.00000 0.83600 -0.37757
v 0.15705 0.83600 -0.34883
v 0.29020 0.83600 -0.26698
v 0.37916 0.83600 -0.14449
v 0.29160 1.00700 0.00000
v 0.26940 1.00700 0.10266
v 0.20619 1.00700 0.18970
v 0.11159 1.00700 0.24785
v 0.00000 1.00700 0.26827
v -0.11159 1.00700 0.24785
v -0.20619 1.00700 0.18970
v -0.26940 1.00700 0.10266
v -0.29160 1.00700 0.00000
v -0.26940 1.00700 -0.10266
v -0.20619 1.00700 -0.18970
v -0.11159 1.00700 -0.24785
v -0.00000 1.00700 -0.26827
v 0.11159 1.00700 -0.24785
v 0.20619 1.00700 -0.18970
v 0.26940 1.00700 -0.10266
v 0.12960 1.09250 0.00000
v 0.11973 1.09250 0.04563
v 0.09164 1.09250 0.08431
v 0.04960 1.09250 0.11016
v 0.00000 1.09250 0.11923
v -0.04960 1.09250 0.11016
v -0.09164 1.09250 0.08431
v -0.11973 1.09250 0.04563
v -0.12960 1.09250 0.00000
v -0.11973 1.09250 -0.04563
v -0.09164 1.09250 -0.08431
v -0.04960 1.09250 -0.11016
v -0.00000 1.09250 -0.11923
v 0.04960 1.09250 -0.11016
v 0.09164 1.09250 -0.08431
v 0.11973 1.09250 -0.04563
v 0.00000 1.11150 0.00000
v 0.00000 0.26000 0.15120
v 0.27000 0.30000 0.15120
v 0.23383 0.30000 0.23220
v 0.13500 0.30000 0.29150
v 0.00000 0.30000 0.31320
v -0.13500 0.30000 0.29150
v -0.23383 0.30000 0.23220
v -0.27000 0.30000 0.15120
v -0.23383 0.30000 0.07020
v -0.13500 0.30000 0.01090
v -0.00000 0.30000 -0.01080
v 0.13500 0.30000 0.01090
v 0.23383 0.30000 0.07020
v 0.32400 0.42750 0.15120
v 0.28059 0.42750 0.24840
v 0.16200 0.42750 0.31956
v 0.00000 0.42750 0.34560
v -0.16200 0.42750 0.31956
v -0.28059 0.42750 0.24840
v -0.32400 0.42750 0.15120
v -0.28059 0.42750 0.05400
v -0.16200 0.42750 -0.01716
v -0.00000 0.42750 -0.04320
v 0.16200 0.42750 -0.01716
v 0.28059 0.42750 0.05400
v 0.27000 0.58900 0.15120
v 0.23383 0.58900 0.23220
v 0.13500 0.58900 0.29150
v 0.00000 0.58900 0.31320
v -0.13500 0.58900 0.29150
v -0.23383 0.58900 0.23220
v -0.27000 0.58900 0.15120
v -0.23383 0.58900 0.07020
v -0.13500 0.58900 0.01090
v -0.00000 0.58900 -0.01080
v 0.13500 0.58900 0.01090
v 0.23383 0.58900 0.07020
v 0.00000 0.64600 0.15120
v 0.24285 0.23000 0.22342
v 0.13143 0.23000 0.29191
v 0.00000 0.23000 0.31596
v -0.13143 0.23000 0.29191
v -0.24285 0.23000 0.22342
v 0.33999 0.39900 0.31279
v 0.18400 0.39900 0.40868
v 0.00000 0.39900 0.44235
v -0.18400 0.39900 0.40868
v -0.33999 0.39900 0.31279
v 0.34808 0.61750 0.32024
v 0.18838 0.61750 0.41841
v 0.00000 0.61750 0.45288
v -0.18838 0.61750 0.41841
v -0.34808 0.61750 0.32024
v 0.16909 0.47985 0.47201
v 0.17865 0.47500 0.45884
v 0.19091 0.47015 0.46953
v 0.18135 0.47500 0.48269
v 0.21909 0.59385 0.46633
v 0.22865 0.58900 0.45316
v 0.24091 0.58415 0.46385
v 0.23135 0.58900 0.47701
v -0.45543 0.39755 0.02000
v -0.46641 0.41657 0.07303
v -0.49293 0.46250 0.09500
v -0.51944 0.50843 0.07303
v -0.53043 0.52745 0.02000
v -0.51944 0.50843 -0.03303
v -0.49293 0.46250 -0.05500
v -0.46641 0.41657 -0.03303
v -0.42079 0.41755 0.02000
v -0.43177 0.43657 0.07303
v -0.45829 0.48250 0.09500
v -0.48480 0.52843 0.07303
v -0.49579 0.54745 0.02000
v -0.48480 0.52843 -0.03303
v -0.45829 0.48250 -0.05500
v -0.43177 0.43657 -0.03303
v 0.53043 0.52745 0.02000
v 0.51944 0.50843 0.07303
v 0.49293 0.46250 0.09500
v 0.46641 0.41657 0.07303
v 0.45543 0.39755 0.02000
v 0.46641 0.41657 -0.03303
v 0.49293 0.46250 -0.05500
v 0.51944 0.50843 -0.03303
v 0.49579 0.54745 0.02000
v 0.48480 0.52843 0.07303
v 0.45829 0.48250 0.09500
v 0.43177 0.43657 0.07303
v 0.42079 0.41755 0.02000
v 0.43177 0.43657 -0.03303
v 0.45829 0.48250 -0.05500
v 0.48480 0.52843 -0.03303
vn 0.0922 -0.9955 0.0199
vn 0.0781 -0.9953 0.0567
vn 0.0522 -0.9950 0.0849
vn 0.0183 -0.9948 0.1001
vn -0.0183 -0.9948 0.1001
vn -0.0522 -0.9950 0.0849
vn -0.0781 -0.9953 0.0567
vn -0.0922 -0.9955 0.0199
vn -0.0922 -0.9955 -0.0199
vn -0.0781 -0.9953 -0.0567
vn -0.0522 -0.9950 -0.0849
vn -0.0183 -0.9948 -0.1001
vn 0.0183 -0.9948 -0.1001
vn 0.0522 -0.9950 -0.0849
vn 0.0781 -0.9953 -0.0567
vn 0.0922 -0.9955 -0.0199
vn 0.7821 -0.5998 0.1691
vn 0.7821 -0.5998 0.1691
vn 0.6529 -0.5906 0.4742
vn 0.6529 -0.5906 0.4742
vn 0.4272 -0.5784 0.6950
vn 0.4272 -0.5784 0.6950
vn 0.1479 -0.5701 0.8081
vn 0.1479 -0.5701 0.8081
vn -0.1479 -0.5701 0.8081
vn -0.1479 -0.5701 0.8081
vn -0.4272 -0.5784 0.6950
vn -0.4272 -0.5784 0.6950
vn -0.6529 -0.5906 0.4742
vn -0.6529 -0.5906 0.4742
vn -0.7821 -0.5998 0.1691
vn -0.7821 -0.5998 0.1691
vn -0.7821 -0.5998 -0.1691
vn -0.7821 -0.5998 -0.1691
vn -0.6529 -0.5906 -0.4742
vn -0.6529 -0.5906 -0.4742
vn -0.4272 -0.5784 -0.6950
vn -0.4272 -0.5784 -0.6950
vn -0.1479 -0.5701 -0.8081
vn -0.1479 -0.5701 -0.8081
vn 0.1479 -0.5701 -0.8081
vn 0.1479 -0.5701 -0.8081
vn 0.4272 -0.5784 -0.6950
vn 0.4272 -0.5784 -0.6950
vn 0.6529 -0.5906 -0.4742
vn 0.6529 -0.5906 -0.4742
vn 0.7821 -0.5998 -0.1691
vn 0.7821 -0.5998 -0.1691
vn 0.9763 -0.0483 0.2111
vn 0.9763 -0.0483 0.2111
vn 0.8082 -0.0471 0.5870
vn 0.8082 -0.0471 0.5870
vn 0.5231 -0.0456 0.8510
vn 0.5231 -0.0456 0.8510
vn 0.1798 -0.0447 0.9827
vn 0.1798 -0.0447 0.9827
vn -0.1798 -0.0447 0.9827
vn -0.1798 -0.0447 0.9827
vn -0.5231 -0.0456 0.8510
vn -0.5231 -0.0456 0.8510
vn -0.8082 -0.0471 0.5870
vn -0.8082 -0.0471 0.5870
vn -0.9763 -0.0483 0.2111
vn -0.9763 -0.0483 0.2111
vn -0.9763 -0.0483 -0.2111
vn -0.9763 -0.0483 -0.2111
vn -0.8082 -0.0471 -0.5870
vn -0.8082 -0.0471 -0.5870
vn -0.5231 -0.0456 -0.8510
vn -0.5231 -0.0456 -0.8510
vn -0.1798 -0.0447 -0.9827
vn -0.1798 -0.0447 -0.9827
vn 0.1798 -0.0447 -0.9827
vn 0.1798 -0.0447 -0.9827
vn 0.5231 -0.0456 -0.8510
vn 0.5231 -0.0456 -0.8510
vn 0.8082 -0.0471 -0.5870
vn 0.8082 -0.0471 -0.5870
vn 0.9763 -0.0483 -0.2111
vn 0.9763 -0.0483 -0.2111
vn 0.9501 0.2348 0.2054
vn 0.9501 0.2348 0.2054
vn 0.7875 0.2296 0.5720
vn 0.7875 0.2296 0.5720
vn 0.5105 0.2227 0.8305
vn 0.5105 0.2227 0.8305
vn 0.1757 0.2183 0.9599
vn 0.1757 0.2183 0.9599
vn -0.1757 0.2183 0.9599
vn -0.1757 0.2183 0.9599
vn -0.5105 0.2227 0.8305
vn -0.5105 0.2227 0.8305
vn -0.7875 0.2296 0.5720
vn -0.7875 0.2296 0.5720
vn -0.9501 0.2348 0.2054
vn -0.9501 0.2348 0.2054
vn -0.9501 0.2348 -0.2054
vn -0.9501 0.2348 -0.2054
vn -0.7875 0.2296 -0.5720
vn -0.7875 0.2296 -0.5720
vn -0.5105 0.2227 -0.8305
vn -0.5105 0.2227 -0.8305
vn -0.1757 0.2183 -0.9599
vn -0.1757 0.2183 -0.9599
vn 0.1757 0.2183 -0.9599
vn 0.1757 0.2183 -0.9599
vn 0.5105 0.2227 -0.8305
vn 0.5105 0.2227 -0.8305
vn 0.7875 0.2296 -0.5720
vn 0.7875 0.2296 -0.5720
vn 0.9501 0.2348 -0.2054
vn 0.9501 0.2348 -0.2054
vn 0.8086 0.5618 0.1748
vn 0.8086 0.5618 0.1748
vn 0.6743 0.5526 0.4898
vn 0.6743 0.5526 0.4898
vn 0.4406 0.5404 0.7168
vn 0.4406 0.5404 0.7168
vn 0.1524 0.5323 0.8328
vn 0.1524 0.5323 0.8328
vn -0.1524 0.5323 0.8328
vn -0.1524 0.5323 0.8328
vn -0.4406 0.5404 0.7168
vn -0.4406 0.5404 0.7168
vn -0.6743 0.5526 0.4898
vn -0.6743 0.5526 0.4898
vn -0.8086 0.5618 0.1748
vn -0.8086 0.5618 0.1748
vn -0.8086 0.5618 -0.1748
vn -0.8086 0.5618 -0.1748
vn -0.6743 0.5526 -0.4898
vn -0.6743 0.5526 -0.4898
vn -0.4406 0.5404 -0.7168
vn -0.4406 0.5404 -0.7168
vn -0.1524 0.5323 -0.8328
vn -0.1524 0.5323 -0.8328
vn 0.1524 0.5323 -0.8328
vn 0.1524 0.5323 -0.8328
vn 0.4406 0.5404 -0.7168
vn 0.4406 0.5404 -0.7168
vn 0.6743 0.5526 -0.4898
vn 0.6743 0.5526 -0.4898
vn 0.8086 0.5618 -0.1748
vn 0.8086 0.5618 -0.1748
vn 0.4644 0.8799 0.1004
vn 0.4644 0.8799 0.1004
vn 0.3915 0.8751 0.2844
vn 0.3915 0.8751 0.2844
vn 0.2596 0.8684 0.4224
vn 0.2596 0.8684 0.4224
vn 0.0907 0.8638 0.4956
vn 0.0907 0.8638 0.4956
vn -0.0907 0.8638 0.4956
vn -0.0907 0.8638 0.4956
vn -0.2596 0.8684 0.4224
vn -0.2596 0.8684 0.4224
vn -0.3915 0.8751 0.2844
vn -0.3915 0.8751 0.2844
vn -0.4644 0.8799 0.1004
vn -0.4644 0.8799 0.1004
vn -0.4644 0.8799 -0.1004
vn -0.4644 0.8799 -0.1004
vn -0.3915 0.8751 -0.2844
vn -0.3915 0.8751 -0.2844
vn -0.2596 0.8684 -0.4224
vn -0.2596 0.8684 -0.4224
vn -0.0907 0.8638 -0.4956
vn -0.0907 0.8638 -0.4956
vn 0.0907 0.8638 -0.4956
vn 0.0907 0.8638 -0.4956
vn 0.2596 0.8684 -0.4224
vn 0.2596 0.8684 -0.4224
vn 0.3915 0.8751 -0.2844
vn 0.3915 0.8751 -0.2844
vn 0.4644 0.8799 -0.1004
vn 0.4644 0.8799 -0.1004
vn 0.1450 0.9889 0.0313
vn 0.1228 0.9884 0.0892
vn 0.0820 0.9877 0.1334
vn 0.0288 0.9871 0.1573
vn -0.0288 0.9871 0.1573
vn -0.0820 0.9877 0.1334
vn -0.1228 0.9884 0.0892
vn -0.1450 0.9889 0.0313
vn -0.1450 0.9889 -0.0313
vn -0.1228 0.9884 -0.0892
vn -0.0820 0.9877 -0.1334
vn -0.0288 0.9871 -0.1573
vn 0.0288 0.9871 -0.1573
vn 0.0820 0.9877 -0.1334
vn 0.1228 0.9884 -0.0892
vn 0.1450 0.9889 -0.0313
vn 0.1462 -0.9871 0.0653
vn 0.1061 -0.9785 0.1769
vn 0.0385 -0.9701 0.2395
vn -0.0385 -0.9701 0.2395
vn -0.1061 -0.9785 0.1769
vn -0.1462 -0.9871 0.0653
vn -0.1462 -0.9871 -0.0653
vn -0.1061 -0.9785 -0.1769
vn -0.0385 -0.9701 -0.2395
vn 0.0385 -0.9701 -0.2395
vn 0.1061 -0.9785 -0.1769
vn 0.1462 -0.9871 -0.0653
vn 0.8516 -0.3607 0.3803
vn 0.8516 -0.3607 0.3803
vn 0.4931 -0.2853 0.8219
vn 0.4931 -0.2853 0.8219
vn 0.1540 -0.2434 0.9576
vn 0.1540 -0.2434 0.9576
vn -0.1540 -0.2434 0.9576
vn -0.1540 -0.2434 0.9576
vn -0.4931 -0.2853 0.8219
vn -0.4931 -0.2853 0.8219
vn -0.8516 -0.3607 0.3803
vn -0.8516 -0.3607 0.3803
vn -0.8516 -0.3607 -0.3803
vn -0.8516 -0.3607 -0.3803
vn -0.4931 -0.2853 -0.8219
vn -0.4931 -0.2853 -0.8219
vn -0.1540 -0.2434 -0.9576
vn -0.1540 -0.2434 -0.9576
vn 0.1540 -0.2434 -0.9576
vn 0.1540 -0.2434 -0.9576
vn 0.4931 -0.2853 -0.8219
vn 0.4931 -0.2853 -0.8219
vn 0.8516 -0.3607 -0.3803
vn 0.8516 -0.3607 -0.3803
vn 0.8733 0.2920 0.3900
vn 0.8733 0.2920 0.3900
vn 0.5009 0.2288 0.8348
vn 0.5009 0.2288 0.8348
vn 0.1557 0.1943 0.9685
vn 0.1557 0.1943 0.9685
vn -0.1557 0.1943 0.9685
vn -0.1557 0.1943 0.9685
vn -0.5009 0.2288 0.8348
vn -0.5009 0.2288 0.8348
vn -0.8733 0.2920 0.3900
vn -0.8733 0.2920 0.3900
vn -0.8733 0.2920 -0.3900
vn -0.8733 0.2920 -0.3900
vn -0.5009 0.2288 -0.8348
vn -0.5009 0.2288 -0.8348
vn -0.1557 0.1943 -0.9685
vn -0.1557 0.1943 -0.9685
vn 0.1557 0.1943 -0.9685
vn 0.1557 0.1943 -0.9685
vn 0.5009 0.2288 -0.8348
vn 0.5009 0.2288 -0.8348
vn 0.8733 0.2920 -0.3900
vn 0.8733 0.2920 -0.3900
vn 0.2057 0.9743 0.0919
vn 0.1480 0.9577 0.2467
vn 0.0533 0.9420 0.3314
vn -0.0533 0.9420 0.3314
vn -0.1480 0.9577 0.2467
vn -0.2057 0.9743 0.0919
vn -0.2057 0.9743 -0.0919
vn -0.1480 0.9577 -0.2467
vn -0.0533 0.9420 -0.3314
vn 0.0533 0.9420 -0.3314
vn 0.1480 0.9577 -0.2467
vn 0.2057 0.9743 -0.0919
vn 0.4186 -0.6008 0.6810
vn 0.4186 -0.6008 0.6810
vn 0.1450 -0.5926 0.7924
vn 0.1450 -0.5926 0.7924
vn -0.1450 -0.5926 0.7924
vn -0.1450 -0.5926 0.7924
vn -0.4186 -0.6008 0.6810
vn -0.4186 -0.6008 0.6810
vn 0.5231 -0.0484 0.8509
vn 0.5231 -0.0484 0.8509
vn 0.1798 -0.0474 0.9826
vn 0.1798 -0.0474 0.9826
vn -0.1798 -0.0474 0.9826
vn -0.1798 -0.0474 0.9826
vn -0.5231 -0.0484 0.8509
vn -0.5231 -0.0484 0.8509
vn -0.7226 0.2855 -0.6296
vn -0.7226 0.2855 -0.6296
vn 0.5629 -0.2855 -0.7756
vn 0.5629 -0.2855 -0.7756
vn 0.7226 -0.2855 0.6296
vn 0.7226 -0.2855 0.6296
vn -0.5629 0.2855 0.7756
vn -0.5629 0.2855 0.7756
vn 0.4012 0.9148 -0.0456
vn 0.4012 0.9148 -0.0456
vn -0.4012 -0.9148 0.0456
vn -0.4012 -0.9148 0.0456
vn 0.4619 -0.8001 0.3827
vn 0.4619 -0.8001 0.3827
vn 0.1913 -0.3314 0.9239
vn 0.1913 -0.3314 0.9239
vn -0.1913 0.3314 0.9239
vn -0.1913 0.3314 0.9239
vn -0.4619 0.8001 0.3827
vn -0.4619 0.8001 0.3827
vn -0.4619 0.8001 -0.3827
vn -0.4619 0.8001 -0.3827
vn -0.1913 0.3314 -0.9239
vn -0.1913 0.3314 -0.9239
vn 0.1913 -0.3314 -0.9239
vn 0.1913 -0.3314 -0.9239
vn 0.4619 -0.8001 -0.3827
vn 0.4619 -0.8001 -0.3827
vn 0.4619 0.8001 0.3827
vn 0.4619 0.8001 0.3827
vn 0.1913 0.3314 0.9239
vn 0.1913 0.3314 0.9239
vn -0.1913 -0.3314 0.9239
vn -0.1913 -0.3314 0.9239
vn -0.4619 -0.8001 0.3827
vn -0.4619 -0.8001 0.3827
vn -0.4619 -0.8001 -0.3827
vn -0.4619 -0.8001 -0.3827
vn -0.1913 -0.3314 -0.9239
vn -0.1913 -0.3314 -0.9239
vn 0.1913 0.3314 -0.9239
vn 0.1913 0.3314 -0.9239
vn 0.4619 0.8001 -0.3827
vn 0.4619 0.8001 -0.3827
vn -0.4186 0.6008 -0.6810
vn -0.4186 0.6008 -0.6810
vn -0.1450 0.5926 -0.7924
vn -0.1450 0.5926 -0.7924
vn 0.1450 0.5926 -0.7924
vn 0.1450 0.5926 -0.7924
vn 0.4186 0.6008 -0.6810
vn 0.4186 0.6008 -0.6810
vn -0.5231 0.0484 -0.8509
vn -0.5231 0.0484 -0.8509
vn -0.1798 0.0474 -0.9826
vn -0.1798 0.0474 -0.9826
vn 0.1798 0.0474 -0.9826
vn 0.1798 0.0474 -0.9826
vn 0.5231 0.0484 -0.8509
vn 0.5231 0.0484 -0.8509
vn -0.4619 0.8001 -0.3827
vn -0.4619 0.8001 -0.3827
vn -0.1913 0.3314 -0.9239
vn -0.1913 0.3314 -0.9239
vn 0.1913 -0.3314 -0.9239
vn 0.1913 -0.3314 -0.9239
vn 0.4619 -0.8001 -0.3827
vn 0.4619 -0.8001 -0.3827
vn 0.4619 -0.8001 0.3827
vn 0.4619 -0.8001 0.3827
vn 0.1913 -0.3314 0.9239
vn 0.1913 -0.3314 0.9239
vn -0.1913 0.3314 0.9239
vn -0.1913 0.3314 0.9239
vn -0.4619 0.8001 0.3827
vn -0.4619 0.8001 0.3827
vn -0.4619 -0.8001 -0.3827
vn -0.4619 -0.8001 -0.3827
vn -0.1913 -0.3314 -0.9239
vn -0.1913 -0.3314 -0.9239
vn 0.1913 0.3314 -0.9239
vn 0.1913 0.3314 -0.9239
vn 0.4619 0.8001 -0.3827
vn 0.4619 0.8001 -0.3827
vn 0.4619 0.8001 0.3827
vn 0.4619 0.8001 0.3827
vn 0.1913 0.3314 0.9239
vn 0.1913 0.3314 0.9239
vn -0.1913 -0.3314 0.9239
vn -0.1913 -0.3314 0.9239
vn -0.4619 -0.8001 0.3827
vn -0.4619 -0.8001 0.3827
usemtl Mat_Gum_peach
f 2//1 3//1 1//1
f 3//2 4//2 1//2
f 4//3 5//3 1//3
f 5//4 6//4 1//4
f 6//5 7//5 1//5
f 7//6 8//6 1//6
f 8//7 9//7 1//7
f 9//8 10//8 1//8
f 10//9 11//9 1//9
f 11//10 12//10 1//10
f 12//11 13//11 1//11
f 13//12 14//12 1//12
f 14//13 15//13 1//13
f 15//14 16//14 1//14
f 16//15 17//15 1//15
f 17//16 2//16 1//16
f 18//17 19//17 3//17
f 18//18 3//18 2//18
f 19//19 20//19 4//19
f 19//20 4//20 3//20
f 20//21 21//21 5//21
f 20//22 5//22 4//22
f 21//23 22//23 6//23
f 21//24 6//24 5//24
f 22//25 23//25 7//25
f 22//26 7//26 6//26
f 23//27 24//27 8//27
f 23//28 8//28 7//28
f 24//29 25//29 9//29
f 24//30 9//30 8//30
f 25//31 26//31 10//31
f 25//32 10//32 9//32
f 26//33 27//33 11//33
f 26//34 11//34 10//34
f 27//35 28//35 12//35
f 27//36 12//36 11//36
f 28//37 29//37 13//37
f 28//38 13//38 12//38
f 29//39 30//39 14//39
f 29//40 14//40 13//40
f 30//41 31//41 15//41
f 30//42 15//42 14//42
f 31//43 32//43 16//43
f 31//44 16//44 15//44
f 32//45 33//45 17//45
f 32//46 17//46 16//46
f 33//47 18//47 2//47
f 33//48 2//48 17//48
f 34//49 35//49 19//49
f 34//50 19//50 18//50
f 35//51 36//51 20//51
f 35//52 20//52 19//52
f 36//53 37//53 21//53
f 36//54 21//54 20//54
f 37//55 38//55 22//55
f 37//56 22//56 21//56
f 38//57 39//57 23//57
f 38//58 23//58 22//58
f 39//59 40//59 24//59
f 39//60 24//60 23//60
f 40//61 41//61 25//61
f 40//62 25//62 24//62
f 41//63 42//63 26//63
f 41//64 26//64 25//64
f 42//65 43//65 27//65
f 42//66 27//66 26//66
f 43//67 44//67 28//67
f 43//68 28//68 27//68
f 44//69 45//69 29//69
f 44//70 29//70 28//70
f 45//71 46//71 30//71
f 45//72 30//72 29//72
f 46//73 47//73 31//73
f 46//74 31//74 30//74
f 47//75 48//75 32//75
f 47//76 32//76 31//76
f 48//77 49//77 33//77
f 48//78 33//78 32//78
f 49//79 34//79 18//79
f 49//80 18//80 33//80
f 50//81 51//81 35//81
f 50//82 35//82 34//82
f 51//83 52//83 36//83
f 51//84 36//84 35//84
f 52//85 53//85 37//85
f 52//86 37//86 36//86
f 53//87 54//87 38//87
f 53//88 38//88 37//88
f 54//89 55//89 39//89
f 54//90 39//90 38//90
f 55//91 56//91 40//91
f 55//92 40//92 39//92
f 56//93 57//93 41//93
f 56//94 41//94 40//94
f 57//95 58//95 42//95
f 57//96 42//96 41//96
f 58//97 59//97 43//97
f 58//98 43//98 42//98
f 59//99 60//99 44//99
f 59//100 44//100 43//100
f 60//101 61//101 45//101
f 60//102 45//102 44//102
f 61//103 62//103 46//103
f 61//104 46//104 45//104
f 62//105 63//105 47//105
f 62//106 47//106 46//106
f 63//107 64//107 48//107
f 63//108 48//108 47//108
f 64//109 65//109 49//109
f 64//110 49//110 48//110
f 65//111 50//111 34//111
f 65//112 34//112 49//112
f 66//113 67//113 51//113
f 66//114 51//114 50//114
f 67//115 68//115 52//115
f 67//116 52//116 51//116
f 68//117 69//117 53//117
f 68//118 53//118 52//118
f 69//119 70//119 54//119
f 69//120 54//120 53//120
f 70//121 71//121 55//121
f 70//122 55//122 54//122
f 71//123 72//123 56//123
f 71//124 56//124 55//124
f 72//125 73//125 57//125
f 72//126 57//126 56//126
f 73//127 74//127 58//127
f 73//128 58//128 57//128
f 74//129 75//129 59//129
f 74//130 59//130 58//130
f 75//131 76//131 60//131
f 75//132 60//132 59//132
f 76//133 77//133 61//133
f 76//134 61//134 60//134
f 77//135 78//135 62//135
f 77//136 62//136 61//136
f 78//137 79//137 63//137
f 78//138 63//138 62//138
f 79//139 80//139 64//139
f 79//140 64//140 63//140
f 80//141 81//141 65//141
f 80//142 65//142 64//142
f 81//143 66//143 50//143
f 81//144 50//144 65//144
f 82//145 83//145 67//145
f 82//146 67//146 66//146
f 83//147 84//147 68//147
f 83//148 68//148 67//148
f 84//149 85//149 69//149
f 84//150 69//150 68//150
f 85//151 86//151 70//151
f 85//152 70//152 69//152
f 86//153 87//153 71//153
f 86//154 71//154 70//154
f 87//155 88//155 72//155
f 87//156 72//156 71//156
f 88//157 89//157 73//157
f 88//158 73//158 72//158
f 89//159 90//159 74//159
f 89//160 74//160 73//160
f 90//161 91//161 75//161
f 90//162 75//162 74//162
f 91//163 92//163 76//163
f 91//164 76//164 75//164
f 92//165 93//165 77//165
f 92//166 77//166 76//166
f 93//167 94//167 78//167
f 93//168 78//168 77//168
f 94//169 95//169 79//169
f 94//170 79//170 78//170
f 95//171 96//171 80//171
f 95//172 80//172 79//172
f 96//173 97//173 81//173
f 96//174 81//174 80//174
f 97//175 82//175 66//175
f 97//176 66//176 81//176
f 98//177 83//177 82//177
f 98//178 84//178 83//178
f 98//179 85//179 84//179
f 98//180 86//180 85//180
f 98//181 87//181 86//181
f 98//182 88//182 87//182
f 98//183 89//183 88//183
f 98//184 90//184 89//184
f 98//185 91//185 90//185
f 98//186 92//186 91//186
f 98//187 93//187 92//187
f 98//188 94//188 93//188
f 98//189 95//189 94//189
f 98//190 96//190 95//190
f 98//191 97//191 96//191
f 98//192 82//192 97//192
usemtl Mat_Gum_peachL
f 100//193 101//193 99//193
f 101//194 102//194 99//194
f 102//195 103//195 99//195
f 103//196 104//196 99//196
f 104//197 105//197 99//197
f 105//198 106//198 99//198
f 106//199 107//199 99//199
f 107//200 108//200 99//200
f 108//201 109//201 99//201
f 109//202 110//202 99//202
f 110//203 111//203 99//203
f 111//204 100//204 99//204
f 112//205 113//205 101//205
f 112//206 101//206 100//206
f 113//207 114//207 102//207
f 113//208 102//208 101//208
f 114//209 115//209 103//209
f 114//210 103//210 102//210
f 115//211 116//211 104//211
f 115//212 104//212 103//212
f 116//213 117//213 105//213
f 116//214 105//214 104//214
f 117//215 118//215 106//215
f 117//216 106//216 105//216
f 118//217 119//217 107//217
f 118//218 107//218 106//218
f 119//219 120//219 108//219
f 119//220 108//220 107//220
f 120//221 121//221 109//221
f 120//222 109//222 108//222
f 121//223 122//223 110//223
f 121//224 110//224 109//224
f 122//225 123//225 111//225
f 122//226 111//226 110//226
f 123//227 112//227 100//227
f 123//228 100//228 111//228
f 124//229 125//229 113//229
f 124//230 113//230 112//230
f 125//231 126//231 114//231
f 125//232 114//232 113//232
f 126//233 127//233 115//233
f 126//234 115//234 114//234
f 127//235 128//235 116//235
f 127//236 116//236 115//236
f 128//237 129//237 117//237
f 128//238 117//238 116//238
f 129//239 130//239 118//239
f 129//240 118//240 117//240
f 130//241 131//241 119//241
f 130//242 119//242 118//242
f 131//243 132//243 120//243
f 131//244 120//244 119//244
f 132//245 133//245 121//245
f 132//246 121//246 120//246
f 133//247 134//247 122//247
f 133//248 122//248 121//248
f 134//249 135//249 123//249
f 134//250 123//250 122//250
f 135//251 124//251 112//251
f 135//252 112//252 123//252
f 136//253 125//253 124//253
f 136//254 126//254 125//254
f 136//255 127//255 126//255
f 136//256 128//256 127//256
f 136//257 129//257 128//257
f 136//258 130//258 129//258
f 136//259 131//259 130//259
f 136//260 132//260 131//260
f 136//261 133//261 132//261
f 136//262 134//262 133//262
f 136//263 135//263 134//263
f 136//264 124//264 135//264
usemtl Mat_HeroYellow
f 142//265 143//265 138//265
f 142//266 138//266 137//266
f 143//267 144//267 139//267
f 143//268 139//268 138//268
f 144//269 145//269 140//269
f 144//270 140//270 139//270
f 145//271 146//271 141//271
f 145//272 141//272 140//272
f 147//273 148//273 143//273
f 147//274 143//274 142//274
f 148//275 149//275 144//275
f 148//276 144//276 143//276
f 149//277 150//277 145//277
f 149//278 145//278 144//278
f 150//279 151//279 146//279
f 150//280 146//280 145//280
usemtl Mat_HeroRed
f 156//281 157//281 153//281
f 156//282 153//282 152//282
f 157//283 158//283 154//283
f 157//284 154//284 153//284
f 158//285 159//285 155//285
f 158//286 155//286 154//286
f 159//287 156//287 152//287
f 159//288 152//288 155//288
f 159//289 158//289 157//289
f 159//290 157//290 156//290
f 152//291 153//291 154//291
f 152//292 154//292 155//292
f 168//293 169//293 161//293
f 168//294 161//294 160//294
f 169//295 170//295 162//295
f 169//296 162//296 161//296
f 170//297 171//297 163//297
f 170//298 163//298 162//298
f 171//299 172//299 164//299
f 171//300 164//300 163//300
f 172//301 173//301 165//301
f 172//302 165//302 164//302
f 173//303 174//303 166//303
f 173//304 166//304 165//304
f 174//305 175//305 167//305
f 174//306 167//306 166//306
f 175//307 168//307 160//307
f 175//308 160//308 167//308
f 184//309 185//309 177//309
f 184//310 177//310 176//310
f 185//311 186//311 178//311
f 185//312 178//312 177//312
f 186//313 187//313 179//313
f 186//314 179//314 178//314
f 187//315 188//315 180//315
f 187//316 180//316 179//316
f 188//317 189//317 181//317
f 188//318 181//318 180//318
f 189//319 190//319 182//319
f 189//320 182//320 181//320
f 190//321 191//321 183//321
f 190//322 183//322 182//322
f 191//323 184//323 176//323
f 191//324 176//324 183//324
usemtl Mat_HeroYellow
f 138//325 143//325 142//325
f 137//326 138//326 142//326
f 139//327 144//327 143//327
f 138//328 139//328 143//328
f 140//329 145//329 144//329
f 139//330 140//330 144//330
f 141//331 146//331 145//331
f 140//332 141//332 145//332
f 143//333 148//333 147//333
f 142//334 143//334 147//334
f 144//335 149//335 148//335
f 143//336 144//336 148//336
f 145//337 150//337 149//337
f 144//338 145//338 149//338
f 146//339 151//339 150//339
f 145//340 146//340 150//340
usemtl Mat_HeroRed
f 161//341 169//341 168//341
f 160//342 161//342 168//342
f 162//343 170//343 169//343
f 161//344 162//344 169//344
f 163//345 171//345 170//345
f 162//346 163//346 170//346
f 164//347 172//347 171//347
f 163//348 164//348 171//348
f 165//349 173//349 172//349
f 164//350 165//350 172//350
f 166//351 174//351 173//351
f 165//352 166//352 173//352
f 167//353 175//353 174//353
f 166//354 167//354 174//354
f 160//355 168//355 175//355
f 167//356 160//356 175//356
f 177//357 185//357 184//357
f 176//358 177//358 184//358
f 178//359 186//359 185//359
f 177//360 178//360 185//360
f 179//361 187//361 186//361
f 178//362 179//362 186//362
f 180//363 188//363 187//363
f 179//364 180//364 187//364
f 181//365 189//365 188//365
f 180//366 181//366 188//366
f 182//367 190//367 189//367
f 181//368 182//368 189//368
f 183//369 191//369 190//369
f 182//370 183//370 190//370
f 176//371 184//371 191//371
f 183//372 176//372 191//372
o Char_Native_Shopkeeper_Head
v -0.14508 0.63845 0.38141
v -0.08464 0.65473 0.39715
v -0.10701 0.66293 0.42744
v -0.14349 0.66799 0.43878
v -0.18014 0.66799 0.42686
v -0.20295 0.66293 0.39621
v -0.20322 0.65473 0.35856
v -0.18084 0.64654 0.32827
v -0.14436 0.64148 0.31693
v -0.10772 0.64148 0.32885
v -0.08490 0.64654 0.35950
v -0.03807 0.69922 0.40157
v -0.07683 0.71341 0.45403
v -0.14002 0.72218 0.47368
v -0.20349 0.72218 0.45302
v -0.24300 0.71341 0.39995
v -0.24347 0.69922 0.33473
v -0.20471 0.68503 0.28228
v -0.14152 0.67626 0.26262
v -0.07805 0.67626 0.28328
v -0.03854 0.68503 0.33635
v -0.01787 0.76000 0.39349
v -0.06263 0.77639 0.45406
v -0.13559 0.78651 0.47675
v -0.20888 0.78651 0.45290
v -0.25451 0.77639 0.39162
v -0.25504 0.76000 0.31631
v -0.21029 0.74361 0.25574
v -0.13733 0.73349 0.23304
v -0.06404 0.73349 0.25690
v -0.01841 0.74361 0.31818
v -0.02945 0.82078 0.37507
v -0.06821 0.83497 0.42752
v -0.13139 0.84374 0.44717
v -0.19486 0.84374 0.42652
v -0.23438 0.83497 0.37344
v -0.23484 0.82078 0.30822
v -0.19608 0.80659 0.25577
v -0.13290 0.79782 0.23612
v -0.06943 0.79782 0.25677
v -0.02991 0.80659 0.30985
v -0.06969 0.86527 0.35124
v -0.09207 0.87346 0.38152
v -0.12855 0.87852 0.39287
v -0.16520 0.87852 0.38094
v -0.18801 0.87346 0.35030
v -0.18828 0.86527 0.31265
v -0.16590 0.85707 0.28236
v -0.12942 0.85201 0.27101
v -0.09278 0.85201 0.28294
v -0.06996 0.85707 0.31358
v -0.12783 0.88155 0.32839
v -0.09771 0.78322 0.48569
v -0.11490 0.73892 0.49078
v -0.15360 0.71154 0.48479
v -0.19904 0.71154 0.47000
v -0.23386 0.73892 0.45207
v -0.24476 0.78322 0.43784
v -0.22757 0.82751 0.43275
v -0.18887 0.85489 0.43874
v -0.14343 0.85489 0.45353
v -0.10861 0.82751 0.47146
v -0.10375 0.78769 0.50423
v -0.12093 0.74339 0.50932
v -0.15964 0.71601 0.50333
v -0.20508 0.71601 0.48854
v -0.23989 0.74339 0.47061
v -0.25079 0.78769 0.45638
v -0.23361 0.83198 0.45129
v -0.19490 0.85936 0.45728
v -0.14946 0.85936 0.47207
v -0.11464 0.83198 0.49000
v -0.12023 0.81687 0.47429
v -0.13358 0.79582 0.47502
v -0.15730 0.79582 0.46730
v -0.16766 0.81687 0.45885
v -0.15431 0.83792 0.45812
v -0.13059 0.83792 0.46584
v -0.12777 0.82246 0.49746
v -0.14112 0.80141 0.49819
v -0.16484 0.80141 0.49047
v -0.17520 0.82246 0.48202
v -0.16185 0.84351 0.48129
v -0.13813 0.84351 0.48901
v -0.18103 0.76217 0.46769
v -0.18915 0.75177 0.46756
v -0.20080 0.75574 0.46281
v -0.19988 0.76860 0.46000
v -0.18767 0.77258 0.46302
v -0.18857 0.76776 0.49086
v -0.19669 0.75736 0.49073
v -0.20834 0.76133 0.48598
v -0.20742 0.77419 0.48318
v -0.19521 0.77816 0.48619
v 0.12776 0.65552 0.38255
v 0.16461 0.66570 0.36964
v 0.16356 0.67081 0.39316
v 0.14860 0.67397 0.41176
v 0.12543 0.67397 0.41836
v 0.10291 0.67081 0.41042
v 0.08964 0.66570 0.39098
v 0.09069 0.66059 0.36747
v 0.10565 0.65743 0.34886
v 0.12882 0.65743 0.34227
v 0.15134 0.66059 0.35021
v 0.19031 0.69351 0.35571
v 0.18849 0.70236 0.39644
v 0.16257 0.70784 0.42867
v 0.12245 0.70784 0.44009
v 0.08345 0.70236 0.42633
v 0.06046 0.69351 0.39267
v 0.06227 0.68466 0.35194
v 0.08819 0.67919 0.31971
v 0.12832 0.67919 0.30829
v 0.16732 0.68466 0.32204
v 0.19797 0.73150 0.34449
v 0.19588 0.74172 0.39152
v 0.16595 0.74804 0.42873
v 0.11962 0.74804 0.44192
v 0.07458 0.74172 0.42604
v 0.04804 0.73150 0.38716
v 0.05013 0.72128 0.34013
v 0.08006 0.71496 0.30292
v 0.12639 0.71496 0.28973
v 0.17143 0.72128 0.30561
v 0.18555 0.76949 0.33899
v 0.18373 0.77834 0.37971
v 0.15781 0.78381 0.41194
v 0.11769 0.78381 0.42336
v 0.07869 0.77834 0.40961
v 0.05570 0.76949 0.37594
v 0.05751 0.76064 0.33521
v 0.08343 0.75516 0.30298
v 0.12356 0.75516 0.29156
v 0.16256 0.76064 0.30532
v 0.15636 0.79730 0.34067
v 0.15532 0.80241 0.36418
v 0.14035 0.80557 0.38279
v 0.11719 0.80557 0.38938
v 0.09467 0.80241 0.38144
v 0.08140 0.79730 0.36201
v 0.08244 0.79219 0.33849
v 0.09741 0.78903 0.31989
v 0.12057 0.78903 0.31329
v 0.14309 0.79219 0.32123
v 0.11824 0.80748 0.34910
v 0.18871 0.74598 0.42016
v 0.18157 0.71829 0.42878
v 0.15940 0.70118 0.43917
v 0.13068 0.70118 0.44734
v 0.10636 0.71829 0.45019
v 0.09575 0.74598 0.44662
v 0.10289 0.77367 0.43799
v 0.12506 0.79078 0.42761
v 0.15379 0.79078 0.41944
v 0.17810 0.77367 0.41659
v 0.19405 0.75044 0.43891
v 0.18690 0.72276 0.44754
v 0.16474 0.70564 0.45792
v 0.13601 0.70564 0.46609
v 0.11170 0.72276 0.46894
v 0.10109 0.75044 0.46537
v 0.10823 0.77813 0.45675
v 0.13040 0.79524 0.44636
v 0.15912 0.79524 0.43819
v 0.18343 0.77813 0.43534
v 0.17306 0.76702 0.42210
v 0.16638 0.75386 0.42714
v 0.15139 0.75386 0.43140
v 0.14307 0.76702 0.43064
v 0.14974 0.78018 0.42561
v 0.16473 0.78018 0.42134
v 0.17973 0.77259 0.44554
v 0.17305 0.75944 0.45057
v 0.15806 0.75944 0.45484
v 0.14974 0.77259 0.45408
v 0.15641 0.78575 0.44905
v 0.17140 0.78575 0.44478
v 0.13921 0.73283 0.43987
v 0.13496 0.72632 0.44263
v 0.12726 0.72881 0.44423
v 0.12676 0.73685 0.44246
v 0.13414 0.73933 0.43977
v 0.14588 0.73841 0.46331
v 0.14163 0.73190 0.46607
v 0.13393 0.73439 0.46767
v 0.13343 0.74242 0.46590
v 0.14082 0.74491 0.46321
v -0.25692 0.60050 0.34549
v -0.22400 0.61661 0.36621
v -0.23731 0.61661 0.36596
v -0.26210 0.61661 0.35372
v -0.28385 0.61661 0.33666
v -0.28983 0.61661 0.32478
v -0.27653 0.61661 0.32503
v -0.25174 0.61661 0.33726
v -0.22998 0.61661 0.35432
v -0.21037 0.65550 0.37479
v -0.22918 0.65550 0.37444
v -0.26424 0.65550 0.35713
v -0.29501 0.65550 0.33300
v -0.30346 0.65550 0.31619
v -0.28465 0.65550 0.31655
v -0.24959 0.65550 0.33386
v -0.21882 0.65550 0.35798
v -0.22400 0.69439 0.36621
v -0.23731 0.69439 0.36596
v -0.26210 0.69439 0.35372
v -0.28385 0.69439 0.33666
v -0.28983 0.69439 0.32478
v -0.27653 0.69439 0.32503
v -0.25174 0.69439 0.33726
v -0.22998 0.69439 0.35432
v -0.25692 0.71050 0.34549
v -0.21491 0.69100 0.36192
v -0.20291 0.70300 0.36192
v -0.21491 0.70300 0.37392
v -0.22691 0.70300 0.36192
v -0.21491 0.70300 0.34992
v -0.21491 0.71500 0.36192
v -0.24973 0.66100 0.35067
v -0.23773 0.67300 0.35067
v -0.24973 0.67300 0.36267
v -0.26173 0.67300 0.35067
v -0.24973 0.67300 0.33867
v -0.24973 0.68500 0.35067
v -0.27484 0.69100 0.32580
v -0.26284 0.70300 0.32580
v -0.27484 0.70300 0.33780
v -0.28684 0.70300 0.32580
v -0.27484 0.70300 0.31380
v -0.27484 0.71500 0.32580
v 0.25692 0.60050 0.34549
v 0.28983 0.61661 0.32478
v 0.28385 0.61661 0.33666
v 0.26210 0.61661 0.35372
v 0.23731 0.61661 0.36596
v 0.22400 0.61661 0.36621
v 0.22998 0.61661 0.35432
v 0.25174 0.61661 0.33726
v 0.27653 0.61661 0.32503
v 0.30346 0.65550 0.31619
v 0.29501 0.65550 0.33300
v 0.26424 0.65550 0.35713
v 0.22918 0.65550 0.37444
v 0.21037 0.65550 0.37479
v 0.21882 0.65550 0.35798
v 0.24959 0.65550 0.33386
v 0.28465 0.65550 0.31655
v 0.28983 0.69439 0.32478
v 0.28385 0.69439 0.33666
v 0.26210 0.69439 0.35372
v 0.23731 0.69439 0.36596
v 0.22400 0.69439 0.36621
v 0.22998 0.69439 0.35432
v 0.25174 0.69439 0.33726
v 0.27653 0.69439 0.32503
v 0.25692 0.71050 0.34549
v 0.21491 0.69100 0.36192
v 0.22691 0.70300 0.36192
v 0.21491 0.70300 0.37392
v 0.20291 0.70300 0.36192
v 0.21491 0.70300 0.34992
v 0.21491 0.71500 0.36192
v 0.24973 0.66100 0.35067
v 0.26173 0.67300 0.35067
v 0.24973 0.67300 0.36267
v 0.23773 0.67300 0.35067
v 0.24973 0.67300 0.33867
v 0.24973 0.68500 0.35067
v 0.27484 0.69100 0.32580
v 0.28684 0.70300 0.32580
v 0.27484 0.70300 0.33780
v 0.26284 0.70300 0.32580
v 0.27484 0.70300 0.31380
v 0.27484 0.71500 0.32580
v -0.11274 0.63840 0.40852
v -0.11645 0.63840 0.42508
v -0.11850 0.62155 0.42462
v -0.11478 0.62155 0.40806
v -0.07539 0.63362 0.41689
v -0.07838 0.63353 0.43361
v -0.08006 0.61664 0.43323
v -0.07707 0.61674 0.41651
v -0.03786 0.63064 0.42191
v -0.03938 0.63043 0.43883
v -0.04026 0.61348 0.43856
v -0.03874 0.61368 0.42164
v -0.00000 0.62961 0.42359
v 0.00000 0.62936 0.44058
v 0.00000 0.61239 0.44035
v -0.00000 0.61264 0.42336
v 0.03786 0.63064 0.42191
v 0.03938 0.63043 0.43883
v 0.04026 0.61348 0.43856
v 0.03874 0.61368 0.42164
v 0.07539 0.63362 0.41689
v 0.07838 0.63353 0.43361
v 0.08006 0.61664 0.43323
v 0.07707 0.61674 0.41651
v 0.11274 0.63840 0.40852
v 0.11645 0.63840 0.42508
v 0.11850 0.62155 0.42462
v 0.11478 0.62155 0.40806
v -0.11074 1.06761 0.00954
v -0.11623 1.06920 -0.01568
v -0.14019 1.06015 -0.01923
v -0.14952 1.05296 0.00379
v -0.13132 1.05758 0.02158
v -0.19464 1.26766 0.03798
v -0.19813 1.26647 0.01697
v -0.21748 1.25841 0.01397
v -0.22594 1.25462 0.03312
v -0.21182 1.26033 0.04796
v -0.26755 1.42759 0.01653
v -0.26956 1.42455 -0.00072
v -0.28545 1.41730 -0.00316
v -0.29325 1.41585 0.01259
v -0.28219 1.42221 0.02476
v -0.27960 1.37650 0.01000
v -0.24778 1.38968 0.01000
v -0.25710 1.38968 0.03250
v -0.27960 1.38968 0.04182
v -0.30210 1.38968 0.03250
v -0.31142 1.38968 0.01000
v -0.30210 1.38968 -0.01250
v -0.27960 1.38968 -0.02182
v -0.25710 1.38968 -0.01250
v -0.23460 1.42150 0.01000
v -0.24778 1.42150 0.04182
v -0.27960 1.42150 0.05500
v -0.31142 1.42150 0.04182
v -0.32460 1.42150 0.01000
v -0.31142 1.42150 -0.02182
v -0.27960 1.42150 -0.03500
v -0.24778 1.42150 -0.02182
v -0.24778 1.45332 0.01000
v -0.25710 1.45332 0.03250
v -0.27960 1.45332 0.04182
v -0.30210 1.45332 0.03250
v -0.31142 1.45332 0.01000
v -0.30210 1.45332 -0.01250
v -0.27960 1.45332 -0.02182
v -0.25710 1.45332 -0.01250
v -0.27960 1.46650 0.01000
v 0.01556 1.07919 0.01538
v 0.01960 1.08298 -0.00988
v -0.00344 1.08472 -0.02149
v -0.02173 1.08201 -0.00340
v -0.00999 1.07859 0.01939
v 0.01273 1.28134 0.04285
v 0.01604 1.28160 0.02175
v -0.00282 1.28172 0.01206
v -0.01778 1.28153 0.02716
v -0.00817 1.28130 0.04619
v 0.01061 1.44282 0.02052
v 0.01337 1.44066 0.00324
v -0.00235 1.43966 -0.00470
v -0.01482 1.44121 0.00767
v -0.00681 1.44316 0.02326
v 0.00000 1.39650 0.01000
v 0.03182 1.40968 0.01000
v 0.02250 1.40968 0.03250
v 0.00000 1.40968 0.04182
v -0.02250 1.40968 0.03250
v -0.03182 1.40968 0.01000
v -0.02250 1.40968 -0.01250
v -0.00000 1.40968 -0.02182
v 0.02250 1.40968 -0.01250
v 0.04500 1.44150 0.01000
v 0.03182 1.44150 0.04182
v 0.00000 1.44150 0.05500
v -0.03182 1.44150 0.04182
v -0.04500 1.44150 0.01000
v -0.03182 1.44150 -0.02182
v -0.00000 1.44150 -0.03500
v 0.03182 1.44150 -0.02182
v 0.03182 1.47332 0.01000
v 0.02250 1.47332 0.03250
v 0.00000 1.47332 0.04182
v -0.02250 1.47332 0.03250
v -0.03182 1.47332 0.01000
v -0.02250 1.47332 -0.01250
v -0.00000 1.47332 -0.02182
v 0.02250 1.47332 -0.01250
v 0.00000 1.48650 0.01000
v 0.12167 1.06761 -0.01959
v 0.10921 1.06920 0.00302
v 0.12493 1.06015 0.02146
v 0.14710 1.05296 0.01024
v 0.14508 1.05758 -0.01513
v 0.20240 1.26473 0.01371
v 0.19314 1.26836 0.03256
v 0.20663 1.26251 0.04787
v 0.22422 1.25527 0.03849
v 0.22161 1.25664 0.01737
v 0.27296 1.42273 -0.00339
v 0.26609 1.42767 0.01207
v 0.27789 1.42408 0.02468
v 0.29205 1.41693 0.01700
v 0.28901 1.41609 -0.00035
v 0.27960 1.37650 0.01000
v 0.31142 1.38968 0.01000
v 0.30210 1.38968 0.03250
v 0.27960 1.38968 0.04182
v 0.25710 1.38968 0.03250
v 0.24778 1.38968 0.01000
v 0.25710 1.38968 -0.01250
v 0.27960 1.38968 -0.02182
v 0.30210 1.38968 -0.01250
v 0.32460 1.42150 0.01000
v 0.31142 1.42150 0.04182
v 0.27960 1.42150 0.05500
v 0.24778 1.42150 0.04182
v 0.23460 1.42150 0.01000
v 0.24778 1.42150 -0.02182
v 0.27960 1.42150 -0.03500
v 0.31142 1.42150 -0.02182
v 0.31142 1.45332 0.01000
v 0.30210 1.45332 0.03250
v 0.27960 1.45332 0.04182
v 0.25710 1.45332 0.03250
v 0.24778 1.45332 0.01000
v 0.25710 1.45332 -0.01250
v 0.27960 1.45332 -0.02182
v 0.30210 1.45332 -0.01250
v 0.27960 1.46650 0.01000
vn 0.1534 -0.9194 0.3621
vn 0.0188 -0.8891 0.4573
vn -0.1484 -0.8776 0.4559
vn -0.2843 -0.8891 0.3586
vn -0.3371 -0.9194 0.2025
vn -0.2866 -0.9569 0.0471
vn -0.1520 -0.9872 -0.0481
vn 0.0152 -0.9988 -0.0467
vn 0.1512 -0.9872 0.0506
vn 0.2039 -0.9569 0.2067
vn 0.5401 -0.6217 0.5673
vn 0.5401 -0.6217 0.5673
vn 0.1805 -0.5407 0.8216
vn 0.1805 -0.5407 0.8216
vn -0.2662 -0.5097 0.8181
vn -0.2662 -0.5097 0.8181
vn -0.6295 -0.5407 0.5580
vn -0.6295 -0.5407 0.5580
vn -0.7705 -0.6217 0.1408
vn -0.7705 -0.6217 0.1408
vn -0.6355 -0.7218 -0.2743
vn -0.6355 -0.7218 -0.2743
vn -0.2759 -0.8028 -0.5287
vn -0.2759 -0.8028 -0.5287
vn 0.1709 -0.8337 -0.5251
vn 0.1709 -0.8337 -0.5251
vn 0.5342 -0.8028 -0.2651
vn 0.5342 -0.8028 -0.2651
vn 0.6752 -0.7218 0.1522
vn 0.6752 -0.7218 0.1522
vn 0.7690 -0.1738 0.6152
vn 0.7690 -0.1738 0.6152
vn 0.2881 -0.0655 0.9554
vn 0.2881 -0.0655 0.9554
vn -0.3094 -0.0241 0.9506
vn -0.3094 -0.0241 0.9506
vn -0.7952 -0.0655 0.6028
vn -0.7952 -0.0655 0.6028
vn -0.9838 -0.1738 0.0448
vn -0.9838 -0.1738 0.0448
vn -0.8031 -0.3076 -0.5103
vn -0.8031 -0.3076 -0.5103
vn -0.3222 -0.4159 -0.8504
vn -0.3222 -0.4159 -0.8504
vn 0.2752 -0.4573 -0.8457
vn 0.2752 -0.4573 -0.8457
vn 0.7610 -0.4159 -0.4979
vn 0.7610 -0.4159 -0.4979
vn 0.9496 -0.3076 0.0601
vn 0.9496 -0.3076 0.0601
vn 0.8031 0.3076 0.5103
vn 0.8031 0.3076 0.5103
vn 0.3222 0.4159 0.8504
vn 0.3222 0.4159 0.8504
vn -0.2752 0.4573 0.8457
vn -0.2752 0.4573 0.8457
vn -0.7610 0.4159 0.4979
vn -0.7610 0.4159 0.4979
vn -0.9496 0.3076 -0.0601
vn -0.9496 0.3076 -0.0601
vn -0.7690 0.1738 -0.6152
vn -0.7690 0.1738 -0.6152
vn -0.2881 0.0655 -0.9554
vn -0.2881 0.0655 -0.9554
vn 0.3094 0.0241 -0.9506
vn 0.3094 0.0241 -0.9506
vn 0.7952 0.0655 -0.6028
vn 0.7952 0.0655 -0.6028
vn 0.9838 0.1738 -0.0448
vn 0.9838 0.1738 -0.0448
vn 0.6355 0.7218 0.2743
vn 0.6355 0.7218 0.2743
vn 0.2759 0.8028 0.5287
vn 0.2759 0.8028 0.5287
vn -0.1709 0.8337 0.5251
vn -0.1709 0.8337 0.5251
vn -0.5342 0.8028 0.2651
vn -0.5342 0.8028 0.2651
vn -0.6752 0.7218 -0.1522
vn -0.6752 0.7218 -0.1522
vn -0.5401 0.6217 -0.5673
vn -0.5401 0.6217 -0.5673
vn -0.1805 0.5407 -0.8216
vn -0.1805 0.5407 -0.8216
vn 0.2662 0.5097 -0.8181
vn 0.2662 0.5097 -0.8181
vn 0.6295 0.5407 -0.5580
vn 0.6295 0.5407 -0.5580
vn 0.7705 0.6217 -0.1408
vn 0.7705 0.6217 -0.1408
vn 0.2866 0.9569 -0.0471
vn 0.1520 0.9872 0.0481
vn -0.0152 0.9988 0.0467
vn -0.1512 0.9872 -0.0506
vn -0.2039 0.9569 -0.2067
vn -0.1534 0.9194 -0.3621
vn -0.0188 0.8891 -0.4573
vn 0.1484 0.8776 -0.4559
vn 0.2843 0.8891 -0.3586
vn 0.3371 0.9194 -0.2025
vn 0.8830 -0.3012 0.3600
vn 0.8830 -0.3012 0.3600
vn 0.5030 -0.7885 0.3539
vn 0.5030 -0.7885 0.3539
vn -0.0692 -0.9747 0.2126
vn -0.0692 -0.9747 0.2126
vn -0.6149 -0.7885 -0.0099
vn -0.6149 -0.7885 -0.0099
vn -0.9257 -0.3012 -0.2286
vn -0.9257 -0.3012 -0.2286
vn -0.8830 0.3012 -0.3600
vn -0.8830 0.3012 -0.3600
vn -0.5030 0.7885 -0.3539
vn -0.5030 0.7885 -0.3539
vn 0.0692 0.9747 -0.2126
vn 0.0692 0.9747 -0.2126
vn 0.6149 0.7885 0.0099
vn 0.6149 0.7885 0.0099
vn 0.9257 0.3012 0.2286
vn 0.9257 0.3012 0.2286
vn -0.3016 0.2235 0.9269
vn -0.3016 0.2235 0.9269
vn -0.3016 0.2235 0.9269
vn -0.3016 0.2235 0.9269
vn -0.3016 0.2235 0.9269
vn -0.3016 0.2235 0.9269
vn -0.3016 0.2235 0.9269
vn -0.3016 0.2235 0.9269
vn 0.7889 -0.4873 0.3743
vn 0.7889 -0.4873 0.3743
vn -0.0692 -0.9747 0.2126
vn -0.0692 -0.9747 0.2126
vn -0.8581 -0.4873 -0.1617
vn -0.8581 -0.4873 -0.1617
vn -0.7889 0.4873 -0.3743
vn -0.7889 0.4873 -0.3743
vn 0.0692 0.9747 -0.2126
vn 0.0692 0.9747 -0.2126
vn 0.8581 0.4873 0.1617
vn 0.8581 0.4873 0.1617
vn -0.3016 0.2235 0.9269
vn -0.3016 0.2235 0.9269
vn -0.3016 0.2235 0.9269
vn -0.3016 0.2235 0.9269
vn 0.7286 -0.5729 0.3753
vn 0.7286 -0.5729 0.3753
vn -0.3596 -0.9270 0.1065
vn -0.3596 -0.9270 0.1065
vn -0.9509 0.0000 -0.3095
vn -0.9509 -0.0000 -0.3095
vn -0.2281 0.9270 -0.2978
vn -0.2281 0.9270 -0.2978
vn 0.8100 0.5729 0.1254
vn 0.8100 0.5729 0.1254
vn -0.3016 0.2235 0.9269
vn -0.3016 0.2235 0.9269
vn -0.3016 0.2235 0.9269
vn 0.3292 -0.9196 0.2145
vn 0.2706 -0.8893 0.3686
vn 0.1311 -0.8777 0.4608
vn -0.0360 -0.8893 0.4559
vn -0.1669 -0.9196 0.3557
vn -0.2116 -0.9570 0.1986
vn -0.1531 -0.9872 0.0445
vn -0.0136 -0.9988 -0.0477
vn 0.1536 -0.9872 -0.0427
vn 0.2845 -0.9570 0.0574
vn 0.7647 -0.6218 0.1692
vn 0.7647 -0.6218 0.1692
vn 0.6082 -0.5410 0.5809
vn 0.6082 -0.5410 0.5809
vn 0.2354 -0.5101 0.8273
vn 0.2354 -0.5101 0.8273
vn -0.2111 -0.5410 0.8141
vn -0.2111 -0.5410 0.8141
vn -0.5610 -0.6218 0.5465
vn -0.5610 -0.6218 0.5465
vn -0.6805 -0.7217 0.1266
vn -0.6805 -0.7217 0.1266
vn -0.5240 -0.8026 -0.2851
vn -0.5240 -0.8026 -0.2851
vn -0.1513 -0.8335 -0.5315
vn -0.1513 -0.8335 -0.5315
vn 0.2953 -0.8026 -0.5183
vn 0.2953 -0.8026 -0.5183
vn 0.6452 -0.7217 -0.2507
vn 0.6452 -0.7217 -0.2507
vn 0.9814 -0.1739 0.0815
vn 0.9814 -0.1739 0.0815
vn 0.7721 -0.0658 0.6321
vn 0.7721 -0.0658 0.6321
vn 0.2736 -0.0245 0.9615
vn 0.2736 -0.0245 0.9615
vn -0.3236 -0.0658 0.9439
vn -0.3236 -0.0658 0.9439
vn -0.7914 -0.1739 0.5860
vn -0.7914 -0.1739 0.5860
vn -0.9512 -0.3075 0.0245
vn -0.9512 -0.3075 0.0245
vn -0.7419 -0.4156 -0.5261
vn -0.7419 -0.4156 -0.5261
vn -0.2435 -0.4569 -0.8555
vn -0.2435 -0.4569 -0.8555
vn 0.3537 -0.4156 -0.8379
vn 0.3537 -0.4156 -0.8379
vn 0.8216 -0.3075 -0.4800
vn 0.8216 -0.3075 -0.4800
vn 0.9512 0.3075 -0.0245
vn 0.9512 0.3075 -0.0245
vn 0.7419 0.4156 0.5261
vn 0.7419 0.4156 0.5261
vn 0.2435 0.4569 0.8555
vn 0.2435 0.4569 0.8555
vn -0.3537 0.4156 0.8379
vn -0.3537 0.4156 0.8379
vn -0.8216 0.3075 0.4800
vn -0.8216 0.3075 0.4800
vn -0.9814 0.1739 -0.0815
vn -0.9814 0.1739 -0.0815
vn -0.7721 0.0658 -0.6321
vn -0.7721 0.0658 -0.6321
vn -0.2736 0.0245 -0.9615
vn -0.2736 0.0245 -0.9615
vn 0.3236 0.0658 -0.9439
vn 0.3236 0.0658 -0.9439
vn 0.7914 0.1739 -0.5860
vn 0.7914 0.1739 -0.5860
vn 0.6805 0.7217 -0.1266
vn 0.6805 0.7217 -0.1266
vn 0.5240 0.8026 0.2851
vn 0.5240 0.8026 0.2851
vn 0.1513 0.8335 0.5315
vn 0.1513 0.8335 0.5315
vn -0.2953 0.8026 0.5183
vn -0.2953 0.8026 0.5183
vn -0.6452 0.7217 0.2507
vn -0.6452 0.7217 0.2507
vn -0.7647 0.6218 -0.1692
vn -0.7647 0.6218 -0.1692
vn -0.6082 0.5410 -0.5809
vn -0.6082 0.5410 -0.5809
vn -0.2354 0.5101 -0.8273
vn -0.2354 0.5101 -0.8273
vn 0.2111 0.5410 -0.8141
vn 0.2111 0.5410 -0.8141
vn 0.5610 0.6218 -0.5465
vn 0.5610 0.6218 -0.5465
vn 0.2116 0.9570 -0.1986
vn 0.1531 0.9872 -0.0445
vn 0.0136 0.9988 0.0477
vn -0.1536 0.9872 0.0427
vn -0.2845 0.9570 -0.0574
vn -0.3292 0.9196 -0.2145
vn -0.2706 0.8893 -0.3686
vn -0.1311 0.8777 -0.4608
vn 0.0360 0.8893 -0.4559
vn 0.1669 0.9196 -0.3557
vn 0.9336 -0.3012 -0.1940
vn 0.9336 -0.3012 -0.1940
vn 0.6147 -0.7886 0.0127
vn 0.6147 -0.7886 0.0127
vn 0.0611 -0.9748 0.2146
vn 0.0611 -0.9748 0.2146
vn -0.5159 -0.7886 0.3345
vn -0.5159 -0.7886 0.3345
vn -0.8959 -0.3012 0.3266
vn -0.8959 -0.3012 0.3266
vn -0.9336 0.3012 0.1940
vn -0.9336 0.3012 0.1940
vn -0.6147 0.7886 -0.0127
vn -0.6147 0.7886 -0.0127
vn -0.0611 0.9748 -0.2146
vn -0.0611 0.9748 -0.2146
vn 0.5159 0.7886 -0.3345
vn 0.5159 0.7886 -0.3345
vn 0.8959 0.3012 -0.3266
vn 0.8959 0.3012 -0.3266
vn 0.2668 0.2231 0.9376
vn 0.2668 0.2231 0.9376
vn 0.2668 0.2231 0.9376
vn 0.2668 0.2231 0.9376
vn 0.2668 0.2231 0.9376
vn 0.2668 0.2231 0.9376
vn 0.2668 0.2231 0.9376
vn 0.2668 0.2231 0.9376
vn 0.8635 -0.4874 -0.1297
vn 0.8635 -0.4874 -0.1297
vn 0.0611 -0.9748 0.2146
vn 0.0611 -0.9748 0.2146
vn -0.8024 -0.4874 0.3444
vn -0.8024 -0.4874 0.3444
vn -0.8635 0.4874 0.1297
vn -0.8635 0.4874 0.1297
vn -0.0611 0.9748 -0.2146
vn -0.0611 0.9748 -0.2146
vn 0.8024 0.4874 -0.3444
vn 0.8024 0.4874 -0.3444
vn 0.2668 0.2231 0.9376
vn 0.2668 0.2231 0.9376
vn 0.2668 0.2231 0.9376
vn 0.2668 0.2231 0.9376
vn 0.8140 -0.5730 -0.0953
vn 0.8140 -0.5730 -0.0953
vn -0.2391 -0.9271 0.2887
vn -0.2391 -0.9271 0.2887
vn -0.9618 -0.0000 0.2737
vn -0.9618 0.0000 0.2737
vn -0.3553 0.9271 -0.1195
vn -0.3553 0.9271 -0.1195
vn 0.7422 0.5730 -0.3476
vn 0.7422 0.5730 -0.3476
vn 0.2668 0.2231 0.9376
vn 0.2668 0.2231 0.9376
vn 0.2668 0.2231 0.9376
vn -0.0117 -0.7803 0.6253
vn -0.3795 -0.5147 0.7688
vn -0.5290 -0.5147 0.6747
vn -0.5588 -0.7803 0.2810
vn 0.0117 -0.7803 -0.6253
vn 0.3795 -0.5147 -0.7688
vn 0.5290 -0.5147 -0.6747
vn 0.5588 -0.7803 -0.2810
vn -0.0183 -0.2093 0.9777
vn -0.0183 -0.2093 0.9777
vn -0.4403 -0.1025 0.8920
vn -0.4403 -0.1025 0.8920
vn -0.6138 -0.1025 0.7828
vn -0.6138 -0.1025 0.7828
vn -0.8736 -0.2093 0.4394
vn -0.8736 -0.2093 0.4394
vn 0.0183 -0.2093 -0.9777
vn 0.0183 -0.2093 -0.9777
vn 0.4403 -0.1025 -0.8920
vn 0.4403 -0.1025 -0.8920
vn 0.6138 -0.1025 -0.7828
vn 0.6138 -0.1025 -0.7828
vn 0.8736 -0.2093 -0.4394
vn 0.8736 -0.2093 -0.4394
vn -0.0183 0.2093 0.9777
vn -0.0183 0.2093 0.9777
vn -0.4403 0.1025 0.8920
vn -0.4403 0.1025 0.8920
vn -0.6138 0.1025 0.7828
vn -0.6138 0.1025 0.7828
vn -0.8736 0.2093 0.4394
vn -0.8736 0.2093 0.4394
vn 0.0183 0.2093 -0.9777
vn 0.0183 0.2093 -0.9777
vn 0.4403 0.1025 -0.8920
vn 0.4403 0.1025 -0.8920
vn 0.6138 0.1025 -0.7828
vn 0.6138 0.1025 -0.7828
vn 0.8736 0.2093 -0.4394
vn 0.8736 0.2093 -0.4394
vn -0.0117 0.7803 0.6253
vn -0.3795 0.5147 0.7688
vn -0.5290 0.5147 0.6747
vn -0.5588 0.7803 0.2810
vn 0.0117 0.7803 -0.6253
vn 0.3795 0.5147 -0.7688
vn 0.5290 0.5147 -0.6747
vn 0.5588 0.7803 -0.2810
vn 0.5774 -0.5774 0.5774
vn -0.5774 -0.5774 0.5774
vn -0.5774 -0.5774 -0.5774
vn 0.5774 -0.5774 -0.5774
vn 0.5774 0.5774 0.5774
vn -0.5774 0.5774 0.5774
vn -0.5774 0.5774 -0.5774
vn 0.5774 0.5774 -0.5774
vn 0.5774 -0.5774 0.5774
vn -0.5774 -0.5774 0.5774
vn -0.5774 -0.5774 -0.5774
vn 0.5774 -0.5774 -0.5774
vn 0.5774 0.5774 0.5774
vn -0.5774 0.5774 0.5774
vn -0.5774 0.5774 -0.5774
vn 0.5774 0.5774 -0.5774
vn 0.5774 -0.5774 0.5774
vn -0.5774 -0.5774 0.5774
vn -0.5774 -0.5774 -0.5774
vn 0.5774 -0.5774 -0.5774
vn 0.5774 0.5774 0.5774
vn -0.5774 0.5774 0.5774
vn -0.5774 0.5774 -0.5774
vn 0.5774 0.5774 -0.5774
vn 0.5588 -0.7803 0.2810
vn 0.5290 -0.5147 0.6747
vn 0.3795 -0.5147 0.7688
vn 0.0117 -0.7803 0.6253
vn -0.5588 -0.7803 -0.2810
vn -0.5290 -0.5147 -0.6747
vn -0.3795 -0.5147 -0.7688
vn -0.0117 -0.7803 -0.6253
vn 0.8736 -0.2093 0.4394
vn 0.8736 -0.2093 0.4394
vn 0.6138 -0.1025 0.7828
vn 0.6138 -0.1025 0.7828
vn 0.4403 -0.1025 0.8920
vn 0.4403 -0.1025 0.8920
vn 0.0183 -0.2093 0.9777
vn 0.0183 -0.2093 0.9777
vn -0.8736 -0.2093 -0.4394
vn -0.8736 -0.2093 -0.4394
vn -0.6138 -0.1025 -0.7828
vn -0.6138 -0.1025 -0.7828
vn -0.4403 -0.1025 -0.8920
vn -0.4403 -0.1025 -0.8920
vn -0.0183 -0.2093 -0.9777
vn -0.0183 -0.2093 -0.9777
vn 0.8736 0.2093 0.4394
vn 0.8736 0.2093 0.4394
vn 0.6138 0.1025 0.7828
vn 0.6138 0.1025 0.7828
vn 0.4403 0.1025 0.8920
vn 0.4403 0.1025 0.8920
vn 0.0183 0.2093 0.9777
vn 0.0183 0.2093 0.9777
vn -0.8736 0.2093 -0.4394
vn -0.8736 0.2093 -0.4394
vn -0.6138 0.1025 -0.7828
vn -0.6138 0.1025 -0.7828
vn -0.4403 0.1025 -0.8920
vn -0.4403 0.1025 -0.8920
vn -0.0183 0.2093 -0.9777
vn -0.0183 0.2093 -0.9777
vn 0.5588 0.7803 0.2810
vn 0.5290 0.5147 0.6747
vn 0.3795 0.5147 0.7688
vn 0.0117 0.7803 0.6253
vn -0.5588 0.7803 -0.2810
vn -0.5290 0.5147 -0.6747
vn -0.3795 0.5147 -0.7688
vn -0.0117 0.7803 -0.6253
vn 0.5774 -0.5774 0.5774
vn -0.5774 -0.5774 0.5774
vn -0.5774 -0.5774 -0.5774
vn 0.5774 -0.5774 -0.5774
vn 0.5774 0.5774 0.5774
vn -0.5774 0.5774 0.5774
vn -0.5774 0.5774 -0.5774
vn 0.5774 0.5774 -0.5774
vn 0.5774 -0.5774 0.5774
vn -0.5774 -0.5774 0.5774
vn -0.5774 -0.5774 -0.5774
vn 0.5774 -0.5774 -0.5774
vn 0.5774 0.5774 0.5774
vn -0.5774 0.5774 0.5774
vn -0.5774 0.5774 -0.5774
vn 0.5774 0.5774 -0.5774
vn 0.5774 -0.5774 0.5774
vn -0.5774 -0.5774 0.5774
vn -0.5774 -0.5774 -0.5774
vn 0.5774 -0.5774 -0.5774
vn 0.5774 0.5774 0.5774
vn -0.5774 0.5774 0.5774
vn -0.5774 0.5774 -0.5774
vn 0.5774 0.5774 -0.5774
vn 0.1207 0.9923 0.0271
vn 0.1207 0.9923 0.0271
vn -0.2187 0.0000 0.9758
vn -0.2187 -0.0000 0.9758
vn -0.1207 -0.9923 -0.0271
vn -0.1207 -0.9923 -0.0271
vn 0.2187 -0.0000 -0.9758
vn 0.2187 0.0000 -0.9758
vn 0.0768 0.9969 0.0192
vn 0.0768 0.9969 0.0192
vn -0.1333 -0.0088 0.9910
vn -0.1333 -0.0088 0.9910
vn -0.0768 -0.9969 -0.0192
vn -0.0768 -0.9969 -0.0192
vn 0.1333 0.0088 -0.9910
vn 0.1333 0.0088 -0.9910
vn 0.0264 0.9995 0.0147
vn 0.0264 0.9995 0.0147
vn -0.0448 -0.0135 0.9989
vn -0.0448 -0.0135 0.9989
vn -0.0264 -0.9995 -0.0147
vn -0.0264 -0.9995 -0.0147
vn 0.0448 0.0135 -0.9989
vn 0.0448 0.0135 -0.9989
vn -0.0264 0.9995 0.0147
vn -0.0264 0.9995 0.0147
vn 0.0448 -0.0135 0.9989
vn 0.0448 -0.0135 0.9989
vn 0.0264 -0.9995 -0.0147
vn 0.0264 -0.9995 -0.0147
vn -0.0448 0.0135 -0.9989
vn -0.0448 0.0135 -0.9989
vn -0.0768 0.9969 0.0192
vn -0.0768 0.9969 0.0192
vn 0.1333 -0.0088 0.9910
vn 0.1333 -0.0088 0.9910
vn 0.0768 -0.9969 -0.0192
vn 0.0768 -0.9969 -0.0192
vn -0.1333 0.0088 -0.9910
vn -0.1333 0.0088 -0.9910
vn -0.1207 0.9923 0.0271
vn -0.1207 0.9923 0.0271
vn 0.2187 -0.0000 0.9758
vn 0.2187 0.0000 0.9758
vn 0.1207 -0.9923 -0.0271
vn 0.1207 -0.9923 -0.0271
vn -0.2187 0.0000 -0.9758
vn -0.2187 -0.0000 -0.9758
vn -0.9683 0.1237 -0.2170
vn -0.9683 0.1237 -0.2170
vn 0.9683 0.1237 -0.2170
vn 0.9683 0.1237 -0.2170
vn 0.8998 0.4017 -0.1704
vn 0.8994 0.4017 -0.1722
vn 0.0725 0.1922 -0.9787
vn 0.0721 0.1919 -0.9788
vn -0.8625 -0.2641 -0.4317
vn -0.8620 -0.2635 -0.4331
vn -0.6131 -0.3365 0.7147
vn -0.6142 -0.3366 0.7137
vn 0.4760 0.0751 0.8762
vn 0.4766 0.0752 0.8759
vn 0.9047 0.3895 -0.1724
vn 0.9046 0.3891 -0.1741
vn 0.1674 -0.0346 -0.9853
vn 0.1670 -0.0348 -0.9853
vn -0.8096 -0.3935 -0.4357
vn -0.8090 -0.3932 -0.4370
vn -0.6737 -0.1905 0.7140
vn -0.6746 -0.1908 0.7131
vn 0.3839 0.2925 0.8758
vn 0.3844 0.2926 0.8755
vn 0.3678 -0.9196 -0.1379
vn 0.3678 -0.9196 -0.1379
vn 0.3678 -0.9196 -0.1379
vn -0.3982 0.9102 -0.1138
vn -0.3982 0.9102 -0.1138
vn -0.3982 0.9102 -0.1138
vn 0.3780 -0.9125 0.1566
vn 0.1566 -0.9125 0.3780
vn -0.1566 -0.9125 0.3780
vn -0.3780 -0.9125 0.1566
vn -0.3780 -0.9125 -0.1566
vn -0.1566 -0.9125 -0.3780
vn 0.1566 -0.9125 -0.3780
vn 0.3780 -0.9125 -0.1566
vn 0.8629 -0.3574 0.3574
vn 0.8629 -0.3574 0.3574
vn 0.3574 -0.3574 0.8629
vn 0.3574 -0.3574 0.8629
vn -0.3574 -0.3574 0.8629
vn -0.3574 -0.3574 0.8629
vn -0.8629 -0.3574 0.3574
vn -0.8629 -0.3574 0.3574
vn -0.8629 -0.3574 -0.3574
vn -0.8629 -0.3574 -0.3574
vn -0.3574 -0.3574 -0.8629
vn -0.3574 -0.3574 -0.8629
vn 0.3574 -0.3574 -0.8629
vn 0.3574 -0.3574 -0.8629
vn 0.8629 -0.3574 -0.3574
vn 0.8629 -0.3574 -0.3574
vn 0.8629 0.3574 0.3574
vn 0.8629 0.3574 0.3574
vn 0.3574 0.3574 0.8629
vn 0.3574 0.3574 0.8629
vn -0.3574 0.3574 0.8629
vn -0.3574 0.3574 0.8629
vn -0.8629 0.3574 0.3574
vn -0.8629 0.3574 0.3574
vn -0.8629 0.3574 -0.3574
vn -0.8629 0.3574 -0.3574
vn -0.3574 0.3574 -0.8629
vn -0.3574 0.3574 -0.8629
vn 0.3574 0.3574 -0.8629
vn 0.3574 0.3574 -0.8629
vn 0.8629 0.3574 -0.3574
vn 0.8629 0.3574 -0.3574
vn 0.3780 0.9125 0.1566
vn 0.1566 0.9125 0.3780
vn -0.1566 0.9125 0.3780
vn -0.3780 0.9125 0.1566
vn -0.3780 0.9125 -0.1566
vn -0.1566 0.9125 -0.3780
vn 0.1566 0.9125 -0.3780
vn 0.3780 0.9125 -0.1566
vn 0.9876 -0.0073 0.1571
vn 0.9879 -0.0072 0.1549
vn 0.4539 0.1482 -0.8786
vn 0.4530 0.1481 -0.8791
vn -0.7070 0.1207 -0.6968
vn -0.7059 0.1211 -0.6979
vn -0.8909 -0.0517 0.4513
vn -0.8918 -0.0512 0.4496
vn 0.1564 -0.1308 0.9790
vn 0.1568 -0.1308 0.9789
vn 0.9873 0.0347 0.1553
vn 0.9876 0.0342 0.1534
vn 0.4548 -0.0953 -0.8855
vn 0.4539 -0.0955 -0.8859
vn -0.7081 -0.0726 -0.7024
vn -0.7070 -0.0725 -0.7035
vn -0.8901 0.0713 0.4502
vn -0.8909 0.0713 0.4486
vn 0.1561 0.1373 0.9782
vn 0.1564 0.1372 0.9781
vn -0.0000 -0.9889 -0.1483
vn 0.0000 -0.9889 -0.1483
vn -0.0000 -0.9889 -0.1483
vn 0.0000 0.9923 -0.1240
vn -0.0000 0.9923 -0.1240
vn -0.0000 0.9923 -0.1240
vn 0.3780 -0.9125 0.1566
vn 0.1566 -0.9125 0.3780
vn -0.1566 -0.9125 0.3780
vn -0.3780 -0.9125 0.1566
vn -0.3780 -0.9125 -0.1566
vn -0.1566 -0.9125 -0.3780
vn 0.1566 -0.9125 -0.3780
vn 0.3780 -0.9125 -0.1566
vn 0.8629 -0.3574 0.3574
vn 0.8629 -0.3574 0.3574
vn 0.3574 -0.3574 0.8629
vn 0.3574 -0.3574 0.8629
vn -0.3574 -0.3574 0.8629
vn -0.3574 -0.3574 0.8629
vn -0.8629 -0.3574 0.3574
vn -0.8629 -0.3574 0.3574
vn -0.8629 -0.3574 -0.3574
vn -0.8629 -0.3574 -0.3574
vn -0.3574 -0.3574 -0.8629
vn -0.3574 -0.3574 -0.8629
vn 0.3574 -0.3574 -0.8629
vn 0.3574 -0.3574 -0.8629
vn 0.8629 -0.3574 -0.3574
vn 0.8629 -0.3574 -0.3574
vn 0.8629 0.3574 0.3574
vn 0.8629 0.3574 0.3574
vn 0.3574 0.3574 0.8629
vn 0.3574 0.3574 0.8629
vn -0.3574 0.3574 0.8629
vn -0.3574 0.3574 0.8629
vn -0.8629 0.3574 0.3574
vn -0.8629 0.3574 0.3574
vn -0.8629 0.3574 -0.3574
vn -0.8629 0.3574 -0.3574
vn -0.3574 0.3574 -0.8629
vn -0.3574 0.3574 -0.8629
vn 0.3574 0.3574 -0.8629
vn 0.3574 0.3574 -0.8629
vn 0.8629 0.3574 -0.3574
vn 0.8629 0.3574 -0.3574
vn 0.3780 0.9125 0.1566
vn 0.1566 0.9125 0.3780
vn -0.1566 0.9125 0.3780
vn -0.3780 0.9125 0.1566
vn -0.3780 0.9125 -0.1566
vn -0.1566 0.9125 -0.3780
vn 0.1566 0.9125 -0.3780
vn 0.3780 0.9125 -0.1566
vn -0.7900 0.4016 -0.4633
vn -0.7890 0.4017 -0.4648
vn -0.6983 0.1919 0.6896
vn -0.6989 0.1924 0.6888
vn 0.3660 -0.2641 0.8924
vn 0.3668 -0.2645 0.8919
vn 0.9320 -0.3362 -0.1353
vn 0.9318 -0.3361 -0.1371
vn 0.2176 0.0753 -0.9731
vn 0.2175 0.0753 -0.9732
vn -0.8254 0.3179 -0.4666
vn -0.8247 0.3176 -0.4680
vn -0.6212 0.3729 0.6893
vn -0.6219 0.3732 0.6885
vn 0.4472 -0.0691 0.8918
vn 0.4479 -0.0696 0.8914
vn 0.9067 -0.3986 -0.1381
vn 0.9063 -0.3989 -0.1397
vn 0.1199 -0.1596 -0.9799
vn 0.1198 -0.1596 -0.9799
vn -0.3678 -0.9196 -0.1379
vn -0.3678 -0.9196 -0.1379
vn -0.3678 -0.9196 -0.1379
vn 0.3982 0.9102 -0.1138
vn 0.3982 0.9102 -0.1138
vn 0.3982 0.9102 -0.1138
vn 0.3780 -0.9125 0.1566
vn 0.1566 -0.9125 0.3780
vn -0.1566 -0.9125 0.3780
vn -0.3780 -0.9125 0.1566
vn -0.3780 -0.9125 -0.1566
vn -0.1566 -0.9125 -0.3780
vn 0.1566 -0.9125 -0.3780
vn 0.3780 -0.9125 -0.1566
vn 0.8629 -0.3574 0.3574
vn 0.8629 -0.3574 0.3574
vn 0.3574 -0.3574 0.8629
vn 0.3574 -0.3574 0.8629
vn -0.3574 -0.3574 0.8629
vn -0.3574 -0.3574 0.8629
vn -0.8629 -0.3574 0.3574
vn -0.8629 -0.3574 0.3574
vn -0.8629 -0.3574 -0.3574
vn -0.8629 -0.3574 -0.3574
vn -0.3574 -0.3574 -0.8629
vn -0.3574 -0.3574 -0.8629
vn 0.3574 -0.3574 -0.8629
vn 0.3574 -0.3574 -0.8629
vn 0.8629 -0.3574 -0.3574
vn 0.8629 -0.3574 -0.3574
vn 0.8629 0.3574 0.3574
vn 0.8629 0.3574 0.3574
vn 0.3574 0.3574 0.8629
vn 0.3574 0.3574 0.8629
vn -0.3574 0.3574 0.8629
vn -0.3574 0.3574 0.8629
vn -0.8629 0.3574 0.3574
vn -0.8629 0.3574 0.3574
vn -0.8629 0.3574 -0.3574
vn -0.8629 0.3574 -0.3574
vn -0.3574 0.3574 -0.8629
vn -0.3574 0.3574 -0.8629
vn 0.3574 0.3574 -0.8629
vn 0.3574 0.3574 -0.8629
vn 0.8629 0.3574 -0.3574
vn 0.8629 0.3574 -0.3574
vn 0.3780 0.9125 0.1566
vn 0.1566 0.9125 0.3780
vn -0.1566 0.9125 0.3780
vn -0.3780 0.9125 0.1566
vn -0.3780 0.9125 -0.1566
vn -0.1566 0.9125 -0.3780
vn 0.1566 0.9125 -0.3780
vn 0.3780 0.9125 -0.1566
vn -0.8830 0.3012 -0.3600
vn -0.8830 0.3012 -0.3600
vn -0.5030 0.7885 -0.3539
vn -0.5030 0.7885 -0.3539
vn 0.0692 0.9747 -0.2126
vn 0.0692 0.9747 -0.2126
vn 0.6149 0.7885 0.0099
vn 0.6149 0.7885 0.0099
vn 0.9257 0.3012 0.2286
vn 0.9257 0.3012 0.2286
vn 0.8830 -0.3012 0.3600
vn 0.8830 -0.3012 0.3600
vn 0.5030 -0.7885 0.3539
vn 0.5030 -0.7885 0.3539
vn -0.0692 -0.9747 0.2126
vn -0.0692 -0.9747 0.2126
vn -0.6149 -0.7885 -0.0099
vn -0.6149 -0.7885 -0.0099
vn -0.9257 -0.3012 -0.2286
vn -0.9257 -0.3012 -0.2286
vn 0.3016 -0.2235 -0.9269
vn 0.3016 -0.2235 -0.9269
vn 0.3016 -0.2235 -0.9269
vn 0.3016 -0.2235 -0.9269
vn 0.3016 -0.2235 -0.9269
vn 0.3016 -0.2235 -0.9269
vn 0.3016 -0.2235 -0.9269
vn 0.3016 -0.2235 -0.9269
vn -0.7889 0.4873 -0.3743
vn -0.7889 0.4873 -0.3743
vn 0.0692 0.9747 -0.2126
vn 0.0692 0.9747 -0.2126
vn 0.8581 0.4873 0.1617
vn 0.8581 0.4873 0.1617
vn 0.7889 -0.4873 0.3743
vn 0.7889 -0.4873 0.3743
vn -0.0692 -0.9747 0.2126
vn -0.0692 -0.9747 0.2126
vn -0.8581 -0.4873 -0.1617
vn -0.8581 -0.4873 -0.1617
vn 0.3016 -0.2235 -0.9269
vn 0.3016 -0.2235 -0.9269
vn 0.3016 -0.2235 -0.9269
vn 0.3016 -0.2235 -0.9269
vn -0.9336 0.3012 0.1940
vn -0.9336 0.3012 0.1940
vn -0.6147 0.7886 -0.0127
vn -0.6147 0.7886 -0.0127
vn -0.0611 0.9748 -0.2146
vn -0.0611 0.9748 -0.2146
vn 0.5159 0.7886 -0.3345
vn 0.5159 0.7886 -0.3345
vn 0.8959 0.3012 -0.3266
vn 0.8959 0.3012 -0.3266
vn 0.9336 -0.3012 -0.1940
vn 0.9336 -0.3012 -0.1940
vn 0.6147 -0.7886 0.0127
vn 0.6147 -0.7886 0.0127
vn 0.0611 -0.9748 0.2146
vn 0.0611 -0.9748 0.2146
vn -0.5159 -0.7886 0.3345
vn -0.5159 -0.7886 0.3345
vn -0.8959 -0.3012 0.3266
vn -0.8959 -0.3012 0.3266
vn -0.2668 -0.2231 -0.9376
vn -0.2668 -0.2231 -0.9376
vn -0.2668 -0.2231 -0.9376
vn -0.2668 -0.2231 -0.9376
vn -0.2668 -0.2231 -0.9376
vn -0.2668 -0.2231 -0.9376
vn -0.2668 -0.2231 -0.9376
vn -0.2668 -0.2231 -0.9376
usemtl Mat_Bone
f 193//373 194//373 192//373
f 194//374 195//374 192//374
f 195//375 196//375 192//375
f 196//376 197//376 192//376
f 197//377 198//377 192//377
f 198//378 199//378 192//378
f 199//379 200//379 192//379
f 200//380 201//380 192//380
f 201//381 202//381 192//381
f 202//382 193//382 192//382
f 203//383 204//383 194//383
f 203//384 194//384 193//384
f 204//385 205//385 195//385
f 204//386 195//386 194//386
f 205//387 206//387 196//387
f 205//388 196//388 195//388
f 206//389 207//389 197//389
f 206//390 197//390 196//390
f 207//391 208//391 198//391
f 207//392 198//392 197//392
f 208//393 209//393 199//393
f 208//394 199//394 198//394
f 209//395 210//395 200//395
f 209//396 200//396 199//396
f 210//397 211//397 201//397
f 210//398 201//398 200//398
f 211//399 212//399 202//399
f 211//400 202//400 201//400
f 212//401 203//401 193//401
f 212//402 193//402 202//402
f 213//403 214//403 204//403
f 213//404 204//404 203//404
f 214//405 215//405 205//405
f 214//406 205//406 204//406
f 215//407 216//407 206//407
f 215//408 206//408 205//408
f 216//409 217//409 207//409
f 216//410 207//410 206//410
f 217//411 218//411 208//411
f 217//412 208//412 207//412
f 218//413 219//413 209//413
f 218//414 209//414 208//414
f 219//415 220//415 210//415
f 219//416 210//416 209//416
f 220//417 221//417 211//417
f 220//418 211//418 210//418
f 221//419 222//419 212//419
f 221//420 212//420 211//420
f 222//421 213//421 203//421
f 222//422 203//422 212//422
f 223//423 224//423 214//423
f 223//424 214//424 213//424
f 224//425 225//425 215//425
f 224//426 215//426 214//426
f 225//427 226//427 216//427
f 225//428 216//428 215//428
f 226//429 227//429 217//429
f 226//430 217//430 216//430
f 227//431 228//431 218//431
f 227//432 218//432 217//432
f 228//433 229//433 219//433
f 228//434 219//434 218//434
f 229//435 230//435 220//435
f 229//436 220//436 219//436
f 230//437 231//437 221//437
f 230//438 221//438 220//438
f 231//439 232//439 222//439
f 231//440 222//440 221//440
f 232//441 223//441 213//441
f 232//442 213//442 222//442
f 233//443 234//443 224//443
f 233//444 224//444 223//444
f 234//445 235//445 225//445
f 234//446 225//446 224//446
f 235//447 236//447 226//447
f 235//448 226//448 225//448
f 236//449 237//449 227//449
f 236//450 227//450 226//450
f 237//451 238//451 228//451
f 237//452 228//452 227//452
f 238//453 239//453 229//453
f 238//454 229//454 228//454
f 239//455 240//455 230//455
f 239//456 230//456 229//456
f 240//457 241//457 231//457
f 240//458 231//458 230//458
f 241//459 242//459 232//459
f 241//460 232//460 231//460
f 242//461 233//461 223//461
f 242//462 223//462 232//462
f 243//463 234//463 233//463
f 243//464 235//464 234//464
f 243//465 236//465 235//465
f 243//466 237//466 236//466
f 243//467 238//467 237//467
f 243//468 239//468 238//468
f 243//469 240//469 239//469
f 243//470 241//470 240//470
f 243//471 242//471 241//471
f 243//472 233//472 242//472
usemtl Mat_Void
f 254//473 255//473 245//473
f 254//474 245//474 244//474
f 255//475 256//475 246//475
f 255//476 246//476 245//476
f 256//477 257//477 247//477
f 256//478 247//478 246//478
f 257//479 258//479 248//479
f 257//480 248//480 247//480
f 258//481 259//481 249//481
f 258//482 249//482 248//482
f 259//483 260//483 250//483
f 259//484 250//484 249//484
f 260//485 261//485 251//485
f 260//486 251//486 250//486
f 261//487 262//487 252//487
f 261//488 252//488 251//488
f 262//489 263//489 253//489
f 262//490 253//490 252//490
f 263//491 254//491 244//491
f 263//492 244//492 253//492
f 263//493 262//493 261//493
f 263//494 261//494 260//494
f 263//495 260//495 259//495
f 263//496 259//496 258//496
f 263//497 258//497 257//497
f 263//498 257//498 256//498
f 263//499 256//499 255//499
f 263//500 255//500 254//500
usemtl Mat_Bone
f 270//501 271//501 265//501
f 270//502 265//502 264//502
f 271//503 272//503 266//503
f 271//504 266//504 265//504
f 272//505 273//505 267//505
f 272//506 267//506 266//506
f 273//507 274//507 268//507
f 273//508 268//508 267//508
f 274//509 275//509 269//509
f 274//510 269//510 268//510
f 275//511 270//511 264//511
f 275//512 264//512 269//512
f 275//513 274//513 273//513
f 275//514 273//514 272//514
f 275//515 272//515 271//515
f 275//516 271//516 270//516
f 281//517 282//517 277//517
f 281//518 277//518 276//518
f 282//519 283//519 278//519
f 282//520 278//520 277//520
f 283//521 284//521 279//521
f 283//522 279//522 278//522
f 284//523 285//523 280//523
f 284//524 280//524 279//524
f 285//525 281//525 276//525
f 285//526 276//526 280//526
f 285//527 284//527 283//527
f 285//528 283//528 282//528
f 285//529 282//529 281//529
f 287//530 288//530 286//530
f 288//531 289//531 286//531
f 289//532 290//532 286//532
f 290//533 291//533 286//533
f 291//534 292//534 286//534
f 292//535 293//535 286//535
f 293//536 294//536 286//536
f 294//537 295//537 286//537
f 295//538 296//538 286//538
f 296//539 287//539 286//539
f 297//540 298//540 288//540
f 297//541 288//541 287//541
f 298//542 299//542 289//542
f 298//543 289//543 288//543
f 299//544 300//544 290//544
f 299//545 290//545 289//545
f 300//546 301//546 291//546
f 300//547 291//547 290//547
f 301//548 302//548 292//548
f 301//549 292//549 291//549
f 302//550 303//550 293//550
f 302//551 293//551 292//551
f 303//552 304//552 294//552
f 303//553 294//553 293//553
f 304//554 305//554 295//554
f 304//555 295//555 294//555
f 305//556 306//556 296//556
f 305//557 296//557 295//557
f 306//558 297//558 287//558
f 306//559 287//559 296//559
f 307//560 308//560 298//560
f 307//561 298//561 297//561
f 308//562 309//562 299//562
f 308//563 299//563 298//563
f 309//564 310//564 300//564
f 309//565 300//565 299//565
f 310//566 311//566 301//566
f 310//567 301//567 300//567
f 311//568 312//568 302//568
f 311//569 302//569 301//569
f 312//570 313//570 303//570
f 312//571 303//571 302//571
f 313//572 314//572 304//572
f 313//573 304//573 303//573
f 314//574 315//574 305//574
f 314//575 305//575 304//575
f 315//576 316//576 306//576
f 315//577 306//577 305//577
f 316//578 307//578 297//578
f 316//579 297//579 306//579
f 317//580 318//580 308//580
f 317//581 308//581 307//581
f 318//582 319//582 309//582
f 318//583 309//583 308//583
f 319//584 320//584 310//584
f 319//585 310//585 309//585
f 320//586 321//586 311//586
f 320//587 311//587 310//587
f 321//588 322//588 312//588
f 321//589 312//589 311//589
f 322//590 323//590 313//590
f 322//591 313//591 312//591
f 323//592 324//592 314//592
f 323//593 314//593 313//593
f 324//594 325//594 315//594
f 324//595 315//595 314//595
f 325//596 326//596 316//596
f 325//597 316//597 315//597
f 326//598 317//598 307//598
f 326//599 307//599 316//599
f 327//600 328//600 318//600
f 327//601 318//601 317//601
f 328//602 329//602 319//602
f 328//603 319//603 318//603
f 329//604 330//604 320//604
f 329//605 320//605 319//605
f 330//606 331//606 321//606
f 330//607 321//607 320//607
f 331//608 332//608 322//608
f 331//609 322//609 321//609
f 332//610 333//610 323//610
f 332//611 323//611 322//611
f 333//612 334//612 324//612
f 333//613 324//613 323//613
f 334//614 335//614 325//614
f 334//615 325//615 324//615
f 335//616 336//616 326//616
f 335//617 326//617 325//617
f 336//618 327//618 317//618
f 336//619 317//619 326//619
f 337//620 328//620 327//620
f 337//621 329//621 328//621
f 337//622 330//622 329//622
f 337//623 331//623 330//623
f 337//624 332//624 331//624
f 337//625 333//625 332//625
f 337//626 334//626 333//626
f 337//627 335//627 334//627
f 337//628 336//628 335//628
f 337//629 327//629 336//629
usemtl Mat_Void
f 348//630 349//630 339//630
f 348//631 339//631 338//631
f 349//632 350//632 340//632
f 349//633 340//633 339//633
f 350//634 351//634 341//634
f 350//635 341//635 340//635
f 351//636 352//636 342//636
f 351//637 342//637 341//637
f 352//638 353//638 343//638
f 352//639 343//639 342//639
f 353//640 354//640 344//640
f 353//641 344//641 343//641
f 354//642 355//642 345//642
f 354//643 345//643 344//643
f 355//644 356//644 346//644
f 355//645 346//645 345//645
f 356//646 357//646 347//646
f 356//647 347//647 346//647
f 357//648 348//648 338//648
f 357//649 338//649 347//649
f 357//650 356//650 355//650
f 357//651 355//651 354//651
f 357//652 354//652 353//652
f 357//653 353//653 352//653
f 357//654 352//654 351//654
f 357//655 351//655 350//655
f 357//656 350//656 349//656
f 357//657 349//657 348//657
usemtl Mat_Bone
f 364//658 365//658 359//658
f 364//659 359//659 358//659
f 365//660 366//660 360//660
f 365//661 360//661 359//661
f 366//662 367//662 361//662
f 366//663 361//663 360//663
f 367//664 368//664 362//664
f 367//665 362//665 361//665
f 368//666 369//666 363//666
f 368//667 363//667 362//667
f 369//668 364//668 358//668
f 369//669 358//669 363//669
f 369//670 368//670 367//670
f 369//671 367//671 366//671
f 369//672 366//672 365//672
f 369//673 365//673 364//673
f 375//674 376//674 371//674
f 375//675 371//675 370//675
f 376//676 377//676 372//676
f 376//677 372//677 371//677
f 377//678 378//678 373//678
f 377//679 373//679 372//679
f 378//680 379//680 374//680
f 378//681 374//681 373//681
f 379//682 375//682 370//682
f 379//683 370//683 374//683
f 379//684 378//684 377//684
f 379//685 377//685 376//685
f 379//686 376//686 375//686
usemtl Mat_Gum_peachD
f 381//687 382//687 380//687
f 382//688 383//688 380//688
f 383//689 384//689 380//689
f 384//690 385//690 380//690
f 385//691 386//691 380//691
f 386//692 387//692 380//692
f 387//693 388//693 380//693
f 388//694 381//694 380//694
f 389//695 390//695 382//695
f 389//696 382//696 381//696
f 390//697 391//697 383//697
f 390//698 383//698 382//698
f 391//699 392//699 384//699
f 391//700 384//700 383//700
f 392//701 393//701 385//701
f 392//702 385//702 384//702
f 393//703 394//703 386//703
f 393//704 386//704 385//704
f 394//705 395//705 387//705
f 394//706 387//706 386//706
f 395//707 396//707 388//707
f 395//708 388//708 387//708
f 396//709 389//709 381//709
f 396//710 381//710 388//710
f 397//711 398//711 390//711
f 397//712 390//712 389//712
f 398//713 399//713 391//713
f 398//714 391//714 390//714
f 399//715 400//715 392//715
f 399//716 392//716 391//716
f 400//717 401//717 393//717
f 400//718 393//718 392//718
f 401//719 402//719 394//719
f 401//720 394//720 393//720
f 402//721 403//721 395//721
f 402//722 395//722 394//722
f 403//723 404//723 396//723
f 403//724 396//724 395//724
f 404//725 397//725 389//725
f 404//726 389//726 396//726
f 405//727 398//727 397//727
f 405//728 399//728 398//728
f 405//729 400//729 399//729
f 405//730 401//730 400//730
f 405//731 402//731 401//731
f 405//732 403//732 402//732
f 405//733 404//733 403//733
f 405//734 397//734 404//734
f 407//735 408//735 406//735
f 408//736 409//736 406//736
f 409//737 410//737 406//737
f 410//738 407//738 406//738
f 411//739 408//739 407//739
f 411//740 409//740 408//740
f 411//741 410//741 409//741
f 411//742 407//742 410//742
f 413//743 414//743 412//743
f 414//744 415//744 412//744
f 415//745 416//745 412//745
f 416//746 413//746 412//746
f 417//747 414//747 413//747
f 417//748 415//748 414//748
f 417//749 416//749 415//749
f 417//750 413//750 416//750
f 419//751 420//751 418//751
f 420//752 421//752 418//752
f 421//753 422//753 418//753
f 422//754 419//754 418//754
f 423//755 420//755 419//755
f 423//756 421//756 420//756
f 423//757 422//757 421//757
f 423//758 419//758 422//758
f 425//759 426//759 424//759
f 426//760 427//760 424//760
f 427//761 428//761 424//761
f 428//762 429//762 424//762
f 429//763 430//763 424//763
f 430//764 431//764 424//764
f 431//765 432//765 424//765
f 432//766 425//766 424//766
f 433//767 434//767 426//767
f 433//768 426//768 425//768
f 434//769 435//769 427//769
f 434//770 427//770 426//770
f 435//771 436//771 428//771
f 435//772 428//772 427//772
f 436//773 437//773 429//773
f 436//774 429//774 428//774
f 437//775 438//775 430//775
f 437//776 430//776 429//776
f 438//777 439//777 431//777
f 438//778 431//778 430//778
f 439//779 440//779 432//779
f 439//780 432//780 431//780
f 440//781 433//781 425//781
f 440//782 425//782 432//782
f 441//783 442//783 434//783
f 441//784 434//784 433//784
f 442//785 443//785 435//785
f 442//786 435//786 434//786
f 443//787 444//787 436//787
f 443//788 436//788 435//788
f 444//789 445//789 437//789
f 444//790 437//790 436//790
f 445//791 446//791 438//791
f 445//792 438//792 437//792
f 446//793 447//793 439//793
f 446//794 439//794 438//794
f 447//795 448//795 440//795
f 447//796 440//796 439//796
f 448//797 441//797 433//797
f 448//798 433//798 440//798
f 449//799 442//799 441//799
f 449//800 443//800 442//800
f 449//801 444//801 443//801
f 449//802 445//802 444//802
f 449//803 446//803 445//803
f 449//804 447//804 446//804
f 449//805 448//805 447//805
f 449//806 441//806 448//806
f 451//807 452//807 450//807
f 452//808 453//808 450//808
f 453//809 454//809 450//809
f 454//810 451//810 450//810
f 455//811 452//811 451//811
f 455//812 453//812 452//812
f 455//813 454//813 453//813
f 455//814 451//814 454//814
f 457//815 458//815 456//815
f 458//816 459//816 456//816
f 459//817 460//817 456//817
f 460//818 457//818 456//818
f 461//819 458//819 457//819
f 461//820 459//820 458//820
f 461//821 460//821 459//821
f 461//822 457//822 460//822
f 463//823 464//823 462//823
f 464//824 465//824 462//824
f 465//825 466//825 462//825
f 466//826 463//826 462//826
f 467//827 464//827 463//827
f 467//828 465//828 464//828
f 467//829 466//829 465//829
f 467//830 463//830 466//830
usemtl Mat_Void
f 468//831 469//831 473//831
f 468//832 473//832 472//832
f 469//833 470//833 474//833
f 469//834 474//834 473//834
f 470//835 471//835 475//835
f 470//836 475//836 474//836
f 471//837 468//837 472//837
f 471//838 472//838 475//838
f 472//839 473//839 477//839
f 472//840 477//840 476//840
f 473//841 474//841 478//841
f 473//842 478//842 477//842
f 474//843 475//843 479//843
f 474//844 479//844 478//844
f 475//845 472//845 476//845
f 475//846 476//846 479//846
f 476//847 477//847 481//847
f 476//848 481//848 480//848
f 477//849 478//849 482//849
f 477//850 482//850 481//850
f 478//851 479//851 483//851
f 478//852 483//852 482//852
f 479//853 476//853 480//853
f 479//854 480//854 483//854
f 480//855 481//855 485//855
f 480//856 485//856 484//856
f 481//857 482//857 486//857
f 481//858 486//858 485//858
f 482//859 483//859 487//859
f 482//860 487//860 486//860
f 483//861 480//861 484//861
f 483//862 484//862 487//862
f 484//863 485//863 489//863
f 484//864 489//864 488//864
f 485//865 486//865 490//865
f 485//866 490//866 489//866
f 486//867 487//867 491//867
f 486//868 491//868 490//868
f 487//869 484//869 488//869
f 487//870 488//870 491//870
f 488//871 489//871 493//871
f 488//872 493//872 492//872
f 489//873 490//873 494//873
f 489//874 494//874 493//874
f 490//875 491//875 495//875
f 490//876 495//876 494//876
f 491//877 488//877 492//877
f 491//878 492//878 495//878
f 471//879 470//879 469//879
f 471//880 469//880 468//880
f 492//881 493//881 494//881
f 492//882 494//882 495//882
usemtl Mat_Gum_peachD
f 496//883 497//883 502//883
f 496//884 502//884 501//884
f 497//885 498//885 503//885
f 497//886 503//886 502//886
f 498//887 499//887 504//887
f 498//888 504//888 503//888
f 499//889 500//889 505//889
f 499//890 505//890 504//890
f 500//891 496//891 501//891
f 500//892 501//892 505//892
f 501//893 502//893 507//893
f 501//894 507//894 506//894
f 502//895 503//895 508//895
f 502//896 508//896 507//896
f 503//897 504//897 509//897
f 503//898 509//898 508//898
f 504//899 505//899 510//899
f 504//900 510//900 509//900
f 505//901 501//901 506//901
f 505//902 506//902 510//902
f 500//903 499//903 498//903
f 500//904 498//904 497//904
f 500//905 497//905 496//905
f 506//906 507//906 508//906
f 506//907 508//907 509//907
f 506//908 509//908 510//908
usemtl Mat_NeonGreen
f 512//909 513//909 511//909
f 513//910 514//910 511//910
f 514//911 515//911 511//911
f 515//912 516//912 511//912
f 516//913 517//913 511//913
f 517//914 518//914 511//914
f 518//915 519//915 511//915
f 519//916 512//916 511//916
f 520//917 521//917 513//917
f 520//918 513//918 512//918
f 521//919 522//919 514//919
f 521//920 514//920 513//920
f 522//921 523//921 515//921
f 522//922 515//922 514//922
f 523//923 524//923 516//923
f 523//924 516//924 515//924
f 524//925 525//925 517//925
f 524//926 517//926 516//926
f 525//927 526//927 518//927
f 525//928 518//928 517//928
f 526//929 527//929 519//929
f 526//930 519//930 518//930
f 527//931 520//931 512//931
f 527//932 512//932 519//932
f 528//933 529//933 521//933
f 528//934 521//934 520//934
f 529//935 530//935 522//935
f 529//936 522//936 521//936
f 530//937 531//937 523//937
f 530//938 523//938 522//938
f 531//939 532//939 524//939
f 531//940 524//940 523//940
f 532//941 533//941 525//941
f 532//942 525//942 524//942
f 533//943 534//943 526//943
f 533//944 526//944 525//944
f 534//945 535//945 527//945
f 534//946 527//946 526//946
f 535//947 528//947 520//947
f 535//948 520//948 527//948
f 536//949 529//949 528//949
f 536//950 530//950 529//950
f 536//951 531//951 530//951
f 536//952 532//952 531//952
f 536//953 533//953 532//953
f 536//954 534//954 533//954
f 536//955 535//955 534//955
f 536//956 528//956 535//956
usemtl Mat_Gum_peachD
f 537//957 538//957 543//957
f 537//958 543//958 542//958
f 538//959 539//959 544//959
f 538//960 544//960 543//960
f 539//961 540//961 545//961
f 539//962 545//962 544//962
f 540//963 541//963 546//963
f 540//964 546//964 545//964
f 541//965 537//965 542//965
f 541//966 542//966 546//966
f 542//967 543//967 548//967
f 542//968 548//968 547//968
f 543//969 544//969 549//969
f 543//970 549//970 548//970
f 544//971 545//971 550//971
f 544//972 550//972 549//972
f 545//973 546//973 551//973
f 545//974 551//974 550//974
f 546//975 542//975 547//975
f 546//976 547//976 551//976
f 541//977 540//977 539//977
f 541//978 539//978 538//978
f 541//979 538//979 537//979
f 547//980 548//980 549//980
f 547//981 549//981 550//981
f 547//982 550//982 551//982
usemtl Mat_NeonGreen
f 553//983 554//983 552//983
f 554//984 555//984 552//984
f 555//985 556//985 552//985
f 556//986 557//986 552//986
f 557//987 558//987 552//987
f 558//988 559//988 552//988
f 559//989 560//989 552//989
f 560//990 553//990 552//990
f 561//991 562//991 554//991
f 561//992 554//992 553//992
f 562//993 563//993 555//993
f 562//994 555//994 554//994
f 563//995 564//995 556//995
f 563//996 556//996 555//996
f 564//997 565//997 557//997
f 564//998 557//998 556//998
f 565//999 566//999 558//999
f 565//1000 558//1000 557//1000
f 566//1001 567//1001 559//1001
f 566//1002 559//1002 558//1002
f 567//1003 568//1003 560//1003
f 567//1004 560//1004 559//1004
f 568//1005 561//1005 553//1005
f 568//1006 553//1006 560//1006
f 569//1007 570//1007 562//1007
f 569//1008 562//1008 561//1008
f 570//1009 571//1009 563//1009
f 570//1010 563//1010 562//1010
f 571//1011 572//1011 564//1011
f 571//1012 564//1012 563//1012
f 572//1013 573//1013 565//1013
f 572//1014 565//1014 564//1014
f 573//1015 574//1015 566//1015
f 573//1016 566//1016 565//1016
f 574//1017 575//1017 567//1017
f 574//1018 567//1018 566//1018
f 575//1019 576//1019 568//1019
f 575//1020 568//1020 567//1020
f 576//1021 569//1021 561//1021
f 576//1022 561//1022 568//1022
f 577//1023 570//1023 569//1023
f 577//1024 571//1024 570//1024
f 577//1025 572//1025 571//1025
f 577//1026 573//1026 572//1026
f 577//1027 574//1027 573//1027
f 577//1028 575//1028 574//1028
f 577//1029 576//1029 575//1029
f 577//1030 569//1030 576//1030
usemtl Mat_Gum_peachD
f 578//1031 579//1031 584//1031
f 578//1032 584//1032 583//1032
f 579//1033 580//1033 585//1033
f 579//1034 585//1034 584//1034
f 580//1035 581//1035 586//1035
f 580//1036 586//1036 585//1036
f 581//1037 582//1037 587//1037
f 581//1038 587//1038 586//1038
f 582//1039 578//1039 583//1039
f 582//1040 583//1040 587//1040
f 583//1041 584//1041 589//1041
f 583//1042 589//1042 588//1042
f 584//1043 585//1043 590//1043
f 584//1044 590//1044 589//1044
f 585//1045 586//1045 591//1045
f 585//1046 591//1046 590//1046
f 586//1047 587//1047 592//1047
f 586//1048 592//1048 591//1048
f 587//1049 583//1049 588//1049
f 587//1050 588//1050 592//1050
f 582//1051 581//1051 580//1051
f 582//1052 580//1052 579//1052
f 582//1053 579//1053 578//1053
f 588//1054 589//1054 590//1054
f 588//1055 590//1055 591//1055
f 588//1056 591//1056 592//1056
usemtl Mat_NeonGreen
f 594//1057 595//1057 593//1057
f 595//1058 596//1058 593//1058
f 596//1059 597//1059 593//1059
f 597//1060 598//1060 593//1060
f 598//1061 599//1061 593//1061
f 599//1062 600//1062 593//1062
f 600//1063 601//1063 593//1063
f 601//1064 594//1064 593//1064
f 602//1065 603//1065 595//1065
f 602//1066 595//1066 594//1066
f 603//1067 604//1067 596//1067
f 603//1068 596//1068 595//1068
f 604//1069 605//1069 597//1069
f 604//1070 597//1070 596//1070
f 605//1071 606//1071 598//1071
f 605//1072 598//1072 597//1072
f 606//1073 607//1073 599//1073
f 606//1074 599//1074 598//1074
f 607//1075 608//1075 600//1075
f 607//1076 600//1076 599//1076
f 608//1077 609//1077 601//1077
f 608//1078 601//1078 600//1078
f 609//1079 602//1079 594//1079
f 609//1080 594//1080 601//1080
f 610//1081 611//1081 603//1081
f 610//1082 603//1082 602//1082
f 611//1083 612//1083 604//1083
f 611//1084 604//1084 603//1084
f 612//1085 613//1085 605//1085
f 612//1086 605//1086 604//1086
f 613//1087 614//1087 606//1087
f 613//1088 606//1088 605//1088
f 614//1089 615//1089 607//1089
f 614//1090 607//1090 606//1090
f 615//1091 616//1091 608//1091
f 615//1092 608//1092 607//1092
f 616//1093 617//1093 609//1093
f 616//1094 609//1094 608//1094
f 617//1095 610//1095 602//1095
f 617//1096 602//1096 609//1096
f 618//1097 611//1097 610//1097
f 618//1098 612//1098 611//1098
f 618//1099 613//1099 612//1099
f 618//1100 614//1100 613//1100
f 618//1101 615//1101 614//1101
f 618//1102 616//1102 615//1102
f 618//1103 617//1103 616//1103
f 618//1104 610//1104 617//1104
usemtl Mat_Void
f 245//1105 255//1105 254//1105
f 244//1106 245//1106 254//1106
f 246//1107 256//1107 255//1107
f 245//1108 246//1108 255//1108
f 247//1109 257//1109 256//1109
f 246//1110 247//1110 256//1110
f 248//1111 258//1111 257//1111
f 247//1112 248//1112 257//1112
f 249//1113 259//1113 258//1113
f 248//1114 249//1114 258//1114
f 250//1115 260//1115 259//1115
f 249//1116 250//1116 259//1116
f 251//1117 261//1117 260//1117
f 250//1118 251//1118 260//1118
f 252//1119 262//1119 261//1119
f 251//1120 252//1120 261//1120
f 253//1121 263//1121 262//1121
f 252//1122 253//1122 262//1122
f 244//1123 254//1123 263//1123
f 253//1124 244//1124 263//1124
f 261//1125 262//1125 263//1125
f 260//1126 261//1126 263//1126
f 259//1127 260//1127 263//1127
f 258//1128 259//1128 263//1128
f 257//1129 258//1129 263//1129
f 256//1130 257//1130 263//1130
f 255//1131 256//1131 263//1131
f 254//1132 255//1132 263//1132
usemtl Mat_Bone
f 265//1133 271//1133 270//1133
f 264//1134 265//1134 270//1134
f 266//1135 272//1135 271//1135
f 265//1136 266//1136 271//1136
f 267//1137 273//1137 272//1137
f 266//1138 267//1138 272//1138
f 268//1139 274//1139 273//1139
f 267//1140 268//1140 273//1140
f 269//1141 275//1141 274//1141
f 268//1142 269//1142 274//1142
f 264//1143 270//1143 275//1143
f 269//1144 264//1144 275//1144
f 273//1145 274//1145 275//1145
f 272//1146 273//1146 275//1146
f 271//1147 272//1147 275//1147
f 270//1148 271//1148 275//1148
usemtl Mat_Void
f 339//1149 349//1149 348//1149
f 338//1150 339//1150 348//1150
f 340//1151 350//1151 349//1151
f 339//1152 340//1152 349//1152
f 341//1153 351//1153 350//1153
f 340//1154 341//1154 350//1154
f 342//1155 352//1155 351//1155
f 341//1156 342//1156 351//1156
f 343//1157 353//1157 352//1157
f 342//1158 343//1158 352//1158
f 344//1159 354//1159 353//1159
f 343//1160 344//1160 353//1160
f 345//1161 355//1161 354//1161
f 344//1162 345//1162 354//1162
f 346//1163 356//1163 355//1163
f 345//1164 346//1164 355//1164
f 347//1165 357//1165 356//1165
f 346//1166 347//1166 356//1166
f 338//1167 348//1167 357//1167
f 347//1168 338//1168 357//1168
f 355//1169 356//1169 357//1169
f 354//1170 355//1170 357//1170
f 353//1171 354//1171 357//1171
f 352//1172 353//1172 357//1172
f 351//1173 352//1173 357//1173
f 350//1174 351//1174 357//1174
f 349//1175 350//1175 357//1175
f 348//1176 349//1176 357//1176
o Char_Native_Shopkeeper_Arm_L
v 0.47090 0.55841 -0.03618
v 0.46863 0.57328 0.01524
v 0.43959 0.55841 0.05773
v 0.40079 0.52250 0.06641
v 0.37496 0.48659 0.03618
v 0.37722 0.47172 -0.01524
v 0.40626 0.48659 -0.05773
v 0.44506 0.52250 -0.06641
v 0.60183 0.42149 0.01119
v 0.59646 0.43856 0.05784
v 0.55973 0.43451 0.09405
v 0.51316 0.41171 0.09859
v 0.48403 0.38351 0.06881
v 0.48939 0.36644 0.02216
v 0.52612 0.37049 -0.01405
v 0.57269 0.39329 -0.01859
v 0.62014 0.28299 0.08192
v 0.61454 0.30263 0.12305
v 0.57871 0.31047 0.15068
v 0.53363 0.30193 0.14862
v 0.50572 0.28201 0.11808
v 0.51132 0.26237 0.07695
v 0.54715 0.25453 0.04932
v 0.59222 0.26307 0.05138
v 0.56293 0.16750 0.12000
v 0.61596 0.18947 0.12000
v 0.60043 0.18947 0.15750
v 0.56293 0.18947 0.17303
v 0.52543 0.18947 0.15750
v 0.50989 0.18947 0.12000
v 0.52543 0.18947 0.08250
v 0.56293 0.18947 0.06697
v 0.60043 0.18947 0.08250
v 0.63793 0.24250 0.12000
v 0.61596 0.24250 0.17303
v 0.56293 0.24250 0.19500
v 0.50989 0.24250 0.17303
v 0.48793 0.24250 0.12000
v 0.50989 0.24250 0.06697
v 0.56293 0.24250 0.04500
v 0.61596 0.24250 0.06697
v 0.61596 0.29553 0.12000
v 0.60043 0.29553 0.15750
v 0.56293 0.29553 0.17303
v 0.52543 0.29553 0.15750
v 0.50989 0.29553 0.12000
v 0.52543 0.29553 0.08250
v 0.56293 0.29553 0.06697
v 0.60043 0.29553 0.08250
v 0.56293 0.31750 0.12000
v 0.51293 0.23750 0.16000
v 0.54324 0.25500 0.16000
v 0.52808 0.25500 0.18625
v 0.49777 0.25500 0.18625
v 0.48262 0.25500 0.16000
v 0.49777 0.25500 0.13375
v 0.52808 0.25500 0.13375
v 0.54324 0.29000 0.16000
v 0.52808 0.29000 0.18625
v 0.49777 0.29000 0.18625
v 0.48262 0.29000 0.16000
v 0.49777 0.29000 0.13375
v 0.52808 0.29000 0.13375
v 0.51293 0.30750 0.16000
vn 0.7407 0.6534 -0.1564
vn 0.7402 0.6544 -0.1543
vn 0.5001 0.6520 0.5699
vn 0.4950 0.6515 0.5750
vn -0.0225 0.2578 0.9659
vn -0.0301 0.2542 0.9667
vn -0.5211 -0.2982 0.7997
vn -0.5242 -0.3001 0.7970
vn -0.7039 -0.6901 0.1686
vn -0.7033 -0.6899 0.1716
vn -0.4636 -0.6884 -0.5578
vn -0.4664 -0.6924 -0.5505
vn 0.0592 -0.2945 -0.9538
vn 0.0548 -0.3016 -0.9519
vn 0.5582 0.2613 -0.7875
vn 0.5570 0.2581 -0.7894
vn 0.9859 0.1578 0.0557
vn 0.9854 0.1598 0.0579
vn 0.6198 0.4024 0.6737
vn 0.6120 0.4067 0.6782
vn -0.1050 0.3961 0.9122
vn -0.1169 0.3976 0.9101
vn -0.7700 0.1378 0.6229
vn -0.7741 0.1373 0.6179
vn -0.9746 -0.2217 -0.0310
vn -0.9748 -0.2214 -0.0270
vn -0.5946 -0.4659 -0.6553
vn -0.6017 -0.4677 -0.6475
vn 0.1359 -0.4531 -0.8811
vn 0.1270 -0.4578 -0.8799
vn 0.7870 -0.1949 -0.5854
vn 0.7845 -0.1981 -0.5877
vn -0.6882 0.6882 -0.2294
vn -0.6882 0.6882 -0.2294
vn -0.6882 0.6882 -0.2294
vn -0.6882 0.6882 -0.2294
vn -0.6882 0.6882 -0.2294
vn -0.6882 0.6882 -0.2294
vn 0.1474 -0.8847 0.4423
vn 0.1474 -0.8847 0.4423
vn 0.1474 -0.8847 0.4423
vn 0.1474 -0.8847 0.4423
vn 0.1474 -0.8847 0.4423
vn 0.1474 -0.8847 0.4423
vn 0.3780 -0.9125 0.1566
vn 0.1566 -0.9125 0.3780
vn -0.1566 -0.9125 0.3780
vn -0.3780 -0.9125 0.1566
vn -0.3780 -0.9125 -0.1566
vn -0.1566 -0.9125 -0.3780
vn 0.1566 -0.9125 -0.3780
vn 0.3780 -0.9125 -0.1566
vn 0.8629 -0.3574 0.3574
vn 0.8629 -0.3574 0.3574
vn 0.3574 -0.3574 0.8629
vn 0.3574 -0.3574 0.8629
vn -0.3574 -0.3574 0.8629
vn -0.3574 -0.3574 0.8629
vn -0.8629 -0.3574 0.3574
vn -0.8629 -0.3574 0.3574
vn -0.8629 -0.3574 -0.3574
vn -0.8629 -0.3574 -0.3574
vn -0.3574 -0.3574 -0.8629
vn -0.3574 -0.3574 -0.8629
vn 0.3574 -0.3574 -0.8629
vn 0.3574 -0.3574 -0.8629
vn 0.8629 -0.3574 -0.3574
vn 0.8629 -0.3574 -0.3574
vn 0.8629 0.3574 0.3574
vn 0.8629 0.3574 0.3574
vn 0.3574 0.3574 0.8629
vn 0.3574 0.3574 0.8629
vn -0.3574 0.3574 0.8629
vn -0.3574 0.3574 0.8629
vn -0.8629 0.3574 0.3574
vn -0.8629 0.3574 0.3574
vn -0.8629 0.3574 -0.3574
vn -0.8629 0.3574 -0.3574
vn -0.3574 0.3574 -0.8629
vn -0.3574 0.3574 -0.8629
vn 0.3574 0.3574 -0.8629
vn 0.3574 0.3574 -0.8629
vn 0.8629 0.3574 -0.3574
vn 0.8629 0.3574 -0.3574
vn 0.3780 0.9125 0.1566
vn 0.1566 0.9125 0.3780
vn -0.1566 0.9125 0.3780
vn -0.3780 0.9125 0.1566
vn -0.3780 0.9125 -0.1566
vn -0.1566 0.9125 -0.3780
vn 0.1566 0.9125 -0.3780
vn 0.3780 0.9125 -0.1566
vn 0.4804 -0.8321 0.2774
vn 0.0000 -0.8321 0.5547
vn -0.4804 -0.8321 0.2774
vn -0.4804 -0.8321 -0.2774
vn 0.0000 -0.8321 -0.5547
vn 0.4804 -0.8321 -0.2774
vn 0.8660 0.0000 0.5000
vn 0.8660 0.0000 0.5000
vn 0.0000 0.0000 1.0000
vn 0.0000 0.0000 1.0000
vn -0.8660 0.0000 0.5000
vn -0.8660 0.0000 0.5000
vn -0.8660 0.0000 -0.5000
vn -0.8660 -0.0000 -0.5000
vn 0.0000 0.0000 -1.0000
vn 0.0000 0.0000 -1.0000
vn 0.8660 0.0000 -0.5000
vn 0.8660 0.0000 -0.5000
vn 0.4804 0.8321 0.2774
vn 0.0000 0.8321 0.5547
vn -0.4804 0.8321 0.2774
vn -0.4804 0.8321 -0.2774
vn 0.0000 0.8321 -0.5547
vn 0.4804 0.8321 -0.2774
usemtl Mat_Gum_peach
f 619//1177 620//1177 628//1177
f 619//1178 628//1178 627//1178
f 620//1179 621//1179 629//1179
f 620//1180 629//1180 628//1180
f 621//1181 622//1181 630//1181
f 621//1182 630//1182 629//1182
f 622//1183 623//1183 631//1183
f 622//1184 631//1184 630//1184
f 623//1185 624//1185 632//1185
f 623//1186 632//1186 631//1186
f 624//1187 625//1187 633//1187
f 624//1188 633//1188 632//1188
f 625//1189 626//1189 634//1189
f 625//1190 634//1190 633//1190
f 626//1191 619//1191 627//1191
f 626//1192 627//1192 634//1192
f 627//1193 628//1193 636//1193
f 627//1194 636//1194 635//1194
f 628//1195 629//1195 637//1195
f 628//1196 637//1196 636//1196
f 629//1197 630//1197 638//1197
f 629//1198 638//1198 637//1198
f 630//1199 631//1199 639//1199
f 630//1200 639//1200 638//1200
f 631//1201 632//1201 640//1201
f 631//1202 640//1202 639//1202
f 632//1203 633//1203 641//1203
f 632//1204 641//1204 640//1204
f 633//1205 634//1205 642//1205
f 633//1206 642//1206 641//1206
f 634//1207 627//1207 635//1207
f 634//1208 635//1208 642//1208
f 626//1209 625//1209 624//1209
f 626//1210 624//1210 623//1210
f 626//1211 623//1211 622//1211
f 626//1212 622//1212 621//1212
f 626//1213 621//1213 620//1213
f 626//1214 620//1214 619//1214
f 635//1215 636//1215 637//1215
f 635//1216 637//1216 638//1216
f 635//1217 638//1217 639//1217
f 635//1218 639//1218 640//1218
f 635//1219 640//1219 641//1219
f 635//1220 641//1220 642//1220
f 644//1221 645//1221 643//1221
f 645//1222 646//1222 643//1222
f 646//1223 647//1223 643//1223
f 647//1224 648//1224 643//1224
f 648//1225 649//1225 643//1225
f 649//1226 650//1226 643//1226
f 650//1227 651//1227 643//1227
f 651//1228 644//1228 643//1228
f 652//1229 653//1229 645//1229
f 652//1230 645//1230 644//1230
f 653//1231 654//1231 646//1231
f 653//1232 646//1232 645//1232
f 654//1233 655//1233 647//1233
f 654//1234 647//1234 646//1234
f 655//1235 656//1235 648//1235
f 655//1236 648//1236 647//1236
f 656//1237 657//1237 649//1237
f 656//1238 649//1238 648//1238
f 657//1239 658//1239 650//1239
f 657//1240 650//1240 649//1240
f 658//1241 659//1241 651//1241
f 658//1242 651//1242 650//1242
f 659//1243 652//1243 644//1243
f 659//1244 644//1244 651//1244
f 660//1245 661//1245 653//1245
f 660//1246 653//1246 652//1246
f 661//1247 662//1247 654//1247
f 661//1248 654//1248 653//1248
f 662//1249 663//1249 655//1249
f 662//1250 655//1250 654//1250
f 663//1251 664//1251 656//1251
f 663//1252 656//1252 655//1252
f 664//1253 665//1253 657//1253
f 664//1254 657//1254 656//1254
f 665//1255 666//1255 658//1255
f 665//1256 658//1256 657//1256
f 666//1257 667//1257 659//1257
f 666//1258 659//1258 658//1258
f 667//1259 660//1259 652//1259
f 667//1260 652//1260 659//1260
f 668//1261 661//1261 660//1261
f 668//1262 662//1262 661//1262
f 668//1263 663//1263 662//1263
f 668//1264 664//1264 663//1264
f 668//1265 665//1265 664//1265
f 668//1266 666//1266 665//1266
f 668//1267 667//1267 666//1267
f 668//1268 660//1268 667//1268
f 670//1269 671//1269 669//1269
f 671//1270 672//1270 669//1270
f 672//1271 673//1271 669//1271
f 673//1272 674//1272 669//1272
f 674//1273 675//1273 669//1273
f 675//1274 670//1274 669//1274
f 676//1275 677//1275 671//1275
f 676//1276 671//1276 670//1276
f 677//1277 678//1277 672//1277
f 677//1278 672//1278 671//1278
f 678//1279 679//1279 673//1279
f 678//1280 673//1280 672//1280
f 679//1281 680//1281 674//1281
f 679//1282 674//1282 673//1282
f 680//1283 681//1283 675//1283
f 680//1284 675//1284 674//1284
f 681//1285 676//1285 670//1285
f 681//1286 670//1286 675//1286
f 682//1287 677//1287 676//1287
f 682//1288 678//1288 677//1288
f 682//1289 679//1289 678//1289
f 682//1290 680//1290 679//1290
f 682//1291 681//1291 680//1291
f 682//1292 676//1292 681//1292
o Char_Native_Shopkeeper_Arm_R
v -0.43959 0.55841 0.05773
v -0.46863 0.57328 0.01524
v -0.47090 0.55841 -0.03618
v -0.44506 0.52250 -0.06641
v -0.40626 0.48659 -0.05773
v -0.37722 0.47172 -0.01524
v -0.37496 0.48659 0.03618
v -0.40079 0.52250 0.06641
v -0.55973 0.43451 0.09405
v -0.59646 0.43856 0.05784
v -0.60183 0.42149 0.01119
v -0.57269 0.39329 -0.01859
v -0.52612 0.37049 -0.01405
v -0.48939 0.36644 0.02216
v -0.48403 0.38351 0.06881
v -0.51316 0.41171 0.09859
v -0.57871 0.31047 0.15068
v -0.61454 0.30263 0.12305
v -0.62014 0.28299 0.08192
v -0.59222 0.26307 0.05138
v -0.54715 0.25453 0.04932
v -0.51132 0.26237 0.07695
v -0.50572 0.28201 0.11808
v -0.53363 0.30193 0.14862
v -0.56293 0.16750 0.12000
v -0.50989 0.18947 0.12000
v -0.52543 0.18947 0.15750
v -0.56293 0.18947 0.17303
v -0.60043 0.18947 0.15750
v -0.61596 0.18947 0.12000
v -0.60043 0.18947 0.08250
v -0.56293 0.18947 0.06697
v -0.52543 0.18947 0.08250
v -0.48793 0.24250 0.12000
v -0.50989 0.24250 0.17303
v -0.56293 0.24250 0.19500
v -0.61596 0.24250 0.17303
v -0.63793 0.24250 0.12000
v -0.61596 0.24250 0.06697
v -0.56293 0.24250 0.04500
v -0.50989 0.24250 0.06697
v -0.50989 0.29553 0.12000
v -0.52543 0.29553 0.15750
v -0.56293 0.29553 0.17303
v -0.60043 0.29553 0.15750
v -0.61596 0.29553 0.12000
v -0.60043 0.29553 0.08250
v -0.56293 0.29553 0.06697
v -0.52543 0.29553 0.08250
v -0.56293 0.31750 0.12000
v -0.51293 0.23750 0.16000
v -0.48262 0.25500 0.16000
v -0.49777 0.25500 0.18625
v -0.52808 0.25500 0.18625
v -0.54324 0.25500 0.16000
v -0.52808 0.25500 0.13375
v -0.49777 0.25500 0.13375
v -0.48262 0.29000 0.16000
v -0.49777 0.29000 0.18625
v -0.52808 0.29000 0.18625
v -0.54324 0.29000 0.16000
v -0.52808 0.29000 0.13375
v -0.49777 0.29000 0.13375
v -0.51293 0.30750 0.16000
vn -0.4988 0.6534 0.5695
vn -0.4961 0.6498 0.5759
vn -0.7403 0.6538 -0.1565
vn -0.7406 0.6540 -0.1541
vn -0.5588 0.2606 -0.7873
vn -0.5564 0.2589 -0.7895
vn -0.0607 -0.2960 -0.9533
vn -0.0537 -0.2995 -0.9526
vn 0.4619 -0.6901 -0.5572
vn 0.4678 -0.6905 -0.5517
vn 0.7032 -0.6907 0.1688
vn 0.7040 -0.6893 0.1713
vn 0.5221 -0.2973 0.7994
vn 0.5232 -0.3013 0.7972
vn 0.0242 0.2595 0.9654
vn 0.0289 0.2517 0.9674
vn -0.6188 0.4051 0.6730
vn -0.6124 0.4039 0.6796
vn -0.9858 0.1586 0.0554
vn -0.9856 0.1590 0.0583
vn -0.7873 -0.1960 -0.5846
vn -0.7843 -0.1968 -0.5884
vn -0.1373 -0.4557 -0.8795
vn -0.1265 -0.4547 -0.8816
vn 0.5931 -0.4694 -0.6541
vn 0.6024 -0.4641 -0.6494
vn 0.9743 -0.2230 -0.0305
vn 0.9751 -0.2200 -0.0277
vn 0.7707 0.1397 0.6218
vn 0.7737 0.1351 0.6190
vn 0.1067 0.3994 0.9105
vn 0.1163 0.3938 0.9118
vn 0.6882 0.6882 -0.2294
vn 0.6882 0.6882 -0.2294
vn 0.6882 0.6882 -0.2294
vn 0.6882 0.6882 -0.2294
vn 0.6882 0.6882 -0.2294
vn 0.6882 0.6882 -0.2294
vn -0.1474 -0.8847 0.4423
vn -0.1474 -0.8847 0.4423
vn -0.1474 -0.8847 0.4423
vn -0.1474 -0.8847 0.4423
vn -0.1474 -0.8847 0.4423
vn -0.1474 -0.8847 0.4423
vn 0.3780 -0.9125 0.1566
vn 0.1566 -0.9125 0.3780
vn -0.1566 -0.9125 0.3780
vn -0.3780 -0.9125 0.1566
vn -0.3780 -0.9125 -0.1566
vn -0.1566 -0.9125 -0.3780
vn 0.1566 -0.9125 -0.3780
vn 0.3780 -0.9125 -0.1566
vn 0.8629 -0.3574 0.3574
vn 0.8629 -0.3574 0.3574
vn 0.3574 -0.3574 0.8629
vn 0.3574 -0.3574 0.8629
vn -0.3574 -0.3574 0.8629
vn -0.3574 -0.3574 0.8629
vn -0.8629 -0.3574 0.3574
vn -0.8629 -0.3574 0.3574
vn -0.8629 -0.3574 -0.3574
vn -0.8629 -0.3574 -0.3574
vn -0.3574 -0.3574 -0.8629
vn -0.3574 -0.3574 -0.8629
vn 0.3574 -0.3574 -0.8629
vn 0.3574 -0.3574 -0.8629
vn 0.8629 -0.3574 -0.3574
vn 0.8629 -0.3574 -0.3574
vn 0.8629 0.3574 0.3574
vn 0.8629 0.3574 0.3574
vn 0.3574 0.3574 0.8629
vn 0.3574 0.3574 0.8629
vn -0.3574 0.3574 0.8629
vn -0.3574 0.3574 0.8629
vn -0.8629 0.3574 0.3574
vn -0.8629 0.3574 0.3574
vn -0.8629 0.3574 -0.3574
vn -0.8629 0.3574 -0.3574
vn -0.3574 0.3574 -0.8629
vn -0.3574 0.3574 -0.8629
vn 0.3574 0.3574 -0.8629
vn 0.3574 0.3574 -0.8629
vn 0.8629 0.3574 -0.3574
vn 0.8629 0.3574 -0.3574
vn 0.3780 0.9125 0.1566
vn 0.1566 0.9125 0.3780
vn -0.1566 0.9125 0.3780
vn -0.3780 0.9125 0.1566
vn -0.3780 0.9125 -0.1566
vn -0.1566 0.9125 -0.3780
vn 0.1566 0.9125 -0.3780
vn 0.3780 0.9125 -0.1566
vn 0.4804 -0.8321 0.2774
vn 0.0000 -0.8321 0.5547
vn -0.4804 -0.8321 0.2774
vn -0.4804 -0.8321 -0.2774
vn 0.0000 -0.8321 -0.5547
vn 0.4804 -0.8321 -0.2774
vn 0.8660 0.0000 0.5000
vn 0.8660 0.0000 0.5000
vn 0.0000 0.0000 1.0000
vn 0.0000 0.0000 1.0000
vn -0.8660 0.0000 0.5000
vn -0.8660 0.0000 0.5000
vn -0.8660 0.0000 -0.5000
vn -0.8660 -0.0000 -0.5000
vn 0.0000 0.0000 -1.0000
vn 0.0000 0.0000 -1.0000
vn 0.8660 0.0000 -0.5000
vn 0.8660 0.0000 -0.5000
vn 0.4804 0.8321 0.2774
vn 0.0000 0.8321 0.5547
vn -0.4804 0.8321 0.2774
vn -0.4804 0.8321 -0.2774
vn 0.0000 0.8321 -0.5547
vn 0.4804 0.8321 -0.2774
usemtl Mat_Gum_peach
f 683//1293 684//1293 692//1293
f 683//1294 692//1294 691//1294
f 684//1295 685//1295 693//1295
f 684//1296 693//1296 692//1296
f 685//1297 686//1297 694//1297
f 685//1298 694//1298 693//1298
f 686//1299 687//1299 695//1299
f 686//1300 695//1300 694//1300
f 687//1301 688//1301 696//1301
f 687//1302 696//1302 695//1302
f 688//1303 689//1303 697//1303
f 688//1304 697//1304 696//1304
f 689//1305 690//1305 698//1305
f 689//1306 698//1306 697//1306
f 690//1307 683//1307 691//1307
f 690//1308 691//1308 698//1308
f 691//1309 692//1309 700//1309
f 691//1310 700//1310 699//1310
f 692//1311 693//1311 701//1311
f 692//1312 701//1312 700//1312
f 693//1313 694//1313 702//1313
f 693//1314 702//1314 701//1314
f 694//1315 695//1315 703//1315
f 694//1316 703//1316 702//1316
f 695//1317 696//1317 704//1317
f 695//1318 704//1318 703//1318
f 696//1319 697//1319 705//1319
f 696//1320 705//1320 704//1320
f 697//1321 698//1321 706//1321
f 697//1322 706//1322 705//1322
f 698//1323 691//1323 699//1323
f 698//1324 699//1324 706//1324
f 690//1325 689//1325 688//1325
f 690//1326 688//1326 687//1326
f 690//1327 687//1327 686//1327
f 690//1328 686//1328 685//1328
f 690//1329 685//1329 684//1329
f 690//1330 684//1330 683//1330
f 699//1331 700//1331 701//1331
f 699//1332 701//1332 702//1332
f 699//1333 702//1333 703//1333
f 699//1334 703//1334 704//1334
f 699//1335 704//1335 705//1335
f 699//1336 705//1336 706//1336
f 708//1337 709//1337 707//1337
f 709//1338 710//1338 707//1338
f 710//1339 711//1339 707//1339
f 711//1340 712//1340 707//1340
f 712//1341 713//1341 707//1341
f 713//1342 714//1342 707//1342
f 714//1343 715//1343 707//1343
f 715//1344 708//1344 707//1344
f 716//1345 717//1345 709//1345
f 716//1346 709//1346 708//1346
f 717//1347 718//1347 710//1347
f 717//1348 710//1348 709//1348
f 718//1349 719//1349 711//1349
f 718//1350 711//1350 710//1350
f 719//1351 720//1351 712//1351
f 719//1352 712//1352 711//1352
f 720//1353 721//1353 713//1353
f 720//1354 713//1354 712//1354
f 721//1355 722//1355 714//1355
f 721//1356 714//1356 713//1356
f 722//1357 723//1357 715//1357
f 722//1358 715//1358 714//1358
f 723//1359 716//1359 708//1359
f 723//1360 708//1360 715//1360
f 724//1361 725//1361 717//1361
f 724//1362 717//1362 716//1362
f 725//1363 726//1363 718//1363
f 725//1364 718//1364 717//1364
f 726//1365 727//1365 719//1365
f 726//1366 719//1366 718//1366
f 727//1367 728//1367 720//1367
f 727//1368 720//1368 719//1368
f 728//1369 729//1369 721//1369
f 728//1370 721//1370 720//1370
f 729//1371 730//1371 722//1371
f 729//1372 722//1372 721//1372
f 730//1373 731//1373 723//1373
f 730//1374 723//1374 722//1374
f 731//1375 724//1375 716//1375
f 731//1376 716//1376 723//1376
f 732//1377 725//1377 724//1377
f 732//1378 726//1378 725//1378
f 732//1379 727//1379 726//1379
f 732//1380 728//1380 727//1380
f 732//1381 729//1381 728//1381
f 732//1382 730//1382 729//1382
f 732//1383 731//1383 730//1383
f 732//1384 724//1384 731//1384
f 734//1385 735//1385 733//1385
f 735//1386 736//1386 733//1386
f 736//1387 737//1387 733//1387
f 737//1388 738//1388 733//1388
f 738//1389 739//1389 733//1389
f 739//1390 734//1390 733//1390
f 740//1391 741//1391 735//1391
f 740//1392 735//1392 734//1392
f 741//1393 742//1393 736//1393
f 741//1394 736//1394 735//1394
f 742//1395 743//1395 737//1395
f 742//1396 737//1396 736//1396
f 743//1397 744//1397 738//1397
f 743//1398 738//1398 737//1398
f 744//1399 745//1399 739//1399
f 744//1400 739//1400 738//1400
f 745//1401 740//1401 734//1401
f 745//1402 734//1402 739//1402
f 746//1403 741//1403 740//1403
f 746//1404 742//1404 741//1404
f 746//1405 743//1405 742//1405
f 746//1406 744//1406 743//1406
f 746//1407 745//1407 744//1407
f 746//1408 740//1408 745//1408
o Char_Native_Shopkeeper_Leg_L
v 0.25280 0.30000 0.00000
v 0.22937 0.30000 -0.05657
v 0.17280 0.30000 -0.08000
v 0.11623 0.30000 -0.05657
v 0.09280 0.30000 -0.00000
v 0.11623 0.30000 0.05657
v 0.17280 0.30000 0.08000
v 0.22937 0.30000 0.05657
v 0.25280 0.14000 0.00000
v 0.22937 0.14000 -0.05657
v 0.17280 0.14000 -0.08000
v 0.11623 0.14000 -0.05657
v 0.09280 0.14000 -0.00000
v 0.11623 0.14000 0.05657
v 0.17280 0.14000 0.08000
v 0.22937 0.14000 0.05657
v 0.09280 0.00000 -0.08000
v 0.09280 0.00000 0.10000
v 0.09280 0.16000 -0.08000
v 0.09280 0.16000 0.10000
v 0.25280 0.00000 -0.08000
v 0.25280 0.00000 0.10000
v 0.25280 0.16000 -0.08000
v 0.25280 0.16000 0.10000
v 0.17280 0.04000 0.17000
v 0.08280 0.00000 -0.10500
v 0.26280 0.00000 -0.10500
v 0.26280 0.00000 0.16500
v 0.08280 0.00000 0.16500
v 0.08280 0.03000 -0.10500
v 0.26280 0.03000 -0.10500
v 0.26280 0.03000 0.16500
v 0.08280 0.03000 0.16500
v 0.26280 0.15000 0.00000
v 0.23644 0.15000 0.06364
v 0.17280 0.15000 0.09000
v 0.10916 0.15000 0.06364
v 0.08280 0.15000 0.00000
v 0.10916 0.15000 -0.06364
v 0.17280 0.15000 -0.09000
v 0.23644 0.15000 -0.06364
v 0.27280 0.21000 0.00000
v 0.24351 0.21000 0.07071
v 0.17280 0.21000 0.10000
v 0.10209 0.21000 0.07071
v 0.07280 0.21000 0.00000
v 0.10209 0.21000 -0.07071
v 0.17280 0.21000 -0.10000
v 0.24351 0.21000 -0.07071
vn 0.9239 0.0000 -0.3827
vn 0.9239 0.0000 -0.3827
vn 0.3827 0.0000 -0.9239
vn 0.3827 0.0000 -0.9239
vn -0.3827 0.0000 -0.9239
vn -0.3827 0.0000 -0.9239
vn -0.9239 0.0000 -0.3827
vn -0.9239 0.0000 -0.3827
vn -0.9239 0.0000 0.3827
vn -0.9239 0.0000 0.3827
vn -0.3827 0.0000 0.9239
vn -0.3827 0.0000 0.9239
vn 0.3827 0.0000 0.9239
vn 0.3827 -0.0000 0.9239
vn 0.9239 0.0000 0.3827
vn 0.9239 -0.0000 0.3827
vn -0.0000 -1.0000 0.0000
vn 0.0000 -1.0000 0.0000
vn 0.0000 -1.0000 0.0000
vn 0.0000 -1.0000 0.0000
vn 0.0000 -1.0000 -0.0000
vn 0.0000 -1.0000 0.0000
vn 0.0000 1.0000 0.0000
vn 0.0000 1.0000 0.0000
vn 0.0000 1.0000 0.0000
vn 0.0000 1.0000 0.0000
vn 0.0000 1.0000 0.0000
vn 0.0000 1.0000 0.0000
vn 0.0000 -0.8682 0.4961
vn 0.6585 -0.0000 0.7526
vn -0.6585 0.0000 0.7526
vn 0.0000 0.5039 0.8638
vn 0.0000 0.0000 -1.0000
vn 0.0000 -0.0000 -1.0000
vn 0.0000 -1.0000 0.0000
vn -0.0000 -1.0000 0.0000
vn 1.0000 0.0000 0.0000
vn 1.0000 -0.0000 0.0000
vn -1.0000 0.0000 -0.0000
vn -1.0000 0.0000 0.0000
vn 0.0000 1.0000 0.0000
vn 0.0000 1.0000 0.0000
vn -0.0000 1.0000 0.0000
vn 0.0000 1.0000 0.0000
vn 0.0000 0.0000 -1.0000
vn 0.0000 0.0000 -1.0000
vn 1.0000 0.0000 -0.0000
vn 1.0000 0.0000 0.0000
vn 0.0000 0.0000 1.0000
vn 0.0000 0.0000 1.0000
vn -1.0000 0.0000 -0.0000
vn -1.0000 -0.0000 0.0000
vn 0.0000 -1.0000 0.0000
vn 0.0000 -1.0000 0.0000
vn 0.9131 -0.1522 0.3782
vn 0.9131 -0.1522 0.3782
vn 0.3782 -0.1522 0.9131
vn 0.3782 -0.1522 0.9131
vn -0.3782 -0.1522 0.9131
vn -0.3782 -0.1522 0.9131
vn -0.9131 -0.1522 0.3782
vn -0.9131 -0.1522 0.3782
vn -0.9131 -0.1522 -0.3782
vn -0.9131 -0.1522 -0.3782
vn -0.3782 -0.1522 -0.9131
vn -0.3782 -0.1522 -0.9131
vn 0.3782 -0.1522 -0.9131
vn 0.3782 -0.1522 -0.9131
vn 0.9131 -0.1522 -0.3782
vn 0.9131 -0.1522 -0.3782
vn 0.0000 1.0000 0.0000
vn 0.0000 1.0000 0.0000
vn 0.0000 1.0000 0.0000
vn 0.0000 1.0000 0.0000
vn 0.0000 1.0000 -0.0000
vn 0.0000 1.0000 0.0000
vn 0.0000 -1.0000 0.0000
vn 0.0000 -1.0000 0.0000
vn 0.0000 -1.0000 0.0000
vn -0.0000 -1.0000 0.0000
vn 0.0000 -1.0000 0.0000
vn 0.0000 -1.0000 0.0000
usemtl Mat_Gum_peach
f 755//1409 756//1409 748//1409
f 755//1410 748//1410 747//1410
f 756//1411 757//1411 749//1411
f 756//1412 749//1412 748//1412
f 757//1413 758//1413 750//1413
f 757//1414 750//1414 749//1414
f 758//1415 759//1415 751//1415
f 758//1416 751//1416 750//1416
f 759//1417 760//1417 752//1417
f 759//1418 752//1418 751//1418
f 760//1419 761//1419 753//1419
f 760//1420 753//1420 752//1420
f 761//1421 762//1421 754//1421
f 761//1422 754//1422 753//1422
f 762//1423 755//1423 747//1423
f 762//1424 747//1424 754//1424
f 762//1425 761//1425 760//1425
f 762//1426 760//1426 759//1426
f 762//1427 759//1427 758//1427
f 762//1428 758//1428 757//1428
f 762//1429 757//1429 756//1429
f 762//1430 756//1430 755//1430
f 747//1431 748//1431 749//1431
f 747//1432 749//1432 750//1432
f 747//1433 750//1433 751//1433
f 747//1434 751//1434 752//1434
f 747//1435 752//1435 753//1435
f 747//1436 753//1436 754//1436
usemtl Mat_Leather
f 771//1437 764//1437 768//1437
f 768//1438 770//1438 771//1438
f 766//1439 764//1439 771//1439
f 771//1440 770//1440 766//1440
f 763//1441 765//1441 769//1441
f 769//1442 767//1442 763//1442
f 763//1443 767//1443 768//1443
f 768//1444 764//1444 763//1444
f 767//1445 769//1445 768//1445
f 768//1446 769//1446 770//1446
f 766//1447 765//1447 763//1447
f 763//1448 764//1448 766//1448
f 766//1449 769//1449 765//1449
f 770//1450 769//1450 766//1450
usemtl Mat_DarkWood
f 779//1451 778//1451 777//1451
f 779//1452 777//1452 776//1452
f 776//1453 777//1453 773//1453
f 776//1454 773//1454 772//1454
f 777//1455 778//1455 774//1455
f 777//1456 774//1456 773//1456
f 778//1457 779//1457 775//1457
f 778//1458 775//1458 774//1458
f 779//1459 776//1459 772//1459
f 779//1460 772//1460 775//1460
f 773//1461 774//1461 775//1461
f 773//1462 775//1462 772//1462
usemtl Mat_Leather
f 788//1463 789//1463 781//1463
f 788//1464 781//1464 780//1464
f 789//1465 790//1465 782//1465
f 789//1466 782//1466 781//1466
f 790//1467 791//1467 783//1467
f 790//1468 783//1468 782//1468
f 791//1469 792//1469 784//1469
f 791//1470 784//1470 783//1470
f 792//1471 793//1471 785//1471
f 792//1472 785//1472 784//1472
f 793//1473 794//1473 786//1473
f 793//1474 786//1474 785//1474
f 794//1475 795//1475 787//1475
f 794//1476 787//1476 786//1476
f 795//1477 788//1477 780//1477
f 795//1478 780//1478 787//1478
f 795//1479 794//1479 793//1479
f 795//1480 793//1480 792//1480
f 795//1481 792//1481 791//1481
f 795//1482 791//1482 790//1482
f 795//1483 790//1483 789//1483
f 795//1484 789//1484 788//1484
f 780//1485 781//1485 782//1485
f 780//1486 782//1486 783//1486
f 780//1487 783//1487 784//1487
f 780//1488 784//1488 785//1488
f 780//1489 785//1489 786//1489
f 780//1490 786//1490 787//1490
o Char_Native_Shopkeeper_Leg_R
v -0.09280 0.30000 0.00000
v -0.11623 0.30000 -0.05657
v -0.17280 0.30000 -0.08000
v -0.22937 0.30000 -0.05657
v -0.25280 0.30000 -0.00000
v -0.22937 0.30000 0.05657
v -0.17280 0.30000 0.08000
v -0.11623 0.30000 0.05657
v -0.09280 0.14000 0.00000
v -0.11623 0.14000 -0.05657
v -0.17280 0.14000 -0.08000
v -0.22937 0.14000 -0.05657
v -0.25280 0.14000 -0.00000
v -0.22937 0.14000 0.05657
v -0.17280 0.14000 0.08000
v -0.11623 0.14000 0.05657
v -0.25280 0.00000 -0.08000
v -0.25280 0.00000 0.10000
v -0.25280 0.16000 -0.08000
v -0.25280 0.16000 0.10000
v -0.09280 0.00000 -0.08000
v -0.09280 0.00000 0.10000
v -0.09280 0.16000 -0.08000
v -0.09280 0.16000 0.10000
v -0.17280 0.04000 0.17000
v -0.26280 0.00000 -0.10500
v -0.08280 0.00000 -0.10500
v -0.08280 0.00000 0.16500
v -0.26280 0.00000 0.16500
v -0.26280 0.03000 -0.10500
v -0.08280 0.03000 -0.10500
v -0.08280 0.03000 0.16500
v -0.26280 0.03000 0.16500
v -0.08280 0.15000 0.00000
v -0.10916 0.15000 0.06364
v -0.17280 0.15000 0.09000
v -0.23644 0.15000 0.06364
v -0.26280 0.15000 0.00000
v -0.23644 0.15000 -0.06364
v -0.17280 0.15000 -0.09000
v -0.10916 0.15000 -0.06364
v -0.07280 0.21000 0.00000
v -0.10209 0.21000 0.07071
v -0.17280 0.21000 0.10000
v -0.24351 0.21000 0.07071
v -0.27280 0.21000 0.00000
v -0.24351 0.21000 -0.07071
v -0.17280 0.21000 -0.10000
v -0.10209 0.21000 -0.07071
vn 0.9239 0.0000 -0.3827
vn 0.9239 0.0000 -0.3827
vn 0.3827 0.0000 -0.9239
vn 0.3827 0.0000 -0.9239
vn -0.3827 0.0000 -0.9239
vn -0.3827 0.0000 -0.9239
vn -0.9239 0.0000 -0.3827
vn -0.9239 0.0000 -0.3827
vn -0.9239 0.0000 0.3827
vn -0.9239 0.0000 0.3827
vn -0.3827 0.0000 0.9239
vn -0.3827 0.0000 0.9239
vn 0.3827 0.0000 0.9239
vn 0.3827 -0.0000 0.9239
vn 0.9239 0.0000 0.3827
vn 0.9239 -0.0000 0.3827
vn -0.0000 -1.0000 0.0000
vn 0.0000 -1.0000 0.0000
vn 0.0000 -1.0000 0.0000
vn 0.0000 -1.0000 0.0000
vn 0.0000 -1.0000 -0.0000
vn 0.0000 -1.0000 0.0000
vn 0.0000 1.0000 0.0000
vn 0.0000 1.0000 0.0000
vn 0.0000 1.0000 0.0000
vn 0.0000 1.0000 0.0000
vn 0.0000 1.0000 0.0000
vn 0.0000 1.0000 0.0000
vn 0.0000 -0.8682 0.4961
vn 0.6585 -0.0000 0.7526
vn -0.6585 0.0000 0.7526
vn 0.0000 0.5039 0.8638
vn 0.0000 0.0000 -1.0000
vn 0.0000 -0.0000 -1.0000
vn 0.0000 -1.0000 0.0000
vn -0.0000 -1.0000 0.0000
vn 1.0000 0.0000 0.0000
vn 1.0000 -0.0000 0.0000
vn -1.0000 0.0000 -0.0000
vn -1.0000 0.0000 0.0000
vn 0.0000 1.0000 0.0000
vn 0.0000 1.0000 0.0000
vn -0.0000 1.0000 0.0000
vn 0.0000 1.0000 0.0000
vn 0.0000 0.0000 -1.0000
vn 0.0000 0.0000 -1.0000
vn 1.0000 0.0000 -0.0000
vn 1.0000 0.0000 0.0000
vn 0.0000 0.0000 1.0000
vn 0.0000 0.0000 1.0000
vn -1.0000 0.0000 -0.0000
vn -1.0000 -0.0000 0.0000
vn 0.0000 -1.0000 0.0000
vn 0.0000 -1.0000 0.0000
vn 0.9131 -0.1522 0.3782
vn 0.9131 -0.1522 0.3782
vn 0.3782 -0.1522 0.9131
vn 0.3782 -0.1522 0.9131
vn -0.3782 -0.1522 0.9131
vn -0.3782 -0.1522 0.9131
vn -0.9131 -0.1522 0.3782
vn -0.9131 -0.1522 0.3782
vn -0.9131 -0.1522 -0.3782
vn -0.9131 -0.1522 -0.3782
vn -0.3782 -0.1522 -0.9131
vn -0.3782 -0.1522 -0.9131
vn 0.3782 -0.1522 -0.9131
vn 0.3782 -0.1522 -0.9131
vn 0.9131 -0.1522 -0.3782
vn 0.9131 -0.1522 -0.3782
vn 0.0000 1.0000 0.0000
vn 0.0000 1.0000 0.0000
vn 0.0000 1.0000 0.0000
vn 0.0000 1.0000 0.0000
vn 0.0000 1.0000 -0.0000
vn 0.0000 1.0000 0.0000
vn 0.0000 -1.0000 0.0000
vn 0.0000 -1.0000 0.0000
vn 0.0000 -1.0000 0.0000
vn -0.0000 -1.0000 0.0000
vn 0.0000 -1.0000 0.0000
vn 0.0000 -1.0000 0.0000
usemtl Mat_Gum_peach
f 804//1491 805//1491 797//1491
f 804//1492 797//1492 796//1492
f 805//1493 806//1493 798//1493
f 805//1494 798//1494 797//1494
f 806//1495 807//1495 799//1495
f 806//1496 799//1496 798//1496
f 807//1497 808//1497 800//1497
f 807//1498 800//1498 799//1498
f 808//1499 809//1499 801//1499
f 808//1500 801//1500 800//1500
f 809//1501 810//1501 802//1501
f 809//1502 802//1502 801//1502
f 810//1503 811//1503 803//1503
f 810//1504 803//1504 802//1504
f 811//1505 804//1505 796//1505
f 811//1506 796//1506 803//1506
f 811//1507 810//1507 809//1507
f 811//1508 809//1508 808//1508
f 811//1509 808//1509 807//1509
f 811//1510 807//1510 806//1510
f 811//1511 806//1511 805//1511
f 811//1512 805//1512 804//1512
f 796//1513 797//1513 798//1513
f 796//1514 798//1514 799//1514
f 796//1515 799//1515 800//1515
f 796//1516 800//1516 801//1516
f 796//1517 801//1517 802//1517
f 796//1518 802//1518 803//1518
usemtl Mat_Leather
f 820//1519 813//1519 817//1519
f 817//1520 819//1520 820//1520
f 815//1521 813//1521 820//1521
f 820//1522 819//1522 815//1522
f 812//1523 814//1523 818//1523
f 818//1524 816//1524 812//1524
f 812//1525 816//1525 817//1525
f 817//1526 813//1526 812//1526
f 816//1527 818//1527 817//1527
f 817//1528 818//1528 819//1528
f 815//1529 814//1529 812//1529
f 812//1530 813//1530 815//1530
f 815//1531 818//1531 814//1531
f 819//1532 818//1532 815//1532
usemtl Mat_DarkWood
f 828//1533 827//1533 826//1533
f 828//1534 826//1534 825//1534
f 825//1535 826//1535 822//1535
f 825//1536 822//1536 821//1536
f 826//1537 827//1537 823//1537
f 826//1538 823//1538 822//1538
f 827//1539 828//1539 824//1539
f 827//1540 824//1540 823//1540
f 828//1541 825//1541 821//1541
f 828//1542 821//1542 824//1542
f 822//1543 823//1543 824//1543
f 822//1544 824//1544 821//1544
usemtl Mat_Leather
f 837//1545 838//1545 830//1545
f 837//1546 830//1546 829//1546
f 838//1547 839//1547 831//1547
f 838//1548 831//1548 830//1548
f 839//1549 840//1549 832//1549
f 839//1550 832//1550 831//1550
f 840//1551 841//1551 833//1551
f 840//1552 833//1552 832//1552
f 841//1553 842//1553 834//1553
f 841//1554 834//1554 833//1554
f 842//1555 843//1555 835//1555
f 842//1556 835//1556 834//1556
f 843//1557 844//1557 836//1557
f 843//1558 836//1558 835//1558
f 844//1559 837//1559 829//1559
f 844//1560 829//1560 836//1560
f 844//1561 843//1561 842//1561
f 844//1562 842//1562 841//1562
f 844//1563 841//1563 840//1563
f 844//1564 840//1564 839//1564
f 844//1565 839//1565 838//1565
f 844//1566 838//1566 837//1566
f 829//1567 830//1567 831//1567
f 829//1568 831//1568 832//1568
f 829//1569 832//1569 833//1569
f 829//1570 833//1570 834//1570
f 829//1571 834//1571 835//1571
f 829//1572 835//1572 836//1572
