# Alien Wild West asset pack - OBJ fallback. Y up, 1 unit = 1 m.
mtllib AlienWildWest.mtl
o Char_Native_Elder_Body
v 0.00000 0.20000 0.00000
v 0.33000 0.23000 0.00000
v 0.30488 0.23000 0.11618
v 0.23335 0.23000 0.21468
v 0.12629 0.23000 0.28049
v 0.00000 0.23000 0.30360
v -0.12629 0.23000 0.28049
v -0.23335 0.23000 0.21468
v -0.30488 0.23000 0.11618
v -0.33000 0.23000 0.00000
v -0.30488 0.23000 -0.11618
v -0.23335 0.23000 -0.21468
v -0.12629 0.23000 -0.28049
v -0.00000 0.23000 -0.30360
v 0.12629 0.23000 -0.28049
v 0.23335 0.23000 -0.21468
v 0.30488 0.23000 -0.11618
v 0.46200 0.42000 0.00000
v 0.42683 0.42000 0.16266
v 0.32668 0.42000 0.30055
v 0.17680 0.42000 0.39269
v 0.00000 0.42000 0.42504
v -0.17680 0.42000 0.39269
v -0.32668 0.42000 0.30055
v -0.42683 0.42000 0.16266
v -0.46200 0.42000 0.00000
v -0.42683 0.42000 -0.16266
v -0.32668 0.42000 -0.30055
v -0.17680 0.42000 -0.39269
v -0.00000 0.42000 -0.42504
v 0.17680 0.42000 -0.39269
v 0.32668 0.42000 -0.30055
v 0.42683 0.42000 -0.16266
v 0.47300 0.65000 0.00000
v 0.43700 0.65000 0.16653
v 0.33446 0.65000 0.30770
v 0.18101 0.65000 0.40204
v 0.00000 0.65000 0.43516
v -0.18101 0.65000 0.40204
v -0.33446 0.65000 0.30770
v -0.43700 0.65000 0.16653
v -0.47300 0.65000 0.00000
v -0.43700 0.65000 -0.16653
v -0.33446 0.65000 -0.30770
v -0.18101 0.65000 -0.40204
v -0.00000 0.65000 -0.43516
v 0.18101 0.65000 -0.40204
v 0.33446 0.65000 -0.30770
v 0.43700 0.65000 -0.16653
v 0.41800 0.88000 0.00000
v 0.38618 0.88000 0.14716
v 0.29557 0.88000 0.27192
v 0.15996 0.88000 0.35529
v 0.00000 0.88000 0.38456
v -0.15996 0.88000 0.35529
v -0.29557 0.88000 0.27192
v -0.38618 0.88000 0.14716
v -0.41800 0.88000 0.00000
v -0.38618 0.88000 -0.14716
v -0.29557 0.88000 -0.27192
v -0.15996 0.88000 -0.35529
v -0.00000 0.88000 -0.38456
v 0.15996 0.88000 -0.35529
v 0.29557 0.88000 -0.27192
v 0.38618 0.88000 -0.14716
v 0.29700 1.06000 0.00000
v 0.27439 1.06000 0.10456
v 0.21001 1.06000 0.19321
v 0.11366 1.06000 0.25244
v 0.00000 1.06000 0.27324
v -0.11366 1.06000 0.25244
v -0.21001 1.06000 0.19321
v -0.27439 1.06000 0.10456
v -0.29700 1.06000 0.00000
v -0.27439 1.06000 -0.10456
v -0.21001 1.06000 -0.19321
v -0.11366 1.06000 -0.25244
v -0.00000 1.06000 -0.27324
v 0.11366 1.06000 -0.25244
v 0.21001 1.06000 -0.19321
v 0.27439 1.06000 -0.10456
v 0.13200 1.15000 0.00000
v 0.12195 1.15000 0.04647
v 0.09334 1.15000 0.08587
v 0.05051 1.15000 0.11220
v 0.00000 1.15000 0.12144
v -0.05051 1.15000 0.11220
v -0.09334 1.15000 0.08587
v -0.12195 1.15000 0.04647
v -0.13200 1.15000 0.00000
v -0.12195 1.15000 -0.04647
v -0.09334 1.15000 -0.08587
v -0.05051 1.15000 -0.11220
v -0.00000 1.15000 -0.12144
v 0.05051 1.15000 -0.11220
v 0.09334 1.15000 -0.08587
v 0.12195 1.15000 -0.04647
v 0.00000 1.17000 0.00000
v 0.00000 0.26000 0.15400
v 0.27500 0.30000 0.15400
v 0.23816 0.30000 0.23650
v 0.13750 0.30000 0.29689
v 0.00000 0.30000 0.31900
v -0.13750 0.30000 0.29689
v -0.23816 0.30000 0.23650
v -0.27500 0.30000 0.15400
v -0.23816 0.30000 0.07150
v -0.13750 0.30000 0.01111
v -0.00000 0.30000 -0.01100
v 0.13750 0.30000 0.01111
v 0.23816 0.30000 0.07150
v 0.33000 0.45000 0.15400
v 0.28579 0.45000 0.25300
v 0.16500 0.45000 0.32547
v 0.00000 0.45000 0.35200
v -0.16500 0.45000 0.32547
v -0.28579 0.45000 0.25300
v -0.33000 0.45000 0.15400
v -0.28579 0.45000 0.05500
v -0.16500 0.45000 -0.01747
v -0.00000 0.45000 -0.04400
v 0.16500 0.45000 -0.01747
v 0.28579 0.45000 0.05500
v 0.27500 0.62000 0.15400
v 0.23816 0.62000 0.23650
v 0.13750 0.62000 0.29689
v 0.00000 0.62000 0.31900
v -0.13750 0.62000 0.29689
v -0.23816 0.62000 0.23650
v -0.27500 0.62000 0.15400
v -0.23816 0.62000 0.07150
v -0.13750 0.62000 0.01111
v -0.00000 0.62000 -0.01100
v 0.13750 0.62000 0.01111
v 0.23816 0.62000 0.07150
v 0.00000 0.68000 0.15400
v 0.34980 0.23000 0.00000
v 0.32317 0.23000 0.12315
v 0.24735 0.23000 0.22756
v 0.13386 0.23000 0.29732
v 0.00000 0.23000 0.32182
v -0.13386 0.23000 0.29732
v -0.24735 0.23000 0.22756
v -0.32317 0.23000 0.12315
v -0.34980 0.23000 0.00000
v -0.32317 0.23000 -0.12315
v -0.24735 0.23000 -0.22756
v -0.13386 0.23000 -0.29732
v -0.00000 0.23000 -0.32182
v 0.13386 0.23000 -0.29732
v 0.24735 0.23000 -0.22756
v 0.32317 0.23000 -0.12315
v 0.48972 0.42000 0.00000
v 0.45244 0.42000 0.17242
v 0.34628 0.42000 0.31858
v 0.18741 0.42000 0.41625
v 0.00000 0.42000 0.45054
v -0.18741 0.42000 0.41625
v -0.34628 0.42000 0.31858
v -0.45244 0.42000 0.17242
v -0.48972 0.42000 0.00000
v -0.45244 0.42000 -0.17242
v -0.34628 0.42000 -0.31858
v -0.18741 0.42000 -0.41625
v -0.00000 0.42000 -0.45054
v 0.18741 0.42000 -0.41625
v 0.34628 0.42000 -0.31858
v 0.45244 0.42000 -0.17242
v 0.50138 0.65000 0.00000
v 0.46321 0.65000 0.17652
v 0.35453 0.65000 0.32617
v 0.19187 0.65000 0.42616
v 0.00000 0.65000 0.46127
v -0.19187 0.65000 0.42616
v -0.35453 0.65000 0.32617
v -0.46321 0.65000 0.17652
v -0.50138 0.65000 0.00000
v -0.46321 0.65000 -0.17652
v -0.35453 0.65000 -0.32617
v -0.19187 0.65000 -0.42616
v -0.00000 0.65000 -0.46127
v 0.19187 0.65000 -0.42616
v 0.35453 0.65000 -0.32617
v 0.46321 0.65000 -0.17652
v 0.00000 0.27800 0.38124
v 0.02200 0.30000 0.38124
v 0.00000 0.30000 0.40324
v -0.02200 0.30000 0.38124
v -0.00000 0.30000 0.35924
v 0.00000 0.32200 0.38124
v 0.00000 0.35800 0.43544
v 0.02200 0.38000 0.43544
v 0.00000 0.38000 0.45744
v -0.02200 0.38000 0.43544
v -0.00000 0.38000 0.41344
v 0.00000 0.40200 0.43544
v 0.00000 0.43800 0.46441
v 0.02200 0.46000 0.46441
v 0.00000 0.46000 0.48641
v -0.02200 0.46000 0.46441
v -0.00000 0.46000 0.44241
v 0.00000 0.48200 0.46441
vn 0.0905 -0.9957 0.0196
vn 0.0767 -0.9955 0.0557
vn 0.0512 -0.9952 0.0834
vn 0.0180 -0.9950 0.0983
vn -0.0180 -0.9950 0.0983
vn -0.0512 -0.9952 0.0834
vn -0.0767 -0.9955 0.0557
vn -0.0905 -0.9957 0.0196
vn -0.0905 -0.9957 -0.0196
vn -0.0767 -0.9955 -0.0557
vn -0.0512 -0.9952 -0.0834
vn -0.0180 -0.9950 -0.0983
vn 0.0180 -0.9950 -0.0983
vn 0.0512 -0.9952 -0.0834
vn 0.0767 -0.9955 -0.0557
vn 0.0905 -0.9957 -0.0196
vn 0.8086 -0.5618 0.1748
vn 0.8086 -0.5618 0.1748
vn 0.6743 -0.5526 0.4898
vn 0.6743 -0.5526 0.4898
vn 0.4406 -0.5404 0.7168
vn 0.4406 -0.5404 0.7168
vn 0.1524 -0.5323 0.8328
vn 0.1524 -0.5323 0.8328
vn -0.1524 -0.5323 0.8328
vn -0.1524 -0.5323 0.8328
vn -0.4406 -0.5404 0.7168
vn -0.4406 -0.5404 0.7168
vn -0.6743 -0.5526 0.4898
vn -0.6743 -0.5526 0.4898
vn -0.8086 -0.5618 0.1748
vn -0.8086 -0.5618 0.1748
vn -0.8086 -0.5618 -0.1748
vn -0.8086 -0.5618 -0.1748
vn -0.6743 -0.5526 -0.4898
vn -0.6743 -0.5526 -0.4898
vn -0.4406 -0.5404 -0.7168
vn -0.4406 -0.5404 -0.7168
vn -0.1524 -0.5323 -0.8328
vn -0.1524 -0.5323 -0.8328
vn 0.1524 -0.5323 -0.8328
vn 0.1524 -0.5323 -0.8328
vn 0.4406 -0.5404 -0.7168
vn 0.4406 -0.5404 -0.7168
vn 0.6743 -0.5526 -0.4898
vn 0.6743 -0.5526 -0.4898
vn 0.8086 -0.5618 -0.1748
vn 0.8086 -0.5618 -0.1748
vn 0.9763 -0.0467 0.2111
vn 0.9763 -0.0467 0.2111
vn 0.8083 -0.0456 0.5870
vn 0.8083 -0.0456 0.5870
vn 0.5232 -0.0442 0.8511
vn 0.5232 -0.0442 0.8511
vn 0.1798 -0.0432 0.9827
vn 0.1798 -0.0432 0.9827
vn -0.1798 -0.0432 0.9827
vn -0.1798 -0.0432 0.9827
vn -0.5232 -0.0442 0.8511
vn -0.5232 -0.0442 0.8511
vn -0.8083 -0.0456 0.5870
vn -0.8083 -0.0456 0.5870
vn -0.9763 -0.0467 0.2111
vn -0.9763 -0.0467 0.2111
vn -0.9763 -0.0467 -0.2111
vn -0.9763 -0.0467 -0.2111
vn -0.8083 -0.0456 -0.5870
vn -0.8083 -0.0456 -0.5870
vn -0.5232 -0.0442 -0.8511
vn -0.5232 -0.0442 -0.8511
vn -0.1798 -0.0432 -0.9827
vn -0.1798 -0.0432 -0.9827
vn 0.1798 -0.0432 -0.9827
vn 0.1798 -0.0432 -0.9827
vn 0.5232 -0.0442 -0.8511
vn 0.5232 -0.0442 -0.8511
vn 0.8083 -0.0456 -0.5870
vn 0.8083 -0.0456 -0.5870
vn 0.9763 -0.0467 -0.2111
vn 0.9763 -0.0467 -0.2111
vn 0.9518 0.2276 0.2058
vn 0.9518 0.2276 0.2058
vn 0.7888 0.2225 0.5729
vn 0.7888 0.2225 0.5729
vn 0.5113 0.2159 0.8318
vn 0.5113 0.2159 0.8318
vn 0.1759 0.2115 0.9614
vn 0.1759 0.2115 0.9614
vn -0.1759 0.2115 0.9614
vn -0.1759 0.2115 0.9614
vn -0.5113 0.2159 0.8318
vn -0.5113 0.2159 0.8318
vn -0.7888 0.2225 0.5729
vn -0.7888 0.2225 0.5729
vn -0.9518 0.2276 0.2058
vn -0.9518 0.2276 0.2058
vn -0.9518 0.2276 -0.2058
vn -0.9518 0.2276 -0.2058
vn -0.7888 0.2225 -0.5729
vn -0.7888 0.2225 -0.5729
vn -0.5113 0.2159 -0.8318
vn -0.5113 0.2159 -0.8318
vn -0.1759 0.2115 -0.9614
vn -0.1759 0.2115 -0.9614
vn 0.1759 0.2115 -0.9614
vn 0.1759 0.2115 -0.9614
vn 0.5113 0.2159 -0.8318
vn 0.5113 0.2159 -0.8318
vn 0.7888 0.2225 -0.5729
vn 0.7888 0.2225 -0.5729
vn 0.9518 0.2276 -0.2058
vn 0.9518 0.2276 -0.2058
vn 0.8169 0.5491 0.1766
vn 0.8169 0.5491 0.1766
vn 0.6810 0.5400 0.4946
vn 0.6810 0.5400 0.4946
vn 0.4448 0.5278 0.7236
vn 0.4448 0.5278 0.7236
vn 0.1538 0.5197 0.8404
vn 0.1538 0.5197 0.8404
vn -0.1538 0.5197 0.8404
vn -0.1538 0.5197 0.8404
vn -0.4448 0.5278 0.7236
vn -0.4448 0.5278 0.7236
vn -0.6810 0.5400 0.4946
vn -0.6810 0.5400 0.4946
vn -0.8169 0.5491 0.1766
vn -0.8169 0.5491 0.1766
vn -0.8169 0.5491 -0.1766
vn -0.8169 0.5491 -0.1766
vn -0.6810 0.5400 -0.4946
vn -0.6810 0.5400 -0.4946
vn -0.4448 0.5278 -0.7236
vn -0.4448 0.5278 -0.7236
vn -0.1538 0.5197 -0.8404
vn -0.1538 0.5197 -0.8404
vn 0.1538 0.5197 -0.8404
vn 0.1538 0.5197 -0.8404
vn 0.4448 0.5278 -0.7236
vn 0.4448 0.5278 -0.7236
vn 0.6810 0.5400 -0.4946
vn 0.6810 0.5400 -0.4946
vn 0.8169 0.5491 -0.1766
vn 0.8169 0.5491 -0.1766
vn 0.4763 0.8732 0.1030
vn 0.4763 0.8732 0.1030
vn 0.4015 0.8682 0.2916
vn 0.4015 0.8682 0.2916
vn 0.2661 0.8613 0.4329
vn 0.2661 0.8613 0.4329
vn 0.0929 0.8565 0.5078
vn 0.0929 0.8565 0.5078
vn -0.0929 0.8565 0.5078
vn -0.0929 0.8565 0.5078
vn -0.2661 0.8613 0.4329
vn -0.2661 0.8613 0.4329
vn -0.4015 0.8682 0.2916
vn -0.4015 0.8682 0.2916
vn -0.4763 0.8732 0.1030
vn -0.4763 0.8732 0.1030
vn -0.4763 0.8732 -0.1030
vn -0.4763 0.8732 -0.1030
vn -0.4015 0.8682 -0.2916
vn -0.4015 0.8682 -0.2916
vn -0.2661 0.8613 -0.4329
vn -0.2661 0.8613 -0.4329
vn -0.0929 0.8565 -0.5078
vn -0.0929 0.8565 -0.5078
vn 0.0929 0.8565 -0.5078
vn 0.0929 0.8565 -0.5078
vn 0.2661 0.8613 -0.4329
vn 0.2661 0.8613 -0.4329
vn 0.4015 0.8682 -0.2916
vn 0.4015 0.8682 -0.2916
vn 0.4763 0.8732 -0.1030
vn 0.4763 0.8732 -0.1030
vn 0.1497 0.9882 0.0324
vn 0.1269 0.9876 0.0921
vn 0.0847 0.9868 0.1378
vn 0.0297 0.9863 0.1624
vn -0.0297 0.9863 0.1624
vn -0.0847 0.9868 0.1378
vn -0.1269 0.9876 0.0921
vn -0.1497 0.9882 0.0324
vn -0.1497 0.9882 -0.0324
vn -0.1269 0.9876 -0.0921
vn -0.0847 0.9868 -0.1378
vn -0.0297 0.9863 -0.1624
vn 0.0297 0.9863 -0.1624
vn 0.0847 0.9868 -0.1378
vn 0.1269 0.9876 -0.0921
vn 0.1497 0.9882 -0.0324
vn 0.1436 -0.9875 0.0641
vn 0.1043 -0.9792 0.1738
vn 0.0379 -0.9712 0.2354
vn -0.0379 -0.9712 0.2354
vn -0.1043 -0.9792 0.1738
vn -0.1436 -0.9875 0.0641
vn -0.1436 -0.9875 -0.0641
vn -0.1043 -0.9792 -0.1738
vn -0.0379 -0.9712 -0.2354
vn 0.0379 -0.9712 -0.2354
vn 0.1043 -0.9792 -0.1738
vn 0.1436 -0.9875 -0.0641
vn 0.8658 -0.3175 0.3867
vn 0.8658 -0.3175 0.3867
vn 0.4982 -0.2495 0.8304
vn 0.4982 -0.2495 0.8304
vn 0.1551 -0.2123 0.9648
vn 0.1551 -0.2123 0.9648
vn -0.1551 -0.2123 0.9648
vn -0.1551 -0.2123 0.9648
vn -0.4982 -0.2495 0.8304
vn -0.4982 -0.2495 0.8304
vn -0.8658 -0.3175 0.3867
vn -0.8658 -0.3175 0.3867
vn -0.8658 -0.3175 -0.3867
vn -0.8658 -0.3175 -0.3867
vn -0.4982 -0.2495 -0.8304
vn -0.4982 -0.2495 -0.8304
vn -0.1551 -0.2123 -0.9648
vn -0.1551 -0.2123 -0.9648
vn 0.1551 -0.2123 -0.9648
vn 0.1551 -0.2123 -0.9648
vn 0.4982 -0.2495 -0.8304
vn 0.4982 -0.2495 -0.8304
vn 0.8658 -0.3175 -0.3867
vn 0.8658 -0.3175 -0.3867
vn 0.8757 0.2833 0.3911
vn 0.8757 0.2833 0.3911
vn 0.5017 0.2217 0.8361
vn 0.5017 0.2217 0.8361
vn 0.1559 0.1882 0.9697
vn 0.1559 0.1882 0.9697
vn -0.1559 0.1882 0.9697
vn -0.1559 0.1882 0.9697
vn -0.5017 0.2217 0.8361
vn -0.5017 0.2217 0.8361
vn -0.8757 0.2833 0.3911
vn -0.8757 0.2833 0.3911
vn -0.8757 0.2833 -0.3911
vn -0.8757 0.2833 -0.3911
vn -0.5017 0.2217 -0.8361
vn -0.5017 0.2217 -0.8361
vn -0.1559 0.1882 -0.9697
vn -0.1559 0.1882 -0.9697
vn 0.1559 0.1882 -0.9697
vn 0.1559 0.1882 -0.9697
vn 0.5017 0.2217 -0.8361
vn 0.5017 0.2217 -0.8361
vn 0.8757 0.2833 -0.3911
vn 0.8757 0.2833 -0.3911
vn 0.2122 0.9726 0.0948
vn 0.1525 0.9550 0.2542
vn 0.0549 0.9384 0.3412
vn -0.0549 0.9384 0.3412
vn -0.1525 0.9550 0.2542
vn -0.2122 0.9726 0.0948
vn -0.2122 0.9726 -0.0948
vn -0.1525 0.9550 -0.2542
vn -0.0549 0.9384 -0.3412
vn 0.0549 0.9384 -0.3412
vn 0.1525 0.9550 -0.2542
vn 0.2122 0.9726 -0.0948
vn 0.7933 -0.5842 0.1715
vn 0.7933 -0.5842 0.1715
vn 0.6620 -0.5750 0.4808
vn 0.6620 -0.5750 0.4808
vn 0.4329 -0.5628 0.7042
vn 0.4329 -0.5628 0.7042
vn 0.1498 -0.5546 0.8185
vn 0.1498 -0.5546 0.8185
vn -0.1498 -0.5546 0.8185
vn -0.1498 -0.5546 0.8185
vn -0.4329 -0.5628 0.7042
vn -0.4329 -0.5628 0.7042
vn -0.6620 -0.5750 0.4808
vn -0.6620 -0.5750 0.4808
vn -0.7933 -0.5842 0.1715
vn -0.7933 -0.5842 0.1715
vn -0.7933 -0.5842 -0.1715
vn -0.7933 -0.5842 -0.1715
vn -0.6620 -0.5750 -0.4808
vn -0.6620 -0.5750 -0.4808
vn -0.4329 -0.5628 -0.7042
vn -0.4329 -0.5628 -0.7042
vn -0.1498 -0.5546 -0.8185
vn -0.1498 -0.5546 -0.8185
vn 0.1498 -0.5546 -0.8185
vn 0.1498 -0.5546 -0.8185
vn 0.4329 -0.5628 -0.7042
vn 0.4329 -0.5628 -0.7042
vn 0.6620 -0.5750 -0.4808
vn 0.6620 -0.5750 -0.4808
vn 0.7933 -0.5842 -0.1715
vn 0.7933 -0.5842 -0.1715
vn 0.9762 -0.0495 0.2111
vn 0.9762 -0.0495 0.2111
vn 0.8082 -0.0483 0.5870
vn 0.8082 -0.0483 0.5870
vn 0.5231 -0.0468 0.8510
vn 0.5231 -0.0468 0.8510
vn 0.1798 -0.0458 0.9826
vn 0.1798 -0.0458 0.9826
vn -0.1798 -0.0458 0.9826
vn -0.1798 -0.0458 0.9826
vn -0.5231 -0.0468 0.8510
vn -0.5231 -0.0468 0.8510
vn -0.8082 -0.0483 0.5870
vn -0.8082 -0.0483 0.5870
vn -0.9762 -0.0495 0.2111
vn -0.9762 -0.0495 0.2111
vn -0.9762 -0.0495 -0.2111
vn -0.9762 -0.0495 -0.2111
vn -0.8082 -0.0483 -0.5870
vn -0.8082 -0.0483 -0.5870
vn -0.5231 -0.0468 -0.8510
vn -0.5231 -0.0468 -0.8510
vn -0.1798 -0.0458 -0.9826
vn -0.1798 -0.0458 -0.9826
vn 0.1798 -0.0458 -0.9826
vn 0.1798 -0.0458 -0.9826
vn 0.5231 -0.0468 -0.8510
vn 0.5231 -0.0468 -0.8510
vn 0.8082 -0.0483 -0.5870
vn 0.8082 -0.0483 -0.5870
vn 0.9762 -0.0495 -0.2111
vn 0.9762 -0.0495 -0.2111
vn 0.5774 -0.5774 0.5774
vn -0.5774 -0.5774 0.5774
vn -0.5774 -0.5774 -0.5774
vn 0.5774 -0.5774 -0.5774
vn 0.5774 0.5774 0.5774
vn -0.5774 0.5774 0.5774
vn -0.5774 0.5774 -0.5774
vn 0.5774 0.5774 -0.5774
vn 0.5774 -0.5774 0.5774
vn -0.5774 -0.5774 0.5774
vn -0.5774 -0.5774 -0.5774
vn 0.5774 -0.5774 -0.5774
vn 0.5774 0.5774 0.5774
vn -0.5774 0.5774 0.5774
vn -0.5774 0.5774 -0.5774
vn 0.5774 0.5774 -0.5774
vn 0.5774 -0.5774 0.5774
vn -0.5774 -0.5774 0.5774
vn -0.5774 -0.5774 -0.5774
vn 0.5774 -0.5774 -0.5774
vn 0.5774 0.5774 0.5774
vn -0.5774 0.5774 0.5774
vn -0.5774 0.5774 -0.5774
vn 0.5774 0.5774 -0.5774
vn -0.7933 0.5842 -0.1715
vn -0.7933 0.5842 -0.1715
vn -0.6620 0.5750 -0.4808
vn -0.6620 0.5750 -0.4808
vn -0.4329 0.5628 -0.7042
vn -0.4329 0.5628 -0.7042
vn -0.1498 0.5546 -0.8185
vn -0.1498 0.5546 -0.8185
vn 0.1498 0.5546 -0.8185
vn 0.1498 0.5546 -0.8185
vn 0.4329 0.5628 -0.7042
vn 0.4329 0.5628 -0.7042
vn 0.6620 0.5750 -0.4808
vn 0.6620 0.5750 -0.4808
vn 0.7933 0.5842 -0.1715
vn 0.7933 0.5842 -0.1715
vn 0.7933 0.5842 0.1715
vn 0.7933 0.5842 0.1715
vn 0.6620 0.5750 0.4808
vn 0.6620 0.5750 0.4808
vn 0.4329 0.5628 0.7042
vn 0.4329 0.5628 0.7042
vn 0.1498 0.5546 0.8185
vn 0.1498 0.5546 0.8185
vn -0.1498 0.5546 0.8185
vn -0.1498 0.5546 0.8185
vn -0.4329 0.5628 0.7042
vn -0.4329 0.5628 0.7042
vn -0.6620 0.5750 0.4808
vn -0.6620 0.5750 0.4808
vn -0.7933 0.5842 0.1715
vn -0.7933 0.5842 0.1715
vn -0.9762 0.0495 -0.2111
vn -0.9762 0.0495 -0.2111
vn -0.8082 0.0483 -0.5870
vn -0.8082 0.0483 -0.5870
vn -0.5231 0.0468 -0.8510
vn -0.5231 0.0468 -0.8510
vn -0.1798 0.0458 -0.9826
vn -0.1798 0.0458 -0.9826
vn 0.1798 0.0458 -0.9826
vn 0.1798 0.0458 -0.9826
vn 0.5231 0.0468 -0.8510
vn 0.5231 0.0468 -0.8510
vn 0.8082 0.0483 -0.5870
vn 0.8082 0.0483 -0.5870
vn 0.9762 0.0495 -0.2111
vn 0.9762 0.0495 -0.2111
vn 0.9762 0.0495 0.2111
vn 0.9762 0.0495 0.2111
vn 0.8082 0.0483 0.5870
vn 0.8082 0.0483 0.5870
vn 0.5231 0.0468 0.8510
vn 0.5231 0.0468 0.8510
vn 0.1798 0.0458 0.9826
vn 0.1798 0.0458 0.9826
vn -0.1798 0.0458 0.9826
vn -0.1798 0.0458 0.9826
vn -0.5231 0.0468 0.8510
vn -0.5231 0.0468 0.8510
vn -0.8082 0.0483 0.5870
vn -0.8082 0.0483 0.5870
vn -0.9762 0.0495 0.2111
vn -0.9762 0.0495 0.2111
usemtl Mat_Gum_sand
f 2//1 3//1 1//1
f 3//2 4//2 1//2
f 4//3 5//3 1//3
f 5//4 6//4 1//4
f 6//5 7//5 1//5
f 7//6 8//6 1//6
f 8//7 9//7 1//7
f 9//8 10//8 1//8
f 10//9 11//9 1//9
f 11//10 12//10 1//10
f 12//11 13//11 1//11
f 13//12 14//12 1//12
f 14//13 15//13 1//13
f 15//14 16//14 1//14
f 16//15 17//15 1//15
f 17//16 2//16 1//16
f 18//17 19//17 3//17
f 18//18 3//18 2//18
f 19//19 20//19 4//19
f 19//20 4//20 3//20
f 20//21 21//21 5//21
f 20//22 5//22 4//22
f 21//23 22//23 6//23
f 21//24 6//24 5//24
f 22//25 23//25 7//25
f 22//26 7//26 6//26
f 23//27 24//27 8//27
f 23//28 8//28 7//28
f 24//29 25//29 9//29
f 24//30 9//30 8//30
f 25//31 26//31 10//31
f 25//32 10//32 9//32
f 26//33 27//33 11//33
f 26//34 11//34 10//34
f 27//35 28//35 12//35
f 27//36 12//36 11//36
f 28//37 29//37 13//37
f 28//38 13//38 12//38
f 29//39 30//39 14//39
f 29//40 14//40 13//40
f 30//41 31//41 15//41
f 30//42 15//42 14//42
f 31//43 32//43 16//43
f 31//44 16//44 15//44
f 32//45 33//45 17//45
f 32//46 17//46 16//46
f 33//47 18//47 2//47
f 33//48 2//48 17//48
f 34//49 35//49 19//49
f 34//50 19//50 18//50
f 35//51 36//51 20//51
f 35//52 20//52 19//52
f 36//53 37//53 21//53
f 36//54 21//54 20//54
f 37//55 38//55 22//55
f 37//56 22//56 21//56
f 38//57 39//57 23//57
f 38//58 23//58 22//58
f 39//59 40//59 24//59
f 39//60 24//60 23//60
f 40//61 41//61 25//61
f 40//62 25//62 24//62
f 41//63 42//63 26//63
f 41//64 26//64 25//64
f 42//65 43//65 27//65
f 42//66 27//66 26//66
f 43//67 44//67 28//67
f 43//68 28//68 27//68
f 44//69 45//69 29//69
f 44//70 29//70 28//70
f 45//71 46//71 30//71
f 45//72 30//72 29//72
f 46//73 47//73 31//73
f 46//74 31//74 30//74
f 47//75 48//75 32//75
f 47//76 32//76 31//76
f 48//77 49//77 33//77
f 48//78 33//78 32//78
f 49//79 34//79 18//79
f 49//80 18//80 33//80
f 50//81 51//81 35//81
f 50//82 35//82 34//82
f 51//83 52//83 36//83
f 51//84 36//84 35//84
f 52//85 53//85 37//85
f 52//86 37//86 36//86
f 53//87 54//87 38//87
f 53//88 38//88 37//88
f 54//89 55//89 39//89
f 54//90 39//90 38//90
f 55//91 56//91 40//91
f 55//92 40//92 39//92
f 56//93 57//93 41//93
f 56//94 41//94 40//94
f 57//95 58//95 42//95
f 57//96 42//96 41//96
f 58//97 59//97 43//97
f 58//98 43//98 42//98
f 59//99 60//99 44//99
f 59//100 44//100 43//100
f 60//101 61//101 45//101
f 60//102 45//102 44//102
f 61//103 62//103 46//103
f 61//104 46//104 45//104
f 62//105 63//105 47//105
f 62//106 47//106 46//106
f 63//107 64//107 48//107
f 63//108 48//108 47//108
f 64//109 65//109 49//109
f 64//110 49//110 48//110
f 65//111 50//111 34//111
f 65//112 34//112 49//112
f 66//113 67//113 51//113
f 66//114 51//114 50//114
f 67//115 68//115 52//115
f 67//116 52//116 51//116
f 68//117 69//117 53//117
f 68//118 53//118 52//118
f 69//119 70//119 54//119
f 69//120 54//120 53//120
f 70//121 71//121 55//121
f 70//122 55//122 54//122
f 71//123 72//123 56//123
f 71//124 56//124 55//124
f 72//125 73//125 57//125
f 72//126 57//126 56//126
f 73//127 74//127 58//127
f 73//128 58//128 57//128
f 74//129 75//129 59//129
f 74//130 59//130 58//130
f 75//131 76//131 60//131
f 75//132 60//132 59//132
f 76//133 77//133 61//133
f 76//134 61//134 60//134
f 77//135 78//135 62//135
f 77//136 62//136 61//136
f 78//137 79//137 63//137
f 78//138 63//138 62//138
f 79//139 80//139 64//139
f 79//140 64//140 63//140
f 80//141 81//141 65//141
f 80//142 65//142 64//142
f 81//143 66//143 50//143
f 81//144 50//144 65//144
f 82//145 83//145 67//145
f 82//146 67//146 66//146
f 83//147 84//147 68//147
f 83//148 68//148 67//148
f 84//149 85//149 69//149
f 84//150 69//150 68//150
f 85//151 86//151 70//151
f 85//152 70//152 69//152
f 86//153 87//153 71//153
f 86//154 71//154 70//154
f 87//155 88//155 72//155
f 87//156 72//156 71//156
f 88//157 89//157 73//157
f 88//158 73//158 72//158
f 89//159 90//159 74//159
f 89//160 74//160 73//160
f 90//161 91//161 75//161
f 90//162 75//162 74//162
f 91//163 92//163 76//163
f 91//164 76//164 75//164
f 92//165 93//165 77//165
f 92//166 77//166 76//166
f 93//167 94//167 78//167
f 93//168 78//168 77//168
f 94//169 95//169 79//169
f 94//170 79//170 78//170
f 95//171 96//171 80//171
f 95//172 80//172 79//172
f 96//173 97//173 81//173
f 96//174 81//174 80//174
f 97//175 82//175 66//175
f 97//176 66//176 81//176
f 98//177 83//177 82//177
f 98//178 84//178 83//178
f 98//179 85//179 84//179
f 98//180 86//180 85//180
f 98//181 87//181 86//181
f 98//182 88//182 87//182
f 98//183 89//183 88//183
f 98//184 90//184 89//184
f 98//185 91//185 90//185
f 98//186 92//186 91//186
f 98//187 93//187 92//187
f 98//188 94//188 93//188
f 98//189 95//189 94//189
f 98//190 96//190 95//190
f 98//191 97//191 96//191
f 98//192 82//192 97//192
usemtl Mat_Gum_sandL
f 100//193 101//193 99//193
f 101//194 102//194 99//194
f 102//195 103//195 99//195
f 103//196 104//196 99//196
f 104//197 105//197 99//197
f 105//198 106//198 99//198
f 106//199 107//199 99//199
f 107//200 108//200 99//200
f 108//201 109//201 99//201
f 109//202 110//202 99//202
f 110//203 111//203 99//203
f 111//204 100//204 99//204
f 112//205 113//205 101//205
f 112//206 101//206 100//206
f 113//207 114//207 102//207
f 113//208 102//208 101//208
f 114//209 115//209 103//209
f 114//210 103//210 102//210
f 115//211 116//211 104//211
f 115//212 104//212 103//212
f 116//213 117//213 105//213
f 116//214 105//214 104//214
f 117//215 118//215 106//215
f 117//216 106//216 105//216
f 118//217 119//217 107//217
f 118//218 107//218 106//218
f 119//219 120//219 108//219
f 119//220 108//220 107//220
f 120//221 121//221 109//221
f 120//222 109//222 108//222
f 121//223 122//223 110//223
f 121//224 110//224 109//224
f 122//225 123//225 111//225
f 122//226 111//226 110//226
f 123//227 112//227 100//227
f 123//228 100//228 111//228
f 124//229 125//229 113//229
f 124//230 113//230 112//230
f 125//231 126//231 114//231
f 125//232 114//232 113//232
f 126//233 127//233 115//233
f 126//234 115//234 114//234
f 127//235 128//235 116//235
f 127//236 116//236 115//236
f 128//237 129//237 117//237
f 128//238 117//238 116//238
f 129//239 130//239 118//239
f 129//240 118//240 117//240
f 130//241 131//241 119//241
f 130//242 119//242 118//242
f 131//243 132//243 120//243
f 131//244 120//244 119//244
f 132//245 133//245 121//245
f 132//246 121//246 120//246
f 133//247 134//247 122//247
f 133//248 122//248 121//248
f 134//249 135//249 123//249
f 134//250 123//250 122//250
f 135//251 124//251 112//251
f 135//252 112//252 123//252
f 136//253 125//253 124//253
f 136//254 126//254 125//254
f 136//255 127//255 126//255
f 136//256 128//256 127//256
f 136//257 129//257 128//257
f 136//258 130//258 129//258
f 136//259 131//259 130//259
f 136//260 132//260 131//260
f 136//261 133//261 132//261
f 136//262 134//262 133//262
f 136//263 135//263 134//263
f 136//264 124//264 135//264
usemtl Mat_Terracotta
f 153//265 154//265 138//265
f 153//266 138//266 137//266
f 154//267 155//267 139//267
f 154//268 139//268 138//268
f 155//269 156//269 140//269
f 155//270 140//270 139//270
f 156//271 157//271 141//271
f 156//272 141//272 140//272
f 157//273 158//273 142//273
f 157//274 142//274 141//274
f 158//275 159//275 143//275
f 158//276 143//276 142//276
f 159//277 160//277 144//277
f 159//278 144//278 143//278
f 160//279 161//279 145//279
f 160//280 145//280 144//280
f 161//281 162//281 146//281
f 161//282 146//282 145//282
f 162//283 163//283 147//283
f 162//284 147//284 146//284
f 163//285 164//285 148//285
f 163//286 148//286 147//286
f 164//287 165//287 149//287
f 164//288 149//288 148//288
f 165//289 166//289 150//289
f 165//290 150//290 149//290
f 166//291 167//291 151//291
f 166//292 151//292 150//292
f 167//293 168//293 152//293
f 167//294 152//294 151//294
f 168//295 153//295 137//295
f 168//296 137//296 152//296
f 169//297 170//297 154//297
f 169//298 154//298 153//298
f 170//299 171//299 155//299
f 170//300 155//300 154//300
f 171//301 172//301 156//301
f 171//302 156//302 155//302
f 172//303 173//303 157//303
f 172//304 157//304 156//304
f 173//305 174//305 158//305
f 173//306 158//306 157//306
f 174//307 175//307 159//307
f 174//308 159//308 158//308
f 175//309 176//309 160//309
f 175//310 160//310 159//310
f 176//311 177//311 161//311
f 176//312 161//312 160//312
f 177//313 178//313 162//313
f 177//314 162//314 161//314
f 178//315 179//315 163//315
f 178//316 163//316 162//316
f 179//317 180//317 164//317
f 179//318 164//318 163//318
f 180//319 181//319 165//319
f 180//320 165//320 164//320
f 181//321 182//321 166//321
f 181//322 166//322 165//322
f 182//323 183//323 167//323
f 182//324 167//324 166//324
f 183//325 184//325 168//325
f 183//326 168//326 167//326
f 184//327 169//327 153//327
f 184//328 153//328 168//328
usemtl Mat_Bone
f 186//329 187//329 185//329
f 187//330 188//330 185//330
f 188//331 189//331 185//331
f 189//332 186//332 185//332
f 190//333 187//333 186//333
f 190//334 188//334 187//334
f 190//335 189//335 188//335
f 190//336 186//336 189//336
f 192//337 193//337 191//337
f 193//338 194//338 191//338
f 194//339 195//339 191//339
f 195//340 192//340 191//340
f 196//341 193//341 192//341
f 196//342 194//342 193//342
f 196//343 195//343 194//343
f 196//344 192//344 195//344
f 198//345 199//345 197//345
f 199//346 200//346 197//346
f 200//347 201//347 197//347
f 201//348 198//348 197//348
f 202//349 199//349 198//349
f 202//350 200//350 199//350
f 202//351 201//351 200//351
f 202//352 198//352 201//352
usemtl Mat_Terracotta
f 138//353 154//353 153//353
f 137//354 138//354 153//354
f 139//355 155//355 154//355
f 138//356 139//356 154//356
f 140//357 156//357 155//357
f 139//358 140//358 155//358
f 141//359 157//359 156//359
f 140//360 141//360 156//360
f 142//361 158//361 157//361
f 141//362 142//362 157//362
f 143//363 159//363 158//363
f 142//364 143//364 158//364
f 144//365 160//365 159//365
f 143//366 144//366 159//366
f 145//367 161//367 160//367
f 144//368 145//368 160//368
f 146//369 162//369 161//369
f 145//370 146//370 161//370
f 147//371 163//371 162//371
f 146//372 147//372 162//372
f 148//373 164//373 163//373
f 147//374 148//374 163//374
f 149//375 165//375 164//375
f 148//376 149//376 164//376
f 150//377 166//377 165//377
f 149//378 150//378 165//378
f 151//379 167//379 166//379
f 150//380 151//380 166//380
f 152//381 168//381 167//381
f 151//382 152//382 167//382
f 137//383 153//383 168//383
f 152//384 137//384 168//384
f 154//385 170//385 169//385
f 153//386 154//386 169//386
f 155//387 171//387 170//387
f 154//388 155//388 170//388
f 156//389 172//389 171//389
f 155//390 156//390 171//390
f 157//391 173//391 172//391
f 156//392 157//392 172//392
f 158//393 174//393 173//393
f 157//394 158//394 173//394
f 159//395 175//395 174//395
f 158//396 159//396 174//396
f 160//397 176//397 175//397
f 159//398 160//398 175//398
f 161//399 177//399 176//399
f 160//400 161//400 176//400
f 162//401 178//401 177//401
f 161//402 162//402 177//402
f 163//403 179//403 178//403
f 162//404 163//404 178//404
f 164//405 180//405 179//405
f 163//406 164//406 179//406
f 165//407 181//407 180//407
f 164//408 165//408 180//408
f 166//409 182//409 181//409
f 165//410 166//410 181//410
f 167//411 183//411 182//411
f 166//412 167//412 182//412
f 168//413 184//413 183//413
f 167//414 168//414 183//414
f 153//415 169//415 184//415
f 168//416 153//416 184//416
o Char_Native_Elder_Head
v -0.14000 0.66737 0.39234
v -0.08385 0.68246 0.40596
v -0.10404 0.68979 0.43441
v -0.13760 0.69433 0.44557
v -0.17170 0.69433 0.43517
v -0.19332 0.68979 0.40719
v -0.19420 0.68246 0.37232
v -0.17401 0.67512 0.34387
v -0.14046 0.67058 0.33271
v -0.10636 0.67058 0.34311
v -0.08473 0.67512 0.37109
v -0.04079 0.72368 0.40953
v -0.07576 0.73639 0.45881
v -0.13388 0.74425 0.47814
v -0.19295 0.74425 0.46013
v -0.23040 0.73639 0.41167
v -0.23193 0.72368 0.35126
v -0.19696 0.71097 0.30198
v -0.13884 0.70312 0.28266
v -0.07977 0.70312 0.30066
v -0.04232 0.71097 0.34913
v -0.02237 0.78000 0.40210
v -0.06275 0.79468 0.45900
v -0.12986 0.80375 0.48132
v -0.19806 0.80375 0.46052
v -0.24131 0.79468 0.40456
v -0.24307 0.78000 0.33481
v -0.20269 0.76532 0.27791
v -0.13558 0.75625 0.25559
v -0.06738 0.75625 0.27639
v -0.02413 0.76532 0.33235
v -0.03351 0.83632 0.38565
v -0.06848 0.84903 0.43493
v -0.12660 0.85688 0.45425
v -0.18567 0.85688 0.43625
v -0.22312 0.84903 0.38778
v -0.22465 0.83632 0.32738
v -0.18968 0.82361 0.27810
v -0.13156 0.81575 0.25877
v -0.07249 0.81575 0.27678
v -0.03504 0.82361 0.32524
v -0.07124 0.87754 0.36459
v -0.09143 0.88488 0.39304
v -0.12498 0.88942 0.40420
v -0.15908 0.88942 0.39380
v -0.18071 0.88488 0.36582
v -0.18159 0.87754 0.33095
v -0.16140 0.87021 0.30250
v -0.12784 0.86567 0.29134
v -0.09374 0.86567 0.30174
v -0.07212 0.87021 0.32972
v -0.12544 0.89263 0.34457
v -0.09467 0.80072 0.48891
v -0.11039 0.75967 0.49363
v -0.14624 0.73430 0.48858
v -0.18852 0.73430 0.47569
v -0.22109 0.75967 0.45988
v -0.23150 0.80072 0.44719
v -0.21578 0.84177 0.44247
v -0.17993 0.86714 0.44752
v -0.13765 0.86714 0.46041
v -0.10508 0.84177 0.47622
v -0.10036 0.80505 0.50759
v -0.11608 0.76400 0.51231
v -0.15193 0.73863 0.50726
v -0.19422 0.73863 0.49437
v -0.22679 0.76400 0.47856
v -0.23720 0.80505 0.46587
v -0.22148 0.84610 0.46115
v -0.18563 0.87146 0.46620
v -0.14334 0.87146 0.47909
v -0.11077 0.84610 0.49490
v -0.11576 0.83188 0.47897
v -0.12805 0.81237 0.47974
v -0.15012 0.81237 0.47301
v -0.15990 0.83188 0.46551
v -0.14760 0.85139 0.46474
v -0.12553 0.85139 0.47146
v -0.12287 0.83729 0.50231
v -0.13517 0.81778 0.50309
v -0.15724 0.81778 0.49636
v -0.16701 0.83729 0.48885
v -0.15472 0.85680 0.48808
v -0.13265 0.85680 0.49481
v -0.17200 0.78119 0.47356
v -0.17949 0.77155 0.47352
v -0.19035 0.77524 0.46935
v -0.18958 0.78715 0.46682
v -0.17824 0.79084 0.46943
v -0.17912 0.78661 0.49691
v -0.18661 0.77696 0.49686
v -0.19747 0.78065 0.49270
v -0.19670 0.79256 0.49017
v -0.18536 0.79625 0.49277
v 0.14000 0.66737 0.39234
v 0.19420 0.68246 0.37232
v 0.19332 0.68979 0.40719
v 0.17170 0.69433 0.43517
v 0.13760 0.69433 0.44557
v 0.10404 0.68979 0.43441
v 0.08385 0.68246 0.40596
v 0.08473 0.67512 0.37109
v 0.10636 0.67058 0.34311
v 0.14046 0.67058 0.33271
v 0.17401 0.67512 0.34387
v 0.23193 0.72368 0.35126
v 0.23040 0.73639 0.41167
v 0.19295 0.74425 0.46013
v 0.13388 0.74425 0.47814
v 0.07576 0.73639 0.45881
v 0.04079 0.72368 0.40953
v 0.04232 0.71097 0.34913
v 0.07977 0.70312 0.30066
v 0.13884 0.70312 0.28266
v 0.19696 0.71097 0.30198
v 0.24307 0.78000 0.33481
v 0.24131 0.79468 0.40456
v 0.19806 0.80375 0.46052
v 0.12986 0.80375 0.48132
v 0.06275 0.79468 0.45900
v 0.02237 0.78000 0.40210
v 0.02413 0.76532 0.33235
v 0.06738 0.75625 0.27639
v 0.13558 0.75625 0.25559
v 0.20269 0.76532 0.27791
v 0.22465 0.83632 0.32738
v 0.22312 0.84903 0.38778
v 0.18567 0.85688 0.43625
v 0.12660 0.85688 0.45425
v 0.06848 0.84903 0.43493
v 0.03351 0.83632 0.38565
v 0.03504 0.82361 0.32524
v 0.07249 0.81575 0.27678
v 0.13156 0.81575 0.25877
v 0.18968 0.82361 0.27810
v 0.18159 0.87754 0.33095
v 0.18071 0.88488 0.36582
v 0.15908 0.88942 0.39380
v 0.12498 0.88942 0.40420
v 0.09143 0.88488 0.39304
v 0.07124 0.87754 0.36459
v 0.07212 0.87021 0.32972
v 0.09374 0.86567 0.30174
v 0.12784 0.86567 0.29134
v 0.16140 0.87021 0.30250
v 0.12544 0.89263 0.34457
v 0.23150 0.80072 0.44719
v 0.22109 0.75967 0.45988
v 0.18852 0.73430 0.47569
v 0.14624 0.73430 0.48858
v 0.11039 0.75967 0.49363
v 0.09467 0.80072 0.48891
v 0.10508 0.84177 0.47622
v 0.13765 0.86714 0.46041
v 0.17993 0.86714 0.44752
v 0.21578 0.84177 0.44247
v 0.23720 0.80505 0.46587
v 0.22679 0.76400 0.47856
v 0.19422 0.73863 0.49437
v 0.15193 0.73863 0.50726
v 0.11608 0.76400 0.51231
v 0.10036 0.80505 0.50759
v 0.11077 0.84610 0.49490
v 0.14334 0.87146 0.47909
v 0.18563 0.87146 0.46620
v 0.22148 0.84610 0.46115
v 0.20845 0.83188 0.45070
v 0.19868 0.81237 0.45821
v 0.17661 0.81237 0.46494
v 0.16431 0.83188 0.46416
v 0.17409 0.85139 0.45666
v 0.19616 0.85139 0.44993
v 0.21557 0.83729 0.47405
v 0.20580 0.81778 0.48155
v 0.18373 0.81778 0.48828
v 0.17143 0.83729 0.48751
v 0.18120 0.85680 0.48001
v 0.20327 0.85680 0.47328
v 0.15876 0.78119 0.47760
v 0.15252 0.77155 0.48174
v 0.14118 0.77524 0.48434
v 0.14041 0.78715 0.48182
v 0.15127 0.79084 0.47765
v 0.16588 0.78661 0.50095
v 0.15964 0.77696 0.50509
v 0.14830 0.78065 0.50769
v 0.14753 0.79256 0.50516
v 0.15839 0.79625 0.50100
v -0.26167 0.63500 0.35189
v -0.22876 0.65111 0.37261
v -0.24206 0.65111 0.37236
v -0.26685 0.65111 0.36012
v -0.28861 0.65111 0.34306
v -0.29459 0.65111 0.33117
v -0.28129 0.65111 0.33142
v -0.25650 0.65111 0.34366
v -0.23474 0.65111 0.36072
v -0.21513 0.69000 0.38119
v -0.23394 0.69000 0.38083
v -0.26900 0.69000 0.36353
v -0.29977 0.69000 0.33940
v -0.30822 0.69000 0.32259
v -0.28941 0.69000 0.32295
v -0.25435 0.69000 0.34025
v -0.22358 0.69000 0.36438
v -0.22876 0.72889 0.37261
v -0.24206 0.72889 0.37236
v -0.26685 0.72889 0.36012
v -0.28861 0.72889 0.34306
v -0.29459 0.72889 0.33117
v -0.28129 0.72889 0.33142
v -0.25650 0.72889 0.34366
v -0.23474 0.72889 0.36072
v -0.26167 0.74500 0.35189
v -0.21885 0.72800 0.36855
v -0.20685 0.74000 0.36855
v -0.21885 0.74000 0.38055
v -0.23085 0.74000 0.36855
v -0.21885 0.74000 0.35655
v -0.21885 0.75200 0.36855
v -0.25409 0.69800 0.35680
v -0.24209 0.71000 0.35680
v -0.25409 0.71000 0.36880
v -0.26609 0.71000 0.35680
v -0.25409 0.71000 0.34480
v -0.25409 0.72200 0.35680
v -0.27987 0.72800 0.33177
v -0.26787 0.74000 0.33177
v -0.27987 0.74000 0.34377
v -0.29187 0.74000 0.33177
v -0.27987 0.74000 0.31977
v -0.27987 0.75200 0.33177
v 0.26167 0.63500 0.35189
v 0.29459 0.65111 0.33117
v 0.28861 0.65111 0.34306
v 0.26685 0.65111 0.36012
v 0.24206 0.65111 0.37236
v 0.22876 0.65111 0.37261
v 0.23474 0.65111 0.36072
v 0.25650 0.65111 0.34366
v 0.28129 0.65111 0.33142
v 0.30822 0.69000 0.32259
v 0.29977 0.69000 0.33940
v 0.26900 0.69000 0.36353
v 0.23394 0.69000 0.38083
v 0.21513 0.69000 0.38119
v 0.22358 0.69000 0.36438
v 0.25435 0.69000 0.34025
v 0.28941 0.69000 0.32295
v 0.29459 0.72889 0.33117
v 0.28861 0.72889 0.34306
v 0.26685 0.72889 0.36012
v 0.24206 0.72889 0.37236
v 0.22876 0.72889 0.37261
v 0.23474 0.72889 0.36072
v 0.25650 0.72889 0.34366
v 0.28129 0.72889 0.33142
v 0.26167 0.74500 0.35189
v 0.21885 0.72800 0.36855
v 0.23085 0.74000 0.36855
v 0.21885 0.74000 0.38055
v 0.20685 0.74000 0.36855
v 0.21885 0.74000 0.35655
v 0.21885 0.75200 0.36855
v 0.25409 0.69800 0.35680
v 0.26609 0.71000 0.35680
v 0.25409 0.71000 0.36880
v 0.24209 0.71000 0.35680
v 0.25409 0.71000 0.34480
v 0.25409 0.72200 0.35680
v 0.27987 0.72800 0.33177
v 0.29187 0.74000 0.33177
v 0.27987 0.74000 0.34377
v 0.26787 0.74000 0.33177
v 0.27987 0.74000 0.31977
v 0.27987 0.75200 0.33177
v -0.11483 0.67240 0.41594
v -0.11852 0.67240 0.43251
v -0.12053 0.65555 0.43206
v -0.11684 0.65555 0.41549
v -0.07679 0.66762 0.42441
v -0.07976 0.66753 0.44114
v -0.08142 0.65064 0.44077
v -0.07844 0.65073 0.42405
v -0.03857 0.66463 0.42949
v -0.04007 0.66443 0.44641
v -0.04093 0.64748 0.44615
v -0.03943 0.64768 0.42923
v -0.00000 0.66361 0.43120
v 0.00000 0.66337 0.44819
v 0.00000 0.64639 0.44796
v -0.00000 0.64663 0.43097
v 0.03857 0.66463 0.42949
v 0.04007 0.66443 0.44641
v 0.04093 0.64748 0.44615
v 0.03943 0.64768 0.42923
v 0.07679 0.66762 0.42441
v 0.07976 0.66753 0.44114
v 0.08142 0.65064 0.44077
v 0.07844 0.65073 0.42405
v 0.11483 0.67240 0.41594
v 0.11852 0.67240 0.43251
v 0.12053 0.65555 0.43206
v 0.11684 0.65555 0.41549
v 0.01556 1.13769 0.01538
v 0.01960 1.14148 -0.00988
v -0.00344 1.14322 -0.02149
v -0.02173 1.14051 -0.00340
v -0.00999 1.13709 0.01939
v 0.01273 1.33786 0.04255
v 0.01604 1.33768 0.02139
v -0.00282 1.34071 0.01213
v -0.01778 1.34276 0.02757
v -0.00817 1.34100 0.04637
v 0.06054 1.49802 0.02048
v 0.06248 1.49525 0.00318
v 0.04717 1.49905 -0.00470
v 0.03577 1.50416 0.00774
v 0.04403 1.50353 0.02330
v 0.05000 1.45500 0.01000
v 0.08182 1.46818 0.01000
v 0.07250 1.46818 0.03250
v 0.05000 1.46818 0.04182
v 0.02750 1.46818 0.03250
v 0.01818 1.46818 0.01000
v 0.02750 1.46818 -0.01250
v 0.05000 1.46818 -0.02182
v 0.07250 1.46818 -0.01250
v 0.09500 1.50000 0.01000
v 0.08182 1.50000 0.04182
v 0.05000 1.50000 0.05500
v 0.01818 1.50000 0.04182
v 0.00500 1.50000 0.01000
v 0.01818 1.50000 -0.02182
v 0.05000 1.50000 -0.03500
v 0.08182 1.50000 -0.02182
v 0.08182 1.53182 0.01000
v 0.07250 1.53182 0.03250
v 0.05000 1.53182 0.04182
v 0.02750 1.53182 0.03250
v 0.01818 1.53182 0.01000
v 0.02750 1.53182 -0.01250
v 0.05000 1.53182 -0.02182
v 0.07250 1.53182 -0.01250
v 0.05000 1.54500 0.01000
v -0.02967 0.80431 0.51451
v -0.04735 0.80315 0.50363
v -0.02910 0.79996 0.49419
v -0.06070 0.72330 0.52383
v -0.07396 0.73366 0.51162
v -0.05895 0.72205 0.50315
v -0.13145 0.67324 0.51386
v -0.13464 0.69072 0.50307
v -0.12700 0.67389 0.49357
v -0.21490 0.67324 0.48842
v -0.20623 0.69072 0.48125
v -0.20727 0.67389 0.46909
v -0.27917 0.72330 0.45722
v -0.26136 0.73366 0.45449
v -0.26909 0.72205 0.43908
v -0.29972 0.80431 0.43218
v -0.27899 0.80315 0.43301
v -0.28886 0.79996 0.41500
v -0.26870 0.88531 0.42286
v -0.25237 0.87263 0.42502
v -0.25902 0.87788 0.40604
v -0.19795 0.93538 0.43283
v -0.19169 0.91557 0.43357
v -0.19097 0.92604 0.41562
v -0.11450 0.93538 0.45827
v -0.12011 0.91557 0.45539
v -0.11070 0.92604 0.44010
v -0.05022 0.88531 0.48947
v -0.06497 0.87263 0.48215
v -0.04887 0.87788 0.47011
v 0.29972 0.80431 0.43218
v 0.27899 0.80315 0.43301
v 0.28886 0.79996 0.41500
v 0.27917 0.72330 0.45722
v 0.26136 0.73366 0.45449
v 0.26909 0.72205 0.43908
v 0.21490 0.67324 0.48842
v 0.20623 0.69072 0.48125
v 0.20727 0.67389 0.46909
v 0.13145 0.67324 0.51386
v 0.13464 0.69072 0.50307
v 0.12700 0.67389 0.49357
v 0.06070 0.72330 0.52383
v 0.07396 0.73366 0.51162
v 0.05895 0.72205 0.50315
v 0.02967 0.80431 0.51451
v 0.04735 0.80315 0.50363
v 0.02910 0.79996 0.49419
v 0.05022 0.88531 0.48947
v 0.06497 0.87263 0.48215
v 0.04887 0.87788 0.47011
v 0.11450 0.93538 0.45827
v 0.12011 0.91557 0.45539
v 0.11070 0.92604 0.44010
v 0.19795 0.93538 0.43283
v 0.19169 0.91557 0.43357
v 0.19097 0.92604 0.41562
v 0.26870 0.88531 0.42286
v 0.25237 0.87263 0.42502
v 0.25902 0.87788 0.40604
v -0.10206 0.83079 0.46398
v -0.10606 0.82631 0.48023
v -0.10366 0.81407 0.46821
v 0.00000 0.82713 0.48810
v 0.00000 0.82251 0.50529
v 0.00000 0.81036 0.49270
v 0.10206 0.83079 0.46398
v 0.10606 0.82631 0.48023
v 0.10366 0.81407 0.46821
vn 0.1621 -0.9216 0.3527
vn 0.0293 -0.8922 0.4506
vn -0.1380 -0.8810 0.4525
vn -0.2757 -0.8922 0.3577
vn -0.3313 -0.9216 0.2023
vn -0.2836 -0.9579 0.0458
vn -0.1508 -0.9872 -0.0521
vn 0.0165 -0.9984 -0.0540
vn 0.1542 -0.9872 0.0409
vn 0.2098 -0.9579 0.1962
vn 0.5519 -0.6244 0.5528
vn 0.5519 -0.6244 0.5528
vn 0.1970 -0.5459 0.8143
vn 0.1970 -0.5459 0.8143
vn -0.2498 -0.5160 0.8194
vn -0.2498 -0.5160 0.8194
vn -0.6178 -0.5459 0.5659
vn -0.6178 -0.5459 0.5659
vn -0.7664 -0.6244 0.1508
vn -0.7664 -0.6244 0.1508
vn -0.6389 -0.7213 -0.2674
vn -0.6389 -0.7213 -0.2674
vn -0.2840 -0.7997 -0.5290
vn -0.2840 -0.7997 -0.5290
vn 0.1628 -0.8297 -0.5340
vn 0.1628 -0.8297 -0.5340
vn 0.5308 -0.7997 -0.2806
vn 0.5308 -0.7997 -0.2806
vn 0.6795 -0.7213 0.1345
vn 0.6795 -0.7213 0.1345
vn 0.7807 -0.1763 0.5995
vn 0.7807 -0.1763 0.5995
vn 0.3060 -0.0714 0.9493
vn 0.3060 -0.0714 0.9493
vn -0.2915 -0.0314 0.9561
vn -0.2915 -0.0314 0.9561
vn -0.7836 -0.0714 0.6171
vn -0.7836 -0.0714 0.6171
vn -0.9824 -0.1763 0.0620
vn -0.9824 -0.1763 0.0620
vn -0.8119 -0.3059 -0.4973
vn -0.8119 -0.3059 -0.4973
vn -0.3372 -0.4108 -0.8471
vn -0.3372 -0.4108 -0.8471
vn 0.2603 -0.4508 -0.8538
vn 0.2603 -0.4508 -0.8538
vn 0.7524 -0.4108 -0.5149
vn 0.7524 -0.4108 -0.5149
vn 0.9512 -0.3059 0.0402
vn 0.9512 -0.3059 0.0402
vn 0.8119 0.3059 0.4973
vn 0.8119 0.3059 0.4973
vn 0.3372 0.4108 0.8471
vn 0.3372 0.4108 0.8471
vn -0.2603 0.4508 0.8538
vn -0.2603 0.4508 0.8538
vn -0.7524 0.4108 0.5149
vn -0.7524 0.4108 0.5149
vn -0.9512 0.3059 -0.0402
vn -0.9512 0.3059 -0.0402
vn -0.7807 0.1763 -0.5995
vn -0.7807 0.1763 -0.5995
vn -0.3060 0.0714 -0.9493
vn -0.3060 0.0714 -0.9493
vn 0.2915 0.0314 -0.9561
vn 0.2915 0.0314 -0.9561
vn 0.7836 0.0714 -0.6171
vn 0.7836 0.0714 -0.6171
vn 0.9824 0.1763 -0.0620
vn 0.9824 0.1763 -0.0620
vn 0.6389 0.7213 0.2674
vn 0.6389 0.7213 0.2674
vn 0.2840 0.7997 0.5290
vn 0.2840 0.7997 0.5290
vn -0.1628 0.8297 0.5340
vn -0.1628 0.8297 0.5340
vn -0.5308 0.7997 0.2806
vn -0.5308 0.7997 0.2806
vn -0.6795 0.7213 -0.1345
vn -0.6795 0.7213 -0.1345
vn -0.5519 0.6244 -0.5528
vn -0.5519 0.6244 -0.5528
vn -0.1970 0.5459 -0.8143
vn -0.1970 0.5459 -0.8143
vn 0.2498 0.5160 -0.8194
vn 0.2498 0.5160 -0.8194
vn 0.6178 0.5459 -0.5659
vn 0.6178 0.5459 -0.5659
vn 0.7664 0.6244 -0.1508
vn 0.7664 0.6244 -0.1508
vn 0.2836 0.9579 -0.0458
vn 0.1508 0.9872 0.0521
vn -0.0165 0.9984 0.0540
vn -0.1542 0.9872 -0.0409
vn -0.2098 0.9579 -0.1962
vn -0.1621 0.9216 -0.3527
vn -0.0293 0.8922 -0.4506
vn 0.1380 0.8810 -0.4525
vn 0.2757 0.8922 -0.3577
vn 0.3313 0.9216 -0.2023
vn 0.8902 -0.3017 0.3413
vn 0.8902 -0.3017 0.3413
vn 0.5112 -0.7898 0.3389
vn 0.5112 -0.7898 0.3389
vn -0.0631 -0.9763 0.2070
vn -0.0631 -0.9763 0.2070
vn -0.6133 -0.7898 -0.0039
vn -0.6133 -0.7898 -0.0039
vn -0.9292 -0.3017 -0.2134
vn -0.9292 -0.3017 -0.2134
vn -0.8902 0.3017 -0.3413
vn -0.8902 0.3017 -0.3413
vn -0.5112 0.7898 -0.3389
vn -0.5112 0.7898 -0.3389
vn 0.0631 0.9763 -0.2070
vn 0.0631 0.9763 -0.2070
vn 0.6133 0.7898 0.0039
vn 0.6133 0.7898 0.0039
vn 0.9292 0.3017 0.2134
vn 0.9292 0.3017 0.2134
vn -0.2847 0.2164 0.9339
vn -0.2847 0.2164 0.9339
vn -0.2847 0.2164 0.9339
vn -0.2847 0.2164 0.9339
vn -0.2847 0.2164 0.9339
vn -0.2847 0.2164 0.9339
vn -0.2847 0.2164 0.9339
vn -0.2847 0.2164 0.9339
vn 0.7968 -0.4881 0.3561
vn 0.7968 -0.4881 0.3561
vn -0.0631 -0.9763 0.2070
vn -0.0631 -0.9763 0.2070
vn -0.8599 -0.4881 -0.1490
vn -0.8599 -0.4881 -0.1490
vn -0.7968 0.4881 -0.3561
vn -0.7968 0.4881 -0.3561
vn 0.0631 0.9763 -0.2070
vn 0.0631 0.9763 -0.2070
vn 0.8599 0.4881 0.1490
vn 0.8599 0.4881 0.1490
vn -0.2847 0.2164 0.9339
vn -0.2847 0.2164 0.9339
vn -0.2847 0.2164 0.9339
vn -0.2847 0.2164 0.9339
vn 0.7368 -0.5739 0.3576
vn 0.7368 -0.5739 0.3576
vn -0.3556 -0.9285 0.1068
vn -0.3556 -0.9285 0.1068
vn -0.9565 -0.0000 -0.2916
vn -0.9565 -0.0000 -0.2916
vn -0.2356 0.9285 -0.2870
vn -0.2356 0.9285 -0.2870
vn 0.8110 0.5739 0.1142
vn 0.8110 0.5739 0.1142
vn -0.2847 0.2164 0.9339
vn -0.2847 0.2164 0.9339
vn -0.2847 0.2164 0.9339
vn 0.3313 -0.9216 0.2023
vn 0.2757 -0.8922 0.3577
vn 0.1380 -0.8810 0.4525
vn -0.0293 -0.8922 0.4506
vn -0.1621 -0.9216 0.3527
vn -0.2098 -0.9579 0.1962
vn -0.1542 -0.9872 0.0409
vn -0.0165 -0.9984 -0.0540
vn 0.1508 -0.9872 -0.0521
vn 0.2836 -0.9579 0.0458
vn 0.7664 -0.6244 0.1508
vn 0.7664 -0.6244 0.1508
vn 0.6178 -0.5459 0.5659
vn 0.6178 -0.5459 0.5659
vn 0.2498 -0.5160 0.8194
vn 0.2498 -0.5160 0.8194
vn -0.1970 -0.5459 0.8143
vn -0.1970 -0.5459 0.8143
vn -0.5519 -0.6244 0.5528
vn -0.5519 -0.6244 0.5528
vn -0.6795 -0.7213 0.1345
vn -0.6795 -0.7213 0.1345
vn -0.5308 -0.7997 -0.2806
vn -0.5308 -0.7997 -0.2806
vn -0.1628 -0.8297 -0.5340
vn -0.1628 -0.8297 -0.5340
vn 0.2840 -0.7997 -0.5290
vn 0.2840 -0.7997 -0.5290
vn 0.6389 -0.7213 -0.2674
vn 0.6389 -0.7213 -0.2674
vn 0.9824 -0.1763 0.0620
vn 0.9824 -0.1763 0.0620
vn 0.7836 -0.0714 0.6171
vn 0.7836 -0.0714 0.6171
vn 0.2915 -0.0314 0.9561
vn 0.2915 -0.0314 0.9561
vn -0.3060 -0.0714 0.9493
vn -0.3060 -0.0714 0.9493
vn -0.7807 -0.1763 0.5995
vn -0.7807 -0.1763 0.5995
vn -0.9512 -0.3059 0.0402
vn -0.9512 -0.3059 0.0402
vn -0.7524 -0.4108 -0.5149
vn -0.7524 -0.4108 -0.5149
vn -0.2603 -0.4508 -0.8538
vn -0.2603 -0.4508 -0.8538
vn 0.3372 -0.4108 -0.8471
vn 0.3372 -0.4108 -0.8471
vn 0.8119 -0.3059 -0.4973
vn 0.8119 -0.3059 -0.4973
vn 0.9512 0.3059 -0.0402
vn 0.9512 0.3059 -0.0402
vn 0.7524 0.4108 0.5149
vn 0.7524 0.4108 0.5149
vn 0.2603 0.4508 0.8538
vn 0.2603 0.4508 0.8538
vn -0.3372 0.4108 0.8471
vn -0.3372 0.4108 0.8471
vn -0.8119 0.3059 0.4973
vn -0.8119 0.3059 0.4973
vn -0.9824 0.1763 -0.0620
vn -0.9824 0.1763 -0.0620
vn -0.7836 0.0714 -0.6171
vn -0.7836 0.0714 -0.6171
vn -0.2915 0.0314 -0.9561
vn -0.2915 0.0314 -0.9561
vn 0.3060 0.0714 -0.9493
vn 0.3060 0.0714 -0.9493
vn 0.7807 0.1763 -0.5995
vn 0.7807 0.1763 -0.5995
vn 0.6795 0.7213 -0.1345
vn 0.6795 0.7213 -0.1345
vn 0.5308 0.7997 0.2806
vn 0.5308 0.7997 0.2806
vn 0.1628 0.8297 0.5340
vn 0.1628 0.8297 0.5340
vn -0.2840 0.7997 0.5290
vn -0.2840 0.7997 0.5290
vn -0.6389 0.7213 0.2674
vn -0.6389 0.7213 0.2674
vn -0.7664 0.6244 -0.1508
vn -0.7664 0.6244 -0.1508
vn -0.6178 0.5459 -0.5659
vn -0.6178 0.5459 -0.5659
vn -0.2498 0.5160 -0.8194
vn -0.2498 0.5160 -0.8194
vn 0.1970 0.5459 -0.8143
vn 0.1970 0.5459 -0.8143
vn 0.5519 0.6244 -0.5528
vn 0.5519 0.6244 -0.5528
vn 0.2098 0.9579 -0.1962
vn 0.1542 0.9872 -0.0409
vn 0.0165 0.9984 0.0540
vn -0.1508 0.9872 0.0521
vn -0.2836 0.9579 -0.0458
vn -0.3313 0.9216 -0.2023
vn -0.2757 0.8922 -0.3577
vn -0.1380 0.8810 -0.4525
vn 0.0293 0.8922 -0.4506
vn 0.1621 0.9216 -0.3527
vn 0.9292 -0.3017 -0.2134
vn 0.9292 -0.3017 -0.2134
vn 0.6133 -0.7898 -0.0039
vn 0.6133 -0.7898 -0.0039
vn 0.0631 -0.9763 0.2070
vn 0.0631 -0.9763 0.2070
vn -0.5112 -0.7898 0.3389
vn -0.5112 -0.7898 0.3389
vn -0.8902 -0.3017 0.3413
vn -0.8902 -0.3017 0.3413
vn -0.9292 0.3017 0.2134
vn -0.9292 0.3017 0.2134
vn -0.6133 0.7898 0.0039
vn -0.6133 0.7898 0.0039
vn -0.0631 0.9763 -0.2070
vn -0.0631 0.9763 -0.2070
vn 0.5112 0.7898 -0.3389
vn 0.5112 0.7898 -0.3389
vn 0.8902 0.3017 -0.3413
vn 0.8902 0.3017 -0.3413
vn 0.2847 0.2164 0.9339
vn 0.2847 0.2164 0.9339
vn 0.2847 0.2164 0.9339
vn 0.2847 0.2164 0.9339
vn 0.2847 0.2164 0.9339
vn 0.2847 0.2164 0.9339
vn 0.2847 0.2164 0.9339
vn 0.2847 0.2164 0.9339
vn 0.8599 -0.4881 -0.1490
vn 0.8599 -0.4881 -0.1490
vn 0.0631 -0.9763 0.2070
vn 0.0631 -0.9763 0.2070
vn -0.7968 -0.4881 0.3561
vn -0.7968 -0.4881 0.3561
vn -0.8599 0.4881 0.1490
vn -0.8599 0.4881 0.1490
vn -0.0631 0.9763 -0.2070
vn -0.0631 0.9763 -0.2070
vn 0.7968 0.4881 -0.3561
vn 0.7968 0.4881 -0.3561
vn 0.2847 0.2164 0.9339
vn 0.2847 0.2164 0.9339
vn 0.2847 0.2164 0.9339
vn 0.2847 0.2164 0.9339
vn 0.8110 -0.5739 -0.1142
vn 0.8110 -0.5739 -0.1142
vn -0.2356 -0.9285 0.2870
vn -0.2356 -0.9285 0.2870
vn -0.9565 -0.0000 0.2916
vn -0.9565 -0.0000 0.2916
vn -0.3556 0.9285 -0.1068
vn -0.3556 0.9285 -0.1068
vn 0.7368 0.5739 -0.3576
vn 0.7368 0.5739 -0.3576
vn 0.2847 0.2164 0.9339
vn 0.2847 0.2164 0.9339
vn 0.2847 0.2164 0.9339
vn -0.0117 -0.7803 0.6253
vn -0.3795 -0.5147 0.7688
vn -0.5290 -0.5147 0.6747
vn -0.5588 -0.7803 0.2810
vn 0.0117 -0.7803 -0.6253
vn 0.3795 -0.5147 -0.7688
vn 0.5290 -0.5147 -0.6747
vn 0.5588 -0.7803 -0.2810
vn -0.0183 -0.2093 0.9777
vn -0.0183 -0.2093 0.9777
vn -0.4403 -0.1025 0.8920
vn -0.4403 -0.1025 0.8920
vn -0.6138 -0.1025 0.7828
vn -0.6138 -0.1025 0.7828
vn -0.8736 -0.2093 0.4394
vn -0.8736 -0.2093 0.4394
vn 0.0183 -0.2093 -0.9777
vn 0.0183 -0.2093 -0.9777
vn 0.4403 -0.1025 -0.8920
vn 0.4403 -0.1025 -0.8920
vn 0.6138 -0.1025 -0.7828
vn 0.6138 -0.1025 -0.7828
vn 0.8736 -0.2093 -0.4394
vn 0.8736 -0.2093 -0.4394
vn -0.0183 0.2093 0.9777
vn -0.0183 0.2093 0.9777
vn -0.4403 0.1025 0.8920
vn -0.4403 0.1025 0.8920
vn -0.6138 0.1025 0.7828
vn -0.6138 0.1025 0.7828
vn -0.8736 0.2093 0.4394
vn -0.8736 0.2093 0.4394
vn 0.0183 0.2093 -0.9777
vn 0.0183 0.2093 -0.9777
vn 0.4403 0.1025 -0.8920
vn 0.4403 0.1025 -0.8920
vn 0.6138 0.1025 -0.7828
vn 0.6138 0.1025 -0.7828
vn 0.8736 0.2093 -0.4394
vn 0.8736 0.2093 -0.4394
vn -0.0117 0.7803 0.6253
vn -0.3795 0.5147 0.7688
vn -0.5290 0.5147 0.6747
vn -0.5588 0.7803 0.2810
vn 0.0117 0.7803 -0.6253
vn 0.3795 0.5147 -0.7688
vn 0.5290 0.5147 -0.6747
vn 0.5588 0.7803 -0.2810
vn 0.5774 -0.5774 0.5774
vn -0.5774 -0.5774 0.5774
vn -0.5774 -0.5774 -0.5774
vn 0.5774 -0.5774 -0.5774
vn 0.5774 0.5774 0.5774
vn -0.5774 0.5774 0.5774
vn -0.5774 0.5774 -0.5774
vn 0.5774 0.5774 -0.5774
vn 0.5774 -0.5774 0.5774
vn -0.5774 -0.5774 0.5774
vn -0.5774 -0.5774 -0.5774
vn 0.5774 -0.5774 -0.5774
vn 0.5774 0.5774 0.5774
vn -0.5774 0.5774 0.5774
vn -0.5774 0.5774 -0.5774
vn 0.5774 0.5774 -0.5774
vn 0.5774 -0.5774 0.5774
vn -0.5774 -0.5774 0.5774
vn -0.5774 -0.5774 -0.5774
vn 0.5774 -0.5774 -0.5774
vn 0.5774 0.5774 0.5774
vn -0.5774 0.5774 0.5774
vn -0.5774 0.5774 -0.5774
vn 0.5774 0.5774 -0.5774
vn 0.5588 -0.7803 0.2810
vn 0.5290 -0.5147 0.6747
vn 0.3795 -0.5147 0.7688
vn 0.0117 -0.7803 0.6253
vn -0.5588 -0.7803 -0.2810
vn -0.5290 -0.5147 -0.6747
vn -0.3795 -0.5147 -0.7688
vn -0.0117 -0.7803 -0.6253
vn 0.8736 -0.2093 0.4394
vn 0.8736 -0.2093 0.4394
vn 0.6138 -0.1025 0.7828
vn 0.6138 -0.1025 0.7828
vn 0.4403 -0.1025 0.8920
vn 0.4403 -0.1025 0.8920
vn 0.0183 -0.2093 0.9777
vn 0.0183 -0.2093 0.9777
vn -0.8736 -0.2093 -0.4394
vn -0.8736 -0.2093 -0.4394
vn -0.6138 -0.1025 -0.7828
vn -0.6138 -0.1025 -0.7828
vn -0.4403 -0.1025 -0.8920
vn -0.4403 -0.1025 -0.8920
vn -0.0183 -0.2093 -0.9777
vn -0.0183 -0.2093 -0.9777
vn 0.8736 0.2093 0.4394
vn 0.8736 0.2093 0.4394
vn 0.6138 0.1025 0.7828
vn 0.6138 0.1025 0.7828
vn 0.4403 0.1025 0.8920
vn 0.4403 0.1025 0.8920
vn 0.0183 0.2093 0.9777
vn 0.0183 0.2093 0.9777
vn -0.8736 0.2093 -0.4394
vn -0.8736 0.2093 -0.4394
vn -0.6138 0.1025 -0.7828
vn -0.6138 0.1025 -0.7828
vn -0.4403 0.1025 -0.8920
vn -0.4403 0.1025 -0.8920
vn -0.0183 0.2093 -0.9777
vn -0.0183 0.2093 -0.9777
vn 0.5588 0.7803 0.2810
vn 0.5290 0.5147 0.6747
vn 0.3795 0.5147 0.7688
vn 0.0117 0.7803 0.6253
vn -0.5588 0.7803 -0.2810
vn -0.5290 0.5147 -0.6747
vn -0.3795 0.5147 -0.7688
vn -0.0117 0.7803 -0.6253
vn 0.5774 -0.5774 0.5774
vn -0.5774 -0.5774 0.5774
vn -0.5774 -0.5774 -0.5774
vn 0.5774 -0.5774 -0.5774
vn 0.5774 0.5774 0.5774
vn -0.5774 0.5774 0.5774
vn -0.5774 0.5774 -0.5774
vn 0.5774 0.5774 -0.5774
vn 0.5774 -0.5774 0.5774
vn -0.5774 -0.5774 0.5774
vn -0.5774 -0.5774 -0.5774
vn 0.5774 -0.5774 -0.5774
vn 0.5774 0.5774 0.5774
vn -0.5774 0.5774 0.5774
vn -0.5774 0.5774 -0.5774
vn 0.5774 0.5774 -0.5774
vn 0.5774 -0.5774 0.5774
vn -0.5774 -0.5774 0.5774
vn -0.5774 -0.5774 -0.5774
vn 0.5774 -0.5774 -0.5774
vn 0.5774 0.5774 0.5774
vn -0.5774 0.5774 0.5774
vn -0.5774 0.5774 -0.5774
vn 0.5774 0.5774 -0.5774
vn 0.1187 0.9926 0.0264
vn 0.1187 0.9926 0.0264
vn -0.2174 0.0000 0.9761
vn -0.2174 0.0000 0.9761
vn -0.1187 -0.9926 -0.0264
vn -0.1187 -0.9926 -0.0264
vn 0.2174 -0.0000 -0.9761
vn 0.2174 0.0000 -0.9761
vn 0.0755 0.9970 0.0188
vn 0.0755 0.9970 0.0188
vn -0.1324 -0.0086 0.9912
vn -0.1324 -0.0086 0.9912
vn -0.0755 -0.9970 -0.0188
vn -0.0755 -0.9970 -0.0188
vn 0.1324 0.0086 -0.9912
vn 0.1324 0.0086 -0.9912
vn 0.0259 0.9996 0.0144
vn 0.0259 0.9996 0.0144
vn -0.0445 -0.0132 0.9989
vn -0.0445 -0.0132 0.9989
vn -0.0259 -0.9996 -0.0144
vn -0.0259 -0.9996 -0.0144
vn 0.0445 0.0132 -0.9989
vn 0.0445 0.0132 -0.9989
vn -0.0259 0.9996 0.0144
vn -0.0259 0.9996 0.0144
vn 0.0445 -0.0132 0.9989
vn 0.0445 -0.0132 0.9989
vn 0.0259 -0.9996 -0.0144
vn 0.0259 -0.9996 -0.0144
vn -0.0445 0.0132 -0.9989
vn -0.0445 0.0132 -0.9989
vn -0.0755 0.9970 0.0188
vn -0.0755 0.9970 0.0188
vn 0.1324 -0.0086 0.9912
vn 0.1324 -0.0086 0.9912
vn 0.0755 -0.9970 -0.0188
vn 0.0755 -0.9970 -0.0188
vn -0.1324 0.0086 -0.9912
vn -0.1324 0.0086 -0.9912
vn -0.1187 0.9926 0.0264
vn -0.1187 0.9926 0.0264
vn 0.2174 -0.0000 0.9761
vn 0.2174 0.0000 0.9761
vn 0.1187 -0.9926 -0.0264
vn 0.1187 -0.9926 -0.0264
vn -0.2174 0.0000 -0.9761
vn -0.2174 0.0000 -0.9761
vn -0.9689 0.1216 -0.2157
vn -0.9689 0.1216 -0.2157
vn 0.9689 0.1216 -0.2157
vn 0.9689 0.1216 -0.2157
vn 0.9876 -0.0071 0.1571
vn 0.9880 -0.0070 0.1546
vn 0.4539 0.1481 -0.8786
vn 0.4550 0.1482 -0.8781
vn -0.7070 0.1205 -0.6969
vn -0.7047 0.1212 -0.6991
vn -0.8909 -0.0518 0.4512
vn -0.8913 -0.0516 0.4506
vn 0.1564 -0.1307 0.9790
vn 0.1591 -0.1309 0.9785
vn 0.9528 -0.2634 0.1513
vn 0.9529 -0.2640 0.1491
vn 0.4011 -0.2211 -0.8889
vn 0.4021 -0.2212 -0.8885
vn -0.7005 0.1466 -0.6984
vn -0.6985 0.1461 -0.7005
vn -0.8277 0.3302 0.4538
vn -0.8280 0.3303 0.4532
vn 0.1905 0.0780 0.9786
vn 0.1927 0.0769 0.9782
vn -0.0000 -0.9889 -0.1483
vn 0.0000 -0.9889 -0.1483
vn -0.0000 -0.9889 -0.1483
vn 0.2962 0.9478 -0.1185
vn 0.2962 0.9478 -0.1185
vn 0.2962 0.9478 -0.1185
vn 0.3780 -0.9125 0.1566
vn 0.1566 -0.9125 0.3780
vn -0.1566 -0.9125 0.3780
vn -0.3780 -0.9125 0.1566
vn -0.3780 -0.9125 -0.1566
vn -0.1566 -0.9125 -0.3780
vn 0.1566 -0.9125 -0.3780
vn 0.3780 -0.9125 -0.1566
vn 0.8629 -0.3574 0.3574
vn 0.8629 -0.3574 0.3574
vn 0.3574 -0.3574 0.8629
vn 0.3574 -0.3574 0.8629
vn -0.3574 -0.3574 0.8629
vn -0.3574 -0.3574 0.8629
vn -0.8629 -0.3574 0.3574
vn -0.8629 -0.3574 0.3574
vn -0.8629 -0.3574 -0.3574
vn -0.8629 -0.3574 -0.3574
vn -0.3574 -0.3574 -0.8629
vn -0.3574 -0.3574 -0.8629
vn 0.3574 -0.3574 -0.8629
vn 0.3574 -0.3574 -0.8629
vn 0.8629 -0.3574 -0.3574
vn 0.8629 -0.3574 -0.3574
vn 0.8629 0.3574 0.3574
vn 0.8629 0.3574 0.3574
vn 0.3574 0.3574 0.8629
vn 0.3574 0.3574 0.8629
vn -0.3574 0.3574 0.8629
vn -0.3574 0.3574 0.8629
vn -0.8629 0.3574 0.3574
vn -0.8629 0.3574 0.3574
vn -0.8629 0.3574 -0.3574
vn -0.8629 0.3574 -0.3574
vn -0.3574 0.3574 -0.8629
vn -0.3574 0.3574 -0.8629
vn 0.3574 0.3574 -0.8629
vn 0.3574 0.3574 -0.8629
vn 0.8629 0.3574 -0.3574
vn 0.8629 0.3574 -0.3574
vn 0.3780 0.9125 0.1566
vn 0.1566 0.9125 0.3780
vn -0.1566 0.9125 0.3780
vn -0.3780 0.9125 0.1566
vn -0.3780 0.9125 -0.1566
vn -0.1566 0.9125 -0.3780
vn 0.1566 0.9125 -0.3780
vn 0.3780 0.9125 -0.1566
vn -0.5155 0.2901 0.8063
vn -0.5155 0.2901 0.8063
vn -0.4489 0.0695 -0.8909
vn -0.4489 0.0695 -0.8909
vn 0.9329 -0.3458 0.1001
vn 0.9329 -0.3458 0.1001
vn -0.4127 0.4225 0.8070
vn -0.4127 0.4225 0.8070
vn -0.1742 0.4232 -0.8891
vn -0.1742 0.4232 -0.8891
vn 0.5656 -0.8188 0.0978
vn 0.5656 -0.8188 0.0978
vn -0.2569 0.4731 0.8427
vn -0.2569 0.4731 0.8427
vn 0.2419 0.5583 -0.7936
vn 0.2419 0.5583 -0.7936
vn 0.0091 -0.9995 -0.0300
vn 0.0091 -0.9995 -0.0300
vn -0.1077 0.4225 0.8999
vn -0.1077 0.4225 0.8999
vn 0.6406 0.4232 -0.6407
vn 0.6406 0.4232 -0.6407
vn -0.5240 -0.8188 -0.2344
vn -0.5240 -0.8188 -0.2344
vn -0.0221 0.2901 0.9567
vn -0.0221 0.2901 0.9567
vn 0.8695 0.0695 -0.4890
vn 0.8695 0.0695 -0.4890
vn -0.8301 -0.3458 -0.4374
vn -0.8301 -0.3458 -0.4374
vn -0.0326 0.1265 0.9914
vn -0.0326 0.1265 0.9914
vn 0.8413 -0.3678 -0.3962
vn 0.8413 -0.3678 -0.3962
vn -0.7923 0.2389 -0.5614
vn -0.7923 0.2389 -0.5614
vn -0.1354 -0.0059 0.9908
vn -0.1354 -0.0059 0.9908
vn 0.5666 -0.7215 -0.3980
vn 0.5666 -0.7215 -0.3980
vn -0.4250 0.7119 -0.5590
vn -0.4250 0.7119 -0.5590
vn -0.2912 -0.0564 0.9550
vn -0.2912 -0.0564 0.9550
vn 0.1505 -0.8566 -0.4936
vn 0.1505 -0.8566 -0.4936
vn 0.1315 0.8926 -0.4312
vn 0.1315 0.8926 -0.4312
vn -0.4404 -0.0059 0.8978
vn -0.4404 -0.0059 0.8978
vn -0.2482 -0.7215 -0.6464
vn -0.2482 -0.7215 -0.6464
vn 0.6646 0.7119 -0.2268
vn 0.6646 0.7119 -0.2268
vn -0.5260 0.1265 0.8410
vn -0.5260 0.1265 0.8410
vn -0.4771 -0.3678 -0.7982
vn -0.4771 -0.3678 -0.7982
vn 0.9708 0.2389 -0.0238
vn 0.9708 0.2389 -0.0238
vn 0.0221 0.2901 0.9567
vn 0.0221 0.2901 0.9567
vn -0.8695 0.0695 -0.4890
vn -0.8695 0.0695 -0.4890
vn 0.8301 -0.3458 -0.4374
vn 0.8301 -0.3458 -0.4374
vn 0.1077 0.4225 0.8999
vn 0.1077 0.4225 0.8999
vn -0.6406 0.4232 -0.6407
vn -0.6406 0.4232 -0.6407
vn 0.5240 -0.8188 -0.2344
vn 0.5240 -0.8188 -0.2344
vn 0.2569 0.4731 0.8427
vn 0.2569 0.4731 0.8427
vn -0.2419 0.5583 -0.7936
vn -0.2419 0.5583 -0.7936
vn -0.0091 -0.9995 -0.0300
vn -0.0091 -0.9995 -0.0300
vn 0.4127 0.4225 0.8070
vn 0.4127 0.4225 0.8070
vn 0.1742 0.4232 -0.8891
vn 0.1742 0.4232 -0.8891
vn -0.5656 -0.8188 0.0978
vn -0.5656 -0.8188 0.0978
vn 0.5155 0.2901 0.8063
vn 0.5155 0.2901 0.8063
vn 0.4489 0.0695 -0.8909
vn 0.4489 0.0695 -0.8909
vn -0.9329 -0.3458 0.1001
vn -0.9329 -0.3458 0.1001
vn 0.5260 0.1265 0.8410
vn 0.5260 0.1265 0.8410
vn 0.4771 -0.3678 -0.7982
vn 0.4771 -0.3678 -0.7982
vn -0.9708 0.2389 -0.0238
vn -0.9708 0.2389 -0.0238
vn 0.4404 -0.0059 0.8978
vn 0.4404 -0.0059 0.8978
vn 0.2482 -0.7215 -0.6464
vn 0.2482 -0.7215 -0.6464
vn -0.6646 0.7119 -0.2268
vn -0.6646 0.7119 -0.2268
vn 0.2912 -0.0564 0.9550
vn 0.2912 -0.0564 0.9550
vn -0.1505 -0.8566 -0.4936
vn -0.1505 -0.8566 -0.4936
vn -0.1315 0.8926 -0.4312
vn -0.1315 0.8926 -0.4312
vn 0.1354 -0.0059 0.9908
vn 0.1354 -0.0059 0.9908
vn -0.5666 -0.7215 -0.3980
vn -0.5666 -0.7215 -0.3980
vn 0.4250 0.7119 -0.5590
vn 0.4250 0.7119 -0.5590
vn 0.0326 0.1265 0.9914
vn 0.0326 0.1265 0.9914
vn -0.8413 -0.3678 -0.3962
vn -0.8413 -0.3678 -0.3962
vn 0.7923 0.2389 -0.5614
vn 0.7923 0.2389 -0.5614
vn -0.0268 0.9653 0.2596
vn -0.0268 0.9653 0.2596
vn -0.1866 -0.7067 0.6825
vn -0.1866 -0.7067 0.6825
vn 0.2133 -0.2587 -0.9421
vn 0.2133 -0.2587 -0.9421
vn 0.0268 0.9653 0.2596
vn 0.0268 0.9653 0.2596
vn 0.1866 -0.7067 0.6825
vn 0.1866 -0.7067 0.6825
vn -0.2133 -0.2587 -0.9421
vn -0.2133 -0.2587 -0.9421
vn -0.9726 0.0348 -0.2298
vn 0.9726 0.0348 -0.2298
vn -0.8902 0.3017 -0.3413
vn -0.8902 0.3017 -0.3413
vn -0.5112 0.7898 -0.3389
vn -0.5112 0.7898 -0.3389
vn 0.0631 0.9763 -0.2070
vn 0.0631 0.9763 -0.2070
vn 0.6133 0.7898 0.0039
vn 0.6133 0.7898 0.0039
vn 0.9292 0.3017 0.2134
vn 0.9292 0.3017 0.2134
vn 0.8902 -0.3017 0.3413
vn 0.8902 -0.3017 0.3413
vn 0.5112 -0.7898 0.3389
vn 0.5112 -0.7898 0.3389
vn -0.0631 -0.9763 0.2070
vn -0.0631 -0.9763 0.2070
vn -0.6133 -0.7898 -0.0039
vn -0.6133 -0.7898 -0.0039
vn -0.9292 -0.3017 -0.2134
vn -0.9292 -0.3017 -0.2134
vn 0.2847 -0.2164 -0.9339
vn 0.2847 -0.2164 -0.9339
vn 0.2847 -0.2164 -0.9339
vn 0.2847 -0.2164 -0.9339
vn 0.2847 -0.2164 -0.9339
vn 0.2847 -0.2164 -0.9339
vn 0.2847 -0.2164 -0.9339
vn 0.2847 -0.2164 -0.9339
vn -0.7968 0.4881 -0.3561
vn -0.7968 0.4881 -0.3561
vn 0.0631 0.9763 -0.2070
vn 0.0631 0.9763 -0.2070
vn 0.8599 0.4881 0.1490
vn 0.8599 0.4881 0.1490
vn 0.7968 -0.4881 0.3561
vn 0.7968 -0.4881 0.3561
vn -0.0631 -0.9763 0.2070
vn -0.0631 -0.9763 0.2070
vn -0.8599 -0.4881 -0.1490
vn -0.8599 -0.4881 -0.1490
vn 0.2847 -0.2164 -0.9339
vn 0.2847 -0.2164 -0.9339
vn 0.2847 -0.2164 -0.9339
vn 0.2847 -0.2164 -0.9339
vn -0.9292 0.3017 0.2134
vn -0.9292 0.3017 0.2134
vn -0.6133 0.7898 0.0039
vn -0.6133 0.7898 0.0039
vn -0.0631 0.9763 -0.2070
vn -0.0631 0.9763 -0.2070
vn 0.5112 0.7898 -0.3389
vn 0.5112 0.7898 -0.3389
vn 0.8902 0.3017 -0.3413
vn 0.8902 0.3017 -0.3413
vn 0.9292 -0.3017 -0.2134
vn 0.9292 -0.3017 -0.2134
vn 0.6133 -0.7898 -0.0039
vn 0.6133 -0.7898 -0.0039
vn 0.0631 -0.9763 0.2070
vn 0.0631 -0.9763 0.2070
vn -0.5112 -0.7898 0.3389
vn -0.5112 -0.7898 0.3389
vn -0.8902 -0.3017 0.3413
vn -0.8902 -0.3017 0.3413
vn -0.2847 -0.2164 -0.9339
vn -0.2847 -0.2164 -0.9339
vn -0.2847 -0.2164 -0.9339
vn -0.2847 -0.2164 -0.9339
vn -0.2847 -0.2164 -0.9339
vn -0.2847 -0.2164 -0.9339
vn -0.2847 -0.2164 -0.9339
vn -0.2847 -0.2164 -0.9339
usemtl Mat_Bone
f 204//417 205//417 203//417
f 205//418 206//418 203//418
f 206//419 207//419 203//419
f 207//420 208//420 203//420
f 208//421 209//421 203//421
f 209//422 210//422 203//422
f 210//423 211//423 203//423
f 211//424 212//424 203//424
f 212//425 213//425 203//425
f 213//426 204//426 203//426
f 214//427 215//427 205//427
f 214//428 205//428 204//428
f 215//429 216//429 206//429
f 215//430 206//430 205//430
f 216//431 217//431 207//431
f 216//432 207//432 206//432
f 217//433 218//433 208//433
f 217//434 208//434 207//434
f 218//435 219//435 209//435
f 218//436 209//436 208//436
f 219//437 220//437 210//437
f 219//438 210//438 209//438
f 220//439 221//439 211//439
f 220//440 211//440 210//440
f 221//441 222//441 212//441
f 221//442 212//442 211//442
f 222//443 223//443 213//443
f 222//444 213//444 212//444
f 223//445 214//445 204//445
f 223//446 204//446 213//446
f 224//447 225//447 215//447
f 224//448 215//448 214//448
f 225//449 226//449 216//449
f 225//450 216//450 215//450
f 226//451 227//451 217//451
f 226//452 217//452 216//452
f 227//453 228//453 218//453
f 227//454 218//454 217//454
f 228//455 229//455 219//455
f 228//456 219//456 218//456
f 229//457 230//457 220//457
f 229//458 220//458 219//458
f 230//459 231//459 221//459
f 230//460 221//460 220//460
f 231//461 232//461 222//461
f 231//462 222//462 221//462
f 232//463 233//463 223//463
f 232//464 223//464 222//464
f 233//465 224//465 214//465
f 233//466 214//466 223//466
f 234//467 235//467 225//467
f 234//468 225//468 224//468
f 235//469 236//469 226//469
f 235//470 226//470 225//470
f 236//471 237//471 227//471
f 236//472 227//472 226//472
f 237//473 238//473 228//473
f 237//474 228//474 227//474
f 238//475 239//475 229//475
f 238//476 229//476 228//476
f 239//477 240//477 230//477
f 239//478 230//478 229//478
f 240//479 241//479 231//479
f 240//480 231//480 230//480
f 241//481 242//481 232//481
f 241//482 232//482 231//482
f 242//483 243//483 233//483
f 242//484 233//484 232//484
f 243//485 234//485 224//485
f 243//486 224//486 233//486
f 244//487 245//487 235//487
f 244//488 235//488 234//488
f 245//489 246//489 236//489
f 245//490 236//490 235//490
f 246//491 247//491 237//491
f 246//492 237//492 236//492
f 247//493 248//493 238//493
f 247//494 238//494 237//494
f 248//495 249//495 239//495
f 248//496 239//496 238//496
f 249//497 250//497 240//497
f 249//498 240//498 239//498
f 250//499 251//499 241//499
f 250//500 241//500 240//500
f 251//501 252//501 242//501
f 251//502 242//502 241//502
f 252//503 253//503 243//503
f 252//504 243//504 242//504
f 253//505 244//505 234//505
f 253//506 234//506 243//506
f 254//507 245//507 244//507
f 254//508 246//508 245//508
f 254//509 247//509 246//509
f 254//510 248//510 247//510
f 254//511 249//511 248//511
f 254//512 250//512 249//512
f 254//513 251//513 250//513
f 254//514 252//514 251//514
f 254//515 253//515 252//515
f 254//516 244//516 253//516
usemtl Mat_Void
f 265//517 266//517 256//517
f 265//518 256//518 255//518
f 266//519 267//519 257//519
f 266//520 257//520 256//520
f 267//521 268//521 258//521
f 267//522 258//522 257//522
f 268//523 269//523 259//523
f 268//524 259//524 258//524
f 269//525 270//525 260//525
f 269//526 260//526 259//526
f 270//527 271//527 261//527
f 270//528 261//528 260//528
f 271//529 272//529 262//529
f 271//530 262//530 261//530
f 272//531 273//531 263//531
f 272//532 263//532 262//532
f 273//533 274//533 264//533
f 273//534 264//534 263//534
f 274//535 265//535 255//535
f 274//536 255//536 264//536
f 274//537 273//537 272//537
f 274//538 272//538 271//538
f 274//539 271//539 270//539
f 274//540 270//540 269//540
f 274//541 269//541 268//541
f 274//542 268//542 267//542
f 274//543 267//543 266//543
f 274//544 266//544 265//544
usemtl Mat_Bone
f 281//545 282//545 276//545
f 281//546 276//546 275//546
f 282//547 283//547 277//547
f 282//548 277//548 276//548
f 283//549 284//549 278//549
f 283//550 278//550 277//550
f 284//551 285//551 279//551
f 284//552 279//552 278//552
f 285//553 286//553 280//553
f 285//554 280//554 279//554
f 286//555 281//555 275//555
f 286//556 275//556 280//556
f 286//557 285//557 284//557
f 286//558 284//558 283//558
f 286//559 283//559 282//559
f 286//560 282//560 281//560
f 292//561 293//561 288//561
f 292//562 288//562 287//562
f 293//563 294//563 289//563
f 293//564 289//564 288//564
f 294//565 295//565 290//565
f 294//566 290//566 289//566
f 295//567 296//567 291//567
f 295//568 291//568 290//568
f 296//569 292//569 287//569
f 296//570 287//570 291//570
f 296//571 295//571 294//571
f 296//572 294//572 293//572
f 296//573 293//573 292//573
f 298//574 299//574 297//574
f 299//575 300//575 297//575
f 300//576 301//576 297//576
f 301//577 302//577 297//577
f 302//578 303//578 297//578
f 303//579 304//579 297//579
f 304//580 305//580 297//580
f 305//581 306//581 297//581
f 306//582 307//582 297//582
f 307//583 298//583 297//583
f 308//584 309//584 299//584
f 308//585 299//585 298//585
f 309//586 310//586 300//586
f 309//587 300//587 299//587
f 310//588 311//588 301//588
f 310//589 301//589 300//589
f 311//590 312//590 302//590
f 311//591 302//591 301//591
f 312//592 313//592 303//592
f 312//593 303//593 302//593
f 313//594 314//594 304//594
f 313//595 304//595 303//595
f 314//596 315//596 305//596
f 314//597 305//597 304//597
f 315//598 316//598 306//598
f 315//599 306//599 305//599
f 316//600 317//600 307//600
f 316//601 307//601 306//601
f 317//602 308//602 298//602
f 317//603 298//603 307//603
f 318//604 319//604 309//604
f 318//605 309//605 308//605
f 319//606 320//606 310//606
f 319//607 310//607 309//607
f 320//608 321//608 311//608
f 320//609 311//609 310//609
f 321//610 322//610 312//610
f 321//611 312//611 311//611
f 322//612 323//612 313//612
f 322//613 313//613 312//613
f 323//614 324//614 314//614
f 323//615 314//615 313//615
f 324//616 325//616 315//616
f 324//617 315//617 314//617
f 325//618 326//618 316//618
f 325//619 316//619 315//619
f 326//620 327//620 317//620
f 326//621 317//621 316//621
f 327//622 318//622 308//622
f 327//623 308//623 317//623
f 328//624 329//624 319//624
f 328//625 319//625 318//625
f 329//626 330//626 320//626
f 329//627 320//627 319//627
f 330//628 331//628 321//628
f 330//629 321//629 320//629
f 331//630 332//630 322//630
f 331//631 322//631 321//631
f 332//632 333//632 323//632
f 332//633 323//633 322//633
f 333//634 334//634 324//634
f 333//635 324//635 323//635
f 334//636 335//636 325//636
f 334//637 325//637 324//637
f 335//638 336//638 326//638
f 335//639 326//639 325//639
f 336//640 337//640 327//640
f 336//641 327//641 326//641
f 337//642 328//642 318//642
f 337//643 318//643 327//643
f 338//644 339//644 329//644
f 338//645 329//645 328//645
f 339//646 340//646 330//646
f 339//647 330//647 329//647
f 340//648 341//648 331//648
f 340//649 331//649 330//649
f 341//650 342//650 332//650
f 341//651 332//651 331//651
f 342//652 343//652 333//652
f 342//653 333//653 332//653
f 343//654 344//654 334//654
f 343//655 334//655 333//655
f 344//656 345//656 335//656
f 344//657 335//657 334//657
f 345//658 346//658 336//658
f 345//659 336//659 335//659
f 346//660 347//660 337//660
f 346//661 337//661 336//661
f 347//662 338//662 328//662
f 347//663 328//663 337//663
f 348//664 339//664 338//664
f 348//665 340//665 339//665
f 348//666 341//666 340//666
f 348//667 342//667 341//667
f 348//668 343//668 342//668
f 348//669 344//669 343//669
f 348//670 345//670 344//670
f 348//671 346//671 345//671
f 348//672 347//672 346//672
f 348//673 338//673 347//673
usemtl Mat_Void
f 359//674 360//674 350//674
f 359//675 350//675 349//675
f 360//676 361//676 351//676
f 360//677 351//677 350//677
f 361//678 362//678 352//678
f 361//679 352//679 351//679
f 362//680 363//680 353//680
f 362//681 353//681 352//681
f 363//682 364//682 354//682
f 363//683 354//683 353//683
f 364//684 365//684 355//684
f 364//685 355//685 354//685
f 365//686 366//686 356//686
f 365//687 356//687 355//687
f 366//688 367//688 357//688
f 366//689 357//689 356//689
f 367//690 368//690 358//690
f 367//691 358//691 357//691
f 368//692 359//692 349//692
f 368//693 349//693 358//693
f 368//694 367//694 366//694
f 368//695 366//695 365//695
f 368//696 365//696 364//696
f 368//697 364//697 363//697
f 368//698 363//698 362//698
f 368//699 362//699 361//699
f 368//700 361//700 360//700
f 368//701 360//701 359//701
usemtl Mat_Bone
f 375//702 376//702 370//702
f 375//703 370//703 369//703
f 376//704 377//704 371//704
f 376//705 371//705 370//705
f 377//706 378//706 372//706
f 377//707 372//707 371//707
f 378//708 379//708 373//708
f 378//709 373//709 372//709
f 379//710 380//710 374//710
f 379//711 374//711 373//711
f 380//712 375//712 369//712
f 380//713 369//713 374//713
f 380//714 379//714 378//714
f 380//715 378//715 377//715
f 380//716 377//716 376//716
f 380//717 376//717 375//717
f 386//718 387//718 382//718
f 386//719 382//719 381//719
f 387//720 388//720 383//720
f 387//721 383//721 382//721
f 388//722 389//722 384//722
f 388//723 384//723 383//723
f 389//724 390//724 385//724
f 389//725 385//725 384//725
f 390//726 386//726 381//726
f 390//727 381//727 385//727
f 390//728 389//728 388//728
f 390//729 388//729 387//729
f 390//730 387//730 386//730
usemtl Mat_Gum_sandD
f 392//731 393//731 391//731
f 393//732 394//732 391//732
f 394//733 395//733 391//733
f 395//734 396//734 391//734
f 396//735 397//735 391//735
f 397//736 398//736 391//736
f 398//737 399//737 391//737
f 399//738 392//738 391//738
f 400//739 401//739 393//739
f 400//740 393//740 392//740
f 401//741 402//741 394//741
f 401//742 394//742 393//742
f 402//743 403//743 395//743
f 402//744 395//744 394//744
f 403//745 404//745 396//745
f 403//746 396//746 395//746
f 404//747 405//747 397//747
f 404//748 397//748 396//748
f 405//749 406//749 398//749
f 405//750 398//750 397//750
f 406//751 407//751 399//751
f 406//752 399//752 398//752
f 407//753 400//753 392//753
f 407//754 392//754 399//754
f 408//755 409//755 401//755
f 408//756 401//756 400//756
f 409//757 410//757 402//757
f 409//758 402//758 401//758
f 410//759 411//759 403//759
f 410//760 403//760 402//760
f 411//761 412//761 404//761
f 411//762 404//762 403//762
f 412//763 413//763 405//763
f 412//764 405//764 404//764
f 413//765 414//765 406//765
f 413//766 406//766 405//766
f 414//767 415//767 407//767
f 414//768 407//768 406//768
f 415//769 408//769 400//769
f 415//770 400//770 407//770
f 416//771 409//771 408//771
f 416//772 410//772 409//772
f 416//773 411//773 410//773
f 416//774 412//774 411//774
f 416//775 413//775 412//775
f 416//776 414//776 413//776
f 416//777 415//777 414//777
f 416//778 408//778 415//778
f 418//779 419//779 417//779
f 419//780 420//780 417//780
f 420//781 421//781 417//781
f 421//782 418//782 417//782
f 422//783 419//783 418//783
f 422//784 420//784 419//784
f 422//785 421//785 420//785
f 422//786 418//786 421//786
f 424//787 425//787 423//787
f 425//788 426//788 423//788
f 426//789 427//789 423//789
f 427//790 424//790 423//790
f 428//791 425//791 424//791
f 428//792 426//792 425//792
f 428//793 427//793 426//793
f 428//794 424//794 427//794
f 430//795 431//795 429//795
f 431//796 432//796 429//796
f 432//797 433//797 429//797
f 433//798 430//798 429//798
f 434//799 431//799 430//799
f 434//800 432//800 431//800
f 434//801 433//801 432//801
f 434//802 430//802 433//802
f 436//803 437//803 435//803
f 437//804 438//804 435//804
f 438//805 439//805 435//805
f 439//806 440//806 435//806
f 440//807 441//807 435//807
f 441//808 442//808 435//808
f 442//809 443//809 435//809
f 443//810 436//810 435//810
f 444//811 445//811 437//811
f 444//812 437//812 436//812
f 445//813 446//813 438//813
f 445//814 438//814 437//814
f 446//815 447//815 439//815
f 446//816 439//816 438//816
f 447//817 448//817 440//817
f 447//818 440//818 439//818
f 448//819 449//819 441//819
f 448//820 441//820 440//820
f 449//821 450//821 442//821
f 449//822 442//822 441//822
f 450//823 451//823 443//823
f 450//824 443//824 442//824
f 451//825 444//825 436//825
f 451//826 436//826 443//826
f 452//827 453//827 445//827
f 452//828 445//828 444//828
f 453//829 454//829 446//829
f 453//830 446//830 445//830
f 454//831 455//831 447//831
f 454//832 447//832 446//832
f 455//833 456//833 448//833
f 455//834 448//834 447//834
f 456//835 457//835 449//835
f 456//836 449//836 448//836
f 457//837 458//837 450//837
f 457//838 450//838 449//838
f 458//839 459//839 451//839
f 458//840 451//840 450//840
f 459//841 452//841 444//841
f 459//842 444//842 451//842
f 460//843 453//843 452//843
f 460//844 454//844 453//844
f 460//845 455//845 454//845
f 460//846 456//846 455//846
f 460//847 457//847 456//847
f 460//848 458//848 457//848
f 460//849 459//849 458//849
f 460//850 452//850 459//850
f 462//851 463//851 461//851
f 463//852 464//852 461//852
f 464//853 465//853 461//853
f 465//854 462//854 461//854
f 466//855 463//855 462//855
f 466//856 464//856 463//856
f 466//857 465//857 464//857
f 466//858 462//858 465//858
f 468//859 469//859 467//859
f 469//860 470//860 467//860
f 470//861 471//861 467//861
f 471//862 468//862 467//862
f 472//863 469//863 468//863
f 472//864 470//864 469//864
f 472//865 471//865 470//865
f 472//866 468//866 471//866
f 474//867 475//867 473//867
f 475//868 476//868 473//868
f 476//869 477//869 473//869
f 477//870 474//870 473//870
f 478//871 475//871 474//871
f 478//872 476//872 475//872
f 478//873 477//873 476//873
f 478//874 474//874 477//874
usemtl Mat_Void
f 479//875 480//875 484//875
f 479//876 484//876 483//876
f 480//877 481//877 485//877
f 480//878 485//878 484//878
f 481//879 482//879 486//879
f 481//880 486//880 485//880
f 482//881 479//881 483//881
f 482//882 483//882 486//882
f 483//883 484//883 488//883
f 483//884 488//884 487//884
f 484//885 485//885 489//885
f 484//886 489//886 488//886
f 485//887 486//887 490//887
f 485//888 490//888 489//888
f 486//889 483//889 487//889
f 486//890 487//890 490//890
f 487//891 488//891 492//891
f 487//892 492//892 491//892
f 488//893 489//893 493//893
f 488//894 493//894 492//894
f 489//895 490//895 494//895
f 489//896 494//896 493//896
f 490//897 487//897 491//897
f 490//898 491//898 494//898
f 491//899 492//899 496//899
f 491//900 496//900 495//900
f 492//901 493//901 497//901
f 492//902 497//902 496//902
f 493//903 494//903 498//903
f 493//904 498//904 497//904
f 494//905 491//905 495//905
f 494//906 495//906 498//906
f 495//907 496//907 500//907
f 495//908 500//908 499//908
f 496//909 497//909 501//909
f 496//910 501//910 500//910
f 497//911 498//911 502//911
f 497//912 502//912 501//912
f 498//913 495//913 499//913
f 498//914 499//914 502//914
f 499//915 500//915 504//915
f 499//916 504//916 503//916
f 500//917 501//917 505//917
f 500//918 505//918 504//918
f 501//919 502//919 506//919
f 501//920 506//920 505//920
f 502//921 499//921 503//921
f 502//922 503//922 506//922
f 482//923 481//923 480//923
f 482//924 480//924 479//924
f 503//925 504//925 505//925
f 503//926 505//926 506//926
usemtl Mat_Gum_sandD
f 507//927 508//927 513//927
f 507//928 513//928 512//928
f 508//929 509//929 514//929
f 508//930 514//930 513//930
f 509//931 510//931 515//931
f 509//932 515//932 514//932
f 510//933 511//933 516//933
f 510//934 516//934 515//934
f 511//935 507//935 512//935
f 511//936 512//936 516//936
f 512//937 513//937 518//937
f 512//938 518//938 517//938
f 513//939 514//939 519//939
f 513//940 519//940 518//940
f 514//941 515//941 520//941
f 514//942 520//942 519//942
f 515//943 516//943 521//943
f 515//944 521//944 520//944
f 516//945 512//945 517//945
f 516//946 517//946 521//946
f 511//947 510//947 509//947
f 511//948 509//948 508//948
f 511//949 508//949 507//949
f 517//950 518//950 519//950
f 517//951 519//951 520//951
f 517//952 520//952 521//952
usemtl Mat_NeonLaser
f 523//953 524//953 522//953
f 524//954 525//954 522//954
f 525//955 526//955 522//955
f 526//956 527//956 522//956
f 527//957 528//957 522//957
f 528//958 529//958 522//958
f 529//959 530//959 522//959
f 530//960 523//960 522//960
f 531//961 532//961 524//961
f 531//962 524//962 523//962
f 532//963 533//963 525//963
f 532//964 525//964 524//964
f 533//965 534//965 526//965
f 533//966 526//966 525//966
f 534//967 535//967 527//967
f 534//968 527//968 526//968
f 535//969 536//969 528//969
f 535//970 528//970 527//970
f 536//971 537//971 529//971
f 536//972 529//972 528//972
f 537//973 538//973 530//973
f 537//974 530//974 529//974
f 538//975 531//975 523//975
f 538//976 523//976 530//976
f 539//977 540//977 532//977
f 539//978 532//978 531//978
f 540//979 541//979 533//979
f 540//980 533//980 532//980
f 541//981 542//981 534//981
f 541//982 534//982 533//982
f 542//983 543//983 535//983
f 542//984 535//984 534//984
f 543//985 544//985 536//985
f 543//986 536//986 535//986
f 544//987 545//987 537//987
f 544//988 537//988 536//988
f 545//989 546//989 538//989
f 545//990 538//990 537//990
f 546//991 539//991 531//991
f 546//992 531//992 538//992
f 547//993 540//993 539//993
f 547//994 541//994 540//994
f 547//995 542//995 541//995
f 547//996 543//996 542//996
f 547//997 544//997 543//997
f 547//998 545//998 544//998
f 547//999 546//999 545//999
f 547//1000 539//1000 546//1000
usemtl Mat_Brass
f 548//1001 549//1001 552//1001
f 548//1002 552//1002 551//1002
f 549//1003 550//1003 553//1003
f 549//1004 553//1004 552//1004
f 550//1005 548//1005 551//1005
f 550//1006 551//1006 553//1006
f 551//1007 552//1007 555//1007
f 551//1008 555//1008 554//1008
f 552//1009 553//1009 556//1009
f 552//1010 556//1010 555//1010
f 553//1011 551//1011 554//1011
f 553//1012 554//1012 556//1012
f 554//1013 555//1013 558//1013
f 554//1014 558//1014 557//1014
f 555//1015 556//1015 559//1015
f 555//1016 559//1016 558//1016
f 556//1017 554//1017 557//1017
f 556//1018 557//1018 559//1018
f 557//1019 558//1019 561//1019
f 557//1020 561//1020 560//1020
f 558//1021 559//1021 562//1021
f 558//1022 562//1022 561//1022
f 559//1023 557//1023 560//1023
f 559//1024 560//1024 562//1024
f 560//1025 561//1025 564//1025
f 560//1026 564//1026 563//1026
f 561//1027 562//1027 565//1027
f 561//1028 565//1028 564//1028
f 562//1029 560//1029 563//1029
f 562//1030 563//1030 565//1030
f 563//1031 564//1031 567//1031
f 563//1032 567//1032 566//1032
f 564//1033 565//1033 568//1033
f 564//1034 568//1034 567//1034
f 565//1035 563//1035 566//1035
f 565//1036 566//1036 568//1036
f 566//1037 567//1037 570//1037
f 566//1038 570//1038 569//1038
f 567//1039 568//1039 571//1039
f 567//1040 571//1040 570//1040
f 568//1041 566//1041 569//1041
f 568//1042 569//1042 571//1042
f 569//1043 570//1043 573//1043
f 569//1044 573//1044 572//1044
f 570//1045 571//1045 574//1045
f 570//1046 574//1046 573//1046
f 571//1047 569//1047 572//1047
f 571//1048 572//1048 574//1048
f 572//1049 573//1049 576//1049
f 572//1050 576//1050 575//1050
f 573//1051 574//1051 577//1051
f 573//1052 577//1052 576//1052
f 574//1053 572//1053 575//1053
f 574//1054 575//1054 577//1054
f 575//1055 576//1055 549//1055
f 575//1056 549//1056 548//1056
f 576//1057 577//1057 550//1057
f 576//1058 550//1058 549//1058
f 577//1059 575//1059 548//1059
f 577//1060 548//1060 550//1060
f 578//1061 579//1061 582//1061
f 578//1062 582//1062 581//1062
f 579//1063 580//1063 583//1063
f 579//1064 583//1064 582//1064
f 580//1065 578//1065 581//1065
f 580//1066 581//1066 583//1066
f 581//1067 582//1067 585//1067
f 581//1068 585//1068 584//1068
f 582//1069 583//1069 586//1069
f 582//1070 586//1070 585//1070
f 583//1071 581//1071 584//1071
f 583//1072 584//1072 586//1072
f 584//1073 585//1073 588//1073
f 584//1074 588//1074 587//1074
f 585//1075 586//1075 589//1075
f 585//1076 589//1076 588//1076
f 586//1077 584//1077 587//1077
f 586//1078 587//1078 589//1078
f 587//1079 588//1079 591//1079
f 587//1080 591//1080 590//1080
f 588//1081 589//1081 592//1081
f 588//1082 592//1082 591//1082
f 589//1083 587//1083 590//1083
f 589//1084 590//1084 592//1084
f 590//1085 591//1085 594//1085
f 590//1086 594//1086 593//1086
f 591//1087 592//1087 595//1087
f 591//1088 595//1088 594//1088
f 592//1089 590//1089 593//1089
f 592//1090 593//1090 595//1090
f 593//1091 594//1091 597//1091
f 593//1092 597//1092 596//1092
f 594//1093 595//1093 598//1093
f 594//1094 598//1094 597//1094
f 595//1095 593//1095 596//1095
f 595//1096 596//1096 598//1096
f 596//1097 597//1097 600//1097
f 596//1098 600//1098 599//1098
f 597//1099 598//1099 601//1099
f 597//1100 601//1100 600//1100
f 598//1101 596//1101 599//1101
f 598//1102 599//1102 601//1102
f 599//1103 600//1103 603//1103
f 599//1104 603//1104 602//1104
f 600//1105 601//1105 604//1105
f 600//1106 604//1106 603//1106
f 601//1107 599//1107 602//1107
f 601//1108 602//1108 604//1108
f 602//1109 603//1109 606//1109
f 602//1110 606//1110 605//1110
f 603//1111 604//1111 607//1111
f 603//1112 607//1112 606//1112
f 604//1113 602//1113 605//1113
f 604//1114 605//1114 607//1114
f 605//1115 606//1115 579//1115
f 605//1116 579//1116 578//1116
f 606//1117 607//1117 580//1117
f 606//1118 580//1118 579//1118
f 607//1119 605//1119 578//1119
f 607//1120 578//1120 580//1120
f 608//1121 609//1121 612//1121
f 608//1122 612//1122 611//1122
f 609//1123 610//1123 613//1123
f 609//1124 613//1124 612//1124
f 610//1125 608//1125 611//1125
f 610//1126 611//1126 613//1126
f 611//1127 612//1127 615//1127
f 611//1128 615//1128 614//1128
f 612//1129 613//1129 616//1129
f 612//1130 616//1130 615//1130
f 613//1131 611//1131 614//1131
f 613//1132 614//1132 616//1132
f 610//1133 609//1133 608//1133
f 614//1134 615//1134 616//1134
usemtl Mat_Void
f 256//1135 266//1135 265//1135
f 255//1136 256//1136 265//1136
f 257//1137 267//1137 266//1137
f 256//1138 257//1138 266//1138
f 258//1139 268//1139 267//1139
f 257//1140 258//1140 267//1140
f 259//1141 269//1141 268//1141
f 258//1142 259//1142 268//1142
f 260//1143 270//1143 269//1143
f 259//1144 260//1144 269//1144
f 261//1145 271//1145 270//1145
f 260//1146 261//1146 270//1146
f 262//1147 272//1147 271//1147
f 261//1148 262//1148 271//1148
f 263//1149 273//1149 272//1149
f 262//1150 263//1150 272//1150
f 264//1151 274//1151 273//1151
f 263//1152 264//1152 273//1152
f 255//1153 265//1153 274//1153
f 264//1154 255//1154 274//1154
f 272//1155 273//1155 274//1155
f 271//1156 272//1156 274//1156
f 270//1157 271//1157 274//1157
f 269//1158 270//1158 274//1158
f 268//1159 269//1159 274//1159
f 267//1160 268//1160 274//1160
f 266//1161 267//1161 274//1161
f 265//1162 266//1162 274//1162
usemtl Mat_Bone
f 276//1163 282//1163 281//1163
f 275//1164 276//1164 281//1164
f 277//1165 283//1165 282//1165
f 276//1166 277//1166 282//1166
f 278//1167 284//1167 283//1167
f 277//1168 278//1168 283//1168
f 279//1169 285//1169 284//1169
f 278//1170 279//1170 284//1170
f 280//1171 286//1171 285//1171
f 279//1172 280//1172 285//1172
f 275//1173 281//1173 286//1173
f 280//1174 275//1174 286//1174
f 284//1175 285//1175 286//1175
f 283//1176 284//1176 286//1176
f 282//1177 283//1177 286//1177
f 281//1178 282//1178 286//1178
usemtl Mat_Void
f 350//1179 360//1179 359//1179
f 349//1180 350//1180 359//1180
f 351//1181 361//1181 360//1181
f 350//1182 351//1182 360//1182
f 352//1183 362//1183 361//1183
f 351//1184 352//1184 361//1184
f 353//1185 363//1185 362//1185
f 352//1186 353//1186 362//1186
f 354//1187 364//1187 363//1187
f 353//1188 354//1188 363//1188
f 355//1189 365//1189 364//1189
f 354//1190 355//1190 364//1190
f 356//1191 366//1191 365//1191
f 355//1192 356//1192 365//1192
f 357//1193 367//1193 366//1193
f 356//1194 357//1194 366//1194
f 358//1195 368//1195 367//1195
f 357//1196 358//1196 367//1196
f 349//1197 359//1197 368//1197
f 358//1198 349//1198 368//1198
f 366//1199 367//1199 368//1199
f 365//1200 366//1200 368//1200
f 364//1201 365//1201 368//1201
f 363//1202 364//1202 368//1202
f 362//1203 363//1203 368//1203
f 361//1204 362//1204 368//1204
f 360//1205 361//1205 368//1205
f 359//1206 360//1206 368//1206
o Char_Native_Elder_Arm_L
v 0.47873 0.58591 -0.03618
v 0.47647 0.60078 0.01524
v 0.44743 0.58591 0.05773
v 0.40862 0.55000 0.06641
v 0.38279 0.51409 0.03618
v 0.38505 0.49922 -0.01524
v 0.41409 0.51409 -0.05773
v 0.45290 0.55000 -0.06641
v 0.60966 0.44899 0.01119
v 0.60429 0.46606 0.05784
v 0.56757 0.46201 0.09405
v 0.52100 0.43921 0.09859
v 0.49186 0.41101 0.06881
v 0.49723 0.39394 0.02216
v 0.53395 0.39799 -0.01405
v 0.58052 0.42079 -0.01859
v 0.62797 0.31049 0.08192
v 0.62237 0.33013 0.12305
v 0.58654 0.33797 0.15068
v 0.54146 0.32943 0.14862
v 0.51355 0.30951 0.11808
v 0.51915 0.28987 0.07695
v 0.55498 0.28203 0.04932
v 0.60006 0.29057 0.05138
v 0.57076 0.19500 0.12000
v 0.62379 0.21697 0.12000
v 0.60826 0.21697 0.15750
v 0.57076 0.21697 0.17303
v 0.53326 0.21697 0.15750
v 0.51773 0.21697 0.12000
v 0.53326 0.21697 0.08250
v 0.57076 0.21697 0.06697
v 0.60826 0.21697 0.08250
v 0.64576 0.27000 0.12000
v 0.62379 0.27000 0.17303
v 0.57076 0.27000 0.19500
v 0.51773 0.27000 0.17303
v 0.49576 0.27000 0.12000
v 0.51773 0.27000 0.06697
v 0.57076 0.27000 0.04500
v 0.62379 0.27000 0.06697
v 0.62379 0.32303 0.12000
v 0.60826 0.32303 0.15750
v 0.57076 0.32303 0.17303
v 0.53326 0.32303 0.15750
v 0.51773 0.32303 0.12000
v 0.53326 0.32303 0.08250
v 0.57076 0.32303 0.06697
v 0.60826 0.32303 0.08250
v 0.57076 0.34500 0.12000
v 0.52076 0.26500 0.16000
v 0.55107 0.28250 0.16000
v 0.53592 0.28250 0.18625
v 0.50560 0.28250 0.18625
v 0.49045 0.28250 0.16000
v 0.50560 0.28250 0.13375
v 0.53592 0.28250 0.13375
v 0.55107 0.31750 0.16000
v 0.53592 0.31750 0.18625
v 0.50560 0.31750 0.18625
v 0.49045 0.31750 0.16000
v 0.50560 0.31750 0.13375
v 0.53592 0.31750 0.13375
v 0.52076 0.33500 0.16000
vn 0.7407 0.6534 -0.1564
vn 0.7402 0.6544 -0.1543
vn 0.5001 0.6520 0.5699
vn 0.4950 0.6515 0.5750
vn -0.0225 0.2578 0.9659
vn -0.0301 0.2542 0.9667
vn -0.5211 -0.2982 0.7997
vn -0.5242 -0.3001 0.7970
vn -0.7039 -0.6901 0.1686
vn -0.7033 -0.6899 0.1716
vn -0.4636 -0.6884 -0.5578
vn -0.4664 -0.6924 -0.5505
vn 0.0592 -0.2945 -0.9538
vn 0.0548 -0.3016 -0.9519
vn 0.5582 0.2613 -0.7875
vn 0.5570 0.2581 -0.7894
vn 0.9859 0.1578 0.0557
vn 0.9854 0.1598 0.0579
vn 0.6198 0.4024 0.6737
vn 0.6120 0.4067 0.6782
vn -0.1050 0.3961 0.9122
vn -0.1169 0.3976 0.9101
vn -0.7700 0.1378 0.6229
vn -0.7741 0.1373 0.6179
vn -0.9746 -0.2217 -0.0310
vn -0.9748 -0.2214 -0.0270
vn -0.5946 -0.4659 -0.6553
vn -0.6017 -0.4677 -0.6475
vn 0.1359 -0.4531 -0.8811
vn 0.1270 -0.4578 -0.8799
vn 0.7870 -0.1949 -0.5854
vn 0.7845 -0.1981 -0.5877
vn -0.6882 0.6882 -0.2294
vn -0.6882 0.6882 -0.2294
vn -0.6882 0.6882 -0.2294
vn -0.6882 0.6882 -0.2294
vn -0.6882 0.6882 -0.2294
vn -0.6882 0.6882 -0.2294
vn 0.1474 -0.8847 0.4423
vn 0.1474 -0.8847 0.4423
vn 0.1474 -0.8847 0.4423
vn 0.1474 -0.8847 0.4423
vn 0.1474 -0.8847 0.4423
vn 0.1474 -0.8847 0.4423
vn 0.3780 -0.9125 0.1566
vn 0.1566 -0.9125 0.3780
vn -0.1566 -0.9125 0.3780
vn -0.3780 -0.9125 0.1566
vn -0.3780 -0.9125 -0.1566
vn -0.1566 -0.9125 -0.3780
vn 0.1566 -0.9125 -0.3780
vn 0.3780 -0.9125 -0.1566
vn 0.8629 -0.3574 0.3574
vn 0.8629 -0.3574 0.3574
vn 0.3574 -0.3574 0.8629
vn 0.3574 -0.3574 0.8629
vn -0.3574 -0.3574 0.8629
vn -0.3574 -0.3574 0.8629
vn -0.8629 -0.3574 0.3574
vn -0.8629 -0.3574 0.3574
vn -0.8629 -0.3574 -0.3574
vn -0.8629 -0.3574 -0.3574
vn -0.3574 -0.3574 -0.8629
vn -0.3574 -0.3574 -0.8629
vn 0.3574 -0.3574 -0.8629
vn 0.3574 -0.3574 -0.8629
vn 0.8629 -0.3574 -0.3574
vn 0.8629 -0.3574 -0.3574
vn 0.8629 0.3574 0.3574
vn 0.8629 0.3574 0.3574
vn 0.3574 0.3574 0.8629
vn 0.3574 0.3574 0.8629
vn -0.3574 0.3574 0.8629
vn -0.3574 0.3574 0.8629
vn -0.8629 0.3574 0.3574
vn -0.8629 0.3574 0.3574
vn -0.8629 0.3574 -0.3574
vn -0.8629 0.3574 -0.3574
vn -0.3574 0.3574 -0.8629
vn -0.3574 0.3574 -0.8629
vn 0.3574 0.3574 -0.8629
vn 0.3574 0.3574 -0.8629
vn 0.8629 0.3574 -0.3574
vn 0.8629 0.3574 -0.3574
vn 0.3780 0.9125 0.1566
vn 0.1566 0.9125 0.3780
vn -0.1566 0.9125 0.3780
vn -0.3780 0.9125 0.1566
vn -0.3780 0.9125 -0.1566
vn -0.1566 0.9125 -0.3780
vn 0.1566 0.9125 -0.3780
vn 0.3780 0.9125 -0.1566
vn 0.4804 -0.8321 0.2774
vn 0.0000 -0.8321 0.5547
vn -0.4804 -0.8321 0.2774
vn -0.4804 -0.8321 -0.2774
vn 0.0000 -0.8321 -0.5547
vn 0.4804 -0.8321 -0.2774
vn 0.8660 0.0000 0.5000
vn 0.8660 0.0000 0.5000
vn 0.0000 0.0000 1.0000
vn 0.0000 0.0000 1.0000
vn -0.8660 0.0000 0.5000
vn -0.8660 0.0000 0.5000
vn -0.8660 0.0000 -0.5000
vn -0.8660 -0.0000 -0.5000
vn 0.0000 0.0000 -1.0000
vn 0.0000 0.0000 -1.0000
vn 0.8660 0.0000 -0.5000
vn 0.8660 0.0000 -0.5000
vn 0.4804 0.8321 0.2774
vn 0.0000 0.8321 0.5547
vn -0.4804 0.8321 0.2774
vn -0.4804 0.8321 -0.2774
vn 0.0000 0.8321 -0.5547
vn 0.4804 0.8321 -0.2774
usemtl Mat_Gum_sand
f 617//1207 618//1207 626//1207
f 617//1208 626//1208 625//1208
f 618//1209 619//1209 627//1209
f 618//1210 627//1210 626//1210
f 619//1211 620//1211 628//1211
f 619//1212 628//1212 627//1212
f 620//1213 621//1213 629//1213
f 620//1214 629//1214 628//1214
f 621//1215 622//1215 630//1215
f 621//1216 630//1216 629//1216
f 622//1217 623//1217 631//1217
f 622//1218 631//1218 630//1218
f 623//1219 624//1219 632//1219
f 623//1220 632//1220 631//1220
f 624//1221 617//1221 625//1221
f 624//1222 625//1222 632//1222
f 625//1223 626//1223 634//1223
f 625//1224 634//1224 633//1224
f 626//1225 627//1225 635//1225
f 626//1226 635//1226 634//1226
f 627//1227 628//1227 636//1227
f 627//1228 636//1228 635//1228
f 628//1229 629//1229 637//1229
f 628//1230 637//1230 636//1230
f 629//1231 630//1231 638//1231
f 629//1232 638//1232 637//1232
f 630//1233 631//1233 639//1233
f 630//1234 639//1234 638//1234
f 631//1235 632//1235 640//1235
f 631//1236 640//1236 639//1236
f 632//1237 625//1237 633//1237
f 632//1238 633//1238 640//1238
f 624//1239 623//1239 622//1239
f 624//1240 622//1240 621//1240
f 624//1241 621//1241 620//1241
f 624//1242 620//1242 619//1242
f 624//1243 619//1243 618//1243
f 624//1244 618//1244 617//1244
f 633//1245 634//1245 635//1245
f 633//1246 635//1246 636//1246
f 633//1247 636//1247 637//1247
f 633//1248 637//1248 638//1248
f 633//1249 638//1249 639//1249
f 633//1250 639//1250 640//1250
f 642//1251 643//1251 641//1251
f 643//1252 644//1252 641//1252
f 644//1253 645//1253 641//1253
f 645//1254 646//1254 641//1254
f 646//1255 647//1255 641//1255
f 647//1256 648//1256 641//1256
f 648//1257 649//1257 641//1257
f 649//1258 642//1258 641//1258
f 650//1259 651//1259 643//1259
f 650//1260 643//1260 642//1260
f 651//1261 652//1261 644//1261
f 651//1262 644//1262 643//1262
f 652//1263 653//1263 645//1263
f 652//1264 645//1264 644//1264
f 653//1265 654//1265 646//1265
f 653//1266 646//1266 645//1266
f 654//1267 655//1267 647//1267
f 654//1268 647//1268 646//1268
f 655//1269 656//1269 648//1269
f 655//1270 648//1270 647//1270
f 656//1271 657//1271 649//1271
f 656//1272 649//1272 648//1272
f 657//1273 650//1273 642//1273
f 657//1274 642//1274 649//1274
f 658//1275 659//1275 651//1275
f 658//1276 651//1276 650//1276
f 659//1277 660//1277 652//1277
f 659//1278 652//1278 651//1278
f 660//1279 661//1279 653//1279
f 660//1280 653//1280 652//1280
f 661//1281 662//1281 654//1281
f 661//1282 654//1282 653//1282
f 662//1283 663//1283 655//1283
f 662//1284 655//1284 654//1284
f 663//1285 664//1285 656//1285
f 663//1286 656//1286 655//1286
f 664//1287 665//1287 657//1287
f 664//1288 657//1288 656//1288
f 665//1289 658//1289 650//1289
f 665//1290 650//1290 657//1290
f 666//1291 659//1291 658//1291
f 666//1292 660//1292 659//1292
f 666//1293 661//1293 660//1293
f 666//1294 662//1294 661//1294
f 666//1295 663//1295 662//1295
f 666//1296 664//1296 663//1296
f 666//1297 665//1297 664//1297
f 666//1298 658//1298 665//1298
f 668//1299 669//1299 667//1299
f 669//1300 670//1300 667//1300
f 670//1301 671//1301 667//1301
f 671//1302 672//1302 667//1302
f 672//1303 673//1303 667//1303
f 673//1304 668//1304 667//1304
f 674//1305 675//1305 669//1305
f 674//1306 669//1306 668//1306
f 675//1307 676//1307 670//1307
f 675//1308 670//1308 669//1308
f 676//1309 677//1309 671//1309
f 676//1310 671//1310 670//1310
f 677//1311 678//1311 672//1311
f 677//1312 672//1312 671//1312
f 678//1313 679//1313 673//1313
f 678//1314 673//1314 672//1314
f 679//1315 674//1315 668//1315
f 679//1316 668//1316 673//1316
f 680//1317 675//1317 674//1317
f 680//1318 676//1318 675//1318
f 680//1319 677//1319 676//1319
f 680//1320 678//1320 677//1320
f 680//1321 679//1321 678//1321
f 680//1322 674//1322 679//1322
o Char_Native_Elder_Arm_R
v -0.44743 0.58591 0.05773
v -0.47647 0.60078 0.01524
v -0.47873 0.58591 -0.03618
v -0.45290 0.55000 -0.06641
v -0.41409 0.51409 -0.05773
v -0.38505 0.49922 -0.01524
v -0.38279 0.51409 0.03618
v -0.40862 0.55000 0.06641
v -0.56757 0.46201 0.09405
v -0.60429 0.46606 0.05784
v -0.60966 0.44899 0.01119
v -0.58052 0.42079 -0.01859
v -0.53395 0.39799 -0.01405
v -0.49723 0.39394 0.02216
v -0.49186 0.41101 0.06881
v -0.52100 0.43921 0.09859
v -0.58654 0.33797 0.15068
v -0.62237 0.33013 0.12305
v -0.62797 0.31049 0.08192
v -0.60006 0.29057 0.05138
v -0.55498 0.28203 0.04932
v -0.51915 0.28987 0.07695
v -0.51355 0.30951 0.11808
v -0.54146 0.32943 0.14862
v -0.57076 0.19500 0.12000
v -0.51773 0.21697 0.12000
v -0.53326 0.21697 0.15750
v -0.57076 0.21697 0.17303
v -0.60826 0.21697 0.15750
v -0.62379 0.21697 0.12000
v -0.60826 0.21697 0.08250
v -0.57076 0.21697 0.06697
v -0.53326 0.21697 0.08250
v -0.49576 0.27000 0.12000
v -0.51773 0.27000 0.17303
v -0.57076 0.27000 0.19500
v -0.62379 0.27000 0.17303
v -0.64576 0.27000 0.12000
v -0.62379 0.27000 0.06697
v -0.57076 0.27000 0.04500
v -0.51773 0.27000 0.06697
v -0.51773 0.32303 0.12000
v -0.53326 0.32303 0.15750
v -0.57076 0.32303 0.17303
v -0.60826 0.32303 0.15750
v -0.62379 0.32303 0.12000
v -0.60826 0.32303 0.08250
v -0.57076 0.32303 0.06697
v -0.53326 0.32303 0.08250
v -0.57076 0.34500 0.12000
v -0.52076 0.26500 0.16000
v -0.49045 0.28250 0.16000
v -0.50560 0.28250 0.18625
v -0.53592 0.28250 0.18625
v -0.55107 0.28250 0.16000
v -0.53592 0.28250 0.13375
v -0.50560 0.28250 0.13375
v -0.49045 0.31750 0.16000
v -0.50560 0.31750 0.18625
v -0.53592 0.31750 0.18625
v -0.55107 0.31750 0.16000
v -0.53592 0.31750 0.13375
v -0.50560 0.31750 0.13375
v -0.52076 0.33500 0.16000
v -0.57409 0.31597 0.15665
v -0.55500 0.31185 0.14850
v -0.55769 0.30517 0.12860
v -0.57844 0.30517 0.12445
v -0.58858 0.31185 0.14179
v -0.59409 0.02597 0.25665
v -0.57500 0.02185 0.24850
v -0.57769 0.01517 0.22860
v -0.59844 0.01517 0.22445
v -0.60858 0.02185 0.24179
v -0.58214 0.31569 0.12727
v -0.58214 0.31569 0.15273
v -0.55938 0.30431 0.15273
v -0.55938 0.30431 0.12727
v -0.54721 0.38557 0.12727
v -0.54721 0.38557 0.15273
v -0.53431 0.35443 0.15273
v -0.53431 0.35443 0.12727
v -0.47674 0.36207 0.12727
v -0.47674 0.36207 0.15273
v -0.48478 0.33793 0.15273
v -0.48478 0.33793 0.12727
vn -0.4988 0.6534 0.5695
vn -0.4961 0.6498 0.5759
vn -0.7403 0.6538 -0.1565
vn -0.7406 0.6540 -0.1541
vn -0.5588 0.2606 -0.7873
vn -0.5564 0.2589 -0.7895
vn -0.0607 -0.2960 -0.9533
vn -0.0537 -0.2995 -0.9526
vn 0.4619 -0.6901 -0.5572
vn 0.4678 -0.6905 -0.5517
vn 0.7032 -0.6907 0.1688
vn 0.7040 -0.6893 0.1713
vn 0.5221 -0.2973 0.7994
vn 0.5232 -0.3013 0.7972
vn 0.0242 0.2595 0.9654
vn 0.0289 0.2517 0.9674
vn -0.6188 0.4051 0.6730
vn -0.6124 0.4039 0.6796
vn -0.9858 0.1586 0.0554
vn -0.9856 0.1590 0.0583
vn -0.7873 -0.1960 -0.5846
vn -0.7843 -0.1968 -0.5884
vn -0.1373 -0.4557 -0.8795
vn -0.1265 -0.4547 -0.8816
vn 0.5931 -0.4694 -0.6541
vn 0.6024 -0.4641 -0.6494
vn 0.9743 -0.2230 -0.0305
vn 0.9751 -0.2200 -0.0277
vn 0.7707 0.1397 0.6218
vn 0.7737 0.1351 0.6190
vn 0.1067 0.3994 0.9105
vn 0.1163 0.3938 0.9118
vn 0.6882 0.6882 -0.2294
vn 0.6882 0.6882 -0.2294
vn 0.6882 0.6882 -0.2294
vn 0.6882 0.6882 -0.2294
vn 0.6882 0.6882 -0.2294
vn 0.6882 0.6882 -0.2294
vn -0.1474 -0.8847 0.4423
vn -0.1474 -0.8847 0.4423
vn -0.1474 -0.8847 0.4423
vn -0.1474 -0.8847 0.4423
vn -0.1474 -0.8847 0.4423
vn -0.1474 -0.8847 0.4423
vn 0.3780 -0.9125 0.1566
vn 0.1566 -0.9125 0.3780
vn -0.1566 -0.9125 0.3780
vn -0.3780 -0.9125 0.1566
vn -0.3780 -0.9125 -0.1566
vn -0.1566 -0.9125 -0.3780
vn 0.1566 -0.9125 -0.3780
vn 0.3780 -0.9125 -0.1566
vn 0.8629 -0.3574 0.3574
vn 0.8629 -0.3574 0.3574
vn 0.3574 -0.3574 0.8629
vn 0.3574 -0.3574 0.8629
vn -0.3574 -0.3574 0.8629
vn -0.3574 -0.3574 0.8629
vn -0.8629 -0.3574 0.3574
vn -0.8629 -0.3574 0.3574
vn -0.8629 -0.3574 -0.3574
vn -0.8629 -0.3574 -0.3574
vn -0.3574 -0.3574 -0.8629
vn -0.3574 -0.3574 -0.8629
vn 0.3574 -0.3574 -0.8629
vn 0.3574 -0.3574 -0.8629
vn 0.8629 -0.3574 -0.3574
vn 0.8629 -0.3574 -0.3574
vn 0.8629 0.3574 0.3574
vn 0.8629 0.3574 0.3574
vn 0.3574 0.3574 0.8629
vn 0.3574 0.3574 0.8629
vn -0.3574 0.3574 0.8629
vn -0.3574 0.3574 0.8629
vn -0.8629 0.3574 0.3574
vn -0.8629 0.3574 0.3574
vn -0.8629 0.3574 -0.3574
vn -0.8629 0.3574 -0.3574
vn -0.3574 0.3574 -0.8629
vn -0.3574 0.3574 -0.8629
vn 0.3574 0.3574 -0.8629
vn 0.3574 0.3574 -0.8629
vn 0.8629 0.3574 -0.3574
vn 0.8629 0.3574 -0.3574
vn 0.3780 0.9125 0.1566
vn 0.1566 0.9125 0.3780
vn -0.1566 0.9125 0.3780
vn -0.3780 0.9125 0.1566
vn -0.3780 0.9125 -0.1566
vn -0.1566 0.9125 -0.3780
vn 0.1566 0.9125 -0.3780
vn 0.3780 0.9125 -0.1566
vn 0.4804 -0.8321 0.2774
vn 0.0000 -0.8321 0.5547
vn -0.4804 -0.8321 0.2774
vn -0.4804 -0.8321 -0.2774
vn 0.0000 -0.8321 -0.5547
vn 0.4804 -0.8321 -0.2774
vn 0.8660 0.0000 0.5000
vn 0.8660 0.0000 0.5000
vn 0.0000 0.0000 1.0000
vn 0.0000 0.0000 1.0000
vn -0.8660 0.0000 0.5000
vn -0.8660 0.0000 0.5000
vn -0.8660 0.0000 -0.5000
vn -0.8660 -0.0000 -0.5000
vn 0.0000 0.0000 -1.0000
vn 0.0000 0.0000 -1.0000
vn 0.8660 0.0000 -0.5000
vn 0.8660 0.0000 -0.5000
vn 0.4804 0.8321 0.2774
vn 0.0000 0.8321 0.5547
vn -0.4804 0.8321 0.2774
vn -0.4804 0.8321 -0.2774
vn 0.0000 0.8321 -0.5547
vn 0.4804 0.8321 -0.2774
vn 0.4267 0.2684 0.8637
vn 0.4267 0.2684 0.8637
vn 0.9898 -0.1025 -0.0993
vn 0.9898 -0.1025 -0.0993
vn 0.1850 -0.3317 -0.9251
vn 0.1850 -0.3317 -0.9251
vn -0.8754 -0.1025 -0.4724
vn -0.8754 -0.1025 -0.4724
vn -0.7260 0.2684 0.6331
vn -0.7260 0.2684 0.6331
vn -0.0651 -0.9434 0.3253
vn -0.0651 -0.9434 0.3253
vn -0.0651 -0.9434 0.3253
vn 0.0651 0.9434 -0.3253
vn 0.0651 0.9434 -0.3253
vn 0.0651 0.9434 -0.3253
vn -0.8944 0.4472 0.0000
vn -0.8944 0.4472 0.0000
vn -0.0000 0.0000 1.0000
vn 0.0000 0.0000 1.0000
vn 0.8944 -0.4472 0.0000
vn 0.8944 -0.4472 0.0000
vn 0.0000 0.0000 -1.0000
vn 0.0000 0.0000 -1.0000
vn 0.3162 0.9487 -0.0000
vn 0.3162 0.9487 0.0000
vn 0.0000 0.0000 1.0000
vn 0.0000 0.0000 1.0000
vn -0.3162 -0.9487 -0.0000
vn -0.3162 -0.9487 0.0000
vn 0.0000 0.0000 -1.0000
vn 0.0000 0.0000 -1.0000
vn -0.4472 -0.8944 0.0000
vn -0.4472 -0.8944 0.0000
vn 0.9487 -0.3162 0.0000
vn 0.9487 -0.3162 0.0000
usemtl Mat_Gum_sand
f 681//1323 682//1323 690//1323
f 681//1324 690//1324 689//1324
f 682//1325 683//1325 691//1325
f 682//1326 691//1326 690//1326
f 683//1327 684//1327 692//1327
f 683//1328 692//1328 691//1328
f 684//1329 685//1329 693//1329
f 684//1330 693//1330 692//1330
f 685//1331 686//1331 694//1331
f 685//1332 694//1332 693//1332
f 686//1333 687//1333 695//1333
f 686//1334 695//1334 694//1334
f 687//1335 688//1335 696//1335
f 687//1336 696//1336 695//1336
f 688//1337 681//1337 689//1337
f 688//1338 689//1338 696//1338
f 689//1339 690//1339 698//1339
f 689//1340 698//1340 697//1340
f 690//1341 691//1341 699//1341
f 690//1342 699//1342 698//1342
f 691//1343 692//1343 700//1343
f 691//1344 700//1344 699//1344
f 692//1345 693//1345 701//1345
f 692//1346 701//1346 700//1346
f 693//1347 694//1347 702//1347
f 693//1348 702//1348 701//1348
f 694//1349 695//1349 703//1349
f 694//1350 703//1350 702//1350
f 695//1351 696//1351 704//1351
f 695//1352 704//1352 703//1352
f 696//1353 689//1353 697//1353
f 696//1354 697//1354 704//1354
f 688//1355 687//1355 686//1355
f 688//1356 686//1356 685//1356
f 688//1357 685//1357 684//1357
f 688//1358 684//1358 683//1358
f 688//1359 683//1359 682//1359
f 688//1360 682//1360 681//1360
f 697//1361 698//1361 699//1361
f 697//1362 699//1362 700//1362
f 697//1363 700//1363 701//1363
f 697//1364 701//1364 702//1364
f 697//1365 702//1365 703//1365
f 697//1366 703//1366 704//1366
f 706//1367 707//1367 705//1367
f 707//1368 708//1368 705//1368
f 708//1369 709//1369 705//1369
f 709//1370 710//1370 705//1370
f 710//1371 711//1371 705//1371
f 711//1372 712//1372 705//1372
f 712//1373 713//1373 705//1373
f 713//1374 706//1374 705//1374
f 714//1375 715//1375 707//1375
f 714//1376 707//1376 706//1376
f 715//1377 716//1377 708//1377
f 715//1378 708//1378 707//1378
f 716//1379 717//1379 709//1379
f 716//1380 709//1380 708//1380
f 717//1381 718//1381 710//1381
f 717//1382 710//1382 709//1382
f 718//1383 719//1383 711//1383
f 718//1384 711//1384 710//1384
f 719//1385 720//1385 712//1385
f 719//1386 712//1386 711//1386
f 720//1387 721//1387 713//1387
f 720//1388 713//1388 712//1388
f 721//1389 714//1389 706//1389
f 721//1390 706//1390 713//1390
f 722//1391 723//1391 715//1391
f 722//1392 715//1392 714//1392
f 723//1393 724//1393 716//1393
f 723//1394 716//1394 715//1394
f 724//1395 725//1395 717//1395
f 724//1396 717//1396 716//1396
f 725//1397 726//1397 718//1397
f 725//1398 718//1398 717//1398
f 726//1399 727//1399 719//1399
f 726//1400 719//1400 718//1400
f 727//1401 728//1401 720//1401
f 727//1402 720//1402 719//1402
f 728//1403 729//1403 721//1403
f 728//1404 721//1404 720//1404
f 729//1405 722//1405 714//1405
f 729//1406 714//1406 721//1406
f 730//1407 723//1407 722//1407
f 730//1408 724//1408 723//1408
f 730//1409 725//1409 724//1409
f 730//1410 726//1410 725//1410
f 730//1411 727//1411 726//1411
f 730//1412 728//1412 727//1412
f 730//1413 729//1413 728//1413
f 730//1414 722//1414 729//1414
f 732//1415 733//1415 731//1415
f 733//1416 734//1416 731//1416
f 734//1417 735//1417 731//1417
f 735//1418 736//1418 731//1418
f 736//1419 737//1419 731//1419
f 737//1420 732//1420 731//1420
f 738//1421 739//1421 733//1421
f 738//1422 733//1422 732//1422
f 739//1423 740//1423 734//1423
f 739//1424 734//1424 733//1424
f 740//1425 741//1425 735//1425
f 740//1426 735//1426 734//1426
f 741//1427 742//1427 736//1427
f 741//1428 736//1428 735//1428
f 742//1429 743//1429 737//1429
f 742//1430 737//1430 736//1430
f 743//1431 738//1431 732//1431
f 743//1432 732//1432 737//1432
f 744//1433 739//1433 738//1433
f 744//1434 740//1434 739//1434
f 744//1435 741//1435 740//1435
f 744//1436 742//1436 741//1436
f 744//1437 743//1437 742//1437
f 744//1438 738//1438 743//1438
usemtl Mat_DarkWood
f 750//1439 751//1439 746//1439
f 750//1440 746//1440 745//1440
f 751//1441 752//1441 747//1441
f 751//1442 747//1442 746//1442
f 752//1443 753//1443 748//1443
f 752//1444 748//1444 747//1444
f 753//1445 754//1445 749//1445
f 753//1446 749//1446 748//1446
f 754//1447 750//1447 745//1447
f 754//1448 745//1448 749//1448
f 754//1449 753//1449 752//1449
f 754//1450 752//1450 751//1450
f 754//1451 751//1451 750//1451
f 745//1452 746//1452 747//1452
f 745//1453 747//1453 748//1453
f 745//1454 748//1454 749//1454
f 755//1455 756//1455 760//1455
f 755//1456 760//1456 759//1456
f 756//1457 757//1457 761//1457
f 756//1458 761//1458 760//1458
f 757//1459 758//1459 762//1459
f 757//1460 762//1460 761//1460
f 758//1461 755//1461 759//1461
f 758//1462 759//1462 762//1462
f 759//1463 760//1463 764//1463
f 759//1464 764//1464 763//1464
f 760//1465 761//1465 765//1465
f 760//1466 765//1466 764//1466
f 761//1467 762//1467 766//1467
f 761//1468 766//1468 765//1468
f 762//1469 759//1469 763//1469
f 762//1470 763//1470 766//1470
f 758//1471 757//1471 756//1471
f 758//1472 756//1472 755//1472
f 763//1473 764//1473 765//1473
f 763//1474 765//1474 766//1474
o Char_Native_Elder_Leg_L
v 0.25600 0.30000 0.00000
v 0.23257 0.30000 -0.05657
v 0.17600 0.30000 -0.08000
v 0.11943 0.30000 -0.05657
v 0.09600 0.30000 -0.00000
v 0.11943 0.30000 0.05657
v 0.17600 0.30000 0.08000
v 0.23257 0.30000 0.05657
v 0.25600 0.14000 0.00000
v 0.23257 0.14000 -0.05657
v 0.17600 0.14000 -0.08000
v 0.11943 0.14000 -0.05657
v 0.09600 0.14000 -0.00000
v 0.11943 0.14000 0.05657
v 0.17600 0.14000 0.08000
v 0.23257 0.14000 0.05657
v 0.09600 0.00000 -0.08000
v 0.09600 0.00000 0.10000
v 0.09600 0.16000 -0.08000
v 0.09600 0.16000 0.10000
v 0.25600 0.00000 -0.08000
v 0.25600 0.00000 0.10000
v 0.25600 0.16000 -0.08000
v 0.25600 0.16000 0.10000
v 0.17600 0.04000 0.17000
v 0.08600 0.00000 -0.10500
v 0.26600 0.00000 -0.10500
v 0.26600 0.00000 0.16500
v 0.08600 0.00000 0.16500
v 0.08600 0.03000 -0.10500
v 0.26600 0.03000 -0.10500
v 0.26600 0.03000 0.16500
v 0.08600 0.03000 0.16500
v 0.26600 0.15000 0.00000
v 0.23964 0.15000 0.06364
v 0.17600 0.15000 0.09000
v 0.11236 0.15000 0.06364
v 0.08600 0.15000 0.00000
v 0.11236 0.15000 -0.06364
v 0.17600 0.15000 -0.09000
v 0.23964 0.15000 -0.06364
v 0.27600 0.21000 0.00000
v 0.24671 0.21000 0.07071
v 0.17600 0.21000 0.10000
v 0.10529 0.21000 0.07071
v 0.07600 0.21000 0.00000
v 0.10529 0.21000 -0.07071
v 0.17600 0.21000 -0.10000
v 0.24671 0.21000 -0.07071
vn 0.9239 0.0000 -0.3827
vn 0.9239 0.0000 -0.3827
vn 0.3827 0.0000 -0.9239
vn 0.3827 0.0000 -0.9239
vn -0.3827 0.0000 -0.9239
vn -0.3827 0.0000 -0.9239
vn -0.9239 0.0000 -0.3827
vn -0.9239 0.0000 -0.3827
vn -0.9239 0.0000 0.3827
vn -0.9239 0.0000 0.3827
vn -0.3827 0.0000 0.9239
vn -0.3827 0.0000 0.9239
vn 0.3827 0.0000 0.9239
vn 0.3827 -0.0000 0.9239
vn 0.9239 0.0000 0.3827
vn 0.9239 -0.0000 0.3827
vn -0.0000 -1.0000 0.0000
vn 0.0000 -1.0000 0.0000
vn 0.0000 -1.0000 0.0000
vn 0.0000 -1.0000 0.0000
vn 0.0000 -1.0000 -0.0000
vn 0.0000 -1.0000 0.0000
vn 0.0000 1.0000 0.0000
vn 0.0000 1.0000 0.0000
vn 0.0000 1.0000 0.0000
vn 0.0000 1.0000 0.0000
vn 0.0000 1.0000 0.0000
vn 0.0000 1.0000 0.0000
vn 0.0000 -0.8682 0.4961
vn 0.6585 -0.0000 0.7526
vn -0.6585 0.0000 0.7526
vn 0.0000 0.5039 0.8638
vn 0.0000 0.0000 -1.0000
vn 0.0000 -0.0000 -1.0000
vn 0.0000 -1.0000 0.0000
vn -0.0000 -1.0000 0.0000
vn 1.0000 0.0000 0.0000
vn 1.0000 -0.0000 0.0000
vn -1.0000 0.0000 -0.0000
vn -1.0000 0.0000 0.0000
vn 0.0000 1.0000 0.0000
vn 0.0000 1.0000 0.0000
vn -0.0000 1.0000 0.0000
vn 0.0000 1.0000 0.0000
vn 0.0000 0.0000 -1.0000
vn 0.0000 0.0000 -1.0000
vn 1.0000 0.0000 -0.0000
vn 1.0000 0.0000 0.0000
vn 0.0000 0.0000 1.0000
vn 0.0000 0.0000 1.0000
vn -1.0000 0.0000 -0.0000
vn -1.0000 -0.0000 0.0000
vn 0.0000 -1.0000 0.0000
vn 0.0000 -1.0000 0.0000
vn 0.9131 -0.1522 0.3782
vn 0.9131 -0.1522 0.3782
vn 0.3782 -0.1522 0.9131
vn 0.3782 -0.1522 0.9131
vn -0.3782 -0.1522 0.9131
vn -0.3782 -0.1522 0.9131
vn -0.9131 -0.1522 0.3782
vn -0.9131 -0.1522 0.3782
vn -0.9131 -0.1522 -0.3782
vn -0.9131 -0.1522 -0.3782
vn -0.3782 -0.1522 -0.9131
vn -0.3782 -0.1522 -0.9131
vn 0.3782 -0.1522 -0.9131
vn 0.3782 -0.1522 -0.9131
vn 0.9131 -0.1522 -0.3782
vn 0.9131 -0.1522 -0.3782
vn 0.0000 1.0000 0.0000
vn 0.0000 1.0000 0.0000
vn 0.0000 1.0000 0.0000
vn 0.0000 1.0000 0.0000
vn 0.0000 1.0000 -0.0000
vn 0.0000 1.0000 0.0000
vn 0.0000 -1.0000 0.0000
vn 0.0000 -1.0000 0.0000
vn 0.0000 -1.0000 0.0000
vn -0.0000 -1.0000 0.0000
vn 0.0000 -1.0000 0.0000
vn 0.0000 -1.0000 0.0000
usemtl Mat_Gum_sand
f 775//1475 776//1475 768//1475
f 775//1476 768//1476 767//1476
f 776//1477 777//1477 769//1477
f 776//1478 769//1478 768//1478
f 777//1479 778//1479 770//1479
f 777//1480 770//1480 769//1480
f 778//1481 779//1481 771//1481
f 778//1482 771//1482 770//1482
f 779//1483 780//1483 772//1483
f 779//1484 772//1484 771//1484
f 780//1485 781//1485 773//1485
f 780//1486 773//1486 772//1486
f 781//1487 782//1487 774//1487
f 781//1488 774//1488 773//1488
f 782//1489 775//1489 767//1489
f 782//1490 767//1490 774//1490
f 782//1491 781//1491 780//1491
f 782//1492 780//1492 779//1492
f 782//1493 779//1493 778//1493
f 782//1494 778//1494 777//1494
f 782//1495 777//1495 776//1495
f 782//1496 776//1496 775//1496
f 767//1497 768//1497 769//1497
f 767//1498 769//1498 770//1498
f 767//1499 770//1499 771//1499
f 767//1500 771//1500 772//1500
f 767//1501 772//1501 773//1501
f 767//1502 773//1502 774//1502
usemtl Mat_Leather
f 791//1503 784//1503 788//1503
f 788//1504 790//1504 791//1504
f 786//1505 784//1505 791//1505
f 791//1506 790//1506 786//1506
f 783//1507 785//1507 789//1507
f 789//1508 787//1508 783//1508
f 783//1509 787//1509 788//1509
f 788//1510 784//1510 783//1510
f 787//1511 789//1511 788//1511
f 788//1512 789//1512 790//1512
f 786//1513 785//1513 783//1513
f 783//1514 784//1514 786//1514
f 786//1515 789//1515 785//1515
f 790//1516 789//1516 786//1516
usemtl Mat_DarkWood
f 799//1517 798//1517 797//1517
f 799//1518 797//1518 796//1518
f 796//1519 797//1519 793//1519
f 796//1520 793//1520 792//1520
f 797//1521 798//1521 794//1521
f 797//1522 794//1522 793//1522
f 798//1523 799//1523 795//1523
f 798//1524 795//1524 794//1524
f 799//1525 796//1525 792//1525
f 799//1526 792//1526 795//1526
f 793//1527 794//1527 795//1527
f 793//1528 795//1528 792//1528
usemtl Mat_Leather
f 808//1529 809//1529 801//1529
f 808//1530 801//1530 800//1530
f 809//1531 810//1531 802//1531
f 809//1532 802//1532 801//1532
f 810//1533 811//1533 803//1533
f 810//1534 803//1534 802//1534
f 811//1535 812//1535 804//1535
f 811//1536 804//1536 803//1536
f 812//1537 813//1537 805//1537
f 812//1538 805//1538 804//1538
f 813//1539 814//1539 806//1539
f 813//1540 806//1540 805//1540
f 814//1541 815//1541 807//1541
f 814//1542 807//1542 806//1542
f 815//1543 808//1543 800//1543
f 815//1544 800//1544 807//1544
f 815//1545 814//1545 813//1545
f 815//1546 813//1546 812//1546
f 815//1547 812//1547 811//1547
f 815//1548 811//1548 810//1548
f 815//1549 810//1549 809//1549
f 815//1550 809//1550 808//1550
f 800//1551 801//1551 802//1551
f 800//1552 802//1552 803//1552
f 800//1553 803//1553 804//1553
f 800//1554 804//1554 805//1554
f 800//1555 805//1555 806//1555
f 800//1556 806//1556 807//1556
o Char_Native_Elder_Leg_R
v -0.09600 0.30000 0.00000
v -0.11943 0.30000 -0.05657
v -0.17600 0.30000 -0.08000
v -0.23257 0.30000 -0.05657
v -0.25600 0.30000 -0.00000
v -0.23257 0.30000 0.05657
v -0.17600 0.30000 0.08000
v -0.11943 0.30000 0.05657
v -0.09600 0.14000 0.00000
v -0.11943 0.14000 -0.05657
v -0.17600 0.14000 -0.08000
v -0.23257 0.14000 -0.05657
v -0.25600 0.14000 -0.00000
v -0.23257 0.14000 0.05657
v -0.17600 0.14000 0.08000
v -0.11943 0.14000 0.05657
v -0.25600 0.00000 -0.08000
v -0.25600 0.00000 0.10000
v -0.25600 0.16000 -0.08000
v -0.25600 0.16000 0.10000
v -0.09600 0.00000 -0.08000
v -0.09600 0.00000 0.10000
v -0.09600 0.16000 -0.08000
v -0.09600 0.16000 0.10000
v -0.17600 0.04000 0.17000
v -0.26600 0.00000 -0.10500
v -0.08600 0.00000 -0.10500
v -0.08600 0.00000 0.16500
v -0.26600 0.00000 0.16500
v -0.26600 0.03000 -0.10500
v -0.08600 0.03000 -0.10500
v -0.08600 0.03000 0.16500
v -0.26600 0.03000 0.16500
v -0.08600 0.15000 0.00000
v -0.11236 0.15000 0.06364
v -0.17600 0.15000 0.09000
v -0.23964 0.15000 0.06364
v -0.26600 0.15000 0.00000
v -0.23964 0.15000 -0.06364
v -0.17600 0.15000 -0.09000
v -0.11236 0.15000 -0.06364
v -0.07600 0.21000 0.00000
v -0.10529 0.21000 0.07071
v -0.17600 0.21000 0.10000
v -0.24671 0.21000 0.07071
v -0.27600 0.21000 0.00000
v -0.24671 0.21000 -0.07071
v -0.17600 0.21000 -0.10000
v -0.10529 0.21000 -0.07071
vn 0.9239 0.0000 -0.3827
vn 0.9239 0.0000 -0.3827
vn 0.3827 0.0000 -0.9239
vn 0.3827 0.0000 -0.9239
vn -0.3827 0.0000 -0.9239
vn -0.3827 0.0000 -0.9239
vn -0.9239 0.0000 -0.3827
vn -0.9239 0.0000 -0.3827
vn -0.9239 0.0000 0.3827
vn -0.9239 0.0000 0.3827
vn -0.3827 0.0000 0.9239
vn -0.3827 0.0000 0.9239
vn 0.3827 0.0000 0.9239
vn 0.3827 -0.0000 0.9239
vn 0.9239 0.0000 0.3827
vn 0.9239 -0.0000 0.3827
vn -0.0000 -1.0000 0.0000
vn 0.0000 -1.0000 0.0000
vn 0.0000 -1.0000 0.0000
vn 0.0000 -1.0000 0.0000
vn 0.0000 -1.0000 -0.0000
vn 0.0000 -1.0000 0.0000
vn 0.0000 1.0000 0.0000
vn 0.0000 1.0000 0.0000
vn 0.0000 1.0000 0.0000
vn 0.0000 1.0000 0.0000
vn 0.0000 1.0000 0.0000
vn 0.0000 1.0000 0.0000
vn 0.0000 -0.8682 0.4961
vn 0.6585 -0.0000 0.7526
vn -0.6585 0.0000 0.7526
vn 0.0000 0.5039 0.8638
vn 0.0000 0.0000 -1.0000
vn 0.0000 -0.0000 -1.0000
vn 0.0000 -1.0000 0.0000
vn -0.0000 -1.0000 0.0000
vn 1.0000 0.0000 0.0000
vn 1.0000 -0.0000 0.0000
vn -1.0000 0.0000 -0.0000
vn -1.0000 0.0000 0.0000
vn 0.0000 1.0000 0.0000
vn 0.0000 1.0000 0.0000
vn -0.0000 1.0000 0.0000
vn 0.0000 1.0000 0.0000
vn 0.0000 0.0000 -1.0000
vn 0.0000 0.0000 -1.0000
vn 1.0000 0.0000 -0.0000
vn 1.0000 0.0000 0.0000
vn 0.0000 0.0000 1.0000
vn 0.0000 0.0000 1.0000
vn -1.0000 0.0000 -0.0000
vn -1.0000 -0.0000 0.0000
vn 0.0000 -1.0000 0.0000
vn 0.0000 -1.0000 0.0000
vn 0.9131 -0.1522 0.3782
vn 0.9131 -0.1522 0.3782
vn 0.3782 -0.1522 0.9131
vn 0.3782 -0.1522 0.9131
vn -0.3782 -0.1522 0.9131
vn -0.3782 -0.1522 0.9131
vn -0.9131 -0.1522 0.3782
vn -0.9131 -0.1522 0.3782
vn -0.9131 -0.1522 -0.3782
vn -0.9131 -0.1522 -0.3782
vn -0.3782 -0.1522 -0.9131
vn -0.3782 -0.1522 -0.9131
vn 0.3782 -0.1522 -0.9131
vn 0.3782 -0.1522 -0.9131
vn 0.9131 -0.1522 -0.3782
vn 0.9131 -0.1522 -0.3782
vn 0.0000 1.0000 0.0000
vn 0.0000 1.0000 0.0000
vn 0.0000 1.0000 0.0000
vn 0.0000 1.0000 0.0000
vn 0.0000 1.0000 -0.0000
vn 0.0000 1.0000 0.0000
vn 0.0000 -1.0000 0.0000
vn 0.0000 -1.0000 0.0000
vn 0.0000 -1.0000 0.0000
vn -0.0000 -1.0000 0.0000
vn 0.0000 -1.0000 0.0000
vn 0.0000 -1.0000 0.0000
usemtl Mat_Gum_sand
f 824//1557 825//1557 817//1557
f 824//1558 817//1558 816//1558
f 825//1559 826//1559 818//1559
f 825//1560 818//1560 817//1560
f 826//1561 827//1561 819//1561
f 826//1562 819//1562 818//1562
f 827//1563 828//1563 820//1563
f 827//1564 820//1564 819//1564
f 828//1565 829//1565 821//1565
f 828//1566 821//1566 820//1566
f 829//1567 830//1567 822//1567
f 829//1568 822//1568 821//1568
f 830//1569 831//1569 823//1569
f 830//1570 823//1570 822//1570
f 831//1571 824//1571 816//1571
f 831//1572 816//1572 823//1572
f 831//1573 830//1573 829//1573
f 831//1574 829//1574 828//1574
f 831//1575 828//1575 827//1575
f 831//1576 827//1576 826//1576
f 831//1577 826//1577 825//1577
f 831//1578 825//1578 824//1578
f 816//1579 817//1579 818//1579
f 816//1580 818//1580 819//1580
f 816//1581 819//1581 820//1581
f 816//1582 820//1582 821//1582
f 816//1583 821//1583 822//1583
f 816//1584 822//1584 823//1584
usemtl Mat_Leather
f 840//1585 833//1585 837//1585
f 837//1586 839//1586 840//1586
f 835//1587 833//1587 840//1587
f 840//1588 839//1588 835//1588
f 832//1589 834//1589 838//1589
f 838//1590 836//1590 832//1590
f 832//1591 836//1591 837//1591
f 837//1592 833//1592 832//1592
f 836//1593 838//1593 837//1593
f 837//1594 838//1594 839//1594
f 835//1595 834//1595 832//1595
f 832//1596 833//1596 835//1596
f 835//1597 838//1597 834//1597
f 839//1598 838//1598 835//1598
usemtl Mat_DarkWood
f 848//1599 847//1599 846//1599
f 848//1600 846//1600 845//1600
f 845//1601 846//1601 842//1601
f 845//1602 842//1602 841//1602
f 846//1603 847//1603 843//1603
f 846//1604 843//1604 842//1604
f 847//1605 848//1605 844//1605
f 847//1606 844//1606 843//1606
f 848//1607 845//1607 841//1607
f 848//1608 841//1608 844//1608
f 842//1609 843//1609 844//1609
f 842//1610 844//1610 841//1610
usemtl Mat_Leather
f 857//1611 858//1611 850//1611
f 857//1612 850//1612 849//1612
f 858//1613 859//1613 851//1613
f 858//1614 851//1614 850//1614
f 859//1615 860//1615 852//1615
f 859//1616 852//1616 851//1616
f 860//1617 861//1617 853//1617
f 860//1618 853//1618 852//1618
f 861//1619 862//1619 854//1619
f 861//1620 854//1620 853//1620
f 862//1621 863//1621 855//1621
f 862//1622 855//1622 854//1622
f 863//1623 864//1623 856//1623
f 863//1624 856//1624 855//1624
f 864//1625 857//1625 849//1625
f 864//1626 849//1626 856//1626
f 864//1627 863//1627 862//1627
f 864//1628 862//1628 861//1628
f 864//1629 861//1629 860//1629
f 864//1630 860//1630 859//1630
f 864//1631 859//1631 858//1631
f 864//1632 858//1632 857//1632
f 849//1633 850//1633 851//1633
f 849//1634 851//1634 852//1634
f 849//1635 852//1635 853//1635
f 849//1636 853//1636 854//1636
f 849//1637 854//1637 855//1637
f 849//1638 855//1638 856//1638
