# Alien Wild West asset pack - OBJ fallback. Y up, 1 unit = 1 m.
mtllib AlienWildWest.mtl
o Bldg_Armory_Body
v 0.20000 0.00000 -0.40000
v -0.05748 0.00000 0.72810
v -0.77893 0.00000 1.63276
v -1.82145 0.00000 2.13481
v -2.97855 0.00000 2.13481
v -4.02107 0.00000 1.63276
v -4.74252 0.00000 0.72810
v -5.00000 0.00000 -0.40000
v -4.74252 0.00000 -1.52810
v -4.02107 0.00000 -2.43276
v -2.97855 0.00000 -2.93481
v -1.82145 0.00000 -2.93481
v -0.77893 0.00000 -2.43276
v -0.05748 0.00000 -1.52810
v 0.20000 0.45000 -0.40000
v -0.05748 0.45000 0.72810
v -0.77893 0.45000 1.63276
v -1.82145 0.45000 2.13481
v -2.97855 0.45000 2.13481
v -4.02107 0.45000 1.63276
v -4.74252 0.45000 0.72810
v -5.00000 0.45000 -0.40000
v -4.74252 0.45000 -1.52810
v -4.02107 0.45000 -2.43276
v -2.97855 0.45000 -2.93481
v -1.82145 0.45000 -2.93481
v -0.77893 0.45000 -2.43276
v -0.05748 0.45000 -1.52810
v -0.15000 0.45000 -0.40000
v -0.37282 0.45000 0.57624
v -0.99715 0.45000 1.35912
v -1.89933 0.45000 1.79359
v -2.90067 0.45000 1.79359
v -3.80285 0.45000 1.35912
v -4.42718 0.45000 0.57624
v -4.65000 0.45000 -0.40000
v -4.42718 0.45000 -1.37624
v -3.80285 0.45000 -2.15912
v -2.90067 0.45000 -2.59359
v -1.89933 0.45000 -2.59359
v -0.99715 0.45000 -2.15912
v -0.37282 0.45000 -1.37624
v -0.15000 0.80000 -0.40000
v -0.37282 0.80000 0.57624
v -0.99715 0.80000 1.35912
v -1.89933 0.80000 1.79359
v -2.90067 0.80000 1.79359
v -3.80285 0.80000 1.35912
v -4.42718 0.80000 0.57624
v -4.65000 0.80000 -0.40000
v -4.42718 0.80000 -1.37624
v -3.80285 0.80000 -2.15912
v -2.90067 0.80000 -2.59359
v -1.89933 0.80000 -2.59359
v -0.99715 0.80000 -2.15912
v -0.37282 0.80000 -1.37624
v -0.15000 0.80000 -0.40000
v -0.37282 0.80000 0.57624
v -0.99715 0.80000 1.35912
v -1.89933 0.80000 1.79359
v -2.90067 0.80000 1.79359
v -3.80285 0.80000 1.35912
v -4.42718 0.80000 0.57624
v -4.65000 0.80000 -0.40000
v -4.42718 0.80000 -1.37624
v -3.80285 0.80000 -2.15912
v -2.90067 0.80000 -2.59359
v -1.89933 0.80000 -2.59359
v -0.99715 0.80000 -2.15912
v -0.37282 0.80000 -1.37624
v 0.00000 0.95000 -0.40000
v -0.23767 0.95000 0.64132
v -0.90362 0.95000 1.47640
v -1.86595 0.95000 1.93983
v -2.93405 0.95000 1.93983
v -3.89638 0.95000 1.47640
v -4.56233 0.95000 0.64132
v -4.80000 0.95000 -0.40000
v -4.56233 0.95000 -1.44132
v -3.89638 0.95000 -2.27640
v -2.93405 0.95000 -2.73983
v -1.86595 0.95000 -2.73983
v -0.90362 0.95000 -2.27640
v -0.23767 0.95000 -1.44132
v -0.08000 7.20000 -0.40000
v -0.30975 7.20000 0.60661
v -0.95350 7.20000 1.41385
v -1.88375 7.20000 1.86183
v -2.91625 7.20000 1.86183
v -3.84650 7.20000 1.41385
v -4.49025 7.20000 0.60661
v -4.72000 7.20000 -0.40000
v -4.49025 7.20000 -1.40661
v -3.84650 7.20000 -2.21385
v -2.91625 7.20000 -2.66183
v -1.88375 7.20000 -2.66183
v -0.95350 7.20000 -2.21385
v -0.30975 7.20000 -1.40661
v -0.40000 7.75000 -0.40000
v -0.59806 7.75000 0.46777
v -1.15302 7.75000 1.16366
v -1.95496 7.75000 1.54986
v -2.84504 7.75000 1.54986
v -3.64698 7.75000 1.16366
v -4.20194 7.75000 0.46777
v -4.40000 7.75000 -0.40000
v -4.20194 7.75000 -1.26777
v -3.64698 7.75000 -1.96366
v -2.84504 7.75000 -2.34986
v -1.95496 7.75000 -2.34986
v -1.15302 7.75000 -1.96366
v -0.59806 7.75000 -1.26777
v -0.45000 8.00000 -0.40000
v -0.64311 8.00000 0.44607
v -1.18419 8.00000 1.12457
v -1.96608 8.00000 1.50111
v -2.83392 8.00000 1.50111
v -3.61581 8.00000 1.12457
v -4.15689 8.00000 0.44607
v -4.35000 8.00000 -0.40000
v -4.15689 8.00000 -1.24607
v -3.61581 8.00000 -1.92457
v -2.83392 8.00000 -2.30111
v -1.96608 8.00000 -2.30111
v -1.18419 8.00000 -1.92457
v -0.64311 8.00000 -1.24607
v 0.04000 4.70000 -0.40000
v -0.20164 4.70000 0.65868
v -0.87868 4.70000 1.50767
v -1.85705 4.70000 1.97882
v -2.94295 4.70000 1.97882
v -3.92132 4.70000 1.50767
v -4.59836 4.70000 0.65868
v -4.84000 4.70000 -0.40000
v -4.59836 4.70000 -1.45868
v -3.92132 4.70000 -2.30767
v -2.94295 4.70000 -2.77882
v -1.85705 4.70000 -2.77882
v -0.87868 4.70000 -2.30767
v -0.20164 4.70000 -1.45868
v 0.04000 5.10000 -0.40000
v -0.20164 5.10000 0.65868
v -0.87868 5.10000 1.50767
v -1.85705 5.10000 1.97882
v -2.94295 5.10000 1.97882
v -3.92132 5.10000 1.50767
v -4.59836 5.10000 0.65868
v -4.84000 5.10000 -0.40000
v -4.59836 5.10000 -1.45868
v -3.92132 5.10000 -2.30767
v -2.94295 5.10000 -2.77882
v -1.85705 5.10000 -2.77882
v -0.87868 5.10000 -2.30767
v -0.20164 5.10000 -1.45868
v 0.06000 4.62000 -0.40000
v -0.18362 4.62000 0.66735
v -0.86622 4.62000 1.52331
v -1.85260 4.62000 1.99832
v -2.94740 4.62000 1.99832
v -3.93378 4.62000 1.52331
v -4.61638 4.62000 0.66735
v -4.86000 4.62000 -0.40000
v -4.61638 4.62000 -1.46735
v -3.93378 4.62000 -2.32331
v -2.94740 4.62000 -2.79832
v -1.85260 4.62000 -2.79832
v -0.86622 4.62000 -2.32331
v -0.18362 4.62000 -1.46735
v 0.06000 4.70000 -0.40000
v -0.18362 4.70000 0.66735
v -0.86622 4.70000 1.52331
v -1.85260 4.70000 1.99832
v -2.94740 4.70000 1.99832
v -3.93378 4.70000 1.52331
v -4.61638 4.70000 0.66735
v -4.86000 4.70000 -0.40000
v -4.61638 4.70000 -1.46735
v -3.93378 4.70000 -2.32331
v -2.94740 4.70000 -2.79832
v -1.85260 4.70000 -2.79832
v -0.86622 4.70000 -2.32331
v -0.18362 4.70000 -1.46735
v 0.06000 5.10000 -0.40000
v -0.18362 5.10000 0.66735
v -0.86622 5.10000 1.52331
v -1.85260 5.10000 1.99832
v -2.94740 5.10000 1.99832
v -3.93378 5.10000 1.52331
v -4.61638 5.10000 0.66735
v -4.86000 5.10000 -0.40000
v -4.61638 5.10000 -1.46735
v -3.93378 5.10000 -2.32331
v -2.94740 5.10000 -2.79832
v -1.85260 5.10000 -2.79832
v -0.86622 5.10000 -2.32331
v -0.18362 5.10000 -1.46735
v 0.06000 5.18000 -0.40000
v -0.18362 5.18000 0.66735
v -0.86622 5.18000 1.52331
v -1.85260 5.18000 1.99832
v -2.94740 5.18000 1.99832
v -3.93378 5.18000 1.52331
v -4.61638 5.18000 0.66735
v -4.86000 5.18000 -0.40000
v -4.61638 5.18000 -1.46735
v -3.93378 5.18000 -2.32331
v -2.94740 5.18000 -2.79832
v -1.85260 5.18000 -2.79832
v -0.86622 5.18000 -2.32331
v -0.18362 5.18000 -1.46735
v -2.40000 8.00000 -0.40000
v -0.45000 8.00000 -0.40000
v -0.64311 8.00000 0.44607
v -1.18419 8.00000 1.12457
v -1.96608 8.00000 1.50111
v -2.83392 8.00000 1.50111
v -3.61581 8.00000 1.12457
v -4.15689 8.00000 0.44607
v -4.35000 8.00000 -0.40000
v -4.15689 8.00000 -1.24607
v -3.61581 8.00000 -1.92457
v -2.83392 8.00000 -2.30111
v -1.96608 8.00000 -2.30111
v -1.18419 8.00000 -1.92457
v -0.64311 8.00000 -1.24607
v -0.50000 8.70000 -0.40000
v -0.68816 8.70000 0.42438
v -1.21537 8.70000 1.08548
v -1.97721 8.70000 1.45236
v -2.82279 8.70000 1.45236
v -3.58463 8.70000 1.08548
v -4.11184 8.70000 0.42438
v -4.30000 8.70000 -0.40000
v -4.11184 8.70000 -1.22438
v -3.58463 8.70000 -1.88548
v -2.82279 8.70000 -2.25236
v -1.97721 8.70000 -2.25236
v -1.21537 8.70000 -1.88548
v -0.68816 8.70000 -1.22438
v -0.75000 9.60000 -0.40000
v -0.91340 9.60000 0.31591
v -1.37124 9.60000 0.89002
v -2.03284 9.60000 1.20863
v -2.76716 9.60000 1.20863
v -3.42876 9.60000 0.89002
v -3.88660 9.60000 0.31591
v -4.05000 9.60000 -0.40000
v -3.88660 9.60000 -1.11591
v -3.42876 9.60000 -1.69002
v -2.76716 9.60000 -2.00863
v -2.03284 9.60000 -2.00863
v -1.37124 9.60000 -1.69002
v -0.91340 9.60000 -1.11591
v -1.20000 10.50000 -0.40000
v -1.31884 10.50000 0.12066
v -1.65181 10.50000 0.53820
v -2.13297 10.50000 0.76991
v -2.66703 10.50000 0.76991
v -3.14819 10.50000 0.53820
v -3.48116 10.50000 0.12066
v -3.60000 10.50000 -0.40000
v -3.48116 10.50000 -0.92066
v -3.14819 10.50000 -1.33820
v -2.66703 10.50000 -1.56991
v -2.13297 10.50000 -1.56991
v -1.65181 10.50000 -1.33820
v -1.31884 10.50000 -0.92066
v -1.75000 11.15000 -0.40000
v -1.81437 11.15000 -0.11798
v -1.99473 11.15000 0.10819
v -2.25536 11.15000 0.23370
v -2.54464 11.15000 0.23370
v -2.80527 11.15000 0.10819
v -2.98563 11.15000 -0.11798
v -3.05000 11.15000 -0.40000
v -2.98563 11.15000 -0.68202
v -2.80527 11.15000 -0.90819
v -2.54464 11.15000 -1.03370
v -2.25536 11.15000 -1.03370
v -1.99473 11.15000 -0.90819
v -1.81437 11.15000 -0.68202
v -2.10000 11.45000 -0.40000
v -2.12971 11.45000 -0.26983
v -2.21295 11.45000 -0.16545
v -2.33324 11.45000 -0.10752
v -2.46676 11.45000 -0.10752
v -2.58705 11.45000 -0.16545
v -2.67029 11.45000 -0.26983
v -2.70000 11.45000 -0.40000
v -2.67029 11.45000 -0.53017
v -2.58705 11.45000 -0.63455
v -2.46676 11.45000 -0.69248
v -2.33324 11.45000 -0.69248
v -2.21295 11.45000 -0.63455
v -2.12971 11.45000 -0.53017
v -2.40000 11.45000 -0.40000
v -0.42000 7.95000 -0.40000
v -0.61608 7.95000 0.45909
v -1.16549 7.95000 1.14803
v -1.95941 7.95000 1.53036
v -2.84059 7.95000 1.53036
v -3.63451 7.95000 1.14803
v -4.18392 7.95000 0.45909
v -4.38000 7.95000 -0.40000
v -4.18392 7.95000 -1.25909
v -3.63451 7.95000 -1.94803
v -2.84059 7.95000 -2.33036
v -1.95941 7.95000 -2.33036
v -1.16549 7.95000 -1.94803
v -0.61608 7.95000 -1.25909
v -0.42000 8.07000 -0.40000
v -0.61608 8.07000 0.45909
v -1.16549 8.07000 1.14803
v -1.95941 8.07000 1.53036
v -2.84059 8.07000 1.53036
v -3.63451 8.07000 1.14803
v -4.18392 8.07000 0.45909
v -4.38000 8.07000 -0.40000
v -4.18392 8.07000 -1.25909
v -3.63451 8.07000 -1.94803
v -2.84059 8.07000 -2.33036
v -1.95941 8.07000 -2.33036
v -1.16549 8.07000 -1.94803
v -0.61608 8.07000 -1.25909
v -2.40000 11.40000 -0.40000
v -2.08000 11.40000 -0.40000
v -2.17373 11.40000 -0.17373
v -2.40000 11.40000 -0.08000
v -2.62627 11.40000 -0.17373
v -2.72000 11.40000 -0.40000
v -2.62627 11.40000 -0.62627
v -2.40000 11.40000 -0.72000
v -2.17373 11.40000 -0.62627
v -2.18000 11.70000 -0.40000
v -2.24444 11.70000 -0.24444
v -2.40000 11.70000 -0.18000
v -2.55556 11.70000 -0.24444
v -2.62000 11.70000 -0.40000
v -2.55556 11.70000 -0.55556
v -2.40000 11.70000 -0.62000
v -2.24444 11.70000 -0.55556
v -2.40000 11.85000 -0.40000
v 0.04836 0.05500 0.51700
v 0.13850 0.05500 0.22562
v 0.13850 0.10500 0.22562
v 0.04836 0.10500 0.51700
v 0.14219 0.06750 0.21368
v 0.14219 0.37250 0.21368
v 0.12741 0.37250 0.26144
v 0.12741 0.06750 0.26144
v 0.13850 0.38500 0.22562
v 0.06905 0.38500 0.45012
v 0.06905 0.33500 0.45012
v 0.13850 0.33500 0.22562
v 0.06535 0.37250 0.46206
v 0.06535 0.17950 0.46206
v 0.08013 0.17950 0.41430
v 0.08013 0.37250 0.41430
v 0.06905 0.16700 0.45012
v 0.11367 0.16700 0.30587
v 0.11367 0.21700 0.30587
v 0.06905 0.21700 0.45012
v -0.93480 0.05764 1.76344
v -0.81376 0.36000 1.67285
v -0.84956 0.38236 1.69965
v -0.97060 0.08000 1.79023
v -0.85852 0.36000 1.70635
v -0.73748 0.05764 1.61576
v -0.70167 0.08000 1.58897
v -0.82271 0.38236 1.67955
v -0.71404 0.10500 1.59823
v -0.95823 0.10500 1.78098
v -0.95823 0.05500 1.78098
v -0.71404 0.05500 1.59823
v -0.80411 0.16960 1.66563
v -0.83614 0.20960 1.68960
v -0.86816 0.16960 1.71357
v -0.83614 0.12960 1.68960
v -2.52219 0.33965 2.21199
v -2.21827 0.24846 2.20769
v -2.20390 0.29635 2.20748
v -2.50782 0.38754 2.21179
v -2.21952 0.30373 2.20771
v -2.52309 0.19747 2.21200
v -2.50657 0.15027 2.21177
v -2.20300 0.25653 2.20747
v -2.52309 0.15853 2.21200
v -2.21952 0.05227 2.20771
v -2.20300 0.09947 2.20747
v -2.50657 0.20573 2.21177
v -3.88364 0.06750 1.74745
v -3.88364 0.24650 1.74745
v -3.92450 0.24650 1.71864
v -3.92450 0.06750 1.71864
v -4.03975 0.34978 1.63737
v -3.91014 0.20706 1.72876
v -3.88281 0.24422 1.74804
v -4.01241 0.38694 1.65665
v -3.89799 0.20706 1.73733
v -3.76839 0.34978 1.82871
v -3.79573 0.38694 1.80944
v -3.92533 0.24422 1.71805
v -3.87138 0.33200 1.75609
v -3.90407 0.37200 1.73304
v -3.93676 0.33200 1.70999
v -3.90407 0.29200 1.73304
v -4.91288 0.19348 0.31744
v -4.86204 0.35116 0.46670
v -4.87344 0.38652 0.43323
v -4.92428 0.22884 0.28398
v -4.87914 0.35116 0.41650
v -4.82830 0.19348 0.56575
v -4.81690 0.22884 0.59922
v -4.86774 0.38652 0.44997
v -4.82830 0.24652 0.56575
v -4.87914 0.08884 0.41650
v -4.86774 0.05348 0.44997
v -4.81690 0.21116 0.59922
v -4.86204 0.08884 0.46670
v -4.91288 0.24652 0.31744
v -4.92428 0.21116 0.28398
v -4.87344 0.05348 0.43323
v -4.85769 0.22000 0.47946
v -4.87059 0.26000 0.44160
v -4.88349 0.22000 0.40374
v -4.87059 0.18000 0.44160
v -4.84836 0.33500 -1.31700
v -4.93850 0.33500 -1.02562
v -4.93850 0.38500 -1.02562
v -4.84836 0.38500 -1.31700
v -4.92741 0.37250 -1.06144
v -4.92741 0.15150 -1.06144
v -4.94219 0.15150 -1.01368
v -4.94219 0.37250 -1.01368
v -4.93480 0.19195 -1.03756
v -4.87855 0.09677 -1.21942
v -4.88515 0.05205 -1.19806
v -4.94141 0.14723 -1.01620
v -4.88870 0.23400 -1.18659
v -4.87688 0.27400 -1.22481
v -4.86506 0.23400 -1.26302
v -4.87688 0.19400 -1.22481
v -3.85885 0.05348 -2.56819
v -4.09718 0.35116 -2.38983
v -4.06887 0.38652 -2.41101
v -3.83055 0.08884 -2.58937
v -3.83055 0.35116 -2.58937
v -4.06887 0.05348 -2.41101
v -4.09718 0.08884 -2.38983
v -3.85885 0.38652 -2.56819
v -3.99589 0.36000 -2.46563
v -3.96386 0.40000 -2.48960
v -3.93184 0.36000 -2.51357
v -3.96386 0.32000 -2.48960
v -2.32197 0.06750 -3.01137
v -2.32197 0.37250 -3.01137
v -2.27197 0.37250 -3.01207
v -2.27197 0.06750 -3.01207
v -2.44795 0.06750 -3.00958
v -2.44795 0.37250 -3.00958
v -2.39796 0.37250 -3.01029
v -2.39796 0.06750 -3.01029
v -2.41046 0.19500 -3.01011
v -2.58944 0.19500 -3.00758
v -2.58944 0.24500 -3.00758
v -2.41046 0.24500 -3.01011
v -2.55194 0.23250 -3.00811
v -2.55194 0.06750 -3.00811
v -2.60194 0.06750 -3.00740
v -2.60194 0.23250 -3.00740
v -0.79285 0.12573 -2.46036
v -0.91860 0.35653 -2.54903
v -0.88460 0.38427 -2.52505
v -0.75885 0.15347 -2.43638
v -0.87326 0.35653 -2.51706
v -0.99901 0.12573 -2.60573
v -1.03301 0.15347 -2.62970
v -0.90726 0.38427 -2.54104
v -0.80562 0.05500 -2.46937
v -0.98624 0.05500 -2.59672
v -0.98624 0.10500 -2.59672
v -0.80562 0.10500 -2.46937
v 0.10767 0.06750 -1.13274
v 0.10767 0.37250 -1.13274
v 0.12379 0.37250 -1.08541
v 0.12379 0.06750 -1.08541
v 0.11976 0.33500 -1.09724
v 0.02142 0.33500 -1.38595
v 0.02142 0.38500 -1.38595
v 0.11976 0.38500 -1.09724
v 0.08365 0.05500 -1.20326
v 0.02142 0.05500 -1.38595
v 0.02142 0.10500 -1.38595
v 0.08365 0.10500 -1.20326
v 0.01738 0.06750 -1.39779
v 0.01738 0.26050 -1.39779
v 0.03351 0.26050 -1.35046
v 0.03351 0.06750 -1.35046
v 0.02142 0.27300 -1.38595
v 0.08365 0.27300 -1.20326
v 0.08365 0.22300 -1.20326
v 0.02142 0.22300 -1.38595
v -1.48622 1.58000 2.01210
v -0.44590 1.58000 1.28366
v -0.44590 2.92029 1.28366
v -0.48549 3.11918 1.31138
v -0.59825 3.28778 1.39034
v -0.76700 3.40044 1.50850
v -0.96606 3.44000 1.64788
v -1.16512 3.40044 1.78726
v -1.33387 3.28778 1.90542
v -1.44663 3.11918 1.98438
v -1.48622 2.92029 2.01210
v -1.55505 1.58000 1.91380
v -0.51473 1.58000 1.18536
v -0.51473 2.92029 1.18536
v -0.55432 3.11918 1.21309
v -0.66708 3.28778 1.29204
v -0.83583 3.40044 1.41020
v -1.03489 3.44000 1.54958
v -1.23395 3.40044 1.68896
v -1.40270 3.28778 1.80713
v -1.51545 3.11918 1.88608
v -1.55505 2.92029 1.91380
v -1.33795 1.60000 1.94490
v -0.55975 1.60000 1.40001
v -0.55975 2.82500 1.40001
v -0.58937 3.00677 1.42074
v -0.67372 3.16088 1.47980
v -0.79995 3.26384 1.56819
v -0.94885 3.30000 1.67245
v -1.09775 3.26384 1.77672
v -1.22398 3.16088 1.86511
v -1.30833 3.00677 1.92416
v -1.33795 2.82500 1.94490
v -1.36089 1.60000 1.91214
v -0.58270 1.60000 1.36724
v -0.58270 2.82500 1.36724
v -0.61232 3.00677 1.38798
v -0.69666 3.16088 1.44704
v -0.82289 3.26384 1.53543
v -0.97179 3.30000 1.63969
v -1.12070 3.26384 1.74395
v -1.24693 3.16088 1.83234
v -1.33127 3.00677 1.89140
v -1.36089 2.82500 1.91214
v -0.98899 1.60000 1.67615
v -0.93165 1.60000 1.63600
v -0.90871 1.60000 1.66876
v -0.96605 1.60000 1.70891
v -0.98899 3.25000 1.67615
v -0.93165 3.25000 1.63600
v -0.90871 3.25000 1.66876
v -0.96605 3.25000 1.70891
v -1.34942 2.27375 1.92852
v -0.57123 2.27375 1.38362
v -0.54828 2.27375 1.41639
v -1.32648 2.27375 1.96129
v -1.34942 2.34375 1.92852
v -0.57123 2.34375 1.38362
v -0.54828 2.34375 1.41639
v -1.32648 2.34375 1.96129
v -1.66973 1.48000 1.99410
v -0.40005 1.48000 1.10506
v -0.21650 1.48000 1.36719
v -1.48619 1.48000 2.25623
v -1.66973 1.58000 1.99410
v -0.40005 1.58000 1.10506
v -0.21650 1.58000 1.36719
v -1.48619 1.58000 2.25623
v -1.11270 3.22000 1.66510
v -0.89972 3.22000 1.51597
v -0.81942 3.22000 1.63066
v -1.03240 3.22000 1.77979
v -1.11270 3.52000 1.66510
v -0.89972 3.52000 1.51597
v -0.81942 3.52000 1.63066
v -1.03240 3.52000 1.77979
v -4.35410 1.58000 1.28366
v -3.31378 1.58000 2.01210
v -3.31378 2.92029 2.01210
v -3.35337 3.11918 1.98438
v -3.46613 3.28778 1.90542
v -3.63488 3.40044 1.78726
v -3.83394 3.44000 1.64788
v -4.03300 3.40044 1.50850
v -4.20175 3.28778 1.39034
v -4.31451 3.11918 1.31138
v -4.35410 2.92029 1.28366
v -4.28527 1.58000 1.18536
v -3.24495 1.58000 1.91380
v -3.24495 2.92029 1.91380
v -3.28455 3.11918 1.88608
v -3.39730 3.28778 1.80713
v -3.56605 3.40044 1.68896
v -3.76511 3.44000 1.54958
v -3.96417 3.40044 1.41020
v -4.13292 3.28778 1.29204
v -4.24568 3.11918 1.21309
v -4.28527 2.92029 1.18536
v -4.24025 1.60000 1.40001
v -3.46205 1.60000 1.94490
v -3.46205 2.82500 1.94490
v -3.49167 3.00677 1.92416
v -3.57602 3.16088 1.86511
v -3.70225 3.26384 1.77672
v -3.85115 3.30000 1.67245
v -4.00005 3.26384 1.56819
v -4.12628 3.16088 1.47980
v -4.21063 3.00677 1.42074
v -4.24025 2.82500 1.40001
v -4.21730 1.60000 1.36724
v -3.43911 1.60000 1.91214
v -3.43911 2.82500 1.91214
v -3.46873 3.00677 1.89140
v -3.55307 3.16088 1.83234
v -3.67930 3.26384 1.74395
v -3.82821 3.30000 1.63969
v -3.97711 3.26384 1.53543
v -4.10334 3.16088 1.44704
v -4.18768 3.00677 1.38798
v -4.21730 2.82500 1.36724
v -3.86835 1.60000 1.63600
v -3.81101 1.60000 1.67615
v -3.83395 1.60000 1.70891
v -3.89129 1.60000 1.66876
v -3.86835 3.25000 1.63600
v -3.81101 3.25000 1.67615
v -3.83395 3.25000 1.70891
v -3.89129 3.25000 1.66876
v -4.22877 2.27375 1.38362
v -3.45058 2.27375 1.92852
v -3.47352 2.27375 1.96129
v -4.25172 2.27375 1.41639
v -4.22877 2.34375 1.38362
v -3.45058 2.34375 1.92852
v -3.47352 2.34375 1.96129
v -4.25172 2.34375 1.41639
v -4.39995 1.48000 1.10506
v -3.13027 1.48000 1.99410
v -3.31381 1.48000 2.25623
v -4.58350 1.48000 1.36719
v -4.39995 1.58000 1.10506
v -3.13027 1.58000 1.99410
v -3.31381 1.58000 2.25623
v -4.58350 1.58000 1.36719
v -3.90028 3.22000 1.51597
v -3.68730 3.22000 1.66510
v -3.76760 3.22000 1.77979
v -3.98058 3.22000 1.63066
v -3.90028 3.52000 1.51597
v -3.68730 3.52000 1.66510
v -3.76760 3.52000 1.77979
v -3.98058 3.52000 1.63066
v -0.57057 6.20000 1.04126
v -0.64007 5.92080 1.09957
v -0.82200 5.74825 1.25223
v -1.04689 5.74825 1.44093
v -1.22882 5.92080 1.59359
v -1.29832 6.20000 1.65191
v -1.22882 6.47920 1.59359
v -1.04689 6.65175 1.44093
v -0.82200 6.65175 1.25223
v -0.64007 6.47920 1.09957
v -0.51915 6.20000 1.10254
v -0.58864 5.92080 1.16085
v -0.77058 5.74825 1.31351
v -0.99546 5.74825 1.50222
v -1.17740 5.92080 1.65488
v -1.24689 6.20000 1.71319
v -1.17740 6.47920 1.65488
v -0.99546 6.65175 1.50222
v -0.77058 6.65175 1.31351
v -0.58864 6.47920 1.16085
v -0.64335 6.20000 1.10232
v -0.69894 5.97664 1.14897
v -0.84449 5.83860 1.27110
v -1.02440 5.83860 1.42206
v -1.16995 5.97664 1.54419
v -1.22554 6.20000 1.59084
v -1.16995 6.42336 1.54419
v -1.02440 6.56140 1.42206
v -0.84449 6.56140 1.27110
v -0.69894 6.42336 1.14897
v -0.57264 6.20000 1.18659
v -0.62824 5.97664 1.23324
v -0.77378 5.83860 1.35537
v -0.95369 5.83860 1.50633
v -1.09924 5.97664 1.62846
v -1.15483 6.20000 1.67511
v -1.09924 6.42336 1.62846
v -0.95369 6.56140 1.50633
v -0.77378 6.56140 1.35537
v -0.62824 6.42336 1.23324
v -1.92500 6.20000 1.88000
v -2.01572 5.92080 1.88000
v -2.25322 5.74825 1.88000
v -2.54678 5.74825 1.88000
v -2.78428 5.92080 1.88000
v -2.87500 6.20000 1.88000
v -2.78428 6.47920 1.88000
v -2.54678 6.65175 1.88000
v -2.25322 6.65175 1.88000
v -2.01572 6.47920 1.88000
v -1.92500 6.20000 1.96000
v -2.01572 5.92080 1.96000
v -2.25322 5.74825 1.96000
v -2.54678 5.74825 1.96000
v -2.78428 5.92080 1.96000
v -2.87500 6.20000 1.96000
v -2.78428 6.47920 1.96000
v -2.54678 6.65175 1.96000
v -2.25322 6.65175 1.96000
v -2.01572 6.47920 1.96000
v -2.02000 6.20000 1.88000
v -2.09257 5.97664 1.88000
v -2.28257 5.83860 1.88000
v -2.51743 5.83860 1.88000
v -2.70743 5.97664 1.88000
v -2.78000 6.20000 1.88000
v -2.70743 6.42336 1.88000
v -2.51743 6.56140 1.88000
v -2.28257 6.56140 1.88000
v -2.09257 6.42336 1.88000
v -2.02000 6.20000 1.99000
v -2.09257 5.97664 1.99000
v -2.28257 5.83860 1.99000
v -2.51743 5.83860 1.99000
v -2.70743 5.97664 1.99000
v -2.78000 6.20000 1.99000
v -2.70743 6.42336 1.99000
v -2.51743 6.56140 1.99000
v -2.28257 6.56140 1.99000
v -2.09257 6.42336 1.99000
v -3.50168 6.20000 1.65191
v -3.57118 5.92080 1.59359
v -3.75311 5.74825 1.44093
v -3.97800 5.74825 1.25223
v -4.15993 5.92080 1.09957
v -4.22943 6.20000 1.04126
v -4.15993 6.47920 1.09957
v -3.97800 6.65175 1.25223
v -3.75311 6.65175 1.44093
v -3.57118 6.47920 1.59359
v -3.55311 6.20000 1.71319
v -3.62260 5.92080 1.65488
v -3.80454 5.74825 1.50222
v -4.02942 5.74825 1.31351
v -4.21136 5.92080 1.16085
v -4.28085 6.20000 1.10254
v -4.21136 6.47920 1.16085
v -4.02942 6.65175 1.31351
v -3.80454 6.65175 1.50222
v -3.62260 6.47920 1.65488
v -3.57446 6.20000 1.59084
v -3.63005 5.97664 1.54419
v -3.77560 5.83860 1.42206
v -3.95551 5.83860 1.27110
v -4.10106 5.97664 1.14897
v -4.15665 6.20000 1.10232
v -4.10106 6.42336 1.14897
v -3.95551 6.56140 1.27110
v -3.77560 6.56140 1.42206
v -3.63005 6.42336 1.54419
v -3.64517 6.20000 1.67511
v -3.70076 5.97664 1.62846
v -3.84631 5.83860 1.50633
v -4.02622 5.83860 1.35537
v -4.17176 5.97664 1.23324
v -4.22736 6.20000 1.18659
v -4.17176 6.42336 1.23324
v -4.02622 6.56140 1.35537
v -3.84631 6.56140 1.50633
v -3.70076 6.42336 1.62846
v -1.67136 6.20000 -2.61204
v -1.59280 5.92080 -2.56668
v -1.38712 5.74825 -2.44793
v -1.13288 5.74825 -2.30115
v -0.92720 5.92080 -2.18240
v -0.84864 6.20000 -2.13704
v -0.92720 6.47920 -2.18240
v -1.13288 6.65175 -2.30115
v -1.38712 6.65175 -2.44793
v -1.59280 6.47920 -2.56668
v -1.63136 6.20000 -2.68132
v -1.55280 5.92080 -2.63596
v -1.34712 5.74825 -2.51721
v -1.09288 5.74825 -2.37043
v -0.88720 5.92080 -2.25168
v -0.80864 6.20000 -2.20632
v -0.88720 6.47920 -2.25168
v -1.09288 6.65175 -2.37043
v -1.34712 6.65175 -2.51721
v -1.55280 6.47920 -2.63596
v -1.58909 6.20000 -2.56454
v -1.52624 5.97664 -2.52825
v -1.36169 5.83860 -2.43325
v -1.15831 5.83860 -2.31582
v -0.99376 5.97664 -2.22082
v -0.93091 6.20000 -2.18454
v -0.99376 6.42336 -2.22082
v -1.15831 6.56140 -2.31582
v -1.36169 6.56140 -2.43325
v -1.52624 6.42336 -2.52825
v -1.53409 6.20000 -2.65980
v -1.47124 5.97664 -2.62351
v -1.30669 5.83860 -2.52851
v -1.10331 5.83860 -2.41109
v -0.93876 5.97664 -2.31609
v -0.87591 6.20000 -2.27980
v -0.93876 6.42336 -2.31609
v -1.10331 6.56140 -2.41109
v -1.30669 6.56140 -2.52851
v -1.47124 6.42336 -2.62351
v -3.95136 6.20000 -2.13704
v -3.87280 5.92080 -2.18240
v -3.66712 5.74825 -2.30115
v -3.41288 5.74825 -2.44793
v -3.20720 5.92080 -2.56668
v -3.12864 6.20000 -2.61204
v -3.20720 6.47920 -2.56668
v -3.41288 6.65175 -2.44793
v -3.66712 6.65175 -2.30115
v -3.87280 6.47920 -2.18240
v -3.99136 6.20000 -2.20632
v -3.91280 5.92080 -2.25168
v -3.70712 5.74825 -2.37043
v -3.45288 5.74825 -2.51721
v -3.24720 5.92080 -2.63596
v -3.16864 6.20000 -2.68132
v -3.24720 6.47920 -2.63596
v -3.45288 6.65175 -2.51721
v -3.70712 6.65175 -2.37043
v -3.91280 6.47920 -2.25168
v -3.86909 6.20000 -2.18454
v -3.80624 5.97664 -2.22082
v -3.64169 5.83860 -2.31582
v -3.43831 5.83860 -2.43325
v -3.27376 5.97664 -2.52825
v -3.21091 6.20000 -2.56454
v -3.27376 6.42336 -2.52825
v -3.43831 6.56140 -2.43325
v -3.64169 6.56140 -2.31582
v -3.80624 6.42336 -2.22082
v -3.92409 6.20000 -2.27980
v -3.86124 5.97664 -2.31609
v -3.69669 5.83860 -2.41109
v -3.49331 5.83860 -2.52851
v -3.32876 5.97664 -2.62351
v -3.26591 6.20000 -2.65980
v -3.32876 6.42336 -2.62351
v -3.49331 6.56140 -2.52851
v -3.69669 6.56140 -2.41109
v -3.86124 6.42336 -2.31609
v -1.76500 1.58000 -2.90000
v -3.03500 1.58000 -2.90000
v -3.03500 2.92029 -2.90000
v -2.98666 3.11918 -2.90000
v -2.84901 3.28778 -2.90000
v -2.64300 3.40044 -2.90000
v -2.40000 3.44000 -2.90000
v -2.15700 3.40044 -2.90000
v -1.95099 3.28778 -2.90000
v -1.81334 3.11918 -2.90000
v -1.76500 2.92029 -2.90000
v -1.76500 1.58000 -2.78000
v -3.03500 1.58000 -2.78000
v -3.03500 2.92029 -2.78000
v -2.98666 3.11918 -2.78000
v -2.84901 3.28778 -2.78000
v -2.64300 3.40044 -2.78000
v -2.40000 3.44000 -2.78000
v -2.15700 3.40044 -2.78000
v -1.95099 3.28778 -2.78000
v -1.81334 3.11918 -2.78000
v -1.76500 2.92029 -2.78000
v -1.92500 1.60000 -2.93000
v -2.87500 1.60000 -2.93000
v -2.87500 2.82500 -2.93000
v -2.83884 3.00677 -2.93000
v -2.73588 3.16088 -2.93000
v -2.58177 3.26384 -2.93000
v -2.40000 3.30000 -2.93000
v -2.21823 3.26384 -2.93000
v -2.06412 3.16088 -2.93000
v -1.96116 3.00677 -2.93000
v -1.92500 2.82500 -2.93000
v -1.92500 1.60000 -2.89000
v -2.87500 1.60000 -2.89000
v -2.87500 2.82500 -2.89000
v -2.83884 3.00677 -2.89000
v -2.73588 3.16088 -2.89000
v -2.58177 3.26384 -2.89000
v -2.40000 3.30000 -2.89000
v -2.21823 3.26384 -2.89000
v -2.06412 3.16088 -2.89000
v -1.96116 3.00677 -2.89000
v -1.92500 2.82500 -2.89000
v -2.36500 1.60000 -2.91000
v -2.43500 1.60000 -2.91000
v -2.43500 1.60000 -2.95000
v -2.36500 1.60000 -2.95000
v -2.36500 3.25000 -2.91000
v -2.43500 3.25000 -2.91000
v -2.43500 3.25000 -2.95000
v -2.36500 3.25000 -2.95000
v -1.92500 2.27375 -2.91000
v -2.87500 2.27375 -2.91000
v -2.87500 2.27375 -2.95000
v -1.92500 2.27375 -2.95000
v -1.92500 2.34375 -2.91000
v -2.87500 2.34375 -2.91000
v -2.87500 2.34375 -2.95000
v -1.92500 2.34375 -2.95000
v -1.62500 1.48000 -2.78000
v -3.17500 1.48000 -2.78000
v -3.17500 1.48000 -3.10000
v -1.62500 1.48000 -3.10000
v -1.62500 1.58000 -2.78000
v -3.17500 1.58000 -2.78000
v -3.17500 1.58000 -3.10000
v -1.62500 1.58000 -3.10000
v -2.27000 3.22000 -2.83000
v -2.53000 3.22000 -2.83000
v -2.53000 3.22000 -2.97000
v -2.27000 3.22000 -2.97000
v -2.27000 3.52000 -2.83000
v -2.53000 3.52000 -2.83000
v -2.53000 3.52000 -2.97000
v -2.27000 3.52000 -2.97000
v -3.40000 0.45000 1.85000
v -1.40000 0.45000 1.85000
v -1.40000 0.45000 2.15000
v -3.40000 0.45000 2.15000
v -3.40000 3.35000 1.85000
v -1.40000 3.35000 1.85000
v -1.40000 3.35000 2.15000
v -3.40000 3.35000 2.15000
v -3.15000 0.45000 2.14000
v -1.65000 0.45000 2.14000
v -1.65000 0.45000 2.22000
v -3.15000 0.45000 2.22000
v -3.15000 3.05000 2.14000
v -1.65000 3.05000 2.14000
v -1.65000 3.05000 2.22000
v -3.15000 3.05000 2.22000
v -3.27000 0.64000 2.17000
v -3.21000 0.70000 2.17000
v -3.25146 0.70000 2.22706
v -3.31854 0.70000 2.20527
v -3.31854 0.70000 2.13473
v -3.25146 0.70000 2.11294
v -3.27000 0.76000 2.17000
v -3.27000 1.14000 2.17000
v -3.21000 1.20000 2.17000
v -3.25146 1.20000 2.22706
v -3.31854 1.20000 2.20527
v -3.31854 1.20000 2.13473
v -3.25146 1.20000 2.11294
v -3.27000 1.26000 2.17000
v -3.27000 1.64000 2.17000
v -3.21000 1.70000 2.17000
v -3.25146 1.70000 2.22706
v -3.31854 1.70000 2.20527
v -3.31854 1.70000 2.13473
v -3.25146 1.70000 2.11294
v -3.27000 1.76000 2.17000
v -3.27000 2.14000 2.17000
v -3.21000 2.20000 2.17000
v -3.25146 2.20000 2.22706
v -3.31854 2.20000 2.20527
v -3.31854 2.20000 2.13473
v -3.25146 2.20000 2.11294
v -3.27000 2.26000 2.17000
v -3.27000 2.64000 2.17000
v -3.21000 2.70000 2.17000
v -3.25146 2.70000 2.22706
v -3.31854 2.70000 2.20527
v -3.31854 2.70000 2.13473
v -3.25146 2.70000 2.11294
v -3.27000 2.76000 2.17000
v -3.27000 3.14000 2.17000
v -3.21000 3.20000 2.17000
v -3.25146 3.20000 2.22706
v -3.31854 3.20000 2.20527
v -3.31854 3.20000 2.13473
v -3.25146 3.20000 2.11294
v -3.27000 3.26000 2.17000
v -1.53000 0.64000 2.17000
v -1.47000 0.70000 2.17000
v -1.51146 0.70000 2.22706
v -1.57854 0.70000 2.20527
v -1.57854 0.70000 2.13473
v -1.51146 0.70000 2.11294
v -1.53000 0.76000 2.17000
v -1.53000 1.14000 2.17000
v -1.47000 1.20000 2.17000
v -1.51146 1.20000 2.22706
v -1.57854 1.20000 2.20527
v -1.57854 1.20000 2.13473
v -1.51146 1.20000 2.11294
v -1.53000 1.26000 2.17000
v -1.53000 1.64000 2.17000
v -1.47000 1.70000 2.17000
v -1.51146 1.70000 2.22706
v -1.57854 1.70000 2.20527
v -1.57854 1.70000 2.13473
v -1.51146 1.70000 2.11294
v -1.53000 1.76000 2.17000
v -1.53000 2.14000 2.17000
v -1.47000 2.20000 2.17000
v -1.51146 2.20000 2.22706
v -1.57854 2.20000 2.20527
v -1.57854 2.20000 2.13473
v -1.51146 2.20000 2.11294
v -1.53000 2.26000 2.17000
v -1.53000 2.64000 2.17000
v -1.47000 2.70000 2.17000
v -1.51146 2.70000 2.22706
v -1.57854 2.70000 2.20527
v -1.57854 2.70000 2.13473
v -1.51146 2.70000 2.11294
v -1.53000 2.76000 2.17000
v -1.53000 3.14000 2.17000
v -1.47000 3.20000 2.17000
v -1.51146 3.20000 2.22706
v -1.57854 3.20000 2.20527
v -1.57854 3.20000 2.13473
v -1.51146 3.20000 2.11294
v -1.53000 3.26000 2.17000
v -3.70000 0.00000 2.05000
v -1.10000 0.00000 2.05000
v -1.10000 0.00000 3.05000
v -3.70000 0.00000 3.05000
v -3.70000 0.45000 2.05000
v -1.10000 0.45000 2.05000
v -1.10000 0.45000 3.05000
v -3.70000 0.45000 3.05000
v -3.50000 0.45000 2.10000
v -1.30000 0.45000 2.10000
v -1.30000 0.45000 3.00000
v -3.50000 0.45000 3.00000
v -3.50000 0.50000 2.10000
v -1.30000 0.50000 2.10000
v -1.30000 0.50000 3.00000
v -3.50000 0.50000 3.00000
v -0.15000 0.00000 -2.75000
v 6.75000 0.00000 -2.75000
v 6.75000 0.00000 2.35000
v -0.15000 0.00000 2.35000
v -0.15000 0.30000 -2.75000
v 6.75000 0.30000 -2.75000
v 6.75000 0.30000 2.35000
v -0.15000 0.30000 2.35000
v 0.00000 0.30000 -2.60000
v 6.60000 0.30000 -2.60000
v 6.60000 0.30000 2.20000
v 0.00000 0.30000 2.20000
v 0.00000 4.30000 -2.60000
v 6.60000 4.30000 -2.60000
v 6.60000 4.30000 2.20000
v 0.00000 4.30000 2.20000
v -0.20000 4.30000 -2.80000
v 6.80000 4.30000 -2.80000
v 6.80000 4.30000 2.40000
v -0.20000 4.30000 2.40000
v -0.20000 4.50000 -2.80000
v 6.80000 4.50000 -2.80000
v 6.80000 4.50000 2.40000
v -0.20000 4.50000 2.40000
v 0.06000 0.35000 2.20000
v 1.59000 0.35000 2.20000
v 1.59000 0.35000 2.26000
v 0.06000 0.35000 2.26000
v 0.06000 1.65000 2.20000
v 1.59000 1.65000 2.20000
v 1.59000 1.65000 2.26000
v 0.06000 1.65000 2.26000
v 0.18000 0.45500 2.27000
v 0.22500 0.50000 2.27000
v 0.18000 0.50000 2.31500
v 0.13500 0.50000 2.27000
v 0.18000 0.50000 2.22500
v 0.18000 0.54500 2.27000
v 0.18000 1.45500 2.27000
v 0.22500 1.50000 2.27000
v 0.18000 1.50000 2.31500
v 0.13500 1.50000 2.27000
v 0.18000 1.50000 2.22500
v 0.18000 1.54500 2.27000
v 1.47000 0.45500 2.27000
v 1.51500 0.50000 2.27000
v 1.47000 0.50000 2.31500
v 1.42500 0.50000 2.27000
v 1.47000 0.50000 2.22500
v 1.47000 0.54500 2.27000
v 1.47000 1.45500 2.27000
v 1.51500 1.50000 2.27000
v 1.47000 1.50000 2.31500
v 1.42500 1.50000 2.27000
v 1.47000 1.50000 2.22500
v 1.47000 1.54500 2.27000
v 1.71000 0.35000 2.20000
v 3.24000 0.35000 2.20000
v 3.24000 0.35000 2.26000
v 1.71000 0.35000 2.26000
v 1.71000 1.65000 2.20000
v 3.24000 1.65000 2.20000
v 3.24000 1.65000 2.26000
v 1.71000 1.65000 2.26000
v 1.83000 0.45500 2.27000
v 1.87500 0.50000 2.27000
v 1.83000 0.50000 2.31500
v 1.78500 0.50000 2.27000
v 1.83000 0.50000 2.22500
v 1.83000 0.54500 2.27000
v 1.83000 1.45500 2.27000
v 1.87500 1.50000 2.27000
v 1.83000 1.50000 2.31500
v 1.78500 1.50000 2.27000
v 1.83000 1.50000 2.22500
v 1.83000 1.54500 2.27000
v 3.12000 0.45500 2.27000
v 3.16500 0.50000 2.27000
v 3.12000 0.50000 2.31500
v 3.07500 0.50000 2.27000
v 3.12000 0.50000 2.22500
v 3.12000 0.54500 2.27000
v 3.12000 1.45500 2.27000
v 3.16500 1.50000 2.27000
v 3.12000 1.50000 2.31500
v 3.07500 1.50000 2.27000
v 3.12000 1.50000 2.22500
v 3.12000 1.54500 2.27000
v 3.36000 0.35000 2.20000
v 4.89000 0.35000 2.20000
v 4.89000 0.35000 2.26000
v 3.36000 0.35000 2.26000
v 3.36000 1.65000 2.20000
v 4.89000 1.65000 2.20000
v 4.89000 1.65000 2.26000
v 3.36000 1.65000 2.26000
v 3.48000 0.45500 2.27000
v 3.52500 0.50000 2.27000
v 3.48000 0.50000 2.31500
v 3.43500 0.50000 2.27000
v 3.48000 0.50000 2.22500
v 3.48000 0.54500 2.27000
v 3.48000 1.45500 2.27000
v 3.52500 1.50000 2.27000
v 3.48000 1.50000 2.31500
v 3.43500 1.50000 2.27000
v 3.48000 1.50000 2.22500
v 3.48000 1.54500 2.27000
v 4.77000 0.45500 2.27000
v 4.81500 0.50000 2.27000
v 4.77000 0.50000 2.31500
v 4.72500 0.50000 2.27000
v 4.77000 0.50000 2.22500
v 4.77000 0.54500 2.27000
v 4.77000 1.45500 2.27000
v 4.81500 1.50000 2.27000
v 4.77000 1.50000 2.31500
v 4.72500 1.50000 2.27000
v 4.77000 1.50000 2.22500
v 4.77000 1.54500 2.27000
v 5.01000 0.35000 2.20000
v 6.54000 0.35000 2.20000
v 6.54000 0.35000 2.26000
v 5.01000 0.35000 2.26000
v 5.01000 1.65000 2.20000
v 6.54000 1.65000 2.20000
v 6.54000 1.65000 2.26000
v 5.01000 1.65000 2.26000
v 5.13000 0.45500 2.27000
v 5.17500 0.50000 2.27000
v 5.13000 0.50000 2.31500
v 5.08500 0.50000 2.27000
v 5.13000 0.50000 2.22500
v 5.13000 0.54500 2.27000
v 5.13000 1.45500 2.27000
v 5.17500 1.50000 2.27000
v 5.13000 1.50000 2.31500
v 5.08500 1.50000 2.27000
v 5.13000 1.50000 2.22500
v 5.13000 1.54500 2.27000
v 6.42000 0.45500 2.27000
v 6.46500 0.50000 2.27000
v 6.42000 0.50000 2.31500
v 6.37500 0.50000 2.27000
v 6.42000 0.50000 2.22500
v 6.42000 0.54500 2.27000
v 6.42000 1.45500 2.27000
v 6.46500 1.50000 2.27000
v 6.42000 1.50000 2.31500
v 6.37500 1.50000 2.27000
v 6.42000 1.50000 2.22500
v 6.42000 1.54500 2.27000
v 6.54000 0.35000 -2.60000
v 5.01000 0.35000 -2.60000
v 5.01000 0.35000 -2.66000
v 6.54000 0.35000 -2.66000
v 6.54000 1.65000 -2.60000
v 5.01000 1.65000 -2.60000
v 5.01000 1.65000 -2.66000
v 6.54000 1.65000 -2.66000
v 6.42000 0.45500 -2.67000
v 6.37500 0.50000 -2.67000
v 6.42000 0.50000 -2.71500
v 6.46500 0.50000 -2.67000
v 6.42000 0.50000 -2.62500
v 6.42000 0.54500 -2.67000
v 6.42000 1.45500 -2.67000
v 6.37500 1.50000 -2.67000
v 6.42000 1.50000 -2.71500
v 6.46500 1.50000 -2.67000
v 6.42000 1.50000 -2.62500
v 6.42000 1.54500 -2.67000
v 5.13000 0.45500 -2.67000
v 5.08500 0.50000 -2.67000
v 5.13000 0.50000 -2.71500
v 5.17500 0.50000 -2.67000
v 5.13000 0.50000 -2.62500
v 5.13000 0.54500 -2.67000
v 5.13000 1.45500 -2.67000
v 5.08500 1.50000 -2.67000
v 5.13000 1.50000 -2.71500
v 5.17500 1.50000 -2.67000
v 5.13000 1.50000 -2.62500
v 5.13000 1.54500 -2.67000
v 4.89000 0.35000 -2.60000
v 3.36000 0.35000 -2.60000
v 3.36000 0.35000 -2.66000
v 4.89000 0.35000 -2.66000
v 4.89000 1.65000 -2.60000
v 3.36000 1.65000 -2.60000
v 3.36000 1.65000 -2.66000
v 4.89000 1.65000 -2.66000
v 4.77000 0.45500 -2.67000
v 4.72500 0.50000 -2.67000
v 4.77000 0.50000 -2.71500
v 4.81500 0.50000 -2.67000
v 4.77000 0.50000 -2.62500
v 4.77000 0.54500 -2.67000
v 4.77000 1.45500 -2.67000
v 4.72500 1.50000 -2.67000
v 4.77000 1.50000 -2.71500
v 4.81500 1.50000 -2.67000
v 4.77000 1.50000 -2.62500
v 4.77000 1.54500 -2.67000
v 3.48000 0.45500 -2.67000
v 3.43500 0.50000 -2.67000
v 3.48000 0.50000 -2.71500
v 3.52500 0.50000 -2.67000
v 3.48000 0.50000 -2.62500
v 3.48000 0.54500 -2.67000
v 3.48000 1.45500 -2.67000
v 3.43500 1.50000 -2.67000
v 3.48000 1.50000 -2.71500
v 3.52500 1.50000 -2.67000
v 3.48000 1.50000 -2.62500
v 3.48000 1.54500 -2.67000
v 3.24000 0.35000 -2.60000
v 1.71000 0.35000 -2.60000
v 1.71000 0.35000 -2.66000
v 3.24000 0.35000 -2.66000
v 3.24000 1.65000 -2.60000
v 1.71000 1.65000 -2.60000
v 1.71000 1.65000 -2.66000
v 3.24000 1.65000 -2.66000
v 3.12000 0.45500 -2.67000
v 3.07500 0.50000 -2.67000
v 3.12000 0.50000 -2.71500
v 3.16500 0.50000 -2.67000
v 3.12000 0.50000 -2.62500
v 3.12000 0.54500 -2.67000
v 3.12000 1.45500 -2.67000
v 3.07500 1.50000 -2.67000
v 3.12000 1.50000 -2.71500
v 3.16500 1.50000 -2.67000
v 3.12000 1.50000 -2.62500
v 3.12000 1.54500 -2.67000
v 1.83000 0.45500 -2.67000
v 1.78500 0.50000 -2.67000
v 1.83000 0.50000 -2.71500
v 1.87500 0.50000 -2.67000
v 1.83000 0.50000 -2.62500
v 1.83000 0.54500 -2.67000
v 1.83000 1.45500 -2.67000
v 1.78500 1.50000 -2.67000
v 1.83000 1.50000 -2.71500
v 1.87500 1.50000 -2.67000
v 1.83000 1.50000 -2.62500
v 1.83000 1.54500 -2.67000
v 1.59000 0.35000 -2.60000
v 0.06000 0.35000 -2.60000
v 0.06000 0.35000 -2.66000
v 1.59000 0.35000 -2.66000
v 1.59000 1.65000 -2.60000
v 0.06000 1.65000 -2.60000
v 0.06000 1.65000 -2.66000
v 1.59000 1.65000 -2.66000
v 1.47000 0.45500 -2.67000
v 1.42500 0.50000 -2.67000
v 1.47000 0.50000 -2.71500
v 1.51500 0.50000 -2.67000
v 1.47000 0.50000 -2.62500
v 1.47000 0.54500 -2.67000
v 1.47000 1.45500 -2.67000
v 1.42500 1.50000 -2.67000
v 1.47000 1.50000 -2.71500
v 1.51500 1.50000 -2.67000
v 1.47000 1.50000 -2.62500
v 1.47000 1.54500 -2.67000
v 0.18000 0.45500 -2.67000
v 0.13500 0.50000 -2.67000
v 0.18000 0.50000 -2.71500
v 0.22500 0.50000 -2.67000
v 0.18000 0.50000 -2.62500
v 0.18000 0.54500 -2.67000
v 0.18000 1.45500 -2.67000
v 0.13500 1.50000 -2.67000
v 0.18000 1.50000 -2.71500
v 0.22500 1.50000 -2.67000
v 0.18000 1.50000 -2.62500
v 0.18000 1.54500 -2.67000
v 6.63000 1.80000 -1.60000
v 6.63000 1.80000 -2.40000
v 6.67000 1.80000 -2.40000
v 6.67000 1.80000 -1.60000
v 6.63000 2.70000 -1.60000
v 6.63000 2.70000 -2.40000
v 6.67000 2.70000 -2.40000
v 6.67000 2.70000 -1.60000
v 6.60000 1.67000 -1.47000
v 6.60000 1.67000 -1.60000
v 6.76000 1.67000 -1.60000
v 6.76000 1.67000 -1.47000
v 6.60000 2.83000 -1.47000
v 6.60000 2.83000 -1.60000
v 6.76000 2.83000 -1.60000
v 6.76000 2.83000 -1.47000
v 6.60000 1.67000 -2.40000
v 6.60000 1.67000 -2.53000
v 6.76000 1.67000 -2.53000
v 6.76000 1.67000 -2.40000
v 6.60000 2.83000 -2.40000
v 6.60000 2.83000 -2.53000
v 6.76000 2.83000 -2.53000
v 6.76000 2.83000 -2.40000
v 6.60000 2.70000 -1.60000
v 6.60000 2.70000 -2.40000
v 6.76000 2.70000 -2.40000
v 6.76000 2.70000 -1.60000
v 6.60000 2.83000 -1.60000
v 6.60000 2.83000 -2.40000
v 6.76000 2.83000 -2.40000
v 6.76000 2.83000 -1.60000
v 6.60000 1.67000 -1.60000
v 6.60000 1.67000 -2.40000
v 6.76000 1.67000 -2.40000
v 6.76000 1.67000 -1.60000
v 6.60000 1.80000 -1.60000
v 6.60000 1.80000 -2.40000
v 6.76000 1.80000 -2.40000
v 6.76000 1.80000 -1.60000
v 6.60000 1.58000 -1.35000
v 6.60000 1.58000 -2.65000
v 6.90000 1.58000 -2.65000
v 6.90000 1.58000 -1.35000
v 6.60000 1.67000 -1.35000
v 6.60000 1.67000 -2.65000
v 6.90000 1.67000 -2.65000
v 6.90000 1.67000 -1.35000
v 6.60000 2.83000 -1.38000
v 6.60000 2.83000 -2.62000
v 6.84000 2.83000 -2.62000
v 6.84000 2.83000 -1.38000
v 6.60000 2.97000 -1.38000
v 6.60000 2.97000 -2.62000
v 6.84000 2.97000 -2.62000
v 6.84000 2.97000 -1.38000
v 6.67000 2.22000 -1.60000
v 6.67000 2.22000 -2.40000
v 6.72000 2.22000 -2.40000
v 6.72000 2.22000 -1.60000
v 6.67000 2.28000 -1.60000
v 6.67000 2.28000 -2.40000
v 6.72000 2.28000 -2.40000
v 6.72000 2.28000 -1.60000
v 6.77000 1.80000 -1.77000
v 6.77000 1.80000 -1.83000
v 6.83000 1.80000 -1.83000
v 6.83000 1.80000 -1.77000
v 6.77000 2.70000 -1.77000
v 6.77000 2.70000 -1.83000
v 6.83000 2.70000 -1.83000
v 6.83000 2.70000 -1.77000
v 6.77000 1.80000 -1.97000
v 6.77000 1.80000 -2.03000
v 6.83000 1.80000 -2.03000
v 6.83000 1.80000 -1.97000
v 6.77000 2.70000 -1.97000
v 6.77000 2.70000 -2.03000
v 6.83000 2.70000 -2.03000
v 6.83000 2.70000 -1.97000
v 6.77000 1.80000 -2.17000
v 6.77000 1.80000 -2.23000
v 6.83000 1.80000 -2.23000
v 6.83000 1.80000 -2.17000
v 6.77000 2.70000 -2.17000
v 6.77000 2.70000 -2.23000
v 6.83000 2.70000 -2.23000
v 6.83000 2.70000 -2.17000
v 6.63000 1.80000 0.20000
v 6.63000 1.80000 -0.60000
v 6.67000 1.80000 -0.60000
v 6.67000 1.80000 0.20000
v 6.63000 2.70000 0.20000
v 6.63000 2.70000 -0.60000
v 6.67000 2.70000 -0.60000
v 6.67000 2.70000 0.20000
v 6.60000 1.67000 0.33000
v 6.60000 1.67000 0.20000
v 6.76000 1.67000 0.20000
v 6.76000 1.67000 0.33000
v 6.60000 2.83000 0.33000
v 6.60000 2.83000 0.20000
v 6.76000 2.83000 0.20000
v 6.76000 2.83000 0.33000
v 6.60000 1.67000 -0.60000
v 6.60000 1.67000 -0.73000
v 6.76000 1.67000 -0.73000
v 6.76000 1.67000 -0.60000
v 6.60000 2.83000 -0.60000
v 6.60000 2.83000 -0.73000
v 6.76000 2.83000 -0.73000
v 6.76000 2.83000 -0.60000
v 6.60000 2.70000 0.20000
v 6.60000 2.70000 -0.60000
v 6.76000 2.70000 -0.60000
v 6.76000 2.70000 0.20000
v 6.60000 2.83000 0.20000
v 6.60000 2.83000 -0.60000
v 6.76000 2.83000 -0.60000
v 6.76000 2.83000 0.20000
v 6.60000 1.67000 0.20000
v 6.60000 1.67000 -0.60000
v 6.76000 1.67000 -0.60000
v 6.76000 1.67000 0.20000
v 6.60000 1.80000 0.20000
v 6.60000 1.80000 -0.60000
v 6.76000 1.80000 -0.60000
v 6.76000 1.80000 0.20000
v 6.60000 1.58000 0.45000
v 6.60000 1.58000 -0.85000
v 6.90000 1.58000 -0.85000
v 6.90000 1.58000 0.45000
v 6.60000 1.67000 0.45000
v 6.60000 1.67000 -0.85000
v 6.90000 1.67000 -0.85000
v 6.90000 1.67000 0.45000
v 6.60000 2.83000 0.42000
v 6.60000 2.83000 -0.82000
v 6.84000 2.83000 -0.82000
v 6.84000 2.83000 0.42000
v 6.60000 2.97000 0.42000
v 6.60000 2.97000 -0.82000
v 6.84000 2.97000 -0.82000
v 6.84000 2.97000 0.42000
v 6.67000 2.22000 0.20000
v 6.67000 2.22000 -0.60000
v 6.72000 2.22000 -0.60000
v 6.72000 2.22000 0.20000
v 6.67000 2.28000 0.20000
v 6.67000 2.28000 -0.60000
v 6.72000 2.28000 -0.60000
v 6.72000 2.28000 0.20000
v 6.77000 1.80000 0.03000
v 6.77000 1.80000 -0.03000
v 6.83000 1.80000 -0.03000
v 6.83000 1.80000 0.03000
v 6.77000 2.70000 0.03000
v 6.77000 2.70000 -0.03000
v 6.83000 2.70000 -0.03000
v 6.83000 2.70000 0.03000
v 6.77000 1.80000 -0.17000
v 6.77000 1.80000 -0.23000
v 6.83000 1.80000 -0.23000
v 6.83000 1.80000 -0.17000
v 6.77000 2.70000 -0.17000
v 6.77000 2.70000 -0.23000
v 6.83000 2.70000 -0.23000
v 6.83000 2.70000 -0.17000
v 6.77000 1.80000 -0.37000
v 6.77000 1.80000 -0.43000
v 6.83000 1.80000 -0.43000
v 6.83000 1.80000 -0.37000
v 6.77000 2.70000 -0.37000
v 6.77000 2.70000 -0.43000
v 6.83000 2.70000 -0.43000
v 6.83000 2.70000 -0.37000
v 6.63000 1.80000 2.00000
v 6.63000 1.80000 1.20000
v 6.67000 1.80000 1.20000
v 6.67000 1.80000 2.00000
v 6.63000 2.70000 2.00000
v 6.63000 2.70000 1.20000
v 6.67000 2.70000 1.20000
v 6.67000 2.70000 2.00000
v 6.60000 1.67000 2.13000
v 6.60000 1.67000 2.00000
v 6.76000 1.67000 2.00000
v 6.76000 1.67000 2.13000
v 6.60000 2.83000 2.13000
v 6.60000 2.83000 2.00000
v 6.76000 2.83000 2.00000
v 6.76000 2.83000 2.13000
v 6.60000 1.67000 1.20000
v 6.60000 1.67000 1.07000
v 6.76000 1.67000 1.07000
v 6.76000 1.67000 1.20000
v 6.60000 2.83000 1.20000
v 6.60000 2.83000 1.07000
v 6.76000 2.83000 1.07000
v 6.76000 2.83000 1.20000
v 6.60000 2.70000 2.00000
v 6.60000 2.70000 1.20000
v 6.76000 2.70000 1.20000
v 6.76000 2.70000 2.00000
v 6.60000 2.83000 2.00000
v 6.60000 2.83000 1.20000
v 6.76000 2.83000 1.20000
v 6.76000 2.83000 2.00000
v 6.60000 1.67000 2.00000
v 6.60000 1.67000 1.20000
v 6.76000 1.67000 1.20000
v 6.76000 1.67000 2.00000
v 6.60000 1.80000 2.00000
v 6.60000 1.80000 1.20000
v 6.76000 1.80000 1.20000
v 6.76000 1.80000 2.00000
v 6.60000 1.58000 2.25000
v 6.60000 1.58000 0.95000
v 6.90000 1.58000 0.95000
v 6.90000 1.58000 2.25000
v 6.60000 1.67000 2.25000
v 6.60000 1.67000 0.95000
v 6.90000 1.67000 0.95000
v 6.90000 1.67000 2.25000
v 6.60000 2.83000 2.22000
v 6.60000 2.83000 0.98000
v 6.84000 2.83000 0.98000
v 6.84000 2.83000 2.22000
v 6.60000 2.97000 2.22000
v 6.60000 2.97000 0.98000
v 6.84000 2.97000 0.98000
v 6.84000 2.97000 2.22000
v 6.67000 2.22000 2.00000
v 6.67000 2.22000 1.20000
v 6.72000 2.22000 1.20000
v 6.72000 2.22000 2.00000
v 6.67000 2.28000 2.00000
v 6.67000 2.28000 1.20000
v 6.72000 2.28000 1.20000
v 6.72000 2.28000 2.00000
v 6.77000 1.80000 1.83000
v 6.77000 1.80000 1.77000
v 6.83000 1.80000 1.77000
v 6.83000 1.80000 1.83000
v 6.77000 2.70000 1.83000
v 6.77000 2.70000 1.77000
v 6.83000 2.70000 1.77000
v 6.83000 2.70000 1.83000
v 6.77000 1.80000 1.63000
v 6.77000 1.80000 1.57000
v 6.83000 1.80000 1.57000
v 6.83000 1.80000 1.63000
v 6.77000 2.70000 1.63000
v 6.77000 2.70000 1.57000
v 6.83000 2.70000 1.57000
v 6.83000 2.70000 1.63000
v 6.77000 1.80000 1.43000
v 6.77000 1.80000 1.37000
v 6.83000 1.80000 1.37000
v 6.83000 1.80000 1.43000
v 6.77000 2.70000 1.43000
v 6.77000 2.70000 1.37000
v 6.83000 2.70000 1.37000
v 6.83000 2.70000 1.43000
v 0.00000 4.50000 2.20000
v 6.75000 4.50000 2.20000
v 6.75000 4.50000 2.50000
v 0.00000 4.50000 2.50000
v 0.00000 5.20000 2.20000
v 6.75000 5.20000 2.20000
v 6.75000 5.20000 2.50000
v 0.00000 5.20000 2.50000
v 0.09000 5.20000 2.19000
v 0.51000 5.20000 2.19000
v 0.51000 5.20000 2.51000
v 0.09000 5.20000 2.51000
v 0.09000 5.38000 2.19000
v 0.51000 5.38000 2.19000
v 0.51000 5.38000 2.51000
v 0.09000 5.38000 2.51000
v 0.71000 5.20000 2.19000
v 1.13000 5.20000 2.19000
v 1.13000 5.20000 2.51000
v 0.71000 5.20000 2.51000
v 0.71000 5.38000 2.19000
v 1.13000 5.38000 2.19000
v 1.13000 5.38000 2.51000
v 0.71000 5.38000 2.51000
v 1.33000 5.20000 2.19000
v 1.75000 5.20000 2.19000
v 1.75000 5.20000 2.51000
v 1.33000 5.20000 2.51000
v 1.33000 5.38000 2.19000
v 1.75000 5.38000 2.19000
v 1.75000 5.38000 2.51000
v 1.33000 5.38000 2.51000
v 1.95000 5.20000 2.19000
v 2.37000 5.20000 2.19000
v 2.37000 5.20000 2.51000
v 1.95000 5.20000 2.51000
v 1.95000 5.38000 2.19000
v 2.37000 5.38000 2.19000
v 2.37000 5.38000 2.51000
v 1.95000 5.38000 2.51000
v 2.57000 5.20000 2.19000
v 2.99000 5.20000 2.19000
v 2.99000 5.20000 2.51000
v 2.57000 5.20000 2.51000
v 2.57000 5.38000 2.19000
v 2.99000 5.38000 2.19000
v 2.99000 5.38000 2.51000
v 2.57000 5.38000 2.51000
v 3.19000 5.20000 2.19000
v 3.61000 5.20000 2.19000
v 3.61000 5.20000 2.51000
v 3.19000 5.20000 2.51000
v 3.19000 5.38000 2.19000
v 3.61000 5.38000 2.19000
v 3.61000 5.38000 2.51000
v 3.19000 5.38000 2.51000
v 3.81000 5.20000 2.19000
v 4.23000 5.20000 2.19000
v 4.23000 5.20000 2.51000
v 3.81000 5.20000 2.51000
v 3.81000 5.38000 2.19000
v 4.23000 5.38000 2.19000
v 4.23000 5.38000 2.51000
v 3.81000 5.38000 2.51000
v 4.43000 5.20000 2.19000
v 4.85000 5.20000 2.19000
v 4.85000 5.20000 2.51000
v 4.43000 5.20000 2.51000
v 4.43000 5.38000 2.19000
v 4.85000 5.38000 2.19000
v 4.85000 5.38000 2.51000
v 4.43000 5.38000 2.51000
v 5.05000 5.20000 2.19000
v 5.47000 5.20000 2.19000
v 5.47000 5.20000 2.51000
v 5.05000 5.20000 2.51000
v 5.05000 5.38000 2.19000
v 5.47000 5.38000 2.19000
v 5.47000 5.38000 2.51000
v 5.05000 5.38000 2.51000
v 5.67000 5.20000 2.19000
v 6.09000 5.20000 2.19000
v 6.09000 5.20000 2.51000
v 5.67000 5.20000 2.51000
v 5.67000 5.38000 2.19000
v 6.09000 5.38000 2.19000
v 6.09000 5.38000 2.51000
v 5.67000 5.38000 2.51000
v 6.60000 4.50000 2.35000
v 6.60000 4.50000 -2.75000
v 6.90000 4.50000 -2.75000
v 6.90000 4.50000 2.35000
v 6.60000 5.20000 2.35000
v 6.60000 5.20000 -2.75000
v 6.90000 5.20000 -2.75000
v 6.90000 5.20000 2.35000
v 6.59000 5.20000 2.26000
v 6.59000 5.20000 1.84000
v 6.91000 5.20000 1.84000
v 6.91000 5.20000 2.26000
v 6.59000 5.38000 2.26000
v 6.59000 5.38000 1.84000
v 6.91000 5.38000 1.84000
v 6.91000 5.38000 2.26000
v 6.59000 5.20000 1.64000
v 6.59000 5.20000 1.22000
v 6.91000 5.20000 1.22000
v 6.91000 5.20000 1.64000
v 6.59000 5.38000 1.64000
v 6.59000 5.38000 1.22000
v 6.91000 5.38000 1.22000
v 6.91000 5.38000 1.64000
v 6.59000 5.20000 1.02000
v 6.59000 5.20000 0.60000
v 6.91000 5.20000 0.60000
v 6.91000 5.20000 1.02000
v 6.59000 5.38000 1.02000
v 6.59000 5.38000 0.60000
v 6.91000 5.38000 0.60000
v 6.91000 5.38000 1.02000
v 6.59000 5.20000 0.40000
v 6.59000 5.20000 -0.02000
v 6.91000 5.20000 -0.02000
v 6.91000 5.20000 0.40000
v 6.59000 5.38000 0.40000
v 6.59000 5.38000 -0.02000
v 6.91000 5.38000 -0.02000
v 6.91000 5.38000 0.40000
v 6.59000 5.20000 -0.22000
v 6.59000 5.20000 -0.64000
v 6.91000 5.20000 -0.64000
v 6.91000 5.20000 -0.22000
v 6.59000 5.38000 -0.22000
v 6.59000 5.38000 -0.64000
v 6.91000 5.38000 -0.64000
v 6.91000 5.38000 -0.22000
v 6.59000 5.20000 -0.84000
v 6.59000 5.20000 -1.26000
v 6.91000 5.20000 -1.26000
v 6.91000 5.20000 -0.84000
v 6.59000 5.38000 -0.84000
v 6.59000 5.38000 -1.26000
v 6.91000 5.38000 -1.26000
v 6.91000 5.38000 -0.84000
v 6.59000 5.20000 -1.46000
v 6.59000 5.20000 -1.88000
v 6.91000 5.20000 -1.88000
v 6.91000 5.20000 -1.46000
v 6.59000 5.38000 -1.46000
v 6.59000 5.38000 -1.88000
v 6.91000 5.38000 -1.88000
v 6.91000 5.38000 -1.46000
v 6.59000 5.20000 -2.08000
v 6.59000 5.20000 -2.50000
v 6.91000 5.20000 -2.50000
v 6.91000 5.20000 -2.08000
v 6.59000 5.38000 -2.08000
v 6.59000 5.38000 -2.50000
v 6.91000 5.38000 -2.50000
v 6.91000 5.38000 -2.08000
v 6.75000 4.50000 -2.60000
v 0.00000 4.50000 -2.60000
v 0.00000 4.50000 -2.90000
v 6.75000 4.50000 -2.90000
v 6.75000 5.20000 -2.60000
v 0.00000 5.20000 -2.60000
v 0.00000 5.20000 -2.90000
v 6.75000 5.20000 -2.90000
v 6.66000 5.20000 -2.59000
v 6.24000 5.20000 -2.59000
v 6.24000 5.20000 -2.91000
v 6.66000 5.20000 -2.91000
v 6.66000 5.38000 -2.59000
v 6.24000 5.38000 -2.59000
v 6.24000 5.38000 -2.91000
v 6.66000 5.38000 -2.91000
v 6.04000 5.20000 -2.59000
v 5.62000 5.20000 -2.59000
v 5.62000 5.20000 -2.91000
v 6.04000 5.20000 -2.91000
v 6.04000 5.38000 -2.59000
v 5.62000 5.38000 -2.59000
v 5.62000 5.38000 -2.91000
v 6.04000 5.38000 -2.91000
v 5.42000 5.20000 -2.59000
v 5.00000 5.20000 -2.59000
v 5.00000 5.20000 -2.91000
v 5.42000 5.20000 -2.91000
v 5.42000 5.38000 -2.59000
v 5.00000 5.38000 -2.59000
v 5.00000 5.38000 -2.91000
v 5.42000 5.38000 -2.91000
v 4.80000 5.20000 -2.59000
v 4.38000 5.20000 -2.59000
v 4.38000 5.20000 -2.91000
v 4.80000 5.20000 -2.91000
v 4.80000 5.38000 -2.59000
v 4.38000 5.38000 -2.59000
v 4.38000 5.38000 -2.91000
v 4.80000 5.38000 -2.91000
v 4.18000 5.20000 -2.59000
v 3.76000 5.20000 -2.59000
v 3.76000 5.20000 -2.91000
v 4.18000 5.20000 -2.91000
v 4.18000 5.38000 -2.59000
v 3.76000 5.38000 -2.59000
v 3.76000 5.38000 -2.91000
v 4.18000 5.38000 -2.91000
v 3.56000 5.20000 -2.59000
v 3.14000 5.20000 -2.59000
v 3.14000 5.20000 -2.91000
v 3.56000 5.20000 -2.91000
v 3.56000 5.38000 -2.59000
v 3.14000 5.38000 -2.59000
v 3.14000 5.38000 -2.91000
v 3.56000 5.38000 -2.91000
v 2.94000 5.20000 -2.59000
v 2.52000 5.20000 -2.59000
v 2.52000 5.20000 -2.91000
v 2.94000 5.20000 -2.91000
v 2.94000 5.38000 -2.59000
v 2.52000 5.38000 -2.59000
v 2.52000 5.38000 -2.91000
v 2.94000 5.38000 -2.91000
v 2.32000 5.20000 -2.59000
v 1.90000 5.20000 -2.59000
v 1.90000 5.20000 -2.91000
v 2.32000 5.20000 -2.91000
v 2.32000 5.38000 -2.59000
v 1.90000 5.38000 -2.59000
v 1.90000 5.38000 -2.91000
v 2.32000 5.38000 -2.91000
v 1.70000 5.20000 -2.59000
v 1.28000 5.20000 -2.59000
v 1.28000 5.20000 -2.91000
v 1.70000 5.20000 -2.91000
v 1.70000 5.38000 -2.59000
v 1.28000 5.38000 -2.59000
v 1.28000 5.38000 -2.91000
v 1.70000 5.38000 -2.91000
v 1.08000 5.20000 -2.59000
v 0.66000 5.20000 -2.59000
v 0.66000 5.20000 -2.91000
v 1.08000 5.20000 -2.91000
v 1.08000 5.38000 -2.59000
v 0.66000 5.38000 -2.59000
v 0.66000 5.38000 -2.91000
v 1.08000 5.38000 -2.91000
v 0.90899 4.66186 1.75000
v 1.47920 4.65529 1.75000
v 0.91648 4.50000 1.75000
v 1.49096 4.50000 1.75000
v 1.20000 4.50000 2.00913
v 1.20000 4.59504 2.02960
v 1.20000 4.50000 1.45575
v 1.20000 4.59942 1.45753
v 1.64189 4.50000 1.57931
v 1.60673 4.50000 1.90711
v 0.77217 4.50000 1.58474
v 0.72145 4.50000 1.93485
v 1.80131 4.63968 1.78495
v 2.32667 4.65540 1.71112
v 1.77625 4.50000 1.78847
v 2.31544 4.50000 1.71269
v 2.08573 4.50000 2.00425
v 2.09010 4.59794 2.03534
v 2.00978 4.50000 1.46384
v 2.01202 4.59276 1.47977
v 2.45830 4.50000 1.52256
v 2.48070 4.50000 1.85039
v 1.64047 4.50000 1.65455
v 1.65264 4.50000 1.97135
v 2.61754 4.66343 1.83099
v 3.14014 4.63895 1.68114
v 2.66591 4.50000 1.81713
v 3.18455 4.50000 1.66841
v 2.97029 4.50000 1.99514
v 2.96934 4.58551 1.99181
v 2.82270 4.50000 1.48041
v 2.82729 4.58967 1.49641
v 3.30130 4.50000 1.44628
v 3.34008 4.50000 1.78943
v 2.39223 4.50000 1.70450
v 2.54115 4.50000 2.02159
v 3.48320 4.66244 1.86879
v 4.01797 4.66315 1.63069
v 3.48480 4.50000 1.86808
v 3.97542 4.50000 1.64964
v 3.86275 4.50000 2.00325
v 3.85903 4.59112 1.99488
v 3.63862 4.50000 1.49983
v 3.64747 4.58569 1.51971
v 4.05916 4.50000 1.43954
v 4.21114 4.50000 1.72680
v 3.30971 4.50000 1.77215
v 3.42351 4.50000 2.07786
v 4.36203 4.65607 1.89870
v 4.84379 4.65989 1.59767
v 4.38622 4.50000 1.88359
v 4.85102 4.50000 1.59314
v 4.73542 4.50000 1.96672
v 4.74918 4.59569 1.98874
v 4.46753 4.50000 1.53800
v 4.44832 4.59730 1.50725
v 4.86066 4.50000 1.40258
v 5.07745 4.50000 1.65823
v 4.12091 4.50000 1.84208
v 4.30489 4.50000 2.14333
v 5.24887 4.64603 1.91876
v 5.67380 4.66249 1.56221
v 5.22964 4.50000 1.93491
v 5.64441 4.50000 1.58687
v 5.63798 4.50000 1.97403
v 5.62975 4.59505 1.96421
v 5.29104 4.50000 1.56056
v 5.25918 4.60091 1.52259
v 5.66448 4.50000 1.36115
v 5.87463 4.50000 1.60478
v 5.01493 4.50000 1.89879
v 5.22051 4.50000 2.16607
v 1.33305 4.96848 1.75000
v 1.88952 4.98103 1.75000
v 1.35603 4.82000 1.75000
v 1.85746 4.82000 1.75000
v 1.60000 4.82000 2.04735
v 1.60000 4.91557 2.03115
v 1.60000 4.82000 1.49802
v 1.60000 4.90972 1.48605
v 2.06861 4.82000 1.56899
v 2.03037 4.82000 1.91624
v 1.20553 4.82000 1.59763
v 1.12996 4.82000 1.93156
v 2.18723 4.96615 1.75000
v 2.70468 4.96165 1.75000
v 2.19880 4.82000 1.75000
v 2.74145 4.82000 1.75000
v 2.45000 4.82000 2.02645
v 2.45000 4.91605 2.03256
v 2.45000 4.82000 1.47490
v 2.45000 4.91037 1.48413
v 2.90571 4.82000 1.57397
v 2.89219 4.82000 1.92081
v 1.98997 4.82000 1.57230
v 2.00039 4.82000 1.92367
v 3.02332 4.97389 1.75000
v 3.54360 4.95549 1.75000
v 3.04294 4.82000 1.75000
v 3.55427 4.82000 1.75000
v 3.30000 4.82000 2.03508
v 3.30000 4.91580 2.03183
v 3.30000 4.82000 1.45644
v 3.30000 4.90488 1.50028
v 3.72873 4.82000 1.58439
v 3.69458 4.82000 1.90241
v 2.88898 4.82000 1.59123
v 2.86400 4.82000 1.91841
v 4.60000 4.50000 -1.80000
v 5.80000 4.50000 -1.80000
v 5.80000 4.50000 -1.00000
v 4.60000 4.50000 -1.00000
v 4.60000 5.10000 -1.80000
v 5.80000 5.10000 -1.80000
v 5.80000 5.10000 -1.00000
v 4.60000 5.10000 -1.00000
v 4.90000 5.10000 -1.40000
v 4.85000 5.10000 -1.31340
v 4.75000 5.10000 -1.31340
v 4.70000 5.10000 -1.40000
v 4.75000 5.10000 -1.48660
v 4.85000 5.10000 -1.48660
v 4.90000 5.45000 -1.40000
v 4.85000 5.45000 -1.31340
v 4.75000 5.45000 -1.31340
v 4.70000 5.45000 -1.40000
v 4.75000 5.45000 -1.48660
v 4.85000 5.45000 -1.48660
v 5.17000 5.10000 -1.40000
v 5.12000 5.10000 -1.31340
v 5.02000 5.10000 -1.31340
v 4.97000 5.10000 -1.40000
v 5.02000 5.10000 -1.48660
v 5.12000 5.10000 -1.48660
v 5.17000 5.45000 -1.40000
v 5.12000 5.45000 -1.31340
v 5.02000 5.45000 -1.31340
v 4.97000 5.45000 -1.40000
v 5.02000 5.45000 -1.48660
v 5.12000 5.45000 -1.48660
v 5.44000 5.10000 -1.40000
v 5.39000 5.10000 -1.31340
v 5.29000 5.10000 -1.31340
v 5.24000 5.10000 -1.40000
v 5.29000 5.10000 -1.48660
v 5.39000 5.10000 -1.48660
v 5.44000 5.45000 -1.40000
v 5.39000 5.45000 -1.31340
v 5.29000 5.45000 -1.31340
v 5.24000 5.45000 -1.40000
v 5.29000 5.45000 -1.48660
v 5.39000 5.45000 -1.48660
v 5.71000 5.10000 -1.40000
v 5.66000 5.10000 -1.31340
v 5.56000 5.10000 -1.31340
v 5.51000 5.10000 -1.40000
v 5.56000 5.10000 -1.48660
v 5.66000 5.10000 -1.48660
v 5.71000 5.45000 -1.40000
v 5.66000 5.45000 -1.31340
v 5.56000 5.45000 -1.31340
v 5.51000 5.45000 -1.40000
v 5.56000 5.45000 -1.48660
v 5.66000 5.45000 -1.48660
v 2.46000 4.50000 -1.60000
v 2.43000 4.50000 -1.54804
v 2.37000 4.50000 -1.54804
v 2.34000 4.50000 -1.60000
v 2.37000 4.50000 -1.65196
v 2.43000 4.50000 -1.65196
v 2.46000 5.60000 -1.60000
v 2.43000 5.60000 -1.54804
v 2.37000 5.60000 -1.54804
v 2.34000 5.60000 -1.60000
v 2.37000 5.60000 -1.65196
v 2.43000 5.60000 -1.65196
v 2.75000 5.70000 -1.60000
v 2.64749 5.48567 -1.47626
v 2.40000 5.39689 -1.42500
v 2.15251 5.48567 -1.47626
v 2.05000 5.70000 -1.60000
v 2.15251 5.91433 -1.72374
v 2.40000 6.00311 -1.77500
v 2.64749 5.91433 -1.72374
v 2.65000 5.95000 -1.16699
v 2.57678 5.79691 -1.07860
v 2.40000 5.73349 -1.04199
v 2.22322 5.79691 -1.07860
v 2.15000 5.95000 -1.16699
v 2.22322 6.10309 -1.25538
v 2.40000 6.16651 -1.29199
v 2.57678 6.10309 -1.25538
v 2.68000 5.95000 -1.15000
v 2.59799 5.77854 -1.05101
v 2.40000 5.70751 -1.01000
v 2.20201 5.77854 -1.05101
v 2.12000 5.95000 -1.15000
v 2.20201 6.12146 -1.24899
v 2.40000 6.19249 -1.29000
v 2.59799 6.12146 -1.24899
v 2.68000 5.96000 -1.13268
v 2.59799 5.78854 -1.03368
v 2.40000 5.71751 -0.99268
v 2.20201 5.78854 -1.03368
v 2.12000 5.96000 -1.13268
v 2.20201 6.13146 -1.23167
v 2.40000 6.20249 -1.27268
v 2.59799 6.13146 -1.23167
v 0.90000 1.10000 2.18000
v 3.90000 1.10000 2.18000
v 3.90000 1.10000 2.26000
v 0.90000 1.10000 2.26000
v 0.90000 2.70000 2.18000
v 3.90000 2.70000 2.18000
v 3.90000 2.70000 2.26000
v 0.90000 2.70000 2.26000
v 0.75000 2.70000 2.15000
v 4.05000 2.70000 2.15000
v 4.05000 2.70000 2.45000
v 0.75000 2.70000 2.45000
v 0.75000 2.90000 2.15000
v 4.05000 2.90000 2.15000
v 4.05000 2.90000 2.45000
v 0.75000 2.90000 2.45000
v 0.72000 1.10000 2.15000
v 0.90000 1.10000 2.15000
v 0.90000 1.10000 2.45000
v 0.72000 1.10000 2.45000
v 0.72000 2.70000 2.15000
v 0.90000 2.70000 2.15000
v 0.90000 2.70000 2.45000
v 0.72000 2.70000 2.45000
v 3.90000 1.10000 2.15000
v 4.08000 1.10000 2.15000
v 4.08000 1.10000 2.45000
v 3.90000 1.10000 2.45000
v 3.90000 2.70000 2.15000
v 4.08000 2.70000 2.15000
v 4.08000 2.70000 2.45000
v 3.90000 2.70000 2.45000
v 0.90000 3.26000 2.45000
v 0.90000 3.20728 2.32272
v 0.90000 3.08000 2.27000
v 0.90000 2.95272 2.32272
v 0.90000 2.90000 2.45000
v 0.90000 2.95272 2.57728
v 0.90000 3.08000 2.63000
v 0.90000 3.20728 2.57728
v 3.90000 3.26000 2.45000
v 3.90000 3.20728 2.32272
v 3.90000 3.08000 2.27000
v 3.90000 2.95272 2.32272
v 3.90000 2.90000 2.45000
v 3.90000 2.95272 2.57728
v 3.90000 3.08000 2.63000
v 3.90000 3.20728 2.57728
v 0.97000 3.05000 2.60500
v 1.03000 3.05000 2.60500
v 1.03000 3.05000 2.65500
v 0.97000 3.05000 2.65500
v 0.97000 3.11000 2.60500
v 1.03000 3.11000 2.60500
v 1.03000 3.11000 2.65500
v 0.97000 3.11000 2.65500
v 1.27000 3.05000 2.60500
v 1.33000 3.05000 2.60500
v 1.33000 3.05000 2.65500
v 1.27000 3.05000 2.65500
v 1.27000 3.11000 2.60500
v 1.33000 3.11000 2.60500
v 1.33000 3.11000 2.65500
v 1.27000 3.11000 2.65500
v 1.57000 3.05000 2.60500
v 1.63000 3.05000 2.60500
v 1.63000 3.05000 2.65500
v 1.57000 3.05000 2.65500
v 1.57000 3.11000 2.60500
v 1.63000 3.11000 2.60500
v 1.63000 3.11000 2.65500
v 1.57000 3.11000 2.65500
v 1.87000 3.05000 2.60500
v 1.93000 3.05000 2.60500
v 1.93000 3.05000 2.65500
v 1.87000 3.05000 2.65500
v 1.87000 3.11000 2.60500
v 1.93000 3.11000 2.60500
v 1.93000 3.11000 2.65500
v 1.87000 3.11000 2.65500
v 2.17000 3.05000 2.60500
v 2.23000 3.05000 2.60500
v 2.23000 3.05000 2.65500
v 2.17000 3.05000 2.65500
v 2.17000 3.11000 2.60500
v 2.23000 3.11000 2.60500
v 2.23000 3.11000 2.65500
v 2.17000 3.11000 2.65500
v 2.47000 3.05000 2.60500
v 2.53000 3.05000 2.60500
v 2.53000 3.05000 2.65500
v 2.47000 3.05000 2.65500
v 2.47000 3.11000 2.60500
v 2.53000 3.11000 2.60500
v 2.53000 3.11000 2.65500
v 2.47000 3.11000 2.65500
v 2.77000 3.05000 2.60500
v 2.83000 3.05000 2.60500
v 2.83000 3.05000 2.65500
v 2.77000 3.05000 2.65500
v 2.77000 3.11000 2.60500
v 2.83000 3.11000 2.60500
v 2.83000 3.11000 2.65500
v 2.77000 3.11000 2.65500
v 3.07000 3.05000 2.60500
v 3.13000 3.05000 2.60500
v 3.13000 3.05000 2.65500
v 3.07000 3.05000 2.65500
v 3.07000 3.11000 2.60500
v 3.13000 3.11000 2.60500
v 3.13000 3.11000 2.65500
v 3.07000 3.11000 2.65500
v 3.37000 3.05000 2.60500
v 3.43000 3.05000 2.60500
v 3.43000 3.05000 2.65500
v 3.37000 3.05000 2.65500
v 3.37000 3.11000 2.60500
v 3.43000 3.11000 2.60500
v 3.43000 3.11000 2.65500
v 3.37000 3.11000 2.65500
v 3.67000 3.05000 2.60500
v 3.73000 3.05000 2.60500
v 3.73000 3.05000 2.65500
v 3.67000 3.05000 2.65500
v 3.67000 3.11000 2.60500
v 3.73000 3.11000 2.60500
v 3.73000 3.11000 2.65500
v 3.67000 3.11000 2.65500
v 0.70000 1.05000 2.12500
v 4.10000 1.05000 2.12500
v 4.10000 1.05000 2.87500
v 0.70000 1.05000 2.87500
v 0.70000 1.17000 2.12500
v 4.10000 1.17000 2.12500
v 4.10000 1.17000 2.87500
v 0.70000 1.17000 2.87500
v 0.80000 0.30000 2.55000
v 4.00000 0.30000 2.55000
v 4.00000 0.30000 2.85000
v 0.80000 0.30000 2.85000
v 0.80000 1.05000 2.55000
v 4.00000 1.05000 2.55000
v 4.00000 1.05000 2.85000
v 0.80000 1.05000 2.85000
v 1.22315 1.32000 2.61116
v 1.54265 1.32000 2.49487
v 1.57685 1.32000 2.58884
v 1.25735 1.32000 2.70513
v 1.22315 1.46000 2.61116
v 1.54265 1.46000 2.49487
v 1.57685 1.46000 2.58884
v 1.25735 1.46000 2.70513
v 1.54095 1.42500 2.54870
v 1.53059 1.40750 2.52021
v 1.53059 1.37250 2.52021
v 1.54095 1.35500 2.54870
v 1.55132 1.37250 2.57718
v 1.55132 1.40750 2.57718
v 1.86985 1.42500 2.42899
v 1.85948 1.40750 2.40051
v 1.85948 1.37250 2.40051
v 1.86985 1.35500 2.42899
v 1.88021 1.37250 2.45747
v 1.88021 1.40750 2.45747
v 1.24697 1.13294 2.61313
v 1.33773 1.10706 2.58010
v 1.36510 1.10706 2.65527
v 1.27433 1.13294 2.68831
v 1.30047 1.34544 2.59366
v 1.39124 1.31956 2.56062
v 1.41860 1.31956 2.63580
v 1.32783 1.34544 2.66883
v 1.60673 1.44500 2.52476
v 1.59044 1.41750 2.48000
v 1.59044 1.36250 2.48000
v 1.60673 1.33500 2.52476
v 1.62302 1.36250 2.56951
v 1.62302 1.41750 2.56951
v 1.63492 1.44500 2.51449
v 1.61863 1.41750 2.46974
v 1.61863 1.36250 2.46974
v 1.63492 1.33500 2.51449
v 1.65121 1.36250 2.55925
v 1.65121 1.41750 2.55925
v 1.68191 1.44500 2.49739
v 1.66562 1.41750 2.45264
v 1.66562 1.36250 2.45264
v 1.68191 1.33500 2.49739
v 1.69820 1.36250 2.54215
v 1.69820 1.41750 2.54215
v 1.71010 1.44500 2.48713
v 1.69381 1.41750 2.44237
v 1.69381 1.36250 2.44237
v 1.71010 1.33500 2.48713
v 1.72639 1.36250 2.53189
v 1.72639 1.41750 2.53189
v 1.75708 1.44500 2.47003
v 1.74079 1.41750 2.42527
v 1.74079 1.36250 2.42527
v 1.75708 1.33500 2.47003
v 1.77337 1.36250 2.51479
v 1.77337 1.41750 2.51479
v 1.78527 1.44500 2.45977
v 1.76898 1.41750 2.41501
v 1.76898 1.36250 2.41501
v 1.78527 1.33500 2.45977
v 1.80156 1.36250 2.50453
v 1.80156 1.41750 2.50453
v 1.88864 1.34000 2.42215
v 1.93562 1.39000 2.40505
v 1.91942 1.39000 2.46155
v 1.86068 1.39000 2.46360
v 1.84058 1.39000 2.40837
v 1.88690 1.39000 2.37218
v 1.88864 1.44000 2.42215
v 1.34000 1.17134 2.81500
v 1.56000 1.17134 2.81500
v 1.56000 1.18866 2.82500
v 1.34000 1.18866 2.82500
v 1.34000 1.24134 2.69376
v 1.56000 1.24134 2.69376
v 1.56000 1.25866 2.70376
v 1.34000 1.25866 2.70376
v 1.38839 1.20441 2.84968
v 1.44398 1.26000 2.75340
v 1.42161 1.26559 2.74372
v 1.36602 1.21000 2.84000
v 1.41602 1.26000 2.75340
v 1.47161 1.20441 2.84968
v 1.49398 1.21000 2.84000
v 1.43839 1.26559 2.74372
v 1.48625 1.21625 2.82917
v 1.37375 1.21625 2.82917
v 1.37375 1.20375 2.85083
v 1.48625 1.20375 2.85083
v 1.45000 1.22600 2.81229
v 1.43000 1.23600 2.79497
v 1.41000 1.22600 2.81229
v 1.43000 1.21600 2.82961
v 2.23000 1.32000 2.55000
v 2.57000 1.32000 2.55000
v 2.57000 1.32000 2.65000
v 2.23000 1.32000 2.65000
v 2.23000 1.46000 2.55000
v 2.57000 1.46000 2.55000
v 2.57000 1.46000 2.65000
v 2.23000 1.46000 2.65000
v 2.55000 1.42500 2.60000
v 2.55000 1.40750 2.56969
v 2.55000 1.37250 2.56969
v 2.55000 1.35500 2.60000
v 2.55000 1.37250 2.63031
v 2.55000 1.40750 2.63031
v 2.90000 1.42500 2.60000
v 2.90000 1.40750 2.56969
v 2.90000 1.37250 2.56969
v 2.90000 1.35500 2.60000
v 2.90000 1.37250 2.63031
v 2.90000 1.40750 2.63031
v 2.25170 1.13294 2.56000
v 2.34830 1.10706 2.56000
v 2.34830 1.10706 2.64000
v 2.25170 1.13294 2.64000
v 2.30864 1.34544 2.56000
v 2.40524 1.31956 2.56000
v 2.40524 1.31956 2.64000
v 2.30864 1.34544 2.64000
v 2.62000 1.44500 2.60000
v 2.62000 1.41750 2.55237
v 2.62000 1.36250 2.55237
v 2.62000 1.33500 2.60000
v 2.62000 1.36250 2.64763
v 2.62000 1.41750 2.64763
v 2.65000 1.44500 2.60000
v 2.65000 1.41750 2.55237
v 2.65000 1.36250 2.55237
v 2.65000 1.33500 2.60000
v 2.65000 1.36250 2.64763
v 2.65000 1.41750 2.64763
v 2.70000 1.44500 2.60000
v 2.70000 1.41750 2.55237
v 2.70000 1.36250 2.55237
v 2.70000 1.33500 2.60000
v 2.70000 1.36250 2.64763
v 2.70000 1.41750 2.64763
v 2.73000 1.44500 2.60000
v 2.73000 1.41750 2.55237
v 2.73000 1.36250 2.55237
v 2.73000 1.33500 2.60000
v 2.73000 1.36250 2.64763
v 2.73000 1.41750 2.64763
v 2.78000 1.44500 2.60000
v 2.78000 1.41750 2.55237
v 2.78000 1.36250 2.55237
v 2.78000 1.33500 2.60000
v 2.78000 1.36250 2.64763
v 2.78000 1.41750 2.64763
v 2.81000 1.44500 2.60000
v 2.81000 1.41750 2.55237
v 2.81000 1.36250 2.55237
v 2.81000 1.33500 2.60000
v 2.81000 1.36250 2.64763
v 2.81000 1.41750 2.64763
v 2.92000 1.34000 2.60000
v 2.97000 1.39000 2.60000
v 2.93545 1.39000 2.64755
v 2.87955 1.39000 2.62939
v 2.87955 1.39000 2.57061
v 2.93545 1.39000 2.55245
v 2.92000 1.44000 2.60000
v 2.34000 1.17134 2.81500
v 2.56000 1.17134 2.81500
v 2.56000 1.18866 2.82500
v 2.34000 1.18866 2.82500
v 2.34000 1.24134 2.69376
v 2.56000 1.24134 2.69376
v 2.56000 1.25866 2.70376
v 2.34000 1.25866 2.70376
v 2.37042 1.25491 2.76221
v 2.48239 1.23812 2.79130
v 2.48958 1.25009 2.77056
v 2.37761 1.26688 2.74147
v 2.48177 1.25193 2.76737
v 2.36997 1.23237 2.80126
v 2.37823 1.22057 2.82169
v 2.49003 1.24013 2.78781
v 2.36997 1.22263 2.81812
v 2.48177 1.20307 2.85201
v 2.49003 1.21487 2.83157
v 2.37823 1.23443 2.79768
v 3.25735 1.32000 2.49487
v 3.57685 1.32000 2.61116
v 3.54265 1.32000 2.70513
v 3.22315 1.32000 2.58884
v 3.25735 1.46000 2.49487
v 3.57685 1.46000 2.61116
v 3.54265 1.46000 2.70513
v 3.22315 1.46000 2.58884
v 3.54095 1.42500 2.65130
v 3.55132 1.40750 2.62282
v 3.55132 1.37250 2.62282
v 3.54095 1.35500 2.65130
v 3.53059 1.37250 2.67979
v 3.53059 1.40750 2.67979
v 3.86985 1.42500 2.77101
v 3.88021 1.40750 2.74253
v 3.88021 1.37250 2.74253
v 3.86985 1.35500 2.77101
v 3.85948 1.37250 2.79949
v 3.85948 1.40750 2.79949
v 3.27433 1.13294 2.51169
v 3.36510 1.10706 2.54473
v 3.33773 1.10706 2.61990
v 3.24697 1.13294 2.58687
v 3.32783 1.34544 2.53117
v 3.41860 1.31956 2.56420
v 3.39124 1.31956 2.63938
v 3.30047 1.34544 2.60634
v 3.60673 1.44500 2.67524
v 3.62302 1.41750 2.63049
v 3.62302 1.36250 2.63049
v 3.60673 1.33500 2.67524
v 3.59044 1.36250 2.72000
v 3.59044 1.41750 2.72000
v 3.63492 1.44500 2.68551
v 3.65121 1.41750 2.64075
v 3.65121 1.36250 2.64075
v 3.63492 1.33500 2.68551
v 3.61863 1.36250 2.73026
v 3.61863 1.41750 2.73026
v 3.68191 1.44500 2.70261
v 3.69820 1.41750 2.65785
v 3.69820 1.36250 2.65785
v 3.68191 1.33500 2.70261
v 3.66562 1.36250 2.74736
v 3.66562 1.41750 2.74736
v 3.71010 1.44500 2.71287
v 3.72639 1.41750 2.66811
v 3.72639 1.36250 2.66811
v 3.71010 1.33500 2.71287
v 3.69381 1.36250 2.75763
v 3.69381 1.41750 2.75763
v 3.75708 1.44500 2.72997
v 3.77337 1.41750 2.68521
v 3.77337 1.36250 2.68521
v 3.75708 1.33500 2.72997
v 3.74079 1.36250 2.77473
v 3.74079 1.41750 2.77473
v 3.78527 1.44500 2.74023
v 3.80156 1.41750 2.69547
v 3.80156 1.36250 2.69547
v 3.78527 1.33500 2.74023
v 3.76898 1.36250 2.78499
v 3.76898 1.41750 2.78499
v 3.88864 1.34000 2.77785
v 3.93562 1.39000 2.79495
v 3.88690 1.39000 2.82782
v 3.84058 1.39000 2.79163
v 3.86068 1.39000 2.73640
v 3.91942 1.39000 2.73845
v 3.88864 1.44000 2.77785
v 3.34000 1.17134 2.81500
v 3.56000 1.17134 2.81500
v 3.56000 1.18866 2.82500
v 3.34000 1.18866 2.82500
v 3.34000 1.24134 2.69376
v 3.56000 1.24134 2.69376
v 3.56000 1.25866 2.70376
v 3.34000 1.25866 2.70376
v 3.44250 1.20688 2.84541
v 3.44250 1.24063 2.78696
v 3.41750 1.24063 2.78696
v 3.41750 1.20688 2.84541
v 3.36699 1.25744 2.75782
v 3.42628 1.23076 2.80404
v 3.44301 1.24006 2.78794
v 3.38372 1.26674 2.74173
v 3.43372 1.23076 2.80404
v 3.49301 1.25744 2.75782
v 3.47628 1.26674 2.74173
v 3.41699 1.24006 2.78794
v 3.45000 1.25500 2.76206
v 3.43000 1.26500 2.74474
v 3.41000 1.25500 2.76206
v 3.43000 1.24500 2.77938
v 0.40000 3.55000 2.30000
v 4.40000 3.55000 2.30000
v 4.40000 3.02555 3.59806
v 0.40000 3.02555 3.59806
v 0.40000 3.62417 2.32997
v 4.40000 3.62417 2.32997
v 4.40000 3.09973 3.62803
v 0.40000 3.09973 3.62803
v 0.40000 3.56854 2.30749
v 0.97143 3.56854 2.30749
v 0.97143 3.04409 3.60555
v 0.40000 3.04409 3.60555
v 0.40000 3.66126 2.34495
v 0.97143 3.66126 2.34495
v 0.97143 3.13681 3.64301
v 0.40000 3.13681 3.64301
v 0.97143 3.56854 2.30749
v 1.54286 3.56854 2.30749
v 1.54286 3.04409 3.60555
v 0.97143 3.04409 3.60555
v 0.97143 3.66126 2.34495
v 1.54286 3.66126 2.34495
v 1.54286 3.13681 3.64301
v 0.97143 3.13681 3.64301
v 1.54286 3.56854 2.30749
v 2.11429 3.56854 2.30749
v 2.11429 3.04409 3.60555
v 1.54286 3.04409 3.60555
v 1.54286 3.66126 2.34495
v 2.11429 3.66126 2.34495
v 2.11429 3.13681 3.64301
v 1.54286 3.13681 3.64301
v 2.11429 3.56854 2.30749
v 2.68571 3.56854 2.30749
v 2.68571 3.04409 3.60555
v 2.11429 3.04409 3.60555
v 2.11429 3.66126 2.34495
v 2.68571 3.66126 2.34495
v 2.68571 3.13681 3.64301
v 2.11429 3.13681 3.64301
v 2.68571 3.56854 2.30749
v 3.25714 3.56854 2.30749
v 3.25714 3.04409 3.60555
v 2.68571 3.04409 3.60555
v 2.68571 3.66126 2.34495
v 3.25714 3.66126 2.34495
v 3.25714 3.13681 3.64301
v 2.68571 3.13681 3.64301
v 3.25714 3.56854 2.30749
v 3.82857 3.56854 2.30749
v 3.82857 3.04409 3.60555
v 3.25714 3.04409 3.60555
v 3.25714 3.66126 2.34495
v 3.82857 3.66126 2.34495
v 3.82857 3.13681 3.64301
v 3.25714 3.13681 3.64301
v 3.82857 3.56854 2.30749
v 4.40000 3.56854 2.30749
v 4.40000 3.04409 3.60555
v 3.82857 3.04409 3.60555
v 3.82857 3.66126 2.34495
v 4.40000 3.66126 2.34495
v 4.40000 3.13681 3.64301
v 3.82857 3.13681 3.64301
v 0.10000 1.20000 2.24000
v 1.10000 1.20000 2.24000
v 1.10000 1.20000 2.32000
v 0.10000 1.20000 2.32000
v 0.10000 2.50000 2.24000
v 1.10000 2.50000 2.24000
v 1.10000 2.50000 2.32000
v 0.10000 2.50000 2.32000
v 0.44700 1.40000 2.35500
v 0.75300 1.40000 2.35500
v 0.75300 1.40000 2.44500
v 0.44700 1.40000 2.44500
v 0.44700 1.52600 2.35500
v 0.75300 1.52600 2.35500
v 0.75300 1.52600 2.44500
v 0.44700 1.52600 2.44500
v 0.73500 1.49450 2.40000
v 0.73500 1.47875 2.37272
v 0.73500 1.44725 2.37272
v 0.73500 1.43150 2.40000
v 0.73500 1.44725 2.42728
v 0.73500 1.47875 2.42728
v 1.05000 1.49450 2.40000
v 1.05000 1.47875 2.37272
v 1.05000 1.44725 2.37272
v 1.05000 1.43150 2.40000
v 1.05000 1.44725 2.42728
v 1.05000 1.47875 2.42728
v 0.46653 1.23165 2.36400
v 0.55347 1.20835 2.36400
v 0.55347 1.20835 2.43600
v 0.46653 1.23165 2.43600
v 0.51778 1.42290 2.36400
v 0.60471 1.39961 2.36400
v 0.60471 1.39961 2.43600
v 0.51778 1.42290 2.43600
v 0.79800 1.51250 2.40000
v 0.79800 1.48775 2.35713
v 0.79800 1.43825 2.35713
v 0.79800 1.41350 2.40000
v 0.79800 1.43825 2.44287
v 0.79800 1.48775 2.44287
v 0.82500 1.51250 2.40000
v 0.82500 1.48775 2.35713
v 0.82500 1.43825 2.35713
v 0.82500 1.41350 2.40000
v 0.82500 1.43825 2.44287
v 0.82500 1.48775 2.44287
v 0.87000 1.51250 2.40000
v 0.87000 1.48775 2.35713
v 0.87000 1.43825 2.35713
v 0.87000 1.41350 2.40000
v 0.87000 1.43825 2.44287
v 0.87000 1.48775 2.44287
v 0.89700 1.51250 2.40000
v 0.89700 1.48775 2.35713
v 0.89700 1.43825 2.35713
v 0.89700 1.41350 2.40000
v 0.89700 1.43825 2.44287
v 0.89700 1.48775 2.44287
v 0.94200 1.51250 2.40000
v 0.94200 1.48775 2.35713
v 0.94200 1.43825 2.35713
v 0.94200 1.41350 2.40000
v 0.94200 1.43825 2.44287
v 0.94200 1.48775 2.44287
v 0.96900 1.51250 2.40000
v 0.96900 1.48775 2.35713
v 0.96900 1.43825 2.35713
v 0.96900 1.41350 2.40000
v 0.96900 1.43825 2.44287
v 0.96900 1.48775 2.44287
v 1.06800 1.41800 2.40000
v 1.11300 1.46300 2.40000
v 1.08191 1.46300 2.44280
v 1.03159 1.46300 2.42645
v 1.03159 1.46300 2.37355
v 1.08191 1.46300 2.35720
v 1.06800 1.50800 2.40000
v 0.44700 1.75000 2.35500
v 0.75300 1.75000 2.35500
v 0.75300 1.75000 2.44500
v 0.44700 1.75000 2.44500
v 0.44700 1.87600 2.35500
v 0.75300 1.87600 2.35500
v 0.75300 1.87600 2.44500
v 0.44700 1.87600 2.44500
v 0.73500 1.84450 2.40000
v 0.73500 1.82875 2.37272
v 0.73500 1.79725 2.37272
v 0.73500 1.78150 2.40000
v 0.73500 1.79725 2.42728
v 0.73500 1.82875 2.42728
v 1.05000 1.84450 2.40000
v 1.05000 1.82875 2.37272
v 1.05000 1.79725 2.37272
v 1.05000 1.78150 2.40000
v 1.05000 1.79725 2.42728
v 1.05000 1.82875 2.42728
v 0.46653 1.58165 2.36400
v 0.55347 1.55835 2.36400
v 0.55347 1.55835 2.43600
v 0.46653 1.58165 2.43600
v 0.51778 1.77290 2.36400
v 0.60471 1.74961 2.36400
v 0.60471 1.74961 2.43600
v 0.51778 1.77290 2.43600
v 0.79800 1.86250 2.40000
v 0.79800 1.83775 2.35713
v 0.79800 1.78825 2.35713
v 0.79800 1.76350 2.40000
v 0.79800 1.78825 2.44287
v 0.79800 1.83775 2.44287
v 0.82500 1.86250 2.40000
v 0.82500 1.83775 2.35713
v 0.82500 1.78825 2.35713
v 0.82500 1.76350 2.40000
v 0.82500 1.78825 2.44287
v 0.82500 1.83775 2.44287
v 0.87000 1.86250 2.40000
v 0.87000 1.83775 2.35713
v 0.87000 1.78825 2.35713
v 0.87000 1.76350 2.40000
v 0.87000 1.78825 2.44287
v 0.87000 1.83775 2.44287
v 0.89700 1.86250 2.40000
v 0.89700 1.83775 2.35713
v 0.89700 1.78825 2.35713
v 0.89700 1.76350 2.40000
v 0.89700 1.78825 2.44287
v 0.89700 1.83775 2.44287
v 0.94200 1.86250 2.40000
v 0.94200 1.83775 2.35713
v 0.94200 1.78825 2.35713
v 0.94200 1.76350 2.40000
v 0.94200 1.78825 2.44287
v 0.94200 1.83775 2.44287
v 0.96900 1.86250 2.40000
v 0.96900 1.83775 2.35713
v 0.96900 1.78825 2.35713
v 0.96900 1.76350 2.40000
v 0.96900 1.78825 2.44287
v 0.96900 1.83775 2.44287
v 1.06800 1.76800 2.40000
v 1.11300 1.81300 2.40000
v 1.08191 1.81300 2.44280
v 1.03159 1.81300 2.42645
v 1.03159 1.81300 2.37355
v 1.08191 1.81300 2.35720
v 1.06800 1.85800 2.40000
v 0.44700 2.10000 2.35500
v 0.75300 2.10000 2.35500
v 0.75300 2.10000 2.44500
v 0.44700 2.10000 2.44500
v 0.44700 2.22600 2.35500
v 0.75300 2.22600 2.35500
v 0.75300 2.22600 2.44500
v 0.44700 2.22600 2.44500
v 0.73500 2.19450 2.40000
v 0.73500 2.17875 2.37272
v 0.73500 2.14725 2.37272
v 0.73500 2.13150 2.40000
v 0.73500 2.14725 2.42728
v 0.73500 2.17875 2.42728
v 1.05000 2.19450 2.40000
v 1.05000 2.17875 2.37272
v 1.05000 2.14725 2.37272
v 1.05000 2.13150 2.40000
v 1.05000 2.14725 2.42728
v 1.05000 2.17875 2.42728
v 0.46653 1.93165 2.36400
v 0.55347 1.90835 2.36400
v 0.55347 1.90835 2.43600
v 0.46653 1.93165 2.43600
v 0.51778 2.12290 2.36400
v 0.60471 2.09961 2.36400
v 0.60471 2.09961 2.43600
v 0.51778 2.12290 2.43600
v 0.79800 2.21250 2.40000
v 0.79800 2.18775 2.35713
v 0.79800 2.13825 2.35713
v 0.79800 2.11350 2.40000
v 0.79800 2.13825 2.44287
v 0.79800 2.18775 2.44287
v 0.82500 2.21250 2.40000
v 0.82500 2.18775 2.35713
v 0.82500 2.13825 2.35713
v 0.82500 2.11350 2.40000
v 0.82500 2.13825 2.44287
v 0.82500 2.18775 2.44287
v 0.87000 2.21250 2.40000
v 0.87000 2.18775 2.35713
v 0.87000 2.13825 2.35713
v 0.87000 2.11350 2.40000
v 0.87000 2.13825 2.44287
v 0.87000 2.18775 2.44287
v 0.89700 2.21250 2.40000
v 0.89700 2.18775 2.35713
v 0.89700 2.13825 2.35713
v 0.89700 2.11350 2.40000
v 0.89700 2.13825 2.44287
v 0.89700 2.18775 2.44287
v 0.94200 2.21250 2.40000
v 0.94200 2.18775 2.35713
v 0.94200 2.13825 2.35713
v 0.94200 2.11350 2.40000
v 0.94200 2.13825 2.44287
v 0.94200 2.18775 2.44287
v 0.96900 2.21250 2.40000
v 0.96900 2.18775 2.35713
v 0.96900 2.13825 2.35713
v 0.96900 2.11350 2.40000
v 0.96900 2.13825 2.44287
v 0.96900 2.18775 2.44287
v 1.06800 2.11800 2.40000
v 1.11300 2.16300 2.40000
v 1.08191 2.16300 2.44280
v 1.03159 2.16300 2.42645
v 1.03159 2.16300 2.37355
v 1.08191 2.16300 2.35720
v 1.06800 2.20800 2.40000
v 0.99000 4.50000 1.00000
v 0.94500 4.50000 1.07794
v 0.85500 4.50000 1.07794
v 0.81000 4.50000 1.00000
v 0.85500 4.50000 0.92206
v 0.94500 4.50000 0.92206
v 0.99000 6.60000 1.00000
v 0.94500 6.60000 1.07794
v 0.85500 6.60000 1.07794
v 0.81000 6.60000 1.00000
v 0.85500 6.60000 0.92206
v 0.94500 6.60000 0.92206
v 1.15000 6.60000 1.00000
v 1.07678 6.60000 1.17678
v 0.90000 6.60000 1.25000
v 0.72322 6.60000 1.17678
v 0.65000 6.60000 1.00000
v 0.72322 6.60000 0.82322
v 0.90000 6.60000 0.75000
v 1.07678 6.60000 0.82322
v 1.15000 6.75000 1.00000
v 1.07678 6.75000 1.17678
v 0.90000 6.75000 1.25000
v 0.72322 6.75000 1.17678
v 0.65000 6.75000 1.00000
v 0.72322 6.75000 0.82322
v 0.90000 6.75000 0.75000
v 1.07678 6.75000 0.82322
v 7.14000 0.00000 2.74000
v 7.26000 0.00000 2.74000
v 7.26000 0.00000 2.86000
v 7.14000 0.00000 2.86000
v 7.14000 1.00000 2.74000
v 7.26000 1.00000 2.74000
v 7.26000 1.00000 2.86000
v 7.14000 1.00000 2.86000
v 8.67333 0.00000 2.74000
v 8.79333 0.00000 2.74000
v 8.79333 0.00000 2.86000
v 8.67333 0.00000 2.86000
v 8.67333 1.00000 2.74000
v 8.79333 1.00000 2.74000
v 8.79333 1.00000 2.86000
v 8.67333 1.00000 2.86000
v 10.20667 0.00000 2.74000
v 10.32667 0.00000 2.74000
v 10.32667 0.00000 2.86000
v 10.20667 0.00000 2.86000
v 10.20667 1.00000 2.74000
v 10.32667 1.00000 2.74000
v 10.32667 1.00000 2.86000
v 10.20667 1.00000 2.86000
v 11.74000 0.00000 2.74000
v 11.86000 0.00000 2.74000
v 11.86000 0.00000 2.86000
v 11.74000 0.00000 2.86000
v 11.74000 1.00000 2.74000
v 11.86000 1.00000 2.74000
v 11.86000 1.00000 2.86000
v 11.74000 1.00000 2.86000
v 7.20000 0.81500 2.83500
v 7.20000 0.88500 2.83500
v 7.20000 0.88500 2.76500
v 7.20000 0.81500 2.76500
v 11.80000 0.81500 2.83500
v 11.80000 0.88500 2.83500
v 11.80000 0.88500 2.76500
v 11.80000 0.81500 2.76500
v 7.20000 0.41500 2.83500
v 7.20000 0.48500 2.83500
v 7.20000 0.48500 2.76500
v 7.20000 0.41500 2.76500
v 11.80000 0.41500 2.83500
v 11.80000 0.48500 2.83500
v 11.80000 0.48500 2.76500
v 11.80000 0.41500 2.76500
v 11.74000 0.00000 2.74000
v 11.86000 0.00000 2.74000
v 11.86000 0.00000 2.86000
v 11.74000 0.00000 2.86000
v 11.74000 1.00000 2.74000
v 11.86000 1.00000 2.74000
v 11.86000 1.00000 2.86000
v 11.74000 1.00000 2.86000
v 11.74000 0.00000 1.39000
v 11.86000 0.00000 1.39000
v 11.86000 0.00000 1.51000
v 11.74000 0.00000 1.51000
v 11.74000 1.00000 1.39000
v 11.86000 1.00000 1.39000
v 11.86000 1.00000 1.51000
v 11.74000 1.00000 1.51000
v 11.74000 0.00000 0.04000
v 11.86000 0.00000 0.04000
v 11.86000 0.00000 0.16000
v 11.74000 0.00000 0.16000
v 11.74000 1.00000 0.04000
v 11.86000 1.00000 0.04000
v 11.86000 1.00000 0.16000
v 11.74000 1.00000 0.16000
v 11.74000 0.00000 -1.31000
v 11.86000 0.00000 -1.31000
v 11.86000 0.00000 -1.19000
v 11.74000 0.00000 -1.19000
v 11.74000 1.00000 -1.31000
v 11.86000 1.00000 -1.31000
v 11.86000 1.00000 -1.19000
v 11.74000 1.00000 -1.19000
v 11.74000 0.00000 -2.66000
v 11.86000 0.00000 -2.66000
v 11.86000 0.00000 -2.54000
v 11.74000 0.00000 -2.54000
v 11.74000 1.00000 -2.66000
v 11.86000 1.00000 -2.66000
v 11.86000 1.00000 -2.54000
v 11.74000 1.00000 -2.54000
v 11.83500 0.81500 2.80000
v 11.83500 0.88500 2.80000
v 11.76500 0.88500 2.80000
v 11.76500 0.81500 2.80000
v 11.83500 0.81500 -2.60000
v 11.83500 0.88500 -2.60000
v 11.76500 0.88500 -2.60000
v 11.76500 0.81500 -2.60000
v 11.83500 0.41500 2.80000
v 11.83500 0.48500 2.80000
v 11.76500 0.48500 2.80000
v 11.76500 0.41500 2.80000
v 11.83500 0.41500 -2.60000
v 11.83500 0.48500 -2.60000
v 11.76500 0.48500 -2.60000
v 11.76500 0.41500 -2.60000
v 11.74000 0.00000 -2.66000
v 11.86000 0.00000 -2.66000
v 11.86000 0.00000 -2.54000
v 11.74000 0.00000 -2.54000
v 11.74000 1.00000 -2.66000
v 11.86000 1.00000 -2.66000
v 11.86000 1.00000 -2.54000
v 11.74000 1.00000 -2.54000
v 10.20667 0.00000 -2.66000
v 10.32667 0.00000 -2.66000
v 10.32667 0.00000 -2.54000
v 10.20667 0.00000 -2.54000
v 10.20667 1.00000 -2.66000
v 10.32667 1.00000 -2.66000
v 10.32667 1.00000 -2.54000
v 10.20667 1.00000 -2.54000
v 8.67333 0.00000 -2.66000
v 8.79333 0.00000 -2.66000
v 8.79333 0.00000 -2.54000
v 8.67333 0.00000 -2.54000
v 8.67333 1.00000 -2.66000
v 8.79333 1.00000 -2.66000
v 8.79333 1.00000 -2.54000
v 8.67333 1.00000 -2.54000
v 7.14000 0.00000 -2.66000
v 7.26000 0.00000 -2.66000
v 7.26000 0.00000 -2.54000
v 7.14000 0.00000 -2.54000
v 7.14000 1.00000 -2.66000
v 7.26000 1.00000 -2.66000
v 7.26000 1.00000 -2.54000
v 7.14000 1.00000 -2.54000
v 11.80000 0.81500 -2.63500
v 11.80000 0.88500 -2.63500
v 11.80000 0.88500 -2.56500
v 11.80000 0.81500 -2.56500
v 7.20000 0.81500 -2.63500
v 7.20000 0.88500 -2.63500
v 7.20000 0.88500 -2.56500
v 7.20000 0.81500 -2.56500
v 11.80000 0.41500 -2.63500
v 11.80000 0.48500 -2.63500
v 11.80000 0.48500 -2.56500
v 11.80000 0.41500 -2.56500
v 7.20000 0.41500 -2.63500
v 7.20000 0.48500 -2.63500
v 7.20000 0.48500 -2.56500
v 7.20000 0.41500 -2.56500
v 7.20000 0.00000 -2.50000
v 11.80000 0.00000 -2.50000
v 11.80000 0.00000 -2.10000
v 7.20000 0.00000 -2.10000
v 7.20000 1.60000 -2.50000
v 11.80000 1.60000 -2.50000
v 11.80000 1.60000 -2.10000
v 7.20000 1.60000 -2.10000
v 7.37251 1.72269 -2.30000
v 7.84027 1.72959 -2.30000
v 7.37451 1.60000 -2.30000
v 7.85115 1.60000 -2.30000
v 7.60000 1.60000 -2.04648
v 7.60000 1.67622 -2.05335
v 7.60000 1.60000 -2.57545
v 7.60000 1.68347 -2.57012
v 8.01032 1.60000 -2.46906
v 7.99549 1.60000 -2.13705
v 7.24129 1.60000 -2.44780
v 7.22563 1.60000 -2.14575
v 8.11368 1.72746 -2.30000
v 8.58926 1.72904 -2.30000
v 8.09877 1.60000 -2.30000
v 8.57809 1.60000 -2.30000
v 8.35000 1.60000 -2.05394
v 8.35000 1.68191 -2.03495
v 8.35000 1.60000 -2.55449
v 8.35000 1.67664 -2.54802
v 8.72556 1.60000 -2.45474
v 8.71976 1.60000 -2.14765
v 7.99266 1.60000 -2.44723
v 7.95712 1.60000 -2.13812
v 8.84317 1.73852 -2.30000
v 9.32111 1.71925 -2.30000
v 8.84115 1.60000 -2.30000
v 9.32419 1.60000 -2.30000
v 9.10000 1.60000 -2.04660
v 9.10000 1.68513 -2.02450
v 9.10000 1.60000 -2.54783
v 9.10000 1.67899 -2.55561
v 9.45688 1.60000 -2.44704
v 9.51810 1.60000 -2.12773
v 8.68005 1.60000 -2.47303
v 8.74234 1.60000 -2.15264
v 9.61602 1.72620 -2.30000
v 10.07684 1.72234 -2.30000
v 9.59405 1.60000 -2.30000
v 10.08584 1.60000 -2.30000
v 9.85000 1.60000 -2.06588
v 9.85000 1.68280 -2.03205
v 9.85000 1.60000 -2.53353
v 9.85000 1.67417 -2.54001
v 10.20017 1.60000 -2.44428
v 10.24261 1.60000 -2.13824
v 9.44098 1.60000 -2.46852
v 9.45869 1.60000 -2.13877
v 10.36455 1.72699 -2.30000
v 10.84274 1.73092 -2.30000
v 10.36797 1.60000 -2.30000
v 10.85645 1.60000 -2.30000
v 10.60000 1.60000 -2.06946
v 10.60000 1.68655 -2.01992
v 10.60000 1.60000 -2.56561
v 10.60000 1.68365 -2.57071
v 11.00600 1.60000 -2.46728
v 10.95993 1.60000 -2.15170
v 10.19275 1.60000 -2.46779
v 10.20550 1.60000 -2.13746
v 11.11745 1.72542 -2.30000
v 11.57653 1.72218 -2.30000
v 11.09711 1.60000 -2.30000
v 11.58392 1.60000 -2.30000
v 11.35000 1.60000 -2.04334
v 11.35000 1.67967 -2.04219
v 11.35000 1.60000 -2.54697
v 11.35000 1.68106 -2.56231
v 11.76342 1.60000 -2.47034
v 11.70003 1.60000 -2.15578
v 10.96254 1.60000 -2.45964
v 10.98527 1.60000 -2.14972
v 7.20000 1.00000 2.10000
v 8.80000 1.00000 2.10000
v 8.80000 1.00000 2.70000
v 7.20000 1.00000 2.70000
v 7.20000 1.06000 2.10000
v 8.80000 1.06000 2.10000
v 8.80000 1.06000 2.70000
v 7.20000 1.06000 2.70000
v 7.26000 0.00000 2.36000
v 7.34000 0.00000 2.36000
v 7.34000 0.00000 2.44000
v 7.26000 0.00000 2.44000
v 7.26000 1.00000 2.36000
v 7.34000 1.00000 2.36000
v 7.34000 1.00000 2.44000
v 7.26000 1.00000 2.44000
v 8.66000 0.00000 2.36000
v 8.74000 0.00000 2.36000
v 8.74000 0.00000 2.44000
v 8.66000 0.00000 2.44000
v 8.66000 1.00000 2.36000
v 8.74000 1.00000 2.36000
v 8.74000 1.00000 2.44000
v 8.66000 1.00000 2.44000
v 7.98028 1.12000 2.57610
v 7.92124 1.12000 2.24127
v 8.01972 1.12000 2.22390
v 8.07876 1.12000 2.55873
v 7.98028 1.26000 2.57610
v 7.92124 1.26000 2.24127
v 8.01972 1.26000 2.22390
v 8.07876 1.26000 2.55873
v 7.97395 1.22500 2.25228
v 7.94410 1.20750 2.25754
v 7.94410 1.17250 2.25754
v 7.97395 1.15500 2.25228
v 8.00380 1.17250 2.24702
v 8.00380 1.20750 2.24702
v 7.91318 1.22500 1.90760
v 7.88333 1.20750 1.91286
v 7.88333 1.17250 1.91286
v 7.91318 1.15500 1.90760
v 7.94303 1.17250 1.90233
v 7.94303 1.20750 1.90233
v 7.98636 0.93294 2.55299
v 7.96959 0.90706 2.45786
v 8.04837 0.90706 2.44397
v 8.06514 0.93294 2.53910
v 7.97647 1.14544 2.49691
v 7.95970 1.11956 2.40179
v 8.03848 1.11956 2.38790
v 8.05526 1.14544 2.48302
v 7.96180 1.24500 2.18334
v 7.91489 1.21750 2.19161
v 7.91489 1.16250 2.19161
v 7.96180 1.13500 2.18334
v 8.00871 1.16250 2.17507
v 8.00871 1.21750 2.17507
v 7.95659 1.24500 2.15380
v 7.90968 1.21750 2.16207
v 7.90968 1.16250 2.16207
v 7.95659 1.13500 2.15380
v 8.00350 1.16250 2.14553
v 8.00350 1.21750 2.14553
v 7.94791 1.24500 2.10456
v 7.90100 1.21750 2.11283
v 7.90100 1.16250 2.11283
v 7.94791 1.13500 2.10456
v 7.99481 1.16250 2.09629
v 7.99481 1.21750 2.09629
v 7.94270 1.24500 2.07501
v 7.89579 1.21750 2.08328
v 7.89579 1.16250 2.08328
v 7.94270 1.13500 2.07501
v 7.98960 1.16250 2.06674
v 7.98960 1.21750 2.06674
v 7.93401 1.24500 2.02577
v 7.88711 1.21750 2.03404
v 7.88711 1.16250 2.03404
v 7.93401 1.13500 2.02577
v 7.98092 1.16250 2.01750
v 7.98092 1.21750 2.01750
v 7.92880 1.24500 1.99623
v 7.88190 1.21750 2.00450
v 7.88190 1.16250 2.00450
v 7.92880 1.13500 1.99623
v 7.97571 1.16250 1.98796
v 7.97571 1.21750 1.98796
v 7.90970 1.14000 1.88790
v 7.90102 1.19000 1.83866
v 7.95385 1.19000 1.86443
v 7.94567 1.19000 1.92263
v 7.88778 1.19000 1.93284
v 7.86019 1.19000 1.88094
v 7.90970 1.24000 1.88790
v -5.89526 0.00000 2.38270
v -5.00893 0.00000 2.22642
v -4.90474 0.00000 2.81730
v -5.79107 0.00000 2.97358
v -5.89526 0.60000 2.38270
v -5.00893 0.60000 2.22642
v -4.90474 0.60000 2.81730
v -5.79107 0.60000 2.97358
v -5.90684 0.42000 2.37459
v -5.00082 0.42000 2.21483
v -4.89316 0.42000 2.82541
v -5.79918 0.42000 2.98517
v -5.90684 0.52000 2.37459
v -5.00082 0.52000 2.21483
v -4.89316 0.52000 2.82541
v -5.79918 0.52000 2.98517
v -5.51130 0.09348 2.90847
v -5.25753 0.35116 2.86372
v -5.29235 0.38652 2.86986
v -5.54611 0.12884 2.91460
v -5.54611 0.35116 2.91460
v -5.29235 0.09348 2.86986
v -5.25753 0.12884 2.86372
v -5.51130 0.38652 2.90847
v -5.36243 0.36000 2.88222
v -5.40182 0.40000 2.88916
v -5.44122 0.36000 2.89611
v -5.40182 0.32000 2.88916
v -5.35702 0.00000 3.09375
v -4.48769 0.00000 3.32669
v -4.64298 0.00000 3.90625
v -5.51231 0.00000 3.67331
v -5.35702 0.60000 3.09375
v -4.48769 0.60000 3.32669
v -4.64298 0.60000 3.90625
v -5.51231 0.60000 3.67331
v -5.36409 0.42000 3.08151
v -4.47544 0.42000 3.31962
v -4.63591 0.42000 3.91849
v -5.52456 0.42000 3.68038
v -5.36409 0.52000 3.08151
v -4.47544 0.52000 3.31962
v -4.63591 0.52000 3.91849
v -5.52456 0.52000 3.68038
v -5.09585 0.10750 3.81647
v -5.09585 0.37250 3.81647
v -5.14415 0.37250 3.80353
v -5.14415 0.10750 3.80353
v -4.99153 0.10750 3.84442
v -4.99153 0.37250 3.84442
v -5.03983 0.37250 3.83148
v -5.03983 0.10750 3.83148
v -5.02775 0.21500 3.83472
v -4.87610 0.21500 3.87535
v -4.87610 0.26500 3.87535
v -5.02775 0.26500 3.83472
v -4.91233 0.25250 3.86565
v -4.91233 0.10750 3.86565
v -4.86403 0.10750 3.87859
v -4.86403 0.25250 3.87859
v -5.67443 0.60000 2.74036
v -4.77786 0.60000 2.66192
v -4.72557 0.60000 3.25964
v -5.62214 0.60000 3.33808
v -5.67443 1.20000 2.74036
v -4.77786 1.20000 2.66192
v -4.72557 1.20000 3.25964
v -5.62214 1.20000 3.33808
v -5.68527 1.02000 2.73127
v -4.76877 1.02000 2.65109
v -4.71473 1.02000 3.26873
v -5.63123 1.02000 3.34891
v -5.68527 1.12000 2.73127
v -4.76877 1.12000 2.65109
v -4.71473 1.12000 3.26873
v -5.63123 1.12000 3.34891
v -5.30619 0.75573 3.30879
v -5.17283 0.95653 3.29712
v -5.21427 0.98427 3.30075
v -5.34763 0.78347 3.31242
v -5.22809 0.95653 3.30196
v -5.09473 0.75573 3.29029
v -5.05328 0.78347 3.28667
v -5.18664 0.98427 3.29833
v -5.29659 0.69500 3.30795
v -5.10432 0.69500 3.29113
v -5.10432 0.74500 3.29113
v -5.29659 0.74500 3.30795
v 0.92000 0.00000 3.30000
v 0.82627 0.00000 3.52627
v 0.60000 0.00000 3.62000
v 0.37373 0.00000 3.52627
v 0.28000 0.00000 3.30000
v 0.37373 0.00000 3.07373
v 0.60000 0.00000 2.98000
v 0.82627 0.00000 3.07373
v 0.92000 0.90000 3.30000
v 0.82627 0.90000 3.52627
v 0.60000 0.90000 3.62000
v 0.37373 0.90000 3.52627
v 0.28000 0.90000 3.30000
v 0.37373 0.90000 3.07373
v 0.60000 0.90000 2.98000
v 0.82627 0.90000 3.07373
v 0.93000 0.45000 3.30000
v 0.83335 0.45000 3.53335
v 0.60000 0.45000 3.63000
v 0.36665 0.45000 3.53335
v 0.27000 0.45000 3.30000
v 0.36665 0.45000 3.06665
v 0.60000 0.45000 2.97000
v 0.83335 0.45000 3.06665
v 0.93000 0.57000 3.30000
v 0.83335 0.57000 3.53335
v 0.60000 0.57000 3.63000
v 0.36665 0.57000 3.53335
v 0.27000 0.57000 3.30000
v 0.36665 0.57000 3.06665
v 0.60000 0.57000 2.97000
v 0.83335 0.57000 3.06665
v 0.78000 0.90000 3.30000
v 0.72728 0.90000 3.42728
v 0.60000 0.90000 3.48000
v 0.47272 0.90000 3.42728
v 0.42000 0.90000 3.30000
v 0.47272 0.90000 3.17272
v 0.60000 0.90000 3.12000
v 0.72728 0.90000 3.17272
v 0.78000 1.02000 3.30000
v 0.72728 1.02000 3.42728
v 0.60000 1.02000 3.48000
v 0.47272 1.02000 3.42728
v 0.42000 1.02000 3.30000
v 0.47272 1.02000 3.17272
v 0.60000 1.02000 3.12000
v 0.72728 1.02000 3.17272
v 1.62000 0.00000 3.60000
v 1.52627 0.00000 3.82627
v 1.30000 0.00000 3.92000
v 1.07373 0.00000 3.82627
v 0.98000 0.00000 3.60000
v 1.07373 0.00000 3.37373
v 1.30000 0.00000 3.28000
v 1.52627 0.00000 3.37373
v 1.62000 0.90000 3.60000
v 1.52627 0.90000 3.82627
v 1.30000 0.90000 3.92000
v 1.07373 0.90000 3.82627
v 0.98000 0.90000 3.60000
v 1.07373 0.90000 3.37373
v 1.30000 0.90000 3.28000
v 1.52627 0.90000 3.37373
v 1.63000 0.45000 3.60000
v 1.53335 0.45000 3.83335
v 1.30000 0.45000 3.93000
v 1.06665 0.45000 3.83335
v 0.97000 0.45000 3.60000
v 1.06665 0.45000 3.36665
v 1.30000 0.45000 3.27000
v 1.53335 0.45000 3.36665
v 1.63000 0.57000 3.60000
v 1.53335 0.57000 3.83335
v 1.30000 0.57000 3.93000
v 1.06665 0.57000 3.83335
v 0.97000 0.57000 3.60000
v 1.06665 0.57000 3.36665
v 1.30000 0.57000 3.27000
v 1.53335 0.57000 3.36665
v 1.48000 0.90000 3.60000
v 1.42728 0.90000 3.72728
v 1.30000 0.90000 3.78000
v 1.17272 0.90000 3.72728
v 1.12000 0.90000 3.60000
v 1.17272 0.90000 3.47272
v 1.30000 0.90000 3.42000
v 1.42728 0.90000 3.47272
v 1.48000 1.02000 3.60000
v 1.42728 1.02000 3.72728
v 1.30000 1.02000 3.78000
v 1.17272 1.02000 3.72728
v 1.12000 1.02000 3.60000
v 1.17272 1.02000 3.47272
v 1.30000 1.02000 3.42000
v 1.42728 1.02000 3.47272
vn 0.9749 0.0000 0.2225
vn 0.9749 0.0000 0.2225
vn 0.7818 0.0000 0.6235
vn 0.7818 0.0000 0.6235
vn 0.4339 0.0000 0.9010
vn 0.4339 0.0000 0.9010
vn 0.0000 0.0000 1.0000
vn 0.0000 0.0000 1.0000
vn -0.4339 0.0000 0.9010
vn -0.4339 0.0000 0.9010
vn -0.7818 0.0000 0.6235
vn -0.7818 0.0000 0.6235
vn -0.9749 0.0000 0.2225
vn -0.9749 0.0000 0.2225
vn -0.9749 0.0000 -0.2225
vn -0.9749 -0.0000 -0.2225
vn -0.7818 0.0000 -0.6235
vn -0.7818 -0.0000 -0.6235
vn -0.4339 0.0000 -0.9010
vn -0.4339 -0.0000 -0.9010
vn 0.0000 0.0000 -1.0000
vn 0.0000 0.0000 -1.0000
vn 0.4339 0.0000 -0.9010
vn 0.4339 0.0000 -0.9010
vn 0.7818 0.0000 -0.6235
vn 0.7818 0.0000 -0.6235
vn 0.9749 0.0000 -0.2225
vn 0.9749 0.0000 -0.2225
vn 0.0000 1.0000 0.0000
vn 0.0000 1.0000 0.0000
vn 0.0000 1.0000 0.0000
vn 0.0000 1.0000 0.0000
vn 0.0000 1.0000 0.0000
vn 0.0000 1.0000 0.0000
vn 0.0000 1.0000 0.0000
vn 0.0000 1.0000 0.0000
vn 0.0000 1.0000 0.0000
vn 0.0000 1.0000 0.0000
vn 0.0000 1.0000 -0.0000
vn 0.0000 1.0000 0.0000
vn 0.0000 -1.0000 0.0000
vn 0.0000 -1.0000 0.0000
vn 0.0000 -1.0000 0.0000
vn 0.0000 -1.0000 0.0000
vn 0.0000 -1.0000 0.0000
vn 0.0000 -1.0000 0.0000
vn -0.0000 -1.0000 0.0000
vn 0.0000 -1.0000 0.0000
vn 0.0000 -1.0000 0.0000
vn 0.0000 -1.0000 0.0000
vn 0.0000 -1.0000 0.0000
vn 0.0000 -1.0000 0.0000
vn 0.9749 0.0000 0.2225
vn 0.9749 0.0000 0.2225
vn 0.7818 0.0000 0.6235
vn 0.7818 0.0000 0.6235
vn 0.4339 0.0000 0.9010
vn 0.4339 0.0000 0.9010
vn 0.0000 0.0000 1.0000
vn 0.0000 0.0000 1.0000
vn -0.4339 0.0000 0.9010
vn -0.4339 0.0000 0.9010
vn -0.7818 0.0000 0.6235
vn -0.7818 0.0000 0.6235
vn -0.9749 0.0000 0.2225
vn -0.9749 0.0000 0.2225
vn -0.9749 0.0000 -0.2225
vn -0.9749 -0.0000 -0.2225
vn -0.7818 0.0000 -0.6235
vn -0.7818 -0.0000 -0.6235
vn -0.4339 0.0000 -0.9010
vn -0.4339 -0.0000 -0.9010
vn 0.0000 0.0000 -1.0000
vn 0.0000 0.0000 -1.0000
vn 0.4339 0.0000 -0.9010
vn 0.4339 0.0000 -0.9010
vn 0.7818 0.0000 -0.6235
vn 0.7818 0.0000 -0.6235
vn 0.9749 0.0000 -0.2225
vn 0.9749 0.0000 -0.2225
vn 0.6981 -0.6981 0.1593
vn 0.6981 -0.6981 0.1593
vn 0.5598 -0.6981 0.4464
vn 0.5598 -0.6981 0.4464
vn 0.3107 -0.6981 0.6451
vn 0.3107 -0.6981 0.6451
vn 0.0000 -0.6981 0.7160
vn 0.0000 -0.6981 0.7160
vn -0.3107 -0.6981 0.6451
vn -0.3107 -0.6981 0.6451
vn -0.5598 -0.6981 0.4464
vn -0.5598 -0.6981 0.4464
vn -0.6981 -0.6981 0.1593
vn -0.6981 -0.6981 0.1593
vn -0.6981 -0.6981 -0.1593
vn -0.6981 -0.6981 -0.1593
vn -0.5598 -0.6981 -0.4464
vn -0.5598 -0.6981 -0.4464
vn -0.3107 -0.6981 -0.6451
vn -0.3107 -0.6981 -0.6451
vn 0.0000 -0.6981 -0.7160
vn 0.0000 -0.6981 -0.7160
vn 0.3107 -0.6981 -0.6451
vn 0.3107 -0.6981 -0.6451
vn 0.5598 -0.6981 -0.4464
vn 0.5598 -0.6981 -0.4464
vn 0.6981 -0.6981 -0.1593
vn 0.6981 -0.6981 -0.1593
vn 0.9749 0.0125 0.2225
vn 0.9749 0.0125 0.2225
vn 0.7818 0.0125 0.6234
vn 0.7818 0.0125 0.6234
vn 0.4338 0.0125 0.9009
vn 0.4338 0.0125 0.9009
vn 0.0000 0.0125 0.9999
vn 0.0000 0.0125 0.9999
vn -0.4338 0.0125 0.9009
vn -0.4338 0.0125 0.9009
vn -0.7818 0.0125 0.6234
vn -0.7818 0.0125 0.6234
vn -0.9749 0.0125 0.2225
vn -0.9749 0.0125 0.2225
vn -0.9749 0.0125 -0.2225
vn -0.9749 0.0125 -0.2225
vn -0.7818 0.0125 -0.6234
vn -0.7818 0.0125 -0.6234
vn -0.4338 0.0125 -0.9009
vn -0.4338 0.0125 -0.9009
vn 0.0000 0.0125 -0.9999
vn 0.0000 0.0125 -0.9999
vn 0.4338 0.0125 -0.9009
vn 0.4338 0.0125 -0.9009
vn 0.7818 0.0125 -0.6234
vn 0.7818 0.0125 -0.6234
vn 0.9749 0.0125 -0.2225
vn 0.9749 0.0125 -0.2225
vn 0.8480 0.4934 0.1936
vn 0.8480 0.4934 0.1936
vn 0.6800 0.4934 0.5423
vn 0.6800 0.4934 0.5423
vn 0.3774 0.4934 0.7837
vn 0.3774 0.4934 0.7837
vn 0.0000 0.4934 0.8698
vn 0.0000 0.4934 0.8698
vn -0.3774 0.4934 0.7837
vn -0.3774 0.4934 0.7837
vn -0.6800 0.4934 0.5423
vn -0.6800 0.4934 0.5423
vn -0.8480 0.4934 0.1936
vn -0.8480 0.4934 0.1936
vn -0.8480 0.4934 -0.1936
vn -0.8480 0.4934 -0.1936
vn -0.6800 0.4934 -0.5423
vn -0.6800 0.4934 -0.5423
vn -0.3774 0.4934 -0.7837
vn -0.3774 0.4934 -0.7837
vn 0.0000 0.4934 -0.8698
vn 0.0000 0.4934 -0.8698
vn 0.3774 0.4934 -0.7837
vn 0.3774 0.4934 -0.7837
vn 0.6800 0.4934 -0.5423
vn 0.6800 0.4934 -0.5423
vn 0.8480 0.4934 -0.1936
vn 0.8480 0.4934 -0.1936
vn 0.9569 0.1914 0.2184
vn 0.9569 0.1914 0.2184
vn 0.7674 0.1914 0.6120
vn 0.7674 0.1914 0.6120
vn 0.4259 0.1914 0.8843
vn 0.4259 0.1914 0.8843
vn 0.0000 0.1914 0.9815
vn 0.0000 0.1914 0.9815
vn -0.4259 0.1914 0.8843
vn -0.4259 0.1914 0.8843
vn -0.7674 0.1914 0.6120
vn -0.7674 0.1914 0.6120
vn -0.9569 0.1914 0.2184
vn -0.9569 0.1914 0.2184
vn -0.9569 0.1914 -0.2184
vn -0.9569 0.1914 -0.2184
vn -0.7674 0.1914 -0.6120
vn -0.7674 0.1914 -0.6120
vn -0.4259 0.1914 -0.8843
vn -0.4259 0.1914 -0.8843
vn 0.0000 0.1914 -0.9815
vn 0.0000 0.1914 -0.9815
vn 0.4259 0.1914 -0.8843
vn 0.4259 0.1914 -0.8843
vn 0.7674 0.1914 -0.6120
vn 0.7674 0.1914 -0.6120
vn 0.9569 0.1914 -0.2184
vn 0.9569 0.1914 -0.2184
vn 0.9749 0.0000 0.2225
vn 0.9749 0.0000 0.2225
vn 0.7818 0.0000 0.6235
vn 0.7818 0.0000 0.6235
vn 0.4339 0.0000 0.9010
vn 0.4339 0.0000 0.9010
vn 0.0000 0.0000 1.0000
vn 0.0000 0.0000 1.0000
vn -0.4339 0.0000 0.9010
vn -0.4339 0.0000 0.9010
vn -0.7818 0.0000 0.6235
vn -0.7818 0.0000 0.6235
vn -0.9749 0.0000 0.2225
vn -0.9749 0.0000 0.2225
vn -0.9749 0.0000 -0.2225
vn -0.9749 -0.0000 -0.2225
vn -0.7818 0.0000 -0.6235
vn -0.7818 -0.0000 -0.6235
vn -0.4339 0.0000 -0.9010
vn -0.4339 -0.0000 -0.9010
vn 0.0000 0.0000 -1.0000
vn 0.0000 0.0000 -1.0000
vn 0.4339 0.0000 -0.9010
vn 0.4339 0.0000 -0.9010
vn 0.7818 0.0000 -0.6235
vn 0.7818 0.0000 -0.6235
vn 0.9749 0.0000 -0.2225
vn 0.9749 0.0000 -0.2225
vn 0.9749 0.0000 0.2225
vn 0.9749 0.0000 0.2225
vn 0.7818 0.0000 0.6235
vn 0.7818 0.0000 0.6235
vn 0.4339 0.0000 0.9010
vn 0.4339 0.0000 0.9010
vn 0.0000 0.0000 1.0000
vn 0.0000 0.0000 1.0000
vn -0.4339 0.0000 0.9010
vn -0.4339 0.0000 0.9010
vn -0.7818 0.0000 0.6235
vn -0.7818 0.0000 0.6235
vn -0.9749 0.0000 0.2225
vn -0.9749 0.0000 0.2225
vn -0.9749 0.0000 -0.2225
vn -0.9749 -0.0000 -0.2225
vn -0.7818 0.0000 -0.6235
vn -0.7818 -0.0000 -0.6235
vn -0.4339 0.0000 -0.9010
vn -0.4339 -0.0000 -0.9010
vn 0.0000 0.0000 -1.0000
vn 0.0000 0.0000 -1.0000
vn 0.4339 0.0000 -0.9010
vn 0.4339 0.0000 -0.9010
vn 0.7818 0.0000 -0.6235
vn 0.7818 0.0000 -0.6235
vn 0.9749 0.0000 -0.2225
vn 0.9749 0.0000 -0.2225
vn 0.9749 0.0000 0.2225
vn 0.9749 0.0000 0.2225
vn 0.7818 0.0000 0.6235
vn 0.7818 0.0000 0.6235
vn 0.4339 0.0000 0.9010
vn 0.4339 0.0000 0.9010
vn 0.0000 0.0000 1.0000
vn 0.0000 0.0000 1.0000
vn -0.4339 0.0000 0.9010
vn -0.4339 0.0000 0.9010
vn -0.7818 0.0000 0.6235
vn -0.7818 0.0000 0.6235
vn -0.9749 0.0000 0.2225
vn -0.9749 0.0000 0.2225
vn -0.9749 0.0000 -0.2225
vn -0.9749 -0.0000 -0.2225
vn -0.7818 0.0000 -0.6235
vn -0.7818 -0.0000 -0.6235
vn -0.4339 0.0000 -0.9010
vn -0.4339 -0.0000 -0.9010
vn 0.0000 0.0000 -1.0000
vn 0.0000 0.0000 -1.0000
vn 0.4339 0.0000 -0.9010
vn 0.4339 0.0000 -0.9010
vn 0.7818 0.0000 -0.6235
vn 0.7818 0.0000 -0.6235
vn 0.9749 0.0000 -0.2225
vn 0.9749 0.0000 -0.2225
vn 0.0000 -1.0000 0.0000
vn -0.0000 -1.0000 0.0000
vn -0.0000 -1.0000 0.0000
vn -0.0000 -1.0000 0.0000
vn 0.0000 -1.0000 -0.0000
vn 0.0000 -1.0000 -0.0000
vn 0.0000 -1.0000 -0.0000
vn 0.0000 -1.0000 0.0000
vn 0.0000 -1.0000 0.0000
vn 0.0000 -1.0000 0.0000
vn 0.0000 -1.0000 0.0000
vn 0.0000 -1.0000 0.0000
vn 0.0000 -1.0000 0.0000
vn 0.0000 -1.0000 0.0000
vn 0.9726 0.0695 0.2220
vn 0.9726 0.0695 0.2220
vn 0.7799 0.0695 0.6220
vn 0.7799 0.0695 0.6220
vn 0.4328 0.0695 0.8988
vn 0.4328 0.0695 0.8988
vn 0.0000 0.0695 0.9976
vn 0.0000 0.0695 0.9976
vn -0.4328 0.0695 0.8988
vn -0.4328 0.0695 0.8988
vn -0.7799 0.0695 0.6220
vn -0.7799 0.0695 0.6220
vn -0.9726 0.0695 0.2220
vn -0.9726 0.0695 0.2220
vn -0.9726 0.0695 -0.2220
vn -0.9726 0.0695 -0.2220
vn -0.7799 0.0695 -0.6220
vn -0.7799 0.0695 -0.6220
vn -0.4328 0.0695 -0.8988
vn -0.4328 0.0695 -0.8988
vn 0.0000 0.0695 -0.9976
vn 0.0000 0.0695 -0.9976
vn 0.4328 0.0695 -0.8988
vn 0.4328 0.0695 -0.8988
vn 0.7799 0.0695 -0.6220
vn 0.7799 0.0695 -0.6220
vn 0.9726 0.0695 -0.2220
vn 0.9726 0.0695 -0.2220
vn 0.9410 0.2614 0.2148
vn 0.9410 0.2614 0.2148
vn 0.7546 0.2614 0.6018
vn 0.7546 0.2614 0.6018
vn 0.4188 0.2614 0.8696
vn 0.4188 0.2614 0.8696
vn 0.0000 0.2614 0.9652
vn 0.0000 0.2614 0.9652
vn -0.4188 0.2614 0.8696
vn -0.4188 0.2614 0.8696
vn -0.7546 0.2614 0.6018
vn -0.7546 0.2614 0.6018
vn -0.9410 0.2614 0.2148
vn -0.9410 0.2614 0.2148
vn -0.9410 0.2614 -0.2148
vn -0.9410 0.2614 -0.2148
vn -0.7546 0.2614 -0.6018
vn -0.7546 0.2614 -0.6018
vn -0.4188 0.2614 -0.8696
vn -0.4188 0.2614 -0.8696
vn 0.0000 0.2614 -0.9652
vn 0.0000 0.2614 -0.9652
vn 0.4188 0.2614 -0.8696
vn 0.4188 0.2614 -0.8696
vn 0.7546 0.2614 -0.6018
vn 0.7546 0.2614 -0.6018
vn 0.9410 0.2614 -0.2148
vn 0.9410 0.2614 -0.2148
vn 0.8764 0.4382 0.2000
vn 0.8764 0.4382 0.2000
vn 0.7028 0.4382 0.5604
vn 0.7028 0.4382 0.5604
vn 0.3900 0.4382 0.8099
vn 0.3900 0.4382 0.8099
vn 0.0000 0.4382 0.8989
vn 0.0000 0.4382 0.8989
vn -0.3900 0.4382 0.8099
vn -0.3900 0.4382 0.8099
vn -0.7028 0.4382 0.5604
vn -0.7028 0.4382 0.5604
vn -0.8764 0.4382 0.2000
vn -0.8764 0.4382 0.2000
vn -0.8764 0.4382 -0.2000
vn -0.8764 0.4382 -0.2000
vn -0.7028 0.4382 -0.5604
vn -0.7028 0.4382 -0.5604
vn -0.3900 0.4382 -0.8099
vn -0.3900 0.4382 -0.8099
vn 0.0000 0.4382 -0.8989
vn 0.0000 0.4382 -0.8989
vn 0.3900 0.4382 -0.8099
vn 0.3900 0.4382 -0.8099
vn 0.7028 0.4382 -0.5604
vn 0.7028 0.4382 -0.5604
vn 0.8764 0.4382 -0.2000
vn 0.8764 0.4382 -0.2000
vn 0.7521 0.6364 0.1717
vn 0.7521 0.6364 0.1717
vn 0.6031 0.6364 0.4810
vn 0.6031 0.6364 0.4810
vn 0.3347 0.6364 0.6950
vn 0.3347 0.6364 0.6950
vn 0.0000 0.6364 0.7714
vn 0.0000 0.6364 0.7714
vn -0.3347 0.6364 0.6950
vn -0.3347 0.6364 0.6950
vn -0.6031 0.6364 0.4810
vn -0.6031 0.6364 0.4810
vn -0.7521 0.6364 0.1717
vn -0.7521 0.6364 0.1717
vn -0.7521 0.6364 -0.1717
vn -0.7521 0.6364 -0.1717
vn -0.6031 0.6364 -0.4810
vn -0.6031 0.6364 -0.4810
vn -0.3347 0.6364 -0.6950
vn -0.3347 0.6364 -0.6950
vn 0.0000 0.6364 -0.7714
vn 0.0000 0.6364 -0.7714
vn 0.3347 0.6364 -0.6950
vn 0.3347 0.6364 -0.6950
vn 0.6031 0.6364 -0.4810
vn 0.6031 0.6364 -0.4810
vn 0.7521 0.6364 -0.1717
vn 0.7521 0.6364 -0.1717
vn 0.6437 0.7510 0.1469
vn 0.6437 0.7510 0.1469
vn 0.5162 0.7510 0.4117
vn 0.5162 0.7510 0.4117
vn 0.2865 0.7510 0.5949
vn 0.2865 0.7510 0.5949
vn 0.0000 0.7510 0.6603
vn 0.0000 0.7510 0.6603
vn -0.2865 0.7510 0.5949
vn -0.2865 0.7510 0.5949
vn -0.5162 0.7510 0.4117
vn -0.5162 0.7510 0.4117
vn -0.6437 0.7510 0.1469
vn -0.6437 0.7510 0.1469
vn -0.6437 0.7510 -0.1469
vn -0.6437 0.7510 -0.1469
vn -0.5162 0.7510 -0.4117
vn -0.5162 0.7510 -0.4117
vn -0.2865 0.7510 -0.5949
vn -0.2865 0.7510 -0.5949
vn 0.0000 0.7510 -0.6603
vn 0.0000 0.7510 -0.6603
vn 0.2865 0.7510 -0.5949
vn 0.2865 0.7510 -0.5949
vn 0.5162 0.7510 -0.4117
vn 0.5162 0.7510 -0.4117
vn 0.6437 0.7510 -0.1469
vn 0.6437 0.7510 -0.1469
vn 0.0000 1.0000 0.0000
vn 0.0000 1.0000 0.0000
vn 0.0000 1.0000 0.0000
vn 0.0000 1.0000 -0.0000
vn 0.0000 1.0000 0.0000
vn 0.0000 1.0000 0.0000
vn 0.0000 1.0000 0.0000
vn 0.0000 1.0000 0.0000
vn 0.0000 1.0000 0.0000
vn 0.0000 1.0000 0.0000
vn 0.0000 1.0000 0.0000
vn 0.0000 1.0000 0.0000
vn 0.0000 1.0000 0.0000
vn -0.0000 1.0000 0.0000
vn 0.9749 0.0000 0.2225
vn 0.9749 0.0000 0.2225
vn 0.7818 0.0000 0.6235
vn 0.7818 0.0000 0.6235
vn 0.4339 0.0000 0.9010
vn 0.4339 0.0000 0.9010
vn 0.0000 0.0000 1.0000
vn 0.0000 0.0000 1.0000
vn -0.4339 0.0000 0.9010
vn -0.4339 0.0000 0.9010
vn -0.7818 0.0000 0.6235
vn -0.7818 0.0000 0.6235
vn -0.9749 0.0000 0.2225
vn -0.9749 0.0000 0.2225
vn -0.9749 0.0000 -0.2225
vn -0.9749 -0.0000 -0.2225
vn -0.7818 0.0000 -0.6235
vn -0.7818 -0.0000 -0.6235
vn -0.4339 0.0000 -0.9010
vn -0.4339 -0.0000 -0.9010
vn 0.0000 0.0000 -1.0000
vn 0.0000 0.0000 -1.0000
vn 0.4339 0.0000 -0.9010
vn 0.4339 0.0000 -0.9010
vn 0.7818 0.0000 -0.6235
vn 0.7818 0.0000 -0.6235
vn 0.9749 0.0000 -0.2225
vn 0.9749 0.0000 -0.2225
vn 0.0000 -1.0000 0.0000
vn -0.0000 -1.0000 0.0000
vn 0.0000 -1.0000 -0.0000
vn 0.0000 -1.0000 -0.0000
vn 0.0000 -1.0000 0.0000
vn 0.0000 -1.0000 0.0000
vn 0.0000 -1.0000 0.0000
vn 0.0000 -1.0000 0.0000
vn 0.8830 0.2943 0.3657
vn 0.8830 0.2943 0.3657
vn 0.3657 0.2943 0.8830
vn 0.3657 0.2943 0.8830
vn -0.3657 0.2943 0.8830
vn -0.3657 0.2943 0.8830
vn -0.8830 0.2943 0.3657
vn -0.8830 0.2943 0.3657
vn -0.8830 0.2943 -0.3657
vn -0.8830 0.2943 -0.3657
vn -0.3657 0.2943 -0.8830
vn -0.3657 0.2943 -0.8830
vn 0.3657 0.2943 -0.8830
vn 0.3657 0.2943 -0.8830
vn 0.8830 0.2943 -0.3657
vn 0.8830 0.2943 -0.3657
vn 0.5486 0.8046 0.2272
vn 0.2272 0.8046 0.5486
vn -0.2272 0.8046 0.5486
vn -0.5486 0.8046 0.2272
vn -0.5486 0.8046 -0.2272
vn -0.2272 0.8046 -0.5486
vn 0.2272 0.8046 -0.5486
vn 0.5486 0.8046 -0.2272
vn 0.9553 0.0000 0.2955
vn 0.9553 -0.0000 0.2955
vn 0.9553 -0.0000 0.2955
vn 0.9553 0.0000 0.2955
vn 0.9553 0.0000 0.2955
vn 0.9553 0.0000 0.2955
vn 0.9553 0.0000 0.2955
vn 0.9553 0.0000 0.2955
vn 0.9553 0.0000 0.2955
vn 0.9553 -0.0000 0.2955
vn 0.5992 -0.0000 0.8006
vn 0.5992 -0.0000 0.8006
vn 0.5992 0.0000 0.8006
vn 0.5992 0.0000 0.8006
vn 0.5992 0.0000 0.8006
vn 0.5992 0.0000 0.8006
vn 0.5992 0.0000 0.8006
vn 0.5992 0.0000 0.8006
vn 0.0142 -0.0000 0.9999
vn 0.0142 -0.0000 0.9999
vn 0.0142 -0.0000 0.9999
vn 0.0142 -0.0000 0.9999
vn 0.0142 0.0000 0.9999
vn 0.0142 0.0000 0.9999
vn -0.5763 0.0000 0.8173
vn -0.5763 0.0000 0.8173
vn -0.5763 0.0000 0.8173
vn -0.5763 -0.0000 0.8173
vn -0.5763 0.0000 0.8173
vn -0.5763 -0.0000 0.8173
vn -0.5763 0.0000 0.8173
vn -0.5763 0.0000 0.8173
vn -0.9466 0.0000 0.3225
vn -0.9466 -0.0000 0.3225
vn -0.9466 0.0000 0.3225
vn -0.9466 -0.0000 0.3225
vn -0.9466 0.0000 0.3225
vn -0.9466 -0.0000 0.3225
vn -0.9466 0.0000 0.3225
vn -0.9466 -0.0000 0.3225
vn -0.9466 0.0000 0.3225
vn -0.9466 0.0000 0.3225
vn -0.9553 0.0000 -0.2955
vn -0.9553 0.0000 -0.2955
vn -0.9553 -0.0000 -0.2955
vn -0.9553 0.0000 -0.2955
vn -0.9553 -0.0000 -0.2955
vn -0.9553 -0.0000 -0.2955
vn -0.9553 -0.0000 -0.2955
vn -0.9553 0.0000 -0.2955
vn -0.5992 0.0000 -0.8006
vn -0.5992 -0.0000 -0.8006
vn -0.5992 -0.0000 -0.8006
vn -0.5992 0.0000 -0.8006
vn -0.5992 0.0000 -0.8006
vn -0.5992 0.0000 -0.8006
vn -0.0142 0.0000 -0.9999
vn -0.0142 0.0000 -0.9999
vn -0.0142 0.0000 -0.9999
vn -0.0142 0.0000 -0.9999
vn -0.0142 0.0000 -0.9999
vn -0.0142 0.0000 -0.9999
vn -0.0142 -0.0000 -0.9999
vn -0.0142 0.0000 -0.9999
vn 0.5763 0.0000 -0.8173
vn 0.5763 0.0000 -0.8173
vn 0.5763 -0.0000 -0.8173
vn 0.5763 -0.0000 -0.8173
vn 0.5763 0.0000 -0.8173
vn 0.5763 0.0000 -0.8173
vn 0.9466 0.0000 -0.3225
vn 0.9466 0.0000 -0.3225
vn 0.9466 0.0000 -0.3225
vn 0.9466 0.0000 -0.3225
vn 0.9466 0.0000 -0.3225
vn 0.9466 0.0000 -0.3225
vn 0.9466 0.0000 -0.3225
vn 0.9466 0.0000 -0.3225
vn 0.9466 0.0000 -0.3225
vn 0.9466 0.0000 -0.3225
vn 0.5736 0.0000 0.8192
vn 0.5736 0.0000 0.8192
vn 0.5736 0.0000 0.8192
vn 0.5736 -0.0000 0.8192
vn 0.5736 0.0000 0.8192
vn 0.5736 -0.0000 0.8192
vn 0.5736 0.0000 0.8192
vn 0.5736 -0.0000 0.8192
vn 0.5736 -0.0000 0.8192
vn -0.5736 0.0000 -0.8192
vn -0.5736 -0.0000 -0.8192
vn -0.5736 0.0000 -0.8192
vn -0.5736 0.0000 -0.8192
vn -0.5736 -0.0000 -0.8192
vn -0.5736 -0.0000 -0.8192
vn -0.5736 -0.0000 -0.8192
vn -0.5736 0.0000 -0.8192
vn -0.5736 0.0000 -0.8192
vn 0.0000 -1.0000 -0.0000
vn 0.0000 -1.0000 0.0000
vn 0.8192 0.0000 -0.5736
vn 0.8192 0.0000 -0.5736
vn 0.7960 0.2362 -0.5574
vn 0.7960 0.2362 -0.5574
vn 0.6345 0.6324 -0.4443
vn 0.6345 0.6324 -0.4443
vn 0.3930 0.8774 -0.2752
vn 0.3930 0.8774 -0.2752
vn 0.1316 0.9870 -0.0922
vn 0.1316 0.9870 -0.0922
vn -0.1316 0.9870 0.0922
vn -0.1316 0.9870 0.0922
vn -0.3930 0.8774 0.2752
vn -0.3930 0.8774 0.2752
vn -0.6345 0.6324 0.4443
vn -0.6345 0.6324 0.4443
vn -0.7960 0.2362 0.5574
vn -0.7960 0.2362 0.5574
vn -0.8192 0.0000 0.5736
vn -0.8192 0.0000 0.5736
vn 0.5736 0.0000 0.8192
vn 0.5736 0.0000 0.8192
vn 0.5736 -0.0000 0.8192
vn 0.5736 -0.0000 0.8192
vn 0.5736 0.0000 0.8192
vn 0.5736 0.0000 0.8192
vn 0.5736 0.0000 0.8192
vn 0.5736 -0.0000 0.8192
vn 0.5736 0.0000 0.8192
vn -0.5736 0.0000 -0.8192
vn -0.5736 -0.0000 -0.8192
vn -0.5736 0.0000 -0.8192
vn -0.5736 -0.0000 -0.8192
vn -0.5736 -0.0000 -0.8192
vn -0.5736 0.0000 -0.8192
vn -0.5736 0.0000 -0.8192
vn -0.5736 0.0000 -0.8192
vn -0.5736 0.0000 -0.8192
vn 0.0000 -1.0000 -0.0000
vn 0.0000 -1.0000 0.0000
vn 0.8192 0.0000 -0.5736
vn 0.8192 0.0000 -0.5736
vn 0.8034 0.1951 -0.5626
vn 0.8034 0.1951 -0.5626
vn 0.6811 0.5556 -0.4769
vn 0.6811 0.5556 -0.4769
vn 0.4551 0.8315 -0.3187
vn 0.4551 0.8315 -0.3187
vn 0.1598 0.9808 -0.1119
vn 0.1598 0.9808 -0.1119
vn -0.1598 0.9808 0.1119
vn -0.1598 0.9808 0.1119
vn -0.4551 0.8315 0.3187
vn -0.4551 0.8315 0.3187
vn -0.6811 0.5556 0.4769
vn -0.6811 0.5556 0.4769
vn -0.8034 0.1951 0.5626
vn -0.8034 0.1951 0.5626
vn -0.8192 0.0000 0.5736
vn -0.8192 0.0000 0.5736
vn 0.0000 1.0000 0.0000
vn 0.0000 1.0000 0.0000
vn 0.8192 0.0000 -0.5736
vn 0.8192 0.0000 -0.5736
vn 0.5736 0.0000 0.8192
vn 0.5736 0.0000 0.8192
vn -0.8192 0.0000 0.5736
vn -0.8192 0.0000 0.5736
vn 0.0000 -1.0000 0.0000
vn 0.0000 -1.0000 0.0000
vn 0.0000 1.0000 0.0000
vn 0.0000 1.0000 0.0000
vn 0.8192 0.0000 -0.5736
vn 0.8192 0.0000 -0.5736
vn 0.5736 0.0000 0.8192
vn 0.5736 0.0000 0.8192
vn -0.8192 0.0000 0.5736
vn -0.8192 0.0000 0.5736
vn 0.0000 -1.0000 0.0000
vn 0.0000 -1.0000 0.0000
vn 0.0000 1.0000 0.0000
vn 0.0000 1.0000 0.0000
vn -0.5736 0.0000 -0.8192
vn -0.5736 -0.0000 -0.8192
vn 0.8192 0.0000 -0.5736
vn 0.8192 0.0000 -0.5736
vn 0.5736 0.0000 0.8192
vn 0.5736 0.0000 0.8192
vn -0.8192 0.0000 0.5736
vn -0.8192 0.0000 0.5736
vn 0.0000 -1.0000 0.0000
vn 0.0000 -1.0000 0.0000
vn 0.0000 1.0000 0.0000
vn 0.0000 1.0000 0.0000
vn -0.5736 0.0000 -0.8192
vn -0.5736 -0.0000 -0.8192
vn 0.8192 0.0000 -0.5736
vn 0.8192 0.0000 -0.5736
vn 0.5736 0.0000 0.8192
vn 0.5736 0.0000 0.8192
vn -0.8192 0.0000 0.5736
vn -0.8192 0.0000 0.5736
vn 0.0000 -1.0000 0.0000
vn 0.0000 -1.0000 0.0000
vn -0.5736 0.0000 0.8192
vn -0.5736 0.0000 0.8192
vn -0.5736 0.0000 0.8192
vn -0.5736 -0.0000 0.8192
vn -0.5736 0.0000 0.8192
vn -0.5736 0.0000 0.8192
vn -0.5736 0.0000 0.8192
vn -0.5736 0.0000 0.8192
vn -0.5736 -0.0000 0.8192
vn 0.5736 0.0000 -0.8192
vn 0.5736 0.0000 -0.8192
vn 0.5736 -0.0000 -0.8192
vn 0.5736 0.0000 -0.8192
vn 0.5736 0.0000 -0.8192
vn 0.5736 -0.0000 -0.8192
vn 0.5736 -0.0000 -0.8192
vn 0.5736 -0.0000 -0.8192
vn 0.5736 0.0000 -0.8192
vn 0.0000 -1.0000 0.0000
vn 0.0000 -1.0000 0.0000
vn 0.8192 0.0000 0.5736
vn 0.8192 -0.0000 0.5736
vn 0.7960 0.2362 0.5574
vn 0.7960 0.2362 0.5574
vn 0.6345 0.6324 0.4443
vn 0.6345 0.6324 0.4443
vn 0.3930 0.8774 0.2752
vn 0.3930 0.8774 0.2752
vn 0.1316 0.9870 0.0922
vn 0.1316 0.9870 0.0922
vn -0.1316 0.9870 -0.0922
vn -0.1316 0.9870 -0.0922
vn -0.3930 0.8774 -0.2752
vn -0.3930 0.8774 -0.2752
vn -0.6345 0.6324 -0.4443
vn -0.6345 0.6324 -0.4443
vn -0.7960 0.2362 -0.5574
vn -0.7960 0.2362 -0.5574
vn -0.8192 0.0000 -0.5736
vn -0.8192 -0.0000 -0.5736
vn -0.5736 0.0000 0.8192
vn -0.5736 0.0000 0.8192
vn -0.5736 0.0000 0.8192
vn -0.5736 -0.0000 0.8192
vn -0.5736 -0.0000 0.8192
vn -0.5736 0.0000 0.8192
vn -0.5736 -0.0000 0.8192
vn -0.5736 -0.0000 0.8192
vn -0.5736 -0.0000 0.8192
vn 0.5736 0.0000 -0.8192
vn 0.5736 0.0000 -0.8192
vn 0.5736 0.0000 -0.8192
vn 0.5736 -0.0000 -0.8192
vn 0.5736 -0.0000 -0.8192
vn 0.5736 0.0000 -0.8192
vn 0.5736 -0.0000 -0.8192
vn 0.5736 0.0000 -0.8192
vn 0.5736 -0.0000 -0.8192
vn 0.0000 -1.0000 0.0000
vn 0.0000 -1.0000 0.0000
vn 0.8192 0.0000 0.5736
vn 0.8192 -0.0000 0.5736
vn 0.8034 0.1951 0.5626
vn 0.8034 0.1951 0.5626
vn 0.6811 0.5556 0.4769
vn 0.6811 0.5556 0.4769
vn 0.4551 0.8315 0.3187
vn 0.4551 0.8315 0.3187
vn 0.1598 0.9808 0.1119
vn 0.1598 0.9808 0.1119
vn -0.1598 0.9808 -0.1119
vn -0.1598 0.9808 -0.1119
vn -0.4551 0.8315 -0.3187
vn -0.4551 0.8315 -0.3187
vn -0.6811 0.5556 -0.4769
vn -0.6811 0.5556 -0.4769
vn -0.8034 0.1951 -0.5626
vn -0.8034 0.1951 -0.5626
vn -0.8192 0.0000 -0.5736
vn -0.8192 -0.0000 -0.5736
vn 0.0000 1.0000 0.0000
vn -0.0000 1.0000 0.0000
vn 0.8192 0.0000 0.5736
vn 0.8192 0.0000 0.5736
vn -0.5736 0.0000 0.8192
vn -0.5736 0.0000 0.8192
vn -0.8192 0.0000 -0.5736
vn -0.8192 -0.0000 -0.5736
vn -0.0000 -1.0000 0.0000
vn 0.0000 -1.0000 0.0000
vn 0.0000 1.0000 0.0000
vn -0.0000 1.0000 0.0000
vn 0.8192 0.0000 0.5736
vn 0.8192 0.0000 0.5736
vn -0.5736 0.0000 0.8192
vn -0.5736 0.0000 0.8192
vn -0.8192 0.0000 -0.5736
vn -0.8192 -0.0000 -0.5736
vn -0.0000 -1.0000 0.0000
vn 0.0000 -1.0000 0.0000
vn 0.0000 1.0000 0.0000
vn -0.0000 1.0000 0.0000
vn 0.5736 0.0000 -0.8192
vn 0.5736 0.0000 -0.8192
vn 0.8192 0.0000 0.5736
vn 0.8192 0.0000 0.5736
vn -0.5736 0.0000 0.8192
vn -0.5736 0.0000 0.8192
vn -0.8192 0.0000 -0.5736
vn -0.8192 -0.0000 -0.5736
vn -0.0000 -1.0000 0.0000
vn 0.0000 -1.0000 0.0000
vn 0.0000 1.0000 0.0000
vn -0.0000 1.0000 0.0000
vn 0.5736 0.0000 -0.8192
vn 0.5736 0.0000 -0.8192
vn 0.8192 0.0000 0.5736
vn 0.8192 0.0000 0.5736
vn -0.5736 0.0000 0.8192
vn -0.5736 0.0000 0.8192
vn -0.8192 0.0000 -0.5736
vn -0.8192 -0.0000 -0.5736
vn -0.0000 -1.0000 0.0000
vn 0.0000 -1.0000 0.0000
vn 0.7286 -0.3090 -0.6113
vn 0.7286 -0.3090 -0.6113
vn 0.4503 -0.8090 -0.3778
vn 0.4503 -0.8090 -0.3778
vn 0.0000 -1.0000 0.0000
vn -0.0000 -1.0000 0.0000
vn -0.4503 -0.8090 0.3778
vn -0.4503 -0.8090 0.3778
vn -0.7286 -0.3090 0.6113
vn -0.7286 -0.3090 0.6113
vn -0.7286 0.3090 0.6113
vn -0.7286 0.3090 0.6113
vn -0.4503 0.8090 0.3778
vn -0.4503 0.8090 0.3778
vn 0.0000 1.0000 0.0000
vn 0.0000 1.0000 0.0000
vn 0.4503 0.8090 -0.3778
vn 0.4503 0.8090 -0.3778
vn 0.7286 0.3090 -0.6113
vn 0.7286 0.3090 -0.6113
vn 0.6428 -0.0000 0.7660
vn 0.6428 0.0000 0.7660
vn 0.6428 0.0000 0.7660
vn 0.6428 -0.0000 0.7660
vn 0.6428 0.0000 0.7660
vn 0.6428 0.0000 0.7660
vn 0.6428 0.0000 0.7660
vn 0.6428 0.0000 0.7660
vn 0.7286 -0.3090 -0.6113
vn 0.7286 -0.3090 -0.6113
vn 0.4503 -0.8090 -0.3778
vn 0.4503 -0.8090 -0.3778
vn 0.0000 -1.0000 0.0000
vn -0.0000 -1.0000 0.0000
vn -0.4503 -0.8090 0.3778
vn -0.4503 -0.8090 0.3778
vn -0.7286 -0.3090 0.6113
vn -0.7286 -0.3090 0.6113
vn -0.7286 0.3090 0.6113
vn -0.7286 0.3090 0.6113
vn -0.4503 0.8090 0.3778
vn -0.4503 0.8090 0.3778
vn 0.0000 1.0000 0.0000
vn 0.0000 1.0000 0.0000
vn 0.4503 0.8090 -0.3778
vn 0.4503 0.8090 -0.3778
vn 0.7286 0.3090 -0.6113
vn 0.7286 0.3090 -0.6113
vn 0.6428 0.0000 0.7660
vn 0.6428 0.0000 0.7660
vn 0.6428 0.0000 0.7660
vn 0.6428 0.0000 0.7660
vn 0.6428 -0.0000 0.7660
vn 0.6428 0.0000 0.7660
vn 0.6428 0.0000 0.7660
vn 0.6428 0.0000 0.7660
vn 0.9511 -0.3090 0.0000
vn 0.9511 -0.3090 0.0000
vn 0.5878 -0.8090 0.0000
vn 0.5878 -0.8090 0.0000
vn -0.0000 -1.0000 0.0000
vn 0.0000 -1.0000 -0.0000
vn -0.5878 -0.8090 0.0000
vn -0.5878 -0.8090 -0.0000
vn -0.9511 -0.3090 0.0000
vn -0.9511 -0.3090 -0.0000
vn -0.9511 0.3090 0.0000
vn -0.9511 0.3090 0.0000
vn -0.5878 0.8090 0.0000
vn -0.5878 0.8090 0.0000
vn -0.0000 1.0000 0.0000
vn 0.0000 1.0000 0.0000
vn 0.5878 0.8090 0.0000
vn 0.5878 0.8090 0.0000
vn 0.9511 0.3090 0.0000
vn 0.9511 0.3090 0.0000
vn 0.0000 0.0000 1.0000
vn 0.0000 0.0000 1.0000
vn 0.0000 0.0000 1.0000
vn 0.0000 0.0000 1.0000
vn 0.0000 0.0000 1.0000
vn 0.0000 0.0000 1.0000
vn 0.0000 0.0000 1.0000
vn 0.0000 0.0000 1.0000
vn 0.9511 -0.3090 0.0000
vn 0.9511 -0.3090 0.0000
vn 0.5878 -0.8090 0.0000
vn 0.5878 -0.8090 0.0000
vn -0.0000 -1.0000 0.0000
vn 0.0000 -1.0000 -0.0000
vn -0.5878 -0.8090 0.0000
vn -0.5878 -0.8090 -0.0000
vn -0.9511 -0.3090 0.0000
vn -0.9511 -0.3090 -0.0000
vn -0.9511 0.3090 0.0000
vn -0.9511 0.3090 0.0000
vn -0.5878 0.8090 0.0000
vn -0.5878 0.8090 0.0000
vn -0.0000 1.0000 0.0000
vn 0.0000 1.0000 0.0000
vn 0.5878 0.8090 0.0000
vn 0.5878 0.8090 0.0000
vn 0.9511 0.3090 0.0000
vn 0.9511 0.3090 0.0000
vn 0.0000 0.0000 1.0000
vn 0.0000 0.0000 1.0000
vn 0.0000 0.0000 1.0000
vn 0.0000 0.0000 1.0000
vn 0.0000 0.0000 1.0000
vn 0.0000 0.0000 1.0000
vn -0.0000 0.0000 1.0000
vn -0.0000 0.0000 1.0000
vn 0.7286 -0.3090 0.6113
vn 0.7286 -0.3090 0.6113
vn 0.4503 -0.8090 0.3778
vn 0.4503 -0.8090 0.3778
vn 0.0000 -1.0000 0.0000
vn 0.0000 -1.0000 -0.0000
vn -0.4503 -0.8090 -0.3778
vn -0.4503 -0.8090 -0.3778
vn -0.7286 -0.3090 -0.6113
vn -0.7286 -0.3090 -0.6113
vn -0.7286 0.3090 -0.6113
vn -0.7286 0.3090 -0.6113
vn -0.4503 0.8090 -0.3778
vn -0.4503 0.8090 -0.3778
vn 0.0000 1.0000 0.0000
vn -0.0000 1.0000 0.0000
vn 0.4503 0.8090 0.3778
vn 0.4503 0.8090 0.3778
vn 0.7286 0.3090 0.6113
vn 0.7286 0.3090 0.6113
vn -0.6428 0.0000 0.7660
vn -0.6428 0.0000 0.7660
vn -0.6428 -0.0000 0.7660
vn -0.6428 0.0000 0.7660
vn -0.6428 0.0000 0.7660
vn -0.6428 -0.0000 0.7660
vn -0.6428 0.0000 0.7660
vn -0.6428 0.0000 0.7660
vn 0.7286 -0.3090 0.6113
vn 0.7286 -0.3090 0.6113
vn 0.4503 -0.8090 0.3778
vn 0.4503 -0.8090 0.3778
vn 0.0000 -1.0000 0.0000
vn 0.0000 -1.0000 -0.0000
vn -0.4503 -0.8090 -0.3778
vn -0.4503 -0.8090 -0.3778
vn -0.7286 -0.3090 -0.6113
vn -0.7286 -0.3090 -0.6113
vn -0.7286 0.3090 -0.6113
vn -0.7286 0.3090 -0.6113
vn -0.4503 0.8090 -0.3778
vn -0.4503 0.8090 -0.3778
vn 0.0000 1.0000 0.0000
vn -0.0000 1.0000 0.0000
vn 0.4503 0.8090 0.3778
vn 0.4503 0.8090 0.3778
vn 0.7286 0.3090 0.6113
vn 0.7286 0.3090 0.6113
vn -0.6428 -0.0000 0.7660
vn -0.6428 0.0000 0.7660
vn -0.6428 0.0000 0.7660
vn -0.6428 0.0000 0.7660
vn -0.6428 -0.0000 0.7660
vn -0.6428 0.0000 0.7660
vn -0.6428 0.0000 0.7660
vn -0.6428 0.0000 0.7660
vn -0.8236 -0.3090 -0.4755
vn -0.8236 -0.3090 -0.4755
vn -0.5090 -0.8090 -0.2939
vn -0.5090 -0.8090 -0.2939
vn 0.0000 -1.0000 0.0000
vn 0.0000 -1.0000 0.0000
vn 0.5090 -0.8090 0.2939
vn 0.5090 -0.8090 0.2939
vn 0.8236 -0.3090 0.4755
vn 0.8236 -0.3090 0.4755
vn 0.8236 0.3090 0.4755
vn 0.8236 0.3090 0.4755
vn 0.5090 0.8090 0.2939
vn 0.5090 0.8090 0.2939
vn 0.0000 1.0000 0.0000
vn 0.0000 1.0000 0.0000
vn -0.5090 0.8090 -0.2939
vn -0.5090 0.8090 -0.2939
vn -0.8236 0.3090 -0.4755
vn -0.8236 0.3090 -0.4755
vn 0.5000 -0.0000 -0.8660
vn 0.5000 0.0000 -0.8660
vn 0.5000 0.0000 -0.8660
vn 0.5000 -0.0000 -0.8660
vn 0.5000 -0.0000 -0.8660
vn 0.5000 0.0000 -0.8660
vn 0.5000 0.0000 -0.8660
vn 0.5000 0.0000 -0.8660
vn -0.8236 -0.3090 -0.4755
vn -0.8236 -0.3090 -0.4755
vn -0.5090 -0.8090 -0.2939
vn -0.5090 -0.8090 -0.2939
vn 0.0000 -1.0000 0.0000
vn 0.0000 -1.0000 0.0000
vn 0.5090 -0.8090 0.2939
vn 0.5090 -0.8090 0.2939
vn 0.8236 -0.3090 0.4755
vn 0.8236 -0.3090 0.4755
vn 0.8236 0.3090 0.4755
vn 0.8236 0.3090 0.4755
vn 0.5090 0.8090 0.2939
vn 0.5090 0.8090 0.2939
vn 0.0000 1.0000 0.0000
vn 0.0000 1.0000 0.0000
vn -0.5090 0.8090 -0.2939
vn -0.5090 0.8090 -0.2939
vn -0.8236 0.3090 -0.4755
vn -0.8236 0.3090 -0.4755
vn 0.5000 0.0000 -0.8660
vn 0.5000 0.0000 -0.8660
vn 0.5000 -0.0000 -0.8660
vn 0.5000 0.0000 -0.8660
vn 0.5000 0.0000 -0.8660
vn 0.5000 0.0000 -0.8660
vn 0.5000 0.0000 -0.8660
vn 0.5000 0.0000 -0.8660
vn -0.8236 -0.3090 0.4755
vn -0.8236 -0.3090 0.4755
vn -0.5090 -0.8090 0.2939
vn -0.5090 -0.8090 0.2939
vn 0.0000 -1.0000 0.0000
vn 0.0000 -1.0000 0.0000
vn 0.5090 -0.8090 -0.2939
vn 0.5090 -0.8090 -0.2939
vn 0.8236 -0.3090 -0.4755
vn 0.8236 -0.3090 -0.4755
vn 0.8236 0.3090 -0.4755
vn 0.8236 0.3090 -0.4755
vn 0.5090 0.8090 -0.2939
vn 0.5090 0.8090 -0.2939
vn 0.0000 1.0000 0.0000
vn 0.0000 1.0000 -0.0000
vn -0.5090 0.8090 0.2939
vn -0.5090 0.8090 0.2939
vn -0.8236 0.3090 0.4755
vn -0.8236 0.3090 0.4755
vn -0.5000 0.0000 -0.8660
vn -0.5000 -0.0000 -0.8660
vn -0.5000 0.0000 -0.8660
vn -0.5000 -0.0000 -0.8660
vn -0.5000 0.0000 -0.8660
vn -0.5000 0.0000 -0.8660
vn -0.5000 0.0000 -0.8660
vn -0.5000 0.0000 -0.8660
vn -0.8236 -0.3090 0.4755
vn -0.8236 -0.3090 0.4755
vn -0.5090 -0.8090 0.2939
vn -0.5090 -0.8090 0.2939
vn 0.0000 -1.0000 0.0000
vn 0.0000 -1.0000 0.0000
vn 0.5090 -0.8090 -0.2939
vn 0.5090 -0.8090 -0.2939
vn 0.8236 -0.3090 -0.4755
vn 0.8236 -0.3090 -0.4755
vn 0.8236 0.3090 -0.4755
vn 0.8236 0.3090 -0.4755
vn 0.5090 0.8090 -0.2939
vn 0.5090 0.8090 -0.2939
vn 0.0000 1.0000 0.0000
vn 0.0000 1.0000 -0.0000
vn -0.5090 0.8090 0.2939
vn -0.5090 0.8090 0.2939
vn -0.8236 0.3090 0.4755
vn -0.8236 0.3090 0.4755
vn -0.5000 0.0000 -0.8660
vn -0.5000 -0.0000 -0.8660
vn -0.5000 0.0000 -0.8660
vn -0.5000 -0.0000 -0.8660
vn -0.5000 0.0000 -0.8660
vn -0.5000 -0.0000 -0.8660
vn -0.5000 -0.0000 -0.8660
vn -0.5000 -0.0000 -0.8660
vn 0.0000 -0.0000 -1.0000
vn -0.0000 0.0000 -1.0000
vn 0.0000 0.0000 -1.0000
vn 0.0000 0.0000 -1.0000
vn 0.0000 0.0000 -1.0000
vn 0.0000 0.0000 -1.0000
vn 0.0000 0.0000 -1.0000
vn 0.0000 0.0000 -1.0000
vn 0.0000 0.0000 -1.0000
vn 0.0000 0.0000 1.0000
vn -0.0000 0.0000 1.0000
vn 0.0000 0.0000 1.0000
vn 0.0000 0.0000 1.0000
vn 0.0000 0.0000 1.0000
vn 0.0000 0.0000 1.0000
vn 0.0000 0.0000 1.0000
vn 0.0000 0.0000 1.0000
vn 0.0000 0.0000 1.0000
vn 0.0000 -1.0000 0.0000
vn 0.0000 -1.0000 0.0000
vn -1.0000 0.0000 0.0000
vn -1.0000 0.0000 0.0000
vn -0.9717 0.2362 0.0000
vn -0.9717 0.2362 0.0000
vn -0.7746 0.6324 0.0000
vn -0.7746 0.6324 0.0000
vn -0.4798 0.8774 0.0000
vn -0.4798 0.8774 0.0000
vn -0.1607 0.9870 0.0000
vn -0.1607 0.9870 0.0000
vn 0.1607 0.9870 -0.0000
vn 0.1607 0.9870 0.0000
vn 0.4798 0.8774 -0.0000
vn 0.4798 0.8774 0.0000
vn 0.7746 0.6324 -0.0000
vn 0.7746 0.6324 0.0000
vn 0.9717 0.2362 -0.0000
vn 0.9717 0.2362 0.0000
vn 1.0000 0.0000 -0.0000
vn 1.0000 0.0000 0.0000
vn 0.0000 -0.0000 -1.0000
vn -0.0000 0.0000 -1.0000
vn 0.0000 0.0000 -1.0000
vn 0.0000 0.0000 -1.0000
vn 0.0000 0.0000 -1.0000
vn 0.0000 0.0000 -1.0000
vn 0.0000 0.0000 -1.0000
vn 0.0000 0.0000 -1.0000
vn 0.0000 0.0000 -1.0000
vn 0.0000 0.0000 1.0000
vn -0.0000 0.0000 1.0000
vn 0.0000 0.0000 1.0000
vn 0.0000 0.0000 1.0000
vn 0.0000 0.0000 1.0000
vn 0.0000 0.0000 1.0000
vn 0.0000 0.0000 1.0000
vn 0.0000 0.0000 1.0000
vn 0.0000 0.0000 1.0000
vn 0.0000 -1.0000 0.0000
vn 0.0000 -1.0000 0.0000
vn -1.0000 0.0000 0.0000
vn -1.0000 0.0000 0.0000
vn -0.9808 0.1951 0.0000
vn -0.9808 0.1951 0.0000
vn -0.8315 0.5556 0.0000
vn -0.8315 0.5556 0.0000
vn -0.5556 0.8315 0.0000
vn -0.5556 0.8315 0.0000
vn -0.1951 0.9808 0.0000
vn -0.1951 0.9808 0.0000
vn 0.1951 0.9808 -0.0000
vn 0.1951 0.9808 0.0000
vn 0.5556 0.8315 -0.0000
vn 0.5556 0.8315 0.0000
vn 0.8315 0.5556 -0.0000
vn 0.8315 0.5556 0.0000
vn 0.9808 0.1951 -0.0000
vn 0.9808 0.1951 0.0000
vn 1.0000 0.0000 -0.0000
vn 1.0000 0.0000 0.0000
vn 0.0000 1.0000 0.0000
vn 0.0000 1.0000 -0.0000
vn -1.0000 0.0000 -0.0000
vn -1.0000 -0.0000 0.0000
vn 0.0000 0.0000 -1.0000
vn 0.0000 0.0000 -1.0000
vn 1.0000 0.0000 -0.0000
vn 1.0000 0.0000 0.0000
vn 0.0000 -1.0000 0.0000
vn 0.0000 -1.0000 0.0000
vn 0.0000 1.0000 0.0000
vn 0.0000 1.0000 -0.0000
vn -1.0000 0.0000 -0.0000
vn -1.0000 -0.0000 0.0000
vn 0.0000 0.0000 -1.0000
vn 0.0000 0.0000 -1.0000
vn 1.0000 0.0000 -0.0000
vn 1.0000 0.0000 0.0000
vn 0.0000 -1.0000 0.0000
vn 0.0000 -1.0000 0.0000
vn 0.0000 1.0000 0.0000
vn 0.0000 1.0000 -0.0000
vn 0.0000 0.0000 1.0000
vn 0.0000 0.0000 1.0000
vn -1.0000 0.0000 -0.0000
vn -1.0000 -0.0000 0.0000
vn 0.0000 0.0000 -1.0000
vn 0.0000 0.0000 -1.0000
vn 1.0000 0.0000 -0.0000
vn 1.0000 0.0000 0.0000
vn 0.0000 -1.0000 0.0000
vn 0.0000 -1.0000 0.0000
vn 0.0000 1.0000 0.0000
vn 0.0000 1.0000 -0.0000
vn 0.0000 0.0000 1.0000
vn 0.0000 0.0000 1.0000
vn -1.0000 0.0000 -0.0000
vn -1.0000 -0.0000 0.0000
vn 0.0000 0.0000 -1.0000
vn 0.0000 0.0000 -1.0000
vn 1.0000 0.0000 -0.0000
vn 1.0000 0.0000 0.0000
vn 0.0000 -1.0000 0.0000
vn 0.0000 -1.0000 0.0000
vn -0.0000 1.0000 0.0000
vn 0.0000 1.0000 0.0000
vn 0.0000 0.0000 -1.0000
vn 0.0000 0.0000 -1.0000
vn 1.0000 0.0000 -0.0000
vn 1.0000 0.0000 0.0000
vn 0.0000 0.0000 1.0000
vn 0.0000 0.0000 1.0000
vn -1.0000 0.0000 -0.0000
vn -1.0000 -0.0000 0.0000
vn 0.0000 -1.0000 0.0000
vn 0.0000 -1.0000 0.0000
vn -0.0000 1.0000 0.0000
vn 0.0000 1.0000 0.0000
vn 0.0000 0.0000 -1.0000
vn 0.0000 0.0000 -1.0000
vn 1.0000 0.0000 -0.0000
vn 1.0000 0.0000 0.0000
vn 0.0000 0.0000 1.0000
vn 0.0000 0.0000 1.0000
vn -1.0000 0.0000 -0.0000
vn -1.0000 -0.0000 0.0000
vn 0.0000 -1.0000 0.0000
vn 0.0000 -1.0000 0.0000
vn 0.6290 -0.6290 0.4570
vn -0.2402 -0.6290 0.7394
vn -0.7774 -0.6290 -0.0000
vn -0.2402 -0.6290 -0.7394
vn 0.6290 -0.6290 -0.4570
vn 0.6290 0.6290 0.4570
vn -0.2402 0.6290 0.7394
vn -0.7774 0.6290 0.0000
vn -0.2402 0.6290 -0.7394
vn 0.6290 0.6290 -0.4570
vn 0.6290 -0.6290 0.4570
vn -0.2402 -0.6290 0.7394
vn -0.7774 -0.6290 -0.0000
vn -0.2402 -0.6290 -0.7394
vn 0.6290 -0.6290 -0.4570
vn 0.6290 0.6290 0.4570
vn -0.2402 0.6290 0.7394
vn -0.7774 0.6290 0.0000
vn -0.2402 0.6290 -0.7394
vn 0.6290 0.6290 -0.4570
vn 0.6290 -0.6290 0.4570
vn -0.2402 -0.6290 0.7394
vn -0.7774 -0.6290 -0.0000
vn -0.2402 -0.6290 -0.7394
vn 0.6290 -0.6290 -0.4570
vn 0.6290 0.6290 0.4570
vn -0.2402 0.6290 0.7394
vn -0.7774 0.6290 0.0000
vn -0.2402 0.6290 -0.7394
vn 0.6290 0.6290 -0.4570
vn 0.6290 -0.6290 0.4570
vn -0.2402 -0.6290 0.7394
vn -0.7774 -0.6290 -0.0000
vn -0.2402 -0.6290 -0.7394
vn 0.6290 -0.6290 -0.4570
vn 0.6290 0.6290 0.4570
vn -0.2402 0.6290 0.7394
vn -0.7774 0.6290 0.0000
vn -0.2402 0.6290 -0.7394
vn 0.6290 0.6290 -0.4570
vn 0.6290 -0.6290 0.4570
vn -0.2402 -0.6290 0.7394
vn -0.7774 -0.6290 -0.0000
vn -0.2402 -0.6290 -0.7394
vn 0.6290 -0.6290 -0.4570
vn 0.6290 0.6290 0.4570
vn -0.2402 0.6290 0.7394
vn -0.7774 0.6290 0.0000
vn -0.2402 0.6290 -0.7394
vn 0.6290 0.6290 -0.4570
vn 0.6290 -0.6290 0.4570
vn -0.2402 -0.6290 0.7394
vn -0.7774 -0.6290 -0.0000
vn -0.2402 -0.6290 -0.7394
vn 0.6290 -0.6290 -0.4570
vn 0.6290 0.6290 0.4570
vn -0.2402 0.6290 0.7394
vn -0.7774 0.6290 0.0000
vn -0.2402 0.6290 -0.7394
vn 0.6290 0.6290 -0.4570
vn 0.6290 -0.6290 0.4570
vn -0.2402 -0.6290 0.7394
vn -0.7774 -0.6290 -0.0000
vn -0.2402 -0.6290 -0.7394
vn 0.6290 -0.6290 -0.4570
vn 0.6290 0.6290 0.4570
vn -0.2402 0.6290 0.7394
vn -0.7774 0.6290 0.0000
vn -0.2402 0.6290 -0.7394
vn 0.6290 0.6290 -0.4570
vn 0.6290 -0.6290 0.4570
vn -0.2402 -0.6290 0.7394
vn -0.7774 -0.6290 -0.0000
vn -0.2402 -0.6290 -0.7394
vn 0.6290 -0.6290 -0.4570
vn 0.6290 0.6290 0.4570
vn -0.2402 0.6290 0.7394
vn -0.7774 0.6290 0.0000
vn -0.2402 0.6290 -0.7394
vn 0.6290 0.6290 -0.4570
vn 0.6290 -0.6290 0.4570
vn -0.2402 -0.6290 0.7394
vn -0.7774 -0.6290 -0.0000
vn -0.2402 -0.6290 -0.7394
vn 0.6290 -0.6290 -0.4570
vn 0.6290 0.6290 0.4570
vn -0.2402 0.6290 0.7394
vn -0.7774 0.6290 0.0000
vn -0.2402 0.6290 -0.7394
vn 0.6290 0.6290 -0.4570
vn 0.6290 -0.6290 0.4570
vn -0.2402 -0.6290 0.7394
vn -0.7774 -0.6290 -0.0000
vn -0.2402 -0.6290 -0.7394
vn 0.6290 -0.6290 -0.4570
vn 0.6290 0.6290 0.4570
vn -0.2402 0.6290 0.7394
vn -0.7774 0.6290 0.0000
vn -0.2402 0.6290 -0.7394
vn 0.6290 0.6290 -0.4570
vn 0.6290 -0.6290 0.4570
vn -0.2402 -0.6290 0.7394
vn -0.7774 -0.6290 -0.0000
vn -0.2402 -0.6290 -0.7394
vn 0.6290 -0.6290 -0.4570
vn 0.6290 0.6290 0.4570
vn -0.2402 0.6290 0.7394
vn -0.7774 0.6290 0.0000
vn -0.2402 0.6290 -0.7394
vn 0.6290 0.6290 -0.4570
vn 0.6290 -0.6290 0.4570
vn -0.2402 -0.6290 0.7394
vn -0.7774 -0.6290 -0.0000
vn -0.2402 -0.6290 -0.7394
vn 0.6290 -0.6290 -0.4570
vn 0.6290 0.6290 0.4570
vn -0.2402 0.6290 0.7394
vn -0.7774 0.6290 0.0000
vn -0.2402 0.6290 -0.7394
vn 0.6290 0.6290 -0.4570
vn -0.0000 1.0000 0.0000
vn 0.0000 1.0000 0.0000
vn 0.0000 0.0000 -1.0000
vn 0.0000 0.0000 -1.0000
vn 1.0000 0.0000 -0.0000
vn 1.0000 0.0000 0.0000
vn 0.0000 0.0000 1.0000
vn 0.0000 0.0000 1.0000
vn -1.0000 0.0000 -0.0000
vn -1.0000 -0.0000 0.0000
vn 0.0000 -1.0000 0.0000
vn 0.0000 -1.0000 0.0000
vn -0.0000 1.0000 0.0000
vn 0.0000 1.0000 0.0000
vn 0.0000 0.0000 -1.0000
vn 0.0000 0.0000 -1.0000
vn 1.0000 0.0000 -0.0000
vn 1.0000 0.0000 0.0000
vn 0.0000 0.0000 1.0000
vn 0.0000 0.0000 1.0000
vn -1.0000 0.0000 -0.0000
vn -1.0000 -0.0000 0.0000
vn -0.0000 1.0000 0.0000
vn 0.0000 1.0000 0.0000
vn 0.0000 0.0000 -1.0000
vn 0.0000 0.0000 -1.0000
vn 1.0000 0.0000 -0.0000
vn 1.0000 0.0000 0.0000
vn 0.0000 0.0000 1.0000
vn 0.0000 0.0000 1.0000
vn -1.0000 0.0000 -0.0000
vn -1.0000 -0.0000 0.0000
vn 0.0000 -1.0000 0.0000
vn 0.0000 -1.0000 0.0000
vn -0.0000 1.0000 0.0000
vn 0.0000 1.0000 0.0000
vn 0.0000 0.0000 -1.0000
vn 0.0000 0.0000 -1.0000
vn 1.0000 0.0000 -0.0000
vn 1.0000 0.0000 0.0000
vn 0.0000 0.0000 1.0000
vn 0.0000 0.0000 1.0000
vn -1.0000 0.0000 -0.0000
vn -1.0000 -0.0000 0.0000
vn -0.0000 1.0000 0.0000
vn 0.0000 1.0000 0.0000
vn 0.0000 0.0000 -1.0000
vn 0.0000 0.0000 -1.0000
vn 1.0000 0.0000 -0.0000
vn 1.0000 0.0000 0.0000
vn 0.0000 0.0000 1.0000
vn 0.0000 0.0000 1.0000
vn -1.0000 0.0000 -0.0000
vn -1.0000 -0.0000 0.0000
vn 0.0000 -1.0000 0.0000
vn 0.0000 -1.0000 0.0000
vn -0.0000 1.0000 0.0000
vn 0.0000 1.0000 0.0000
vn 0.0000 0.0000 -1.0000
vn 0.0000 0.0000 -1.0000
vn 1.0000 0.0000 -0.0000
vn 1.0000 0.0000 0.0000
vn 0.0000 0.0000 1.0000
vn 0.0000 0.0000 1.0000
vn -1.0000 0.0000 -0.0000
vn -1.0000 -0.0000 0.0000
vn 0.0000 -1.0000 0.0000
vn 0.0000 -1.0000 0.0000
vn 0.5774 -0.5774 0.5774
vn -0.5774 -0.5774 0.5774
vn -0.5774 -0.5774 -0.5774
vn 0.5774 -0.5774 -0.5774
vn 0.5774 0.5774 0.5774
vn -0.5774 0.5774 0.5774
vn -0.5774 0.5774 -0.5774
vn 0.5774 0.5774 -0.5774
vn 0.5774 -0.5774 0.5774
vn -0.5774 -0.5774 0.5774
vn -0.5774 -0.5774 -0.5774
vn 0.5774 -0.5774 -0.5774
vn 0.5774 0.5774 0.5774
vn -0.5774 0.5774 0.5774
vn -0.5774 0.5774 -0.5774
vn 0.5774 0.5774 -0.5774
vn 0.5774 -0.5774 0.5774
vn -0.5774 -0.5774 0.5774
vn -0.5774 -0.5774 -0.5774
vn 0.5774 -0.5774 -0.5774
vn 0.5774 0.5774 0.5774
vn -0.5774 0.5774 0.5774
vn -0.5774 0.5774 -0.5774
vn 0.5774 0.5774 -0.5774
vn 0.5774 -0.5774 0.5774
vn -0.5774 -0.5774 0.5774
vn -0.5774 -0.5774 -0.5774
vn 0.5774 -0.5774 -0.5774
vn 0.5774 0.5774 0.5774
vn -0.5774 0.5774 0.5774
vn -0.5774 0.5774 -0.5774
vn 0.5774 0.5774 -0.5774
vn -0.0000 1.0000 0.0000
vn 0.0000 1.0000 0.0000
vn 0.0000 0.0000 -1.0000
vn 0.0000 0.0000 -1.0000
vn 1.0000 0.0000 -0.0000
vn 1.0000 0.0000 0.0000
vn 0.0000 0.0000 1.0000
vn 0.0000 0.0000 1.0000
vn -1.0000 0.0000 -0.0000
vn -1.0000 -0.0000 0.0000
vn 0.0000 -1.0000 0.0000
vn 0.0000 -1.0000 0.0000
vn 0.5774 -0.5774 0.5774
vn -0.5774 -0.5774 0.5774
vn -0.5774 -0.5774 -0.5774
vn 0.5774 -0.5774 -0.5774
vn 0.5774 0.5774 0.5774
vn -0.5774 0.5774 0.5774
vn -0.5774 0.5774 -0.5774
vn 0.5774 0.5774 -0.5774
vn 0.5774 -0.5774 0.5774
vn -0.5774 -0.5774 0.5774
vn -0.5774 -0.5774 -0.5774
vn 0.5774 -0.5774 -0.5774
vn 0.5774 0.5774 0.5774
vn -0.5774 0.5774 0.5774
vn -0.5774 0.5774 -0.5774
vn 0.5774 0.5774 -0.5774
vn 0.5774 -0.5774 0.5774
vn -0.5774 -0.5774 0.5774
vn -0.5774 -0.5774 -0.5774
vn 0.5774 -0.5774 -0.5774
vn 0.5774 0.5774 0.5774
vn -0.5774 0.5774 0.5774
vn -0.5774 0.5774 -0.5774
vn 0.5774 0.5774 -0.5774
vn 0.5774 -0.5774 0.5774
vn -0.5774 -0.5774 0.5774
vn -0.5774 -0.5774 -0.5774
vn 0.5774 -0.5774 -0.5774
vn 0.5774 0.5774 0.5774
vn -0.5774 0.5774 0.5774
vn -0.5774 0.5774 -0.5774
vn 0.5774 0.5774 -0.5774
vn -0.0000 1.0000 0.0000
vn 0.0000 1.0000 0.0000
vn 0.0000 0.0000 -1.0000
vn 0.0000 0.0000 -1.0000
vn 1.0000 0.0000 -0.0000
vn 1.0000 0.0000 0.0000
vn 0.0000 0.0000 1.0000
vn 0.0000 0.0000 1.0000
vn -1.0000 0.0000 -0.0000
vn -1.0000 -0.0000 0.0000
vn 0.0000 -1.0000 0.0000
vn 0.0000 -1.0000 0.0000
vn 0.5774 -0.5774 0.5774
vn -0.5774 -0.5774 0.5774
vn -0.5774 -0.5774 -0.5774
vn 0.5774 -0.5774 -0.5774
vn 0.5774 0.5774 0.5774
vn -0.5774 0.5774 0.5774
vn -0.5774 0.5774 -0.5774
vn 0.5774 0.5774 -0.5774
vn 0.5774 -0.5774 0.5774
vn -0.5774 -0.5774 0.5774
vn -0.5774 -0.5774 -0.5774
vn 0.5774 -0.5774 -0.5774
vn 0.5774 0.5774 0.5774
vn -0.5774 0.5774 0.5774
vn -0.5774 0.5774 -0.5774
vn 0.5774 0.5774 -0.5774
vn 0.5774 -0.5774 0.5774
vn -0.5774 -0.5774 0.5774
vn -0.5774 -0.5774 -0.5774
vn 0.5774 -0.5774 -0.5774
vn 0.5774 0.5774 0.5774
vn -0.5774 0.5774 0.5774
vn -0.5774 0.5774 -0.5774
vn 0.5774 0.5774 -0.5774
vn 0.5774 -0.5774 0.5774
vn -0.5774 -0.5774 0.5774
vn -0.5774 -0.5774 -0.5774
vn 0.5774 -0.5774 -0.5774
vn 0.5774 0.5774 0.5774
vn -0.5774 0.5774 0.5774
vn -0.5774 0.5774 -0.5774
vn 0.5774 0.5774 -0.5774
vn -0.0000 1.0000 0.0000
vn 0.0000 1.0000 0.0000
vn 0.0000 0.0000 -1.0000
vn 0.0000 0.0000 -1.0000
vn 1.0000 0.0000 -0.0000
vn 1.0000 0.0000 0.0000
vn 0.0000 0.0000 1.0000
vn 0.0000 0.0000 1.0000
vn -1.0000 0.0000 -0.0000
vn -1.0000 -0.0000 0.0000
vn 0.0000 -1.0000 0.0000
vn 0.0000 -1.0000 0.0000
vn 0.5774 -0.5774 0.5774
vn -0.5774 -0.5774 0.5774
vn -0.5774 -0.5774 -0.5774
vn 0.5774 -0.5774 -0.5774
vn 0.5774 0.5774 0.5774
vn -0.5774 0.5774 0.5774
vn -0.5774 0.5774 -0.5774
vn 0.5774 0.5774 -0.5774
vn 0.5774 -0.5774 0.5774
vn -0.5774 -0.5774 0.5774
vn -0.5774 -0.5774 -0.5774
vn 0.5774 -0.5774 -0.5774
vn 0.5774 0.5774 0.5774
vn -0.5774 0.5774 0.5774
vn -0.5774 0.5774 -0.5774
vn 0.5774 0.5774 -0.5774
vn 0.5774 -0.5774 0.5774
vn -0.5774 -0.5774 0.5774
vn -0.5774 -0.5774 -0.5774
vn 0.5774 -0.5774 -0.5774
vn 0.5774 0.5774 0.5774
vn -0.5774 0.5774 0.5774
vn -0.5774 0.5774 -0.5774
vn 0.5774 0.5774 -0.5774
vn 0.5774 -0.5774 0.5774
vn -0.5774 -0.5774 0.5774
vn -0.5774 -0.5774 -0.5774
vn 0.5774 -0.5774 -0.5774
vn 0.5774 0.5774 0.5774
vn -0.5774 0.5774 0.5774
vn -0.5774 0.5774 -0.5774
vn 0.5774 0.5774 -0.5774
vn 0.0000 1.0000 0.0000
vn 0.0000 1.0000 -0.0000
vn 0.0000 0.0000 1.0000
vn 0.0000 0.0000 1.0000
vn -1.0000 0.0000 -0.0000
vn -1.0000 -0.0000 0.0000
vn 0.0000 0.0000 -1.0000
vn 0.0000 0.0000 -1.0000
vn 1.0000 0.0000 -0.0000
vn 1.0000 0.0000 0.0000
vn 0.0000 -1.0000 0.0000
vn 0.0000 -1.0000 0.0000
vn -0.5774 -0.5774 -0.5774
vn 0.5774 -0.5774 -0.5774
vn 0.5774 -0.5774 0.5774
vn -0.5774 -0.5774 0.5774
vn -0.5774 0.5774 -0.5774
vn 0.5774 0.5774 -0.5774
vn 0.5774 0.5774 0.5774
vn -0.5774 0.5774 0.5774
vn -0.5774 -0.5774 -0.5774
vn 0.5774 -0.5774 -0.5774
vn 0.5774 -0.5774 0.5774
vn -0.5774 -0.5774 0.5774
vn -0.5774 0.5774 -0.5774
vn 0.5774 0.5774 -0.5774
vn 0.5774 0.5774 0.5774
vn -0.5774 0.5774 0.5774
vn -0.5774 -0.5774 -0.5774
vn 0.5774 -0.5774 -0.5774
vn 0.5774 -0.5774 0.5774
vn -0.5774 -0.5774 0.5774
vn -0.5774 0.5774 -0.5774
vn 0.5774 0.5774 -0.5774
vn 0.5774 0.5774 0.5774
vn -0.5774 0.5774 0.5774
vn -0.5774 -0.5774 -0.5774
vn 0.5774 -0.5774 -0.5774
vn 0.5774 -0.5774 0.5774
vn -0.5774 -0.5774 0.5774
vn -0.5774 0.5774 -0.5774
vn 0.5774 0.5774 -0.5774
vn 0.5774 0.5774 0.5774
vn -0.5774 0.5774 0.5774
vn 0.0000 1.0000 0.0000
vn 0.0000 1.0000 -0.0000
vn 0.0000 0.0000 1.0000
vn 0.0000 0.0000 1.0000
vn -1.0000 0.0000 -0.0000
vn -1.0000 -0.0000 0.0000
vn 0.0000 0.0000 -1.0000
vn 0.0000 0.0000 -1.0000
vn 1.0000 0.0000 -0.0000
vn 1.0000 0.0000 0.0000
vn 0.0000 -1.0000 0.0000
vn 0.0000 -1.0000 0.0000
vn -0.5774 -0.5774 -0.5774
vn 0.5774 -0.5774 -0.5774
vn 0.5774 -0.5774 0.5774
vn -0.5774 -0.5774 0.5774
vn -0.5774 0.5774 -0.5774
vn 0.5774 0.5774 -0.5774
vn 0.5774 0.5774 0.5774
vn -0.5774 0.5774 0.5774
vn -0.5774 -0.5774 -0.5774
vn 0.5774 -0.5774 -0.5774
vn 0.5774 -0.5774 0.5774
vn -0.5774 -0.5774 0.5774
vn -0.5774 0.5774 -0.5774
vn 0.5774 0.5774 -0.5774
vn 0.5774 0.5774 0.5774
vn -0.5774 0.5774 0.5774
vn -0.5774 -0.5774 -0.5774
vn 0.5774 -0.5774 -0.5774
vn 0.5774 -0.5774 0.5774
vn -0.5774 -0.5774 0.5774
vn -0.5774 0.5774 -0.5774
vn 0.5774 0.5774 -0.5774
vn 0.5774 0.5774 0.5774
vn -0.5774 0.5774 0.5774
vn -0.5774 -0.5774 -0.5774
vn 0.5774 -0.5774 -0.5774
vn 0.5774 -0.5774 0.5774
vn -0.5774 -0.5774 0.5774
vn -0.5774 0.5774 -0.5774
vn 0.5774 0.5774 -0.5774
vn 0.5774 0.5774 0.5774
vn -0.5774 0.5774 0.5774
vn 0.0000 1.0000 0.0000
vn 0.0000 1.0000 -0.0000
vn 0.0000 0.0000 1.0000
vn 0.0000 0.0000 1.0000
vn -1.0000 0.0000 -0.0000
vn -1.0000 -0.0000 0.0000
vn 0.0000 0.0000 -1.0000
vn 0.0000 0.0000 -1.0000
vn 1.0000 0.0000 -0.0000
vn 1.0000 0.0000 0.0000
vn 0.0000 -1.0000 0.0000
vn 0.0000 -1.0000 0.0000
vn -0.5774 -0.5774 -0.5774
vn 0.5774 -0.5774 -0.5774
vn 0.5774 -0.5774 0.5774
vn -0.5774 -0.5774 0.5774
vn -0.5774 0.5774 -0.5774
vn 0.5774 0.5774 -0.5774
vn 0.5774 0.5774 0.5774
vn -0.5774 0.5774 0.5774
vn -0.5774 -0.5774 -0.5774
vn 0.5774 -0.5774 -0.5774
vn 0.5774 -0.5774 0.5774
vn -0.5774 -0.5774 0.5774
vn -0.5774 0.5774 -0.5774
vn 0.5774 0.5774 -0.5774
vn 0.5774 0.5774 0.5774
vn -0.5774 0.5774 0.5774
vn -0.5774 -0.5774 -0.5774
vn 0.5774 -0.5774 -0.5774
vn 0.5774 -0.5774 0.5774
vn -0.5774 -0.5774 0.5774
vn -0.5774 0.5774 -0.5774
vn 0.5774 0.5774 -0.5774
vn 0.5774 0.5774 0.5774
vn -0.5774 0.5774 0.5774
vn -0.5774 -0.5774 -0.5774
vn 0.5774 -0.5774 -0.5774
vn 0.5774 -0.5774 0.5774
vn -0.5774 -0.5774 0.5774
vn -0.5774 0.5774 -0.5774
vn 0.5774 0.5774 -0.5774
vn 0.5774 0.5774 0.5774
vn -0.5774 0.5774 0.5774
vn 0.0000 1.0000 0.0000
vn 0.0000 1.0000 -0.0000
vn 0.0000 0.0000 1.0000
vn 0.0000 0.0000 1.0000
vn -1.0000 0.0000 -0.0000
vn -1.0000 -0.0000 0.0000
vn 0.0000 0.0000 -1.0000
vn 0.0000 0.0000 -1.0000
vn 1.0000 0.0000 -0.0000
vn 1.0000 0.0000 0.0000
vn 0.0000 -1.0000 0.0000
vn 0.0000 -1.0000 0.0000
vn -0.5774 -0.5774 -0.5774
vn 0.5774 -0.5774 -0.5774
vn 0.5774 -0.5774 0.5774
vn -0.5774 -0.5774 0.5774
vn -0.5774 0.5774 -0.5774
vn 0.5774 0.5774 -0.5774
vn 0.5774 0.5774 0.5774
vn -0.5774 0.5774 0.5774
vn -0.5774 -0.5774 -0.5774
vn 0.5774 -0.5774 -0.5774
vn 0.5774 -0.5774 0.5774
vn -0.5774 -0.5774 0.5774
vn -0.5774 0.5774 -0.5774
vn 0.5774 0.5774 -0.5774
vn 0.5774 0.5774 0.5774
vn -0.5774 0.5774 0.5774
vn -0.5774 -0.5774 -0.5774
vn 0.5774 -0.5774 -0.5774
vn 0.5774 -0.5774 0.5774
vn -0.5774 -0.5774 0.5774
vn -0.5774 0.5774 -0.5774
vn 0.5774 0.5774 -0.5774
vn 0.5774 0.5774 0.5774
vn -0.5774 0.5774 0.5774
vn -0.5774 -0.5774 -0.5774
vn 0.5774 -0.5774 -0.5774
vn 0.5774 -0.5774 0.5774
vn -0.5774 -0.5774 0.5774
vn -0.5774 0.5774 -0.5774
vn 0.5774 0.5774 -0.5774
vn 0.5774 0.5774 0.5774
vn -0.5774 0.5774 0.5774
vn 0.0000 1.0000 0.0000
vn 0.0000 1.0000 0.0000
vn 0.0000 0.0000 -1.0000
vn 0.0000 0.0000 -1.0000
vn 1.0000 0.0000 -0.0000
vn 1.0000 0.0000 0.0000
vn 0.0000 0.0000 1.0000
vn 0.0000 0.0000 1.0000
vn 0.0000 -1.0000 0.0000
vn 0.0000 -1.0000 0.0000
vn 0.0000 1.0000 0.0000
vn 0.0000 1.0000 0.0000
vn -1.0000 0.0000 -0.0000
vn -1.0000 -0.0000 0.0000
vn 0.0000 0.0000 -1.0000
vn 0.0000 0.0000 -1.0000
vn 1.0000 0.0000 -0.0000
vn 1.0000 0.0000 0.0000
vn 0.0000 0.0000 1.0000
vn 0.0000 0.0000 1.0000
vn 0.0000 -1.0000 0.0000
vn 0.0000 -1.0000 0.0000
vn 0.0000 1.0000 0.0000
vn 0.0000 1.0000 0.0000
vn -1.0000 0.0000 -0.0000
vn -1.0000 -0.0000 0.0000
vn 0.0000 0.0000 -1.0000
vn 0.0000 0.0000 -1.0000
vn 1.0000 0.0000 -0.0000
vn 1.0000 0.0000 0.0000
vn 0.0000 0.0000 1.0000
vn 0.0000 0.0000 1.0000
vn 0.0000 -1.0000 0.0000
vn 0.0000 -1.0000 0.0000
vn 0.0000 1.0000 0.0000
vn 0.0000 1.0000 0.0000
vn -1.0000 0.0000 -0.0000
vn -1.0000 -0.0000 0.0000
vn 0.0000 0.0000 -1.0000
vn 0.0000 0.0000 -1.0000
vn 1.0000 0.0000 -0.0000
vn 1.0000 0.0000 0.0000
vn 0.0000 0.0000 1.0000
vn 0.0000 0.0000 1.0000
vn 0.0000 -1.0000 0.0000
vn 0.0000 -1.0000 0.0000
vn 0.0000 1.0000 0.0000
vn 0.0000 1.0000 0.0000
vn -1.0000 0.0000 -0.0000
vn -1.0000 -0.0000 0.0000
vn 0.0000 0.0000 -1.0000
vn 0.0000 0.0000 -1.0000
vn 1.0000 0.0000 -0.0000
vn 1.0000 0.0000 0.0000
vn 0.0000 0.0000 1.0000
vn 0.0000 0.0000 1.0000
vn 0.0000 -1.0000 0.0000
vn 0.0000 -1.0000 0.0000
vn 0.0000 1.0000 0.0000
vn 0.0000 1.0000 0.0000
vn -1.0000 0.0000 -0.0000
vn -1.0000 -0.0000 0.0000
vn 0.0000 0.0000 -1.0000
vn 0.0000 0.0000 -1.0000
vn 1.0000 0.0000 -0.0000
vn 1.0000 0.0000 0.0000
vn 0.0000 0.0000 1.0000
vn 0.0000 0.0000 1.0000
vn 0.0000 -1.0000 0.0000
vn 0.0000 -1.0000 0.0000
vn 0.0000 1.0000 0.0000
vn 0.0000 1.0000 0.0000
vn -1.0000 0.0000 -0.0000
vn -1.0000 -0.0000 0.0000
vn 0.0000 0.0000 -1.0000
vn 0.0000 0.0000 -1.0000
vn 1.0000 0.0000 -0.0000
vn 1.0000 0.0000 0.0000
vn 0.0000 0.0000 1.0000
vn 0.0000 0.0000 1.0000
vn 0.0000 -1.0000 0.0000
vn 0.0000 -1.0000 0.0000
vn 0.0000 1.0000 0.0000
vn 0.0000 1.0000 0.0000
vn 0.0000 0.0000 -1.0000
vn 0.0000 0.0000 -1.0000
vn 1.0000 0.0000 -0.0000
vn 1.0000 0.0000 0.0000
vn 0.0000 0.0000 1.0000
vn 0.0000 0.0000 1.0000
vn 0.0000 -1.0000 0.0000
vn 0.0000 -1.0000 0.0000
vn 0.0000 1.0000 0.0000
vn 0.0000 1.0000 0.0000
vn -1.0000 0.0000 -0.0000
vn -1.0000 -0.0000 0.0000
vn 0.0000 0.0000 -1.0000
vn 0.0000 0.0000 -1.0000
vn 1.0000 0.0000 -0.0000
vn 1.0000 0.0000 0.0000
vn 0.0000 0.0000 1.0000
vn 0.0000 0.0000 1.0000
vn 0.0000 -1.0000 0.0000
vn 0.0000 -1.0000 0.0000
vn 0.0000 1.0000 0.0000
vn 0.0000 1.0000 0.0000
vn -1.0000 0.0000 -0.0000
vn -1.0000 -0.0000 0.0000
vn 0.0000 0.0000 -1.0000
vn 0.0000 0.0000 -1.0000
vn 1.0000 0.0000 -0.0000
vn 1.0000 0.0000 0.0000
vn 0.0000 0.0000 1.0000
vn 0.0000 0.0000 1.0000
vn 0.0000 -1.0000 0.0000
vn 0.0000 -1.0000 0.0000
vn 0.0000 1.0000 0.0000
vn 0.0000 1.0000 0.0000
vn -1.0000 0.0000 -0.0000
vn -1.0000 -0.0000 0.0000
vn 0.0000 0.0000 -1.0000
vn 0.0000 0.0000 -1.0000
vn 1.0000 0.0000 -0.0000
vn 1.0000 0.0000 0.0000
vn 0.0000 0.0000 1.0000
vn 0.0000 0.0000 1.0000
vn 0.0000 -1.0000 0.0000
vn 0.0000 -1.0000 0.0000
vn 0.0000 1.0000 0.0000
vn 0.0000 1.0000 0.0000
vn 0.0000 0.0000 -1.0000
vn 0.0000 0.0000 -1.0000
vn 1.0000 0.0000 -0.0000
vn 1.0000 0.0000 0.0000
vn 0.0000 0.0000 1.0000
vn 0.0000 0.0000 1.0000
vn 0.0000 -1.0000 0.0000
vn 0.0000 -1.0000 0.0000
vn 0.0000 1.0000 0.0000
vn 0.0000 1.0000 0.0000
vn -1.0000 0.0000 -0.0000
vn -1.0000 -0.0000 0.0000
vn 0.0000 0.0000 -1.0000
vn 0.0000 0.0000 -1.0000
vn 1.0000 0.0000 -0.0000
vn 1.0000 0.0000 0.0000
vn 0.0000 0.0000 1.0000
vn 0.0000 0.0000 1.0000
vn 0.0000 -1.0000 0.0000
vn 0.0000 -1.0000 0.0000
vn 0.0000 1.0000 0.0000
vn 0.0000 1.0000 0.0000
vn -1.0000 0.0000 -0.0000
vn -1.0000 -0.0000 0.0000
vn 0.0000 0.0000 -1.0000
vn 0.0000 0.0000 -1.0000
vn 1.0000 0.0000 -0.0000
vn 1.0000 0.0000 0.0000
vn 0.0000 0.0000 1.0000
vn 0.0000 0.0000 1.0000
vn 0.0000 -1.0000 0.0000
vn 0.0000 -1.0000 0.0000
vn 0.0000 1.0000 0.0000
vn 0.0000 1.0000 0.0000
vn -1.0000 0.0000 -0.0000
vn -1.0000 -0.0000 0.0000
vn 0.0000 0.0000 -1.0000
vn 0.0000 0.0000 -1.0000
vn 1.0000 0.0000 -0.0000
vn 1.0000 0.0000 0.0000
vn 0.0000 0.0000 1.0000
vn 0.0000 0.0000 1.0000
vn 0.0000 -1.0000 0.0000
vn 0.0000 -1.0000 0.0000
vn 0.0000 1.0000 0.0000
vn 0.0000 1.0000 0.0000
vn -1.0000 0.0000 -0.0000
vn -1.0000 -0.0000 0.0000
vn 0.0000 0.0000 -1.0000
vn 0.0000 0.0000 -1.0000
vn 1.0000 0.0000 -0.0000
vn 1.0000 0.0000 0.0000
vn 0.0000 0.0000 1.0000
vn 0.0000 0.0000 1.0000
vn 0.0000 -1.0000 0.0000
vn 0.0000 -1.0000 0.0000
vn 0.0000 1.0000 0.0000
vn 0.0000 1.0000 0.0000
vn -1.0000 0.0000 -0.0000
vn -1.0000 -0.0000 0.0000
vn 0.0000 0.0000 -1.0000
vn 0.0000 0.0000 -1.0000
vn 1.0000 0.0000 -0.0000
vn 1.0000 0.0000 0.0000
vn 0.0000 0.0000 1.0000
vn 0.0000 0.0000 1.0000
vn 0.0000 -1.0000 0.0000
vn 0.0000 -1.0000 0.0000
vn 0.0000 1.0000 0.0000
vn 0.0000 1.0000 0.0000
vn -1.0000 0.0000 -0.0000
vn -1.0000 -0.0000 0.0000
vn 0.0000 0.0000 -1.0000
vn 0.0000 0.0000 -1.0000
vn 1.0000 0.0000 -0.0000
vn 1.0000 0.0000 0.0000
vn 0.0000 0.0000 1.0000
vn 0.0000 0.0000 1.0000
vn 0.0000 -1.0000 0.0000
vn 0.0000 -1.0000 0.0000
vn 0.0000 1.0000 0.0000
vn 0.0000 1.0000 0.0000
vn 0.0000 0.0000 -1.0000
vn 0.0000 0.0000 -1.0000
vn 1.0000 0.0000 -0.0000
vn 1.0000 0.0000 0.0000
vn 0.0000 0.0000 1.0000
vn 0.0000 0.0000 1.0000
vn 0.0000 -1.0000 0.0000
vn 0.0000 -1.0000 0.0000
vn 0.0000 1.0000 0.0000
vn 0.0000 1.0000 0.0000
vn -1.0000 0.0000 -0.0000
vn -1.0000 -0.0000 0.0000
vn 0.0000 0.0000 -1.0000
vn 0.0000 0.0000 -1.0000
vn 1.0000 0.0000 -0.0000
vn 1.0000 0.0000 0.0000
vn 0.0000 0.0000 1.0000
vn 0.0000 0.0000 1.0000
vn 0.0000 -1.0000 0.0000
vn 0.0000 -1.0000 0.0000
vn 0.0000 1.0000 0.0000
vn 0.0000 1.0000 0.0000
vn -1.0000 0.0000 -0.0000
vn -1.0000 -0.0000 0.0000
vn 0.0000 0.0000 -1.0000
vn 0.0000 0.0000 -1.0000
vn 1.0000 0.0000 -0.0000
vn 1.0000 0.0000 0.0000
vn 0.0000 0.0000 1.0000
vn 0.0000 0.0000 1.0000
vn 0.0000 -1.0000 0.0000
vn 0.0000 -1.0000 0.0000
vn 0.0000 1.0000 0.0000
vn 0.0000 1.0000 0.0000
vn -1.0000 0.0000 -0.0000
vn -1.0000 -0.0000 0.0000
vn 0.0000 0.0000 -1.0000
vn 0.0000 0.0000 -1.0000
vn 1.0000 0.0000 -0.0000
vn 1.0000 0.0000 0.0000
vn 0.0000 0.0000 1.0000
vn 0.0000 0.0000 1.0000
vn 0.0000 -1.0000 0.0000
vn 0.0000 -1.0000 0.0000
vn 0.0000 1.0000 0.0000
vn 0.0000 1.0000 0.0000
vn 0.0000 0.0000 -1.0000
vn 0.0000 0.0000 -1.0000
vn 1.0000 0.0000 -0.0000
vn 1.0000 0.0000 0.0000
vn 0.0000 0.0000 1.0000
vn 0.0000 0.0000 1.0000
vn 0.0000 -1.0000 0.0000
vn 0.0000 -1.0000 0.0000
vn 0.0000 1.0000 0.0000
vn 0.0000 1.0000 0.0000
vn -1.0000 0.0000 -0.0000
vn -1.0000 -0.0000 0.0000
vn 0.0000 0.0000 -1.0000
vn 0.0000 0.0000 -1.0000
vn 1.0000 0.0000 -0.0000
vn 1.0000 0.0000 0.0000
vn 0.0000 0.0000 1.0000
vn 0.0000 0.0000 1.0000
vn 0.0000 -1.0000 0.0000
vn 0.0000 -1.0000 0.0000
vn 0.0000 1.0000 0.0000
vn 0.0000 1.0000 0.0000
vn -1.0000 0.0000 -0.0000
vn -1.0000 -0.0000 0.0000
vn 0.0000 0.0000 -1.0000
vn 0.0000 0.0000 -1.0000
vn 1.0000 0.0000 -0.0000
vn 1.0000 0.0000 0.0000
vn 0.0000 0.0000 1.0000
vn 0.0000 0.0000 1.0000
vn 0.0000 -1.0000 0.0000
vn 0.0000 -1.0000 0.0000
vn 0.0000 1.0000 0.0000
vn 0.0000 1.0000 0.0000
vn -1.0000 0.0000 -0.0000
vn -1.0000 -0.0000 0.0000
vn 0.0000 0.0000 -1.0000
vn 0.0000 0.0000 -1.0000
vn 1.0000 0.0000 -0.0000
vn 1.0000 0.0000 0.0000
vn 0.0000 0.0000 1.0000
vn 0.0000 0.0000 1.0000
vn 0.0000 -1.0000 0.0000
vn 0.0000 -1.0000 0.0000
vn 0.0000 1.0000 0.0000
vn 0.0000 1.0000 0.0000
vn -1.0000 0.0000 -0.0000
vn -1.0000 -0.0000 0.0000
vn 0.0000 0.0000 -1.0000
vn 0.0000 0.0000 -1.0000
vn 1.0000 0.0000 -0.0000
vn 1.0000 0.0000 0.0000
vn 0.0000 0.0000 1.0000
vn 0.0000 0.0000 1.0000
vn 0.0000 -1.0000 0.0000
vn 0.0000 -1.0000 0.0000
vn 0.0000 1.0000 0.0000
vn 0.0000 1.0000 0.0000
vn -1.0000 0.0000 -0.0000
vn -1.0000 -0.0000 0.0000
vn 0.0000 0.0000 -1.0000
vn 0.0000 0.0000 -1.0000
vn 1.0000 0.0000 -0.0000
vn 1.0000 0.0000 0.0000
vn 0.0000 0.0000 1.0000
vn 0.0000 0.0000 1.0000
vn 0.0000 -1.0000 0.0000
vn 0.0000 -1.0000 0.0000
vn 0.0000 1.0000 0.0000
vn 0.0000 1.0000 0.0000
vn -1.0000 0.0000 -0.0000
vn -1.0000 -0.0000 0.0000
vn 0.0000 0.0000 -1.0000
vn 0.0000 0.0000 -1.0000
vn 1.0000 0.0000 -0.0000
vn 1.0000 0.0000 0.0000
vn 0.0000 0.0000 1.0000
vn 0.0000 0.0000 1.0000
vn 0.0000 -1.0000 0.0000
vn 0.0000 -1.0000 0.0000
vn 0.0000 1.0000 0.0000
vn 0.0000 1.0000 0.0000
vn 0.0000 0.0000 -1.0000
vn 0.0000 0.0000 -1.0000
vn 1.0000 0.0000 -0.0000
vn 1.0000 0.0000 0.0000
vn 0.0000 0.0000 1.0000
vn 0.0000 0.0000 1.0000
vn 0.0000 -1.0000 0.0000
vn 0.0000 -1.0000 0.0000
vn 0.0000 1.0000 0.0000
vn 0.0000 1.0000 0.0000
vn -1.0000 0.0000 -0.0000
vn -1.0000 -0.0000 0.0000
vn 0.0000 0.0000 -1.0000
vn 0.0000 0.0000 -1.0000
vn 1.0000 0.0000 -0.0000
vn 1.0000 0.0000 0.0000
vn 0.0000 0.0000 1.0000
vn 0.0000 0.0000 1.0000
vn 0.0000 -1.0000 0.0000
vn 0.0000 -1.0000 0.0000
vn 0.0000 1.0000 0.0000
vn 0.0000 1.0000 0.0000
vn -1.0000 0.0000 -0.0000
vn -1.0000 -0.0000 0.0000
vn 0.0000 0.0000 -1.0000
vn 0.0000 0.0000 -1.0000
vn 1.0000 0.0000 -0.0000
vn 1.0000 0.0000 0.0000
vn 0.0000 0.0000 1.0000
vn 0.0000 0.0000 1.0000
vn 0.0000 -1.0000 0.0000
vn 0.0000 -1.0000 0.0000
vn 0.0000 1.0000 0.0000
vn 0.0000 1.0000 0.0000
vn -1.0000 0.0000 -0.0000
vn -1.0000 -0.0000 0.0000
vn 0.0000 0.0000 -1.0000
vn 0.0000 0.0000 -1.0000
vn 1.0000 0.0000 -0.0000
vn 1.0000 0.0000 0.0000
vn 0.0000 0.0000 1.0000
vn 0.0000 0.0000 1.0000
vn 0.0000 -1.0000 0.0000
vn 0.0000 -1.0000 0.0000
vn -0.0000 1.0000 0.0000
vn 0.0000 1.0000 0.0000
vn 0.0000 0.0000 -1.0000
vn 0.0000 0.0000 -1.0000
vn 1.0000 0.0000 -0.0000
vn 1.0000 0.0000 0.0000
vn 0.0000 0.0000 1.0000
vn 0.0000 0.0000 1.0000
vn -1.0000 0.0000 -0.0000
vn -1.0000 -0.0000 0.0000
vn 0.0000 -1.0000 0.0000
vn 0.0000 -1.0000 0.0000
vn -0.0000 1.0000 0.0000
vn 0.0000 1.0000 0.0000
vn 0.0000 0.0000 -1.0000
vn 0.0000 0.0000 -1.0000
vn 1.0000 0.0000 -0.0000
vn 1.0000 0.0000 0.0000
vn 0.0000 0.0000 1.0000
vn 0.0000 0.0000 1.0000
vn -1.0000 0.0000 -0.0000
vn -1.0000 -0.0000 0.0000
vn 0.0000 -1.0000 0.0000
vn 0.0000 -1.0000 0.0000
vn -0.0000 1.0000 0.0000
vn 0.0000 1.0000 0.0000
vn 0.0000 0.0000 -1.0000
vn 0.0000 0.0000 -1.0000
vn 1.0000 0.0000 -0.0000
vn 1.0000 0.0000 0.0000
vn 0.0000 0.0000 1.0000
vn 0.0000 0.0000 1.0000
vn -1.0000 0.0000 -0.0000
vn -1.0000 -0.0000 0.0000
vn 0.0000 -1.0000 0.0000
vn 0.0000 -1.0000 0.0000
vn -0.0000 1.0000 0.0000
vn 0.0000 1.0000 0.0000
vn 0.0000 0.0000 -1.0000
vn 0.0000 0.0000 -1.0000
vn 1.0000 0.0000 -0.0000
vn 1.0000 0.0000 0.0000
vn 0.0000 0.0000 1.0000
vn 0.0000 0.0000 1.0000
vn -1.0000 0.0000 -0.0000
vn -1.0000 -0.0000 0.0000
vn 0.0000 -1.0000 0.0000
vn 0.0000 -1.0000 0.0000
vn -0.0000 1.0000 0.0000
vn 0.0000 1.0000 0.0000
vn 0.0000 0.0000 -1.0000
vn 0.0000 0.0000 -1.0000
vn 1.0000 0.0000 -0.0000
vn 1.0000 0.0000 0.0000
vn 0.0000 0.0000 1.0000
vn 0.0000 0.0000 1.0000
vn -1.0000 0.0000 -0.0000
vn -1.0000 -0.0000 0.0000
vn 0.0000 -1.0000 0.0000
vn 0.0000 -1.0000 0.0000
vn -0.0000 1.0000 0.0000
vn 0.0000 1.0000 0.0000
vn 0.0000 0.0000 -1.0000
vn 0.0000 0.0000 -1.0000
vn 1.0000 0.0000 -0.0000
vn 1.0000 0.0000 0.0000
vn 0.0000 0.0000 1.0000
vn 0.0000 0.0000 1.0000
vn -1.0000 0.0000 -0.0000
vn -1.0000 -0.0000 0.0000
vn 0.0000 -1.0000 0.0000
vn 0.0000 -1.0000 0.0000
vn -0.0000 1.0000 0.0000
vn 0.0000 1.0000 0.0000
vn 0.0000 0.0000 -1.0000
vn 0.0000 0.0000 -1.0000
vn 1.0000 0.0000 -0.0000
vn 1.0000 0.0000 0.0000
vn 0.0000 0.0000 1.0000
vn 0.0000 0.0000 1.0000
vn -1.0000 0.0000 -0.0000
vn -1.0000 -0.0000 0.0000
vn 0.0000 -1.0000 0.0000
vn 0.0000 -1.0000 0.0000
vn -0.0000 1.0000 0.0000
vn 0.0000 1.0000 0.0000
vn 0.0000 0.0000 -1.0000
vn 0.0000 0.0000 -1.0000
vn 1.0000 0.0000 -0.0000
vn 1.0000 0.0000 0.0000
vn 0.0000 0.0000 1.0000
vn 0.0000 0.0000 1.0000
vn -1.0000 0.0000 -0.0000
vn -1.0000 -0.0000 0.0000
vn 0.0000 -1.0000 0.0000
vn 0.0000 -1.0000 0.0000
vn -0.0000 1.0000 0.0000
vn 0.0000 1.0000 0.0000
vn 0.0000 0.0000 -1.0000
vn 0.0000 0.0000 -1.0000
vn 1.0000 0.0000 -0.0000
vn 1.0000 0.0000 0.0000
vn 0.0000 0.0000 1.0000
vn 0.0000 0.0000 1.0000
vn -1.0000 0.0000 -0.0000
vn -1.0000 -0.0000 0.0000
vn 0.0000 -1.0000 0.0000
vn 0.0000 -1.0000 0.0000
vn -0.0000 1.0000 0.0000
vn 0.0000 1.0000 0.0000
vn 0.0000 0.0000 -1.0000
vn 0.0000 0.0000 -1.0000
vn 1.0000 0.0000 -0.0000
vn 1.0000 0.0000 0.0000
vn 0.0000 0.0000 1.0000
vn 0.0000 0.0000 1.0000
vn -1.0000 0.0000 -0.0000
vn -1.0000 -0.0000 0.0000
vn 0.0000 -1.0000 0.0000
vn 0.0000 -1.0000 0.0000
vn -0.0000 1.0000 0.0000
vn 0.0000 1.0000 0.0000
vn 0.0000 0.0000 -1.0000
vn 0.0000 0.0000 -1.0000
vn 1.0000 0.0000 -0.0000
vn 1.0000 0.0000 0.0000
vn 0.0000 0.0000 1.0000
vn 0.0000 0.0000 1.0000
vn -1.0000 0.0000 -0.0000
vn -1.0000 -0.0000 0.0000
vn 0.0000 -1.0000 0.0000
vn 0.0000 -1.0000 0.0000
vn 0.0000 1.0000 0.0000
vn 0.0000 1.0000 0.0000
vn -1.0000 0.0000 -0.0000
vn -1.0000 -0.0000 -0.0000
vn 0.0000 0.0000 -1.0000
vn 0.0000 0.0000 -1.0000
vn 1.0000 0.0000 -0.0000
vn 1.0000 0.0000 0.0000
vn 0.0000 0.0000 1.0000
vn 0.0000 0.0000 1.0000
vn 0.0000 -1.0000 0.0000
vn 0.0000 -1.0000 0.0000
vn 0.0000 1.0000 0.0000
vn 0.0000 1.0000 0.0000
vn -1.0000 0.0000 -0.0000
vn -1.0000 -0.0000 0.0000
vn 0.0000 0.0000 -1.0000
vn 0.0000 0.0000 -1.0000
vn 1.0000 0.0000 -0.0000
vn 1.0000 0.0000 0.0000
vn 0.0000 0.0000 1.0000
vn 0.0000 0.0000 1.0000
vn 0.0000 -1.0000 0.0000
vn 0.0000 -1.0000 0.0000
vn 0.0000 1.0000 0.0000
vn 0.0000 1.0000 0.0000
vn -1.0000 0.0000 -0.0000
vn -1.0000 -0.0000 0.0000
vn 0.0000 0.0000 -1.0000
vn 0.0000 0.0000 -1.0000
vn 1.0000 0.0000 -0.0000
vn 1.0000 0.0000 0.0000
vn 0.0000 0.0000 1.0000
vn 0.0000 0.0000 1.0000
vn 0.0000 -1.0000 0.0000
vn 0.0000 -1.0000 0.0000
vn 0.0000 1.0000 0.0000
vn 0.0000 1.0000 0.0000
vn -1.0000 0.0000 -0.0000
vn -1.0000 -0.0000 0.0000
vn 0.0000 0.0000 -1.0000
vn 0.0000 0.0000 -1.0000
vn 1.0000 0.0000 -0.0000
vn 1.0000 0.0000 0.0000
vn 0.0000 0.0000 1.0000
vn 0.0000 0.0000 1.0000
vn 0.0000 -1.0000 0.0000
vn 0.0000 -1.0000 0.0000
vn 0.0000 1.0000 0.0000
vn 0.0000 1.0000 0.0000
vn -1.0000 0.0000 -0.0000
vn -1.0000 -0.0000 0.0000
vn 0.0000 0.0000 -1.0000
vn 0.0000 0.0000 -1.0000
vn 1.0000 0.0000 -0.0000
vn 1.0000 0.0000 0.0000
vn 0.0000 0.0000 1.0000
vn 0.0000 0.0000 1.0000
vn 0.0000 -1.0000 0.0000
vn 0.0000 -1.0000 0.0000
vn 0.0000 1.0000 0.0000
vn 0.0000 1.0000 0.0000
vn -1.0000 0.0000 -0.0000
vn -1.0000 -0.0000 0.0000
vn 0.0000 0.0000 -1.0000
vn 0.0000 0.0000 -1.0000
vn 1.0000 0.0000 -0.0000
vn 1.0000 0.0000 0.0000
vn 0.0000 0.0000 1.0000
vn 0.0000 0.0000 1.0000
vn 0.0000 -1.0000 0.0000
vn 0.0000 -1.0000 0.0000
vn 0.0000 1.0000 0.0000
vn 0.0000 1.0000 0.0000
vn -1.0000 0.0000 -0.0000
vn -1.0000 -0.0000 0.0000
vn 0.0000 0.0000 -1.0000
vn 0.0000 0.0000 -1.0000
vn 1.0000 0.0000 -0.0000
vn 1.0000 0.0000 0.0000
vn 0.0000 0.0000 1.0000
vn 0.0000 0.0000 1.0000
vn 0.0000 -1.0000 0.0000
vn 0.0000 -1.0000 0.0000
vn 0.0000 1.0000 0.0000
vn 0.0000 1.0000 0.0000
vn -1.0000 0.0000 -0.0000
vn -1.0000 -0.0000 0.0000
vn 0.0000 0.0000 -1.0000
vn 0.0000 0.0000 -1.0000
vn 1.0000 0.0000 -0.0000
vn 1.0000 0.0000 0.0000
vn 0.0000 0.0000 1.0000
vn 0.0000 0.0000 1.0000
vn 0.0000 -1.0000 0.0000
vn 0.0000 -1.0000 0.0000
vn 0.0000 1.0000 0.0000
vn 0.0000 1.0000 0.0000
vn -1.0000 0.0000 -0.0000
vn -1.0000 -0.0000 0.0000
vn 0.0000 0.0000 -1.0000
vn 0.0000 0.0000 -1.0000
vn 1.0000 0.0000 -0.0000
vn 1.0000 0.0000 0.0000
vn 0.0000 0.0000 1.0000
vn 0.0000 0.0000 1.0000
vn 0.0000 -1.0000 0.0000
vn 0.0000 -1.0000 0.0000
vn 0.0000 1.0000 0.0000
vn 0.0000 1.0000 -0.0000
vn 0.0000 0.0000 1.0000
vn 0.0000 0.0000 1.0000
vn -1.0000 0.0000 -0.0000
vn -1.0000 -0.0000 0.0000
vn -0.0000 0.0000 -1.0000
vn -0.0000 -0.0000 -1.0000
vn 1.0000 0.0000 -0.0000
vn 1.0000 0.0000 0.0000
vn 0.0000 -1.0000 0.0000
vn 0.0000 -1.0000 0.0000
vn 0.0000 1.0000 0.0000
vn 0.0000 1.0000 -0.0000
vn 0.0000 0.0000 1.0000
vn 0.0000 0.0000 1.0000
vn -1.0000 0.0000 -0.0000
vn -1.0000 -0.0000 0.0000
vn 0.0000 0.0000 -1.0000
vn 0.0000 0.0000 -1.0000
vn 1.0000 0.0000 -0.0000
vn 1.0000 0.0000 0.0000
vn 0.0000 -1.0000 0.0000
vn 0.0000 -1.0000 0.0000
vn 0.0000 1.0000 0.0000
vn 0.0000 1.0000 -0.0000
vn 0.0000 0.0000 1.0000
vn 0.0000 0.0000 1.0000
vn -1.0000 0.0000 -0.0000
vn -1.0000 -0.0000 0.0000
vn -0.0000 0.0000 -1.0000
vn -0.0000 -0.0000 -1.0000
vn 1.0000 0.0000 -0.0000
vn 1.0000 0.0000 0.0000
vn 0.0000 -1.0000 0.0000
vn 0.0000 -1.0000 0.0000
vn 0.0000 1.0000 0.0000
vn 0.0000 1.0000 -0.0000
vn 0.0000 0.0000 1.0000
vn 0.0000 0.0000 1.0000
vn -1.0000 0.0000 -0.0000
vn -1.0000 -0.0000 0.0000
vn 0.0000 0.0000 -1.0000
vn 0.0000 0.0000 -1.0000
vn 1.0000 0.0000 -0.0000
vn 1.0000 0.0000 0.0000
vn 0.0000 -1.0000 0.0000
vn 0.0000 -1.0000 0.0000
vn 0.0000 1.0000 0.0000
vn 0.0000 1.0000 -0.0000
vn 0.0000 0.0000 1.0000
vn 0.0000 0.0000 1.0000
vn -1.0000 0.0000 -0.0000
vn -1.0000 -0.0000 0.0000
vn 0.0000 0.0000 -1.0000
vn 0.0000 0.0000 -1.0000
vn 1.0000 0.0000 -0.0000
vn 1.0000 0.0000 0.0000
vn 0.0000 -1.0000 0.0000
vn 0.0000 -1.0000 0.0000
vn 0.0000 1.0000 0.0000
vn 0.0000 1.0000 -0.0000
vn 0.0000 0.0000 1.0000
vn 0.0000 0.0000 1.0000
vn -1.0000 0.0000 -0.0000
vn -1.0000 -0.0000 0.0000
vn 0.0000 0.0000 -1.0000
vn 0.0000 0.0000 -1.0000
vn 1.0000 0.0000 -0.0000
vn 1.0000 0.0000 0.0000
vn 0.0000 -1.0000 0.0000
vn 0.0000 -1.0000 0.0000
vn 0.0000 1.0000 0.0000
vn 0.0000 1.0000 -0.0000
vn 0.0000 0.0000 1.0000
vn 0.0000 0.0000 1.0000
vn -1.0000 0.0000 -0.0000
vn -1.0000 -0.0000 0.0000
vn 0.0000 0.0000 -1.0000
vn 0.0000 0.0000 -1.0000
vn 1.0000 0.0000 -0.0000
vn 1.0000 0.0000 0.0000
vn 0.0000 -1.0000 0.0000
vn 0.0000 -1.0000 0.0000
vn 0.0000 1.0000 0.0000
vn 0.0000 1.0000 -0.0000
vn 0.0000 0.0000 1.0000
vn 0.0000 0.0000 1.0000
vn -1.0000 0.0000 -0.0000
vn -1.0000 -0.0000 0.0000
vn -0.0000 0.0000 -1.0000
vn -0.0000 -0.0000 -1.0000
vn 1.0000 0.0000 -0.0000
vn 1.0000 0.0000 0.0000
vn 0.0000 -1.0000 0.0000
vn 0.0000 -1.0000 0.0000
vn 0.0000 1.0000 0.0000
vn 0.0000 1.0000 -0.0000
vn 0.0000 0.0000 1.0000
vn 0.0000 0.0000 1.0000
vn -1.0000 0.0000 -0.0000
vn -1.0000 -0.0000 0.0000
vn 0.0000 0.0000 -1.0000
vn 0.0000 0.0000 -1.0000
vn 1.0000 0.0000 -0.0000
vn 1.0000 0.0000 0.0000
vn 0.0000 -1.0000 0.0000
vn 0.0000 -1.0000 0.0000
vn 0.0000 1.0000 0.0000
vn 0.0000 1.0000 -0.0000
vn 0.0000 0.0000 1.0000
vn 0.0000 0.0000 1.0000
vn -1.0000 0.0000 -0.0000
vn -1.0000 -0.0000 0.0000
vn 0.0000 0.0000 -1.0000
vn 0.0000 0.0000 -1.0000
vn 1.0000 0.0000 -0.0000
vn 1.0000 0.0000 0.0000
vn 0.0000 -1.0000 0.0000
vn 0.0000 -1.0000 0.0000
vn 0.0000 1.0000 0.0000
vn 0.0000 1.0000 -0.0000
vn 0.0000 0.0000 1.0000
vn 0.0000 0.0000 1.0000
vn -1.0000 0.0000 -0.0000
vn -1.0000 -0.0000 0.0000
vn 0.0000 0.0000 -1.0000
vn 0.0000 0.0000 -1.0000
vn 1.0000 0.0000 -0.0000
vn 1.0000 0.0000 0.0000
vn 0.0000 -1.0000 0.0000
vn 0.0000 -1.0000 0.0000
vn -0.2608 0.8418 0.4726
vn 0.0112 0.9751 0.2214
vn 0.0113 0.9801 -0.1980
vn -0.3348 0.7967 -0.5032
vn -0.7058 0.7010 -0.1023
vn 0.3381 0.7920 0.5083
vn -0.1500 -0.2081 0.9665
vn 0.0000 -1.0000 0.0000
vn -0.2886 0.0172 -0.9573
vn 0.3134 0.8318 -0.4581
vn 0.0000 -1.0000 0.0000
vn 0.0000 -1.0000 0.0000
vn -0.0000 -1.0000 0.0000
vn 0.0000 -1.0000 -0.0000
vn 0.0000 -1.0000 0.0000
vn 0.2382 -0.2044 0.9495
vn 0.0000 -1.0000 0.0000
vn 0.0000 -1.0000 0.0000
vn 0.2693 0.0173 -0.9629
vn 0.7301 0.6788 0.0783
vn -0.2570 0.8605 0.4399
vn -0.0055 0.9853 0.1706
vn -0.0559 0.9803 -0.1893
vn -0.3946 0.8274 -0.3996
vn -0.6673 0.7444 0.0256
vn 0.4088 0.7996 0.4400
vn -0.0723 -0.2988 0.9516
vn 0.0000 -1.0000 -0.0000
vn -0.4528 0.1615 -0.8769
vn 0.2212 0.8227 -0.5236
vn 0.0000 -1.0000 0.0000
vn 0.0000 -1.0000 0.0000
vn -0.0000 -1.0000 0.0000
vn 0.0000 -1.0000 -0.0000
vn 0.0000 -1.0000 0.0000
vn 0.3465 -0.2978 0.8895
vn 0.0000 -1.0000 0.0000
vn 0.0000 -1.0000 0.0000
vn 0.1280 0.1648 -0.9780
vn 0.7314 0.6801 -0.0500
vn -0.1118 0.7761 0.6207
vn 0.1105 0.9676 0.2272
vn -0.0194 0.9737 -0.2268
vn -0.3699 0.8312 -0.4151
vn -0.6665 0.6766 0.3130
vn 0.3923 0.8460 0.3612
vn 0.0615 0.0395 0.9973
vn 0.0000 -1.0000 -0.0000
vn -0.4543 0.1790 -0.8727
vn 0.1213 0.8886 -0.4424
vn 0.0000 -1.0000 0.0000
vn 0.0000 -1.0000 0.0000
vn -0.0000 -1.0000 0.0000
vn 0.0000 -1.0000 -0.0000
vn 0.0000 -1.0000 0.0000
vn 0.4857 0.0394 0.8732
vn 0.0000 -1.0000 0.0000
vn 0.0000 -1.0000 0.0000
vn -0.0700 0.1787 -0.9814
vn 0.5936 0.8019 -0.0671
vn -0.0515 0.7957 0.6035
vn 0.1040 0.9661 0.2365
vn -0.1200 0.9563 -0.2667
vn -0.4961 0.7693 -0.4026
vn -0.7342 0.6215 0.2733
vn 0.4858 0.7925 0.3688
vn 0.1667 0.0969 0.9812
vn 0.0000 -1.0000 -0.0000
vn -0.6195 0.2376 -0.7482
vn 0.0334 0.7637 -0.6447
vn 0.0000 -1.0000 0.0000
vn 0.0000 -1.0000 0.0000
vn -0.0000 -1.0000 0.0000
vn 0.0000 -1.0000 -0.0000
vn 0.0000 -1.0000 0.0000
vn 0.6187 0.0969 0.7797
vn 0.0000 -1.0000 0.0000
vn 0.0000 -1.0000 0.0000
vn -0.1378 0.2374 -0.9616
vn 0.7000 0.6106 -0.3703
vn 0.0061 0.8424 0.5388
vn 0.1089 0.9764 0.1866
vn -0.1154 0.9783 -0.1723
vn -0.4890 0.8403 -0.2340
vn -0.5657 0.7487 0.3455
vn 0.4996 0.8273 0.2567
vn 0.3666 -0.2583 0.8938
vn 0.0000 -1.0000 -0.0000
vn -0.6189 -0.3452 -0.7055
vn 0.0221 0.7742 -0.6326
vn 0.0000 -1.0000 0.0000
vn 0.0000 -1.0000 0.0000
vn -0.0000 -1.0000 0.0000
vn 0.0000 -1.0000 -0.0000
vn 0.0000 -1.0000 0.0000
vn 0.6471 -0.2581 0.7174
vn 0.0000 -1.0000 0.0000
vn 0.0000 -1.0000 0.0000
vn -0.3061 -0.3413 -0.8887
vn 0.5755 0.6562 -0.4880
vn 0.0536 0.8571 0.5123
vn 0.1099 0.9782 0.1761
vn -0.1351 0.9841 -0.1156
vn -0.5195 0.8473 -0.1100
vn -0.5108 0.7646 0.3929
vn 0.5914 0.7822 0.1960
vn 0.4144 0.1289 0.9009
vn 0.0000 -1.0000 -0.0000
vn -0.6977 -0.4346 -0.5695
vn -0.0557 0.7778 -0.6260
vn 0.0000 -1.0000 0.0000
vn 0.0000 -1.0000 0.0000
vn -0.0000 -1.0000 0.0000
vn 0.0000 -1.0000 -0.0000
vn 0.0000 -1.0000 0.0000
vn 0.8350 0.1276 0.5352
vn 0.0000 -1.0000 0.0000
vn 0.0000 -1.0000 0.0000
vn -0.4245 -0.4332 -0.7950
vn 0.6015 0.6075 -0.5188
vn -0.2649 0.8703 0.4153
vn -0.0221 0.9785 0.2051
vn -0.0219 0.9710 -0.2383
vn -0.3249 0.7988 -0.5064
vn -0.6679 0.7288 -0.1511
vn 0.3140 0.8009 0.5098
vn -0.2360 0.1624 0.9581
vn 0.0000 -1.0000 0.0000
vn -0.2428 -0.1284 -0.9615
vn 0.2472 0.8324 -0.4960
vn 0.0000 -1.0000 0.0000
vn 0.0000 -1.0000 0.0000
vn -0.0000 -1.0000 0.0000
vn 0.0000 -1.0000 -0.0000
vn 0.0000 -1.0000 0.0000
vn 0.2877 0.1600 0.9443
vn 0.0000 -1.0000 0.0000
vn 0.0000 -1.0000 0.0000
vn 0.1484 -0.1309 -0.9802
vn 0.7090 0.7008 0.0781
vn -0.2855 0.8622 0.4184
vn 0.0086 0.9859 0.1669
vn 0.0085 0.9803 -0.1972
vn -0.2528 0.8659 -0.4316
vn -0.6056 0.7956 0.0180
vn 0.2902 0.8686 0.4017
vn -0.2224 -0.0619 0.9730
vn 0.0000 -1.0000 -0.0000
vn -0.2061 0.0994 -0.9735
vn 0.2548 0.8745 -0.4127
vn 0.0000 -1.0000 0.0000
vn 0.0000 -1.0000 0.0000
vn -0.0000 -1.0000 0.0000
vn 0.0000 -1.0000 -0.0000
vn 0.0000 -1.0000 0.0000
vn 0.2319 -0.0617 0.9708
vn 0.0000 -1.0000 0.0000
vn 0.0000 -1.0000 0.0000
vn 0.2114 0.0993 -0.9723
vn 0.5892 0.8077 0.0230
vn -0.3043 0.8288 0.4695
vn 0.0348 0.9850 0.1688
vn 0.0344 0.9724 -0.2306
vn -0.2827 0.7972 -0.5335
vn -0.7233 0.6884 -0.0552
vn 0.3406 0.8445 0.4133
vn -0.2584 0.0328 0.9655
vn 0.0000 -1.0000 0.0000
vn -0.2797 0.4405 -0.8530
vn 0.2553 0.8684 -0.4251
vn 0.0000 -1.0000 0.0000
vn 0.0000 -1.0000 0.0000
vn -0.0000 -1.0000 0.0000
vn 0.0000 -1.0000 -0.0000
vn 0.0000 -1.0000 0.0000
vn 0.3185 0.0322 0.9474
vn 0.0000 -1.0000 0.0000
vn 0.0000 -1.0000 0.0000
vn 0.2563 0.4435 -0.8588
vn 0.6278 0.7754 0.0674
vn -0.0000 1.0000 0.0000
vn 0.0000 1.0000 0.0000
vn 0.0000 0.0000 -1.0000
vn 0.0000 0.0000 -1.0000
vn 1.0000 0.0000 -0.0000
vn 1.0000 0.0000 0.0000
vn 0.0000 0.0000 1.0000
vn 0.0000 0.0000 1.0000
vn -1.0000 0.0000 -0.0000
vn -1.0000 -0.0000 0.0000
vn 0.0000 -1.0000 0.0000
vn 0.0000 -1.0000 0.0000
vn 0.8660 0.0000 0.5000
vn 0.8660 0.0000 0.5000
vn 0.0000 0.0000 1.0000
vn 0.0000 0.0000 1.0000
vn -0.8660 0.0000 0.5000
vn -0.8660 0.0000 0.5000
vn -0.8660 0.0000 -0.5000
vn -0.8660 -0.0000 -0.5000
vn 0.0000 0.0000 -1.0000
vn 0.0000 0.0000 -1.0000
vn 0.8660 0.0000 -0.5000
vn 0.8660 0.0000 -0.5000
vn 0.0000 1.0000 0.0000
vn 0.0000 1.0000 0.0000
vn 0.0000 1.0000 -0.0000
vn 0.0000 1.0000 0.0000
vn 0.0000 -1.0000 0.0000
vn 0.0000 -1.0000 0.0000
vn -0.0000 -1.0000 0.0000
vn 0.0000 -1.0000 0.0000
vn 0.8660 0.0000 0.5000
vn 0.8660 0.0000 0.5000
vn 0.0000 0.0000 1.0000
vn 0.0000 0.0000 1.0000
vn -0.8660 0.0000 0.5000
vn -0.8660 0.0000 0.5000
vn -0.8660 0.0000 -0.5000
vn -0.8660 -0.0000 -0.5000
vn 0.0000 0.0000 -1.0000
vn 0.0000 0.0000 -1.0000
vn 0.8660 0.0000 -0.5000
vn 0.8660 0.0000 -0.5000
vn 0.0000 1.0000 0.0000
vn 0.0000 1.0000 0.0000
vn 0.0000 1.0000 -0.0000
vn 0.0000 1.0000 0.0000
vn 0.0000 -1.0000 0.0000
vn 0.0000 -1.0000 0.0000
vn -0.0000 -1.0000 0.0000
vn 0.0000 -1.0000 0.0000
vn 0.8660 0.0000 0.5000
vn 0.8660 0.0000 0.5000
vn 0.0000 0.0000 1.0000
vn 0.0000 0.0000 1.0000
vn -0.8660 0.0000 0.5000
vn -0.8660 0.0000 0.5000
vn -0.8660 0.0000 -0.5000
vn -0.8660 -0.0000 -0.5000
vn 0.0000 0.0000 -1.0000
vn 0.0000 0.0000 -1.0000
vn 0.8660 0.0000 -0.5000
vn 0.8660 0.0000 -0.5000
vn 0.0000 1.0000 0.0000
vn 0.0000 1.0000 0.0000
vn 0.0000 1.0000 -0.0000
vn 0.0000 1.0000 0.0000
vn 0.0000 -1.0000 0.0000
vn 0.0000 -1.0000 0.0000
vn -0.0000 -1.0000 0.0000
vn 0.0000 -1.0000 0.0000
vn 0.8660 0.0000 0.5000
vn 0.8660 0.0000 0.5000
vn 0.0000 0.0000 1.0000
vn 0.0000 0.0000 1.0000
vn -0.8660 0.0000 0.5000
vn -0.8660 0.0000 0.5000
vn -0.8660 0.0000 -0.5000
vn -0.8660 -0.0000 -0.5000
vn 0.0000 0.0000 -1.0000
vn 0.0000 0.0000 -1.0000
vn 0.8660 0.0000 -0.5000
vn 0.8660 0.0000 -0.5000
vn 0.0000 1.0000 0.0000
vn 0.0000 1.0000 0.0000
vn 0.0000 1.0000 -0.0000
vn 0.0000 1.0000 0.0000
vn 0.0000 -1.0000 0.0000
vn 0.0000 -1.0000 0.0000
vn -0.0000 -1.0000 0.0000
vn 0.0000 -1.0000 0.0000
vn 0.8660 0.0000 0.5000
vn 0.8660 0.0000 0.5000
vn 0.0000 0.0000 1.0000
vn 0.0000 0.0000 1.0000
vn -0.8660 0.0000 0.5000
vn -0.8660 0.0000 0.5000
vn -0.8660 0.0000 -0.5000
vn -0.8660 -0.0000 -0.5000
vn 0.0000 0.0000 -1.0000
vn 0.0000 0.0000 -1.0000
vn 0.8660 0.0000 -0.5000
vn 0.8660 0.0000 -0.5000
vn 0.0000 1.0000 0.0000
vn 0.0000 1.0000 0.0000
vn 0.0000 1.0000 -0.0000
vn 0.0000 1.0000 0.0000
vn 0.0000 -1.0000 0.0000
vn 0.0000 -1.0000 0.0000
vn -0.0000 -1.0000 0.0000
vn 0.0000 -1.0000 0.0000
vn 0.9085 -0.2350 0.3455
vn 0.9085 -0.2350 0.3455
vn 0.3763 -0.6959 0.6116
vn 0.3763 -0.6959 0.6116
vn -0.3763 -0.6959 0.6116
vn -0.3763 -0.6959 0.6116
vn -0.9085 -0.2350 0.3455
vn -0.9085 -0.2350 0.3455
vn -0.9085 0.4167 -0.0308
vn -0.9085 0.4167 -0.0308
vn -0.3763 0.8776 -0.2969
vn -0.3763 0.8776 -0.2969
vn 0.3763 0.8776 -0.2969
vn 0.3763 0.8776 -0.2969
vn 0.9085 0.4167 -0.0308
vn 0.9085 0.4167 -0.0308
vn 0.0000 0.5000 0.8660
vn 0.0000 0.5000 0.8660
vn 0.0000 0.5000 0.8660
vn 0.0000 0.5000 0.8660
vn -0.0000 0.5000 0.8660
vn 0.0000 0.5000 0.8660
vn 0.0000 -0.5000 -0.8660
vn -0.0000 -0.5000 -0.8660
vn -0.0000 -0.5000 -0.8660
vn -0.0000 -0.5000 -0.8660
vn 0.0000 -0.5000 -0.8660
vn -0.0000 -0.5000 -0.8660
vn 0.9239 -0.3314 0.1913
vn 0.9239 -0.3314 0.1913
vn 0.3827 -0.8001 0.4619
vn 0.3827 -0.8001 0.4619
vn -0.3827 -0.8001 0.4619
vn -0.3827 -0.8001 0.4619
vn -0.9239 -0.3314 0.1913
vn -0.9239 -0.3314 0.1913
vn -0.9239 0.3314 -0.1913
vn -0.9239 0.3314 -0.1913
vn -0.3827 0.8001 -0.4619
vn -0.3827 0.8001 -0.4619
vn 0.3827 0.8001 -0.4619
vn 0.3827 0.8001 -0.4619
vn 0.9239 0.3314 -0.1913
vn 0.9239 0.3314 -0.1913
vn 0.0000 0.5000 0.8660
vn 0.0000 0.5000 0.8660
vn 0.0000 0.5000 0.8660
vn -0.0000 0.5000 0.8660
vn 0.0000 0.5000 0.8660
vn -0.0000 0.5000 0.8660
vn -0.0000 1.0000 0.0000
vn 0.0000 1.0000 0.0000
vn 0.0000 0.0000 -1.0000
vn 0.0000 0.0000 -1.0000
vn 1.0000 0.0000 -0.0000
vn 1.0000 0.0000 0.0000
vn 0.0000 0.0000 1.0000
vn 0.0000 0.0000 1.0000
vn -1.0000 0.0000 -0.0000
vn -1.0000 -0.0000 0.0000
vn 0.0000 -1.0000 0.0000
vn 0.0000 -1.0000 0.0000
vn -0.0000 1.0000 0.0000
vn 0.0000 1.0000 0.0000
vn 0.0000 0.0000 -1.0000
vn 0.0000 0.0000 -1.0000
vn 1.0000 0.0000 -0.0000
vn 1.0000 0.0000 0.0000
vn 0.0000 0.0000 1.0000
vn 0.0000 0.0000 1.0000
vn -1.0000 0.0000 -0.0000
vn -1.0000 -0.0000 0.0000
vn 0.0000 -1.0000 0.0000
vn 0.0000 -1.0000 0.0000
vn -0.0000 1.0000 0.0000
vn 0.0000 1.0000 0.0000
vn 0.0000 0.0000 -1.0000
vn 0.0000 0.0000 -1.0000
vn 1.0000 0.0000 -0.0000
vn 1.0000 0.0000 0.0000
vn 0.0000 0.0000 1.0000
vn 0.0000 0.0000 1.0000
vn -1.0000 0.0000 -0.0000
vn -1.0000 -0.0000 0.0000
vn 0.0000 -1.0000 0.0000
vn 0.0000 -1.0000 0.0000
vn -0.0000 1.0000 0.0000
vn 0.0000 1.0000 0.0000
vn 0.0000 0.0000 -1.0000
vn 0.0000 0.0000 -1.0000
vn 1.0000 0.0000 -0.0000
vn 1.0000 0.0000 0.0000
vn 0.0000 0.0000 1.0000
vn 0.0000 0.0000 1.0000
vn -1.0000 0.0000 -0.0000
vn -1.0000 -0.0000 0.0000
vn 0.0000 -1.0000 0.0000
vn 0.0000 -1.0000 0.0000
vn 0.0000 0.9239 -0.3827
vn 0.0000 0.9239 -0.3827
vn 0.0000 0.3827 -0.9239
vn 0.0000 0.3827 -0.9239
vn 0.0000 -0.3827 -0.9239
vn -0.0000 -0.3827 -0.9239
vn 0.0000 -0.9239 -0.3827
vn -0.0000 -0.9239 -0.3827
vn 0.0000 -0.9239 0.3827
vn 0.0000 -0.9239 0.3827
vn 0.0000 -0.3827 0.9239
vn 0.0000 -0.3827 0.9239
vn 0.0000 0.3827 0.9239
vn 0.0000 0.3827 0.9239
vn 0.0000 0.9239 0.3827
vn 0.0000 0.9239 0.3827
vn 1.0000 0.0000 0.0000
vn 1.0000 0.0000 0.0000
vn 1.0000 0.0000 0.0000
vn 1.0000 0.0000 0.0000
vn 1.0000 0.0000 0.0000
vn 1.0000 0.0000 0.0000
vn -1.0000 0.0000 0.0000
vn -1.0000 0.0000 0.0000
vn -1.0000 -0.0000 0.0000
vn -1.0000 0.0000 0.0000
vn -1.0000 0.0000 0.0000
vn -1.0000 0.0000 0.0000
vn -0.0000 1.0000 0.0000
vn 0.0000 1.0000 0.0000
vn 0.0000 0.0000 -1.0000
vn 0.0000 0.0000 -1.0000
vn 1.0000 0.0000 -0.0000
vn 1.0000 0.0000 0.0000
vn 0.0000 0.0000 1.0000
vn 0.0000 0.0000 1.0000
vn -1.0000 0.0000 -0.0000
vn -1.0000 -0.0000 0.0000
vn 0.0000 -1.0000 0.0000
vn 0.0000 -1.0000 0.0000
vn -0.0000 1.0000 0.0000
vn 0.0000 1.0000 0.0000
vn 0.0000 0.0000 -1.0000
vn 0.0000 0.0000 -1.0000
vn 1.0000 0.0000 -0.0000
vn 1.0000 0.0000 0.0000
vn 0.0000 0.0000 1.0000
vn 0.0000 0.0000 1.0000
vn -1.0000 0.0000 -0.0000
vn -1.0000 -0.0000 0.0000
vn 0.0000 -1.0000 0.0000
vn 0.0000 -1.0000 0.0000
vn -0.0000 1.0000 0.0000
vn 0.0000 1.0000 0.0000
vn 0.0000 0.0000 -1.0000
vn 0.0000 0.0000 -1.0000
vn 1.0000 0.0000 -0.0000
vn 1.0000 0.0000 0.0000
vn 0.0000 0.0000 1.0000
vn 0.0000 0.0000 1.0000
vn -1.0000 0.0000 -0.0000
vn -1.0000 -0.0000 0.0000
vn 0.0000 -1.0000 0.0000
vn 0.0000 -1.0000 0.0000
vn -0.0000 1.0000 0.0000
vn 0.0000 1.0000 0.0000
vn 0.0000 0.0000 -1.0000
vn 0.0000 0.0000 -1.0000
vn 1.0000 0.0000 -0.0000
vn 1.0000 0.0000 0.0000
vn 0.0000 0.0000 1.0000
vn 0.0000 0.0000 1.0000
vn -1.0000 0.0000 -0.0000
vn -1.0000 -0.0000 0.0000
vn 0.0000 -1.0000 0.0000
vn 0.0000 -1.0000 0.0000
vn -0.0000 1.0000 0.0000
vn 0.0000 1.0000 0.0000
vn 0.0000 0.0000 -1.0000
vn 0.0000 0.0000 -1.0000
vn 1.0000 0.0000 -0.0000
vn 1.0000 0.0000 0.0000
vn 0.0000 0.0000 1.0000
vn 0.0000 0.0000 1.0000
vn -1.0000 0.0000 -0.0000
vn -1.0000 -0.0000 0.0000
vn 0.0000 -1.0000 0.0000
vn 0.0000 -1.0000 0.0000
vn -0.0000 1.0000 0.0000
vn 0.0000 1.0000 0.0000
vn 0.0000 0.0000 -1.0000
vn 0.0000 0.0000 -1.0000
vn 1.0000 0.0000 -0.0000
vn 1.0000 0.0000 0.0000
vn 0.0000 0.0000 1.0000
vn 0.0000 0.0000 1.0000
vn -1.0000 0.0000 -0.0000
vn -1.0000 -0.0000 0.0000
vn 0.0000 -1.0000 0.0000
vn 0.0000 -1.0000 0.0000
vn -0.0000 1.0000 0.0000
vn 0.0000 1.0000 0.0000
vn 0.0000 0.0000 -1.0000
vn 0.0000 0.0000 -1.0000
vn 1.0000 0.0000 -0.0000
vn 1.0000 0.0000 0.0000
vn 0.0000 0.0000 1.0000
vn 0.0000 0.0000 1.0000
vn -1.0000 0.0000 -0.0000
vn -1.0000 -0.0000 0.0000
vn 0.0000 -1.0000 0.0000
vn 0.0000 -1.0000 0.0000
vn -0.0000 1.0000 0.0000
vn 0.0000 1.0000 0.0000
vn 0.0000 0.0000 -1.0000
vn 0.0000 0.0000 -1.0000
vn 1.0000 0.0000 -0.0000
vn 1.0000 0.0000 0.0000
vn 0.0000 0.0000 1.0000
vn 0.0000 0.0000 1.0000
vn -1.0000 0.0000 -0.0000
vn -1.0000 -0.0000 0.0000
vn 0.0000 -1.0000 0.0000
vn 0.0000 -1.0000 0.0000
vn -0.0000 1.0000 0.0000
vn 0.0000 1.0000 0.0000
vn 0.0000 0.0000 -1.0000
vn 0.0000 0.0000 -1.0000
vn 1.0000 0.0000 -0.0000
vn 1.0000 0.0000 0.0000
vn 0.0000 0.0000 1.0000
vn 0.0000 0.0000 1.0000
vn -1.0000 0.0000 -0.0000
vn -1.0000 -0.0000 0.0000
vn 0.0000 -1.0000 0.0000
vn 0.0000 -1.0000 0.0000
vn -0.0000 1.0000 0.0000
vn 0.0000 1.0000 0.0000
vn 0.0000 0.0000 -1.0000
vn 0.0000 0.0000 -1.0000
vn 1.0000 0.0000 -0.0000
vn 1.0000 0.0000 0.0000
vn 0.0000 0.0000 1.0000
vn 0.0000 0.0000 1.0000
vn -1.0000 0.0000 -0.0000
vn -1.0000 -0.0000 0.0000
vn 0.0000 -1.0000 0.0000
vn 0.0000 -1.0000 0.0000
vn -0.0000 1.0000 0.0000
vn 0.0000 1.0000 0.0000
vn 0.0000 0.0000 -1.0000
vn 0.0000 0.0000 -1.0000
vn 1.0000 0.0000 -0.0000
vn 1.0000 0.0000 0.0000
vn 0.0000 0.0000 1.0000
vn 0.0000 0.0000 1.0000
vn -1.0000 0.0000 -0.0000
vn -1.0000 -0.0000 0.0000
vn 0.0000 -1.0000 0.0000
vn 0.0000 -1.0000 0.0000
vn -0.0000 1.0000 0.0000
vn 0.0000 1.0000 0.0000
vn 0.0000 0.0000 -1.0000
vn 0.0000 0.0000 -1.0000
vn 1.0000 0.0000 -0.0000
vn 1.0000 0.0000 0.0000
vn 0.0000 0.0000 1.0000
vn 0.0000 0.0000 1.0000
vn -1.0000 0.0000 -0.0000
vn -1.0000 -0.0000 0.0000
vn 0.0000 -1.0000 0.0000
vn 0.0000 -1.0000 0.0000
vn 0.0000 1.0000 0.0000
vn 0.0000 1.0000 0.0000
vn -0.3420 0.0000 -0.9397
vn -0.3420 -0.0000 -0.9397
vn 0.9397 0.0000 -0.3420
vn 0.9397 0.0000 -0.3420
vn 0.3420 0.0000 0.9397
vn 0.3420 0.0000 0.9397
vn -0.9397 0.0000 0.3420
vn -0.9397 0.0000 0.3420
vn 0.0000 -1.0000 0.0000
vn 0.0000 -1.0000 0.0000
vn -0.1710 0.8660 -0.4698
vn -0.1710 0.8660 -0.4698
vn -0.3420 -0.0000 -0.9397
vn -0.3420 0.0000 -0.9397
vn -0.1710 -0.8660 -0.4698
vn -0.1710 -0.8660 -0.4698
vn 0.1710 -0.8660 0.4698
vn 0.1710 -0.8660 0.4698
vn 0.3420 -0.0000 0.9397
vn 0.3420 0.0000 0.9397
vn 0.1710 0.8660 0.4698
vn 0.1710 0.8660 0.4698
vn 0.9397 0.0000 -0.3420
vn 0.9397 -0.0000 -0.3420
vn 0.9397 0.0000 -0.3420
vn 0.9397 0.0000 -0.3420
vn -0.9397 0.0000 0.3420
vn -0.9397 0.0000 0.3420
vn -0.9397 0.0000 0.3420
vn -0.9397 0.0000 0.3420
vn 0.2432 0.9659 -0.0885
vn 0.2432 0.9659 -0.0885
vn -0.3420 -0.0000 -0.9397
vn -0.3420 -0.0000 -0.9397
vn 0.9077 -0.2588 -0.3304
vn 0.9077 -0.2588 -0.3304
vn 0.3420 0.0000 0.9397
vn 0.3420 0.0000 0.9397
vn -0.9077 0.2588 0.3304
vn -0.9077 0.2588 0.3304
vn -0.2432 -0.9659 0.0885
vn -0.2432 -0.9659 0.0885
vn -0.1710 0.8660 -0.4698
vn -0.1710 0.8660 -0.4698
vn -0.3420 -0.0000 -0.9397
vn -0.3420 0.0000 -0.9397
vn -0.1710 -0.8660 -0.4698
vn -0.1710 -0.8660 -0.4698
vn 0.1710 -0.8660 0.4698
vn 0.1710 -0.8660 0.4698
vn 0.3420 -0.0000 0.9397
vn 0.3420 0.0000 0.9397
vn 0.1710 0.8660 0.4698
vn 0.1710 0.8660 0.4698
vn 0.9397 0.0000 -0.3420
vn 0.9397 0.0000 -0.3420
vn 0.9397 0.0000 -0.3420
vn 0.9397 -0.0000 -0.3420
vn -0.9397 0.0000 0.3420
vn -0.9397 0.0000 0.3420
vn -0.9397 0.0000 0.3420
vn -0.9397 0.0000 0.3420
vn -0.1710 0.8660 -0.4698
vn -0.1710 0.8660 -0.4698
vn -0.3420 -0.0000 -0.9397
vn -0.3420 0.0000 -0.9397
vn -0.1710 -0.8660 -0.4698
vn -0.1710 -0.8660 -0.4698
vn 0.1710 -0.8660 0.4698
vn 0.1710 -0.8660 0.4698
vn 0.3420 -0.0000 0.9397
vn 0.3420 0.0000 0.9397
vn 0.1710 0.8660 0.4698
vn 0.1710 0.8660 0.4698
vn 0.9397 0.0000 -0.3420
vn 0.9397 -0.0000 -0.3420
vn 0.9397 0.0000 -0.3420
vn 0.9397 0.0000 -0.3420
vn -0.9397 0.0000 0.3420
vn -0.9397 0.0000 0.3420
vn -0.9397 0.0000 0.3420
vn -0.9397 0.0000 0.3420
vn -0.1710 0.8660 -0.4698
vn -0.1710 0.8660 -0.4698
vn -0.3420 -0.0000 -0.9397
vn -0.3420 0.0000 -0.9397
vn -0.1710 -0.8660 -0.4698
vn -0.1710 -0.8660 -0.4698
vn 0.1710 -0.8660 0.4698
vn 0.1710 -0.8660 0.4698
vn 0.3420 -0.0000 0.9397
vn 0.3420 0.0000 0.9397
vn 0.1710 0.8660 0.4698
vn 0.1710 0.8660 0.4698
vn 0.9397 0.0000 -0.3420
vn 0.9397 -0.0000 -0.3420
vn 0.9397 0.0000 -0.3420
vn 0.9397 0.0000 -0.3420
vn -0.9397 0.0000 0.3420
vn -0.9397 0.0000 0.3420
vn -0.9397 0.0000 0.3420
vn -0.9397 0.0000 0.3420
vn 0.7473 -0.6290 0.2143
vn 0.0271 -0.6290 0.7770
vn -0.7306 -0.6290 0.2659
vn -0.4786 -0.6290 -0.6126
vn 0.4347 -0.6290 -0.6445
vn 0.7473 0.6290 0.2143
vn 0.0271 0.6290 0.7770
vn -0.7306 0.6290 0.2659
vn -0.4786 0.6290 -0.6126
vn 0.4347 0.6290 -0.6445
vn 0.0000 0.5000 -0.8660
vn 0.0000 0.5000 -0.8660
vn 0.0000 -0.8660 -0.5000
vn 0.0000 -0.8660 -0.5000
vn 1.0000 0.0000 -0.0000
vn 1.0000 0.0000 0.0000
vn 0.0000 0.8660 0.5000
vn 0.0000 0.8660 0.5000
vn -1.0000 -0.0000 0.0000
vn -1.0000 0.0000 0.0000
vn 0.0000 -0.5000 0.8660
vn 0.0000 -0.5000 0.8660
vn -0.0000 0.8660 0.5000
vn -0.0000 0.8660 0.5000
vn 0.0000 0.8660 0.5000
vn 0.0000 0.8660 0.5000
vn 0.0000 0.8660 0.5000
vn 0.0000 0.8660 0.5000
vn 0.0000 0.8660 0.5000
vn 0.0000 0.8660 0.5000
vn -0.0000 1.0000 0.0000
vn 0.0000 1.0000 0.0000
vn 0.0000 0.0000 -1.0000
vn 0.0000 0.0000 -1.0000
vn 1.0000 0.0000 -0.0000
vn 1.0000 0.0000 0.0000
vn 0.0000 0.0000 1.0000
vn 0.0000 0.0000 1.0000
vn -1.0000 0.0000 -0.0000
vn -1.0000 -0.0000 0.0000
vn 0.0000 -1.0000 0.0000
vn 0.0000 -1.0000 0.0000
vn 0.0000 0.8660 -0.5000
vn 0.0000 0.8660 -0.5000
vn 0.0000 -0.0000 -1.0000
vn -0.0000 0.0000 -1.0000
vn 0.0000 -0.8660 -0.5000
vn -0.0000 -0.8660 -0.5000
vn 0.0000 -0.8660 0.5000
vn 0.0000 -0.8660 0.5000
vn 0.0000 -0.0000 1.0000
vn 0.0000 0.0000 1.0000
vn 0.0000 0.8660 0.5000
vn 0.0000 0.8660 0.5000
vn 1.0000 0.0000 0.0000
vn 1.0000 0.0000 0.0000
vn 1.0000 0.0000 0.0000
vn 1.0000 0.0000 0.0000
vn -1.0000 0.0000 0.0000
vn -1.0000 -0.0000 0.0000
vn -1.0000 0.0000 0.0000
vn -1.0000 0.0000 0.0000
vn 0.2588 0.9659 0.0000
vn 0.2588 0.9659 0.0000
vn 0.0000 0.0000 -1.0000
vn 0.0000 -0.0000 -1.0000
vn 0.9659 -0.2588 0.0000
vn 0.9659 -0.2588 0.0000
vn 0.0000 0.0000 1.0000
vn 0.0000 0.0000 1.0000
vn -0.9659 0.2588 0.0000
vn -0.9659 0.2588 0.0000
vn -0.2588 -0.9659 0.0000
vn -0.2588 -0.9659 0.0000
vn 0.0000 0.8660 -0.5000
vn 0.0000 0.8660 -0.5000
vn 0.0000 -0.0000 -1.0000
vn -0.0000 0.0000 -1.0000
vn 0.0000 -0.8660 -0.5000
vn -0.0000 -0.8660 -0.5000
vn 0.0000 -0.8660 0.5000
vn 0.0000 -0.8660 0.5000
vn 0.0000 -0.0000 1.0000
vn 0.0000 0.0000 1.0000
vn 0.0000 0.8660 0.5000
vn 0.0000 0.8660 0.5000
vn 1.0000 0.0000 0.0000
vn 1.0000 0.0000 0.0000
vn 1.0000 0.0000 0.0000
vn 1.0000 0.0000 0.0000
vn -1.0000 0.0000 0.0000
vn -1.0000 -0.0000 0.0000
vn -1.0000 0.0000 0.0000
vn -1.0000 0.0000 0.0000
vn 0.0000 0.8660 -0.5000
vn 0.0000 0.8660 -0.5000
vn 0.0000 -0.0000 -1.0000
vn -0.0000 0.0000 -1.0000
vn 0.0000 -0.8660 -0.5000
vn -0.0000 -0.8660 -0.5000
vn 0.0000 -0.8660 0.5000
vn 0.0000 -0.8660 0.5000
vn 0.0000 -0.0000 1.0000
vn 0.0000 0.0000 1.0000
vn 0.0000 0.8660 0.5000
vn 0.0000 0.8660 0.5000
vn 1.0000 0.0000 0.0000
vn 1.0000 0.0000 0.0000
vn 1.0000 0.0000 0.0000
vn 1.0000 0.0000 0.0000
vn -1.0000 0.0000 0.0000
vn -1.0000 -0.0000 0.0000
vn -1.0000 0.0000 0.0000
vn -1.0000 0.0000 0.0000
vn 0.0000 0.8660 -0.5000
vn 0.0000 0.8660 -0.5000
vn 0.0000 -0.0000 -1.0000
vn -0.0000 0.0000 -1.0000
vn 0.0000 -0.8660 -0.5000
vn -0.0000 -0.8660 -0.5000
vn 0.0000 -0.8660 0.5000
vn 0.0000 -0.8660 0.5000
vn 0.0000 -0.0000 1.0000
vn 0.0000 0.0000 1.0000
vn 0.0000 0.8660 0.5000
vn 0.0000 0.8660 0.5000
vn 1.0000 0.0000 0.0000
vn 1.0000 0.0000 0.0000
vn 1.0000 0.0000 0.0000
vn 1.0000 0.0000 0.0000
vn -1.0000 0.0000 0.0000
vn -1.0000 -0.0000 0.0000
vn -1.0000 0.0000 0.0000
vn -1.0000 0.0000 0.0000
vn 0.6290 -0.6290 0.4570
vn -0.2402 -0.6290 0.7394
vn -0.7774 -0.6290 -0.0000
vn -0.2402 -0.6290 -0.7394
vn 0.6290 -0.6290 -0.4570
vn 0.6290 0.6290 0.4570
vn -0.2402 0.6290 0.7394
vn -0.7774 0.6290 0.0000
vn -0.2402 0.6290 -0.7394
vn 0.6290 0.6290 -0.4570
vn 0.0000 0.5000 -0.8660
vn 0.0000 0.5000 -0.8660
vn 0.0000 -0.8660 -0.5000
vn 0.0000 -0.8660 -0.5000
vn 1.0000 0.0000 -0.0000
vn 1.0000 0.0000 0.0000
vn 0.0000 0.8660 0.5000
vn 0.0000 0.8660 0.5000
vn -1.0000 -0.0000 0.0000
vn -1.0000 0.0000 0.0000
vn 0.0000 -0.5000 0.8660
vn 0.0000 -0.5000 0.8660
vn -0.0000 0.8660 0.5000
vn -0.0000 0.8660 0.5000
vn -0.0000 0.8660 0.5000
vn 0.0000 0.8660 0.5000
vn 0.0000 0.8660 0.5000
vn -0.0000 0.8660 0.5000
vn 0.0000 1.0000 0.0000
vn -0.0000 1.0000 0.0000
vn 0.3420 0.0000 -0.9397
vn 0.3420 0.0000 -0.9397
vn 0.9397 0.0000 0.3420
vn 0.9397 0.0000 0.3420
vn -0.3420 0.0000 0.9397
vn -0.3420 0.0000 0.9397
vn -0.9397 0.0000 -0.3420
vn -0.9397 -0.0000 -0.3420
vn -0.0000 -1.0000 0.0000
vn 0.0000 -1.0000 0.0000
vn 0.1710 0.8660 -0.4698
vn 0.1710 0.8660 -0.4698
vn 0.3420 0.0000 -0.9397
vn 0.3420 0.0000 -0.9397
vn 0.1710 -0.8660 -0.4698
vn 0.1710 -0.8660 -0.4698
vn -0.1710 -0.8660 0.4698
vn -0.1710 -0.8660 0.4698
vn -0.3420 -0.0000 0.9397
vn -0.3420 0.0000 0.9397
vn -0.1710 0.8660 0.4698
vn -0.1710 0.8660 0.4698
vn 0.9397 -0.0000 0.3420
vn 0.9397 -0.0000 0.3420
vn 0.9397 0.0000 0.3420
vn 0.9397 0.0000 0.3420
vn -0.9397 0.0000 -0.3420
vn -0.9397 -0.0000 -0.3420
vn -0.9397 -0.0000 -0.3420
vn -0.9397 0.0000 -0.3420
vn 0.2432 0.9659 0.0885
vn 0.2432 0.9659 0.0885
vn 0.3420 0.0000 -0.9397
vn 0.3420 0.0000 -0.9397
vn 0.9077 -0.2588 0.3304
vn 0.9077 -0.2588 0.3304
vn -0.3420 -0.0000 0.9397
vn -0.3420 0.0000 0.9397
vn -0.9077 0.2588 -0.3304
vn -0.9077 0.2588 -0.3304
vn -0.2432 -0.9659 -0.0885
vn -0.2432 -0.9659 -0.0885
vn 0.1710 0.8660 -0.4698
vn 0.1710 0.8660 -0.4698
vn 0.3420 0.0000 -0.9397
vn 0.3420 0.0000 -0.9397
vn 0.1710 -0.8660 -0.4698
vn 0.1710 -0.8660 -0.4698
vn -0.1710 -0.8660 0.4698
vn -0.1710 -0.8660 0.4698
vn -0.3420 0.0000 0.9397
vn -0.3420 0.0000 0.9397
vn -0.1710 0.8660 0.4698
vn -0.1710 0.8660 0.4698
vn 0.9397 0.0000 0.3420
vn 0.9397 0.0000 0.3420
vn 0.9397 0.0000 0.3420
vn 0.9397 -0.0000 0.3420
vn -0.9397 0.0000 -0.3420
vn -0.9397 -0.0000 -0.3420
vn -0.9397 -0.0000 -0.3420
vn -0.9397 0.0000 -0.3420
vn 0.1710 0.8660 -0.4698
vn 0.1710 0.8660 -0.4698
vn 0.3420 0.0000 -0.9397
vn 0.3420 0.0000 -0.9397
vn 0.1710 -0.8660 -0.4698
vn 0.1710 -0.8660 -0.4698
vn -0.1710 -0.8660 0.4698
vn -0.1710 -0.8660 0.4698
vn -0.3420 0.0000 0.9397
vn -0.3420 0.0000 0.9397
vn -0.1710 0.8660 0.4698
vn -0.1710 0.8660 0.4698
vn 0.9397 0.0000 0.3420
vn 0.9397 0.0000 0.3420
vn 0.9397 0.0000 0.3420
vn 0.9397 -0.0000 0.3420
vn -0.9397 0.0000 -0.3420
vn -0.9397 -0.0000 -0.3420
vn -0.9397 -0.0000 -0.3420
vn -0.9397 0.0000 -0.3420
vn 0.1710 0.8660 -0.4698
vn 0.1710 0.8660 -0.4698
vn 0.3420 0.0000 -0.9397
vn 0.3420 0.0000 -0.9397
vn 0.1710 -0.8660 -0.4698
vn 0.1710 -0.8660 -0.4698
vn -0.1710 -0.8660 0.4698
vn -0.1710 -0.8660 0.4698
vn -0.3420 0.0000 0.9397
vn -0.3420 0.0000 0.9397
vn -0.1710 0.8660 0.4698
vn -0.1710 0.8660 0.4698
vn 0.9397 0.0000 0.3420
vn 0.9397 0.0000 0.3420
vn 0.9397 0.0000 0.3420
vn 0.9397 -0.0000 0.3420
vn -0.9397 0.0000 -0.3420
vn -0.9397 -0.0000 -0.3420
vn -0.9397 -0.0000 -0.3420
vn -0.9397 0.0000 -0.3420
vn 0.4347 -0.6290 0.6445
vn -0.4786 -0.6290 0.6126
vn -0.7306 -0.6290 -0.2659
vn 0.0271 -0.6290 -0.7770
vn 0.7473 -0.6290 -0.2143
vn 0.4347 0.6290 0.6445
vn -0.4786 0.6290 0.6126
vn -0.7306 0.6290 -0.2659
vn 0.0271 0.6290 -0.7770
vn 0.7473 0.6290 -0.2143
vn 0.0000 0.5000 -0.8660
vn 0.0000 0.5000 -0.8660
vn 0.0000 -0.8660 -0.5000
vn 0.0000 -0.8660 -0.5000
vn 1.0000 0.0000 -0.0000
vn 1.0000 0.0000 0.0000
vn 0.0000 0.8660 0.5000
vn 0.0000 0.8660 0.5000
vn -1.0000 -0.0000 0.0000
vn -1.0000 0.0000 0.0000
vn 0.0000 -0.5000 0.8660
vn 0.0000 -0.5000 0.8660
vn 0.0000 0.8660 0.5000
vn 0.0000 0.8660 0.5000
vn -0.0000 0.8660 0.5000
vn -0.0000 0.8660 0.5000
vn 0.0000 0.8660 0.5000
vn 0.0000 0.8660 0.5000
vn 0.0000 0.8660 0.5000
vn 0.0000 0.8660 0.5000
vn -0.0000 0.9272 0.3746
vn 0.0000 0.9272 0.3746
vn 0.0000 0.3746 -0.9272
vn 0.0000 0.3746 -0.9272
vn 1.0000 0.0000 0.0000
vn 1.0000 0.0000 0.0000
vn 0.0000 -0.3746 0.9272
vn 0.0000 -0.3746 0.9272
vn -1.0000 0.0000 0.0000
vn -1.0000 0.0000 -0.0000
vn 0.0000 -0.9272 -0.3746
vn -0.0000 -0.9272 -0.3746
vn -0.0000 0.9272 0.3746
vn 0.0000 0.9272 0.3746
vn 0.0000 0.3746 -0.9272
vn 0.0000 0.3746 -0.9272
vn 1.0000 0.0000 0.0000
vn 1.0000 0.0000 0.0000
vn 0.0000 -0.3746 0.9272
vn 0.0000 -0.3746 0.9272
vn -1.0000 0.0000 0.0000
vn -1.0000 0.0000 -0.0000
vn 0.0000 -0.9272 -0.3746
vn -0.0000 -0.9272 -0.3746
vn -0.0000 0.9272 0.3746
vn 0.0000 0.9272 0.3746
vn 0.0000 0.3746 -0.9272
vn 0.0000 0.3746 -0.9272
vn 1.0000 0.0000 0.0000
vn 1.0000 0.0000 0.0000
vn 0.0000 -0.3746 0.9272
vn 0.0000 -0.3746 0.9272
vn -1.0000 0.0000 0.0000
vn -1.0000 0.0000 -0.0000
vn 0.0000 -0.9272 -0.3746
vn -0.0000 -0.9272 -0.3746
vn -0.0000 0.9272 0.3746
vn 0.0000 0.9272 0.3746
vn 0.0000 0.3746 -0.9272
vn 0.0000 0.3746 -0.9272
vn 1.0000 0.0000 0.0000
vn 1.0000 0.0000 0.0000
vn 0.0000 -0.3746 0.9272
vn 0.0000 -0.3746 0.9272
vn -1.0000 0.0000 0.0000
vn -1.0000 0.0000 -0.0000
vn 0.0000 -0.9272 -0.3746
vn -0.0000 -0.9272 -0.3746
vn -0.0000 0.9272 0.3746
vn 0.0000 0.9272 0.3746
vn 0.0000 0.3746 -0.9272
vn 0.0000 0.3746 -0.9272
vn 1.0000 0.0000 0.0000
vn 1.0000 0.0000 0.0000
vn 0.0000 -0.3746 0.9272
vn 0.0000 -0.3746 0.9272
vn -1.0000 0.0000 0.0000
vn -1.0000 0.0000 -0.0000
vn 0.0000 -0.9272 -0.3746
vn -0.0000 -0.9272 -0.3746
vn -0.0000 0.9272 0.3746
vn 0.0000 0.9272 0.3746
vn 0.0000 0.3746 -0.9272
vn 0.0000 0.3746 -0.9272
vn 1.0000 0.0000 0.0000
vn 1.0000 0.0000 0.0000
vn 0.0000 -0.3746 0.9272
vn 0.0000 -0.3746 0.9272
vn -1.0000 0.0000 0.0000
vn -1.0000 0.0000 -0.0000
vn 0.0000 -0.9272 -0.3746
vn -0.0000 -0.9272 -0.3746
vn -0.0000 0.9272 0.3746
vn 0.0000 0.9272 0.3746
vn 0.0000 0.3746 -0.9272
vn 0.0000 0.3746 -0.9272
vn 1.0000 0.0000 0.0000
vn 1.0000 0.0000 0.0000
vn 0.0000 -0.3746 0.9272
vn 0.0000 -0.3746 0.9272
vn -1.0000 0.0000 0.0000
vn -1.0000 0.0000 -0.0000
vn 0.0000 -0.9272 -0.3746
vn -0.0000 -0.9272 -0.3746
vn -0.0000 0.9272 0.3746
vn 0.0000 0.9272 0.3746
vn 0.0000 0.3746 -0.9272
vn 0.0000 0.3746 -0.9272
vn 1.0000 0.0000 0.0000
vn 1.0000 0.0000 0.0000
vn 0.0000 -0.3746 0.9272
vn 0.0000 -0.3746 0.9272
vn -1.0000 0.0000 0.0000
vn -1.0000 0.0000 -0.0000
vn 0.0000 -0.9272 -0.3746
vn -0.0000 -0.9272 -0.3746
vn -0.0000 1.0000 0.0000
vn 0.0000 1.0000 0.0000
vn 0.0000 0.0000 -1.0000
vn 0.0000 0.0000 -1.0000
vn 1.0000 0.0000 -0.0000
vn 1.0000 0.0000 0.0000
vn 0.0000 0.0000 1.0000
vn 0.0000 0.0000 1.0000
vn -1.0000 0.0000 -0.0000
vn -1.0000 -0.0000 0.0000
vn 0.0000 -1.0000 0.0000
vn 0.0000 -1.0000 0.0000
vn -0.0000 1.0000 0.0000
vn 0.0000 1.0000 0.0000
vn 0.0000 0.0000 -1.0000
vn 0.0000 0.0000 -1.0000
vn 1.0000 0.0000 -0.0000
vn 1.0000 0.0000 0.0000
vn 0.0000 0.0000 1.0000
vn 0.0000 0.0000 1.0000
vn -1.0000 0.0000 -0.0000
vn -1.0000 -0.0000 0.0000
vn 0.0000 -1.0000 0.0000
vn 0.0000 -1.0000 0.0000
vn 0.0000 0.8660 -0.5000
vn 0.0000 0.8660 -0.5000
vn 0.0000 -0.0000 -1.0000
vn -0.0000 0.0000 -1.0000
vn 0.0000 -0.8660 -0.5000
vn -0.0000 -0.8660 -0.5000
vn 0.0000 -0.8660 0.5000
vn 0.0000 -0.8660 0.5000
vn 0.0000 -0.0000 1.0000
vn 0.0000 0.0000 1.0000
vn 0.0000 0.8660 0.5000
vn 0.0000 0.8660 0.5000
vn 1.0000 0.0000 0.0000
vn 1.0000 0.0000 0.0000
vn 1.0000 0.0000 0.0000
vn 1.0000 0.0000 0.0000
vn -1.0000 0.0000 0.0000
vn -1.0000 -0.0000 0.0000
vn -1.0000 0.0000 0.0000
vn -1.0000 0.0000 0.0000
vn 0.2588 0.9659 0.0000
vn 0.2588 0.9659 0.0000
vn 0.0000 0.0000 -1.0000
vn 0.0000 -0.0000 -1.0000
vn 0.9659 -0.2588 0.0000
vn 0.9659 -0.2588 0.0000
vn 0.0000 0.0000 1.0000
vn 0.0000 0.0000 1.0000
vn -0.9659 0.2588 0.0000
vn -0.9659 0.2588 0.0000
vn -0.2588 -0.9659 0.0000
vn -0.2588 -0.9659 0.0000
vn 0.0000 0.8660 -0.5000
vn 0.0000 0.8660 -0.5000
vn 0.0000 -0.0000 -1.0000
vn -0.0000 0.0000 -1.0000
vn 0.0000 -0.8660 -0.5000
vn -0.0000 -0.8660 -0.5000
vn 0.0000 -0.8660 0.5000
vn 0.0000 -0.8660 0.5000
vn 0.0000 -0.0000 1.0000
vn 0.0000 0.0000 1.0000
vn 0.0000 0.8660 0.5000
vn 0.0000 0.8660 0.5000
vn 1.0000 0.0000 0.0000
vn 1.0000 0.0000 0.0000
vn 1.0000 0.0000 0.0000
vn 1.0000 0.0000 0.0000
vn -1.0000 0.0000 0.0000
vn -1.0000 -0.0000 0.0000
vn -1.0000 0.0000 0.0000
vn -1.0000 0.0000 0.0000
vn 0.0000 0.8660 -0.5000
vn 0.0000 0.8660 -0.5000
vn 0.0000 -0.0000 -1.0000
vn -0.0000 0.0000 -1.0000
vn 0.0000 -0.8660 -0.5000
vn -0.0000 -0.8660 -0.5000
vn 0.0000 -0.8660 0.5000
vn 0.0000 -0.8660 0.5000
vn 0.0000 -0.0000 1.0000
vn 0.0000 0.0000 1.0000
vn 0.0000 0.8660 0.5000
vn 0.0000 0.8660 0.5000
vn 1.0000 0.0000 0.0000
vn 1.0000 0.0000 0.0000
vn 1.0000 0.0000 0.0000
vn 1.0000 0.0000 0.0000
vn -1.0000 0.0000 0.0000
vn -1.0000 -0.0000 0.0000
vn -1.0000 0.0000 0.0000
vn -1.0000 0.0000 0.0000
vn 0.0000 0.8660 -0.5000
vn 0.0000 0.8660 -0.5000
vn 0.0000 -0.0000 -1.0000
vn -0.0000 0.0000 -1.0000
vn 0.0000 -0.8660 -0.5000
vn -0.0000 -0.8660 -0.5000
vn 0.0000 -0.8660 0.5000
vn 0.0000 -0.8660 0.5000
vn 0.0000 -0.0000 1.0000
vn 0.0000 0.0000 1.0000
vn 0.0000 0.8660 0.5000
vn 0.0000 0.8660 0.5000
vn 1.0000 0.0000 0.0000
vn 1.0000 0.0000 0.0000
vn 1.0000 0.0000 0.0000
vn 1.0000 0.0000 0.0000
vn -1.0000 0.0000 0.0000
vn -1.0000 -0.0000 0.0000
vn -1.0000 0.0000 0.0000
vn -1.0000 0.0000 0.0000
vn 0.6290 -0.6290 0.4570
vn -0.2402 -0.6290 0.7394
vn -0.7774 -0.6290 -0.0000
vn -0.2402 -0.6290 -0.7394
vn 0.6290 -0.6290 -0.4570
vn 0.6290 0.6290 0.4570
vn -0.2402 0.6290 0.7394
vn -0.7774 0.6290 0.0000
vn -0.2402 0.6290 -0.7394
vn 0.6290 0.6290 -0.4570
vn -0.0000 1.0000 0.0000
vn 0.0000 1.0000 0.0000
vn 0.0000 0.0000 -1.0000
vn 0.0000 0.0000 -1.0000
vn 1.0000 0.0000 -0.0000
vn 1.0000 0.0000 0.0000
vn 0.0000 0.0000 1.0000
vn 0.0000 0.0000 1.0000
vn -1.0000 0.0000 -0.0000
vn -1.0000 -0.0000 0.0000
vn 0.0000 -1.0000 0.0000
vn 0.0000 -1.0000 0.0000
vn 0.0000 0.8660 -0.5000
vn 0.0000 0.8660 -0.5000
vn 0.0000 -0.0000 -1.0000
vn -0.0000 0.0000 -1.0000
vn 0.0000 -0.8660 -0.5000
vn -0.0000 -0.8660 -0.5000
vn 0.0000 -0.8660 0.5000
vn 0.0000 -0.8660 0.5000
vn 0.0000 -0.0000 1.0000
vn 0.0000 0.0000 1.0000
vn 0.0000 0.8660 0.5000
vn 0.0000 0.8660 0.5000
vn 1.0000 0.0000 0.0000
vn 1.0000 0.0000 0.0000
vn 1.0000 0.0000 0.0000
vn 1.0000 0.0000 0.0000
vn -1.0000 0.0000 0.0000
vn -1.0000 -0.0000 0.0000
vn -1.0000 0.0000 0.0000
vn -1.0000 0.0000 0.0000
vn 0.2588 0.9659 0.0000
vn 0.2588 0.9659 0.0000
vn 0.0000 0.0000 -1.0000
vn 0.0000 -0.0000 -1.0000
vn 0.9659 -0.2588 0.0000
vn 0.9659 -0.2588 0.0000
vn 0.0000 0.0000 1.0000
vn 0.0000 0.0000 1.0000
vn -0.9659 0.2588 0.0000
vn -0.9659 0.2588 0.0000
vn -0.2588 -0.9659 0.0000
vn -0.2588 -0.9659 0.0000
vn 0.0000 0.8660 -0.5000
vn 0.0000 0.8660 -0.5000
vn 0.0000 -0.0000 -1.0000
vn -0.0000 0.0000 -1.0000
vn 0.0000 -0.8660 -0.5000
vn -0.0000 -0.8660 -0.5000
vn 0.0000 -0.8660 0.5000
vn 0.0000 -0.8660 0.5000
vn 0.0000 -0.0000 1.0000
vn 0.0000 0.0000 1.0000
vn 0.0000 0.8660 0.5000
vn 0.0000 0.8660 0.5000
vn 1.0000 0.0000 0.0000
vn 1.0000 0.0000 0.0000
vn 1.0000 0.0000 0.0000
vn 1.0000 0.0000 0.0000
vn -1.0000 0.0000 0.0000
vn -1.0000 -0.0000 0.0000
vn -1.0000 0.0000 0.0000
vn -1.0000 0.0000 0.0000
vn 0.0000 0.8660 -0.5000
vn 0.0000 0.8660 -0.5000
vn 0.0000 -0.0000 -1.0000
vn -0.0000 0.0000 -1.0000
vn 0.0000 -0.8660 -0.5000
vn -0.0000 -0.8660 -0.5000
vn 0.0000 -0.8660 0.5000
vn 0.0000 -0.8660 0.5000
vn 0.0000 -0.0000 1.0000
vn 0.0000 0.0000 1.0000
vn 0.0000 0.8660 0.5000
vn 0.0000 0.8660 0.5000
vn 1.0000 0.0000 0.0000
vn 1.0000 0.0000 0.0000
vn 1.0000 0.0000 0.0000
vn 1.0000 0.0000 0.0000
vn -1.0000 0.0000 0.0000
vn -1.0000 -0.0000 0.0000
vn -1.0000 0.0000 0.0000
vn -1.0000 0.0000 0.0000
vn 0.0000 0.8660 -0.5000
vn 0.0000 0.8660 -0.5000
vn 0.0000 -0.0000 -1.0000
vn -0.0000 0.0000 -1.0000
vn 0.0000 -0.8660 -0.5000
vn -0.0000 -0.8660 -0.5000
vn 0.0000 -0.8660 0.5000
vn 0.0000 -0.8660 0.5000
vn 0.0000 -0.0000 1.0000
vn 0.0000 0.0000 1.0000
vn 0.0000 0.8660 0.5000
vn 0.0000 0.8660 0.5000
vn 1.0000 0.0000 0.0000
vn 1.0000 0.0000 0.0000
vn 1.0000 0.0000 0.0000
vn 1.0000 0.0000 0.0000
vn -1.0000 0.0000 0.0000
vn -1.0000 -0.0000 0.0000
vn -1.0000 0.0000 0.0000
vn -1.0000 0.0000 0.0000
vn 0.6290 -0.6290 0.4570
vn -0.2402 -0.6290 0.7394
vn -0.7774 -0.6290 -0.0000
vn -0.2402 -0.6290 -0.7394
vn 0.6290 -0.6290 -0.4570
vn 0.6290 0.6290 0.4570
vn -0.2402 0.6290 0.7394
vn -0.7774 0.6290 0.0000
vn -0.2402 0.6290 -0.7394
vn 0.6290 0.6290 -0.4570
vn -0.0000 1.0000 0.0000
vn 0.0000 1.0000 0.0000
vn 0.0000 0.0000 -1.0000
vn 0.0000 0.0000 -1.0000
vn 1.0000 0.0000 -0.0000
vn 1.0000 0.0000 0.0000
vn 0.0000 0.0000 1.0000
vn 0.0000 0.0000 1.0000
vn -1.0000 0.0000 -0.0000
vn -1.0000 -0.0000 0.0000
vn 0.0000 -1.0000 0.0000
vn 0.0000 -1.0000 0.0000
vn 0.0000 0.8660 -0.5000
vn 0.0000 0.8660 -0.5000
vn 0.0000 -0.0000 -1.0000
vn -0.0000 0.0000 -1.0000
vn 0.0000 -0.8660 -0.5000
vn -0.0000 -0.8660 -0.5000
vn 0.0000 -0.8660 0.5000
vn 0.0000 -0.8660 0.5000
vn 0.0000 -0.0000 1.0000
vn 0.0000 0.0000 1.0000
vn 0.0000 0.8660 0.5000
vn 0.0000 0.8660 0.5000
vn 1.0000 0.0000 0.0000
vn 1.0000 0.0000 0.0000
vn 1.0000 0.0000 0.0000
vn 1.0000 0.0000 0.0000
vn -1.0000 0.0000 0.0000
vn -1.0000 -0.0000 0.0000
vn -1.0000 0.0000 0.0000
vn -1.0000 0.0000 0.0000
vn 0.2588 0.9659 0.0000
vn 0.2588 0.9659 0.0000
vn 0.0000 0.0000 -1.0000
vn 0.0000 -0.0000 -1.0000
vn 0.9659 -0.2588 0.0000
vn 0.9659 -0.2588 0.0000
vn 0.0000 0.0000 1.0000
vn 0.0000 0.0000 1.0000
vn -0.9659 0.2588 0.0000
vn -0.9659 0.2588 0.0000
vn -0.2588 -0.9659 0.0000
vn -0.2588 -0.9659 0.0000
vn 0.0000 0.8660 -0.5000
vn 0.0000 0.8660 -0.5000
vn 0.0000 -0.0000 -1.0000
vn -0.0000 0.0000 -1.0000
vn 0.0000 -0.8660 -0.5000
vn -0.0000 -0.8660 -0.5000
vn 0.0000 -0.8660 0.5000
vn 0.0000 -0.8660 0.5000
vn 0.0000 -0.0000 1.0000
vn 0.0000 0.0000 1.0000
vn 0.0000 0.8660 0.5000
vn 0.0000 0.8660 0.5000
vn 1.0000 0.0000 0.0000
vn 1.0000 0.0000 0.0000
vn 1.0000 0.0000 0.0000
vn 1.0000 0.0000 0.0000
vn -1.0000 0.0000 0.0000
vn -1.0000 -0.0000 0.0000
vn -1.0000 0.0000 0.0000
vn -1.0000 0.0000 0.0000
vn 0.0000 0.8660 -0.5000
vn 0.0000 0.8660 -0.5000
vn 0.0000 -0.0000 -1.0000
vn -0.0000 0.0000 -1.0000
vn 0.0000 -0.8660 -0.5000
vn -0.0000 -0.8660 -0.5000
vn 0.0000 -0.8660 0.5000
vn 0.0000 -0.8660 0.5000
vn 0.0000 -0.0000 1.0000
vn 0.0000 0.0000 1.0000
vn 0.0000 0.8660 0.5000
vn 0.0000 0.8660 0.5000
vn 1.0000 0.0000 0.0000
vn 1.0000 0.0000 0.0000
vn 1.0000 0.0000 0.0000
vn 1.0000 0.0000 0.0000
vn -1.0000 0.0000 0.0000
vn -1.0000 -0.0000 0.0000
vn -1.0000 0.0000 0.0000
vn -1.0000 0.0000 0.0000
vn 0.0000 0.8660 -0.5000
vn 0.0000 0.8660 -0.5000
vn 0.0000 -0.0000 -1.0000
vn -0.0000 0.0000 -1.0000
vn 0.0000 -0.8660 -0.5000
vn -0.0000 -0.8660 -0.5000
vn 0.0000 -0.8660 0.5000
vn 0.0000 -0.8660 0.5000
vn 0.0000 -0.0000 1.0000
vn 0.0000 0.0000 1.0000
vn 0.0000 0.8660 0.5000
vn 0.0000 0.8660 0.5000
vn 1.0000 0.0000 0.0000
vn 1.0000 0.0000 0.0000
vn 1.0000 0.0000 0.0000
vn 1.0000 0.0000 0.0000
vn -1.0000 0.0000 0.0000
vn -1.0000 -0.0000 0.0000
vn -1.0000 0.0000 0.0000
vn -1.0000 0.0000 0.0000
vn 0.6290 -0.6290 0.4570
vn -0.2402 -0.6290 0.7394
vn -0.7774 -0.6290 -0.0000
vn -0.2402 -0.6290 -0.7394
vn 0.6290 -0.6290 -0.4570
vn 0.6290 0.6290 0.4570
vn -0.2402 0.6290 0.7394
vn -0.7774 0.6290 0.0000
vn -0.2402 0.6290 -0.7394
vn 0.6290 0.6290 -0.4570
vn 0.8660 0.0000 0.5000
vn 0.8660 0.0000 0.5000
vn 0.0000 0.0000 1.0000
vn 0.0000 0.0000 1.0000
vn -0.8660 0.0000 0.5000
vn -0.8660 0.0000 0.5000
vn -0.8660 0.0000 -0.5000
vn -0.8660 -0.0000 -0.5000
vn 0.0000 0.0000 -1.0000
vn 0.0000 0.0000 -1.0000
vn 0.8660 0.0000 -0.5000
vn 0.8660 0.0000 -0.5000
vn 0.0000 1.0000 0.0000
vn 0.0000 1.0000 0.0000
vn 0.0000 1.0000 -0.0000
vn 0.0000 1.0000 0.0000
vn 0.0000 -1.0000 0.0000
vn 0.0000 -1.0000 0.0000
vn -0.0000 -1.0000 0.0000
vn 0.0000 -1.0000 0.0000
vn 0.9239 0.0000 0.3827
vn 0.9239 0.0000 0.3827
vn 0.3827 0.0000 0.9239
vn 0.3827 0.0000 0.9239
vn -0.3827 0.0000 0.9239
vn -0.3827 0.0000 0.9239
vn -0.9239 0.0000 0.3827
vn -0.9239 0.0000 0.3827
vn -0.9239 0.0000 -0.3827
vn -0.9239 -0.0000 -0.3827
vn -0.3827 0.0000 -0.9239
vn -0.3827 -0.0000 -0.9239
vn 0.3827 0.0000 -0.9239
vn 0.3827 0.0000 -0.9239
vn 0.9239 0.0000 -0.3827
vn 0.9239 0.0000 -0.3827
vn 0.0000 1.0000 0.0000
vn 0.0000 1.0000 0.0000
vn 0.0000 1.0000 0.0000
vn 0.0000 1.0000 0.0000
vn 0.0000 1.0000 -0.0000
vn 0.0000 1.0000 0.0000
vn 0.0000 -1.0000 0.0000
vn 0.0000 -1.0000 0.0000
vn 0.0000 -1.0000 0.0000
vn -0.0000 -1.0000 0.0000
vn 0.0000 -1.0000 0.0000
vn 0.0000 -1.0000 0.0000
vn -0.0000 1.0000 0.0000
vn 0.0000 1.0000 0.0000
vn 0.0000 0.0000 -1.0000
vn 0.0000 0.0000 -1.0000
vn 1.0000 0.0000 -0.0000
vn 1.0000 0.0000 0.0000
vn 0.0000 0.0000 1.0000
vn 0.0000 0.0000 1.0000
vn -1.0000 0.0000 -0.0000
vn -1.0000 -0.0000 0.0000
vn 0.0000 -1.0000 0.0000
vn 0.0000 -1.0000 0.0000
vn -0.0000 1.0000 0.0000
vn 0.0000 1.0000 0.0000
vn 0.0000 0.0000 -1.0000
vn 0.0000 0.0000 -1.0000
vn 1.0000 0.0000 -0.0000
vn 1.0000 0.0000 0.0000
vn 0.0000 0.0000 1.0000
vn 0.0000 0.0000 1.0000
vn -1.0000 0.0000 -0.0000
vn -1.0000 -0.0000 0.0000
vn 0.0000 -1.0000 0.0000
vn 0.0000 -1.0000 0.0000
vn -0.0000 1.0000 0.0000
vn 0.0000 1.0000 0.0000
vn 0.0000 0.0000 -1.0000
vn 0.0000 0.0000 -1.0000
vn 1.0000 0.0000 -0.0000
vn 1.0000 0.0000 0.0000
vn 0.0000 0.0000 1.0000
vn 0.0000 0.0000 1.0000
vn -1.0000 0.0000 -0.0000
vn -1.0000 -0.0000 0.0000
vn 0.0000 -1.0000 0.0000
vn 0.0000 -1.0000 0.0000
vn -0.0000 1.0000 0.0000
vn 0.0000 1.0000 0.0000
vn 0.0000 0.0000 -1.0000
vn 0.0000 0.0000 -1.0000
vn 1.0000 0.0000 -0.0000
vn 1.0000 0.0000 0.0000
vn 0.0000 0.0000 1.0000
vn 0.0000 0.0000 1.0000
vn -1.0000 0.0000 -0.0000
vn -1.0000 -0.0000 0.0000
vn 0.0000 -1.0000 0.0000
vn 0.0000 -1.0000 0.0000
vn 1.0000 0.0000 0.0000
vn 1.0000 0.0000 0.0000
vn 0.0000 -0.0000 1.0000
vn 0.0000 0.0000 1.0000
vn 0.0000 1.0000 0.0000
vn 0.0000 1.0000 0.0000
vn 0.0000 -0.0000 -1.0000
vn -0.0000 0.0000 -1.0000
vn 0.0000 -1.0000 0.0000
vn 0.0000 -1.0000 0.0000
vn -1.0000 0.0000 -0.0000
vn -1.0000 -0.0000 0.0000
vn 1.0000 0.0000 0.0000
vn 1.0000 0.0000 0.0000
vn 0.0000 -0.0000 1.0000
vn 0.0000 0.0000 1.0000
vn 0.0000 1.0000 0.0000
vn 0.0000 1.0000 0.0000
vn 0.0000 -0.0000 -1.0000
vn -0.0000 0.0000 -1.0000
vn 0.0000 -1.0000 0.0000
vn 0.0000 -1.0000 0.0000
vn -1.0000 0.0000 -0.0000
vn -1.0000 -0.0000 0.0000
vn -0.0000 1.0000 0.0000
vn 0.0000 1.0000 0.0000
vn 0.0000 0.0000 -1.0000
vn 0.0000 0.0000 -1.0000
vn 1.0000 0.0000 -0.0000
vn 1.0000 0.0000 0.0000
vn 0.0000 0.0000 1.0000
vn 0.0000 0.0000 1.0000
vn -1.0000 0.0000 -0.0000
vn -1.0000 -0.0000 0.0000
vn 0.0000 -1.0000 0.0000
vn 0.0000 -1.0000 0.0000
vn -0.0000 1.0000 0.0000
vn 0.0000 1.0000 0.0000
vn 0.0000 0.0000 -1.0000
vn 0.0000 0.0000 -1.0000
vn 1.0000 0.0000 -0.0000
vn 1.0000 0.0000 0.0000
vn 0.0000 0.0000 1.0000
vn 0.0000 0.0000 1.0000
vn -1.0000 0.0000 -0.0000
vn -1.0000 -0.0000 0.0000
vn 0.0000 -1.0000 0.0000
vn 0.0000 -1.0000 0.0000
vn -0.0000 1.0000 0.0000
vn 0.0000 1.0000 0.0000
vn 0.0000 0.0000 -1.0000
vn 0.0000 0.0000 -1.0000
vn 1.0000 0.0000 -0.0000
vn 1.0000 0.0000 0.0000
vn 0.0000 0.0000 1.0000
vn 0.0000 0.0000 1.0000
vn -1.0000 0.0000 -0.0000
vn -1.0000 -0.0000 0.0000
vn 0.0000 -1.0000 0.0000
vn 0.0000 -1.0000 0.0000
vn -0.0000 1.0000 0.0000
vn 0.0000 1.0000 0.0000
vn 0.0000 0.0000 -1.0000
vn 0.0000 0.0000 -1.0000
vn 1.0000 0.0000 -0.0000
vn 1.0000 0.0000 0.0000
vn 0.0000 0.0000 1.0000
vn 0.0000 0.0000 1.0000
vn -1.0000 0.0000 -0.0000
vn -1.0000 -0.0000 0.0000
vn 0.0000 -1.0000 0.0000
vn 0.0000 -1.0000 0.0000
vn -0.0000 1.0000 0.0000
vn 0.0000 1.0000 0.0000
vn 0.0000 0.0000 -1.0000
vn 0.0000 0.0000 -1.0000
vn 1.0000 0.0000 -0.0000
vn 1.0000 0.0000 0.0000
vn 0.0000 0.0000 1.0000
vn 0.0000 0.0000 1.0000
vn -1.0000 0.0000 -0.0000
vn -1.0000 -0.0000 0.0000
vn 0.0000 -1.0000 0.0000
vn 0.0000 -1.0000 0.0000
vn 0.0000 0.0000 -1.0000
vn 0.0000 0.0000 -1.0000
vn 1.0000 0.0000 0.0000
vn 1.0000 0.0000 0.0000
vn 0.0000 1.0000 0.0000
vn 0.0000 1.0000 -0.0000
vn -1.0000 0.0000 0.0000
vn -1.0000 0.0000 0.0000
vn 0.0000 -1.0000 0.0000
vn 0.0000 -1.0000 0.0000
vn 0.0000 0.0000 1.0000
vn 0.0000 0.0000 1.0000
vn 0.0000 0.0000 -1.0000
vn 0.0000 0.0000 -1.0000
vn 1.0000 0.0000 0.0000
vn 1.0000 0.0000 0.0000
vn 0.0000 1.0000 0.0000
vn 0.0000 1.0000 -0.0000
vn -1.0000 0.0000 0.0000
vn -1.0000 0.0000 0.0000
vn 0.0000 -1.0000 0.0000
vn 0.0000 -1.0000 0.0000
vn 0.0000 0.0000 1.0000
vn 0.0000 0.0000 1.0000
vn -0.0000 1.0000 0.0000
vn 0.0000 1.0000 0.0000
vn 0.0000 0.0000 -1.0000
vn 0.0000 0.0000 -1.0000
vn 1.0000 0.0000 -0.0000
vn 1.0000 0.0000 0.0000
vn 0.0000 0.0000 1.0000
vn 0.0000 0.0000 1.0000
vn -1.0000 0.0000 -0.0000
vn -1.0000 -0.0000 0.0000
vn 0.0000 -1.0000 0.0000
vn 0.0000 -1.0000 0.0000
vn -0.0000 1.0000 0.0000
vn 0.0000 1.0000 0.0000
vn 0.0000 0.0000 -1.0000
vn 0.0000 0.0000 -1.0000
vn 1.0000 0.0000 -0.0000
vn 1.0000 0.0000 0.0000
vn 0.0000 0.0000 1.0000
vn 0.0000 0.0000 1.0000
vn -1.0000 0.0000 -0.0000
vn -1.0000 -0.0000 0.0000
vn 0.0000 -1.0000 0.0000
vn 0.0000 -1.0000 0.0000
vn -0.0000 1.0000 0.0000
vn 0.0000 1.0000 0.0000
vn 0.0000 0.0000 -1.0000
vn 0.0000 0.0000 -1.0000
vn 1.0000 0.0000 -0.0000
vn 1.0000 0.0000 0.0000
vn 0.0000 0.0000 1.0000
vn 0.0000 0.0000 1.0000
vn -1.0000 0.0000 -0.0000
vn -1.0000 -0.0000 0.0000
vn 0.0000 -1.0000 0.0000
vn 0.0000 -1.0000 0.0000
vn -0.0000 1.0000 0.0000
vn 0.0000 1.0000 0.0000
vn 0.0000 0.0000 -1.0000
vn 0.0000 0.0000 -1.0000
vn 1.0000 0.0000 -0.0000
vn 1.0000 0.0000 0.0000
vn 0.0000 0.0000 1.0000
vn 0.0000 0.0000 1.0000
vn -1.0000 0.0000 -0.0000
vn -1.0000 -0.0000 0.0000
vn 0.0000 -1.0000 0.0000
vn 0.0000 -1.0000 0.0000
vn -1.0000 0.0000 0.0000
vn -1.0000 0.0000 0.0000
vn 0.0000 0.0000 -1.0000
vn 0.0000 0.0000 -1.0000
vn 0.0000 1.0000 0.0000
vn 0.0000 1.0000 0.0000
vn 0.0000 0.0000 1.0000
vn -0.0000 0.0000 1.0000
vn 0.0000 -1.0000 0.0000
vn 0.0000 -1.0000 0.0000
vn 1.0000 0.0000 -0.0000
vn 1.0000 0.0000 0.0000
vn -1.0000 0.0000 0.0000
vn -1.0000 0.0000 0.0000
vn 0.0000 0.0000 -1.0000
vn 0.0000 0.0000 -1.0000
vn 0.0000 1.0000 0.0000
vn 0.0000 1.0000 0.0000
vn 0.0000 0.0000 1.0000
vn -0.0000 0.0000 1.0000
vn 0.0000 -1.0000 0.0000
vn 0.0000 -1.0000 0.0000
vn 1.0000 0.0000 -0.0000
vn 1.0000 0.0000 0.0000
vn -0.0000 1.0000 0.0000
vn 0.0000 1.0000 0.0000
vn 0.0000 0.0000 -1.0000
vn 0.0000 0.0000 -1.0000
vn 1.0000 0.0000 -0.0000
vn 1.0000 0.0000 0.0000
vn 0.0000 0.0000 1.0000
vn 0.0000 0.0000 1.0000
vn -1.0000 0.0000 -0.0000
vn -1.0000 -0.0000 0.0000
vn 0.0000 -1.0000 0.0000
vn 0.0000 -1.0000 0.0000
vn -0.2795 0.8632 0.4204
vn -0.0144 0.9801 0.1980
vn -0.0146 0.9877 -0.1557
vn -0.3363 0.8495 -0.4066
vn -0.6617 0.7490 -0.0343
vn 0.2586 0.8609 0.4382
vn -0.2554 0.0869 0.9629
vn 0.0000 -1.0000 0.0000
vn -0.3347 0.0600 -0.9404
vn 0.2755 0.8765 -0.3947
vn 0.0000 -1.0000 0.0000
vn 0.0000 -1.0000 0.0000
vn -0.0000 -1.0000 0.0000
vn 0.0000 -1.0000 -0.0000
vn 0.0000 -1.0000 0.0000
vn 0.2224 0.0876 0.9710
vn 0.0000 -1.0000 0.0000
vn 0.0000 -1.0000 0.0000
vn 0.2505 0.0616 -0.9662
vn 0.6232 0.7815 0.0279
vn -0.2874 0.8678 0.4054
vn -0.0033 0.9851 0.1722
vn -0.0033 0.9790 -0.2037
vn -0.3090 0.8299 -0.4645
vn -0.6766 0.7323 -0.0778
vn 0.3196 0.8403 0.4379
vn -0.2043 -0.2212 0.9536
vn 0.0000 -1.0000 0.0000
vn -0.2865 0.0806 -0.9547
vn 0.2849 0.8446 -0.4533
vn 0.0000 -1.0000 0.0000
vn 0.0000 -1.0000 0.0000
vn -0.0000 -1.0000 0.0000
vn 0.0000 -1.0000 -0.0000
vn 0.0000 -1.0000 0.0000
vn 0.2397 -0.2193 0.9457
vn 0.0000 -1.0000 0.0000
vn 0.0000 -1.0000 0.0000
vn 0.2559 0.0814 -0.9633
vn 0.6953 0.7186 0.0131
vn -0.3646 0.7899 0.4930
vn 0.0398 0.9872 0.1542
vn 0.0396 0.9812 -0.1888
vn -0.2498 0.8570 -0.4506
vn -0.7233 0.6761 0.1406
vn 0.2651 0.9077 0.3252
vn -0.2758 -0.2415 0.9304
vn 0.0000 -1.0000 -0.0000
vn -0.1746 -0.0964 -0.9799
vn 0.3136 0.8582 -0.4064
vn 0.0000 -1.0000 0.0000
vn 0.0000 -1.0000 0.0000
vn -0.0000 -1.0000 0.0000
vn 0.0000 -1.0000 -0.0000
vn 0.0000 -1.0000 0.0000
vn 0.1846 -0.2470 0.9513
vn 0.0000 -1.0000 0.0000
vn 0.0000 -1.0000 0.0000
vn 0.2706 -0.0943 -0.9581
vn 0.5845 0.8036 -0.1121
vn -0.2922 0.8704 0.3962
vn 0.0083 0.9882 0.1528
vn 0.0082 0.9789 -0.2042
vn -0.2322 0.8788 -0.4169
vn -0.6049 0.7956 0.0325
vn 0.2870 0.8823 0.3732
vn -0.1699 -0.3728 0.9122
vn 0.0000 -1.0000 -0.0000
vn -0.1564 -0.0860 -0.9839
vn 0.3016 0.8387 -0.4534
vn 0.0000 -1.0000 0.0000
vn 0.0000 -1.0000 0.0000
vn -0.0000 -1.0000 0.0000
vn 0.0000 -1.0000 -0.0000
vn 0.0000 -1.0000 0.0000
vn 0.1682 -0.3729 0.9125
vn 0.0000 -1.0000 0.0000
vn 0.0000 -1.0000 0.0000
vn 0.2461 -0.0844 -0.9656
vn 0.6466 0.7576 -0.0897
vn -0.3053 0.8720 0.3826
vn -0.0081 0.9887 0.1496
vn -0.0081 0.9863 -0.1649
vn -0.2777 0.8812 -0.3826
vn -0.6090 0.7928 0.0235
vn 0.3594 0.8220 0.4417
vn -0.1479 -0.4913 0.8583
vn 0.0000 -1.0000 -0.0000
vn -0.2331 -0.0591 -0.9706
vn 0.2824 0.8696 -0.4050
vn 0.0000 -1.0000 0.0000
vn 0.0000 -1.0000 0.0000
vn -0.0000 -1.0000 0.0000
vn 0.0000 -1.0000 -0.0000
vn 0.0000 -1.0000 0.0000
vn 0.1945 -0.4873 0.8513
vn 0.0000 -1.0000 0.0000
vn 0.0000 -1.0000 0.0000
vn 0.2350 -0.0591 -0.9702
vn 0.6826 0.7239 0.0997
vn -0.3121 0.8463 0.4317
vn 0.0070 0.9857 0.1686
vn 0.0070 0.9870 -0.1607
vn -0.2884 0.8687 -0.4026
vn -0.6581 0.7514 0.0483
vn 0.3306 0.8406 0.4291
vn -0.2800 -0.0139 0.9599
vn 0.0000 -1.0000 -0.0000
vn -0.2162 -0.1816 -0.9593
vn 0.2562 0.8963 -0.3618
vn 0.0000 -1.0000 0.0000
vn 0.0000 -1.0000 0.0000
vn -0.0000 -1.0000 0.0000
vn 0.0000 -1.0000 -0.0000
vn 0.0000 -1.0000 0.0000
vn 0.3058 -0.0137 0.9520
vn 0.0000 -1.0000 0.0000
vn 0.0000 -1.0000 0.0000
vn 0.1792 -0.1830 -0.9667
vn 0.6202 0.7744 0.1250
vn -0.0000 1.0000 0.0000
vn 0.0000 1.0000 0.0000
vn 0.0000 0.0000 -1.0000
vn 0.0000 0.0000 -1.0000
vn 1.0000 0.0000 -0.0000
vn 1.0000 0.0000 0.0000
vn 0.0000 0.0000 1.0000
vn 0.0000 0.0000 1.0000
vn -1.0000 0.0000 -0.0000
vn -1.0000 -0.0000 0.0000
vn 0.0000 -1.0000 0.0000
vn 0.0000 -1.0000 0.0000
vn -0.0000 1.0000 0.0000
vn 0.0000 1.0000 0.0000
vn 0.0000 0.0000 -1.0000
vn 0.0000 0.0000 -1.0000
vn 1.0000 0.0000 -0.0000
vn 1.0000 0.0000 0.0000
vn 0.0000 0.0000 1.0000
vn 0.0000 0.0000 1.0000
vn -1.0000 0.0000 -0.0000
vn -1.0000 -0.0000 0.0000
vn 0.0000 -1.0000 0.0000
vn 0.0000 -1.0000 0.0000
vn -0.0000 1.0000 0.0000
vn 0.0000 1.0000 0.0000
vn 0.0000 0.0000 -1.0000
vn 0.0000 0.0000 -1.0000
vn 1.0000 0.0000 -0.0000
vn 1.0000 0.0000 0.0000
vn 0.0000 0.0000 1.0000
vn 0.0000 0.0000 1.0000
vn -1.0000 0.0000 -0.0000
vn -1.0000 -0.0000 0.0000
vn 0.0000 -1.0000 0.0000
vn 0.0000 -1.0000 0.0000
vn 0.0000 1.0000 0.0000
vn 0.0000 1.0000 0.0000
vn -0.9848 0.0000 0.1736
vn -0.9848 0.0000 0.1736
vn -0.1736 0.0000 -0.9848
vn -0.1736 -0.0000 -0.9848
vn 0.9848 0.0000 -0.1736
vn 0.9848 0.0000 -0.1736
vn 0.1736 0.0000 0.9848
vn 0.1736 0.0000 0.9848
vn 0.0000 -1.0000 0.0000
vn 0.0000 -1.0000 0.0000
vn -0.4924 0.8660 0.0868
vn -0.4924 0.8660 0.0868
vn -0.9848 0.0000 0.1736
vn -0.9848 0.0000 0.1736
vn -0.4924 -0.8660 0.0868
vn -0.4924 -0.8660 0.0868
vn 0.4924 -0.8660 -0.0868
vn 0.4924 -0.8660 -0.0868
vn 0.9848 0.0000 -0.1736
vn 0.9848 0.0000 -0.1736
vn 0.4924 0.8660 -0.0868
vn 0.4924 0.8660 -0.0868
vn -0.1736 -0.0000 -0.9848
vn -0.1736 0.0000 -0.9848
vn -0.1736 0.0000 -0.9848
vn -0.1736 0.0000 -0.9848
vn 0.1736 0.0000 0.9848
vn 0.1736 0.0000 0.9848
vn 0.1736 0.0000 0.9848
vn 0.1736 0.0000 0.9848
vn -0.0449 0.9659 -0.2549
vn -0.0449 0.9659 -0.2549
vn -0.9848 -0.0000 0.1736
vn -0.9848 -0.0000 0.1736
vn -0.1677 -0.2588 -0.9513
vn -0.1677 -0.2588 -0.9513
vn 0.9848 0.0000 -0.1736
vn 0.9848 -0.0000 -0.1736
vn 0.1677 0.2588 0.9513
vn 0.1677 0.2588 0.9513
vn 0.0449 -0.9659 0.2549
vn 0.0449 -0.9659 0.2549
vn -0.4924 0.8660 0.0868
vn -0.4924 0.8660 0.0868
vn -0.9848 0.0000 0.1736
vn -0.9848 0.0000 0.1736
vn -0.4924 -0.8660 0.0868
vn -0.4924 -0.8660 0.0868
vn 0.4924 -0.8660 -0.0868
vn 0.4924 -0.8660 -0.0868
vn 0.9848 0.0000 -0.1736
vn 0.9848 0.0000 -0.1736
vn 0.4924 0.8660 -0.0868
vn 0.4924 0.8660 -0.0868
vn -0.1736 -0.0000 -0.9848
vn -0.1736 -0.0000 -0.9848
vn -0.1736 0.0000 -0.9848
vn -0.1736 0.0000 -0.9848
vn 0.1736 0.0000 0.9848
vn 0.1736 0.0000 0.9848
vn 0.1736 0.0000 0.9848
vn 0.1736 0.0000 0.9848
vn -0.4924 0.8660 0.0868
vn -0.4924 0.8660 0.0868
vn -0.9848 0.0000 0.1736
vn -0.9848 0.0000 0.1736
vn -0.4924 -0.8660 0.0868
vn -0.4924 -0.8660 0.0868
vn 0.4924 -0.8660 -0.0868
vn 0.4924 -0.8660 -0.0868
vn 0.9848 0.0000 -0.1736
vn 0.9848 0.0000 -0.1736
vn 0.4924 0.8660 -0.0868
vn 0.4924 0.8660 -0.0868
vn -0.1736 -0.0000 -0.9848
vn -0.1736 -0.0000 -0.9848
vn -0.1736 0.0000 -0.9848
vn -0.1736 0.0000 -0.9848
vn 0.1736 0.0000 0.9848
vn 0.1736 0.0000 0.9848
vn 0.1736 0.0000 0.9848
vn 0.1736 0.0000 0.9848
vn -0.4924 0.8660 0.0868
vn -0.4924 0.8660 0.0868
vn -0.9848 0.0000 0.1736
vn -0.9848 0.0000 0.1736
vn -0.4924 -0.8660 0.0868
vn -0.4924 -0.8660 0.0868
vn 0.4924 -0.8660 -0.0868
vn 0.4924 -0.8660 -0.0868
vn 0.9848 0.0000 -0.1736
vn 0.9848 0.0000 -0.1736
vn 0.4924 0.8660 -0.0868
vn 0.4924 0.8660 -0.0868
vn -0.1736 -0.0000 -0.9848
vn -0.1736 -0.0000 -0.9848
vn -0.1736 0.0000 -0.9848
vn -0.1736 0.0000 -0.9848
vn 0.1736 0.0000 0.9848
vn 0.1736 0.0000 0.9848
vn 0.1736 0.0000 0.9848
vn 0.1736 0.0000 0.9848
vn 0.3408 -0.6290 -0.6988
vn 0.7699 -0.6290 0.1082
vn 0.1350 -0.6290 0.7656
vn -0.6864 -0.6290 0.3650
vn -0.5592 -0.6290 -0.5401
vn 0.3408 0.6290 -0.6988
vn 0.7699 0.6290 0.1082
vn 0.1350 0.6290 0.7656
vn -0.6864 0.6290 0.3650
vn -0.5592 0.6290 -0.5401
vn 0.0000 1.0000 0.0000
vn 0.0000 1.0000 0.0000
vn -0.1736 0.0000 -0.9848
vn -0.1736 -0.0000 -0.9848
vn 0.9848 0.0000 -0.1736
vn 0.9848 0.0000 -0.1736
vn 0.1736 0.0000 0.9848
vn 0.1736 0.0000 0.9848
vn -0.9848 0.0000 0.1736
vn -0.9848 0.0000 0.1736
vn 0.0000 -1.0000 0.0000
vn 0.0000 -1.0000 0.0000
vn 0.0000 1.0000 0.0000
vn 0.0000 1.0000 0.0000
vn -0.1736 0.0000 -0.9848
vn -0.1736 -0.0000 -0.9848
vn 0.9848 0.0000 -0.1736
vn 0.9848 0.0000 -0.1736
vn 0.1736 0.0000 0.9848
vn 0.1736 0.0000 0.9848
vn -0.9848 0.0000 0.1736
vn -0.9848 0.0000 0.1736
vn 0.0000 -1.0000 0.0000
vn 0.0000 -1.0000 0.0000
vn 0.1736 -0.0000 0.9848
vn 0.1736 -0.0000 0.9848
vn 0.1736 0.0000 0.9848
vn 0.1736 0.0000 0.9848
vn 0.1736 -0.0000 0.9848
vn 0.1736 0.0000 0.9848
vn -0.0000 1.0000 0.0000
vn 0.0000 1.0000 0.0000
vn 0.2588 0.0000 -0.9659
vn 0.2588 0.0000 -0.9659
vn 0.9659 0.0000 0.2588
vn 0.9659 0.0000 0.2588
vn -0.2588 0.0000 0.9659
vn -0.2588 0.0000 0.9659
vn -0.9659 0.0000 -0.2588
vn -0.9659 -0.0000 -0.2588
vn 0.0000 -1.0000 0.0000
vn -0.0000 -1.0000 0.0000
vn -0.0000 1.0000 0.0000
vn 0.0000 1.0000 0.0000
vn 0.2588 0.0000 -0.9659
vn 0.2588 0.0000 -0.9659
vn 0.9659 0.0000 0.2588
vn 0.9659 0.0000 0.2588
vn -0.2588 0.0000 0.9659
vn -0.2588 0.0000 0.9659
vn -0.9659 0.0000 -0.2588
vn -0.9659 -0.0000 -0.2588
vn 0.0000 -1.0000 0.0000
vn -0.0000 -1.0000 0.0000
vn -0.2588 0.0000 0.9659
vn -0.2588 0.0000 0.9659
vn -0.2588 0.0000 0.9659
vn -0.2588 0.0000 0.9659
vn -0.2588 0.0000 0.9659
vn -0.2588 0.0000 0.9659
vn -0.2588 0.0000 0.9659
vn -0.2588 0.0000 0.9659
vn 0.0000 1.0000 0.0000
vn 0.0000 1.0000 0.0000
vn -0.0872 0.0000 -0.9962
vn -0.0872 -0.0000 -0.9962
vn 0.9962 0.0000 -0.0872
vn 0.9962 0.0000 -0.0872
vn 0.0872 0.0000 0.9962
vn 0.0872 0.0000 0.9962
vn -0.9962 0.0000 0.0872
vn -0.9962 0.0000 0.0872
vn 0.0000 -1.0000 0.0000
vn 0.0000 -1.0000 0.0000
vn 0.0000 1.0000 0.0000
vn 0.0000 1.0000 0.0000
vn -0.0872 0.0000 -0.9962
vn -0.0872 -0.0000 -0.9962
vn 0.9962 0.0000 -0.0872
vn 0.9962 0.0000 -0.0872
vn 0.0872 0.0000 0.9962
vn 0.0872 0.0000 0.9962
vn -0.9962 0.0000 0.0872
vn -0.9962 0.0000 0.0872
vn 0.0000 -1.0000 0.0000
vn 0.0000 -1.0000 0.0000
vn 0.0872 -0.0000 0.9962
vn 0.0872 -0.0000 0.9962
vn 0.0872 0.0000 0.9962
vn 0.0872 0.0000 0.9962
vn 0.0872 0.0000 0.9962
vn 0.0872 -0.0000 0.9962
vn 0.9239 0.0000 0.3827
vn 0.9239 0.0000 0.3827
vn 0.3827 0.0000 0.9239
vn 0.3827 0.0000 0.9239
vn -0.3827 0.0000 0.9239
vn -0.3827 0.0000 0.9239
vn -0.9239 0.0000 0.3827
vn -0.9239 0.0000 0.3827
vn -0.9239 0.0000 -0.3827
vn -0.9239 -0.0000 -0.3827
vn -0.3827 0.0000 -0.9239
vn -0.3827 -0.0000 -0.9239
vn 0.3827 0.0000 -0.9239
vn 0.3827 0.0000 -0.9239
vn 0.9239 0.0000 -0.3827
vn 0.9239 0.0000 -0.3827
vn 0.0000 1.0000 0.0000
vn 0.0000 1.0000 0.0000
vn 0.0000 1.0000 0.0000
vn 0.0000 1.0000 0.0000
vn 0.0000 1.0000 -0.0000
vn 0.0000 1.0000 0.0000
vn 0.0000 -1.0000 0.0000
vn 0.0000 -1.0000 0.0000
vn 0.0000 -1.0000 0.0000
vn -0.0000 -1.0000 0.0000
vn 0.0000 -1.0000 0.0000
vn 0.0000 -1.0000 0.0000
vn 0.9239 0.0000 0.3827
vn 0.9239 0.0000 0.3827
vn 0.3827 0.0000 0.9239
vn 0.3827 0.0000 0.9239
vn -0.3827 0.0000 0.9239
vn -0.3827 0.0000 0.9239
vn -0.9239 0.0000 0.3827
vn -0.9239 0.0000 0.3827
vn -0.9239 0.0000 -0.3827
vn -0.9239 -0.0000 -0.3827
vn -0.3827 0.0000 -0.9239
vn -0.3827 -0.0000 -0.9239
vn 0.3827 0.0000 -0.9239
vn 0.3827 0.0000 -0.9239
vn 0.9239 0.0000 -0.3827
vn 0.9239 0.0000 -0.3827
vn 0.9239 0.0000 0.3827
vn 0.9239 0.0000 0.3827
vn 0.3827 0.0000 0.9239
vn 0.3827 0.0000 0.9239
vn -0.3827 0.0000 0.9239
vn -0.3827 0.0000 0.9239
vn -0.9239 0.0000 0.3827
vn -0.9239 0.0000 0.3827
vn -0.9239 0.0000 -0.3827
vn -0.9239 -0.0000 -0.3827
vn -0.3827 0.0000 -0.9239
vn -0.3827 -0.0000 -0.9239
vn 0.3827 0.0000 -0.9239
vn 0.3827 0.0000 -0.9239
vn 0.9239 0.0000 -0.3827
vn 0.9239 0.0000 -0.3827
vn 0.0000 1.0000 0.0000
vn 0.0000 1.0000 0.0000
vn 0.0000 1.0000 0.0000
vn 0.0000 1.0000 0.0000
vn 0.0000 1.0000 -0.0000
vn 0.0000 1.0000 0.0000
vn 0.0000 -1.0000 0.0000
vn 0.0000 -1.0000 0.0000
vn 0.0000 -1.0000 0.0000
vn -0.0000 -1.0000 0.0000
vn 0.0000 -1.0000 0.0000
vn 0.0000 -1.0000 0.0000
vn 0.9239 0.0000 0.3827
vn 0.9239 0.0000 0.3827
vn 0.3827 0.0000 0.9239
vn 0.3827 0.0000 0.9239
vn -0.3827 0.0000 0.9239
vn -0.3827 0.0000 0.9239
vn -0.9239 0.0000 0.3827
vn -0.9239 0.0000 0.3827
vn -0.9239 0.0000 -0.3827
vn -0.9239 -0.0000 -0.3827
vn -0.3827 0.0000 -0.9239
vn -0.3827 -0.0000 -0.9239
vn 0.3827 0.0000 -0.9239
vn 0.3827 0.0000 -0.9239
vn 0.9239 0.0000 -0.3827
vn 0.9239 0.0000 -0.3827
vn 0.0000 1.0000 0.0000
vn 0.0000 1.0000 0.0000
vn 0.0000 1.0000 0.0000
vn 0.0000 1.0000 0.0000
vn 0.0000 1.0000 -0.0000
vn 0.0000 1.0000 0.0000
vn 0.0000 -1.0000 0.0000
vn 0.0000 -1.0000 0.0000
vn 0.0000 -1.0000 0.0000
vn -0.0000 -1.0000 0.0000
vn 0.0000 -1.0000 0.0000
vn 0.0000 -1.0000 0.0000
vn 0.9239 0.0000 0.3827
vn 0.9239 0.0000 0.3827
vn 0.3827 0.0000 0.9239
vn 0.3827 0.0000 0.9239
vn -0.3827 0.0000 0.9239
vn -0.3827 0.0000 0.9239
vn -0.9239 0.0000 0.3827
vn -0.9239 0.0000 0.3827
vn -0.9239 0.0000 -0.3827
vn -0.9239 -0.0000 -0.3827
vn -0.3827 0.0000 -0.9239
vn -0.3827 -0.0000 -0.9239
vn 0.3827 0.0000 -0.9239
vn 0.3827 0.0000 -0.9239
vn 0.9239 0.0000 -0.3827
vn 0.9239 0.0000 -0.3827
vn 0.9239 0.0000 0.3827
vn 0.9239 0.0000 0.3827
vn 0.3827 0.0000 0.9239
vn 0.3827 0.0000 0.9239
vn -0.3827 0.0000 0.9239
vn -0.3827 0.0000 0.9239
vn -0.9239 0.0000 0.3827
vn -0.9239 0.0000 0.3827
vn -0.9239 0.0000 -0.3827
vn -0.9239 -0.0000 -0.3827
vn -0.3827 0.0000 -0.9239
vn -0.3827 -0.0000 -0.9239
vn 0.3827 0.0000 -0.9239
vn 0.3827 0.0000 -0.9239
vn 0.9239 0.0000 -0.3827
vn 0.9239 0.0000 -0.3827
vn 0.0000 1.0000 0.0000
vn 0.0000 1.0000 0.0000
vn 0.0000 1.0000 0.0000
vn 0.0000 1.0000 0.0000
vn 0.0000 1.0000 -0.0000
vn 0.0000 1.0000 0.0000
vn 0.0000 -1.0000 0.0000
vn 0.0000 -1.0000 0.0000
vn 0.0000 -1.0000 0.0000
vn -0.0000 -1.0000 0.0000
vn 0.0000 -1.0000 0.0000
vn 0.0000 -1.0000 0.0000
vn -0.9749 0.0000 -0.2225
vn -0.9749 0.0000 -0.2225
vn -0.7818 0.0000 -0.6235
vn -0.7818 0.0000 -0.6235
vn -0.4339 0.0000 -0.9010
vn -0.4339 0.0000 -0.9010
vn 0.0000 0.0000 -1.0000
vn 0.0000 0.0000 -1.0000
vn 0.4339 0.0000 -0.9010
vn 0.4339 0.0000 -0.9010
vn 0.7818 0.0000 -0.6235
vn 0.7818 0.0000 -0.6235
vn 0.9749 0.0000 -0.2225
vn 0.9749 0.0000 -0.2225
vn 0.9749 -0.0000 0.2225
vn 0.9749 -0.0000 0.2225
vn 0.7818 -0.0000 0.6235
vn 0.7818 -0.0000 0.6235
vn 0.4339 -0.0000 0.9010
vn 0.4339 -0.0000 0.9010
vn 0.0000 -0.0000 1.0000
vn 0.0000 0.0000 1.0000
vn -0.4339 0.0000 0.9010
vn -0.4339 0.0000 0.9010
vn -0.7818 0.0000 0.6235
vn -0.7818 0.0000 0.6235
vn -0.9749 0.0000 0.2225
vn -0.9749 0.0000 0.2225
vn -0.9749 0.0000 -0.2225
vn -0.9749 0.0000 -0.2225
vn -0.7818 0.0000 -0.6235
vn -0.7818 0.0000 -0.6235
vn -0.4339 0.0000 -0.9010
vn -0.4339 0.0000 -0.9010
vn 0.0000 0.0000 -1.0000
vn 0.0000 0.0000 -1.0000
vn 0.4339 0.0000 -0.9010
vn 0.4339 0.0000 -0.9010
vn 0.7818 0.0000 -0.6235
vn 0.7818 0.0000 -0.6235
vn 0.9749 0.0000 -0.2225
vn 0.9749 0.0000 -0.2225
vn 0.9749 -0.0000 0.2225
vn 0.9749 -0.0000 0.2225
vn 0.7818 -0.0000 0.6235
vn 0.7818 -0.0000 0.6235
vn 0.4339 -0.0000 0.9010
vn 0.4339 -0.0000 0.9010
vn 0.0000 -0.0000 1.0000
vn 0.0000 0.0000 1.0000
vn -0.4339 0.0000 0.9010
vn -0.4339 0.0000 0.9010
vn -0.7818 0.0000 0.6235
vn -0.7818 0.0000 0.6235
vn -0.9749 0.0000 0.2225
vn -0.9749 0.0000 0.2225
usemtl Mat_Brass
f 15//1 16//1 2//1
f 15//2 2//2 1//2
f 16//3 17//3 3//3
f 16//4 3//4 2//4
f 17//5 18//5 4//5
f 17//6 4//6 3//6
f 18//7 19//7 5//7
f 18//8 5//8 4//8
f 19//9 20//9 6//9
f 19//10 6//10 5//10
f 20//11 21//11 7//11
f 20//12 7//12 6//12
f 21//13 22//13 8//13
f 21//14 8//14 7//14
f 22//15 23//15 9//15
f 22//16 9//16 8//16
f 23//17 24//17 10//17
f 23//18 10//18 9//18
f 24//19 25//19 11//19
f 24//20 11//20 10//20
f 25//21 26//21 12//21
f 25//22 12//22 11//22
f 26//23 27//23 13//23
f 26//24 13//24 12//24
f 27//25 28//25 14//25
f 27//26 14//26 13//26
f 28//27 15//27 1//27
f 28//28 1//28 14//28
f 28//29 27//29 26//29
f 28//30 26//30 25//30
f 28//31 25//31 24//31
f 28//32 24//32 23//32
f 28//33 23//33 22//33
f 28//34 22//34 21//34
f 28//35 21//35 20//35
f 28//36 20//36 19//36
f 28//37 19//37 18//37
f 28//38 18//38 17//38
f 28//39 17//39 16//39
f 28//40 16//40 15//40
f 1//41 2//41 3//41
f 1//42 3//42 4//42
f 1//43 4//43 5//43
f 1//44 5//44 6//44
f 1//45 6//45 7//45
f 1//46 7//46 8//46
f 1//47 8//47 9//47
f 1//48 9//48 10//48
f 1//49 10//49 11//49
f 1//50 11//50 12//50
f 1//51 12//51 13//51
f 1//52 13//52 14//52
usemtl Mat_DarkMetal
f 43//53 44//53 30//53
f 43//54 30//54 29//54
f 44//55 45//55 31//55
f 44//56 31//56 30//56
f 45//57 46//57 32//57
f 45//58 32//58 31//58
f 46//59 47//59 33//59
f 46//60 33//60 32//60
f 47//61 48//61 34//61
f 47//62 34//62 33//62
f 48//63 49//63 35//63
f 48//64 35//64 34//64
f 49//65 50//65 36//65
f 49//66 36//66 35//66
f 50//67 51//67 37//67
f 50//68 37//68 36//68
f 51//69 52//69 38//69
f 51//70 38//70 37//70
f 52//71 53//71 39//71
f 52//72 39//72 38//72
f 53//73 54//73 40//73
f 53//74 40//74 39//74
f 54//75 55//75 41//75
f 54//76 41//76 40//76
f 55//77 56//77 42//77
f 55//78 42//78 41//78
f 56//79 43//79 29//79
f 56//80 29//80 42//80
usemtl Mat_Brass
f 71//81 72//81 58//81
f 71//82 58//82 57//82
f 72//83 73//83 59//83
f 72//84 59//84 58//84
f 73//85 74//85 60//85
f 73//86 60//86 59//86
f 74//87 75//87 61//87
f 74//88 61//88 60//88
f 75//89 76//89 62//89
f 75//90 62//90 61//90
f 76//91 77//91 63//91
f 76//92 63//92 62//92
f 77//93 78//93 64//93
f 77//94 64//94 63//94
f 78//95 79//95 65//95
f 78//96 65//96 64//96
f 79//97 80//97 66//97
f 79//98 66//98 65//98
f 80//99 81//99 67//99
f 80//100 67//100 66//100
f 81//101 82//101 68//101
f 81//102 68//102 67//102
f 82//103 83//103 69//103
f 82//104 69//104 68//104
f 83//105 84//105 70//105
f 83//106 70//106 69//106
f 84//107 71//107 57//107
f 84//108 57//108 70//108
f 85//109 86//109 72//109
f 85//110 72//110 71//110
f 86//111 87//111 73//111
f 86//112 73//112 72//112
f 87//113 88//113 74//113
f 87//114 74//114 73//114
f 88//115 89//115 75//115
f 88//116 75//116 74//116
f 89//117 90//117 76//117
f 89//118 76//118 75//118
f 90//119 91//119 77//119
f 90//120 77//120 76//120
f 91//121 92//121 78//121
f 91//122 78//122 77//122
f 92//123 93//123 79//123
f 92//124 79//124 78//124
f 93//125 94//125 80//125
f 93//126 80//126 79//126
f 94//127 95//127 81//127
f 94//128 81//128 80//128
f 95//129 96//129 82//129
f 95//130 82//130 81//130
f 96//131 97//131 83//131
f 96//132 83//132 82//132
f 97//133 98//133 84//133
f 97//134 84//134 83//134
f 98//135 85//135 71//135
f 98//136 71//136 84//136
f 99//137 100//137 86//137
f 99//138 86//138 85//138
f 100//139 101//139 87//139
f 100//140 87//140 86//140
f 101//141 102//141 88//141
f 101//142 88//142 87//142
f 102//143 103//143 89//143
f 102//144 89//144 88//144
f 103//145 104//145 90//145
f 103//146 90//146 89//146
f 104//147 105//147 91//147
f 104//148 91//148 90//148
f 105//149 106//149 92//149
f 105//150 92//150 91//150
f 106//151 107//151 93//151
f 106//152 93//152 92//152
f 107//153 108//153 94//153
f 107//154 94//154 93//154
f 108//155 109//155 95//155
f 108//156 95//156 94//156
f 109//157 110//157 96//157
f 109//158 96//158 95//158
f 110//159 111//159 97//159
f 110//160 97//160 96//160
f 111//161 112//161 98//161
f 111//162 98//162 97//162
f 112//163 99//163 85//163
f 112//164 85//164 98//164
f 113//165 114//165 100//165
f 113//166 100//166 99//166
f 114//167 115//167 101//167
f 114//168 101//168 100//168
f 115//169 116//169 102//169
f 115//170 102//170 101//170
f 116//171 117//171 103//171
f 116//172 103//172 102//172
f 117//173 118//173 104//173
f 117//174 104//174 103//174
f 118//175 119//175 105//175
f 118//176 105//176 104//176
f 119//177 120//177 106//177
f 119//178 106//178 105//178
f 120//179 121//179 107//179
f 120//180 107//180 106//180
f 121//181 122//181 108//181
f 121//182 108//182 107//182
f 122//183 123//183 109//183
f 122//184 109//184 108//184
f 123//185 124//185 110//185
f 123//186 110//186 109//186
f 124//187 125//187 111//187
f 124//188 111//188 110//188
f 125//189 126//189 112//189
f 125//190 112//190 111//190
f 126//191 113//191 99//191
f 126//192 99//192 112//192
usemtl Mat_NeonLaser
f 141//193 142//193 128//193
f 141//194 128//194 127//194
f 142//195 143//195 129//195
f 142//196 129//196 128//196
f 143//197 144//197 130//197
f 143//198 130//198 129//198
f 144//199 145//199 131//199
f 144//200 131//200 130//200
f 145//201 146//201 132//201
f 145//202 132//202 131//202
f 146//203 147//203 133//203
f 146//204 133//204 132//204
f 147//205 148//205 134//205
f 147//206 134//206 133//206
f 148//207 149//207 135//207
f 148//208 135//208 134//208
f 149//209 150//209 136//209
f 149//210 136//210 135//210
f 150//211 151//211 137//211
f 150//212 137//212 136//212
f 151//213 152//213 138//213
f 151//214 138//214 137//214
f 152//215 153//215 139//215
f 152//216 139//216 138//216
f 153//217 154//217 140//217
f 153//218 140//218 139//218
f 154//219 141//219 127//219
f 154//220 127//220 140//220
usemtl Mat_Chrome
f 169//221 170//221 156//221
f 169//222 156//222 155//222
f 170//223 171//223 157//223
f 170//224 157//224 156//224
f 171//225 172//225 158//225
f 171//226 158//226 157//226
f 172//227 173//227 159//227
f 172//228 159//228 158//228
f 173//229 174//229 160//229
f 173//230 160//230 159//230
f 174//231 175//231 161//231
f 174//232 161//232 160//232
f 175//233 176//233 162//233
f 175//234 162//234 161//234
f 176//235 177//235 163//235
f 176//236 163//236 162//236
f 177//237 178//237 164//237
f 177//238 164//238 163//238
f 178//239 179//239 165//239
f 178//240 165//240 164//240
f 179//241 180//241 166//241
f 179//242 166//242 165//242
f 180//243 181//243 167//243
f 180//244 167//244 166//244
f 181//245 182//245 168//245
f 181//246 168//246 167//246
f 182//247 169//247 155//247
f 182//248 155//248 168//248
f 197//249 198//249 184//249
f 197//250 184//250 183//250
f 198//251 199//251 185//251
f 198//252 185//252 184//252
f 199//253 200//253 186//253
f 199//254 186//254 185//254
f 200//255 201//255 187//255
f 200//256 187//256 186//256
f 201//257 202//257 188//257
f 201//258 188//258 187//258
f 202//259 203//259 189//259
f 202//260 189//260 188//260
f 203//261 204//261 190//261
f 203//262 190//262 189//262
f 204//263 205//263 191//263
f 204//264 191//264 190//264
f 205//265 206//265 192//265
f 205//266 192//266 191//266
f 206//267 207//267 193//267
f 206//268 193//268 192//268
f 207//269 208//269 194//269
f 207//270 194//270 193//270
f 208//271 209//271 195//271
f 208//272 195//272 194//272
f 209//273 210//273 196//273
f 209//274 196//274 195//274
f 210//275 197//275 183//275
f 210//276 183//276 196//276
usemtl Mat_Terracotta
f 212//277 213//277 211//277
f 213//278 214//278 211//278
f 214//279 215//279 211//279
f 215//280 216//280 211//280
f 216//281 217//281 211//281
f 217//282 218//282 211//282
f 218//283 219//283 211//283
f 219//284 220//284 211//284
f 220//285 221//285 211//285
f 221//286 222//286 211//286
f 222//287 223//287 211//287
f 223//288 224//288 211//288
f 224//289 225//289 211//289
f 225//290 212//290 211//290
f 226//291 227//291 213//291
f 226//292 213//292 212//292
f 227//293 228//293 214//293
f 227//294 214//294 213//294
f 228//295 229//295 215//295
f 228//296 215//296 214//296
f 229//297 230//297 216//297
f 229//298 216//298 215//298
f 230//299 231//299 217//299
f 230//300 217//300 216//300
f 231//301 232//301 218//301
f 231//302 218//302 217//302
f 232//303 233//303 219//303
f 232//304 219//304 218//304
f 233//305 234//305 220//305
f 233//306 220//306 219//306
f 234//307 235//307 221//307
f 234//308 221//308 220//308
f 235//309 236//309 222//309
f 235//310 222//310 221//310
f 236//311 237//311 223//311
f 236//312 223//312 222//312
f 237//313 238//313 224//313
f 237//314 224//314 223//314
f 238//315 239//315 225//315
f 238//316 225//316 224//316
f 239//317 226//317 212//317
f 239//318 212//318 225//318
f 240//319 241//319 227//319
f 240//320 227//320 226//320
f 241//321 242//321 228//321
f 241//322 228//322 227//322
f 242//323 243//323 229//323
f 242//324 229//324 228//324
f 243//325 244//325 230//325
f 243//326 230//326 229//326
f 244//327 245//327 231//327
f 244//328 231//328 230//328
f 245//329 246//329 232//329
f 245//330 232//330 231//330
f 246//331 247//331 233//331
f 246//332 233//332 232//332
f 247//333 248//333 234//333
f 247//334 234//334 233//334
f 248//335 249//335 235//335
f 248//336 235//336 234//336
f 249//337 250//337 236//337
f 249//338 236//338 235//338
f 250//339 251//339 237//339
f 250//340 237//340 236//340
f 251//341 252//341 238//341
f 251//342 238//342 237//342
f 252//343 253//343 239//343
f 252//344 239//344 238//344
f 253//345 240//345 226//345
f 253//346 226//346 239//346
f 254//347 255//347 241//347
f 254//348 241//348 240//348
f 255//349 256//349 242//349
f 255//350 242//350 241//350
f 256//351 257//351 243//351
f 256//352 243//352 242//352
f 257//353 258//353 244//353
f 257//354 244//354 243//354
f 258//355 259//355 245//355
f 258//356 245//356 244//356
f 259//357 260//357 246//357
f 259//358 246//358 245//358
f 260//359 261//359 247//359
f 260//360 247//360 246//360
f 261//361 262//361 248//361
f 261//362 248//362 247//362
f 262//363 263//363 249//363
f 262//364 249//364 248//364
f 263//365 264//365 250//365
f 263//366 250//366 249//366
f 264//367 265//367 251//367
f 264//368 251//368 250//368
f 265//369 266//369 252//369
f 265//370 252//370 251//370
f 266//371 267//371 253//371
f 266//372 253//372 252//372
f 267//373 254//373 240//373
f 267//374 240//374 253//374
f 268//375 269//375 255//375
f 268//376 255//376 254//376
f 269//377 270//377 256//377
f 269//378 256//378 255//378
f 270//379 271//379 257//379
f 270//380 257//380 256//380
f 271//381 272//381 258//381
f 271//382 258//382 257//382
f 272//383 273//383 259//383
f 272//384 259//384 258//384
f 273//385 274//385 260//385
f 273//386 260//386 259//386
f 274//387 275//387 261//387
f 274//388 261//388 260//388
f 275//389 276//389 262//389
f 275//390 262//390 261//390
f 276//391 277//391 263//391
f 276//392 263//392 262//392
f 277//393 278//393 264//393
f 277//394 264//394 263//394
f 278//395 279//395 265//395
f 278//396 265//396 264//396
f 279//397 280//397 266//397
f 279//398 266//398 265//398
f 280//399 281//399 267//399
f 280//400 267//400 266//400
f 281//401 268//401 254//401
f 281//402 254//402 267//402
f 282//403 283//403 269//403
f 282//404 269//404 268//404
f 283//405 284//405 270//405
f 283//406 270//406 269//406
f 284//407 285//407 271//407
f 284//408 271//408 270//408
f 285//409 286//409 272//409
f 285//410 272//410 271//410
f 286//411 287//411 273//411
f 286//412 273//412 272//412
f 287//413 288//413 274//413
f 287//414 274//414 273//414
f 288//415 289//415 275//415
f 288//416 275//416 274//416
f 289//417 290//417 276//417
f 289//418 276//418 275//418
f 290//419 291//419 277//419
f 290//420 277//420 276//420
f 291//421 292//421 278//421
f 291//422 278//422 277//422
f 292//423 293//423 279//423
f 292//424 279//424 278//424
f 293//425 294//425 280//425
f 293//426 280//426 279//426
f 294//427 295//427 281//427
f 294//428 281//428 280//428
f 295//429 282//429 268//429
f 295//430 268//430 281//430
f 296//431 283//431 282//431
f 296//432 284//432 283//432
f 296//433 285//433 284//433
f 296//434 286//434 285//434
f 296//435 287//435 286//435
f 296//436 288//436 287//436
f 296//437 289//437 288//437
f 296//438 290//438 289//438
f 296//439 291//439 290//439
f 296//440 292//440 291//440
f 296//441 293//441 292//441
f 296//442 294//442 293//442
f 296//443 295//443 294//443
f 296//444 282//444 295//444
usemtl Mat_DarkMetal
f 311//445 312//445 298//445
f 311//446 298//446 297//446
f 312//447 313//447 299//447
f 312//448 299//448 298//448
f 313//449 314//449 300//449
f 313//450 300//450 299//450
f 314//451 315//451 301//451
f 314//452 301//452 300//452
f 315//453 316//453 302//453
f 315//454 302//454 301//454
f 316//455 317//455 303//455
f 316//456 303//456 302//456
f 317//457 318//457 304//457
f 317//458 304//458 303//458
f 318//459 319//459 305//459
f 318//460 305//460 304//460
f 319//461 320//461 306//461
f 319//462 306//462 305//462
f 320//463 321//463 307//463
f 320//464 307//464 306//464
f 321//465 322//465 308//465
f 321//466 308//466 307//466
f 322//467 323//467 309//467
f 322//468 309//468 308//468
f 323//469 324//469 310//469
f 323//470 310//470 309//470
f 324//471 311//471 297//471
f 324//472 297//472 310//472
usemtl Mat_NeonLaser
f 326//473 327//473 325//473
f 327//474 328//474 325//474
f 328//475 329//475 325//475
f 329//476 330//476 325//476
f 330//477 331//477 325//477
f 331//478 332//478 325//478
f 332//479 333//479 325//479
f 333//480 326//480 325//480
f 334//481 335//481 327//481
f 334//482 327//482 326//482
f 335//483 336//483 328//483
f 335//484 328//484 327//484
f 336//485 337//485 329//485
f 336//486 329//486 328//486
f 337//487 338//487 330//487
f 337//488 330//488 329//488
f 338//489 339//489 331//489
f 338//490 331//490 330//490
f 339//491 340//491 332//491
f 339//492 332//492 331//492
f 340//493 341//493 333//493
f 340//494 333//494 332//494
f 341//495 334//495 326//495
f 341//496 326//496 333//496
f 342//497 335//497 334//497
f 342//498 336//498 335//498
f 342//499 337//499 336//499
f 342//500 338//500 337//500
f 342//501 339//501 338//501
f 342//502 340//502 339//502
f 342//503 341//503 340//503
f 342//504 334//504 341//504
usemtl Mat_Void
f 343//505 344//505 345//505
f 343//506 345//506 346//506
f 347//507 348//507 349//507
f 347//508 349//508 350//508
f 351//509 352//509 353//509
f 351//510 353//510 354//510
f 355//511 356//511 357//511
f 355//512 357//512 358//512
f 359//513 360//513 361//513
f 359//514 361//514 362//514
f 363//515 364//515 365//515
f 363//516 365//516 366//516
f 367//517 368//517 369//517
f 367//518 369//518 370//518
f 371//519 372//519 373//519
f 371//520 373//520 374//520
f 375//521 376//521 377//521
f 375//522 377//522 378//522
f 379//523 380//523 381//523
f 379//524 381//524 382//524
f 383//525 384//525 385//525
f 383//526 385//526 386//526
f 387//527 388//527 389//527
f 387//528 389//528 390//528
f 391//529 392//529 393//529
f 391//530 393//530 394//530
f 395//531 396//531 397//531
f 395//532 397//532 398//532
f 399//533 400//533 401//533
f 399//534 401//534 402//534
f 403//535 404//535 405//535
f 403//536 405//536 406//536
f 407//537 408//537 409//537
f 407//538 409//538 410//538
f 411//539 412//539 413//539
f 411//540 413//540 414//540
f 415//541 416//541 417//541
f 415//542 417//542 418//542
f 419//543 420//543 421//543
f 419//544 421//544 422//544
f 423//545 424//545 425//545
f 423//546 425//546 426//546
f 427//547 428//547 429//547
f 427//548 429//548 430//548
f 431//549 432//549 433//549
f 431//550 433//550 434//550
f 435//551 436//551 437//551
f 435//552 437//552 438//552
f 439//553 440//553 441//553
f 439//554 441//554 442//554
f 443//555 444//555 445//555
f 443//556 445//556 446//556
f 447//557 448//557 449//557
f 447//558 449//558 450//558
f 451//559 452//559 453//559
f 451//560 453//560 454//560
f 455//561 456//561 457//561
f 455//562 457//562 458//562
f 459//563 460//563 461//563
f 459//564 461//564 462//564
f 463//565 464//565 465//565
f 463//566 465//566 466//566
f 467//567 468//567 469//567
f 467//568 469//568 470//568
f 471//569 472//569 473//569
f 471//570 473//570 474//570
f 475//571 476//571 477//571
f 475//572 477//572 478//572
f 479//573 480//573 481//573
f 479//574 481//574 482//574
f 483//575 484//575 485//575
f 483//576 485//576 486//576
f 487//577 488//577 489//577
f 487//578 489//578 490//578
f 491//579 492//579 493//579
f 491//580 493//580 494//580
f 495//581 496//581 497//581
f 495//582 497//582 498//582
f 499//583 500//583 501//583
f 499//584 501//584 502//584
usemtl Mat_DarkMetal
f 513//585 503//585 504//585
f 513//586 504//586 505//586
f 513//587 505//587 506//587
f 513//588 506//588 507//588
f 513//589 507//589 508//589
f 513//590 508//590 509//590
f 513//591 509//591 510//591
f 513//592 510//592 511//592
f 511//593 512//593 513//593
f 515//594 514//594 524//594
f 516//595 515//595 524//595
f 517//596 516//596 524//596
f 518//597 517//597 524//597
f 519//598 518//598 524//598
f 520//599 519//599 524//599
f 521//600 520//600 524//600
f 522//601 521//601 524//601
f 524//602 523//602 522//602
f 503//603 514//603 515//603
f 503//604 515//604 504//604
f 504//605 515//605 516//605
f 504//606 516//606 505//606
f 505//607 516//607 517//607
f 505//608 517//608 506//608
f 506//609 517//609 518//609
f 506//610 518//610 507//610
f 507//611 518//611 519//611
f 507//612 519//612 508//612
f 508//613 519//613 520//613
f 508//614 520//614 509//614
f 509//615 520//615 521//615
f 509//616 521//616 510//616
f 510//617 521//617 522//617
f 510//618 522//618 511//618
f 511//619 522//619 523//619
f 511//620 523//620 512//620
f 512//621 523//621 524//621
f 512//622 524//622 513//622
f 513//623 524//623 514//623
f 513//624 514//624 503//624
usemtl Mat_NeonAmber
f 535//625 525//625 526//625
f 535//626 526//626 527//626
f 535//627 527//627 528//627
f 535//628 528//628 529//628
f 535//629 529//629 530//629
f 535//630 530//630 531//630
f 535//631 531//631 532//631
f 535//632 532//632 533//632
f 533//633 534//633 535//633
f 537//634 536//634 546//634
f 538//635 537//635 546//635
f 539//636 538//636 546//636
f 540//637 539//637 546//637
f 541//638 540//638 546//638
f 542//639 541//639 546//639
f 543//640 542//640 546//640
f 544//641 543//641 546//641
f 546//642 545//642 544//642
f 525//643 536//643 537//643
f 525//644 537//644 526//644
f 526//645 537//645 538//645
f 526//646 538//646 527//646
f 527//647 538//647 539//647
f 527//648 539//648 528//648
f 528//649 539//649 540//649
f 528//650 540//650 529//650
f 529//651 540//651 541//651
f 529//652 541//652 530//652
f 530//653 541//653 542//653
f 530//654 542//654 531//654
f 531//655 542//655 543//655
f 531//656 543//656 532//656
f 532//657 543//657 544//657
f 532//658 544//658 533//658
f 533//659 544//659 545//659
f 533//660 545//660 534//660
f 534//661 545//661 546//661
f 534//662 546//662 535//662
f 535//663 546//663 536//663
f 535//664 536//664 525//664
usemtl Mat_DarkMetal
f 554//665 553//665 552//665
f 554//666 552//666 551//666
f 552//667 553//667 549//667
f 552//668 549//668 548//668
f 553//669 554//669 550//669
f 553//670 550//670 549//670
f 554//671 551//671 547//671
f 554//672 547//672 550//672
f 548//673 549//673 550//673
f 548//674 550//674 547//674
f 562//675 561//675 560//675
f 562//676 560//676 559//676
f 560//677 561//677 557//677
f 560//678 557//678 556//678
f 561//679 562//679 558//679
f 561//680 558//680 557//680
f 562//681 559//681 555//681
f 562//682 555//682 558//682
f 556//683 557//683 558//683
f 556//684 558//684 555//684
f 570//685 569//685 568//685
f 570//686 568//686 567//686
f 567//687 568//687 564//687
f 567//688 564//688 563//688
f 568//689 569//689 565//689
f 568//690 565//690 564//690
f 569//691 570//691 566//691
f 569//692 566//692 565//692
f 570//693 567//693 563//693
f 570//694 563//694 566//694
f 564//695 565//695 566//695
f 564//696 566//696 563//696
f 578//697 577//697 576//697
f 578//698 576//698 575//698
f 575//699 576//699 572//699
f 575//700 572//700 571//700
f 576//701 577//701 573//701
f 576//702 573//702 572//702
f 577//703 578//703 574//703
f 577//704 574//704 573//704
f 578//705 575//705 571//705
f 578//706 571//706 574//706
f 572//707 573//707 574//707
f 572//708 574//708 571//708
f 589//709 579//709 580//709
f 589//710 580//710 581//710
f 589//711 581//711 582//711
f 589//712 582//712 583//712
f 589//713 583//713 584//713
f 589//714 584//714 585//714
f 589//715 585//715 586//715
f 589//716 586//716 587//716
f 587//717 588//717 589//717
f 591//718 590//718 600//718
f 592//719 591//719 600//719
f 593//720 592//720 600//720
f 594//721 593//721 600//721
f 595//722 594//722 600//722
f 596//723 595//723 600//723
f 597//724 596//724 600//724
f 598//725 597//725 600//725
f 600//726 599//726 598//726
f 579//727 590//727 591//727
f 579//728 591//728 580//728
f 580//729 591//729 592//729
f 580//730 592//730 581//730
f 581//731 592//731 593//731
f 581//732 593//732 582//732
f 582//733 593//733 594//733
f 582//734 594//734 583//734
f 583//735 594//735 595//735
f 583//736 595//736 584//736
f 584//737 595//737 596//737
f 584//738 596//738 585//738
f 585//739 596//739 597//739
f 585//740 597//740 586//740
f 586//741 597//741 598//741
f 586//742 598//742 587//742
f 587//743 598//743 599//743
f 587//744 599//744 588//744
f 588//745 599//745 600//745
f 588//746 600//746 589//746
f 589//747 600//747 590//747
f 589//748 590//748 579//748
usemtl Mat_NeonAmber
f 611//749 601//749 602//749
f 611//750 602//750 603//750
f 611//751 603//751 604//751
f 611//752 604//752 605//752
f 611//753 605//753 606//753
f 611//754 606//754 607//754
f 611//755 607//755 608//755
f 611//756 608//756 609//756
f 609//757 610//757 611//757
f 613//758 612//758 622//758
f 614//759 613//759 622//759
f 615//760 614//760 622//760
f 616//761 615//761 622//761
f 617//762 616//762 622//762
f 618//763 617//763 622//763
f 619//764 618//764 622//764
f 620//765 619//765 622//765
f 622//766 621//766 620//766
f 601//767 612//767 613//767
f 601//768 613//768 602//768
f 602//769 613//769 614//769
f 602//770 614//770 603//770
f 603//771 614//771 615//771
f 603//772 615//772 604//772
f 604//773 615//773 616//773
f 604//774 616//774 605//774
f 605//775 616//775 617//775
f 605//776 617//776 606//776
f 606//777 617//777 618//777
f 606//778 618//778 607//778
f 607//779 618//779 619//779
f 607//780 619//780 608//780
f 608//781 619//781 620//781
f 608//782 620//782 609//782
f 609//783 620//783 621//783
f 609//784 621//784 610//784
f 610//785 621//785 622//785
f 610//786 622//786 611//786
f 611//787 622//787 612//787
f 611//788 612//788 601//788
usemtl Mat_DarkMetal
f 630//789 629//789 628//789
f 630//790 628//790 627//790
f 628//791 629//791 625//791
f 628//792 625//792 624//792
f 629//793 630//793 626//793
f 629//794 626//794 625//794
f 630//795 627//795 623//795
f 630//796 623//796 626//796
f 624//797 625//797 626//797
f 624//798 626//798 623//798
f 638//799 637//799 636//799
f 638//800 636//800 635//800
f 636//801 637//801 633//801
f 636//802 633//802 632//802
f 637//803 638//803 634//803
f 637//804 634//804 633//804
f 638//805 635//805 631//805
f 638//806 631//806 634//806
f 632//807 633//807 634//807
f 632//808 634//808 631//808
f 646//809 645//809 644//809
f 646//810 644//810 643//810
f 643//811 644//811 640//811
f 643//812 640//812 639//812
f 644//813 645//813 641//813
f 644//814 641//814 640//814
f 645//815 646//815 642//815
f 645//816 642//816 641//816
f 646//817 643//817 639//817
f 646//818 639//818 642//818
f 640//819 641//819 642//819
f 640//820 642//820 639//820
f 654//821 653//821 652//821
f 654//822 652//822 651//822
f 651//823 652//823 648//823
f 651//824 648//824 647//824
f 652//825 653//825 649//825
f 652//826 649//826 648//826
f 653//827 654//827 650//827
f 653//828 650//828 649//828
f 654//829 651//829 647//829
f 654//830 647//830 650//830
f 648//831 649//831 650//831
f 648//832 650//832 647//832
f 665//833 666//833 656//833
f 665//834 656//834 655//834
f 666//835 667//835 657//835
f 666//836 657//836 656//836
f 667//837 668//837 658//837
f 667//838 658//838 657//838
f 668//839 669//839 659//839
f 668//840 659//840 658//840
f 669//841 670//841 660//841
f 669//842 660//842 659//842
f 670//843 671//843 661//843
f 670//844 661//844 660//844
f 671//845 672//845 662//845
f 671//846 662//846 661//846
f 672//847 673//847 663//847
f 672//848 663//848 662//848
f 673//849 674//849 664//849
f 673//850 664//850 663//850
f 674//851 665//851 655//851
f 674//852 655//852 664//852
f 674//853 673//853 672//853
f 674//854 672//854 671//854
f 674//855 671//855 670//855
f 674//856 670//856 669//856
f 674//857 669//857 668//857
f 674//858 668//858 667//858
f 674//859 667//859 666//859
f 674//860 666//860 665//860
usemtl Mat_NeonAmber
f 685//861 686//861 676//861
f 685//862 676//862 675//862
f 686//863 687//863 677//863
f 686//864 677//864 676//864
f 687//865 688//865 678//865
f 687//866 678//866 677//866
f 688//867 689//867 679//867
f 688//868 679//868 678//868
f 689//869 690//869 680//869
f 689//870 680//870 679//870
f 690//871 691//871 681//871
f 690//872 681//872 680//872
f 691//873 692//873 682//873
f 691//874 682//874 681//874
f 692//875 693//875 683//875
f 692//876 683//876 682//876
f 693//877 694//877 684//877
f 693//878 684//878 683//878
f 694//879 685//879 675//879
f 694//880 675//880 684//880
f 694//881 693//881 692//881
f 694//882 692//882 691//882
f 694//883 691//883 690//883
f 694//884 690//884 689//884
f 694//885 689//885 688//885
f 694//886 688//886 687//886
f 694//887 687//887 686//887
f 694//888 686//888 685//888
usemtl Mat_DarkMetal
f 705//889 706//889 696//889
f 705//890 696//890 695//890
f 706//891 707//891 697//891
f 706//892 697//892 696//892
f 707//893 708//893 698//893
f 707//894 698//894 697//894
f 708//895 709//895 699//895
f 708//896 699//896 698//896
f 709//897 710//897 700//897
f 709//898 700//898 699//898
f 710//899 711//899 701//899
f 710//900 701//900 700//900
f 711//901 712//901 702//901
f 711//902 702//902 701//902
f 712//903 713//903 703//903
f 712//904 703//904 702//904
f 713//905 714//905 704//905
f 713//906 704//906 703//906
f 714//907 705//907 695//907
f 714//908 695//908 704//908
f 714//909 713//909 712//909
f 714//910 712//910 711//910
f 714//911 711//911 710//911
f 714//912 710//912 709//912
f 714//913 709//913 708//913
f 714//914 708//914 707//914
f 714//915 707//915 706//915
f 714//916 706//916 705//916
usemtl Mat_NeonAmber
f 725//917 726//917 716//917
f 725//918 716//918 715//918
f 726//919 727//919 717//919
f 726//920 717//920 716//920
f 727//921 728//921 718//921
f 727//922 718//922 717//922
f 728//923 729//923 719//923
f 728//924 719//924 718//924
f 729//925 730//925 720//925
f 729//926 720//926 719//926
f 730//927 731//927 721//927
f 730//928 721//928 720//928
f 731//929 732//929 722//929
f 731//930 722//930 721//930
f 732//931 733//931 723//931
f 732//932 723//932 722//932
f 733//933 734//933 724//933
f 733//934 724//934 723//934
f 734//935 725//935 715//935
f 734//936 715//936 724//936
f 734//937 733//937 732//937
f 734//938 732//938 731//938
f 734//939 731//939 730//939
f 734//940 730//940 729//940
f 734//941 729//941 728//941
f 734//942 728//942 727//942
f 734//943 727//943 726//943
f 734//944 726//944 725//944
usemtl Mat_DarkMetal
f 745//945 746//945 736//945
f 745//946 736//946 735//946
f 746//947 747//947 737//947
f 746//948 737//948 736//948
f 747//949 748//949 738//949
f 747//950 738//950 737//950
f 748//951 749//951 739//951
f 748//952 739//952 738//952
f 749//953 750//953 740//953
f 749//954 740//954 739//954
f 750//955 751//955 741//955
f 750//956 741//956 740//956
f 751//957 752//957 742//957
f 751//958 742//958 741//958
f 752//959 753//959 743//959
f 752//960 743//960 742//960
f 753//961 754//961 744//961
f 753//962 744//962 743//962
f 754//963 745//963 735//963
f 754//964 735//964 744//964
f 754//965 753//965 752//965
f 754//966 752//966 751//966
f 754//967 751//967 750//967
f 754//968 750//968 749//968
f 754//969 749//969 748//969
f 754//970 748//970 747//970
f 754//971 747//971 746//971
f 754//972 746//972 745//972
usemtl Mat_NeonAmber
f 765//973 766//973 756//973
f 765//974 756//974 755//974
f 766//975 767//975 757//975
f 766//976 757//976 756//976
f 767//977 768//977 758//977
f 767//978 758//978 757//978
f 768//979 769//979 759//979
f 768//980 759//980 758//980
f 769//981 770//981 760//981
f 769//982 760//982 759//982
f 770//983 771//983 761//983
f 770//984 761//984 760//984
f 771//985 772//985 762//985
f 771//986 762//986 761//986
f 772//987 773//987 763//987
f 772//988 763//988 762//988
f 773//989 774//989 764//989
f 773//990 764//990 763//990
f 774//991 765//991 755//991
f 774//992 755//992 764//992
f 774//993 773//993 772//993
f 774//994 772//994 771//994
f 774//995 771//995 770//995
f 774//996 770//996 769//996
f 774//997 769//997 768//997
f 774//998 768//998 767//998
f 774//999 767//999 766//999
f 774//1000 766//1000 765//1000
usemtl Mat_DarkMetal
f 785//1001 786//1001 776//1001
f 785//1002 776//1002 775//1002
f 786//1003 787//1003 777//1003
f 786//1004 777//1004 776//1004
f 787//1005 788//1005 778//1005
f 787//1006 778//1006 777//1006
f 788//1007 789//1007 779//1007
f 788//1008 779//1008 778//1008
f 789//1009 790//1009 780//1009
f 789//1010 780//1010 779//1010
f 790//1011 791//1011 781//1011
f 790//1012 781//1012 780//1012
f 791//1013 792//1013 782//1013
f 791//1014 782//1014 781//1014
f 792//1015 793//1015 783//1015
f 792//1016 783//1016 782//1016
f 793//1017 794//1017 784//1017
f 793//1018 784//1018 783//1018
f 794//1019 785//1019 775//1019
f 794//1020 775//1020 784//1020
f 794//1021 793//1021 792//1021
f 794//1022 792//1022 791//1022
f 794//1023 791//1023 790//1023
f 794//1024 790//1024 789//1024
f 794//1025 789//1025 788//1025
f 794//1026 788//1026 787//1026
f 794//1027 787//1027 786//1027
f 794//1028 786//1028 785//1028
usemtl Mat_NeonAmber
f 805//1029 806//1029 796//1029
f 805//1030 796//1030 795//1030
f 806//1031 807//1031 797//1031
f 806//1032 797//1032 796//1032
f 807//1033 808//1033 798//1033
f 807//1034 798//1034 797//1034
f 808//1035 809//1035 799//1035
f 808//1036 799//1036 798//1036
f 809//1037 810//1037 800//1037
f 809//1038 800//1038 799//1038
f 810//1039 811//1039 801//1039
f 810//1040 801//1040 800//1040
f 811//1041 812//1041 802//1041
f 811//1042 802//1042 801//1042
f 812//1043 813//1043 803//1043
f 812//1044 803//1044 802//1044
f 813//1045 814//1045 804//1045
f 813//1046 804//1046 803//1046
f 814//1047 805//1047 795//1047
f 814//1048 795//1048 804//1048
f 814//1049 813//1049 812//1049
f 814//1050 812//1050 811//1050
f 814//1051 811//1051 810//1051
f 814//1052 810//1052 809//1052
f 814//1053 809//1053 808//1053
f 814//1054 808//1054 807//1054
f 814//1055 807//1055 806//1055
f 814//1056 806//1056 805//1056
usemtl Mat_DarkMetal
f 825//1057 826//1057 816//1057
f 825//1058 816//1058 815//1058
f 826//1059 827//1059 817//1059
f 826//1060 817//1060 816//1060
f 827//1061 828//1061 818//1061
f 827//1062 818//1062 817//1062
f 828//1063 829//1063 819//1063
f 828//1064 819//1064 818//1064
f 829//1065 830//1065 820//1065
f 829//1066 820//1066 819//1066
f 830//1067 831//1067 821//1067
f 830//1068 821//1068 820//1068
f 831//1069 832//1069 822//1069
f 831//1070 822//1070 821//1070
f 832//1071 833//1071 823//1071
f 832//1072 823//1072 822//1072
f 833//1073 834//1073 824//1073
f 833//1074 824//1074 823//1074
f 834//1075 825//1075 815//1075
f 834//1076 815//1076 824//1076
f 834//1077 833//1077 832//1077
f 834//1078 832//1078 831//1078
f 834//1079 831//1079 830//1079
f 834//1080 830//1080 829//1080
f 834//1081 829//1081 828//1081
f 834//1082 828//1082 827//1082
f 834//1083 827//1083 826//1083
f 834//1084 826//1084 825//1084
usemtl Mat_NeonAmber
f 845//1085 846//1085 836//1085
f 845//1086 836//1086 835//1086
f 846//1087 847//1087 837//1087
f 846//1088 837//1088 836//1088
f 847//1089 848//1089 838//1089
f 847//1090 838//1090 837//1090
f 848//1091 849//1091 839//1091
f 848//1092 839//1092 838//1092
f 849//1093 850//1093 840//1093
f 849//1094 840//1094 839//1094
f 850//1095 851//1095 841//1095
f 850//1096 841//1096 840//1096
f 851//1097 852//1097 842//1097
f 851//1098 842//1098 841//1098
f 852//1099 853//1099 843//1099
f 852//1100 843//1100 842//1100
f 853//1101 854//1101 844//1101
f 853//1102 844//1102 843//1102
f 854//1103 845//1103 835//1103
f 854//1104 835//1104 844//1104
f 854//1105 853//1105 852//1105
f 854//1106 852//1106 851//1106
f 854//1107 851//1107 850//1107
f 854//1108 850//1108 849//1108
f 854//1109 849//1109 848//1109
f 854//1110 848//1110 847//1110
f 854//1111 847//1111 846//1111
f 854//1112 846//1112 845//1112
usemtl Mat_DarkMetal
f 865//1113 855//1113 856//1113
f 865//1114 856//1114 857//1114
f 865//1115 857//1115 858//1115
f 865//1116 858//1116 859//1116
f 865//1117 859//1117 860//1117
f 865//1118 860//1118 861//1118
f 865//1119 861//1119 862//1119
f 865//1120 862//1120 863//1120
f 863//1121 864//1121 865//1121
f 867//1122 866//1122 876//1122
f 868//1123 867//1123 876//1123
f 869//1124 868//1124 876//1124
f 870//1125 869//1125 876//1125
f 871//1126 870//1126 876//1126
f 872//1127 871//1127 876//1127
f 873//1128 872//1128 876//1128
f 874//1129 873//1129 876//1129
f 876//1130 875//1130 874//1130
f 855//1131 866//1131 867//1131
f 855//1132 867//1132 856//1132
f 856//1133 867//1133 868//1133
f 856//1134 868//1134 857//1134
f 857//1135 868//1135 869//1135
f 857//1136 869//1136 858//1136
f 858//1137 869//1137 870//1137
f 858//1138 870//1138 859//1138
f 859//1139 870//1139 871//1139
f 859//1140 871//1140 860//1140
f 860//1141 871//1141 872//1141
f 860//1142 872//1142 861//1142
f 861//1143 872//1143 873//1143
f 861//1144 873//1144 862//1144
f 862//1145 873//1145 874//1145
f 862//1146 874//1146 863//1146
f 863//1147 874//1147 875//1147
f 863//1148 875//1148 864//1148
f 864//1149 875//1149 876//1149
f 864//1150 876//1150 865//1150
f 865//1151 876//1151 866//1151
f 865//1152 866//1152 855//1152
usemtl Mat_NeonAmber
f 887//1153 877//1153 878//1153
f 887//1154 878//1154 879//1154
f 887//1155 879//1155 880//1155
f 887//1156 880//1156 881//1156
f 887//1157 881//1157 882//1157
f 887//1158 882//1158 883//1158
f 887//1159 883//1159 884//1159
f 887//1160 884//1160 885//1160
f 885//1161 886//1161 887//1161
f 889//1162 888//1162 898//1162
f 890//1163 889//1163 898//1163
f 891//1164 890//1164 898//1164
f 892//1165 891//1165 898//1165
f 893//1166 892//1166 898//1166
f 894//1167 893//1167 898//1167
f 895//1168 894//1168 898//1168
f 896//1169 895//1169 898//1169
f 898//1170 897//1170 896//1170
f 877//1171 888//1171 889//1171
f 877//1172 889//1172 878//1172
f 878//1173 889//1173 890//1173
f 878//1174 890//1174 879//1174
f 879//1175 890//1175 891//1175
f 879//1176 891//1176 880//1176
f 880//1177 891//1177 892//1177
f 880//1178 892//1178 881//1178
f 881//1179 892//1179 893//1179
f 881//1180 893//1180 882//1180
f 882//1181 893//1181 894//1181
f 882//1182 894//1182 883//1182
f 883//1183 894//1183 895//1183
f 883//1184 895//1184 884//1184
f 884//1185 895//1185 896//1185
f 884//1186 896//1186 885//1186
f 885//1187 896//1187 897//1187
f 885//1188 897//1188 886//1188
f 886//1189 897//1189 898//1189
f 886//1190 898//1190 887//1190
f 887//1191 898//1191 888//1191
f 887//1192 888//1192 877//1192
usemtl Mat_DarkMetal
f 906//1193 905//1193 904//1193
f 906//1194 904//1194 903//1194
f 904//1195 905//1195 901//1195
f 904//1196 901//1196 900//1196
f 905//1197 906//1197 902//1197
f 905//1198 902//1198 901//1198
f 906//1199 903//1199 899//1199
f 906//1200 899//1200 902//1200
f 900//1201 901//1201 902//1201
f 900//1202 902//1202 899//1202
f 914//1203 913//1203 912//1203
f 914//1204 912//1204 911//1204
f 912//1205 913//1205 909//1205
f 912//1206 909//1206 908//1206
f 913//1207 914//1207 910//1207
f 913//1208 910//1208 909//1208
f 914//1209 911//1209 907//1209
f 914//1210 907//1210 910//1210
f 908//1211 909//1211 910//1211
f 908//1212 910//1212 907//1212
f 922//1213 921//1213 920//1213
f 922//1214 920//1214 919//1214
f 919//1215 920//1215 916//1215
f 919//1216 916//1216 915//1216
f 920//1217 921//1217 917//1217
f 920//1218 917//1218 916//1218
f 921//1219 922//1219 918//1219
f 921//1220 918//1220 917//1220
f 922//1221 919//1221 915//1221
f 922//1222 915//1222 918//1222
f 916//1223 917//1223 918//1223
f 916//1224 918//1224 915//1224
f 930//1225 929//1225 928//1225
f 930//1226 928//1226 927//1226
f 927//1227 928//1227 924//1227
f 927//1228 924//1228 923//1228
f 928//1229 929//1229 925//1229
f 928//1230 925//1230 924//1230
f 929//1231 930//1231 926//1231
f 929//1232 926//1232 925//1232
f 930//1233 927//1233 923//1233
f 930//1234 923//1234 926//1234
f 924//1235 925//1235 926//1235
f 924//1236 926//1236 923//1236
f 938//1237 937//1237 936//1237
f 938//1238 936//1238 935//1238
f 935//1239 936//1239 932//1239
f 935//1240 932//1240 931//1240
f 936//1241 937//1241 933//1241
f 936//1242 933//1242 932//1242
f 937//1243 938//1243 934//1243
f 937//1244 934//1244 933//1244
f 938//1245 935//1245 931//1245
f 938//1246 931//1246 934//1246
f 932//1247 933//1247 934//1247
f 932//1248 934//1248 931//1248
usemtl Mat_Void
f 946//1249 945//1249 944//1249
f 946//1250 944//1250 943//1250
f 943//1251 944//1251 940//1251
f 943//1252 940//1252 939//1252
f 944//1253 945//1253 941//1253
f 944//1254 941//1254 940//1254
f 945//1255 946//1255 942//1255
f 945//1256 942//1256 941//1256
f 946//1257 943//1257 939//1257
f 946//1258 939//1258 942//1258
f 940//1259 941//1259 942//1259
f 940//1260 942//1260 939//1260
usemtl Mat_Brass
f 948//1261 949//1261 947//1261
f 949//1262 950//1262 947//1262
f 950//1263 951//1263 947//1263
f 951//1264 952//1264 947//1264
f 952//1265 948//1265 947//1265
f 953//1266 949//1266 948//1266
f 953//1267 950//1267 949//1267
f 953//1268 951//1268 950//1268
f 953//1269 952//1269 951//1269
f 953//1270 948//1270 952//1270
f 955//1271 956//1271 954//1271
f 956//1272 957//1272 954//1272
f 957//1273 958//1273 954//1273
f 958//1274 959//1274 954//1274
f 959//1275 955//1275 954//1275
f 960//1276 956//1276 955//1276
f 960//1277 957//1277 956//1277
f 960//1278 958//1278 957//1278
f 960//1279 959//1279 958//1279
f 960//1280 955//1280 959//1280
f 962//1281 963//1281 961//1281
f 963//1282 964//1282 961//1282
f 964//1283 965//1283 961//1283
f 965//1284 966//1284 961//1284
f 966//1285 962//1285 961//1285
f 967//1286 963//1286 962//1286
f 967//1287 964//1287 963//1287
f 967//1288 965//1288 964//1288
f 967//1289 966//1289 965//1289
f 967//1290 962//1290 966//1290
f 969//1291 970//1291 968//1291
f 970//1292 971//1292 968//1292
f 971//1293 972//1293 968//1293
f 972//1294 973//1294 968//1294
f 973//1295 969//1295 968//1295
f 974//1296 970//1296 969//1296
f 974//1297 971//1297 970//1297
f 974//1298 972//1298 971//1298
f 974//1299 973//1299 972//1299
f 974//1300 969//1300 973//1300
f 976//1301 977//1301 975//1301
f 977//1302 978//1302 975//1302
f 978//1303 979//1303 975//1303
f 979//1304 980//1304 975//1304
f 980//1305 976//1305 975//1305
f 981//1306 977//1306 976//1306
f 981//1307 978//1307 977//1307
f 981//1308 979//1308 978//1308
f 981//1309 980//1309 979//1309
f 981//1310 976//1310 980//1310
f 983//1311 984//1311 982//1311
f 984//1312 985//1312 982//1312
f 985//1313 986//1313 982//1313
f 986//1314 987//1314 982//1314
f 987//1315 983//1315 982//1315
f 988//1316 984//1316 983//1316
f 988//1317 985//1317 984//1317
f 988//1318 986//1318 985//1318
f 988//1319 987//1319 986//1319
f 988//1320 983//1320 987//1320
f 990//1321 991//1321 989//1321
f 991//1322 992//1322 989//1322
f 992//1323 993//1323 989//1323
f 993//1324 994//1324 989//1324
f 994//1325 990//1325 989//1325
f 995//1326 991//1326 990//1326
f 995//1327 992//1327 991//1327
f 995//1328 993//1328 992//1328
f 995//1329 994//1329 993//1329
f 995//1330 990//1330 994//1330
f 997//1331 998//1331 996//1331
f 998//1332 999//1332 996//1332
f 999//1333 1000//1333 996//1333
f 1000//1334 1001//1334 996//1334
f 1001//1335 997//1335 996//1335
f 1002//1336 998//1336 997//1336
f 1002//1337 999//1337 998//1337
f 1002//1338 1000//1338 999//1338
f 1002//1339 1001//1339 1000//1339
f 1002//1340 997//1340 1001//1340
f 1004//1341 1005//1341 1003//1341
f 1005//1342 1006//1342 1003//1342
f 1006//1343 1007//1343 1003//1343
f 1007//1344 1008//1344 1003//1344
f 1008//1345 1004//1345 1003//1345
f 1009//1346 1005//1346 1004//1346
f 1009//1347 1006//1347 1005//1347
f 1009//1348 1007//1348 1006//1348
f 1009//1349 1008//1349 1007//1349
f 1009//1350 1004//1350 1008//1350
f 1011//1351 1012//1351 1010//1351
f 1012//1352 1013//1352 1010//1352
f 1013//1353 1014//1353 1010//1353
f 1014//1354 1015//1354 1010//1354
f 1015//1355 1011//1355 1010//1355
f 1016//1356 1012//1356 1011//1356
f 1016//1357 1013//1357 1012//1357
f 1016//1358 1014//1358 1013//1358
f 1016//1359 1015//1359 1014//1359
f 1016//1360 1011//1360 1015//1360
f 1018//1361 1019//1361 1017//1361
f 1019//1362 1020//1362 1017//1362
f 1020//1363 1021//1363 1017//1363
f 1021//1364 1022//1364 1017//1364
f 1022//1365 1018//1365 1017//1365
f 1023//1366 1019//1366 1018//1366
f 1023//1367 1020//1367 1019//1367
f 1023//1368 1021//1368 1020//1368
f 1023//1369 1022//1369 1021//1369
f 1023//1370 1018//1370 1022//1370
f 1025//1371 1026//1371 1024//1371
f 1026//1372 1027//1372 1024//1372
f 1027//1373 1028//1373 1024//1373
f 1028//1374 1029//1374 1024//1374
f 1029//1375 1025//1375 1024//1375
f 1030//1376 1026//1376 1025//1376
f 1030//1377 1027//1377 1026//1377
f 1030//1378 1028//1378 1027//1378
f 1030//1379 1029//1379 1028//1379
f 1030//1380 1025//1380 1029//1380
usemtl Mat_DarkMetal
f 1038//1381 1037//1381 1036//1381
f 1038//1382 1036//1382 1035//1382
f 1035//1383 1036//1383 1032//1383
f 1035//1384 1032//1384 1031//1384
f 1036//1385 1037//1385 1033//1385
f 1036//1386 1033//1386 1032//1386
f 1037//1387 1038//1387 1034//1387
f 1037//1388 1034//1388 1033//1388
f 1038//1389 1035//1389 1031//1389
f 1038//1390 1031//1390 1034//1390
f 1032//1391 1033//1391 1034//1391
f 1032//1392 1034//1392 1031//1392
usemtl Mat_Metal
f 1046//1393 1045//1393 1044//1393
f 1046//1394 1044//1394 1043//1394
f 1043//1395 1044//1395 1040//1395
f 1043//1396 1040//1396 1039//1396
f 1044//1397 1045//1397 1041//1397
f 1044//1398 1041//1398 1040//1398
f 1045//1399 1046//1399 1042//1399
f 1045//1400 1042//1400 1041//1400
f 1046//1401 1043//1401 1039//1401
f 1046//1402 1039//1402 1042//1402
usemtl Mat_AdobeDark
f 1054//1403 1053//1403 1052//1403
f 1054//1404 1052//1404 1051//1404
f 1051//1405 1052//1405 1048//1405
f 1051//1406 1048//1406 1047//1406
f 1052//1407 1053//1407 1049//1407
f 1052//1408 1049//1408 1048//1408
f 1053//1409 1054//1409 1050//1409
f 1053//1410 1050//1410 1049//1410
f 1054//1411 1051//1411 1047//1411
f 1054//1412 1047//1412 1050//1412
f 1048//1413 1049//1413 1050//1413
f 1048//1414 1050//1414 1047//1414
usemtl Mat_Sand
f 1062//1415 1061//1415 1060//1415
f 1062//1416 1060//1416 1059//1416
f 1059//1417 1060//1417 1056//1417
f 1059//1418 1056//1418 1055//1418
f 1060//1419 1061//1419 1057//1419
f 1060//1420 1057//1420 1056//1420
f 1061//1421 1062//1421 1058//1421
f 1061//1422 1058//1422 1057//1422
f 1062//1423 1059//1423 1055//1423
f 1062//1424 1055//1424 1058//1424
usemtl Mat_Bone
f 1070//1425 1069//1425 1068//1425
f 1070//1426 1068//1426 1067//1426
f 1067//1427 1068//1427 1064//1427
f 1067//1428 1064//1428 1063//1428
f 1068//1429 1069//1429 1065//1429
f 1068//1430 1065//1430 1064//1430
f 1069//1431 1070//1431 1066//1431
f 1069//1432 1066//1432 1065//1432
f 1070//1433 1067//1433 1063//1433
f 1070//1434 1063//1434 1066//1434
f 1064//1435 1065//1435 1066//1435
f 1064//1436 1066//1436 1063//1436
usemtl Mat_DarkMetal
f 1078//1437 1077//1437 1076//1437
f 1078//1438 1076//1438 1075//1438
f 1075//1439 1076//1439 1072//1439
f 1075//1440 1072//1440 1071//1440
f 1076//1441 1077//1441 1073//1441
f 1076//1442 1073//1442 1072//1442
f 1077//1443 1078//1443 1074//1443
f 1077//1444 1074//1444 1073//1444
f 1078//1445 1075//1445 1071//1445
f 1078//1446 1071//1446 1074//1446
f 1072//1447 1073//1447 1074//1447
f 1072//1448 1074//1448 1071//1448
usemtl Mat_Brass
f 1080//1449 1081//1449 1079//1449
f 1081//1450 1082//1450 1079//1450
f 1082//1451 1083//1451 1079//1451
f 1083//1452 1080//1452 1079//1452
f 1084//1453 1081//1453 1080//1453
f 1084//1454 1082//1454 1081//1454
f 1084//1455 1083//1455 1082//1455
f 1084//1456 1080//1456 1083//1456
f 1086//1457 1087//1457 1085//1457
f 1087//1458 1088//1458 1085//1458
f 1088//1459 1089//1459 1085//1459
f 1089//1460 1086//1460 1085//1460
f 1090//1461 1087//1461 1086//1461
f 1090//1462 1088//1462 1087//1462
f 1090//1463 1089//1463 1088//1463
f 1090//1464 1086//1464 1089//1464
f 1092//1465 1093//1465 1091//1465
f 1093//1466 1094//1466 1091//1466
f 1094//1467 1095//1467 1091//1467
f 1095//1468 1092//1468 1091//1468
f 1096//1469 1093//1469 1092//1469
f 1096//1470 1094//1470 1093//1470
f 1096//1471 1095//1471 1094//1471
f 1096//1472 1092//1472 1095//1472
f 1098//1473 1099//1473 1097//1473
f 1099//1474 1100//1474 1097//1474
f 1100//1475 1101//1475 1097//1475
f 1101//1476 1098//1476 1097//1476
f 1102//1477 1099//1477 1098//1477
f 1102//1478 1100//1478 1099//1478
f 1102//1479 1101//1479 1100//1479
f 1102//1480 1098//1480 1101//1480
usemtl Mat_DarkMetal
f 1110//1481 1109//1481 1108//1481
f 1110//1482 1108//1482 1107//1482
f 1107//1483 1108//1483 1104//1483
f 1107//1484 1104//1484 1103//1484
f 1108//1485 1109//1485 1105//1485
f 1108//1486 1105//1486 1104//1486
f 1109//1487 1110//1487 1106//1487
f 1109//1488 1106//1488 1105//1488
f 1110//1489 1107//1489 1103//1489
f 1110//1490 1103//1490 1106//1490
f 1104//1491 1105//1491 1106//1491
f 1104//1492 1106//1492 1103//1492
usemtl Mat_Brass
f 1112//1493 1113//1493 1111//1493
f 1113//1494 1114//1494 1111//1494
f 1114//1495 1115//1495 1111//1495
f 1115//1496 1112//1496 1111//1496
f 1116//1497 1113//1497 1112//1497
f 1116//1498 1114//1498 1113//1498
f 1116//1499 1115//1499 1114//1499
f 1116//1500 1112//1500 1115//1500
f 1118//1501 1119//1501 1117//1501
f 1119//1502 1120//1502 1117//1502
f 1120//1503 1121//1503 1117//1503
f 1121//1504 1118//1504 1117//1504
f 1122//1505 1119//1505 1118//1505
f 1122//1506 1120//1506 1119//1506
f 1122//1507 1121//1507 1120//1507
f 1122//1508 1118//1508 1121//1508
f 1124//1509 1125//1509 1123//1509
f 1125//1510 1126//1510 1123//1510
f 1126//1511 1127//1511 1123//1511
f 1127//1512 1124//1512 1123//1512
f 1128//1513 1125//1513 1124//1513
f 1128//1514 1126//1514 1125//1514
f 1128//1515 1127//1515 1126//1515
f 1128//1516 1124//1516 1127//1516
f 1130//1517 1131//1517 1129//1517
f 1131//1518 1132//1518 1129//1518
f 1132//1519 1133//1519 1129//1519
f 1133//1520 1130//1520 1129//1520
f 1134//1521 1131//1521 1130//1521
f 1134//1522 1132//1522 1131//1522
f 1134//1523 1133//1523 1132//1523
f 1134//1524 1130//1524 1133//1524
usemtl Mat_DarkMetal
f 1142//1525 1141//1525 1140//1525
f 1142//1526 1140//1526 1139//1526
f 1139//1527 1140//1527 1136//1527
f 1139//1528 1136//1528 1135//1528
f 1140//1529 1141//1529 1137//1529
f 1140//1530 1137//1530 1136//1530
f 1141//1531 1142//1531 1138//1531
f 1141//1532 1138//1532 1137//1532
f 1142//1533 1139//1533 1135//1533
f 1142//1534 1135//1534 1138//1534
f 1136//1535 1137//1535 1138//1535
f 1136//1536 1138//1536 1135//1536
usemtl Mat_Brass
f 1144//1537 1145//1537 1143//1537
f 1145//1538 1146//1538 1143//1538
f 1146//1539 1147//1539 1143//1539
f 1147//1540 1144//1540 1143//1540
f 1148//1541 1145//1541 1144//1541
f 1148//1542 1146//1542 1145//1542
f 1148//1543 1147//1543 1146//1543
f 1148//1544 1144//1544 1147//1544
f 1150//1545 1151//1545 1149//1545
f 1151//1546 1152//1546 1149//1546
f 1152//1547 1153//1547 1149//1547
f 1153//1548 1150//1548 1149//1548
f 1154//1549 1151//1549 1150//1549
f 1154//1550 1152//1550 1151//1550
f 1154//1551 1153//1551 1152//1551
f 1154//1552 1150//1552 1153//1552
f 1156//1553 1157//1553 1155//1553
f 1157//1554 1158//1554 1155//1554
f 1158//1555 1159//1555 1155//1555
f 1159//1556 1156//1556 1155//1556
f 1160//1557 1157//1557 1156//1557
f 1160//1558 1158//1558 1157//1558
f 1160//1559 1159//1559 1158//1559
f 1160//1560 1156//1560 1159//1560
f 1162//1561 1163//1561 1161//1561
f 1163//1562 1164//1562 1161//1562
f 1164//1563 1165//1563 1161//1563
f 1165//1564 1162//1564 1161//1564
f 1166//1565 1163//1565 1162//1565
f 1166//1566 1164//1566 1163//1566
f 1166//1567 1165//1567 1164//1567
f 1166//1568 1162//1568 1165//1568
usemtl Mat_DarkMetal
f 1174//1569 1173//1569 1172//1569
f 1174//1570 1172//1570 1171//1570
f 1171//1571 1172//1571 1168//1571
f 1171//1572 1168//1572 1167//1572
f 1172//1573 1173//1573 1169//1573
f 1172//1574 1169//1574 1168//1574
f 1173//1575 1174//1575 1170//1575
f 1173//1576 1170//1576 1169//1576
f 1174//1577 1171//1577 1167//1577
f 1174//1578 1167//1578 1170//1578
f 1168//1579 1169//1579 1170//1579
f 1168//1580 1170//1580 1167//1580
usemtl Mat_Brass
f 1176//1581 1177//1581 1175//1581
f 1177//1582 1178//1582 1175//1582
f 1178//1583 1179//1583 1175//1583
f 1179//1584 1176//1584 1175//1584
f 1180//1585 1177//1585 1176//1585
f 1180//1586 1178//1586 1177//1586
f 1180//1587 1179//1587 1178//1587
f 1180//1588 1176//1588 1179//1588
f 1182//1589 1183//1589 1181//1589
f 1183//1590 1184//1590 1181//1590
f 1184//1591 1185//1591 1181//1591
f 1185//1592 1182//1592 1181//1592
f 1186//1593 1183//1593 1182//1593
f 1186//1594 1184//1594 1183//1594
f 1186//1595 1185//1595 1184//1595
f 1186//1596 1182//1596 1185//1596
f 1188//1597 1189//1597 1187//1597
f 1189//1598 1190//1598 1187//1598
f 1190//1599 1191//1599 1187//1599
f 1191//1600 1188//1600 1187//1600
f 1192//1601 1189//1601 1188//1601
f 1192//1602 1190//1602 1189//1602
f 1192//1603 1191//1603 1190//1603
f 1192//1604 1188//1604 1191//1604
f 1194//1605 1195//1605 1193//1605
f 1195//1606 1196//1606 1193//1606
f 1196//1607 1197//1607 1193//1607
f 1197//1608 1194//1608 1193//1608
f 1198//1609 1195//1609 1194//1609
f 1198//1610 1196//1610 1195//1610
f 1198//1611 1197//1611 1196//1611
f 1198//1612 1194//1612 1197//1612
usemtl Mat_DarkMetal
f 1206//1613 1205//1613 1204//1613
f 1206//1614 1204//1614 1203//1614
f 1203//1615 1204//1615 1200//1615
f 1203//1616 1200//1616 1199//1616
f 1204//1617 1205//1617 1201//1617
f 1204//1618 1201//1618 1200//1618
f 1205//1619 1206//1619 1202//1619
f 1205//1620 1202//1620 1201//1620
f 1206//1621 1203//1621 1199//1621
f 1206//1622 1199//1622 1202//1622
f 1200//1623 1201//1623 1202//1623
f 1200//1624 1202//1624 1199//1624
usemtl Mat_Brass
f 1208//1625 1209//1625 1207//1625
f 1209//1626 1210//1626 1207//1626
f 1210//1627 1211//1627 1207//1627
f 1211//1628 1208//1628 1207//1628
f 1212//1629 1209//1629 1208//1629
f 1212//1630 1210//1630 1209//1630
f 1212//1631 1211//1631 1210//1631
f 1212//1632 1208//1632 1211//1632
f 1214//1633 1215//1633 1213//1633
f 1215//1634 1216//1634 1213//1634
f 1216//1635 1217//1635 1213//1635
f 1217//1636 1214//1636 1213//1636
f 1218//1637 1215//1637 1214//1637
f 1218//1638 1216//1638 1215//1638
f 1218//1639 1217//1639 1216//1639
f 1218//1640 1214//1640 1217//1640
f 1220//1641 1221//1641 1219//1641
f 1221//1642 1222//1642 1219//1642
f 1222//1643 1223//1643 1219//1643
f 1223//1644 1220//1644 1219//1644
f 1224//1645 1221//1645 1220//1645
f 1224//1646 1222//1646 1221//1646
f 1224//1647 1223//1647 1222//1647
f 1224//1648 1220//1648 1223//1648
f 1226//1649 1227//1649 1225//1649
f 1227//1650 1228//1650 1225//1650
f 1228//1651 1229//1651 1225//1651
f 1229//1652 1226//1652 1225//1652
f 1230//1653 1227//1653 1226//1653
f 1230//1654 1228//1654 1227//1654
f 1230//1655 1229//1655 1228//1655
f 1230//1656 1226//1656 1229//1656
usemtl Mat_DarkMetal
f 1238//1657 1237//1657 1236//1657
f 1238//1658 1236//1658 1235//1658
f 1235//1659 1236//1659 1232//1659
f 1235//1660 1232//1660 1231//1660
f 1236//1661 1237//1661 1233//1661
f 1236//1662 1233//1662 1232//1662
f 1237//1663 1238//1663 1234//1663
f 1237//1664 1234//1664 1233//1664
f 1238//1665 1235//1665 1231//1665
f 1238//1666 1231//1666 1234//1666
f 1232//1667 1233//1667 1234//1667
f 1232//1668 1234//1668 1231//1668
usemtl Mat_Brass
f 1240//1669 1241//1669 1239//1669
f 1241//1670 1242//1670 1239//1670
f 1242//1671 1243//1671 1239//1671
f 1243//1672 1240//1672 1239//1672
f 1244//1673 1241//1673 1240//1673
f 1244//1674 1242//1674 1241//1674
f 1244//1675 1243//1675 1242//1675
f 1244//1676 1240//1676 1243//1676
f 1246//1677 1247//1677 1245//1677
f 1247//1678 1248//1678 1245//1678
f 1248//1679 1249//1679 1245//1679
f 1249//1680 1246//1680 1245//1680
f 1250//1681 1247//1681 1246//1681
f 1250//1682 1248//1682 1247//1682
f 1250//1683 1249//1683 1248//1683
f 1250//1684 1246//1684 1249//1684
f 1252//1685 1253//1685 1251//1685
f 1253//1686 1254//1686 1251//1686
f 1254//1687 1255//1687 1251//1687
f 1255//1688 1252//1688 1251//1688
f 1256//1689 1253//1689 1252//1689
f 1256//1690 1254//1690 1253//1690
f 1256//1691 1255//1691 1254//1691
f 1256//1692 1252//1692 1255//1692
f 1258//1693 1259//1693 1257//1693
f 1259//1694 1260//1694 1257//1694
f 1260//1695 1261//1695 1257//1695
f 1261//1696 1258//1696 1257//1696
f 1262//1697 1259//1697 1258//1697
f 1262//1698 1260//1698 1259//1698
f 1262//1699 1261//1699 1260//1699
f 1262//1700 1258//1700 1261//1700
usemtl Mat_DarkMetal
f 1270//1701 1269//1701 1268//1701
f 1270//1702 1268//1702 1267//1702
f 1267//1703 1268//1703 1264//1703
f 1267//1704 1264//1704 1263//1704
f 1268//1705 1269//1705 1265//1705
f 1268//1706 1265//1706 1264//1706
f 1269//1707 1270//1707 1266//1707
f 1269//1708 1266//1708 1265//1708
f 1270//1709 1267//1709 1263//1709
f 1270//1710 1263//1710 1266//1710
f 1264//1711 1265//1711 1266//1711
f 1264//1712 1266//1712 1263//1712
usemtl Mat_Brass
f 1272//1713 1273//1713 1271//1713
f 1273//1714 1274//1714 1271//1714
f 1274//1715 1275//1715 1271//1715
f 1275//1716 1272//1716 1271//1716
f 1276//1717 1273//1717 1272//1717
f 1276//1718 1274//1718 1273//1718
f 1276//1719 1275//1719 1274//1719
f 1276//1720 1272//1720 1275//1720
f 1278//1721 1279//1721 1277//1721
f 1279//1722 1280//1722 1277//1722
f 1280//1723 1281//1723 1277//1723
f 1281//1724 1278//1724 1277//1724
f 1282//1725 1279//1725 1278//1725
f 1282//1726 1280//1726 1279//1726
f 1282//1727 1281//1727 1280//1727
f 1282//1728 1278//1728 1281//1728
f 1284//1729 1285//1729 1283//1729
f 1285//1730 1286//1730 1283//1730
f 1286//1731 1287//1731 1283//1731
f 1287//1732 1284//1732 1283//1732
f 1288//1733 1285//1733 1284//1733
f 1288//1734 1286//1734 1285//1734
f 1288//1735 1287//1735 1286//1735
f 1288//1736 1284//1736 1287//1736
f 1290//1737 1291//1737 1289//1737
f 1291//1738 1292//1738 1289//1738
f 1292//1739 1293//1739 1289//1739
f 1293//1740 1290//1740 1289//1740
f 1294//1741 1291//1741 1290//1741
f 1294//1742 1292//1742 1291//1742
f 1294//1743 1293//1743 1292//1743
f 1294//1744 1290//1744 1293//1744
usemtl Mat_DarkMetal
f 1302//1745 1301//1745 1300//1745
f 1302//1746 1300//1746 1299//1746
f 1299//1747 1300//1747 1296//1747
f 1299//1748 1296//1748 1295//1748
f 1300//1749 1301//1749 1297//1749
f 1300//1750 1297//1750 1296//1750
f 1301//1751 1302//1751 1298//1751
f 1301//1752 1298//1752 1297//1752
f 1302//1753 1299//1753 1295//1753
f 1302//1754 1295//1754 1298//1754
f 1296//1755 1297//1755 1298//1755
f 1296//1756 1298//1756 1295//1756
usemtl Mat_Brass
f 1304//1757 1305//1757 1303//1757
f 1305//1758 1306//1758 1303//1758
f 1306//1759 1307//1759 1303//1759
f 1307//1760 1304//1760 1303//1760
f 1308//1761 1305//1761 1304//1761
f 1308//1762 1306//1762 1305//1762
f 1308//1763 1307//1763 1306//1763
f 1308//1764 1304//1764 1307//1764
f 1310//1765 1311//1765 1309//1765
f 1311//1766 1312//1766 1309//1766
f 1312//1767 1313//1767 1309//1767
f 1313//1768 1310//1768 1309//1768
f 1314//1769 1311//1769 1310//1769
f 1314//1770 1312//1770 1311//1770
f 1314//1771 1313//1771 1312//1771
f 1314//1772 1310//1772 1313//1772
f 1316//1773 1317//1773 1315//1773
f 1317//1774 1318//1774 1315//1774
f 1318//1775 1319//1775 1315//1775
f 1319//1776 1316//1776 1315//1776
f 1320//1777 1317//1777 1316//1777
f 1320//1778 1318//1778 1317//1778
f 1320//1779 1319//1779 1318//1779
f 1320//1780 1316//1780 1319//1780
f 1322//1781 1323//1781 1321//1781
f 1323//1782 1324//1782 1321//1782
f 1324//1783 1325//1783 1321//1783
f 1325//1784 1322//1784 1321//1784
f 1326//1785 1323//1785 1322//1785
f 1326//1786 1324//1786 1323//1786
f 1326//1787 1325//1787 1324//1787
f 1326//1788 1322//1788 1325//1788
usemtl Mat_NeonAmber
f 1334//1789 1333//1789 1332//1789
f 1334//1790 1332//1790 1331//1790
f 1332//1791 1333//1791 1329//1791
f 1332//1792 1329//1792 1328//1792
f 1333//1793 1334//1793 1330//1793
f 1333//1794 1330//1794 1329//1794
f 1334//1795 1331//1795 1327//1795
f 1334//1796 1327//1796 1330//1796
f 1328//1797 1329//1797 1330//1797
f 1328//1798 1330//1798 1327//1798
usemtl Mat_DarkMetal
f 1342//1799 1341//1799 1340//1799
f 1342//1800 1340//1800 1339//1800
f 1339//1801 1340//1801 1336//1801
f 1339//1802 1336//1802 1335//1802
f 1340//1803 1341//1803 1337//1803
f 1340//1804 1337//1804 1336//1804
f 1341//1805 1342//1805 1338//1805
f 1341//1806 1338//1806 1337//1806
f 1342//1807 1339//1807 1335//1807
f 1342//1808 1335//1808 1338//1808
f 1336//1809 1337//1809 1338//1809
f 1336//1810 1338//1810 1335//1810
f 1350//1811 1349//1811 1348//1811
f 1350//1812 1348//1812 1347//1812
f 1347//1813 1348//1813 1344//1813
f 1347//1814 1344//1814 1343//1814
f 1348//1815 1349//1815 1345//1815
f 1348//1816 1345//1816 1344//1816
f 1349//1817 1350//1817 1346//1817
f 1349//1818 1346//1818 1345//1818
f 1350//1819 1347//1819 1343//1819
f 1350//1820 1343//1820 1346//1820
f 1344//1821 1345//1821 1346//1821
f 1344//1822 1346//1822 1343//1822
f 1358//1823 1357//1823 1356//1823
f 1358//1824 1356//1824 1355//1824
f 1355//1825 1356//1825 1352//1825
f 1355//1826 1352//1826 1351//1826
f 1356//1827 1357//1827 1353//1827
f 1356//1828 1353//1828 1352//1828
f 1357//1829 1358//1829 1354//1829
f 1357//1830 1354//1830 1353//1830
f 1358//1831 1355//1831 1351//1831
f 1358//1832 1351//1832 1354//1832
f 1352//1833 1353//1833 1354//1833
f 1352//1834 1354//1834 1351//1834
f 1366//1835 1365//1835 1364//1835
f 1366//1836 1364//1836 1363//1836
f 1363//1837 1364//1837 1360//1837
f 1363//1838 1360//1838 1359//1838
f 1364//1839 1365//1839 1361//1839
f 1364//1840 1361//1840 1360//1840
f 1365//1841 1366//1841 1362//1841
f 1365//1842 1362//1842 1361//1842
f 1366//1843 1363//1843 1359//1843
f 1366//1844 1359//1844 1362//1844
f 1360//1845 1361//1845 1362//1845
f 1360//1846 1362//1846 1359//1846
f 1374//1847 1373//1847 1372//1847
f 1374//1848 1372//1848 1371//1848
f 1371//1849 1372//1849 1368//1849
f 1371//1850 1368//1850 1367//1850
f 1372//1851 1373//1851 1369//1851
f 1372//1852 1369//1852 1368//1852
f 1373//1853 1374//1853 1370//1853
f 1373//1854 1370//1854 1369//1854
f 1374//1855 1371//1855 1367//1855
f 1374//1856 1367//1856 1370//1856
f 1368//1857 1369//1857 1370//1857
f 1368//1858 1370//1858 1367//1858
f 1382//1859 1381//1859 1380//1859
f 1382//1860 1380//1860 1379//1860
f 1379//1861 1380//1861 1376//1861
f 1379//1862 1376//1862 1375//1862
f 1380//1863 1381//1863 1377//1863
f 1380//1864 1377//1864 1376//1864
f 1381//1865 1382//1865 1378//1865
f 1381//1866 1378//1866 1377//1866
f 1382//1867 1379//1867 1375//1867
f 1382//1868 1375//1868 1378//1868
f 1376//1869 1377//1869 1378//1869
f 1376//1870 1378//1870 1375//1870
f 1390//1871 1389//1871 1388//1871
f 1390//1872 1388//1872 1387//1872
f 1388//1873 1389//1873 1385//1873
f 1388//1874 1385//1874 1384//1874
f 1389//1875 1390//1875 1386//1875
f 1389//1876 1386//1876 1385//1876
f 1390//1877 1387//1877 1383//1877
f 1390//1878 1383//1878 1386//1878
f 1384//1879 1385//1879 1386//1879
f 1384//1880 1386//1880 1383//1880
usemtl Mat_Metal
f 1398//1881 1397//1881 1396//1881
f 1398//1882 1396//1882 1395//1882
f 1395//1883 1396//1883 1392//1883
f 1395//1884 1392//1884 1391//1884
f 1396//1885 1397//1885 1393//1885
f 1396//1886 1393//1886 1392//1886
f 1397//1887 1398//1887 1394//1887
f 1397//1888 1394//1888 1393//1888
f 1398//1889 1395//1889 1391//1889
f 1398//1890 1391//1890 1394//1890
f 1392//1891 1393//1891 1394//1891
f 1392//1892 1394//1892 1391//1892
f 1406//1893 1405//1893 1404//1893
f 1406//1894 1404//1894 1403//1894
f 1403//1895 1404//1895 1400//1895
f 1403//1896 1400//1896 1399//1896
f 1404//1897 1405//1897 1401//1897
f 1404//1898 1401//1898 1400//1898
f 1405//1899 1406//1899 1402//1899
f 1405//1900 1402//1900 1401//1900
f 1406//1901 1403//1901 1399//1901
f 1406//1902 1399//1902 1402//1902
f 1400//1903 1401//1903 1402//1903
f 1400//1904 1402//1904 1399//1904
f 1414//1905 1413//1905 1412//1905
f 1414//1906 1412//1906 1411//1906
f 1411//1907 1412//1907 1408//1907
f 1411//1908 1408//1908 1407//1908
f 1412//1909 1413//1909 1409//1909
f 1412//1910 1409//1910 1408//1910
f 1413//1911 1414//1911 1410//1911
f 1413//1912 1410//1912 1409//1912
f 1414//1913 1411//1913 1407//1913
f 1414//1914 1407//1914 1410//1914
f 1408//1915 1409//1915 1410//1915
f 1408//1916 1410//1916 1407//1916
usemtl Mat_NeonAmber
f 1422//1917 1421//1917 1420//1917
f 1422//1918 1420//1918 1419//1918
f 1420//1919 1421//1919 1417//1919
f 1420//1920 1417//1920 1416//1920
f 1421//1921 1422//1921 1418//1921
f 1421//1922 1418//1922 1417//1922
f 1422//1923 1419//1923 1415//1923
f 1422//1924 1415//1924 1418//1924
f 1416//1925 1417//1925 1418//1925
f 1416//1926 1418//1926 1415//1926
usemtl Mat_DarkMetal
f 1430//1927 1429//1927 1428//1927
f 1430//1928 1428//1928 1427//1928
f 1427//1929 1428//1929 1424//1929
f 1427//1930 1424//1930 1423//1930
f 1428//1931 1429//1931 1425//1931
f 1428//1932 1425//1932 1424//1932
f 1429//1933 1430//1933 1426//1933
f 1429//1934 1426//1934 1425//1934
f 1430//1935 1427//1935 1423//1935
f 1430//1936 1423//1936 1426//1936
f 1424//1937 1425//1937 1426//1937
f 1424//1938 1426//1938 1423//1938
f 1438//1939 1437//1939 1436//1939
f 1438//1940 1436//1940 1435//1940
f 1435//1941 1436//1941 1432//1941
f 1435//1942 1432//1942 1431//1942
f 1436//1943 1437//1943 1433//1943
f 1436//1944 1433//1944 1432//1944
f 1437//1945 1438//1945 1434//1945
f 1437//1946 1434//1946 1433//1946
f 1438//1947 1435//1947 1431//1947
f 1438//1948 1431//1948 1434//1948
f 1432//1949 1433//1949 1434//1949
f 1432//1950 1434//1950 1431//1950
f 1446//1951 1445//1951 1444//1951
f 1446//1952 1444//1952 1443//1952
f 1443//1953 1444//1953 1440//1953
f 1443//1954 1440//1954 1439//1954
f 1444//1955 1445//1955 1441//1955
f 1444//1956 1441//1956 1440//1956
f 1445//1957 1446//1957 1442//1957
f 1445//1958 1442//1958 1441//1958
f 1446//1959 1443//1959 1439//1959
f 1446//1960 1439//1960 1442//1960
f 1440//1961 1441//1961 1442//1961
f 1440//1962 1442//1962 1439//1962
f 1454//1963 1453//1963 1452//1963
f 1454//1964 1452//1964 1451//1964
f 1451//1965 1452//1965 1448//1965
f 1451//1966 1448//1966 1447//1966
f 1452//1967 1453//1967 1449//1967
f 1452//1968 1449//1968 1448//1968
f 1453//1969 1454//1969 1450//1969
f 1453//1970 1450//1970 1449//1970
f 1454//1971 1451//1971 1447//1971
f 1454//1972 1447//1972 1450//1972
f 1448//1973 1449//1973 1450//1973
f 1448//1974 1450//1974 1447//1974
f 1462//1975 1461//1975 1460//1975
f 1462//1976 1460//1976 1459//1976
f 1459//1977 1460//1977 1456//1977
f 1459//1978 1456//1978 1455//1978
f 1460//1979 1461//1979 1457//1979
f 1460//1980 1457//1980 1456//1980
f 1461//1981 1462//1981 1458//1981
f 1461//1982 1458//1982 1457//1982
f 1462//1983 1459//1983 1455//1983
f 1462//1984 1455//1984 1458//1984
f 1456//1985 1457//1985 1458//1985
f 1456//1986 1458//1986 1455//1986
f 1470//1987 1469//1987 1468//1987
f 1470//1988 1468//1988 1467//1988
f 1467//1989 1468//1989 1464//1989
f 1467//1990 1464//1990 1463//1990
f 1468//1991 1469//1991 1465//1991
f 1468//1992 1465//1992 1464//1992
f 1469//1993 1470//1993 1466//1993
f 1469//1994 1466//1994 1465//1994
f 1470//1995 1467//1995 1463//1995
f 1470//1996 1463//1996 1466//1996
f 1464//1997 1465//1997 1466//1997
f 1464//1998 1466//1998 1463//1998
f 1478//1999 1477//1999 1476//1999
f 1478//2000 1476//2000 1475//2000
f 1476//2001 1477//2001 1473//2001
f 1476//2002 1473//2002 1472//2002
f 1477//2003 1478//2003 1474//2003
f 1477//2004 1474//2004 1473//2004
f 1478//2005 1475//2005 1471//2005
f 1478//2006 1471//2006 1474//2006
f 1472//2007 1473//2007 1474//2007
f 1472//2008 1474//2008 1471//2008
usemtl Mat_Metal
f 1486//2009 1485//2009 1484//2009
f 1486//2010 1484//2010 1483//2010
f 1483//2011 1484//2011 1480//2011
f 1483//2012 1480//2012 1479//2012
f 1484//2013 1485//2013 1481//2013
f 1484//2014 1481//2014 1480//2014
f 1485//2015 1486//2015 1482//2015
f 1485//2016 1482//2016 1481//2016
f 1486//2017 1483//2017 1479//2017
f 1486//2018 1479//2018 1482//2018
f 1480//2019 1481//2019 1482//2019
f 1480//2020 1482//2020 1479//2020
f 1494//2021 1493//2021 1492//2021
f 1494//2022 1492//2022 1491//2022
f 1491//2023 1492//2023 1488//2023
f 1491//2024 1488//2024 1487//2024
f 1492//2025 1493//2025 1489//2025
f 1492//2026 1489//2026 1488//2026
f 1493//2027 1494//2027 1490//2027
f 1493//2028 1490//2028 1489//2028
f 1494//2029 1491//2029 1487//2029
f 1494//2030 1487//2030 1490//2030
f 1488//2031 1489//2031 1490//2031
f 1488//2032 1490//2032 1487//2032
f 1502//2033 1501//2033 1500//2033
f 1502//2034 1500//2034 1499//2034
f 1499//2035 1500//2035 1496//2035
f 1499//2036 1496//2036 1495//2036
f 1500//2037 1501//2037 1497//2037
f 1500//2038 1497//2038 1496//2038
f 1501//2039 1502//2039 1498//2039
f 1501//2040 1498//2040 1497//2040
f 1502//2041 1499//2041 1495//2041
f 1502//2042 1495//2042 1498//2042
f 1496//2043 1497//2043 1498//2043
f 1496//2044 1498//2044 1495//2044
usemtl Mat_NeonAmber
f 1510//2045 1509//2045 1508//2045
f 1510//2046 1508//2046 1507//2046
f 1508//2047 1509//2047 1505//2047
f 1508//2048 1505//2048 1504//2048
f 1509//2049 1510//2049 1506//2049
f 1509//2050 1506//2050 1505//2050
f 1510//2051 1507//2051 1503//2051
f 1510//2052 1503//2052 1506//2052
f 1504//2053 1505//2053 1506//2053
f 1504//2054 1506//2054 1503//2054
usemtl Mat_DarkMetal
f 1518//2055 1517//2055 1516//2055
f 1518//2056 1516//2056 1515//2056
f 1515//2057 1516//2057 1512//2057
f 1515//2058 1512//2058 1511//2058
f 1516//2059 1517//2059 1513//2059
f 1516//2060 1513//2060 1512//2060
f 1517//2061 1518//2061 1514//2061
f 1517//2062 1514//2062 1513//2062
f 1518//2063 1515//2063 1511//2063
f 1518//2064 1511//2064 1514//2064
f 1512//2065 1513//2065 1514//2065
f 1512//2066 1514//2066 1511//2066
f 1526//2067 1525//2067 1524//2067
f 1526//2068 1524//2068 1523//2068
f 1523//2069 1524//2069 1520//2069
f 1523//2070 1520//2070 1519//2070
f 1524//2071 1525//2071 1521//2071
f 1524//2072 1521//2072 1520//2072
f 1525//2073 1526//2073 1522//2073
f 1525//2074 1522//2074 1521//2074
f 1526//2075 1523//2075 1519//2075
f 1526//2076 1519//2076 1522//2076
f 1520//2077 1521//2077 1522//2077
f 1520//2078 1522//2078 1519//2078
f 1534//2079 1533//2079 1532//2079
f 1534//2080 1532//2080 1531//2080
f 1531//2081 1532//2081 1528//2081
f 1531//2082 1528//2082 1527//2082
f 1532//2083 1533//2083 1529//2083
f 1532//2084 1529//2084 1528//2084
f 1533//2085 1534//2085 1530//2085
f 1533//2086 1530//2086 1529//2086
f 1534//2087 1531//2087 1527//2087
f 1534//2088 1527//2088 1530//2088
f 1528//2089 1529//2089 1530//2089
f 1528//2090 1530//2090 1527//2090
f 1542//2091 1541//2091 1540//2091
f 1542//2092 1540//2092 1539//2092
f 1539//2093 1540//2093 1536//2093
f 1539//2094 1536//2094 1535//2094
f 1540//2095 1541//2095 1537//2095
f 1540//2096 1537//2096 1536//2096
f 1541//2097 1542//2097 1538//2097
f 1541//2098 1538//2098 1537//2098
f 1542//2099 1539//2099 1535//2099
f 1542//2100 1535//2100 1538//2100
f 1536//2101 1537//2101 1538//2101
f 1536//2102 1538//2102 1535//2102
f 1550//2103 1549//2103 1548//2103
f 1550//2104 1548//2104 1547//2104
f 1547//2105 1548//2105 1544//2105
f 1547//2106 1544//2106 1543//2106
f 1548//2107 1549//2107 1545//2107
f 1548//2108 1545//2108 1544//2108
f 1549//2109 1550//2109 1546//2109
f 1549//2110 1546//2110 1545//2110
f 1550//2111 1547//2111 1543//2111
f 1550//2112 1543//2112 1546//2112
f 1544//2113 1545//2113 1546//2113
f 1544//2114 1546//2114 1543//2114
f 1558//2115 1557//2115 1556//2115
f 1558//2116 1556//2116 1555//2116
f 1555//2117 1556//2117 1552//2117
f 1555//2118 1552//2118 1551//2118
f 1556//2119 1557//2119 1553//2119
f 1556//2120 1553//2120 1552//2120
f 1557//2121 1558//2121 1554//2121
f 1557//2122 1554//2122 1553//2122
f 1558//2123 1555//2123 1551//2123
f 1558//2124 1551//2124 1554//2124
f 1552//2125 1553//2125 1554//2125
f 1552//2126 1554//2126 1551//2126
f 1566//2127 1565//2127 1564//2127
f 1566//2128 1564//2128 1563//2128
f 1564//2129 1565//2129 1561//2129
f 1564//2130 1561//2130 1560//2130
f 1565//2131 1566//2131 1562//2131
f 1565//2132 1562//2132 1561//2132
f 1566//2133 1563//2133 1559//2133
f 1566//2134 1559//2134 1562//2134
f 1560//2135 1561//2135 1562//2135
f 1560//2136 1562//2136 1559//2136
usemtl Mat_Metal
f 1574//2137 1573//2137 1572//2137
f 1574//2138 1572//2138 1571//2138
f 1571//2139 1572//2139 1568//2139
f 1571//2140 1568//2140 1567//2140
f 1572//2141 1573//2141 1569//2141
f 1572//2142 1569//2142 1568//2142
f 1573//2143 1574//2143 1570//2143
f 1573//2144 1570//2144 1569//2144
f 1574//2145 1571//2145 1567//2145
f 1574//2146 1567//2146 1570//2146
f 1568//2147 1569//2147 1570//2147
f 1568//2148 1570//2148 1567//2148
f 1582//2149 1581//2149 1580//2149
f 1582//2150 1580//2150 1579//2150
f 1579//2151 1580//2151 1576//2151
f 1579//2152 1576//2152 1575//2152
f 1580//2153 1581//2153 1577//2153
f 1580//2154 1577//2154 1576//2154
f 1581//2155 1582//2155 1578//2155
f 1581//2156 1578//2156 1577//2156
f 1582//2157 1579//2157 1575//2157
f 1582//2158 1575//2158 1578//2158
f 1576//2159 1577//2159 1578//2159
f 1576//2160 1578//2160 1575//2160
f 1590//2161 1589//2161 1588//2161
f 1590//2162 1588//2162 1587//2162
f 1587//2163 1588//2163 1584//2163
f 1587//2164 1584//2164 1583//2164
f 1588//2165 1589//2165 1585//2165
f 1588//2166 1585//2166 1584//2166
f 1589//2167 1590//2167 1586//2167
f 1589//2168 1586//2168 1585//2168
f 1590//2169 1587//2169 1583//2169
f 1590//2170 1583//2170 1586//2170
f 1584//2171 1585//2171 1586//2171
f 1584//2172 1586//2172 1583//2172
usemtl Mat_Sand
f 1598//2173 1597//2173 1596//2173
f 1598//2174 1596//2174 1595//2174
f 1595//2175 1596//2175 1592//2175
f 1595//2176 1592//2176 1591//2176
f 1596//2177 1597//2177 1593//2177
f 1596//2178 1593//2178 1592//2178
f 1597//2179 1598//2179 1594//2179
f 1597//2180 1594//2180 1593//2180
f 1598//2181 1595//2181 1591//2181
f 1598//2182 1591//2182 1594//2182
f 1592//2183 1593//2183 1594//2183
f 1592//2184 1594//2184 1591//2184
usemtl Mat_AdobeDark
f 1606//2185 1605//2185 1604//2185
f 1606//2186 1604//2186 1603//2186
f 1603//2187 1604//2187 1600//2187
f 1603//2188 1600//2188 1599//2188
f 1604//2189 1605//2189 1601//2189
f 1604//2190 1601//2190 1600//2190
f 1605//2191 1606//2191 1602//2191
f 1605//2192 1602//2192 1601//2192
f 1606//2193 1603//2193 1599//2193
f 1606//2194 1599//2194 1602//2194
f 1600//2195 1601//2195 1602//2195
f 1600//2196 1602//2196 1599//2196
f 1614//2197 1613//2197 1612//2197
f 1614//2198 1612//2198 1611//2198
f 1611//2199 1612//2199 1608//2199
f 1611//2200 1608//2200 1607//2200
f 1612//2201 1613//2201 1609//2201
f 1612//2202 1609//2202 1608//2202
f 1613//2203 1614//2203 1610//2203
f 1613//2204 1610//2204 1609//2204
f 1614//2205 1611//2205 1607//2205
f 1614//2206 1607//2206 1610//2206
f 1608//2207 1609//2207 1610//2207
f 1608//2208 1610//2208 1607//2208
f 1622//2209 1621//2209 1620//2209
f 1622//2210 1620//2210 1619//2210
f 1619//2211 1620//2211 1616//2211
f 1619//2212 1616//2212 1615//2212
f 1620//2213 1621//2213 1617//2213
f 1620//2214 1617//2214 1616//2214
f 1621//2215 1622//2215 1618//2215
f 1621//2216 1618//2216 1617//2216
f 1622//2217 1619//2217 1615//2217
f 1622//2218 1615//2218 1618//2218
f 1616//2219 1617//2219 1618//2219
f 1616//2220 1618//2220 1615//2220
f 1630//2221 1629//2221 1628//2221
f 1630//2222 1628//2222 1627//2222
f 1627//2223 1628//2223 1624//2223
f 1627//2224 1624//2224 1623//2224
f 1628//2225 1629//2225 1625//2225
f 1628//2226 1625//2226 1624//2226
f 1629//2227 1630//2227 1626//2227
f 1629//2228 1626//2228 1625//2228
f 1630//2229 1627//2229 1623//2229
f 1630//2230 1623//2230 1626//2230
f 1624//2231 1625//2231 1626//2231
f 1624//2232 1626//2232 1623//2232
f 1638//2233 1637//2233 1636//2233
f 1638//2234 1636//2234 1635//2234
f 1635//2235 1636//2235 1632//2235
f 1635//2236 1632//2236 1631//2236
f 1636//2237 1637//2237 1633//2237
f 1636//2238 1633//2238 1632//2238
f 1637//2239 1638//2239 1634//2239
f 1637//2240 1634//2240 1633//2240
f 1638//2241 1635//2241 1631//2241
f 1638//2242 1631//2242 1634//2242
f 1632//2243 1633//2243 1634//2243
f 1632//2244 1634//2244 1631//2244
f 1646//2245 1645//2245 1644//2245
f 1646//2246 1644//2246 1643//2246
f 1643//2247 1644//2247 1640//2247
f 1643//2248 1640//2248 1639//2248
f 1644//2249 1645//2249 1641//2249
f 1644//2250 1641//2250 1640//2250
f 1645//2251 1646//2251 1642//2251
f 1645//2252 1642//2252 1641//2252
f 1646//2253 1643//2253 1639//2253
f 1646//2254 1639//2254 1642//2254
f 1640//2255 1641//2255 1642//2255
f 1640//2256 1642//2256 1639//2256
f 1654//2257 1653//2257 1652//2257
f 1654//2258 1652//2258 1651//2258
f 1651//2259 1652//2259 1648//2259
f 1651//2260 1648//2260 1647//2260
f 1652//2261 1653//2261 1649//2261
f 1652//2262 1649//2262 1648//2262
f 1653//2263 1654//2263 1650//2263
f 1653//2264 1650//2264 1649//2264
f 1654//2265 1651//2265 1647//2265
f 1654//2266 1647//2266 1650//2266
f 1648//2267 1649//2267 1650//2267
f 1648//2268 1650//2268 1647//2268
f 1662//2269 1661//2269 1660//2269
f 1662//2270 1660//2270 1659//2270
f 1659//2271 1660//2271 1656//2271
f 1659//2272 1656//2272 1655//2272
f 1660//2273 1661//2273 1657//2273
f 1660//2274 1657//2274 1656//2274
f 1661//2275 1662//2275 1658//2275
f 1661//2276 1658//2276 1657//2276
f 1662//2277 1659//2277 1655//2277
f 1662//2278 1655//2278 1658//2278
f 1656//2279 1657//2279 1658//2279
f 1656//2280 1658//2280 1655//2280
f 1670//2281 1669//2281 1668//2281
f 1670//2282 1668//2282 1667//2282
f 1667//2283 1668//2283 1664//2283
f 1667//2284 1664//2284 1663//2284
f 1668//2285 1669//2285 1665//2285
f 1668//2286 1665//2286 1664//2286
f 1669//2287 1670//2287 1666//2287
f 1669//2288 1666//2288 1665//2288
f 1670//2289 1667//2289 1663//2289
f 1670//2290 1663//2290 1666//2290
f 1664//2291 1665//2291 1666//2291
f 1664//2292 1666//2292 1663//2292
f 1678//2293 1677//2293 1676//2293
f 1678//2294 1676//2294 1675//2294
f 1675//2295 1676//2295 1672//2295
f 1675//2296 1672//2296 1671//2296
f 1676//2297 1677//2297 1673//2297
f 1676//2298 1673//2298 1672//2298
f 1677//2299 1678//2299 1674//2299
f 1677//2300 1674//2300 1673//2300
f 1678//2301 1675//2301 1671//2301
f 1678//2302 1671//2302 1674//2302
f 1672//2303 1673//2303 1674//2303
f 1672//2304 1674//2304 1671//2304
usemtl Mat_Sand
f 1686//2305 1685//2305 1684//2305
f 1686//2306 1684//2306 1683//2306
f 1683//2307 1684//2307 1680//2307
f 1683//2308 1680//2308 1679//2308
f 1684//2309 1685//2309 1681//2309
f 1684//2310 1681//2310 1680//2310
f 1685//2311 1686//2311 1682//2311
f 1685//2312 1682//2312 1681//2312
f 1686//2313 1683//2313 1679//2313
f 1686//2314 1679//2314 1682//2314
f 1680//2315 1681//2315 1682//2315
f 1680//2316 1682//2316 1679//2316
usemtl Mat_AdobeDark
f 1694//2317 1693//2317 1692//2317
f 1694//2318 1692//2318 1691//2318
f 1691//2319 1692//2319 1688//2319
f 1691//2320 1688//2320 1687//2320
f 1692//2321 1693//2321 1689//2321
f 1692//2322 1689//2322 1688//2322
f 1693//2323 1694//2323 1690//2323
f 1693//2324 1690//2324 1689//2324
f 1694//2325 1691//2325 1687//2325
f 1694//2326 1687//2326 1690//2326
f 1688//2327 1689//2327 1690//2327
f 1688//2328 1690//2328 1687//2328
f 1702//2329 1701//2329 1700//2329
f 1702//2330 1700//2330 1699//2330
f 1699//2331 1700//2331 1696//2331
f 1699//2332 1696//2332 1695//2332
f 1700//2333 1701//2333 1697//2333
f 1700//2334 1697//2334 1696//2334
f 1701//2335 1702//2335 1698//2335
f 1701//2336 1698//2336 1697//2336
f 1702//2337 1699//2337 1695//2337
f 1702//2338 1695//2338 1698//2338
f 1696//2339 1697//2339 1698//2339
f 1696//2340 1698//2340 1695//2340
f 1710//2341 1709//2341 1708//2341
f 1710//2342 1708//2342 1707//2342
f 1707//2343 1708//2343 1704//2343
f 1707//2344 1704//2344 1703//2344
f 1708//2345 1709//2345 1705//2345
f 1708//2346 1705//2346 1704//2346
f 1709//2347 1710//2347 1706//2347
f 1709//2348 1706//2348 1705//2348
f 1710//2349 1707//2349 1703//2349
f 1710//2350 1703//2350 1706//2350
f 1704//2351 1705//2351 1706//2351
f 1704//2352 1706//2352 1703//2352
f 1718//2353 1717//2353 1716//2353
f 1718//2354 1716//2354 1715//2354
f 1715//2355 1716//2355 1712//2355
f 1715//2356 1712//2356 1711//2356
f 1716//2357 1717//2357 1713//2357
f 1716//2358 1713//2358 1712//2358
f 1717//2359 1718//2359 1714//2359
f 1717//2360 1714//2360 1713//2360
f 1718//2361 1715//2361 1711//2361
f 1718//2362 1711//2362 1714//2362
f 1712//2363 1713//2363 1714//2363
f 1712//2364 1714//2364 1711//2364
f 1726//2365 1725//2365 1724//2365
f 1726//2366 1724//2366 1723//2366
f 1723//2367 1724//2367 1720//2367
f 1723//2368 1720//2368 1719//2368
f 1724//2369 1725//2369 1721//2369
f 1724//2370 1721//2370 1720//2370
f 1725//2371 1726//2371 1722//2371
f 1725//2372 1722//2372 1721//2372
f 1726//2373 1723//2373 1719//2373
f 1726//2374 1719//2374 1722//2374
f 1720//2375 1721//2375 1722//2375
f 1720//2376 1722//2376 1719//2376
f 1734//2377 1733//2377 1732//2377
f 1734//2378 1732//2378 1731//2378
f 1731//2379 1732//2379 1728//2379
f 1731//2380 1728//2380 1727//2380
f 1732//2381 1733//2381 1729//2381
f 1732//2382 1729//2382 1728//2382
f 1733//2383 1734//2383 1730//2383
f 1733//2384 1730//2384 1729//2384
f 1734//2385 1731//2385 1727//2385
f 1734//2386 1727//2386 1730//2386
f 1728//2387 1729//2387 1730//2387
f 1728//2388 1730//2388 1727//2388
f 1742//2389 1741//2389 1740//2389
f 1742//2390 1740//2390 1739//2390
f 1739//2391 1740//2391 1736//2391
f 1739//2392 1736//2392 1735//2392
f 1740//2393 1741//2393 1737//2393
f 1740//2394 1737//2394 1736//2394
f 1741//2395 1742//2395 1738//2395
f 1741//2396 1738//2396 1737//2396
f 1742//2397 1739//2397 1735//2397
f 1742//2398 1735//2398 1738//2398
f 1736//2399 1737//2399 1738//2399
f 1736//2400 1738//2400 1735//2400
f 1750//2401 1749//2401 1748//2401
f 1750//2402 1748//2402 1747//2402
f 1747//2403 1748//2403 1744//2403
f 1747//2404 1744//2404 1743//2404
f 1748//2405 1749//2405 1745//2405
f 1748//2406 1745//2406 1744//2406
f 1749//2407 1750//2407 1746//2407
f 1749//2408 1746//2408 1745//2408
f 1750//2409 1747//2409 1743//2409
f 1750//2410 1743//2410 1746//2410
f 1744//2411 1745//2411 1746//2411
f 1744//2412 1746//2412 1743//2412
usemtl Mat_Sand
f 1758//2413 1757//2413 1756//2413
f 1758//2414 1756//2414 1755//2414
f 1755//2415 1756//2415 1752//2415
f 1755//2416 1752//2416 1751//2416
f 1756//2417 1757//2417 1753//2417
f 1756//2418 1753//2418 1752//2418
f 1757//2419 1758//2419 1754//2419
f 1757//2420 1754//2420 1753//2420
f 1758//2421 1755//2421 1751//2421
f 1758//2422 1751//2422 1754//2422
f 1752//2423 1753//2423 1754//2423
f 1752//2424 1754//2424 1751//2424
usemtl Mat_AdobeDark
f 1766//2425 1765//2425 1764//2425
f 1766//2426 1764//2426 1763//2426
f 1763//2427 1764//2427 1760//2427
f 1763//2428 1760//2428 1759//2428
f 1764//2429 1765//2429 1761//2429
f 1764//2430 1761//2430 1760//2430
f 1765//2431 1766//2431 1762//2431
f 1765//2432 1762//2432 1761//2432
f 1766//2433 1763//2433 1759//2433
f 1766//2434 1759//2434 1762//2434
f 1760//2435 1761//2435 1762//2435
f 1760//2436 1762//2436 1759//2436
f 1774//2437 1773//2437 1772//2437
f 1774//2438 1772//2438 1771//2438
f 1771//2439 1772//2439 1768//2439
f 1771//2440 1768//2440 1767//2440
f 1772//2441 1773//2441 1769//2441
f 1772//2442 1769//2442 1768//2442
f 1773//2443 1774//2443 1770//2443
f 1773//2444 1770//2444 1769//2444
f 1774//2445 1771//2445 1767//2445
f 1774//2446 1767//2446 1770//2446
f 1768//2447 1769//2447 1770//2447
f 1768//2448 1770//2448 1767//2448
f 1782//2449 1781//2449 1780//2449
f 1782//2450 1780//2450 1779//2450
f 1779//2451 1780//2451 1776//2451
f 1779//2452 1776//2452 1775//2452
f 1780//2453 1781//2453 1777//2453
f 1780//2454 1777//2454 1776//2454
f 1781//2455 1782//2455 1778//2455
f 1781//2456 1778//2456 1777//2456
f 1782//2457 1779//2457 1775//2457
f 1782//2458 1775//2458 1778//2458
f 1776//2459 1777//2459 1778//2459
f 1776//2460 1778//2460 1775//2460
f 1790//2461 1789//2461 1788//2461
f 1790//2462 1788//2462 1787//2462
f 1787//2463 1788//2463 1784//2463
f 1787//2464 1784//2464 1783//2464
f 1788//2465 1789//2465 1785//2465
f 1788//2466 1785//2466 1784//2466
f 1789//2467 1790//2467 1786//2467
f 1789//2468 1786//2468 1785//2468
f 1790//2469 1787//2469 1783//2469
f 1790//2470 1783//2470 1786//2470
f 1784//2471 1785//2471 1786//2471
f 1784//2472 1786//2472 1783//2472
f 1798//2473 1797//2473 1796//2473
f 1798//2474 1796//2474 1795//2474
f 1795//2475 1796//2475 1792//2475
f 1795//2476 1792//2476 1791//2476
f 1796//2477 1797//2477 1793//2477
f 1796//2478 1793//2478 1792//2478
f 1797//2479 1798//2479 1794//2479
f 1797//2480 1794//2480 1793//2480
f 1798//2481 1795//2481 1791//2481
f 1798//2482 1791//2482 1794//2482
f 1792//2483 1793//2483 1794//2483
f 1792//2484 1794//2484 1791//2484
f 1806//2485 1805//2485 1804//2485
f 1806//2486 1804//2486 1803//2486
f 1803//2487 1804//2487 1800//2487
f 1803//2488 1800//2488 1799//2488
f 1804//2489 1805//2489 1801//2489
f 1804//2490 1801//2490 1800//2490
f 1805//2491 1806//2491 1802//2491
f 1805//2492 1802//2492 1801//2492
f 1806//2493 1803//2493 1799//2493
f 1806//2494 1799//2494 1802//2494
f 1800//2495 1801//2495 1802//2495
f 1800//2496 1802//2496 1799//2496
f 1814//2497 1813//2497 1812//2497
f 1814//2498 1812//2498 1811//2498
f 1811//2499 1812//2499 1808//2499
f 1811//2500 1808//2500 1807//2500
f 1812//2501 1813//2501 1809//2501
f 1812//2502 1809//2502 1808//2502
f 1813//2503 1814//2503 1810//2503
f 1813//2504 1810//2504 1809//2504
f 1814//2505 1811//2505 1807//2505
f 1814//2506 1807//2506 1810//2506
f 1808//2507 1809//2507 1810//2507
f 1808//2508 1810//2508 1807//2508
f 1822//2509 1821//2509 1820//2509
f 1822//2510 1820//2510 1819//2510
f 1819//2511 1820//2511 1816//2511
f 1819//2512 1816//2512 1815//2512
f 1820//2513 1821//2513 1817//2513
f 1820//2514 1817//2514 1816//2514
f 1821//2515 1822//2515 1818//2515
f 1821//2516 1818//2516 1817//2516
f 1822//2517 1819//2517 1815//2517
f 1822//2518 1815//2518 1818//2518
f 1816//2519 1817//2519 1818//2519
f 1816//2520 1818//2520 1815//2520
f 1830//2521 1829//2521 1828//2521
f 1830//2522 1828//2522 1827//2522
f 1827//2523 1828//2523 1824//2523
f 1827//2524 1824//2524 1823//2524
f 1828//2525 1829//2525 1825//2525
f 1828//2526 1825//2526 1824//2526
f 1829//2527 1830//2527 1826//2527
f 1829//2528 1826//2528 1825//2528
f 1830//2529 1827//2529 1823//2529
f 1830//2530 1823//2530 1826//2530
f 1824//2531 1825//2531 1826//2531
f 1824//2532 1826//2532 1823//2532
f 1838//2533 1837//2533 1836//2533
f 1838//2534 1836//2534 1835//2534
f 1835//2535 1836//2535 1832//2535
f 1835//2536 1832//2536 1831//2536
f 1836//2537 1837//2537 1833//2537
f 1836//2538 1833//2538 1832//2538
f 1837//2539 1838//2539 1834//2539
f 1837//2540 1834//2540 1833//2540
f 1838//2541 1835//2541 1831//2541
f 1838//2542 1831//2542 1834//2542
f 1832//2543 1833//2543 1834//2543
f 1832//2544 1834//2544 1831//2544
usemtl Mat_Bone
f 1839//2545 1850//2545 1844//2545
f 1839//2546 1844//2546 1840//2546
f 1839//2547 1840//2547 1846//2547
f 1839//2548 1846//2548 1849//2548
f 1839//2549 1849//2549 1850//2549
f 1840//2550 1844//2550 1848//2550
f 1844//2551 1850//2551 1843//2551
f 1850//2552 1849//2552 1841//2552
f 1849//2553 1846//2553 1845//2553
f 1846//2554 1840//2554 1847//2554
f 1842//2555 1848//2555 1843//2555
f 1842//2556 1843//2556 1841//2556
f 1842//2557 1841//2557 1845//2557
f 1842//2558 1845//2558 1847//2558
f 1842//2559 1847//2559 1848//2559
f 1843//2560 1848//2560 1844//2560
f 1841//2561 1843//2561 1850//2561
f 1845//2562 1841//2562 1849//2562
f 1847//2563 1845//2563 1846//2563
f 1848//2564 1847//2564 1840//2564
usemtl Mat_FadedWood
f 1851//2565 1862//2565 1856//2565
f 1851//2566 1856//2566 1852//2566
f 1851//2567 1852//2567 1858//2567
f 1851//2568 1858//2568 1861//2568
f 1851//2569 1861//2569 1862//2569
f 1852//2570 1856//2570 1860//2570
f 1856//2571 1862//2571 1855//2571
f 1862//2572 1861//2572 1853//2572
f 1861//2573 1858//2573 1857//2573
f 1858//2574 1852//2574 1859//2574
f 1854//2575 1860//2575 1855//2575
f 1854//2576 1855//2576 1853//2576
f 1854//2577 1853//2577 1857//2577
f 1854//2578 1857//2578 1859//2578
f 1854//2579 1859//2579 1860//2579
f 1855//2580 1860//2580 1856//2580
f 1853//2581 1855//2581 1862//2581
f 1857//2582 1853//2582 1861//2582
f 1859//2583 1857//2583 1858//2583
f 1860//2584 1859//2584 1852//2584
usemtl Mat_Bone
f 1863//2585 1874//2585 1868//2585
f 1863//2586 1868//2586 1864//2586
f 1863//2587 1864//2587 1870//2587
f 1863//2588 1870//2588 1873//2588
f 1863//2589 1873//2589 1874//2589
f 1864//2590 1868//2590 1872//2590
f 1868//2591 1874//2591 1867//2591
f 1874//2592 1873//2592 1865//2592
f 1873//2593 1870//2593 1869//2593
f 1870//2594 1864//2594 1871//2594
f 1866//2595 1872//2595 1867//2595
f 1866//2596 1867//2596 1865//2596
f 1866//2597 1865//2597 1869//2597
f 1866//2598 1869//2598 1871//2598
f 1866//2599 1871//2599 1872//2599
f 1867//2600 1872//2600 1868//2600
f 1865//2601 1867//2601 1874//2601
f 1869//2602 1865//2602 1873//2602
f 1871//2603 1869//2603 1870//2603
f 1872//2604 1871//2604 1864//2604
usemtl Mat_FadedWood
f 1875//2605 1886//2605 1880//2605
f 1875//2606 1880//2606 1876//2606
f 1875//2607 1876//2607 1882//2607
f 1875//2608 1882//2608 1885//2608
f 1875//2609 1885//2609 1886//2609
f 1876//2610 1880//2610 1884//2610
f 1880//2611 1886//2611 1879//2611
f 1886//2612 1885//2612 1877//2612
f 1885//2613 1882//2613 1881//2613
f 1882//2614 1876//2614 1883//2614
f 1878//2615 1884//2615 1879//2615
f 1878//2616 1879//2616 1877//2616
f 1878//2617 1877//2617 1881//2617
f 1878//2618 1881//2618 1883//2618
f 1878//2619 1883//2619 1884//2619
f 1879//2620 1884//2620 1880//2620
f 1877//2621 1879//2621 1886//2621
f 1881//2622 1877//2622 1885//2622
f 1883//2623 1881//2623 1882//2623
f 1884//2624 1883//2624 1876//2624
usemtl Mat_Bone
f 1887//2625 1898//2625 1892//2625
f 1887//2626 1892//2626 1888//2626
f 1887//2627 1888//2627 1894//2627
f 1887//2628 1894//2628 1897//2628
f 1887//2629 1897//2629 1898//2629
f 1888//2630 1892//2630 1896//2630
f 1892//2631 1898//2631 1891//2631
f 1898//2632 1897//2632 1889//2632
f 1897//2633 1894//2633 1893//2633
f 1894//2634 1888//2634 1895//2634
f 1890//2635 1896//2635 1891//2635
f 1890//2636 1891//2636 1889//2636
f 1890//2637 1889//2637 1893//2637
f 1890//2638 1893//2638 1895//2638
f 1890//2639 1895//2639 1896//2639
f 1891//2640 1896//2640 1892//2640
f 1889//2641 1891//2641 1898//2641
f 1893//2642 1889//2642 1897//2642
f 1895//2643 1893//2643 1894//2643
f 1896//2644 1895//2644 1888//2644
usemtl Mat_FadedWood
f 1899//2645 1910//2645 1904//2645
f 1899//2646 1904//2646 1900//2646
f 1899//2647 1900//2647 1906//2647
f 1899//2648 1906//2648 1909//2648
f 1899//2649 1909//2649 1910//2649
f 1900//2650 1904//2650 1908//2650
f 1904//2651 1910//2651 1903//2651
f 1910//2652 1909//2652 1901//2652
f 1909//2653 1906//2653 1905//2653
f 1906//2654 1900//2654 1907//2654
f 1902//2655 1908//2655 1903//2655
f 1902//2656 1903//2656 1901//2656
f 1902//2657 1901//2657 1905//2657
f 1902//2658 1905//2658 1907//2658
f 1902//2659 1907//2659 1908//2659
f 1903//2660 1908//2660 1904//2660
f 1901//2661 1903//2661 1910//2661
f 1905//2662 1901//2662 1909//2662
f 1907//2663 1905//2663 1906//2663
f 1908//2664 1907//2664 1900//2664
usemtl Mat_Bone
f 1911//2665 1922//2665 1916//2665
f 1911//2666 1916//2666 1912//2666
f 1911//2667 1912//2667 1918//2667
f 1911//2668 1918//2668 1921//2668
f 1911//2669 1921//2669 1922//2669
f 1912//2670 1916//2670 1920//2670
f 1916//2671 1922//2671 1915//2671
f 1922//2672 1921//2672 1913//2672
f 1921//2673 1918//2673 1917//2673
f 1918//2674 1912//2674 1919//2674
f 1914//2675 1920//2675 1915//2675
f 1914//2676 1915//2676 1913//2676
f 1914//2677 1913//2677 1917//2677
f 1914//2678 1917//2678 1919//2678
f 1914//2679 1919//2679 1920//2679
f 1915//2680 1920//2680 1916//2680
f 1913//2681 1915//2681 1922//2681
f 1917//2682 1913//2682 1921//2682
f 1919//2683 1917//2683 1918//2683
f 1920//2684 1919//2684 1912//2684
f 1923//2685 1934//2685 1928//2685
f 1923//2686 1928//2686 1924//2686
f 1923//2687 1924//2687 1930//2687
f 1923//2688 1930//2688 1933//2688
f 1923//2689 1933//2689 1934//2689
f 1924//2690 1928//2690 1932//2690
f 1928//2691 1934//2691 1927//2691
f 1934//2692 1933//2692 1925//2692
f 1933//2693 1930//2693 1929//2693
f 1930//2694 1924//2694 1931//2694
f 1926//2695 1932//2695 1927//2695
f 1926//2696 1927//2696 1925//2696
f 1926//2697 1925//2697 1929//2697
f 1926//2698 1929//2698 1931//2698
f 1926//2699 1931//2699 1932//2699
f 1927//2700 1932//2700 1928//2700
f 1925//2701 1927//2701 1934//2701
f 1929//2702 1925//2702 1933//2702
f 1931//2703 1929//2703 1930//2703
f 1932//2704 1931//2704 1924//2704
f 1935//2705 1946//2705 1940//2705
f 1935//2706 1940//2706 1936//2706
f 1935//2707 1936//2707 1942//2707
f 1935//2708 1942//2708 1945//2708
f 1935//2709 1945//2709 1946//2709
f 1936//2710 1940//2710 1944//2710
f 1940//2711 1946//2711 1939//2711
f 1946//2712 1945//2712 1937//2712
f 1945//2713 1942//2713 1941//2713
f 1942//2714 1936//2714 1943//2714
f 1938//2715 1944//2715 1939//2715
f 1938//2716 1939//2716 1937//2716
f 1938//2717 1937//2717 1941//2717
f 1938//2718 1941//2718 1943//2718
f 1938//2719 1943//2719 1944//2719
f 1939//2720 1944//2720 1940//2720
f 1937//2721 1939//2721 1946//2721
f 1941//2722 1937//2722 1945//2722
f 1943//2723 1941//2723 1942//2723
f 1944//2724 1943//2724 1936//2724
usemtl Mat_FadedWood
f 1954//2725 1953//2725 1952//2725
f 1954//2726 1952//2726 1951//2726
f 1951//2727 1952//2727 1948//2727
f 1951//2728 1948//2728 1947//2728
f 1952//2729 1953//2729 1949//2729
f 1952//2730 1949//2730 1948//2730
f 1953//2731 1954//2731 1950//2731
f 1953//2732 1950//2732 1949//2732
f 1954//2733 1951//2733 1947//2733
f 1954//2734 1947//2734 1950//2734
f 1948//2735 1949//2735 1950//2735
f 1948//2736 1950//2736 1947//2736
usemtl Mat_NeonLaser
f 1961//2737 1962//2737 1956//2737
f 1961//2738 1956//2738 1955//2738
f 1962//2739 1963//2739 1957//2739
f 1962//2740 1957//2740 1956//2740
f 1963//2741 1964//2741 1958//2741
f 1963//2742 1958//2742 1957//2742
f 1964//2743 1965//2743 1959//2743
f 1964//2744 1959//2744 1958//2744
f 1965//2745 1966//2745 1960//2745
f 1965//2746 1960//2746 1959//2746
f 1966//2747 1961//2747 1955//2747
f 1966//2748 1955//2748 1960//2748
f 1966//2749 1965//2749 1964//2749
f 1966//2750 1964//2750 1963//2750
f 1966//2751 1963//2751 1962//2751
f 1966//2752 1962//2752 1961//2752
f 1955//2753 1956//2753 1957//2753
f 1955//2754 1957//2754 1958//2754
f 1955//2755 1958//2755 1959//2755
f 1955//2756 1959//2756 1960//2756
f 1973//2757 1974//2757 1968//2757
f 1973//2758 1968//2758 1967//2758
f 1974//2759 1975//2759 1969//2759
f 1974//2760 1969//2760 1968//2760
f 1975//2761 1976//2761 1970//2761
f 1975//2762 1970//2762 1969//2762
f 1976//2763 1977//2763 1971//2763
f 1976//2764 1971//2764 1970//2764
f 1977//2765 1978//2765 1972//2765
f 1977//2766 1972//2766 1971//2766
f 1978//2767 1973//2767 1967//2767
f 1978//2768 1967//2768 1972//2768
f 1978//2769 1977//2769 1976//2769
f 1978//2770 1976//2770 1975//2770
f 1978//2771 1975//2771 1974//2771
f 1978//2772 1974//2772 1973//2772
f 1967//2773 1968//2773 1969//2773
f 1967//2774 1969//2774 1970//2774
f 1967//2775 1970//2775 1971//2775
f 1967//2776 1971//2776 1972//2776
f 1985//2777 1986//2777 1980//2777
f 1985//2778 1980//2778 1979//2778
f 1986//2779 1987//2779 1981//2779
f 1986//2780 1981//2780 1980//2780
f 1987//2781 1988//2781 1982//2781
f 1987//2782 1982//2782 1981//2782
f 1988//2783 1989//2783 1983//2783
f 1988//2784 1983//2784 1982//2784
f 1989//2785 1990//2785 1984//2785
f 1989//2786 1984//2786 1983//2786
f 1990//2787 1985//2787 1979//2787
f 1990//2788 1979//2788 1984//2788
f 1990//2789 1989//2789 1988//2789
f 1990//2790 1988//2790 1987//2790
f 1990//2791 1987//2791 1986//2791
f 1990//2792 1986//2792 1985//2792
f 1979//2793 1980//2793 1981//2793
f 1979//2794 1981//2794 1982//2794
f 1979//2795 1982//2795 1983//2795
f 1979//2796 1983//2796 1984//2796
f 1997//2797 1998//2797 1992//2797
f 1997//2798 1992//2798 1991//2798
f 1998//2799 1999//2799 1993//2799
f 1998//2800 1993//2800 1992//2800
f 1999//2801 2000//2801 1994//2801
f 1999//2802 1994//2802 1993//2802
f 2000//2803 2001//2803 1995//2803
f 2000//2804 1995//2804 1994//2804
f 2001//2805 2002//2805 1996//2805
f 2001//2806 1996//2806 1995//2806
f 2002//2807 1997//2807 1991//2807
f 2002//2808 1991//2808 1996//2808
f 2002//2809 2001//2809 2000//2809
f 2002//2810 2000//2810 1999//2810
f 2002//2811 1999//2811 1998//2811
f 2002//2812 1998//2812 1997//2812
f 1991//2813 1992//2813 1993//2813
f 1991//2814 1993//2814 1994//2814
f 1991//2815 1994//2815 1995//2815
f 1991//2816 1995//2816 1996//2816
usemtl Mat_DarkMetal
f 2009//2817 2010//2817 2004//2817
f 2009//2818 2004//2818 2003//2818
f 2010//2819 2011//2819 2005//2819
f 2010//2820 2005//2820 2004//2820
f 2011//2821 2012//2821 2006//2821
f 2011//2822 2006//2822 2005//2822
f 2012//2823 2013//2823 2007//2823
f 2012//2824 2007//2824 2006//2824
f 2013//2825 2014//2825 2008//2825
f 2013//2826 2008//2826 2007//2826
f 2014//2827 2009//2827 2003//2827
f 2014//2828 2003//2828 2008//2828
f 2014//2829 2013//2829 2012//2829
f 2014//2830 2012//2830 2011//2830
f 2014//2831 2011//2831 2010//2831
f 2014//2832 2010//2832 2009//2832
f 2003//2833 2004//2833 2005//2833
f 2003//2834 2005//2834 2006//2834
f 2003//2835 2006//2835 2007//2835
f 2003//2836 2007//2836 2008//2836
f 2023//2837 2024//2837 2016//2837
f 2023//2838 2016//2838 2015//2838
f 2024//2839 2025//2839 2017//2839
f 2024//2840 2017//2840 2016//2840
f 2025//2841 2026//2841 2018//2841
f 2025//2842 2018//2842 2017//2842
f 2026//2843 2027//2843 2019//2843
f 2026//2844 2019//2844 2018//2844
f 2027//2845 2028//2845 2020//2845
f 2027//2846 2020//2846 2019//2846
f 2028//2847 2029//2847 2021//2847
f 2028//2848 2021//2848 2020//2848
f 2029//2849 2030//2849 2022//2849
f 2029//2850 2022//2850 2021//2850
f 2030//2851 2023//2851 2015//2851
f 2030//2852 2015//2852 2022//2852
f 2030//2853 2029//2853 2028//2853
f 2030//2854 2028//2854 2027//2854
f 2030//2855 2027//2855 2026//2855
f 2030//2856 2026//2856 2025//2856
f 2030//2857 2025//2857 2024//2857
f 2030//2858 2024//2858 2023//2858
f 2015//2859 2016//2859 2017//2859
f 2015//2860 2017//2860 2018//2860
f 2015//2861 2018//2861 2019//2861
f 2015//2862 2019//2862 2020//2862
f 2015//2863 2020//2863 2021//2863
f 2015//2864 2021//2864 2022//2864
usemtl Mat_NeonAmber
f 2039//2865 2040//2865 2032//2865
f 2039//2866 2032//2866 2031//2866
f 2040//2867 2041//2867 2033//2867
f 2040//2868 2033//2868 2032//2868
f 2041//2869 2042//2869 2034//2869
f 2041//2870 2034//2870 2033//2870
f 2042//2871 2043//2871 2035//2871
f 2042//2872 2035//2872 2034//2872
f 2043//2873 2044//2873 2036//2873
f 2043//2874 2036//2874 2035//2874
f 2044//2875 2045//2875 2037//2875
f 2044//2876 2037//2876 2036//2876
f 2045//2877 2046//2877 2038//2877
f 2045//2878 2038//2878 2037//2878
f 2046//2879 2039//2879 2031//2879
f 2046//2880 2031//2880 2038//2880
f 2046//2881 2045//2881 2044//2881
f 2046//2882 2044//2882 2043//2882
f 2046//2883 2043//2883 2042//2883
f 2046//2884 2042//2884 2041//2884
f 2046//2885 2041//2885 2040//2885
f 2046//2886 2040//2886 2039//2886
usemtl Mat_Void
f 2054//2887 2053//2887 2052//2887
f 2054//2888 2052//2888 2051//2888
f 2051//2889 2052//2889 2048//2889
f 2051//2890 2048//2890 2047//2890
f 2052//2891 2053//2891 2049//2891
f 2052//2892 2049//2892 2048//2892
f 2053//2893 2054//2893 2050//2893
f 2053//2894 2050//2894 2049//2894
f 2054//2895 2051//2895 2047//2895
f 2054//2896 2047//2896 2050//2896
f 2048//2897 2049//2897 2050//2897
f 2048//2898 2050//2898 2047//2898
usemtl Mat_DarkMetal
f 2062//2899 2061//2899 2060//2899
f 2062//2900 2060//2900 2059//2900
f 2059//2901 2060//2901 2056//2901
f 2059//2902 2056//2902 2055//2902
f 2060//2903 2061//2903 2057//2903
f 2060//2904 2057//2904 2056//2904
f 2061//2905 2062//2905 2058//2905
f 2061//2906 2058//2906 2057//2906
f 2062//2907 2059//2907 2055//2907
f 2062//2908 2055//2908 2058//2908
f 2056//2909 2057//2909 2058//2909
f 2056//2910 2058//2910 2055//2910
f 2070//2911 2069//2911 2068//2911
f 2070//2912 2068//2912 2067//2912
f 2067//2913 2068//2913 2064//2913
f 2067//2914 2064//2914 2063//2914
f 2068//2915 2069//2915 2065//2915
f 2068//2916 2065//2916 2064//2916
f 2069//2917 2070//2917 2066//2917
f 2069//2918 2066//2918 2065//2918
f 2070//2919 2067//2919 2063//2919
f 2070//2920 2063//2920 2066//2920
f 2064//2921 2065//2921 2066//2921
f 2064//2922 2066//2922 2063//2922
f 2078//2923 2077//2923 2076//2923
f 2078//2924 2076//2924 2075//2924
f 2075//2925 2076//2925 2072//2925
f 2075//2926 2072//2926 2071//2926
f 2076//2927 2077//2927 2073//2927
f 2076//2928 2073//2928 2072//2928
f 2077//2929 2078//2929 2074//2929
f 2077//2930 2074//2930 2073//2930
f 2078//2931 2075//2931 2071//2931
f 2078//2932 2071//2932 2074//2932
f 2072//2933 2073//2933 2074//2933
f 2072//2934 2074//2934 2071//2934
usemtl Mat_Metal
f 2087//2935 2088//2935 2080//2935
f 2087//2936 2080//2936 2079//2936
f 2088//2937 2089//2937 2081//2937
f 2088//2938 2081//2938 2080//2938
f 2089//2939 2090//2939 2082//2939
f 2089//2940 2082//2940 2081//2940
f 2090//2941 2091//2941 2083//2941
f 2090//2942 2083//2942 2082//2942
f 2091//2943 2092//2943 2084//2943
f 2091//2944 2084//2944 2083//2944
f 2092//2945 2093//2945 2085//2945
f 2092//2946 2085//2946 2084//2946
f 2093//2947 2094//2947 2086//2947
f 2093//2948 2086//2948 2085//2948
f 2094//2949 2087//2949 2079//2949
f 2094//2950 2079//2950 2086//2950
f 2094//2951 2093//2951 2092//2951
f 2094//2952 2092//2952 2091//2952
f 2094//2953 2091//2953 2090//2953
f 2094//2954 2090//2954 2089//2954
f 2094//2955 2089//2955 2088//2955
f 2094//2956 2088//2956 2087//2956
f 2079//2957 2080//2957 2081//2957
f 2079//2958 2081//2958 2082//2958
f 2079//2959 2082//2959 2083//2959
f 2079//2960 2083//2960 2084//2960
f 2079//2961 2084//2961 2085//2961
f 2079//2962 2085//2962 2086//2962
usemtl Mat_DarkMetal
f 2102//2963 2101//2963 2100//2963
f 2102//2964 2100//2964 2099//2964
f 2099//2965 2100//2965 2096//2965
f 2099//2966 2096//2966 2095//2966
f 2100//2967 2101//2967 2097//2967
f 2100//2968 2097//2968 2096//2968
f 2101//2969 2102//2969 2098//2969
f 2101//2970 2098//2970 2097//2970
f 2102//2971 2099//2971 2095//2971
f 2102//2972 2095//2972 2098//2972
f 2096//2973 2097//2973 2098//2973
f 2096//2974 2098//2974 2095//2974
f 2110//2975 2109//2975 2108//2975
f 2110//2976 2108//2976 2107//2976
f 2107//2977 2108//2977 2104//2977
f 2107//2978 2104//2978 2103//2978
f 2108//2979 2109//2979 2105//2979
f 2108//2980 2105//2980 2104//2980
f 2109//2981 2110//2981 2106//2981
f 2109//2982 2106//2982 2105//2982
f 2110//2983 2107//2983 2103//2983
f 2110//2984 2103//2984 2106//2984
f 2104//2985 2105//2985 2106//2985
f 2104//2986 2106//2986 2103//2986
f 2118//2987 2117//2987 2116//2987
f 2118//2988 2116//2988 2115//2988
f 2115//2989 2116//2989 2112//2989
f 2115//2990 2112//2990 2111//2990
f 2116//2991 2117//2991 2113//2991
f 2116//2992 2113//2992 2112//2992
f 2117//2993 2118//2993 2114//2993
f 2117//2994 2114//2994 2113//2994
f 2118//2995 2115//2995 2111//2995
f 2118//2996 2111//2996 2114//2996
f 2112//2997 2113//2997 2114//2997
f 2112//2998 2114//2998 2111//2998
f 2126//2999 2125//2999 2124//2999
f 2126//3000 2124//3000 2123//3000
f 2123//3001 2124//3001 2120//3001
f 2123//3002 2120//3002 2119//3002
f 2124//3003 2125//3003 2121//3003
f 2124//3004 2121//3004 2120//3004
f 2125//3005 2126//3005 2122//3005
f 2125//3006 2122//3006 2121//3006
f 2126//3007 2123//3007 2119//3007
f 2126//3008 2119//3008 2122//3008
f 2120//3009 2121//3009 2122//3009
f 2120//3010 2122//3010 2119//3010
f 2134//3011 2133//3011 2132//3011
f 2134//3012 2132//3012 2131//3012
f 2131//3013 2132//3013 2128//3013
f 2131//3014 2128//3014 2127//3014
f 2132//3015 2133//3015 2129//3015
f 2132//3016 2129//3016 2128//3016
f 2133//3017 2134//3017 2130//3017
f 2133//3018 2130//3018 2129//3018
f 2134//3019 2131//3019 2127//3019
f 2134//3020 2127//3020 2130//3020
f 2128//3021 2129//3021 2130//3021
f 2128//3022 2130//3022 2127//3022
f 2142//3023 2141//3023 2140//3023
f 2142//3024 2140//3024 2139//3024
f 2139//3025 2140//3025 2136//3025
f 2139//3026 2136//3026 2135//3026
f 2140//3027 2141//3027 2137//3027
f 2140//3028 2137//3028 2136//3028
f 2141//3029 2142//3029 2138//3029
f 2141//3030 2138//3030 2137//3030
f 2142//3031 2139//3031 2135//3031
f 2142//3032 2135//3032 2138//3032
f 2136//3033 2137//3033 2138//3033
f 2136//3034 2138//3034 2135//3034
f 2150//3035 2149//3035 2148//3035
f 2150//3036 2148//3036 2147//3036
f 2147//3037 2148//3037 2144//3037
f 2147//3038 2144//3038 2143//3038
f 2148//3039 2149//3039 2145//3039
f 2148//3040 2145//3040 2144//3040
f 2149//3041 2150//3041 2146//3041
f 2149//3042 2146//3042 2145//3042
f 2150//3043 2147//3043 2143//3043
f 2150//3044 2143//3044 2146//3044
f 2144//3045 2145//3045 2146//3045
f 2144//3046 2146//3046 2143//3046
f 2158//3047 2157//3047 2156//3047
f 2158//3048 2156//3048 2155//3048
f 2155//3049 2156//3049 2152//3049
f 2155//3050 2152//3050 2151//3050
f 2156//3051 2157//3051 2153//3051
f 2156//3052 2153//3052 2152//3052
f 2157//3053 2158//3053 2154//3053
f 2157//3054 2154//3054 2153//3054
f 2158//3055 2155//3055 2151//3055
f 2158//3056 2151//3056 2154//3056
f 2152//3057 2153//3057 2154//3057
f 2152//3058 2154//3058 2151//3058
f 2166//3059 2165//3059 2164//3059
f 2166//3060 2164//3060 2163//3060
f 2163//3061 2164//3061 2160//3061
f 2163//3062 2160//3062 2159//3062
f 2164//3063 2165//3063 2161//3063
f 2164//3064 2161//3064 2160//3064
f 2165//3065 2166//3065 2162//3065
f 2165//3066 2162//3066 2161//3066
f 2166//3067 2163//3067 2159//3067
f 2166//3068 2159//3068 2162//3068
f 2160//3069 2161//3069 2162//3069
f 2160//3070 2162//3070 2159//3070
f 2174//3071 2173//3071 2172//3071
f 2174//3072 2172//3072 2171//3072
f 2171//3073 2172//3073 2168//3073
f 2171//3074 2168//3074 2167//3074
f 2172//3075 2173//3075 2169//3075
f 2172//3076 2169//3076 2168//3076
f 2173//3077 2174//3077 2170//3077
f 2173//3078 2170//3078 2169//3078
f 2174//3079 2171//3079 2167//3079
f 2174//3080 2167//3080 2170//3080
f 2168//3081 2169//3081 2170//3081
f 2168//3082 2170//3082 2167//3082
usemtl Mat_DarkWood
f 2182//3083 2181//3083 2180//3083
f 2182//3084 2180//3084 2179//3084
f 2179//3085 2180//3085 2176//3085
f 2179//3086 2176//3086 2175//3086
f 2180//3087 2181//3087 2177//3087
f 2180//3088 2177//3088 2176//3088
f 2181//3089 2182//3089 2178//3089
f 2181//3090 2178//3090 2177//3090
f 2182//3091 2179//3091 2175//3091
f 2182//3092 2175//3092 2178//3092
f 2176//3093 2177//3093 2178//3093
f 2176//3094 2178//3094 2175//3094
usemtl Mat_FadedWood
f 2190//3095 2189//3095 2188//3095
f 2190//3096 2188//3096 2187//3096
f 2187//3097 2188//3097 2184//3097
f 2187//3098 2184//3098 2183//3098
f 2188//3099 2189//3099 2185//3099
f 2188//3100 2185//3100 2184//3100
f 2189//3101 2190//3101 2186//3101
f 2189//3102 2186//3102 2185//3102
f 2190//3103 2187//3103 2183//3103
f 2190//3104 2183//3104 2186//3104
f 2184//3105 2185//3105 2186//3105
f 2184//3106 2186//3106 2183//3106
usemtl Mat_DarkMetal
f 2198//3107 2197//3107 2196//3107
f 2198//3108 2196//3108 2195//3108
f 2195//3109 2196//3109 2192//3109
f 2195//3110 2192//3110 2191//3110
f 2196//3111 2197//3111 2193//3111
f 2196//3112 2193//3112 2192//3112
f 2197//3113 2198//3113 2194//3113
f 2197//3114 2194//3114 2193//3114
f 2198//3115 2195//3115 2191//3115
f 2198//3116 2191//3116 2194//3116
f 2192//3117 2193//3117 2194//3117
f 2192//3118 2194//3118 2191//3118
usemtl Mat_Chrome
f 2205//3119 2206//3119 2200//3119
f 2205//3120 2200//3120 2199//3120
f 2206//3121 2207//3121 2201//3121
f 2206//3122 2201//3122 2200//3122
f 2207//3123 2208//3123 2202//3123
f 2207//3124 2202//3124 2201//3124
f 2208//3125 2209//3125 2203//3125
f 2208//3126 2203//3126 2202//3126
f 2209//3127 2210//3127 2204//3127
f 2209//3128 2204//3128 2203//3128
f 2210//3129 2205//3129 2199//3129
f 2210//3130 2199//3130 2204//3130
f 2210//3131 2209//3131 2208//3131
f 2210//3132 2208//3132 2207//3132
f 2210//3133 2207//3133 2206//3133
f 2210//3134 2206//3134 2205//3134
f 2199//3135 2200//3135 2201//3135
f 2199//3136 2201//3136 2202//3136
f 2199//3137 2202//3137 2203//3137
f 2199//3138 2203//3138 2204//3138
usemtl Mat_HeroRed
f 2218//3139 2217//3139 2216//3139
f 2218//3140 2216//3140 2215//3140
f 2215//3141 2216//3141 2212//3141
f 2215//3142 2212//3142 2211//3142
f 2216//3143 2217//3143 2213//3143
f 2216//3144 2213//3144 2212//3144
f 2217//3145 2218//3145 2214//3145
f 2217//3146 2214//3146 2213//3146
f 2218//3147 2215//3147 2211//3147
f 2218//3148 2211//3148 2214//3148
f 2212//3149 2213//3149 2214//3149
f 2212//3150 2214//3150 2211//3150
usemtl Mat_NeonLaser
f 2225//3151 2226//3151 2220//3151
f 2225//3152 2220//3152 2219//3152
f 2226//3153 2227//3153 2221//3153
f 2226//3154 2221//3154 2220//3154
f 2227//3155 2228//3155 2222//3155
f 2227//3156 2222//3156 2221//3156
f 2228//3157 2229//3157 2223//3157
f 2228//3158 2223//3158 2222//3158
f 2229//3159 2230//3159 2224//3159
f 2229//3160 2224//3160 2223//3160
f 2230//3161 2225//3161 2219//3161
f 2230//3162 2219//3162 2224//3162
f 2230//3163 2229//3163 2228//3163
f 2230//3164 2228//3164 2227//3164
f 2230//3165 2227//3165 2226//3165
f 2230//3166 2226//3166 2225//3166
f 2219//3167 2220//3167 2221//3167
f 2219//3168 2221//3168 2222//3168
f 2219//3169 2222//3169 2223//3169
f 2219//3170 2223//3170 2224//3170
f 2237//3171 2238//3171 2232//3171
f 2237//3172 2232//3172 2231//3172
f 2238//3173 2239//3173 2233//3173
f 2238//3174 2233//3174 2232//3174
f 2239//3175 2240//3175 2234//3175
f 2239//3176 2234//3176 2233//3176
f 2240//3177 2241//3177 2235//3177
f 2240//3178 2235//3178 2234//3178
f 2241//3179 2242//3179 2236//3179
f 2241//3180 2236//3180 2235//3180
f 2242//3181 2237//3181 2231//3181
f 2242//3182 2231//3182 2236//3182
f 2242//3183 2241//3183 2240//3183
f 2242//3184 2240//3184 2239//3184
f 2242//3185 2239//3185 2238//3185
f 2242//3186 2238//3186 2237//3186
f 2231//3187 2232//3187 2233//3187
f 2231//3188 2233//3188 2234//3188
f 2231//3189 2234//3189 2235//3189
f 2231//3190 2235//3190 2236//3190
f 2249//3191 2250//3191 2244//3191
f 2249//3192 2244//3192 2243//3192
f 2250//3193 2251//3193 2245//3193
f 2250//3194 2245//3194 2244//3194
f 2251//3195 2252//3195 2246//3195
f 2251//3196 2246//3196 2245//3196
f 2252//3197 2253//3197 2247//3197
f 2252//3198 2247//3198 2246//3198
f 2253//3199 2254//3199 2248//3199
f 2253//3200 2248//3200 2247//3200
f 2254//3201 2249//3201 2243//3201
f 2254//3202 2243//3202 2248//3202
f 2254//3203 2253//3203 2252//3203
f 2254//3204 2252//3204 2251//3204
f 2254//3205 2251//3205 2250//3205
f 2254//3206 2250//3206 2249//3206
f 2243//3207 2244//3207 2245//3207
f 2243//3208 2245//3208 2246//3208
f 2243//3209 2246//3209 2247//3209
f 2243//3210 2247//3210 2248//3210
f 2256//3211 2257//3211 2255//3211
f 2257//3212 2258//3212 2255//3212
f 2258//3213 2259//3213 2255//3213
f 2259//3214 2260//3214 2255//3214
f 2260//3215 2256//3215 2255//3215
f 2261//3216 2257//3216 2256//3216
f 2261//3217 2258//3217 2257//3217
f 2261//3218 2259//3218 2258//3218
f 2261//3219 2260//3219 2259//3219
f 2261//3220 2256//3220 2260//3220
usemtl Mat_Bone
f 2269//3221 2268//3221 2267//3221
f 2269//3222 2267//3222 2266//3222
f 2266//3223 2267//3223 2263//3223
f 2266//3224 2263//3224 2262//3224
f 2267//3225 2268//3225 2264//3225
f 2267//3226 2264//3226 2263//3226
f 2268//3227 2269//3227 2265//3227
f 2268//3228 2265//3228 2264//3228
f 2269//3229 2266//3229 2262//3229
f 2269//3230 2262//3230 2265//3230
f 2263//3231 2264//3231 2265//3231
f 2263//3232 2265//3232 2262//3232
usemtl Mat_Void
f 2270//3233 2271//3233 2272//3233
f 2270//3234 2272//3234 2273//3234
f 2274//3235 2275//3235 2276//3235
f 2274//3236 2276//3236 2277//3236
f 2278//3237 2279//3237 2280//3237
f 2278//3238 2280//3238 2281//3238
f 2282//3239 2283//3239 2284//3239
f 2282//3240 2284//3240 2285//3240
usemtl Mat_DarkMetal
f 2293//3241 2292//3241 2291//3241
f 2293//3242 2291//3242 2290//3242
f 2290//3243 2291//3243 2287//3243
f 2290//3244 2287//3244 2286//3244
f 2291//3245 2292//3245 2288//3245
f 2291//3246 2288//3246 2287//3246
f 2292//3247 2293//3247 2289//3247
f 2292//3248 2289//3248 2288//3248
f 2293//3249 2290//3249 2286//3249
f 2293//3250 2286//3250 2289//3250
f 2287//3251 2288//3251 2289//3251
f 2287//3252 2289//3252 2286//3252
usemtl Mat_Chrome
f 2300//3253 2301//3253 2295//3253
f 2300//3254 2295//3254 2294//3254
f 2301//3255 2302//3255 2296//3255
f 2301//3256 2296//3256 2295//3256
f 2302//3257 2303//3257 2297//3257
f 2302//3258 2297//3258 2296//3258
f 2303//3259 2304//3259 2298//3259
f 2303//3260 2298//3260 2297//3260
f 2304//3261 2305//3261 2299//3261
f 2304//3262 2299//3262 2298//3262
f 2305//3263 2300//3263 2294//3263
f 2305//3264 2294//3264 2299//3264
f 2305//3265 2304//3265 2303//3265
f 2305//3266 2303//3266 2302//3266
f 2305//3267 2302//3267 2301//3267
f 2305//3268 2301//3268 2300//3268
f 2294//3269 2295//3269 2296//3269
f 2294//3270 2296//3270 2297//3270
f 2294//3271 2297//3271 2298//3271
f 2294//3272 2298//3272 2299//3272
usemtl Mat_FadedWood
f 2313//3273 2312//3273 2311//3273
f 2313//3274 2311//3274 2310//3274
f 2310//3275 2311//3275 2307//3275
f 2310//3276 2307//3276 2306//3276
f 2311//3277 2312//3277 2308//3277
f 2311//3278 2308//3278 2307//3278
f 2312//3279 2313//3279 2309//3279
f 2312//3280 2309//3280 2308//3280
f 2313//3281 2310//3281 2306//3281
f 2313//3282 2306//3282 2309//3282
f 2307//3283 2308//3283 2309//3283
f 2307//3284 2309//3284 2306//3284
usemtl Mat_NeonLaser
f 2320//3285 2321//3285 2315//3285
f 2320//3286 2315//3286 2314//3286
f 2321//3287 2322//3287 2316//3287
f 2321//3288 2316//3288 2315//3288
f 2322//3289 2323//3289 2317//3289
f 2322//3290 2317//3290 2316//3290
f 2323//3291 2324//3291 2318//3291
f 2323//3292 2318//3292 2317//3292
f 2324//3293 2325//3293 2319//3293
f 2324//3294 2319//3294 2318//3294
f 2325//3295 2320//3295 2314//3295
f 2325//3296 2314//3296 2319//3296
f 2325//3297 2324//3297 2323//3297
f 2325//3298 2323//3298 2322//3298
f 2325//3299 2322//3299 2321//3299
f 2325//3300 2321//3300 2320//3300
f 2314//3301 2315//3301 2316//3301
f 2314//3302 2316//3302 2317//3302
f 2314//3303 2317//3303 2318//3303
f 2314//3304 2318//3304 2319//3304
f 2332//3305 2333//3305 2327//3305
f 2332//3306 2327//3306 2326//3306
f 2333//3307 2334//3307 2328//3307
f 2333//3308 2328//3308 2327//3308
f 2334//3309 2335//3309 2329//3309
f 2334//3310 2329//3310 2328//3310
f 2335//3311 2336//3311 2330//3311
f 2335//3312 2330//3312 2329//3312
f 2336//3313 2337//3313 2331//3313
f 2336//3314 2331//3314 2330//3314
f 2337//3315 2332//3315 2326//3315
f 2337//3316 2326//3316 2331//3316
f 2337//3317 2336//3317 2335//3317
f 2337//3318 2335//3318 2334//3318
f 2337//3319 2334//3319 2333//3319
f 2337//3320 2333//3320 2332//3320
f 2326//3321 2327//3321 2328//3321
f 2326//3322 2328//3322 2329//3322
f 2326//3323 2329//3323 2330//3323
f 2326//3324 2330//3324 2331//3324
f 2344//3325 2345//3325 2339//3325
f 2344//3326 2339//3326 2338//3326
f 2345//3327 2346//3327 2340//3327
f 2345//3328 2340//3328 2339//3328
f 2346//3329 2347//3329 2341//3329
f 2346//3330 2341//3330 2340//3330
f 2347//3331 2348//3331 2342//3331
f 2347//3332 2342//3332 2341//3332
f 2348//3333 2349//3333 2343//3333
f 2348//3334 2343//3334 2342//3334
f 2349//3335 2344//3335 2338//3335
f 2349//3336 2338//3336 2343//3336
f 2349//3337 2348//3337 2347//3337
f 2349//3338 2347//3338 2346//3338
f 2349//3339 2346//3339 2345//3339
f 2349//3340 2345//3340 2344//3340
f 2338//3341 2339//3341 2340//3341
f 2338//3342 2340//3342 2341//3342
f 2338//3343 2341//3343 2342//3343
f 2338//3344 2342//3344 2343//3344
f 2351//3345 2352//3345 2350//3345
f 2352//3346 2353//3346 2350//3346
f 2353//3347 2354//3347 2350//3347
f 2354//3348 2355//3348 2350//3348
f 2355//3349 2351//3349 2350//3349
f 2356//3350 2352//3350 2351//3350
f 2356//3351 2353//3351 2352//3351
f 2356//3352 2354//3352 2353//3352
f 2356//3353 2355//3353 2354//3353
f 2356//3354 2351//3354 2355//3354
usemtl Mat_Bone
f 2364//3355 2363//3355 2362//3355
f 2364//3356 2362//3356 2361//3356
f 2361//3357 2362//3357 2358//3357
f 2361//3358 2358//3358 2357//3358
f 2362//3359 2363//3359 2359//3359
f 2362//3360 2359//3360 2358//3360
f 2363//3361 2364//3361 2360//3361
f 2363//3362 2360//3362 2359//3362
f 2364//3363 2361//3363 2357//3363
f 2364//3364 2357//3364 2360//3364
f 2358//3365 2359//3365 2360//3365
f 2358//3366 2360//3366 2357//3366
usemtl Mat_Void
f 2365//3367 2366//3367 2367//3367
f 2365//3368 2367//3368 2368//3368
f 2369//3369 2370//3369 2371//3369
f 2369//3370 2371//3370 2372//3370
f 2373//3371 2374//3371 2375//3371
f 2373//3372 2375//3372 2376//3372
usemtl Mat_DarkMetal
f 2384//3373 2383//3373 2382//3373
f 2384//3374 2382//3374 2381//3374
f 2381//3375 2382//3375 2378//3375
f 2381//3376 2378//3376 2377//3376
f 2382//3377 2383//3377 2379//3377
f 2382//3378 2379//3378 2378//3378
f 2383//3379 2384//3379 2380//3379
f 2383//3380 2380//3380 2379//3380
f 2384//3381 2381//3381 2377//3381
f 2384//3382 2377//3382 2380//3382
f 2378//3383 2379//3383 2380//3383
f 2378//3384 2380//3384 2377//3384
usemtl Mat_Chrome
f 2391//3385 2392//3385 2386//3385
f 2391//3386 2386//3386 2385//3386
f 2392//3387 2393//3387 2387//3387
f 2392//3388 2387//3388 2386//3388
f 2393//3389 2394//3389 2388//3389
f 2393//3390 2388//3390 2387//3390
f 2394//3391 2395//3391 2389//3391
f 2394//3392 2389//3392 2388//3392
f 2395//3393 2396//3393 2390//3393
f 2395//3394 2390//3394 2389//3394
f 2396//3395 2391//3395 2385//3395
f 2396//3396 2385//3396 2390//3396
f 2396//3397 2395//3397 2394//3397
f 2396//3398 2394//3398 2393//3398
f 2396//3399 2393//3399 2392//3399
f 2396//3400 2392//3400 2391//3400
f 2385//3401 2386//3401 2387//3401
f 2385//3402 2387//3402 2388//3402
f 2385//3403 2388//3403 2389//3403
f 2385//3404 2389//3404 2390//3404
usemtl Mat_HeroBlue
f 2404//3405 2403//3405 2402//3405
f 2404//3406 2402//3406 2401//3406
f 2401//3407 2402//3407 2398//3407
f 2401//3408 2398//3408 2397//3408
f 2402//3409 2403//3409 2399//3409
f 2402//3410 2399//3410 2398//3410
f 2403//3411 2404//3411 2400//3411
f 2403//3412 2400//3412 2399//3412
f 2404//3413 2401//3413 2397//3413
f 2404//3414 2397//3414 2400//3414
f 2398//3415 2399//3415 2400//3415
f 2398//3416 2400//3416 2397//3416
usemtl Mat_NeonLaser
f 2411//3417 2412//3417 2406//3417
f 2411//3418 2406//3418 2405//3418
f 2412//3419 2413//3419 2407//3419
f 2412//3420 2407//3420 2406//3420
f 2413//3421 2414//3421 2408//3421
f 2413//3422 2408//3422 2407//3422
f 2414//3423 2415//3423 2409//3423
f 2414//3424 2409//3424 2408//3424
f 2415//3425 2416//3425 2410//3425
f 2415//3426 2410//3426 2409//3426
f 2416//3427 2411//3427 2405//3427
f 2416//3428 2405//3428 2410//3428
f 2416//3429 2415//3429 2414//3429
f 2416//3430 2414//3430 2413//3430
f 2416//3431 2413//3431 2412//3431
f 2416//3432 2412//3432 2411//3432
f 2405//3433 2406//3433 2407//3433
f 2405//3434 2407//3434 2408//3434
f 2405//3435 2408//3435 2409//3435
f 2405//3436 2409//3436 2410//3436
f 2423//3437 2424//3437 2418//3437
f 2423//3438 2418//3438 2417//3438
f 2424//3439 2425//3439 2419//3439
f 2424//3440 2419//3440 2418//3440
f 2425//3441 2426//3441 2420//3441
f 2425//3442 2420//3442 2419//3442
f 2426//3443 2427//3443 2421//3443
f 2426//3444 2421//3444 2420//3444
f 2427//3445 2428//3445 2422//3445
f 2427//3446 2422//3446 2421//3446
f 2428//3447 2423//3447 2417//3447
f 2428//3448 2417//3448 2422//3448
f 2428//3449 2427//3449 2426//3449
f 2428//3450 2426//3450 2425//3450
f 2428//3451 2425//3451 2424//3451
f 2428//3452 2424//3452 2423//3452
f 2417//3453 2418//3453 2419//3453
f 2417//3454 2419//3454 2420//3454
f 2417//3455 2420//3455 2421//3455
f 2417//3456 2421//3456 2422//3456
f 2435//3457 2436//3457 2430//3457
f 2435//3458 2430//3458 2429//3458
f 2436//3459 2437//3459 2431//3459
f 2436//3460 2431//3460 2430//3460
f 2437//3461 2438//3461 2432//3461
f 2437//3462 2432//3462 2431//3462
f 2438//3463 2439//3463 2433//3463
f 2438//3464 2433//3464 2432//3464
f 2439//3465 2440//3465 2434//3465
f 2439//3466 2434//3466 2433//3466
f 2440//3467 2435//3467 2429//3467
f 2440//3468 2429//3468 2434//3468
f 2440//3469 2439//3469 2438//3469
f 2440//3470 2438//3470 2437//3470
f 2440//3471 2437//3471 2436//3471
f 2440//3472 2436//3472 2435//3472
f 2429//3473 2430//3473 2431//3473
f 2429//3474 2431//3474 2432//3474
f 2429//3475 2432//3475 2433//3475
f 2429//3476 2433//3476 2434//3476
f 2442//3477 2443//3477 2441//3477
f 2443//3478 2444//3478 2441//3478
f 2444//3479 2445//3479 2441//3479
f 2445//3480 2446//3480 2441//3480
f 2446//3481 2442//3481 2441//3481
f 2447//3482 2443//3482 2442//3482
f 2447//3483 2444//3483 2443//3483
f 2447//3484 2445//3484 2444//3484
f 2447//3485 2446//3485 2445//3485
f 2447//3486 2442//3486 2446//3486
usemtl Mat_Bone
f 2455//3487 2454//3487 2453//3487
f 2455//3488 2453//3488 2452//3488
f 2452//3489 2453//3489 2449//3489
f 2452//3490 2449//3490 2448//3490
f 2453//3491 2454//3491 2450//3491
f 2453//3492 2450//3492 2449//3492
f 2454//3493 2455//3493 2451//3493
f 2454//3494 2451//3494 2450//3494
f 2455//3495 2452//3495 2448//3495
f 2455//3496 2448//3496 2451//3496
f 2449//3497 2450//3497 2451//3497
f 2449//3498 2451//3498 2448//3498
usemtl Mat_Void
f 2456//3499 2457//3499 2458//3499
f 2456//3500 2458//3500 2459//3500
f 2460//3501 2461//3501 2462//3501
f 2460//3502 2462//3502 2463//3502
f 2464//3503 2465//3503 2466//3503
f 2464//3504 2466//3504 2467//3504
f 2468//3505 2469//3505 2470//3505
f 2468//3506 2470//3506 2471//3506
usemtl Mat_HeroYellow
f 2479//3507 2478//3507 2477//3507
f 2479//3508 2477//3508 2476//3508
f 2476//3509 2477//3509 2473//3509
f 2476//3510 2473//3510 2472//3510
f 2477//3511 2478//3511 2474//3511
f 2477//3512 2474//3512 2473//3512
f 2478//3513 2479//3513 2475//3513
f 2478//3514 2475//3514 2474//3514
f 2479//3515 2476//3515 2472//3515
f 2479//3516 2472//3516 2475//3516
f 2473//3517 2474//3517 2475//3517
f 2473//3518 2475//3518 2472//3518
usemtl Mat_HeroRed
f 2487//3519 2486//3519 2485//3519
f 2487//3520 2485//3520 2484//3520
f 2484//3521 2485//3521 2481//3521
f 2484//3522 2481//3522 2480//3522
f 2485//3523 2486//3523 2482//3523
f 2485//3524 2482//3524 2481//3524
f 2486//3525 2487//3525 2483//3525
f 2486//3526 2483//3526 2482//3526
f 2487//3527 2484//3527 2480//3527
f 2487//3528 2480//3528 2483//3528
f 2481//3529 2482//3529 2483//3529
f 2481//3530 2483//3530 2480//3530
usemtl Mat_Bone
f 2495//3531 2494//3531 2493//3531
f 2495//3532 2493//3532 2492//3532
f 2492//3533 2493//3533 2489//3533
f 2492//3534 2489//3534 2488//3534
f 2493//3535 2494//3535 2490//3535
f 2493//3536 2490//3536 2489//3536
f 2494//3537 2495//3537 2491//3537
f 2494//3538 2491//3538 2490//3538
f 2495//3539 2492//3539 2488//3539
f 2495//3540 2488//3540 2491//3540
f 2489//3541 2490//3541 2491//3541
f 2489//3542 2491//3542 2488//3542
usemtl Mat_HeroRed
f 2503//3543 2502//3543 2501//3543
f 2503//3544 2501//3544 2500//3544
f 2500//3545 2501//3545 2497//3545
f 2500//3546 2497//3546 2496//3546
f 2501//3547 2502//3547 2498//3547
f 2501//3548 2498//3548 2497//3548
f 2502//3549 2503//3549 2499//3549
f 2502//3550 2499//3550 2498//3550
f 2503//3551 2500//3551 2496//3551
f 2503//3552 2496//3552 2499//3552
f 2497//3553 2498//3553 2499//3553
f 2497//3554 2499//3554 2496//3554
usemtl Mat_Bone
f 2511//3555 2510//3555 2509//3555
f 2511//3556 2509//3556 2508//3556
f 2508//3557 2509//3557 2505//3557
f 2508//3558 2505//3558 2504//3558
f 2509//3559 2510//3559 2506//3559
f 2509//3560 2506//3560 2505//3560
f 2510//3561 2511//3561 2507//3561
f 2510//3562 2507//3562 2506//3562
f 2511//3563 2508//3563 2504//3563
f 2511//3564 2504//3564 2507//3564
f 2505//3565 2506//3565 2507//3565
f 2505//3566 2507//3566 2504//3566
usemtl Mat_HeroRed
f 2519//3567 2518//3567 2517//3567
f 2519//3568 2517//3568 2516//3568
f 2516//3569 2517//3569 2513//3569
f 2516//3570 2513//3570 2512//3570
f 2517//3571 2518//3571 2514//3571
f 2517//3572 2514//3572 2513//3572
f 2518//3573 2519//3573 2515//3573
f 2518//3574 2515//3574 2514//3574
f 2519//3575 2516//3575 2512//3575
f 2519//3576 2512//3576 2515//3576
f 2513//3577 2514//3577 2515//3577
f 2513//3578 2515//3578 2512//3578
usemtl Mat_Bone
f 2527//3579 2526//3579 2525//3579
f 2527//3580 2525//3580 2524//3580
f 2524//3581 2525//3581 2521//3581
f 2524//3582 2521//3582 2520//3582
f 2525//3583 2526//3583 2522//3583
f 2525//3584 2522//3584 2521//3584
f 2526//3585 2527//3585 2523//3585
f 2526//3586 2523//3586 2522//3586
f 2527//3587 2524//3587 2520//3587
f 2527//3588 2520//3588 2523//3588
f 2521//3589 2522//3589 2523//3589
f 2521//3590 2523//3590 2520//3590
usemtl Mat_HeroRed
f 2535//3591 2534//3591 2533//3591
f 2535//3592 2533//3592 2532//3592
f 2532//3593 2533//3593 2529//3593
f 2532//3594 2529//3594 2528//3594
f 2533//3595 2534//3595 2530//3595
f 2533//3596 2530//3596 2529//3596
f 2534//3597 2535//3597 2531//3597
f 2534//3598 2531//3598 2530//3598
f 2535//3599 2532//3599 2528//3599
f 2535//3600 2528//3600 2531//3600
f 2529//3601 2530//3601 2531//3601
f 2529//3602 2531//3602 2528//3602
usemtl Mat_DarkWood
f 2543//3603 2542//3603 2541//3603
f 2543//3604 2541//3604 2540//3604
f 2540//3605 2541//3605 2537//3605
f 2540//3606 2537//3606 2536//3606
f 2541//3607 2542//3607 2538//3607
f 2541//3608 2538//3608 2537//3608
f 2542//3609 2543//3609 2539//3609
f 2542//3610 2539//3610 2538//3610
f 2543//3611 2540//3611 2536//3611
f 2543//3612 2536//3612 2539//3612
f 2537//3613 2538//3613 2539//3613
f 2537//3614 2539//3614 2536//3614
usemtl Mat_DarkMetal
f 2551//3615 2550//3615 2549//3615
f 2551//3616 2549//3616 2548//3616
f 2548//3617 2549//3617 2545//3617
f 2548//3618 2545//3618 2544//3618
f 2549//3619 2550//3619 2546//3619
f 2549//3620 2546//3620 2545//3620
f 2550//3621 2551//3621 2547//3621
f 2550//3622 2547//3622 2546//3622
f 2551//3623 2548//3623 2544//3623
f 2551//3624 2544//3624 2547//3624
f 2545//3625 2546//3625 2547//3625
f 2545//3626 2547//3626 2544//3626
usemtl Mat_Chrome
f 2558//3627 2559//3627 2553//3627
f 2558//3628 2553//3628 2552//3628
f 2559//3629 2560//3629 2554//3629
f 2559//3630 2554//3630 2553//3630
f 2560//3631 2561//3631 2555//3631
f 2560//3632 2555//3632 2554//3632
f 2561//3633 2562//3633 2556//3633
f 2561//3634 2556//3634 2555//3634
f 2562//3635 2563//3635 2557//3635
f 2562//3636 2557//3636 2556//3636
f 2563//3637 2558//3637 2552//3637
f 2563//3638 2552//3638 2557//3638
f 2563//3639 2562//3639 2561//3639
f 2563//3640 2561//3640 2560//3640
f 2563//3641 2560//3641 2559//3641
f 2563//3642 2559//3642 2558//3642
f 2552//3643 2553//3643 2554//3643
f 2552//3644 2554//3644 2555//3644
f 2552//3645 2555//3645 2556//3645
f 2552//3646 2556//3646 2557//3646
usemtl Mat_HeroRed
f 2571//3647 2570//3647 2569//3647
f 2571//3648 2569//3648 2568//3648
f 2568//3649 2569//3649 2565//3649
f 2568//3650 2565//3650 2564//3650
f 2569//3651 2570//3651 2566//3651
f 2569//3652 2566//3652 2565//3652
f 2570//3653 2571//3653 2567//3653
f 2570//3654 2567//3654 2566//3654
f 2571//3655 2568//3655 2564//3655
f 2571//3656 2564//3656 2567//3656
f 2565//3657 2566//3657 2567//3657
f 2565//3658 2567//3658 2564//3658
usemtl Mat_NeonLaser
f 2578//3659 2579//3659 2573//3659
f 2578//3660 2573//3660 2572//3660
f 2579//3661 2580//3661 2574//3661
f 2579//3662 2574//3662 2573//3662
f 2580//3663 2581//3663 2575//3663
f 2580//3664 2575//3664 2574//3664
f 2581//3665 2582//3665 2576//3665
f 2581//3666 2576//3666 2575//3666
f 2582//3667 2583//3667 2577//3667
f 2582//3668 2577//3668 2576//3668
f 2583//3669 2578//3669 2572//3669
f 2583//3670 2572//3670 2577//3670
f 2583//3671 2582//3671 2581//3671
f 2583//3672 2581//3672 2580//3672
f 2583//3673 2580//3673 2579//3673
f 2583//3674 2579//3674 2578//3674
f 2572//3675 2573//3675 2574//3675
f 2572//3676 2574//3676 2575//3676
f 2572//3677 2575//3677 2576//3677
f 2572//3678 2576//3678 2577//3678
f 2590//3679 2591//3679 2585//3679
f 2590//3680 2585//3680 2584//3680
f 2591//3681 2592//3681 2586//3681
f 2591//3682 2586//3682 2585//3682
f 2592//3683 2593//3683 2587//3683
f 2592//3684 2587//3684 2586//3684
f 2593//3685 2594//3685 2588//3685
f 2593//3686 2588//3686 2587//3686
f 2594//3687 2595//3687 2589//3687
f 2594//3688 2589//3688 2588//3688
f 2595//3689 2590//3689 2584//3689
f 2595//3690 2584//3690 2589//3690
f 2595//3691 2594//3691 2593//3691
f 2595//3692 2593//3692 2592//3692
f 2595//3693 2592//3693 2591//3693
f 2595//3694 2591//3694 2590//3694
f 2584//3695 2585//3695 2586//3695
f 2584//3696 2586//3696 2587//3696
f 2584//3697 2587//3697 2588//3697
f 2584//3698 2588//3698 2589//3698
f 2602//3699 2603//3699 2597//3699
f 2602//3700 2597//3700 2596//3700
f 2603//3701 2604//3701 2598//3701
f 2603//3702 2598//3702 2597//3702
f 2604//3703 2605//3703 2599//3703
f 2604//3704 2599//3704 2598//3704
f 2605//3705 2606//3705 2600//3705
f 2605//3706 2600//3706 2599//3706
f 2606//3707 2607//3707 2601//3707
f 2606//3708 2601//3708 2600//3708
f 2607//3709 2602//3709 2596//3709
f 2607//3710 2596//3710 2601//3710
f 2607//3711 2606//3711 2605//3711
f 2607//3712 2605//3712 2604//3712
f 2607//3713 2604//3713 2603//3713
f 2607//3714 2603//3714 2602//3714
f 2596//3715 2597//3715 2598//3715
f 2596//3716 2598//3716 2599//3716
f 2596//3717 2599//3717 2600//3717
f 2596//3718 2600//3718 2601//3718
f 2609//3719 2610//3719 2608//3719
f 2610//3720 2611//3720 2608//3720
f 2611//3721 2612//3721 2608//3721
f 2612//3722 2613//3722 2608//3722
f 2613//3723 2609//3723 2608//3723
f 2614//3724 2610//3724 2609//3724
f 2614//3725 2611//3725 2610//3725
f 2614//3726 2612//3726 2611//3726
f 2614//3727 2613//3727 2612//3727
f 2614//3728 2609//3728 2613//3728
usemtl Mat_DarkMetal
f 2622//3729 2621//3729 2620//3729
f 2622//3730 2620//3730 2619//3730
f 2619//3731 2620//3731 2616//3731
f 2619//3732 2616//3732 2615//3732
f 2620//3733 2621//3733 2617//3733
f 2620//3734 2617//3734 2616//3734
f 2621//3735 2622//3735 2618//3735
f 2621//3736 2618//3736 2617//3736
f 2622//3737 2619//3737 2615//3737
f 2622//3738 2615//3738 2618//3738
f 2616//3739 2617//3739 2618//3739
f 2616//3740 2618//3740 2615//3740
usemtl Mat_Chrome
f 2629//3741 2630//3741 2624//3741
f 2629//3742 2624//3742 2623//3742
f 2630//3743 2631//3743 2625//3743
f 2630//3744 2625//3744 2624//3744
f 2631//3745 2632//3745 2626//3745
f 2631//3746 2626//3746 2625//3746
f 2632//3747 2633//3747 2627//3747
f 2632//3748 2627//3748 2626//3748
f 2633//3749 2634//3749 2628//3749
f 2633//3750 2628//3750 2627//3750
f 2634//3751 2629//3751 2623//3751
f 2634//3752 2623//3752 2628//3752
f 2634//3753 2633//3753 2632//3753
f 2634//3754 2632//3754 2631//3754
f 2634//3755 2631//3755 2630//3755
f 2634//3756 2630//3756 2629//3756
f 2623//3757 2624//3757 2625//3757
f 2623//3758 2625//3758 2626//3758
f 2623//3759 2626//3759 2627//3759
f 2623//3760 2627//3760 2628//3760
usemtl Mat_FadedWood
f 2642//3761 2641//3761 2640//3761
f 2642//3762 2640//3762 2639//3762
f 2639//3763 2640//3763 2636//3763
f 2639//3764 2636//3764 2635//3764
f 2640//3765 2641//3765 2637//3765
f 2640//3766 2637//3766 2636//3766
f 2641//3767 2642//3767 2638//3767
f 2641//3768 2638//3768 2637//3768
f 2642//3769 2639//3769 2635//3769
f 2642//3770 2635//3770 2638//3770
f 2636//3771 2637//3771 2638//3771
f 2636//3772 2638//3772 2635//3772
usemtl Mat_NeonLaser
f 2649//3773 2650//3773 2644//3773
f 2649//3774 2644//3774 2643//3774
f 2650//3775 2651//3775 2645//3775
f 2650//3776 2645//3776 2644//3776
f 2651//3777 2652//3777 2646//3777
f 2651//3778 2646//3778 2645//3778
f 2652//3779 2653//3779 2647//3779
f 2652//3780 2647//3780 2646//3780
f 2653//3781 2654//3781 2648//3781
f 2653//3782 2648//3782 2647//3782
f 2654//3783 2649//3783 2643//3783
f 2654//3784 2643//3784 2648//3784
f 2654//3785 2653//3785 2652//3785
f 2654//3786 2652//3786 2651//3786
f 2654//3787 2651//3787 2650//3787
f 2654//3788 2650//3788 2649//3788
f 2643//3789 2644//3789 2645//3789
f 2643//3790 2645//3790 2646//3790
f 2643//3791 2646//3791 2647//3791
f 2643//3792 2647//3792 2648//3792
f 2661//3793 2662//3793 2656//3793
f 2661//3794 2656//3794 2655//3794
f 2662//3795 2663//3795 2657//3795
f 2662//3796 2657//3796 2656//3796
f 2663//3797 2664//3797 2658//3797
f 2663//3798 2658//3798 2657//3798
f 2664//3799 2665//3799 2659//3799
f 2664//3800 2659//3800 2658//3800
f 2665//3801 2666//3801 2660//3801
f 2665//3802 2660//3802 2659//3802
f 2666//3803 2661//3803 2655//3803
f 2666//3804 2655//3804 2660//3804
f 2666//3805 2665//3805 2664//3805
f 2666//3806 2664//3806 2663//3806
f 2666//3807 2663//3807 2662//3807
f 2666//3808 2662//3808 2661//3808
f 2655//3809 2656//3809 2657//3809
f 2655//3810 2657//3810 2658//3810
f 2655//3811 2658//3811 2659//3811
f 2655//3812 2659//3812 2660//3812
f 2673//3813 2674//3813 2668//3813
f 2673//3814 2668//3814 2667//3814
f 2674//3815 2675//3815 2669//3815
f 2674//3816 2669//3816 2668//3816
f 2675//3817 2676//3817 2670//3817
f 2675//3818 2670//3818 2669//3818
f 2676//3819 2677//3819 2671//3819
f 2676//3820 2671//3820 2670//3820
f 2677//3821 2678//3821 2672//3821
f 2677//3822 2672//3822 2671//3822
f 2678//3823 2673//3823 2667//3823
f 2678//3824 2667//3824 2672//3824
f 2678//3825 2677//3825 2676//3825
f 2678//3826 2676//3826 2675//3826
f 2678//3827 2675//3827 2674//3827
f 2678//3828 2674//3828 2673//3828
f 2667//3829 2668//3829 2669//3829
f 2667//3830 2669//3830 2670//3830
f 2667//3831 2670//3831 2671//3831
f 2667//3832 2671//3832 2672//3832
f 2680//3833 2681//3833 2679//3833
f 2681//3834 2682//3834 2679//3834
f 2682//3835 2683//3835 2679//3835
f 2683//3836 2684//3836 2679//3836
f 2684//3837 2680//3837 2679//3837
f 2685//3838 2681//3838 2680//3838
f 2685//3839 2682//3839 2681//3839
f 2685//3840 2683//3840 2682//3840
f 2685//3841 2684//3841 2683//3841
f 2685//3842 2680//3842 2684//3842
usemtl Mat_DarkMetal
f 2693//3843 2692//3843 2691//3843
f 2693//3844 2691//3844 2690//3844
f 2690//3845 2691//3845 2687//3845
f 2690//3846 2687//3846 2686//3846
f 2691//3847 2692//3847 2688//3847
f 2691//3848 2688//3848 2687//3848
f 2692//3849 2693//3849 2689//3849
f 2692//3850 2689//3850 2688//3850
f 2693//3851 2690//3851 2686//3851
f 2693//3852 2686//3852 2689//3852
f 2687//3853 2688//3853 2689//3853
f 2687//3854 2689//3854 2686//3854
usemtl Mat_Chrome
f 2700//3855 2701//3855 2695//3855
f 2700//3856 2695//3856 2694//3856
f 2701//3857 2702//3857 2696//3857
f 2701//3858 2696//3858 2695//3858
f 2702//3859 2703//3859 2697//3859
f 2702//3860 2697//3860 2696//3860
f 2703//3861 2704//3861 2698//3861
f 2703//3862 2698//3862 2697//3862
f 2704//3863 2705//3863 2699//3863
f 2704//3864 2699//3864 2698//3864
f 2705//3865 2700//3865 2694//3865
f 2705//3866 2694//3866 2699//3866
f 2705//3867 2704//3867 2703//3867
f 2705//3868 2703//3868 2702//3868
f 2705//3869 2702//3869 2701//3869
f 2705//3870 2701//3870 2700//3870
f 2694//3871 2695//3871 2696//3871
f 2694//3872 2696//3872 2697//3872
f 2694//3873 2697//3873 2698//3873
f 2694//3874 2698//3874 2699//3874
usemtl Mat_HeroBlue
f 2713//3875 2712//3875 2711//3875
f 2713//3876 2711//3876 2710//3876
f 2710//3877 2711//3877 2707//3877
f 2710//3878 2707//3878 2706//3878
f 2711//3879 2712//3879 2708//3879
f 2711//3880 2708//3880 2707//3880
f 2712//3881 2713//3881 2709//3881
f 2712//3882 2709//3882 2708//3882
f 2713//3883 2710//3883 2706//3883
f 2713//3884 2706//3884 2709//3884
f 2707//3885 2708//3885 2709//3885
f 2707//3886 2709//3886 2706//3886
usemtl Mat_NeonLaser
f 2720//3887 2721//3887 2715//3887
f 2720//3888 2715//3888 2714//3888
f 2721//3889 2722//3889 2716//3889
f 2721//3890 2716//3890 2715//3890
f 2722//3891 2723//3891 2717//3891
f 2722//3892 2717//3892 2716//3892
f 2723//3893 2724//3893 2718//3893
f 2723//3894 2718//3894 2717//3894
f 2724//3895 2725//3895 2719//3895
f 2724//3896 2719//3896 2718//3896
f 2725//3897 2720//3897 2714//3897
f 2725//3898 2714//3898 2719//3898
f 2725//3899 2724//3899 2723//3899
f 2725//3900 2723//3900 2722//3900
f 2725//3901 2722//3901 2721//3901
f 2725//3902 2721//3902 2720//3902
f 2714//3903 2715//3903 2716//3903
f 2714//3904 2716//3904 2717//3904
f 2714//3905 2717//3905 2718//3905
f 2714//3906 2718//3906 2719//3906
f 2732//3907 2733//3907 2727//3907
f 2732//3908 2727//3908 2726//3908
f 2733//3909 2734//3909 2728//3909
f 2733//3910 2728//3910 2727//3910
f 2734//3911 2735//3911 2729//3911
f 2734//3912 2729//3912 2728//3912
f 2735//3913 2736//3913 2730//3913
f 2735//3914 2730//3914 2729//3914
f 2736//3915 2737//3915 2731//3915
f 2736//3916 2731//3916 2730//3916
f 2737//3917 2732//3917 2726//3917
f 2737//3918 2726//3918 2731//3918
f 2737//3919 2736//3919 2735//3919
f 2737//3920 2735//3920 2734//3920
f 2737//3921 2734//3921 2733//3921
f 2737//3922 2733//3922 2732//3922
f 2726//3923 2727//3923 2728//3923
f 2726//3924 2728//3924 2729//3924
f 2726//3925 2729//3925 2730//3925
f 2726//3926 2730//3926 2731//3926
f 2744//3927 2745//3927 2739//3927
f 2744//3928 2739//3928 2738//3928
f 2745//3929 2746//3929 2740//3929
f 2745//3930 2740//3930 2739//3930
f 2746//3931 2747//3931 2741//3931
f 2746//3932 2741//3932 2740//3932
f 2747//3933 2748//3933 2742//3933
f 2747//3934 2742//3934 2741//3934
f 2748//3935 2749//3935 2743//3935
f 2748//3936 2743//3936 2742//3936
f 2749//3937 2744//3937 2738//3937
f 2749//3938 2738//3938 2743//3938
f 2749//3939 2748//3939 2747//3939
f 2749//3940 2747//3940 2746//3940
f 2749//3941 2746//3941 2745//3941
f 2749//3942 2745//3942 2744//3942
f 2738//3943 2739//3943 2740//3943
f 2738//3944 2740//3944 2741//3944
f 2738//3945 2741//3945 2742//3945
f 2738//3946 2742//3946 2743//3946
f 2751//3947 2752//3947 2750//3947
f 2752//3948 2753//3948 2750//3948
f 2753//3949 2754//3949 2750//3949
f 2754//3950 2755//3950 2750//3950
f 2755//3951 2751//3951 2750//3951
f 2756//3952 2752//3952 2751//3952
f 2756//3953 2753//3953 2752//3953
f 2756//3954 2754//3954 2753//3954
f 2756//3955 2755//3955 2754//3955
f 2756//3956 2751//3956 2755//3956
usemtl Mat_DarkMetal
f 2763//3957 2764//3957 2758//3957
f 2763//3958 2758//3958 2757//3958
f 2764//3959 2765//3959 2759//3959
f 2764//3960 2759//3960 2758//3960
f 2765//3961 2766//3961 2760//3961
f 2765//3962 2760//3962 2759//3962
f 2766//3963 2767//3963 2761//3963
f 2766//3964 2761//3964 2760//3964
f 2767//3965 2768//3965 2762//3965
f 2767//3966 2762//3966 2761//3966
f 2768//3967 2763//3967 2757//3967
f 2768//3968 2757//3968 2762//3968
f 2768//3969 2767//3969 2766//3969
f 2768//3970 2766//3970 2765//3970
f 2768//3971 2765//3971 2764//3971
f 2768//3972 2764//3972 2763//3972
f 2757//3973 2758//3973 2759//3973
f 2757//3974 2759//3974 2760//3974
f 2757//3975 2760//3975 2761//3975
f 2757//3976 2761//3976 2762//3976
f 2777//3977 2778//3977 2770//3977
f 2777//3978 2770//3978 2769//3978
f 2778//3979 2779//3979 2771//3979
f 2778//3980 2771//3980 2770//3980
f 2779//3981 2780//3981 2772//3981
f 2779//3982 2772//3982 2771//3982
f 2780//3983 2781//3983 2773//3983
f 2780//3984 2773//3984 2772//3984
f 2781//3985 2782//3985 2774//3985
f 2781//3986 2774//3986 2773//3986
f 2782//3987 2783//3987 2775//3987
f 2782//3988 2775//3988 2774//3988
f 2783//3989 2784//3989 2776//3989
f 2783//3990 2776//3990 2775//3990
f 2784//3991 2777//3991 2769//3991
f 2784//3992 2769//3992 2776//3992
f 2784//3993 2783//3993 2782//3993
f 2784//3994 2782//3994 2781//3994
f 2784//3995 2781//3995 2780//3995
f 2784//3996 2780//3996 2779//3996
f 2784//3997 2779//3997 2778//3997
f 2784//3998 2778//3998 2777//3998
f 2769//3999 2770//3999 2771//3999
f 2769//4000 2771//4000 2772//4000
f 2769//4001 2772//4001 2773//4001
f 2769//4002 2773//4002 2774//4002
f 2769//4003 2774//4003 2775//4003
f 2769//4004 2775//4004 2776//4004
usemtl Mat_FadedWood
f 2792//4005 2791//4005 2790//4005
f 2792//4006 2790//4006 2789//4006
f 2789//4007 2790//4007 2786//4007
f 2789//4008 2786//4008 2785//4008
f 2790//4009 2791//4009 2787//4009
f 2790//4010 2787//4010 2786//4010
f 2791//4011 2792//4011 2788//4011
f 2791//4012 2788//4012 2787//4012
f 2792//4013 2789//4013 2785//4013
f 2792//4014 2785//4014 2788//4014
f 2786//4015 2787//4015 2788//4015
f 2786//4016 2788//4016 2785//4016
f 2800//4017 2799//4017 2798//4017
f 2800//4018 2798//4018 2797//4018
f 2797//4019 2798//4019 2794//4019
f 2797//4020 2794//4020 2793//4020
f 2798//4021 2799//4021 2795//4021
f 2798//4022 2795//4022 2794//4022
f 2799//4023 2800//4023 2796//4023
f 2799//4024 2796//4024 2795//4024
f 2800//4025 2797//4025 2793//4025
f 2800//4026 2793//4026 2796//4026
f 2794//4027 2795//4027 2796//4027
f 2794//4028 2796//4028 2793//4028
f 2808//4029 2807//4029 2806//4029
f 2808//4030 2806//4030 2805//4030
f 2805//4031 2806//4031 2802//4031
f 2805//4032 2802//4032 2801//4032
f 2806//4033 2807//4033 2803//4033
f 2806//4034 2803//4034 2802//4034
f 2807//4035 2808//4035 2804//4035
f 2807//4036 2804//4036 2803//4036
f 2808//4037 2805//4037 2801//4037
f 2808//4038 2801//4038 2804//4038
f 2802//4039 2803//4039 2804//4039
f 2802//4040 2804//4040 2801//4040
f 2816//4041 2815//4041 2814//4041
f 2816//4042 2814//4042 2813//4042
f 2813//4043 2814//4043 2810//4043
f 2813//4044 2810//4044 2809//4044
f 2814//4045 2815//4045 2811//4045
f 2814//4046 2811//4046 2810//4046
f 2815//4047 2816//4047 2812//4047
f 2815//4048 2812//4048 2811//4048
f 2816//4049 2813//4049 2809//4049
f 2816//4050 2809//4050 2812//4050
f 2810//4051 2811//4051 2812//4051
f 2810//4052 2812//4052 2809//4052
f 2824//4053 2823//4053 2822//4053
f 2824//4054 2822//4054 2821//4054
f 2821//4055 2822//4055 2818//4055
f 2821//4056 2818//4056 2817//4056
f 2822//4057 2823//4057 2819//4057
f 2822//4058 2819//4058 2818//4058
f 2823//4059 2824//4059 2820//4059
f 2823//4060 2820//4060 2819//4060
f 2824//4061 2821//4061 2817//4061
f 2824//4062 2817//4062 2820//4062
f 2818//4063 2819//4063 2820//4063
f 2818//4064 2820//4064 2817//4064
f 2832//4065 2831//4065 2830//4065
f 2832//4066 2830//4066 2829//4066
f 2829//4067 2830//4067 2826//4067
f 2829//4068 2826//4068 2825//4068
f 2830//4069 2831//4069 2827//4069
f 2830//4070 2827//4070 2826//4070
f 2831//4071 2832//4071 2828//4071
f 2831//4072 2828//4072 2827//4072
f 2832//4073 2829//4073 2825//4073
f 2832//4074 2825//4074 2828//4074
f 2826//4075 2827//4075 2828//4075
f 2826//4076 2828//4076 2825//4076
f 2840//4077 2839//4077 2838//4077
f 2840//4078 2838//4078 2837//4078
f 2837//4079 2838//4079 2834//4079
f 2837//4080 2834//4080 2833//4080
f 2838//4081 2839//4081 2835//4081
f 2838//4082 2835//4082 2834//4082
f 2839//4083 2840//4083 2836//4083
f 2839//4084 2836//4084 2835//4084
f 2840//4085 2837//4085 2833//4085
f 2840//4086 2833//4086 2836//4086
f 2834//4087 2835//4087 2836//4087
f 2834//4088 2836//4088 2833//4088
f 2848//4089 2847//4089 2846//4089
f 2848//4090 2846//4090 2845//4090
f 2845//4091 2846//4091 2842//4091
f 2845//4092 2842//4092 2841//4092
f 2846//4093 2847//4093 2843//4093
f 2846//4094 2843//4094 2842//4094
f 2847//4095 2848//4095 2844//4095
f 2847//4096 2844//4096 2843//4096
f 2848//4097 2845//4097 2841//4097
f 2848//4098 2841//4098 2844//4098
f 2842//4099 2843//4099 2844//4099
f 2842//4100 2844//4100 2841//4100
f 2856//4101 2855//4101 2854//4101
f 2856//4102 2854//4102 2853//4102
f 2853//4103 2854//4103 2850//4103
f 2853//4104 2850//4104 2849//4104
f 2854//4105 2855//4105 2851//4105
f 2854//4106 2851//4106 2850//4106
f 2855//4107 2856//4107 2852//4107
f 2855//4108 2852//4108 2851//4108
f 2856//4109 2853//4109 2849//4109
f 2856//4110 2849//4110 2852//4110
f 2850//4111 2851//4111 2852//4111
f 2850//4112 2852//4112 2849//4112
f 2864//4113 2863//4113 2862//4113
f 2864//4114 2862//4114 2861//4114
f 2861//4115 2862//4115 2858//4115
f 2861//4116 2858//4116 2857//4116
f 2862//4117 2863//4117 2859//4117
f 2862//4118 2859//4118 2858//4118
f 2863//4119 2864//4119 2860//4119
f 2863//4120 2860//4120 2859//4120
f 2864//4121 2861//4121 2857//4121
f 2864//4122 2857//4122 2860//4122
f 2858//4123 2859//4123 2860//4123
f 2858//4124 2860//4124 2857//4124
f 2872//4125 2871//4125 2870//4125
f 2872//4126 2870//4126 2869//4126
f 2869//4127 2870//4127 2866//4127
f 2869//4128 2866//4128 2865//4128
f 2870//4129 2871//4129 2867//4129
f 2870//4130 2867//4130 2866//4130
f 2871//4131 2872//4131 2868//4131
f 2871//4132 2868//4132 2867//4132
f 2872//4133 2869//4133 2865//4133
f 2872//4134 2865//4134 2868//4134
f 2866//4135 2867//4135 2868//4135
f 2866//4136 2868//4136 2865//4136
f 2880//4137 2879//4137 2878//4137
f 2880//4138 2878//4138 2877//4138
f 2877//4139 2878//4139 2874//4139
f 2877//4140 2874//4140 2873//4140
f 2878//4141 2879//4141 2875//4141
f 2878//4142 2875//4142 2874//4142
f 2879//4143 2880//4143 2876//4143
f 2879//4144 2876//4144 2875//4144
f 2880//4145 2877//4145 2873//4145
f 2880//4146 2873//4146 2876//4146
f 2874//4147 2875//4147 2876//4147
f 2874//4148 2876//4148 2873//4148
f 2888//4149 2887//4149 2886//4149
f 2888//4150 2886//4150 2885//4150
f 2885//4151 2886//4151 2882//4151
f 2885//4152 2882//4152 2881//4152
f 2886//4153 2887//4153 2883//4153
f 2886//4154 2883//4154 2882//4154
f 2887//4155 2888//4155 2884//4155
f 2887//4156 2884//4156 2883//4156
f 2888//4157 2885//4157 2881//4157
f 2888//4158 2881//4158 2884//4158
f 2882//4159 2883//4159 2884//4159
f 2882//4160 2884//4160 2881//4160
f 2896//4161 2895//4161 2894//4161
f 2896//4162 2894//4162 2893//4162
f 2893//4163 2894//4163 2890//4163
f 2893//4164 2890//4164 2889//4164
f 2894//4165 2895//4165 2891//4165
f 2894//4166 2891//4166 2890//4166
f 2895//4167 2896//4167 2892//4167
f 2895//4168 2892//4168 2891//4168
f 2896//4169 2893//4169 2889//4169
f 2896//4170 2889//4170 2892//4170
f 2890//4171 2891//4171 2892//4171
f 2890//4172 2892//4172 2889//4172
f 2904//4173 2903//4173 2902//4173
f 2904//4174 2902//4174 2901//4174
f 2901//4175 2902//4175 2898//4175
f 2901//4176 2898//4176 2897//4176
f 2902//4177 2903//4177 2899//4177
f 2902//4178 2899//4178 2898//4178
f 2903//4179 2904//4179 2900//4179
f 2903//4180 2900//4180 2899//4180
f 2904//4181 2901//4181 2897//4181
f 2904//4182 2897//4182 2900//4182
f 2898//4183 2899//4183 2900//4183
f 2898//4184 2900//4184 2897//4184
f 2912//4185 2911//4185 2910//4185
f 2912//4186 2910//4186 2909//4186
f 2909//4187 2910//4187 2906//4187
f 2909//4188 2906//4188 2905//4188
f 2910//4189 2911//4189 2907//4189
f 2910//4190 2907//4190 2906//4190
f 2911//4191 2912//4191 2908//4191
f 2911//4192 2908//4192 2907//4192
f 2912//4193 2909//4193 2905//4193
f 2912//4194 2905//4194 2908//4194
f 2906//4195 2907//4195 2908//4195
f 2906//4196 2908//4196 2905//4196
f 2920//4197 2919//4197 2918//4197
f 2920//4198 2918//4198 2917//4198
f 2917//4199 2918//4199 2914//4199
f 2917//4200 2914//4200 2913//4200
f 2918//4201 2919//4201 2915//4201
f 2918//4202 2915//4202 2914//4202
f 2919//4203 2920//4203 2916//4203
f 2919//4204 2916//4204 2915//4204
f 2920//4205 2917//4205 2913//4205
f 2920//4206 2913//4206 2916//4206
f 2914//4207 2915//4207 2916//4207
f 2914//4208 2916//4208 2913//4208
f 2928//4209 2927//4209 2926//4209
f 2928//4210 2926//4210 2925//4210
f 2925//4211 2926//4211 2922//4211
f 2925//4212 2922//4212 2921//4212
f 2926//4213 2927//4213 2923//4213
f 2926//4214 2923//4214 2922//4214
f 2927//4215 2928//4215 2924//4215
f 2927//4216 2924//4216 2923//4216
f 2928//4217 2925//4217 2921//4217
f 2928//4218 2921//4218 2924//4218
f 2922//4219 2923//4219 2924//4219
f 2922//4220 2924//4220 2921//4220
f 2936//4221 2935//4221 2934//4221
f 2936//4222 2934//4222 2933//4222
f 2933//4223 2934//4223 2930//4223
f 2933//4224 2930//4224 2929//4224
f 2934//4225 2935//4225 2931//4225
f 2934//4226 2931//4226 2930//4226
f 2935//4227 2936//4227 2932//4227
f 2935//4228 2932//4228 2931//4228
f 2936//4229 2933//4229 2929//4229
f 2936//4230 2929//4230 2932//4230
f 2930//4231 2931//4231 2932//4231
f 2930//4232 2932//4232 2929//4232
usemtl Mat_Sand
f 2944//4233 2943//4233 2942//4233
f 2944//4234 2942//4234 2941//4234
f 2941//4235 2942//4235 2938//4235
f 2941//4236 2938//4236 2937//4236
f 2942//4237 2943//4237 2939//4237
f 2942//4238 2939//4238 2938//4238
f 2943//4239 2944//4239 2940//4239
f 2943//4240 2940//4240 2939//4240
f 2944//4241 2941//4241 2937//4241
f 2944//4242 2937//4242 2940//4242
f 2938//4243 2939//4243 2940//4243
f 2938//4244 2940//4244 2937//4244
usemtl Mat_Bone
f 2945//4245 2956//4245 2950//4245
f 2945//4246 2950//4246 2946//4246
f 2945//4247 2946//4247 2952//4247
f 2945//4248 2952//4248 2955//4248
f 2945//4249 2955//4249 2956//4249
f 2946//4250 2950//4250 2954//4250
f 2950//4251 2956//4251 2949//4251
f 2956//4252 2955//4252 2947//4252
f 2955//4253 2952//4253 2951//4253
f 2952//4254 2946//4254 2953//4254
f 2948//4255 2954//4255 2949//4255
f 2948//4256 2949//4256 2947//4256
f 2948//4257 2947//4257 2951//4257
f 2948//4258 2951//4258 2953//4258
f 2948//4259 2953//4259 2954//4259
f 2949//4260 2954//4260 2950//4260
f 2947//4261 2949//4261 2956//4261
f 2951//4262 2947//4262 2955//4262
f 2953//4263 2951//4263 2952//4263
f 2954//4264 2953//4264 2946//4264
f 2957//4265 2968//4265 2962//4265
f 2957//4266 2962//4266 2958//4266
f 2957//4267 2958//4267 2964//4267
f 2957//4268 2964//4268 2967//4268
f 2957//4269 2967//4269 2968//4269
f 2958//4270 2962//4270 2966//4270
f 2962//4271 2968//4271 2961//4271
f 2968//4272 2967//4272 2959//4272
f 2967//4273 2964//4273 2963//4273
f 2964//4274 2958//4274 2965//4274
f 2960//4275 2966//4275 2961//4275
f 2960//4276 2961//4276 2959//4276
f 2960//4277 2959//4277 2963//4277
f 2960//4278 2963//4278 2965//4278
f 2960//4279 2965//4279 2966//4279
f 2961//4280 2966//4280 2962//4280
f 2959//4281 2961//4281 2968//4281
f 2963//4282 2959//4282 2967//4282
f 2965//4283 2963//4283 2964//4283
f 2966//4284 2965//4284 2958//4284
f 2969//4285 2980//4285 2974//4285
f 2969//4286 2974//4286 2970//4286
f 2969//4287 2970//4287 2976//4287
f 2969//4288 2976//4288 2979//4288
f 2969//4289 2979//4289 2980//4289
f 2970//4290 2974//4290 2978//4290
f 2974//4291 2980//4291 2973//4291
f 2980//4292 2979//4292 2971//4292
f 2979//4293 2976//4293 2975//4293
f 2976//4294 2970//4294 2977//4294
f 2972//4295 2978//4295 2973//4295
f 2972//4296 2973//4296 2971//4296
f 2972//4297 2971//4297 2975//4297
f 2972//4298 2975//4298 2977//4298
f 2972//4299 2977//4299 2978//4299
f 2973//4300 2978//4300 2974//4300
f 2971//4301 2973//4301 2980//4301
f 2975//4302 2971//4302 2979//4302
f 2977//4303 2975//4303 2976//4303
f 2978//4304 2977//4304 2970//4304
f 2981//4305 2992//4305 2986//4305
f 2981//4306 2986//4306 2982//4306
f 2981//4307 2982//4307 2988//4307
f 2981//4308 2988//4308 2991//4308
f 2981//4309 2991//4309 2992//4309
f 2982//4310 2986//4310 2990//4310
f 2986//4311 2992//4311 2985//4311
f 2992//4312 2991//4312 2983//4312
f 2991//4313 2988//4313 2987//4313
f 2988//4314 2982//4314 2989//4314
f 2984//4315 2990//4315 2985//4315
f 2984//4316 2985//4316 2983//4316
f 2984//4317 2983//4317 2987//4317
f 2984//4318 2987//4318 2989//4318
f 2984//4319 2989//4319 2990//4319
f 2985//4320 2990//4320 2986//4320
f 2983//4321 2985//4321 2992//4321
f 2987//4322 2983//4322 2991//4322
f 2989//4323 2987//4323 2988//4323
f 2990//4324 2989//4324 2982//4324
f 2993//4325 3004//4325 2998//4325
f 2993//4326 2998//4326 2994//4326
f 2993//4327 2994//4327 3000//4327
f 2993//4328 3000//4328 3003//4328
f 2993//4329 3003//4329 3004//4329
f 2994//4330 2998//4330 3002//4330
f 2998//4331 3004//4331 2997//4331
f 3004//4332 3003//4332 2995//4332
f 3003//4333 3000//4333 2999//4333
f 3000//4334 2994//4334 3001//4334
f 2996//4335 3002//4335 2997//4335
f 2996//4336 2997//4336 2995//4336
f 2996//4337 2995//4337 2999//4337
f 2996//4338 2999//4338 3001//4338
f 2996//4339 3001//4339 3002//4339
f 2997//4340 3002//4340 2998//4340
f 2995//4341 2997//4341 3004//4341
f 2999//4342 2995//4342 3003//4342
f 3001//4343 2999//4343 3000//4343
f 3002//4344 3001//4344 2994//4344
f 3005//4345 3016//4345 3010//4345
f 3005//4346 3010//4346 3006//4346
f 3005//4347 3006//4347 3012//4347
f 3005//4348 3012//4348 3015//4348
f 3005//4349 3015//4349 3016//4349
f 3006//4350 3010//4350 3014//4350
f 3010//4351 3016//4351 3009//4351
f 3016//4352 3015//4352 3007//4352
f 3015//4353 3012//4353 3011//4353
f 3012//4354 3006//4354 3013//4354
f 3008//4355 3014//4355 3009//4355
f 3008//4356 3009//4356 3007//4356
f 3008//4357 3007//4357 3011//4357
f 3008//4358 3011//4358 3013//4358
f 3008//4359 3013//4359 3014//4359
f 3009//4360 3014//4360 3010//4360
f 3007//4361 3009//4361 3016//4361
f 3011//4362 3007//4362 3015//4362
f 3013//4363 3011//4363 3012//4363
f 3014//4364 3013//4364 3006//4364
usemtl Mat_DarkWood
f 3024//4365 3023//4365 3022//4365
f 3024//4366 3022//4366 3021//4366
f 3021//4367 3022//4367 3018//4367
f 3021//4368 3018//4368 3017//4368
f 3022//4369 3023//4369 3019//4369
f 3022//4370 3019//4370 3018//4370
f 3023//4371 3024//4371 3020//4371
f 3023//4372 3020//4372 3019//4372
f 3024//4373 3021//4373 3017//4373
f 3024//4374 3017//4374 3020//4374
f 3018//4375 3019//4375 3020//4375
f 3018//4376 3020//4376 3017//4376
f 3032//4377 3031//4377 3030//4377
f 3032//4378 3030//4378 3029//4378
f 3029//4379 3030//4379 3026//4379
f 3029//4380 3026//4380 3025//4380
f 3030//4381 3031//4381 3027//4381
f 3030//4382 3027//4382 3026//4382
f 3031//4383 3032//4383 3028//4383
f 3031//4384 3028//4384 3027//4384
f 3032//4385 3029//4385 3025//4385
f 3032//4386 3025//4386 3028//4386
f 3026//4387 3027//4387 3028//4387
f 3026//4388 3028//4388 3025//4388
f 3040//4389 3039//4389 3038//4389
f 3040//4390 3038//4390 3037//4390
f 3037//4391 3038//4391 3034//4391
f 3037//4392 3034//4392 3033//4392
f 3038//4393 3039//4393 3035//4393
f 3038//4394 3035//4394 3034//4394
f 3039//4395 3040//4395 3036//4395
f 3039//4396 3036//4396 3035//4396
f 3040//4397 3037//4397 3033//4397
f 3040//4398 3033//4398 3036//4398
f 3034//4399 3035//4399 3036//4399
f 3034//4400 3036//4400 3033//4400
usemtl Mat_DarkMetal
f 3048//4401 3047//4401 3046//4401
f 3048//4402 3046//4402 3045//4402
f 3045//4403 3046//4403 3042//4403
f 3045//4404 3042//4404 3041//4404
f 3046//4405 3047//4405 3043//4405
f 3046//4406 3043//4406 3042//4406
f 3047//4407 3048//4407 3044//4407
f 3047//4408 3044//4408 3043//4408
f 3048//4409 3045//4409 3041//4409
f 3048//4410 3041//4410 3044//4410
f 3042//4411 3043//4411 3044//4411
f 3042//4412 3044//4412 3041//4412
usemtl Mat_Chrome
f 3055//4413 3056//4413 3050//4413
f 3055//4414 3050//4414 3049//4414
f 3056//4415 3057//4415 3051//4415
f 3056//4416 3051//4416 3050//4416
f 3057//4417 3058//4417 3052//4417
f 3057//4418 3052//4418 3051//4418
f 3058//4419 3059//4419 3053//4419
f 3058//4420 3053//4420 3052//4420
f 3059//4421 3060//4421 3054//4421
f 3059//4422 3054//4422 3053//4422
f 3060//4423 3055//4423 3049//4423
f 3060//4424 3049//4424 3054//4424
f 3060//4425 3059//4425 3058//4425
f 3060//4426 3058//4426 3057//4426
f 3060//4427 3057//4427 3056//4427
f 3060//4428 3056//4428 3055//4428
f 3049//4429 3050//4429 3051//4429
f 3049//4430 3051//4430 3052//4430
f 3049//4431 3052//4431 3053//4431
f 3049//4432 3053//4432 3054//4432
usemtl Mat_HeroRed
f 3068//4433 3067//4433 3066//4433
f 3068//4434 3066//4434 3065//4434
f 3065//4435 3066//4435 3062//4435
f 3065//4436 3062//4436 3061//4436
f 3066//4437 3067//4437 3063//4437
f 3066//4438 3063//4438 3062//4438
f 3067//4439 3068//4439 3064//4439
f 3067//4440 3064//4440 3063//4440
f 3068//4441 3065//4441 3061//4441
f 3068//4442 3061//4442 3064//4442
f 3062//4443 3063//4443 3064//4443
f 3062//4444 3064//4444 3061//4444
usemtl Mat_NeonLaser
f 3075//4445 3076//4445 3070//4445
f 3075//4446 3070//4446 3069//4446
f 3076//4447 3077//4447 3071//4447
f 3076//4448 3071//4448 3070//4448
f 3077//4449 3078//4449 3072//4449
f 3077//4450 3072//4450 3071//4450
f 3078//4451 3079//4451 3073//4451
f 3078//4452 3073//4452 3072//4452
f 3079//4453 3080//4453 3074//4453
f 3079//4454 3074//4454 3073//4454
f 3080//4455 3075//4455 3069//4455
f 3080//4456 3069//4456 3074//4456
f 3080//4457 3079//4457 3078//4457
f 3080//4458 3078//4458 3077//4458
f 3080//4459 3077//4459 3076//4459
f 3080//4460 3076//4460 3075//4460
f 3069//4461 3070//4461 3071//4461
f 3069//4462 3071//4462 3072//4462
f 3069//4463 3072//4463 3073//4463
f 3069//4464 3073//4464 3074//4464
f 3087//4465 3088//4465 3082//4465
f 3087//4466 3082//4466 3081//4466
f 3088//4467 3089//4467 3083//4467
f 3088//4468 3083//4468 3082//4468
f 3089//4469 3090//4469 3084//4469
f 3089//4470 3084//4470 3083//4470
f 3090//4471 3091//4471 3085//4471
f 3090//4472 3085//4472 3084//4472
f 3091//4473 3092//4473 3086//4473
f 3091//4474 3086//4474 3085//4474
f 3092//4475 3087//4475 3081//4475
f 3092//4476 3081//4476 3086//4476
f 3092//4477 3091//4477 3090//4477
f 3092//4478 3090//4478 3089//4478
f 3092//4479 3089//4479 3088//4479
f 3092//4480 3088//4480 3087//4480
f 3081//4481 3082//4481 3083//4481
f 3081//4482 3083//4482 3084//4482
f 3081//4483 3084//4483 3085//4483
f 3081//4484 3085//4484 3086//4484
f 3099//4485 3100//4485 3094//4485
f 3099//4486 3094//4486 3093//4486
f 3100//4487 3101//4487 3095//4487
f 3100//4488 3095//4488 3094//4488
f 3101//4489 3102//4489 3096//4489
f 3101//4490 3096//4490 3095//4490
f 3102//4491 3103//4491 3097//4491
f 3102//4492 3097//4492 3096//4492
f 3103//4493 3104//4493 3098//4493
f 3103//4494 3098//4494 3097//4494
f 3104//4495 3099//4495 3093//4495
f 3104//4496 3093//4496 3098//4496
f 3104//4497 3103//4497 3102//4497
f 3104//4498 3102//4498 3101//4498
f 3104//4499 3101//4499 3100//4499
f 3104//4500 3100//4500 3099//4500
f 3093//4501 3094//4501 3095//4501
f 3093//4502 3095//4502 3096//4502
f 3093//4503 3096//4503 3097//4503
f 3093//4504 3097//4504 3098//4504
f 3106//4505 3107//4505 3105//4505
f 3107//4506 3108//4506 3105//4506
f 3108//4507 3109//4507 3105//4507
f 3109//4508 3110//4508 3105//4508
f 3110//4509 3106//4509 3105//4509
f 3111//4510 3107//4510 3106//4510
f 3111//4511 3108//4511 3107//4511
f 3111//4512 3109//4512 3108//4512
f 3111//4513 3110//4513 3109//4513
f 3111//4514 3106//4514 3110//4514
usemtl Mat_WoodMid
f 3119//4515 3118//4515 3117//4515
f 3119//4516 3117//4516 3116//4516
f 3116//4517 3117//4517 3113//4517
f 3116//4518 3113//4518 3112//4518
f 3117//4519 3118//4519 3114//4519
f 3117//4520 3114//4520 3113//4520
f 3118//4521 3119//4521 3115//4521
f 3118//4522 3115//4522 3114//4522
f 3119//4523 3116//4523 3112//4523
f 3119//4524 3112//4524 3115//4524
f 3113//4525 3114//4525 3115//4525
f 3113//4526 3115//4526 3112//4526
usemtl Mat_DarkMetal
f 3127//4527 3126//4527 3125//4527
f 3127//4528 3125//4528 3124//4528
f 3124//4529 3125//4529 3121//4529
f 3124//4530 3121//4530 3120//4530
f 3125//4531 3126//4531 3122//4531
f 3125//4532 3122//4532 3121//4532
f 3126//4533 3127//4533 3123//4533
f 3126//4534 3123//4534 3122//4534
f 3127//4535 3124//4535 3120//4535
f 3127//4536 3120//4536 3123//4536
f 3121//4537 3122//4537 3123//4537
f 3121//4538 3123//4538 3120//4538
usemtl Mat_Void
f 3128//4539 3129//4539 3130//4539
f 3128//4540 3130//4540 3131//4540
f 3132//4541 3133//4541 3134//4541
f 3132//4542 3134//4542 3135//4542
f 3136//4543 3137//4543 3138//4543
f 3136//4544 3138//4544 3139//4544
usemtl Mat_WoodMid
f 3147//4545 3146//4545 3145//4545
f 3147//4546 3145//4546 3144//4546
f 3144//4547 3145//4547 3141//4547
f 3144//4548 3141//4548 3140//4548
f 3145//4549 3146//4549 3142//4549
f 3145//4550 3142//4550 3141//4550
f 3146//4551 3147//4551 3143//4551
f 3146//4552 3143//4552 3142//4552
f 3147//4553 3144//4553 3140//4553
f 3147//4554 3140//4554 3143//4554
f 3141//4555 3142//4555 3143//4555
f 3141//4556 3143//4556 3140//4556
usemtl Mat_DarkMetal
f 3155//4557 3154//4557 3153//4557
f 3155//4558 3153//4558 3152//4558
f 3152//4559 3153//4559 3149//4559
f 3152//4560 3149//4560 3148//4560
f 3153//4561 3154//4561 3150//4561
f 3153//4562 3150//4562 3149//4562
f 3154//4563 3155//4563 3151//4563
f 3154//4564 3151//4564 3150//4564
f 3155//4565 3152//4565 3148//4565
f 3155//4566 3148//4566 3151//4566
f 3149//4567 3150//4567 3151//4567
f 3149//4568 3151//4568 3148//4568
usemtl Mat_Void
f 3156//4569 3157//4569 3158//4569
f 3156//4570 3158//4570 3159//4570
f 3160//4571 3161//4571 3162//4571
f 3160//4572 3162//4572 3163//4572
f 3164//4573 3165//4573 3166//4573
f 3164//4574 3166//4574 3167//4574
f 3168//4575 3169//4575 3170//4575
f 3168//4576 3170//4576 3171//4576
usemtl Mat_WoodMid
f 3179//4577 3178//4577 3177//4577
f 3179//4578 3177//4578 3176//4578
f 3176//4579 3177//4579 3173//4579
f 3176//4580 3173//4580 3172//4580
f 3177//4581 3178//4581 3174//4581
f 3177//4582 3174//4582 3173//4582
f 3178//4583 3179//4583 3175//4583
f 3178//4584 3175//4584 3174//4584
f 3179//4585 3176//4585 3172//4585
f 3179//4586 3172//4586 3175//4586
f 3173//4587 3174//4587 3175//4587
f 3173//4588 3175//4588 3172//4588
usemtl Mat_DarkMetal
f 3187//4589 3186//4589 3185//4589
f 3187//4590 3185//4590 3184//4590
f 3184//4591 3185//4591 3181//4591
f 3184//4592 3181//4592 3180//4592
f 3185//4593 3186//4593 3182//4593
f 3185//4594 3182//4594 3181//4594
f 3186//4595 3187//4595 3183//4595
f 3186//4596 3183//4596 3182//4596
f 3187//4597 3184//4597 3180//4597
f 3187//4598 3180//4598 3183//4598
f 3181//4599 3182//4599 3183//4599
f 3181//4600 3183//4600 3180//4600
usemtl Mat_Void
f 3188//4601 3189//4601 3190//4601
f 3188//4602 3190//4602 3191//4602
f 3192//4603 3193//4603 3194//4603
f 3192//4604 3194//4604 3195//4604
f 3196//4605 3197//4605 3198//4605
f 3196//4606 3198//4606 3199//4606
usemtl Mat_DarkMetal
f 3208//4607 3209//4607 3201//4607
f 3208//4608 3201//4608 3200//4608
f 3209//4609 3210//4609 3202//4609
f 3209//4610 3202//4610 3201//4610
f 3210//4611 3211//4611 3203//4611
f 3210//4612 3203//4612 3202//4612
f 3211//4613 3212//4613 3204//4613
f 3211//4614 3204//4614 3203//4614
f 3212//4615 3213//4615 3205//4615
f 3212//4616 3205//4616 3204//4616
f 3213//4617 3214//4617 3206//4617
f 3213//4618 3206//4618 3205//4618
f 3214//4619 3215//4619 3207//4619
f 3214//4620 3207//4620 3206//4620
f 3215//4621 3208//4621 3200//4621
f 3215//4622 3200//4622 3207//4622
f 3215//4623 3214//4623 3213//4623
f 3215//4624 3213//4624 3212//4624
f 3215//4625 3212//4625 3211//4625
f 3215//4626 3211//4626 3210//4626
f 3215//4627 3210//4627 3209//4627
f 3215//4628 3209//4628 3208//4628
f 3200//4629 3201//4629 3202//4629
f 3200//4630 3202//4630 3203//4630
f 3200//4631 3203//4631 3204//4631
f 3200//4632 3204//4632 3205//4632
f 3200//4633 3205//4633 3206//4633
f 3200//4634 3206//4634 3207//4634
usemtl Mat_NeonLaser
f 3224//4635 3225//4635 3217//4635
f 3224//4636 3217//4636 3216//4636
f 3225//4637 3226//4637 3218//4637
f 3225//4638 3218//4638 3217//4638
f 3226//4639 3227//4639 3219//4639
f 3226//4640 3219//4640 3218//4640
f 3227//4641 3228//4641 3220//4641
f 3227//4642 3220//4642 3219//4642
f 3228//4643 3229//4643 3221//4643
f 3228//4644 3221//4644 3220//4644
f 3229//4645 3230//4645 3222//4645
f 3229//4646 3222//4646 3221//4646
f 3230//4647 3231//4647 3223//4647
f 3230//4648 3223//4648 3222//4648
f 3231//4649 3224//4649 3216//4649
f 3231//4650 3216//4650 3223//4650
usemtl Mat_Chrome
f 3240//4651 3241//4651 3233//4651
f 3240//4652 3233//4652 3232//4652
f 3241//4653 3242//4653 3234//4653
f 3241//4654 3234//4654 3233//4654
f 3242//4655 3243//4655 3235//4655
f 3242//4656 3235//4656 3234//4656
f 3243//4657 3244//4657 3236//4657
f 3243//4658 3236//4658 3235//4658
f 3244//4659 3245//4659 3237//4659
f 3244//4660 3237//4660 3236//4660
f 3245//4661 3246//4661 3238//4661
f 3245//4662 3238//4662 3237//4662
f 3246//4663 3247//4663 3239//4663
f 3246//4664 3239//4664 3238//4664
f 3247//4665 3240//4665 3232//4665
f 3247//4666 3232//4666 3239//4666
f 3247//4667 3246//4667 3245//4667
f 3247//4668 3245//4668 3244//4668
f 3247//4669 3244//4669 3243//4669
f 3247//4670 3243//4670 3242//4670
f 3247//4671 3242//4671 3241//4671
f 3247//4672 3241//4672 3240//4672
f 3232//4673 3233//4673 3234//4673
f 3232//4674 3234//4674 3235//4674
f 3232//4675 3235//4675 3236//4675
f 3232//4676 3236//4676 3237//4676
f 3232//4677 3237//4677 3238//4677
f 3232//4678 3238//4678 3239//4678
usemtl Mat_DarkMetal
f 3256//4679 3257//4679 3249//4679
f 3256//4680 3249//4680 3248//4680
f 3257//4681 3258//4681 3250//4681
f 3257//4682 3250//4682 3249//4682
f 3258//4683 3259//4683 3251//4683
f 3258//4684 3251//4684 3250//4684
f 3259//4685 3260//4685 3252//4685
f 3259//4686 3252//4686 3251//4686
f 3260//4687 3261//4687 3253//4687
f 3260//4688 3253//4688 3252//4688
f 3261//4689 3262//4689 3254//4689
f 3261//4690 3254//4690 3253//4690
f 3262//4691 3263//4691 3255//4691
f 3262//4692 3255//4692 3254//4692
f 3263//4693 3256//4693 3248//4693
f 3263//4694 3248//4694 3255//4694
f 3263//4695 3262//4695 3261//4695
f 3263//4696 3261//4696 3260//4696
f 3263//4697 3260//4697 3259//4697
f 3263//4698 3259//4698 3258//4698
f 3263//4699 3258//4699 3257//4699
f 3263//4700 3257//4700 3256//4700
f 3248//4701 3249//4701 3250//4701
f 3248//4702 3250//4702 3251//4702
f 3248//4703 3251//4703 3252//4703
f 3248//4704 3252//4704 3253//4704
f 3248//4705 3253//4705 3254//4705
f 3248//4706 3254//4706 3255//4706
usemtl Mat_NeonLaser
f 3272//4707 3273//4707 3265//4707
f 3272//4708 3265//4708 3264//4708
f 3273//4709 3274//4709 3266//4709
f 3273//4710 3266//4710 3265//4710
f 3274//4711 3275//4711 3267//4711
f 3274//4712 3267//4712 3266//4712
f 3275//4713 3276//4713 3268//4713
f 3275//4714 3268//4714 3267//4714
f 3276//4715 3277//4715 3269//4715
f 3276//4716 3269//4716 3268//4716
f 3277//4717 3278//4717 3270//4717
f 3277//4718 3270//4718 3269//4718
f 3278//4719 3279//4719 3271//4719
f 3278//4720 3271//4720 3270//4720
f 3279//4721 3272//4721 3264//4721
f 3279//4722 3264//4722 3271//4722
usemtl Mat_Chrome
f 3288//4723 3289//4723 3281//4723
f 3288//4724 3281//4724 3280//4724
f 3289//4725 3290//4725 3282//4725
f 3289//4726 3282//4726 3281//4726
f 3290//4727 3291//4727 3283//4727
f 3290//4728 3283//4728 3282//4728
f 3291//4729 3292//4729 3284//4729
f 3291//4730 3284//4730 3283//4730
f 3292//4731 3293//4731 3285//4731
f 3292//4732 3285//4732 3284//4732
f 3293//4733 3294//4733 3286//4733
f 3293//4734 3286//4734 3285//4734
f 3294//4735 3295//4735 3287//4735
f 3294//4736 3287//4736 3286//4736
f 3295//4737 3288//4737 3280//4737
f 3295//4738 3280//4738 3287//4738
f 3295//4739 3294//4739 3293//4739
f 3295//4740 3293//4740 3292//4740
f 3295//4741 3292//4741 3291//4741
f 3295//4742 3291//4742 3290//4742
f 3295//4743 3290//4743 3289//4743
f 3295//4744 3289//4744 3288//4744
f 3280//4745 3281//4745 3282//4745
f 3280//4746 3282//4746 3283//4746
f 3280//4747 3283//4747 3284//4747
f 3280//4748 3284//4748 3285//4748
f 3280//4749 3285//4749 3286//4749
f 3280//4750 3286//4750 3287//4750
usemtl Mat_NeonLaser
f 128//4751 142//4751 141//4751
f 127//4752 128//4752 141//4752
f 129//4753 143//4753 142//4753
f 128//4754 129//4754 142//4754
f 130//4755 144//4755 143//4755
f 129//4756 130//4756 143//4756
f 131//4757 145//4757 144//4757
f 130//4758 131//4758 144//4758
f 132//4759 146//4759 145//4759
f 131//4760 132//4760 145//4760
f 133//4761 147//4761 146//4761
f 132//4762 133//4762 146//4762
f 134//4763 148//4763 147//4763
f 133//4764 134//4764 147//4764
f 135//4765 149//4765 148//4765
f 134//4766 135//4766 148//4766
f 136//4767 150//4767 149//4767
f 135//4768 136//4768 149//4768
f 137//4769 151//4769 150//4769
f 136//4770 137//4770 150//4770
f 138//4771 152//4771 151//4771
f 137//4772 138//4772 151//4772
f 139//4773 153//4773 152//4773
f 138//4774 139//4774 152//4774
f 140//4775 154//4775 153//4775
f 139//4776 140//4776 153//4776
f 127//4777 141//4777 154//4777
f 140//4778 127//4778 154//4778
usemtl Mat_Chrome
f 184//4779 198//4779 197//4779
f 183//4780 184//4780 197//4780
f 185//4781 199//4781 198//4781
f 184//4782 185//4782 198//4782
f 186//4783 200//4783 199//4783
f 185//4784 186//4784 199//4784
f 187//4785 201//4785 200//4785
f 186//4786 187//4786 200//4786
f 188//4787 202//4787 201//4787
f 187//4788 188//4788 201//4788
f 189//4789 203//4789 202//4789
f 188//4790 189//4790 202//4790
f 190//4791 204//4791 203//4791
f 189//4792 190//4792 203//4792
f 191//4793 205//4793 204//4793
f 190//4794 191//4794 204//4794
f 192//4795 206//4795 205//4795
f 191//4796 192//4796 205//4796
f 193//4797 207//4797 206//4797
f 192//4798 193//4798 206//4798
f 194//4799 208//4799 207//4799
f 193//4800 194//4800 207//4800
f 195//4801 209//4801 208//4801
f 194//4802 195//4802 208//4802
f 196//4803 210//4803 209//4803
f 195//4804 196//4804 209//4804
f 183//4805 197//4805 210//4805
f 196//4806 183//4806 210//4806
o Bldg_Armory_Door
v -3.15000 0.45000 2.21000
v -1.65000 0.45000 2.21000
v -1.65000 0.45000 2.35000
v -3.15000 0.45000 2.35000
v -3.15000 3.05000 2.21000
v -1.65000 3.05000 2.21000
v -1.65000 3.05000 2.35000
v -3.15000 3.05000 2.35000
v -3.05000 0.95000 2.34500
v -1.75000 0.95000 2.34500
v -1.75000 0.95000 2.39500
v -3.05000 0.95000 2.39500
v -3.05000 1.07000 2.34500
v -1.75000 1.07000 2.34500
v -1.75000 1.07000 2.39500
v -3.05000 1.07000 2.39500
v -3.05000 2.45000 2.34500
v -1.75000 2.45000 2.34500
v -1.75000 2.45000 2.39500
v -3.05000 2.45000 2.39500
v -3.05000 2.57000 2.34500
v -1.75000 2.57000 2.34500
v -1.75000 2.57000 2.39500
v -3.05000 2.57000 2.39500
v -2.06464 1.80000 2.43536
v -2.13536 1.80000 2.43536
v -2.13536 1.80000 2.36464
v -2.06464 1.80000 2.36464
v -2.12869 1.60288 2.43536
v -2.18590 1.64445 2.43536
v -2.18590 1.64445 2.36464
v -2.12869 1.60288 2.36464
v -2.29637 1.48106 2.43536
v -2.31822 1.54831 2.43536
v -2.31822 1.54831 2.36464
v -2.29637 1.48106 2.36464
v -2.50363 1.48106 2.43536
v -2.48178 1.54831 2.43536
v -2.48178 1.54831 2.36464
v -2.50363 1.48106 2.36464
v -2.67131 1.60288 2.43536
v -2.61410 1.64445 2.43536
v -2.61410 1.64445 2.36464
v -2.67131 1.60288 2.36464
v -2.73536 1.80000 2.43536
v -2.66464 1.80000 2.43536
v -2.66464 1.80000 2.36464
v -2.73536 1.80000 2.36464
v -2.67131 1.99712 2.43536
v -2.61410 1.95555 2.43536
v -2.61410 1.95555 2.36464
v -2.67131 1.99712 2.36464
v -2.50363 2.11894 2.43536
v -2.48178 2.05169 2.43536
v -2.48178 2.05169 2.36464
v -2.50363 2.11894 2.36464
v -2.29637 2.11894 2.43536
v -2.31822 2.05169 2.43536
v -2.31822 2.05169 2.36464
v -2.29637 2.11894 2.36464
v -2.12869 1.99712 2.43536
v -2.18590 1.95555 2.43536
v -2.18590 1.95555 2.36464
v -2.12869 1.99712 2.36464
v -2.33000 1.80000 2.35000
v -2.36500 1.73938 2.35000
v -2.43500 1.73938 2.35000
v -2.47000 1.80000 2.35000
v -2.43500 1.86062 2.35000
v -2.36500 1.86062 2.35000
v -2.33000 1.80000 2.45000
v -2.36500 1.73938 2.45000
v -2.43500 1.73938 2.45000
v -2.47000 1.80000 2.45000
v -2.43500 1.86062 2.45000
v -2.36500 1.86062 2.45000
v -2.70000 1.78000 2.42000
v -2.70000 1.82000 2.42000
v -2.70000 1.82000 2.38000
v -2.70000 1.78000 2.38000
v -2.10000 1.78000 2.42000
v -2.10000 1.82000 2.42000
v -2.10000 1.82000 2.38000
v -2.10000 1.78000 2.38000
v -2.53268 1.53019 2.42000
v -2.56732 1.55019 2.42000
v -2.56732 1.55019 2.38000
v -2.53268 1.53019 2.38000
v -2.23268 2.04981 2.42000
v -2.26732 2.06981 2.42000
v -2.26732 2.06981 2.38000
v -2.23268 2.04981 2.38000
v -2.26732 1.53019 2.38000
v -2.23268 1.55019 2.38000
v -2.23268 1.55019 2.42000
v -2.26732 1.53019 2.42000
v -2.56732 2.04981 2.38000
v -2.53268 2.06981 2.38000
v -2.53268 2.06981 2.42000
v -2.56732 2.04981 2.42000
v -2.95000 0.65000 2.36000
v -2.90000 0.70000 2.36000
v -2.93455 0.70000 2.40755
v -2.99045 0.70000 2.38939
v -2.99045 0.70000 2.33061
v -2.93455 0.70000 2.31245
v -2.95000 0.75000 2.36000
v -2.95000 2.75000 2.36000
v -2.90000 2.80000 2.36000
v -2.93455 2.80000 2.40755
v -2.99045 2.80000 2.38939
v -2.99045 2.80000 2.33061
v -2.93455 2.80000 2.31245
v -2.95000 2.85000 2.36000
v -1.85000 0.65000 2.36000
v -1.80000 0.70000 2.36000
v -1.83455 0.70000 2.40755
v -1.89045 0.70000 2.38939
v -1.89045 0.70000 2.33061
v -1.83455 0.70000 2.31245
v -1.85000 0.75000 2.36000
v -1.85000 2.75000 2.36000
v -1.80000 2.80000 2.36000
v -1.83455 2.80000 2.40755
v -1.89045 2.80000 2.38939
v -1.89045 2.80000 2.33061
v -1.83455 2.80000 2.31245
v -1.85000 2.85000 2.36000
v -2.17500 2.55000 2.34000
v -2.24090 2.39090 2.34000
v -2.40000 2.32500 2.34000
v -2.55910 2.39090 2.34000
v -2.62500 2.55000 2.34000
v -2.55910 2.70910 2.34000
v -2.40000 2.77500 2.34000
v -2.24090 2.70910 2.34000
v -2.17500 2.55000 2.42000
v -2.24090 2.39090 2.42000
v -2.40000 2.32500 2.42000
v -2.55910 2.39090 2.42000
v -2.62500 2.55000 2.42000
v -2.55910 2.70910 2.42000
v -2.40000 2.77500 2.42000
v -2.24090 2.70910 2.42000
v -2.22000 2.55000 2.34000
v -2.27272 2.42272 2.34000
v -2.40000 2.37000 2.34000
v -2.52728 2.42272 2.34000
v -2.58000 2.55000 2.34000
v -2.52728 2.67728 2.34000
v -2.40000 2.73000 2.34000
v -2.27272 2.67728 2.34000
v -2.22000 2.55000 2.45000
v -2.27272 2.42272 2.45000
v -2.40000 2.37000 2.45000
v -2.52728 2.42272 2.45000
v -2.58000 2.55000 2.45000
v -2.52728 2.67728 2.45000
v -2.40000 2.73000 2.45000
v -2.27272 2.67728 2.45000
vn -0.0000 1.0000 0.0000
vn 0.0000 1.0000 0.0000
vn 0.0000 0.0000 -1.0000
vn 0.0000 0.0000 -1.0000
vn 1.0000 0.0000 -0.0000
vn 1.0000 0.0000 0.0000
vn 0.0000 0.0000 1.0000
vn 0.0000 0.0000 1.0000
vn -1.0000 0.0000 -0.0000
vn -1.0000 -0.0000 0.0000
vn 0.0000 -1.0000 0.0000
vn 0.0000 -1.0000 0.0000
vn -0.0000 1.0000 0.0000
vn 0.0000 1.0000 0.0000
vn 0.0000 0.0000 -1.0000
vn 0.0000 0.0000 -1.0000
vn 1.0000 0.0000 -0.0000
vn 1.0000 0.0000 0.0000
vn 0.0000 0.0000 1.0000
vn 0.0000 0.0000 1.0000
vn -1.0000 0.0000 -0.0000
vn -1.0000 -0.0000 0.0000
vn 0.0000 -1.0000 0.0000
vn 0.0000 -1.0000 0.0000
vn -0.0000 1.0000 0.0000
vn 0.0000 1.0000 0.0000
vn 0.0000 0.0000 -1.0000
vn 0.0000 0.0000 -1.0000
vn 1.0000 0.0000 -0.0000
vn 1.0000 0.0000 0.0000
vn 0.0000 0.0000 1.0000
vn 0.0000 0.0000 1.0000
vn -1.0000 0.0000 -0.0000
vn -1.0000 -0.0000 0.0000
vn 0.0000 -1.0000 0.0000
vn 0.0000 -1.0000 0.0000
vn 0.0000 0.0000 1.0000
vn 0.0000 0.0000 1.0000
vn -0.9511 0.3090 0.0000
vn -0.9511 0.3090 0.0000
vn 0.0000 0.0000 -1.0000
vn 0.0000 -0.0000 -1.0000
vn 0.9511 -0.3090 0.0000
vn 0.9511 -0.3090 0.0000
vn 0.0000 0.0000 1.0000
vn 0.0000 0.0000 1.0000
vn -0.5878 0.8090 0.0000
vn -0.5878 0.8090 0.0000
vn 0.0000 -0.0000 -1.0000
vn 0.0000 0.0000 -1.0000
vn 0.5878 -0.8090 0.0000
vn 0.5878 -0.8090 0.0000
vn 0.0000 0.0000 1.0000
vn 0.0000 0.0000 1.0000
vn 0.0000 1.0000 0.0000
vn 0.0000 1.0000 0.0000
vn 0.0000 -0.0000 -1.0000
vn -0.0000 0.0000 -1.0000
vn 0.0000 -1.0000 0.0000
vn 0.0000 -1.0000 0.0000
vn 0.0000 -0.0000 1.0000
vn 0.0000 0.0000 1.0000
vn 0.5878 0.8090 0.0000
vn 0.5878 0.8090 0.0000
vn -0.0000 0.0000 -1.0000
vn 0.0000 0.0000 -1.0000
vn -0.5878 -0.8090 0.0000
vn -0.5878 -0.8090 0.0000
vn 0.0000 0.0000 1.0000
vn 0.0000 -0.0000 1.0000
vn 0.9511 0.3090 0.0000
vn 0.9511 0.3090 0.0000
vn -0.0000 0.0000 -1.0000
vn 0.0000 0.0000 -1.0000
vn -0.9511 -0.3090 0.0000
vn -0.9511 -0.3090 0.0000
vn 0.0000 0.0000 1.0000
vn 0.0000 0.0000 1.0000
vn 0.9511 -0.3090 0.0000
vn 0.9511 -0.3090 0.0000
vn 0.0000 0.0000 -1.0000
vn 0.0000 0.0000 -1.0000
vn -0.9511 0.3090 0.0000
vn -0.9511 0.3090 0.0000
vn -0.0000 0.0000 1.0000
vn 0.0000 0.0000 1.0000
vn 0.5878 -0.8090 0.0000
vn 0.5878 -0.8090 0.0000
vn 0.0000 0.0000 -1.0000
vn 0.0000 0.0000 -1.0000
vn -0.5878 0.8090 0.0000
vn -0.5878 0.8090 0.0000
vn 0.0000 0.0000 1.0000
vn -0.0000 0.0000 1.0000
vn 0.0000 -1.0000 0.0000
vn 0.0000 -1.0000 0.0000
vn 0.0000 0.0000 -1.0000
vn 0.0000 0.0000 -1.0000
vn 0.0000 1.0000 0.0000
vn 0.0000 1.0000 0.0000
vn 0.0000 0.0000 1.0000
vn 0.0000 0.0000 1.0000
vn -0.5878 -0.8090 -0.0000
vn -0.5878 -0.8090 0.0000
vn 0.0000 0.0000 -1.0000
vn 0.0000 0.0000 -1.0000
vn 0.5878 0.8090 -0.0000
vn 0.5878 0.8090 0.0000
vn 0.0000 0.0000 1.0000
vn 0.0000 0.0000 1.0000
vn -0.9511 -0.3090 -0.0000
vn -0.9511 -0.3090 0.0000
vn 0.0000 0.0000 -1.0000
vn 0.0000 0.0000 -1.0000
vn 0.9511 0.3090 -0.0000
vn 0.9511 0.3090 0.0000
vn 0.8660 -0.5000 0.0000
vn 0.8660 -0.5000 0.0000
vn -0.0000 -1.0000 0.0000
vn 0.0000 -1.0000 -0.0000
vn -0.8660 -0.5000 0.0000
vn -0.8660 -0.5000 -0.0000
vn -0.8660 0.5000 0.0000
vn -0.8660 0.5000 0.0000
vn -0.0000 1.0000 0.0000
vn 0.0000 1.0000 0.0000
vn 0.8660 0.5000 0.0000
vn 0.8660 0.5000 0.0000
vn 0.0000 0.0000 1.0000
vn 0.0000 0.0000 1.0000
vn 0.0000 0.0000 1.0000
vn 0.0000 0.0000 1.0000
vn 0.0000 0.0000 -1.0000
vn -0.0000 0.0000 -1.0000
vn 0.0000 0.0000 -1.0000
vn 0.0000 0.0000 -1.0000
vn 1.0000 0.0000 0.0000
vn 1.0000 0.0000 0.0000
vn 0.0000 -0.0000 1.0000
vn 0.0000 0.0000 1.0000
vn 0.0000 1.0000 0.0000
vn 0.0000 1.0000 0.0000
vn 0.0000 -0.0000 -1.0000
vn -0.0000 0.0000 -1.0000
vn 0.0000 -1.0000 0.0000
vn 0.0000 -1.0000 0.0000
vn -1.0000 0.0000 -0.0000
vn -1.0000 -0.0000 0.0000
vn 0.5000 0.8660 0.0000
vn 0.5000 0.8660 -0.0000
vn 0.0000 0.0000 1.0000
vn 0.0000 0.0000 1.0000
vn -0.8660 0.5000 0.0000
vn -0.8660 0.5000 0.0000
vn 0.0000 -0.0000 -1.0000
vn 0.0000 0.0000 -1.0000
vn 0.8660 -0.5000 0.0000
vn 0.8660 -0.5000 0.0000
vn -0.5000 -0.8660 -0.0000
vn -0.5000 -0.8660 0.0000
vn -0.5000 0.8660 0.0000
vn -0.5000 0.8660 0.0000
vn 0.0000 0.0000 -1.0000
vn 0.0000 0.0000 -1.0000
vn 0.8660 0.5000 -0.0000
vn 0.8660 0.5000 0.0000
vn 0.0000 0.0000 1.0000
vn 0.0000 0.0000 1.0000
vn -0.8660 -0.5000 -0.0000
vn -0.8660 -0.5000 0.0000
vn 0.5000 -0.8660 0.0000
vn 0.5000 -0.8660 0.0000
vn 0.6290 -0.6290 0.4570
vn -0.2402 -0.6290 0.7394
vn -0.7774 -0.6290 -0.0000
vn -0.2402 -0.6290 -0.7394
vn 0.6290 -0.6290 -0.4570
vn 0.6290 0.6290 0.4570
vn -0.2402 0.6290 0.7394
vn -0.7774 0.6290 0.0000
vn -0.2402 0.6290 -0.7394
vn 0.6290 0.6290 -0.4570
vn 0.6290 -0.6290 0.4570
vn -0.2402 -0.6290 0.7394
vn -0.7774 -0.6290 -0.0000
vn -0.2402 -0.6290 -0.7394
vn 0.6290 -0.6290 -0.4570
vn 0.6290 0.6290 0.4570
vn -0.2402 0.6290 0.7394
vn -0.7774 0.6290 0.0000
vn -0.2402 0.6290 -0.7394
vn 0.6290 0.6290 -0.4570
vn 0.6290 -0.6290 0.4570
vn -0.2402 -0.6290 0.7394
vn -0.7774 -0.6290 -0.0000
vn -0.2402 -0.6290 -0.7394
vn 0.6290 -0.6290 -0.4570
vn 0.6290 0.6290 0.4570
vn -0.2402 0.6290 0.7394
vn -0.7774 0.6290 0.0000
vn -0.2402 0.6290 -0.7394
vn 0.6290 0.6290 -0.4570
vn 0.6290 -0.6290 0.4570
vn -0.2402 -0.6290 0.7394
vn -0.7774 -0.6290 -0.0000
vn -0.2402 -0.6290 -0.7394
vn 0.6290 -0.6290 -0.4570
vn 0.6290 0.6290 0.4570
vn -0.2402 0.6290 0.7394
vn -0.7774 0.6290 0.0000
vn -0.2402 0.6290 -0.7394
vn 0.6290 0.6290 -0.4570
vn 0.9239 -0.3827 0.0000
vn 0.9239 -0.3827 0.0000
vn 0.3827 -0.9239 0.0000
vn 0.3827 -0.9239 0.0000
vn -0.3827 -0.9239 0.0000
vn -0.3827 -0.9239 -0.0000
vn -0.9239 -0.3827 0.0000
vn -0.9239 -0.3827 -0.0000
vn -0.9239 0.3827 0.0000
vn -0.9239 0.3827 0.0000
vn -0.3827 0.9239 0.0000
vn -0.3827 0.9239 0.0000
vn 0.3827 0.9239 0.0000
vn 0.3827 0.9239 0.0000
vn 0.9239 0.3827 0.0000
vn 0.9239 0.3827 0.0000
vn 0.0000 0.0000 1.0000
vn 0.0000 0.0000 1.0000
vn 0.0000 0.0000 1.0000
vn 0.0000 0.0000 1.0000
vn 0.0000 0.0000 1.0000
vn 0.0000 0.0000 1.0000
vn 0.9239 -0.3827 0.0000
vn 0.9239 -0.3827 0.0000
vn 0.3827 -0.9239 0.0000
vn 0.3827 -0.9239 0.0000
vn -0.3827 -0.9239 0.0000
vn -0.3827 -0.9239 -0.0000
vn -0.9239 -0.3827 0.0000
vn -0.9239 -0.3827 -0.0000
vn -0.9239 0.3827 0.0000
vn -0.9239 0.3827 0.0000
vn -0.3827 0.9239 0.0000
vn -0.3827 0.9239 0.0000
vn 0.3827 0.9239 0.0000
vn 0.3827 0.9239 0.0000
vn 0.9239 0.3827 0.0000
vn 0.9239 0.3827 0.0000
vn 0.0000 0.0000 1.0000
vn 0.0000 0.0000 1.0000
vn 0.0000 0.0000 1.0000
vn 0.0000 0.0000 1.0000
vn 0.0000 0.0000 1.0000
vn 0.0000 0.0000 1.0000
usemtl Mat_Metal
f 3303//4807 3302//4807 3301//4807
f 3303//4808 3301//4808 3300//4808
f 3300//4809 3301//4809 3297//4809
f 3300//4810 3297//4810 3296//4810
f 3301//4811 3302//4811 3298//4811
f 3301//4812 3298//4812 3297//4812
f 3302//4813 3303//4813 3299//4813
f 3302//4814 3299//4814 3298//4814
f 3303//4815 3300//4815 3296//4815
f 3303//4816 3296//4816 3299//4816
f 3297//4817 3298//4817 3299//4817
f 3297//4818 3299//4818 3296//4818
usemtl Mat_DarkMetal
f 3311//4819 3310//4819 3309//4819
f 3311//4820 3309//4820 3308//4820
f 3308//4821 3309//4821 3305//4821
f 3308//4822 3305//4822 3304//4822
f 3309//4823 3310//4823 3306//4823
f 3309//4824 3306//4824 3305//4824
f 3310//4825 3311//4825 3307//4825
f 3310//4826 3307//4826 3306//4826
f 3311//4827 3308//4827 3304//4827
f 3311//4828 3304//4828 3307//4828
f 3305//4829 3306//4829 3307//4829
f 3305//4830 3307//4830 3304//4830
f 3319//4831 3318//4831 3317//4831
f 3319//4832 3317//4832 3316//4832
f 3316//4833 3317//4833 3313//4833
f 3316//4834 3313//4834 3312//4834
f 3317//4835 3318//4835 3314//4835
f 3317//4836 3314//4836 3313//4836
f 3318//4837 3319//4837 3315//4837
f 3318//4838 3315//4838 3314//4838
f 3319//4839 3316//4839 3312//4839
f 3319//4840 3312//4840 3315//4840
f 3313//4841 3314//4841 3315//4841
f 3313//4842 3315//4842 3312//4842
usemtl Mat_Brass
f 3320//4843 3321//4843 3325//4843
f 3320//4844 3325//4844 3324//4844
f 3321//4845 3322//4845 3326//4845
f 3321//4846 3326//4846 3325//4846
f 3322//4847 3323//4847 3327//4847
f 3322//4848 3327//4848 3326//4848
f 3323//4849 3320//4849 3324//4849
f 3323//4850 3324//4850 3327//4850
f 3324//4851 3325//4851 3329//4851
f 3324//4852 3329//4852 3328//4852
f 3325//4853 3326//4853 3330//4853
f 3325//4854 3330//4854 3329//4854
f 3326//4855 3327//4855 3331//4855
f 3326//4856 3331//4856 3330//4856
f 3327//4857 3324//4857 3328//4857
f 3327//4858 3328//4858 3331//4858
f 3328//4859 3329//4859 3333//4859
f 3328//4860 3333//4860 3332//4860
f 3329//4861 3330//4861 3334//4861
f 3329//4862 3334//4862 3333//4862
f 3330//4863 3331//4863 3335//4863
f 3330//4864 3335//4864 3334//4864
f 3331//4865 3328//4865 3332//4865
f 3331//4866 3332//4866 3335//4866
f 3332//4867 3333//4867 3337//4867
f 3332//4868 3337//4868 3336//4868
f 3333//4869 3334//4869 3338//4869
f 3333//4870 3338//4870 3337//4870
f 3334//4871 3335//4871 3339//4871
f 3334//4872 3339//4872 3338//4872
f 3335//4873 3332//4873 3336//4873
f 3335//4874 3336//4874 3339//4874
f 3336//4875 3337//4875 3341//4875
f 3336//4876 3341//4876 3340//4876
f 3337//4877 3338//4877 3342//4877
f 3337//4878 3342//4878 3341//4878
f 3338//4879 3339//4879 3343//4879
f 3338//4880 3343//4880 3342//4880
f 3339//4881 3336//4881 3340//4881
f 3339//4882 3340//4882 3343//4882
f 3340//4883 3341//4883 3345//4883
f 3340//4884 3345//4884 3344//4884
f 3341//4885 3342//4885 3346//4885
f 3341//4886 3346//4886 3345//4886
f 3342//4887 3343//4887 3347//4887
f 3342//4888 3347//4888 3346//4888
f 3343//4889 3340//4889 3344//4889
f 3343//4890 3344//4890 3347//4890
f 3344//4891 3345//4891 3349//4891
f 3344//4892 3349//4892 3348//4892
f 3345//4893 3346//4893 3350//4893
f 3345//4894 3350//4894 3349//4894
f 3346//4895 3347//4895 3351//4895
f 3346//4896 3351//4896 3350//4896
f 3347//4897 3344//4897 3348//4897
f 3347//4898 3348//4898 3351//4898
f 3348//4899 3349//4899 3353//4899
f 3348//4900 3353//4900 3352//4900
f 3349//4901 3350//4901 3354//4901
f 3349//4902 3354//4902 3353//4902
f 3350//4903 3351//4903 3355//4903
f 3350//4904 3355//4904 3354//4904
f 3351//4905 3348//4905 3352//4905
f 3351//4906 3352//4906 3355//4906
f 3352//4907 3353//4907 3357//4907
f 3352//4908 3357//4908 3356//4908
f 3353//4909 3354//4909 3358//4909
f 3353//4910 3358//4910 3357//4910
f 3354//4911 3355//4911 3359//4911
f 3354//4912 3359//4912 3358//4912
f 3355//4913 3352//4913 3356//4913
f 3355//4914 3356//4914 3359//4914
f 3356//4915 3357//4915 3321//4915
f 3356//4916 3321//4916 3320//4916
f 3357//4917 3358//4917 3322//4917
f 3357//4918 3322//4918 3321//4918
f 3358//4919 3359//4919 3323//4919
f 3358//4920 3323//4920 3322//4920
f 3359//4921 3356//4921 3320//4921
f 3359//4922 3320//4922 3323//4922
f 3366//4923 3367//4923 3361//4923
f 3366//4924 3361//4924 3360//4924
f 3367//4925 3368//4925 3362//4925
f 3367//4926 3362//4926 3361//4926
f 3368//4927 3369//4927 3363//4927
f 3368//4928 3363//4928 3362//4928
f 3369//4929 3370//4929 3364//4929
f 3369//4930 3364//4930 3363//4930
f 3370//4931 3371//4931 3365//4931
f 3370//4932 3365//4932 3364//4932
f 3371//4933 3366//4933 3360//4933
f 3371//4934 3360//4934 3365//4934
f 3371//4935 3370//4935 3369//4935
f 3371//4936 3369//4936 3368//4936
f 3371//4937 3368//4937 3367//4937
f 3371//4938 3367//4938 3366//4938
f 3360//4939 3361//4939 3362//4939
f 3360//4940 3362//4940 3363//4940
f 3360//4941 3363//4941 3364//4941
f 3360//4942 3364//4942 3365//4942
f 3379//4943 3378//4943 3377//4943
f 3379//4944 3377//4944 3376//4944
f 3376//4945 3377//4945 3373//4945
f 3376//4946 3373//4946 3372//4946
f 3377//4947 3378//4947 3374//4947
f 3377//4948 3374//4948 3373//4948
f 3378//4949 3379//4949 3375//4949
f 3378//4950 3375//4950 3374//4950
f 3379//4951 3376//4951 3372//4951
f 3379//4952 3372//4952 3375//4952
f 3373//4953 3374//4953 3375//4953
f 3373//4954 3375//4954 3372//4954
f 3387//4955 3386//4955 3385//4955
f 3387//4956 3385//4956 3384//4956
f 3384//4957 3385//4957 3381//4957
f 3384//4958 3381//4958 3380//4958
f 3385//4959 3386//4959 3382//4959
f 3385//4960 3382//4960 3381//4960
f 3386//4961 3387//4961 3383//4961
f 3386//4962 3383//4962 3382//4962
f 3387//4963 3384//4963 3380//4963
f 3387//4964 3380//4964 3383//4964
f 3381//4965 3382//4965 3383//4965
f 3381//4966 3383//4966 3380//4966
f 3395//4967 3394//4967 3393//4967
f 3395//4968 3393//4968 3392//4968
f 3392//4969 3393//4969 3389//4969
f 3392//4970 3389//4970 3388//4970
f 3393//4971 3394//4971 3390//4971
f 3393//4972 3390//4972 3389//4972
f 3394//4973 3395//4973 3391//4973
f 3394//4974 3391//4974 3390//4974
f 3395//4975 3392//4975 3388//4975
f 3395//4976 3388//4976 3391//4976
f 3389//4977 3390//4977 3391//4977
f 3389//4978 3391//4978 3388//4978
f 3397//4979 3398//4979 3396//4979
f 3398//4980 3399//4980 3396//4980
f 3399//4981 3400//4981 3396//4981
f 3400//4982 3401//4982 3396//4982
f 3401//4983 3397//4983 3396//4983
f 3402//4984 3398//4984 3397//4984
f 3402//4985 3399//4985 3398//4985
f 3402//4986 3400//4986 3399//4986
f 3402//4987 3401//4987 3400//4987
f 3402//4988 3397//4988 3401//4988
f 3404//4989 3405//4989 3403//4989
f 3405//4990 3406//4990 3403//4990
f 3406//4991 3407//4991 3403//4991
f 3407//4992 3408//4992 3403//4992
f 3408//4993 3404//4993 3403//4993
f 3409//4994 3405//4994 3404//4994
f 3409//4995 3406//4995 3405//4995
f 3409//4996 3407//4996 3406//4996
f 3409//4997 3408//4997 3407//4997
f 3409//4998 3404//4998 3408//4998
f 3411//4999 3412//4999 3410//4999
f 3412//5000 3413//5000 3410//5000
f 3413//5001 3414//5001 3410//5001
f 3414//5002 3415//5002 3410//5002
f 3415//5003 3411//5003 3410//5003
f 3416//5004 3412//5004 3411//5004
f 3416//5005 3413//5005 3412//5005
f 3416//5006 3414//5006 3413//5006
f 3416//5007 3415//5007 3414//5007
f 3416//5008 3411//5008 3415//5008
f 3418//5009 3419//5009 3417//5009
f 3419//5010 3420//5010 3417//5010
f 3420//5011 3421//5011 3417//5011
f 3421//5012 3422//5012 3417//5012
f 3422//5013 3418//5013 3417//5013
f 3423//5014 3419//5014 3418//5014
f 3423//5015 3420//5015 3419//5015
f 3423//5016 3421//5016 3420//5016
f 3423//5017 3422//5017 3421//5017
f 3423//5018 3418//5018 3422//5018
f 3432//5019 3433//5019 3425//5019
f 3432//5020 3425//5020 3424//5020
f 3433//5021 3434//5021 3426//5021
f 3433//5022 3426//5022 3425//5022
f 3434//5023 3435//5023 3427//5023
f 3434//5024 3427//5024 3426//5024
f 3435//5025 3436//5025 3428//5025
f 3435//5026 3428//5026 3427//5026
f 3436//5027 3437//5027 3429//5027
f 3436//5028 3429//5028 3428//5028
f 3437//5029 3438//5029 3430//5029
f 3437//5030 3430//5030 3429//5030
f 3438//5031 3439//5031 3431//5031
f 3438//5032 3431//5032 3430//5032
f 3439//5033 3432//5033 3424//5033
f 3439//5034 3424//5034 3431//5034
f 3439//5035 3438//5035 3437//5035
f 3439//5036 3437//5036 3436//5036
f 3439//5037 3436//5037 3435//5037
f 3439//5038 3435//5038 3434//5038
f 3439//5039 3434//5039 3433//5039
f 3439//5040 3433//5040 3432//5040
usemtl Mat_NeonLaser
f 3448//5041 3449//5041 3441//5041
f 3448//5042 3441//5042 3440//5042
f 3449//5043 3450//5043 3442//5043
f 3449//5044 3442//5044 3441//5044
f 3450//5045 3451//5045 3443//5045
f 3450//5046 3443//5046 3442//5046
f 3451//5047 3452//5047 3444//5047
f 3451//5048 3444//5048 3443//5048
f 3452//5049 3453//5049 3445//5049
f 3452//5050 3445//5050 3444//5050
f 3453//5051 3454//5051 3446//5051
f 3453//5052 3446//5052 3445//5052
f 3454//5053 3455//5053 3447//5053
f 3454//5054 3447//5054 3446//5054
f 3455//5055 3448//5055 3440//5055
f 3455//5056 3440//5056 3447//5056
f 3455//5057 3454//5057 3453//5057
f 3455//5058 3453//5058 3452//5058
f 3455//5059 3452//5059 3451//5059
f 3455//5060 3451//5060 3450//5060
f 3455//5061 3450//5061 3449//5061
f 3455//5062 3449//5062 3448//5062
o Bldg_Armory_Sign
v -0.01894 6.88493 0.96000
v 0.91870 7.67170 0.96000
v 0.91870 7.67170 1.32000
v -0.01894 6.88493 1.32000
v -0.34290 7.27102 0.96000
v 0.59474 8.05779 0.96000
v 0.59474 8.05779 1.32000
v -0.34290 7.27102 1.32000
v 0.62057 7.91499 1.14000
v 0.66107 7.86673 1.03088
v 0.74206 7.77021 1.03088
v 0.78256 7.72195 1.14000
v 0.74206 7.77021 1.24912
v 0.66107 7.86673 1.24912
v 1.58579 8.72490 1.14000
v 1.62629 8.67664 1.03088
v 1.70728 8.58012 1.03088
v 1.74777 8.53186 1.14000
v 1.70728 8.58012 1.24912
v 1.62629 8.67664 1.24912
v 0.47378 6.41929 0.99600
v 0.80005 6.57143 0.99600
v 0.80005 6.57143 1.28400
v 0.47378 6.41929 1.28400
v 0.13907 7.13709 0.99600
v 0.46534 7.28923 0.99600
v 0.46534 7.28923 1.28400
v 0.13907 7.13709 1.28400
v 0.76734 8.13213 1.14000
v 0.83097 8.05629 0.96853
v 0.95824 7.90461 0.96853
v 1.02188 7.82877 1.14000
v 0.95824 7.90461 1.31147
v 0.83097 8.05629 1.31147
v 0.85007 8.20155 1.14000
v 0.91371 8.12571 0.96853
v 1.04098 7.97403 0.96853
v 1.10461 7.89819 1.14000
v 1.04098 7.97403 1.31147
v 0.91371 8.12571 1.31147
v 0.98796 8.31725 1.14000
v 1.05159 8.24141 0.96853
v 1.17887 8.08973 0.96853
v 1.24250 8.01390 1.14000
v 1.17887 8.08973 1.31147
v 1.05159 8.24141 1.31147
v 1.07069 8.38667 1.14000
v 1.13433 8.31083 0.96853
v 1.26160 8.15915 0.96853
v 1.32523 8.08332 1.14000
v 1.26160 8.15915 1.31147
v 1.13433 8.31083 1.31147
v 1.20858 8.50237 1.14000
v 1.27221 8.42653 0.96853
v 1.39949 8.27486 0.96853
v 1.46312 8.19902 1.14000
v 1.39949 8.27486 1.31147
v 1.27221 8.42653 1.31147
v 1.29131 8.57179 1.14000
v 1.35495 8.49595 0.96853
v 1.48222 8.34428 0.96853
v 1.54585 8.26844 1.14000
v 1.48222 8.34428 1.31147
v 1.35495 8.49595 1.31147
v 1.83764 8.53677 1.14000
v 1.85982 8.79036 1.14000
v 1.76455 8.71041 1.31119
v 1.61038 8.58106 1.24580
v 1.61038 8.58106 1.03420
v 1.76455 8.71041 0.96881
v 1.60623 8.81255 1.14000
v 1.81894 6.88493 0.68000
v 0.88130 7.67170 0.68000
v 0.88130 7.67170 1.04000
v 1.81894 6.88493 1.04000
v 2.14290 7.27102 0.68000
v 1.20526 8.05779 0.68000
v 1.20526 8.05779 1.04000
v 2.14290 7.27102 1.04000
v 1.17943 7.91499 0.86000
v 1.13893 7.86673 0.75088
v 1.05794 7.77021 0.75088
v 1.01744 7.72195 0.86000
v 1.05794 7.77021 0.96912
v 1.13893 7.86673 0.96912
v 0.21421 8.72490 0.86000
v 0.17371 8.67664 0.75088
v 0.09272 8.58012 0.75088
v 0.05223 8.53186 0.86000
v 0.09272 8.58012 0.96912
v 0.17371 8.67664 0.96912
v 1.32622 6.41929 0.71600
v 0.99995 6.57143 0.71600
v 0.99995 6.57143 1.00400
v 1.32622 6.41929 1.00400
v 1.66093 7.13709 0.71600
v 1.33466 7.28923 0.71600
v 1.33466 7.28923 1.00400
v 1.66093 7.13709 1.00400
v 1.03266 8.13213 0.86000
v 0.96903 8.05629 0.68853
v 0.84176 7.90461 0.68853
v 0.77812 7.82877 0.86000
v 0.84176 7.90461 1.03147
v 0.96903 8.05629 1.03147
v 0.94993 8.20155 0.86000
v 0.88629 8.12571 0.68853
v 0.75902 7.97403 0.68853
v 0.69539 7.89819 0.86000
v 0.75902 7.97403 1.03147
v 0.88629 8.12571 1.03147
v 0.81204 8.31725 0.86000
v 0.74841 8.24141 0.68853
v 0.62113 8.08973 0.68853
v 0.55750 8.01390 0.86000
v 0.62113 8.08973 1.03147
v 0.74841 8.24141 1.03147
v 0.72931 8.38667 0.86000
v 0.66567 8.31083 0.68853
v 0.53840 8.15915 0.68853
v 0.47477 8.08332 0.86000
v 0.53840 8.15915 1.03147
v 0.66567 8.31083 1.03147
v 0.59142 8.50237 0.86000
v 0.52779 8.42653 0.68853
v 0.40051 8.27486 0.68853
v 0.33688 8.19902 0.86000
v 0.40051 8.27486 1.03147
v 0.52779 8.42653 1.03147
v 0.50869 8.57179 0.86000
v 0.44505 8.49595 0.68853
v 0.31778 8.34428 0.68853
v 0.25415 8.26844 0.86000
v 0.31778 8.34428 1.03147
v 0.44505 8.49595 1.03147
v -0.03764 8.53677 0.86000
v -0.05982 8.79036 0.86000
v 0.03545 8.71041 1.03119
v 0.18962 8.58106 0.96580
v 0.18962 8.58106 0.75420
v 0.03545 8.71041 0.68881
v 0.19377 8.81255 0.86000
v 1.65000 7.95000 0.94000
v 1.54952 7.57500 0.94000
v 1.27500 7.30048 0.94000
v 0.90000 7.20000 0.94000
v 0.52500 7.30048 0.94000
v 0.25048 7.57500 0.94000
v 0.15000 7.95000 0.94000
v 0.25048 8.32500 0.94000
v 0.52500 8.59952 0.94000
v 0.90000 8.70000 0.94000
v 1.27500 8.59952 0.94000
v 1.54952 8.32500 0.94000
v 1.65000 7.95000 1.06000
v 1.54952 7.57500 1.06000
v 1.27500 7.30048 1.06000
v 0.90000 7.20000 1.06000
v 0.52500 7.30048 1.06000
v 0.25048 7.57500 1.06000
v 0.15000 7.95000 1.06000
v 0.25048 8.32500 1.06000
v 0.52500 8.59952 1.06000
v 0.90000 8.70000 1.06000
v 1.27500 8.59952 1.06000
v 1.54952 8.32500 1.06000
v 1.69243 7.95000 1.10243
v 1.60757 7.95000 1.10243
v 1.60757 7.95000 1.01757
v 1.69243 7.95000 1.01757
v 1.58626 7.55379 1.10243
v 1.51278 7.59621 1.10243
v 1.51278 7.59621 1.01757
v 1.58626 7.55379 1.01757
v 1.29621 7.26374 1.10243
v 1.25379 7.33722 1.10243
v 1.25379 7.33722 1.01757
v 1.29621 7.26374 1.01757
v 0.90000 7.15757 1.10243
v 0.90000 7.24243 1.10243
v 0.90000 7.24243 1.01757
v 0.90000 7.15757 1.01757
v 0.50379 7.26374 1.10243
v 0.54621 7.33722 1.10243
v 0.54621 7.33722 1.01757
v 0.50379 7.26374 1.01757
v 0.21374 7.55379 1.10243
v 0.28722 7.59621 1.10243
v 0.28722 7.59621 1.01757
v 0.21374 7.55379 1.01757
v 0.10757 7.95000 1.10243
v 0.19243 7.95000 1.10243
v 0.19243 7.95000 1.01757
v 0.10757 7.95000 1.01757
v 0.21374 8.34621 1.10243
v 0.28722 8.30379 1.10243
v 0.28722 8.30379 1.01757
v 0.21374 8.34621 1.01757
v 0.50379 8.63626 1.10243
v 0.54621 8.56278 1.10243
v 0.54621 8.56278 1.01757
v 0.50379 8.63626 1.01757
v 0.90000 8.74243 1.10243
v 0.90000 8.65757 1.10243
v 0.90000 8.65757 1.01757
v 0.90000 8.74243 1.01757
v 1.29621 8.63626 1.10243
v 1.25379 8.56278 1.10243
v 1.25379 8.56278 1.01757
v 1.29621 8.63626 1.01757
v 1.58626 8.34621 1.10243
v 1.51278 8.30379 1.10243
v 1.51278 8.30379 1.01757
v 1.58626 8.34621 1.01757
v 0.90000 8.37000 1.17000
v 0.79420 8.09562 1.17000
v 0.50056 8.07979 1.17000
v 0.72881 7.89438 1.17000
v 0.65313 7.61021 1.17000
v 0.90000 7.77000 1.17000
v 1.14687 7.61021 1.17000
v 1.07119 7.89438 1.17000
v 1.29944 8.07979 1.17000
v 1.00580 8.09562 1.17000
v 0.90000 8.37000 1.07000
v 0.79420 8.09562 1.07000
v 0.50056 8.07979 1.07000
v 0.72881 7.89438 1.07000
v 0.65313 7.61021 1.07000
v 0.90000 7.77000 1.07000
v 1.14687 7.61021 1.07000
v 1.07119 7.89438 1.07000
v 1.29944 8.07979 1.07000
v 1.00580 8.09562 1.07000
v 0.90000 8.37000 0.81000
v 0.79420 8.09562 0.81000
v 0.50056 8.07979 0.81000
v 0.72881 7.89438 0.81000
v 0.65313 7.61021 0.81000
v 0.90000 7.77000 0.81000
v 1.14687 7.61021 0.81000
v 1.07119 7.89438 0.81000
v 1.29944 8.07979 0.81000
v 1.00580 8.09562 0.81000
v 0.90000 8.37000 0.71000
v 0.79420 8.09562 0.71000
v 0.50056 8.07979 0.71000
v 0.72881 7.89438 0.71000
v 0.65313 7.61021 0.71000
v 0.90000 7.77000 0.71000
v 1.14687 7.61021 0.71000
v 1.07119 7.89438 0.71000
v 1.29944 8.07979 0.71000
v 1.00580 8.09562 0.71000
vn -0.6428 0.7660 0.0000
vn -0.6428 0.7660 0.0000
vn 0.0000 0.0000 -1.0000
vn 0.0000 0.0000 -1.0000
vn 0.7660 0.6428 -0.0000
vn 0.7660 0.6428 0.0000
vn 0.0000 0.0000 1.0000
vn 0.0000 0.0000 1.0000
vn -0.7660 -0.6428 -0.0000
vn -0.7660 -0.6428 0.0000
vn 0.6428 -0.7660 0.0000
vn 0.6428 -0.7660 0.0000
vn -0.5567 0.6634 -0.5000
vn -0.5567 0.6634 -0.5000
vn 0.0000 -0.0000 -1.0000
vn 0.0000 0.0000 -1.0000
vn 0.5567 -0.6634 -0.5000
vn 0.5567 -0.6634 -0.5000
vn 0.5567 -0.6634 0.5000
vn 0.5567 -0.6634 0.5000
vn 0.0000 0.0000 1.0000
vn 0.0000 0.0000 1.0000
vn -0.5567 0.6634 0.5000
vn -0.5567 0.6634 0.5000
vn 0.7660 0.6428 0.0000
vn 0.7660 0.6428 -0.0000
vn 0.7660 0.6428 0.0000
vn 0.7660 0.6428 0.0000
vn -0.7660 -0.6428 -0.0000
vn -0.7660 -0.6428 0.0000
vn -0.7660 -0.6428 0.0000
vn -0.7660 -0.6428 0.0000
vn -0.4226 0.9063 0.0000
vn -0.4226 0.9063 0.0000
vn 0.0000 0.0000 -1.0000
vn 0.0000 0.0000 -1.0000
vn 0.9063 0.4226 -0.0000
vn 0.9063 0.4226 0.0000
vn 0.0000 0.0000 1.0000
vn 0.0000 0.0000 1.0000
vn -0.9063 -0.4226 -0.0000
vn -0.9063 -0.4226 0.0000
vn 0.4226 -0.9063 0.0000
vn 0.4226 -0.9063 0.0000
vn -0.5567 0.6634 -0.5000
vn -0.5567 0.6634 -0.5000
vn 0.0000 0.0000 -1.0000
vn 0.0000 -0.0000 -1.0000
vn 0.5567 -0.6634 -0.5000
vn 0.5567 -0.6634 -0.5000
vn 0.5567 -0.6634 0.5000
vn 0.5567 -0.6634 0.5000
vn 0.0000 0.0000 1.0000
vn 0.0000 0.0000 1.0000
vn -0.5567 0.6634 0.5000
vn -0.5567 0.6634 0.5000
vn 0.7660 0.6428 0.0000
vn 0.7660 0.6428 0.0000
vn 0.7660 0.6428 0.0000
vn 0.7660 0.6428 0.0000
vn -0.7660 -0.6428 0.0000
vn -0.7660 -0.6428 0.0000
vn -0.7660 -0.6428 -0.0000
vn -0.7660 -0.6428 -0.0000
vn -0.5567 0.6634 -0.5000
vn -0.5567 0.6634 -0.5000
vn 0.0000 0.0000 -1.0000
vn 0.0000 -0.0000 -1.0000
vn 0.5567 -0.6634 -0.5000
vn 0.5567 -0.6634 -0.5000
vn 0.5567 -0.6634 0.5000
vn 0.5567 -0.6634 0.5000
vn 0.0000 0.0000 1.0000
vn 0.0000 0.0000 1.0000
vn -0.5567 0.6634 0.5000
vn -0.5567 0.6634 0.5000
vn 0.7660 0.6428 0.0000
vn 0.7660 0.6428 0.0000
vn 0.7660 0.6428 0.0000
vn 0.7660 0.6428 0.0000
vn -0.7660 -0.6428 -0.0000
vn -0.7660 -0.6428 0.0000
vn -0.7660 -0.6428 -0.0000
vn -0.7660 -0.6428 0.0000
vn -0.5567 0.6634 -0.5000
vn -0.5567 0.6634 -0.5000
vn 0.0000 0.0000 -1.0000
vn 0.0000 -0.0000 -1.0000
vn 0.5567 -0.6634 -0.5000
vn 0.5567 -0.6634 -0.5000
vn 0.5567 -0.6634 0.5000
vn 0.5567 -0.6634 0.5000
vn 0.0000 0.0000 1.0000
vn 0.0000 0.0000 1.0000
vn -0.5567 0.6634 0.5000
vn -0.5567 0.6634 0.5000
vn 0.7660 0.6428 -0.0000
vn 0.7660 0.6428 0.0000
vn 0.7660 0.6428 0.0000
vn 0.7660 0.6428 0.0000
vn -0.7660 -0.6428 0.0000
vn -0.7660 -0.6428 -0.0000
vn -0.7660 -0.6428 0.0000
vn -0.7660 -0.6428 -0.0000
vn 0.8861 -0.0775 0.4570
vn 0.2203 -0.6362 0.7394
vn -0.1913 -0.9815 -0.0000
vn 0.2203 -0.6362 -0.7394
vn 0.8861 -0.0775 -0.4570
vn 0.0775 0.8861 0.4570
vn -0.5883 0.3274 0.7394
vn -0.9998 -0.0179 0.0000
vn -0.5883 0.3274 -0.7394
vn 0.0775 0.8861 -0.4570
vn 0.6428 0.7660 -0.0000
vn 0.6428 0.7660 -0.0000
vn 0.0000 0.0000 -1.0000
vn 0.0000 0.0000 -1.0000
vn -0.7660 0.6428 0.0000
vn -0.7660 0.6428 0.0000
vn 0.0000 -0.0000 1.0000
vn -0.0000 0.0000 1.0000
vn 0.7660 -0.6428 0.0000
vn 0.7660 -0.6428 0.0000
vn -0.6428 -0.7660 0.0000
vn -0.6428 -0.7660 0.0000
vn 0.5567 0.6634 -0.5000
vn 0.5567 0.6634 -0.5000
vn 0.0000 0.0000 -1.0000
vn -0.0000 0.0000 -1.0000
vn -0.5567 -0.6634 -0.5000
vn -0.5567 -0.6634 -0.5000
vn -0.5567 -0.6634 0.5000
vn -0.5567 -0.6634 0.5000
vn 0.0000 0.0000 1.0000
vn 0.0000 -0.0000 1.0000
vn 0.5567 0.6634 0.5000
vn 0.5567 0.6634 0.5000
vn -0.7660 0.6428 0.0000
vn -0.7660 0.6428 -0.0000
vn -0.7660 0.6428 0.0000
vn -0.7660 0.6428 0.0000
vn 0.7660 -0.6428 -0.0000
vn 0.7660 -0.6428 0.0000
vn 0.7660 -0.6428 0.0000
vn 0.7660 -0.6428 0.0000
vn 0.4226 0.9063 -0.0000
vn 0.4226 0.9063 -0.0000
vn 0.0000 0.0000 -1.0000
vn 0.0000 0.0000 -1.0000
vn -0.9063 0.4226 0.0000
vn -0.9063 0.4226 0.0000
vn 0.0000 0.0000 1.0000
vn -0.0000 0.0000 1.0000
vn 0.9063 -0.4226 0.0000
vn 0.9063 -0.4226 0.0000
vn -0.4226 -0.9063 0.0000
vn -0.4226 -0.9063 0.0000
vn 0.5567 0.6634 -0.5000
vn 0.5567 0.6634 -0.5000
vn 0.0000 0.0000 -1.0000
vn -0.0000 0.0000 -1.0000
vn -0.5567 -0.6634 -0.5000
vn -0.5567 -0.6634 -0.5000
vn -0.5567 -0.6634 0.5000
vn -0.5567 -0.6634 0.5000
vn 0.0000 0.0000 1.0000
vn 0.0000 -0.0000 1.0000
vn 0.5567 0.6634 0.5000
vn 0.5567 0.6634 0.5000
vn -0.7660 0.6428 0.0000
vn -0.7660 0.6428 0.0000
vn -0.7660 0.6428 0.0000
vn -0.7660 0.6428 0.0000
vn 0.7660 -0.6428 -0.0000
vn 0.7660 -0.6428 0.0000
vn 0.7660 -0.6428 -0.0000
vn 0.7660 -0.6428 0.0000
vn 0.5567 0.6634 -0.5000
vn 0.5567 0.6634 -0.5000
vn 0.0000 0.0000 -1.0000
vn -0.0000 0.0000 -1.0000
vn -0.5567 -0.6634 -0.5000
vn -0.5567 -0.6634 -0.5000
vn -0.5567 -0.6634 0.5000
vn -0.5567 -0.6634 0.5000
vn 0.0000 0.0000 1.0000
vn 0.0000 -0.0000 1.0000
vn 0.5567 0.6634 0.5000
vn 0.5567 0.6634 0.5000
vn -0.7660 0.6428 0.0000
vn -0.7660 0.6428 0.0000
vn -0.7660 0.6428 0.0000
vn -0.7660 0.6428 0.0000
vn 0.7660 -0.6428 0.0000
vn 0.7660 -0.6428 0.0000
vn 0.7660 -0.6428 -0.0000
vn 0.7660 -0.6428 -0.0000
vn 0.5567 0.6634 -0.5000
vn 0.5567 0.6634 -0.5000
vn 0.0000 0.0000 -1.0000
vn -0.0000 0.0000 -1.0000
vn -0.5567 -0.6634 -0.5000
vn -0.5567 -0.6634 -0.5000
vn -0.5567 -0.6634 0.5000
vn -0.5567 -0.6634 0.5000
vn 0.0000 0.0000 1.0000
vn 0.0000 -0.0000 1.0000
vn 0.5567 0.6634 0.5000
vn 0.5567 0.6634 0.5000
vn -0.7660 0.6428 -0.0000
vn -0.7660 0.6428 0.0000
vn -0.7660 0.6428 0.0000
vn -0.7660 0.6428 0.0000
vn 0.7660 -0.6428 0.0000
vn 0.7660 -0.6428 -0.0000
vn 0.7660 -0.6428 0.0000
vn 0.7660 -0.6428 -0.0000
vn -0.8861 -0.0775 0.4570
vn -0.2203 -0.6362 0.7394
vn 0.1913 -0.9815 0.0000
vn -0.2203 -0.6362 -0.7394
vn -0.8861 -0.0775 -0.4570
vn -0.0775 0.8861 0.4570
vn 0.5883 0.3274 0.7394
vn 0.9998 -0.0179 0.0000
vn 0.5883 0.3274 -0.7394
vn -0.0775 0.8861 -0.4570
vn 0.9659 -0.2588 0.0000
vn 0.9659 -0.2588 0.0000
vn 0.7071 -0.7071 0.0000
vn 0.7071 -0.7071 0.0000
vn 0.2588 -0.9659 0.0000
vn 0.2588 -0.9659 0.0000
vn -0.2588 -0.9659 0.0000
vn -0.2588 -0.9659 -0.0000
vn -0.7071 -0.7071 0.0000
vn -0.7071 -0.7071 -0.0000
vn -0.9659 -0.2588 0.0000
vn -0.9659 -0.2588 -0.0000
vn -0.9659 0.2588 0.0000
vn -0.9659 0.2588 0.0000
vn -0.7071 0.7071 0.0000
vn -0.7071 0.7071 0.0000
vn -0.2588 0.9659 0.0000
vn -0.2588 0.9659 0.0000
vn 0.2588 0.9659 0.0000
vn 0.2588 0.9659 0.0000
vn 0.7071 0.7071 0.0000
vn 0.7071 0.7071 0.0000
vn 0.9659 0.2588 0.0000
vn 0.9659 0.2588 0.0000
vn 0.0000 0.0000 1.0000
vn 0.0000 0.0000 1.0000
vn 0.0000 0.0000 1.0000
vn 0.0000 0.0000 1.0000
vn 0.0000 0.0000 1.0000
vn 0.0000 0.0000 1.0000
vn 0.0000 0.0000 1.0000
vn 0.0000 0.0000 1.0000
vn 0.0000 0.0000 1.0000
vn 0.0000 0.0000 1.0000
vn 0.0000 -0.0000 -1.0000
vn 0.0000 -0.0000 -1.0000
vn -0.0000 -0.0000 -1.0000
vn -0.0000 -0.0000 -1.0000
vn -0.0000 -0.0000 -1.0000
vn 0.0000 0.0000 -1.0000
vn 0.0000 0.0000 -1.0000
vn 0.0000 0.0000 -1.0000
vn 0.0000 0.0000 -1.0000
vn 0.0000 0.0000 -1.0000
vn 0.0000 0.0000 1.0000
vn 0.0000 0.0000 1.0000
vn -0.9659 0.2588 0.0000
vn -0.9659 0.2588 0.0000
vn 0.0000 -0.0000 -1.0000
vn 0.0000 0.0000 -1.0000
vn 0.9659 -0.2588 0.0000
vn 0.9659 -0.2588 0.0000
vn 0.0000 0.0000 1.0000
vn 0.0000 0.0000 1.0000
vn -0.7071 0.7071 0.0000
vn -0.7071 0.7071 0.0000
vn 0.0000 -0.0000 -1.0000
vn 0.0000 0.0000 -1.0000
vn 0.7071 -0.7071 0.0000
vn 0.7071 -0.7071 0.0000
vn 0.0000 0.0000 1.0000
vn 0.0000 0.0000 1.0000
vn -0.2588 0.9659 0.0000
vn -0.2588 0.9659 0.0000
vn 0.0000 -0.0000 -1.0000
vn 0.0000 0.0000 -1.0000
vn 0.2588 -0.9659 0.0000
vn 0.2588 -0.9659 0.0000
vn 0.0000 -0.0000 1.0000
vn 0.0000 0.0000 1.0000
vn 0.2588 0.9659 0.0000
vn 0.2588 0.9659 0.0000
vn -0.0000 -0.0000 -1.0000
vn 0.0000 0.0000 -1.0000
vn -0.2588 -0.9659 0.0000
vn -0.2588 -0.9659 0.0000
vn 0.0000 -0.0000 1.0000
vn 0.0000 0.0000 1.0000
vn 0.7071 0.7071 0.0000
vn 0.7071 0.7071 0.0000
vn -0.0000 0.0000 -1.0000
vn 0.0000 0.0000 -1.0000
vn -0.7071 -0.7071 0.0000
vn -0.7071 -0.7071 0.0000
vn 0.0000 -0.0000 1.0000
vn 0.0000 0.0000 1.0000
vn 0.9659 0.2588 0.0000
vn 0.9659 0.2588 0.0000
vn -0.0000 0.0000 -1.0000
vn 0.0000 0.0000 -1.0000
vn -0.9659 -0.2588 0.0000
vn -0.9659 -0.2588 0.0000
vn 0.0000 0.0000 1.0000
vn 0.0000 0.0000 1.0000
vn 0.9659 -0.2588 0.0000
vn 0.9659 -0.2588 0.0000
vn -0.0000 -0.0000 -1.0000
vn -0.0000 -0.0000 -1.0000
vn -0.9659 0.2588 0.0000
vn -0.9659 0.2588 0.0000
vn -0.0000 0.0000 1.0000
vn 0.0000 0.0000 1.0000
vn 0.7071 -0.7071 0.0000
vn 0.7071 -0.7071 0.0000
vn 0.0000 0.0000 -1.0000
vn 0.0000 0.0000 -1.0000
vn -0.7071 0.7071 0.0000
vn -0.7071 0.7071 0.0000
vn -0.0000 0.0000 1.0000
vn 0.0000 0.0000 1.0000
vn 0.2588 -0.9659 0.0000
vn 0.2588 -0.9659 0.0000
vn 0.0000 0.0000 -1.0000
vn 0.0000 0.0000 -1.0000
vn -0.2588 0.9659 0.0000
vn -0.2588 0.9659 0.0000
vn 0.0000 0.0000 1.0000
vn 0.0000 0.0000 1.0000
vn -0.2588 -0.9659 -0.0000
vn -0.2588 -0.9659 0.0000
vn 0.0000 0.0000 -1.0000
vn 0.0000 0.0000 -1.0000
vn 0.2588 0.9659 -0.0000
vn 0.2588 0.9659 0.0000
vn 0.0000 0.0000 1.0000
vn 0.0000 0.0000 1.0000
vn -0.7071 -0.7071 -0.0000
vn -0.7071 -0.7071 0.0000
vn 0.0000 0.0000 -1.0000
vn 0.0000 0.0000 -1.0000
vn 0.7071 0.7071 -0.0000
vn 0.7071 0.7071 0.0000
vn 0.0000 0.0000 1.0000
vn 0.0000 0.0000 1.0000
vn -0.9659 -0.2588 -0.0000
vn -0.9659 -0.2588 0.0000
vn 0.0000 -0.0000 -1.0000
vn 0.0000 -0.0000 -1.0000
vn 0.9659 0.2588 -0.0000
vn 0.9659 0.2588 0.0000
vn 0.0000 0.0000 1.0000
vn 0.0000 0.0000 1.0000
vn 0.0000 0.0000 1.0000
vn 0.0000 0.0000 1.0000
vn 0.0000 0.0000 1.0000
vn 0.0000 0.0000 1.0000
vn 0.0000 0.0000 1.0000
vn 0.0000 -0.0000 1.0000
vn 0.0000 0.0000 -1.0000
vn 0.0000 0.0000 -1.0000
vn 0.0000 0.0000 -1.0000
vn 0.0000 0.0000 -1.0000
vn -0.0000 0.0000 -1.0000
vn 0.0000 0.0000 -1.0000
vn -0.0000 -0.0000 -1.0000
vn 0.0000 0.0000 -1.0000
vn -0.9330 0.3598 0.0000
vn -0.9330 0.3598 0.0000
vn -0.0539 0.9985 0.0000
vn -0.0539 0.9985 0.0000
vn -0.6305 -0.7762 -0.0000
vn -0.6305 -0.7762 0.0000
vn -0.9663 0.2574 0.0000
vn -0.9663 0.2574 0.0000
vn 0.5434 -0.8395 0.0000
vn 0.5434 -0.8395 0.0000
vn -0.5434 -0.8395 -0.0000
vn -0.5434 -0.8395 0.0000
vn 0.9663 0.2574 0.0000
vn 0.9663 0.2574 0.0000
vn 0.6305 -0.7762 0.0000
vn 0.6305 -0.7762 0.0000
vn 0.0539 0.9985 0.0000
vn 0.0539 0.9985 0.0000
vn 0.9330 0.3598 0.0000
vn 0.9330 0.3598 0.0000
vn 0.0000 0.0000 1.0000
vn 0.0000 0.0000 1.0000
vn 0.0000 0.0000 1.0000
vn 0.0000 0.0000 1.0000
vn 0.0000 0.0000 1.0000
vn 0.0000 0.0000 1.0000
vn 0.0000 0.0000 1.0000
vn 0.0000 -0.0000 1.0000
vn 0.0000 0.0000 -1.0000
vn 0.0000 0.0000 -1.0000
vn 0.0000 0.0000 -1.0000
vn 0.0000 0.0000 -1.0000
vn -0.0000 0.0000 -1.0000
vn 0.0000 0.0000 -1.0000
vn -0.0000 -0.0000 -1.0000
vn 0.0000 0.0000 -1.0000
vn -0.9330 0.3598 0.0000
vn -0.9330 0.3598 0.0000
vn -0.0539 0.9985 0.0000
vn -0.0539 0.9985 0.0000
vn -0.6305 -0.7762 -0.0000
vn -0.6305 -0.7762 0.0000
vn -0.9663 0.2574 0.0000
vn -0.9663 0.2574 0.0000
vn 0.5434 -0.8395 0.0000
vn 0.5434 -0.8395 0.0000
vn -0.5434 -0.8395 -0.0000
vn -0.5434 -0.8395 0.0000
vn 0.9663 0.2574 0.0000
vn 0.9663 0.2574 0.0000
vn 0.6305 -0.7762 0.0000
vn 0.6305 -0.7762 0.0000
vn 0.0539 0.9985 0.0000
vn 0.0539 0.9985 0.0000
vn 0.9330 0.3598 0.0000
vn 0.9330 0.3598 0.0000
usemtl Mat_DarkMetal
f 3463//5063 3462//5063 3461//5063
f 3463//5064 3461//5064 3460//5064
f 3460//5065 3461//5065 3457//5065
f 3460//5066 3457//5066 3456//5066
f 3461//5067 3462//5067 3458//5067
f 3461//5068 3458//5068 3457//5068
f 3462//5069 3463//5069 3459//5069
f 3462//5070 3459//5070 3458//5070
f 3463//5071 3460//5071 3456//5071
f 3463//5072 3456//5072 3459//5072
f 3457//5073 3458//5073 3459//5073
f 3457//5074 3459//5074 3456//5074
usemtl Mat_Chrome
f 3470//5075 3471//5075 3465//5075
f 3470//5076 3465//5076 3464//5076
f 3471//5077 3472//5077 3466//5077
f 3471//5078 3466//5078 3465//5078
f 3472//5079 3473//5079 3467//5079
f 3472//5080 3467//5080 3466//5080
f 3473//5081 3474//5081 3468//5081
f 3473//5082 3468//5082 3467//5082
f 3474//5083 3475//5083 3469//5083
f 3474//5084 3469//5084 3468//5084
f 3475//5085 3470//5085 3464//5085
f 3475//5086 3464//5086 3469//5086
f 3475//5087 3474//5087 3473//5087
f 3475//5088 3473//5088 3472//5088
f 3475//5089 3472//5089 3471//5089
f 3475//5090 3471//5090 3470//5090
f 3464//5091 3465//5091 3466//5091
f 3464//5092 3466//5092 3467//5092
f 3464//5093 3467//5093 3468//5093
f 3464//5094 3468//5094 3469//5094
usemtl Mat_HeroRed
f 3483//5095 3482//5095 3481//5095
f 3483//5096 3481//5096 3480//5096
f 3480//5097 3481//5097 3477//5097
f 3480//5098 3477//5098 3476//5098
f 3481//5099 3482//5099 3478//5099
f 3481//5100 3478//5100 3477//5100
f 3482//5101 3483//5101 3479//5101
f 3482//5102 3479//5102 3478//5102
f 3483//5103 3480//5103 3476//5103
f 3483//5104 3476//5104 3479//5104
f 3477//5105 3478//5105 3479//5105
f 3477//5106 3479//5106 3476//5106
usemtl Mat_NeonLaser
f 3490//5107 3491//5107 3485//5107
f 3490//5108 3485//5108 3484//5108
f 3491//5109 3492//5109 3486//5109
f 3491//5110 3486//5110 3485//5110
f 3492//5111 3493//5111 3487//5111
f 3492//5112 3487//5112 3486//5112
f 3493//5113 3494//5113 3488//5113
f 3493//5114 3488//5114 3487//5114
f 3494//5115 3495//5115 3489//5115
f 3494//5116 3489//5116 3488//5116
f 3495//5117 3490//5117 3484//5117
f 3495//5118 3484//5118 3489//5118
f 3495//5119 3494//5119 3493//5119
f 3495//5120 3493//5120 3492//5120
f 3495//5121 3492//5121 3491//5121
f 3495//5122 3491//5122 3490//5122
f 3484//5123 3485//5123 3486//5123
f 3484//5124 3486//5124 3487//5124
f 3484//5125 3487//5125 3488//5125
f 3484//5126 3488//5126 3489//5126
f 3502//5127 3503//5127 3497//5127
f 3502//5128 3497//5128 3496//5128
f 3503//5129 3504//5129 3498//5129
f 3503//5130 3498//5130 3497//5130
f 3504//5131 3505//5131 3499//5131
f 3504//5132 3499//5132 3498//5132
f 3505//5133 3506//5133 3500//5133
f 3505//5134 3500//5134 3499//5134
f 3506//5135 3507//5135 3501//5135
f 3506//5136 3501//5136 3500//5136
f 3507//5137 3502//5137 3496//5137
f 3507//5138 3496//5138 3501//5138
f 3507//5139 3506//5139 3505//5139
f 3507//5140 3505//5140 3504//5140
f 3507//5141 3504//5141 3503//5141
f 3507//5142 3503//5142 3502//5142
f 3496//5143 3497//5143 3498//5143
f 3496//5144 3498//5144 3499//5144
f 3496//5145 3499//5145 3500//5145
f 3496//5146 3500//5146 3501//5146
f 3514//5147 3515//5147 3509//5147
f 3514//5148 3509//5148 3508//5148
f 3515//5149 3516//5149 3510//5149
f 3515//5150 3510//5150 3509//5150
f 3516//5151 3517//5151 3511//5151
f 3516//5152 3511//5152 3510//5152
f 3517//5153 3518//5153 3512//5153
f 3517//5154 3512//5154 3511//5154
f 3518//5155 3519//5155 3513//5155
f 3518//5156 3513//5156 3512//5156
f 3519//5157 3514//5157 3508//5157
f 3519//5158 3508//5158 3513//5158
f 3519//5159 3518//5159 3517//5159
f 3519//5160 3517//5160 3516//5160
f 3519//5161 3516//5161 3515//5161
f 3519//5162 3515//5162 3514//5162
f 3508//5163 3509//5163 3510//5163
f 3508//5164 3510//5164 3511//5164
f 3508//5165 3511//5165 3512//5165
f 3508//5166 3512//5166 3513//5166
f 3521//5167 3522//5167 3520//5167
f 3522//5168 3523//5168 3520//5168
f 3523//5169 3524//5169 3520//5169
f 3524//5170 3525//5170 3520//5170
f 3525//5171 3521//5171 3520//5171
f 3526//5172 3522//5172 3521//5172
f 3526//5173 3523//5173 3522//5173
f 3526//5174 3524//5174 3523//5174
f 3526//5175 3525//5175 3524//5175
f 3526//5176 3521//5176 3525//5176
usemtl Mat_DarkMetal
f 3532//5177 3533//5177 3534//5177
f 3531//5178 3532//5178 3534//5178
f 3528//5179 3532//5179 3531//5179
f 3527//5180 3528//5180 3531//5180
f 3529//5181 3533//5181 3532//5181
f 3528//5182 3529//5182 3532//5182
f 3530//5183 3534//5183 3533//5183
f 3529//5184 3530//5184 3533//5184
f 3527//5185 3531//5185 3534//5185
f 3530//5186 3527//5186 3534//5186
f 3530//5187 3529//5187 3528//5187
f 3527//5188 3530//5188 3528//5188
usemtl Mat_Chrome
f 3536//5189 3542//5189 3541//5189
f 3535//5190 3536//5190 3541//5190
f 3537//5191 3543//5191 3542//5191
f 3536//5192 3537//5192 3542//5192
f 3538//5193 3544//5193 3543//5193
f 3537//5194 3538//5194 3543//5194
f 3539//5195 3545//5195 3544//5195
f 3538//5196 3539//5196 3544//5196
f 3540//5197 3546//5197 3545//5197
f 3539//5198 3540//5198 3545//5198
f 3535//5199 3541//5199 3546//5199
f 3540//5200 3535//5200 3546//5200
f 3544//5201 3545//5201 3546//5201
f 3543//5202 3544//5202 3546//5202
f 3542//5203 3543//5203 3546//5203
f 3541//5204 3542//5204 3546//5204
f 3537//5205 3536//5205 3535//5205
f 3538//5206 3537//5206 3535//5206
f 3539//5207 3538//5207 3535//5207
f 3540//5208 3539//5208 3535//5208
usemtl Mat_HeroRed
f 3552//5209 3553//5209 3554//5209
f 3551//5210 3552//5210 3554//5210
f 3548//5211 3552//5211 3551//5211
f 3547//5212 3548//5212 3551//5212
f 3549//5213 3553//5213 3552//5213
f 3548//5214 3549//5214 3552//5214
f 3550//5215 3554//5215 3553//5215
f 3549//5216 3550//5216 3553//5216
f 3547//5217 3551//5217 3554//5217
f 3550//5218 3547//5218 3554//5218
f 3550//5219 3549//5219 3548//5219
f 3547//5220 3550//5220 3548//5220
usemtl Mat_NeonLaser
f 3556//5221 3562//5221 3561//5221
f 3555//5222 3556//5222 3561//5222
f 3557//5223 3563//5223 3562//5223
f 3556//5224 3557//5224 3562//5224
f 3558//5225 3564//5225 3563//5225
f 3557//5226 3558//5226 3563//5226
f 3559//5227 3565//5227 3564//5227
f 3558//5228 3559//5228 3564//5228
f 3560//5229 3566//5229 3565//5229
f 3559//5230 3560//5230 3565//5230
f 3555//5231 3561//5231 3566//5231
f 3560//5232 3555//5232 3566//5232
f 3564//5233 3565//5233 3566//5233
f 3563//5234 3564//5234 3566//5234
f 3562//5235 3563//5235 3566//5235
f 3561//5236 3562//5236 3566//5236
f 3557//5237 3556//5237 3555//5237
f 3558//5238 3557//5238 3555//5238
f 3559//5239 3558//5239 3555//5239
f 3560//5240 3559//5240 3555//5240
f 3568//5241 3574//5241 3573//5241
f 3567//5242 3568//5242 3573//5242
f 3569//5243 3575//5243 3574//5243
f 3568//5244 3569//5244 3574//5244
f 3570//5245 3576//5245 3575//5245
f 3569//5246 3570//5246 3575//5246
f 3571//5247 3577//5247 3576//5247
f 3570//5248 3571//5248 3576//5248
f 3572//5249 3578//5249 3577//5249
f 3571//5250 3572//5250 3577//5250
f 3567//5251 3573//5251 3578//5251
f 3572//5252 3567//5252 3578//5252
f 3576//5253 3577//5253 3578//5253
f 3575//5254 3576//5254 3578//5254
f 3574//5255 3575//5255 3578//5255
f 3573//5256 3574//5256 3578//5256
f 3569//5257 3568//5257 3567//5257
f 3570//5258 3569//5258 3567//5258
f 3571//5259 3570//5259 3567//5259
f 3572//5260 3571//5260 3567//5260
f 3580//5261 3586//5261 3585//5261
f 3579//5262 3580//5262 3585//5262
f 3581//5263 3587//5263 3586//5263
f 3580//5264 3581//5264 3586//5264
f 3582//5265 3588//5265 3587//5265
f 3581//5266 3582//5266 3587//5266
f 3583//5267 3589//5267 3588//5267
f 3582//5268 3583//5268 3588//5268
f 3584//5269 3590//5269 3589//5269
f 3583//5270 3584//5270 3589//5270
f 3579//5271 3585//5271 3590//5271
f 3584//5272 3579//5272 3590//5272
f 3588//5273 3589//5273 3590//5273
f 3587//5274 3588//5274 3590//5274
f 3586//5275 3587//5275 3590//5275
f 3585//5276 3586//5276 3590//5276
f 3581//5277 3580//5277 3579//5277
f 3582//5278 3581//5278 3579//5278
f 3583//5279 3582//5279 3579//5279
f 3584//5280 3583//5280 3579//5280
f 3591//5281 3593//5281 3592//5281
f 3591//5282 3594//5282 3593//5282
f 3591//5283 3595//5283 3594//5283
f 3591//5284 3596//5284 3595//5284
f 3591//5285 3592//5285 3596//5285
f 3592//5286 3593//5286 3597//5286
f 3593//5287 3594//5287 3597//5287
f 3594//5288 3595//5288 3597//5288
f 3595//5289 3596//5289 3597//5289
f 3596//5290 3592//5290 3597//5290
usemtl Mat_DarkMetal
f 3610//5291 3611//5291 3599//5291
f 3610//5292 3599//5292 3598//5292
f 3611//5293 3612//5293 3600//5293
f 3611//5294 3600//5294 3599//5294
f 3612//5295 3613//5295 3601//5295
f 3612//5296 3601//5296 3600//5296
f 3613//5297 3614//5297 3602//5297
f 3613//5298 3602//5298 3601//5298
f 3614//5299 3615//5299 3603//5299
f 3614//5300 3603//5300 3602//5300
f 3615//5301 3616//5301 3604//5301
f 3615//5302 3604//5302 3603//5302
f 3616//5303 3617//5303 3605//5303
f 3616//5304 3605//5304 3604//5304
f 3617//5305 3618//5305 3606//5305
f 3617//5306 3606//5306 3605//5306
f 3618//5307 3619//5307 3607//5307
f 3618//5308 3607//5308 3606//5308
f 3619//5309 3620//5309 3608//5309
f 3619//5310 3608//5310 3607//5310
f 3620//5311 3621//5311 3609//5311
f 3620//5312 3609//5312 3608//5312
f 3621//5313 3610//5313 3598//5313
f 3621//5314 3598//5314 3609//5314
f 3621//5315 3620//5315 3619//5315
f 3621//5316 3619//5316 3618//5316
f 3621//5317 3618//5317 3617//5317
f 3621//5318 3617//5318 3616//5318
f 3621//5319 3616//5319 3615//5319
f 3621//5320 3615//5320 3614//5320
f 3621//5321 3614//5321 3613//5321
f 3621//5322 3613//5322 3612//5322
f 3621//5323 3612//5323 3611//5323
f 3621//5324 3611//5324 3610//5324
f 3598//5325 3599//5325 3600//5325
f 3598//5326 3600//5326 3601//5326
f 3598//5327 3601//5327 3602//5327
f 3598//5328 3602//5328 3603//5328
f 3598//5329 3603//5329 3604//5329
f 3598//5330 3604//5330 3605//5330
f 3598//5331 3605//5331 3606//5331
f 3598//5332 3606//5332 3607//5332
f 3598//5333 3607//5333 3608//5333
f 3598//5334 3608//5334 3609//5334
usemtl Mat_NeonLaser
f 3622//5335 3623//5335 3627//5335
f 3622//5336 3627//5336 3626//5336
f 3623//5337 3624//5337 3628//5337
f 3623//5338 3628//5338 3627//5338
f 3624//5339 3625//5339 3629//5339
f 3624//5340 3629//5340 3628//5340
f 3625//5341 3622//5341 3626//5341
f 3625//5342 3626//5342 3629//5342
f 3626//5343 3627//5343 3631//5343
f 3626//5344 3631//5344 3630//5344
f 3627//5345 3628//5345 3632//5345
f 3627//5346 3632//5346 3631//5346
f 3628//5347 3629//5347 3633//5347
f 3628//5348 3633//5348 3632//5348
f 3629//5349 3626//5349 3630//5349
f 3629//5350 3630//5350 3633//5350
f 3630//5351 3631//5351 3635//5351
f 3630//5352 3635//5352 3634//5352
f 3631//5353 3632//5353 3636//5353
f 3631//5354 3636//5354 3635//5354
f 3632//5355 3633//5355 3637//5355
f 3632//5356 3637//5356 3636//5356
f 3633//5357 3630//5357 3634//5357
f 3633//5358 3634//5358 3637//5358
f 3634//5359 3635//5359 3639//5359
f 3634//5360 3639//5360 3638//5360
f 3635//5361 3636//5361 3640//5361
f 3635//5362 3640//5362 3639//5362
f 3636//5363 3637//5363 3641//5363
f 3636//5364 3641//5364 3640//5364
f 3637//5365 3634//5365 3638//5365
f 3637//5366 3638//5366 3641//5366
f 3638//5367 3639//5367 3643//5367
f 3638//5368 3643//5368 3642//5368
f 3639//5369 3640//5369 3644//5369
f 3639//5370 3644//5370 3643//5370
f 3640//5371 3641//5371 3645//5371
f 3640//5372 3645//5372 3644//5372
f 3641//5373 3638//5373 3642//5373
f 3641//5374 3642//5374 3645//5374
f 3642//5375 3643//5375 3647//5375
f 3642//5376 3647//5376 3646//5376
f 3643//5377 3644//5377 3648//5377
f 3643//5378 3648//5378 3647//5378
f 3644//5379 3645//5379 3649//5379
f 3644//5380 3649//5380 3648//5380
f 3645//5381 3642//5381 3646//5381
f 3645//5382 3646//5382 3649//5382
f 3646//5383 3647//5383 3651//5383
f 3646//5384 3651//5384 3650//5384
f 3647//5385 3648//5385 3652//5385
f 3647//5386 3652//5386 3651//5386
f 3648//5387 3649//5387 3653//5387
f 3648//5388 3653//5388 3652//5388
f 3649//5389 3646//5389 3650//5389
f 3649//5390 3650//5390 3653//5390
f 3650//5391 3651//5391 3655//5391
f 3650//5392 3655//5392 3654//5392
f 3651//5393 3652//5393 3656//5393
f 3651//5394 3656//5394 3655//5394
f 3652//5395 3653//5395 3657//5395
f 3652//5396 3657//5396 3656//5396
f 3653//5397 3650//5397 3654//5397
f 3653//5398 3654//5398 3657//5398
f 3654//5399 3655//5399 3659//5399
f 3654//5400 3659//5400 3658//5400
f 3655//5401 3656//5401 3660//5401
f 3655//5402 3660//5402 3659//5402
f 3656//5403 3657//5403 3661//5403
f 3656//5404 3661//5404 3660//5404
f 3657//5405 3654//5405 3658//5405
f 3657//5406 3658//5406 3661//5406
f 3658//5407 3659//5407 3663//5407
f 3658//5408 3663//5408 3662//5408
f 3659//5409 3660//5409 3664//5409
f 3659//5410 3664//5410 3663//5410
f 3660//5411 3661//5411 3665//5411
f 3660//5412 3665//5412 3664//5412
f 3661//5413 3658//5413 3662//5413
f 3661//5414 3662//5414 3665//5414
f 3662//5415 3663//5415 3667//5415
f 3662//5416 3667//5416 3666//5416
f 3663//5417 3664//5417 3668//5417
f 3663//5418 3668//5418 3667//5418
f 3664//5419 3665//5419 3669//5419
f 3664//5420 3669//5420 3668//5420
f 3665//5421 3662//5421 3666//5421
f 3665//5422 3666//5422 3669//5422
f 3666//5423 3667//5423 3623//5423
f 3666//5424 3623//5424 3622//5424
f 3667//5425 3668//5425 3624//5425
f 3667//5426 3624//5426 3623//5426
f 3668//5427 3669//5427 3625//5427
f 3668//5428 3625//5428 3624//5428
f 3669//5429 3666//5429 3622//5429
f 3669//5430 3622//5430 3625//5430
usemtl Mat_Brass
f 3679//5431 3670//5431 3671//5431
f 3679//5432 3671//5432 3672//5432
f 3679//5433 3672//5433 3673//5433
f 3679//5434 3673//5434 3674//5434
f 3679//5435 3674//5435 3675//5435
f 3679//5436 3675//5436 3676//5436
f 3679//5437 3676//5437 3677//5437
f 3677//5438 3678//5438 3679//5438
f 3681//5439 3680//5439 3689//5439
f 3682//5440 3681//5440 3689//5440
f 3683//5441 3682//5441 3689//5441
f 3684//5442 3683//5442 3689//5442
f 3685//5443 3684//5443 3689//5443
f 3686//5444 3685//5444 3689//5444
f 3687//5445 3686//5445 3689//5445
f 3689//5446 3688//5446 3687//5446
f 3670//5447 3680//5447 3681//5447
f 3670//5448 3681//5448 3671//5448
f 3671//5449 3681//5449 3682//5449
f 3671//5450 3682//5450 3672//5450
f 3672//5451 3682//5451 3683//5451
f 3672//5452 3683//5452 3673//5452
f 3673//5453 3683//5453 3684//5453
f 3673//5454 3684//5454 3674//5454
f 3674//5455 3684//5455 3685//5455
f 3674//5456 3685//5456 3675//5456
f 3675//5457 3685//5457 3686//5457
f 3675//5458 3686//5458 3676//5458
f 3676//5459 3686//5459 3687//5459
f 3676//5460 3687//5460 3677//5460
f 3677//5461 3687//5461 3688//5461
f 3677//5462 3688//5462 3678//5462
f 3678//5463 3688//5463 3689//5463
f 3678//5464 3689//5464 3679//5464
f 3679//5465 3689//5465 3680//5465
f 3679//5466 3680//5466 3670//5466
f 3699//5467 3690//5467 3691//5467
f 3699//5468 3691//5468 3692//5468
f 3699//5469 3692//5469 3693//5469
f 3699//5470 3693//5470 3694//5470
f 3699//5471 3694//5471 3695//5471
f 3699//5472 3695//5472 3696//5472
f 3699//5473 3696//5473 3697//5473
f 3697//5474 3698//5474 3699//5474
f 3701//5475 3700//5475 3709//5475
f 3702//5476 3701//5476 3709//5476
f 3703//5477 3702//5477 3709//5477
f 3704//5478 3703//5478 3709//5478
f 3705//5479 3704//5479 3709//5479
f 3706//5480 3705//5480 3709//5480
f 3707//5481 3706//5481 3709//5481
f 3709//5482 3708//5482 3707//5482
f 3690//5483 3700//5483 3701//5483
f 3690//5484 3701//5484 3691//5484
f 3691//5485 3701//5485 3702//5485
f 3691//5486 3702//5486 3692//5486
f 3692//5487 3702//5487 3703//5487
f 3692//5488 3703//5488 3693//5488
f 3693//5489 3703//5489 3704//5489
f 3693//5490 3704//5490 3694//5490
f 3694//5491 3704//5491 3705//5491
f 3694//5492 3705//5492 3695//5492
f 3695//5493 3705//5493 3706//5493
f 3695//5494 3706//5494 3696//5494
f 3696//5495 3706//5495 3707//5495
f 3696//5496 3707//5496 3697//5496
f 3697//5497 3707//5497 3708//5497
f 3697//5498 3708//5498 3698//5498
f 3698//5499 3708//5499 3709//5499
f 3698//5500 3709//5500 3699//5500
f 3699//5501 3709//5501 3700//5501
f 3699//5502 3700//5502 3690//5502
o Bldg_Armory_Targets
v 8.70000 1.30000 -1.95000
v 8.63301 1.05000 -1.95000
v 8.45000 0.86699 -1.95000
v 8.20000 0.80000 -1.95000
v 7.95000 0.86699 -1.95000
v 7.76699 1.05000 -1.95000
v 7.70000 1.30000 -1.95000
v 7.76699 1.55000 -1.95000
v 7.95000 1.73301 -1.95000
v 8.20000 1.80000 -1.95000
v 8.45000 1.73301 -1.95000
v 8.63301 1.55000 -1.95000
v 8.70000 1.30000 -1.89000
v 8.63301 1.05000 -1.89000
v 8.45000 0.86699 -1.89000
v 8.20000 0.80000 -1.89000
v 7.95000 0.86699 -1.89000
v 7.76699 1.05000 -1.89000
v 7.70000 1.30000 -1.89000
v 7.76699 1.55000 -1.89000
v 7.95000 1.73301 -1.89000
v 8.20000 1.80000 -1.89000
v 8.45000 1.73301 -1.89000
v 8.63301 1.55000 -1.89000
v 8.56000 1.30000 -1.95000
v 8.51177 1.12000 -1.95000
v 8.38000 0.98823 -1.95000
v 8.20000 0.94000 -1.95000
v 8.02000 0.98823 -1.95000
v 7.88823 1.12000 -1.95000
v 7.84000 1.30000 -1.95000
v 7.88823 1.48000 -1.95000
v 8.02000 1.61177 -1.95000
v 8.20000 1.66000 -1.95000
v 8.38000 1.61177 -1.95000
v 8.51177 1.48000 -1.95000
v 8.56000 1.30000 -1.87000
v 8.51177 1.12000 -1.87000
v 8.38000 0.98823 -1.87000
v 8.20000 0.94000 -1.87000
v 8.02000 0.98823 -1.87000
v 7.88823 1.12000 -1.87000
v 7.84000 1.30000 -1.87000
v 7.88823 1.48000 -1.87000
v 8.02000 1.61177 -1.87000
v 8.20000 1.66000 -1.87000
v 8.38000 1.61177 -1.87000
v 8.51177 1.48000 -1.87000
v 8.42000 1.30000 -1.95000
v 8.39053 1.19000 -1.95000
v 8.31000 1.10947 -1.95000
v 8.20000 1.08000 -1.95000
v 8.09000 1.10947 -1.95000
v 8.00947 1.19000 -1.95000
v 7.98000 1.30000 -1.95000
v 8.00947 1.41000 -1.95000
v 8.09000 1.49053 -1.95000
v 8.20000 1.52000 -1.95000
v 8.31000 1.49053 -1.95000
v 8.39053 1.41000 -1.95000
v 8.42000 1.30000 -1.85000
v 8.39053 1.19000 -1.85000
v 8.31000 1.10947 -1.85000
v 8.20000 1.08000 -1.85000
v 8.09000 1.10947 -1.85000
v 8.00947 1.19000 -1.85000
v 7.98000 1.30000 -1.85000
v 8.00947 1.41000 -1.85000
v 8.09000 1.49053 -1.85000
v 8.20000 1.52000 -1.85000
v 8.31000 1.49053 -1.85000
v 8.39053 1.41000 -1.85000
v 8.30000 1.30000 -1.95000
v 8.28090 1.24122 -1.95000
v 8.23090 1.20489 -1.95000
v 8.16910 1.20489 -1.95000
v 8.11910 1.24122 -1.95000
v 8.10000 1.30000 -1.95000
v 8.11910 1.35878 -1.95000
v 8.16910 1.39511 -1.95000
v 8.23090 1.39511 -1.95000
v 8.28090 1.35878 -1.95000
v 8.30000 1.30000 -1.83000
v 8.28090 1.24122 -1.83000
v 8.23090 1.20489 -1.83000
v 8.16910 1.20489 -1.83000
v 8.11910 1.24122 -1.83000
v 8.10000 1.30000 -1.83000
v 8.11910 1.35878 -1.83000
v 8.16910 1.39511 -1.83000
v 8.23090 1.39511 -1.83000
v 8.28090 1.35878 -1.83000
v 8.17000 0.00000 -2.03000
v 8.23000 0.00000 -2.03000
v 8.23000 0.00000 -1.97000
v 8.17000 0.00000 -1.97000
v 8.17000 0.80000 -2.03000
v 8.23000 0.80000 -2.03000
v 8.23000 0.80000 -1.97000
v 8.17000 0.80000 -1.97000
v 10.30000 1.30000 -1.95000
v 10.23301 1.05000 -1.95000
v 10.05000 0.86699 -1.95000
v 9.80000 0.80000 -1.95000
v 9.55000 0.86699 -1.95000
v 9.36699 1.05000 -1.95000
v 9.30000 1.30000 -1.95000
v 9.36699 1.55000 -1.95000
v 9.55000 1.73301 -1.95000
v 9.80000 1.80000 -1.95000
v 10.05000 1.73301 -1.95000
v 10.23301 1.55000 -1.95000
v 10.30000 1.30000 -1.89000
v 10.23301 1.05000 -1.89000
v 10.05000 0.86699 -1.89000
v 9.80000 0.80000 -1.89000
v 9.55000 0.86699 -1.89000
v 9.36699 1.05000 -1.89000
v 9.30000 1.30000 -1.89000
v 9.36699 1.55000 -1.89000
v 9.55000 1.73301 -1.89000
v 9.80000 1.80000 -1.89000
v 10.05000 1.73301 -1.89000
v 10.23301 1.55000 -1.89000
v 10.16000 1.30000 -1.95000
v 10.11177 1.12000 -1.95000
v 9.98000 0.98823 -1.95000
v 9.80000 0.94000 -1.95000
v 9.62000 0.98823 -1.95000
v 9.48823 1.12000 -1.95000
v 9.44000 1.30000 -1.95000
v 9.48823 1.48000 -1.95000
v 9.62000 1.61177 -1.95000
v 9.80000 1.66000 -1.95000
v 9.98000 1.61177 -1.95000
v 10.11177 1.48000 -1.95000
v 10.16000 1.30000 -1.87000
v 10.11177 1.12000 -1.87000
v 9.98000 0.98823 -1.87000
v 9.80000 0.94000 -1.87000
v 9.62000 0.98823 -1.87000
v 9.48823 1.12000 -1.87000
v 9.44000 1.30000 -1.87000
v 9.48823 1.48000 -1.87000
v 9.62000 1.61177 -1.87000
v 9.80000 1.66000 -1.87000
v 9.98000 1.61177 -1.87000
v 10.11177 1.48000 -1.87000
v 10.02000 1.30000 -1.95000
v 9.99053 1.19000 -1.95000
v 9.91000 1.10947 -1.95000
v 9.80000 1.08000 -1.95000
v 9.69000 1.10947 -1.95000
v 9.60947 1.19000 -1.95000
v 9.58000 1.30000 -1.95000
v 9.60947 1.41000 -1.95000
v 9.69000 1.49053 -1.95000
v 9.80000 1.52000 -1.95000
v 9.91000 1.49053 -1.95000
v 9.99053 1.41000 -1.95000
v 10.02000 1.30000 -1.85000
v 9.99053 1.19000 -1.85000
v 9.91000 1.10947 -1.85000
v 9.80000 1.08000 -1.85000
v 9.69000 1.10947 -1.85000
v 9.60947 1.19000 -1.85000
v 9.58000 1.30000 -1.85000
v 9.60947 1.41000 -1.85000
v 9.69000 1.49053 -1.85000
v 9.80000 1.52000 -1.85000
v 9.91000 1.49053 -1.85000
v 9.99053 1.41000 -1.85000
v 9.90000 1.30000 -1.95000
v 9.88090 1.24122 -1.95000
v 9.83090 1.20489 -1.95000
v 9.76910 1.20489 -1.95000
v 9.71910 1.24122 -1.95000
v 9.70000 1.30000 -1.95000
v 9.71910 1.35878 -1.95000
v 9.76910 1.39511 -1.95000
v 9.83090 1.39511 -1.95000
v 9.88090 1.35878 -1.95000
v 9.90000 1.30000 -1.83000
v 9.88090 1.24122 -1.83000
v 9.83090 1.20489 -1.83000
v 9.76910 1.20489 -1.83000
v 9.71910 1.24122 -1.83000
v 9.70000 1.30000 -1.83000
v 9.71910 1.35878 -1.83000
v 9.76910 1.39511 -1.83000
v 9.83090 1.39511 -1.83000
v 9.88090 1.35878 -1.83000
v 10.13000 1.45000 -1.85000
v 10.09000 1.51928 -1.85000
v 10.01000 1.51928 -1.85000
v 9.97000 1.45000 -1.85000
v 10.01000 1.38072 -1.85000
v 10.09000 1.38072 -1.85000
v 9.77000 0.00000 -2.03000
v 9.83000 0.00000 -2.03000
v 9.83000 0.00000 -1.97000
v 9.77000 0.00000 -1.97000
v 9.77000 0.80000 -2.03000
v 9.83000 0.80000 -2.03000
v 9.83000 0.80000 -1.97000
v 9.77000 0.80000 -1.97000
v 10.30022 0.00000 -1.82747
v 10.89110 0.00000 -1.72329
v 10.94034 0.90000 -1.71460
v 11.18654 1.25000 -1.67119
v 10.84186 1.30000 -1.73197
v 10.89110 1.60000 -1.72329
v 11.23578 1.62000 -1.66251
v 11.18654 1.72000 -1.67119
v 10.84186 1.75000 -1.73197
v 10.77292 2.05000 -1.74412
v 10.41839 2.05000 -1.80664
v 10.34946 1.75000 -1.81879
v 10.00477 1.72000 -1.87957
v 9.95553 1.62000 -1.88825
v 10.30022 1.60000 -1.82747
v 10.34946 1.30000 -1.81879
v 10.00477 1.25000 -1.87957
v 10.25098 0.90000 -1.83616
v 10.30890 0.00000 -1.87671
v 10.89978 0.00000 -1.77253
v 10.94902 0.90000 -1.76384
v 11.19523 1.25000 -1.72043
v 10.85054 1.30000 -1.78121
v 10.89978 1.60000 -1.77253
v 11.24447 1.62000 -1.71175
v 11.19523 1.72000 -1.72043
v 10.85054 1.75000 -1.78121
v 10.78161 2.05000 -1.79336
v 10.42708 2.05000 -1.85588
v 10.35814 1.75000 -1.86803
v 10.01346 1.72000 -1.92881
v 9.96422 1.62000 -1.93749
v 10.30890 1.60000 -1.87671
v 10.35814 1.30000 -1.86803
v 10.01346 1.25000 -1.92881
v 10.25966 0.90000 -1.88540
v 10.42447 1.45000 -1.80110
v 10.77900 1.45000 -1.73859
v 10.77553 1.45000 -1.71890
v 10.42100 1.45000 -1.78141
v 10.42447 1.53000 -1.80110
v 10.77900 1.53000 -1.73859
v 10.77553 1.53000 -1.71890
v 10.42100 1.53000 -1.78141
v 10.65000 1.04000 -1.76000
v 10.71000 1.10000 -1.76000
v 10.65000 1.10000 -1.70000
v 10.59000 1.10000 -1.76000
v 10.65000 1.10000 -1.82000
v 10.65000 1.16000 -1.76000
v 10.43000 0.74000 -1.76000
v 10.49000 0.80000 -1.76000
v 10.43000 0.80000 -1.70000
v 10.37000 0.80000 -1.76000
v 10.43000 0.80000 -1.82000
v 10.43000 0.86000 -1.76000
v 10.60000 1.39000 -1.76000
v 10.66000 1.45000 -1.76000
v 10.60000 1.45000 -1.70000
v 10.54000 1.45000 -1.76000
v 10.60000 1.45000 -1.82000
v 10.60000 1.51000 -1.76000
v 10.40000 0.00000 1.80000
v 10.68560 0.00000 1.80000
v 10.60195 0.00000 2.00195
v 10.40000 0.00000 2.08560
v 10.19805 0.00000 2.00195
v 10.11440 0.00000 1.80000
v 10.19805 0.00000 1.59805
v 10.40000 0.00000 1.51440
v 10.60195 0.00000 1.59805
v 10.74000 0.29700 1.80000
v 10.64042 0.29700 2.04042
v 10.40000 0.29700 2.14000
v 10.15958 0.29700 2.04042
v 10.06000 0.29700 1.80000
v 10.15958 0.29700 1.55958
v 10.40000 0.29700 1.46000
v 10.64042 0.29700 1.55958
v 10.74000 0.60300 1.80000
v 10.64042 0.60300 2.04042
v 10.40000 0.60300 2.14000
v 10.15958 0.60300 2.04042
v 10.06000 0.60300 1.80000
v 10.15958 0.60300 1.55958
v 10.40000 0.60300 1.46000
v 10.64042 0.60300 1.55958
v 10.68560 0.90000 1.80000
v 10.60195 0.90000 2.00195
v 10.40000 0.90000 2.08560
v 10.19805 0.90000 2.00195
v 10.11440 0.90000 1.80000
v 10.19805 0.90000 1.59805
v 10.40000 0.90000 1.51440
v 10.60195 0.90000 1.59805
v 10.40000 0.90000 1.80000
v 10.72569 0.10800 1.80000
v 10.63029 0.10800 2.03029
v 10.40000 0.10800 2.12569
v 10.16971 0.10800 2.03029
v 10.07431 0.10800 1.80000
v 10.16971 0.10800 1.56971
v 10.40000 0.10800 1.47431
v 10.63029 0.10800 1.56971
v 10.74495 0.18900 1.80000
v 10.64391 0.18900 2.04391
v 10.40000 0.18900 2.14495
v 10.15609 0.18900 2.04391
v 10.05505 0.18900 1.80000
v 10.15609 0.18900 1.55609
v 10.40000 0.18900 1.45505
v 10.64391 0.18900 1.55609
v 10.74495 0.71100 1.80000
v 10.64391 0.71100 2.04391
v 10.40000 0.71100 2.14495
v 10.15609 0.71100 2.04391
v 10.05505 0.71100 1.80000
v 10.15609 0.71100 1.55609
v 10.40000 0.71100 1.45505
v 10.64391 0.71100 1.55609
v 10.72569 0.79200 1.80000
v 10.63029 0.79200 2.03029
v 10.40000 0.79200 2.12569
v 10.16971 0.79200 2.03029
v 10.07431 0.79200 1.80000
v 10.16971 0.79200 1.56971
v 10.40000 0.79200 1.47431
v 10.63029 0.79200 1.56971
v 10.27000 0.90000 1.80000
v 10.23778 0.90000 1.87778
v 10.16000 0.90000 1.91000
v 10.08222 0.90000 1.87778
v 10.05000 0.90000 1.80000
v 10.08222 0.90000 1.72222
v 10.16000 0.90000 1.69000
v 10.23778 0.90000 1.72222
v 10.27000 1.14000 1.80000
v 10.23778 1.14000 1.87778
v 10.16000 1.14000 1.91000
v 10.08222 1.14000 1.87778
v 10.05000 1.14000 1.80000
v 10.08222 1.14000 1.72222
v 10.16000 1.14000 1.69000
v 10.23778 1.14000 1.72222
v 10.51000 0.90000 1.80000
v 10.47778 0.90000 1.87778
v 10.40000 0.90000 1.91000
v 10.32222 0.90000 1.87778
v 10.29000 0.90000 1.80000
v 10.32222 0.90000 1.72222
v 10.40000 0.90000 1.69000
v 10.47778 0.90000 1.72222
v 10.51000 1.14000 1.80000
v 10.47778 1.14000 1.87778
v 10.40000 1.14000 1.91000
v 10.32222 1.14000 1.87778
v 10.29000 1.14000 1.80000
v 10.32222 1.14000 1.72222
v 10.40000 1.14000 1.69000
v 10.47778 1.14000 1.72222
v 10.75000 0.90000 1.80000
v 10.71778 0.90000 1.87778
v 10.64000 0.90000 1.91000
v 10.56222 0.90000 1.87778
v 10.53000 0.90000 1.80000
v 10.56222 0.90000 1.72222
v 10.64000 0.90000 1.69000
v 10.71778 0.90000 1.72222
v 10.75000 1.14000 1.80000
v 10.71778 1.14000 1.87778
v 10.64000 1.14000 1.91000
v 10.56222 1.14000 1.87778
v 10.53000 1.14000 1.80000
v 10.56222 1.14000 1.72222
v 10.64000 1.14000 1.69000
v 10.71778 1.14000 1.72222
v 10.39000 1.14000 1.80000
v 10.35778 1.14000 1.87778
v 10.28000 1.14000 1.91000
v 10.20222 1.14000 1.87778
v 10.17000 1.14000 1.80000
v 10.20222 1.14000 1.72222
v 10.28000 1.14000 1.69000
v 10.35778 1.14000 1.72222
v 10.39000 1.38000 1.80000
v 10.35778 1.38000 1.87778
v 10.28000 1.38000 1.91000
v 10.20222 1.38000 1.87778
v 10.17000 1.38000 1.80000
v 10.20222 1.38000 1.72222
v 10.28000 1.38000 1.69000
v 10.35778 1.38000 1.72222
v 10.63000 1.14000 1.80000
v 10.59778 1.14000 1.87778
v 10.52000 1.14000 1.91000
v 10.44222 1.14000 1.87778
v 10.41000 1.14000 1.80000
v 10.44222 1.14000 1.72222
v 10.52000 1.14000 1.69000
v 10.59778 1.14000 1.72222
v 10.63000 1.38000 1.80000
v 10.59778 1.38000 1.87778
v 10.52000 1.38000 1.91000
v 10.44222 1.38000 1.87778
v 10.41000 1.38000 1.80000
v 10.44222 1.38000 1.72222
v 10.52000 1.38000 1.69000
v 10.59778 1.38000 1.72222
v 10.51000 1.38000 1.80000
v 10.47778 1.38000 1.87778
v 10.40000 1.38000 1.91000
v 10.32222 1.38000 1.87778
v 10.29000 1.38000 1.80000
v 10.32222 1.38000 1.72222
v 10.40000 1.38000 1.69000
v 10.47778 1.38000 1.72222
v 10.51000 1.62000 1.80000
v 10.47778 1.62000 1.87778
v 10.40000 1.62000 1.91000
v 10.32222 1.62000 1.87778
v 10.29000 1.62000 1.80000
v 10.32222 1.62000 1.72222
v 10.40000 1.62000 1.69000
v 10.47778 1.62000 1.72222
vn 0.9659 -0.2588 0.0000
vn 0.9659 -0.2588 0.0000
vn 0.7071 -0.7071 0.0000
vn 0.7071 -0.7071 0.0000
vn 0.2588 -0.9659 0.0000
vn 0.2588 -0.9659 0.0000
vn -0.2588 -0.9659 0.0000
vn -0.2588 -0.9659 -0.0000
vn -0.7071 -0.7071 0.0000
vn -0.7071 -0.7071 -0.0000
vn -0.9659 -0.2588 0.0000
vn -0.9659 -0.2588 -0.0000
vn -0.9659 0.2588 0.0000
vn -0.9659 0.2588 0.0000
vn -0.7071 0.7071 0.0000
vn -0.7071 0.7071 0.0000
vn -0.2588 0.9659 0.0000
vn -0.2588 0.9659 0.0000
vn 0.2588 0.9659 0.0000
vn 0.2588 0.9659 0.0000
vn 0.7071 0.7071 0.0000
vn 0.7071 0.7071 0.0000
vn 0.9659 0.2588 0.0000
vn 0.9659 0.2588 0.0000
vn 0.0000 0.0000 1.0000
vn 0.0000 0.0000 1.0000
vn 0.0000 0.0000 1.0000
vn 0.0000 0.0000 1.0000
vn 0.0000 0.0000 1.0000
vn 0.0000 0.0000 1.0000
vn 0.0000 0.0000 1.0000
vn 0.0000 0.0000 1.0000
vn 0.0000 0.0000 1.0000
vn 0.0000 0.0000 1.0000
vn 0.0000 0.0000 -1.0000
vn 0.0000 0.0000 -1.0000
vn 0.0000 0.0000 -1.0000
vn 0.0000 0.0000 -1.0000
vn -0.0000 0.0000 -1.0000
vn 0.0000 0.0000 -1.0000
vn 0.0000 0.0000 -1.0000
vn 0.0000 0.0000 -1.0000
vn 0.0000 0.0000 -1.0000
vn 0.0000 0.0000 -1.0000
vn 0.9659 -0.2588 0.0000
vn 0.9659 -0.2588 0.0000
vn 0.7071 -0.7071 0.0000
vn 0.7071 -0.7071 0.0000
vn 0.2588 -0.9659 0.0000
vn 0.2588 -0.9659 0.0000
vn -0.2588 -0.9659 0.0000
vn -0.2588 -0.9659 -0.0000
vn -0.7071 -0.7071 0.0000
vn -0.7071 -0.7071 -0.0000
vn -0.9659 -0.2588 0.0000
vn -0.9659 -0.2588 -0.0000
vn -0.9659 0.2588 0.0000
vn -0.9659 0.2588 0.0000
vn -0.7071 0.7071 0.0000
vn -0.7071 0.7071 0.0000
vn -0.2588 0.9659 0.0000
vn -0.2588 0.9659 0.0000
vn 0.2588 0.9659 0.0000
vn 0.2588 0.9659 0.0000
vn 0.7071 0.7071 0.0000
vn 0.7071 0.7071 0.0000
vn 0.9659 0.2588 0.0000
vn 0.9659 0.2588 0.0000
vn 0.0000 0.0000 1.0000
vn 0.0000 0.0000 1.0000
vn 0.0000 0.0000 1.0000
vn 0.0000 0.0000 1.0000
vn 0.0000 0.0000 1.0000
vn 0.0000 0.0000 1.0000
vn 0.0000 0.0000 1.0000
vn 0.0000 0.0000 1.0000
vn 0.0000 0.0000 1.0000
vn 0.0000 0.0000 1.0000
vn 0.9659 -0.2588 0.0000
vn 0.9659 -0.2588 0.0000
vn 0.7071 -0.7071 0.0000
vn 0.7071 -0.7071 0.0000
vn 0.2588 -0.9659 0.0000
vn 0.2588 -0.9659 0.0000
vn -0.2588 -0.9659 0.0000
vn -0.2588 -0.9659 -0.0000
vn -0.7071 -0.7071 0.0000
vn -0.7071 -0.7071 -0.0000
vn -0.9659 -0.2588 0.0000
vn -0.9659 -0.2588 -0.0000
vn -0.9659 0.2588 0.0000
vn -0.9659 0.2588 0.0000
vn -0.7071 0.7071 0.0000
vn -0.7071 0.7071 0.0000
vn -0.2588 0.9659 0.0000
vn -0.2588 0.9659 0.0000
vn 0.2588 0.9659 0.0000
vn 0.2588 0.9659 0.0000
vn 0.7071 0.7071 0.0000
vn 0.7071 0.7071 0.0000
vn 0.9659 0.2588 0.0000
vn 0.9659 0.2588 0.0000
vn 0.0000 0.0000 1.0000
vn 0.0000 0.0000 1.0000
vn 0.0000 0.0000 1.0000
vn 0.0000 0.0000 1.0000
vn 0.0000 0.0000 1.0000
vn 0.0000 0.0000 1.0000
vn 0.0000 0.0000 1.0000
vn 0.0000 0.0000 1.0000
vn 0.0000 0.0000 1.0000
vn 0.0000 0.0000 1.0000
vn 0.9511 -0.3090 0.0000
vn 0.9511 -0.3090 0.0000
vn 0.5878 -0.8090 0.0000
vn 0.5878 -0.8090 0.0000
vn 0.0000 -1.0000 0.0000
vn 0.0000 -1.0000 0.0000
vn -0.5878 -0.8090 0.0000
vn -0.5878 -0.8090 -0.0000
vn -0.9511 -0.3090 0.0000
vn -0.9511 -0.3090 -0.0000
vn -0.9511 0.3090 0.0000
vn -0.9511 0.3090 0.0000
vn -0.5878 0.8090 0.0000
vn -0.5878 0.8090 0.0000
vn -0.0000 1.0000 0.0000
vn 0.0000 1.0000 0.0000
vn 0.5878 0.8090 0.0000
vn 0.5878 0.8090 0.0000
vn 0.9511 0.3090 0.0000
vn 0.9511 0.3090 0.0000
vn 0.0000 0.0000 1.0000
vn 0.0000 0.0000 1.0000
vn 0.0000 0.0000 1.0000
vn 0.0000 0.0000 1.0000
vn 0.0000 0.0000 1.0000
vn 0.0000 0.0000 1.0000
vn 0.0000 0.0000 1.0000
vn 0.0000 0.0000 1.0000
vn -0.0000 1.0000 0.0000
vn 0.0000 1.0000 0.0000
vn 0.0000 0.0000 -1.0000
vn 0.0000 0.0000 -1.0000
vn 1.0000 0.0000 -0.0000
vn 1.0000 0.0000 0.0000
vn 0.0000 0.0000 1.0000
vn 0.0000 0.0000 1.0000
vn -1.0000 0.0000 -0.0000
vn -1.0000 -0.0000 0.0000
vn 0.0000 -1.0000 0.0000
vn 0.0000 -1.0000 0.0000
vn 0.9659 -0.2588 0.0000
vn 0.9659 -0.2588 0.0000
vn 0.7071 -0.7071 0.0000
vn 0.7071 -0.7071 0.0000
vn 0.2588 -0.9659 0.0000
vn 0.2588 -0.9659 0.0000
vn -0.2588 -0.9659 0.0000
vn -0.2588 -0.9659 -0.0000
vn -0.7071 -0.7071 0.0000
vn -0.7071 -0.7071 -0.0000
vn -0.9659 -0.2588 0.0000
vn -0.9659 -0.2588 -0.0000
vn -0.9659 0.2588 0.0000
vn -0.9659 0.2588 0.0000
vn -0.7071 0.7071 0.0000
vn -0.7071 0.7071 0.0000
vn -0.2588 0.9659 0.0000
vn -0.2588 0.9659 0.0000
vn 0.2588 0.9659 0.0000
vn 0.2588 0.9659 0.0000
vn 0.7071 0.7071 0.0000
vn 0.7071 0.7071 0.0000
vn 0.9659 0.2588 0.0000
vn 0.9659 0.2588 0.0000
vn 0.0000 0.0000 1.0000
vn 0.0000 0.0000 1.0000
vn 0.0000 0.0000 1.0000
vn 0.0000 0.0000 1.0000
vn 0.0000 0.0000 1.0000
vn 0.0000 0.0000 1.0000
vn 0.0000 0.0000 1.0000
vn 0.0000 0.0000 1.0000
vn 0.0000 0.0000 1.0000
vn 0.0000 0.0000 1.0000
vn 0.0000 0.0000 -1.0000
vn 0.0000 0.0000 -1.0000
vn 0.0000 0.0000 -1.0000
vn 0.0000 0.0000 -1.0000
vn -0.0000 0.0000 -1.0000
vn 0.0000 0.0000 -1.0000
vn 0.0000 0.0000 -1.0000
vn 0.0000 0.0000 -1.0000
vn 0.0000 0.0000 -1.0000
vn 0.0000 0.0000 -1.0000
vn 0.9659 -0.2588 0.0000
vn 0.9659 -0.2588 0.0000
vn 0.7071 -0.7071 0.0000
vn 0.7071 -0.7071 0.0000
vn 0.2588 -0.9659 0.0000
vn 0.2588 -0.9659 0.0000
vn -0.2588 -0.9659 0.0000
vn -0.2588 -0.9659 -0.0000
vn -0.7071 -0.7071 0.0000
vn -0.7071 -0.7071 -0.0000
vn -0.9659 -0.2588 0.0000
vn -0.9659 -0.2588 -0.0000
vn -0.9659 0.2588 0.0000
vn -0.9659 0.2588 0.0000
vn -0.7071 0.7071 0.0000
vn -0.7071 0.7071 0.0000
vn -0.2588 0.9659 0.0000
vn -0.2588 0.9659 0.0000
vn 0.2588 0.9659 0.0000
vn 0.2588 0.9659 0.0000
vn 0.7071 0.7071 0.0000
vn 0.7071 0.7071 0.0000
vn 0.9659 0.2588 0.0000
vn 0.9659 0.2588 0.0000
vn 0.0000 0.0000 1.0000
vn 0.0000 0.0000 1.0000
vn 0.0000 0.0000 1.0000
vn 0.0000 0.0000 1.0000
vn 0.0000 0.0000 1.0000
vn 0.0000 0.0000 1.0000
vn 0.0000 0.0000 1.0000
vn 0.0000 0.0000 1.0000
vn 0.0000 0.0000 1.0000
vn 0.0000 0.0000 1.0000
vn 0.9659 -0.2588 0.0000
vn 0.9659 -0.2588 0.0000
vn 0.7071 -0.7071 0.0000
vn 0.7071 -0.7071 0.0000
vn 0.2588 -0.9659 0.0000
vn 0.2588 -0.9659 0.0000
vn -0.2588 -0.9659 0.0000
vn -0.2588 -0.9659 -0.0000
vn -0.7071 -0.7071 0.0000
vn -0.7071 -0.7071 -0.0000
vn -0.9659 -0.2588 0.0000
vn -0.9659 -0.2588 -0.0000
vn -0.9659 0.2588 0.0000
vn -0.9659 0.2588 0.0000
vn -0.7071 0.7071 0.0000
vn -0.7071 0.7071 0.0000
vn -0.2588 0.9659 0.0000
vn -0.2588 0.9659 0.0000
vn 0.2588 0.9659 0.0000
vn 0.2588 0.9659 0.0000
vn 0.7071 0.7071 0.0000
vn 0.7071 0.7071 0.0000
vn 0.9659 0.2588 0.0000
vn 0.9659 0.2588 0.0000
vn 0.0000 0.0000 1.0000
vn 0.0000 0.0000 1.0000
vn 0.0000 0.0000 1.0000
vn 0.0000 0.0000 1.0000
vn 0.0000 0.0000 1.0000
vn 0.0000 0.0000 1.0000
vn 0.0000 0.0000 1.0000
vn 0.0000 0.0000 1.0000
vn 0.0000 0.0000 1.0000
vn 0.0000 0.0000 1.0000
vn 0.9511 -0.3090 0.0000
vn 0.9511 -0.3090 0.0000
vn 0.5878 -0.8090 0.0000
vn 0.5878 -0.8090 0.0000
vn 0.0000 -1.0000 0.0000
vn 0.0000 -1.0000 0.0000
vn -0.5878 -0.8090 0.0000
vn -0.5878 -0.8090 -0.0000
vn -0.9511 -0.3090 0.0000
vn -0.9511 -0.3090 -0.0000
vn -0.9511 0.3090 0.0000
vn -0.9511 0.3090 0.0000
vn -0.5878 0.8090 0.0000
vn -0.5878 0.8090 0.0000
vn -0.0000 1.0000 0.0000
vn 0.0000 1.0000 0.0000
vn 0.5878 0.8090 0.0000
vn 0.5878 0.8090 0.0000
vn 0.9511 0.3090 0.0000
vn 0.9511 0.3090 0.0000
vn 0.0000 0.0000 1.0000
vn 0.0000 0.0000 1.0000
vn 0.0000 0.0000 1.0000
vn 0.0000 0.0000 1.0000
vn 0.0000 0.0000 1.0000
vn 0.0000 0.0000 1.0000
vn 0.0000 0.0000 1.0000
vn 0.0000 0.0000 1.0000
vn 0.0000 0.0000 1.0000
vn 0.0000 0.0000 1.0000
vn 0.0000 0.0000 1.0000
vn 0.0000 0.0000 1.0000
vn -0.0000 1.0000 0.0000
vn 0.0000 1.0000 0.0000
vn 0.0000 0.0000 -1.0000
vn 0.0000 0.0000 -1.0000
vn 1.0000 0.0000 -0.0000
vn 1.0000 0.0000 0.0000
vn 0.0000 0.0000 1.0000
vn 0.0000 0.0000 1.0000
vn -1.0000 0.0000 -0.0000
vn -1.0000 -0.0000 0.0000
vn 0.0000 -1.0000 0.0000
vn 0.0000 -1.0000 0.0000
vn -0.1736 -0.0000 0.9848
vn -0.1736 0.0000 0.9848
vn -0.1736 -0.0000 0.9848
vn -0.1736 0.0000 0.9848
vn -0.1736 -0.0000 0.9848
vn -0.1736 -0.0000 0.9848
vn -0.1736 0.0000 0.9848
vn -0.1736 0.0000 0.9848
vn -0.1736 0.0000 0.9848
vn -0.1736 0.0000 0.9848
vn -0.1736 -0.0000 0.9848
vn -0.1736 -0.0000 0.9848
vn -0.1736 -0.0000 0.9848
vn -0.1736 0.0000 0.9848
vn -0.1736 -0.0000 0.9848
vn -0.1736 -0.0000 0.9848
vn 0.1736 0.0000 -0.9848
vn 0.1736 -0.0000 -0.9848
vn 0.1736 0.0000 -0.9848
vn 0.1736 -0.0000 -0.9848
vn 0.1736 0.0000 -0.9848
vn 0.1736 -0.0000 -0.9848
vn 0.1736 -0.0000 -0.9848
vn 0.1736 -0.0000 -0.9848
vn 0.1736 0.0000 -0.9848
vn 0.1736 0.0000 -0.9848
vn 0.1736 -0.0000 -0.9848
vn 0.1736 0.0000 -0.9848
vn 0.1736 0.0000 -0.9848
vn 0.1736 -0.0000 -0.9848
vn 0.1736 -0.0000 -0.9848
vn 0.1736 -0.0000 -0.9848
vn 0.0000 -1.0000 0.0000
vn 0.0000 -1.0000 0.0000
vn 0.9833 -0.0555 0.1734
vn 0.9833 -0.0555 0.1734
vn 0.8014 -0.5812 0.1413
vn 0.8014 -0.5812 0.1413
vn 0.1393 0.9899 0.0246
vn 0.1393 0.9899 0.0246
vn 0.9714 -0.1644 0.1713
vn 0.9714 -0.1644 0.1713
vn 0.0562 -0.9984 0.0099
vn 0.0562 -0.9984 0.0099
vn 0.8808 0.4472 0.1553
vn 0.8808 0.4472 0.1553
vn 0.0841 0.9963 0.0148
vn 0.0841 0.9963 0.0148
vn 0.9590 0.2272 0.1691
vn 0.9590 0.2272 0.1691
vn 0.0000 1.0000 0.0000
vn 0.0000 1.0000 0.0000
vn -0.9590 0.2272 -0.1691
vn -0.9590 0.2272 -0.1691
vn -0.0841 0.9963 -0.0148
vn -0.0841 0.9963 -0.0148
vn -0.8808 0.4472 -0.1553
vn -0.8808 0.4472 -0.1553
vn -0.0562 -0.9984 -0.0099
vn -0.0562 -0.9984 -0.0099
vn -0.9714 -0.1644 -0.1713
vn -0.9714 -0.1644 -0.1713
vn -0.1393 0.9899 -0.0246
vn -0.1393 0.9899 -0.0246
vn -0.8014 -0.5812 -0.1413
vn -0.8014 -0.5812 -0.1413
vn -0.9833 -0.0555 -0.1734
vn -0.9833 -0.0555 -0.1734
vn 0.0000 1.0000 0.0000
vn -0.0000 1.0000 0.0000
vn 0.1736 0.0000 -0.9848
vn 0.1736 0.0000 -0.9848
vn 0.9848 0.0000 0.1736
vn 0.9848 0.0000 0.1736
vn -0.1736 0.0000 0.9848
vn -0.1736 0.0000 0.9848
vn -0.9848 0.0000 -0.1736
vn -0.9848 -0.0000 -0.1736
vn -0.0000 -1.0000 0.0000
vn 0.0000 -1.0000 0.0000
vn 0.5774 -0.5774 0.5774
vn -0.5774 -0.5774 0.5774
vn -0.5774 -0.5774 -0.5774
vn 0.5774 -0.5774 -0.5774
vn 0.5774 0.5774 0.5774
vn -0.5774 0.5774 0.5774
vn -0.5774 0.5774 -0.5774
vn 0.5774 0.5774 -0.5774
vn 0.5774 -0.5774 0.5774
vn -0.5774 -0.5774 0.5774
vn -0.5774 -0.5774 -0.5774
vn 0.5774 -0.5774 -0.5774
vn 0.5774 0.5774 0.5774
vn -0.5774 0.5774 0.5774
vn -0.5774 0.5774 -0.5774
vn 0.5774 0.5774 -0.5774
vn 0.5774 -0.5774 0.5774
vn -0.5774 -0.5774 0.5774
vn -0.5774 -0.5774 -0.5774
vn 0.5774 -0.5774 -0.5774
vn 0.5774 0.5774 0.5774
vn -0.5774 0.5774 0.5774
vn -0.5774 0.5774 -0.5774
vn 0.5774 0.5774 -0.5774
vn 0.0000 -1.0000 0.0000
vn -0.0000 -1.0000 0.0000
vn 0.0000 -1.0000 -0.0000
vn 0.0000 -1.0000 -0.0000
vn 0.0000 -1.0000 0.0000
vn 0.0000 -1.0000 0.0000
vn 0.0000 -1.0000 0.0000
vn 0.0000 -1.0000 0.0000
vn 0.9109 -0.1669 0.3773
vn 0.9109 -0.1669 0.3773
vn 0.3773 -0.1669 0.9109
vn 0.3773 -0.1669 0.9109
vn -0.3773 -0.1669 0.9109
vn -0.3773 -0.1669 0.9109
vn -0.9109 -0.1669 0.3773
vn -0.9109 -0.1669 0.3773
vn -0.9109 -0.1669 -0.3773
vn -0.9109 -0.1669 -0.3773
vn -0.3773 -0.1669 -0.9109
vn -0.3773 -0.1669 -0.9109
vn 0.3773 -0.1669 -0.9109
vn 0.3773 -0.1669 -0.9109
vn 0.9109 -0.1669 -0.3773
vn 0.9109 -0.1669 -0.3773
vn 0.9239 0.0000 0.3827
vn 0.9239 0.0000 0.3827
vn 0.3827 0.0000 0.9239
vn 0.3827 0.0000 0.9239
vn -0.3827 0.0000 0.9239
vn -0.3827 0.0000 0.9239
vn -0.9239 0.0000 0.3827
vn -0.9239 0.0000 0.3827
vn -0.9239 0.0000 -0.3827
vn -0.9239 -0.0000 -0.3827
vn -0.3827 0.0000 -0.9239
vn -0.3827 -0.0000 -0.9239
vn 0.3827 0.0000 -0.9239
vn 0.3827 0.0000 -0.9239
vn 0.9239 0.0000 -0.3827
vn 0.9239 0.0000 -0.3827
vn 0.9109 0.1669 0.3773
vn 0.9109 0.1669 0.3773
vn 0.3773 0.1669 0.9109
vn 0.3773 0.1669 0.9109
vn -0.3773 0.1669 0.9109
vn -0.3773 0.1669 0.9109
vn -0.9109 0.1669 0.3773
vn -0.9109 0.1669 0.3773
vn -0.9109 0.1669 -0.3773
vn -0.9109 0.1669 -0.3773
vn -0.3773 0.1669 -0.9109
vn -0.3773 0.1669 -0.9109
vn 0.3773 0.1669 -0.9109
vn 0.3773 0.1669 -0.9109
vn 0.9109 0.1669 -0.3773
vn 0.9109 0.1669 -0.3773
vn 0.0000 1.0000 0.0000
vn 0.0000 1.0000 0.0000
vn 0.0000 1.0000 -0.0000
vn 0.0000 1.0000 0.0000
vn 0.0000 1.0000 0.0000
vn 0.0000 1.0000 0.0000
vn 0.0000 1.0000 0.0000
vn -0.0000 1.0000 0.0000
vn 0.9024 -0.2146 0.3738
vn 0.9024 -0.2146 0.3738
vn 0.3738 -0.2146 0.9024
vn 0.3738 -0.2146 0.9024
vn -0.3738 -0.2146 0.9024
vn -0.3738 -0.2146 0.9024
vn -0.9024 -0.2146 0.3738
vn -0.9024 -0.2146 0.3738
vn -0.9024 -0.2146 -0.3738
vn -0.9024 -0.2146 -0.3738
vn -0.3738 -0.2146 -0.9024
vn -0.3738 -0.2146 -0.9024
vn 0.3738 -0.2146 -0.9024
vn 0.3738 -0.2146 -0.9024
vn 0.9024 -0.2146 -0.3738
vn 0.9024 -0.2146 -0.3738
vn 0.9024 0.2146 0.3738
vn 0.9024 0.2146 0.3738
vn 0.3738 0.2146 0.9024
vn 0.3738 0.2146 0.9024
vn -0.3738 0.2146 0.9024
vn -0.3738 0.2146 0.9024
vn -0.9024 0.2146 0.3738
vn -0.9024 0.2146 0.3738
vn -0.9024 0.2146 -0.3738
vn -0.9024 0.2146 -0.3738
vn -0.3738 0.2146 -0.9024
vn -0.3738 0.2146 -0.9024
vn 0.3738 0.2146 -0.9024
vn 0.3738 0.2146 -0.9024
vn 0.9024 0.2146 -0.3738
vn 0.9024 0.2146 -0.3738
vn 0.9239 0.0000 0.3827
vn 0.9239 0.0000 0.3827
vn 0.3827 0.0000 0.9239
vn 0.3827 0.0000 0.9239
vn -0.3827 0.0000 0.9239
vn -0.3827 0.0000 0.9239
vn -0.9239 0.0000 0.3827
vn -0.9239 0.0000 0.3827
vn -0.9239 0.0000 -0.3827
vn -0.9239 -0.0000 -0.3827
vn -0.3827 0.0000 -0.9239
vn -0.3827 -0.0000 -0.9239
vn 0.3827 0.0000 -0.9239
vn 0.3827 0.0000 -0.9239
vn 0.9239 0.0000 -0.3827
vn 0.9239 0.0000 -0.3827
vn 0.0000 1.0000 0.0000
vn 0.0000 1.0000 0.0000
vn 0.0000 1.0000 0.0000
vn 0.0000 1.0000 0.0000
vn 0.0000 1.0000 -0.0000
vn 0.0000 1.0000 0.0000
vn 0.0000 -1.0000 0.0000
vn 0.0000 -1.0000 0.0000
vn 0.0000 -1.0000 0.0000
vn -0.0000 -1.0000 0.0000
vn 0.0000 -1.0000 0.0000
vn 0.0000 -1.0000 0.0000
vn 0.9239 0.0000 0.3827
vn 0.9239 0.0000 0.3827
vn 0.3827 0.0000 0.9239
vn 0.3827 0.0000 0.9239
vn -0.3827 0.0000 0.9239
vn -0.3827 0.0000 0.9239
vn -0.9239 0.0000 0.3827
vn -0.9239 0.0000 0.3827
vn -0.9239 0.0000 -0.3827
vn -0.9239 -0.0000 -0.3827
vn -0.3827 0.0000 -0.9239
vn -0.3827 -0.0000 -0.9239
vn 0.3827 0.0000 -0.9239
vn 0.3827 0.0000 -0.9239
vn 0.9239 0.0000 -0.3827
vn 0.9239 0.0000 -0.3827
vn 0.0000 1.0000 0.0000
vn 0.0000 1.0000 0.0000
vn 0.0000 1.0000 0.0000
vn 0.0000 1.0000 0.0000
vn 0.0000 1.0000 -0.0000
vn 0.0000 1.0000 0.0000
vn 0.0000 -1.0000 0.0000
vn 0.0000 -1.0000 0.0000
vn 0.0000 -1.0000 0.0000
vn -0.0000 -1.0000 0.0000
vn 0.0000 -1.0000 0.0000
vn 0.0000 -1.0000 0.0000
vn 0.9239 0.0000 0.3827
vn 0.9239 0.0000 0.3827
vn 0.3827 0.0000 0.9239
vn 0.3827 0.0000 0.9239
vn -0.3827 0.0000 0.9239
vn -0.3827 0.0000 0.9239
vn -0.9239 0.0000 0.3827
vn -0.9239 0.0000 0.3827
vn -0.9239 0.0000 -0.3827
vn -0.9239 -0.0000 -0.3827
vn -0.3827 0.0000 -0.9239
vn -0.3827 -0.0000 -0.9239
vn 0.3827 0.0000 -0.9239
vn 0.3827 0.0000 -0.9239
vn 0.9239 0.0000 -0.3827
vn 0.9239 0.0000 -0.3827
vn 0.0000 1.0000 0.0000
vn 0.0000 1.0000 0.0000
vn 0.0000 1.0000 0.0000
vn 0.0000 1.0000 0.0000
vn 0.0000 1.0000 -0.0000
vn 0.0000 1.0000 0.0000
vn 0.0000 -1.0000 0.0000
vn 0.0000 -1.0000 0.0000
vn 0.0000 -1.0000 0.0000
vn -0.0000 -1.0000 0.0000
vn 0.0000 -1.0000 0.0000
vn 0.0000 -1.0000 0.0000
vn 0.9239 0.0000 0.3827
vn 0.9239 0.0000 0.3827
vn 0.3827 0.0000 0.9239
vn 0.3827 0.0000 0.9239
vn -0.3827 0.0000 0.9239
vn -0.3827 0.0000 0.9239
vn -0.9239 0.0000 0.3827
vn -0.9239 0.0000 0.3827
vn -0.9239 0.0000 -0.3827
vn -0.9239 -0.0000 -0.3827
vn -0.3827 0.0000 -0.9239
vn -0.3827 -0.0000 -0.9239
vn 0.3827 0.0000 -0.9239
vn 0.3827 0.0000 -0.9239
vn 0.9239 0.0000 -0.3827
vn 0.9239 0.0000 -0.3827
vn 0.0000 1.0000 0.0000
vn 0.0000 1.0000 0.0000
vn 0.0000 1.0000 0.0000
vn 0.0000 1.0000 0.0000
vn 0.0000 1.0000 -0.0000
vn 0.0000 1.0000 0.0000
vn 0.0000 -1.0000 0.0000
vn 0.0000 -1.0000 0.0000
vn 0.0000 -1.0000 0.0000
vn -0.0000 -1.0000 0.0000
vn 0.0000 -1.0000 0.0000
vn 0.0000 -1.0000 0.0000
vn 0.9239 0.0000 0.3827
vn 0.9239 0.0000 0.3827
vn 0.3827 0.0000 0.9239
vn 0.3827 0.0000 0.9239
vn -0.3827 0.0000 0.9239
vn -0.3827 0.0000 0.9239
vn -0.9239 0.0000 0.3827
vn -0.9239 0.0000 0.3827
vn -0.9239 0.0000 -0.3827
vn -0.9239 -0.0000 -0.3827
vn -0.3827 0.0000 -0.9239
vn -0.3827 -0.0000 -0.9239
vn 0.3827 0.0000 -0.9239
vn 0.3827 0.0000 -0.9239
vn 0.9239 0.0000 -0.3827
vn 0.9239 0.0000 -0.3827
vn 0.0000 1.0000 0.0000
vn 0.0000 1.0000 0.0000
vn 0.0000 1.0000 0.0000
vn 0.0000 1.0000 0.0000
vn 0.0000 1.0000 -0.0000
vn 0.0000 1.0000 0.0000
vn 0.0000 -1.0000 0.0000
vn 0.0000 -1.0000 0.0000
vn 0.0000 -1.0000 0.0000
vn -0.0000 -1.0000 0.0000
vn 0.0000 -1.0000 0.0000
vn 0.0000 -1.0000 0.0000
vn 0.9239 0.0000 0.3827
vn 0.9239 0.0000 0.3827
vn 0.3827 0.0000 0.9239
vn 0.3827 0.0000 0.9239
vn -0.3827 0.0000 0.9239
vn -0.3827 0.0000 0.9239
vn -0.9239 0.0000 0.3827
vn -0.9239 0.0000 0.3827
vn -0.9239 0.0000 -0.3827
vn -0.9239 -0.0000 -0.3827
vn -0.3827 0.0000 -0.9239
vn -0.3827 -0.0000 -0.9239
vn 0.3827 0.0000 -0.9239
vn 0.3827 0.0000 -0.9239
vn 0.9239 0.0000 -0.3827
vn 0.9239 0.0000 -0.3827
vn 0.0000 1.0000 0.0000
vn 0.0000 1.0000 0.0000
vn 0.0000 1.0000 0.0000
vn 0.0000 1.0000 0.0000
vn 0.0000 1.0000 -0.0000
vn 0.0000 1.0000 0.0000
vn 0.0000 -1.0000 0.0000
vn 0.0000 -1.0000 0.0000
vn 0.0000 -1.0000 0.0000
vn -0.0000 -1.0000 0.0000
vn 0.0000 -1.0000 0.0000
vn 0.0000 -1.0000 0.0000
usemtl Mat_Bone
f 3722//5503 3723//5503 3711//5503
f 3722//5504 3711//5504 3710//5504
f 3723//5505 3724//5505 3712//5505
f 3723//5506 3712//5506 3711//5506
f 3724//5507 3725//5507 3713//5507
f 3724//5508 3713//5508 3712//5508
f 3725//5509 3726//5509 3714//5509
f 3725//5510 3714//5510 3713//5510
f 3726//5511 3727//5511 3715//5511
f 3726//5512 3715//5512 3714//5512
f 3727//5513 3728//5513 3716//5513
f 3727//5514 3716//5514 3715//5514
f 3728//5515 3729//5515 3717//5515
f 3728//5516 3717//5516 3716//5516
f 3729//5517 3730//5517 3718//5517
f 3729//5518 3718//5518 3717//5518
f 3730//5519 3731//5519 3719//5519
f 3730//5520 3719//5520 3718//5520
f 3731//5521 3732//5521 3720//5521
f 3731//5522 3720//5522 3719//5522
f 3732//5523 3733//5523 3721//5523
f 3732//5524 3721//5524 3720//5524
f 3733//5525 3722//5525 3710//5525
f 3733//5526 3710//5526 3721//5526
f 3733//5527 3732//5527 3731//5527
f 3733//5528 3731//5528 3730//5528
f 3733//5529 3730//5529 3729//5529
f 3733//5530 3729//5530 3728//5530
f 3733//5531 3728//5531 3727//5531
f 3733//5532 3727//5532 3726//5532
f 3733//5533 3726//5533 3725//5533
f 3733//5534 3725//5534 3724//5534
f 3733//5535 3724//5535 3723//5535
f 3733//5536 3723//5536 3722//5536
f 3710//5537 3711//5537 3712//5537
f 3710//5538 3712//5538 3713//5538
f 3710//5539 3713//5539 3714//5539
f 3710//5540 3714//5540 3715//5540
f 3710//5541 3715//5541 3716//5541
f 3710//5542 3716//5542 3717//5542
f 3710//5543 3717//5543 3718//5543
f 3710//5544 3718//5544 3719//5544
f 3710//5545 3719//5545 3720//5545
f 3710//5546 3720//5546 3721//5546
usemtl Mat_HeroRed
f 3746//5547 3747//5547 3735//5547
f 3746//5548 3735//5548 3734//5548
f 3747//5549 3748//5549 3736//5549
f 3747//5550 3736//5550 3735//5550
f 3748//5551 3749//5551 3737//5551
f 3748//5552 3737//5552 3736//5552
f 3749//5553 3750//5553 3738//5553
f 3749//5554 3738//5554 3737//5554
f 3750//5555 3751//5555 3739//5555
f 3750//5556 3739//5556 3738//5556
f 3751//5557 3752//5557 3740//5557
f 3751//5558 3740//5558 3739//5558
f 3752//5559 3753//5559 3741//5559
f 3752//5560 3741//5560 3740//5560
f 3753//5561 3754//5561 3742//5561
f 3753//5562 3742//5562 3741//5562
f 3754//5563 3755//5563 3743//5563
f 3754//5564 3743//5564 3742//5564
f 3755//5565 3756//5565 3744//5565
f 3755//5566 3744//5566 3743//5566
f 3756//5567 3757//5567 3745//5567
f 3756//5568 3745//5568 3744//5568
f 3757//5569 3746//5569 3734//5569
f 3757//5570 3734//5570 3745//5570
f 3757//5571 3756//5571 3755//5571
f 3757//5572 3755//5572 3754//5572
f 3757//5573 3754//5573 3753//5573
f 3757//5574 3753//5574 3752//5574
f 3757//5575 3752//5575 3751//5575
f 3757//5576 3751//5576 3750//5576
f 3757//5577 3750//5577 3749//5577
f 3757//5578 3749//5578 3748//5578
f 3757//5579 3748//5579 3747//5579
f 3757//5580 3747//5580 3746//5580
usemtl Mat_Bone
f 3770//5581 3771//5581 3759//5581
f 3770//5582 3759//5582 3758//5582
f 3771//5583 3772//5583 3760//5583
f 3771//5584 3760//5584 3759//5584
f 3772//5585 3773//5585 3761//5585
f 3772//5586 3761//5586 3760//5586
f 3773//5587 3774//5587 3762//5587
f 3773//5588 3762//5588 3761//5588
f 3774//5589 3775//5589 3763//5589
f 3774//5590 3763//5590 3762//5590
f 3775//5591 3776//5591 3764//5591
f 3775//5592 3764//5592 3763//5592
f 3776//5593 3777//5593 3765//5593
f 3776//5594 3765//5594 3764//5594
f 3777//5595 3778//5595 3766//5595
f 3777//5596 3766//5596 3765//5596
f 3778//5597 3779//5597 3767//5597
f 3778//5598 3767//5598 3766//5598
f 3779//5599 3780//5599 3768//5599
f 3779//5600 3768//5600 3767//5600
f 3780//5601 3781//5601 3769//5601
f 3780//5602 3769//5602 3768//5602
f 3781//5603 3770//5603 3758//5603
f 3781//5604 3758//5604 3769//5604
f 3781//5605 3780//5605 3779//5605
f 3781//5606 3779//5606 3778//5606
f 3781//5607 3778//5607 3777//5607
f 3781//5608 3777//5608 3776//5608
f 3781//5609 3776//5609 3775//5609
f 3781//5610 3775//5610 3774//5610
f 3781//5611 3774//5611 3773//5611
f 3781//5612 3773//5612 3772//5612
f 3781//5613 3772//5613 3771//5613
f 3781//5614 3771//5614 3770//5614
usemtl Mat_NeonLaser
f 3792//5615 3793//5615 3783//5615
f 3792//5616 3783//5616 3782//5616
f 3793//5617 3794//5617 3784//5617
f 3793//5618 3784//5618 3783//5618
f 3794//5619 3795//5619 3785//5619
f 3794//5620 3785//5620 3784//5620
f 3795//5621 3796//5621 3786//5621
f 3795//5622 3786//5622 3785//5622
f 3796//5623 3797//5623 3787//5623
f 3796//5624 3787//5624 3786//5624
f 3797//5625 3798//5625 3788//5625
f 3797//5626 3788//5626 3787//5626
f 3798//5627 3799//5627 3789//5627
f 3798//5628 3789//5628 3788//5628
f 3799//5629 3800//5629 3790//5629
f 3799//5630 3790//5630 3789//5630
f 3800//5631 3801//5631 3791//5631
f 3800//5632 3791//5632 3790//5632
f 3801//5633 3792//5633 3782//5633
f 3801//5634 3782//5634 3791//5634
f 3801//5635 3800//5635 3799//5635
f 3801//5636 3799//5636 3798//5636
f 3801//5637 3798//5637 3797//5637
f 3801//5638 3797//5638 3796//5638
f 3801//5639 3796//5639 3795//5639
f 3801//5640 3795//5640 3794//5640
f 3801//5641 3794//5641 3793//5641
f 3801//5642 3793//5642 3792//5642
usemtl Mat_DarkWood
f 3809//5643 3808//5643 3807//5643
f 3809//5644 3807//5644 3806//5644
f 3806//5645 3807//5645 3803//5645
f 3806//5646 3803//5646 3802//5646
f 3807//5647 3808//5647 3804//5647
f 3807//5648 3804//5648 3803//5648
f 3808//5649 3809//5649 3805//5649
f 3808//5650 3805//5650 3804//5650
f 3809//5651 3806//5651 3802//5651
f 3809//5652 3802//5652 3805//5652
f 3803//5653 3804//5653 3805//5653
f 3803//5654 3805//5654 3802//5654
usemtl Mat_Bone
f 3822//5655 3823//5655 3811//5655
f 3822//5656 3811//5656 3810//5656
f 3823//5657 3824//5657 3812//5657
f 3823//5658 3812//5658 3811//5658
f 3824//5659 3825//5659 3813//5659
f 3824//5660 3813//5660 3812//5660
f 3825//5661 3826//5661 3814//5661
f 3825//5662 3814//5662 3813//5662
f 3826//5663 3827//5663 3815//5663
f 3826//5664 3815//5664 3814//5664
f 3827//5665 3828//5665 3816//5665
f 3827//5666 3816//5666 3815//5666
f 3828//5667 3829//5667 3817//5667
f 3828//5668 3817//5668 3816//5668
f 3829//5669 3830//5669 3818//5669
f 3829//5670 3818//5670 3817//5670
f 3830//5671 3831//5671 3819//5671
f 3830//5672 3819//5672 3818//5672
f 3831//5673 3832//5673 3820//5673
f 3831//5674 3820//5674 3819//5674
f 3832//5675 3833//5675 3821//5675
f 3832//5676 3821//5676 3820//5676
f 3833//5677 3822//5677 3810//5677
f 3833//5678 3810//5678 3821//5678
f 3833//5679 3832//5679 3831//5679
f 3833//5680 3831//5680 3830//5680
f 3833//5681 3830//5681 3829//5681
f 3833//5682 3829//5682 3828//5682
f 3833//5683 3828//5683 3827//5683
f 3833//5684 3827//5684 3826//5684
f 3833//5685 3826//5685 3825//5685
f 3833//5686 3825//5686 3824//5686
f 3833//5687 3824//5687 3823//5687
f 3833//5688 3823//5688 3822//5688
f 3810//5689 3811//5689 3812//5689
f 3810//5690 3812//5690 3813//5690
f 3810//5691 3813//5691 3814//5691
f 3810//5692 3814//5692 3815//5692
f 3810//5693 3815//5693 3816//5693
f 3810//5694 3816//5694 3817//5694
f 3810//5695 3817//5695 3818//5695
f 3810//5696 3818//5696 3819//5696
f 3810//5697 3819//5697 3820//5697
f 3810//5698 3820//5698 3821//5698
usemtl Mat_HeroRed
f 3846//5699 3847//5699 3835//5699
f 3846//5700 3835//5700 3834//5700
f 3847//5701 3848//5701 3836//5701
f 3847//5702 3836//5702 3835//5702
f 3848//5703 3849//5703 3837//5703
f 3848//5704 3837//5704 3836//5704
f 3849//5705 3850//5705 3838//5705
f 3849//5706 3838//5706 3837//5706
f 3850//5707 3851//5707 3839//5707
f 3850//5708 3839//5708 3838//5708
f 3851//5709 3852//5709 3840//5709
f 3851//5710 3840//5710 3839//5710
f 3852//5711 3853//5711 3841//5711
f 3852//5712 3841//5712 3840//5712
f 3853//5713 3854//5713 3842//5713
f 3853//5714 3842//5714 3841//5714
f 3854//5715 3855//5715 3843//5715
f 3854//5716 3843//5716 3842//5716
f 3855//5717 3856//5717 3844//5717
f 3855//5718 3844//5718 3843//5718
f 3856//5719 3857//5719 3845//5719
f 3856//5720 3845//5720 3844//5720
f 3857//5721 3846//5721 3834//5721
f 3857//5722 3834//5722 3845//5722
f 3857//5723 3856//5723 3855//5723
f 3857//5724 3855//5724 3854//5724
f 3857//5725 3854//5725 3853//5725
f 3857//5726 3853//5726 3852//5726
f 3857//5727 3852//5727 3851//5727
f 3857//5728 3851//5728 3850//5728
f 3857//5729 3850//5729 3849//5729
f 3857//5730 3849//5730 3848//5730
f 3857//5731 3848//5731 3847//5731
f 3857//5732 3847//5732 3846//5732
usemtl Mat_Bone
f 3870//5733 3871//5733 3859//5733
f 3870//5734 3859//5734 3858//5734
f 3871//5735 3872//5735 3860//5735
f 3871//5736 3860//5736 3859//5736
f 3872//5737 3873//5737 3861//5737
f 3872//5738 3861//5738 3860//5738
f 3873//5739 3874//5739 3862//5739
f 3873//5740 3862//5740 3861//5740
f 3874//5741 3875//5741 3863//5741
f 3874//5742 3863//5742 3862//5742
f 3875//5743 3876//5743 3864//5743
f 3875//5744 3864//5744 3863//5744
f 3876//5745 3877//5745 3865//5745
f 3876//5746 3865//5746 3864//5746
f 3877//5747 3878//5747 3866//5747
f 3877//5748 3866//5748 3865//5748
f 3878//5749 3879//5749 3867//5749
f 3878//5750 3867//5750 3866//5750
f 3879//5751 3880//5751 3868//5751
f 3879//5752 3868//5752 3867//5752
f 3880//5753 3881//5753 3869//5753
f 3880//5754 3869//5754 3868//5754
f 3881//5755 3870//5755 3858//5755
f 3881//5756 3858//5756 3869//5756
f 3881//5757 3880//5757 3879//5757
f 3881//5758 3879//5758 3878//5758
f 3881//5759 3878//5759 3877//5759
f 3881//5760 3877//5760 3876//5760
f 3881//5761 3876//5761 3875//5761
f 3881//5762 3875//5762 3874//5762
f 3881//5763 3874//5763 3873//5763
f 3881//5764 3873//5764 3872//5764
f 3881//5765 3872//5765 3871//5765
f 3881//5766 3871//5766 3870//5766
usemtl Mat_NeonLaser
f 3892//5767 3893//5767 3883//5767
f 3892//5768 3883//5768 3882//5768
f 3893//5769 3894//5769 3884//5769
f 3893//5770 3884//5770 3883//5770
f 3894//5771 3895//5771 3885//5771
f 3894//5772 3885//5772 3884//5772
f 3895//5773 3896//5773 3886//5773
f 3895//5774 3886//5774 3885//5774
f 3896//5775 3897//5775 3887//5775
f 3896//5776 3887//5776 3886//5776
f 3897//5777 3898//5777 3888//5777
f 3897//5778 3888//5778 3887//5778
f 3898//5779 3899//5779 3889//5779
f 3898//5780 3889//5780 3888//5780
f 3899//5781 3900//5781 3890//5781
f 3899//5782 3890//5782 3889//5782
f 3900//5783 3901//5783 3891//5783
f 3900//5784 3891//5784 3890//5784
f 3901//5785 3892//5785 3882//5785
f 3901//5786 3882//5786 3891//5786
f 3901//5787 3900//5787 3899//5787
f 3901//5788 3899//5788 3898//5788
f 3901//5789 3898//5789 3897//5789
f 3901//5790 3897//5790 3896//5790
f 3901//5791 3896//5791 3895//5791
f 3901//5792 3895//5792 3894//5792
f 3901//5793 3894//5793 3893//5793
f 3901//5794 3893//5794 3892//5794
usemtl Mat_Void
f 3902//5795 3903//5795 3904//5795
f 3902//5796 3904//5796 3905//5796
f 3902//5797 3905//5797 3906//5797
f 3902//5798 3906//5798 3907//5798
usemtl Mat_DarkWood
f 3915//5799 3914//5799 3913//5799
f 3915//5800 3913//5800 3912//5800
f 3912//5801 3913//5801 3909//5801
f 3912//5802 3909//5802 3908//5802
f 3913//5803 3914//5803 3910//5803
f 3913//5804 3910//5804 3909//5804
f 3914//5805 3915//5805 3911//5805
f 3914//5806 3911//5806 3910//5806
f 3915//5807 3912//5807 3908//5807
f 3915//5808 3908//5808 3911//5808
f 3909//5809 3910//5809 3911//5809
f 3909//5810 3911//5810 3908//5810
f 3933//5811 3916//5811 3917//5811
f 3933//5812 3917//5812 3918//5812
f 3933//5813 3918//5813 3919//5813
f 3933//5814 3919//5814 3920//5814
f 3933//5815 3920//5815 3921//5815
f 3921//5816 3922//5816 3923//5816
f 3921//5817 3923//5817 3924//5817
f 3933//5818 3921//5818 3924//5818
f 3933//5819 3924//5819 3925//5819
f 3925//5820 3926//5820 3927//5820
f 3927//5821 3928//5821 3929//5821
f 3927//5822 3929//5822 3930//5822
f 3925//5823 3927//5823 3930//5823
f 3925//5824 3930//5824 3931//5824
f 3933//5825 3925//5825 3931//5825
f 3931//5826 3932//5826 3933//5826
f 3935//5827 3934//5827 3951//5827
f 3936//5828 3935//5828 3951//5828
f 3937//5829 3936//5829 3951//5829
f 3938//5830 3937//5830 3951//5830
f 3939//5831 3938//5831 3951//5831
f 3941//5832 3940//5832 3939//5832
f 3942//5833 3941//5833 3939//5833
f 3942//5834 3939//5834 3951//5834
f 3943//5835 3942//5835 3951//5835
f 3945//5836 3944//5836 3943//5836
f 3947//5837 3946//5837 3945//5837
f 3948//5838 3947//5838 3945//5838
f 3948//5839 3945//5839 3943//5839
f 3949//5840 3948//5840 3943//5840
f 3949//5841 3943//5841 3951//5841
f 3951//5842 3950//5842 3949//5842
f 3916//5843 3934//5843 3935//5843
f 3916//5844 3935//5844 3917//5844
f 3917//5845 3935//5845 3936//5845
f 3917//5846 3936//5846 3918//5846
f 3918//5847 3936//5847 3937//5847
f 3918//5848 3937//5848 3919//5848
f 3919//5849 3937//5849 3938//5849
f 3919//5850 3938//5850 3920//5850
f 3920//5851 3938//5851 3939//5851
f 3920//5852 3939//5852 3921//5852
f 3921//5853 3939//5853 3940//5853
f 3921//5854 3940//5854 3922//5854
f 3922//5855 3940//5855 3941//5855
f 3922//5856 3941//5856 3923//5856
f 3923//5857 3941//5857 3942//5857
f 3923//5858 3942//5858 3924//5858
f 3924//5859 3942//5859 3943//5859
f 3924//5860 3943//5860 3925//5860
f 3925//5861 3943//5861 3944//5861
f 3925//5862 3944//5862 3926//5862
f 3926//5863 3944//5863 3945//5863
f 3926//5864 3945//5864 3927//5864
f 3927//5865 3945//5865 3946//5865
f 3927//5866 3946//5866 3928//5866
f 3928//5867 3946//5867 3947//5867
f 3928//5868 3947//5868 3929//5868
f 3929//5869 3947//5869 3948//5869
f 3929//5870 3948//5870 3930//5870
f 3930//5871 3948//5871 3949//5871
f 3930//5872 3949//5872 3931//5872
f 3931//5873 3949//5873 3950//5873
f 3931//5874 3950//5874 3932//5874
f 3932//5875 3950//5875 3951//5875
f 3932//5876 3951//5876 3933//5876
f 3933//5877 3951//5877 3934//5877
f 3933//5878 3934//5878 3916//5878
usemtl Mat_Bone
f 3959//5879 3958//5879 3957//5879
f 3959//5880 3957//5880 3956//5880
f 3956//5881 3957//5881 3953//5881
f 3956//5882 3953//5882 3952//5882
f 3957//5883 3958//5883 3954//5883
f 3957//5884 3954//5884 3953//5884
f 3958//5885 3959//5885 3955//5885
f 3958//5886 3955//5886 3954//5886
f 3959//5887 3956//5887 3952//5887
f 3959//5888 3952//5888 3955//5888
f 3953//5889 3954//5889 3955//5889
f 3953//5890 3955//5890 3952//5890
usemtl Mat_Void
f 3961//5891 3962//5891 3960//5891
f 3962//5892 3963//5892 3960//5892
f 3963//5893 3964//5893 3960//5893
f 3964//5894 3961//5894 3960//5894
f 3965//5895 3962//5895 3961//5895
f 3965//5896 3963//5896 3962//5896
f 3965//5897 3964//5897 3963//5897
f 3965//5898 3961//5898 3964//5898
f 3967//5899 3968//5899 3966//5899
f 3968//5900 3969//5900 3966//5900
f 3969//5901 3970//5901 3966//5901
f 3970//5902 3967//5902 3966//5902
f 3971//5903 3968//5903 3967//5903
f 3971//5904 3969//5904 3968//5904
f 3971//5905 3970//5905 3969//5905
f 3971//5906 3967//5906 3970//5906
f 3973//5907 3974//5907 3972//5907
f 3974//5908 3975//5908 3972//5908
f 3975//5909 3976//5909 3972//5909
f 3976//5910 3973//5910 3972//5910
f 3977//5911 3974//5911 3973//5911
f 3977//5912 3975//5912 3974//5912
f 3977//5913 3976//5913 3975//5913
f 3977//5914 3973//5914 3976//5914
usemtl Mat_FadedWood
f 3979//5915 3980//5915 3978//5915
f 3980//5916 3981//5916 3978//5916
f 3981//5917 3982//5917 3978//5917
f 3982//5918 3983//5918 3978//5918
f 3983//5919 3984//5919 3978//5919
f 3984//5920 3985//5920 3978//5920
f 3985//5921 3986//5921 3978//5921
f 3986//5922 3979//5922 3978//5922
f 3987//5923 3988//5923 3980//5923
f 3987//5924 3980//5924 3979//5924
f 3988//5925 3989//5925 3981//5925
f 3988//5926 3981//5926 3980//5926
f 3989//5927 3990//5927 3982//5927
f 3989//5928 3982//5928 3981//5928
f 3990//5929 3991//5929 3983//5929
f 3990//5930 3983//5930 3982//5930
f 3991//5931 3992//5931 3984//5931
f 3991//5932 3984//5932 3983//5932
f 3992//5933 3993//5933 3985//5933
f 3992//5934 3985//5934 3984//5934
f 3993//5935 3994//5935 3986//5935
f 3993//5936 3986//5936 3985//5936
f 3994//5937 3987//5937 3979//5937
f 3994//5938 3979//5938 3986//5938
f 3995//5939 3996//5939 3988//5939
f 3995//5940 3988//5940 3987//5940
f 3996//5941 3997//5941 3989//5941
f 3996//5942 3989//5942 3988//5942
f 3997//5943 3998//5943 3990//5943
f 3997//5944 3990//5944 3989//5944
f 3998//5945 3999//5945 3991//5945
f 3998//5946 3991//5946 3990//5946
f 3999//5947 4000//5947 3992//5947
f 3999//5948 3992//5948 3991//5948
f 4000//5949 4001//5949 3993//5949
f 4000//5950 3993//5950 3992//5950
f 4001//5951 4002//5951 3994//5951
f 4001//5952 3994//5952 3993//5952
f 4002//5953 3995//5953 3987//5953
f 4002//5954 3987//5954 3994//5954
f 4003//5955 4004//5955 3996//5955
f 4003//5956 3996//5956 3995//5956
f 4004//5957 4005//5957 3997//5957
f 4004//5958 3997//5958 3996//5958
f 4005//5959 4006//5959 3998//5959
f 4005//5960 3998//5960 3997//5960
f 4006//5961 4007//5961 3999//5961
f 4006//5962 3999//5962 3998//5962
f 4007//5963 4008//5963 4000//5963
f 4007//5964 4000//5964 3999//5964
f 4008//5965 4009//5965 4001//5965
f 4008//5966 4001//5966 4000//5966
f 4009//5967 4010//5967 4002//5967
f 4009//5968 4002//5968 4001//5968
f 4010//5969 4003//5969 3995//5969
f 4010//5970 3995//5970 4002//5970
f 4011//5971 4004//5971 4003//5971
f 4011//5972 4005//5972 4004//5972
f 4011//5973 4006//5973 4005//5973
f 4011//5974 4007//5974 4006//5974
f 4011//5975 4008//5975 4007//5975
f 4011//5976 4009//5976 4008//5976
f 4011//5977 4010//5977 4009//5977
f 4011//5978 4003//5978 4010//5978
usemtl Mat_Metal
f 4020//5979 4021//5979 4013//5979
f 4020//5980 4013//5980 4012//5980
f 4021//5981 4022//5981 4014//5981
f 4021//5982 4014//5982 4013//5982
f 4022//5983 4023//5983 4015//5983
f 4022//5984 4015//5984 4014//5984
f 4023//5985 4024//5985 4016//5985
f 4023//5986 4016//5986 4015//5986
f 4024//5987 4025//5987 4017//5987
f 4024//5988 4017//5988 4016//5988
f 4025//5989 4026//5989 4018//5989
f 4025//5990 4018//5990 4017//5990
f 4026//5991 4027//5991 4019//5991
f 4026//5992 4019//5992 4018//5992
f 4027//5993 4020//5993 4012//5993
f 4027//5994 4012//5994 4019//5994
f 4036//5995 4037//5995 4029//5995
f 4036//5996 4029//5996 4028//5996
f 4037//5997 4038//5997 4030//5997
f 4037//5998 4030//5998 4029//5998
f 4038//5999 4039//5999 4031//5999
f 4038//6000 4031//6000 4030//6000
f 4039//6001 4040//6001 4032//6001
f 4039//6002 4032//6002 4031//6002
f 4040//6003 4041//6003 4033//6003
f 4040//6004 4033//6004 4032//6004
f 4041//6005 4042//6005 4034//6005
f 4041//6006 4034//6006 4033//6006
f 4042//6007 4043//6007 4035//6007
f 4042//6008 4035//6008 4034//6008
f 4043//6009 4036//6009 4028//6009
f 4043//6010 4028//6010 4035//6010
usemtl Mat_Chrome
f 4052//6011 4053//6011 4045//6011
f 4052//6012 4045//6012 4044//6012
f 4053//6013 4054//6013 4046//6013
f 4053//6014 4046//6014 4045//6014
f 4054//6015 4055//6015 4047//6015
f 4054//6016 4047//6016 4046//6016
f 4055//6017 4056//6017 4048//6017
f 4055//6018 4048//6018 4047//6018
f 4056//6019 4057//6019 4049//6019
f 4056//6020 4049//6020 4048//6020
f 4057//6021 4058//6021 4050//6021
f 4057//6022 4050//6022 4049//6022
f 4058//6023 4059//6023 4051//6023
f 4058//6024 4051//6024 4050//6024
f 4059//6025 4052//6025 4044//6025
f 4059//6026 4044//6026 4051//6026
f 4059//6027 4058//6027 4057//6027
f 4059//6028 4057//6028 4056//6028
f 4059//6029 4056//6029 4055//6029
f 4059//6030 4055//6030 4054//6030
f 4059//6031 4054//6031 4053//6031
f 4059//6032 4053//6032 4052//6032
f 4044//6033 4045//6033 4046//6033
f 4044//6034 4046//6034 4047//6034
f 4044//6035 4047//6035 4048//6035
f 4044//6036 4048//6036 4049//6036
f 4044//6037 4049//6037 4050//6037
f 4044//6038 4050//6038 4051//6038
f 4068//6039 4069//6039 4061//6039
f 4068//6040 4061//6040 4060//6040
f 4069//6041 4070//6041 4062//6041
f 4069//6042 4062//6042 4061//6042
f 4070//6043 4071//6043 4063//6043
f 4070//6044 4063//6044 4062//6044
f 4071//6045 4072//6045 4064//6045
f 4071//6046 4064//6046 4063//6046
f 4072//6047 4073//6047 4065//6047
f 4072//6048 4065//6048 4064//6048
f 4073//6049 4074//6049 4066//6049
f 4073//6050 4066//6050 4065//6050
f 4074//6051 4075//6051 4067//6051
f 4074//6052 4067//6052 4066//6052
f 4075//6053 4068//6053 4060//6053
f 4075//6054 4060//6054 4067//6054
f 4075//6055 4074//6055 4073//6055
f 4075//6056 4073//6056 4072//6056
f 4075//6057 4072//6057 4071//6057
f 4075//6058 4071//6058 4070//6058
f 4075//6059 4070//6059 4069//6059
f 4075//6060 4069//6060 4068//6060
f 4060//6061 4061//6061 4062//6061
f 4060//6062 4062//6062 4063//6062
f 4060//6063 4063//6063 4064//6063
f 4060//6064 4064//6064 4065//6064
f 4060//6065 4065//6065 4066//6065
f 4060//6066 4066//6066 4067//6066
f 4084//6067 4085//6067 4077//6067
f 4084//6068 4077//6068 4076//6068
f 4085//6069 4086//6069 4078//6069
f 4085//6070 4078//6070 4077//6070
f 4086//6071 4087//6071 4079//6071
f 4086//6072 4079//6072 4078//6072
f 4087//6073 4088//6073 4080//6073
f 4087//6074 4080//6074 4079//6074
f 4088//6075 4089//6075 4081//6075
f 4088//6076 4081//6076 4080//6076
f 4089//6077 4090//6077 4082//6077
f 4089//6078 4082//6078 4081//6078
f 4090//6079 4091//6079 4083//6079
f 4090//6080 4083//6080 4082//6080
f 4091//6081 4084//6081 4076//6081
f 4091//6082 4076//6082 4083//6082
f 4091//6083 4090//6083 4089//6083
f 4091//6084 4089//6084 4088//6084
f 4091//6085 4088//6085 4087//6085
f 4091//6086 4087//6086 4086//6086
f 4091//6087 4086//6087 4085//6087
f 4091//6088 4085//6088 4084//6088
f 4076//6089 4077//6089 4078//6089
f 4076//6090 4078//6090 4079//6090
f 4076//6091 4079//6091 4080//6091
f 4076//6092 4080//6092 4081//6092
f 4076//6093 4081//6093 4082//6093
f 4076//6094 4082//6094 4083//6094
usemtl Mat_HeroYellow
f 4100//6095 4101//6095 4093//6095
f 4100//6096 4093//6096 4092//6096
f 4101//6097 4102//6097 4094//6097
f 4101//6098 4094//6098 4093//6098
f 4102//6099 4103//6099 4095//6099
f 4102//6100 4095//6100 4094//6100
f 4103//6101 4104//6101 4096//6101
f 4103//6102 4096//6102 4095//6102
f 4104//6103 4105//6103 4097//6103
f 4104//6104 4097//6104 4096//6104
f 4105//6105 4106//6105 4098//6105
f 4105//6106 4098//6106 4097//6106
f 4106//6107 4107//6107 4099//6107
f 4106//6108 4099//6108 4098//6108
f 4107//6109 4100//6109 4092//6109
f 4107//6110 4092//6110 4099//6110
f 4107//6111 4106//6111 4105//6111
f 4107//6112 4105//6112 4104//6112
f 4107//6113 4104//6113 4103//6113
f 4107//6114 4103//6114 4102//6114
f 4107//6115 4102//6115 4101//6115
f 4107//6116 4101//6116 4100//6116
f 4092//6117 4093//6117 4094//6117
f 4092//6118 4094//6118 4095//6118
f 4092//6119 4095//6119 4096//6119
f 4092//6120 4096//6120 4097//6120
f 4092//6121 4097//6121 4098//6121
f 4092//6122 4098//6122 4099//6122
f 4116//6123 4117//6123 4109//6123
f 4116//6124 4109//6124 4108//6124
f 4117//6125 4118//6125 4110//6125
f 4117//6126 4110//6126 4109//6126
f 4118//6127 4119//6127 4111//6127
f 4118//6128 4111//6128 4110//6128
f 4119//6129 4120//6129 4112//6129
f 4119//6130 4112//6130 4111//6130
f 4120//6131 4121//6131 4113//6131
f 4120//6132 4113//6132 4112//6132
f 4121//6133 4122//6133 4114//6133
f 4121//6134 4114//6134 4113//6134
f 4122//6135 4123//6135 4115//6135
f 4122//6136 4115//6136 4114//6136
f 4123//6137 4116//6137 4108//6137
f 4123//6138 4108//6138 4115//6138
f 4123//6139 4122//6139 4121//6139
f 4123//6140 4121//6140 4120//6140
f 4123//6141 4120//6141 4119//6141
f 4123//6142 4119//6142 4118//6142
f 4123//6143 4118//6143 4117//6143
f 4123//6144 4117//6144 4116//6144
f 4108//6145 4109//6145 4110//6145
f 4108//6146 4110//6146 4111//6146
f 4108//6147 4111//6147 4112//6147
f 4108//6148 4112//6148 4113//6148
f 4108//6149 4113//6149 4114//6149
f 4108//6150 4114//6150 4115//6150
usemtl Mat_HeroRed
f 4132//6151 4133//6151 4125//6151
f 4132//6152 4125//6152 4124//6152
f 4133//6153 4134//6153 4126//6153
f 4133//6154 4126//6154 4125//6154
f 4134//6155 4135//6155 4127//6155
f 4134//6156 4127//6156 4126//6156
f 4135//6157 4136//6157 4128//6157
f 4135//6158 4128//6158 4127//6158
f 4136//6159 4137//6159 4129//6159
f 4136//6160 4129//6160 4128//6160
f 4137//6161 4138//6161 4130//6161
f 4137//6162 4130//6162 4129//6162
f 4138//6163 4139//6163 4131//6163
f 4138//6164 4131//6164 4130//6164
f 4139//6165 4132//6165 4124//6165
f 4139//6166 4124//6166 4131//6166
f 4139//6167 4138//6167 4137//6167
f 4139//6168 4137//6168 4136//6168
f 4139//6169 4136//6169 4135//6169
f 4139//6170 4135//6170 4134//6170
f 4139//6171 4134//6171 4133//6171
f 4139//6172 4133//6172 4132//6172
f 4124//6173 4125//6173 4126//6173
f 4124//6174 4126//6174 4127//6174
f 4124//6175 4127//6175 4128//6175
f 4124//6176 4128//6176 4129//6176
f 4124//6177 4129//6177 4130//6177
f 4124//6178 4130//6178 4131//6178
