# Alien Wild West asset pack - OBJ fallback. Y up, 1 unit = 1 m.
mtllib AlienWildWest.mtl
o Bldg_Library_Body
v -5.25000 0.00000 -4.00000
v 5.25000 0.00000 -4.00000
v 5.25000 0.00000 4.00000
v -5.25000 0.00000 4.00000
v -5.25000 0.45000 -4.00000
v 5.25000 0.45000 -4.00000
v 5.25000 0.45000 4.00000
v -5.25000 0.45000 4.00000
v -4.95000 0.45000 -3.70000
v 4.95000 0.45000 -3.70000
v 4.95000 0.45000 3.70000
v -4.95000 0.45000 3.70000
v -4.95000 7.05000 -3.70000
v 4.95000 7.05000 -3.70000
v 4.95000 7.05000 3.70000
v -4.95000 7.05000 3.70000
v -4.99000 0.45000 3.75000
v -4.51000 0.45000 3.75000
v -4.51000 0.45000 3.81000
v -4.99000 0.45000 3.81000
v -4.99000 7.05000 3.75000
v -4.51000 7.05000 3.75000
v -4.51000 7.05000 3.81000
v -4.99000 7.05000 3.81000
v -4.49000 0.45000 3.75000
v -4.01000 0.45000 3.75000
v -4.01000 0.45000 3.81000
v -4.49000 0.45000 3.81000
v -4.49000 7.05000 3.75000
v -4.01000 7.05000 3.75000
v -4.01000 7.05000 3.81000
v -4.49000 7.05000 3.81000
v -4.53500 0.45000 3.81000
v -4.46500 0.45000 3.81000
v -4.46500 0.45000 3.85000
v -4.53500 0.45000 3.85000
v -4.53500 7.05000 3.81000
v -4.46500 7.05000 3.81000
v -4.46500 7.05000 3.85000
v -4.53500 7.05000 3.85000
v -3.99000 0.45000 3.75000
v -3.51000 0.45000 3.75000
v -3.51000 0.45000 3.81000
v -3.99000 0.45000 3.81000
v -3.99000 7.05000 3.75000
v -3.51000 7.05000 3.75000
v -3.51000 7.05000 3.81000
v -3.99000 7.05000 3.81000
v -4.03500 0.45000 3.81000
v -3.96500 0.45000 3.81000
v -3.96500 0.45000 3.85000
v -4.03500 0.45000 3.85000
v -4.03500 7.05000 3.81000
v -3.96500 7.05000 3.81000
v -3.96500 7.05000 3.85000
v -4.03500 7.05000 3.85000
v -3.49000 0.45000 3.75000
v -3.01000 0.45000 3.75000
v -3.01000 0.45000 3.81000
v -3.49000 0.45000 3.81000
v -3.49000 7.05000 3.75000
v -3.01000 7.05000 3.75000
v -3.01000 7.05000 3.81000
v -3.49000 7.05000 3.81000
v -3.53500 0.45000 3.81000
v -3.46500 0.45000 3.81000
v -3.46500 0.45000 3.85000
v -3.53500 0.45000 3.85000
v -3.53500 7.05000 3.81000
v -3.46500 7.05000 3.81000
v -3.46500 7.05000 3.85000
v -3.53500 7.05000 3.85000
v -2.99000 0.45000 3.75000
v -2.51000 0.45000 3.75000
v -2.51000 0.45000 3.81000
v -2.99000 0.45000 3.81000
v -2.99000 7.05000 3.75000
v -2.51000 7.05000 3.75000
v -2.51000 7.05000 3.81000
v -2.99000 7.05000 3.81000
v -3.03500 0.45000 3.81000
v -2.96500 0.45000 3.81000
v -2.96500 0.45000 3.85000
v -3.03500 0.45000 3.85000
v -3.03500 7.05000 3.81000
v -2.96500 7.05000 3.81000
v -2.96500 7.05000 3.85000
v -3.03500 7.05000 3.85000
v -2.49000 0.45000 3.75000
v -2.01000 0.45000 3.75000
v -2.01000 0.45000 3.81000
v -2.49000 0.45000 3.81000
v -2.49000 7.05000 3.75000
v -2.01000 7.05000 3.75000
v -2.01000 7.05000 3.81000
v -2.49000 7.05000 3.81000
v -2.53500 0.45000 3.81000
v -2.46500 0.45000 3.81000
v -2.46500 0.45000 3.85000
v -2.53500 0.45000 3.85000
v -2.53500 7.05000 3.81000
v -2.46500 7.05000 3.81000
v -2.46500 7.05000 3.85000
v -2.53500 7.05000 3.85000
v -1.99000 0.45000 3.75000
v -1.51000 0.45000 3.75000
v -1.51000 0.45000 3.81000
v -1.99000 0.45000 3.81000
v -1.99000 7.05000 3.75000
v -1.51000 7.05000 3.75000
v -1.51000 7.05000 3.81000
v -1.99000 7.05000 3.81000
v -2.03500 0.45000 3.81000
v -1.96500 0.45000 3.81000
v -1.96500 0.45000 3.85000
v -2.03500 0.45000 3.85000
v -2.03500 7.05000 3.81000
v -1.96500 7.05000 3.81000
v -1.96500 7.05000 3.85000
v -2.03500 7.05000 3.85000
v -1.49000 0.45000 3.75000
v -1.01000 0.45000 3.75000
v -1.01000 0.45000 3.81000
v -1.49000 0.45000 3.81000
v -1.49000 7.05000 3.75000
v -1.01000 7.05000 3.75000
v -1.01000 7.05000 3.81000
v -1.49000 7.05000 3.81000
v -1.53500 0.45000 3.81000
v -1.46500 0.45000 3.81000
v -1.46500 0.45000 3.85000
v -1.53500 0.45000 3.85000
v -1.53500 7.05000 3.81000
v -1.46500 7.05000 3.81000
v -1.46500 7.05000 3.85000
v -1.53500 7.05000 3.85000
v -0.99000 0.45000 3.75000
v -0.51000 0.45000 3.75000
v -0.51000 0.45000 3.81000
v -0.99000 0.45000 3.81000
v -0.99000 7.05000 3.75000
v -0.51000 7.05000 3.75000
v -0.51000 7.05000 3.81000
v -0.99000 7.05000 3.81000
v -1.03500 0.45000 3.81000
v -0.96500 0.45000 3.81000
v -0.96500 0.45000 3.85000
v -1.03500 0.45000 3.85000
v -1.03500 7.05000 3.81000
v -0.96500 7.05000 3.81000
v -0.96500 7.05000 3.85000
v -1.03500 7.05000 3.85000
v -0.49000 0.45000 3.75000
v -0.01000 0.45000 3.75000
v -0.01000 0.45000 3.81000
v -0.49000 0.45000 3.81000
v -0.49000 7.05000 3.75000
v -0.01000 7.05000 3.75000
v -0.01000 7.05000 3.81000
v -0.49000 7.05000 3.81000
v -0.53500 0.45000 3.81000
v -0.46500 0.45000 3.81000
v -0.46500 0.45000 3.85000
v -0.53500 0.45000 3.85000
v -0.53500 7.05000 3.81000
v -0.46500 7.05000 3.81000
v -0.46500 7.05000 3.85000
v -0.53500 7.05000 3.85000
v 0.01000 0.45000 3.75000
v 0.49000 0.45000 3.75000
v 0.49000 0.45000 3.81000
v 0.01000 0.45000 3.81000
v 0.01000 7.05000 3.75000
v 0.49000 7.05000 3.75000
v 0.49000 7.05000 3.81000
v 0.01000 7.05000 3.81000
v -0.03500 0.45000 3.81000
v 0.03500 0.45000 3.81000
v 0.03500 0.45000 3.85000
v -0.03500 0.45000 3.85000
v -0.03500 7.05000 3.81000
v 0.03500 7.05000 3.81000
v 0.03500 7.05000 3.85000
v -0.03500 7.05000 3.85000
v 0.51000 0.45000 3.75000
v 0.99000 0.45000 3.75000
v 0.99000 0.45000 3.81000
v 0.51000 0.45000 3.81000
v 0.51000 7.05000 3.75000
v 0.99000 7.05000 3.75000
v 0.99000 7.05000 3.81000
v 0.51000 7.05000 3.81000
v 0.46500 0.45000 3.81000
v 0.53500 0.45000 3.81000
v 0.53500 0.45000 3.85000
v 0.46500 0.45000 3.85000
v 0.46500 7.05000 3.81000
v 0.53500 7.05000 3.81000
v 0.53500 7.05000 3.85000
v 0.46500 7.05000 3.85000
v 1.01000 0.45000 3.75000
v 1.49000 0.45000 3.75000
v 1.49000 0.45000 3.81000
v 1.01000 0.45000 3.81000
v 1.01000 7.05000 3.75000
v 1.49000 7.05000 3.75000
v 1.49000 7.05000 3.81000
v 1.01000 7.05000 3.81000
v 0.96500 0.45000 3.81000
v 1.03500 0.45000 3.81000
v 1.03500 0.45000 3.85000
v 0.96500 0.45000 3.85000
v 0.96500 7.05000 3.81000
v 1.03500 7.05000 3.81000
v 1.03500 7.05000 3.85000
v 0.96500 7.05000 3.85000
v 1.51000 0.45000 3.75000
v 1.99000 0.45000 3.75000
v 1.99000 0.45000 3.81000
v 1.51000 0.45000 3.81000
v 1.51000 7.05000 3.75000
v 1.99000 7.05000 3.75000
v 1.99000 7.05000 3.81000
v 1.51000 7.05000 3.81000
v 1.46500 0.45000 3.81000
v 1.53500 0.45000 3.81000
v 1.53500 0.45000 3.85000
v 1.46500 0.45000 3.85000
v 1.46500 7.05000 3.81000
v 1.53500 7.05000 3.81000
v 1.53500 7.05000 3.85000
v 1.46500 7.05000 3.85000
v 2.01000 0.45000 3.75000
v 2.49000 0.45000 3.75000
v 2.49000 0.45000 3.81000
v 2.01000 0.45000 3.81000
v 2.01000 7.05000 3.75000
v 2.49000 7.05000 3.75000
v 2.49000 7.05000 3.81000
v 2.01000 7.05000 3.81000
v 1.96500 0.45000 3.81000
v 2.03500 0.45000 3.81000
v 2.03500 0.45000 3.85000
v 1.96500 0.45000 3.85000
v 1.96500 7.05000 3.81000
v 2.03500 7.05000 3.81000
v 2.03500 7.05000 3.85000
v 1.96500 7.05000 3.85000
v 2.51000 0.45000 3.75000
v 2.99000 0.45000 3.75000
v 2.99000 0.45000 3.81000
v 2.51000 0.45000 3.81000
v 2.51000 7.05000 3.75000
v 2.99000 7.05000 3.75000
v 2.99000 7.05000 3.81000
v 2.51000 7.05000 3.81000
v 2.46500 0.45000 3.81000
v 2.53500 0.45000 3.81000
v 2.53500 0.45000 3.85000
v 2.46500 0.45000 3.85000
v 2.46500 7.05000 3.81000
v 2.53500 7.05000 3.81000
v 2.53500 7.05000 3.85000
v 2.46500 7.05000 3.85000
v 3.01000 0.45000 3.75000
v 3.49000 0.45000 3.75000
v 3.49000 0.45000 3.81000
v 3.01000 0.45000 3.81000
v 3.01000 7.05000 3.75000
v 3.49000 7.05000 3.75000
v 3.49000 7.05000 3.81000
v 3.01000 7.05000 3.81000
v 2.96500 0.45000 3.81000
v 3.03500 0.45000 3.81000
v 3.03500 0.45000 3.85000
v 2.96500 0.45000 3.85000
v 2.96500 7.05000 3.81000
v 3.03500 7.05000 3.81000
v 3.03500 7.05000 3.85000
v 2.96500 7.05000 3.85000
v 3.51000 0.45000 3.75000
v 3.99000 0.45000 3.75000
v 3.99000 0.45000 3.81000
v 3.51000 0.45000 3.81000
v 3.51000 7.05000 3.75000
v 3.99000 7.05000 3.75000
v 3.99000 7.05000 3.81000
v 3.51000 7.05000 3.81000
v 3.46500 0.45000 3.81000
v 3.53500 0.45000 3.81000
v 3.53500 0.45000 3.85000
v 3.46500 0.45000 3.85000
v 3.46500 7.05000 3.81000
v 3.53500 7.05000 3.81000
v 3.53500 7.05000 3.85000
v 3.46500 7.05000 3.85000
v 4.01000 0.45000 3.75000
v 4.49000 0.45000 3.75000
v 4.49000 0.45000 3.81000
v 4.01000 0.45000 3.81000
v 4.01000 7.05000 3.75000
v 4.49000 7.05000 3.75000
v 4.49000 7.05000 3.81000
v 4.01000 7.05000 3.81000
v 3.96500 0.45000 3.81000
v 4.03500 0.45000 3.81000
v 4.03500 0.45000 3.85000
v 3.96500 0.45000 3.85000
v 3.96500 7.05000 3.81000
v 4.03500 7.05000 3.81000
v 4.03500 7.05000 3.85000
v 3.96500 7.05000 3.85000
v 4.51000 0.45000 3.75000
v 4.99000 0.45000 3.75000
v 4.99000 0.45000 3.81000
v 4.51000 0.45000 3.81000
v 4.51000 7.05000 3.75000
v 4.99000 7.05000 3.75000
v 4.99000 7.05000 3.81000
v 4.51000 7.05000 3.81000
v 4.46500 0.45000 3.81000
v 4.53500 0.45000 3.81000
v 4.53500 0.45000 3.85000
v 4.46500 0.45000 3.85000
v 4.46500 7.05000 3.81000
v 4.53500 7.05000 3.81000
v 4.53500 7.05000 3.85000
v 4.46500 7.05000 3.85000
v 4.99000 0.45000 -3.75000
v 4.51000 0.45000 -3.75000
v 4.51000 0.45000 -3.81000
v 4.99000 0.45000 -3.81000
v 4.99000 7.05000 -3.75000
v 4.51000 7.05000 -3.75000
v 4.51000 7.05000 -3.81000
v 4.99000 7.05000 -3.81000
v 4.49000 0.45000 -3.75000
v 4.01000 0.45000 -3.75000
v 4.01000 0.45000 -3.81000
v 4.49000 0.45000 -3.81000
v 4.49000 7.05000 -3.75000
v 4.01000 7.05000 -3.75000
v 4.01000 7.05000 -3.81000
v 4.49000 7.05000 -3.81000
v 4.53500 0.45000 -3.81000
v 4.46500 0.45000 -3.81000
v 4.46500 0.45000 -3.85000
v 4.53500 0.45000 -3.85000
v 4.53500 7.05000 -3.81000
v 4.46500 7.05000 -3.81000
v 4.46500 7.05000 -3.85000
v 4.53500 7.05000 -3.85000
v 3.99000 0.45000 -3.75000
v 3.51000 0.45000 -3.75000
v 3.51000 0.45000 -3.81000
v 3.99000 0.45000 -3.81000
v 3.99000 7.05000 -3.75000
v 3.51000 7.05000 -3.75000
v 3.51000 7.05000 -3.81000
v 3.99000 7.05000 -3.81000
v 4.03500 0.45000 -3.81000
v 3.96500 0.45000 -3.81000
v 3.96500 0.45000 -3.85000
v 4.03500 0.45000 -3.85000
v 4.03500 7.05000 -3.81000
v 3.96500 7.05000 -3.81000
v 3.96500 7.05000 -3.85000
v 4.03500 7.05000 -3.85000
v 3.49000 0.45000 -3.75000
v 3.01000 0.45000 -3.75000
v 3.01000 0.45000 -3.81000
v 3.49000 0.45000 -3.81000
v 3.49000 7.05000 -3.75000
v 3.01000 7.05000 -3.75000
v 3.01000 7.05000 -3.81000
v 3.49000 7.05000 -3.81000
v 3.53500 0.45000 -3.81000
v 3.46500 0.45000 -3.81000
v 3.46500 0.45000 -3.85000
v 3.53500 0.45000 -3.85000
v 3.53500 7.05000 -3.81000
v 3.46500 7.05000 -3.81000
v 3.46500 7.05000 -3.85000
v 3.53500 7.05000 -3.85000
v 2.99000 0.45000 -3.75000
v 2.51000 0.45000 -3.75000
v 2.51000 0.45000 -3.81000
v 2.99000 0.45000 -3.81000
v 2.99000 7.05000 -3.75000
v 2.51000 7.05000 -3.75000
v 2.51000 7.05000 -3.81000
v 2.99000 7.05000 -3.81000
v 3.03500 0.45000 -3.81000
v 2.96500 0.45000 -3.81000
v 2.96500 0.45000 -3.85000
v 3.03500 0.45000 -3.85000
v 3.03500 7.05000 -3.81000
v 2.96500 7.05000 -3.81000
v 2.96500 7.05000 -3.85000
v 3.03500 7.05000 -3.85000
v 2.49000 0.45000 -3.75000
v 2.01000 0.45000 -3.75000
v 2.01000 0.45000 -3.81000
v 2.49000 0.45000 -3.81000
v 2.49000 7.05000 -3.75000
v 2.01000 7.05000 -3.75000
v 2.01000 7.05000 -3.81000
v 2.49000 7.05000 -3.81000
v 2.53500 0.45000 -3.81000
v 2.46500 0.45000 -3.81000
v 2.46500 0.45000 -3.85000
v 2.53500 0.45000 -3.85000
v 2.53500 7.05000 -3.81000
v 2.46500 7.05000 -3.81000
v 2.46500 7.05000 -3.85000
v 2.53500 7.05000 -3.85000
v 1.99000 0.45000 -3.75000
v 1.51000 0.45000 -3.75000
v 1.51000 0.45000 -3.81000
v 1.99000 0.45000 -3.81000
v 1.99000 7.05000 -3.75000
v 1.51000 7.05000 -3.75000
v 1.51000 7.05000 -3.81000
v 1.99000 7.05000 -3.81000
v 2.03500 0.45000 -3.81000
v 1.96500 0.45000 -3.81000
v 1.96500 0.45000 -3.85000
v 2.03500 0.45000 -3.85000
v 2.03500 7.05000 -3.81000
v 1.96500 7.05000 -3.81000
v 1.96500 7.05000 -3.85000
v 2.03500 7.05000 -3.85000
v 1.49000 0.45000 -3.75000
v 1.01000 0.45000 -3.75000
v 1.01000 0.45000 -3.81000
v 1.49000 0.45000 -3.81000
v 1.49000 7.05000 -3.75000
v 1.01000 7.05000 -3.75000
v 1.01000 7.05000 -3.81000
v 1.49000 7.05000 -3.81000
v 1.53500 0.45000 -3.81000
v 1.46500 0.45000 -3.81000
v 1.46500 0.45000 -3.85000
v 1.53500 0.45000 -3.85000
v 1.53500 7.05000 -3.81000
v 1.46500 7.05000 -3.81000
v 1.46500 7.05000 -3.85000
v 1.53500 7.05000 -3.85000
v 0.99000 0.45000 -3.75000
v 0.51000 0.45000 -3.75000
v 0.51000 0.45000 -3.81000
v 0.99000 0.45000 -3.81000
v 0.99000 7.05000 -3.75000
v 0.51000 7.05000 -3.75000
v 0.51000 7.05000 -3.81000
v 0.99000 7.05000 -3.81000
v 1.03500 0.45000 -3.81000
v 0.96500 0.45000 -3.81000
v 0.96500 0.45000 -3.85000
v 1.03500 0.45000 -3.85000
v 1.03500 7.05000 -3.81000
v 0.96500 7.05000 -3.81000
v 0.96500 7.05000 -3.85000
v 1.03500 7.05000 -3.85000
v 0.49000 0.45000 -3.75000
v 0.01000 0.45000 -3.75000
v 0.01000 0.45000 -3.81000
v 0.49000 0.45000 -3.81000
v 0.49000 7.05000 -3.75000
v 0.01000 7.05000 -3.75000
v 0.01000 7.05000 -3.81000
v 0.49000 7.05000 -3.81000
v 0.53500 0.45000 -3.81000
v 0.46500 0.45000 -3.81000
v 0.46500 0.45000 -3.85000
v 0.53500 0.45000 -3.85000
v 0.53500 7.05000 -3.81000
v 0.46500 7.05000 -3.81000
v 0.46500 7.05000 -3.85000
v 0.53500 7.05000 -3.85000
v -0.01000 0.45000 -3.75000
v -0.49000 0.45000 -3.75000
v -0.49000 0.45000 -3.81000
v -0.01000 0.45000 -3.81000
v -0.01000 7.05000 -3.75000
v -0.49000 7.05000 -3.75000
v -0.49000 7.05000 -3.81000
v -0.01000 7.05000 -3.81000
v 0.03500 0.45000 -3.81000
v -0.03500 0.45000 -3.81000
v -0.03500 0.45000 -3.85000
v 0.03500 0.45000 -3.85000
v 0.03500 7.05000 -3.81000
v -0.03500 7.05000 -3.81000
v -0.03500 7.05000 -3.85000
v 0.03500 7.05000 -3.85000
v -0.51000 0.45000 -3.75000
v -0.99000 0.45000 -3.75000
v -0.99000 0.45000 -3.81000
v -0.51000 0.45000 -3.81000
v -0.51000 7.05000 -3.75000
v -0.99000 7.05000 -3.75000
v -0.99000 7.05000 -3.81000
v -0.51000 7.05000 -3.81000
v -0.46500 0.45000 -3.81000
v -0.53500 0.45000 -3.81000
v -0.53500 0.45000 -3.85000
v -0.46500 0.45000 -3.85000
v -0.46500 7.05000 -3.81000
v -0.53500 7.05000 -3.81000
v -0.53500 7.05000 -3.85000
v -0.46500 7.05000 -3.85000
v -1.01000 0.45000 -3.75000
v -1.49000 0.45000 -3.75000
v -1.49000 0.45000 -3.81000
v -1.01000 0.45000 -3.81000
v -1.01000 7.05000 -3.75000
v -1.49000 7.05000 -3.75000
v -1.49000 7.05000 -3.81000
v -1.01000 7.05000 -3.81000
v -0.96500 0.45000 -3.81000
v -1.03500 0.45000 -3.81000
v -1.03500 0.45000 -3.85000
v -0.96500 0.45000 -3.85000
v -0.96500 7.05000 -3.81000
v -1.03500 7.05000 -3.81000
v -1.03500 7.05000 -3.85000
v -0.96500 7.05000 -3.85000
v -1.51000 0.45000 -3.75000
v -1.99000 0.45000 -3.75000
v -1.99000 0.45000 -3.81000
v -1.51000 0.45000 -3.81000
v -1.51000 7.05000 -3.75000
v -1.99000 7.05000 -3.75000
v -1.99000 7.05000 -3.81000
v -1.51000 7.05000 -3.81000
v -1.46500 0.45000 -3.81000
v -1.53500 0.45000 -3.81000
v -1.53500 0.45000 -3.85000
v -1.46500 0.45000 -3.85000
v -1.46500 7.05000 -3.81000
v -1.53500 7.05000 -3.81000
v -1.53500 7.05000 -3.85000
v -1.46500 7.05000 -3.85000
v -2.01000 0.45000 -3.75000
v -2.49000 0.45000 -3.75000
v -2.49000 0.45000 -3.81000
v -2.01000 0.45000 -3.81000
v -2.01000 7.05000 -3.75000
v -2.49000 7.05000 -3.75000
v -2.49000 7.05000 -3.81000
v -2.01000 7.05000 -3.81000
v -1.96500 0.45000 -3.81000
v -2.03500 0.45000 -3.81000
v -2.03500 0.45000 -3.85000
v -1.96500 0.45000 -3.85000
v -1.96500 7.05000 -3.81000
v -2.03500 7.05000 -3.81000
v -2.03500 7.05000 -3.85000
v -1.96500 7.05000 -3.85000
v -2.51000 0.45000 -3.75000
v -2.99000 0.45000 -3.75000
v -2.99000 0.45000 -3.81000
v -2.51000 0.45000 -3.81000
v -2.51000 7.05000 -3.75000
v -2.99000 7.05000 -3.75000
v -2.99000 7.05000 -3.81000
v -2.51000 7.05000 -3.81000
v -2.46500 0.45000 -3.81000
v -2.53500 0.45000 -3.81000
v -2.53500 0.45000 -3.85000
v -2.46500 0.45000 -3.85000
v -2.46500 7.05000 -3.81000
v -2.53500 7.05000 -3.81000
v -2.53500 7.05000 -3.85000
v -2.46500 7.05000 -3.85000
v -3.01000 0.45000 -3.75000
v -3.49000 0.45000 -3.75000
v -3.49000 0.45000 -3.81000
v -3.01000 0.45000 -3.81000
v -3.01000 7.05000 -3.75000
v -3.49000 7.05000 -3.75000
v -3.49000 7.05000 -3.81000
v -3.01000 7.05000 -3.81000
v -2.96500 0.45000 -3.81000
v -3.03500 0.45000 -3.81000
v -3.03500 0.45000 -3.85000
v -2.96500 0.45000 -3.85000
v -2.96500 7.05000 -3.81000
v -3.03500 7.05000 -3.81000
v -3.03500 7.05000 -3.85000
v -2.96500 7.05000 -3.85000
v -3.51000 0.45000 -3.75000
v -3.99000 0.45000 -3.75000
v -3.99000 0.45000 -3.81000
v -3.51000 0.45000 -3.81000
v -3.51000 7.05000 -3.75000
v -3.99000 7.05000 -3.75000
v -3.99000 7.05000 -3.81000
v -3.51000 7.05000 -3.81000
v -3.46500 0.45000 -3.81000
v -3.53500 0.45000 -3.81000
v -3.53500 0.45000 -3.85000
v -3.46500 0.45000 -3.85000
v -3.46500 7.05000 -3.81000
v -3.53500 7.05000 -3.81000
v -3.53500 7.05000 -3.85000
v -3.46500 7.05000 -3.85000
v -4.01000 0.45000 -3.75000
v -4.49000 0.45000 -3.75000
v -4.49000 0.45000 -3.81000
v -4.01000 0.45000 -3.81000
v -4.01000 7.05000 -3.75000
v -4.49000 7.05000 -3.75000
v -4.49000 7.05000 -3.81000
v -4.01000 7.05000 -3.81000
v -3.96500 0.45000 -3.81000
v -4.03500 0.45000 -3.81000
v -4.03500 0.45000 -3.85000
v -3.96500 0.45000 -3.85000
v -3.96500 7.05000 -3.81000
v -4.03500 7.05000 -3.81000
v -4.03500 7.05000 -3.85000
v -3.96500 7.05000 -3.85000
v -4.51000 0.45000 -3.75000
v -4.99000 0.45000 -3.75000
v -4.99000 0.45000 -3.81000
v -4.51000 0.45000 -3.81000
v -4.51000 7.05000 -3.75000
v -4.99000 7.05000 -3.75000
v -4.99000 7.05000 -3.81000
v -4.51000 7.05000 -3.81000
v -4.46500 0.45000 -3.81000
v -4.53500 0.45000 -3.81000
v -4.53500 0.45000 -3.85000
v -4.46500 0.45000 -3.85000
v -4.46500 7.05000 -3.81000
v -4.53500 7.05000 -3.81000
v -4.53500 7.05000 -3.85000
v -4.46500 7.05000 -3.85000
v 5.00000 0.45000 3.74000
v 5.00000 0.45000 3.26000
v 5.06000 0.45000 3.26000
v 5.06000 0.45000 3.74000
v 5.00000 7.05000 3.74000
v 5.00000 7.05000 3.26000
v 5.06000 7.05000 3.26000
v 5.06000 7.05000 3.74000
v 5.00000 0.45000 3.24000
v 5.00000 0.45000 2.76000
v 5.06000 0.45000 2.76000
v 5.06000 0.45000 3.24000
v 5.00000 7.05000 3.24000
v 5.00000 7.05000 2.76000
v 5.06000 7.05000 2.76000
v 5.06000 7.05000 3.24000
v 5.06000 0.45000 3.28500
v 5.06000 0.45000 3.21500
v 5.10000 0.45000 3.21500
v 5.10000 0.45000 3.28500
v 5.06000 7.05000 3.28500
v 5.06000 7.05000 3.21500
v 5.10000 7.05000 3.21500
v 5.10000 7.05000 3.28500
v 5.00000 0.45000 2.74000
v 5.00000 0.45000 2.26000
v 5.06000 0.45000 2.26000
v 5.06000 0.45000 2.74000
v 5.00000 7.05000 2.74000
v 5.00000 7.05000 2.26000
v 5.06000 7.05000 2.26000
v 5.06000 7.05000 2.74000
v 5.06000 0.45000 2.78500
v 5.06000 0.45000 2.71500
v 5.10000 0.45000 2.71500
v 5.10000 0.45000 2.78500
v 5.06000 7.05000 2.78500
v 5.06000 7.05000 2.71500
v 5.10000 7.05000 2.71500
v 5.10000 7.05000 2.78500
v 5.00000 0.45000 2.24000
v 5.00000 0.45000 1.76000
v 5.06000 0.45000 1.76000
v 5.06000 0.45000 2.24000
v 5.00000 7.05000 2.24000
v 5.00000 7.05000 1.76000
v 5.06000 7.05000 1.76000
v 5.06000 7.05000 2.24000
v 5.06000 0.45000 2.28500
v 5.06000 0.45000 2.21500
v 5.10000 0.45000 2.21500
v 5.10000 0.45000 2.28500
v 5.06000 7.05000 2.28500
v 5.06000 7.05000 2.21500
v 5.10000 7.05000 2.21500
v 5.10000 7.05000 2.28500
v 5.00000 0.45000 1.74000
v 5.00000 0.45000 1.26000
v 5.06000 0.45000 1.26000
v 5.06000 0.45000 1.74000
v 5.00000 7.05000 1.74000
v 5.00000 7.05000 1.26000
v 5.06000 7.05000 1.26000
v 5.06000 7.05000 1.74000
v 5.06000 0.45000 1.78500
v 5.06000 0.45000 1.71500
v 5.10000 0.45000 1.71500
v 5.10000 0.45000 1.78500
v 5.06000 7.05000 1.78500
v 5.06000 7.05000 1.71500
v 5.10000 7.05000 1.71500
v 5.10000 7.05000 1.78500
v 5.00000 0.45000 1.24000
v 5.00000 0.45000 0.76000
v 5.06000 0.45000 0.76000
v 5.06000 0.45000 1.24000
v 5.00000 7.05000 1.24000
v 5.00000 7.05000 0.76000
v 5.06000 7.05000 0.76000
v 5.06000 7.05000 1.24000
v 5.06000 0.45000 1.28500
v 5.06000 0.45000 1.21500
v 5.10000 0.45000 1.21500
v 5.10000 0.45000 1.28500
v 5.06000 7.05000 1.28500
v 5.06000 7.05000 1.21500
v 5.10000 7.05000 1.21500
v 5.10000 7.05000 1.28500
v 5.00000 0.45000 0.74000
v 5.00000 0.45000 0.26000
v 5.06000 0.45000 0.26000
v 5.06000 0.45000 0.74000
v 5.00000 7.05000 0.74000
v 5.00000 7.05000 0.26000
v 5.06000 7.05000 0.26000
v 5.06000 7.05000 0.74000
v 5.06000 0.45000 0.78500
v 5.06000 0.45000 0.71500
v 5.10000 0.45000 0.71500
v 5.10000 0.45000 0.78500
v 5.06000 7.05000 0.78500
v 5.06000 7.05000 0.71500
v 5.10000 7.05000 0.71500
v 5.10000 7.05000 0.78500
v 5.00000 0.45000 0.24000
v 5.00000 0.45000 -0.24000
v 5.06000 0.45000 -0.24000
v 5.06000 0.45000 0.24000
v 5.00000 7.05000 0.24000
v 5.00000 7.05000 -0.24000
v 5.06000 7.05000 -0.24000
v 5.06000 7.05000 0.24000
v 5.06000 0.45000 0.28500
v 5.06000 0.45000 0.21500
v 5.10000 0.45000 0.21500
v 5.10000 0.45000 0.28500
v 5.06000 7.05000 0.28500
v 5.06000 7.05000 0.21500
v 5.10000 7.05000 0.21500
v 5.10000 7.05000 0.28500
v 5.00000 0.45000 -0.26000
v 5.00000 0.45000 -0.74000
v 5.06000 0.45000 -0.74000
v 5.06000 0.45000 -0.26000
v 5.00000 7.05000 -0.26000
v 5.00000 7.05000 -0.74000
v 5.06000 7.05000 -0.74000
v 5.06000 7.05000 -0.26000
v 5.06000 0.45000 -0.21500
v 5.06000 0.45000 -0.28500
v 5.10000 0.45000 -0.28500
v 5.10000 0.45000 -0.21500
v 5.06000 7.05000 -0.21500
v 5.06000 7.05000 -0.28500
v 5.10000 7.05000 -0.28500
v 5.10000 7.05000 -0.21500
v 5.00000 0.45000 -0.76000
v 5.00000 0.45000 -1.24000
v 5.06000 0.45000 -1.24000
v 5.06000 0.45000 -0.76000
v 5.00000 7.05000 -0.76000
v 5.00000 7.05000 -1.24000
v 5.06000 7.05000 -1.24000
v 5.06000 7.05000 -0.76000
v 5.06000 0.45000 -0.71500
v 5.06000 0.45000 -0.78500
v 5.10000 0.45000 -0.78500
v 5.10000 0.45000 -0.71500
v 5.06000 7.05000 -0.71500
v 5.06000 7.05000 -0.78500
v 5.10000 7.05000 -0.78500
v 5.10000 7.05000 -0.71500
v 5.00000 0.45000 -1.26000
v 5.00000 0.45000 -1.74000
v 5.06000 0.45000 -1.74000
v 5.06000 0.45000 -1.26000
v 5.00000 7.05000 -1.26000
v 5.00000 7.05000 -1.74000
v 5.06000 7.05000 -1.74000
v 5.06000 7.05000 -1.26000
v 5.06000 0.45000 -1.21500
v 5.06000 0.45000 -1.28500
v 5.10000 0.45000 -1.28500
v 5.10000 0.45000 -1.21500
v 5.06000 7.05000 -1.21500
v 5.06000 7.05000 -1.28500
v 5.10000 7.05000 -1.28500
v 5.10000 7.05000 -1.21500
v 5.00000 0.45000 -1.76000
v 5.00000 0.45000 -2.24000
v 5.06000 0.45000 -2.24000
v 5.06000 0.45000 -1.76000
v 5.00000 7.05000 -1.76000
v 5.00000 7.05000 -2.24000
v 5.06000 7.05000 -2.24000
v 5.06000 7.05000 -1.76000
v 5.06000 0.45000 -1.71500
v 5.06000 0.45000 -1.78500
v 5.10000 0.45000 -1.78500
v 5.10000 0.45000 -1.71500
v 5.06000 7.05000 -1.71500
v 5.06000 7.05000 -1.78500
v 5.10000 7.05000 -1.78500
v 5.10000 7.05000 -1.71500
v 5.00000 0.45000 -2.26000
v 5.00000 0.45000 -2.74000
v 5.06000 0.45000 -2.74000
v 5.06000 0.45000 -2.26000
v 5.00000 7.05000 -2.26000
v 5.00000 7.05000 -2.74000
v 5.06000 7.05000 -2.74000
v 5.06000 7.05000 -2.26000
v 5.06000 0.45000 -2.21500
v 5.06000 0.45000 -2.28500
v 5.10000 0.45000 -2.28500
v 5.10000 0.45000 -2.21500
v 5.06000 7.05000 -2.21500
v 5.06000 7.05000 -2.28500
v 5.10000 7.05000 -2.28500
v 5.10000 7.05000 -2.21500
v 5.00000 0.45000 -2.76000
v 5.00000 0.45000 -3.24000
v 5.06000 0.45000 -3.24000
v 5.06000 0.45000 -2.76000
v 5.00000 7.05000 -2.76000
v 5.00000 7.05000 -3.24000
v 5.06000 7.05000 -3.24000
v 5.06000 7.05000 -2.76000
v 5.06000 0.45000 -2.71500
v 5.06000 0.45000 -2.78500
v 5.10000 0.45000 -2.78500
v 5.10000 0.45000 -2.71500
v 5.06000 7.05000 -2.71500
v 5.06000 7.05000 -2.78500
v 5.10000 7.05000 -2.78500
v 5.10000 7.05000 -2.71500
v 5.00000 0.45000 -3.26000
v 5.00000 0.45000 -3.74000
v 5.06000 0.45000 -3.74000
v 5.06000 0.45000 -3.26000
v 5.00000 7.05000 -3.26000
v 5.00000 7.05000 -3.74000
v 5.06000 7.05000 -3.74000
v 5.06000 7.05000 -3.26000
v 5.06000 0.45000 -3.21500
v 5.06000 0.45000 -3.28500
v 5.10000 0.45000 -3.28500
v 5.10000 0.45000 -3.21500
v 5.06000 7.05000 -3.21500
v 5.06000 7.05000 -3.28500
v 5.10000 7.05000 -3.28500
v 5.10000 7.05000 -3.21500
v -5.00000 0.45000 -3.74000
v -5.00000 0.45000 -3.26000
v -5.06000 0.45000 -3.26000
v -5.06000 0.45000 -3.74000
v -5.00000 7.05000 -3.74000
v -5.00000 7.05000 -3.26000
v -5.06000 7.05000 -3.26000
v -5.06000 7.05000 -3.74000
v -5.00000 0.45000 -3.24000
v -5.00000 0.45000 -2.76000
v -5.06000 0.45000 -2.76000
v -5.06000 0.45000 -3.24000
v -5.00000 7.05000 -3.24000
v -5.00000 7.05000 -2.76000
v -5.06000 7.05000 -2.76000
v -5.06000 7.05000 -3.24000
v -5.06000 0.45000 -3.28500
v -5.06000 0.45000 -3.21500
v -5.10000 0.45000 -3.21500
v -5.10000 0.45000 -3.28500
v -5.06000 7.05000 -3.28500
v -5.06000 7.05000 -3.21500
v -5.10000 7.05000 -3.21500
v -5.10000 7.05000 -3.28500
v -5.00000 0.45000 -2.74000
v -5.00000 0.45000 -2.26000
v -5.06000 0.45000 -2.26000
v -5.06000 0.45000 -2.74000
v -5.00000 7.05000 -2.74000
v -5.00000 7.05000 -2.26000
v -5.06000 7.05000 -2.26000
v -5.06000 7.05000 -2.74000
v -5.06000 0.45000 -2.78500
v -5.06000 0.45000 -2.71500
v -5.10000 0.45000 -2.71500
v -5.10000 0.45000 -2.78500
v -5.06000 7.05000 -2.78500
v -5.06000 7.05000 -2.71500
v -5.10000 7.05000 -2.71500
v -5.10000 7.05000 -2.78500
v -5.00000 0.45000 -2.24000
v -5.00000 0.45000 -1.76000
v -5.06000 0.45000 -1.76000
v -5.06000 0.45000 -2.24000
v -5.00000 7.05000 -2.24000
v -5.00000 7.05000 -1.76000
v -5.06000 7.05000 -1.76000
v -5.06000 7.05000 -2.24000
v -5.06000 0.45000 -2.28500
v -5.06000 0.45000 -2.21500
v -5.10000 0.45000 -2.21500
v -5.10000 0.45000 -2.28500
v -5.06000 7.05000 -2.28500
v -5.06000 7.05000 -2.21500
v -5.10000 7.05000 -2.21500
v -5.10000 7.05000 -2.28500
v -5.00000 0.45000 -1.74000
v -5.00000 0.45000 -1.26000
v -5.06000 0.45000 -1.26000
v -5.06000 0.45000 -1.74000
v -5.00000 7.05000 -1.74000
v -5.00000 7.05000 -1.26000
v -5.06000 7.05000 -1.26000
v -5.06000 7.05000 -1.74000
v -5.06000 0.45000 -1.78500
v -5.06000 0.45000 -1.71500
v -5.10000 0.45000 -1.71500
v -5.10000 0.45000 -1.78500
v -5.06000 7.05000 -1.78500
v -5.06000 7.05000 -1.71500
v -5.10000 7.05000 -1.71500
v -5.10000 7.05000 -1.78500
v -5.00000 0.45000 -1.24000
v -5.00000 0.45000 -0.76000
v -5.06000 0.45000 -0.76000
v -5.06000 0.45000 -1.24000
v -5.00000 7.05000 -1.24000
v -5.00000 7.05000 -0.76000
v -5.06000 7.05000 -0.76000
v -5.06000 7.05000 -1.24000
v -5.06000 0.45000 -1.28500
v -5.06000 0.45000 -1.21500
v -5.10000 0.45000 -1.21500
v -5.10000 0.45000 -1.28500
v -5.06000 7.05000 -1.28500
v -5.06000 7.05000 -1.21500
v -5.10000 7.05000 -1.21500
v -5.10000 7.05000 -1.28500
v -5.00000 0.45000 -0.74000
v -5.00000 0.45000 -0.26000
v -5.06000 0.45000 -0.26000
v -5.06000 0.45000 -0.74000
v -5.00000 7.05000 -0.74000
v -5.00000 7.05000 -0.26000
v -5.06000 7.05000 -0.26000
v -5.06000 7.05000 -0.74000
v -5.06000 0.45000 -0.78500
v -5.06000 0.45000 -0.71500
v -5.10000 0.45000 -0.71500
v -5.10000 0.45000 -0.78500
v -5.06000 7.05000 -0.78500
v -5.06000 7.05000 -0.71500
v -5.10000 7.05000 -0.71500
v -5.10000 7.05000 -0.78500
v -5.00000 0.45000 -0.24000
v -5.00000 0.45000 0.24000
v -5.06000 0.45000 0.24000
v -5.06000 0.45000 -0.24000
v -5.00000 7.05000 -0.24000
v -5.00000 7.05000 0.24000
v -5.06000 7.05000 0.24000
v -5.06000 7.05000 -0.24000
v -5.06000 0.45000 -0.28500
v -5.06000 0.45000 -0.21500
v -5.10000 0.45000 -0.21500
v -5.10000 0.45000 -0.28500
v -5.06000 7.05000 -0.28500
v -5.06000 7.05000 -0.21500
v -5.10000 7.05000 -0.21500
v -5.10000 7.05000 -0.28500
v -5.00000 0.45000 0.26000
v -5.00000 0.45000 0.74000
v -5.06000 0.45000 0.74000
v -5.06000 0.45000 0.26000
v -5.00000 7.05000 0.26000
v -5.00000 7.05000 0.74000
v -5.06000 7.05000 0.74000
v -5.06000 7.05000 0.26000
v -5.06000 0.45000 0.21500
v -5.06000 0.45000 0.28500
v -5.10000 0.45000 0.28500
v -5.10000 0.45000 0.21500
v -5.06000 7.05000 0.21500
v -5.06000 7.05000 0.28500
v -5.10000 7.05000 0.28500
v -5.10000 7.05000 0.21500
v -5.00000 0.45000 0.76000
v -5.00000 0.45000 1.24000
v -5.06000 0.45000 1.24000
v -5.06000 0.45000 0.76000
v -5.00000 7.05000 0.76000
v -5.00000 7.05000 1.24000
v -5.06000 7.05000 1.24000
v -5.06000 7.05000 0.76000
v -5.06000 0.45000 0.71500
v -5.06000 0.45000 0.78500
v -5.10000 0.45000 0.78500
v -5.10000 0.45000 0.71500
v -5.06000 7.05000 0.71500
v -5.06000 7.05000 0.78500
v -5.10000 7.05000 0.78500
v -5.10000 7.05000 0.71500
v -5.00000 0.45000 1.26000
v -5.00000 0.45000 1.74000
v -5.06000 0.45000 1.74000
v -5.06000 0.45000 1.26000
v -5.00000 7.05000 1.26000
v -5.00000 7.05000 1.74000
v -5.06000 7.05000 1.74000
v -5.06000 7.05000 1.26000
v -5.06000 0.45000 1.21500
v -5.06000 0.45000 1.28500
v -5.10000 0.45000 1.28500
v -5.10000 0.45000 1.21500
v -5.06000 7.05000 1.21500
v -5.06000 7.05000 1.28500
v -5.10000 7.05000 1.28500
v -5.10000 7.05000 1.21500
v -5.00000 0.45000 1.76000
v -5.00000 0.45000 2.24000
v -5.06000 0.45000 2.24000
v -5.06000 0.45000 1.76000
v -5.00000 7.05000 1.76000
v -5.00000 7.05000 2.24000
v -5.06000 7.05000 2.24000
v -5.06000 7.05000 1.76000
v -5.06000 0.45000 1.71500
v -5.06000 0.45000 1.78500
v -5.10000 0.45000 1.78500
v -5.10000 0.45000 1.71500
v -5.06000 7.05000 1.71500
v -5.06000 7.05000 1.78500
v -5.10000 7.05000 1.78500
v -5.10000 7.05000 1.71500
v -5.00000 0.45000 2.26000
v -5.00000 0.45000 2.74000
v -5.06000 0.45000 2.74000
v -5.06000 0.45000 2.26000
v -5.00000 7.05000 2.26000
v -5.00000 7.05000 2.74000
v -5.06000 7.05000 2.74000
v -5.06000 7.05000 2.26000
v -5.06000 0.45000 2.21500
v -5.06000 0.45000 2.28500
v -5.10000 0.45000 2.28500
v -5.10000 0.45000 2.21500
v -5.06000 7.05000 2.21500
v -5.06000 7.05000 2.28500
v -5.10000 7.05000 2.28500
v -5.10000 7.05000 2.21500
v -5.00000 0.45000 2.76000
v -5.00000 0.45000 3.24000
v -5.06000 0.45000 3.24000
v -5.06000 0.45000 2.76000
v -5.00000 7.05000 2.76000
v -5.00000 7.05000 3.24000
v -5.06000 7.05000 3.24000
v -5.06000 7.05000 2.76000
v -5.06000 0.45000 2.71500
v -5.06000 0.45000 2.78500
v -5.10000 0.45000 2.78500
v -5.10000 0.45000 2.71500
v -5.06000 7.05000 2.71500
v -5.06000 7.05000 2.78500
v -5.10000 7.05000 2.78500
v -5.10000 7.05000 2.71500
v -5.00000 0.45000 3.26000
v -5.00000 0.45000 3.74000
v -5.06000 0.45000 3.74000
v -5.06000 0.45000 3.26000
v -5.00000 7.05000 3.26000
v -5.00000 7.05000 3.74000
v -5.06000 7.05000 3.74000
v -5.06000 7.05000 3.26000
v -5.06000 0.45000 3.21500
v -5.06000 0.45000 3.28500
v -5.10000 0.45000 3.28500
v -5.10000 0.45000 3.21500
v -5.06000 7.05000 3.21500
v -5.06000 7.05000 3.28500
v -5.10000 7.05000 3.28500
v -5.10000 7.05000 3.21500
v -5.15000 3.80000 -3.90000
v 5.15000 3.80000 -3.90000
v 5.15000 3.80000 3.90000
v -5.15000 3.80000 3.90000
v -5.15000 4.00000 -3.90000
v 5.15000 4.00000 -3.90000
v 5.15000 4.00000 3.90000
v -5.15000 4.00000 3.90000
v -5.15000 6.80000 -3.90000
v 5.15000 6.80000 -3.90000
v 5.15000 6.80000 3.90000
v -5.15000 6.80000 3.90000
v -5.15000 7.05000 -3.90000
v 5.15000 7.05000 -3.90000
v 5.15000 7.05000 3.90000
v -5.15000 7.05000 3.90000
v -5.30000 0.00000 -4.05000
v 5.30000 0.00000 -4.05000
v 5.30000 0.00000 4.05000
v -5.30000 0.00000 4.05000
v -5.30000 0.30000 -4.05000
v 5.30000 0.30000 -4.05000
v 5.30000 0.30000 4.05000
v -5.30000 0.30000 4.05000
v -5.18000 0.45000 -3.93000
v -4.92000 0.45000 -3.93000
v -4.92000 0.45000 -3.67000
v -5.18000 0.45000 -3.67000
v -5.18000 7.05000 -3.93000
v -4.92000 7.05000 -3.93000
v -4.92000 7.05000 -3.67000
v -5.18000 7.05000 -3.67000
v -5.18000 0.45000 3.67000
v -4.92000 0.45000 3.67000
v -4.92000 0.45000 3.93000
v -5.18000 0.45000 3.93000
v -5.18000 7.05000 3.67000
v -4.92000 7.05000 3.67000
v -4.92000 7.05000 3.93000
v -5.18000 7.05000 3.93000
v 4.92000 0.45000 -3.93000
v 5.18000 0.45000 -3.93000
v 5.18000 0.45000 -3.67000
v 4.92000 0.45000 -3.67000
v 4.92000 7.05000 -3.93000
v 5.18000 7.05000 -3.93000
v 5.18000 7.05000 -3.67000
v 4.92000 7.05000 -3.67000
v 4.92000 0.45000 3.67000
v 5.18000 0.45000 3.67000
v 5.18000 0.45000 3.93000
v 4.92000 0.45000 3.93000
v 4.92000 7.05000 3.67000
v 5.18000 7.05000 3.67000
v 5.18000 7.05000 3.93000
v 4.92000 7.05000 3.93000
v -4.80000 7.05000 3.75000
v -4.80000 7.05000 -3.75000
v -4.80000 10.05000 0.00000
v -5.00000 7.05000 3.75000
v -5.00000 7.05000 -3.75000
v -5.00000 10.05000 -0.00000
v 5.00000 7.05000 3.75000
v 5.00000 7.05000 -3.75000
v 5.00000 10.05000 0.00000
v 4.80000 7.05000 3.75000
v 4.80000 7.05000 -3.75000
v 4.80000 10.05000 -0.00000
v -5.60000 10.05000 0.00000
v 5.60000 10.05000 0.00000
v -5.60000 10.47948 0.34358
v 5.60000 10.47948 0.34358
v -5.60000 6.29000 4.70000
v 5.60000 6.29000 4.70000
v -5.60000 6.71948 5.04358
v 5.60000 6.71948 5.04358
v -5.80000 10.47948 0.34358
v 5.80000 10.47948 0.34358
v -5.80000 10.63565 0.46852
v 5.80000 10.63565 0.46852
v -5.80000 6.60703 5.18414
v 5.80000 6.60703 5.18414
v -5.80000 6.76321 5.30908
v 5.80000 6.76321 5.30908
v -5.55000 6.37487 4.81027
v -5.55000 6.40487 4.81027
v -5.55000 6.40487 4.78027
v -5.55000 6.37487 4.78027
v 5.55000 6.37487 4.81027
v 5.55000 6.40487 4.81027
v 5.55000 6.40487 4.78027
v 5.55000 6.37487 4.78027
v -5.62700 9.77084 0.54505
v -5.62700 9.79427 0.56379
v -5.59700 9.79427 0.56379
v -5.59700 9.77084 0.54505
v -5.62700 6.41689 4.73748
v -5.62700 6.44032 4.75622
v -5.59700 6.44032 4.75622
v -5.59700 6.41689 4.73748
v 5.59700 9.77084 0.54505
v 5.59700 9.79427 0.56379
v 5.62700 9.79427 0.56379
v 5.62700 9.77084 0.54505
v 5.59700 6.41689 4.73748
v 5.59700 6.44032 4.75622
v 5.62700 6.44032 4.75622
v 5.62700 6.41689 4.73748
v -5.55000 6.48224 4.89616
v -5.55000 6.51224 4.89616
v -5.55000 6.51224 4.86616
v -5.55000 6.48224 4.86616
v 5.55000 6.48224 4.89616
v 5.55000 6.51224 4.89616
v 5.55000 6.51224 4.86616
v 5.55000 6.48224 4.86616
v -5.62700 9.87821 0.63094
v -5.62700 9.90163 0.64968
v -5.59700 9.90163 0.64968
v -5.59700 9.87821 0.63094
v -5.62700 6.52426 4.82338
v -5.62700 6.54769 4.84212
v -5.59700 6.54769 4.84212
v -5.59700 6.52426 4.82338
v 5.59700 9.87821 0.63094
v 5.59700 9.90163 0.64968
v 5.62700 9.90163 0.64968
v 5.62700 9.87821 0.63094
v 5.59700 6.52426 4.82338
v 5.59700 6.54769 4.84212
v 5.62700 6.54769 4.84212
v 5.62700 6.52426 4.82338
v -5.55000 6.58961 4.98206
v -5.55000 6.61961 4.98206
v -5.55000 6.61961 4.95206
v -5.55000 6.58961 4.95206
v 5.55000 6.58961 4.98206
v 5.55000 6.61961 4.98206
v 5.55000 6.61961 4.95206
v 5.55000 6.58961 4.95206
v -5.62700 9.98558 0.71684
v -5.62700 10.00900 0.73558
v -5.59700 10.00900 0.73558
v -5.59700 9.98558 0.71684
v -5.62700 6.63163 4.90927
v -5.62700 6.65506 4.92801
v -5.59700 6.65506 4.92801
v -5.59700 6.63163 4.90927
v 5.59700 9.98558 0.71684
v 5.59700 10.00900 0.73558
v 5.62700 10.00900 0.73558
v 5.62700 9.98558 0.71684
v 5.59700 6.63163 4.90927
v 5.59700 6.65506 4.92801
v 5.62700 6.65506 4.92801
v 5.62700 6.63163 4.90927
v -5.50000 6.90781 5.09857
v -5.50000 6.97781 5.09857
v -5.50000 6.97781 5.03857
v -5.50000 6.90781 5.03857
v 5.50000 6.90781 5.09857
v 5.50000 6.97781 5.09857
v 5.50000 6.97781 5.03857
v 5.50000 6.90781 5.03857
v -5.50000 10.32422 0.82805
v -5.50000 10.39422 0.82805
v -5.50000 10.39422 0.76805
v -5.50000 10.32422 0.76805
v 5.50000 10.32422 0.82805
v 5.50000 10.39422 0.82805
v 5.50000 10.39422 0.76805
v 5.50000 10.32422 0.76805
v -5.47000 6.91548 5.04671
v -5.47000 6.97014 5.09043
v -5.53000 6.97014 5.09043
v -5.53000 6.91548 5.04671
v -5.47000 10.33189 0.77618
v -5.47000 10.38655 0.81991
v -5.53000 10.38655 0.81991
v -5.53000 10.33189 0.77618
v 5.53000 6.91548 5.04671
v 5.53000 6.97014 5.09043
v 5.47000 6.97014 5.09043
v 5.47000 6.91548 5.04671
v 5.53000 10.33189 0.77618
v 5.53000 10.38655 0.81991
v 5.47000 10.38655 0.81991
v 5.47000 10.33189 0.77618
v -5.80000 6.74759 5.29658
v -5.80000 6.80225 5.34031
v -4.90000 6.74759 5.29658
v -4.90000 6.80225 5.34031
v -5.80000 7.30981 4.59380
v -5.80000 7.36448 4.63753
v 5.80000 6.74759 5.29658
v 5.80000 6.80225 5.34031
v 4.90000 6.74759 5.29658
v 4.90000 6.80225 5.34031
v 5.80000 7.30981 4.59380
v 5.80000 7.36448 4.63753
v -5.60000 10.05000 -0.00000
v 5.60000 10.05000 -0.00000
v -5.60000 10.47948 -0.34358
v 5.60000 10.47948 -0.34358
v -5.60000 6.29000 -4.70000
v 5.60000 6.29000 -4.70000
v -5.60000 6.71948 -5.04358
v 5.60000 6.71948 -5.04358
v -5.80000 10.47948 -0.34358
v 5.80000 10.47948 -0.34358
v -5.80000 10.63565 -0.46852
v 5.80000 10.63565 -0.46852
v -5.80000 6.60703 -5.18414
v 5.80000 6.60703 -5.18414
v -5.80000 6.76321 -5.30908
v 5.80000 6.76321 -5.30908
v -5.55000 6.37487 -4.78027
v -5.55000 6.40487 -4.78027
v -5.55000 6.40487 -4.81027
v -5.55000 6.37487 -4.81027
v 5.55000 6.37487 -4.78027
v 5.55000 6.40487 -4.78027
v 5.55000 6.40487 -4.81027
v 5.55000 6.37487 -4.81027
v -5.59700 9.77084 -0.54505
v -5.59700 9.79427 -0.56379
v -5.62700 9.79427 -0.56379
v -5.62700 9.77084 -0.54505
v -5.59700 6.41689 -4.73748
v -5.59700 6.44032 -4.75622
v -5.62700 6.44032 -4.75622
v -5.62700 6.41689 -4.73748
v 5.62700 9.77084 -0.54505
v 5.62700 9.79427 -0.56379
v 5.59700 9.79427 -0.56379
v 5.59700 9.77084 -0.54505
v 5.62700 6.41689 -4.73748
v 5.62700 6.44032 -4.75622
v 5.59700 6.44032 -4.75622
v 5.59700 6.41689 -4.73748
v -5.55000 6.48224 -4.86616
v -5.55000 6.51224 -4.86616
v -5.55000 6.51224 -4.89616
v -5.55000 6.48224 -4.89616
v 5.55000 6.48224 -4.86616
v 5.55000 6.51224 -4.86616
v 5.55000 6.51224 -4.89616
v 5.55000 6.48224 -4.89616
v -5.59700 9.87821 -0.63094
v -5.59700 9.90163 -0.64968
v -5.62700 9.90163 -0.64968
v -5.62700 9.87821 -0.63094
v -5.59700 6.52426 -4.82338
v -5.59700 6.54769 -4.84212
v -5.62700 6.54769 -4.84212
v -5.62700 6.52426 -4.82338
v 5.62700 9.87821 -0.63094
v 5.62700 9.90163 -0.64968
v 5.59700 9.90163 -0.64968
v 5.59700 9.87821 -0.63094
v 5.62700 6.52426 -4.82338
v 5.62700 6.54769 -4.84212
v 5.59700 6.54769 -4.84212
v 5.59700 6.52426 -4.82338
v -5.55000 6.58961 -4.95206
v -5.55000 6.61961 -4.95206
v -5.55000 6.61961 -4.98206
v -5.55000 6.58961 -4.98206
v 5.55000 6.58961 -4.95206
v 5.55000 6.61961 -4.95206
v 5.55000 6.61961 -4.98206
v 5.55000 6.58961 -4.98206
v -5.59700 9.98558 -0.71684
v -5.59700 10.00900 -0.73558
v -5.62700 10.00900 -0.73558
v -5.62700 9.98558 -0.71684
v -5.59700 6.63163 -4.90927
v -5.59700 6.65506 -4.92801
v -5.62700 6.65506 -4.92801
v -5.62700 6.63163 -4.90927
v 5.62700 9.98558 -0.71684
v 5.62700 10.00900 -0.73558
v 5.59700 10.00900 -0.73558
v 5.59700 9.98558 -0.71684
v 5.62700 6.63163 -4.90927
v 5.62700 6.65506 -4.92801
v 5.59700 6.65506 -4.92801
v 5.59700 6.63163 -4.90927
v -5.50000 6.90781 -5.03857
v -5.50000 6.97781 -5.03857
v -5.50000 6.97781 -5.09857
v -5.50000 6.90781 -5.09857
v 5.50000 6.90781 -5.03857
v 5.50000 6.97781 -5.03857
v 5.50000 6.97781 -5.09857
v 5.50000 6.90781 -5.09857
v -5.50000 10.32422 -0.76805
v -5.50000 10.39422 -0.76805
v -5.50000 10.39422 -0.82805
v -5.50000 10.32422 -0.82805
v 5.50000 10.32422 -0.76805
v 5.50000 10.39422 -0.76805
v 5.50000 10.39422 -0.82805
v 5.50000 10.32422 -0.82805
v -5.53000 6.91548 -5.04671
v -5.53000 6.97014 -5.09043
v -5.47000 6.97014 -5.09043
v -5.47000 6.91548 -5.04671
v -5.53000 10.33189 -0.77618
v -5.53000 10.38655 -0.81991
v -5.47000 10.38655 -0.81991
v -5.47000 10.33189 -0.77618
v 5.47000 6.91548 -5.04671
v 5.47000 6.97014 -5.09043
v 5.53000 6.97014 -5.09043
v 5.53000 6.91548 -5.04671
v 5.47000 10.33189 -0.77618
v 5.47000 10.38655 -0.81991
v 5.53000 10.38655 -0.81991
v 5.53000 10.33189 -0.77618
v -5.80000 6.74759 -5.29658
v -5.80000 6.80225 -5.34031
v -4.90000 6.74759 -5.29658
v -4.90000 6.80225 -5.34031
v -5.80000 7.30981 -4.59380
v -5.80000 7.36448 -4.63753
v 5.80000 6.74759 -5.29658
v 5.80000 6.80225 -5.34031
v 4.90000 6.74759 -5.29658
v 4.90000 6.80225 -5.34031
v 5.80000 7.30981 -4.59380
v 5.80000 7.36448 -4.63753
v -5.80000 10.88000 0.00000
v -5.80000 10.72148 -0.48786
v -5.80000 10.30648 -0.78938
v -5.80000 9.79352 -0.78938
v -5.80000 9.37852 -0.48786
v -5.80000 9.22000 -0.00000
v -5.80000 9.37852 0.48786
v -5.80000 9.79352 0.78938
v -5.80000 10.30648 0.78938
v -5.80000 10.72148 0.48786
v 5.80000 10.88000 0.00000
v 5.80000 10.72148 -0.48786
v 5.80000 10.30648 -0.78938
v 5.80000 9.79352 -0.78938
v 5.80000 9.37852 -0.48786
v 5.80000 9.22000 -0.00000
v 5.80000 9.37852 0.48786
v 5.80000 9.79352 0.78938
v 5.80000 10.30648 0.78938
v 5.80000 10.72148 0.48786
v -3.72000 10.94000 0.00000
v -3.72000 10.77003 -0.52313
v -3.72000 10.32503 -0.84644
v -3.72000 9.77497 -0.84644
v -3.72000 9.32997 -0.52313
v -3.72000 9.16000 -0.00000
v -3.72000 9.32997 0.52313
v -3.72000 9.77497 0.84644
v -3.72000 10.32503 0.84644
v -3.72000 10.77003 0.52313
v -3.48000 10.94000 0.00000
v -3.48000 10.77003 -0.52313
v -3.48000 10.32503 -0.84644
v -3.48000 9.77497 -0.84644
v -3.48000 9.32997 -0.52313
v -3.48000 9.16000 -0.00000
v -3.48000 9.32997 0.52313
v -3.48000 9.77497 0.84644
v -3.48000 10.32503 0.84644
v -3.48000 10.77003 0.52313
v -1.32000 10.94000 0.00000
v -1.32000 10.77003 -0.52313
v -1.32000 10.32503 -0.84644
v -1.32000 9.77497 -0.84644
v -1.32000 9.32997 -0.52313
v -1.32000 9.16000 -0.00000
v -1.32000 9.32997 0.52313
v -1.32000 9.77497 0.84644
v -1.32000 10.32503 0.84644
v -1.32000 10.77003 0.52313
v -1.08000 10.94000 0.00000
v -1.08000 10.77003 -0.52313
v -1.08000 10.32503 -0.84644
v -1.08000 9.77497 -0.84644
v -1.08000 9.32997 -0.52313
v -1.08000 9.16000 -0.00000
v -1.08000 9.32997 0.52313
v -1.08000 9.77497 0.84644
v -1.08000 10.32503 0.84644
v -1.08000 10.77003 0.52313
v 1.08000 10.94000 0.00000
v 1.08000 10.77003 -0.52313
v 1.08000 10.32503 -0.84644
v 1.08000 9.77497 -0.84644
v 1.08000 9.32997 -0.52313
v 1.08000 9.16000 -0.00000
v 1.08000 9.32997 0.52313
v 1.08000 9.77497 0.84644
v 1.08000 10.32503 0.84644
v 1.08000 10.77003 0.52313
v 1.32000 10.94000 0.00000
v 1.32000 10.77003 -0.52313
v 1.32000 10.32503 -0.84644
v 1.32000 9.77497 -0.84644
v 1.32000 9.32997 -0.52313
v 1.32000 9.16000 -0.00000
v 1.32000 9.32997 0.52313
v 1.32000 9.77497 0.84644
v 1.32000 10.32503 0.84644
v 1.32000 10.77003 0.52313
v 3.48000 10.94000 0.00000
v 3.48000 10.77003 -0.52313
v 3.48000 10.32503 -0.84644
v 3.48000 9.77497 -0.84644
v 3.48000 9.32997 -0.52313
v 3.48000 9.16000 -0.00000
v 3.48000 9.32997 0.52313
v 3.48000 9.77497 0.84644
v 3.48000 10.32503 0.84644
v 3.48000 10.77003 0.52313
v 3.72000 10.94000 0.00000
v 3.72000 10.77003 -0.52313
v 3.72000 10.32503 -0.84644
v 3.72000 9.77497 -0.84644
v 3.72000 9.32997 -0.52313
v 3.72000 9.16000 -0.00000
v 3.72000 9.32997 0.52313
v 3.72000 9.77497 0.84644
v 3.72000 10.32503 0.84644
v 3.72000 10.77003 0.52313
v -5.80000 10.82000 0.00000
v -5.80000 10.67294 0.45259
v -5.80000 10.28794 0.73231
v -5.80000 9.81206 0.73231
v -5.80000 9.42706 0.45259
v -5.80000 9.28000 0.00000
v -5.80000 9.42706 -0.45259
v -5.80000 9.81206 -0.73231
v -5.80000 10.28794 -0.73231
v -5.80000 10.67294 -0.45259
v -5.86000 10.82000 0.00000
v -5.86000 10.67294 0.45259
v -5.86000 10.28794 0.73231
v -5.86000 9.81206 0.73231
v -5.86000 9.42706 0.45259
v -5.86000 9.28000 0.00000
v -5.86000 9.42706 -0.45259
v -5.86000 9.81206 -0.73231
v -5.86000 10.28794 -0.73231
v -5.86000 10.67294 -0.45259
v 5.80000 10.82000 0.00000
v 5.80000 10.67294 -0.45259
v 5.80000 10.28794 -0.73231
v 5.80000 9.81206 -0.73231
v 5.80000 9.42706 -0.45259
v 5.80000 9.28000 -0.00000
v 5.80000 9.42706 0.45259
v 5.80000 9.81206 0.73231
v 5.80000 10.28794 0.73231
v 5.80000 10.67294 0.45259
v 5.86000 10.82000 0.00000
v 5.86000 10.67294 -0.45259
v 5.86000 10.28794 -0.73231
v 5.86000 9.81206 -0.73231
v 5.86000 9.42706 -0.45259
v 5.86000 9.28000 -0.00000
v 5.86000 9.42706 0.45259
v 5.86000 9.81206 0.73231
v 5.86000 10.28794 0.73231
v 5.86000 10.67294 0.45259
v -2.60000 8.66493 2.88390
v 2.60000 8.66493 2.88390
v 2.60000 8.71178 2.92138
v -2.60000 8.71178 2.92138
v -2.60000 9.47703 1.86877
v 2.60000 9.47703 1.86877
v 2.60000 9.52388 1.90625
v -2.60000 9.52388 1.90625
v -2.40800 8.87982 2.74335
v -1.65200 8.87982 2.74335
v -1.65200 8.94979 2.65589
v -2.40800 8.94979 2.65589
v -1.62400 8.89732 2.72148
v -1.62400 9.36958 2.13114
v -1.73600 9.36958 2.13114
v -1.73600 8.89732 2.72148
v -1.65200 9.38708 2.10928
v -2.23300 9.38708 2.10928
v -2.23300 9.31711 2.19674
v -1.65200 9.31711 2.19674
v -2.26100 9.36958 2.13114
v -2.26100 9.07223 2.50284
v -2.14900 9.07223 2.50284
v -2.14900 9.36958 2.13114
v -2.23300 9.05474 2.52470
v -1.86200 9.05474 2.52470
v -1.86200 9.12470 2.43724
v -2.23300 9.12470 2.43724
v -1.34520 9.09634 2.47269
v -0.95560 9.33972 2.16847
v -1.03480 9.38920 2.10663
v -1.42440 9.14582 2.41085
v -1.07440 9.33972 2.16847
v -0.68480 9.09634 2.47269
v -0.60560 9.14582 2.41085
v -0.99520 9.38920 2.10663
v -0.68480 9.17055 2.37993
v -1.07440 8.92718 2.68416
v -0.99520 8.87770 2.74600
v -0.60560 9.12108 2.44177
v -0.95560 8.92718 2.68416
v -1.34520 9.17055 2.37993
v -1.42440 9.12108 2.44177
v -1.03480 8.87770 2.74600
v -0.92540 9.13345 2.42631
v -1.01500 9.18942 2.35635
v -1.10460 9.13345 2.42631
v -1.01500 9.07748 2.49628
v -0.29400 8.89732 2.72148
v -0.29400 9.36958 2.13114
v -0.40600 9.36958 2.13114
v -0.40600 8.89732 2.72148
v 0.02100 8.89732 2.72148
v 0.02100 9.36958 2.13114
v -0.09100 9.36958 2.13114
v -0.09100 8.89732 2.72148
v -0.06300 9.09847 2.47004
v 0.37800 9.09847 2.47004
v 0.37800 9.16843 2.38258
v -0.06300 9.16843 2.38258
v 0.29400 9.15094 2.40445
v 0.29400 8.89732 2.72148
v 0.40600 8.89732 2.72148
v 0.40600 9.15094 2.40445
v 0.62209 9.32361 2.18861
v 1.37573 9.18237 2.36516
v 1.40791 9.24939 2.28139
v 0.65427 9.39063 2.10484
v 1.37293 9.25970 2.26849
v 0.62007 9.09510 2.47425
v 0.65707 9.02906 2.55680
v 1.40993 9.19367 2.35104
v 0.62007 9.04062 2.54235
v 1.37293 8.87601 2.74811
v 1.40993 8.94205 2.66557
v 0.65707 9.10665 2.45981
v 1.73600 8.89732 2.72148
v 1.73600 9.36958 2.13114
v 1.62400 9.36958 2.13114
v 1.62400 8.89732 2.72148
v 1.65200 9.31711 2.19674
v 2.40800 9.31711 2.19674
v 2.40800 9.38708 2.10928
v 1.65200 9.38708 2.10928
v 1.93200 8.87982 2.74335
v 2.40800 8.87982 2.74335
v 2.40800 8.94979 2.65589
v 1.93200 8.94979 2.65589
v 2.43600 8.89732 2.72148
v 2.43600 9.19467 2.34979
v 2.32400 9.19467 2.34979
v 2.32400 8.89732 2.72148
v 2.40800 9.21216 2.32792
v 1.93200 9.21216 2.32792
v 1.93200 9.14220 2.41538
v 2.40800 9.14220 2.41538
v -2.70000 8.52342 3.08882
v -2.70000 8.60342 3.08882
v -2.70000 8.60342 3.02882
v -2.70000 8.52342 3.02882
v 2.70000 8.52342 3.08882
v 2.70000 8.60342 3.08882
v 2.70000 8.60342 3.02882
v 2.70000 8.52342 3.02882
v -2.70000 9.58540 1.76134
v -2.70000 9.66540 1.76134
v -2.70000 9.66540 1.70134
v -2.70000 9.58540 1.70134
v 2.70000 9.58540 1.76134
v 2.70000 9.66540 1.76134
v 2.70000 9.66540 1.70134
v 2.70000 9.58540 1.70134
v 2.88500 10.64346 0.21864
v 2.88500 10.92457 0.44353
v 2.91500 10.92457 0.44353
v 2.91500 10.64346 0.21864
v 2.88500 9.27808 1.92537
v 2.88500 9.55919 2.15026
v 2.91500 9.55919 2.15026
v 2.91500 9.27808 1.92537
v 2.88159 9.27805 1.92591
v 2.88842 9.55921 2.15064
v 2.91841 9.55921 2.14972
v 2.91158 9.27805 1.92500
v 2.93159 7.96205 3.57091
v 2.93842 8.24321 3.79564
v 2.96841 8.24321 3.79472
v 2.96158 7.96205 3.57000
v 2.93151 7.96205 3.57093
v 2.93851 8.24322 3.79564
v 2.96849 8.24322 3.79471
v 2.96149 7.96205 3.56999
v 2.98151 6.67728 5.17688
v 2.98851 6.95845 5.40160
v 3.01849 6.95845 5.40067
v 3.01149 6.67728 5.17595
v 2.82010 6.81658 5.30492
v 3.17990 6.82821 5.30123
v 3.17990 6.81915 5.27263
v 2.82010 6.80753 5.27632
v 2.84010 6.25411 5.48300
v 3.19990 6.26574 5.47932
v 3.19990 6.25668 5.45072
v 2.84010 6.24506 5.45440
v 2.84022 6.24692 5.48215
v 3.19978 6.26488 5.48155
v 3.19978 6.26388 5.45157
v 2.84022 6.24592 5.45217
v 2.87022 5.64692 5.50215
v 3.22978 5.66488 5.50155
v 3.22978 5.66388 5.47157
v 2.87022 5.64592 5.47217
v 2.87000 5.32540 5.50186
v 3.05000 5.49540 5.50186
v 3.23000 5.32540 5.50186
v 3.23000 5.67540 5.50186
v 2.87000 5.67540 5.50186
v 2.87000 5.32540 5.47186
v 3.05000 5.49540 5.47186
v 3.23000 5.32540 5.47186
v 3.23000 5.67540 5.47186
v 2.87000 5.67540 5.47186
v -2.05000 8.71841 2.86508
v -2.15504 8.51645 3.11752
v -2.43004 8.39164 3.27354
v -2.76996 8.39164 3.27354
v -3.04496 8.51645 3.11752
v -3.15000 8.71841 2.86508
v -3.04496 8.92036 2.61264
v -2.76996 9.04517 2.45662
v -2.43004 9.04517 2.45662
v -2.15504 8.92036 2.61264
v -2.05000 8.75745 2.89631
v -2.15504 8.55550 3.14875
v -2.43004 8.43068 3.30477
v -2.76996 8.43068 3.30477
v -3.04496 8.55550 3.14875
v -3.15000 8.75745 2.89631
v -3.04496 8.95940 2.64387
v -2.76996 9.08422 2.48785
v -2.43004 9.08422 2.48785
v -2.15504 8.95940 2.64387
v -1.99757 8.77496 2.91032
v -2.08243 8.77496 2.91032
v -2.08243 8.70870 2.85731
v -1.99757 8.70870 2.85731
v -2.11263 8.55376 3.18683
v -2.18127 8.58492 3.14788
v -2.18127 8.51866 3.09487
v -2.11263 8.48750 3.13382
v -2.41384 8.41705 3.35771
v -2.44006 8.46746 3.29470
v -2.44006 8.40120 3.24169
v -2.41384 8.35079 3.30471
v -2.78616 8.41705 3.35771
v -2.75994 8.46746 3.29470
v -2.75994 8.40120 3.24169
v -2.78616 8.35079 3.30471
v -3.08737 8.55376 3.18683
v -3.01873 8.58492 3.14788
v -3.01873 8.51866 3.09487
v -3.08737 8.48750 3.13382
v -3.20243 8.77496 2.91032
v -3.11757 8.77496 2.91032
v -3.11757 8.70870 2.85731
v -3.20243 8.70870 2.85731
v -3.08737 8.99616 2.63382
v -3.01873 8.96501 2.67276
v -3.01873 8.89875 2.61976
v -3.08737 8.92991 2.58081
v -2.78616 9.13288 2.46293
v -2.75994 9.08246 2.52595
v -2.75994 9.01620 2.47294
v -2.78616 9.06662 2.40992
v -2.41384 9.13288 2.46293
v -2.44006 9.08246 2.52595
v -2.44006 9.01620 2.47294
v -2.41384 9.06662 2.40992
v -2.11263 8.99616 2.63382
v -2.18127 8.96501 2.67276
v -2.18127 8.89875 2.61976
v -2.11263 8.92991 2.58081
v -2.07000 8.77775 2.82291
v -1.89000 8.77775 2.82291
v -1.89000 8.69030 2.93223
v -2.07000 8.69030 2.93223
v -2.07000 8.80899 2.84790
v -1.89000 8.80899 2.84790
v -1.89000 8.72153 2.95722
v -2.07000 8.72153 2.95722
v -2.39562 9.04262 2.49183
v -2.30562 9.14000 2.37010
v -2.18438 9.09627 2.42476
v -2.27438 8.99889 2.54649
v -2.39562 9.07385 2.51682
v -2.30562 9.17123 2.39509
v -2.18438 9.12751 2.44975
v -2.27438 9.03013 2.57148
v -2.92562 8.99889 2.54649
v -3.01562 9.09627 2.42476
v -2.89438 9.14000 2.37010
v -2.80438 9.04262 2.49183
v -2.92562 9.03013 2.57148
v -3.01562 9.12751 2.44975
v -2.89438 9.17123 2.39509
v -2.80438 9.07385 2.51682
v -3.13000 8.69030 2.93223
v -3.31000 8.69030 2.93223
v -3.31000 8.77775 2.82291
v -3.13000 8.77775 2.82291
v -3.13000 8.72153 2.95722
v -3.31000 8.72153 2.95722
v -3.31000 8.80899 2.84790
v -3.13000 8.80899 2.84790
v -2.80438 8.42543 3.26332
v -2.89438 8.32805 3.38504
v -3.01562 8.37178 3.33038
v -2.92562 8.46916 3.20865
v -2.80438 8.45666 3.28830
v -2.89438 8.35928 3.41003
v -3.01562 8.40301 3.35537
v -2.92562 8.50039 3.23364
v -2.27438 8.46916 3.20865
v -2.18438 8.37178 3.33038
v -2.30562 8.32805 3.38504
v -2.39562 8.42543 3.26332
v -2.27438 8.50039 3.23364
v -2.18438 8.40301 3.35537
v -2.30562 8.35928 3.41003
v -2.39562 8.45666 3.28830
v 2.40000 7.38790 -4.52821
v 2.40000 7.45037 -4.57818
v 2.40000 8.13754 -3.59117
v 2.40000 8.20001 -3.64114
v 3.60000 7.38790 -4.52821
v 3.60000 7.45037 -4.57818
v 3.60000 8.13754 -3.59117
v 3.60000 8.20001 -3.64114
v 3.09000 7.81272 -4.05969
v 3.04500 7.81272 -3.98175
v 2.95500 7.81272 -3.98175
v 2.91000 7.81272 -4.05969
v 2.95500 7.81272 -4.13763
v 3.04500 7.81272 -4.13763
v 3.09000 8.66272 -4.05969
v 3.04500 8.66272 -3.98175
v 2.95500 8.66272 -3.98175
v 2.91000 8.66272 -4.05969
v 2.95500 8.66272 -4.13763
v 3.04500 8.66272 -4.13763
v 3.42208 7.78805 -3.82910
v 3.37574 7.76272 -3.80884
v 3.36774 7.73739 -3.85879
v 3.41409 7.76272 -3.87905
v 3.02717 8.33805 -4.04485
v 2.98082 8.31272 -4.02458
v 2.97283 8.28739 -4.07453
v 3.01918 8.31272 -4.09479
v 2.58787 7.78805 -3.81175
v 2.59378 7.76272 -3.86199
v 2.64093 7.73739 -3.84367
v 2.63502 7.76272 -3.79344
v 2.97347 8.33805 -4.04373
v 2.97938 8.31272 -4.09396
v 3.02653 8.28739 -4.07565
v 3.02062 8.31272 -4.02541
v 2.99404 7.78805 -4.54061
v 3.03442 7.76272 -4.51015
v 2.99481 7.73739 -4.47870
v 2.95443 7.76272 -4.50916
v 2.99962 8.33805 -4.09064
v 3.04000 8.31272 -4.06018
v 3.00038 8.28739 -4.02873
v 2.96000 8.31272 -4.05919
v -3.80000 7.25000 -2.40000
v -3.00000 7.25000 -2.40000
v -3.00000 7.25000 -1.60000
v -3.80000 7.25000 -1.60000
v -3.80000 9.85000 -2.40000
v -3.00000 9.85000 -2.40000
v -3.00000 9.85000 -1.60000
v -3.80000 9.85000 -1.60000
v -3.87500 9.85000 -2.47500
v -2.92500 9.85000 -2.47500
v -2.92500 9.85000 -1.52500
v -3.87500 9.85000 -1.52500
v -3.87500 10.03000 -2.47500
v -2.92500 10.03000 -2.47500
v -2.92500 10.03000 -1.52500
v -3.87500 10.03000 -1.52500
v -3.65000 10.03000 -2.25000
v -3.15000 10.03000 -2.25000
v -3.15000 10.03000 -1.75000
v -3.65000 10.03000 -1.75000
v -3.65000 10.28000 -2.25000
v -3.15000 10.28000 -2.25000
v -3.15000 10.28000 -1.75000
v -3.65000 10.28000 -1.75000
v -2.60000 0.00000 3.65000
v 2.60000 0.00000 3.65000
v 2.60000 0.00000 5.95000
v -2.60000 0.00000 5.95000
v -2.60000 0.45000 3.65000
v 2.60000 0.45000 3.65000
v 2.60000 0.45000 5.95000
v -2.60000 0.45000 5.95000
v -2.50000 0.45000 3.75000
v 2.50000 0.45000 3.75000
v 2.50000 0.45000 5.85000
v -2.50000 0.45000 5.85000
v -2.50000 0.51000 3.75000
v 2.50000 0.51000 3.75000
v 2.50000 0.51000 5.85000
v -2.50000 0.51000 5.85000
v -2.40000 0.30000 5.75000
v 2.40000 0.30000 5.75000
v 2.40000 0.30000 6.15000
v -2.40000 0.30000 6.15000
v -2.40000 0.45000 5.75000
v 2.40000 0.45000 5.75000
v 2.40000 0.45000 6.15000
v -2.40000 0.45000 6.15000
v -2.20000 0.15000 6.13000
v 2.20000 0.15000 6.13000
v 2.20000 0.15000 6.53000
v -2.20000 0.15000 6.53000
v -2.20000 0.30000 6.13000
v 2.20000 0.30000 6.13000
v 2.20000 0.30000 6.53000
v -2.20000 0.30000 6.53000
v -2.00000 0.00000 6.51000
v 2.00000 0.00000 6.51000
v 2.00000 0.00000 6.91000
v -2.00000 0.00000 6.91000
v -2.00000 0.15000 6.51000
v 2.00000 0.15000 6.51000
v 2.00000 0.15000 6.91000
v -2.00000 0.15000 6.91000
v -2.31000 0.45000 5.19000
v -1.69000 0.45000 5.19000
v -1.69000 0.45000 5.81000
v -2.31000 0.45000 5.81000
v -2.31000 0.67000 5.19000
v -1.69000 0.67000 5.19000
v -1.69000 0.67000 5.81000
v -2.31000 0.67000 5.81000
v -2.00000 0.67000 5.50000
v -1.70000 0.67000 5.50000
v -1.75729 0.67000 5.67634
v -1.90729 0.67000 5.78532
v -2.09271 0.67000 5.78532
v -2.24271 0.67000 5.67634
v -2.30000 0.67000 5.50000
v -2.24271 0.67000 5.32366
v -2.09271 0.67000 5.21468
v -1.90729 0.67000 5.21468
v -1.75729 0.67000 5.32366
v -1.74000 0.85000 5.50000
v -1.78966 0.85000 5.65282
v -1.91966 0.85000 5.74727
v -2.08034 0.85000 5.74727
v -2.21034 0.85000 5.65282
v -2.26000 0.85000 5.50000
v -2.21034 0.85000 5.34718
v -2.08034 0.85000 5.25273
v -1.91966 0.85000 5.25273
v -1.78966 0.85000 5.34718
v -1.78000 1.05000 5.50000
v -1.82202 1.05000 5.62931
v -1.93202 1.05000 5.70923
v -2.06798 1.05000 5.70923
v -2.17798 1.05000 5.62931
v -2.22000 1.05000 5.50000
v -2.17798 1.05000 5.37069
v -2.06798 1.05000 5.29077
v -1.93202 1.05000 5.29077
v -1.82202 1.05000 5.37069
v -1.80000 3.45000 5.50000
v -1.83820 3.45000 5.61756
v -1.93820 3.45000 5.69021
v -2.06180 3.45000 5.69021
v -2.16180 3.45000 5.61756
v -2.20000 3.45000 5.50000
v -2.16180 3.45000 5.38244
v -2.06180 3.45000 5.30979
v -1.93820 3.45000 5.30979
v -1.83820 3.45000 5.38244
v -1.73000 3.57000 5.50000
v -1.78157 3.57000 5.65870
v -1.91657 3.57000 5.75679
v -2.08343 3.57000 5.75679
v -2.21843 3.57000 5.65870
v -2.27000 3.57000 5.50000
v -2.21843 3.57000 5.34130
v -2.08343 3.57000 5.24321
v -1.91657 3.57000 5.24321
v -1.78157 3.57000 5.34130
v -1.67000 3.70000 5.50000
v -1.73302 3.70000 5.69397
v -1.89802 3.70000 5.81385
v -2.10198 3.70000 5.81385
v -2.26698 3.70000 5.69397
v -2.33000 3.70000 5.50000
v -2.26698 3.70000 5.30603
v -2.10198 3.70000 5.18615
v -1.89802 3.70000 5.18615
v -1.73302 3.70000 5.30603
v -2.00000 3.70000 5.50000
v -2.33000 3.70000 5.17000
v -1.67000 3.70000 5.17000
v -1.67000 3.70000 5.83000
v -2.33000 3.70000 5.83000
v -2.33000 3.86000 5.17000
v -1.67000 3.86000 5.17000
v -1.67000 3.86000 5.83000
v -2.33000 3.86000 5.83000
v -1.51000 0.45000 5.19000
v -0.89000 0.45000 5.19000
v -0.89000 0.45000 5.81000
v -1.51000 0.45000 5.81000
v -1.51000 0.67000 5.19000
v -0.89000 0.67000 5.19000
v -0.89000 0.67000 5.81000
v -1.51000 0.67000 5.81000
v -1.20000 0.67000 5.50000
v -0.90000 0.67000 5.50000
v -0.95729 0.67000 5.67634
v -1.10729 0.67000 5.78532
v -1.29271 0.67000 5.78532
v -1.44271 0.67000 5.67634
v -1.50000 0.67000 5.50000
v -1.44271 0.67000 5.32366
v -1.29271 0.67000 5.21468
v -1.10729 0.67000 5.21468
v -0.95729 0.67000 5.32366
v -0.94000 0.85000 5.50000
v -0.98966 0.85000 5.65282
v -1.11966 0.85000 5.74727
v -1.28034 0.85000 5.74727
v -1.41034 0.85000 5.65282
v -1.46000 0.85000 5.50000
v -1.41034 0.85000 5.34718
v -1.28034 0.85000 5.25273
v -1.11966 0.85000 5.25273
v -0.98966 0.85000 5.34718
v -0.98000 1.05000 5.50000
v -1.02202 1.05000 5.62931
v -1.13202 1.05000 5.70923
v -1.26798 1.05000 5.70923
v -1.37798 1.05000 5.62931
v -1.42000 1.05000 5.50000
v -1.37798 1.05000 5.37069
v -1.26798 1.05000 5.29077
v -1.13202 1.05000 5.29077
v -1.02202 1.05000 5.37069
v -1.00000 3.45000 5.50000
v -1.03820 3.45000 5.61756
v -1.13820 3.45000 5.69021
v -1.26180 3.45000 5.69021
v -1.36180 3.45000 5.61756
v -1.40000 3.45000 5.50000
v -1.36180 3.45000 5.38244
v -1.26180 3.45000 5.30979
v -1.13820 3.45000 5.30979
v -1.03820 3.45000 5.38244
v -0.93000 3.57000 5.50000
v -0.98157 3.57000 5.65870
v -1.11657 3.57000 5.75679
v -1.28343 3.57000 5.75679
v -1.41843 3.57000 5.65870
v -1.47000 3.57000 5.50000
v -1.41843 3.57000 5.34130
v -1.28343 3.57000 5.24321
v -1.11657 3.57000 5.24321
v -0.98157 3.57000 5.34130
v -0.87000 3.70000 5.50000
v -0.93302 3.70000 5.69397
v -1.09802 3.70000 5.81385
v -1.30198 3.70000 5.81385
v -1.46698 3.70000 5.69397
v -1.53000 3.70000 5.50000
v -1.46698 3.70000 5.30603
v -1.30198 3.70000 5.18615
v -1.09802 3.70000 5.18615
v -0.93302 3.70000 5.30603
v -1.20000 3.70000 5.50000
v -1.53000 3.70000 5.17000
v -0.87000 3.70000 5.17000
v -0.87000 3.70000 5.83000
v -1.53000 3.70000 5.83000
v -1.53000 3.86000 5.17000
v -0.87000 3.86000 5.17000
v -0.87000 3.86000 5.83000
v -1.53000 3.86000 5.83000
v 1.69000 0.45000 5.19000
v 2.31000 0.45000 5.19000
v 2.31000 0.45000 5.81000
v 1.69000 0.45000 5.81000
v 1.69000 0.67000 5.19000
v 2.31000 0.67000 5.19000
v 2.31000 0.67000 5.81000
v 1.69000 0.67000 5.81000
v 2.00000 0.67000 5.50000
v 2.30000 0.67000 5.50000
v 2.24271 0.67000 5.67634
v 2.09271 0.67000 5.78532
v 1.90729 0.67000 5.78532
v 1.75729 0.67000 5.67634
v 1.70000 0.67000 5.50000
v 1.75729 0.67000 5.32366
v 1.90729 0.67000 5.21468
v 2.09271 0.67000 5.21468
v 2.24271 0.67000 5.32366
v 2.26000 0.85000 5.50000
v 2.21034 0.85000 5.65282
v 2.08034 0.85000 5.74727
v 1.91966 0.85000 5.74727
v 1.78966 0.85000 5.65282
v 1.74000 0.85000 5.50000
v 1.78966 0.85000 5.34718
v 1.91966 0.85000 5.25273
v 2.08034 0.85000 5.25273
v 2.21034 0.85000 5.34718
v 2.22000 1.05000 5.50000
v 2.17798 1.05000 5.62931
v 2.06798 1.05000 5.70923
v 1.93202 1.05000 5.70923
v 1.82202 1.05000 5.62931
v 1.78000 1.05000 5.50000
v 1.82202 1.05000 5.37069
v 1.93202 1.05000 5.29077
v 2.06798 1.05000 5.29077
v 2.17798 1.05000 5.37069
v 2.20000 3.45000 5.50000
v 2.16180 3.45000 5.61756
v 2.06180 3.45000 5.69021
v 1.93820 3.45000 5.69021
v 1.83820 3.45000 5.61756
v 1.80000 3.45000 5.50000
v 1.83820 3.45000 5.38244
v 1.93820 3.45000 5.30979
v 2.06180 3.45000 5.30979
v 2.16180 3.45000 5.38244
v 2.27000 3.57000 5.50000
v 2.21843 3.57000 5.65870
v 2.08343 3.57000 5.75679
v 1.91657 3.57000 5.75679
v 1.78157 3.57000 5.65870
v 1.73000 3.57000 5.50000
v 1.78157 3.57000 5.34130
v 1.91657 3.57000 5.24321
v 2.08343 3.57000 5.24321
v 2.21843 3.57000 5.34130
v 2.33000 3.70000 5.50000
v 2.26698 3.70000 5.69397
v 2.10198 3.70000 5.81385
v 1.89802 3.70000 5.81385
v 1.73302 3.70000 5.69397
v 1.67000 3.70000 5.50000
v 1.73302 3.70000 5.30603
v 1.89802 3.70000 5.18615
v 2.10198 3.70000 5.18615
v 2.26698 3.70000 5.30603
v 2.00000 3.70000 5.50000
v 1.67000 3.70000 5.17000
v 2.33000 3.70000 5.17000
v 2.33000 3.70000 5.83000
v 1.67000 3.70000 5.83000
v 1.67000 3.86000 5.17000
v 2.33000 3.86000 5.17000
v 2.33000 3.86000 5.83000
v 1.67000 3.86000 5.83000
v 0.89000 0.45000 5.19000
v 1.51000 0.45000 5.19000
v 1.51000 0.45000 5.81000
v 0.89000 0.45000 5.81000
v 0.89000 0.67000 5.19000
v 1.51000 0.67000 5.19000
v 1.51000 0.67000 5.81000
v 0.89000 0.67000 5.81000
v 1.20000 0.67000 5.50000
v 1.50000 0.67000 5.50000
v 1.44271 0.67000 5.67634
v 1.29271 0.67000 5.78532
v 1.10729 0.67000 5.78532
v 0.95729 0.67000 5.67634
v 0.90000 0.67000 5.50000
v 0.95729 0.67000 5.32366
v 1.10729 0.67000 5.21468
v 1.29271 0.67000 5.21468
v 1.44271 0.67000 5.32366
v 1.46000 0.85000 5.50000
v 1.41034 0.85000 5.65282
v 1.28034 0.85000 5.74727
v 1.11966 0.85000 5.74727
v 0.98966 0.85000 5.65282
v 0.94000 0.85000 5.50000
v 0.98966 0.85000 5.34718
v 1.11966 0.85000 5.25273
v 1.28034 0.85000 5.25273
v 1.41034 0.85000 5.34718
v 1.42000 1.05000 5.50000
v 1.37798 1.05000 5.62931
v 1.26798 1.05000 5.70923
v 1.13202 1.05000 5.70923
v 1.02202 1.05000 5.62931
v 0.98000 1.05000 5.50000
v 1.02202 1.05000 5.37069
v 1.13202 1.05000 5.29077
v 1.26798 1.05000 5.29077
v 1.37798 1.05000 5.37069
v 1.40000 3.45000 5.50000
v 1.36180 3.45000 5.61756
v 1.26180 3.45000 5.69021
v 1.13820 3.45000 5.69021
v 1.03820 3.45000 5.61756
v 1.00000 3.45000 5.50000
v 1.03820 3.45000 5.38244
v 1.13820 3.45000 5.30979
v 1.26180 3.45000 5.30979
v 1.36180 3.45000 5.38244
v 1.47000 3.57000 5.50000
v 1.41843 3.57000 5.65870
v 1.28343 3.57000 5.75679
v 1.11657 3.57000 5.75679
v 0.98157 3.57000 5.65870
v 0.93000 3.57000 5.50000
v 0.98157 3.57000 5.34130
v 1.11657 3.57000 5.24321
v 1.28343 3.57000 5.24321
v 1.41843 3.57000 5.34130
v 1.53000 3.70000 5.50000
v 1.46698 3.70000 5.69397
v 1.30198 3.70000 5.81385
v 1.09802 3.70000 5.81385
v 0.93302 3.70000 5.69397
v 0.87000 3.70000 5.50000
v 0.93302 3.70000 5.30603
v 1.09802 3.70000 5.18615
v 1.30198 3.70000 5.18615
v 1.46698 3.70000 5.30603
v 1.20000 3.70000 5.50000
v 0.87000 3.70000 5.17000
v 1.53000 3.70000 5.17000
v 1.53000 3.70000 5.83000
v 0.87000 3.70000 5.83000
v 0.87000 3.86000 5.17000
v 1.53000 3.86000 5.17000
v 1.53000 3.86000 5.83000
v 0.87000 3.86000 5.83000
v -2.60000 3.86000 3.55000
v 2.60000 3.86000 3.55000
v 2.60000 3.86000 5.95000
v -2.60000 3.86000 5.95000
v -2.60000 4.28000 3.55000
v 2.60000 4.28000 3.55000
v 2.60000 4.28000 5.95000
v -2.60000 4.28000 5.95000
v -2.65000 4.05000 3.50000
v 2.65000 4.05000 3.50000
v 2.65000 4.05000 6.00000
v -2.65000 4.05000 6.00000
v -2.65000 4.15000 3.50000
v 2.65000 4.15000 3.50000
v 2.65000 4.15000 6.00000
v -2.65000 4.15000 6.00000
v -2.75000 4.28000 6.17500
v 2.75000 4.28000 6.17500
v 0.00000 5.33000 6.17500
v -2.75000 4.28000 3.52500
v 2.75000 4.28000 3.52500
v 0.00000 5.33000 3.52500
v -2.55000 4.35000 6.23000
v 2.55000 4.35000 6.23000
v 0.00000 5.20000 6.23000
v -2.55000 4.35000 6.17000
v 2.55000 4.35000 6.17000
v 0.00000 5.20000 6.17000
v -0.52317 4.44501 6.41464
v -0.00295 4.49969 6.24468
v 0.01241 4.50130 6.29223
v -0.50780 4.44663 6.46219
v -0.56080 4.80304 6.41464
v -0.04058 4.85772 6.24468
v -0.02522 4.85933 6.29223
v -0.54543 4.80466 6.46219
v 0.00295 4.49969 6.24468
v 0.52317 4.44501 6.41464
v 0.50780 4.44663 6.46219
v -0.01241 4.50130 6.29223
v 0.04058 4.85772 6.24468
v 0.56080 4.80304 6.41464
v 0.54543 4.80466 6.46219
v 0.02522 4.85933 6.29223
v -0.02000 4.50000 6.24000
v 0.02000 4.50000 6.24000
v 0.02000 4.50000 6.30000
v -0.02000 4.50000 6.30000
v -0.02000 4.88000 6.24000
v 0.02000 4.88000 6.24000
v 0.02000 4.88000 6.30000
v -0.02000 4.88000 6.30000
v -1.00000 0.45000 3.80000
v 1.00000 0.45000 3.80000
v 1.00000 0.45000 3.86000
v -1.00000 0.45000 3.86000
v -1.00000 3.25000 3.80000
v 1.00000 3.25000 3.80000
v 1.00000 3.25000 3.86000
v -1.00000 3.25000 3.86000
v -1.22000 0.45000 3.72000
v -1.00000 0.45000 3.72000
v -1.00000 0.45000 3.98000
v -1.22000 0.45000 3.98000
v -1.22000 3.25000 3.72000
v -1.00000 3.25000 3.72000
v -1.00000 3.25000 3.98000
v -1.22000 3.25000 3.98000
v 1.00000 0.45000 3.72000
v 1.22000 0.45000 3.72000
v 1.22000 0.45000 3.98000
v 1.00000 0.45000 3.98000
v 1.00000 3.25000 3.72000
v 1.22000 3.25000 3.72000
v 1.22000 3.25000 3.98000
v 1.00000 3.25000 3.98000
v -1.22000 3.23000 3.97000
v 1.22000 3.23000 3.97000
v 1.22000 3.23000 3.97000
v 1.12713 3.69687 3.97000
v 0.86267 4.09267 3.97000
v 0.46687 4.35713 3.97000
v 0.00000 4.45000 3.97000
v -0.46687 4.35713 3.97000
v -0.86267 4.09267 3.97000
v -1.12713 3.69687 3.97000
v -1.22000 3.23000 3.97000
v -1.22000 3.23000 3.77000
v 1.22000 3.23000 3.77000
v 1.22000 3.23000 3.77000
v 1.12713 3.69687 3.77000
v 0.86267 4.09267 3.77000
v 0.46687 4.35713 3.77000
v 0.00000 4.45000 3.77000
v -0.46687 4.35713 3.77000
v -0.86267 4.09267 3.77000
v -1.12713 3.69687 3.77000
v -1.22000 3.23000 3.77000
v -1.00000 3.25000 4.00500
v 1.00000 3.25000 4.00500
v 1.00000 3.25000 4.00500
v 0.92388 3.63268 4.00500
v 0.70711 3.95711 4.00500
v 0.38268 4.17388 4.00500
v 0.00000 4.25000 4.00500
v -0.38268 4.17388 4.00500
v -0.70711 3.95711 4.00500
v -0.92388 3.63268 4.00500
v -1.00000 3.25000 4.00500
v -1.00000 3.25000 3.95500
v 1.00000 3.25000 3.95500
v 1.00000 3.25000 3.95500
v 0.92388 3.63268 3.95500
v 0.70711 3.95711 3.95500
v 0.38268 4.17388 3.95500
v 0.00000 4.25000 3.95500
v -0.38268 4.17388 3.95500
v -0.70711 3.95711 3.95500
v -0.92388 3.63268 3.95500
v -1.00000 3.25000 3.95500
v 0.01741 3.25206 4.02000
v -0.01741 3.28794 4.02000
v -0.01741 3.28794 3.98000
v 0.01741 3.25206 3.98000
v 0.68916 3.90381 4.02000
v 0.65434 3.93969 4.02000
v 0.65434 3.93969 3.98000
v 0.68916 3.90381 3.98000
v -0.02500 3.27000 3.98000
v 0.02500 3.27000 3.98000
v 0.02500 3.27000 4.02000
v -0.02500 3.27000 4.02000
v -0.02500 4.20000 3.98000
v 0.02500 4.20000 3.98000
v 0.02500 4.20000 4.02000
v -0.02500 4.20000 4.02000
v -0.01741 3.25206 3.98000
v 0.01741 3.28794 3.98000
v 0.01741 3.28794 4.02000
v -0.01741 3.25206 4.02000
v -0.68916 3.90381 3.98000
v -0.65434 3.93969 3.98000
v -0.65434 3.93969 4.02000
v -0.68916 3.90381 4.02000
v -4.41000 1.28000 3.91000
v -2.89000 1.28000 3.91000
v -2.89000 3.04733 3.91000
v -2.94785 3.29327 3.91000
v -3.11260 3.50177 3.91000
v -3.35916 3.64108 3.91000
v -3.65000 3.69000 3.91000
v -3.94084 3.64108 3.91000
v -4.18740 3.50177 3.91000
v -4.35215 3.29327 3.91000
v -4.41000 3.04733 3.91000
v -4.41000 1.28000 3.79000
v -2.89000 1.28000 3.79000
v -2.89000 3.04733 3.79000
v -2.94785 3.29327 3.79000
v -3.11260 3.50177 3.79000
v -3.35916 3.64108 3.79000
v -3.65000 3.69000 3.79000
v -3.94084 3.64108 3.79000
v -4.18740 3.50177 3.79000
v -4.35215 3.29327 3.79000
v -4.41000 3.04733 3.79000
v -4.25000 1.30000 3.94000
v -3.05000 1.30000 3.94000
v -3.05000 2.95000 3.94000
v -3.09567 3.17961 3.94000
v -3.22574 3.37426 3.94000
v -3.42039 3.50433 3.94000
v -3.65000 3.55000 3.94000
v -3.87961 3.50433 3.94000
v -4.07426 3.37426 3.94000
v -4.20433 3.17961 3.94000
v -4.25000 2.95000 3.94000
v -4.25000 1.30000 3.90000
v -3.05000 1.30000 3.90000
v -3.05000 2.95000 3.90000
v -3.09567 3.17961 3.90000
v -3.22574 3.37426 3.90000
v -3.42039 3.50433 3.90000
v -3.65000 3.55000 3.90000
v -3.87961 3.50433 3.90000
v -4.07426 3.37426 3.90000
v -4.20433 3.17961 3.90000
v -4.25000 2.95000 3.90000
v -3.68500 1.30000 3.92000
v -3.61500 1.30000 3.92000
v -3.61500 1.30000 3.96000
v -3.68500 1.30000 3.96000
v -3.68500 3.50000 3.92000
v -3.61500 3.50000 3.92000
v -3.61500 3.50000 3.96000
v -3.68500 3.50000 3.96000
v -4.25000 2.20750 3.92000
v -3.05000 2.20750 3.92000
v -3.05000 2.20750 3.96000
v -4.25000 2.20750 3.96000
v -4.25000 2.27750 3.92000
v -3.05000 2.27750 3.92000
v -3.05000 2.27750 3.96000
v -4.25000 2.27750 3.96000
v -4.55000 1.18000 3.79000
v -2.75000 1.18000 3.79000
v -2.75000 1.18000 4.11000
v -4.55000 1.18000 4.11000
v -4.55000 1.28000 3.79000
v -2.75000 1.28000 3.79000
v -2.75000 1.28000 4.11000
v -4.55000 1.28000 4.11000
v -3.78000 3.47000 3.84000
v -3.52000 3.47000 3.84000
v -3.52000 3.47000 3.98000
v -3.78000 3.47000 3.98000
v -3.78000 3.77000 3.84000
v -3.52000 3.77000 3.84000
v -3.52000 3.77000 3.98000
v -3.78000 3.77000 3.98000
v -4.17500 4.65000 3.82000
v -3.12500 4.65000 3.82000
v -3.12500 4.65000 3.86000
v -4.17500 4.65000 3.86000
v -4.17500 6.00000 3.82000
v -3.12500 6.00000 3.82000
v -3.12500 6.00000 3.86000
v -4.17500 6.00000 3.86000
v -4.30500 4.52000 3.79000
v -4.17500 4.52000 3.79000
v -4.17500 4.52000 3.95000
v -4.30500 4.52000 3.95000
v -4.30500 6.13000 3.79000
v -4.17500 6.13000 3.79000
v -4.17500 6.13000 3.95000
v -4.30500 6.13000 3.95000
v -3.12500 4.52000 3.79000
v -2.99500 4.52000 3.79000
v -2.99500 4.52000 3.95000
v -3.12500 4.52000 3.95000
v -3.12500 6.13000 3.79000
v -2.99500 6.13000 3.79000
v -2.99500 6.13000 3.95000
v -3.12500 6.13000 3.95000
v -4.17500 6.00000 3.79000
v -3.12500 6.00000 3.79000
v -3.12500 6.00000 3.95000
v -4.17500 6.00000 3.95000
v -4.17500 6.13000 3.79000
v -3.12500 6.13000 3.79000
v -3.12500 6.13000 3.95000
v -4.17500 6.13000 3.95000
v -4.17500 4.52000 3.79000
v -3.12500 4.52000 3.79000
v -3.12500 4.52000 3.95000
v -4.17500 4.52000 3.95000
v -4.17500 4.65000 3.79000
v -3.12500 4.65000 3.79000
v -3.12500 4.65000 3.95000
v -4.17500 4.65000 3.95000
v -4.42500 4.43000 3.79000
v -2.87500 4.43000 3.79000
v -2.87500 4.43000 4.09000
v -4.42500 4.43000 4.09000
v -4.42500 4.52000 3.79000
v -2.87500 4.52000 3.79000
v -2.87500 4.52000 4.09000
v -4.42500 4.52000 4.09000
v -4.39500 6.13000 3.79000
v -2.90500 6.13000 3.79000
v -2.90500 6.13000 4.03000
v -4.39500 6.13000 4.03000
v -4.39500 6.27000 3.79000
v -2.90500 6.27000 3.79000
v -2.90500 6.27000 4.03000
v -4.39500 6.27000 4.03000
v -3.68000 4.65000 3.86000
v -3.62000 4.65000 3.86000
v -3.62000 4.65000 3.91000
v -3.68000 4.65000 3.91000
v -3.68000 6.00000 3.86000
v -3.62000 6.00000 3.86000
v -3.62000 6.00000 3.91000
v -3.68000 6.00000 3.91000
v -4.17500 5.29500 3.86000
v -3.12500 5.29500 3.86000
v -3.12500 5.29500 3.91000
v -4.17500 5.29500 3.91000
v -4.17500 5.35500 3.86000
v -3.12500 5.35500 3.86000
v -3.12500 5.35500 3.91000
v -4.17500 5.35500 3.91000
v -4.78619 4.60000 3.92163
v -4.33791 4.60000 3.80986
v -4.32581 4.60000 3.85837
v -4.77409 4.60000 3.97014
v -4.78619 6.05000 3.92163
v -4.33791 6.05000 3.80986
v -4.32581 6.05000 3.85837
v -4.77409 6.05000 3.97014
v -4.71587 4.84286 3.95563
v -4.38403 4.84286 3.87289
v -4.37677 4.84286 3.90200
v -4.70861 4.84286 3.98473
v -4.71587 4.91286 3.95563
v -4.38403 4.91286 3.87289
v -4.37677 4.91286 3.90200
v -4.70861 4.91286 3.98473
v -4.71587 5.16429 3.95563
v -4.38403 5.16429 3.87289
v -4.37677 5.16429 3.90200
v -4.70861 5.16429 3.98473
v -4.71587 5.23429 3.95563
v -4.38403 5.23429 3.87289
v -4.37677 5.23429 3.90200
v -4.70861 5.23429 3.98473
v -4.71587 5.48571 3.95563
v -4.38403 5.48571 3.87289
v -4.37677 5.48571 3.90200
v -4.70861 5.48571 3.98473
v -4.71587 5.55571 3.95563
v -4.38403 5.55571 3.87289
v -4.37677 5.55571 3.90200
v -4.70861 5.55571 3.98473
v -4.71587 5.80714 3.95563
v -4.38403 5.80714 3.87289
v -4.37677 5.80714 3.90200
v -4.70861 5.80714 3.98473
v -4.71587 5.87714 3.95563
v -4.38403 5.87714 3.87289
v -4.37677 5.87714 3.90200
v -4.70861 5.87714 3.98473
v -2.96209 4.60000 3.80986
v -2.51381 4.60000 3.92163
v -2.52591 4.60000 3.97014
v -2.97419 4.60000 3.85837
v -2.96209 6.05000 3.80986
v -2.51381 6.05000 3.92163
v -2.52591 6.05000 3.97014
v -2.97419 6.05000 3.85837
v -2.91597 4.84286 3.87289
v -2.58413 4.84286 3.95563
v -2.59139 4.84286 3.98473
v -2.92323 4.84286 3.90200
v -2.91597 4.91286 3.87289
v -2.58413 4.91286 3.95563
v -2.59139 4.91286 3.98473
v -2.92323 4.91286 3.90200
v -2.91597 5.16429 3.87289
v -2.58413 5.16429 3.95563
v -2.59139 5.16429 3.98473
v -2.92323 5.16429 3.90200
v -2.91597 5.23429 3.87289
v -2.58413 5.23429 3.95563
v -2.59139 5.23429 3.98473
v -2.92323 5.23429 3.90200
v -2.91597 5.48571 3.87289
v -2.58413 5.48571 3.95563
v -2.59139 5.48571 3.98473
v -2.92323 5.48571 3.90200
v -2.91597 5.55571 3.87289
v -2.58413 5.55571 3.95563
v -2.59139 5.55571 3.98473
v -2.92323 5.55571 3.90200
v -2.91597 5.80714 3.87289
v -2.58413 5.80714 3.95563
v -2.59139 5.80714 3.98473
v -2.92323 5.80714 3.90200
v -2.91597 5.87714 3.87289
v -2.58413 5.87714 3.95563
v -2.59139 5.87714 3.98473
v -2.92323 5.87714 3.90200
v 2.89000 1.28000 3.91000
v 4.41000 1.28000 3.91000
v 4.41000 3.04733 3.91000
v 4.35215 3.29327 3.91000
v 4.18740 3.50177 3.91000
v 3.94084 3.64108 3.91000
v 3.65000 3.69000 3.91000
v 3.35916 3.64108 3.91000
v 3.11260 3.50177 3.91000
v 2.94785 3.29327 3.91000
v 2.89000 3.04733 3.91000
v 2.89000 1.28000 3.79000
v 4.41000 1.28000 3.79000
v 4.41000 3.04733 3.79000
v 4.35215 3.29327 3.79000
v 4.18740 3.50177 3.79000
v 3.94084 3.64108 3.79000
v 3.65000 3.69000 3.79000
v 3.35916 3.64108 3.79000
v 3.11260 3.50177 3.79000
v 2.94785 3.29327 3.79000
v 2.89000 3.04733 3.79000
v 3.05000 1.30000 3.94000
v 4.25000 1.30000 3.94000
v 4.25000 2.95000 3.94000
v 4.20433 3.17961 3.94000
v 4.07426 3.37426 3.94000
v 3.87961 3.50433 3.94000
v 3.65000 3.55000 3.94000
v 3.42039 3.50433 3.94000
v 3.22574 3.37426 3.94000
v 3.09567 3.17961 3.94000
v 3.05000 2.95000 3.94000
v 3.05000 1.30000 3.90000
v 4.25000 1.30000 3.90000
v 4.25000 2.95000 3.90000
v 4.20433 3.17961 3.90000
v 4.07426 3.37426 3.90000
v 3.87961 3.50433 3.90000
v 3.65000 3.55000 3.90000
v 3.42039 3.50433 3.90000
v 3.22574 3.37426 3.90000
v 3.09567 3.17961 3.90000
v 3.05000 2.95000 3.90000
v 3.61500 1.30000 3.92000
v 3.68500 1.30000 3.92000
v 3.68500 1.30000 3.96000
v 3.61500 1.30000 3.96000
v 3.61500 3.50000 3.92000
v 3.68500 3.50000 3.92000
v 3.68500 3.50000 3.96000
v 3.61500 3.50000 3.96000
v 3.05000 2.20750 3.92000
v 4.25000 2.20750 3.92000
v 4.25000 2.20750 3.96000
v 3.05000 2.20750 3.96000
v 3.05000 2.27750 3.92000
v 4.25000 2.27750 3.92000
v 4.25000 2.27750 3.96000
v 3.05000 2.27750 3.96000
v 2.75000 1.18000 3.79000
v 4.55000 1.18000 3.79000
v 4.55000 1.18000 4.11000
v 2.75000 1.18000 4.11000
v 2.75000 1.28000 3.79000
v 4.55000 1.28000 3.79000
v 4.55000 1.28000 4.11000
v 2.75000 1.28000 4.11000
v 3.52000 3.47000 3.84000
v 3.78000 3.47000 3.84000
v 3.78000 3.47000 3.98000
v 3.52000 3.47000 3.98000
v 3.52000 3.77000 3.84000
v 3.78000 3.77000 3.84000
v 3.78000 3.77000 3.98000
v 3.52000 3.77000 3.98000
v 3.12500 4.65000 3.82000
v 4.17500 4.65000 3.82000
v 4.17500 4.65000 3.86000
v 3.12500 4.65000 3.86000
v 3.12500 6.00000 3.82000
v 4.17500 6.00000 3.82000
v 4.17500 6.00000 3.86000
v 3.12500 6.00000 3.86000
v 2.99500 4.52000 3.79000
v 3.12500 4.52000 3.79000
v 3.12500 4.52000 3.95000
v 2.99500 4.52000 3.95000
v 2.99500 6.13000 3.79000
v 3.12500 6.13000 3.79000
v 3.12500 6.13000 3.95000
v 2.99500 6.13000 3.95000
v 4.17500 4.52000 3.79000
v 4.30500 4.52000 3.79000
v 4.30500 4.52000 3.95000
v 4.17500 4.52000 3.95000
v 4.17500 6.13000 3.79000
v 4.30500 6.13000 3.79000
v 4.30500 6.13000 3.95000
v 4.17500 6.13000 3.95000
v 3.12500 6.00000 3.79000
v 4.17500 6.00000 3.79000
v 4.17500 6.00000 3.95000
v 3.12500 6.00000 3.95000
v 3.12500 6.13000 3.79000
v 4.17500 6.13000 3.79000
v 4.17500 6.13000 3.95000
v 3.12500 6.13000 3.95000
v 3.12500 4.52000 3.79000
v 4.17500 4.52000 3.79000
v 4.17500 4.52000 3.95000
v 3.12500 4.52000 3.95000
v 3.12500 4.65000 3.79000
v 4.17500 4.65000 3.79000
v 4.17500 4.65000 3.95000
v 3.12500 4.65000 3.95000
v 2.87500 4.43000 3.79000
v 4.42500 4.43000 3.79000
v 4.42500 4.43000 4.09000
v 2.87500 4.43000 4.09000
v 2.87500 4.52000 3.79000
v 4.42500 4.52000 3.79000
v 4.42500 4.52000 4.09000
v 2.87500 4.52000 4.09000
v 2.90500 6.13000 3.79000
v 4.39500 6.13000 3.79000
v 4.39500 6.13000 4.03000
v 2.90500 6.13000 4.03000
v 2.90500 6.27000 3.79000
v 4.39500 6.27000 3.79000
v 4.39500 6.27000 4.03000
v 2.90500 6.27000 4.03000
v 3.62000 4.65000 3.86000
v 3.68000 4.65000 3.86000
v 3.68000 4.65000 3.91000
v 3.62000 4.65000 3.91000
v 3.62000 6.00000 3.86000
v 3.68000 6.00000 3.86000
v 3.68000 6.00000 3.91000
v 3.62000 6.00000 3.91000
v 3.12500 5.29500 3.86000
v 4.17500 5.29500 3.86000
v 4.17500 5.29500 3.91000
v 3.12500 5.29500 3.91000
v 3.12500 5.35500 3.86000
v 4.17500 5.35500 3.86000
v 4.17500 5.35500 3.91000
v 3.12500 5.35500 3.91000
v 2.51381 4.60000 3.92163
v 2.96209 4.60000 3.80986
v 2.97419 4.60000 3.85837
v 2.52591 4.60000 3.97014
v 2.51381 6.05000 3.92163
v 2.96209 6.05000 3.80986
v 2.97419 6.05000 3.85837
v 2.52591 6.05000 3.97014
v 2.58413 4.84286 3.95563
v 2.91597 4.84286 3.87289
v 2.92323 4.84286 3.90200
v 2.59139 4.84286 3.98473
v 2.58413 4.91286 3.95563
v 2.91597 4.91286 3.87289
v 2.92323 4.91286 3.90200
v 2.59139 4.91286 3.98473
v 2.58413 5.16429 3.95563
v 2.91597 5.16429 3.87289
v 2.92323 5.16429 3.90200
v 2.59139 5.16429 3.98473
v 2.58413 5.23429 3.95563
v 2.91597 5.23429 3.87289
v 2.92323 5.23429 3.90200
v 2.59139 5.23429 3.98473
v 2.58413 5.48571 3.95563
v 2.91597 5.48571 3.87289
v 2.92323 5.48571 3.90200
v 2.59139 5.48571 3.98473
v 2.58413 5.55571 3.95563
v 2.91597 5.55571 3.87289
v 2.92323 5.55571 3.90200
v 2.59139 5.55571 3.98473
v 2.58413 5.80714 3.95563
v 2.91597 5.80714 3.87289
v 2.92323 5.80714 3.90200
v 2.59139 5.80714 3.98473
v 2.58413 5.87714 3.95563
v 2.91597 5.87714 3.87289
v 2.92323 5.87714 3.90200
v 2.59139 5.87714 3.98473
v 4.33791 4.60000 3.80986
v 4.78619 4.60000 3.92163
v 4.77409 4.60000 3.97014
v 4.32581 4.60000 3.85837
v 4.33791 6.05000 3.80986
v 4.78619 6.05000 3.92163
v 4.77409 6.05000 3.97014
v 4.32581 6.05000 3.85837
v 4.38403 4.84286 3.87289
v 4.71587 4.84286 3.95563
v 4.70861 4.84286 3.98473
v 4.37677 4.84286 3.90200
v 4.38403 4.91286 3.87289
v 4.71587 4.91286 3.95563
v 4.70861 4.91286 3.98473
v 4.37677 4.91286 3.90200
v 4.38403 5.16429 3.87289
v 4.71587 5.16429 3.95563
v 4.70861 5.16429 3.98473
v 4.37677 5.16429 3.90200
v 4.38403 5.23429 3.87289
v 4.71587 5.23429 3.95563
v 4.70861 5.23429 3.98473
v 4.37677 5.23429 3.90200
v 4.38403 5.48571 3.87289
v 4.71587 5.48571 3.95563
v 4.70861 5.48571 3.98473
v 4.37677 5.48571 3.90200
v 4.38403 5.55571 3.87289
v 4.71587 5.55571 3.95563
v 4.70861 5.55571 3.98473
v 4.37677 5.55571 3.90200
v 4.38403 5.80714 3.87289
v 4.71587 5.80714 3.95563
v 4.70861 5.80714 3.98473
v 4.37677 5.80714 3.90200
v 4.38403 5.87714 3.87289
v 4.71587 5.87714 3.95563
v 4.70861 5.87714 3.98473
v 4.37677 5.87714 3.90200
v 0.62000 6.20000 3.79000
v 0.55860 5.93099 3.79000
v 0.38656 5.71526 3.79000
v 0.13796 5.59554 3.79000
v -0.13796 5.59554 3.79000
v -0.38656 5.71526 3.79000
v -0.55860 5.93099 3.79000
v -0.62000 6.20000 3.79000
v -0.55860 6.46901 3.79000
v -0.38656 6.68474 3.79000
v -0.13796 6.80446 3.79000
v 0.13796 6.80446 3.79000
v 0.38656 6.68474 3.79000
v 0.55860 6.46901 3.79000
v 0.62000 6.20000 3.93000
v 0.55860 5.93099 3.93000
v 0.38656 5.71526 3.93000
v 0.13796 5.59554 3.93000
v -0.13796 5.59554 3.93000
v -0.38656 5.71526 3.93000
v -0.55860 5.93099 3.93000
v -0.62000 6.20000 3.93000
v -0.55860 6.46901 3.93000
v -0.38656 6.68474 3.93000
v -0.13796 6.80446 3.93000
v 0.13796 6.80446 3.93000
v 0.38656 6.68474 3.93000
v 0.55860 6.46901 3.93000
v 0.50000 6.20000 3.79000
v 0.45048 5.98306 3.79000
v 0.31174 5.80908 3.79000
v 0.11126 5.71254 3.79000
v -0.11126 5.71254 3.79000
v -0.31174 5.80908 3.79000
v -0.45048 5.98306 3.79000
v -0.50000 6.20000 3.79000
v -0.45048 6.41694 3.79000
v -0.31174 6.59092 3.79000
v -0.11126 6.68746 3.79000
v 0.11126 6.68746 3.79000
v 0.31174 6.59092 3.79000
v 0.45048 6.41694 3.79000
v 0.50000 6.20000 3.96000
v 0.45048 5.98306 3.96000
v 0.31174 5.80908 3.96000
v 0.11126 5.71254 3.96000
v -0.11126 5.71254 3.96000
v -0.31174 5.80908 3.96000
v -0.45048 5.98306 3.96000
v -0.50000 6.20000 3.96000
v -0.45048 6.41694 3.96000
v -0.31174 6.59092 3.96000
v -0.11126 6.68746 3.96000
v 0.11126 6.68746 3.96000
v 0.31174 6.59092 3.96000
v 0.45048 6.41694 3.96000
v 0.66536 6.20000 3.97536
v 0.59464 6.20000 3.97536
v 0.59464 6.20000 3.90464
v 0.66536 6.20000 3.90464
v 0.59946 5.91131 3.97536
v 0.53576 5.94199 3.97536
v 0.53576 5.94199 3.90464
v 0.59946 5.91131 3.90464
v 0.41484 5.67980 3.97536
v 0.37075 5.73509 3.97536
v 0.37075 5.73509 3.90464
v 0.41484 5.67980 3.90464
v 0.14806 5.55133 3.97536
v 0.13232 5.62026 3.97536
v 0.13232 5.62026 3.90464
v 0.14806 5.55133 3.90464
v -0.14806 5.55133 3.97536
v -0.13232 5.62026 3.97536
v -0.13232 5.62026 3.90464
v -0.14806 5.55133 3.90464
v -0.41484 5.67980 3.97536
v -0.37075 5.73509 3.97536
v -0.37075 5.73509 3.90464
v -0.41484 5.67980 3.90464
v -0.59946 5.91131 3.97536
v -0.53576 5.94199 3.97536
v -0.53576 5.94199 3.90464
v -0.59946 5.91131 3.90464
v -0.66536 6.20000 3.97536
v -0.59464 6.20000 3.97536
v -0.59464 6.20000 3.90464
v -0.66536 6.20000 3.90464
v -0.59946 6.48869 3.97536
v -0.53576 6.45801 3.97536
v -0.53576 6.45801 3.90464
v -0.59946 6.48869 3.90464
v -0.41484 6.72020 3.97536
v -0.37075 6.66491 3.97536
v -0.37075 6.66491 3.90464
v -0.41484 6.72020 3.90464
v -0.14806 6.84867 3.97536
v -0.13232 6.77974 3.97536
v -0.13232 6.77974 3.90464
v -0.14806 6.84867 3.90464
v 0.14806 6.84867 3.97536
v 0.13232 6.77974 3.97536
v 0.13232 6.77974 3.90464
v 0.14806 6.84867 3.90464
v 0.41484 6.72020 3.97536
v 0.37075 6.66491 3.97536
v 0.37075 6.66491 3.90464
v 0.41484 6.72020 3.90464
v 0.59946 6.48869 3.97536
v 0.53576 6.45801 3.97536
v 0.53576 6.45801 3.90464
v 0.59946 6.48869 3.90464
v 0.16000 6.20000 3.79000
v 0.11314 6.08686 3.79000
v 0.00000 6.04000 3.79000
v -0.11314 6.08686 3.79000
v -0.16000 6.20000 3.79000
v -0.11314 6.31314 3.79000
v -0.00000 6.36000 3.79000
v 0.11314 6.31314 3.79000
v 0.16000 6.20000 4.01000
v 0.11314 6.08686 4.01000
v 0.00000 6.04000 4.01000
v -0.11314 6.08686 4.01000
v -0.16000 6.20000 4.01000
v -0.11314 6.31314 4.01000
v -0.00000 6.36000 4.01000
v 0.11314 6.31314 4.01000
v 0.50000 6.17000 3.95000
v 0.50000 6.23000 3.95000
v 0.50000 6.23000 3.99000
v 0.50000 6.17000 3.99000
v -0.50000 6.17000 3.95000
v -0.50000 6.23000 3.95000
v -0.50000 6.23000 3.99000
v -0.50000 6.17000 3.99000
v 0.37477 6.53234 3.95000
v 0.33234 6.57477 3.95000
v 0.33234 6.57477 3.99000
v 0.37477 6.53234 3.99000
v -0.33234 5.82523 3.95000
v -0.37477 5.86766 3.95000
v -0.37477 5.86766 3.99000
v -0.33234 5.82523 3.99000
v -0.03000 6.70000 3.99000
v 0.03000 6.70000 3.99000
v 0.03000 6.70000 3.95000
v -0.03000 6.70000 3.95000
v -0.03000 5.70000 3.99000
v 0.03000 5.70000 3.99000
v 0.03000 5.70000 3.95000
v -0.03000 5.70000 3.95000
v -0.37477 6.53234 3.99000
v -0.33234 6.57477 3.99000
v -0.33234 6.57477 3.95000
v -0.37477 6.53234 3.95000
v 0.33234 5.82523 3.99000
v 0.37477 5.86766 3.99000
v 0.37477 5.86766 3.95000
v 0.33234 5.82523 3.95000
v 5.16000 1.33000 -1.09000
v 5.16000 1.33000 -2.51000
v 5.16000 2.99810 -2.51000
v 5.16000 3.22461 -2.45595
v 5.16000 3.41664 -2.30205
v 5.16000 3.54494 -2.07171
v 5.16000 3.59000 -1.80000
v 5.16000 3.54494 -1.52829
v 5.16000 3.41664 -1.29795
v 5.16000 3.22461 -1.14405
v 5.16000 2.99810 -1.09000
v 5.04000 1.33000 -1.09000
v 5.04000 1.33000 -2.51000
v 5.04000 2.99810 -2.51000
v 5.04000 3.22461 -2.45595
v 5.04000 3.41664 -2.30205
v 5.04000 3.54494 -2.07171
v 5.04000 3.59000 -1.80000
v 5.04000 3.54494 -1.52829
v 5.04000 3.41664 -1.29795
v 5.04000 3.22461 -1.14405
v 5.04000 2.99810 -1.09000
v 5.19000 1.35000 -1.25000
v 5.19000 1.35000 -2.35000
v 5.19000 2.90000 -2.35000
v 5.19000 3.11048 -2.30813
v 5.19000 3.28891 -2.18891
v 5.19000 3.40813 -2.01048
v 5.19000 3.45000 -1.80000
v 5.19000 3.40813 -1.58952
v 5.19000 3.28891 -1.41109
v 5.19000 3.11048 -1.29187
v 5.19000 2.90000 -1.25000
v 5.15000 1.35000 -1.25000
v 5.15000 1.35000 -2.35000
v 5.15000 2.90000 -2.35000
v 5.15000 3.11048 -2.30813
v 5.15000 3.28891 -2.18891
v 5.15000 3.40813 -2.01048
v 5.15000 3.45000 -1.80000
v 5.15000 3.40813 -1.58952
v 5.15000 3.28891 -1.41109
v 5.15000 3.11048 -1.29187
v 5.15000 2.90000 -1.25000
v 5.17000 1.35000 -1.76500
v 5.17000 1.35000 -1.83500
v 5.21000 1.35000 -1.83500
v 5.21000 1.35000 -1.76500
v 5.17000 3.40000 -1.76500
v 5.17000 3.40000 -1.83500
v 5.21000 3.40000 -1.83500
v 5.21000 3.40000 -1.76500
v 5.17000 2.20250 -1.25000
v 5.17000 2.20250 -2.35000
v 5.21000 2.20250 -2.35000
v 5.21000 2.20250 -1.25000
v 5.17000 2.27250 -1.25000
v 5.17000 2.27250 -2.35000
v 5.21000 2.27250 -2.35000
v 5.21000 2.27250 -1.25000
v 5.04000 1.23000 -0.95000
v 5.04000 1.23000 -2.65000
v 5.36000 1.23000 -2.65000
v 5.36000 1.23000 -0.95000
v 5.04000 1.33000 -0.95000
v 5.04000 1.33000 -2.65000
v 5.36000 1.33000 -2.65000
v 5.36000 1.33000 -0.95000
v 5.09000 3.37000 -1.67000
v 5.09000 3.37000 -1.93000
v 5.23000 3.37000 -1.93000
v 5.23000 3.37000 -1.67000
v 5.09000 3.67000 -1.67000
v 5.09000 3.67000 -1.93000
v 5.23000 3.67000 -1.93000
v 5.23000 3.67000 -1.67000
v 5.07000 4.65000 -1.32500
v 5.07000 4.65000 -2.27500
v 5.11000 4.65000 -2.27500
v 5.11000 4.65000 -1.32500
v 5.07000 5.95000 -1.32500
v 5.07000 5.95000 -2.27500
v 5.11000 5.95000 -2.27500
v 5.11000 5.95000 -1.32500
v 5.04000 4.52000 -1.19500
v 5.04000 4.52000 -1.32500
v 5.20000 4.52000 -1.32500
v 5.20000 4.52000 -1.19500
v 5.04000 6.08000 -1.19500
v 5.04000 6.08000 -1.32500
v 5.20000 6.08000 -1.32500
v 5.20000 6.08000 -1.19500
v 5.04000 4.52000 -2.27500
v 5.04000 4.52000 -2.40500
v 5.20000 4.52000 -2.40500
v 5.20000 4.52000 -2.27500
v 5.04000 6.08000 -2.27500
v 5.04000 6.08000 -2.40500
v 5.20000 6.08000 -2.40500
v 5.20000 6.08000 -2.27500
v 5.04000 5.95000 -1.32500
v 5.04000 5.95000 -2.27500
v 5.20000 5.95000 -2.27500
v 5.20000 5.95000 -1.32500
v 5.04000 6.08000 -1.32500
v 5.04000 6.08000 -2.27500
v 5.20000 6.08000 -2.27500
v 5.20000 6.08000 -1.32500
v 5.04000 4.52000 -1.32500
v 5.04000 4.52000 -2.27500
v 5.20000 4.52000 -2.27500
v 5.20000 4.52000 -1.32500
v 5.04000 4.65000 -1.32500
v 5.04000 4.65000 -2.27500
v 5.20000 4.65000 -2.27500
v 5.20000 4.65000 -1.32500
v 5.04000 4.43000 -1.07500
v 5.04000 4.43000 -2.52500
v 5.34000 4.43000 -2.52500
v 5.34000 4.43000 -1.07500
v 5.04000 4.52000 -1.07500
v 5.04000 4.52000 -2.52500
v 5.34000 4.52000 -2.52500
v 5.34000 4.52000 -1.07500
v 5.04000 6.08000 -1.10500
v 5.04000 6.08000 -2.49500
v 5.28000 6.08000 -2.49500
v 5.28000 6.08000 -1.10500
v 5.04000 6.22000 -1.10500
v 5.04000 6.22000 -2.49500
v 5.28000 6.22000 -2.49500
v 5.28000 6.22000 -1.10500
v 5.11000 4.65000 -1.77000
v 5.11000 4.65000 -1.83000
v 5.16000 4.65000 -1.83000
v 5.16000 4.65000 -1.77000
v 5.11000 5.95000 -1.77000
v 5.11000 5.95000 -1.83000
v 5.16000 5.95000 -1.83000
v 5.16000 5.95000 -1.77000
v 5.11000 5.27000 -1.32500
v 5.11000 5.27000 -2.27500
v 5.16000 5.27000 -2.27500
v 5.16000 5.27000 -1.32500
v 5.11000 5.33000 -1.32500
v 5.11000 5.33000 -2.27500
v 5.16000 5.33000 -2.27500
v 5.16000 5.33000 -1.32500
v 5.16630 4.60000 -0.75716
v 5.06518 4.60000 -1.16274
v 5.11370 4.60000 -1.17484
v 5.21482 4.60000 -0.76926
v 5.16630 6.00000 -0.75716
v 5.06518 6.00000 -1.16274
v 5.11370 6.00000 -1.17484
v 5.21482 6.00000 -0.76926
v 5.20030 4.83571 -0.82747
v 5.12821 4.83571 -1.11662
v 5.15732 4.83571 -1.12388
v 5.22941 4.83571 -0.83473
v 5.20030 4.90571 -0.82747
v 5.12821 4.90571 -1.11662
v 5.15732 4.90571 -1.12388
v 5.22941 4.90571 -0.83473
v 5.20030 5.14524 -0.82747
v 5.12821 5.14524 -1.11662
v 5.15732 5.14524 -1.12388
v 5.22941 5.14524 -0.83473
v 5.20030 5.21524 -0.82747
v 5.12821 5.21524 -1.11662
v 5.15732 5.21524 -1.12388
v 5.22941 5.21524 -0.83473
v 5.20030 5.45476 -0.82747
v 5.12821 5.45476 -1.11662
v 5.15732 5.45476 -1.12388
v 5.22941 5.45476 -0.83473
v 5.20030 5.52476 -0.82747
v 5.12821 5.52476 -1.11662
v 5.15732 5.52476 -1.12388
v 5.22941 5.52476 -0.83473
v 5.20030 5.76429 -0.82747
v 5.12821 5.76429 -1.11662
v 5.15732 5.76429 -1.12388
v 5.22941 5.76429 -0.83473
v 5.20030 5.83429 -0.82747
v 5.12821 5.83429 -1.11662
v 5.15732 5.83429 -1.12388
v 5.22941 5.83429 -0.83473
v 5.06518 4.60000 -2.43726
v 5.16630 4.60000 -2.84284
v 5.21482 4.60000 -2.83074
v 5.11370 4.60000 -2.42516
v 5.06518 6.00000 -2.43726
v 5.16630 6.00000 -2.84284
v 5.21482 6.00000 -2.83074
v 5.11370 6.00000 -2.42516
v 5.12821 4.83571 -2.48338
v 5.20030 4.83571 -2.77253
v 5.22941 4.83571 -2.76527
v 5.15732 4.83571 -2.47612
v 5.12821 4.90571 -2.48338
v 5.20030 4.90571 -2.77253
v 5.22941 4.90571 -2.76527
v 5.15732 4.90571 -2.47612
v 5.12821 5.14524 -2.48338
v 5.20030 5.14524 -2.77253
v 5.22941 5.14524 -2.76527
v 5.15732 5.14524 -2.47612
v 5.12821 5.21524 -2.48338
v 5.20030 5.21524 -2.77253
v 5.22941 5.21524 -2.76527
v 5.15732 5.21524 -2.47612
v 5.12821 5.45476 -2.48338
v 5.20030 5.45476 -2.77253
v 5.22941 5.45476 -2.76527
v 5.15732 5.45476 -2.47612
v 5.12821 5.52476 -2.48338
v 5.20030 5.52476 -2.77253
v 5.22941 5.52476 -2.76527
v 5.15732 5.52476 -2.47612
v 5.12821 5.76429 -2.48338
v 5.20030 5.76429 -2.77253
v 5.22941 5.76429 -2.76527
v 5.15732 5.76429 -2.47612
v 5.12821 5.83429 -2.48338
v 5.20030 5.83429 -2.77253
v 5.22941 5.83429 -2.76527
v 5.15732 5.83429 -2.47612
v 5.16000 1.33000 2.51000
v 5.16000 1.33000 1.09000
v 5.16000 2.99810 1.09000
v 5.16000 3.22461 1.14405
v 5.16000 3.41664 1.29795
v 5.16000 3.54494 1.52829
v 5.16000 3.59000 1.80000
v 5.16000 3.54494 2.07171
v 5.16000 3.41664 2.30205
v 5.16000 3.22461 2.45595
v 5.16000 2.99810 2.51000
v 5.04000 1.33000 2.51000
v 5.04000 1.33000 1.09000
v 5.04000 2.99810 1.09000
v 5.04000 3.22461 1.14405
v 5.04000 3.41664 1.29795
v 5.04000 3.54494 1.52829
v 5.04000 3.59000 1.80000
v 5.04000 3.54494 2.07171
v 5.04000 3.41664 2.30205
v 5.04000 3.22461 2.45595
v 5.04000 2.99810 2.51000
v 5.19000 1.35000 2.35000
v 5.19000 1.35000 1.25000
v 5.19000 2.90000 1.25000
v 5.19000 3.11048 1.29187
v 5.19000 3.28891 1.41109
v 5.19000 3.40813 1.58952
v 5.19000 3.45000 1.80000
v 5.19000 3.40813 2.01048
v 5.19000 3.28891 2.18891
v 5.19000 3.11048 2.30813
v 5.19000 2.90000 2.35000
v 5.15000 1.35000 2.35000
v 5.15000 1.35000 1.25000
v 5.15000 2.90000 1.25000
v 5.15000 3.11048 1.29187
v 5.15000 3.28891 1.41109
v 5.15000 3.40813 1.58952
v 5.15000 3.45000 1.80000
v 5.15000 3.40813 2.01048
v 5.15000 3.28891 2.18891
v 5.15000 3.11048 2.30813
v 5.15000 2.90000 2.35000
v 5.17000 1.35000 1.83500
v 5.17000 1.35000 1.76500
v 5.21000 1.35000 1.76500
v 5.21000 1.35000 1.83500
v 5.17000 3.40000 1.83500
v 5.17000 3.40000 1.76500
v 5.21000 3.40000 1.76500
v 5.21000 3.40000 1.83500
v 5.17000 2.20250 2.35000
v 5.17000 2.20250 1.25000
v 5.21000 2.20250 1.25000
v 5.21000 2.20250 2.35000
v 5.17000 2.27250 2.35000
v 5.17000 2.27250 1.25000
v 5.21000 2.27250 1.25000
v 5.21000 2.27250 2.35000
v 5.04000 1.23000 2.65000
v 5.04000 1.23000 0.95000
v 5.36000 1.23000 0.95000
v 5.36000 1.23000 2.65000
v 5.04000 1.33000 2.65000
v 5.04000 1.33000 0.95000
v 5.36000 1.33000 0.95000
v 5.36000 1.33000 2.65000
v 5.09000 3.37000 1.93000
v 5.09000 3.37000 1.67000
v 5.23000 3.37000 1.67000
v 5.23000 3.37000 1.93000
v 5.09000 3.67000 1.93000
v 5.09000 3.67000 1.67000
v 5.23000 3.67000 1.67000
v 5.23000 3.67000 1.93000
v 5.07000 4.65000 2.27500
v 5.07000 4.65000 1.32500
v 5.11000 4.65000 1.32500
v 5.11000 4.65000 2.27500
v 5.07000 5.95000 2.27500
v 5.07000 5.95000 1.32500
v 5.11000 5.95000 1.32500
v 5.11000 5.95000 2.27500
v 5.04000 4.52000 2.40500
v 5.04000 4.52000 2.27500
v 5.20000 4.52000 2.27500
v 5.20000 4.52000 2.40500
v 5.04000 6.08000 2.40500
v 5.04000 6.08000 2.27500
v 5.20000 6.08000 2.27500
v 5.20000 6.08000 2.40500
v 5.04000 4.52000 1.32500
v 5.04000 4.52000 1.19500
v 5.20000 4.52000 1.19500
v 5.20000 4.52000 1.32500
v 5.04000 6.08000 1.32500
v 5.04000 6.08000 1.19500
v 5.20000 6.08000 1.19500
v 5.20000 6.08000 1.32500
v 5.04000 5.95000 2.27500
v 5.04000 5.95000 1.32500
v 5.20000 5.95000 1.32500
v 5.20000 5.95000 2.27500
v 5.04000 6.08000 2.27500
v 5.04000 6.08000 1.32500
v 5.20000 6.08000 1.32500
v 5.20000 6.08000 2.27500
v 5.04000 4.52000 2.27500
v 5.04000 4.52000 1.32500
v 5.20000 4.52000 1.32500
v 5.20000 4.52000 2.27500
v 5.04000 4.65000 2.27500
v 5.04000 4.65000 1.32500
v 5.20000 4.65000 1.32500
v 5.20000 4.65000 2.27500
v 5.04000 4.43000 2.52500
v 5.04000 4.43000 1.07500
v 5.34000 4.43000 1.07500
v 5.34000 4.43000 2.52500
v 5.04000 4.52000 2.52500
v 5.04000 4.52000 1.07500
v 5.34000 4.52000 1.07500
v 5.34000 4.52000 2.52500
v 5.04000 6.08000 2.49500
v 5.04000 6.08000 1.10500
v 5.28000 6.08000 1.10500
v 5.28000 6.08000 2.49500
v 5.04000 6.22000 2.49500
v 5.04000 6.22000 1.10500
v 5.28000 6.22000 1.10500
v 5.28000 6.22000 2.49500
v 5.11000 4.65000 1.83000
v 5.11000 4.65000 1.77000
v 5.16000 4.65000 1.77000
v 5.16000 4.65000 1.83000
v 5.11000 5.95000 1.83000
v 5.11000 5.95000 1.77000
v 5.16000 5.95000 1.77000
v 5.16000 5.95000 1.83000
v 5.11000 5.27000 2.27500
v 5.11000 5.27000 1.32500
v 5.16000 5.27000 1.32500
v 5.16000 5.27000 2.27500
v 5.11000 5.33000 2.27500
v 5.11000 5.33000 1.32500
v 5.16000 5.33000 1.32500
v 5.16000 5.33000 2.27500
v 5.16630 4.60000 2.84284
v 5.06518 4.60000 2.43726
v 5.11370 4.60000 2.42516
v 5.21482 4.60000 2.83074
v 5.16630 6.00000 2.84284
v 5.06518 6.00000 2.43726
v 5.11370 6.00000 2.42516
v 5.21482 6.00000 2.83074
v 5.20030 4.83571 2.77253
v 5.12821 4.83571 2.48338
v 5.15732 4.83571 2.47612
v 5.22941 4.83571 2.76527
v 5.20030 4.90571 2.77253
v 5.12821 4.90571 2.48338
v 5.15732 4.90571 2.47612
v 5.22941 4.90571 2.76527
v 5.20030 5.14524 2.77253
v 5.12821 5.14524 2.48338
v 5.15732 5.14524 2.47612
v 5.22941 5.14524 2.76527
v 5.20030 5.21524 2.77253
v 5.12821 5.21524 2.48338
v 5.15732 5.21524 2.47612
v 5.22941 5.21524 2.76527
v 5.20030 5.45476 2.77253
v 5.12821 5.45476 2.48338
v 5.15732 5.45476 2.47612
v 5.22941 5.45476 2.76527
v 5.20030 5.52476 2.77253
v 5.12821 5.52476 2.48338
v 5.15732 5.52476 2.47612
v 5.22941 5.52476 2.76527
v 5.20030 5.76429 2.77253
v 5.12821 5.76429 2.48338
v 5.15732 5.76429 2.47612
v 5.22941 5.76429 2.76527
v 5.20030 5.83429 2.77253
v 5.12821 5.83429 2.48338
v 5.15732 5.83429 2.47612
v 5.22941 5.83429 2.76527
v 5.06518 4.60000 1.16274
v 5.16630 4.60000 0.75716
v 5.21482 4.60000 0.76926
v 5.11370 4.60000 1.17484
v 5.06518 6.00000 1.16274
v 5.16630 6.00000 0.75716
v 5.21482 6.00000 0.76926
v 5.11370 6.00000 1.17484
v 5.12821 4.83571 1.11662
v 5.20030 4.83571 0.82747
v 5.22941 4.83571 0.83473
v 5.15732 4.83571 1.12388
v 5.12821 4.90571 1.11662
v 5.20030 4.90571 0.82747
v 5.22941 4.90571 0.83473
v 5.15732 4.90571 1.12388
v 5.12821 5.14524 1.11662
v 5.20030 5.14524 0.82747
v 5.22941 5.14524 0.83473
v 5.15732 5.14524 1.12388
v 5.12821 5.21524 1.11662
v 5.20030 5.21524 0.82747
v 5.22941 5.21524 0.83473
v 5.15732 5.21524 1.12388
v 5.12821 5.45476 1.11662
v 5.20030 5.45476 0.82747
v 5.22941 5.45476 0.83473
v 5.15732 5.45476 1.12388
v 5.12821 5.52476 1.11662
v 5.20030 5.52476 0.82747
v 5.22941 5.52476 0.83473
v 5.15732 5.52476 1.12388
v 5.12821 5.76429 1.11662
v 5.20030 5.76429 0.82747
v 5.22941 5.76429 0.83473
v 5.15732 5.76429 1.12388
v 5.12821 5.83429 1.11662
v 5.20030 5.83429 0.82747
v 5.22941 5.83429 0.83473
v 5.15732 5.83429 1.12388
v -5.16000 1.33000 -2.51000
v -5.16000 1.33000 -1.09000
v -5.16000 2.99810 -1.09000
v -5.16000 3.22461 -1.14405
v -5.16000 3.41664 -1.29795
v -5.16000 3.54494 -1.52829
v -5.16000 3.59000 -1.80000
v -5.16000 3.54494 -2.07171
v -5.16000 3.41664 -2.30205
v -5.16000 3.22461 -2.45595
v -5.16000 2.99810 -2.51000
v -5.04000 1.33000 -2.51000
v -5.04000 1.33000 -1.09000
v -5.04000 2.99810 -1.09000
v -5.04000 3.22461 -1.14405
v -5.04000 3.41664 -1.29795
v -5.04000 3.54494 -1.52829
v -5.04000 3.59000 -1.80000
v -5.04000 3.54494 -2.07171
v -5.04000 3.41664 -2.30205
v -5.04000 3.22461 -2.45595
v -5.04000 2.99810 -2.51000
v -5.19000 1.35000 -2.35000
v -5.19000 1.35000 -1.25000
v -5.19000 2.90000 -1.25000
v -5.19000 3.11048 -1.29187
v -5.19000 3.28891 -1.41109
v -5.19000 3.40813 -1.58952
v -5.19000 3.45000 -1.80000
v -5.19000 3.40813 -2.01048
v -5.19000 3.28891 -2.18891
v -5.19000 3.11048 -2.30813
v -5.19000 2.90000 -2.35000
v -5.15000 1.35000 -2.35000
v -5.15000 1.35000 -1.25000
v -5.15000 2.90000 -1.25000
v -5.15000 3.11048 -1.29187
v -5.15000 3.28891 -1.41109
v -5.15000 3.40813 -1.58952
v -5.15000 3.45000 -1.80000
v -5.15000 3.40813 -2.01048
v -5.15000 3.28891 -2.18891
v -5.15000 3.11048 -2.30813
v -5.15000 2.90000 -2.35000
v -5.17000 1.35000 -1.83500
v -5.17000 1.35000 -1.76500
v -5.21000 1.35000 -1.76500
v -5.21000 1.35000 -1.83500
v -5.17000 3.40000 -1.83500
v -5.17000 3.40000 -1.76500
v -5.21000 3.40000 -1.76500
v -5.21000 3.40000 -1.83500
v -5.17000 2.20250 -2.35000
v -5.17000 2.20250 -1.25000
v -5.21000 2.20250 -1.25000
v -5.21000 2.20250 -2.35000
v -5.17000 2.27250 -2.35000
v -5.17000 2.27250 -1.25000
v -5.21000 2.27250 -1.25000
v -5.21000 2.27250 -2.35000
v -5.04000 1.23000 -2.65000
v -5.04000 1.23000 -0.95000
v -5.36000 1.23000 -0.95000
v -5.36000 1.23000 -2.65000
v -5.04000 1.33000 -2.65000
v -5.04000 1.33000 -0.95000
v -5.36000 1.33000 -0.95000
v -5.36000 1.33000 -2.65000
v -5.09000 3.37000 -1.93000
v -5.09000 3.37000 -1.67000
v -5.23000 3.37000 -1.67000
v -5.23000 3.37000 -1.93000
v -5.09000 3.67000 -1.93000
v -5.09000 3.67000 -1.67000
v -5.23000 3.67000 -1.67000
v -5.23000 3.67000 -1.93000
v -5.07000 4.65000 -2.27500
v -5.07000 4.65000 -1.32500
v -5.11000 4.65000 -1.32500
v -5.11000 4.65000 -2.27500
v -5.07000 5.95000 -2.27500
v -5.07000 5.95000 -1.32500
v -5.11000 5.95000 -1.32500
v -5.11000 5.95000 -2.27500
v -5.04000 4.52000 -2.40500
v -5.04000 4.52000 -2.27500
v -5.20000 4.52000 -2.27500
v -5.20000 4.52000 -2.40500
v -5.04000 6.08000 -2.40500
v -5.04000 6.08000 -2.27500
v -5.20000 6.08000 -2.27500
v -5.20000 6.08000 -2.40500
v -5.04000 4.52000 -1.32500
v -5.04000 4.52000 -1.19500
v -5.20000 4.52000 -1.19500
v -5.20000 4.52000 -1.32500
v -5.04000 6.08000 -1.32500
v -5.04000 6.08000 -1.19500
v -5.20000 6.08000 -1.19500
v -5.20000 6.08000 -1.32500
v -5.04000 5.95000 -2.27500
v -5.04000 5.95000 -1.32500
v -5.20000 5.95000 -1.32500
v -5.20000 5.95000 -2.27500
v -5.04000 6.08000 -2.27500
v -5.04000 6.08000 -1.32500
v -5.20000 6.08000 -1.32500
v -5.20000 6.08000 -2.27500
v -5.04000 4.52000 -2.27500
v -5.04000 4.52000 -1.32500
v -5.20000 4.52000 -1.32500
v -5.20000 4.52000 -2.27500
v -5.04000 4.65000 -2.27500
v -5.04000 4.65000 -1.32500
v -5.20000 4.65000 -1.32500
v -5.20000 4.65000 -2.27500
v -5.04000 4.43000 -2.52500
v -5.04000 4.43000 -1.07500
v -5.34000 4.43000 -1.07500
v -5.34000 4.43000 -2.52500
v -5.04000 4.52000 -2.52500
v -5.04000 4.52000 -1.07500
v -5.34000 4.52000 -1.07500
v -5.34000 4.52000 -2.52500
v -5.04000 6.08000 -2.49500
v -5.04000 6.08000 -1.10500
v -5.28000 6.08000 -1.10500
v -5.28000 6.08000 -2.49500
v -5.04000 6.22000 -2.49500
v -5.04000 6.22000 -1.10500
v -5.28000 6.22000 -1.10500
v -5.28000 6.22000 -2.49500
v -5.11000 4.65000 -1.83000
v -5.11000 4.65000 -1.77000
v -5.16000 4.65000 -1.77000
v -5.16000 4.65000 -1.83000
v -5.11000 5.95000 -1.83000
v -5.11000 5.95000 -1.77000
v -5.16000 5.95000 -1.77000
v -5.16000 5.95000 -1.83000
v -5.11000 5.27000 -2.27500
v -5.11000 5.27000 -1.32500
v -5.16000 5.27000 -1.32500
v -5.16000 5.27000 -2.27500
v -5.11000 5.33000 -2.27500
v -5.11000 5.33000 -1.32500
v -5.16000 5.33000 -1.32500
v -5.16000 5.33000 -2.27500
v -5.16630 4.60000 -2.84284
v -5.06518 4.60000 -2.43726
v -5.11370 4.60000 -2.42516
v -5.21482 4.60000 -2.83074
v -5.16630 6.00000 -2.84284
v -5.06518 6.00000 -2.43726
v -5.11370 6.00000 -2.42516
v -5.21482 6.00000 -2.83074
v -5.20030 4.83571 -2.77253
v -5.12821 4.83571 -2.48338
v -5.15732 4.83571 -2.47612
v -5.22941 4.83571 -2.76527
v -5.20030 4.90571 -2.77253
v -5.12821 4.90571 -2.48338
v -5.15732 4.90571 -2.47612
v -5.22941 4.90571 -2.76527
v -5.20030 5.14524 -2.77253
v -5.12821 5.14524 -2.48338
v -5.15732 5.14524 -2.47612
v -5.22941 5.14524 -2.76527
v -5.20030 5.21524 -2.77253
v -5.12821 5.21524 -2.48338
v -5.15732 5.21524 -2.47612
v -5.22941 5.21524 -2.76527
v -5.20030 5.45476 -2.77253
v -5.12821 5.45476 -2.48338
v -5.15732 5.45476 -2.47612
v -5.22941 5.45476 -2.76527
v -5.20030 5.52476 -2.77253
v -5.12821 5.52476 -2.48338
v -5.15732 5.52476 -2.47612
v -5.22941 5.52476 -2.76527
v -5.20030 5.76429 -2.77253
v -5.12821 5.76429 -2.48338
v -5.15732 5.76429 -2.47612
v -5.22941 5.76429 -2.76527
v -5.20030 5.83429 -2.77253
v -5.12821 5.83429 -2.48338
v -5.15732 5.83429 -2.47612
v -5.22941 5.83429 -2.76527
v -5.06518 4.60000 -1.16274
v -5.16630 4.60000 -0.75716
v -5.21482 4.60000 -0.76926
v -5.11370 4.60000 -1.17484
v -5.06518 6.00000 -1.16274
v -5.16630 6.00000 -0.75716
v -5.21482 6.00000 -0.76926
v -5.11370 6.00000 -1.17484
v -5.12821 4.83571 -1.11662
v -5.20030 4.83571 -0.82747
v -5.22941 4.83571 -0.83473
v -5.15732 4.83571 -1.12388
v -5.12821 4.90571 -1.11662
v -5.20030 4.90571 -0.82747
v -5.22941 4.90571 -0.83473
v -5.15732 4.90571 -1.12388
v -5.12821 5.14524 -1.11662
v -5.20030 5.14524 -0.82747
v -5.22941 5.14524 -0.83473
v -5.15732 5.14524 -1.12388
v -5.12821 5.21524 -1.11662
v -5.20030 5.21524 -0.82747
v -5.22941 5.21524 -0.83473
v -5.15732 5.21524 -1.12388
v -5.12821 5.45476 -1.11662
v -5.20030 5.45476 -0.82747
v -5.22941 5.45476 -0.83473
v -5.15732 5.45476 -1.12388
v -5.12821 5.52476 -1.11662
v -5.20030 5.52476 -0.82747
v -5.22941 5.52476 -0.83473
v -5.15732 5.52476 -1.12388
v -5.12821 5.76429 -1.11662
v -5.20030 5.76429 -0.82747
v -5.22941 5.76429 -0.83473
v -5.15732 5.76429 -1.12388
v -5.12821 5.83429 -1.11662
v -5.20030 5.83429 -0.82747
v -5.22941 5.83429 -0.83473
v -5.15732 5.83429 -1.12388
v -5.16000 1.33000 1.09000
v -5.16000 1.33000 2.51000
v -5.16000 2.99810 2.51000
v -5.16000 3.22461 2.45595
v -5.16000 3.41664 2.30205
v -5.16000 3.54494 2.07171
v -5.16000 3.59000 1.80000
v -5.16000 3.54494 1.52829
v -5.16000 3.41664 1.29795
v -5.16000 3.22461 1.14405
v -5.16000 2.99810 1.09000
v -5.04000 1.33000 1.09000
v -5.04000 1.33000 2.51000
v -5.04000 2.99810 2.51000
v -5.04000 3.22461 2.45595
v -5.04000 3.41664 2.30205
v -5.04000 3.54494 2.07171
v -5.04000 3.59000 1.80000
v -5.04000 3.54494 1.52829
v -5.04000 3.41664 1.29795
v -5.04000 3.22461 1.14405
v -5.04000 2.99810 1.09000
v -5.19000 1.35000 1.25000
v -5.19000 1.35000 2.35000
v -5.19000 2.90000 2.35000
v -5.19000 3.11048 2.30813
v -5.19000 3.28891 2.18891
v -5.19000 3.40813 2.01048
v -5.19000 3.45000 1.80000
v -5.19000 3.40813 1.58952
v -5.19000 3.28891 1.41109
v -5.19000 3.11048 1.29187
v -5.19000 2.90000 1.25000
v -5.15000 1.35000 1.25000
v -5.15000 1.35000 2.35000
v -5.15000 2.90000 2.35000
v -5.15000 3.11048 2.30813
v -5.15000 3.28891 2.18891
v -5.15000 3.40813 2.01048
v -5.15000 3.45000 1.80000
v -5.15000 3.40813 1.58952
v -5.15000 3.28891 1.41109
v -5.15000 3.11048 1.29187
v -5.15000 2.90000 1.25000
v -5.17000 1.35000 1.76500
v -5.17000 1.35000 1.83500
v -5.21000 1.35000 1.83500
v -5.21000 1.35000 1.76500
v -5.17000 3.40000 1.76500
v -5.17000 3.40000 1.83500
v -5.21000 3.40000 1.83500
v -5.21000 3.40000 1.76500
v -5.17000 2.20250 1.25000
v -5.17000 2.20250 2.35000
v -5.21000 2.20250 2.35000
v -5.21000 2.20250 1.25000
v -5.17000 2.27250 1.25000
v -5.17000 2.27250 2.35000
v -5.21000 2.27250 2.35000
v -5.21000 2.27250 1.25000
v -5.04000 1.23000 0.95000
v -5.04000 1.23000 2.65000
v -5.36000 1.23000 2.65000
v -5.36000 1.23000 0.95000
v -5.04000 1.33000 0.95000
v -5.04000 1.33000 2.65000
v -5.36000 1.33000 2.65000
v -5.36000 1.33000 0.95000
v -5.09000 3.37000 1.67000
v -5.09000 3.37000 1.93000
v -5.23000 3.37000 1.93000
v -5.23000 3.37000 1.67000
v -5.09000 3.67000 1.67000
v -5.09000 3.67000 1.93000
v -5.23000 3.67000 1.93000
v -5.23000 3.67000 1.67000
v -5.07000 4.65000 1.32500
v -5.07000 4.65000 2.27500
v -5.11000 4.65000 2.27500
v -5.11000 4.65000 1.32500
v -5.07000 5.95000 1.32500
v -5.07000 5.95000 2.27500
v -5.11000 5.95000 2.27500
v -5.11000 5.95000 1.32500
v -5.04000 4.52000 1.19500
v -5.04000 4.52000 1.32500
v -5.20000 4.52000 1.32500
v -5.20000 4.52000 1.19500
v -5.04000 6.08000 1.19500
v -5.04000 6.08000 1.32500
v -5.20000 6.08000 1.32500
v -5.20000 6.08000 1.19500
v -5.04000 4.52000 2.27500
v -5.04000 4.52000 2.40500
v -5.20000 4.52000 2.40500
v -5.20000 4.52000 2.27500
v -5.04000 6.08000 2.27500
v -5.04000 6.08000 2.40500
v -5.20000 6.08000 2.40500
v -5.20000 6.08000 2.27500
v -5.04000 5.95000 1.32500
v -5.04000 5.95000 2.27500
v -5.20000 5.95000 2.27500
v -5.20000 5.95000 1.32500
v -5.04000 6.08000 1.32500
v -5.04000 6.08000 2.27500
v -5.20000 6.08000 2.27500
v -5.20000 6.08000 1.32500
v -5.04000 4.52000 1.32500
v -5.04000 4.52000 2.27500
v -5.20000 4.52000 2.27500
v -5.20000 4.52000 1.32500
v -5.04000 4.65000 1.32500
v -5.04000 4.65000 2.27500
v -5.20000 4.65000 2.27500
v -5.20000 4.65000 1.32500
v -5.04000 4.43000 1.07500
v -5.04000 4.43000 2.52500
v -5.34000 4.43000 2.52500
v -5.34000 4.43000 1.07500
v -5.04000 4.52000 1.07500
v -5.04000 4.52000 2.52500
v -5.34000 4.52000 2.52500
v -5.34000 4.52000 1.07500
v -5.04000 6.08000 1.10500
v -5.04000 6.08000 2.49500
v -5.28000 6.08000 2.49500
v -5.28000 6.08000 1.10500
v -5.04000 6.22000 1.10500
v -5.04000 6.22000 2.49500
v -5.28000 6.22000 2.49500
v -5.28000 6.22000 1.10500
v -5.11000 4.65000 1.77000
v -5.11000 4.65000 1.83000
v -5.16000 4.65000 1.83000
v -5.16000 4.65000 1.77000
v -5.11000 5.95000 1.77000
v -5.11000 5.95000 1.83000
v -5.16000 5.95000 1.83000
v -5.16000 5.95000 1.77000
v -5.11000 5.27000 1.32500
v -5.11000 5.27000 2.27500
v -5.16000 5.27000 2.27500
v -5.16000 5.27000 1.32500
v -5.11000 5.33000 1.32500
v -5.11000 5.33000 2.27500
v -5.16000 5.33000 2.27500
v -5.16000 5.33000 1.32500
v -5.16630 4.60000 0.75716
v -5.06518 4.60000 1.16274
v -5.11370 4.60000 1.17484
v -5.21482 4.60000 0.76926
v -5.16630 6.00000 0.75716
v -5.06518 6.00000 1.16274
v -5.11370 6.00000 1.17484
v -5.21482 6.00000 0.76926
v -5.20030 4.83571 0.82747
v -5.12821 4.83571 1.11662
v -5.15732 4.83571 1.12388
v -5.22941 4.83571 0.83473
v -5.20030 4.90571 0.82747
v -5.12821 4.90571 1.11662
v -5.15732 4.90571 1.12388
v -5.22941 4.90571 0.83473
v -5.20030 5.14524 0.82747
v -5.12821 5.14524 1.11662
v -5.15732 5.14524 1.12388
v -5.22941 5.14524 0.83473
v -5.20030 5.21524 0.82747
v -5.12821 5.21524 1.11662
v -5.15732 5.21524 1.12388
v -5.22941 5.21524 0.83473
v -5.20030 5.45476 0.82747
v -5.12821 5.45476 1.11662
v -5.15732 5.45476 1.12388
v -5.22941 5.45476 0.83473
v -5.20030 5.52476 0.82747
v -5.12821 5.52476 1.11662
v -5.15732 5.52476 1.12388
v -5.22941 5.52476 0.83473
v -5.20030 5.76429 0.82747
v -5.12821 5.76429 1.11662
v -5.15732 5.76429 1.12388
v -5.22941 5.76429 0.83473
v -5.20030 5.83429 0.82747
v -5.12821 5.83429 1.11662
v -5.15732 5.83429 1.12388
v -5.22941 5.83429 0.83473
v -5.06518 4.60000 2.43726
v -5.16630 4.60000 2.84284
v -5.21482 4.60000 2.83074
v -5.11370 4.60000 2.42516
v -5.06518 6.00000 2.43726
v -5.16630 6.00000 2.84284
v -5.21482 6.00000 2.83074
v -5.11370 6.00000 2.42516
v -5.12821 4.83571 2.48338
v -5.20030 4.83571 2.77253
v -5.22941 4.83571 2.76527
v -5.15732 4.83571 2.47612
v -5.12821 4.90571 2.48338
v -5.20030 4.90571 2.77253
v -5.22941 4.90571 2.76527
v -5.15732 4.90571 2.47612
v -5.12821 5.14524 2.48338
v -5.20030 5.14524 2.77253
v -5.22941 5.14524 2.76527
v -5.15732 5.14524 2.47612
v -5.12821 5.21524 2.48338
v -5.20030 5.21524 2.77253
v -5.22941 5.21524 2.76527
v -5.15732 5.21524 2.47612
v -5.12821 5.45476 2.48338
v -5.20030 5.45476 2.77253
v -5.22941 5.45476 2.76527
v -5.15732 5.45476 2.47612
v -5.12821 5.52476 2.48338
v -5.20030 5.52476 2.77253
v -5.22941 5.52476 2.76527
v -5.15732 5.52476 2.47612
v -5.12821 5.76429 2.48338
v -5.20030 5.76429 2.77253
v -5.22941 5.76429 2.76527
v -5.15732 5.76429 2.47612
v -5.12821 5.83429 2.48338
v -5.20030 5.83429 2.77253
v -5.22941 5.83429 2.76527
v -5.15732 5.83429 2.47612
v -2.92500 4.65000 -3.82000
v -3.87500 4.65000 -3.82000
v -3.87500 4.65000 -3.86000
v -2.92500 4.65000 -3.86000
v -2.92500 5.95000 -3.82000
v -3.87500 5.95000 -3.82000
v -3.87500 5.95000 -3.86000
v -2.92500 5.95000 -3.86000
v -2.79500 4.52000 -3.79000
v -2.92500 4.52000 -3.79000
v -2.92500 4.52000 -3.95000
v -2.79500 4.52000 -3.95000
v -2.79500 6.08000 -3.79000
v -2.92500 6.08000 -3.79000
v -2.92500 6.08000 -3.95000
v -2.79500 6.08000 -3.95000
v -3.87500 4.52000 -3.79000
v -4.00500 4.52000 -3.79000
v -4.00500 4.52000 -3.95000
v -3.87500 4.52000 -3.95000
v -3.87500 6.08000 -3.79000
v -4.00500 6.08000 -3.79000
v -4.00500 6.08000 -3.95000
v -3.87500 6.08000 -3.95000
v -2.92500 5.95000 -3.79000
v -3.87500 5.95000 -3.79000
v -3.87500 5.95000 -3.95000
v -2.92500 5.95000 -3.95000
v -2.92500 6.08000 -3.79000
v -3.87500 6.08000 -3.79000
v -3.87500 6.08000 -3.95000
v -2.92500 6.08000 -3.95000
v -2.92500 4.52000 -3.79000
v -3.87500 4.52000 -3.79000
v -3.87500 4.52000 -3.95000
v -2.92500 4.52000 -3.95000
v -2.92500 4.65000 -3.79000
v -3.87500 4.65000 -3.79000
v -3.87500 4.65000 -3.95000
v -2.92500 4.65000 -3.95000
v -2.67500 4.43000 -3.79000
v -4.12500 4.43000 -3.79000
v -4.12500 4.43000 -4.09000
v -2.67500 4.43000 -4.09000
v -2.67500 4.52000 -3.79000
v -4.12500 4.52000 -3.79000
v -4.12500 4.52000 -4.09000
v -2.67500 4.52000 -4.09000
v -2.70500 6.08000 -3.79000
v -4.09500 6.08000 -3.79000
v -4.09500 6.08000 -4.03000
v -2.70500 6.08000 -4.03000
v -2.70500 6.22000 -3.79000
v -4.09500 6.22000 -3.79000
v -4.09500 6.22000 -4.03000
v -2.70500 6.22000 -4.03000
v -3.37000 4.65000 -3.86000
v -3.43000 4.65000 -3.86000
v -3.43000 4.65000 -3.91000
v -3.37000 4.65000 -3.91000
v -3.37000 5.95000 -3.86000
v -3.43000 5.95000 -3.86000
v -3.43000 5.95000 -3.91000
v -3.37000 5.95000 -3.91000
v -2.92500 5.27000 -3.86000
v -3.87500 5.27000 -3.86000
v -3.87500 5.27000 -3.91000
v -2.92500 5.27000 -3.91000
v -2.92500 5.33000 -3.86000
v -3.87500 5.33000 -3.86000
v -3.87500 5.33000 -3.91000
v -2.92500 5.33000 -3.91000
v -2.35716 4.60000 -3.91630
v -2.76274 4.60000 -3.81518
v -2.77484 4.60000 -3.86370
v -2.36926 4.60000 -3.96482
v -2.35716 6.00000 -3.91630
v -2.76274 6.00000 -3.81518
v -2.77484 6.00000 -3.86370
v -2.36926 6.00000 -3.96482
v -2.42747 4.83571 -3.95030
v -2.71662 4.83571 -3.87821
v -2.72388 4.83571 -3.90732
v -2.43473 4.83571 -3.97941
v -2.42747 4.90571 -3.95030
v -2.71662 4.90571 -3.87821
v -2.72388 4.90571 -3.90732
v -2.43473 4.90571 -3.97941
v -2.42747 5.14524 -3.95030
v -2.71662 5.14524 -3.87821
v -2.72388 5.14524 -3.90732
v -2.43473 5.14524 -3.97941
v -2.42747 5.21524 -3.95030
v -2.71662 5.21524 -3.87821
v -2.72388 5.21524 -3.90732
v -2.43473 5.21524 -3.97941
v -2.42747 5.45476 -3.95030
v -2.71662 5.45476 -3.87821
v -2.72388 5.45476 -3.90732
v -2.43473 5.45476 -3.97941
v -2.42747 5.52476 -3.95030
v -2.71662 5.52476 -3.87821
v -2.72388 5.52476 -3.90732
v -2.43473 5.52476 -3.97941
v -2.42747 5.76429 -3.95030
v -2.71662 5.76429 -3.87821
v -2.72388 5.76429 -3.90732
v -2.43473 5.76429 -3.97941
v -2.42747 5.83429 -3.95030
v -2.71662 5.83429 -3.87821
v -2.72388 5.83429 -3.90732
v -2.43473 5.83429 -3.97941
v -4.03726 4.60000 -3.81518
v -4.44284 4.60000 -3.91630
v -4.43074 4.60000 -3.96482
v -4.02516 4.60000 -3.86370
v -4.03726 6.00000 -3.81518
v -4.44284 6.00000 -3.91630
v -4.43074 6.00000 -3.96482
v -4.02516 6.00000 -3.86370
v -4.08338 4.83571 -3.87821
v -4.37253 4.83571 -3.95030
v -4.36527 4.83571 -3.97941
v -4.07612 4.83571 -3.90732
v -4.08338 4.90571 -3.87821
v -4.37253 4.90571 -3.95030
v -4.36527 4.90571 -3.97941
v -4.07612 4.90571 -3.90732
v -4.08338 5.14524 -3.87821
v -4.37253 5.14524 -3.95030
v -4.36527 5.14524 -3.97941
v -4.07612 5.14524 -3.90732
v -4.08338 5.21524 -3.87821
v -4.37253 5.21524 -3.95030
v -4.36527 5.21524 -3.97941
v -4.07612 5.21524 -3.90732
v -4.08338 5.45476 -3.87821
v -4.37253 5.45476 -3.95030
v -4.36527 5.45476 -3.97941
v -4.07612 5.45476 -3.90732
v -4.08338 5.52476 -3.87821
v -4.37253 5.52476 -3.95030
v -4.36527 5.52476 -3.97941
v -4.07612 5.52476 -3.90732
v -4.08338 5.76429 -3.87821
v -4.37253 5.76429 -3.95030
v -4.36527 5.76429 -3.97941
v -4.07612 5.76429 -3.90732
v -4.08338 5.83429 -3.87821
v -4.37253 5.83429 -3.95030
v -4.36527 5.83429 -3.97941
v -4.07612 5.83429 -3.90732
v 0.47500 4.65000 -3.82000
v -0.47500 4.65000 -3.82000
v -0.47500 4.65000 -3.86000
v 0.47500 4.65000 -3.86000
v 0.47500 5.95000 -3.82000
v -0.47500 5.95000 -3.82000
v -0.47500 5.95000 -3.86000
v 0.47500 5.95000 -3.86000
v 0.60500 4.52000 -3.79000
v 0.47500 4.52000 -3.79000
v 0.47500 4.52000 -3.95000
v 0.60500 4.52000 -3.95000
v 0.60500 6.08000 -3.79000
v 0.47500 6.08000 -3.79000
v 0.47500 6.08000 -3.95000
v 0.60500 6.08000 -3.95000
v -0.47500 4.52000 -3.79000
v -0.60500 4.52000 -3.79000
v -0.60500 4.52000 -3.95000
v -0.47500 4.52000 -3.95000
v -0.47500 6.08000 -3.79000
v -0.60500 6.08000 -3.79000
v -0.60500 6.08000 -3.95000
v -0.47500 6.08000 -3.95000
v 0.47500 5.95000 -3.79000
v -0.47500 5.95000 -3.79000
v -0.47500 5.95000 -3.95000
v 0.47500 5.95000 -3.95000
v 0.47500 6.08000 -3.79000
v -0.47500 6.08000 -3.79000
v -0.47500 6.08000 -3.95000
v 0.47500 6.08000 -3.95000
v 0.47500 4.52000 -3.79000
v -0.47500 4.52000 -3.79000
v -0.47500 4.52000 -3.95000
v 0.47500 4.52000 -3.95000
v 0.47500 4.65000 -3.79000
v -0.47500 4.65000 -3.79000
v -0.47500 4.65000 -3.95000
v 0.47500 4.65000 -3.95000
v 0.72500 4.43000 -3.79000
v -0.72500 4.43000 -3.79000
v -0.72500 4.43000 -4.09000
v 0.72500 4.43000 -4.09000
v 0.72500 4.52000 -3.79000
v -0.72500 4.52000 -3.79000
v -0.72500 4.52000 -4.09000
v 0.72500 4.52000 -4.09000
v 0.69500 6.08000 -3.79000
v -0.69500 6.08000 -3.79000
v -0.69500 6.08000 -4.03000
v 0.69500 6.08000 -4.03000
v 0.69500 6.22000 -3.79000
v -0.69500 6.22000 -3.79000
v -0.69500 6.22000 -4.03000
v 0.69500 6.22000 -4.03000
v 0.03000 4.65000 -3.86000
v -0.03000 4.65000 -3.86000
v -0.03000 4.65000 -3.91000
v 0.03000 4.65000 -3.91000
v 0.03000 5.95000 -3.86000
v -0.03000 5.95000 -3.86000
v -0.03000 5.95000 -3.91000
v 0.03000 5.95000 -3.91000
v 0.47500 5.27000 -3.86000
v -0.47500 5.27000 -3.86000
v -0.47500 5.27000 -3.91000
v 0.47500 5.27000 -3.91000
v 0.47500 5.33000 -3.86000
v -0.47500 5.33000 -3.86000
v -0.47500 5.33000 -3.91000
v 0.47500 5.33000 -3.91000
v 1.04284 4.60000 -3.91630
v 0.63726 4.60000 -3.81518
v 0.62516 4.60000 -3.86370
v 1.03074 4.60000 -3.96482
v 1.04284 6.00000 -3.91630
v 0.63726 6.00000 -3.81518
v 0.62516 6.00000 -3.86370
v 1.03074 6.00000 -3.96482
v 0.97253 4.83571 -3.95030
v 0.68338 4.83571 -3.87821
v 0.67612 4.83571 -3.90732
v 0.96527 4.83571 -3.97941
v 0.97253 4.90571 -3.95030
v 0.68338 4.90571 -3.87821
v 0.67612 4.90571 -3.90732
v 0.96527 4.90571 -3.97941
v 0.97253 5.14524 -3.95030
v 0.68338 5.14524 -3.87821
v 0.67612 5.14524 -3.90732
v 0.96527 5.14524 -3.97941
v 0.97253 5.21524 -3.95030
v 0.68338 5.21524 -3.87821
v 0.67612 5.21524 -3.90732
v 0.96527 5.21524 -3.97941
v 0.97253 5.45476 -3.95030
v 0.68338 5.45476 -3.87821
v 0.67612 5.45476 -3.90732
v 0.96527 5.45476 -3.97941
v 0.97253 5.52476 -3.95030
v 0.68338 5.52476 -3.87821
v 0.67612 5.52476 -3.90732
v 0.96527 5.52476 -3.97941
v 0.97253 5.76429 -3.95030
v 0.68338 5.76429 -3.87821
v 0.67612 5.76429 -3.90732
v 0.96527 5.76429 -3.97941
v 0.97253 5.83429 -3.95030
v 0.68338 5.83429 -3.87821
v 0.67612 5.83429 -3.90732
v 0.96527 5.83429 -3.97941
v -0.63726 4.60000 -3.81518
v -1.04284 4.60000 -3.91630
v -1.03074 4.60000 -3.96482
v -0.62516 4.60000 -3.86370
v -0.63726 6.00000 -3.81518
v -1.04284 6.00000 -3.91630
v -1.03074 6.00000 -3.96482
v -0.62516 6.00000 -3.86370
v -0.68338 4.83571 -3.87821
v -0.97253 4.83571 -3.95030
v -0.96527 4.83571 -3.97941
v -0.67612 4.83571 -3.90732
v -0.68338 4.90571 -3.87821
v -0.97253 4.90571 -3.95030
v -0.96527 4.90571 -3.97941
v -0.67612 4.90571 -3.90732
v -0.68338 5.14524 -3.87821
v -0.97253 5.14524 -3.95030
v -0.96527 5.14524 -3.97941
v -0.67612 5.14524 -3.90732
v -0.68338 5.21524 -3.87821
v -0.97253 5.21524 -3.95030
v -0.96527 5.21524 -3.97941
v -0.67612 5.21524 -3.90732
v -0.68338 5.45476 -3.87821
v -0.97253 5.45476 -3.95030
v -0.96527 5.45476 -3.97941
v -0.67612 5.45476 -3.90732
v -0.68338 5.52476 -3.87821
v -0.97253 5.52476 -3.95030
v -0.96527 5.52476 -3.97941
v -0.67612 5.52476 -3.90732
v -0.68338 5.76429 -3.87821
v -0.97253 5.76429 -3.95030
v -0.96527 5.76429 -3.97941
v -0.67612 5.76429 -3.90732
v -0.68338 5.83429 -3.87821
v -0.97253 5.83429 -3.95030
v -0.96527 5.83429 -3.97941
v -0.67612 5.83429 -3.90732
v 3.87500 4.65000 -3.82000
v 2.92500 4.65000 -3.82000
v 2.92500 4.65000 -3.86000
v 3.87500 4.65000 -3.86000
v 3.87500 5.95000 -3.82000
v 2.92500 5.95000 -3.82000
v 2.92500 5.95000 -3.86000
v 3.87500 5.95000 -3.86000
v 4.00500 4.52000 -3.79000
v 3.87500 4.52000 -3.79000
v 3.87500 4.52000 -3.95000
v 4.00500 4.52000 -3.95000
v 4.00500 6.08000 -3.79000
v 3.87500 6.08000 -3.79000
v 3.87500 6.08000 -3.95000
v 4.00500 6.08000 -3.95000
v 2.92500 4.52000 -3.79000
v 2.79500 4.52000 -3.79000
v 2.79500 4.52000 -3.95000
v 2.92500 4.52000 -3.95000
v 2.92500 6.08000 -3.79000
v 2.79500 6.08000 -3.79000
v 2.79500 6.08000 -3.95000
v 2.92500 6.08000 -3.95000
v 3.87500 5.95000 -3.79000
v 2.92500 5.95000 -3.79000
v 2.92500 5.95000 -3.95000
v 3.87500 5.95000 -3.95000
v 3.87500 6.08000 -3.79000
v 2.92500 6.08000 -3.79000
v 2.92500 6.08000 -3.95000
v 3.87500 6.08000 -3.95000
v 3.87500 4.52000 -3.79000
v 2.92500 4.52000 -3.79000
v 2.92500 4.52000 -3.95000
v 3.87500 4.52000 -3.95000
v 3.87500 4.65000 -3.79000
v 2.92500 4.65000 -3.79000
v 2.92500 4.65000 -3.95000
v 3.87500 4.65000 -3.95000
v 4.12500 4.43000 -3.79000
v 2.67500 4.43000 -3.79000
v 2.67500 4.43000 -4.09000
v 4.12500 4.43000 -4.09000
v 4.12500 4.52000 -3.79000
v 2.67500 4.52000 -3.79000
v 2.67500 4.52000 -4.09000
v 4.12500 4.52000 -4.09000
v 4.09500 6.08000 -3.79000
v 2.70500 6.08000 -3.79000
v 2.70500 6.08000 -4.03000
v 4.09500 6.08000 -4.03000
v 4.09500 6.22000 -3.79000
v 2.70500 6.22000 -3.79000
v 2.70500 6.22000 -4.03000
v 4.09500 6.22000 -4.03000
v 3.43000 4.65000 -3.86000
v 3.37000 4.65000 -3.86000
v 3.37000 4.65000 -3.91000
v 3.43000 4.65000 -3.91000
v 3.43000 5.95000 -3.86000
v 3.37000 5.95000 -3.86000
v 3.37000 5.95000 -3.91000
v 3.43000 5.95000 -3.91000
v 3.87500 5.27000 -3.86000
v 2.92500 5.27000 -3.86000
v 2.92500 5.27000 -3.91000
v 3.87500 5.27000 -3.91000
v 3.87500 5.33000 -3.86000
v 2.92500 5.33000 -3.86000
v 2.92500 5.33000 -3.91000
v 3.87500 5.33000 -3.91000
v 4.44284 4.60000 -3.91630
v 4.03726 4.60000 -3.81518
v 4.02516 4.60000 -3.86370
v 4.43074 4.60000 -3.96482
v 4.44284 6.00000 -3.91630
v 4.03726 6.00000 -3.81518
v 4.02516 6.00000 -3.86370
v 4.43074 6.00000 -3.96482
v 4.37253 4.83571 -3.95030
v 4.08338 4.83571 -3.87821
v 4.07612 4.83571 -3.90732
v 4.36527 4.83571 -3.97941
v 4.37253 4.90571 -3.95030
v 4.08338 4.90571 -3.87821
v 4.07612 4.90571 -3.90732
v 4.36527 4.90571 -3.97941
v 4.37253 5.14524 -3.95030
v 4.08338 5.14524 -3.87821
v 4.07612 5.14524 -3.90732
v 4.36527 5.14524 -3.97941
v 4.37253 5.21524 -3.95030
v 4.08338 5.21524 -3.87821
v 4.07612 5.21524 -3.90732
v 4.36527 5.21524 -3.97941
v 4.37253 5.45476 -3.95030
v 4.08338 5.45476 -3.87821
v 4.07612 5.45476 -3.90732
v 4.36527 5.45476 -3.97941
v 4.37253 5.52476 -3.95030
v 4.08338 5.52476 -3.87821
v 4.07612 5.52476 -3.90732
v 4.36527 5.52476 -3.97941
v 4.37253 5.76429 -3.95030
v 4.08338 5.76429 -3.87821
v 4.07612 5.76429 -3.90732
v 4.36527 5.76429 -3.97941
v 4.37253 5.83429 -3.95030
v 4.08338 5.83429 -3.87821
v 4.07612 5.83429 -3.90732
v 4.36527 5.83429 -3.97941
v 2.76274 4.60000 -3.81518
v 2.35716 4.60000 -3.91630
v 2.36926 4.60000 -3.96482
v 2.77484 4.60000 -3.86370
v 2.76274 6.00000 -3.81518
v 2.35716 6.00000 -3.91630
v 2.36926 6.00000 -3.96482
v 2.77484 6.00000 -3.86370
v 2.71662 4.83571 -3.87821
v 2.42747 4.83571 -3.95030
v 2.43473 4.83571 -3.97941
v 2.72388 4.83571 -3.90732
v 2.71662 4.90571 -3.87821
v 2.42747 4.90571 -3.95030
v 2.43473 4.90571 -3.97941
v 2.72388 4.90571 -3.90732
v 2.71662 5.14524 -3.87821
v 2.42747 5.14524 -3.95030
v 2.43473 5.14524 -3.97941
v 2.72388 5.14524 -3.90732
v 2.71662 5.21524 -3.87821
v 2.42747 5.21524 -3.95030
v 2.43473 5.21524 -3.97941
v 2.72388 5.21524 -3.90732
v 2.71662 5.45476 -3.87821
v 2.42747 5.45476 -3.95030
v 2.43473 5.45476 -3.97941
v 2.72388 5.45476 -3.90732
v 2.71662 5.52476 -3.87821
v 2.42747 5.52476 -3.95030
v 2.43473 5.52476 -3.97941
v 2.72388 5.52476 -3.90732
v 2.71662 5.76429 -3.87821
v 2.42747 5.76429 -3.95030
v 2.43473 5.76429 -3.97941
v 2.72388 5.76429 -3.90732
v 2.71662 5.83429 -3.87821
v 2.42747 5.83429 -3.95030
v 2.43473 5.83429 -3.97941
v 2.72388 5.83429 -3.90732
v -2.69000 1.33000 -3.91000
v -4.11000 1.33000 -3.91000
v -4.11000 2.99810 -3.91000
v -4.05595 3.22461 -3.91000
v -3.90205 3.41664 -3.91000
v -3.67171 3.54494 -3.91000
v -3.40000 3.59000 -3.91000
v -3.12829 3.54494 -3.91000
v -2.89795 3.41664 -3.91000
v -2.74405 3.22461 -3.91000
v -2.69000 2.99810 -3.91000
v -2.69000 1.33000 -3.79000
v -4.11000 1.33000 -3.79000
v -4.11000 2.99810 -3.79000
v -4.05595 3.22461 -3.79000
v -3.90205 3.41664 -3.79000
v -3.67171 3.54494 -3.79000
v -3.40000 3.59000 -3.79000
v -3.12829 3.54494 -3.79000
v -2.89795 3.41664 -3.79000
v -2.74405 3.22461 -3.79000
v -2.69000 2.99810 -3.79000
v -2.85000 1.35000 -3.94000
v -3.95000 1.35000 -3.94000
v -3.95000 2.90000 -3.94000
v -3.90813 3.11048 -3.94000
v -3.78891 3.28891 -3.94000
v -3.61048 3.40813 -3.94000
v -3.40000 3.45000 -3.94000
v -3.18952 3.40813 -3.94000
v -3.01109 3.28891 -3.94000
v -2.89187 3.11048 -3.94000
v -2.85000 2.90000 -3.94000
v -2.85000 1.35000 -3.90000
v -3.95000 1.35000 -3.90000
v -3.95000 2.90000 -3.90000
v -3.90813 3.11048 -3.90000
v -3.78891 3.28891 -3.90000
v -3.61048 3.40813 -3.90000
v -3.40000 3.45000 -3.90000
v -3.18952 3.40813 -3.90000
v -3.01109 3.28891 -3.90000
v -2.89187 3.11048 -3.90000
v -2.85000 2.90000 -3.90000
v -3.36500 1.35000 -3.92000
v -3.43500 1.35000 -3.92000
v -3.43500 1.35000 -3.96000
v -3.36500 1.35000 -3.96000
v -3.36500 3.40000 -3.92000
v -3.43500 3.40000 -3.92000
v -3.43500 3.40000 -3.96000
v -3.36500 3.40000 -3.96000
v -2.85000 2.20250 -3.92000
v -3.95000 2.20250 -3.92000
v -3.95000 2.20250 -3.96000
v -2.85000 2.20250 -3.96000
v -2.85000 2.27250 -3.92000
v -3.95000 2.27250 -3.92000
v -3.95000 2.27250 -3.96000
v -2.85000 2.27250 -3.96000
v -2.55000 1.23000 -3.79000
v -4.25000 1.23000 -3.79000
v -4.25000 1.23000 -4.11000
v -2.55000 1.23000 -4.11000
v -2.55000 1.33000 -3.79000
v -4.25000 1.33000 -3.79000
v -4.25000 1.33000 -4.11000
v -2.55000 1.33000 -4.11000
v -3.27000 3.37000 -3.84000
v -3.53000 3.37000 -3.84000
v -3.53000 3.37000 -3.98000
v -3.27000 3.37000 -3.98000
v -3.27000 3.67000 -3.84000
v -3.53000 3.67000 -3.84000
v -3.53000 3.67000 -3.98000
v -3.27000 3.67000 -3.98000
v 2.40000 0.45000 -3.80000
v 1.20000 0.45000 -3.80000
v 1.20000 0.45000 -3.90000
v 2.40000 0.45000 -3.90000
v 2.40000 2.85000 -3.80000
v 1.20000 2.85000 -3.80000
v 1.20000 2.85000 -3.90000
v 2.40000 2.85000 -3.90000
v 2.55000 2.85000 -3.72000
v 1.05000 2.85000 -3.72000
v 1.05000 2.85000 -3.98000
v 2.55000 2.85000 -3.98000
v 2.55000 3.03000 -3.72000
v 1.05000 3.03000 -3.72000
v 1.05000 3.03000 -3.98000
v 2.55000 3.03000 -3.98000
v 2.56000 0.45000 -3.73000
v 2.40000 0.45000 -3.73000
v 2.40000 0.45000 -3.97000
v 2.56000 0.45000 -3.97000
v 2.56000 2.95000 -3.73000
v 2.40000 2.95000 -3.73000
v 2.40000 2.95000 -3.97000
v 2.56000 2.95000 -3.97000
v 1.20000 0.45000 -3.73000
v 1.04000 0.45000 -3.73000
v 1.04000 0.45000 -3.97000
v 1.20000 0.45000 -3.97000
v 1.20000 2.95000 -3.73000
v 1.04000 2.95000 -3.73000
v 1.04000 2.95000 -3.97000
v 1.20000 2.95000 -3.97000
v 1.42000 1.50000 -3.93000
v 1.37000 1.55000 -3.93000
v 1.39500 1.55000 -3.97330
v 1.44500 1.55000 -3.97330
v 1.47000 1.55000 -3.93000
v 1.44500 1.55000 -3.88670
v 1.39500 1.55000 -3.88670
v 1.42000 1.60000 -3.93000
v 2.50000 0.25000 -3.75000
v 1.10000 0.25000 -3.75000
v 1.10000 0.25000 -4.55000
v 2.50000 0.25000 -4.55000
v 2.50000 0.45000 -3.75000
v 1.10000 0.45000 -3.75000
v 1.10000 0.45000 -4.55000
v 2.50000 0.45000 -4.55000
v -3.37500 0.25000 5.05000
v -2.62500 0.25000 5.05000
v -2.62500 0.25000 5.65000
v -3.37500 0.25000 5.65000
v -3.37500 1.15000 5.05000
v -2.62500 1.15000 5.05000
v -2.62500 1.15000 5.65000
v -3.37500 1.15000 5.65000
v -3.37500 1.45000 5.35000
v -3.37500 1.36213 5.13787
v -3.37500 1.15000 5.05000
v -3.37500 0.93787 5.13787
v -3.37500 0.85000 5.35000
v -3.37500 0.93787 5.56213
v -3.37500 1.15000 5.65000
v -3.37500 1.36213 5.56213
v -2.62500 1.45000 5.35000
v -2.62500 1.36213 5.13787
v -2.62500 1.15000 5.05000
v -2.62500 0.93787 5.13787
v -2.62500 0.85000 5.35000
v -2.62500 0.93787 5.56213
v -2.62500 1.15000 5.65000
v -2.62500 1.36213 5.56213
v -3.22500 1.05000 5.64000
v -2.77500 1.05000 5.64000
v -2.77500 1.05000 5.68000
v -3.22500 1.05000 5.68000
v -3.22500 1.11000 5.64000
v -2.77500 1.11000 5.64000
v -2.77500 1.11000 5.68000
v -3.22500 1.11000 5.68000
v -3.14116 0.67348 5.66000
v -2.97348 0.84116 5.66000
v -3.00884 0.87652 5.66000
v -3.17652 0.70884 5.66000
v -3.02652 0.84116 5.66000
v -2.85884 0.67348 5.66000
v -2.82348 0.70884 5.66000
v -2.99116 0.87652 5.66000
v -2.85884 0.72652 5.66000
v -3.02652 0.55884 5.66000
v -2.99116 0.52348 5.66000
v -2.82348 0.69116 5.66000
v -2.97348 0.55884 5.66000
v -3.14116 0.72652 5.66000
v -3.17652 0.69116 5.66000
v -3.00884 0.52348 5.66000
v -2.96000 0.70000 5.66000
v -3.00000 0.74000 5.66000
v -3.04000 0.70000 5.66000
v -3.00000 0.66000 5.66000
v -3.34000 0.00000 5.09000
v -3.26000 0.00000 5.09000
v -3.26000 0.00000 5.17000
v -3.34000 0.00000 5.17000
v -3.34000 0.25000 5.09000
v -3.26000 0.25000 5.09000
v -3.26000 0.25000 5.17000
v -3.34000 0.25000 5.17000
v -3.34000 0.00000 5.53000
v -3.26000 0.00000 5.53000
v -3.26000 0.00000 5.61000
v -3.34000 0.00000 5.61000
v -3.34000 0.25000 5.53000
v -3.26000 0.25000 5.53000
v -3.26000 0.25000 5.61000
v -3.34000 0.25000 5.61000
v -2.74000 0.00000 5.09000
v -2.66000 0.00000 5.09000
v -2.66000 0.00000 5.17000
v -2.74000 0.00000 5.17000
v -2.74000 0.25000 5.09000
v -2.66000 0.25000 5.09000
v -2.66000 0.25000 5.17000
v -2.74000 0.25000 5.17000
v -2.74000 0.00000 5.53000
v -2.66000 0.00000 5.53000
v -2.66000 0.00000 5.61000
v -2.74000 0.00000 5.61000
v -2.74000 0.25000 5.53000
v -2.66000 0.25000 5.53000
v -2.66000 0.25000 5.61000
v -2.74000 0.25000 5.61000
v 2.50000 0.35000 4.97500
v 3.90000 0.35000 4.97500
v 3.90000 0.35000 5.52500
v 2.50000 0.35000 5.52500
v 2.50000 0.41000 4.97500
v 3.90000 0.41000 4.97500
v 3.90000 0.41000 5.52500
v 2.50000 0.41000 5.52500
v 2.50000 0.95000 4.97500
v 3.90000 0.95000 4.97500
v 3.90000 0.95000 5.52500
v 2.50000 0.95000 5.52500
v 2.50000 1.01000 4.97500
v 3.90000 1.01000 4.97500
v 3.90000 1.01000 5.52500
v 2.50000 1.01000 5.52500
v 2.50000 0.20000 4.97000
v 2.56000 0.20000 4.97000
v 2.56000 0.20000 5.03000
v 2.50000 0.20000 5.03000
v 2.50000 1.35000 4.97000
v 2.56000 1.35000 4.97000
v 2.56000 1.35000 5.03000
v 2.50000 1.35000 5.03000
v 2.50000 0.20000 5.47000
v 2.56000 0.20000 5.47000
v 2.56000 0.20000 5.53000
v 2.50000 0.20000 5.53000
v 2.50000 1.35000 5.47000
v 2.56000 1.35000 5.47000
v 2.56000 1.35000 5.53000
v 2.50000 1.35000 5.53000
v 3.84000 0.20000 4.97000
v 3.90000 0.20000 4.97000
v 3.90000 0.20000 5.03000
v 3.84000 0.20000 5.03000
v 3.84000 1.35000 4.97000
v 3.90000 1.35000 4.97000
v 3.90000 1.35000 5.03000
v 3.84000 1.35000 5.03000
v 3.84000 0.20000 5.47000
v 3.90000 0.20000 5.47000
v 3.90000 0.20000 5.53000
v 3.84000 0.20000 5.53000
v 3.84000 1.35000 5.47000
v 3.90000 1.35000 5.47000
v 3.90000 1.35000 5.53000
v 3.84000 1.35000 5.53000
v 2.77000 0.12000 4.94000
v 2.73485 0.03515 4.94000
v 2.65000 0.00000 4.94000
v 2.56515 0.03515 4.94000
v 2.53000 0.12000 4.94000
v 2.56515 0.20485 4.94000
v 2.65000 0.24000 4.94000
v 2.73485 0.20485 4.94000
v 2.77000 0.12000 5.00000
v 2.73485 0.03515 5.00000
v 2.65000 0.00000 5.00000
v 2.56515 0.03515 5.00000
v 2.53000 0.12000 5.00000
v 2.56515 0.20485 5.00000
v 2.65000 0.24000 5.00000
v 2.73485 0.20485 5.00000
v 2.77000 0.12000 5.50000
v 2.73485 0.03515 5.50000
v 2.65000 0.00000 5.50000
v 2.56515 0.03515 5.50000
v 2.53000 0.12000 5.50000
v 2.56515 0.20485 5.50000
v 2.65000 0.24000 5.50000
v 2.73485 0.20485 5.50000
v 2.77000 0.12000 5.56000
v 2.73485 0.03515 5.56000
v 2.65000 0.00000 5.56000
v 2.56515 0.03515 5.56000
v 2.53000 0.12000 5.56000
v 2.56515 0.20485 5.56000
v 2.65000 0.24000 5.56000
v 2.73485 0.20485 5.56000
v 3.87000 0.12000 4.94000
v 3.83485 0.03515 4.94000
v 3.75000 0.00000 4.94000
v 3.66515 0.03515 4.94000
v 3.63000 0.12000 4.94000
v 3.66515 0.20485 4.94000
v 3.75000 0.24000 4.94000
v 3.83485 0.20485 4.94000
v 3.87000 0.12000 5.00000
v 3.83485 0.03515 5.00000
v 3.75000 0.00000 5.00000
v 3.66515 0.03515 5.00000
v 3.63000 0.12000 5.00000
v 3.66515 0.20485 5.00000
v 3.75000 0.24000 5.00000
v 3.83485 0.20485 5.00000
v 3.87000 0.12000 5.50000
v 3.83485 0.03515 5.50000
v 3.75000 0.00000 5.50000
v 3.66515 0.03515 5.50000
v 3.63000 0.12000 5.50000
v 3.66515 0.20485 5.50000
v 3.75000 0.24000 5.50000
v 3.83485 0.20485 5.50000
v 3.87000 0.12000 5.56000
v 3.83485 0.03515 5.56000
v 3.75000 0.00000 5.56000
v 3.66515 0.03515 5.56000
v 3.63000 0.12000 5.56000
v 3.66515 0.20485 5.56000
v 3.75000 0.24000 5.56000
v 3.83485 0.20485 5.56000
v 2.66000 0.77000 5.06000
v 2.66000 1.25000 5.06000
v 2.66000 1.25000 5.44000
v 2.66000 0.77000 5.44000
v 2.62500 0.77000 5.06000
v 2.62500 1.25000 5.06000
v 2.62500 1.25000 5.44000
v 2.62500 0.77000 5.44000
v 2.55500 0.77000 5.06000
v 2.55500 1.25000 5.06000
v 2.55500 1.25000 5.44000
v 2.55500 0.77000 5.44000
v 2.52000 0.77000 5.06000
v 2.52000 1.25000 5.06000
v 2.52000 1.25000 5.44000
v 2.52000 0.77000 5.44000
v 2.66000 0.77000 5.06000
v 2.66000 0.81200 5.06000
v 2.66000 0.81200 5.44000
v 2.66000 0.77000 5.44000
v 2.52000 0.77000 5.06000
v 2.52000 0.81200 5.06000
v 2.52000 0.81200 5.44000
v 2.52000 0.77000 5.44000
v 2.62500 0.82000 5.08500
v 2.62500 1.24000 5.08500
v 2.62500 1.24000 5.41500
v 2.62500 0.82000 5.41500
v 2.55500 0.82000 5.08500
v 2.55500 1.24000 5.08500
v 2.55500 1.24000 5.41500
v 2.55500 0.82000 5.41500
v 2.82000 0.74000 5.06000
v 2.82000 1.28000 5.06000
v 2.82000 1.28000 5.44000
v 2.82000 0.74000 5.44000
v 2.78500 0.74000 5.06000
v 2.78500 1.28000 5.06000
v 2.78500 1.28000 5.44000
v 2.78500 0.74000 5.44000
v 2.71500 0.74000 5.06000
v 2.71500 1.28000 5.06000
v 2.71500 1.28000 5.44000
v 2.71500 0.74000 5.44000
v 2.68000 0.74000 5.06000
v 2.68000 1.28000 5.06000
v 2.68000 1.28000 5.44000
v 2.68000 0.74000 5.44000
v 2.82000 0.74000 5.06000
v 2.82000 0.78200 5.06000
v 2.82000 0.78200 5.44000
v 2.82000 0.74000 5.44000
v 2.68000 0.74000 5.06000
v 2.68000 0.78200 5.06000
v 2.68000 0.78200 5.44000
v 2.68000 0.74000 5.44000
v 2.78500 0.79000 5.08500
v 2.78500 1.27000 5.08500
v 2.78500 1.27000 5.41500
v 2.78500 0.79000 5.41500
v 2.71500 0.79000 5.08500
v 2.71500 1.27000 5.08500
v 2.71500 1.27000 5.41500
v 2.71500 0.79000 5.41500
v 2.98000 0.71000 5.06000
v 2.98000 1.31000 5.06000
v 2.98000 1.31000 5.44000
v 2.98000 0.71000 5.44000
v 2.94500 0.71000 5.06000
v 2.94500 1.31000 5.06000
v 2.94500 1.31000 5.44000
v 2.94500 0.71000 5.44000
v 2.87500 0.71000 5.06000
v 2.87500 1.31000 5.06000
v 2.87500 1.31000 5.44000
v 2.87500 0.71000 5.44000
v 2.84000 0.71000 5.06000
v 2.84000 1.31000 5.06000
v 2.84000 1.31000 5.44000
v 2.84000 0.71000 5.44000
v 2.98000 0.71000 5.06000
v 2.98000 0.75200 5.06000
v 2.98000 0.75200 5.44000
v 2.98000 0.71000 5.44000
v 2.84000 0.71000 5.06000
v 2.84000 0.75200 5.06000
v 2.84000 0.75200 5.44000
v 2.84000 0.71000 5.44000
v 2.94500 0.76000 5.08500
v 2.94500 1.30000 5.08500
v 2.94500 1.30000 5.41500
v 2.94500 0.76000 5.41500
v 2.87500 0.76000 5.08500
v 2.87500 1.30000 5.08500
v 2.87500 1.30000 5.41500
v 2.87500 0.76000 5.41500
v 3.14000 0.77000 5.06000
v 3.14000 1.25000 5.06000
v 3.14000 1.25000 5.44000
v 3.14000 0.77000 5.44000
v 3.10500 0.77000 5.06000
v 3.10500 1.25000 5.06000
v 3.10500 1.25000 5.44000
v 3.10500 0.77000 5.44000
v 3.03500 0.77000 5.06000
v 3.03500 1.25000 5.06000
v 3.03500 1.25000 5.44000
v 3.03500 0.77000 5.44000
v 3.00000 0.77000 5.06000
v 3.00000 1.25000 5.06000
v 3.00000 1.25000 5.44000
v 3.00000 0.77000 5.44000
v 3.14000 0.77000 5.06000
v 3.14000 0.81200 5.06000
v 3.14000 0.81200 5.44000
v 3.14000 0.77000 5.44000
v 3.00000 0.77000 5.06000
v 3.00000 0.81200 5.06000
v 3.00000 0.81200 5.44000
v 3.00000 0.77000 5.44000
v 3.10500 0.82000 5.08500
v 3.10500 1.24000 5.08500
v 3.10500 1.24000 5.41500
v 3.10500 0.82000 5.41500
v 3.03500 0.82000 5.08500
v 3.03500 1.24000 5.08500
v 3.03500 1.24000 5.41500
v 3.03500 0.82000 5.41500
v 3.30000 0.74000 5.06000
v 3.30000 1.28000 5.06000
v 3.30000 1.28000 5.44000
v 3.30000 0.74000 5.44000
v 3.26500 0.74000 5.06000
v 3.26500 1.28000 5.06000
v 3.26500 1.28000 5.44000
v 3.26500 0.74000 5.44000
v 3.19500 0.74000 5.06000
v 3.19500 1.28000 5.06000
v 3.19500 1.28000 5.44000
v 3.19500 0.74000 5.44000
v 3.16000 0.74000 5.06000
v 3.16000 1.28000 5.06000
v 3.16000 1.28000 5.44000
v 3.16000 0.74000 5.44000
v 3.30000 0.74000 5.06000
v 3.30000 0.78200 5.06000
v 3.30000 0.78200 5.44000
v 3.30000 0.74000 5.44000
v 3.16000 0.74000 5.06000
v 3.16000 0.78200 5.06000
v 3.16000 0.78200 5.44000
v 3.16000 0.74000 5.44000
v 3.26500 0.79000 5.08500
v 3.26500 1.27000 5.08500
v 3.26500 1.27000 5.41500
v 3.26500 0.79000 5.41500
v 3.19500 0.79000 5.08500
v 3.19500 1.27000 5.08500
v 3.19500 1.27000 5.41500
v 3.19500 0.79000 5.41500
v 3.46000 0.71000 5.06000
v 3.46000 1.31000 5.06000
v 3.46000 1.31000 5.44000
v 3.46000 0.71000 5.44000
v 3.42500 0.71000 5.06000
v 3.42500 1.31000 5.06000
v 3.42500 1.31000 5.44000
v 3.42500 0.71000 5.44000
v 3.35500 0.71000 5.06000
v 3.35500 1.31000 5.06000
v 3.35500 1.31000 5.44000
v 3.35500 0.71000 5.44000
v 3.32000 0.71000 5.06000
v 3.32000 1.31000 5.06000
v 3.32000 1.31000 5.44000
v 3.32000 0.71000 5.44000
v 3.46000 0.71000 5.06000
v 3.46000 0.75200 5.06000
v 3.46000 0.75200 5.44000
v 3.46000 0.71000 5.44000
v 3.32000 0.71000 5.06000
v 3.32000 0.75200 5.06000
v 3.32000 0.75200 5.44000
v 3.32000 0.71000 5.44000
v 3.42500 0.76000 5.08500
v 3.42500 1.30000 5.08500
v 3.42500 1.30000 5.41500
v 3.42500 0.76000 5.41500
v 3.35500 0.76000 5.08500
v 3.35500 1.30000 5.08500
v 3.35500 1.30000 5.41500
v 3.35500 0.76000 5.41500
v 3.65340 0.77234 5.06000
v 3.58660 1.24766 5.06000
v 3.58660 1.24766 5.44000
v 3.65340 0.77234 5.44000
v 3.61874 0.76746 5.06000
v 3.55194 1.24279 5.06000
v 3.55194 1.24279 5.44000
v 3.61874 0.76746 5.44000
v 3.54942 0.75772 5.06000
v 3.48262 1.23305 5.06000
v 3.48262 1.23305 5.44000
v 3.54942 0.75772 5.44000
v 3.51476 0.75285 5.06000
v 3.44796 1.22818 5.06000
v 3.44796 1.22818 5.44000
v 3.51476 0.75285 5.44000
v 3.65340 0.77234 5.06000
v 3.64756 0.81393 5.06000
v 3.64756 0.81393 5.44000
v 3.65340 0.77234 5.44000
v 3.51476 0.75285 5.06000
v 3.50892 0.79444 5.06000
v 3.50892 0.79444 5.44000
v 3.51476 0.75285 5.44000
v 3.61178 0.81698 5.08500
v 3.55333 1.23289 5.08500
v 3.55333 1.23289 5.41500
v 3.61178 0.81698 5.41500
v 3.54246 0.80724 5.08500
v 3.48401 1.22315 5.08500
v 3.48401 1.22315 5.41500
v 3.54246 0.80724 5.41500
v 2.75000 0.41000 5.06000
v 3.25000 0.41000 5.06000
v 3.25000 0.41000 5.44000
v 2.75000 0.41000 5.44000
v 2.75000 0.44500 5.06000
v 3.25000 0.44500 5.06000
v 3.25000 0.44500 5.44000
v 2.75000 0.44500 5.44000
v 2.75000 0.49500 5.06000
v 3.25000 0.49500 5.06000
v 3.25000 0.49500 5.44000
v 2.75000 0.49500 5.44000
v 2.75000 0.53000 5.06000
v 3.25000 0.53000 5.06000
v 3.25000 0.53000 5.44000
v 2.75000 0.53000 5.44000
v 2.75000 0.41000 5.06000
v 2.79200 0.41000 5.06000
v 2.79200 0.41000 5.44000
v 2.75000 0.41000 5.44000
v 2.75000 0.53000 5.06000
v 2.79200 0.53000 5.06000
v 2.79200 0.53000 5.44000
v 2.75000 0.53000 5.44000
v 2.80000 0.44500 5.08500
v 3.24000 0.44500 5.08500
v 3.24000 0.44500 5.41500
v 2.80000 0.44500 5.41500
v 2.80000 0.49500 5.08500
v 3.24000 0.49500 5.08500
v 3.24000 0.49500 5.41500
v 2.80000 0.49500 5.41500
v 2.73968 0.53000 5.13153
v 3.18963 0.53000 5.03590
v 3.26032 0.53000 5.36847
v 2.81037 0.53000 5.46410
v 2.73968 0.56500 5.13153
v 3.18963 0.56500 5.03590
v 3.26032 0.56500 5.36847
v 2.81037 0.56500 5.46410
v 2.73968 0.59500 5.13153
v 3.18963 0.59500 5.03590
v 3.26032 0.59500 5.36847
v 2.81037 0.59500 5.46410
v 2.73968 0.63000 5.13153
v 3.18963 0.63000 5.03590
v 3.26032 0.63000 5.36847
v 2.81037 0.63000 5.46410
v 2.73968 0.53000 5.13153
v 2.78076 0.53000 5.12280
v 2.85145 0.53000 5.45537
v 2.81037 0.53000 5.46410
v 2.73968 0.63000 5.13153
v 2.78076 0.63000 5.12280
v 2.85145 0.63000 5.45537
v 2.81037 0.63000 5.46410
v 2.79379 0.56500 5.14559
v 3.18505 0.56500 5.06243
v 3.24534 0.56500 5.34609
v 2.85408 0.56500 5.42926
v 2.79379 0.59500 5.14559
v 3.18505 0.59500 5.06243
v 3.24534 0.59500 5.34609
v 2.85408 0.59500 5.42926
v 2.77036 0.63000 5.01576
v 3.28530 0.63000 5.08813
v 3.22964 0.63000 5.48424
v 2.71470 0.63000 5.41187
v 2.77036 0.66500 5.01576
v 3.28530 0.66500 5.08813
v 3.22964 0.66500 5.48424
v 2.71470 0.66500 5.41187
v 2.77036 0.73500 5.01576
v 3.28530 0.73500 5.08813
v 3.22964 0.73500 5.48424
v 2.71470 0.73500 5.41187
v 2.77036 0.77000 5.01576
v 3.28530 0.77000 5.08813
v 3.22964 0.77000 5.48424
v 2.71470 0.77000 5.41187
v 2.77036 0.63000 5.01576
v 2.81196 0.63000 5.02161
v 2.75629 0.63000 5.41771
v 2.71470 0.63000 5.41187
v 2.77036 0.77000 5.01576
v 2.81196 0.77000 5.02161
v 2.75629 0.77000 5.41771
v 2.71470 0.77000 5.41187
v 2.81640 0.66500 5.04748
v 3.27192 0.66500 5.11150
v 3.22321 0.66500 5.45809
v 2.76769 0.66500 5.39407
v 2.81640 0.73500 5.04748
v 3.27192 0.73500 5.11150
v 3.22321 0.73500 5.45809
v 2.76769 0.73500 5.39407
v -2.93000 0.00000 7.17000
v -2.57000 0.00000 7.17000
v -2.57000 0.00000 7.53000
v -2.93000 0.00000 7.53000
v -2.93000 0.30000 7.17000
v -2.57000 0.30000 7.17000
v -2.57000 0.30000 7.53000
v -2.93000 0.30000 7.53000
v -2.69000 0.30000 7.35000
v -2.72000 0.30000 7.40196
v -2.78000 0.30000 7.40196
v -2.81000 0.30000 7.35000
v -2.78000 0.30000 7.29804
v -2.72000 0.30000 7.29804
v -2.69000 2.90000 7.35000
v -2.72000 2.90000 7.40196
v -2.78000 2.90000 7.40196
v -2.81000 2.90000 7.35000
v -2.78000 2.90000 7.29804
v -2.72000 2.90000 7.29804
v -2.55000 2.90000 7.35000
v -2.65000 2.90000 7.52321
v -2.85000 2.90000 7.52321
v -2.95000 2.90000 7.35000
v -2.85000 2.90000 7.17679
v -2.65000 2.90000 7.17679
v -2.55000 2.98000 7.35000
v -2.65000 2.98000 7.52321
v -2.85000 2.98000 7.52321
v -2.95000 2.98000 7.35000
v -2.85000 2.98000 7.17679
v -2.65000 2.98000 7.17679
v -2.58000 2.98000 7.35000
v -2.66500 2.98000 7.49722
v -2.83500 2.98000 7.49722
v -2.92000 2.98000 7.35000
v -2.83500 2.98000 7.20278
v -2.66500 2.98000 7.20278
v -2.55000 3.43000 7.35000
v -2.65000 3.43000 7.52321
v -2.85000 3.43000 7.52321
v -2.95000 3.43000 7.35000
v -2.85000 3.43000 7.17679
v -2.65000 3.43000 7.17679
v -2.45000 3.43000 7.35000
v -2.60000 3.43000 7.60981
v -2.90000 3.43000 7.60981
v -3.05000 3.43000 7.35000
v -2.90000 3.43000 7.09019
v -2.60000 3.43000 7.09019
v -2.70000 3.68000 7.35000
v -2.72500 3.68000 7.39330
v -2.77500 3.68000 7.39330
v -2.80000 3.68000 7.35000
v -2.77500 3.68000 7.30670
v -2.72500 3.68000 7.30670
v 2.57000 0.00000 7.17000
v 2.93000 0.00000 7.17000
v 2.93000 0.00000 7.53000
v 2.57000 0.00000 7.53000
v 2.57000 0.30000 7.17000
v 2.93000 0.30000 7.17000
v 2.93000 0.30000 7.53000
v 2.57000 0.30000 7.53000
v 2.81000 0.30000 7.35000
v 2.78000 0.30000 7.40196
v 2.72000 0.30000 7.40196
v 2.69000 0.30000 7.35000
v 2.72000 0.30000 7.29804
v 2.78000 0.30000 7.29804
v 2.81000 2.90000 7.35000
v 2.78000 2.90000 7.40196
v 2.72000 2.90000 7.40196
v 2.69000 2.90000 7.35000
v 2.72000 2.90000 7.29804
v 2.78000 2.90000 7.29804
v 2.95000 2.90000 7.35000
v 2.85000 2.90000 7.52321
v 2.65000 2.90000 7.52321
v 2.55000 2.90000 7.35000
v 2.65000 2.90000 7.17679
v 2.85000 2.90000 7.17679
v 2.95000 2.98000 7.35000
v 2.85000 2.98000 7.52321
v 2.65000 2.98000 7.52321
v 2.55000 2.98000 7.35000
v 2.65000 2.98000 7.17679
v 2.85000 2.98000 7.17679
v 2.92000 2.98000 7.35000
v 2.83500 2.98000 7.49722
v 2.66500 2.98000 7.49722
v 2.58000 2.98000 7.35000
v 2.66500 2.98000 7.20278
v 2.83500 2.98000 7.20278
v 2.95000 3.43000 7.35000
v 2.85000 3.43000 7.52321
v 2.65000 3.43000 7.52321
v 2.55000 3.43000 7.35000
v 2.65000 3.43000 7.17679
v 2.85000 3.43000 7.17679
v 3.05000 3.43000 7.35000
v 2.90000 3.43000 7.60981
v 2.60000 3.43000 7.60981
v 2.45000 3.43000 7.35000
v 2.60000 3.43000 7.09019
v 2.90000 3.43000 7.09019
v 2.80000 3.68000 7.35000
v 2.77500 3.68000 7.39330
v 2.72500 3.68000 7.39330
v 2.70000 3.68000 7.35000
v 2.72500 3.68000 7.30670
v 2.77500 3.68000 7.30670
v -4.10000 0.90000 3.97500
v -2.30000 0.90000 3.97500
v -2.30000 0.90000 4.42500
v -4.10000 0.90000 4.42500
v -4.10000 0.98000 3.97500
v -2.30000 0.98000 3.97500
v -2.30000 0.98000 4.42500
v -4.10000 0.98000 4.42500
v -4.10000 0.94479 3.94046
v -2.30000 0.94479 3.94046
v -2.30000 0.95521 3.99954
v -4.10000 0.95521 3.99954
v -4.10000 1.38795 3.86231
v -2.30000 1.38795 3.86231
v -2.30000 1.39837 3.92140
v -4.10000 1.39837 3.92140
v -4.04000 0.45000 3.99000
v -3.96000 0.45000 3.99000
v -3.96000 0.45000 4.41000
v -4.04000 0.45000 4.41000
v -4.04000 0.90000 3.99000
v -3.96000 0.90000 3.99000
v -3.96000 0.90000 4.41000
v -4.04000 0.90000 4.41000
v -2.44000 0.45000 3.99000
v -2.36000 0.45000 3.99000
v -2.36000 0.45000 4.41000
v -2.44000 0.45000 4.41000
v -2.44000 0.90000 3.99000
v -2.36000 0.90000 3.99000
v -2.36000 0.90000 4.41000
v -2.44000 0.90000 4.41000
v -3.37292 0.95155 4.07202
v -2.97118 1.01000 3.96437
v -2.82882 1.01000 4.49563
v -3.23057 0.95155 4.60328
v -3.38098 1.01096 4.07418
v -2.97924 1.06942 3.96653
v -2.83689 1.06942 4.49779
v -3.23863 1.01096 4.60544
v -2.97118 1.01000 3.96437
v -2.56943 0.95155 3.85672
v -2.42708 0.95155 4.38798
v -2.82882 1.01000 4.49563
v -2.96311 1.06942 3.96221
v -2.56137 1.01096 3.85456
v -2.41902 1.01096 4.38582
v -2.82076 1.06942 4.49347
v -3.41231 0.98000 4.05669
v -2.54298 0.98000 3.82375
v -2.38769 0.98000 4.40331
v -3.25702 0.98000 4.63625
v -3.41231 1.01000 4.05669
v -2.54298 1.01000 3.82375
v -2.38769 1.01000 4.40331
v -3.25702 1.01000 4.63625
v -1.85000 0.45000 4.07500
v -1.25000 0.45000 4.07500
v -1.25000 0.45000 4.52500
v -1.85000 0.45000 4.52500
v -1.85000 0.48500 4.07500
v -1.25000 0.48500 4.07500
v -1.25000 0.48500 4.52500
v -1.85000 0.48500 4.52500
v -1.85000 0.57500 4.07500
v -1.25000 0.57500 4.07500
v -1.25000 0.57500 4.52500
v -1.85000 0.57500 4.52500
v -1.85000 0.61000 4.07500
v -1.25000 0.61000 4.07500
v -1.25000 0.61000 4.52500
v -1.85000 0.61000 4.52500
v -1.85000 0.45000 4.07500
v -1.80800 0.45000 4.07500
v -1.80800 0.45000 4.52500
v -1.85000 0.45000 4.52500
v -1.85000 0.61000 4.07500
v -1.80800 0.61000 4.07500
v -1.80800 0.61000 4.52500
v -1.85000 0.61000 4.52500
v -1.80000 0.48500 4.10000
v -1.26000 0.48500 4.10000
v -1.26000 0.48500 4.50000
v -1.80000 0.48500 4.50000
v -1.80000 0.57500 4.10000
v -1.26000 0.57500 4.10000
v -1.26000 0.57500 4.50000
v -1.80000 0.57500 4.50000
v -1.86739 0.61000 4.17799
v -1.33613 0.61000 4.03564
v -1.23261 0.61000 4.42201
v -1.76387 0.61000 4.56436
v -1.86739 0.64500 4.17799
v -1.33613 0.64500 4.03564
v -1.23261 0.64500 4.42201
v -1.76387 0.64500 4.56436
v -1.86739 0.70500 4.17799
v -1.33613 0.70500 4.03564
v -1.23261 0.70500 4.42201
v -1.76387 0.70500 4.56436
v -1.86739 0.74000 4.17799
v -1.33613 0.74000 4.03564
v -1.23261 0.74000 4.42201
v -1.76387 0.74000 4.56436
v -1.86739 0.61000 4.17799
v -1.82682 0.61000 4.16712
v -1.72330 0.61000 4.55349
v -1.76387 0.61000 4.56436
v -1.86739 0.74000 4.17799
v -1.82682 0.74000 4.16712
v -1.72330 0.74000 4.55349
v -1.76387 0.74000 4.56436
v -1.81263 0.64500 4.18920
v -1.33932 0.64500 4.06238
v -1.24874 0.64500 4.40045
v -1.72204 0.64500 4.52727
v -1.81263 0.70500 4.18920
v -1.33932 0.70500 4.06238
v -1.24874 0.70500 4.40045
v -1.72204 0.70500 4.52727
v -1.75974 0.74000 4.04978
v -1.26733 0.74000 4.13660
v -1.34026 0.74000 4.55022
v -1.83267 0.74000 4.46340
v -1.75974 0.77500 4.04978
v -1.26733 0.77500 4.13660
v -1.34026 0.77500 4.55022
v -1.83267 0.77500 4.46340
v -1.75974 0.85500 4.04978
v -1.26733 0.85500 4.13660
v -1.34026 0.85500 4.55022
v -1.83267 0.85500 4.46340
v -1.75974 0.89000 4.04978
v -1.26733 0.89000 4.13660
v -1.34026 0.89000 4.55022
v -1.83267 0.89000 4.46340
v -1.75974 0.74000 4.04978
v -1.71837 0.74000 4.05707
v -1.79131 0.74000 4.47069
v -1.83267 0.74000 4.46340
v -1.75974 0.89000 4.04978
v -1.71837 0.89000 4.05707
v -1.79131 0.89000 4.47069
v -1.83267 0.89000 4.46340
v -1.71484 0.77500 4.08308
v -1.28152 0.77500 4.15949
v -1.34577 0.77500 4.52386
v -1.77909 0.77500 4.44746
v -1.71484 0.85500 4.08308
v -1.28152 0.85500 4.15949
v -1.34577 0.85500 4.52386
v -1.77909 0.85500 4.44746
v -1.81217 0.89000 4.23468
v -1.43152 0.89000 4.05718
v -1.28783 0.89000 4.36532
v -1.66848 0.89000 4.54282
v -1.81217 0.92500 4.23468
v -1.43152 0.92500 4.05718
v -1.28783 0.92500 4.36532
v -1.66848 0.92500 4.54282
v -1.81217 0.97500 4.23468
v -1.43152 0.97500 4.05718
v -1.28783 0.97500 4.36532
v -1.66848 0.97500 4.54282
v -1.81217 1.01000 4.23468
v -1.43152 1.01000 4.05718
v -1.28783 1.01000 4.36532
v -1.66848 1.01000 4.54282
v -1.81217 0.89000 4.23468
v -1.77410 0.89000 4.21693
v -1.63041 0.89000 4.52507
v -1.66848 0.89000 4.54282
v -1.81217 1.01000 4.23468
v -1.77410 1.01000 4.21693
v -1.63041 1.01000 4.52507
v -1.66848 1.01000 4.54282
v -1.75629 0.92500 4.23620
v -1.43002 0.92500 4.08406
v -1.30746 0.92500 4.34689
v -1.63373 0.92500 4.49903
v -1.75629 0.97500 4.23620
v -1.43002 0.97500 4.08406
v -1.30746 0.97500 4.34689
v -1.63373 0.97500 4.49903
vn -0.0000 1.0000 0.0000
vn 0.0000 1.0000 0.0000
vn 0.0000 0.0000 -1.0000
vn 0.0000 0.0000 -1.0000
vn 1.0000 0.0000 -0.0000
vn 1.0000 0.0000 0.0000
vn 0.0000 0.0000 1.0000
vn 0.0000 0.0000 1.0000
vn -1.0000 0.0000 -0.0000
vn -1.0000 -0.0000 0.0000
vn 0.0000 -1.0000 0.0000
vn 0.0000 -1.0000 0.0000
vn -0.0000 1.0000 0.0000
vn 0.0000 1.0000 0.0000
vn 0.0000 0.0000 -1.0000
vn 0.0000 0.0000 -1.0000
vn 1.0000 0.0000 -0.0000
vn 1.0000 0.0000 0.0000
vn 0.0000 0.0000 1.0000
vn 0.0000 0.0000 1.0000
vn -1.0000 0.0000 -0.0000
vn -1.0000 -0.0000 0.0000
vn -0.0000 1.0000 0.0000
vn 0.0000 1.0000 0.0000
vn 1.0000 0.0000 -0.0000
vn 1.0000 0.0000 0.0000
vn 0.0000 0.0000 1.0000
vn 0.0000 0.0000 1.0000
vn -1.0000 0.0000 -0.0000
vn -1.0000 -0.0000 0.0000
vn 0.0000 -1.0000 0.0000
vn 0.0000 -1.0000 0.0000
vn -0.0000 1.0000 0.0000
vn 0.0000 1.0000 0.0000
vn 1.0000 0.0000 -0.0000
vn 1.0000 0.0000 0.0000
vn 0.0000 0.0000 1.0000
vn 0.0000 0.0000 1.0000
vn -1.0000 0.0000 -0.0000
vn -1.0000 -0.0000 0.0000
vn 0.0000 -1.0000 0.0000
vn 0.0000 -1.0000 0.0000
vn -0.0000 1.0000 0.0000
vn 0.0000 1.0000 0.0000
vn 1.0000 0.0000 -0.0000
vn 1.0000 0.0000 0.0000
vn 0.0000 0.0000 1.0000
vn 0.0000 0.0000 1.0000
vn -1.0000 0.0000 -0.0000
vn -1.0000 -0.0000 0.0000
vn 0.0000 -1.0000 0.0000
vn 0.0000 -1.0000 0.0000
vn -0.0000 1.0000 0.0000
vn 0.0000 1.0000 0.0000
vn 1.0000 0.0000 -0.0000
vn 1.0000 0.0000 0.0000
vn 0.0000 0.0000 1.0000
vn 0.0000 0.0000 1.0000
vn -1.0000 0.0000 -0.0000
vn -1.0000 -0.0000 0.0000
vn 0.0000 -1.0000 0.0000
vn 0.0000 -1.0000 0.0000
vn -0.0000 1.0000 0.0000
vn 0.0000 1.0000 0.0000
vn 1.0000 0.0000 -0.0000
vn 1.0000 0.0000 0.0000
vn 0.0000 0.0000 1.0000
vn 0.0000 0.0000 1.0000
vn -1.0000 0.0000 -0.0000
vn -1.0000 -0.0000 0.0000
vn 0.0000 -1.0000 0.0000
vn 0.0000 -1.0000 0.0000
vn -0.0000 1.0000 0.0000
vn 0.0000 1.0000 0.0000
vn 1.0000 0.0000 -0.0000
vn 1.0000 0.0000 0.0000
vn 0.0000 0.0000 1.0000
vn 0.0000 0.0000 1.0000
vn -1.0000 0.0000 -0.0000
vn -1.0000 -0.0000 0.0000
vn 0.0000 -1.0000 0.0000
vn 0.0000 -1.0000 0.0000
vn -0.0000 1.0000 0.0000
vn 0.0000 1.0000 0.0000
vn 1.0000 0.0000 -0.0000
vn 1.0000 0.0000 0.0000
vn 0.0000 0.0000 1.0000
vn 0.0000 0.0000 1.0000
vn -1.0000 0.0000 -0.0000
vn -1.0000 -0.0000 0.0000
vn 0.0000 -1.0000 0.0000
vn 0.0000 -1.0000 0.0000
vn -0.0000 1.0000 0.0000
vn 0.0000 1.0000 0.0000
vn 1.0000 0.0000 -0.0000
vn 1.0000 0.0000 0.0000
vn 0.0000 0.0000 1.0000
vn 0.0000 0.0000 1.0000
vn -1.0000 0.0000 -0.0000
vn -1.0000 -0.0000 0.0000
vn 0.0000 -1.0000 0.0000
vn 0.0000 -1.0000 0.0000
vn -0.0000 1.0000 0.0000
vn 0.0000 1.0000 0.0000
vn 1.0000 0.0000 -0.0000
vn 1.0000 0.0000 0.0000
vn 0.0000 0.0000 1.0000
vn 0.0000 0.0000 1.0000
vn -1.0000 0.0000 -0.0000
vn -1.0000 -0.0000 0.0000
vn 0.0000 -1.0000 0.0000
vn 0.0000 -1.0000 0.0000
vn -0.0000 1.0000 0.0000
vn 0.0000 1.0000 0.0000
vn 1.0000 0.0000 -0.0000
vn 1.0000 0.0000 0.0000
vn 0.0000 0.0000 1.0000
vn 0.0000 0.0000 1.0000
vn -1.0000 0.0000 -0.0000
vn -1.0000 -0.0000 0.0000
vn 0.0000 -1.0000 0.0000
vn 0.0000 -1.0000 0.0000
vn -0.0000 1.0000 0.0000
vn 0.0000 1.0000 0.0000
vn 1.0000 0.0000 -0.0000
vn 1.0000 0.0000 0.0000
vn 0.0000 0.0000 1.0000
vn 0.0000 0.0000 1.0000
vn -1.0000 0.0000 -0.0000
vn -1.0000 -0.0000 0.0000
vn 0.0000 -1.0000 0.0000
vn 0.0000 -1.0000 0.0000
vn -0.0000 1.0000 0.0000
vn 0.0000 1.0000 0.0000
vn 1.0000 0.0000 -0.0000
vn 1.0000 0.0000 0.0000
vn 0.0000 0.0000 1.0000
vn 0.0000 0.0000 1.0000
vn -1.0000 0.0000 -0.0000
vn -1.0000 -0.0000 0.0000
vn 0.0000 -1.0000 0.0000
vn 0.0000 -1.0000 0.0000
vn -0.0000 1.0000 0.0000
vn 0.0000 1.0000 0.0000
vn 1.0000 0.0000 -0.0000
vn 1.0000 0.0000 0.0000
vn 0.0000 0.0000 1.0000
vn 0.0000 0.0000 1.0000
vn -1.0000 0.0000 -0.0000
vn -1.0000 -0.0000 0.0000
vn 0.0000 -1.0000 0.0000
vn 0.0000 -1.0000 0.0000
vn -0.0000 1.0000 0.0000
vn 0.0000 1.0000 0.0000
vn 1.0000 0.0000 -0.0000
vn 1.0000 0.0000 0.0000
vn 0.0000 0.0000 1.0000
vn 0.0000 0.0000 1.0000
vn -1.0000 0.0000 -0.0000
vn -1.0000 -0.0000 0.0000
vn 0.0000 -1.0000 0.0000
vn 0.0000 -1.0000 0.0000
vn -0.0000 1.0000 0.0000
vn 0.0000 1.0000 0.0000
vn 1.0000 0.0000 -0.0000
vn 1.0000 0.0000 0.0000
vn 0.0000 0.0000 1.0000
vn 0.0000 0.0000 1.0000
vn -1.0000 0.0000 -0.0000
vn -1.0000 -0.0000 0.0000
vn 0.0000 -1.0000 0.0000
vn 0.0000 -1.0000 0.0000
vn -0.0000 1.0000 0.0000
vn 0.0000 1.0000 0.0000
vn 1.0000 0.0000 -0.0000
vn 1.0000 0.0000 0.0000
vn 0.0000 0.0000 1.0000
vn 0.0000 0.0000 1.0000
vn -1.0000 0.0000 -0.0000
vn -1.0000 -0.0000 0.0000
vn 0.0000 -1.0000 0.0000
vn 0.0000 -1.0000 0.0000
vn -0.0000 1.0000 0.0000
vn 0.0000 1.0000 0.0000
vn 1.0000 0.0000 -0.0000
vn 1.0000 0.0000 0.0000
vn 0.0000 0.0000 1.0000
vn 0.0000 0.0000 1.0000
vn -1.0000 0.0000 -0.0000
vn -1.0000 -0.0000 0.0000
vn 0.0000 -1.0000 0.0000
vn 0.0000 -1.0000 0.0000
vn -0.0000 1.0000 0.0000
vn 0.0000 1.0000 0.0000
vn 1.0000 0.0000 -0.0000
vn 1.0000 0.0000 0.0000
vn 0.0000 0.0000 1.0000
vn 0.0000 0.0000 1.0000
vn -1.0000 0.0000 -0.0000
vn -1.0000 -0.0000 0.0000
vn 0.0000 -1.0000 0.0000
vn 0.0000 -1.0000 0.0000
vn -0.0000 1.0000 0.0000
vn 0.0000 1.0000 0.0000
vn 1.0000 0.0000 -0.0000
vn 1.0000 0.0000 0.0000
vn 0.0000 0.0000 1.0000
vn 0.0000 0.0000 1.0000
vn -1.0000 0.0000 -0.0000
vn -1.0000 -0.0000 0.0000
vn 0.0000 -1.0000 0.0000
vn 0.0000 -1.0000 0.0000
vn -0.0000 1.0000 0.0000
vn 0.0000 1.0000 0.0000
vn 1.0000 0.0000 -0.0000
vn 1.0000 0.0000 0.0000
vn 0.0000 0.0000 1.0000
vn 0.0000 0.0000 1.0000
vn -1.0000 0.0000 -0.0000
vn -1.0000 -0.0000 0.0000
vn 0.0000 -1.0000 0.0000
vn 0.0000 -1.0000 0.0000
vn -0.0000 1.0000 0.0000
vn 0.0000 1.0000 0.0000
vn 1.0000 0.0000 -0.0000
vn 1.0000 0.0000 0.0000
vn 0.0000 0.0000 1.0000
vn 0.0000 0.0000 1.0000
vn -1.0000 0.0000 -0.0000
vn -1.0000 -0.0000 0.0000
vn 0.0000 -1.0000 0.0000
vn 0.0000 -1.0000 0.0000
vn -0.0000 1.0000 0.0000
vn 0.0000 1.0000 0.0000
vn 1.0000 0.0000 -0.0000
vn 1.0000 0.0000 0.0000
vn 0.0000 0.0000 1.0000
vn 0.0000 0.0000 1.0000
vn -1.0000 0.0000 -0.0000
vn -1.0000 -0.0000 0.0000
vn 0.0000 -1.0000 0.0000
vn 0.0000 -1.0000 0.0000
vn -0.0000 1.0000 0.0000
vn 0.0000 1.0000 0.0000
vn 1.0000 0.0000 -0.0000
vn 1.0000 0.0000 0.0000
vn 0.0000 0.0000 1.0000
vn 0.0000 0.0000 1.0000
vn -1.0000 0.0000 -0.0000
vn -1.0000 -0.0000 0.0000
vn 0.0000 -1.0000 0.0000
vn 0.0000 -1.0000 0.0000
vn -0.0000 1.0000 0.0000
vn 0.0000 1.0000 0.0000
vn 1.0000 0.0000 -0.0000
vn 1.0000 0.0000 0.0000
vn 0.0000 0.0000 1.0000
vn 0.0000 0.0000 1.0000
vn -1.0000 0.0000 -0.0000
vn -1.0000 -0.0000 0.0000
vn 0.0000 -1.0000 0.0000
vn 0.0000 -1.0000 0.0000
vn -0.0000 1.0000 0.0000
vn 0.0000 1.0000 0.0000
vn 1.0000 0.0000 -0.0000
vn 1.0000 0.0000 0.0000
vn 0.0000 0.0000 1.0000
vn 0.0000 0.0000 1.0000
vn -1.0000 0.0000 -0.0000
vn -1.0000 -0.0000 0.0000
vn 0.0000 -1.0000 0.0000
vn 0.0000 -1.0000 0.0000
vn -0.0000 1.0000 0.0000
vn 0.0000 1.0000 0.0000
vn 1.0000 0.0000 -0.0000
vn 1.0000 0.0000 0.0000
vn 0.0000 0.0000 1.0000
vn 0.0000 0.0000 1.0000
vn -1.0000 0.0000 -0.0000
vn -1.0000 -0.0000 0.0000
vn 0.0000 -1.0000 0.0000
vn 0.0000 -1.0000 0.0000
vn -0.0000 1.0000 0.0000
vn 0.0000 1.0000 0.0000
vn 1.0000 0.0000 -0.0000
vn 1.0000 0.0000 0.0000
vn 0.0000 0.0000 1.0000
vn 0.0000 0.0000 1.0000
vn -1.0000 0.0000 -0.0000
vn -1.0000 -0.0000 0.0000
vn 0.0000 -1.0000 0.0000
vn 0.0000 -1.0000 0.0000
vn -0.0000 1.0000 0.0000
vn 0.0000 1.0000 0.0000
vn 1.0000 0.0000 -0.0000
vn 1.0000 0.0000 0.0000
vn 0.0000 0.0000 1.0000
vn 0.0000 0.0000 1.0000
vn -1.0000 0.0000 -0.0000
vn -1.0000 -0.0000 0.0000
vn 0.0000 -1.0000 0.0000
vn 0.0000 -1.0000 0.0000
vn -0.0000 1.0000 0.0000
vn 0.0000 1.0000 0.0000
vn 1.0000 0.0000 -0.0000
vn 1.0000 0.0000 0.0000
vn 0.0000 0.0000 1.0000
vn 0.0000 0.0000 1.0000
vn -1.0000 0.0000 -0.0000
vn -1.0000 -0.0000 0.0000
vn 0.0000 -1.0000 0.0000
vn 0.0000 -1.0000 0.0000
vn -0.0000 1.0000 0.0000
vn 0.0000 1.0000 0.0000
vn 1.0000 0.0000 -0.0000
vn 1.0000 0.0000 0.0000
vn 0.0000 0.0000 1.0000
vn 0.0000 0.0000 1.0000
vn -1.0000 0.0000 -0.0000
vn -1.0000 -0.0000 0.0000
vn 0.0000 -1.0000 0.0000
vn 0.0000 -1.0000 0.0000
vn -0.0000 1.0000 0.0000
vn 0.0000 1.0000 0.0000
vn 1.0000 0.0000 -0.0000
vn 1.0000 0.0000 0.0000
vn 0.0000 0.0000 1.0000
vn 0.0000 0.0000 1.0000
vn -1.0000 0.0000 -0.0000
vn -1.0000 -0.0000 0.0000
vn 0.0000 -1.0000 0.0000
vn 0.0000 -1.0000 0.0000
vn -0.0000 1.0000 0.0000
vn 0.0000 1.0000 0.0000
vn 1.0000 0.0000 -0.0000
vn 1.0000 0.0000 0.0000
vn 0.0000 0.0000 1.0000
vn 0.0000 0.0000 1.0000
vn -1.0000 0.0000 -0.0000
vn -1.0000 -0.0000 0.0000
vn 0.0000 -1.0000 0.0000
vn 0.0000 -1.0000 0.0000
vn -0.0000 1.0000 0.0000
vn 0.0000 1.0000 0.0000
vn 1.0000 0.0000 -0.0000
vn 1.0000 0.0000 0.0000
vn 0.0000 0.0000 1.0000
vn 0.0000 0.0000 1.0000
vn -1.0000 0.0000 -0.0000
vn -1.0000 -0.0000 0.0000
vn 0.0000 -1.0000 0.0000
vn 0.0000 -1.0000 0.0000
vn -0.0000 1.0000 0.0000
vn 0.0000 1.0000 0.0000
vn 1.0000 0.0000 -0.0000
vn 1.0000 0.0000 0.0000
vn 0.0000 0.0000 1.0000
vn 0.0000 0.0000 1.0000
vn -1.0000 0.0000 -0.0000
vn -1.0000 -0.0000 0.0000
vn 0.0000 -1.0000 0.0000
vn 0.0000 -1.0000 0.0000
vn -0.0000 1.0000 0.0000
vn 0.0000 1.0000 0.0000
vn 1.0000 0.0000 -0.0000
vn 1.0000 0.0000 0.0000
vn 0.0000 0.0000 1.0000
vn 0.0000 0.0000 1.0000
vn -1.0000 0.0000 -0.0000
vn -1.0000 -0.0000 0.0000
vn 0.0000 -1.0000 0.0000
vn 0.0000 -1.0000 0.0000
vn -0.0000 1.0000 0.0000
vn 0.0000 1.0000 0.0000
vn 1.0000 0.0000 -0.0000
vn 1.0000 0.0000 0.0000
vn 0.0000 0.0000 1.0000
vn 0.0000 0.0000 1.0000
vn -1.0000 0.0000 -0.0000
vn -1.0000 -0.0000 0.0000
vn 0.0000 -1.0000 0.0000
vn 0.0000 -1.0000 0.0000
vn -0.0000 1.0000 0.0000
vn 0.0000 1.0000 0.0000
vn 1.0000 0.0000 -0.0000
vn 1.0000 0.0000 0.0000
vn 0.0000 0.0000 1.0000
vn 0.0000 0.0000 1.0000
vn -1.0000 0.0000 -0.0000
vn -1.0000 -0.0000 0.0000
vn 0.0000 -1.0000 0.0000
vn 0.0000 -1.0000 0.0000
vn -0.0000 1.0000 0.0000
vn 0.0000 1.0000 0.0000
vn 1.0000 0.0000 -0.0000
vn 1.0000 0.0000 0.0000
vn 0.0000 0.0000 1.0000
vn 0.0000 0.0000 1.0000
vn -1.0000 0.0000 -0.0000
vn -1.0000 -0.0000 0.0000
vn 0.0000 -1.0000 0.0000
vn 0.0000 -1.0000 0.0000
vn -0.0000 1.0000 0.0000
vn 0.0000 1.0000 0.0000
vn 1.0000 0.0000 -0.0000
vn 1.0000 0.0000 0.0000
vn 0.0000 0.0000 1.0000
vn 0.0000 0.0000 1.0000
vn -1.0000 0.0000 -0.0000
vn -1.0000 -0.0000 0.0000
vn 0.0000 -1.0000 0.0000
vn 0.0000 -1.0000 0.0000
vn 0.0000 1.0000 0.0000
vn 0.0000 1.0000 -0.0000
vn -1.0000 0.0000 -0.0000
vn -1.0000 -0.0000 0.0000
vn 0.0000 0.0000 -1.0000
vn 0.0000 0.0000 -1.0000
vn 1.0000 0.0000 -0.0000
vn 1.0000 0.0000 0.0000
vn 0.0000 -1.0000 0.0000
vn 0.0000 -1.0000 0.0000
vn 0.0000 1.0000 0.0000
vn 0.0000 1.0000 -0.0000
vn -1.0000 0.0000 -0.0000
vn -1.0000 -0.0000 0.0000
vn 0.0000 0.0000 -1.0000
vn 0.0000 0.0000 -1.0000
vn 1.0000 0.0000 -0.0000
vn 1.0000 0.0000 0.0000
vn 0.0000 -1.0000 0.0000
vn 0.0000 -1.0000 0.0000
vn 0.0000 1.0000 0.0000
vn 0.0000 1.0000 -0.0000
vn -1.0000 0.0000 -0.0000
vn -1.0000 -0.0000 0.0000
vn 0.0000 0.0000 -1.0000
vn 0.0000 0.0000 -1.0000
vn 1.0000 0.0000 -0.0000
vn 1.0000 0.0000 0.0000
vn 0.0000 -1.0000 0.0000
vn 0.0000 -1.0000 0.0000
vn 0.0000 1.0000 0.0000
vn 0.0000 1.0000 -0.0000
vn -1.0000 0.0000 -0.0000
vn -1.0000 -0.0000 0.0000
vn 0.0000 0.0000 -1.0000
vn 0.0000 0.0000 -1.0000
vn 1.0000 0.0000 -0.0000
vn 1.0000 0.0000 0.0000
vn 0.0000 -1.0000 0.0000
vn 0.0000 -1.0000 0.0000
vn 0.0000 1.0000 0.0000
vn 0.0000 1.0000 -0.0000
vn -1.0000 0.0000 -0.0000
vn -1.0000 -0.0000 0.0000
vn 0.0000 0.0000 -1.0000
vn 0.0000 0.0000 -1.0000
vn 1.0000 0.0000 -0.0000
vn 1.0000 0.0000 0.0000
vn 0.0000 -1.0000 0.0000
vn 0.0000 -1.0000 0.0000
vn 0.0000 1.0000 0.0000
vn 0.0000 1.0000 -0.0000
vn -1.0000 0.0000 -0.0000
vn -1.0000 -0.0000 0.0000
vn 0.0000 0.0000 -1.0000
vn 0.0000 0.0000 -1.0000
vn 1.0000 0.0000 -0.0000
vn 1.0000 0.0000 0.0000
vn 0.0000 -1.0000 0.0000
vn 0.0000 -1.0000 0.0000
vn 0.0000 1.0000 0.0000
vn 0.0000 1.0000 -0.0000
vn -1.0000 0.0000 -0.0000
vn -1.0000 -0.0000 0.0000
vn 0.0000 0.0000 -1.0000
vn 0.0000 0.0000 -1.0000
vn 1.0000 0.0000 -0.0000
vn 1.0000 0.0000 0.0000
vn 0.0000 -1.0000 0.0000
vn 0.0000 -1.0000 0.0000
vn 0.0000 1.0000 0.0000
vn 0.0000 1.0000 -0.0000
vn -1.0000 0.0000 -0.0000
vn -1.0000 -0.0000 0.0000
vn 0.0000 0.0000 -1.0000
vn 0.0000 0.0000 -1.0000
vn 1.0000 0.0000 -0.0000
vn 1.0000 0.0000 0.0000
vn 0.0000 -1.0000 0.0000
vn 0.0000 -1.0000 0.0000
vn 0.0000 1.0000 0.0000
vn 0.0000 1.0000 -0.0000
vn -1.0000 0.0000 -0.0000
vn -1.0000 -0.0000 0.0000
vn 0.0000 0.0000 -1.0000
vn 0.0000 0.0000 -1.0000
vn 1.0000 0.0000 -0.0000
vn 1.0000 0.0000 0.0000
vn 0.0000 -1.0000 0.0000
vn 0.0000 -1.0000 0.0000
vn 0.0000 1.0000 0.0000
vn 0.0000 1.0000 -0.0000
vn -1.0000 0.0000 -0.0000
vn -1.0000 -0.0000 0.0000
vn 0.0000 0.0000 -1.0000
vn 0.0000 0.0000 -1.0000
vn 1.0000 0.0000 -0.0000
vn 1.0000 0.0000 0.0000
vn 0.0000 -1.0000 0.0000
vn 0.0000 -1.0000 0.0000
vn 0.0000 1.0000 0.0000
vn 0.0000 1.0000 -0.0000
vn -1.0000 0.0000 -0.0000
vn -1.0000 -0.0000 0.0000
vn 0.0000 0.0000 -1.0000
vn 0.0000 0.0000 -1.0000
vn 1.0000 0.0000 -0.0000
vn 1.0000 0.0000 0.0000
vn 0.0000 -1.0000 0.0000
vn 0.0000 -1.0000 0.0000
vn 0.0000 1.0000 0.0000
vn 0.0000 1.0000 -0.0000
vn -1.0000 0.0000 -0.0000
vn -1.0000 -0.0000 0.0000
vn 0.0000 0.0000 -1.0000
vn 0.0000 0.0000 -1.0000
vn 1.0000 0.0000 -0.0000
vn 1.0000 0.0000 0.0000
vn 0.0000 -1.0000 0.0000
vn 0.0000 -1.0000 0.0000
vn 0.0000 1.0000 0.0000
vn 0.0000 1.0000 -0.0000
vn -1.0000 0.0000 -0.0000
vn -1.0000 -0.0000 0.0000
vn 0.0000 0.0000 -1.0000
vn 0.0000 0.0000 -1.0000
vn 1.0000 0.0000 -0.0000
vn 1.0000 0.0000 0.0000
vn 0.0000 -1.0000 0.0000
vn 0.0000 -1.0000 0.0000
vn 0.0000 1.0000 0.0000
vn 0.0000 1.0000 -0.0000
vn -1.0000 0.0000 -0.0000
vn -1.0000 -0.0000 0.0000
vn 0.0000 0.0000 -1.0000
vn 0.0000 0.0000 -1.0000
vn 1.0000 0.0000 -0.0000
vn 1.0000 0.0000 0.0000
vn 0.0000 -1.0000 0.0000
vn 0.0000 -1.0000 0.0000
vn 0.0000 1.0000 0.0000
vn 0.0000 1.0000 -0.0000
vn -1.0000 0.0000 -0.0000
vn -1.0000 -0.0000 0.0000
vn 0.0000 0.0000 -1.0000
vn 0.0000 0.0000 -1.0000
vn 1.0000 0.0000 -0.0000
vn 1.0000 0.0000 0.0000
vn 0.0000 -1.0000 0.0000
vn 0.0000 -1.0000 0.0000
vn 0.0000 1.0000 0.0000
vn 0.0000 1.0000 -0.0000
vn -1.0000 0.0000 -0.0000
vn -1.0000 -0.0000 0.0000
vn 0.0000 0.0000 -1.0000
vn 0.0000 0.0000 -1.0000
vn 1.0000 0.0000 -0.0000
vn 1.0000 0.0000 0.0000
vn 0.0000 -1.0000 0.0000
vn 0.0000 -1.0000 0.0000
vn 0.0000 1.0000 0.0000
vn 0.0000 1.0000 -0.0000
vn -1.0000 0.0000 -0.0000
vn -1.0000 -0.0000 0.0000
vn 0.0000 0.0000 -1.0000
vn 0.0000 0.0000 -1.0000
vn 1.0000 0.0000 -0.0000
vn 1.0000 0.0000 0.0000
vn 0.0000 -1.0000 0.0000
vn 0.0000 -1.0000 0.0000
vn 0.0000 1.0000 0.0000
vn 0.0000 1.0000 -0.0000
vn -1.0000 0.0000 -0.0000
vn -1.0000 -0.0000 -0.0000
vn 0.0000 0.0000 -1.0000
vn 0.0000 0.0000 -1.0000
vn 1.0000 0.0000 -0.0000
vn 1.0000 0.0000 0.0000
vn 0.0000 -1.0000 0.0000
vn 0.0000 -1.0000 0.0000
vn 0.0000 1.0000 0.0000
vn 0.0000 1.0000 -0.0000
vn -1.0000 0.0000 -0.0000
vn -1.0000 -0.0000 0.0000
vn 0.0000 0.0000 -1.0000
vn 0.0000 0.0000 -1.0000
vn 1.0000 0.0000 -0.0000
vn 1.0000 0.0000 0.0000
vn 0.0000 -1.0000 0.0000
vn 0.0000 -1.0000 0.0000
vn 0.0000 1.0000 0.0000
vn 0.0000 1.0000 0.0000
vn -1.0000 0.0000 -0.0000
vn -1.0000 -0.0000 0.0000
vn 0.0000 0.0000 -1.0000
vn 0.0000 0.0000 -1.0000
vn 1.0000 0.0000 0.0000
vn 1.0000 0.0000 0.0000
vn 0.0000 -1.0000 0.0000
vn 0.0000 -1.0000 0.0000
vn 0.0000 1.0000 0.0000
vn 0.0000 1.0000 0.0000
vn -1.0000 0.0000 -0.0000
vn -1.0000 -0.0000 -0.0000
vn 0.0000 0.0000 -1.0000
vn 0.0000 0.0000 -1.0000
vn 1.0000 0.0000 0.0000
vn 1.0000 0.0000 0.0000
vn 0.0000 -1.0000 0.0000
vn 0.0000 -1.0000 0.0000
vn 0.0000 1.0000 0.0000
vn 0.0000 1.0000 -0.0000
vn -1.0000 0.0000 -0.0000
vn -1.0000 -0.0000 0.0000
vn 0.0000 0.0000 -1.0000
vn 0.0000 0.0000 -1.0000
vn 1.0000 0.0000 -0.0000
vn 1.0000 0.0000 0.0000
vn 0.0000 -1.0000 0.0000
vn 0.0000 -1.0000 0.0000
vn 0.0000 1.0000 0.0000
vn 0.0000 1.0000 -0.0000
vn -1.0000 0.0000 -0.0000
vn -1.0000 -0.0000 0.0000
vn 0.0000 0.0000 -1.0000
vn 0.0000 0.0000 -1.0000
vn 1.0000 0.0000 -0.0000
vn 1.0000 0.0000 0.0000
vn 0.0000 -1.0000 0.0000
vn 0.0000 -1.0000 0.0000
vn 0.0000 1.0000 0.0000
vn 0.0000 1.0000 -0.0000
vn -1.0000 0.0000 -0.0000
vn -1.0000 -0.0000 0.0000
vn 0.0000 0.0000 -1.0000
vn 0.0000 0.0000 -1.0000
vn 1.0000 0.0000 -0.0000
vn 1.0000 0.0000 0.0000
vn 0.0000 -1.0000 0.0000
vn 0.0000 -1.0000 0.0000
vn 0.0000 1.0000 0.0000
vn 0.0000 1.0000 -0.0000
vn -1.0000 0.0000 -0.0000
vn -1.0000 -0.0000 0.0000
vn 0.0000 0.0000 -1.0000
vn 0.0000 0.0000 -1.0000
vn 1.0000 0.0000 -0.0000
vn 1.0000 0.0000 0.0000
vn 0.0000 -1.0000 0.0000
vn 0.0000 -1.0000 0.0000
vn 0.0000 1.0000 0.0000
vn 0.0000 1.0000 -0.0000
vn -1.0000 0.0000 -0.0000
vn -1.0000 -0.0000 0.0000
vn 0.0000 0.0000 -1.0000
vn 0.0000 0.0000 -1.0000
vn 1.0000 0.0000 -0.0000
vn 1.0000 0.0000 0.0000
vn 0.0000 -1.0000 0.0000
vn 0.0000 -1.0000 0.0000
vn 0.0000 1.0000 0.0000
vn 0.0000 1.0000 -0.0000
vn -1.0000 0.0000 -0.0000
vn -1.0000 -0.0000 0.0000
vn 0.0000 0.0000 -1.0000
vn 0.0000 0.0000 -1.0000
vn 1.0000 0.0000 -0.0000
vn 1.0000 0.0000 0.0000
vn 0.0000 -1.0000 0.0000
vn 0.0000 -1.0000 0.0000
vn 0.0000 1.0000 0.0000
vn 0.0000 1.0000 -0.0000
vn -1.0000 0.0000 -0.0000
vn -1.0000 -0.0000 0.0000
vn 0.0000 0.0000 -1.0000
vn 0.0000 0.0000 -1.0000
vn 1.0000 0.0000 -0.0000
vn 1.0000 0.0000 0.0000
vn 0.0000 -1.0000 0.0000
vn 0.0000 -1.0000 0.0000
vn 0.0000 1.0000 0.0000
vn 0.0000 1.0000 -0.0000
vn -1.0000 0.0000 -0.0000
vn -1.0000 -0.0000 0.0000
vn 0.0000 0.0000 -1.0000
vn 0.0000 0.0000 -1.0000
vn 1.0000 0.0000 -0.0000
vn 1.0000 0.0000 0.0000
vn 0.0000 -1.0000 0.0000
vn 0.0000 -1.0000 0.0000
vn 0.0000 1.0000 0.0000
vn 0.0000 1.0000 -0.0000
vn -1.0000 0.0000 -0.0000
vn -1.0000 -0.0000 0.0000
vn 0.0000 0.0000 -1.0000
vn 0.0000 0.0000 -1.0000
vn 1.0000 0.0000 -0.0000
vn 1.0000 0.0000 0.0000
vn 0.0000 -1.0000 0.0000
vn 0.0000 -1.0000 0.0000
vn 0.0000 1.0000 0.0000
vn 0.0000 1.0000 -0.0000
vn -1.0000 0.0000 -0.0000
vn -1.0000 -0.0000 0.0000
vn 0.0000 0.0000 -1.0000
vn 0.0000 0.0000 -1.0000
vn 1.0000 0.0000 -0.0000
vn 1.0000 0.0000 0.0000
vn 0.0000 -1.0000 0.0000
vn 0.0000 -1.0000 0.0000
vn 0.0000 1.0000 0.0000
vn 0.0000 1.0000 -0.0000
vn -1.0000 0.0000 -0.0000
vn -1.0000 -0.0000 0.0000
vn 0.0000 0.0000 -1.0000
vn 0.0000 0.0000 -1.0000
vn 1.0000 0.0000 -0.0000
vn 1.0000 0.0000 0.0000
vn 0.0000 -1.0000 0.0000
vn 0.0000 -1.0000 0.0000
vn 0.0000 1.0000 0.0000
vn 0.0000 1.0000 -0.0000
vn -1.0000 0.0000 -0.0000
vn -1.0000 -0.0000 0.0000
vn 0.0000 0.0000 -1.0000
vn 0.0000 0.0000 -1.0000
vn 1.0000 0.0000 -0.0000
vn 1.0000 0.0000 0.0000
vn 0.0000 -1.0000 0.0000
vn 0.0000 -1.0000 0.0000
vn 0.0000 1.0000 0.0000
vn 0.0000 1.0000 -0.0000
vn -1.0000 0.0000 -0.0000
vn -1.0000 -0.0000 0.0000
vn 0.0000 0.0000 -1.0000
vn 0.0000 0.0000 -1.0000
vn 1.0000 0.0000 -0.0000
vn 1.0000 0.0000 0.0000
vn 0.0000 -1.0000 0.0000
vn 0.0000 -1.0000 0.0000
vn 0.0000 1.0000 0.0000
vn 0.0000 1.0000 -0.0000
vn -1.0000 0.0000 -0.0000
vn -1.0000 -0.0000 0.0000
vn 0.0000 0.0000 -1.0000
vn 0.0000 0.0000 -1.0000
vn 1.0000 0.0000 -0.0000
vn 1.0000 0.0000 0.0000
vn 0.0000 -1.0000 0.0000
vn 0.0000 -1.0000 0.0000
vn 0.0000 1.0000 0.0000
vn 0.0000 1.0000 -0.0000
vn -1.0000 0.0000 -0.0000
vn -1.0000 -0.0000 0.0000
vn 0.0000 0.0000 -1.0000
vn 0.0000 0.0000 -1.0000
vn 1.0000 0.0000 -0.0000
vn 1.0000 0.0000 0.0000
vn 0.0000 -1.0000 0.0000
vn 0.0000 -1.0000 0.0000
vn 0.0000 1.0000 0.0000
vn 0.0000 1.0000 -0.0000
vn -1.0000 0.0000 -0.0000
vn -1.0000 -0.0000 0.0000
vn 0.0000 0.0000 -1.0000
vn 0.0000 0.0000 -1.0000
vn 1.0000 0.0000 -0.0000
vn 1.0000 0.0000 0.0000
vn 0.0000 -1.0000 0.0000
vn 0.0000 -1.0000 0.0000
vn 0.0000 1.0000 0.0000
vn 0.0000 1.0000 -0.0000
vn -1.0000 0.0000 -0.0000
vn -1.0000 -0.0000 0.0000
vn 0.0000 0.0000 -1.0000
vn 0.0000 0.0000 -1.0000
vn 1.0000 0.0000 -0.0000
vn 1.0000 0.0000 0.0000
vn 0.0000 -1.0000 0.0000
vn 0.0000 -1.0000 0.0000
vn 0.0000 1.0000 0.0000
vn 0.0000 1.0000 -0.0000
vn -1.0000 0.0000 -0.0000
vn -1.0000 -0.0000 0.0000
vn 0.0000 0.0000 -1.0000
vn 0.0000 0.0000 -1.0000
vn 1.0000 0.0000 -0.0000
vn 1.0000 0.0000 0.0000
vn 0.0000 -1.0000 0.0000
vn 0.0000 -1.0000 0.0000
vn 0.0000 1.0000 0.0000
vn 0.0000 1.0000 0.0000
vn 0.0000 0.0000 -1.0000
vn 0.0000 0.0000 -1.0000
vn 1.0000 0.0000 -0.0000
vn 1.0000 0.0000 0.0000
vn 0.0000 0.0000 1.0000
vn 0.0000 0.0000 1.0000
vn 0.0000 -1.0000 0.0000
vn 0.0000 -1.0000 0.0000
vn 0.0000 1.0000 0.0000
vn 0.0000 1.0000 0.0000
vn 0.0000 0.0000 -1.0000
vn 0.0000 0.0000 -1.0000
vn 1.0000 0.0000 -0.0000
vn 1.0000 0.0000 0.0000
vn 0.0000 0.0000 1.0000
vn 0.0000 0.0000 1.0000
vn 0.0000 -1.0000 0.0000
vn 0.0000 -1.0000 0.0000
vn 0.0000 1.0000 0.0000
vn 0.0000 1.0000 0.0000
vn 0.0000 0.0000 -1.0000
vn 0.0000 0.0000 -1.0000
vn 1.0000 0.0000 -0.0000
vn 1.0000 0.0000 0.0000
vn 0.0000 0.0000 1.0000
vn 0.0000 0.0000 1.0000
vn 0.0000 -1.0000 0.0000
vn 0.0000 -1.0000 0.0000
vn 0.0000 1.0000 0.0000
vn 0.0000 1.0000 0.0000
vn 0.0000 0.0000 -1.0000
vn 0.0000 0.0000 -1.0000
vn 1.0000 0.0000 -0.0000
vn 1.0000 0.0000 0.0000
vn 0.0000 0.0000 1.0000
vn 0.0000 0.0000 1.0000
vn 0.0000 -1.0000 0.0000
vn 0.0000 -1.0000 0.0000
vn 0.0000 1.0000 0.0000
vn 0.0000 1.0000 0.0000
vn 0.0000 0.0000 -1.0000
vn 0.0000 0.0000 -1.0000
vn 1.0000 0.0000 -0.0000
vn 1.0000 0.0000 0.0000
vn 0.0000 0.0000 1.0000
vn 0.0000 0.0000 1.0000
vn 0.0000 -1.0000 0.0000
vn 0.0000 -1.0000 0.0000
vn 0.0000 1.0000 0.0000
vn 0.0000 1.0000 0.0000
vn 0.0000 0.0000 -1.0000
vn 0.0000 0.0000 -1.0000
vn 1.0000 0.0000 -0.0000
vn 1.0000 0.0000 0.0000
vn 0.0000 0.0000 1.0000
vn 0.0000 0.0000 1.0000
vn 0.0000 -1.0000 0.0000
vn 0.0000 -1.0000 0.0000
vn 0.0000 1.0000 0.0000
vn 0.0000 1.0000 0.0000
vn 0.0000 0.0000 -1.0000
vn 0.0000 0.0000 -1.0000
vn 1.0000 0.0000 -0.0000
vn 1.0000 0.0000 0.0000
vn 0.0000 0.0000 1.0000
vn 0.0000 0.0000 1.0000
vn 0.0000 -1.0000 0.0000
vn 0.0000 -1.0000 0.0000
vn 0.0000 1.0000 0.0000
vn 0.0000 1.0000 0.0000
vn 0.0000 0.0000 -1.0000
vn 0.0000 0.0000 -1.0000
vn 1.0000 0.0000 -0.0000
vn 1.0000 0.0000 0.0000
vn 0.0000 0.0000 1.0000
vn 0.0000 0.0000 1.0000
vn 0.0000 -1.0000 0.0000
vn 0.0000 -1.0000 0.0000
vn 0.0000 1.0000 0.0000
vn 0.0000 1.0000 0.0000
vn 0.0000 0.0000 -1.0000
vn 0.0000 0.0000 -1.0000
vn 1.0000 0.0000 -0.0000
vn 1.0000 0.0000 0.0000
vn 0.0000 0.0000 1.0000
vn 0.0000 0.0000 1.0000
vn 0.0000 -1.0000 0.0000
vn 0.0000 -1.0000 0.0000
vn 0.0000 1.0000 0.0000
vn 0.0000 1.0000 0.0000
vn 0.0000 0.0000 -1.0000
vn 0.0000 0.0000 -1.0000
vn 1.0000 0.0000 -0.0000
vn 1.0000 0.0000 0.0000
vn 0.0000 0.0000 1.0000
vn 0.0000 0.0000 1.0000
vn 0.0000 -1.0000 0.0000
vn 0.0000 -1.0000 0.0000
vn 0.0000 1.0000 0.0000
vn 0.0000 1.0000 0.0000
vn 0.0000 0.0000 -1.0000
vn 0.0000 0.0000 -1.0000
vn 1.0000 0.0000 -0.0000
vn 1.0000 0.0000 0.0000
vn 0.0000 0.0000 1.0000
vn 0.0000 0.0000 1.0000
vn 0.0000 -1.0000 0.0000
vn 0.0000 -1.0000 0.0000
vn 0.0000 1.0000 0.0000
vn 0.0000 1.0000 0.0000
vn 0.0000 0.0000 -1.0000
vn 0.0000 0.0000 -1.0000
vn 1.0000 0.0000 -0.0000
vn 1.0000 0.0000 0.0000
vn 0.0000 0.0000 1.0000
vn 0.0000 0.0000 1.0000
vn 0.0000 -1.0000 0.0000
vn 0.0000 -1.0000 0.0000
vn 0.0000 1.0000 0.0000
vn 0.0000 1.0000 0.0000
vn 0.0000 0.0000 -1.0000
vn 0.0000 0.0000 -1.0000
vn 1.0000 0.0000 -0.0000
vn 1.0000 0.0000 0.0000
vn 0.0000 0.0000 1.0000
vn 0.0000 0.0000 1.0000
vn 0.0000 -1.0000 0.0000
vn 0.0000 -1.0000 0.0000
vn 0.0000 1.0000 0.0000
vn 0.0000 1.0000 0.0000
vn 0.0000 0.0000 -1.0000
vn 0.0000 0.0000 -1.0000
vn 1.0000 0.0000 -0.0000
vn 1.0000 0.0000 0.0000
vn 0.0000 0.0000 1.0000
vn 0.0000 0.0000 1.0000
vn 0.0000 -1.0000 0.0000
vn 0.0000 -1.0000 0.0000
vn 0.0000 1.0000 0.0000
vn 0.0000 1.0000 0.0000
vn 0.0000 0.0000 -1.0000
vn 0.0000 0.0000 -1.0000
vn 1.0000 0.0000 -0.0000
vn 1.0000 0.0000 0.0000
vn 0.0000 0.0000 1.0000
vn 0.0000 0.0000 1.0000
vn 0.0000 -1.0000 0.0000
vn 0.0000 -1.0000 0.0000
vn 0.0000 1.0000 0.0000
vn 0.0000 1.0000 0.0000
vn 0.0000 0.0000 -1.0000
vn 0.0000 0.0000 -1.0000
vn 1.0000 0.0000 -0.0000
vn 1.0000 0.0000 0.0000
vn 0.0000 0.0000 1.0000
vn 0.0000 0.0000 1.0000
vn 0.0000 -1.0000 0.0000
vn 0.0000 -1.0000 0.0000
vn 0.0000 1.0000 0.0000
vn 0.0000 1.0000 0.0000
vn 0.0000 0.0000 -1.0000
vn 0.0000 0.0000 -1.0000
vn 1.0000 0.0000 -0.0000
vn 1.0000 0.0000 0.0000
vn 0.0000 0.0000 1.0000
vn 0.0000 0.0000 1.0000
vn 0.0000 -1.0000 0.0000
vn 0.0000 -1.0000 0.0000
vn 0.0000 1.0000 0.0000
vn 0.0000 1.0000 0.0000
vn 0.0000 0.0000 -1.0000
vn 0.0000 0.0000 -1.0000
vn 1.0000 0.0000 0.0000
vn 1.0000 0.0000 0.0000
vn 0.0000 0.0000 1.0000
vn 0.0000 0.0000 1.0000
vn 0.0000 -1.0000 0.0000
vn 0.0000 -1.0000 0.0000
vn 0.0000 1.0000 0.0000
vn 0.0000 1.0000 0.0000
vn 0.0000 0.0000 -1.0000
vn 0.0000 0.0000 -1.0000
vn 1.0000 0.0000 -0.0000
vn 1.0000 0.0000 0.0000
vn 0.0000 0.0000 1.0000
vn 0.0000 0.0000 1.0000
vn 0.0000 -1.0000 0.0000
vn 0.0000 -1.0000 0.0000
vn 0.0000 1.0000 0.0000
vn 0.0000 1.0000 0.0000
vn 0.0000 0.0000 -1.0000
vn 0.0000 0.0000 -1.0000
vn 1.0000 0.0000 -0.0000
vn 1.0000 0.0000 0.0000
vn 0.0000 0.0000 1.0000
vn 0.0000 0.0000 1.0000
vn 0.0000 -1.0000 0.0000
vn 0.0000 -1.0000 0.0000
vn 0.0000 1.0000 0.0000
vn 0.0000 1.0000 0.0000
vn 0.0000 0.0000 -1.0000
vn 0.0000 0.0000 -1.0000
vn 1.0000 0.0000 -0.0000
vn 1.0000 0.0000 0.0000
vn 0.0000 0.0000 1.0000
vn 0.0000 0.0000 1.0000
vn 0.0000 -1.0000 0.0000
vn 0.0000 -1.0000 0.0000
vn 0.0000 1.0000 0.0000
vn 0.0000 1.0000 0.0000
vn 0.0000 0.0000 -1.0000
vn 0.0000 0.0000 -1.0000
vn 1.0000 0.0000 -0.0000
vn 1.0000 0.0000 0.0000
vn 0.0000 0.0000 1.0000
vn 0.0000 0.0000 1.0000
vn 0.0000 -1.0000 0.0000
vn 0.0000 -1.0000 0.0000
vn 0.0000 1.0000 0.0000
vn 0.0000 1.0000 0.0000
vn 0.0000 0.0000 -1.0000
vn 0.0000 0.0000 -1.0000
vn 1.0000 0.0000 -0.0000
vn 1.0000 0.0000 0.0000
vn 0.0000 0.0000 1.0000
vn 0.0000 0.0000 1.0000
vn 0.0000 -1.0000 0.0000
vn 0.0000 -1.0000 0.0000
vn 0.0000 1.0000 0.0000
vn 0.0000 1.0000 0.0000
vn 0.0000 0.0000 -1.0000
vn 0.0000 0.0000 -1.0000
vn 1.0000 0.0000 -0.0000
vn 1.0000 0.0000 0.0000
vn 0.0000 0.0000 1.0000
vn 0.0000 0.0000 1.0000
vn 0.0000 -1.0000 0.0000
vn 0.0000 -1.0000 0.0000
vn 0.0000 1.0000 0.0000
vn 0.0000 1.0000 0.0000
vn 0.0000 0.0000 -1.0000
vn 0.0000 0.0000 -1.0000
vn 1.0000 0.0000 -0.0000
vn 1.0000 0.0000 0.0000
vn 0.0000 0.0000 1.0000
vn 0.0000 0.0000 1.0000
vn 0.0000 -1.0000 0.0000
vn 0.0000 -1.0000 0.0000
vn 0.0000 1.0000 0.0000
vn 0.0000 1.0000 0.0000
vn 0.0000 0.0000 -1.0000
vn 0.0000 0.0000 -1.0000
vn 1.0000 0.0000 -0.0000
vn 1.0000 0.0000 0.0000
vn 0.0000 0.0000 1.0000
vn 0.0000 0.0000 1.0000
vn 0.0000 -1.0000 0.0000
vn 0.0000 -1.0000 0.0000
vn 0.0000 1.0000 0.0000
vn 0.0000 1.0000 0.0000
vn 0.0000 0.0000 -1.0000
vn 0.0000 0.0000 -1.0000
vn 1.0000 0.0000 -0.0000
vn 1.0000 0.0000 0.0000
vn 0.0000 0.0000 1.0000
vn 0.0000 0.0000 1.0000
vn 0.0000 -1.0000 0.0000
vn 0.0000 -1.0000 0.0000
vn 0.0000 1.0000 0.0000
vn 0.0000 1.0000 0.0000
vn 0.0000 0.0000 -1.0000
vn 0.0000 0.0000 -1.0000
vn 1.0000 0.0000 -0.0000
vn 1.0000 0.0000 0.0000
vn 0.0000 0.0000 1.0000
vn 0.0000 0.0000 1.0000
vn 0.0000 -1.0000 0.0000
vn 0.0000 -1.0000 0.0000
vn 0.0000 1.0000 0.0000
vn 0.0000 1.0000 0.0000
vn 0.0000 0.0000 -1.0000
vn 0.0000 0.0000 -1.0000
vn 1.0000 0.0000 -0.0000
vn 1.0000 0.0000 0.0000
vn 0.0000 0.0000 1.0000
vn 0.0000 0.0000 1.0000
vn 0.0000 -1.0000 0.0000
vn 0.0000 -1.0000 0.0000
vn 0.0000 1.0000 0.0000
vn 0.0000 1.0000 0.0000
vn 0.0000 0.0000 1.0000
vn 0.0000 0.0000 1.0000
vn -1.0000 0.0000 -0.0000
vn -1.0000 -0.0000 0.0000
vn 0.0000 0.0000 -1.0000
vn 0.0000 0.0000 -1.0000
vn -0.0000 -1.0000 0.0000
vn 0.0000 -1.0000 -0.0000
vn 0.0000 1.0000 0.0000
vn 0.0000 1.0000 0.0000
vn 0.0000 0.0000 1.0000
vn 0.0000 0.0000 1.0000
vn -1.0000 0.0000 -0.0000
vn -1.0000 -0.0000 0.0000
vn 0.0000 0.0000 -1.0000
vn 0.0000 0.0000 -1.0000
vn -0.0000 -1.0000 0.0000
vn 0.0000 -1.0000 -0.0000
vn 0.0000 1.0000 0.0000
vn 0.0000 1.0000 0.0000
vn 0.0000 0.0000 1.0000
vn 0.0000 0.0000 1.0000
vn -1.0000 0.0000 -0.0000
vn -1.0000 -0.0000 0.0000
vn 0.0000 0.0000 -1.0000
vn 0.0000 0.0000 -1.0000
vn -0.0000 -1.0000 0.0000
vn 0.0000 -1.0000 -0.0000
vn 0.0000 1.0000 0.0000
vn 0.0000 1.0000 0.0000
vn 0.0000 0.0000 1.0000
vn 0.0000 0.0000 1.0000
vn -1.0000 0.0000 -0.0000
vn -1.0000 -0.0000 0.0000
vn 0.0000 0.0000 -1.0000
vn 0.0000 0.0000 -1.0000
vn -0.0000 -1.0000 0.0000
vn 0.0000 -1.0000 -0.0000
vn 0.0000 1.0000 0.0000
vn 0.0000 1.0000 0.0000
vn 0.0000 0.0000 1.0000
vn 0.0000 0.0000 1.0000
vn -1.0000 0.0000 -0.0000
vn -1.0000 -0.0000 0.0000
vn 0.0000 0.0000 -1.0000
vn 0.0000 0.0000 -1.0000
vn -0.0000 -1.0000 0.0000
vn 0.0000 -1.0000 -0.0000
vn 0.0000 1.0000 0.0000
vn 0.0000 1.0000 0.0000
vn 0.0000 0.0000 1.0000
vn 0.0000 0.0000 1.0000
vn -1.0000 0.0000 -0.0000
vn -1.0000 -0.0000 0.0000
vn 0.0000 0.0000 -1.0000
vn 0.0000 0.0000 -1.0000
vn -0.0000 -1.0000 0.0000
vn 0.0000 -1.0000 -0.0000
vn 0.0000 1.0000 0.0000
vn 0.0000 1.0000 0.0000
vn 0.0000 0.0000 1.0000
vn 0.0000 0.0000 1.0000
vn -1.0000 0.0000 -0.0000
vn -1.0000 -0.0000 0.0000
vn 0.0000 0.0000 -1.0000
vn 0.0000 0.0000 -1.0000
vn -0.0000 -1.0000 0.0000
vn 0.0000 -1.0000 -0.0000
vn 0.0000 1.0000 0.0000
vn 0.0000 1.0000 0.0000
vn 0.0000 0.0000 1.0000
vn 0.0000 0.0000 1.0000
vn -1.0000 0.0000 -0.0000
vn -1.0000 -0.0000 0.0000
vn 0.0000 0.0000 -1.0000
vn 0.0000 0.0000 -1.0000
vn -0.0000 -1.0000 0.0000
vn 0.0000 -1.0000 -0.0000
vn 0.0000 1.0000 0.0000
vn 0.0000 1.0000 0.0000
vn 0.0000 0.0000 1.0000
vn 0.0000 0.0000 1.0000
vn -1.0000 0.0000 -0.0000
vn -1.0000 -0.0000 0.0000
vn 0.0000 0.0000 -1.0000
vn 0.0000 0.0000 -1.0000
vn -0.0000 -1.0000 0.0000
vn 0.0000 -1.0000 -0.0000
vn 0.0000 1.0000 0.0000
vn 0.0000 1.0000 0.0000
vn 0.0000 0.0000 1.0000
vn 0.0000 0.0000 1.0000
vn -1.0000 0.0000 0.0000
vn -1.0000 0.0000 0.0000
vn 0.0000 0.0000 -1.0000
vn 0.0000 0.0000 -1.0000
vn -0.0000 -1.0000 0.0000
vn 0.0000 -1.0000 -0.0000
vn 0.0000 1.0000 0.0000
vn 0.0000 1.0000 0.0000
vn 0.0000 0.0000 1.0000
vn 0.0000 0.0000 1.0000
vn -1.0000 0.0000 -0.0000
vn -1.0000 -0.0000 0.0000
vn 0.0000 0.0000 -1.0000
vn 0.0000 0.0000 -1.0000
vn -0.0000 -1.0000 0.0000
vn 0.0000 -1.0000 -0.0000
vn 0.0000 1.0000 0.0000
vn 0.0000 1.0000 0.0000
vn 0.0000 0.0000 1.0000
vn 0.0000 0.0000 1.0000
vn -1.0000 0.0000 -0.0000
vn -1.0000 -0.0000 0.0000
vn 0.0000 0.0000 -1.0000
vn 0.0000 0.0000 -1.0000
vn -0.0000 -1.0000 0.0000
vn 0.0000 -1.0000 -0.0000
vn 0.0000 1.0000 0.0000
vn 0.0000 1.0000 0.0000
vn 0.0000 0.0000 1.0000
vn 0.0000 0.0000 1.0000
vn -1.0000 0.0000 -0.0000
vn -1.0000 -0.0000 0.0000
vn 0.0000 0.0000 -1.0000
vn 0.0000 0.0000 -1.0000
vn -0.0000 -1.0000 0.0000
vn 0.0000 -1.0000 -0.0000
vn 0.0000 1.0000 0.0000
vn 0.0000 1.0000 0.0000
vn 0.0000 0.0000 1.0000
vn 0.0000 0.0000 1.0000
vn -1.0000 0.0000 -0.0000
vn -1.0000 -0.0000 0.0000
vn 0.0000 0.0000 -1.0000
vn 0.0000 0.0000 -1.0000
vn -0.0000 -1.0000 0.0000
vn 0.0000 -1.0000 -0.0000
vn 0.0000 1.0000 0.0000
vn 0.0000 1.0000 0.0000
vn 0.0000 0.0000 1.0000
vn 0.0000 0.0000 1.0000
vn -1.0000 0.0000 -0.0000
vn -1.0000 -0.0000 0.0000
vn 0.0000 0.0000 -1.0000
vn 0.0000 0.0000 -1.0000
vn -0.0000 -1.0000 0.0000
vn 0.0000 -1.0000 -0.0000
vn 0.0000 1.0000 0.0000
vn 0.0000 1.0000 0.0000
vn 0.0000 0.0000 1.0000
vn 0.0000 0.0000 1.0000
vn -1.0000 0.0000 -0.0000
vn -1.0000 -0.0000 0.0000
vn 0.0000 0.0000 -1.0000
vn 0.0000 0.0000 -1.0000
vn -0.0000 -1.0000 0.0000
vn 0.0000 -1.0000 -0.0000
vn 0.0000 1.0000 0.0000
vn 0.0000 1.0000 0.0000
vn 0.0000 0.0000 1.0000
vn 0.0000 0.0000 1.0000
vn -1.0000 0.0000 -0.0000
vn -1.0000 -0.0000 0.0000
vn 0.0000 0.0000 -1.0000
vn 0.0000 0.0000 -1.0000
vn -0.0000 -1.0000 0.0000
vn 0.0000 -1.0000 -0.0000
vn 0.0000 1.0000 0.0000
vn 0.0000 1.0000 0.0000
vn 0.0000 0.0000 1.0000
vn 0.0000 0.0000 1.0000
vn -1.0000 0.0000 -0.0000
vn -1.0000 -0.0000 0.0000
vn 0.0000 0.0000 -1.0000
vn 0.0000 0.0000 -1.0000
vn -0.0000 -1.0000 0.0000
vn 0.0000 -1.0000 -0.0000
vn 0.0000 1.0000 0.0000
vn 0.0000 1.0000 0.0000
vn 0.0000 0.0000 1.0000
vn 0.0000 0.0000 1.0000
vn -1.0000 0.0000 -0.0000
vn -1.0000 -0.0000 0.0000
vn 0.0000 0.0000 -1.0000
vn 0.0000 0.0000 -1.0000
vn -0.0000 -1.0000 0.0000
vn 0.0000 -1.0000 -0.0000
vn 0.0000 1.0000 0.0000
vn 0.0000 1.0000 0.0000
vn 0.0000 0.0000 1.0000
vn 0.0000 0.0000 1.0000
vn -1.0000 0.0000 -0.0000
vn -1.0000 -0.0000 0.0000
vn 0.0000 0.0000 -1.0000
vn 0.0000 0.0000 -1.0000
vn -0.0000 -1.0000 0.0000
vn 0.0000 -1.0000 -0.0000
vn 0.0000 1.0000 0.0000
vn 0.0000 1.0000 0.0000
vn 0.0000 0.0000 1.0000
vn 0.0000 0.0000 1.0000
vn -1.0000 0.0000 -0.0000
vn -1.0000 -0.0000 0.0000
vn 0.0000 0.0000 -1.0000
vn 0.0000 0.0000 -1.0000
vn -0.0000 -1.0000 0.0000
vn 0.0000 -1.0000 -0.0000
vn 0.0000 1.0000 0.0000
vn 0.0000 1.0000 0.0000
vn 0.0000 0.0000 1.0000
vn 0.0000 0.0000 1.0000
vn -1.0000 0.0000 -0.0000
vn -1.0000 -0.0000 0.0000
vn 0.0000 0.0000 -1.0000
vn 0.0000 0.0000 -1.0000
vn -0.0000 -1.0000 0.0000
vn 0.0000 -1.0000 -0.0000
vn 0.0000 1.0000 0.0000
vn 0.0000 1.0000 0.0000
vn 0.0000 0.0000 1.0000
vn 0.0000 0.0000 1.0000
vn -1.0000 0.0000 -0.0000
vn -1.0000 -0.0000 0.0000
vn 0.0000 0.0000 -1.0000
vn 0.0000 0.0000 -1.0000
vn -0.0000 -1.0000 0.0000
vn 0.0000 -1.0000 -0.0000
vn 0.0000 1.0000 0.0000
vn 0.0000 1.0000 0.0000
vn 0.0000 0.0000 1.0000
vn 0.0000 0.0000 1.0000
vn -1.0000 0.0000 -0.0000
vn -1.0000 -0.0000 0.0000
vn 0.0000 0.0000 -1.0000
vn 0.0000 0.0000 -1.0000
vn -0.0000 -1.0000 0.0000
vn 0.0000 -1.0000 -0.0000
vn 0.0000 1.0000 0.0000
vn 0.0000 1.0000 0.0000
vn 0.0000 0.0000 1.0000
vn 0.0000 0.0000 1.0000
vn -1.0000 0.0000 -0.0000
vn -1.0000 -0.0000 0.0000
vn 0.0000 0.0000 -1.0000
vn 0.0000 0.0000 -1.0000
vn -0.0000 -1.0000 0.0000
vn 0.0000 -1.0000 -0.0000
vn 0.0000 1.0000 0.0000
vn 0.0000 1.0000 0.0000
vn 0.0000 0.0000 1.0000
vn 0.0000 0.0000 1.0000
vn -1.0000 0.0000 -0.0000
vn -1.0000 -0.0000 0.0000
vn 0.0000 0.0000 -1.0000
vn 0.0000 0.0000 -1.0000
vn -0.0000 -1.0000 0.0000
vn 0.0000 -1.0000 -0.0000
vn 0.0000 1.0000 0.0000
vn 0.0000 1.0000 0.0000
vn 0.0000 0.0000 1.0000
vn 0.0000 0.0000 1.0000
vn -1.0000 0.0000 -0.0000
vn -1.0000 -0.0000 0.0000
vn 0.0000 0.0000 -1.0000
vn 0.0000 0.0000 -1.0000
vn -0.0000 -1.0000 0.0000
vn 0.0000 -1.0000 -0.0000
vn 0.0000 1.0000 0.0000
vn 0.0000 1.0000 0.0000
vn 0.0000 0.0000 1.0000
vn 0.0000 0.0000 1.0000
vn -1.0000 0.0000 -0.0000
vn -1.0000 -0.0000 0.0000
vn 0.0000 0.0000 -1.0000
vn 0.0000 0.0000 -1.0000
vn -0.0000 -1.0000 0.0000
vn 0.0000 -1.0000 -0.0000
vn 0.0000 1.0000 0.0000
vn 0.0000 1.0000 0.0000
vn 0.0000 0.0000 1.0000
vn 0.0000 0.0000 1.0000
vn -1.0000 0.0000 -0.0000
vn -1.0000 -0.0000 0.0000
vn 0.0000 0.0000 -1.0000
vn 0.0000 0.0000 -1.0000
vn -0.0000 -1.0000 0.0000
vn 0.0000 -1.0000 -0.0000
vn -0.0000 1.0000 0.0000
vn 0.0000 1.0000 0.0000
vn 0.0000 0.0000 -1.0000
vn 0.0000 0.0000 -1.0000
vn 1.0000 0.0000 -0.0000
vn 1.0000 0.0000 0.0000
vn 0.0000 0.0000 1.0000
vn 0.0000 0.0000 1.0000
vn -1.0000 0.0000 -0.0000
vn -1.0000 -0.0000 0.0000
vn 0.0000 -1.0000 0.0000
vn 0.0000 -1.0000 0.0000
vn -0.0000 1.0000 0.0000
vn 0.0000 1.0000 0.0000
vn 0.0000 0.0000 -1.0000
vn 0.0000 0.0000 -1.0000
vn 1.0000 0.0000 -0.0000
vn 1.0000 0.0000 0.0000
vn 0.0000 0.0000 1.0000
vn 0.0000 0.0000 1.0000
vn -1.0000 0.0000 -0.0000
vn -1.0000 -0.0000 0.0000
vn 0.0000 -1.0000 0.0000
vn 0.0000 -1.0000 0.0000
vn -0.0000 1.0000 0.0000
vn 0.0000 1.0000 0.0000
vn 0.0000 0.0000 -1.0000
vn 0.0000 0.0000 -1.0000
vn 1.0000 0.0000 -0.0000
vn 1.0000 0.0000 0.0000
vn 0.0000 0.0000 1.0000
vn 0.0000 0.0000 1.0000
vn -1.0000 0.0000 -0.0000
vn -1.0000 -0.0000 0.0000
vn 0.0000 -1.0000 0.0000
vn 0.0000 -1.0000 0.0000
vn -0.0000 1.0000 0.0000
vn 0.0000 1.0000 0.0000
vn 0.0000 0.0000 -1.0000
vn 0.0000 0.0000 -1.0000
vn 1.0000 0.0000 -0.0000
vn 1.0000 0.0000 0.0000
vn 0.0000 0.0000 1.0000
vn 0.0000 0.0000 1.0000
vn -1.0000 0.0000 -0.0000
vn -1.0000 -0.0000 0.0000
vn 0.0000 -1.0000 0.0000
vn 0.0000 -1.0000 0.0000
vn -0.0000 1.0000 0.0000
vn 0.0000 1.0000 0.0000
vn 0.0000 0.0000 -1.0000
vn 0.0000 0.0000 -1.0000
vn 1.0000 0.0000 -0.0000
vn 1.0000 0.0000 0.0000
vn 0.0000 0.0000 1.0000
vn 0.0000 0.0000 1.0000
vn -1.0000 0.0000 -0.0000
vn -1.0000 -0.0000 0.0000
vn 0.0000 -1.0000 0.0000
vn 0.0000 -1.0000 0.0000
vn -0.0000 1.0000 0.0000
vn 0.0000 1.0000 0.0000
vn 0.0000 0.0000 -1.0000
vn 0.0000 0.0000 -1.0000
vn 1.0000 0.0000 -0.0000
vn 1.0000 0.0000 0.0000
vn 0.0000 0.0000 1.0000
vn 0.0000 0.0000 1.0000
vn -1.0000 0.0000 -0.0000
vn -1.0000 -0.0000 0.0000
vn 0.0000 -1.0000 0.0000
vn 0.0000 -1.0000 0.0000
vn -0.0000 1.0000 0.0000
vn 0.0000 1.0000 0.0000
vn 0.0000 0.0000 -1.0000
vn 0.0000 0.0000 -1.0000
vn 1.0000 0.0000 -0.0000
vn 1.0000 0.0000 0.0000
vn 0.0000 0.0000 1.0000
vn 0.0000 0.0000 1.0000
vn -1.0000 0.0000 -0.0000
vn -1.0000 -0.0000 0.0000
vn 0.0000 -1.0000 0.0000
vn 0.0000 -1.0000 0.0000
vn 1.0000 0.0000 0.0000
vn -1.0000 0.0000 -0.0000
vn -0.0000 -1.0000 0.0000
vn 0.0000 -1.0000 -0.0000
vn 0.0000 0.7809 -0.6247
vn 0.0000 0.7809 -0.6247
vn -0.0000 0.7809 0.6247
vn 0.0000 0.7809 0.6247
vn 1.0000 0.0000 0.0000
vn -1.0000 0.0000 -0.0000
vn -0.0000 -1.0000 0.0000
vn 0.0000 -1.0000 -0.0000
vn 0.0000 0.7809 -0.6247
vn 0.0000 0.7809 -0.6247
vn -0.0000 0.7809 0.6247
vn 0.0000 0.7809 0.6247
vn -0.0000 -0.7809 -0.6247
vn 0.0000 -0.7809 -0.6247
vn 0.0000 0.6247 -0.7809
vn 0.0000 0.6247 -0.7809
vn 1.0000 0.0000 0.0000
vn 1.0000 0.0000 0.0000
vn -1.0000 0.0000 0.0000
vn -1.0000 0.0000 0.0000
vn 0.0000 -0.6247 0.7809
vn 0.0000 -0.6247 0.7809
vn 0.0000 0.7809 0.6247
vn 0.0000 0.7809 0.6247
vn -0.0000 -0.7809 -0.6247
vn 0.0000 -0.7809 -0.6247
vn -1.0000 0.0000 0.0000
vn -1.0000 0.0000 0.0000
vn 0.0000 0.6247 -0.7809
vn 0.0000 0.6247 -0.7809
vn 0.0000 -0.6247 0.7809
vn 0.0000 -0.6247 0.7809
vn 0.0000 0.7809 0.6247
vn 0.0000 0.7809 0.6247
vn 1.0000 0.0000 0.0000
vn 1.0000 0.0000 -0.0000
vn 1.0000 0.0000 0.0000
vn 1.0000 0.0000 0.0000
vn 0.0000 -0.0000 1.0000
vn 0.0000 0.0000 1.0000
vn 0.0000 1.0000 0.0000
vn 0.0000 1.0000 0.0000
vn 0.0000 -0.0000 -1.0000
vn -0.0000 0.0000 -1.0000
vn 0.0000 -1.0000 0.0000
vn 0.0000 -1.0000 0.0000
vn -1.0000 0.0000 -0.0000
vn -1.0000 -0.0000 0.0000
vn 0.0000 -0.6247 0.7809
vn 0.0000 -0.6247 0.7809
vn -1.0000 0.0000 0.0000
vn -1.0000 0.0000 0.0000
vn -0.0000 0.7809 0.6247
vn 0.0000 0.7809 0.6247
vn 1.0000 0.0000 0.0000
vn 1.0000 0.0000 0.0000
vn -0.0000 -0.7809 -0.6247
vn 0.0000 -0.7809 -0.6247
vn 0.0000 0.6247 -0.7809
vn 0.0000 0.6247 -0.7809
vn 0.0000 -0.6247 0.7809
vn 0.0000 -0.6247 0.7809
vn -1.0000 0.0000 0.0000
vn -1.0000 0.0000 0.0000
vn -0.0000 0.7809 0.6247
vn 0.0000 0.7809 0.6247
vn 1.0000 0.0000 0.0000
vn 1.0000 0.0000 0.0000
vn -0.0000 -0.7809 -0.6247
vn 0.0000 -0.7809 -0.6247
vn 0.0000 0.6247 -0.7809
vn 0.0000 0.6247 -0.7809
vn 1.0000 0.0000 0.0000
vn 1.0000 0.0000 0.0000
vn 0.0000 -0.0000 1.0000
vn 0.0000 0.0000 1.0000
vn 0.0000 1.0000 0.0000
vn 0.0000 1.0000 0.0000
vn 0.0000 -0.0000 -1.0000
vn -0.0000 0.0000 -1.0000
vn 0.0000 -1.0000 0.0000
vn 0.0000 -1.0000 0.0000
vn -1.0000 0.0000 -0.0000
vn -1.0000 -0.0000 0.0000
vn 0.0000 -0.6247 0.7809
vn 0.0000 -0.6247 0.7809
vn -1.0000 0.0000 0.0000
vn -1.0000 0.0000 0.0000
vn -0.0000 0.7809 0.6247
vn 0.0000 0.7809 0.6247
vn 1.0000 0.0000 0.0000
vn 1.0000 0.0000 0.0000
vn -0.0000 -0.7809 -0.6247
vn 0.0000 -0.7809 -0.6247
vn 0.0000 0.6247 -0.7809
vn 0.0000 0.6247 -0.7809
vn 0.0000 -0.6247 0.7809
vn 0.0000 -0.6247 0.7809
vn -1.0000 0.0000 0.0000
vn -1.0000 0.0000 0.0000
vn -0.0000 0.7809 0.6247
vn 0.0000 0.7809 0.6247
vn 1.0000 0.0000 0.0000
vn 1.0000 0.0000 0.0000
vn -0.0000 -0.7809 -0.6247
vn 0.0000 -0.7809 -0.6247
vn 0.0000 0.6247 -0.7809
vn 0.0000 0.6247 -0.7809
vn 1.0000 0.0000 0.0000
vn 1.0000 0.0000 0.0000
vn 0.0000 -0.0000 1.0000
vn 0.0000 0.0000 1.0000
vn 0.0000 1.0000 0.0000
vn 0.0000 1.0000 0.0000
vn 0.0000 -0.0000 -1.0000
vn -0.0000 0.0000 -1.0000
vn 0.0000 -1.0000 0.0000
vn 0.0000 -1.0000 0.0000
vn -1.0000 0.0000 -0.0000
vn -1.0000 -0.0000 0.0000
vn 0.0000 -0.6247 0.7809
vn 0.0000 -0.6247 0.7809
vn -1.0000 0.0000 0.0000
vn -1.0000 0.0000 0.0000
vn -0.0000 0.7809 0.6247
vn 0.0000 0.7809 0.6247
vn 1.0000 0.0000 0.0000
vn 1.0000 0.0000 0.0000
vn -0.0000 -0.7809 -0.6247
vn 0.0000 -0.7809 -0.6247
vn 0.0000 0.6247 -0.7809
vn 0.0000 0.6247 -0.7809
vn 0.0000 -0.6247 0.7809
vn 0.0000 -0.6247 0.7809
vn -1.0000 0.0000 0.0000
vn -1.0000 0.0000 0.0000
vn -0.0000 0.7809 0.6247
vn 0.0000 0.7809 0.6247
vn 1.0000 0.0000 0.0000
vn 1.0000 0.0000 0.0000
vn -0.0000 -0.7809 -0.6247
vn 0.0000 -0.7809 -0.6247
vn 0.0000 0.6247 -0.7809
vn 0.0000 0.6247 -0.7809
vn 1.0000 0.0000 0.0000
vn 1.0000 0.0000 0.0000
vn 0.0000 -0.0000 1.0000
vn 0.0000 0.0000 1.0000
vn 0.0000 1.0000 0.0000
vn 0.0000 1.0000 0.0000
vn 0.0000 -0.0000 -1.0000
vn -0.0000 0.0000 -1.0000
vn 0.0000 -1.0000 0.0000
vn 0.0000 -1.0000 0.0000
vn -1.0000 0.0000 -0.0000
vn -1.0000 -0.0000 0.0000
vn 1.0000 0.0000 0.0000
vn 1.0000 0.0000 0.0000
vn 0.0000 -0.0000 1.0000
vn 0.0000 0.0000 1.0000
vn 0.0000 1.0000 0.0000
vn 0.0000 1.0000 0.0000
vn 0.0000 -0.0000 -1.0000
vn -0.0000 0.0000 -1.0000
vn 0.0000 -1.0000 0.0000
vn 0.0000 -1.0000 0.0000
vn -1.0000 0.0000 -0.0000
vn -1.0000 -0.0000 0.0000
vn 0.0000 0.6247 -0.7809
vn 0.0000 0.6247 -0.7809
vn 1.0000 0.0000 -0.0000
vn 1.0000 0.0000 0.0000
vn 0.0000 0.7809 0.6247
vn 0.0000 0.7809 0.6247
vn -1.0000 -0.0000 0.0000
vn -1.0000 0.0000 0.0000
vn 0.0000 -0.7809 -0.6247
vn 0.0000 -0.7809 -0.6247
vn 0.0000 -0.6247 0.7809
vn 0.0000 -0.6247 0.7809
vn 0.0000 0.6247 -0.7809
vn 0.0000 0.6247 -0.7809
vn 1.0000 0.0000 -0.0000
vn 1.0000 0.0000 0.0000
vn 0.0000 0.7809 0.6247
vn 0.0000 0.7809 0.6247
vn -1.0000 -0.0000 0.0000
vn -1.0000 0.0000 0.0000
vn 0.0000 -0.7809 -0.6247
vn 0.0000 -0.7809 -0.6247
vn 0.0000 -0.6247 0.7809
vn 0.0000 -0.6247 0.7809
vn 0.0000 -0.7809 -0.6247
vn 0.0000 0.7809 0.6247
vn -1.0000 -0.0000 0.0000
vn -1.0000 0.0000 -0.0000
vn 0.7071 0.4417 -0.5522
vn 0.7071 0.4417 -0.5522
vn 0.0000 -0.6247 0.7809
vn 0.0000 -0.6247 0.7809
vn 0.0000 -0.7809 -0.6247
vn -0.0000 0.7809 0.6247
vn 1.0000 0.0000 0.0000
vn 1.0000 -0.0000 0.0000
vn -0.7071 0.4417 -0.5522
vn -0.7071 0.4417 -0.5522
vn 0.0000 -0.6247 0.7809
vn 0.0000 -0.6247 0.7809
vn 0.0000 -0.7809 0.6247
vn 0.0000 -0.7809 0.6247
vn -0.0000 0.6247 0.7809
vn 0.0000 0.6247 0.7809
vn 1.0000 0.0000 0.0000
vn 1.0000 0.0000 0.0000
vn -1.0000 0.0000 0.0000
vn -1.0000 0.0000 -0.0000
vn 0.0000 -0.6247 -0.7809
vn -0.0000 -0.6247 -0.7809
vn 0.0000 0.7809 -0.6247
vn 0.0000 0.7809 -0.6247
vn 0.0000 -0.7809 0.6247
vn 0.0000 -0.7809 0.6247
vn -1.0000 -0.0000 0.0000
vn -1.0000 0.0000 0.0000
vn -0.0000 0.6247 0.7809
vn 0.0000 0.6247 0.7809
vn 0.0000 -0.6247 -0.7809
vn 0.0000 -0.6247 -0.7809
vn 0.0000 0.7809 -0.6247
vn 0.0000 0.7809 -0.6247
vn 1.0000 0.0000 0.0000
vn 1.0000 0.0000 0.0000
vn 1.0000 0.0000 0.0000
vn 1.0000 0.0000 0.0000
vn 0.0000 -0.0000 1.0000
vn 0.0000 0.0000 1.0000
vn 0.0000 1.0000 0.0000
vn 0.0000 1.0000 0.0000
vn 0.0000 -0.0000 -1.0000
vn -0.0000 0.0000 -1.0000
vn 0.0000 -1.0000 0.0000
vn 0.0000 -1.0000 0.0000
vn -1.0000 0.0000 -0.0000
vn -1.0000 -0.0000 0.0000
vn 0.0000 -0.6247 -0.7809
vn 0.0000 -0.6247 -0.7809
vn 1.0000 -0.0000 0.0000
vn 1.0000 0.0000 0.0000
vn 0.0000 0.7809 -0.6247
vn 0.0000 0.7809 -0.6247
vn -1.0000 0.0000 0.0000
vn -1.0000 0.0000 0.0000
vn 0.0000 -0.7809 0.6247
vn 0.0000 -0.7809 0.6247
vn 0.0000 0.6247 0.7809
vn 0.0000 0.6247 0.7809
vn 0.0000 -0.6247 -0.7809
vn 0.0000 -0.6247 -0.7809
vn 1.0000 -0.0000 0.0000
vn 1.0000 0.0000 0.0000
vn 0.0000 0.7809 -0.6247
vn 0.0000 0.7809 -0.6247
vn -1.0000 0.0000 0.0000
vn -1.0000 0.0000 0.0000
vn 0.0000 -0.7809 0.6247
vn 0.0000 -0.7809 0.6247
vn 0.0000 0.6247 0.7809
vn 0.0000 0.6247 0.7809
vn 1.0000 0.0000 0.0000
vn 1.0000 0.0000 0.0000
vn 0.0000 -0.0000 1.0000
vn 0.0000 0.0000 1.0000
vn 0.0000 1.0000 0.0000
vn 0.0000 1.0000 0.0000
vn 0.0000 -0.0000 -1.0000
vn -0.0000 0.0000 -1.0000
vn 0.0000 -1.0000 0.0000
vn 0.0000 -1.0000 0.0000
vn -1.0000 0.0000 -0.0000
vn -1.0000 -0.0000 0.0000
vn 0.0000 -0.6247 -0.7809
vn 0.0000 -0.6247 -0.7809
vn 1.0000 -0.0000 0.0000
vn 1.0000 0.0000 0.0000
vn 0.0000 0.7809 -0.6247
vn 0.0000 0.7809 -0.6247
vn -1.0000 0.0000 0.0000
vn -1.0000 0.0000 0.0000
vn 0.0000 -0.7809 0.6247
vn 0.0000 -0.7809 0.6247
vn 0.0000 0.6247 0.7809
vn 0.0000 0.6247 0.7809
vn 0.0000 -0.6247 -0.7809
vn 0.0000 -0.6247 -0.7809
vn 1.0000 -0.0000 0.0000
vn 1.0000 0.0000 0.0000
vn 0.0000 0.7809 -0.6247
vn 0.0000 0.7809 -0.6247
vn -1.0000 0.0000 0.0000
vn -1.0000 0.0000 0.0000
vn 0.0000 -0.7809 0.6247
vn 0.0000 -0.7809 0.6247
vn 0.0000 0.6247 0.7809
vn 0.0000 0.6247 0.7809
vn 1.0000 0.0000 0.0000
vn 1.0000 0.0000 0.0000
vn 0.0000 -0.0000 1.0000
vn 0.0000 0.0000 1.0000
vn 0.0000 1.0000 0.0000
vn 0.0000 1.0000 0.0000
vn 0.0000 -0.0000 -1.0000
vn -0.0000 0.0000 -1.0000
vn 0.0000 -1.0000 0.0000
vn 0.0000 -1.0000 0.0000
vn -1.0000 0.0000 -0.0000
vn -1.0000 -0.0000 0.0000
vn 0.0000 -0.6247 -0.7809
vn 0.0000 -0.6247 -0.7809
vn 1.0000 -0.0000 0.0000
vn 1.0000 0.0000 0.0000
vn 0.0000 0.7809 -0.6247
vn 0.0000 0.7809 -0.6247
vn -1.0000 0.0000 0.0000
vn -1.0000 0.0000 0.0000
vn 0.0000 -0.7809 0.6247
vn 0.0000 -0.7809 0.6247
vn 0.0000 0.6247 0.7809
vn 0.0000 0.6247 0.7809
vn 0.0000 -0.6247 -0.7809
vn 0.0000 -0.6247 -0.7809
vn 1.0000 -0.0000 0.0000
vn 1.0000 0.0000 0.0000
vn 0.0000 0.7809 -0.6247
vn 0.0000 0.7809 -0.6247
vn -1.0000 0.0000 0.0000
vn -1.0000 0.0000 0.0000
vn 0.0000 -0.7809 0.6247
vn 0.0000 -0.7809 0.6247
vn 0.0000 0.6247 0.7809
vn 0.0000 0.6247 0.7809
vn 1.0000 0.0000 0.0000
vn 1.0000 0.0000 0.0000
vn 0.0000 -0.0000 1.0000
vn 0.0000 0.0000 1.0000
vn 0.0000 1.0000 0.0000
vn 0.0000 1.0000 0.0000
vn 0.0000 -0.0000 -1.0000
vn -0.0000 0.0000 -1.0000
vn 0.0000 -1.0000 0.0000
vn 0.0000 -1.0000 0.0000
vn -1.0000 0.0000 -0.0000
vn -1.0000 -0.0000 0.0000
vn 1.0000 0.0000 0.0000
vn 1.0000 0.0000 0.0000
vn 0.0000 -0.0000 1.0000
vn 0.0000 0.0000 1.0000
vn 0.0000 1.0000 0.0000
vn 0.0000 1.0000 0.0000
vn 0.0000 -0.0000 -1.0000
vn -0.0000 0.0000 -1.0000
vn 0.0000 -1.0000 0.0000
vn 0.0000 -1.0000 0.0000
vn -1.0000 0.0000 -0.0000
vn -1.0000 -0.0000 0.0000
vn 0.0000 0.6247 0.7809
vn 0.0000 0.6247 0.7809
vn -1.0000 0.0000 -0.0000
vn -1.0000 0.0000 0.0000
vn 0.0000 0.7809 -0.6247
vn 0.0000 0.7809 -0.6247
vn 1.0000 0.0000 0.0000
vn 1.0000 0.0000 0.0000
vn 0.0000 -0.7809 0.6247
vn 0.0000 -0.7809 0.6247
vn 0.0000 -0.6247 -0.7809
vn 0.0000 -0.6247 -0.7809
vn 0.0000 0.6247 0.7809
vn 0.0000 0.6247 0.7809
vn -1.0000 0.0000 -0.0000
vn -1.0000 0.0000 0.0000
vn 0.0000 0.7809 -0.6247
vn 0.0000 0.7809 -0.6247
vn 1.0000 0.0000 0.0000
vn 1.0000 0.0000 0.0000
vn 0.0000 -0.7809 0.6247
vn 0.0000 -0.7809 0.6247
vn 0.0000 -0.6247 -0.7809
vn 0.0000 -0.6247 -0.7809
vn 0.0000 0.7809 -0.6247
vn 0.0000 -0.7809 0.6247
vn 0.0000 -0.6247 -0.7809
vn 0.0000 -0.6247 -0.7809
vn -1.0000 0.0000 0.0000
vn -1.0000 -0.0000 0.0000
vn 0.7071 0.4417 0.5522
vn 0.7071 0.4417 0.5522
vn 0.0000 0.7809 -0.6247
vn 0.0000 -0.7809 0.6247
vn 0.0000 -0.6247 -0.7809
vn 0.0000 -0.6247 -0.7809
vn -0.7071 0.4417 0.5522
vn -0.7071 0.4417 0.5522
vn 1.0000 -0.0000 0.0000
vn 1.0000 0.0000 0.0000
vn 0.0000 0.9511 -0.3090
vn 0.0000 0.9511 -0.3090
vn 0.0000 0.5878 -0.8090
vn 0.0000 0.5878 -0.8090
vn 0.0000 -0.0000 -1.0000
vn -0.0000 0.0000 -1.0000
vn 0.0000 -0.5878 -0.8090
vn -0.0000 -0.5878 -0.8090
vn 0.0000 -0.9511 -0.3090
vn -0.0000 -0.9511 -0.3090
vn 0.0000 -0.9511 0.3090
vn 0.0000 -0.9511 0.3090
vn 0.0000 -0.5878 0.8090
vn 0.0000 -0.5878 0.8090
vn 0.0000 -0.0000 1.0000
vn 0.0000 0.0000 1.0000
vn 0.0000 0.5878 0.8090
vn 0.0000 0.5878 0.8090
vn 0.0000 0.9511 0.3090
vn 0.0000 0.9511 0.3090
vn 1.0000 0.0000 0.0000
vn 1.0000 0.0000 0.0000
vn 1.0000 0.0000 0.0000
vn 1.0000 0.0000 0.0000
vn 1.0000 0.0000 0.0000
vn 1.0000 0.0000 0.0000
vn 1.0000 0.0000 0.0000
vn 1.0000 0.0000 0.0000
vn -1.0000 0.0000 0.0000
vn -1.0000 0.0000 0.0000
vn -1.0000 0.0000 0.0000
vn -1.0000 0.0000 0.0000
vn -1.0000 -0.0000 0.0000
vn -1.0000 0.0000 0.0000
vn -1.0000 0.0000 0.0000
vn -1.0000 0.0000 0.0000
vn 0.0000 0.9511 -0.3090
vn 0.0000 0.9511 -0.3090
vn 0.0000 0.5878 -0.8090
vn 0.0000 0.5878 -0.8090
vn 0.0000 0.0000 -1.0000
vn 0.0000 0.0000 -1.0000
vn 0.0000 -0.5878 -0.8090
vn -0.0000 -0.5878 -0.8090
vn 0.0000 -0.9511 -0.3090
vn -0.0000 -0.9511 -0.3090
vn 0.0000 -0.9511 0.3090
vn 0.0000 -0.9511 0.3090
vn 0.0000 -0.5878 0.8090
vn 0.0000 -0.5878 0.8090
vn 0.0000 -0.0000 1.0000
vn 0.0000 -0.0000 1.0000
vn 0.0000 0.5878 0.8090
vn 0.0000 0.5878 0.8090
vn 0.0000 0.9511 0.3090
vn 0.0000 0.9511 0.3090
vn 1.0000 0.0000 0.0000
vn 1.0000 0.0000 0.0000
vn 1.0000 0.0000 0.0000
vn 1.0000 0.0000 0.0000
vn 1.0000 0.0000 0.0000
vn 1.0000 0.0000 0.0000
vn 1.0000 0.0000 0.0000
vn 1.0000 0.0000 0.0000
vn -1.0000 0.0000 0.0000
vn -1.0000 0.0000 0.0000
vn -1.0000 0.0000 0.0000
vn -1.0000 0.0000 0.0000
vn -1.0000 -0.0000 0.0000
vn -1.0000 0.0000 0.0000
vn -1.0000 0.0000 0.0000
vn -1.0000 0.0000 0.0000
vn 0.0000 0.9511 -0.3090
vn 0.0000 0.9511 -0.3090
vn 0.0000 0.5878 -0.8090
vn 0.0000 0.5878 -0.8090
vn 0.0000 0.0000 -1.0000
vn 0.0000 0.0000 -1.0000
vn 0.0000 -0.5878 -0.8090
vn -0.0000 -0.5878 -0.8090
vn 0.0000 -0.9511 -0.3090
vn -0.0000 -0.9511 -0.3090
vn 0.0000 -0.9511 0.3090
vn 0.0000 -0.9511 0.3090
vn 0.0000 -0.5878 0.8090
vn 0.0000 -0.5878 0.8090
vn 0.0000 -0.0000 1.0000
vn 0.0000 -0.0000 1.0000
vn 0.0000 0.5878 0.8090
vn 0.0000 0.5878 0.8090
vn 0.0000 0.9511 0.3090
vn 0.0000 0.9511 0.3090
vn 1.0000 0.0000 0.0000
vn 1.0000 0.0000 0.0000
vn 1.0000 0.0000 0.0000
vn 1.0000 0.0000 0.0000
vn 1.0000 0.0000 0.0000
vn 1.0000 0.0000 0.0000
vn 1.0000 0.0000 0.0000
vn 1.0000 0.0000 0.0000
vn -1.0000 0.0000 0.0000
vn -1.0000 0.0000 0.0000
vn -1.0000 0.0000 0.0000
vn -1.0000 0.0000 0.0000
vn -1.0000 -0.0000 0.0000
vn -1.0000 0.0000 0.0000
vn -1.0000 0.0000 0.0000
vn -1.0000 0.0000 0.0000
vn 0.0000 0.9511 -0.3090
vn 0.0000 0.9511 -0.3090
vn 0.0000 0.5878 -0.8090
vn 0.0000 0.5878 -0.8090
vn 0.0000 0.0000 -1.0000
vn 0.0000 0.0000 -1.0000
vn 0.0000 -0.5878 -0.8090
vn -0.0000 -0.5878 -0.8090
vn 0.0000 -0.9511 -0.3090
vn -0.0000 -0.9511 -0.3090
vn 0.0000 -0.9511 0.3090
vn 0.0000 -0.9511 0.3090
vn 0.0000 -0.5878 0.8090
vn 0.0000 -0.5878 0.8090
vn 0.0000 -0.0000 1.0000
vn 0.0000 -0.0000 1.0000
vn 0.0000 0.5878 0.8090
vn 0.0000 0.5878 0.8090
vn 0.0000 0.9511 0.3090
vn 0.0000 0.9511 0.3090
vn 1.0000 0.0000 0.0000
vn 1.0000 0.0000 0.0000
vn 1.0000 0.0000 0.0000
vn 1.0000 0.0000 0.0000
vn 1.0000 0.0000 0.0000
vn 1.0000 0.0000 0.0000
vn 1.0000 0.0000 0.0000
vn 1.0000 0.0000 0.0000
vn -1.0000 0.0000 0.0000
vn -1.0000 0.0000 0.0000
vn -1.0000 0.0000 0.0000
vn -1.0000 0.0000 0.0000
vn -1.0000 -0.0000 0.0000
vn -1.0000 0.0000 0.0000
vn -1.0000 0.0000 0.0000
vn -1.0000 0.0000 0.0000
vn 0.0000 0.9511 -0.3090
vn 0.0000 0.9511 -0.3090
vn 0.0000 0.5878 -0.8090
vn 0.0000 0.5878 -0.8090
vn 0.0000 0.0000 -1.0000
vn 0.0000 0.0000 -1.0000
vn 0.0000 -0.5878 -0.8090
vn -0.0000 -0.5878 -0.8090
vn 0.0000 -0.9511 -0.3090
vn -0.0000 -0.9511 -0.3090
vn 0.0000 -0.9511 0.3090
vn 0.0000 -0.9511 0.3090
vn 0.0000 -0.5878 0.8090
vn 0.0000 -0.5878 0.8090
vn 0.0000 -0.0000 1.0000
vn 0.0000 -0.0000 1.0000
vn 0.0000 0.5878 0.8090
vn 0.0000 0.5878 0.8090
vn 0.0000 0.9511 0.3090
vn 0.0000 0.9511 0.3090
vn 1.0000 0.0000 0.0000
vn 1.0000 0.0000 0.0000
vn 1.0000 0.0000 0.0000
vn 1.0000 0.0000 0.0000
vn 1.0000 0.0000 0.0000
vn 1.0000 0.0000 0.0000
vn 1.0000 0.0000 0.0000
vn 1.0000 0.0000 0.0000
vn -1.0000 0.0000 0.0000
vn -1.0000 0.0000 0.0000
vn -1.0000 0.0000 0.0000
vn -1.0000 0.0000 0.0000
vn -1.0000 -0.0000 0.0000
vn -1.0000 0.0000 0.0000
vn -1.0000 0.0000 0.0000
vn -1.0000 0.0000 0.0000
vn 0.0000 0.9511 0.3090
vn -0.0000 0.9511 0.3090
vn 0.0000 0.5878 0.8090
vn -0.0000 0.5878 0.8090
vn 0.0000 0.0000 1.0000
vn -0.0000 0.0000 1.0000
vn 0.0000 -0.5878 0.8090
vn 0.0000 -0.5878 0.8090
vn 0.0000 -0.9511 0.3090
vn 0.0000 -0.9511 0.3090
vn 0.0000 -0.9511 -0.3090
vn 0.0000 -0.9511 -0.3090
vn 0.0000 -0.5878 -0.8090
vn 0.0000 -0.5878 -0.8090
vn 0.0000 -0.0000 -1.0000
vn 0.0000 -0.0000 -1.0000
vn 0.0000 0.5878 -0.8090
vn 0.0000 0.5878 -0.8090
vn 0.0000 0.9511 -0.3090
vn 0.0000 0.9511 -0.3090
vn -1.0000 0.0000 0.0000
vn -1.0000 -0.0000 0.0000
vn -1.0000 0.0000 0.0000
vn -1.0000 0.0000 0.0000
vn -1.0000 0.0000 0.0000
vn -1.0000 0.0000 0.0000
vn -1.0000 0.0000 0.0000
vn -1.0000 0.0000 0.0000
vn 1.0000 0.0000 0.0000
vn 1.0000 0.0000 0.0000
vn 1.0000 0.0000 0.0000
vn 1.0000 0.0000 0.0000
vn 1.0000 0.0000 0.0000
vn 1.0000 0.0000 0.0000
vn 1.0000 0.0000 0.0000
vn 1.0000 0.0000 0.0000
vn 0.0000 0.9511 -0.3090
vn 0.0000 0.9511 -0.3090
vn 0.0000 0.5878 -0.8090
vn 0.0000 0.5878 -0.8090
vn 0.0000 0.0000 -1.0000
vn 0.0000 0.0000 -1.0000
vn 0.0000 -0.5878 -0.8090
vn -0.0000 -0.5878 -0.8090
vn 0.0000 -0.9511 -0.3090
vn -0.0000 -0.9511 -0.3090
vn 0.0000 -0.9511 0.3090
vn 0.0000 -0.9511 0.3090
vn 0.0000 -0.5878 0.8090
vn 0.0000 -0.5878 0.8090
vn 0.0000 -0.0000 1.0000
vn 0.0000 -0.0000 1.0000
vn 0.0000 0.5878 0.8090
vn 0.0000 0.5878 0.8090
vn 0.0000 0.9511 0.3090
vn 0.0000 0.9511 0.3090
vn 1.0000 0.0000 0.0000
vn 1.0000 0.0000 0.0000
vn 1.0000 0.0000 0.0000
vn 1.0000 0.0000 0.0000
vn 1.0000 0.0000 0.0000
vn 1.0000 0.0000 0.0000
vn 1.0000 0.0000 0.0000
vn 1.0000 0.0000 0.0000
vn -1.0000 0.0000 0.0000
vn -1.0000 0.0000 0.0000
vn -1.0000 0.0000 0.0000
vn -1.0000 0.0000 0.0000
vn -1.0000 -0.0000 0.0000
vn -1.0000 0.0000 0.0000
vn -1.0000 0.0000 0.0000
vn -1.0000 0.0000 0.0000
vn 0.0000 0.6247 -0.7809
vn 0.0000 0.6247 -0.7809
vn 0.0000 -0.7809 -0.6247
vn 0.0000 -0.7809 -0.6247
vn 1.0000 0.0000 -0.0000
vn 1.0000 0.0000 0.0000
vn 0.0000 0.7809 0.6247
vn 0.0000 0.7809 0.6247
vn -1.0000 -0.0000 0.0000
vn -1.0000 0.0000 0.0000
vn 0.0000 -0.6247 0.7809
vn 0.0000 -0.6247 0.7809
vn -0.0000 0.7809 0.6247
vn 0.0000 0.7809 0.6247
vn 0.0000 0.7809 0.6247
vn 0.0000 0.7809 0.6247
vn 0.0000 0.7809 0.6247
vn 0.0000 0.7809 0.6247
vn 0.0000 0.7809 0.6247
vn -0.0000 0.7809 0.6247
vn -0.0000 0.7809 0.6247
vn 0.0000 0.7809 0.6247
vn -0.0000 0.7809 0.6247
vn 0.0000 0.7809 0.6247
vn -0.0000 0.7809 0.6247
vn 0.0000 0.7809 0.6247
vn -0.0000 0.7809 0.6247
vn 0.0000 0.7809 0.6247
vn -0.0000 0.7809 0.6247
vn 0.0000 0.7809 0.6247
vn 0.0000 0.7809 0.6247
vn 0.0000 0.7809 0.6247
vn 0.0000 0.7809 0.6247
vn 0.0000 0.7809 0.6247
vn 0.0000 0.7809 0.6247
vn 0.0000 0.7809 0.6247
vn -0.0000 0.7809 0.6247
vn 0.0000 0.7809 0.6247
vn 0.0000 0.7809 0.6247
vn -0.0000 0.7809 0.6247
vn -0.0000 0.7809 0.6247
vn 0.0000 0.7809 0.6247
vn 0.0000 0.7809 0.6247
vn 0.0000 0.7809 0.6247
vn 0.0000 0.7809 0.6247
vn 0.0000 0.7809 0.6247
vn 0.0000 0.7809 0.6247
vn 0.0000 0.7809 0.6247
vn -0.0000 0.7809 0.6247
vn 0.0000 0.7809 0.6247
vn -0.0000 0.7809 0.6247
vn 0.0000 0.7809 0.6247
vn 0.0000 0.7809 0.6247
vn 0.0000 0.7809 0.6247
vn 0.0000 0.7809 0.6247
vn 0.0000 0.7809 0.6247
vn 1.0000 0.0000 0.0000
vn 1.0000 0.0000 0.0000
vn 0.0000 -0.0000 1.0000
vn 0.0000 0.0000 1.0000
vn 0.0000 1.0000 0.0000
vn 0.0000 1.0000 0.0000
vn 0.0000 -0.0000 -1.0000
vn -0.0000 0.0000 -1.0000
vn 0.0000 -1.0000 0.0000
vn 0.0000 -1.0000 0.0000
vn -1.0000 0.0000 -0.0000
vn -1.0000 -0.0000 0.0000
vn 1.0000 0.0000 0.0000
vn 1.0000 0.0000 0.0000
vn 0.0000 -0.0000 1.0000
vn 0.0000 0.0000 1.0000
vn 0.0000 1.0000 0.0000
vn 0.0000 1.0000 0.0000
vn 0.0000 -0.0000 -1.0000
vn -0.0000 0.0000 -1.0000
vn 0.0000 -1.0000 0.0000
vn 0.0000 -1.0000 0.0000
vn -1.0000 0.0000 -0.0000
vn -1.0000 -0.0000 0.0000
vn 0.0000 -0.6247 0.7809
vn 0.0000 -0.6247 0.7809
vn -1.0000 0.0000 0.0000
vn -1.0000 0.0000 0.0000
vn -0.0000 0.7809 0.6247
vn 0.0000 0.7809 0.6247
vn 1.0000 0.0000 0.0000
vn 1.0000 0.0000 0.0000
vn -0.0000 -0.7809 -0.6247
vn 0.0000 -0.7809 -0.6247
vn 0.0000 0.6247 -0.7809
vn 0.0000 0.6247 -0.7809
vn 0.0237 -0.6245 0.7806
vn 0.0237 -0.6245 0.7806
vn -0.9995 0.0000 0.0304
vn -0.9995 0.0000 0.0304
vn 0.0190 0.7810 0.6242
vn 0.0190 0.7810 0.6242
vn 0.9995 -0.0000 -0.0304
vn 0.9995 -0.0000 -0.0304
vn -0.0190 -0.7810 -0.6242
vn -0.0190 -0.7810 -0.6242
vn -0.0237 0.6245 -0.7806
vn -0.0237 0.6245 -0.7806
vn 0.0243 -0.6245 0.7806
vn 0.0243 -0.6245 0.7806
vn -0.9995 -0.0000 0.0311
vn -0.9995 -0.0000 0.0311
vn 0.0194 0.7810 0.6242
vn 0.0194 0.7810 0.6242
vn 0.9995 0.0000 -0.0311
vn 0.9995 0.0000 -0.0311
vn -0.0194 -0.7810 -0.6242
vn -0.0194 -0.7810 -0.6242
vn -0.0243 0.6245 -0.7806
vn -0.0243 0.6245 -0.7806
vn 0.0339 -0.9528 0.3017
vn 0.0339 -0.9528 0.3017
vn -0.0000 0.3018 0.9534
vn -0.0000 0.3018 0.9534
vn 0.9994 0.0323 -0.0102
vn 0.9994 0.0323 -0.0102
vn 0.0000 -0.3018 -0.9534
vn 0.0000 -0.3018 -0.9534
vn -0.9994 -0.0323 0.0102
vn -0.9994 -0.0323 0.0102
vn -0.0339 0.9528 -0.3017
vn -0.0339 0.9528 -0.3017
vn 0.0499 -0.9982 0.0333
vn 0.0499 -0.9982 0.0333
vn 0.0000 0.0333 0.9994
vn 0.0000 0.0333 0.9994
vn 0.9988 0.0499 -0.0017
vn 0.9988 0.0499 -0.0017
vn -0.0000 -0.0333 -0.9994
vn -0.0000 -0.0333 -0.9994
vn -0.9988 -0.0499 0.0017
vn -0.9988 -0.0499 0.0017
vn -0.0499 0.9982 -0.0333
vn -0.0499 0.9982 -0.0333
vn 0.0000 0.0000 1.0000
vn 0.0000 0.0000 1.0000
vn 0.0000 -0.0000 1.0000
vn -0.0000 0.0000 -1.0000
vn 0.0000 0.0000 -1.0000
vn 0.0000 0.0000 -1.0000
vn 0.6866 -0.7270 0.0000
vn 0.6866 -0.7270 0.0000
vn -0.6866 -0.7270 -0.0000
vn -0.6866 -0.7270 0.0000
vn 1.0000 0.0000 0.0000
vn 1.0000 -0.0000 0.0000
vn 0.0000 1.0000 0.0000
vn 0.0000 1.0000 0.0000
vn -1.0000 0.0000 -0.0000
vn -1.0000 -0.0000 0.0000
vn 0.9511 -0.1930 0.2413
vn 0.9511 -0.1930 0.2413
vn 0.5878 -0.5054 0.6317
vn 0.5878 -0.5054 0.6317
vn 0.0000 -0.6247 0.7809
vn 0.0000 -0.6247 0.7809
vn -0.5878 -0.5054 0.6317
vn -0.5878 -0.5054 0.6317
vn -0.9511 -0.1930 0.2413
vn -0.9511 -0.1930 0.2413
vn -0.9511 0.1930 -0.2413
vn -0.9511 0.1930 -0.2413
vn -0.5878 0.5054 -0.6317
vn -0.5878 0.5054 -0.6317
vn 0.0000 0.6247 -0.7809
vn 0.0000 0.6247 -0.7809
vn 0.5878 0.5054 -0.6317
vn 0.5878 0.5054 -0.6317
vn 0.9511 0.1930 -0.2413
vn 0.9511 0.1930 -0.2413
vn 0.0000 0.7809 0.6247
vn 0.0000 0.7809 0.6247
vn 0.0000 0.7809 0.6247
vn -0.0000 0.7809 0.6247
vn -0.0000 0.7809 0.6247
vn 0.0000 0.7809 0.6247
vn 0.0000 0.7809 0.6247
vn 0.0000 0.7809 0.6247
vn 0.0000 -0.7809 -0.6247
vn 0.0000 -0.7809 -0.6247
vn -0.0000 -0.7809 -0.6247
vn -0.0000 -0.7809 -0.6247
vn -0.0000 -0.7809 -0.6247
vn -0.0000 -0.7809 -0.6247
vn 0.0000 -0.7809 -0.6247
vn -0.0000 -0.7809 -0.6247
vn 0.0000 0.7809 0.6247
vn 0.0000 0.7809 0.6247
vn -0.9511 0.1930 -0.2413
vn -0.9511 0.1930 -0.2413
vn 0.0000 -0.7809 -0.6247
vn -0.0000 -0.7809 -0.6247
vn 0.9511 -0.1930 0.2413
vn 0.9511 -0.1930 0.2413
vn 0.0000 0.7809 0.6247
vn -0.0000 0.7809 0.6247
vn -0.5878 0.5054 -0.6317
vn -0.5878 0.5054 -0.6317
vn -0.0000 -0.7809 -0.6247
vn -0.0000 -0.7809 -0.6247
vn 0.5878 -0.5054 0.6317
vn 0.5878 -0.5054 0.6317
vn 0.0000 0.7809 0.6247
vn 0.0000 0.7809 0.6247
vn 0.0000 0.6247 -0.7809
vn 0.0000 0.6247 -0.7809
vn 0.0000 -0.7809 -0.6247
vn -0.0000 -0.7809 -0.6247
vn 0.0000 -0.6247 0.7809
vn 0.0000 -0.6247 0.7809
vn 0.0000 0.7809 0.6247
vn -0.0000 0.7809 0.6247
vn 0.5878 0.5054 -0.6317
vn 0.5878 0.5054 -0.6317
vn 0.0000 -0.7809 -0.6247
vn 0.0000 -0.7809 -0.6247
vn -0.5878 -0.5054 0.6317
vn -0.5878 -0.5054 0.6317
vn -0.0000 0.7809 0.6247
vn 0.0000 0.7809 0.6247
vn 0.9511 0.1930 -0.2413
vn 0.9511 0.1930 -0.2413
vn 0.0000 -0.7809 -0.6247
vn 0.0000 -0.7809 -0.6247
vn -0.9511 -0.1930 0.2413
vn -0.9511 -0.1930 0.2413
vn -0.0000 0.7809 0.6247
vn 0.0000 0.7809 0.6247
vn 0.9511 -0.1930 0.2413
vn 0.9511 -0.1930 0.2413
vn -0.0000 -0.7809 -0.6247
vn -0.0000 -0.7809 -0.6247
vn -0.9511 0.1930 -0.2413
vn -0.9511 0.1930 -0.2413
vn 0.0000 0.7809 0.6247
vn 0.0000 0.7809 0.6247
vn 0.5878 -0.5054 0.6317
vn 0.5878 -0.5054 0.6317
vn -0.0000 -0.7809 -0.6247
vn 0.0000 -0.7809 -0.6247
vn -0.5878 0.5054 -0.6317
vn -0.5878 0.5054 -0.6317
vn 0.0000 0.7809 0.6247
vn -0.0000 0.7809 0.6247
vn 0.0000 -0.6247 0.7809
vn 0.0000 -0.6247 0.7809
vn 0.0000 -0.7809 -0.6247
vn 0.0000 -0.7809 -0.6247
vn 0.0000 0.6247 -0.7809
vn 0.0000 0.6247 -0.7809
vn -0.0000 0.7809 0.6247
vn -0.0000 0.7809 0.6247
vn -0.5878 -0.5054 0.6317
vn -0.5878 -0.5054 0.6317
vn -0.0000 -0.7809 -0.6247
vn -0.0000 -0.7809 -0.6247
vn 0.5878 0.5054 -0.6317
vn 0.5878 0.5054 -0.6317
vn -0.0000 0.7809 0.6247
vn 0.0000 0.7809 0.6247
vn -0.9511 -0.1930 0.2413
vn -0.9511 -0.1930 0.2413
vn 0.0000 -0.7809 -0.6247
vn 0.0000 -0.7809 -0.6247
vn 0.9511 0.1930 -0.2413
vn 0.9511 0.1930 -0.2413
vn -0.0000 0.7809 0.6247
vn 0.0000 0.7809 0.6247
vn 0.0000 0.6247 -0.7809
vn 0.0000 0.6247 -0.7809
vn 1.0000 0.0000 0.0000
vn 1.0000 0.0000 0.0000
vn 0.0000 -0.6247 0.7809
vn 0.0000 -0.6247 0.7809
vn -1.0000 0.0000 0.0000
vn -1.0000 0.0000 -0.0000
vn 0.0000 -0.7809 -0.6247
vn -0.0000 -0.7809 -0.6247
vn -0.0000 0.7809 0.6247
vn -0.0000 0.7809 0.6247
vn -0.8660 0.3123 -0.3904
vn -0.8660 0.3123 -0.3904
vn 0.5000 0.5410 -0.6763
vn 0.5000 0.5410 -0.6763
vn 0.8660 -0.3123 0.3904
vn 0.8660 -0.3123 0.3904
vn -0.5000 -0.5410 0.6763
vn -0.5000 -0.5410 0.6763
vn -0.0000 -0.7809 -0.6247
vn 0.0000 -0.7809 -0.6247
vn 0.0000 0.7809 0.6247
vn 0.0000 0.7809 0.6247
vn -0.8660 -0.3123 0.3904
vn -0.8660 -0.3123 0.3904
vn -0.5000 0.5410 -0.6763
vn -0.5000 0.5410 -0.6763
vn 0.8660 0.3123 -0.3904
vn 0.8660 0.3123 -0.3904
vn 0.5000 -0.5410 0.6763
vn 0.5000 -0.5410 0.6763
vn 0.0000 -0.7809 -0.6247
vn 0.0000 -0.7809 -0.6247
vn 0.0000 0.7809 0.6247
vn -0.0000 0.7809 0.6247
vn -0.0000 -0.6247 0.7809
vn -0.0000 -0.6247 0.7809
vn -1.0000 0.0000 0.0000
vn -1.0000 0.0000 -0.0000
vn 0.0000 0.6247 -0.7809
vn 0.0000 0.6247 -0.7809
vn 1.0000 0.0000 0.0000
vn 1.0000 0.0000 0.0000
vn 0.0000 -0.7809 -0.6247
vn 0.0000 -0.7809 -0.6247
vn -0.0000 0.7809 0.6247
vn -0.0000 0.7809 0.6247
vn 0.8660 -0.3123 0.3904
vn 0.8660 -0.3123 0.3904
vn -0.5000 -0.5410 0.6763
vn -0.5000 -0.5410 0.6763
vn -0.8660 0.3123 -0.3904
vn -0.8660 0.3123 -0.3904
vn 0.5000 0.5410 -0.6763
vn 0.5000 0.5410 -0.6763
vn -0.0000 -0.7809 -0.6247
vn -0.0000 -0.7809 -0.6247
vn 0.0000 0.7809 0.6247
vn 0.0000 0.7809 0.6247
vn 0.8660 0.3123 -0.3904
vn 0.8660 0.3123 -0.3904
vn 0.5000 -0.5410 0.6763
vn 0.5000 -0.5410 0.6763
vn -0.8660 -0.3123 0.3904
vn -0.8660 -0.3123 0.3904
vn -0.5000 0.5410 -0.6763
vn -0.5000 0.5410 -0.6763
vn 0.0000 -0.7809 -0.6247
vn 0.0000 -0.7809 -0.6247
vn 0.0000 -0.7809 0.6247
vn 0.0000 -0.7809 0.6247
vn 0.0000 0.6247 0.7809
vn 0.0000 0.6247 0.7809
vn -1.0000 0.0000 0.0000
vn -1.0000 0.0000 0.0000
vn 1.0000 0.0000 0.0000
vn 1.0000 0.0000 -0.0000
vn 0.0000 -0.6247 -0.7809
vn 0.0000 -0.6247 -0.7809
vn 0.0000 0.7809 -0.6247
vn 0.0000 0.7809 -0.6247
vn 0.8660 0.0000 0.5000
vn 0.8660 0.0000 0.5000
vn 0.0000 0.0000 1.0000
vn 0.0000 0.0000 1.0000
vn -0.8660 0.0000 0.5000
vn -0.8660 0.0000 0.5000
vn -0.8660 0.0000 -0.5000
vn -0.8660 -0.0000 -0.5000
vn 0.0000 0.0000 -1.0000
vn 0.0000 0.0000 -1.0000
vn 0.8660 0.0000 -0.5000
vn 0.8660 0.0000 -0.5000
vn 0.0000 1.0000 0.0000
vn 0.0000 1.0000 0.0000
vn 0.0000 1.0000 -0.0000
vn 0.0000 1.0000 0.0000
vn 0.0000 -1.0000 0.0000
vn 0.0000 -1.0000 0.0000
vn -0.0000 -1.0000 0.0000
vn 0.0000 -1.0000 0.0000
vn 0.1413 0.4478 0.8829
vn 0.1413 0.4478 0.8829
vn -0.8193 -0.4478 0.3582
vn -0.8193 -0.4478 0.3582
vn -0.1413 -0.4478 -0.8829
vn -0.1413 -0.4478 -0.8829
vn 0.8193 0.4478 -0.3582
vn 0.8193 0.4478 -0.3582
vn -0.5557 0.7740 -0.3036
vn -0.5557 0.7740 -0.3036
vn 0.5557 -0.7740 0.3036
vn 0.5557 -0.7740 0.3036
vn -0.8335 0.4478 -0.3238
vn -0.8335 0.4478 -0.3238
vn 0.1044 -0.4478 -0.8880
vn 0.1044 -0.4478 -0.8880
vn 0.8335 -0.4478 0.3238
vn 0.8335 -0.4478 0.3238
vn -0.1044 0.4478 0.8880
vn -0.1044 0.4478 0.8880
vn 0.5426 0.7740 -0.3264
vn 0.5426 0.7740 -0.3264
vn -0.5426 -0.7740 0.3264
vn -0.5426 -0.7740 0.3264
vn 0.7003 0.4478 -0.5560
vn 0.7003 0.4478 -0.5560
vn 0.7138 -0.4478 0.5385
vn 0.7138 -0.4478 0.5385
vn -0.7003 -0.4478 0.5560
vn -0.7003 -0.4478 0.5560
vn -0.7138 0.4478 -0.5385
vn -0.7138 0.4478 -0.5385
vn 0.0078 0.7740 0.6332
vn 0.0078 0.7740 0.6332
vn -0.0078 -0.7740 -0.6332
vn -0.0078 -0.7740 -0.6332
vn -0.0000 1.0000 0.0000
vn 0.0000 1.0000 0.0000
vn 0.0000 0.0000 -1.0000
vn 0.0000 0.0000 -1.0000
vn 1.0000 0.0000 -0.0000
vn 1.0000 0.0000 0.0000
vn 0.0000 0.0000 1.0000
vn 0.0000 0.0000 1.0000
vn -1.0000 0.0000 -0.0000
vn -1.0000 -0.0000 0.0000
vn 0.0000 -1.0000 0.0000
vn 0.0000 -1.0000 0.0000
vn -0.0000 1.0000 0.0000
vn 0.0000 1.0000 0.0000
vn 0.0000 0.0000 -1.0000
vn 0.0000 0.0000 -1.0000
vn 1.0000 0.0000 -0.0000
vn 1.0000 0.0000 0.0000
vn 0.0000 0.0000 1.0000
vn 0.0000 0.0000 1.0000
vn -1.0000 0.0000 -0.0000
vn -1.0000 -0.0000 0.0000
vn 0.0000 -1.0000 0.0000
vn 0.0000 -1.0000 0.0000
vn -0.0000 1.0000 0.0000
vn 0.0000 1.0000 0.0000
vn 0.0000 0.0000 -1.0000
vn 0.0000 0.0000 -1.0000
vn 1.0000 0.0000 -0.0000
vn 1.0000 0.0000 0.0000
vn 0.0000 0.0000 1.0000
vn 0.0000 0.0000 1.0000
vn -1.0000 0.0000 -0.0000
vn -1.0000 -0.0000 0.0000
vn 0.0000 -1.0000 0.0000
vn 0.0000 -1.0000 0.0000
vn -0.0000 1.0000 0.0000
vn 0.0000 1.0000 0.0000
vn 0.0000 0.0000 -1.0000
vn 0.0000 0.0000 -1.0000
vn 1.0000 0.0000 -0.0000
vn 1.0000 0.0000 0.0000
vn 0.0000 0.0000 1.0000
vn 0.0000 0.0000 1.0000
vn -1.0000 0.0000 -0.0000
vn -1.0000 -0.0000 0.0000
vn 0.0000 -1.0000 0.0000
vn 0.0000 -1.0000 0.0000
vn -0.0000 1.0000 0.0000
vn 0.0000 1.0000 0.0000
vn 0.0000 0.0000 -1.0000
vn 0.0000 0.0000 -1.0000
vn 1.0000 0.0000 -0.0000
vn 1.0000 0.0000 0.0000
vn 0.0000 0.0000 1.0000
vn 0.0000 0.0000 1.0000
vn -1.0000 0.0000 -0.0000
vn -1.0000 -0.0000 0.0000
vn -0.0000 1.0000 0.0000
vn 0.0000 1.0000 0.0000
vn 0.0000 0.0000 -1.0000
vn 0.0000 0.0000 -1.0000
vn 1.0000 0.0000 -0.0000
vn 1.0000 0.0000 0.0000
vn 0.0000 0.0000 1.0000
vn 0.0000 0.0000 1.0000
vn -1.0000 0.0000 -0.0000
vn -1.0000 -0.0000 0.0000
vn 0.0000 -1.0000 0.0000
vn 0.0000 -1.0000 0.0000
vn -0.0000 1.0000 0.0000
vn 0.0000 1.0000 0.0000
vn 0.0000 0.0000 -1.0000
vn 0.0000 0.0000 -1.0000
vn 1.0000 0.0000 -0.0000
vn 1.0000 0.0000 0.0000
vn 0.0000 0.0000 1.0000
vn 0.0000 0.0000 1.0000
vn -1.0000 0.0000 -0.0000
vn -1.0000 -0.0000 0.0000
vn 0.0000 -1.0000 0.0000
vn 0.0000 -1.0000 0.0000
vn -0.0000 1.0000 0.0000
vn 0.0000 1.0000 0.0000
vn 0.0000 0.0000 -1.0000
vn 0.0000 0.0000 -1.0000
vn 1.0000 0.0000 -0.0000
vn 1.0000 0.0000 0.0000
vn 0.0000 0.0000 1.0000
vn 0.0000 0.0000 1.0000
vn -1.0000 0.0000 -0.0000
vn -1.0000 -0.0000 0.0000
vn 0.0000 -1.0000 0.0000
vn 0.0000 -1.0000 0.0000
vn -0.0000 1.0000 0.0000
vn 0.0000 1.0000 0.0000
vn 0.0000 0.0000 -1.0000
vn 0.0000 0.0000 -1.0000
vn 1.0000 0.0000 -0.0000
vn 1.0000 0.0000 0.0000
vn 0.0000 0.0000 1.0000
vn 0.0000 0.0000 1.0000
vn -1.0000 0.0000 -0.0000
vn -1.0000 -0.0000 0.0000
vn 0.0000 -1.0000 0.0000
vn 0.0000 -1.0000 0.0000
vn 0.0000 -1.0000 0.0000
vn -0.0000 -1.0000 0.0000
vn -0.0000 -1.0000 0.0000
vn 0.0000 -1.0000 -0.0000
vn 0.0000 -1.0000 -0.0000
vn 0.0000 -1.0000 0.0000
vn 0.0000 -1.0000 0.0000
vn 0.0000 -1.0000 0.0000
vn 0.0000 -1.0000 0.0000
vn 0.0000 -1.0000 0.0000
vn 0.9305 0.2068 0.3023
vn 0.9305 0.2068 0.3023
vn 0.5751 0.2068 0.7915
vn 0.5751 0.2068 0.7915
vn 0.0000 0.2068 0.9784
vn 0.0000 0.2068 0.9784
vn -0.5751 0.2068 0.7915
vn -0.5751 0.2068 0.7915
vn -0.9305 0.2068 0.3023
vn -0.9305 0.2068 0.3023
vn -0.9305 0.2068 -0.3023
vn -0.9305 0.2068 -0.3023
vn -0.5751 0.2068 -0.7915
vn -0.5751 0.2068 -0.7915
vn 0.0000 0.2068 -0.9784
vn 0.0000 0.2068 -0.9784
vn 0.5751 0.2068 -0.7915
vn 0.5751 0.2068 -0.7915
vn 0.9305 0.2068 -0.3023
vn 0.9305 0.2068 -0.3023
vn 0.9343 0.1869 0.3036
vn 0.9343 0.1869 0.3036
vn 0.5774 0.1869 0.7948
vn 0.5774 0.1869 0.7948
vn 0.0000 0.1869 0.9824
vn 0.0000 0.1869 0.9824
vn -0.5774 0.1869 0.7948
vn -0.5774 0.1869 0.7948
vn -0.9343 0.1869 0.3036
vn -0.9343 0.1869 0.3036
vn -0.9343 0.1869 -0.3036
vn -0.9343 0.1869 -0.3036
vn -0.5774 0.1869 -0.7948
vn -0.5774 0.1869 -0.7948
vn 0.0000 0.1869 -0.9824
vn 0.0000 0.1869 -0.9824
vn 0.5774 0.1869 -0.7948
vn 0.5774 0.1869 -0.7948
vn 0.9343 0.1869 -0.3036
vn 0.9343 0.1869 -0.3036
vn 0.9510 0.0079 0.3090
vn 0.9510 0.0079 0.3090
vn 0.5878 0.0079 0.8090
vn 0.5878 0.0079 0.8090
vn 0.0000 0.0079 1.0000
vn 0.0000 0.0079 1.0000
vn -0.5878 0.0079 0.8090
vn -0.5878 0.0079 0.8090
vn -0.9510 0.0079 0.3090
vn -0.9510 0.0079 0.3090
vn -0.9510 0.0079 -0.3090
vn -0.9510 0.0079 -0.3090
vn -0.5878 0.0079 -0.8090
vn -0.5878 0.0079 -0.8090
vn 0.0000 0.0079 -1.0000
vn 0.0000 0.0079 -1.0000
vn 0.5878 0.0079 -0.8090
vn 0.5878 0.0079 -0.8090
vn 0.9510 0.0079 -0.3090
vn 0.9510 0.0079 -0.3090
vn 0.8316 -0.4851 0.2702
vn 0.8316 -0.4851 0.2702
vn 0.5140 -0.4851 0.7074
vn 0.5140 -0.4851 0.7074
vn 0.0000 -0.4851 0.8744
vn 0.0000 -0.4851 0.8744
vn -0.5140 -0.4851 0.7074
vn -0.5140 -0.4851 0.7074
vn -0.8316 -0.4851 0.2702
vn -0.8316 -0.4851 0.2702
vn -0.8316 -0.4851 -0.2702
vn -0.8316 -0.4851 -0.2702
vn -0.5140 -0.4851 -0.7074
vn -0.5140 -0.4851 -0.7074
vn 0.0000 -0.4851 -0.8744
vn 0.0000 -0.4851 -0.8744
vn 0.5140 -0.4851 -0.7074
vn 0.5140 -0.4851 -0.7074
vn 0.8316 -0.4851 -0.2702
vn 0.8316 -0.4851 -0.2702
vn 0.8709 -0.4019 0.2830
vn 0.8709 -0.4019 0.2830
vn 0.5382 -0.4019 0.7408
vn 0.5382 -0.4019 0.7408
vn 0.0000 -0.4019 0.9157
vn 0.0000 -0.4019 0.9157
vn -0.5382 -0.4019 0.7408
vn -0.5382 -0.4019 0.7408
vn -0.8709 -0.4019 0.2830
vn -0.8709 -0.4019 0.2830
vn -0.8709 -0.4019 -0.2830
vn -0.8709 -0.4019 -0.2830
vn -0.5382 -0.4019 -0.7408
vn -0.5382 -0.4019 -0.7408
vn 0.0000 -0.4019 -0.9157
vn 0.0000 -0.4019 -0.9157
vn 0.5382 -0.4019 -0.7408
vn 0.5382 -0.4019 -0.7408
vn 0.8709 -0.4019 -0.2830
vn 0.8709 -0.4019 -0.2830
vn 0.0000 1.0000 0.0000
vn 0.0000 1.0000 0.0000
vn 0.0000 1.0000 -0.0000
vn 0.0000 1.0000 0.0000
vn 0.0000 1.0000 0.0000
vn 0.0000 1.0000 0.0000
vn 0.0000 1.0000 0.0000
vn 0.0000 1.0000 0.0000
vn 0.0000 1.0000 0.0000
vn -0.0000 1.0000 0.0000
vn -0.0000 1.0000 0.0000
vn 0.0000 1.0000 0.0000
vn 0.0000 0.0000 -1.0000
vn 0.0000 0.0000 -1.0000
vn 1.0000 0.0000 -0.0000
vn 1.0000 0.0000 0.0000
vn 0.0000 0.0000 1.0000
vn 0.0000 0.0000 1.0000
vn -1.0000 0.0000 -0.0000
vn -1.0000 -0.0000 0.0000
vn 0.0000 -1.0000 0.0000
vn 0.0000 -1.0000 0.0000
vn -0.0000 1.0000 0.0000
vn 0.0000 1.0000 0.0000
vn 0.0000 0.0000 -1.0000
vn 0.0000 0.0000 -1.0000
vn 1.0000 0.0000 -0.0000
vn 1.0000 0.0000 0.0000
vn 0.0000 0.0000 1.0000
vn 0.0000 0.0000 1.0000
vn -1.0000 0.0000 -0.0000
vn -1.0000 -0.0000 0.0000
vn 0.0000 -1.0000 0.0000
vn 0.0000 -1.0000 0.0000
vn 0.0000 -1.0000 0.0000
vn -0.0000 -1.0000 0.0000
vn -0.0000 -1.0000 0.0000
vn 0.0000 -1.0000 -0.0000
vn 0.0000 -1.0000 -0.0000
vn 0.0000 -1.0000 0.0000
vn 0.0000 -1.0000 0.0000
vn 0.0000 -1.0000 0.0000
vn 0.0000 -1.0000 0.0000
vn 0.0000 -1.0000 0.0000
vn 0.9305 0.2068 0.3023
vn 0.9305 0.2068 0.3023
vn 0.5751 0.2068 0.7915
vn 0.5751 0.2068 0.7915
vn 0.0000 0.2068 0.9784
vn 0.0000 0.2068 0.9784
vn -0.5751 0.2068 0.7915
vn -0.5751 0.2068 0.7915
vn -0.9305 0.2068 0.3023
vn -0.9305 0.2068 0.3023
vn -0.9305 0.2068 -0.3023
vn -0.9305 0.2068 -0.3023
vn -0.5751 0.2068 -0.7915
vn -0.5751 0.2068 -0.7915
vn 0.0000 0.2068 -0.9784
vn 0.0000 0.2068 -0.9784
vn 0.5751 0.2068 -0.7915
vn 0.5751 0.2068 -0.7915
vn 0.9305 0.2068 -0.3023
vn 0.9305 0.2068 -0.3023
vn 0.9343 0.1869 0.3036
vn 0.9343 0.1869 0.3036
vn 0.5774 0.1869 0.7948
vn 0.5774 0.1869 0.7948
vn 0.0000 0.1869 0.9824
vn 0.0000 0.1869 0.9824
vn -0.5774 0.1869 0.7948
vn -0.5774 0.1869 0.7948
vn -0.9343 0.1869 0.3036
vn -0.9343 0.1869 0.3036
vn -0.9343 0.1869 -0.3036
vn -0.9343 0.1869 -0.3036
vn -0.5774 0.1869 -0.7948
vn -0.5774 0.1869 -0.7948
vn 0.0000 0.1869 -0.9824
vn 0.0000 0.1869 -0.9824
vn 0.5774 0.1869 -0.7948
vn 0.5774 0.1869 -0.7948
vn 0.9343 0.1869 -0.3036
vn 0.9343 0.1869 -0.3036
vn 0.9510 0.0079 0.3090
vn 0.9510 0.0079 0.3090
vn 0.5878 0.0079 0.8090
vn 0.5878 0.0079 0.8090
vn 0.0000 0.0079 1.0000
vn 0.0000 0.0079 1.0000
vn -0.5878 0.0079 0.8090
vn -0.5878 0.0079 0.8090
vn -0.9510 0.0079 0.3090
vn -0.9510 0.0079 0.3090
vn -0.9510 0.0079 -0.3090
vn -0.9510 0.0079 -0.3090
vn -0.5878 0.0079 -0.8090
vn -0.5878 0.0079 -0.8090
vn 0.0000 0.0079 -1.0000
vn 0.0000 0.0079 -1.0000
vn 0.5878 0.0079 -0.8090
vn 0.5878 0.0079 -0.8090
vn 0.9510 0.0079 -0.3090
vn 0.9510 0.0079 -0.3090
vn 0.8316 -0.4851 0.2702
vn 0.8316 -0.4851 0.2702
vn 0.5140 -0.4851 0.7074
vn 0.5140 -0.4851 0.7074
vn 0.0000 -0.4851 0.8744
vn 0.0000 -0.4851 0.8744
vn -0.5140 -0.4851 0.7074
vn -0.5140 -0.4851 0.7074
vn -0.8316 -0.4851 0.2702
vn -0.8316 -0.4851 0.2702
vn -0.8316 -0.4851 -0.2702
vn -0.8316 -0.4851 -0.2702
vn -0.5140 -0.4851 -0.7074
vn -0.5140 -0.4851 -0.7074
vn 0.0000 -0.4851 -0.8744
vn 0.0000 -0.4851 -0.8744
vn 0.5140 -0.4851 -0.7074
vn 0.5140 -0.4851 -0.7074
vn 0.8316 -0.4851 -0.2702
vn 0.8316 -0.4851 -0.2702
vn 0.8709 -0.4019 0.2830
vn 0.8709 -0.4019 0.2830
vn 0.5382 -0.4019 0.7408
vn 0.5382 -0.4019 0.7408
vn 0.0000 -0.4019 0.9157
vn 0.0000 -0.4019 0.9157
vn -0.5382 -0.4019 0.7408
vn -0.5382 -0.4019 0.7408
vn -0.8709 -0.4019 0.2830
vn -0.8709 -0.4019 0.2830
vn -0.8709 -0.4019 -0.2830
vn -0.8709 -0.4019 -0.2830
vn -0.5382 -0.4019 -0.7408
vn -0.5382 -0.4019 -0.7408
vn 0.0000 -0.4019 -0.9157
vn 0.0000 -0.4019 -0.9157
vn 0.5382 -0.4019 -0.7408
vn 0.5382 -0.4019 -0.7408
vn 0.8709 -0.4019 -0.2830
vn 0.8709 -0.4019 -0.2830
vn 0.0000 1.0000 0.0000
vn 0.0000 1.0000 0.0000
vn 0.0000 1.0000 -0.0000
vn 0.0000 1.0000 0.0000
vn 0.0000 1.0000 0.0000
vn 0.0000 1.0000 0.0000
vn 0.0000 1.0000 0.0000
vn 0.0000 1.0000 0.0000
vn 0.0000 1.0000 0.0000
vn -0.0000 1.0000 0.0000
vn -0.0000 1.0000 0.0000
vn 0.0000 1.0000 0.0000
vn 0.0000 0.0000 -1.0000
vn 0.0000 0.0000 -1.0000
vn 1.0000 0.0000 -0.0000
vn 1.0000 0.0000 0.0000
vn 0.0000 0.0000 1.0000
vn 0.0000 0.0000 1.0000
vn -1.0000 0.0000 -0.0000
vn -1.0000 -0.0000 0.0000
vn 0.0000 -1.0000 0.0000
vn 0.0000 -1.0000 0.0000
vn -0.0000 1.0000 0.0000
vn 0.0000 1.0000 0.0000
vn 0.0000 0.0000 -1.0000
vn 0.0000 0.0000 -1.0000
vn 1.0000 0.0000 -0.0000
vn 1.0000 0.0000 0.0000
vn 0.0000 0.0000 1.0000
vn 0.0000 0.0000 1.0000
vn -1.0000 0.0000 -0.0000
vn -1.0000 -0.0000 0.0000
vn 0.0000 -1.0000 0.0000
vn 0.0000 -1.0000 0.0000
vn 0.0000 -1.0000 0.0000
vn -0.0000 -1.0000 0.0000
vn -0.0000 -1.0000 0.0000
vn 0.0000 -1.0000 -0.0000
vn 0.0000 -1.0000 -0.0000
vn 0.0000 -1.0000 0.0000
vn 0.0000 -1.0000 0.0000
vn 0.0000 -1.0000 0.0000
vn 0.0000 -1.0000 0.0000
vn 0.0000 -1.0000 0.0000
vn 0.9305 0.2068 0.3023
vn 0.9305 0.2068 0.3023
vn 0.5751 0.2068 0.7915
vn 0.5751 0.2068 0.7915
vn 0.0000 0.2068 0.9784
vn 0.0000 0.2068 0.9784
vn -0.5751 0.2068 0.7915
vn -0.5751 0.2068 0.7915
vn -0.9305 0.2068 0.3023
vn -0.9305 0.2068 0.3023
vn -0.9305 0.2068 -0.3023
vn -0.9305 0.2068 -0.3023
vn -0.5751 0.2068 -0.7915
vn -0.5751 0.2068 -0.7915
vn 0.0000 0.2068 -0.9784
vn 0.0000 0.2068 -0.9784
vn 0.5751 0.2068 -0.7915
vn 0.5751 0.2068 -0.7915
vn 0.9305 0.2068 -0.3023
vn 0.9305 0.2068 -0.3023
vn 0.9343 0.1869 0.3036
vn 0.9343 0.1869 0.3036
vn 0.5774 0.1869 0.7948
vn 0.5774 0.1869 0.7948
vn 0.0000 0.1869 0.9824
vn 0.0000 0.1869 0.9824
vn -0.5774 0.1869 0.7948
vn -0.5774 0.1869 0.7948
vn -0.9343 0.1869 0.3036
vn -0.9343 0.1869 0.3036
vn -0.9343 0.1869 -0.3036
vn -0.9343 0.1869 -0.3036
vn -0.5774 0.1869 -0.7948
vn -0.5774 0.1869 -0.7948
vn 0.0000 0.1869 -0.9824
vn 0.0000 0.1869 -0.9824
vn 0.5774 0.1869 -0.7948
vn 0.5774 0.1869 -0.7948
vn 0.9343 0.1869 -0.3036
vn 0.9343 0.1869 -0.3036
vn 0.9510 0.0079 0.3090
vn 0.9510 0.0079 0.3090
vn 0.5878 0.0079 0.8090
vn 0.5878 0.0079 0.8090
vn 0.0000 0.0079 1.0000
vn 0.0000 0.0079 1.0000
vn -0.5878 0.0079 0.8090
vn -0.5878 0.0079 0.8090
vn -0.9510 0.0079 0.3090
vn -0.9510 0.0079 0.3090
vn -0.9510 0.0079 -0.3090
vn -0.9510 0.0079 -0.3090
vn -0.5878 0.0079 -0.8090
vn -0.5878 0.0079 -0.8090
vn 0.0000 0.0079 -1.0000
vn 0.0000 0.0079 -1.0000
vn 0.5878 0.0079 -0.8090
vn 0.5878 0.0079 -0.8090
vn 0.9510 0.0079 -0.3090
vn 0.9510 0.0079 -0.3090
vn 0.8316 -0.4851 0.2702
vn 0.8316 -0.4851 0.2702
vn 0.5140 -0.4851 0.7074
vn 0.5140 -0.4851 0.7074
vn 0.0000 -0.4851 0.8744
vn 0.0000 -0.4851 0.8744
vn -0.5140 -0.4851 0.7074
vn -0.5140 -0.4851 0.7074
vn -0.8316 -0.4851 0.2702
vn -0.8316 -0.4851 0.2702
vn -0.8316 -0.4851 -0.2702
vn -0.8316 -0.4851 -0.2702
vn -0.5140 -0.4851 -0.7074
vn -0.5140 -0.4851 -0.7074
vn 0.0000 -0.4851 -0.8744
vn 0.0000 -0.4851 -0.8744
vn 0.5140 -0.4851 -0.7074
vn 0.5140 -0.4851 -0.7074
vn 0.8316 -0.4851 -0.2702
vn 0.8316 -0.4851 -0.2702
vn 0.8709 -0.4019 0.2830
vn 0.8709 -0.4019 0.2830
vn 0.5382 -0.4019 0.7408
vn 0.5382 -0.4019 0.7408
vn 0.0000 -0.4019 0.9157
vn 0.0000 -0.4019 0.9157
vn -0.5382 -0.4019 0.7408
vn -0.5382 -0.4019 0.7408
vn -0.8709 -0.4019 0.2830
vn -0.8709 -0.4019 0.2830
vn -0.8709 -0.4019 -0.2830
vn -0.8709 -0.4019 -0.2830
vn -0.5382 -0.4019 -0.7408
vn -0.5382 -0.4019 -0.7408
vn 0.0000 -0.4019 -0.9157
vn 0.0000 -0.4019 -0.9157
vn 0.5382 -0.4019 -0.7408
vn 0.5382 -0.4019 -0.7408
vn 0.8709 -0.4019 -0.2830
vn 0.8709 -0.4019 -0.2830
vn 0.0000 1.0000 0.0000
vn 0.0000 1.0000 0.0000
vn 0.0000 1.0000 -0.0000
vn 0.0000 1.0000 0.0000
vn 0.0000 1.0000 0.0000
vn 0.0000 1.0000 0.0000
vn 0.0000 1.0000 0.0000
vn 0.0000 1.0000 0.0000
vn 0.0000 1.0000 0.0000
vn -0.0000 1.0000 0.0000
vn -0.0000 1.0000 0.0000
vn 0.0000 1.0000 0.0000
vn 0.0000 0.0000 -1.0000
vn 0.0000 0.0000 -1.0000
vn 1.0000 0.0000 -0.0000
vn 1.0000 0.0000 0.0000
vn 0.0000 0.0000 1.0000
vn 0.0000 0.0000 1.0000
vn -1.0000 0.0000 -0.0000
vn -1.0000 -0.0000 0.0000
vn 0.0000 -1.0000 0.0000
vn 0.0000 -1.0000 0.0000
vn -0.0000 1.0000 0.0000
vn 0.0000 1.0000 0.0000
vn 0.0000 0.0000 -1.0000
vn 0.0000 0.0000 -1.0000
vn 1.0000 0.0000 -0.0000
vn 1.0000 0.0000 0.0000
vn 0.0000 0.0000 1.0000
vn 0.0000 0.0000 1.0000
vn -1.0000 0.0000 -0.0000
vn -1.0000 -0.0000 0.0000
vn 0.0000 -1.0000 0.0000
vn 0.0000 -1.0000 0.0000
vn 0.0000 -1.0000 0.0000
vn -0.0000 -1.0000 0.0000
vn -0.0000 -1.0000 0.0000
vn 0.0000 -1.0000 -0.0000
vn 0.0000 -1.0000 -0.0000
vn 0.0000 -1.0000 0.0000
vn 0.0000 -1.0000 0.0000
vn 0.0000 -1.0000 0.0000
vn 0.0000 -1.0000 0.0000
vn 0.0000 -1.0000 0.0000
vn 0.9305 0.2068 0.3023
vn 0.9305 0.2068 0.3023
vn 0.5751 0.2068 0.7915
vn 0.5751 0.2068 0.7915
vn 0.0000 0.2068 0.9784
vn 0.0000 0.2068 0.9784
vn -0.5751 0.2068 0.7915
vn -0.5751 0.2068 0.7915
vn -0.9305 0.2068 0.3023
vn -0.9305 0.2068 0.3023
vn -0.9305 0.2068 -0.3023
vn -0.9305 0.2068 -0.3023
vn -0.5751 0.2068 -0.7915
vn -0.5751 0.2068 -0.7915
vn 0.0000 0.2068 -0.9784
vn 0.0000 0.2068 -0.9784
vn 0.5751 0.2068 -0.7915
vn 0.5751 0.2068 -0.7915
vn 0.9305 0.2068 -0.3023
vn 0.9305 0.2068 -0.3023
vn 0.9343 0.1869 0.3036
vn 0.9343 0.1869 0.3036
vn 0.5774 0.1869 0.7948
vn 0.5774 0.1869 0.7948
vn 0.0000 0.1869 0.9824
vn 0.0000 0.1869 0.9824
vn -0.5774 0.1869 0.7948
vn -0.5774 0.1869 0.7948
vn -0.9343 0.1869 0.3036
vn -0.9343 0.1869 0.3036
vn -0.9343 0.1869 -0.3036
vn -0.9343 0.1869 -0.3036
vn -0.5774 0.1869 -0.7948
vn -0.5774 0.1869 -0.7948
vn 0.0000 0.1869 -0.9824
vn 0.0000 0.1869 -0.9824
vn 0.5774 0.1869 -0.7948
vn 0.5774 0.1869 -0.7948
vn 0.9343 0.1869 -0.3036
vn 0.9343 0.1869 -0.3036
vn 0.9510 0.0079 0.3090
vn 0.9510 0.0079 0.3090
vn 0.5878 0.0079 0.8090
vn 0.5878 0.0079 0.8090
vn 0.0000 0.0079 1.0000
vn 0.0000 0.0079 1.0000
vn -0.5878 0.0079 0.8090
vn -0.5878 0.0079 0.8090
vn -0.9510 0.0079 0.3090
vn -0.9510 0.0079 0.3090
vn -0.9510 0.0079 -0.3090
vn -0.9510 0.0079 -0.3090
vn -0.5878 0.0079 -0.8090
vn -0.5878 0.0079 -0.8090
vn 0.0000 0.0079 -1.0000
vn 0.0000 0.0079 -1.0000
vn 0.5878 0.0079 -0.8090
vn 0.5878 0.0079 -0.8090
vn 0.9510 0.0079 -0.3090
vn 0.9510 0.0079 -0.3090
vn 0.8316 -0.4851 0.2702
vn 0.8316 -0.4851 0.2702
vn 0.5140 -0.4851 0.7074
vn 0.5140 -0.4851 0.7074
vn 0.0000 -0.4851 0.8744
vn 0.0000 -0.4851 0.8744
vn -0.5140 -0.4851 0.7074
vn -0.5140 -0.4851 0.7074
vn -0.8316 -0.4851 0.2702
vn -0.8316 -0.4851 0.2702
vn -0.8316 -0.4851 -0.2702
vn -0.8316 -0.4851 -0.2702
vn -0.5140 -0.4851 -0.7074
vn -0.5140 -0.4851 -0.7074
vn 0.0000 -0.4851 -0.8744
vn 0.0000 -0.4851 -0.8744
vn 0.5140 -0.4851 -0.7074
vn 0.5140 -0.4851 -0.7074
vn 0.8316 -0.4851 -0.2702
vn 0.8316 -0.4851 -0.2702
vn 0.8709 -0.4019 0.2830
vn 0.8709 -0.4019 0.2830
vn 0.5382 -0.4019 0.7408
vn 0.5382 -0.4019 0.7408
vn 0.0000 -0.4019 0.9157
vn 0.0000 -0.4019 0.9157
vn -0.5382 -0.4019 0.7408
vn -0.5382 -0.4019 0.7408
vn -0.8709 -0.4019 0.2830
vn -0.8709 -0.4019 0.2830
vn -0.8709 -0.4019 -0.2830
vn -0.8709 -0.4019 -0.2830
vn -0.5382 -0.4019 -0.7408
vn -0.5382 -0.4019 -0.7408
vn 0.0000 -0.4019 -0.9157
vn 0.0000 -0.4019 -0.9157
vn 0.5382 -0.4019 -0.7408
vn 0.5382 -0.4019 -0.7408
vn 0.8709 -0.4019 -0.2830
vn 0.8709 -0.4019 -0.2830
vn 0.0000 1.0000 0.0000
vn 0.0000 1.0000 0.0000
vn 0.0000 1.0000 -0.0000
vn 0.0000 1.0000 0.0000
vn 0.0000 1.0000 0.0000
vn 0.0000 1.0000 0.0000
vn 0.0000 1.0000 0.0000
vn 0.0000 1.0000 0.0000
vn 0.0000 1.0000 0.0000
vn -0.0000 1.0000 0.0000
vn -0.0000 1.0000 0.0000
vn 0.0000 1.0000 0.0000
vn 0.0000 0.0000 -1.0000
vn 0.0000 0.0000 -1.0000
vn 1.0000 0.0000 -0.0000
vn 1.0000 0.0000 0.0000
vn 0.0000 0.0000 1.0000
vn 0.0000 0.0000 1.0000
vn -1.0000 0.0000 -0.0000
vn -1.0000 -0.0000 0.0000
vn 0.0000 -1.0000 0.0000
vn 0.0000 -1.0000 0.0000
vn -0.0000 1.0000 0.0000
vn 0.0000 1.0000 0.0000
vn 0.0000 0.0000 -1.0000
vn 0.0000 0.0000 -1.0000
vn 1.0000 0.0000 -0.0000
vn 1.0000 0.0000 0.0000
vn 0.0000 0.0000 1.0000
vn 0.0000 0.0000 1.0000
vn -1.0000 0.0000 -0.0000
vn -1.0000 -0.0000 0.0000
vn 0.0000 -1.0000 0.0000
vn 0.0000 -1.0000 0.0000
vn -0.0000 1.0000 0.0000
vn 0.0000 1.0000 0.0000
vn 0.0000 0.0000 -1.0000
vn 0.0000 0.0000 -1.0000
vn 1.0000 0.0000 -0.0000
vn 1.0000 0.0000 0.0000
vn 0.0000 0.0000 1.0000
vn 0.0000 0.0000 1.0000
vn -1.0000 0.0000 -0.0000
vn -1.0000 -0.0000 0.0000
vn 0.0000 -1.0000 0.0000
vn 0.0000 -1.0000 0.0000
vn 0.0000 0.0000 1.0000
vn 0.0000 -0.0000 -1.0000
vn 0.0000 -1.0000 0.0000
vn 0.0000 -1.0000 0.0000
vn 0.3567 0.9342 0.0000
vn 0.3567 0.9342 0.0000
vn -0.3567 0.9342 0.0000
vn -0.3567 0.9342 0.0000
vn 0.0000 0.0000 1.0000
vn 0.0000 -0.0000 -1.0000
vn 0.0000 -1.0000 0.0000
vn 0.0000 -1.0000 0.0000
vn 0.3162 0.9487 0.0000
vn 0.3162 0.9487 0.0000
vn -0.3162 0.9487 0.0000
vn -0.3162 0.9487 0.0000
vn -0.1045 0.9945 -0.0000
vn -0.1045 0.9945 -0.0000
vn -0.3073 -0.0323 -0.9511
vn -0.3073 -0.0323 -0.9511
vn 0.9458 0.0994 -0.3090
vn 0.9458 0.0994 -0.3090
vn 0.3073 0.0323 0.9511
vn 0.3073 0.0323 0.9511
vn -0.9458 -0.0994 0.3090
vn -0.9458 -0.0994 0.3090
vn 0.1045 -0.9945 -0.0000
vn 0.1045 -0.9945 0.0000
vn 0.1045 0.9945 -0.0000
vn 0.1045 0.9945 -0.0000
vn 0.3073 -0.0323 -0.9511
vn 0.3073 -0.0323 -0.9511
vn 0.9458 -0.0994 0.3090
vn 0.9458 -0.0994 0.3090
vn -0.3073 0.0323 0.9511
vn -0.3073 0.0323 0.9511
vn -0.9458 0.0994 -0.3090
vn -0.9458 0.0994 -0.3090
vn -0.1045 -0.9945 0.0000
vn -0.1045 -0.9945 -0.0000
vn -0.0000 1.0000 0.0000
vn 0.0000 1.0000 0.0000
vn 0.0000 0.0000 -1.0000
vn 0.0000 0.0000 -1.0000
vn 1.0000 0.0000 -0.0000
vn 1.0000 0.0000 0.0000
vn 0.0000 0.0000 1.0000
vn 0.0000 0.0000 1.0000
vn -1.0000 0.0000 -0.0000
vn -1.0000 -0.0000 0.0000
vn 0.0000 -1.0000 0.0000
vn 0.0000 -1.0000 0.0000
vn -0.0000 1.0000 0.0000
vn 0.0000 1.0000 0.0000
vn 1.0000 0.0000 -0.0000
vn 1.0000 0.0000 0.0000
vn 0.0000 0.0000 1.0000
vn 0.0000 0.0000 1.0000
vn -1.0000 0.0000 -0.0000
vn -1.0000 -0.0000 0.0000
vn 0.0000 -1.0000 0.0000
vn 0.0000 -1.0000 0.0000
vn -0.0000 1.0000 0.0000
vn 0.0000 1.0000 0.0000
vn 0.0000 0.0000 -1.0000
vn 0.0000 0.0000 -1.0000
vn 1.0000 0.0000 -0.0000
vn 1.0000 0.0000 0.0000
vn 0.0000 0.0000 1.0000
vn 0.0000 0.0000 1.0000
vn -1.0000 0.0000 -0.0000
vn -1.0000 -0.0000 0.0000
vn 0.0000 -1.0000 0.0000
vn 0.0000 -1.0000 0.0000
vn -0.0000 1.0000 0.0000
vn 0.0000 1.0000 0.0000
vn 0.0000 0.0000 -1.0000
vn 0.0000 0.0000 -1.0000
vn 1.0000 0.0000 -0.0000
vn 1.0000 0.0000 0.0000
vn 0.0000 0.0000 1.0000
vn 0.0000 0.0000 1.0000
vn -1.0000 0.0000 -0.0000
vn -1.0000 -0.0000 0.0000
vn 0.0000 -1.0000 0.0000
vn 0.0000 -1.0000 0.0000
vn 0.0000 0.0000 1.0000
vn 0.0000 0.0000 1.0000
vn 0.0000 0.0000 1.0000
vn 0.0000 0.0000 1.0000
vn 0.0000 0.0000 1.0000
vn 0.0000 0.0000 1.0000
vn 0.0000 0.0000 1.0000
vn 0.0000 0.0000 -1.0000
vn 0.0000 0.0000 -1.0000
vn 0.0000 0.0000 -1.0000
vn 0.0000 0.0000 -1.0000
vn 0.0000 0.0000 -1.0000
vn 0.0000 0.0000 -1.0000
vn 0.0000 0.0000 -1.0000
vn 0.0000 -1.0000 0.0000
vn 0.0000 -1.0000 0.0000
vn 0.9808 0.1951 0.0000
vn 0.9808 0.1951 0.0000
vn 0.8315 0.5556 0.0000
vn 0.8315 0.5556 0.0000
vn 0.5556 0.8315 0.0000
vn 0.5556 0.8315 0.0000
vn 0.1951 0.9808 0.0000
vn 0.1951 0.9808 0.0000
vn -0.1951 0.9808 0.0000
vn -0.1951 0.9808 0.0000
vn -0.5556 0.8315 0.0000
vn -0.5556 0.8315 0.0000
vn -0.8315 0.5556 0.0000
vn -0.8315 0.5556 0.0000
vn -0.9808 0.1951 0.0000
vn -0.9808 0.1951 0.0000
vn 0.0000 0.0000 1.0000
vn 0.0000 0.0000 1.0000
vn 0.0000 0.0000 1.0000
vn 0.0000 0.0000 1.0000
vn 0.0000 0.0000 1.0000
vn 0.0000 0.0000 1.0000
vn 0.0000 0.0000 1.0000
vn 0.0000 0.0000 -1.0000
vn 0.0000 0.0000 -1.0000
vn 0.0000 0.0000 -1.0000
vn 0.0000 0.0000 -1.0000
vn 0.0000 0.0000 -1.0000
vn 0.0000 0.0000 -1.0000
vn 0.0000 0.0000 -1.0000
vn 0.0000 -1.0000 0.0000
vn 0.0000 -1.0000 0.0000
vn 0.9808 0.1951 0.0000
vn 0.9808 0.1951 0.0000
vn 0.8315 0.5556 0.0000
vn 0.8315 0.5556 0.0000
vn 0.5556 0.8315 0.0000
vn 0.5556 0.8315 0.0000
vn 0.1951 0.9808 0.0000
vn 0.1951 0.9808 0.0000
vn -0.1951 0.9808 0.0000
vn -0.1951 0.9808 0.0000
vn -0.5556 0.8315 0.0000
vn -0.5556 0.8315 0.0000
vn -0.8315 0.5556 0.0000
vn -0.8315 0.5556 0.0000
vn -0.9808 0.1951 0.0000
vn -0.9808 0.1951 0.0000
vn 0.7177 0.6963 0.0000
vn 0.7177 0.6963 -0.0000
vn 0.0000 0.0000 1.0000
vn 0.0000 0.0000 1.0000
vn -0.6963 0.7177 0.0000
vn -0.6963 0.7177 0.0000
vn 0.0000 -0.0000 -1.0000
vn 0.0000 0.0000 -1.0000
vn 0.6963 -0.7177 0.0000
vn 0.6963 -0.7177 0.0000
vn -0.7177 -0.6963 -0.0000
vn -0.7177 -0.6963 0.0000
vn -0.0000 1.0000 0.0000
vn 0.0000 1.0000 0.0000
vn 0.0000 0.0000 -1.0000
vn 0.0000 -0.0000 -1.0000
vn 1.0000 -0.0000 0.0000
vn 1.0000 -0.0000 0.0000
vn 0.0000 0.0000 1.0000
vn 0.0000 0.0000 1.0000
vn -1.0000 0.0000 0.0000
vn -1.0000 0.0000 0.0000
vn 0.0000 -1.0000 0.0000
vn 0.0000 -1.0000 0.0000
vn -0.7177 0.6963 0.0000
vn -0.7177 0.6963 0.0000
vn 0.0000 0.0000 -1.0000
vn 0.0000 0.0000 -1.0000
vn 0.6963 0.7177 -0.0000
vn 0.6963 0.7177 0.0000
vn 0.0000 0.0000 1.0000
vn 0.0000 0.0000 1.0000
vn -0.6963 -0.7177 -0.0000
vn -0.6963 -0.7177 0.0000
vn 0.7177 -0.6963 0.0000
vn 0.7177 -0.6963 0.0000
vn 0.0000 0.0000 1.0000
vn -0.0000 0.0000 1.0000
vn 0.0000 0.0000 1.0000
vn 0.0000 0.0000 1.0000
vn 0.0000 0.0000 1.0000
vn 0.0000 0.0000 1.0000
vn 0.0000 0.0000 1.0000
vn 0.0000 0.0000 1.0000
vn 0.0000 0.0000 1.0000
vn 0.0000 0.0000 -1.0000
vn -0.0000 -0.0000 -1.0000
vn 0.0000 -0.0000 -1.0000
vn 0.0000 -0.0000 -1.0000
vn 0.0000 -0.0000 -1.0000
vn 0.0000 -0.0000 -1.0000
vn 0.0000 -0.0000 -1.0000
vn 0.0000 -0.0000 -1.0000
vn 0.0000 0.0000 -1.0000
vn 0.0000 -1.0000 0.0000
vn 0.0000 -1.0000 0.0000
vn 1.0000 0.0000 0.0000
vn 1.0000 -0.0000 0.0000
vn 0.9734 0.2290 0.0000
vn 0.9734 0.2290 0.0000
vn 0.7846 0.6200 0.0000
vn 0.7846 0.6200 0.0000
vn 0.4919 0.8706 0.0000
vn 0.4919 0.8706 0.0000
vn 0.1659 0.9861 0.0000
vn 0.1659 0.9861 0.0000
vn -0.1659 0.9861 0.0000
vn -0.1659 0.9861 0.0000
vn -0.4919 0.8706 0.0000
vn -0.4919 0.8706 0.0000
vn -0.7846 0.6200 0.0000
vn -0.7846 0.6200 0.0000
vn -0.9734 0.2290 0.0000
vn -0.9734 0.2290 0.0000
vn -1.0000 0.0000 -0.0000
vn -1.0000 -0.0000 0.0000
vn 0.0000 0.0000 1.0000
vn -0.0000 0.0000 1.0000
vn 0.0000 0.0000 1.0000
vn 0.0000 0.0000 1.0000
vn 0.0000 0.0000 1.0000
vn 0.0000 0.0000 1.0000
vn 0.0000 0.0000 1.0000
vn 0.0000 0.0000 1.0000
vn 0.0000 0.0000 1.0000
vn 0.0000 0.0000 -1.0000
vn -0.0000 -0.0000 -1.0000
vn 0.0000 -0.0000 -1.0000
vn 0.0000 -0.0000 -1.0000
vn 0.0000 -0.0000 -1.0000
vn 0.0000 -0.0000 -1.0000
vn 0.0000 -0.0000 -1.0000
vn 0.0000 -0.0000 -1.0000
vn 0.0000 0.0000 -1.0000
vn 0.0000 -1.0000 0.0000
vn 0.0000 -1.0000 0.0000
vn 1.0000 0.0000 0.0000
vn 1.0000 -0.0000 0.0000
vn 0.9808 0.1951 0.0000
vn 0.9808 0.1951 0.0000
vn 0.8315 0.5556 0.0000
vn 0.8315 0.5556 0.0000
vn 0.5556 0.8315 0.0000
vn 0.5556 0.8315 0.0000
vn 0.1951 0.9808 0.0000
vn 0.1951 0.9808 0.0000
vn -0.1951 0.9808 0.0000
vn -0.1951 0.9808 0.0000
vn -0.5556 0.8315 0.0000
vn -0.5556 0.8315 0.0000
vn -0.8315 0.5556 0.0000
vn -0.8315 0.5556 0.0000
vn -0.9808 0.1951 0.0000
vn -0.9808 0.1951 0.0000
vn -1.0000 0.0000 -0.0000
vn -1.0000 -0.0000 0.0000
vn -0.0000 1.0000 0.0000
vn 0.0000 1.0000 0.0000
vn 1.0000 0.0000 -0.0000
vn 1.0000 0.0000 0.0000
vn 0.0000 0.0000 1.0000
vn 0.0000 0.0000 1.0000
vn -1.0000 0.0000 -0.0000
vn -1.0000 -0.0000 0.0000
vn 0.0000 -1.0000 0.0000
vn 0.0000 -1.0000 0.0000
vn -0.0000 1.0000 0.0000
vn 0.0000 1.0000 0.0000
vn 1.0000 0.0000 -0.0000
vn 1.0000 0.0000 0.0000
vn 0.0000 0.0000 1.0000
vn 0.0000 0.0000 1.0000
vn -1.0000 0.0000 -0.0000
vn -1.0000 -0.0000 0.0000
vn 0.0000 -1.0000 0.0000
vn 0.0000 -1.0000 0.0000
vn -0.0000 1.0000 0.0000
vn 0.0000 1.0000 0.0000
vn 0.0000 0.0000 -1.0000
vn 0.0000 0.0000 -1.0000
vn 1.0000 0.0000 -0.0000
vn 1.0000 0.0000 0.0000
vn 0.0000 0.0000 1.0000
vn 0.0000 0.0000 1.0000
vn -1.0000 0.0000 -0.0000
vn -1.0000 -0.0000 0.0000
vn 0.0000 -1.0000 0.0000
vn 0.0000 -1.0000 0.0000
vn -0.0000 1.0000 0.0000
vn 0.0000 1.0000 0.0000
vn 0.0000 0.0000 -1.0000
vn 0.0000 0.0000 -1.0000
vn 1.0000 0.0000 -0.0000
vn 1.0000 0.0000 0.0000
vn 0.0000 0.0000 1.0000
vn 0.0000 0.0000 1.0000
vn -1.0000 0.0000 -0.0000
vn -1.0000 -0.0000 0.0000
vn 0.0000 -1.0000 0.0000
vn 0.0000 -1.0000 0.0000
vn -0.0000 1.0000 0.0000
vn 0.0000 1.0000 0.0000
vn 1.0000 0.0000 -0.0000
vn 1.0000 0.0000 0.0000
vn 0.0000 0.0000 1.0000
vn 0.0000 0.0000 1.0000
vn -1.0000 0.0000 -0.0000
vn -1.0000 -0.0000 0.0000
vn 0.0000 -1.0000 0.0000
vn 0.0000 -1.0000 0.0000
vn -0.0000 1.0000 0.0000
vn 0.0000 1.0000 0.0000
vn 0.0000 0.0000 -1.0000
vn 0.0000 0.0000 -1.0000
vn 1.0000 0.0000 -0.0000
vn 1.0000 0.0000 0.0000
vn 0.0000 0.0000 1.0000
vn 0.0000 0.0000 1.0000
vn -1.0000 0.0000 -0.0000
vn -1.0000 -0.0000 0.0000
vn 0.0000 -1.0000 0.0000
vn 0.0000 -1.0000 0.0000
vn -0.0000 1.0000 0.0000
vn 0.0000 1.0000 0.0000
vn 0.0000 0.0000 -1.0000
vn 0.0000 0.0000 -1.0000
vn 1.0000 0.0000 -0.0000
vn 1.0000 0.0000 0.0000
vn 0.0000 0.0000 1.0000
vn 0.0000 0.0000 1.0000
vn -1.0000 0.0000 -0.0000
vn -1.0000 -0.0000 0.0000
vn 0.0000 -1.0000 0.0000
vn 0.0000 -1.0000 0.0000
vn -0.0000 1.0000 0.0000
vn 0.0000 1.0000 0.0000
vn 0.0000 0.0000 -1.0000
vn 0.0000 0.0000 -1.0000
vn 1.0000 0.0000 -0.0000
vn 1.0000 0.0000 0.0000
vn 0.0000 0.0000 1.0000
vn 0.0000 0.0000 1.0000
vn -1.0000 0.0000 -0.0000
vn -1.0000 -0.0000 0.0000
vn 0.0000 -1.0000 0.0000
vn 0.0000 -1.0000 0.0000
vn -0.0000 1.0000 0.0000
vn 0.0000 1.0000 0.0000
vn 0.0000 0.0000 -1.0000
vn 0.0000 0.0000 -1.0000
vn 1.0000 0.0000 -0.0000
vn 1.0000 0.0000 0.0000
vn 0.0000 0.0000 1.0000
vn 0.0000 0.0000 1.0000
vn -1.0000 0.0000 -0.0000
vn -1.0000 -0.0000 0.0000
vn 0.0000 -1.0000 0.0000
vn 0.0000 -1.0000 0.0000
vn -0.0000 1.0000 0.0000
vn 0.0000 1.0000 0.0000
vn 0.0000 0.0000 -1.0000
vn 0.0000 0.0000 -1.0000
vn 1.0000 0.0000 -0.0000
vn 1.0000 0.0000 0.0000
vn 0.0000 0.0000 1.0000
vn 0.0000 0.0000 1.0000
vn -1.0000 0.0000 -0.0000
vn -1.0000 -0.0000 0.0000
vn 0.0000 -1.0000 0.0000
vn 0.0000 -1.0000 0.0000
vn -0.0000 1.0000 0.0000
vn 0.0000 1.0000 0.0000
vn 0.0000 0.0000 -1.0000
vn 0.0000 0.0000 -1.0000
vn 1.0000 0.0000 -0.0000
vn 1.0000 0.0000 0.0000
vn 0.0000 0.0000 1.0000
vn 0.0000 0.0000 1.0000
vn -1.0000 0.0000 -0.0000
vn -1.0000 -0.0000 0.0000
vn 0.0000 -1.0000 0.0000
vn 0.0000 -1.0000 0.0000
vn -0.0000 1.0000 0.0000
vn 0.0000 1.0000 0.0000
vn 1.0000 0.0000 -0.0000
vn 1.0000 0.0000 0.0000
vn 0.0000 0.0000 1.0000
vn 0.0000 0.0000 1.0000
vn -1.0000 0.0000 -0.0000
vn -1.0000 -0.0000 0.0000
vn 0.0000 -1.0000 0.0000
vn 0.0000 -1.0000 0.0000
vn -0.0000 1.0000 0.0000
vn 0.0000 1.0000 0.0000
vn 1.0000 0.0000 -0.0000
vn 1.0000 0.0000 0.0000
vn 0.0000 0.0000 1.0000
vn 0.0000 0.0000 1.0000
vn -1.0000 0.0000 -0.0000
vn -1.0000 -0.0000 0.0000
vn 0.0000 -1.0000 0.0000
vn 0.0000 -1.0000 0.0000
vn 0.0000 1.0000 0.0000
vn 0.0000 1.0000 0.0000
vn -0.2419 0.0000 -0.9703
vn -0.2419 -0.0000 -0.9703
vn 0.9703 0.0000 -0.2419
vn 0.9703 0.0000 -0.2419
vn 0.2419 0.0000 0.9703
vn 0.2419 0.0000 0.9703
vn -0.9703 0.0000 0.2419
vn -0.9703 0.0000 0.2419
vn 0.0000 -1.0000 0.0000
vn 0.0000 -1.0000 0.0000
vn 0.0000 1.0000 0.0000
vn 0.0000 1.0000 0.0000
vn -0.2419 0.0000 -0.9703
vn -0.2419 -0.0000 -0.9703
vn 0.9703 0.0000 -0.2419
vn 0.9703 0.0000 -0.2419
vn 0.2419 0.0000 0.9703
vn 0.2419 0.0000 0.9703
vn -0.9703 0.0000 0.2419
vn -0.9703 0.0000 0.2419
vn 0.0000 -1.0000 0.0000
vn 0.0000 -1.0000 0.0000
vn 0.0000 1.0000 0.0000
vn 0.0000 1.0000 0.0000
vn -0.2419 0.0000 -0.9703
vn -0.2419 -0.0000 -0.9703
vn 0.9703 0.0000 -0.2419
vn 0.9703 0.0000 -0.2419
vn 0.2419 0.0000 0.9703
vn 0.2419 0.0000 0.9703
vn -0.9703 0.0000 0.2419
vn -0.9703 0.0000 0.2419
vn 0.0000 -1.0000 0.0000
vn 0.0000 -1.0000 0.0000
vn 0.0000 1.0000 0.0000
vn 0.0000 1.0000 0.0000
vn -0.2419 0.0000 -0.9703
vn -0.2419 -0.0000 -0.9703
vn 0.9703 0.0000 -0.2419
vn 0.9703 0.0000 -0.2419
vn 0.2419 0.0000 0.9703
vn 0.2419 0.0000 0.9703
vn -0.9703 0.0000 0.2419
vn -0.9703 0.0000 0.2419
vn 0.0000 -1.0000 0.0000
vn 0.0000 -1.0000 0.0000
vn 0.0000 1.0000 0.0000
vn 0.0000 1.0000 0.0000
vn -0.2419 0.0000 -0.9703
vn -0.2419 -0.0000 -0.9703
vn 0.9703 0.0000 -0.2419
vn 0.9703 0.0000 -0.2419
vn 0.2419 0.0000 0.9703
vn 0.2419 0.0000 0.9703
vn -0.9703 0.0000 0.2419
vn -0.9703 0.0000 0.2419
vn 0.0000 -1.0000 0.0000
vn 0.0000 -1.0000 0.0000
vn 0.0000 1.0000 0.0000
vn -0.0000 1.0000 0.0000
vn 0.2419 0.0000 -0.9703
vn 0.2419 0.0000 -0.9703
vn 0.9703 0.0000 0.2419
vn 0.9703 0.0000 0.2419
vn -0.2419 0.0000 0.9703
vn -0.2419 0.0000 0.9703
vn -0.9703 0.0000 -0.2419
vn -0.9703 -0.0000 -0.2419
vn -0.0000 -1.0000 0.0000
vn 0.0000 -1.0000 0.0000
vn 0.0000 1.0000 0.0000
vn -0.0000 1.0000 0.0000
vn 0.2419 0.0000 -0.9703
vn 0.2419 0.0000 -0.9703
vn 0.9703 0.0000 0.2419
vn 0.9703 0.0000 0.2419
vn -0.2419 0.0000 0.9703
vn -0.2419 0.0000 0.9703
vn -0.9703 0.0000 -0.2419
vn -0.9703 -0.0000 -0.2419
vn -0.0000 -1.0000 0.0000
vn 0.0000 -1.0000 0.0000
vn 0.0000 1.0000 0.0000
vn -0.0000 1.0000 0.0000
vn 0.2419 0.0000 -0.9703
vn 0.2419 0.0000 -0.9703
vn 0.9703 0.0000 0.2419
vn 0.9703 0.0000 0.2419
vn -0.2419 0.0000 0.9703
vn -0.2419 0.0000 0.9703
vn -0.9703 0.0000 -0.2419
vn -0.9703 -0.0000 -0.2419
vn -0.0000 -1.0000 0.0000
vn 0.0000 -1.0000 0.0000
vn 0.0000 1.0000 0.0000
vn -0.0000 1.0000 0.0000
vn 0.2419 0.0000 -0.9703
vn 0.2419 0.0000 -0.9703
vn 0.9703 0.0000 0.2419
vn 0.9703 0.0000 0.2419
vn -0.2419 0.0000 0.9703
vn -0.2419 0.0000 0.9703
vn -0.9703 0.0000 -0.2419
vn -0.9703 -0.0000 -0.2419
vn -0.0000 -1.0000 0.0000
vn 0.0000 -1.0000 0.0000
vn 0.0000 1.0000 0.0000
vn -0.0000 1.0000 0.0000
vn 0.2419 0.0000 -0.9703
vn 0.2419 0.0000 -0.9703
vn 0.9703 0.0000 0.2419
vn 0.9703 0.0000 0.2419
vn -0.2419 0.0000 0.9703
vn -0.2419 0.0000 0.9703
vn -0.9703 0.0000 -0.2419
vn -0.9703 -0.0000 -0.2419
vn -0.0000 -1.0000 0.0000
vn 0.0000 -1.0000 0.0000
vn 0.0000 0.0000 1.0000
vn -0.0000 0.0000 1.0000
vn 0.0000 0.0000 1.0000
vn 0.0000 0.0000 1.0000
vn 0.0000 0.0000 1.0000
vn 0.0000 0.0000 1.0000
vn 0.0000 0.0000 1.0000
vn 0.0000 0.0000 1.0000
vn 0.0000 0.0000 1.0000
vn 0.0000 0.0000 -1.0000
vn -0.0000 -0.0000 -1.0000
vn 0.0000 -0.0000 -1.0000
vn 0.0000 -0.0000 -1.0000
vn 0.0000 -0.0000 -1.0000
vn 0.0000 -0.0000 -1.0000
vn 0.0000 -0.0000 -1.0000
vn 0.0000 -0.0000 -1.0000
vn 0.0000 0.0000 -1.0000
vn 0.0000 -1.0000 0.0000
vn 0.0000 -1.0000 0.0000
vn 1.0000 0.0000 0.0000
vn 1.0000 -0.0000 0.0000
vn 0.9734 0.2290 0.0000
vn 0.9734 0.2290 0.0000
vn 0.7846 0.6200 0.0000
vn 0.7846 0.6200 0.0000
vn 0.4919 0.8706 0.0000
vn 0.4919 0.8706 0.0000
vn 0.1659 0.9861 0.0000
vn 0.1659 0.9861 0.0000
vn -0.1659 0.9861 0.0000
vn -0.1659 0.9861 0.0000
vn -0.4919 0.8706 0.0000
vn -0.4919 0.8706 0.0000
vn -0.7846 0.6200 0.0000
vn -0.7846 0.6200 0.0000
vn -0.9734 0.2290 0.0000
vn -0.9734 0.2290 0.0000
vn -1.0000 0.0000 -0.0000
vn -1.0000 -0.0000 0.0000
vn 0.0000 0.0000 1.0000
vn -0.0000 0.0000 1.0000
vn 0.0000 0.0000 1.0000
vn 0.0000 0.0000 1.0000
vn 0.0000 0.0000 1.0000
vn 0.0000 0.0000 1.0000
vn 0.0000 0.0000 1.0000
vn 0.0000 0.0000 1.0000
vn 0.0000 0.0000 1.0000
vn 0.0000 0.0000 -1.0000
vn -0.0000 -0.0000 -1.0000
vn 0.0000 -0.0000 -1.0000
vn 0.0000 -0.0000 -1.0000
vn 0.0000 -0.0000 -1.0000
vn 0.0000 -0.0000 -1.0000
vn 0.0000 -0.0000 -1.0000
vn 0.0000 -0.0000 -1.0000
vn 0.0000 0.0000 -1.0000
vn 0.0000 -1.0000 0.0000
vn 0.0000 -1.0000 0.0000
vn 1.0000 0.0000 0.0000
vn 1.0000 -0.0000 0.0000
vn 0.9808 0.1951 0.0000
vn 0.9808 0.1951 0.0000
vn 0.8315 0.5556 0.0000
vn 0.8315 0.5556 0.0000
vn 0.5556 0.8315 0.0000
vn 0.5556 0.8315 0.0000
vn 0.1951 0.9808 0.0000
vn 0.1951 0.9808 0.0000
vn -0.1951 0.9808 0.0000
vn -0.1951 0.9808 0.0000
vn -0.5556 0.8315 0.0000
vn -0.5556 0.8315 0.0000
vn -0.8315 0.5556 0.0000
vn -0.8315 0.5556 0.0000
vn -0.9808 0.1951 0.0000
vn -0.9808 0.1951 0.0000
vn -1.0000 0.0000 -0.0000
vn -1.0000 -0.0000 0.0000
vn -0.0000 1.0000 0.0000
vn 0.0000 1.0000 0.0000
vn 1.0000 0.0000 -0.0000
vn 1.0000 0.0000 0.0000
vn 0.0000 0.0000 1.0000
vn 0.0000 0.0000 1.0000
vn -1.0000 0.0000 -0.0000
vn -1.0000 -0.0000 0.0000
vn 0.0000 -1.0000 0.0000
vn 0.0000 -1.0000 0.0000
vn -0.0000 1.0000 0.0000
vn 0.0000 1.0000 0.0000
vn 1.0000 0.0000 -0.0000
vn 1.0000 0.0000 0.0000
vn 0.0000 0.0000 1.0000
vn 0.0000 0.0000 1.0000
vn -1.0000 0.0000 -0.0000
vn -1.0000 -0.0000 0.0000
vn 0.0000 -1.0000 0.0000
vn 0.0000 -1.0000 0.0000
vn -0.0000 1.0000 0.0000
vn 0.0000 1.0000 0.0000
vn 0.0000 0.0000 -1.0000
vn 0.0000 0.0000 -1.0000
vn 1.0000 0.0000 -0.0000
vn 1.0000 0.0000 0.0000
vn 0.0000 0.0000 1.0000
vn 0.0000 0.0000 1.0000
vn -1.0000 0.0000 -0.0000
vn -1.0000 -0.0000 0.0000
vn 0.0000 -1.0000 0.0000
vn 0.0000 -1.0000 0.0000
vn -0.0000 1.0000 0.0000
vn 0.0000 1.0000 0.0000
vn 0.0000 0.0000 -1.0000
vn 0.0000 0.0000 -1.0000
vn 1.0000 0.0000 -0.0000
vn 1.0000 0.0000 0.0000
vn 0.0000 0.0000 1.0000
vn 0.0000 0.0000 1.0000
vn -1.0000 0.0000 -0.0000
vn -1.0000 -0.0000 0.0000
vn 0.0000 -1.0000 0.0000
vn 0.0000 -1.0000 0.0000
vn -0.0000 1.0000 0.0000
vn 0.0000 1.0000 0.0000
vn 1.0000 0.0000 -0.0000
vn 1.0000 0.0000 0.0000
vn 0.0000 0.0000 1.0000
vn 0.0000 0.0000 1.0000
vn -1.0000 0.0000 -0.0000
vn -1.0000 -0.0000 0.0000
vn 0.0000 -1.0000 0.0000
vn 0.0000 -1.0000 0.0000
vn -0.0000 1.0000 0.0000
vn 0.0000 1.0000 0.0000
vn 0.0000 0.0000 -1.0000
vn 0.0000 0.0000 -1.0000
vn 1.0000 0.0000 -0.0000
vn 1.0000 0.0000 0.0000
vn 0.0000 0.0000 1.0000
vn 0.0000 0.0000 1.0000
vn -1.0000 0.0000 -0.0000
vn -1.0000 -0.0000 0.0000
vn 0.0000 -1.0000 0.0000
vn 0.0000 -1.0000 0.0000
vn -0.0000 1.0000 0.0000
vn 0.0000 1.0000 0.0000
vn 0.0000 0.0000 -1.0000
vn 0.0000 0.0000 -1.0000
vn 1.0000 0.0000 -0.0000
vn 1.0000 0.0000 0.0000
vn 0.0000 0.0000 1.0000
vn 0.0000 0.0000 1.0000
vn -1.0000 0.0000 -0.0000
vn -1.0000 -0.0000 0.0000
vn 0.0000 -1.0000 0.0000
vn 0.0000 -1.0000 0.0000
vn -0.0000 1.0000 0.0000
vn 0.0000 1.0000 0.0000
vn 0.0000 0.0000 -1.0000
vn 0.0000 0.0000 -1.0000
vn 1.0000 0.0000 -0.0000
vn 1.0000 0.0000 0.0000
vn 0.0000 0.0000 1.0000
vn 0.0000 0.0000 1.0000
vn -1.0000 0.0000 -0.0000
vn -1.0000 -0.0000 0.0000
vn 0.0000 -1.0000 0.0000
vn 0.0000 -1.0000 0.0000
vn -0.0000 1.0000 0.0000
vn 0.0000 1.0000 0.0000
vn 0.0000 0.0000 -1.0000
vn 0.0000 0.0000 -1.0000
vn 1.0000 0.0000 -0.0000
vn 1.0000 0.0000 0.0000
vn 0.0000 0.0000 1.0000
vn 0.0000 0.0000 1.0000
vn -1.0000 0.0000 -0.0000
vn -1.0000 -0.0000 0.0000
vn 0.0000 -1.0000 0.0000
vn 0.0000 -1.0000 0.0000
vn -0.0000 1.0000 0.0000
vn 0.0000 1.0000 0.0000
vn 0.0000 0.0000 -1.0000
vn 0.0000 0.0000 -1.0000
vn 1.0000 0.0000 -0.0000
vn 1.0000 0.0000 0.0000
vn 0.0000 0.0000 1.0000
vn 0.0000 0.0000 1.0000
vn -1.0000 0.0000 -0.0000
vn -1.0000 -0.0000 0.0000
vn 0.0000 -1.0000 0.0000
vn 0.0000 -1.0000 0.0000
vn -0.0000 1.0000 0.0000
vn 0.0000 1.0000 0.0000
vn 0.0000 0.0000 -1.0000
vn 0.0000 0.0000 -1.0000
vn 1.0000 0.0000 -0.0000
vn 1.0000 0.0000 0.0000
vn 0.0000 0.0000 1.0000
vn 0.0000 0.0000 1.0000
vn -1.0000 0.0000 -0.0000
vn -1.0000 -0.0000 0.0000
vn 0.0000 -1.0000 0.0000
vn 0.0000 -1.0000 0.0000
vn -0.0000 1.0000 0.0000
vn 0.0000 1.0000 0.0000
vn 1.0000 0.0000 -0.0000
vn 1.0000 0.0000 0.0000
vn 0.0000 0.0000 1.0000
vn 0.0000 0.0000 1.0000
vn -1.0000 0.0000 -0.0000
vn -1.0000 -0.0000 0.0000
vn 0.0000 -1.0000 0.0000
vn 0.0000 -1.0000 0.0000
vn -0.0000 1.0000 0.0000
vn 0.0000 1.0000 0.0000
vn 1.0000 0.0000 -0.0000
vn 1.0000 0.0000 0.0000
vn 0.0000 0.0000 1.0000
vn 0.0000 0.0000 1.0000
vn -1.0000 0.0000 -0.0000
vn -1.0000 -0.0000 0.0000
vn 0.0000 -1.0000 0.0000
vn 0.0000 -1.0000 0.0000
vn 0.0000 1.0000 0.0000
vn 0.0000 1.0000 0.0000
vn -0.2419 0.0000 -0.9703
vn -0.2419 -0.0000 -0.9703
vn 0.9703 0.0000 -0.2419
vn 0.9703 0.0000 -0.2419
vn 0.2419 0.0000 0.9703
vn 0.2419 0.0000 0.9703
vn -0.9703 0.0000 0.2419
vn -0.9703 0.0000 0.2419
vn 0.0000 -1.0000 0.0000
vn 0.0000 -1.0000 0.0000
vn 0.0000 1.0000 0.0000
vn 0.0000 1.0000 0.0000
vn -0.2419 0.0000 -0.9703
vn -0.2419 -0.0000 -0.9703
vn 0.9703 0.0000 -0.2419
vn 0.9703 0.0000 -0.2419
vn 0.2419 0.0000 0.9703
vn 0.2419 0.0000 0.9703
vn -0.9703 0.0000 0.2419
vn -0.9703 0.0000 0.2419
vn 0.0000 -1.0000 0.0000
vn 0.0000 -1.0000 0.0000
vn 0.0000 1.0000 0.0000
vn 0.0000 1.0000 0.0000
vn -0.2419 0.0000 -0.9703
vn -0.2419 -0.0000 -0.9703
vn 0.9703 0.0000 -0.2419
vn 0.9703 0.0000 -0.2419
vn 0.2419 0.0000 0.9703
vn 0.2419 0.0000 0.9703
vn -0.9703 0.0000 0.2419
vn -0.9703 0.0000 0.2419
vn 0.0000 -1.0000 0.0000
vn 0.0000 -1.0000 0.0000
vn 0.0000 1.0000 0.0000
vn 0.0000 1.0000 0.0000
vn -0.2419 0.0000 -0.9703
vn -0.2419 -0.0000 -0.9703
vn 0.9703 0.0000 -0.2419
vn 0.9703 0.0000 -0.2419
vn 0.2419 0.0000 0.9703
vn 0.2419 0.0000 0.9703
vn -0.9703 0.0000 0.2419
vn -0.9703 0.0000 0.2419
vn 0.0000 -1.0000 0.0000
vn 0.0000 -1.0000 0.0000
vn 0.0000 1.0000 0.0000
vn 0.0000 1.0000 0.0000
vn -0.2419 0.0000 -0.9703
vn -0.2419 -0.0000 -0.9703
vn 0.9703 0.0000 -0.2419
vn 0.9703 0.0000 -0.2419
vn 0.2419 0.0000 0.9703
vn 0.2419 0.0000 0.9703
vn -0.9703 0.0000 0.2419
vn -0.9703 0.0000 0.2419
vn 0.0000 -1.0000 0.0000
vn 0.0000 -1.0000 0.0000
vn 0.0000 1.0000 0.0000
vn -0.0000 1.0000 0.0000
vn 0.2419 0.0000 -0.9703
vn 0.2419 0.0000 -0.9703
vn 0.9703 0.0000 0.2419
vn 0.9703 0.0000 0.2419
vn -0.2419 0.0000 0.9703
vn -0.2419 0.0000 0.9703
vn -0.9703 0.0000 -0.2419
vn -0.9703 -0.0000 -0.2419
vn -0.0000 -1.0000 0.0000
vn 0.0000 -1.0000 0.0000
vn 0.0000 1.0000 0.0000
vn -0.0000 1.0000 0.0000
vn 0.2419 0.0000 -0.9703
vn 0.2419 0.0000 -0.9703
vn 0.9703 0.0000 0.2419
vn 0.9703 0.0000 0.2419
vn -0.2419 0.0000 0.9703
vn -0.2419 0.0000 0.9703
vn -0.9703 0.0000 -0.2419
vn -0.9703 -0.0000 -0.2419
vn -0.0000 -1.0000 0.0000
vn 0.0000 -1.0000 0.0000
vn 0.0000 1.0000 0.0000
vn -0.0000 1.0000 0.0000
vn 0.2419 0.0000 -0.9703
vn 0.2419 0.0000 -0.9703
vn 0.9703 0.0000 0.2419
vn 0.9703 0.0000 0.2419
vn -0.2419 0.0000 0.9703
vn -0.2419 0.0000 0.9703
vn -0.9703 0.0000 -0.2419
vn -0.9703 -0.0000 -0.2419
vn -0.0000 -1.0000 0.0000
vn 0.0000 -1.0000 0.0000
vn 0.0000 1.0000 0.0000
vn -0.0000 1.0000 0.0000
vn 0.2419 0.0000 -0.9703
vn 0.2419 0.0000 -0.9703
vn 0.9703 0.0000 0.2419
vn 0.9703 0.0000 0.2419
vn -0.2419 0.0000 0.9703
vn -0.2419 0.0000 0.9703
vn -0.9703 0.0000 -0.2419
vn -0.9703 -0.0000 -0.2419
vn -0.0000 -1.0000 0.0000
vn 0.0000 -1.0000 0.0000
vn 0.0000 1.0000 0.0000
vn -0.0000 1.0000 0.0000
vn 0.2419 0.0000 -0.9703
vn 0.2419 0.0000 -0.9703
vn 0.9703 0.0000 0.2419
vn 0.9703 0.0000 0.2419
vn -0.2419 0.0000 0.9703
vn -0.2419 0.0000 0.9703
vn -0.9703 0.0000 -0.2419
vn -0.9703 -0.0000 -0.2419
vn -0.0000 -1.0000 0.0000
vn 0.0000 -1.0000 0.0000
vn 0.9749 -0.2225 0.0000
vn 0.9749 -0.2225 0.0000
vn 0.7818 -0.6235 0.0000
vn 0.7818 -0.6235 0.0000
vn 0.4339 -0.9010 0.0000
vn 0.4339 -0.9010 0.0000
vn -0.0000 -1.0000 0.0000
vn 0.0000 -1.0000 -0.0000
vn -0.4339 -0.9010 0.0000
vn -0.4339 -0.9010 -0.0000
vn -0.7818 -0.6235 0.0000
vn -0.7818 -0.6235 -0.0000
vn -0.9749 -0.2225 0.0000
vn -0.9749 -0.2225 -0.0000
vn -0.9749 0.2225 0.0000
vn -0.9749 0.2225 0.0000
vn -0.7818 0.6235 0.0000
vn -0.7818 0.6235 0.0000
vn -0.4339 0.9010 0.0000
vn -0.4339 0.9010 0.0000
vn -0.0000 1.0000 0.0000
vn 0.0000 1.0000 0.0000
vn 0.4339 0.9010 0.0000
vn 0.4339 0.9010 0.0000
vn 0.7818 0.6235 0.0000
vn 0.7818 0.6235 0.0000
vn 0.9749 0.2225 0.0000
vn 0.9749 0.2225 0.0000
vn 0.0000 0.0000 1.0000
vn 0.0000 0.0000 1.0000
vn 0.0000 0.0000 1.0000
vn 0.0000 0.0000 1.0000
vn 0.0000 0.0000 1.0000
vn 0.0000 0.0000 1.0000
vn 0.0000 0.0000 1.0000
vn 0.0000 0.0000 1.0000
vn 0.0000 0.0000 1.0000
vn 0.0000 0.0000 1.0000
vn 0.0000 0.0000 1.0000
vn 0.0000 0.0000 1.0000
vn 0.9749 -0.2225 0.0000
vn 0.9749 -0.2225 0.0000
vn 0.7818 -0.6235 0.0000
vn 0.7818 -0.6235 0.0000
vn 0.4339 -0.9010 0.0000
vn 0.4339 -0.9010 0.0000
vn -0.0000 -1.0000 0.0000
vn 0.0000 -1.0000 -0.0000
vn -0.4339 -0.9010 0.0000
vn -0.4339 -0.9010 -0.0000
vn -0.7818 -0.6235 0.0000
vn -0.7818 -0.6235 -0.0000
vn -0.9749 -0.2225 0.0000
vn -0.9749 -0.2225 -0.0000
vn -0.9749 0.2225 0.0000
vn -0.9749 0.2225 0.0000
vn -0.7818 0.6235 0.0000
vn -0.7818 0.6235 0.0000
vn -0.4339 0.9010 0.0000
vn -0.4339 0.9010 0.0000
vn -0.0000 1.0000 0.0000
vn 0.0000 1.0000 0.0000
vn 0.4339 0.9010 0.0000
vn 0.4339 0.9010 0.0000
vn 0.7818 0.6235 0.0000
vn 0.7818 0.6235 0.0000
vn 0.9749 0.2225 0.0000
vn 0.9749 0.2225 0.0000
vn 0.0000 0.0000 1.0000
vn 0.0000 0.0000 1.0000
vn 0.0000 0.0000 1.0000
vn 0.0000 0.0000 1.0000
vn 0.0000 0.0000 1.0000
vn 0.0000 0.0000 1.0000
vn 0.0000 0.0000 1.0000
vn 0.0000 0.0000 1.0000
vn 0.0000 0.0000 1.0000
vn 0.0000 0.0000 1.0000
vn 0.0000 0.0000 1.0000
vn 0.0000 0.0000 1.0000
vn 0.0000 0.0000 1.0000
vn 0.0000 0.0000 1.0000
vn -0.9749 0.2225 0.0000
vn -0.9749 0.2225 0.0000
vn 0.0000 0.0000 -1.0000
vn 0.0000 -0.0000 -1.0000
vn 0.9749 -0.2225 0.0000
vn 0.9749 -0.2225 0.0000
vn 0.0000 0.0000 1.0000
vn 0.0000 0.0000 1.0000
vn -0.7818 0.6235 0.0000
vn -0.7818 0.6235 0.0000
vn 0.0000 -0.0000 -1.0000
vn 0.0000 0.0000 -1.0000
vn 0.7818 -0.6235 0.0000
vn 0.7818 -0.6235 0.0000
vn 0.0000 0.0000 1.0000
vn 0.0000 0.0000 1.0000
vn -0.4339 0.9010 0.0000
vn -0.4339 0.9010 0.0000
vn 0.0000 -0.0000 -1.0000
vn 0.0000 0.0000 -1.0000
vn 0.4339 -0.9010 0.0000
vn 0.4339 -0.9010 0.0000
vn 0.0000 0.0000 1.0000
vn 0.0000 0.0000 1.0000
vn 0.0000 1.0000 0.0000
vn 0.0000 1.0000 0.0000
vn 0.0000 -0.0000 -1.0000
vn -0.0000 0.0000 -1.0000
vn 0.0000 -1.0000 0.0000
vn 0.0000 -1.0000 0.0000
vn 0.0000 -0.0000 1.0000
vn 0.0000 0.0000 1.0000
vn 0.4339 0.9010 0.0000
vn 0.4339 0.9010 0.0000
vn -0.0000 0.0000 -1.0000
vn 0.0000 0.0000 -1.0000
vn -0.4339 -0.9010 0.0000
vn -0.4339 -0.9010 0.0000
vn 0.0000 -0.0000 1.0000
vn 0.0000 0.0000 1.0000
vn 0.7818 0.6235 0.0000
vn 0.7818 0.6235 0.0000
vn -0.0000 0.0000 -1.0000
vn 0.0000 0.0000 -1.0000
vn -0.7818 -0.6235 0.0000
vn -0.7818 -0.6235 0.0000
vn 0.0000 0.0000 1.0000
vn 0.0000 -0.0000 1.0000
vn 0.9749 0.2225 0.0000
vn 0.9749 0.2225 0.0000
vn -0.0000 0.0000 -1.0000
vn 0.0000 0.0000 -1.0000
vn -0.9749 -0.2225 0.0000
vn -0.9749 -0.2225 0.0000
vn 0.0000 0.0000 1.0000
vn 0.0000 0.0000 1.0000
vn 0.9749 -0.2225 0.0000
vn 0.9749 -0.2225 0.0000
vn 0.0000 0.0000 -1.0000
vn 0.0000 0.0000 -1.0000
vn -0.9749 0.2225 0.0000
vn -0.9749 0.2225 0.0000
vn -0.0000 0.0000 1.0000
vn 0.0000 0.0000 1.0000
vn 0.7818 -0.6235 0.0000
vn 0.7818 -0.6235 0.0000
vn 0.0000 0.0000 -1.0000
vn 0.0000 0.0000 -1.0000
vn -0.7818 0.6235 0.0000
vn -0.7818 0.6235 0.0000
vn -0.0000 0.0000 1.0000
vn 0.0000 0.0000 1.0000
vn 0.4339 -0.9010 0.0000
vn 0.4339 -0.9010 0.0000
vn 0.0000 0.0000 -1.0000
vn 0.0000 0.0000 -1.0000
vn -0.4339 0.9010 0.0000
vn -0.4339 0.9010 0.0000
vn 0.0000 0.0000 1.0000
vn -0.0000 0.0000 1.0000
vn 0.0000 -1.0000 0.0000
vn 0.0000 -1.0000 0.0000
vn 0.0000 0.0000 -1.0000
vn 0.0000 0.0000 -1.0000
vn 0.0000 1.0000 0.0000
vn 0.0000 1.0000 0.0000
vn 0.0000 0.0000 1.0000
vn 0.0000 0.0000 1.0000
vn -0.4339 -0.9010 -0.0000
vn -0.4339 -0.9010 0.0000
vn 0.0000 0.0000 -1.0000
vn 0.0000 0.0000 -1.0000
vn 0.4339 0.9010 -0.0000
vn 0.4339 0.9010 0.0000
vn 0.0000 0.0000 1.0000
vn 0.0000 0.0000 1.0000
vn -0.7818 -0.6235 -0.0000
vn -0.7818 -0.6235 0.0000
vn 0.0000 0.0000 -1.0000
vn 0.0000 0.0000 -1.0000
vn 0.7818 0.6235 -0.0000
vn 0.7818 0.6235 0.0000
vn 0.0000 0.0000 1.0000
vn 0.0000 0.0000 1.0000
vn -0.9749 -0.2225 -0.0000
vn -0.9749 -0.2225 0.0000
vn 0.0000 0.0000 -1.0000
vn 0.0000 0.0000 -1.0000
vn 0.9749 0.2225 -0.0000
vn 0.9749 0.2225 0.0000
vn 0.9239 -0.3827 0.0000
vn 0.9239 -0.3827 0.0000
vn 0.3827 -0.9239 0.0000
vn 0.3827 -0.9239 0.0000
vn -0.3827 -0.9239 0.0000
vn -0.3827 -0.9239 -0.0000
vn -0.9239 -0.3827 0.0000
vn -0.9239 -0.3827 -0.0000
vn -0.9239 0.3827 0.0000
vn -0.9239 0.3827 0.0000
vn -0.3827 0.9239 0.0000
vn -0.3827 0.9239 0.0000
vn 0.3827 0.9239 0.0000
vn 0.3827 0.9239 0.0000
vn 0.9239 0.3827 0.0000
vn 0.9239 0.3827 0.0000
vn 0.0000 0.0000 1.0000
vn 0.0000 0.0000 1.0000
vn 0.0000 0.0000 1.0000
vn 0.0000 0.0000 1.0000
vn 0.0000 0.0000 1.0000
vn 0.0000 0.0000 1.0000
vn -1.0000 0.0000 0.0000
vn -1.0000 0.0000 0.0000
vn 0.0000 0.0000 -1.0000
vn 0.0000 0.0000 -1.0000
vn 0.0000 1.0000 0.0000
vn 0.0000 1.0000 0.0000
vn 0.0000 0.0000 1.0000
vn -0.0000 0.0000 1.0000
vn 0.0000 -1.0000 0.0000
vn 0.0000 -1.0000 0.0000
vn 1.0000 0.0000 -0.0000
vn 1.0000 0.0000 0.0000
vn -0.7071 -0.7071 0.0000
vn -0.7071 -0.7071 -0.0000
vn 0.0000 0.0000 -1.0000
vn 0.0000 0.0000 -1.0000
vn -0.7071 0.7071 0.0000
vn -0.7071 0.7071 0.0000
vn -0.0000 0.0000 1.0000
vn 0.0000 0.0000 1.0000
vn 0.7071 -0.7071 0.0000
vn 0.7071 -0.7071 0.0000
vn 0.7071 0.7071 -0.0000
vn 0.7071 0.7071 0.0000
vn 0.0000 -1.0000 0.0000
vn 0.0000 -1.0000 0.0000
vn 0.0000 0.0000 1.0000
vn 0.0000 0.0000 1.0000
vn 1.0000 -0.0000 0.0000
vn 1.0000 -0.0000 0.0000
vn 0.0000 0.0000 -1.0000
vn 0.0000 0.0000 -1.0000
vn -1.0000 0.0000 0.0000
vn -1.0000 0.0000 0.0000
vn 0.0000 1.0000 0.0000
vn 0.0000 1.0000 0.0000
vn 0.7071 -0.7071 0.0000
vn 0.7071 -0.7071 0.0000
vn 0.0000 -0.0000 1.0000
vn 0.0000 0.0000 1.0000
vn 0.7071 0.7071 0.0000
vn 0.7071 0.7071 0.0000
vn -0.0000 0.0000 -1.0000
vn 0.0000 0.0000 -1.0000
vn -0.7071 -0.7071 0.0000
vn -0.7071 -0.7071 0.0000
vn -0.7071 0.7071 0.0000
vn -0.7071 0.7071 0.0000
vn 1.0000 0.0000 0.0000
vn 1.0000 0.0000 0.0000
vn 1.0000 0.0000 0.0000
vn 1.0000 0.0000 0.0000
vn 1.0000 0.0000 0.0000
vn 1.0000 0.0000 0.0000
vn 1.0000 0.0000 0.0000
vn 1.0000 0.0000 0.0000
vn 1.0000 0.0000 0.0000
vn -1.0000 0.0000 0.0000
vn -1.0000 0.0000 0.0000
vn -1.0000 -0.0000 0.0000
vn -1.0000 -0.0000 0.0000
vn -1.0000 -0.0000 0.0000
vn -1.0000 -0.0000 0.0000
vn -1.0000 -0.0000 -0.0000
vn -1.0000 -0.0000 -0.0000
vn -1.0000 0.0000 0.0000
vn -0.0000 -1.0000 0.0000
vn 0.0000 -1.0000 -0.0000
vn 0.0000 0.0000 -1.0000
vn 0.0000 0.0000 -1.0000
vn 0.0000 0.2321 -0.9727
vn 0.0000 0.2321 -0.9727
vn 0.0000 0.6254 -0.7803
vn 0.0000 0.6254 -0.7803
vn 0.0000 0.8736 -0.4866
vn 0.0000 0.8736 -0.4866
vn 0.0000 0.9865 -0.1636
vn 0.0000 0.9865 -0.1636
vn 0.0000 0.9865 0.1636
vn 0.0000 0.9865 0.1636
vn 0.0000 0.8736 0.4866
vn 0.0000 0.8736 0.4866
vn 0.0000 0.6254 0.7803
vn 0.0000 0.6254 0.7803
vn 0.0000 0.2321 0.9727
vn 0.0000 0.2321 0.9727
vn 0.0000 0.0000 1.0000
vn 0.0000 0.0000 1.0000
vn 1.0000 0.0000 0.0000
vn 1.0000 0.0000 0.0000
vn 1.0000 0.0000 0.0000
vn 1.0000 0.0000 0.0000
vn 1.0000 0.0000 0.0000
vn 1.0000 0.0000 0.0000
vn 1.0000 0.0000 0.0000
vn 1.0000 0.0000 0.0000
vn 1.0000 0.0000 0.0000
vn -1.0000 0.0000 0.0000
vn -1.0000 0.0000 0.0000
vn -1.0000 -0.0000 0.0000
vn -1.0000 -0.0000 0.0000
vn -1.0000 -0.0000 0.0000
vn -1.0000 -0.0000 0.0000
vn -1.0000 -0.0000 -0.0000
vn -1.0000 -0.0000 -0.0000
vn -1.0000 0.0000 0.0000
vn -0.0000 -1.0000 0.0000
vn 0.0000 -1.0000 -0.0000
vn 0.0000 0.0000 -1.0000
vn 0.0000 0.0000 -1.0000
vn 0.0000 0.1951 -0.9808
vn 0.0000 0.1951 -0.9808
vn 0.0000 0.5556 -0.8315
vn 0.0000 0.5556 -0.8315
vn 0.0000 0.8315 -0.5556
vn 0.0000 0.8315 -0.5556
vn 0.0000 0.9808 -0.1951
vn 0.0000 0.9808 -0.1951
vn 0.0000 0.9808 0.1951
vn 0.0000 0.9808 0.1951
vn 0.0000 0.8315 0.5556
vn 0.0000 0.8315 0.5556
vn 0.0000 0.5556 0.8315
vn 0.0000 0.5556 0.8315
vn 0.0000 0.1951 0.9808
vn 0.0000 0.1951 0.9808
vn 0.0000 0.0000 1.0000
vn 0.0000 0.0000 1.0000
vn 0.0000 1.0000 0.0000
vn 0.0000 1.0000 0.0000
vn 0.0000 0.0000 -1.0000
vn 0.0000 0.0000 -1.0000
vn 1.0000 0.0000 -0.0000
vn 1.0000 0.0000 0.0000
vn 0.0000 0.0000 1.0000
vn 0.0000 0.0000 1.0000
vn 0.0000 -1.0000 0.0000
vn 0.0000 -1.0000 0.0000
vn 0.0000 1.0000 0.0000
vn 0.0000 1.0000 0.0000
vn 0.0000 0.0000 -1.0000
vn 0.0000 0.0000 -1.0000
vn 1.0000 0.0000 -0.0000
vn 1.0000 0.0000 0.0000
vn 0.0000 0.0000 1.0000
vn 0.0000 0.0000 1.0000
vn 0.0000 -1.0000 0.0000
vn 0.0000 -1.0000 0.0000
vn 0.0000 1.0000 0.0000
vn 0.0000 1.0000 0.0000
vn -1.0000 0.0000 -0.0000
vn -1.0000 -0.0000 0.0000
vn 0.0000 0.0000 -1.0000
vn 0.0000 0.0000 -1.0000
vn 1.0000 0.0000 -0.0000
vn 1.0000 0.0000 0.0000
vn 0.0000 0.0000 1.0000
vn 0.0000 0.0000 1.0000
vn 0.0000 -1.0000 0.0000
vn 0.0000 -1.0000 0.0000
vn 0.0000 1.0000 0.0000
vn 0.0000 1.0000 0.0000
vn -1.0000 0.0000 -0.0000
vn -1.0000 -0.0000 0.0000
vn 0.0000 0.0000 -1.0000
vn 0.0000 0.0000 -1.0000
vn 1.0000 0.0000 -0.0000
vn 1.0000 0.0000 0.0000
vn 0.0000 0.0000 1.0000
vn 0.0000 0.0000 1.0000
vn 0.0000 -1.0000 0.0000
vn 0.0000 -1.0000 0.0000
vn 0.0000 1.0000 0.0000
vn 0.0000 1.0000 0.0000
vn 0.0000 0.0000 -1.0000
vn 0.0000 0.0000 -1.0000
vn 1.0000 0.0000 -0.0000
vn 1.0000 0.0000 0.0000
vn 0.0000 0.0000 1.0000
vn 0.0000 0.0000 1.0000
vn 0.0000 -1.0000 0.0000
vn 0.0000 -1.0000 0.0000
vn 0.0000 1.0000 0.0000
vn 0.0000 1.0000 0.0000
vn -1.0000 0.0000 -0.0000
vn -1.0000 -0.0000 0.0000
vn 0.0000 0.0000 -1.0000
vn 0.0000 0.0000 -1.0000
vn 1.0000 0.0000 -0.0000
vn 1.0000 0.0000 0.0000
vn 0.0000 0.0000 1.0000
vn 0.0000 0.0000 1.0000
vn 0.0000 -1.0000 0.0000
vn 0.0000 -1.0000 0.0000
vn 0.0000 1.0000 0.0000
vn 0.0000 1.0000 0.0000
vn -1.0000 0.0000 -0.0000
vn -1.0000 -0.0000 0.0000
vn 0.0000 0.0000 -1.0000
vn 0.0000 0.0000 -1.0000
vn 1.0000 0.0000 -0.0000
vn 1.0000 0.0000 0.0000
vn 0.0000 0.0000 1.0000
vn 0.0000 0.0000 1.0000
vn 0.0000 -1.0000 0.0000
vn 0.0000 -1.0000 0.0000
vn 0.0000 1.0000 0.0000
vn 0.0000 1.0000 0.0000
vn -1.0000 0.0000 -0.0000
vn -1.0000 -0.0000 0.0000
vn 0.0000 0.0000 -1.0000
vn 0.0000 0.0000 -1.0000
vn 1.0000 0.0000 -0.0000
vn 1.0000 0.0000 0.0000
vn 0.0000 0.0000 1.0000
vn 0.0000 0.0000 1.0000
vn 0.0000 -1.0000 0.0000
vn 0.0000 -1.0000 0.0000
vn 0.0000 1.0000 0.0000
vn 0.0000 1.0000 0.0000
vn -1.0000 0.0000 -0.0000
vn -1.0000 -0.0000 0.0000
vn 0.0000 0.0000 -1.0000
vn 0.0000 0.0000 -1.0000
vn 1.0000 0.0000 -0.0000
vn 1.0000 0.0000 0.0000
vn 0.0000 0.0000 1.0000
vn 0.0000 0.0000 1.0000
vn 0.0000 -1.0000 0.0000
vn 0.0000 -1.0000 0.0000
vn 0.0000 1.0000 0.0000
vn 0.0000 1.0000 0.0000
vn -1.0000 0.0000 -0.0000
vn -1.0000 -0.0000 0.0000
vn 0.0000 0.0000 -1.0000
vn 0.0000 0.0000 -1.0000
vn 1.0000 0.0000 -0.0000
vn 1.0000 0.0000 0.0000
vn 0.0000 0.0000 1.0000
vn 0.0000 0.0000 1.0000
vn 0.0000 -1.0000 0.0000
vn 0.0000 -1.0000 0.0000
vn 0.0000 1.0000 0.0000
vn 0.0000 1.0000 0.0000
vn -1.0000 0.0000 -0.0000
vn -1.0000 -0.0000 0.0000
vn 0.0000 0.0000 -1.0000
vn 0.0000 0.0000 -1.0000
vn 1.0000 0.0000 -0.0000
vn 1.0000 0.0000 0.0000
vn 0.0000 0.0000 1.0000
vn 0.0000 0.0000 1.0000
vn 0.0000 -1.0000 0.0000
vn 0.0000 -1.0000 0.0000
vn 0.0000 1.0000 0.0000
vn 0.0000 1.0000 0.0000
vn 0.0000 0.0000 -1.0000
vn 0.0000 0.0000 -1.0000
vn 1.0000 0.0000 -0.0000
vn 1.0000 0.0000 0.0000
vn 0.0000 0.0000 1.0000
vn 0.0000 0.0000 1.0000
vn 0.0000 -1.0000 0.0000
vn 0.0000 -1.0000 0.0000
vn 0.0000 1.0000 0.0000
vn 0.0000 1.0000 0.0000
vn 0.0000 0.0000 -1.0000
vn 0.0000 0.0000 -1.0000
vn 1.0000 0.0000 -0.0000
vn 1.0000 0.0000 0.0000
vn 0.0000 0.0000 1.0000
vn 0.0000 0.0000 1.0000
vn 0.0000 -1.0000 0.0000
vn 0.0000 -1.0000 0.0000
vn 0.0000 1.0000 0.0000
vn 0.0000 1.0000 0.0000
vn -0.9703 0.0000 0.2419
vn -0.9703 0.0000 0.2419
vn -0.2419 0.0000 -0.9703
vn -0.2419 -0.0000 -0.9703
vn 0.9703 0.0000 -0.2419
vn 0.9703 0.0000 -0.2419
vn 0.2419 0.0000 0.9703
vn 0.2419 0.0000 0.9703
vn 0.0000 -1.0000 0.0000
vn 0.0000 -1.0000 0.0000
vn 0.0000 1.0000 0.0000
vn 0.0000 1.0000 0.0000
vn -0.9703 0.0000 0.2419
vn -0.9703 0.0000 0.2419
vn -0.2419 0.0000 -0.9703
vn -0.2419 -0.0000 -0.9703
vn 0.9703 0.0000 -0.2419
vn 0.9703 0.0000 -0.2419
vn 0.2419 0.0000 0.9703
vn 0.2419 0.0000 0.9703
vn 0.0000 -1.0000 0.0000
vn 0.0000 -1.0000 0.0000
vn 0.0000 1.0000 0.0000
vn 0.0000 1.0000 0.0000
vn -0.9703 0.0000 0.2419
vn -0.9703 0.0000 0.2419
vn -0.2419 0.0000 -0.9703
vn -0.2419 -0.0000 -0.9703
vn 0.9703 0.0000 -0.2419
vn 0.9703 0.0000 -0.2419
vn 0.2419 0.0000 0.9703
vn 0.2419 0.0000 0.9703
vn 0.0000 -1.0000 0.0000
vn 0.0000 -1.0000 0.0000
vn 0.0000 1.0000 0.0000
vn 0.0000 1.0000 0.0000
vn -0.9703 0.0000 0.2419
vn -0.9703 0.0000 0.2419
vn -0.2419 0.0000 -0.9703
vn -0.2419 -0.0000 -0.9703
vn 0.9703 0.0000 -0.2419
vn 0.9703 0.0000 -0.2419
vn 0.2419 0.0000 0.9703
vn 0.2419 0.0000 0.9703
vn 0.0000 -1.0000 0.0000
vn 0.0000 -1.0000 0.0000
vn 0.0000 1.0000 0.0000
vn 0.0000 1.0000 0.0000
vn -0.9703 0.0000 0.2419
vn -0.9703 0.0000 0.2419
vn -0.2419 0.0000 -0.9703
vn -0.2419 -0.0000 -0.9703
vn 0.9703 0.0000 -0.2419
vn 0.9703 0.0000 -0.2419
vn 0.2419 0.0000 0.9703
vn 0.2419 0.0000 0.9703
vn 0.0000 -1.0000 0.0000
vn 0.0000 -1.0000 0.0000
vn 0.0000 1.0000 0.0000
vn 0.0000 1.0000 0.0000
vn -0.9703 0.0000 -0.2419
vn -0.9703 -0.0000 -0.2419
vn 0.2419 0.0000 -0.9703
vn 0.2419 0.0000 -0.9703
vn 0.9703 0.0000 0.2419
vn 0.9703 0.0000 0.2419
vn -0.2419 0.0000 0.9703
vn -0.2419 0.0000 0.9703
vn 0.0000 -1.0000 0.0000
vn 0.0000 -1.0000 0.0000
vn 0.0000 1.0000 0.0000
vn 0.0000 1.0000 0.0000
vn -0.9703 0.0000 -0.2419
vn -0.9703 -0.0000 -0.2419
vn 0.2419 0.0000 -0.9703
vn 0.2419 0.0000 -0.9703
vn 0.9703 0.0000 0.2419
vn 0.9703 0.0000 0.2419
vn -0.2419 0.0000 0.9703
vn -0.2419 0.0000 0.9703
vn 0.0000 -1.0000 0.0000
vn 0.0000 -1.0000 0.0000
vn 0.0000 1.0000 0.0000
vn 0.0000 1.0000 0.0000
vn -0.9703 0.0000 -0.2419
vn -0.9703 -0.0000 -0.2419
vn 0.2419 0.0000 -0.9703
vn 0.2419 0.0000 -0.9703
vn 0.9703 0.0000 0.2419
vn 0.9703 0.0000 0.2419
vn -0.2419 0.0000 0.9703
vn -0.2419 0.0000 0.9703
vn 0.0000 -1.0000 0.0000
vn 0.0000 -1.0000 0.0000
vn 0.0000 1.0000 0.0000
vn 0.0000 1.0000 0.0000
vn -0.9703 0.0000 -0.2419
vn -0.9703 -0.0000 -0.2419
vn 0.2419 0.0000 -0.9703
vn 0.2419 0.0000 -0.9703
vn 0.9703 0.0000 0.2419
vn 0.9703 0.0000 0.2419
vn -0.2419 0.0000 0.9703
vn -0.2419 0.0000 0.9703
vn 0.0000 -1.0000 0.0000
vn 0.0000 -1.0000 0.0000
vn 0.0000 1.0000 0.0000
vn 0.0000 1.0000 0.0000
vn -0.9703 0.0000 -0.2419
vn -0.9703 -0.0000 -0.2419
vn 0.2419 0.0000 -0.9703
vn 0.2419 0.0000 -0.9703
vn 0.9703 0.0000 0.2419
vn 0.9703 0.0000 0.2419
vn -0.2419 0.0000 0.9703
vn -0.2419 0.0000 0.9703
vn 0.0000 -1.0000 0.0000
vn 0.0000 -1.0000 0.0000
vn 1.0000 0.0000 0.0000
vn 1.0000 0.0000 0.0000
vn 1.0000 0.0000 0.0000
vn 1.0000 0.0000 0.0000
vn 1.0000 0.0000 0.0000
vn 1.0000 0.0000 0.0000
vn 1.0000 0.0000 0.0000
vn 1.0000 0.0000 0.0000
vn 1.0000 0.0000 0.0000
vn -1.0000 0.0000 0.0000
vn -1.0000 0.0000 0.0000
vn -1.0000 -0.0000 0.0000
vn -1.0000 -0.0000 0.0000
vn -1.0000 -0.0000 0.0000
vn -1.0000 -0.0000 0.0000
vn -1.0000 -0.0000 -0.0000
vn -1.0000 -0.0000 -0.0000
vn -1.0000 0.0000 0.0000
vn -0.0000 -1.0000 0.0000
vn 0.0000 -1.0000 -0.0000
vn 0.0000 0.0000 -1.0000
vn 0.0000 0.0000 -1.0000
vn 0.0000 0.2321 -0.9727
vn 0.0000 0.2321 -0.9727
vn 0.0000 0.6254 -0.7803
vn 0.0000 0.6254 -0.7803
vn 0.0000 0.8736 -0.4866
vn 0.0000 0.8736 -0.4866
vn 0.0000 0.9865 -0.1636
vn 0.0000 0.9865 -0.1636
vn 0.0000 0.9865 0.1636
vn 0.0000 0.9865 0.1636
vn 0.0000 0.8736 0.4866
vn 0.0000 0.8736 0.4866
vn 0.0000 0.6254 0.7803
vn 0.0000 0.6254 0.7803
vn 0.0000 0.2321 0.9727
vn 0.0000 0.2321 0.9727
vn 0.0000 0.0000 1.0000
vn 0.0000 0.0000 1.0000
vn 1.0000 0.0000 0.0000
vn 1.0000 0.0000 0.0000
vn 1.0000 0.0000 0.0000
vn 1.0000 0.0000 0.0000
vn 1.0000 0.0000 0.0000
vn 1.0000 0.0000 0.0000
vn 1.0000 0.0000 0.0000
vn 1.0000 0.0000 0.0000
vn 1.0000 0.0000 0.0000
vn -1.0000 0.0000 0.0000
vn -1.0000 0.0000 0.0000
vn -1.0000 -0.0000 0.0000
vn -1.0000 -0.0000 0.0000
vn -1.0000 -0.0000 0.0000
vn -1.0000 -0.0000 0.0000
vn -1.0000 -0.0000 -0.0000
vn -1.0000 -0.0000 -0.0000
vn -1.0000 0.0000 0.0000
vn -0.0000 -1.0000 0.0000
vn 0.0000 -1.0000 -0.0000
vn 0.0000 0.0000 -1.0000
vn 0.0000 0.0000 -1.0000
vn 0.0000 0.1951 -0.9808
vn 0.0000 0.1951 -0.9808
vn 0.0000 0.5556 -0.8315
vn 0.0000 0.5556 -0.8315
vn 0.0000 0.8315 -0.5556
vn 0.0000 0.8315 -0.5556
vn 0.0000 0.9808 -0.1951
vn 0.0000 0.9808 -0.1951
vn 0.0000 0.9808 0.1951
vn 0.0000 0.9808 0.1951
vn 0.0000 0.8315 0.5556
vn 0.0000 0.8315 0.5556
vn 0.0000 0.5556 0.8315
vn 0.0000 0.5556 0.8315
vn 0.0000 0.1951 0.9808
vn 0.0000 0.1951 0.9808
vn 0.0000 0.0000 1.0000
vn 0.0000 0.0000 1.0000
vn 0.0000 1.0000 0.0000
vn 0.0000 1.0000 0.0000
vn 0.0000 0.0000 -1.0000
vn 0.0000 0.0000 -1.0000
vn 1.0000 0.0000 -0.0000
vn 1.0000 0.0000 0.0000
vn 0.0000 0.0000 1.0000
vn 0.0000 0.0000 1.0000
vn 0.0000 -1.0000 0.0000
vn 0.0000 -1.0000 0.0000
vn 0.0000 1.0000 0.0000
vn 0.0000 1.0000 0.0000
vn 0.0000 0.0000 -1.0000
vn 0.0000 0.0000 -1.0000
vn 1.0000 0.0000 -0.0000
vn 1.0000 0.0000 0.0000
vn 0.0000 0.0000 1.0000
vn 0.0000 0.0000 1.0000
vn 0.0000 -1.0000 0.0000
vn 0.0000 -1.0000 0.0000
vn 0.0000 1.0000 0.0000
vn 0.0000 1.0000 0.0000
vn -1.0000 0.0000 -0.0000
vn -1.0000 -0.0000 0.0000
vn 0.0000 0.0000 -1.0000
vn 0.0000 0.0000 -1.0000
vn 1.0000 0.0000 -0.0000
vn 1.0000 0.0000 0.0000
vn 0.0000 0.0000 1.0000
vn 0.0000 0.0000 1.0000
vn 0.0000 -1.0000 0.0000
vn 0.0000 -1.0000 0.0000
vn 0.0000 1.0000 0.0000
vn 0.0000 1.0000 0.0000
vn -1.0000 0.0000 -0.0000
vn -1.0000 -0.0000 0.0000
vn 0.0000 0.0000 -1.0000
vn 0.0000 0.0000 -1.0000
vn 1.0000 0.0000 -0.0000
vn 1.0000 0.0000 0.0000
vn 0.0000 0.0000 1.0000
vn 0.0000 0.0000 1.0000
vn 0.0000 -1.0000 0.0000
vn 0.0000 -1.0000 0.0000
vn 0.0000 1.0000 0.0000
vn 0.0000 1.0000 0.0000
vn 0.0000 0.0000 -1.0000
vn 0.0000 0.0000 -1.0000
vn 1.0000 0.0000 -0.0000
vn 1.0000 0.0000 0.0000
vn 0.0000 0.0000 1.0000
vn 0.0000 0.0000 1.0000
vn 0.0000 -1.0000 0.0000
vn 0.0000 -1.0000 0.0000
vn 0.0000 1.0000 0.0000
vn 0.0000 1.0000 0.0000
vn -1.0000 0.0000 -0.0000
vn -1.0000 -0.0000 0.0000
vn 0.0000 0.0000 -1.0000
vn 0.0000 0.0000 -1.0000
vn 1.0000 0.0000 -0.0000
vn 1.0000 0.0000 0.0000
vn 0.0000 0.0000 1.0000
vn 0.0000 0.0000 1.0000
vn 0.0000 -1.0000 0.0000
vn 0.0000 -1.0000 0.0000
vn 0.0000 1.0000 0.0000
vn 0.0000 1.0000 0.0000
vn -1.0000 0.0000 -0.0000
vn -1.0000 -0.0000 0.0000
vn 0.0000 0.0000 -1.0000
vn 0.0000 0.0000 -1.0000
vn 1.0000 0.0000 -0.0000
vn 1.0000 0.0000 0.0000
vn 0.0000 0.0000 1.0000
vn 0.0000 0.0000 1.0000
vn 0.0000 -1.0000 0.0000
vn 0.0000 -1.0000 0.0000
vn 0.0000 1.0000 0.0000
vn 0.0000 1.0000 0.0000
vn -1.0000 0.0000 -0.0000
vn -1.0000 -0.0000 0.0000
vn 0.0000 0.0000 -1.0000
vn 0.0000 0.0000 -1.0000
vn 1.0000 0.0000 -0.0000
vn 1.0000 0.0000 0.0000
vn 0.0000 0.0000 1.0000
vn 0.0000 0.0000 1.0000
vn 0.0000 -1.0000 0.0000
vn 0.0000 -1.0000 0.0000
vn 0.0000 1.0000 0.0000
vn 0.0000 1.0000 0.0000
vn -1.0000 0.0000 -0.0000
vn -1.0000 -0.0000 0.0000
vn 0.0000 0.0000 -1.0000
vn 0.0000 0.0000 -1.0000
vn 1.0000 0.0000 -0.0000
vn 1.0000 0.0000 0.0000
vn 0.0000 0.0000 1.0000
vn 0.0000 0.0000 1.0000
vn 0.0000 -1.0000 0.0000
vn 0.0000 -1.0000 0.0000
vn 0.0000 1.0000 0.0000
vn 0.0000 1.0000 0.0000
vn -1.0000 0.0000 -0.0000
vn -1.0000 -0.0000 0.0000
vn 0.0000 0.0000 -1.0000
vn 0.0000 0.0000 -1.0000
vn 1.0000 0.0000 -0.0000
vn 1.0000 0.0000 0.0000
vn 0.0000 0.0000 1.0000
vn 0.0000 0.0000 1.0000
vn 0.0000 -1.0000 0.0000
vn 0.0000 -1.0000 0.0000
vn 0.0000 1.0000 0.0000
vn 0.0000 1.0000 0.0000
vn -1.0000 0.0000 -0.0000
vn -1.0000 -0.0000 0.0000
vn 0.0000 0.0000 -1.0000
vn 0.0000 0.0000 -1.0000
vn 1.0000 0.0000 -0.0000
vn 1.0000 0.0000 0.0000
vn 0.0000 0.0000 1.0000
vn 0.0000 0.0000 1.0000
vn 0.0000 -1.0000 0.0000
vn 0.0000 -1.0000 0.0000
vn 0.0000 1.0000 0.0000
vn 0.0000 1.0000 0.0000
vn 0.0000 0.0000 -1.0000
vn 0.0000 0.0000 -1.0000
vn 1.0000 0.0000 -0.0000
vn 1.0000 0.0000 0.0000
vn 0.0000 0.0000 1.0000
vn 0.0000 0.0000 1.0000
vn 0.0000 -1.0000 0.0000
vn 0.0000 -1.0000 0.0000
vn 0.0000 1.0000 0.0000
vn 0.0000 1.0000 0.0000
vn 0.0000 0.0000 -1.0000
vn 0.0000 0.0000 -1.0000
vn 1.0000 0.0000 -0.0000
vn 1.0000 0.0000 0.0000
vn 0.0000 0.0000 1.0000
vn 0.0000 0.0000 1.0000
vn 0.0000 -1.0000 0.0000
vn 0.0000 -1.0000 0.0000
vn 0.0000 1.0000 0.0000
vn 0.0000 1.0000 0.0000
vn -0.9703 0.0000 0.2419
vn -0.9703 0.0000 0.2419
vn -0.2419 0.0000 -0.9703
vn -0.2419 -0.0000 -0.9703
vn 0.9703 0.0000 -0.2419
vn 0.9703 0.0000 -0.2419
vn 0.2419 0.0000 0.9703
vn 0.2419 0.0000 0.9703
vn 0.0000 -1.0000 0.0000
vn 0.0000 -1.0000 0.0000
vn 0.0000 1.0000 0.0000
vn 0.0000 1.0000 0.0000
vn -0.9703 0.0000 0.2419
vn -0.9703 0.0000 0.2419
vn -0.2419 0.0000 -0.9703
vn -0.2419 -0.0000 -0.9703
vn 0.9703 0.0000 -0.2419
vn 0.9703 0.0000 -0.2419
vn 0.2419 0.0000 0.9703
vn 0.2419 0.0000 0.9703
vn 0.0000 -1.0000 0.0000
vn 0.0000 -1.0000 0.0000
vn 0.0000 1.0000 0.0000
vn 0.0000 1.0000 0.0000
vn -0.9703 0.0000 0.2419
vn -0.9703 0.0000 0.2419
vn -0.2419 0.0000 -0.9703
vn -0.2419 -0.0000 -0.9703
vn 0.9703 0.0000 -0.2419
vn 0.9703 0.0000 -0.2419
vn 0.2419 0.0000 0.9703
vn 0.2419 0.0000 0.9703
vn 0.0000 -1.0000 0.0000
vn 0.0000 -1.0000 0.0000
vn 0.0000 1.0000 0.0000
vn 0.0000 1.0000 0.0000
vn -0.9703 0.0000 0.2419
vn -0.9703 0.0000 0.2419
vn -0.2419 0.0000 -0.9703
vn -0.2419 -0.0000 -0.9703
vn 0.9703 0.0000 -0.2419
vn 0.9703 0.0000 -0.2419
vn 0.2419 0.0000 0.9703
vn 0.2419 0.0000 0.9703
vn 0.0000 -1.0000 0.0000
vn 0.0000 -1.0000 0.0000
vn 0.0000 1.0000 0.0000
vn 0.0000 1.0000 0.0000
vn -0.9703 0.0000 0.2419
vn -0.9703 0.0000 0.2419
vn -0.2419 0.0000 -0.9703
vn -0.2419 -0.0000 -0.9703
vn 0.9703 0.0000 -0.2419
vn 0.9703 0.0000 -0.2419
vn 0.2419 0.0000 0.9703
vn 0.2419 0.0000 0.9703
vn 0.0000 -1.0000 0.0000
vn 0.0000 -1.0000 0.0000
vn 0.0000 1.0000 0.0000
vn 0.0000 1.0000 0.0000
vn -0.9703 0.0000 -0.2419
vn -0.9703 -0.0000 -0.2419
vn 0.2419 0.0000 -0.9703
vn 0.2419 0.0000 -0.9703
vn 0.9703 0.0000 0.2419
vn 0.9703 0.0000 0.2419
vn -0.2419 0.0000 0.9703
vn -0.2419 0.0000 0.9703
vn 0.0000 -1.0000 0.0000
vn 0.0000 -1.0000 0.0000
vn 0.0000 1.0000 0.0000
vn 0.0000 1.0000 0.0000
vn -0.9703 0.0000 -0.2419
vn -0.9703 -0.0000 -0.2419
vn 0.2419 0.0000 -0.9703
vn 0.2419 0.0000 -0.9703
vn 0.9703 0.0000 0.2419
vn 0.9703 0.0000 0.2419
vn -0.2419 0.0000 0.9703
vn -0.2419 0.0000 0.9703
vn 0.0000 -1.0000 0.0000
vn 0.0000 -1.0000 0.0000
vn 0.0000 1.0000 0.0000
vn 0.0000 1.0000 0.0000
vn -0.9703 0.0000 -0.2419
vn -0.9703 -0.0000 -0.2419
vn 0.2419 0.0000 -0.9703
vn 0.2419 0.0000 -0.9703
vn 0.9703 0.0000 0.2419
vn 0.9703 0.0000 0.2419
vn -0.2419 0.0000 0.9703
vn -0.2419 0.0000 0.9703
vn 0.0000 -1.0000 0.0000
vn 0.0000 -1.0000 0.0000
vn 0.0000 1.0000 0.0000
vn 0.0000 1.0000 0.0000
vn -0.9703 0.0000 -0.2419
vn -0.9703 -0.0000 -0.2419
vn 0.2419 0.0000 -0.9703
vn 0.2419 0.0000 -0.9703
vn 0.9703 0.0000 0.2419
vn 0.9703 0.0000 0.2419
vn -0.2419 0.0000 0.9703
vn -0.2419 0.0000 0.9703
vn 0.0000 -1.0000 0.0000
vn 0.0000 -1.0000 0.0000
vn 0.0000 1.0000 0.0000
vn 0.0000 1.0000 0.0000
vn -0.9703 0.0000 -0.2419
vn -0.9703 -0.0000 -0.2419
vn 0.2419 0.0000 -0.9703
vn 0.2419 0.0000 -0.9703
vn 0.9703 0.0000 0.2419
vn 0.9703 0.0000 0.2419
vn -0.2419 0.0000 0.9703
vn -0.2419 0.0000 0.9703
vn 0.0000 -1.0000 0.0000
vn 0.0000 -1.0000 0.0000
vn -1.0000 0.0000 0.0000
vn -1.0000 0.0000 0.0000
vn -1.0000 0.0000 0.0000
vn -1.0000 0.0000 0.0000
vn -1.0000 0.0000 0.0000
vn -1.0000 0.0000 0.0000
vn -1.0000 0.0000 0.0000
vn -1.0000 0.0000 0.0000
vn -1.0000 0.0000 0.0000
vn 1.0000 0.0000 0.0000
vn 1.0000 0.0000 0.0000
vn 1.0000 0.0000 0.0000
vn 1.0000 0.0000 0.0000
vn 1.0000 0.0000 0.0000
vn 1.0000 0.0000 0.0000
vn 1.0000 0.0000 -0.0000
vn 1.0000 0.0000 -0.0000
vn 1.0000 0.0000 0.0000
vn 0.0000 -1.0000 0.0000
vn 0.0000 -1.0000 0.0000
vn 0.0000 0.0000 1.0000
vn 0.0000 0.0000 1.0000
vn -0.0000 0.2321 0.9727
vn 0.0000 0.2321 0.9727
vn -0.0000 0.6254 0.7803
vn 0.0000 0.6254 0.7803
vn -0.0000 0.8736 0.4866
vn 0.0000 0.8736 0.4866
vn -0.0000 0.9865 0.1636
vn 0.0000 0.9865 0.1636
vn 0.0000 0.9865 -0.1636
vn 0.0000 0.9865 -0.1636
vn 0.0000 0.8736 -0.4866
vn 0.0000 0.8736 -0.4866
vn 0.0000 0.6254 -0.7803
vn 0.0000 0.6254 -0.7803
vn 0.0000 0.2321 -0.9727
vn 0.0000 0.2321 -0.9727
vn 0.0000 0.0000 -1.0000
vn 0.0000 0.0000 -1.0000
vn -1.0000 0.0000 0.0000
vn -1.0000 0.0000 0.0000
vn -1.0000 0.0000 0.0000
vn -1.0000 0.0000 0.0000
vn -1.0000 0.0000 0.0000
vn -1.0000 0.0000 0.0000
vn -1.0000 0.0000 0.0000
vn -1.0000 0.0000 0.0000
vn -1.0000 0.0000 0.0000
vn 1.0000 0.0000 0.0000
vn 1.0000 0.0000 0.0000
vn 1.0000 0.0000 0.0000
vn 1.0000 0.0000 0.0000
vn 1.0000 0.0000 0.0000
vn 1.0000 0.0000 0.0000
vn 1.0000 0.0000 -0.0000
vn 1.0000 0.0000 -0.0000
vn 1.0000 0.0000 0.0000
vn 0.0000 -1.0000 0.0000
vn 0.0000 -1.0000 0.0000
vn 0.0000 0.0000 1.0000
vn 0.0000 0.0000 1.0000
vn -0.0000 0.1951 0.9808
vn 0.0000 0.1951 0.9808
vn -0.0000 0.5556 0.8315
vn 0.0000 0.5556 0.8315
vn -0.0000 0.8315 0.5556
vn 0.0000 0.8315 0.5556
vn -0.0000 0.9808 0.1951
vn 0.0000 0.9808 0.1951
vn 0.0000 0.9808 -0.1951
vn 0.0000 0.9808 -0.1951
vn 0.0000 0.8315 -0.5556
vn 0.0000 0.8315 -0.5556
vn 0.0000 0.5556 -0.8315
vn 0.0000 0.5556 -0.8315
vn 0.0000 0.1951 -0.9808
vn 0.0000 0.1951 -0.9808
vn 0.0000 0.0000 -1.0000
vn 0.0000 0.0000 -1.0000
vn 0.0000 1.0000 0.0000
vn 0.0000 1.0000 0.0000
vn 0.0000 0.0000 1.0000
vn 0.0000 0.0000 1.0000
vn -1.0000 0.0000 -0.0000
vn -1.0000 -0.0000 0.0000
vn 0.0000 0.0000 -1.0000
vn 0.0000 0.0000 -1.0000
vn -0.0000 -1.0000 0.0000
vn 0.0000 -1.0000 -0.0000
vn 0.0000 1.0000 0.0000
vn 0.0000 1.0000 0.0000
vn 0.0000 0.0000 1.0000
vn 0.0000 0.0000 1.0000
vn -1.0000 0.0000 -0.0000
vn -1.0000 -0.0000 0.0000
vn 0.0000 0.0000 -1.0000
vn 0.0000 0.0000 -1.0000
vn -0.0000 -1.0000 0.0000
vn 0.0000 -1.0000 -0.0000
vn 0.0000 1.0000 0.0000
vn 0.0000 1.0000 0.0000
vn 1.0000 0.0000 -0.0000
vn 1.0000 0.0000 0.0000
vn 0.0000 0.0000 1.0000
vn 0.0000 0.0000 1.0000
vn -1.0000 0.0000 -0.0000
vn -1.0000 -0.0000 0.0000
vn 0.0000 0.0000 -1.0000
vn 0.0000 0.0000 -1.0000
vn -0.0000 -1.0000 0.0000
vn 0.0000 -1.0000 -0.0000
vn 0.0000 1.0000 0.0000
vn 0.0000 1.0000 0.0000
vn 1.0000 0.0000 -0.0000
vn 1.0000 0.0000 0.0000
vn 0.0000 0.0000 1.0000
vn 0.0000 0.0000 1.0000
vn -1.0000 0.0000 -0.0000
vn -1.0000 -0.0000 0.0000
vn 0.0000 0.0000 -1.0000
vn 0.0000 0.0000 -1.0000
vn -0.0000 -1.0000 0.0000
vn 0.0000 -1.0000 -0.0000
vn 0.0000 1.0000 0.0000
vn 0.0000 1.0000 0.0000
vn 0.0000 0.0000 1.0000
vn 0.0000 0.0000 1.0000
vn -1.0000 0.0000 -0.0000
vn -1.0000 -0.0000 0.0000
vn 0.0000 0.0000 -1.0000
vn 0.0000 0.0000 -1.0000
vn -0.0000 -1.0000 0.0000
vn 0.0000 -1.0000 -0.0000
vn 0.0000 1.0000 0.0000
vn 0.0000 1.0000 0.0000
vn 1.0000 0.0000 -0.0000
vn 1.0000 0.0000 0.0000
vn 0.0000 0.0000 1.0000
vn 0.0000 0.0000 1.0000
vn -1.0000 0.0000 -0.0000
vn -1.0000 -0.0000 0.0000
vn 0.0000 0.0000 -1.0000
vn 0.0000 0.0000 -1.0000
vn -0.0000 -1.0000 0.0000
vn 0.0000 -1.0000 -0.0000
vn 0.0000 1.0000 0.0000
vn 0.0000 1.0000 0.0000
vn 1.0000 0.0000 -0.0000
vn 1.0000 0.0000 0.0000
vn 0.0000 0.0000 1.0000
vn 0.0000 0.0000 1.0000
vn -1.0000 0.0000 -0.0000
vn -1.0000 -0.0000 0.0000
vn 0.0000 0.0000 -1.0000
vn 0.0000 0.0000 -1.0000
vn -0.0000 -1.0000 0.0000
vn 0.0000 -1.0000 -0.0000
vn 0.0000 1.0000 0.0000
vn 0.0000 1.0000 0.0000
vn 1.0000 0.0000 -0.0000
vn 1.0000 0.0000 0.0000
vn 0.0000 0.0000 1.0000
vn 0.0000 0.0000 1.0000
vn -1.0000 0.0000 -0.0000
vn -1.0000 -0.0000 0.0000
vn 0.0000 0.0000 -1.0000
vn 0.0000 0.0000 -1.0000
vn -0.0000 -1.0000 0.0000
vn 0.0000 -1.0000 -0.0000
vn 0.0000 1.0000 0.0000
vn 0.0000 1.0000 0.0000
vn 1.0000 0.0000 -0.0000
vn 1.0000 0.0000 0.0000
vn 0.0000 0.0000 1.0000
vn 0.0000 0.0000 1.0000
vn -1.0000 0.0000 -0.0000
vn -1.0000 -0.0000 0.0000
vn 0.0000 0.0000 -1.0000
vn 0.0000 0.0000 -1.0000
vn -0.0000 -1.0000 0.0000
vn 0.0000 -1.0000 -0.0000
vn 0.0000 1.0000 0.0000
vn 0.0000 1.0000 0.0000
vn 1.0000 0.0000 -0.0000
vn 1.0000 0.0000 0.0000
vn 0.0000 0.0000 1.0000
vn 0.0000 0.0000 1.0000
vn -1.0000 0.0000 -0.0000
vn -1.0000 -0.0000 0.0000
vn 0.0000 0.0000 -1.0000
vn 0.0000 0.0000 -1.0000
vn -0.0000 -1.0000 0.0000
vn 0.0000 -1.0000 -0.0000
vn 0.0000 1.0000 0.0000
vn 0.0000 1.0000 0.0000
vn 1.0000 0.0000 -0.0000
vn 1.0000 0.0000 0.0000
vn 0.0000 0.0000 1.0000
vn 0.0000 0.0000 1.0000
vn -1.0000 0.0000 -0.0000
vn -1.0000 -0.0000 0.0000
vn 0.0000 0.0000 -1.0000
vn 0.0000 0.0000 -1.0000
vn -0.0000 -1.0000 0.0000
vn 0.0000 -1.0000 -0.0000
vn 0.0000 1.0000 0.0000
vn 0.0000 1.0000 0.0000
vn 0.0000 0.0000 1.0000
vn 0.0000 0.0000 1.0000
vn -1.0000 0.0000 -0.0000
vn -1.0000 -0.0000 0.0000
vn 0.0000 0.0000 -1.0000
vn 0.0000 0.0000 -1.0000
vn -0.0000 -1.0000 0.0000
vn 0.0000 -1.0000 -0.0000
vn 0.0000 1.0000 0.0000
vn 0.0000 1.0000 0.0000
vn 0.0000 0.0000 1.0000
vn 0.0000 0.0000 1.0000
vn -1.0000 0.0000 -0.0000
vn -1.0000 -0.0000 0.0000
vn 0.0000 0.0000 -1.0000
vn 0.0000 0.0000 -1.0000
vn -0.0000 -1.0000 0.0000
vn 0.0000 -1.0000 -0.0000
vn 0.0000 1.0000 0.0000
vn -0.0000 1.0000 0.0000
vn 0.9703 0.0000 -0.2419
vn 0.9703 0.0000 -0.2419
vn 0.2419 0.0000 0.9703
vn 0.2419 0.0000 0.9703
vn -0.9703 0.0000 0.2419
vn -0.9703 0.0000 0.2419
vn -0.2419 0.0000 -0.9703
vn -0.2419 -0.0000 -0.9703
vn -0.0000 -1.0000 0.0000
vn 0.0000 -1.0000 0.0000
vn 0.0000 1.0000 0.0000
vn -0.0000 1.0000 0.0000
vn 0.9703 0.0000 -0.2419
vn 0.9703 0.0000 -0.2419
vn 0.2419 0.0000 0.9703
vn 0.2419 0.0000 0.9703
vn -0.9703 0.0000 0.2419
vn -0.9703 0.0000 0.2419
vn -0.2419 0.0000 -0.9703
vn -0.2419 -0.0000 -0.9703
vn -0.0000 -1.0000 0.0000
vn 0.0000 -1.0000 0.0000
vn 0.0000 1.0000 0.0000
vn -0.0000 1.0000 0.0000
vn 0.9703 0.0000 -0.2419
vn 0.9703 0.0000 -0.2419
vn 0.2419 0.0000 0.9703
vn 0.2419 0.0000 0.9703
vn -0.9703 0.0000 0.2419
vn -0.9703 0.0000 0.2419
vn -0.2419 0.0000 -0.9703
vn -0.2419 -0.0000 -0.9703
vn -0.0000 -1.0000 0.0000
vn 0.0000 -1.0000 0.0000
vn 0.0000 1.0000 0.0000
vn -0.0000 1.0000 0.0000
vn 0.9703 0.0000 -0.2419
vn 0.9703 0.0000 -0.2419
vn 0.2419 0.0000 0.9703
vn 0.2419 0.0000 0.9703
vn -0.9703 0.0000 0.2419
vn -0.9703 0.0000 0.2419
vn -0.2419 0.0000 -0.9703
vn -0.2419 -0.0000 -0.9703
vn -0.0000 -1.0000 0.0000
vn 0.0000 -1.0000 0.0000
vn 0.0000 1.0000 0.0000
vn -0.0000 1.0000 0.0000
vn 0.9703 0.0000 -0.2419
vn 0.9703 0.0000 -0.2419
vn 0.2419 0.0000 0.9703
vn 0.2419 0.0000 0.9703
vn -0.9703 0.0000 0.2419
vn -0.9703 0.0000 0.2419
vn -0.2419 0.0000 -0.9703
vn -0.2419 -0.0000 -0.9703
vn -0.0000 -1.0000 0.0000
vn 0.0000 -1.0000 0.0000
vn 0.0000 1.0000 0.0000
vn 0.0000 1.0000 -0.0000
vn 0.9703 0.0000 0.2419
vn 0.9703 0.0000 0.2419
vn -0.2419 0.0000 0.9703
vn -0.2419 0.0000 0.9703
vn -0.9703 0.0000 -0.2419
vn -0.9703 -0.0000 -0.2419
vn 0.2419 0.0000 -0.9703
vn 0.2419 0.0000 -0.9703
vn 0.0000 -1.0000 -0.0000
vn 0.0000 -1.0000 0.0000
vn 0.0000 1.0000 0.0000
vn 0.0000 1.0000 -0.0000
vn 0.9703 0.0000 0.2419
vn 0.9703 0.0000 0.2419
vn -0.2419 0.0000 0.9703
vn -0.2419 0.0000 0.9703
vn -0.9703 0.0000 -0.2419
vn -0.9703 -0.0000 -0.2419
vn 0.2419 0.0000 -0.9703
vn 0.2419 0.0000 -0.9703
vn 0.0000 -1.0000 -0.0000
vn 0.0000 -1.0000 0.0000
vn 0.0000 1.0000 0.0000
vn 0.0000 1.0000 -0.0000
vn 0.9703 0.0000 0.2419
vn 0.9703 0.0000 0.2419
vn -0.2419 0.0000 0.9703
vn -0.2419 0.0000 0.9703
vn -0.9703 0.0000 -0.2419
vn -0.9703 -0.0000 -0.2419
vn 0.2419 0.0000 -0.9703
vn 0.2419 0.0000 -0.9703
vn 0.0000 -1.0000 -0.0000
vn 0.0000 -1.0000 0.0000
vn 0.0000 1.0000 0.0000
vn 0.0000 1.0000 -0.0000
vn 0.9703 0.0000 0.2419
vn 0.9703 0.0000 0.2419
vn -0.2419 0.0000 0.9703
vn -0.2419 0.0000 0.9703
vn -0.9703 0.0000 -0.2419
vn -0.9703 -0.0000 -0.2419
vn 0.2419 0.0000 -0.9703
vn 0.2419 0.0000 -0.9703
vn 0.0000 -1.0000 -0.0000
vn 0.0000 -1.0000 0.0000
vn 0.0000 1.0000 0.0000
vn 0.0000 1.0000 -0.0000
vn 0.9703 0.0000 0.2419
vn 0.9703 0.0000 0.2419
vn -0.2419 0.0000 0.9703
vn -0.2419 0.0000 0.9703
vn -0.9703 0.0000 -0.2419
vn -0.9703 -0.0000 -0.2419
vn 0.2419 0.0000 -0.9703
vn 0.2419 0.0000 -0.9703
vn 0.0000 -1.0000 -0.0000
vn 0.0000 -1.0000 0.0000
vn -1.0000 0.0000 0.0000
vn -1.0000 0.0000 0.0000
vn -1.0000 0.0000 0.0000
vn -1.0000 0.0000 0.0000
vn -1.0000 0.0000 0.0000
vn -1.0000 0.0000 0.0000
vn -1.0000 0.0000 0.0000
vn -1.0000 0.0000 0.0000
vn -1.0000 0.0000 0.0000
vn 1.0000 0.0000 0.0000
vn 1.0000 0.0000 0.0000
vn 1.0000 0.0000 0.0000
vn 1.0000 0.0000 0.0000
vn 1.0000 0.0000 0.0000
vn 1.0000 0.0000 0.0000
vn 1.0000 0.0000 -0.0000
vn 1.0000 0.0000 -0.0000
vn 1.0000 0.0000 0.0000
vn 0.0000 -1.0000 0.0000
vn 0.0000 -1.0000 0.0000
vn 0.0000 0.0000 1.0000
vn 0.0000 0.0000 1.0000
vn -0.0000 0.2321 0.9727
vn 0.0000 0.2321 0.9727
vn -0.0000 0.6254 0.7803
vn 0.0000 0.6254 0.7803
vn -0.0000 0.8736 0.4866
vn 0.0000 0.8736 0.4866
vn -0.0000 0.9865 0.1636
vn 0.0000 0.9865 0.1636
vn 0.0000 0.9865 -0.1636
vn 0.0000 0.9865 -0.1636
vn 0.0000 0.8736 -0.4866
vn 0.0000 0.8736 -0.4866
vn 0.0000 0.6254 -0.7803
vn 0.0000 0.6254 -0.7803
vn 0.0000 0.2321 -0.9727
vn 0.0000 0.2321 -0.9727
vn 0.0000 0.0000 -1.0000
vn 0.0000 0.0000 -1.0000
vn -1.0000 0.0000 0.0000
vn -1.0000 0.0000 0.0000
vn -1.0000 0.0000 0.0000
vn -1.0000 0.0000 0.0000
vn -1.0000 0.0000 0.0000
vn -1.0000 0.0000 0.0000
vn -1.0000 0.0000 0.0000
vn -1.0000 0.0000 0.0000
vn -1.0000 0.0000 0.0000
vn 1.0000 0.0000 0.0000
vn 1.0000 0.0000 0.0000
vn 1.0000 0.0000 0.0000
vn 1.0000 0.0000 0.0000
vn 1.0000 0.0000 0.0000
vn 1.0000 0.0000 0.0000
vn 1.0000 0.0000 -0.0000
vn 1.0000 0.0000 -0.0000
vn 1.0000 0.0000 0.0000
vn 0.0000 -1.0000 0.0000
vn 0.0000 -1.0000 0.0000
vn 0.0000 0.0000 1.0000
vn 0.0000 0.0000 1.0000
vn -0.0000 0.1951 0.9808
vn 0.0000 0.1951 0.9808
vn -0.0000 0.5556 0.8315
vn 0.0000 0.5556 0.8315
vn -0.0000 0.8315 0.5556
vn 0.0000 0.8315 0.5556
vn -0.0000 0.9808 0.1951
vn 0.0000 0.9808 0.1951
vn 0.0000 0.9808 -0.1951
vn 0.0000 0.9808 -0.1951
vn 0.0000 0.8315 -0.5556
vn 0.0000 0.8315 -0.5556
vn 0.0000 0.5556 -0.8315
vn 0.0000 0.5556 -0.8315
vn 0.0000 0.1951 -0.9808
vn 0.0000 0.1951 -0.9808
vn 0.0000 0.0000 -1.0000
vn 0.0000 0.0000 -1.0000
vn 0.0000 1.0000 0.0000
vn 0.0000 1.0000 0.0000
vn 0.0000 0.0000 1.0000
vn 0.0000 0.0000 1.0000
vn -1.0000 0.0000 -0.0000
vn -1.0000 -0.0000 0.0000
vn 0.0000 0.0000 -1.0000
vn 0.0000 0.0000 -1.0000
vn -0.0000 -1.0000 0.0000
vn 0.0000 -1.0000 -0.0000
vn 0.0000 1.0000 0.0000
vn 0.0000 1.0000 0.0000
vn 0.0000 0.0000 1.0000
vn 0.0000 0.0000 1.0000
vn -1.0000 0.0000 -0.0000
vn -1.0000 -0.0000 0.0000
vn 0.0000 0.0000 -1.0000
vn 0.0000 0.0000 -1.0000
vn -0.0000 -1.0000 0.0000
vn 0.0000 -1.0000 -0.0000
vn 0.0000 1.0000 0.0000
vn 0.0000 1.0000 0.0000
vn 1.0000 0.0000 -0.0000
vn 1.0000 0.0000 0.0000
vn 0.0000 0.0000 1.0000
vn 0.0000 0.0000 1.0000
vn -1.0000 0.0000 -0.0000
vn -1.0000 -0.0000 0.0000
vn 0.0000 0.0000 -1.0000
vn 0.0000 0.0000 -1.0000
vn -0.0000 -1.0000 0.0000
vn 0.0000 -1.0000 -0.0000
vn 0.0000 1.0000 0.0000
vn 0.0000 1.0000 0.0000
vn 1.0000 0.0000 -0.0000
vn 1.0000 0.0000 0.0000
vn 0.0000 0.0000 1.0000
vn 0.0000 0.0000 1.0000
vn -1.0000 0.0000 -0.0000
vn -1.0000 -0.0000 0.0000
vn 0.0000 0.0000 -1.0000
vn 0.0000 0.0000 -1.0000
vn -0.0000 -1.0000 0.0000
vn 0.0000 -1.0000 -0.0000
vn 0.0000 1.0000 0.0000
vn 0.0000 1.0000 0.0000
vn 0.0000 0.0000 1.0000
vn 0.0000 0.0000 1.0000
vn -1.0000 0.0000 -0.0000
vn -1.0000 -0.0000 0.0000
vn 0.0000 0.0000 -1.0000
vn 0.0000 0.0000 -1.0000
vn -0.0000 -1.0000 0.0000
vn 0.0000 -1.0000 -0.0000
vn 0.0000 1.0000 0.0000
vn 0.0000 1.0000 0.0000
vn 1.0000 0.0000 -0.0000
vn 1.0000 0.0000 0.0000
vn 0.0000 0.0000 1.0000
vn 0.0000 0.0000 1.0000
vn -1.0000 0.0000 -0.0000
vn -1.0000 -0.0000 0.0000
vn 0.0000 0.0000 -1.0000
vn 0.0000 0.0000 -1.0000
vn -0.0000 -1.0000 0.0000
vn 0.0000 -1.0000 -0.0000
vn 0.0000 1.0000 0.0000
vn 0.0000 1.0000 0.0000
vn 1.0000 0.0000 -0.0000
vn 1.0000 0.0000 0.0000
vn 0.0000 0.0000 1.0000
vn 0.0000 0.0000 1.0000
vn -1.0000 0.0000 -0.0000
vn -1.0000 -0.0000 0.0000
vn 0.0000 0.0000 -1.0000
vn 0.0000 0.0000 -1.0000
vn -0.0000 -1.0000 0.0000
vn 0.0000 -1.0000 -0.0000
vn 0.0000 1.0000 0.0000
vn 0.0000 1.0000 0.0000
vn 1.0000 0.0000 -0.0000
vn 1.0000 0.0000 0.0000
vn 0.0000 0.0000 1.0000
vn 0.0000 0.0000 1.0000
vn -1.0000 0.0000 -0.0000
vn -1.0000 -0.0000 0.0000
vn 0.0000 0.0000 -1.0000
vn 0.0000 0.0000 -1.0000
vn -0.0000 -1.0000 0.0000
vn 0.0000 -1.0000 -0.0000
vn 0.0000 1.0000 0.0000
vn 0.0000 1.0000 0.0000
vn 1.0000 0.0000 -0.0000
vn 1.0000 0.0000 0.0000
vn 0.0000 0.0000 1.0000
vn 0.0000 0.0000 1.0000
vn -1.0000 0.0000 -0.0000
vn -1.0000 -0.0000 0.0000
vn 0.0000 0.0000 -1.0000
vn 0.0000 0.0000 -1.0000
vn -0.0000 -1.0000 0.0000
vn 0.0000 -1.0000 -0.0000
vn 0.0000 1.0000 0.0000
vn 0.0000 1.0000 0.0000
vn 1.0000 0.0000 -0.0000
vn 1.0000 0.0000 0.0000
vn 0.0000 0.0000 1.0000
vn 0.0000 0.0000 1.0000
vn -1.0000 0.0000 -0.0000
vn -1.0000 -0.0000 0.0000
vn 0.0000 0.0000 -1.0000
vn 0.0000 0.0000 -1.0000
vn -0.0000 -1.0000 0.0000
vn 0.0000 -1.0000 -0.0000
vn 0.0000 1.0000 0.0000
vn 0.0000 1.0000 0.0000
vn 1.0000 0.0000 -0.0000
vn 1.0000 0.0000 0.0000
vn 0.0000 0.0000 1.0000
vn 0.0000 0.0000 1.0000
vn -1.0000 0.0000 -0.0000
vn -1.0000 -0.0000 0.0000
vn 0.0000 0.0000 -1.0000
vn 0.0000 0.0000 -1.0000
vn -0.0000 -1.0000 0.0000
vn 0.0000 -1.0000 -0.0000
vn 0.0000 1.0000 0.0000
vn 0.0000 1.0000 0.0000
vn 0.0000 0.0000 1.0000
vn 0.0000 0.0000 1.0000
vn -1.0000 0.0000 -0.0000
vn -1.0000 -0.0000 0.0000
vn 0.0000 0.0000 -1.0000
vn 0.0000 0.0000 -1.0000
vn -0.0000 -1.0000 0.0000
vn 0.0000 -1.0000 -0.0000
vn 0.0000 1.0000 0.0000
vn 0.0000 1.0000 0.0000
vn 0.0000 0.0000 1.0000
vn 0.0000 0.0000 1.0000
vn -1.0000 0.0000 -0.0000
vn -1.0000 -0.0000 0.0000
vn 0.0000 0.0000 -1.0000
vn 0.0000 0.0000 -1.0000
vn -0.0000 -1.0000 0.0000
vn 0.0000 -1.0000 -0.0000
vn 0.0000 1.0000 0.0000
vn -0.0000 1.0000 0.0000
vn 0.9703 0.0000 -0.2419
vn 0.9703 0.0000 -0.2419
vn 0.2419 0.0000 0.9703
vn 0.2419 0.0000 0.9703
vn -0.9703 0.0000 0.2419
vn -0.9703 0.0000 0.2419
vn -0.2419 0.0000 -0.9703
vn -0.2419 -0.0000 -0.9703
vn -0.0000 -1.0000 0.0000
vn 0.0000 -1.0000 0.0000
vn 0.0000 1.0000 0.0000
vn -0.0000 1.0000 0.0000
vn 0.9703 0.0000 -0.2419
vn 0.9703 0.0000 -0.2419
vn 0.2419 0.0000 0.9703
vn 0.2419 0.0000 0.9703
vn -0.9703 0.0000 0.2419
vn -0.9703 0.0000 0.2419
vn -0.2419 0.0000 -0.9703
vn -0.2419 -0.0000 -0.9703
vn -0.0000 -1.0000 0.0000
vn 0.0000 -1.0000 0.0000
vn 0.0000 1.0000 0.0000
vn -0.0000 1.0000 0.0000
vn 0.9703 0.0000 -0.2419
vn 0.9703 0.0000 -0.2419
vn 0.2419 0.0000 0.9703
vn 0.2419 0.0000 0.9703
vn -0.9703 0.0000 0.2419
vn -0.9703 0.0000 0.2419
vn -0.2419 0.0000 -0.9703
vn -0.2419 -0.0000 -0.9703
vn -0.0000 -1.0000 0.0000
vn 0.0000 -1.0000 0.0000
vn 0.0000 1.0000 0.0000
vn -0.0000 1.0000 0.0000
vn 0.9703 0.0000 -0.2419
vn 0.9703 0.0000 -0.2419
vn 0.2419 0.0000 0.9703
vn 0.2419 0.0000 0.9703
vn -0.9703 0.0000 0.2419
vn -0.9703 0.0000 0.2419
vn -0.2419 0.0000 -0.9703
vn -0.2419 -0.0000 -0.9703
vn -0.0000 -1.0000 0.0000
vn 0.0000 -1.0000 0.0000
vn 0.0000 1.0000 0.0000
vn -0.0000 1.0000 0.0000
vn 0.9703 0.0000 -0.2419
vn 0.9703 0.0000 -0.2419
vn 0.2419 0.0000 0.9703
vn 0.2419 0.0000 0.9703
vn -0.9703 0.0000 0.2419
vn -0.9703 0.0000 0.2419
vn -0.2419 0.0000 -0.9703
vn -0.2419 -0.0000 -0.9703
vn -0.0000 -1.0000 0.0000
vn 0.0000 -1.0000 0.0000
vn 0.0000 1.0000 0.0000
vn 0.0000 1.0000 -0.0000
vn 0.9703 0.0000 0.2419
vn 0.9703 0.0000 0.2419
vn -0.2419 0.0000 0.9703
vn -0.2419 0.0000 0.9703
vn -0.9703 0.0000 -0.2419
vn -0.9703 -0.0000 -0.2419
vn 0.2419 0.0000 -0.9703
vn 0.2419 0.0000 -0.9703
vn 0.0000 -1.0000 -0.0000
vn 0.0000 -1.0000 0.0000
vn 0.0000 1.0000 0.0000
vn 0.0000 1.0000 -0.0000
vn 0.9703 0.0000 0.2419
vn 0.9703 0.0000 0.2419
vn -0.2419 0.0000 0.9703
vn -0.2419 0.0000 0.9703
vn -0.9703 0.0000 -0.2419
vn -0.9703 -0.0000 -0.2419
vn 0.2419 0.0000 -0.9703
vn 0.2419 0.0000 -0.9703
vn 0.0000 -1.0000 -0.0000
vn 0.0000 -1.0000 0.0000
vn 0.0000 1.0000 0.0000
vn 0.0000 1.0000 -0.0000
vn 0.9703 0.0000 0.2419
vn 0.9703 0.0000 0.2419
vn -0.2419 0.0000 0.9703
vn -0.2419 0.0000 0.9703
vn -0.9703 0.0000 -0.2419
vn -0.9703 -0.0000 -0.2419
vn 0.2419 0.0000 -0.9703
vn 0.2419 0.0000 -0.9703
vn 0.0000 -1.0000 -0.0000
vn 0.0000 -1.0000 0.0000
vn 0.0000 1.0000 0.0000
vn 0.0000 1.0000 -0.0000
vn 0.9703 0.0000 0.2419
vn 0.9703 0.0000 0.2419
vn -0.2419 0.0000 0.9703
vn -0.2419 0.0000 0.9703
vn -0.9703 0.0000 -0.2419
vn -0.9703 -0.0000 -0.2419
vn 0.2419 0.0000 -0.9703
vn 0.2419 0.0000 -0.9703
vn 0.0000 -1.0000 -0.0000
vn 0.0000 -1.0000 0.0000
vn 0.0000 1.0000 0.0000
vn 0.0000 1.0000 -0.0000
vn 0.9703 0.0000 0.2419
vn 0.9703 0.0000 0.2419
vn -0.2419 0.0000 0.9703
vn -0.2419 0.0000 0.9703
vn -0.9703 0.0000 -0.2419
vn -0.9703 -0.0000 -0.2419
vn 0.2419 0.0000 -0.9703
vn 0.2419 0.0000 -0.9703
vn 0.0000 -1.0000 -0.0000
vn 0.0000 -1.0000 0.0000
vn 0.0000 1.0000 0.0000
vn 0.0000 1.0000 -0.0000
vn -1.0000 0.0000 -0.0000
vn -1.0000 -0.0000 0.0000
vn 0.0000 0.0000 -1.0000
vn 0.0000 0.0000 -1.0000
vn 1.0000 0.0000 -0.0000
vn 1.0000 0.0000 0.0000
vn 0.0000 -1.0000 0.0000
vn 0.0000 -1.0000 0.0000
vn 0.0000 1.0000 0.0000
vn 0.0000 1.0000 -0.0000
vn 0.0000 0.0000 1.0000
vn 0.0000 0.0000 1.0000
vn -1.0000 0.0000 -0.0000
vn -1.0000 -0.0000 0.0000
vn 0.0000 0.0000 -1.0000
vn 0.0000 0.0000 -1.0000
vn 1.0000 0.0000 -0.0000
vn 1.0000 0.0000 0.0000
vn 0.0000 -1.0000 0.0000
vn 0.0000 -1.0000 0.0000
vn 0.0000 1.0000 0.0000
vn 0.0000 1.0000 -0.0000
vn 0.0000 0.0000 1.0000
vn 0.0000 0.0000 1.0000
vn -1.0000 0.0000 -0.0000
vn -1.0000 -0.0000 0.0000
vn 0.0000 0.0000 -1.0000
vn 0.0000 0.0000 -1.0000
vn 1.0000 0.0000 -0.0000
vn 1.0000 0.0000 0.0000
vn 0.0000 -1.0000 0.0000
vn 0.0000 -1.0000 0.0000
vn 0.0000 1.0000 0.0000
vn 0.0000 1.0000 -0.0000
vn 0.0000 0.0000 1.0000
vn 0.0000 0.0000 1.0000
vn -1.0000 0.0000 -0.0000
vn -1.0000 -0.0000 0.0000
vn 0.0000 0.0000 -1.0000
vn 0.0000 0.0000 -1.0000
vn 1.0000 0.0000 -0.0000
vn 1.0000 0.0000 0.0000
vn 0.0000 -1.0000 0.0000
vn 0.0000 -1.0000 0.0000
vn 0.0000 1.0000 0.0000
vn 0.0000 1.0000 -0.0000
vn 0.0000 0.0000 1.0000
vn 0.0000 0.0000 1.0000
vn -1.0000 0.0000 -0.0000
vn -1.0000 -0.0000 0.0000
vn 0.0000 0.0000 -1.0000
vn 0.0000 0.0000 -1.0000
vn 1.0000 0.0000 -0.0000
vn 1.0000 0.0000 0.0000
vn 0.0000 -1.0000 0.0000
vn 0.0000 -1.0000 0.0000
vn 0.0000 1.0000 0.0000
vn 0.0000 1.0000 -0.0000
vn 0.0000 0.0000 1.0000
vn 0.0000 0.0000 1.0000
vn -1.0000 0.0000 -0.0000
vn -1.0000 -0.0000 0.0000
vn 0.0000 0.0000 -1.0000
vn 0.0000 0.0000 -1.0000
vn 1.0000 0.0000 -0.0000
vn 1.0000 0.0000 0.0000
vn 0.0000 -1.0000 0.0000
vn 0.0000 -1.0000 0.0000
vn 0.0000 1.0000 0.0000
vn 0.0000 1.0000 -0.0000
vn 0.0000 0.0000 1.0000
vn 0.0000 0.0000 1.0000
vn -1.0000 0.0000 -0.0000
vn -1.0000 -0.0000 0.0000
vn 0.0000 0.0000 -1.0000
vn 0.0000 0.0000 -1.0000
vn 1.0000 0.0000 -0.0000
vn 1.0000 0.0000 0.0000
vn 0.0000 -1.0000 0.0000
vn 0.0000 -1.0000 0.0000
vn 0.0000 1.0000 0.0000
vn 0.0000 1.0000 -0.0000
vn -1.0000 0.0000 -0.0000
vn -1.0000 -0.0000 0.0000
vn 0.0000 0.0000 -1.0000
vn 0.0000 0.0000 -1.0000
vn 1.0000 0.0000 -0.0000
vn 1.0000 0.0000 0.0000
vn 0.0000 -1.0000 0.0000
vn 0.0000 -1.0000 0.0000
vn 0.0000 1.0000 0.0000
vn 0.0000 1.0000 -0.0000
vn -1.0000 0.0000 -0.0000
vn -1.0000 -0.0000 0.0000
vn 0.0000 0.0000 -1.0000
vn 0.0000 0.0000 -1.0000
vn 1.0000 0.0000 -0.0000
vn 1.0000 0.0000 0.0000
vn 0.0000 -1.0000 0.0000
vn 0.0000 -1.0000 0.0000
vn 0.0000 1.0000 0.0000
vn 0.0000 1.0000 -0.0000
vn 0.2419 0.0000 0.9703
vn 0.2419 0.0000 0.9703
vn -0.9703 0.0000 0.2419
vn -0.9703 0.0000 0.2419
vn -0.2419 0.0000 -0.9703
vn -0.2419 -0.0000 -0.9703
vn 0.9703 0.0000 -0.2419
vn 0.9703 0.0000 -0.2419
vn 0.0000 -1.0000 -0.0000
vn 0.0000 -1.0000 0.0000
vn 0.0000 1.0000 0.0000
vn 0.0000 1.0000 -0.0000
vn 0.2419 0.0000 0.9703
vn 0.2419 0.0000 0.9703
vn -0.9703 0.0000 0.2419
vn -0.9703 0.0000 0.2419
vn -0.2419 0.0000 -0.9703
vn -0.2419 -0.0000 -0.9703
vn 0.9703 0.0000 -0.2419
vn 0.9703 0.0000 -0.2419
vn 0.0000 -1.0000 -0.0000
vn 0.0000 -1.0000 0.0000
vn 0.0000 1.0000 0.0000
vn 0.0000 1.0000 -0.0000
vn 0.2419 0.0000 0.9703
vn 0.2419 0.0000 0.9703
vn -0.9703 0.0000 0.2419
vn -0.9703 0.0000 0.2419
vn -0.2419 0.0000 -0.9703
vn -0.2419 -0.0000 -0.9703
vn 0.9703 0.0000 -0.2419
vn 0.9703 0.0000 -0.2419
vn 0.0000 -1.0000 -0.0000
vn 0.0000 -1.0000 0.0000
vn 0.0000 1.0000 0.0000
vn 0.0000 1.0000 -0.0000
vn 0.2419 0.0000 0.9703
vn 0.2419 0.0000 0.9703
vn -0.9703 0.0000 0.2419
vn -0.9703 0.0000 0.2419
vn -0.2419 0.0000 -0.9703
vn -0.2419 -0.0000 -0.9703
vn 0.9703 0.0000 -0.2419
vn 0.9703 0.0000 -0.2419
vn 0.0000 -1.0000 -0.0000
vn 0.0000 -1.0000 0.0000
vn 0.0000 1.0000 0.0000
vn 0.0000 1.0000 -0.0000
vn 0.2419 0.0000 0.9703
vn 0.2419 0.0000 0.9703
vn -0.9703 0.0000 0.2419
vn -0.9703 0.0000 0.2419
vn -0.2419 0.0000 -0.9703
vn -0.2419 -0.0000 -0.9703
vn 0.9703 0.0000 -0.2419
vn 0.9703 0.0000 -0.2419
vn 0.0000 -1.0000 -0.0000
vn 0.0000 -1.0000 0.0000
vn 0.0000 1.0000 0.0000
vn 0.0000 1.0000 0.0000
vn -0.2419 0.0000 0.9703
vn -0.2419 0.0000 0.9703
vn -0.9703 0.0000 -0.2419
vn -0.9703 -0.0000 -0.2419
vn 0.2419 0.0000 -0.9703
vn 0.2419 0.0000 -0.9703
vn 0.9703 0.0000 0.2419
vn 0.9703 0.0000 0.2419
vn 0.0000 -1.0000 0.0000
vn 0.0000 -1.0000 0.0000
vn 0.0000 1.0000 0.0000
vn 0.0000 1.0000 0.0000
vn -0.2419 0.0000 0.9703
vn -0.2419 0.0000 0.9703
vn -0.9703 0.0000 -0.2419
vn -0.9703 -0.0000 -0.2419
vn 0.2419 0.0000 -0.9703
vn 0.2419 0.0000 -0.9703
vn 0.9703 0.0000 0.2419
vn 0.9703 0.0000 0.2419
vn 0.0000 -1.0000 0.0000
vn 0.0000 -1.0000 0.0000
vn 0.0000 1.0000 0.0000
vn 0.0000 1.0000 0.0000
vn -0.2419 0.0000 0.9703
vn -0.2419 0.0000 0.9703
vn -0.9703 0.0000 -0.2419
vn -0.9703 -0.0000 -0.2419
vn 0.2419 0.0000 -0.9703
vn 0.2419 0.0000 -0.9703
vn 0.9703 0.0000 0.2419
vn 0.9703 0.0000 0.2419
vn 0.0000 -1.0000 0.0000
vn 0.0000 -1.0000 0.0000
vn 0.0000 1.0000 0.0000
vn 0.0000 1.0000 0.0000
vn -0.2419 0.0000 0.9703
vn -0.2419 0.0000 0.9703
vn -0.9703 0.0000 -0.2419
vn -0.9703 -0.0000 -0.2419
vn 0.2419 0.0000 -0.9703
vn 0.2419 0.0000 -0.9703
vn 0.9703 0.0000 0.2419
vn 0.9703 0.0000 0.2419
vn 0.0000 -1.0000 0.0000
vn 0.0000 -1.0000 0.0000
vn 0.0000 1.0000 0.0000
vn 0.0000 1.0000 0.0000
vn -0.2419 0.0000 0.9703
vn -0.2419 0.0000 0.9703
vn -0.9703 0.0000 -0.2419
vn -0.9703 -0.0000 -0.2419
vn 0.2419 0.0000 -0.9703
vn 0.2419 0.0000 -0.9703
vn 0.9703 0.0000 0.2419
vn 0.9703 0.0000 0.2419
vn 0.0000 -1.0000 0.0000
vn 0.0000 -1.0000 0.0000
vn 0.0000 1.0000 0.0000
vn 0.0000 1.0000 -0.0000
vn -1.0000 0.0000 -0.0000
vn -1.0000 -0.0000 0.0000
vn 0.0000 0.0000 -1.0000
vn 0.0000 0.0000 -1.0000
vn 1.0000 0.0000 -0.0000
vn 1.0000 0.0000 0.0000
vn 0.0000 -1.0000 0.0000
vn 0.0000 -1.0000 0.0000
vn 0.0000 1.0000 0.0000
vn 0.0000 1.0000 -0.0000
vn 0.0000 0.0000 1.0000
vn 0.0000 0.0000 1.0000
vn -1.0000 0.0000 -0.0000
vn -1.0000 -0.0000 0.0000
vn 0.0000 0.0000 -1.0000
vn 0.0000 0.0000 -1.0000
vn 1.0000 0.0000 -0.0000
vn 1.0000 0.0000 0.0000
vn 0.0000 -1.0000 0.0000
vn 0.0000 -1.0000 0.0000
vn 0.0000 1.0000 0.0000
vn 0.0000 1.0000 -0.0000
vn 0.0000 0.0000 1.0000
vn 0.0000 0.0000 1.0000
vn -1.0000 0.0000 -0.0000
vn -1.0000 -0.0000 0.0000
vn 0.0000 0.0000 -1.0000
vn 0.0000 0.0000 -1.0000
vn 1.0000 0.0000 -0.0000
vn 1.0000 0.0000 0.0000
vn 0.0000 -1.0000 0.0000
vn 0.0000 -1.0000 0.0000
vn 0.0000 1.0000 0.0000
vn 0.0000 1.0000 -0.0000
vn 0.0000 0.0000 1.0000
vn 0.0000 0.0000 1.0000
vn -1.0000 0.0000 -0.0000
vn -1.0000 -0.0000 0.0000
vn 0.0000 0.0000 -1.0000
vn 0.0000 0.0000 -1.0000
vn 1.0000 0.0000 -0.0000
vn 1.0000 0.0000 0.0000
vn 0.0000 -1.0000 0.0000
vn 0.0000 -1.0000 0.0000
vn 0.0000 1.0000 0.0000
vn 0.0000 1.0000 -0.0000
vn 0.0000 0.0000 1.0000
vn 0.0000 0.0000 1.0000
vn -1.0000 0.0000 -0.0000
vn -1.0000 -0.0000 0.0000
vn 0.0000 0.0000 -1.0000
vn 0.0000 0.0000 -1.0000
vn 1.0000 0.0000 -0.0000
vn 1.0000 0.0000 0.0000
vn 0.0000 -1.0000 0.0000
vn 0.0000 -1.0000 0.0000
vn 0.0000 1.0000 0.0000
vn 0.0000 1.0000 -0.0000
vn 0.0000 0.0000 1.0000
vn 0.0000 0.0000 1.0000
vn -1.0000 0.0000 -0.0000
vn -1.0000 -0.0000 0.0000
vn 0.0000 0.0000 -1.0000
vn 0.0000 0.0000 -1.0000
vn 1.0000 0.0000 -0.0000
vn 1.0000 0.0000 0.0000
vn 0.0000 -1.0000 0.0000
vn 0.0000 -1.0000 0.0000
vn 0.0000 1.0000 0.0000
vn 0.0000 1.0000 -0.0000
vn 0.0000 0.0000 1.0000
vn 0.0000 0.0000 1.0000
vn -1.0000 0.0000 -0.0000
vn -1.0000 -0.0000 0.0000
vn 0.0000 0.0000 -1.0000
vn 0.0000 0.0000 -1.0000
vn 1.0000 0.0000 -0.0000
vn 1.0000 0.0000 0.0000
vn 0.0000 -1.0000 0.0000
vn 0.0000 -1.0000 0.0000
vn 0.0000 1.0000 0.0000
vn 0.0000 1.0000 0.0000
vn -1.0000 0.0000 -0.0000
vn -1.0000 -0.0000 -0.0000
vn 0.0000 0.0000 -1.0000
vn 0.0000 0.0000 -1.0000
vn 1.0000 0.0000 0.0000
vn 1.0000 0.0000 0.0000
vn 0.0000 -1.0000 0.0000
vn 0.0000 -1.0000 0.0000
vn 0.0000 1.0000 0.0000
vn 0.0000 1.0000 -0.0000
vn -1.0000 0.0000 -0.0000
vn -1.0000 -0.0000 0.0000
vn 0.0000 0.0000 -1.0000
vn 0.0000 0.0000 -1.0000
vn 1.0000 0.0000 -0.0000
vn 1.0000 0.0000 0.0000
vn 0.0000 -1.0000 0.0000
vn 0.0000 -1.0000 0.0000
vn 0.0000 1.0000 0.0000
vn 0.0000 1.0000 -0.0000
vn 0.2419 0.0000 0.9703
vn 0.2419 0.0000 0.9703
vn -0.9703 0.0000 0.2419
vn -0.9703 0.0000 0.2419
vn -0.2419 0.0000 -0.9703
vn -0.2419 -0.0000 -0.9703
vn 0.9703 0.0000 -0.2419
vn 0.9703 0.0000 -0.2419
vn 0.0000 -1.0000 -0.0000
vn 0.0000 -1.0000 0.0000
vn 0.0000 1.0000 0.0000
vn 0.0000 1.0000 -0.0000
vn 0.2419 0.0000 0.9703
vn 0.2419 0.0000 0.9703
vn -0.9703 0.0000 0.2419
vn -0.9703 0.0000 0.2419
vn -0.2419 0.0000 -0.9703
vn -0.2419 -0.0000 -0.9703
vn 0.9703 0.0000 -0.2419
vn 0.9703 0.0000 -0.2419
vn 0.0000 -1.0000 -0.0000
vn 0.0000 -1.0000 0.0000
vn 0.0000 1.0000 0.0000
vn 0.0000 1.0000 -0.0000
vn 0.2419 0.0000 0.9703
vn 0.2419 0.0000 0.9703
vn -0.9703 0.0000 0.2419
vn -0.9703 0.0000 0.2419
vn -0.2419 0.0000 -0.9703
vn -0.2419 -0.0000 -0.9703
vn 0.9703 0.0000 -0.2419
vn 0.9703 0.0000 -0.2419
vn 0.0000 -1.0000 -0.0000
vn 0.0000 -1.0000 0.0000
vn 0.0000 1.0000 0.0000
vn 0.0000 1.0000 -0.0000
vn 0.2419 0.0000 0.9703
vn 0.2419 0.0000 0.9703
vn -0.9703 0.0000 0.2419
vn -0.9703 0.0000 0.2419
vn -0.2419 0.0000 -0.9703
vn -0.2419 -0.0000 -0.9703
vn 0.9703 0.0000 -0.2419
vn 0.9703 0.0000 -0.2419
vn 0.0000 -1.0000 -0.0000
vn 0.0000 -1.0000 0.0000
vn 0.0000 1.0000 0.0000
vn 0.0000 1.0000 -0.0000
vn 0.2419 0.0000 0.9703
vn 0.2419 0.0000 0.9703
vn -0.9703 0.0000 0.2419
vn -0.9703 0.0000 0.2419
vn -0.2419 0.0000 -0.9703
vn -0.2419 -0.0000 -0.9703
vn 0.9703 0.0000 -0.2419
vn 0.9703 0.0000 -0.2419
vn 0.0000 -1.0000 -0.0000
vn 0.0000 -1.0000 0.0000
vn 0.0000 1.0000 0.0000
vn 0.0000 1.0000 0.0000
vn -0.2419 0.0000 0.9703
vn -0.2419 0.0000 0.9703
vn -0.9703 0.0000 -0.2419
vn -0.9703 -0.0000 -0.2419
vn 0.2419 0.0000 -0.9703
vn 0.2419 0.0000 -0.9703
vn 0.9703 0.0000 0.2419
vn 0.9703 0.0000 0.2419
vn 0.0000 -1.0000 0.0000
vn 0.0000 -1.0000 0.0000
vn 0.0000 1.0000 0.0000
vn 0.0000 1.0000 0.0000
vn -0.2419 0.0000 0.9703
vn -0.2419 0.0000 0.9703
vn -0.9703 0.0000 -0.2419
vn -0.9703 -0.0000 -0.2419
vn 0.2419 0.0000 -0.9703
vn 0.2419 0.0000 -0.9703
vn 0.9703 0.0000 0.2419
vn 0.9703 0.0000 0.2419
vn 0.0000 -1.0000 0.0000
vn 0.0000 -1.0000 0.0000
vn 0.0000 1.0000 0.0000
vn 0.0000 1.0000 0.0000
vn -0.2419 0.0000 0.9703
vn -0.2419 0.0000 0.9703
vn -0.9703 0.0000 -0.2419
vn -0.9703 -0.0000 -0.2419
vn 0.2419 0.0000 -0.9703
vn 0.2419 0.0000 -0.9703
vn 0.9703 0.0000 0.2419
vn 0.9703 0.0000 0.2419
vn 0.0000 -1.0000 0.0000
vn 0.0000 -1.0000 0.0000
vn 0.0000 1.0000 0.0000
vn 0.0000 1.0000 0.0000
vn -0.2419 0.0000 0.9703
vn -0.2419 0.0000 0.9703
vn -0.9703 0.0000 -0.2419
vn -0.9703 -0.0000 -0.2419
vn 0.2419 0.0000 -0.9703
vn 0.2419 0.0000 -0.9703
vn 0.9703 0.0000 0.2419
vn 0.9703 0.0000 0.2419
vn 0.0000 -1.0000 0.0000
vn 0.0000 -1.0000 0.0000
vn 0.0000 1.0000 0.0000
vn 0.0000 1.0000 0.0000
vn -0.2419 0.0000 0.9703
vn -0.2419 0.0000 0.9703
vn -0.9703 0.0000 -0.2419
vn -0.9703 -0.0000 -0.2419
vn 0.2419 0.0000 -0.9703
vn 0.2419 0.0000 -0.9703
vn 0.9703 0.0000 0.2419
vn 0.9703 0.0000 0.2419
vn 0.0000 -1.0000 0.0000
vn 0.0000 -1.0000 0.0000
vn 0.0000 1.0000 0.0000
vn 0.0000 1.0000 -0.0000
vn -1.0000 0.0000 -0.0000
vn -1.0000 -0.0000 0.0000
vn 0.0000 0.0000 -1.0000
vn 0.0000 0.0000 -1.0000
vn 1.0000 0.0000 -0.0000
vn 1.0000 0.0000 0.0000
vn 0.0000 -1.0000 0.0000
vn 0.0000 -1.0000 0.0000
vn 0.0000 1.0000 0.0000
vn 0.0000 1.0000 -0.0000
vn 0.0000 0.0000 1.0000
vn 0.0000 0.0000 1.0000
vn -1.0000 0.0000 -0.0000
vn -1.0000 -0.0000 0.0000
vn 0.0000 0.0000 -1.0000
vn 0.0000 0.0000 -1.0000
vn 1.0000 0.0000 -0.0000
vn 1.0000 0.0000 0.0000
vn 0.0000 -1.0000 0.0000
vn 0.0000 -1.0000 0.0000
vn 0.0000 1.0000 0.0000
vn 0.0000 1.0000 -0.0000
vn 0.0000 0.0000 1.0000
vn 0.0000 0.0000 1.0000
vn -1.0000 0.0000 -0.0000
vn -1.0000 -0.0000 0.0000
vn 0.0000 0.0000 -1.0000
vn 0.0000 0.0000 -1.0000
vn 1.0000 0.0000 -0.0000
vn 1.0000 0.0000 0.0000
vn 0.0000 -1.0000 0.0000
vn 0.0000 -1.0000 0.0000
vn 0.0000 1.0000 0.0000
vn 0.0000 1.0000 -0.0000
vn 0.0000 0.0000 1.0000
vn 0.0000 0.0000 1.0000
vn -1.0000 0.0000 -0.0000
vn -1.0000 -0.0000 0.0000
vn 0.0000 0.0000 -1.0000
vn 0.0000 0.0000 -1.0000
vn 1.0000 0.0000 -0.0000
vn 1.0000 0.0000 0.0000
vn 0.0000 -1.0000 0.0000
vn 0.0000 -1.0000 0.0000
vn 0.0000 1.0000 0.0000
vn 0.0000 1.0000 -0.0000
vn 0.0000 0.0000 1.0000
vn 0.0000 0.0000 1.0000
vn -1.0000 0.0000 -0.0000
vn -1.0000 -0.0000 0.0000
vn 0.0000 0.0000 -1.0000
vn 0.0000 0.0000 -1.0000
vn 1.0000 0.0000 -0.0000
vn 1.0000 0.0000 0.0000
vn 0.0000 -1.0000 0.0000
vn 0.0000 -1.0000 0.0000
vn 0.0000 1.0000 0.0000
vn 0.0000 1.0000 -0.0000
vn 0.0000 0.0000 1.0000
vn 0.0000 0.0000 1.0000
vn -1.0000 0.0000 -0.0000
vn -1.0000 -0.0000 0.0000
vn 0.0000 0.0000 -1.0000
vn 0.0000 0.0000 -1.0000
vn 1.0000 0.0000 -0.0000
vn 1.0000 0.0000 0.0000
vn 0.0000 -1.0000 0.0000
vn 0.0000 -1.0000 0.0000
vn 0.0000 1.0000 0.0000
vn 0.0000 1.0000 -0.0000
vn 0.0000 0.0000 1.0000
vn 0.0000 0.0000 1.0000
vn -1.0000 0.0000 -0.0000
vn -1.0000 -0.0000 0.0000
vn 0.0000 0.0000 -1.0000
vn 0.0000 0.0000 -1.0000
vn 1.0000 0.0000 -0.0000
vn 1.0000 0.0000 0.0000
vn 0.0000 -1.0000 0.0000
vn 0.0000 -1.0000 0.0000
vn 0.0000 1.0000 0.0000
vn 0.0000 1.0000 -0.0000
vn -1.0000 0.0000 -0.0000
vn -1.0000 -0.0000 0.0000
vn 0.0000 0.0000 -1.0000
vn 0.0000 0.0000 -1.0000
vn 1.0000 0.0000 -0.0000
vn 1.0000 0.0000 0.0000
vn 0.0000 -1.0000 0.0000
vn 0.0000 -1.0000 0.0000
vn 0.0000 1.0000 0.0000
vn 0.0000 1.0000 -0.0000
vn -1.0000 0.0000 -0.0000
vn -1.0000 -0.0000 0.0000
vn 0.0000 0.0000 -1.0000
vn 0.0000 0.0000 -1.0000
vn 1.0000 0.0000 -0.0000
vn 1.0000 0.0000 0.0000
vn 0.0000 -1.0000 0.0000
vn 0.0000 -1.0000 0.0000
vn 0.0000 1.0000 0.0000
vn 0.0000 1.0000 -0.0000
vn 0.2419 0.0000 0.9703
vn 0.2419 0.0000 0.9703
vn -0.9703 0.0000 0.2419
vn -0.9703 0.0000 0.2419
vn -0.2419 0.0000 -0.9703
vn -0.2419 -0.0000 -0.9703
vn 0.9703 0.0000 -0.2419
vn 0.9703 0.0000 -0.2419
vn 0.0000 -1.0000 -0.0000
vn 0.0000 -1.0000 0.0000
vn 0.0000 1.0000 0.0000
vn 0.0000 1.0000 -0.0000
vn 0.2419 0.0000 0.9703
vn 0.2419 0.0000 0.9703
vn -0.9703 0.0000 0.2419
vn -0.9703 0.0000 0.2419
vn -0.2419 0.0000 -0.9703
vn -0.2419 -0.0000 -0.9703
vn 0.9703 0.0000 -0.2419
vn 0.9703 0.0000 -0.2419
vn 0.0000 -1.0000 -0.0000
vn 0.0000 -1.0000 0.0000
vn 0.0000 1.0000 0.0000
vn 0.0000 1.0000 -0.0000
vn 0.2419 0.0000 0.9703
vn 0.2419 0.0000 0.9703
vn -0.9703 0.0000 0.2419
vn -0.9703 0.0000 0.2419
vn -0.2419 0.0000 -0.9703
vn -0.2419 -0.0000 -0.9703
vn 0.9703 0.0000 -0.2419
vn 0.9703 0.0000 -0.2419
vn 0.0000 -1.0000 -0.0000
vn 0.0000 -1.0000 0.0000
vn 0.0000 1.0000 0.0000
vn 0.0000 1.0000 -0.0000
vn 0.2419 0.0000 0.9703
vn 0.2419 0.0000 0.9703
vn -0.9703 0.0000 0.2419
vn -0.9703 0.0000 0.2419
vn -0.2419 0.0000 -0.9703
vn -0.2419 -0.0000 -0.9703
vn 0.9703 0.0000 -0.2419
vn 0.9703 0.0000 -0.2419
vn 0.0000 -1.0000 -0.0000
vn 0.0000 -1.0000 0.0000
vn 0.0000 1.0000 0.0000
vn 0.0000 1.0000 -0.0000
vn 0.2419 0.0000 0.9703
vn 0.2419 0.0000 0.9703
vn -0.9703 0.0000 0.2419
vn -0.9703 0.0000 0.2419
vn -0.2419 0.0000 -0.9703
vn -0.2419 -0.0000 -0.9703
vn 0.9703 0.0000 -0.2419
vn 0.9703 0.0000 -0.2419
vn 0.0000 -1.0000 -0.0000
vn 0.0000 -1.0000 0.0000
vn 0.0000 1.0000 0.0000
vn 0.0000 1.0000 0.0000
vn -0.2419 0.0000 0.9703
vn -0.2419 0.0000 0.9703
vn -0.9703 0.0000 -0.2419
vn -0.9703 -0.0000 -0.2419
vn 0.2419 0.0000 -0.9703
vn 0.2419 0.0000 -0.9703
vn 0.9703 0.0000 0.2419
vn 0.9703 0.0000 0.2419
vn 0.0000 -1.0000 0.0000
vn 0.0000 -1.0000 0.0000
vn 0.0000 1.0000 0.0000
vn 0.0000 1.0000 0.0000
vn -0.2419 0.0000 0.9703
vn -0.2419 0.0000 0.9703
vn -0.9703 0.0000 -0.2419
vn -0.9703 -0.0000 -0.2419
vn 0.2419 0.0000 -0.9703
vn 0.2419 0.0000 -0.9703
vn 0.9703 0.0000 0.2419
vn 0.9703 0.0000 0.2419
vn 0.0000 -1.0000 0.0000
vn 0.0000 -1.0000 0.0000
vn 0.0000 1.0000 0.0000
vn 0.0000 1.0000 0.0000
vn -0.2419 0.0000 0.9703
vn -0.2419 0.0000 0.9703
vn -0.9703 0.0000 -0.2419
vn -0.9703 -0.0000 -0.2419
vn 0.2419 0.0000 -0.9703
vn 0.2419 0.0000 -0.9703
vn 0.9703 0.0000 0.2419
vn 0.9703 0.0000 0.2419
vn 0.0000 -1.0000 0.0000
vn 0.0000 -1.0000 0.0000
vn 0.0000 1.0000 0.0000
vn 0.0000 1.0000 0.0000
vn -0.2419 0.0000 0.9703
vn -0.2419 0.0000 0.9703
vn -0.9703 0.0000 -0.2419
vn -0.9703 -0.0000 -0.2419
vn 0.2419 0.0000 -0.9703
vn 0.2419 0.0000 -0.9703
vn 0.9703 0.0000 0.2419
vn 0.9703 0.0000 0.2419
vn 0.0000 -1.0000 0.0000
vn 0.0000 -1.0000 0.0000
vn 0.0000 1.0000 0.0000
vn 0.0000 1.0000 0.0000
vn -0.2419 0.0000 0.9703
vn -0.2419 0.0000 0.9703
vn -0.9703 0.0000 -0.2419
vn -0.9703 -0.0000 -0.2419
vn 0.2419 0.0000 -0.9703
vn 0.2419 0.0000 -0.9703
vn 0.9703 0.0000 0.2419
vn 0.9703 0.0000 0.2419
vn 0.0000 -1.0000 0.0000
vn 0.0000 -1.0000 0.0000
vn 0.0000 -0.0000 -1.0000
vn -0.0000 0.0000 -1.0000
vn 0.0000 0.0000 -1.0000
vn 0.0000 0.0000 -1.0000
vn 0.0000 0.0000 -1.0000
vn 0.0000 0.0000 -1.0000
vn 0.0000 0.0000 -1.0000
vn 0.0000 0.0000 -1.0000
vn 0.0000 0.0000 -1.0000
vn 0.0000 0.0000 1.0000
vn -0.0000 0.0000 1.0000
vn 0.0000 0.0000 1.0000
vn 0.0000 0.0000 1.0000
vn 0.0000 0.0000 1.0000
vn 0.0000 0.0000 1.0000
vn 0.0000 0.0000 1.0000
vn 0.0000 0.0000 1.0000
vn 0.0000 0.0000 1.0000
vn 0.0000 -1.0000 0.0000
vn 0.0000 -1.0000 0.0000
vn -1.0000 0.0000 0.0000
vn -1.0000 0.0000 0.0000
vn -0.9727 0.2321 0.0000
vn -0.9727 0.2321 0.0000
vn -0.7803 0.6254 0.0000
vn -0.7803 0.6254 0.0000
vn -0.4866 0.8736 0.0000
vn -0.4866 0.8736 0.0000
vn -0.1636 0.9865 0.0000
vn -0.1636 0.9865 0.0000
vn 0.1636 0.9865 -0.0000
vn 0.1636 0.9865 0.0000
vn 0.4866 0.8736 -0.0000
vn 0.4866 0.8736 0.0000
vn 0.7803 0.6254 -0.0000
vn 0.7803 0.6254 0.0000
vn 0.9727 0.2321 -0.0000
vn 0.9727 0.2321 0.0000
vn 1.0000 0.0000 -0.0000
vn 1.0000 0.0000 0.0000
vn 0.0000 -0.0000 -1.0000
vn -0.0000 0.0000 -1.0000
vn 0.0000 0.0000 -1.0000
vn 0.0000 0.0000 -1.0000
vn 0.0000 0.0000 -1.0000
vn 0.0000 0.0000 -1.0000
vn 0.0000 0.0000 -1.0000
vn 0.0000 0.0000 -1.0000
vn 0.0000 0.0000 -1.0000
vn 0.0000 0.0000 1.0000
vn -0.0000 0.0000 1.0000
vn 0.0000 0.0000 1.0000
vn 0.0000 0.0000 1.0000
vn 0.0000 0.0000 1.0000
vn 0.0000 0.0000 1.0000
vn 0.0000 0.0000 1.0000
vn 0.0000 0.0000 1.0000
vn 0.0000 0.0000 1.0000
vn 0.0000 -1.0000 0.0000
vn 0.0000 -1.0000 0.0000
vn -1.0000 0.0000 0.0000
vn -1.0000 0.0000 0.0000
vn -0.9808 0.1951 0.0000
vn -0.9808 0.1951 0.0000
vn -0.8315 0.5556 0.0000
vn -0.8315 0.5556 0.0000
vn -0.5556 0.8315 0.0000
vn -0.5556 0.8315 0.0000
vn -0.1951 0.9808 0.0000
vn -0.1951 0.9808 0.0000
vn 0.1951 0.9808 -0.0000
vn 0.1951 0.9808 0.0000
vn 0.5556 0.8315 -0.0000
vn 0.5556 0.8315 0.0000
vn 0.8315 0.5556 -0.0000
vn 0.8315 0.5556 0.0000
vn 0.9808 0.1951 -0.0000
vn 0.9808 0.1951 0.0000
vn 1.0000 0.0000 -0.0000
vn 1.0000 0.0000 0.0000
vn 0.0000 1.0000 0.0000
vn 0.0000 1.0000 -0.0000
vn -1.0000 0.0000 -0.0000
vn -1.0000 -0.0000 0.0000
vn 0.0000 0.0000 -1.0000
vn 0.0000 0.0000 -1.0000
vn 1.0000 0.0000 -0.0000
vn 1.0000 0.0000 0.0000
vn 0.0000 -1.0000 0.0000
vn 0.0000 -1.0000 0.0000
vn 0.0000 1.0000 0.0000
vn 0.0000 1.0000 -0.0000
vn -1.0000 0.0000 -0.0000
vn -1.0000 -0.0000 0.0000
vn 0.0000 0.0000 -1.0000
vn 0.0000 0.0000 -1.0000
vn 1.0000 0.0000 -0.0000
vn 1.0000 0.0000 0.0000
vn 0.0000 -1.0000 0.0000
vn 0.0000 -1.0000 0.0000
vn 0.0000 1.0000 0.0000
vn 0.0000 1.0000 -0.0000
vn 0.0000 0.0000 1.0000
vn 0.0000 0.0000 1.0000
vn -1.0000 0.0000 -0.0000
vn -1.0000 -0.0000 0.0000
vn 0.0000 0.0000 -1.0000
vn 0.0000 0.0000 -1.0000
vn 1.0000 0.0000 -0.0000
vn 1.0000 0.0000 0.0000
vn 0.0000 -1.0000 0.0000
vn 0.0000 -1.0000 0.0000
vn 0.0000 1.0000 0.0000
vn 0.0000 1.0000 -0.0000
vn 0.0000 0.0000 1.0000
vn 0.0000 0.0000 1.0000
vn -1.0000 0.0000 -0.0000
vn -1.0000 -0.0000 0.0000
vn 0.0000 0.0000 -1.0000
vn 0.0000 0.0000 -1.0000
vn 1.0000 0.0000 -0.0000
vn 1.0000 0.0000 0.0000
vn 0.0000 -1.0000 0.0000
vn 0.0000 -1.0000 0.0000
vn 0.0000 1.0000 0.0000
vn 0.0000 1.0000 -0.0000
vn -0.0000 0.0000 1.0000
vn -0.0000 0.0000 1.0000
vn -1.0000 0.0000 -0.0000
vn -1.0000 -0.0000 0.0000
vn 0.0000 0.0000 -1.0000
vn 0.0000 0.0000 -1.0000
vn 1.0000 0.0000 -0.0000
vn 1.0000 0.0000 0.0000
vn 0.0000 -1.0000 0.0000
vn 0.0000 -1.0000 0.0000
vn 0.0000 1.0000 0.0000
vn 0.0000 1.0000 -0.0000
vn -0.0000 0.0000 1.0000
vn -0.0000 0.0000 1.0000
vn -1.0000 0.0000 -0.0000
vn -1.0000 -0.0000 0.0000
vn 0.0000 0.0000 -1.0000
vn 0.0000 0.0000 -1.0000
vn 1.0000 0.0000 -0.0000
vn 1.0000 0.0000 0.0000
vn 0.0000 -1.0000 0.0000
vn 0.0000 -1.0000 0.0000
vn 0.0000 1.0000 0.0000
vn 0.0000 1.0000 -0.0000
vn 0.0000 0.0000 1.0000
vn 0.0000 0.0000 1.0000
vn -1.0000 0.0000 -0.0000
vn -1.0000 -0.0000 0.0000
vn 0.0000 0.0000 -1.0000
vn 0.0000 0.0000 -1.0000
vn 1.0000 0.0000 -0.0000
vn 1.0000 0.0000 0.0000
vn 0.0000 -1.0000 0.0000
vn 0.0000 -1.0000 0.0000
vn 0.0000 1.0000 0.0000
vn 0.0000 1.0000 -0.0000
vn 0.0000 0.0000 1.0000
vn 0.0000 0.0000 1.0000
vn -1.0000 0.0000 -0.0000
vn -1.0000 -0.0000 0.0000
vn 0.0000 0.0000 -1.0000
vn 0.0000 0.0000 -1.0000
vn 1.0000 0.0000 -0.0000
vn 1.0000 0.0000 0.0000
vn 0.0000 -1.0000 0.0000
vn 0.0000 -1.0000 0.0000
vn -0.6547 -0.6547 -0.3780
vn 0.0000 -0.6547 -0.7559
vn 0.6547 -0.6547 -0.3780
vn 0.6547 -0.6547 0.3780
vn 0.0000 -0.6547 0.7559
vn -0.6547 -0.6547 0.3780
vn -0.6547 0.6547 -0.3780
vn 0.0000 0.6547 -0.7559
vn 0.6547 0.6547 -0.3780
vn 0.6547 0.6547 0.3780
vn 0.0000 0.6547 0.7559
vn -0.6547 0.6547 0.3780
vn 0.0000 1.0000 0.0000
vn 0.0000 1.0000 -0.0000
vn 0.0000 0.0000 1.0000
vn 0.0000 0.0000 1.0000
vn -1.0000 0.0000 -0.0000
vn -1.0000 -0.0000 0.0000
vn 0.0000 0.0000 -1.0000
vn 0.0000 0.0000 -1.0000
vn 1.0000 0.0000 -0.0000
vn 1.0000 0.0000 0.0000
vn 0.0000 -1.0000 0.0000
vn 0.0000 -1.0000 0.0000
vn -0.0000 1.0000 0.0000
vn 0.0000 1.0000 0.0000
vn 0.0000 0.0000 -1.0000
vn 0.0000 0.0000 -1.0000
vn 1.0000 0.0000 -0.0000
vn 1.0000 0.0000 0.0000
vn 0.0000 0.0000 1.0000
vn 0.0000 0.0000 1.0000
vn -1.0000 0.0000 -0.0000
vn -1.0000 -0.0000 0.0000
vn 0.0000 -1.0000 0.0000
vn 0.0000 -1.0000 0.0000
vn 0.0000 0.9239 -0.3827
vn 0.0000 0.9239 -0.3827
vn 0.0000 0.3827 -0.9239
vn 0.0000 0.3827 -0.9239
vn 0.0000 -0.3827 -0.9239
vn -0.0000 -0.3827 -0.9239
vn 0.0000 -0.9239 -0.3827
vn -0.0000 -0.9239 -0.3827
vn 0.0000 -0.9239 0.3827
vn 0.0000 -0.9239 0.3827
vn 0.0000 -0.3827 0.9239
vn 0.0000 -0.3827 0.9239
vn 0.0000 0.3827 0.9239
vn 0.0000 0.3827 0.9239
vn 0.0000 0.9239 0.3827
vn 0.0000 0.9239 0.3827
vn 1.0000 0.0000 0.0000
vn 1.0000 0.0000 0.0000
vn 1.0000 0.0000 0.0000
vn 1.0000 0.0000 0.0000
vn 1.0000 0.0000 0.0000
vn 1.0000 0.0000 0.0000
vn -1.0000 0.0000 0.0000
vn -1.0000 0.0000 0.0000
vn -1.0000 -0.0000 0.0000
vn -1.0000 0.0000 0.0000
vn -1.0000 0.0000 0.0000
vn -1.0000 0.0000 0.0000
vn -0.0000 1.0000 0.0000
vn 0.0000 1.0000 0.0000
vn 0.0000 0.0000 -1.0000
vn 0.0000 0.0000 -1.0000
vn 1.0000 0.0000 -0.0000
vn 1.0000 0.0000 0.0000
vn 0.0000 0.0000 1.0000
vn 0.0000 0.0000 1.0000
vn -1.0000 0.0000 -0.0000
vn -1.0000 -0.0000 0.0000
vn 0.0000 -1.0000 0.0000
vn 0.0000 -1.0000 0.0000
vn 0.0000 0.0000 1.0000
vn 0.0000 -0.0000 1.0000
vn 0.0000 0.0000 1.0000
vn -0.0000 0.0000 1.0000
vn 0.0000 0.0000 1.0000
vn 0.0000 0.0000 1.0000
vn 0.0000 0.0000 1.0000
vn 0.0000 0.0000 1.0000
vn 0.0000 0.0000 1.0000
vn 0.0000 0.0000 1.0000
vn -0.0000 1.0000 0.0000
vn 0.0000 1.0000 0.0000
vn 0.0000 0.0000 -1.0000
vn 0.0000 0.0000 -1.0000
vn 1.0000 0.0000 -0.0000
vn 1.0000 0.0000 0.0000
vn 0.0000 0.0000 1.0000
vn 0.0000 0.0000 1.0000
vn -1.0000 0.0000 -0.0000
vn -1.0000 -0.0000 0.0000
vn 0.0000 -1.0000 0.0000
vn 0.0000 -1.0000 0.0000
vn -0.0000 1.0000 0.0000
vn 0.0000 1.0000 0.0000
vn 0.0000 0.0000 -1.0000
vn 0.0000 0.0000 -1.0000
vn 1.0000 0.0000 -0.0000
vn 1.0000 0.0000 0.0000
vn 0.0000 0.0000 1.0000
vn 0.0000 0.0000 1.0000
vn -1.0000 0.0000 -0.0000
vn -1.0000 -0.0000 0.0000
vn 0.0000 -1.0000 0.0000
vn 0.0000 -1.0000 0.0000
vn -0.0000 1.0000 0.0000
vn 0.0000 1.0000 0.0000
vn 0.0000 0.0000 -1.0000
vn 0.0000 0.0000 -1.0000
vn 1.0000 0.0000 -0.0000
vn 1.0000 0.0000 0.0000
vn 0.0000 0.0000 1.0000
vn 0.0000 0.0000 1.0000
vn -1.0000 0.0000 -0.0000
vn -1.0000 -0.0000 0.0000
vn 0.0000 -1.0000 0.0000
vn 0.0000 -1.0000 0.0000
vn -0.0000 1.0000 0.0000
vn 0.0000 1.0000 0.0000
vn 0.0000 0.0000 -1.0000
vn 0.0000 0.0000 -1.0000
vn 1.0000 0.0000 -0.0000
vn 1.0000 0.0000 0.0000
vn 0.0000 0.0000 1.0000
vn 0.0000 0.0000 1.0000
vn -1.0000 0.0000 -0.0000
vn -1.0000 -0.0000 0.0000
vn 0.0000 -1.0000 0.0000
vn 0.0000 -1.0000 0.0000
vn -0.0000 1.0000 0.0000
vn 0.0000 1.0000 0.0000
vn 0.0000 0.0000 -1.0000
vn 0.0000 0.0000 -1.0000
vn 1.0000 0.0000 -0.0000
vn 1.0000 0.0000 0.0000
vn 0.0000 0.0000 1.0000
vn 0.0000 0.0000 1.0000
vn -1.0000 0.0000 -0.0000
vn -1.0000 -0.0000 0.0000
vn 0.0000 -1.0000 0.0000
vn 0.0000 -1.0000 0.0000
vn -0.0000 1.0000 0.0000
vn 0.0000 1.0000 0.0000
vn 0.0000 0.0000 -1.0000
vn 0.0000 0.0000 -1.0000
vn 1.0000 0.0000 -0.0000
vn 1.0000 0.0000 0.0000
vn 0.0000 0.0000 1.0000
vn 0.0000 0.0000 1.0000
vn -1.0000 0.0000 -0.0000
vn -1.0000 -0.0000 0.0000
vn 0.0000 -1.0000 0.0000
vn 0.0000 -1.0000 0.0000
vn -0.0000 1.0000 0.0000
vn 0.0000 1.0000 0.0000
vn 0.0000 0.0000 -1.0000
vn 0.0000 0.0000 -1.0000
vn 1.0000 0.0000 -0.0000
vn 1.0000 0.0000 0.0000
vn 0.0000 0.0000 1.0000
vn 0.0000 0.0000 1.0000
vn -1.0000 0.0000 -0.0000
vn -1.0000 -0.0000 0.0000
vn 0.0000 -1.0000 0.0000
vn 0.0000 -1.0000 0.0000
vn -0.0000 1.0000 0.0000
vn 0.0000 1.0000 0.0000
vn 0.0000 0.0000 -1.0000
vn 0.0000 0.0000 -1.0000
vn 1.0000 0.0000 -0.0000
vn 1.0000 0.0000 0.0000
vn 0.0000 0.0000 1.0000
vn 0.0000 0.0000 1.0000
vn -1.0000 0.0000 -0.0000
vn -1.0000 -0.0000 0.0000
vn 0.0000 -1.0000 0.0000
vn 0.0000 -1.0000 0.0000
vn -0.0000 1.0000 0.0000
vn 0.0000 1.0000 0.0000
vn 0.0000 0.0000 -1.0000
vn 0.0000 0.0000 -1.0000
vn 1.0000 0.0000 -0.0000
vn 1.0000 0.0000 0.0000
vn 0.0000 0.0000 1.0000
vn 0.0000 0.0000 1.0000
vn -1.0000 0.0000 -0.0000
vn -1.0000 -0.0000 0.0000
vn 0.0000 -1.0000 0.0000
vn 0.0000 -1.0000 0.0000
vn -0.0000 1.0000 0.0000
vn 0.0000 1.0000 0.0000
vn 0.0000 0.0000 -1.0000
vn 0.0000 0.0000 -1.0000
vn 1.0000 0.0000 -0.0000
vn 1.0000 0.0000 0.0000
vn 0.0000 0.0000 1.0000
vn 0.0000 0.0000 1.0000
vn -1.0000 0.0000 -0.0000
vn -1.0000 -0.0000 0.0000
vn 0.0000 -1.0000 0.0000
vn 0.0000 -1.0000 0.0000
vn 0.9239 -0.3827 0.0000
vn 0.9239 -0.3827 0.0000
vn 0.3827 -0.9239 0.0000
vn 0.3827 -0.9239 0.0000
vn -0.3827 -0.9239 0.0000
vn -0.3827 -0.9239 -0.0000
vn -0.9239 -0.3827 0.0000
vn -0.9239 -0.3827 -0.0000
vn -0.9239 0.3827 0.0000
vn -0.9239 0.3827 0.0000
vn -0.3827 0.9239 0.0000
vn -0.3827 0.9239 0.0000
vn 0.3827 0.9239 0.0000
vn 0.3827 0.9239 0.0000
vn 0.9239 0.3827 0.0000
vn 0.9239 0.3827 0.0000
vn 0.0000 0.0000 1.0000
vn 0.0000 0.0000 1.0000
vn 0.0000 0.0000 1.0000
vn 0.0000 0.0000 1.0000
vn 0.0000 0.0000 1.0000
vn 0.0000 0.0000 1.0000
vn 0.0000 0.0000 -1.0000
vn 0.0000 0.0000 -1.0000
vn 0.0000 0.0000 -1.0000
vn -0.0000 0.0000 -1.0000
vn 0.0000 0.0000 -1.0000
vn 0.0000 0.0000 -1.0000
vn 0.9239 -0.3827 0.0000
vn 0.9239 -0.3827 0.0000
vn 0.3827 -0.9239 0.0000
vn 0.3827 -0.9239 0.0000
vn -0.3827 -0.9239 0.0000
vn -0.3827 -0.9239 -0.0000
vn -0.9239 -0.3827 0.0000
vn -0.9239 -0.3827 -0.0000
vn -0.9239 0.3827 0.0000
vn -0.9239 0.3827 0.0000
vn -0.3827 0.9239 0.0000
vn -0.3827 0.9239 0.0000
vn 0.3827 0.9239 0.0000
vn 0.3827 0.9239 0.0000
vn 0.9239 0.3827 0.0000
vn 0.9239 0.3827 0.0000
vn 0.0000 0.0000 1.0000
vn 0.0000 0.0000 1.0000
vn 0.0000 0.0000 1.0000
vn 0.0000 0.0000 1.0000
vn 0.0000 0.0000 1.0000
vn 0.0000 0.0000 1.0000
vn 0.0000 0.0000 -1.0000
vn 0.0000 0.0000 -1.0000
vn 0.0000 0.0000 -1.0000
vn -0.0000 0.0000 -1.0000
vn 0.0000 0.0000 -1.0000
vn 0.0000 0.0000 -1.0000
vn 0.9239 -0.3827 0.0000
vn 0.9239 -0.3827 0.0000
vn 0.3827 -0.9239 0.0000
vn 0.3827 -0.9239 0.0000
vn -0.3827 -0.9239 0.0000
vn -0.3827 -0.9239 -0.0000
vn -0.9239 -0.3827 0.0000
vn -0.9239 -0.3827 -0.0000
vn -0.9239 0.3827 0.0000
vn -0.9239 0.3827 0.0000
vn -0.3827 0.9239 0.0000
vn -0.3827 0.9239 0.0000
vn 0.3827 0.9239 0.0000
vn 0.3827 0.9239 0.0000
vn 0.9239 0.3827 0.0000
vn 0.9239 0.3827 0.0000
vn 0.0000 0.0000 1.0000
vn 0.0000 0.0000 1.0000
vn 0.0000 0.0000 1.0000
vn 0.0000 0.0000 1.0000
vn 0.0000 0.0000 1.0000
vn 0.0000 0.0000 1.0000
vn 0.0000 0.0000 -1.0000
vn 0.0000 0.0000 -1.0000
vn 0.0000 0.0000 -1.0000
vn -0.0000 0.0000 -1.0000
vn 0.0000 0.0000 -1.0000
vn 0.0000 0.0000 -1.0000
vn 0.9239 -0.3827 0.0000
vn 0.9239 -0.3827 0.0000
vn 0.3827 -0.9239 0.0000
vn 0.3827 -0.9239 0.0000
vn -0.3827 -0.9239 0.0000
vn -0.3827 -0.9239 -0.0000
vn -0.9239 -0.3827 0.0000
vn -0.9239 -0.3827 -0.0000
vn -0.9239 0.3827 0.0000
vn -0.9239 0.3827 0.0000
vn -0.3827 0.9239 0.0000
vn -0.3827 0.9239 0.0000
vn 0.3827 0.9239 0.0000
vn 0.3827 0.9239 0.0000
vn 0.9239 0.3827 0.0000
vn 0.9239 0.3827 0.0000
vn 0.0000 0.0000 1.0000
vn 0.0000 0.0000 1.0000
vn 0.0000 0.0000 1.0000
vn 0.0000 0.0000 1.0000
vn 0.0000 0.0000 1.0000
vn 0.0000 0.0000 1.0000
vn 0.0000 0.0000 -1.0000
vn 0.0000 0.0000 -1.0000
vn 0.0000 0.0000 -1.0000
vn -0.0000 0.0000 -1.0000
vn 0.0000 0.0000 -1.0000
vn 0.0000 0.0000 -1.0000
vn -1.0000 0.0000 0.0000
vn -1.0000 0.0000 0.0000
vn 0.0000 0.0000 -1.0000
vn 0.0000 0.0000 -1.0000
vn 0.0000 1.0000 0.0000
vn 0.0000 1.0000 0.0000
vn 0.0000 0.0000 1.0000
vn -0.0000 0.0000 1.0000
vn 0.0000 -1.0000 0.0000
vn 0.0000 -1.0000 0.0000
vn 1.0000 0.0000 -0.0000
vn 1.0000 0.0000 0.0000
vn -1.0000 0.0000 0.0000
vn -1.0000 0.0000 0.0000
vn 0.0000 0.0000 -1.0000
vn 0.0000 0.0000 -1.0000
vn 0.0000 1.0000 0.0000
vn 0.0000 1.0000 0.0000
vn 0.0000 0.0000 1.0000
vn -0.0000 0.0000 1.0000
vn 0.0000 -1.0000 0.0000
vn 0.0000 -1.0000 0.0000
vn 1.0000 0.0000 -0.0000
vn 1.0000 0.0000 0.0000
vn -1.0000 0.0000 0.0000
vn -1.0000 0.0000 0.0000
vn 0.0000 0.0000 -1.0000
vn 0.0000 0.0000 -1.0000
vn 0.0000 1.0000 0.0000
vn 0.0000 1.0000 0.0000
vn 0.0000 0.0000 1.0000
vn -0.0000 0.0000 1.0000
vn 0.0000 -1.0000 0.0000
vn 0.0000 -1.0000 0.0000
vn 1.0000 0.0000 -0.0000
vn 1.0000 0.0000 0.0000
vn -1.0000 0.0000 0.0000
vn -1.0000 0.0000 0.0000
vn 0.0000 0.0000 -1.0000
vn 0.0000 0.0000 -1.0000
vn 0.0000 1.0000 0.0000
vn 0.0000 1.0000 0.0000
vn 0.0000 0.0000 1.0000
vn -0.0000 0.0000 1.0000
vn 0.0000 -1.0000 0.0000
vn 0.0000 -1.0000 0.0000
vn 1.0000 0.0000 -0.0000
vn 1.0000 0.0000 0.0000
vn -1.0000 0.0000 0.0000
vn -1.0000 0.0000 0.0000
vn 0.0000 0.0000 -1.0000
vn 0.0000 0.0000 -1.0000
vn 0.0000 1.0000 0.0000
vn 0.0000 1.0000 0.0000
vn 0.0000 0.0000 1.0000
vn -0.0000 0.0000 1.0000
vn 0.0000 -1.0000 0.0000
vn 0.0000 -1.0000 0.0000
vn 1.0000 0.0000 -0.0000
vn 1.0000 0.0000 0.0000
vn -1.0000 0.0000 0.0000
vn -1.0000 0.0000 0.0000
vn 0.0000 0.0000 -1.0000
vn 0.0000 0.0000 -1.0000
vn 0.0000 1.0000 0.0000
vn 0.0000 1.0000 0.0000
vn 0.0000 0.0000 1.0000
vn -0.0000 0.0000 1.0000
vn 0.0000 -1.0000 0.0000
vn 0.0000 -1.0000 0.0000
vn 1.0000 0.0000 -0.0000
vn 1.0000 0.0000 0.0000
vn -1.0000 0.0000 0.0000
vn -1.0000 0.0000 0.0000
vn 0.0000 0.0000 -1.0000
vn 0.0000 0.0000 -1.0000
vn 0.0000 1.0000 0.0000
vn 0.0000 1.0000 0.0000
vn 0.0000 0.0000 1.0000
vn -0.0000 0.0000 1.0000
vn 0.0000 -1.0000 0.0000
vn 0.0000 -1.0000 0.0000
vn 1.0000 0.0000 -0.0000
vn 1.0000 0.0000 0.0000
vn -1.0000 0.0000 0.0000
vn -1.0000 0.0000 0.0000
vn 0.0000 0.0000 -1.0000
vn 0.0000 0.0000 -1.0000
vn 0.0000 1.0000 0.0000
vn 0.0000 1.0000 0.0000
vn 0.0000 0.0000 1.0000
vn -0.0000 0.0000 1.0000
vn 0.0000 -1.0000 0.0000
vn 0.0000 -1.0000 0.0000
vn 1.0000 0.0000 -0.0000
vn 1.0000 0.0000 0.0000
vn -1.0000 0.0000 0.0000
vn -1.0000 0.0000 0.0000
vn 0.0000 0.0000 -1.0000
vn 0.0000 0.0000 -1.0000
vn 0.0000 1.0000 0.0000
vn 0.0000 1.0000 0.0000
vn 0.0000 0.0000 1.0000
vn -0.0000 0.0000 1.0000
vn 0.0000 -1.0000 0.0000
vn 0.0000 -1.0000 0.0000
vn 1.0000 0.0000 -0.0000
vn 1.0000 0.0000 0.0000
vn -1.0000 0.0000 0.0000
vn -1.0000 0.0000 0.0000
vn 0.0000 0.0000 -1.0000
vn 0.0000 0.0000 -1.0000
vn 0.0000 1.0000 0.0000
vn 0.0000 1.0000 0.0000
vn 0.0000 0.0000 1.0000
vn -0.0000 0.0000 1.0000
vn 0.0000 -1.0000 0.0000
vn 0.0000 -1.0000 0.0000
vn 1.0000 0.0000 -0.0000
vn 1.0000 0.0000 0.0000
vn -1.0000 0.0000 0.0000
vn -1.0000 0.0000 0.0000
vn 0.0000 0.0000 -1.0000
vn 0.0000 0.0000 -1.0000
vn 0.0000 1.0000 0.0000
vn 0.0000 1.0000 0.0000
vn 0.0000 0.0000 1.0000
vn -0.0000 0.0000 1.0000
vn 0.0000 -1.0000 0.0000
vn 0.0000 -1.0000 0.0000
vn 1.0000 0.0000 -0.0000
vn 1.0000 0.0000 0.0000
vn -1.0000 0.0000 0.0000
vn -1.0000 0.0000 0.0000
vn 0.0000 0.0000 -1.0000
vn 0.0000 0.0000 -1.0000
vn 0.0000 1.0000 0.0000
vn 0.0000 1.0000 0.0000
vn 0.0000 0.0000 1.0000
vn -0.0000 0.0000 1.0000
vn 0.0000 -1.0000 0.0000
vn 0.0000 -1.0000 0.0000
vn 1.0000 0.0000 -0.0000
vn 1.0000 0.0000 0.0000
vn -1.0000 0.0000 0.0000
vn -1.0000 0.0000 0.0000
vn 0.0000 0.0000 -1.0000
vn 0.0000 0.0000 -1.0000
vn 0.0000 1.0000 0.0000
vn 0.0000 1.0000 0.0000
vn 0.0000 0.0000 1.0000
vn -0.0000 0.0000 1.0000
vn 0.0000 -1.0000 0.0000
vn 0.0000 -1.0000 0.0000
vn 1.0000 0.0000 -0.0000
vn 1.0000 0.0000 0.0000
vn -1.0000 0.0000 0.0000
vn -1.0000 0.0000 0.0000
vn 0.0000 0.0000 -1.0000
vn 0.0000 0.0000 -1.0000
vn 0.0000 1.0000 0.0000
vn 0.0000 1.0000 0.0000
vn 0.0000 0.0000 1.0000
vn -0.0000 0.0000 1.0000
vn 0.0000 -1.0000 0.0000
vn 0.0000 -1.0000 0.0000
vn 1.0000 0.0000 -0.0000
vn 1.0000 0.0000 0.0000
vn -1.0000 0.0000 0.0000
vn -1.0000 0.0000 0.0000
vn 0.0000 0.0000 -1.0000
vn 0.0000 0.0000 -1.0000
vn 0.0000 1.0000 0.0000
vn 0.0000 1.0000 0.0000
vn 0.0000 0.0000 1.0000
vn -0.0000 0.0000 1.0000
vn 0.0000 -1.0000 0.0000
vn 0.0000 -1.0000 0.0000
vn 1.0000 0.0000 -0.0000
vn 1.0000 0.0000 0.0000
vn -1.0000 0.0000 0.0000
vn -1.0000 0.0000 0.0000
vn 0.0000 0.0000 -1.0000
vn 0.0000 0.0000 -1.0000
vn 0.0000 1.0000 0.0000
vn 0.0000 1.0000 0.0000
vn 0.0000 0.0000 1.0000
vn -0.0000 0.0000 1.0000
vn 0.0000 -1.0000 0.0000
vn 0.0000 -1.0000 0.0000
vn 1.0000 0.0000 -0.0000
vn 1.0000 0.0000 0.0000
vn -1.0000 0.0000 0.0000
vn -1.0000 0.0000 0.0000
vn 0.0000 0.0000 -1.0000
vn 0.0000 0.0000 -1.0000
vn 0.0000 1.0000 0.0000
vn 0.0000 1.0000 0.0000
vn 0.0000 0.0000 1.0000
vn -0.0000 0.0000 1.0000
vn 0.0000 -1.0000 0.0000
vn 0.0000 -1.0000 0.0000
vn 1.0000 0.0000 -0.0000
vn 1.0000 0.0000 0.0000
vn -1.0000 0.0000 0.0000
vn -1.0000 0.0000 0.0000
vn 0.0000 0.0000 -1.0000
vn 0.0000 0.0000 -1.0000
vn 0.0000 1.0000 0.0000
vn 0.0000 1.0000 0.0000
vn 0.0000 0.0000 1.0000
vn -0.0000 0.0000 1.0000
vn 0.0000 -1.0000 0.0000
vn 0.0000 -1.0000 0.0000
vn 1.0000 0.0000 -0.0000
vn 1.0000 0.0000 0.0000
vn -1.0000 0.0000 0.0000
vn -1.0000 0.0000 0.0000
vn 0.0000 0.0000 -1.0000
vn 0.0000 0.0000 -1.0000
vn 0.0000 1.0000 0.0000
vn 0.0000 1.0000 0.0000
vn 0.0000 0.0000 1.0000
vn -0.0000 0.0000 1.0000
vn 0.0000 -1.0000 0.0000
vn 0.0000 -1.0000 0.0000
vn 1.0000 0.0000 -0.0000
vn 1.0000 0.0000 0.0000
vn -1.0000 0.0000 0.0000
vn -1.0000 0.0000 0.0000
vn 0.0000 0.0000 -1.0000
vn 0.0000 0.0000 -1.0000
vn 0.0000 1.0000 0.0000
vn 0.0000 1.0000 0.0000
vn 0.0000 0.0000 1.0000
vn -0.0000 0.0000 1.0000
vn 0.0000 -1.0000 0.0000
vn 0.0000 -1.0000 0.0000
vn 1.0000 0.0000 -0.0000
vn 1.0000 0.0000 0.0000
vn -1.0000 0.0000 0.0000
vn -1.0000 0.0000 0.0000
vn 0.0000 0.0000 -1.0000
vn 0.0000 0.0000 -1.0000
vn 0.0000 1.0000 0.0000
vn 0.0000 1.0000 0.0000
vn 0.0000 0.0000 1.0000
vn -0.0000 0.0000 1.0000
vn 0.0000 -1.0000 0.0000
vn 0.0000 -1.0000 0.0000
vn 1.0000 0.0000 -0.0000
vn 1.0000 0.0000 0.0000
vn -1.0000 0.0000 0.0000
vn -1.0000 0.0000 0.0000
vn 0.0000 0.0000 -1.0000
vn 0.0000 0.0000 -1.0000
vn 0.0000 1.0000 0.0000
vn 0.0000 1.0000 0.0000
vn 0.0000 0.0000 1.0000
vn -0.0000 0.0000 1.0000
vn 0.0000 -1.0000 0.0000
vn 0.0000 -1.0000 0.0000
vn 1.0000 0.0000 -0.0000
vn 1.0000 0.0000 0.0000
vn -1.0000 0.0000 0.0000
vn -1.0000 0.0000 0.0000
vn 0.0000 0.0000 -1.0000
vn 0.0000 0.0000 -1.0000
vn 0.0000 1.0000 0.0000
vn 0.0000 1.0000 0.0000
vn 0.0000 0.0000 1.0000
vn -0.0000 0.0000 1.0000
vn 0.0000 -1.0000 0.0000
vn 0.0000 -1.0000 0.0000
vn 1.0000 0.0000 -0.0000
vn 1.0000 0.0000 0.0000
vn -1.0000 0.0000 0.0000
vn -1.0000 0.0000 0.0000
vn 0.0000 0.0000 -1.0000
vn 0.0000 0.0000 -1.0000
vn 0.0000 1.0000 0.0000
vn 0.0000 1.0000 0.0000
vn 0.0000 0.0000 1.0000
vn -0.0000 0.0000 1.0000
vn 0.0000 -1.0000 0.0000
vn 0.0000 -1.0000 0.0000
vn 1.0000 0.0000 -0.0000
vn 1.0000 0.0000 0.0000
vn -0.9903 -0.1392 0.0000
vn -0.9903 -0.1392 -0.0000
vn 0.0000 0.0000 -1.0000
vn 0.0000 0.0000 -1.0000
vn -0.1392 0.9903 0.0000
vn -0.1392 0.9903 0.0000
vn 0.0000 0.0000 1.0000
vn -0.0000 0.0000 1.0000
vn 0.1392 -0.9903 0.0000
vn 0.1392 -0.9903 0.0000
vn 0.9903 0.1392 -0.0000
vn 0.9903 0.1392 0.0000
vn -0.9903 -0.1392 0.0000
vn -0.9903 -0.1392 -0.0000
vn 0.0000 0.0000 -1.0000
vn 0.0000 0.0000 -1.0000
vn -0.1392 0.9903 0.0000
vn -0.1392 0.9903 0.0000
vn 0.0000 0.0000 1.0000
vn -0.0000 0.0000 1.0000
vn 0.1392 -0.9903 0.0000
vn 0.1392 -0.9903 0.0000
vn 0.9903 0.1392 -0.0000
vn 0.9903 0.1392 0.0000
vn -0.9903 -0.1392 0.0000
vn -0.9903 -0.1392 -0.0000
vn 0.0000 0.0000 -1.0000
vn 0.0000 0.0000 -1.0000
vn -0.1392 0.9903 0.0000
vn -0.1392 0.9903 0.0000
vn 0.0000 0.0000 1.0000
vn -0.0000 0.0000 1.0000
vn 0.1392 -0.9903 0.0000
vn 0.1392 -0.9903 0.0000
vn 0.9903 0.1392 -0.0000
vn 0.9903 0.1392 0.0000
vn -0.9903 -0.1392 0.0000
vn -0.9903 -0.1392 -0.0000
vn 0.0000 0.0000 -1.0000
vn 0.0000 0.0000 -1.0000
vn -0.1392 0.9903 0.0000
vn -0.1392 0.9903 0.0000
vn 0.0000 0.0000 1.0000
vn -0.0000 0.0000 1.0000
vn 0.1392 -0.9903 0.0000
vn 0.1392 -0.9903 0.0000
vn 0.9903 0.1392 -0.0000
vn 0.9903 0.1392 0.0000
vn -0.0000 1.0000 0.0000
vn 0.0000 1.0000 0.0000
vn 0.0000 0.0000 -1.0000
vn 0.0000 0.0000 -1.0000
vn 1.0000 0.0000 -0.0000
vn 1.0000 0.0000 0.0000
vn 0.0000 0.0000 1.0000
vn 0.0000 0.0000 1.0000
vn -1.0000 0.0000 -0.0000
vn -1.0000 -0.0000 0.0000
vn 0.0000 -1.0000 0.0000
vn 0.0000 -1.0000 0.0000
vn -0.0000 1.0000 0.0000
vn 0.0000 1.0000 0.0000
vn 0.0000 0.0000 -1.0000
vn 0.0000 0.0000 -1.0000
vn 1.0000 0.0000 -0.0000
vn 1.0000 0.0000 0.0000
vn 0.0000 0.0000 1.0000
vn 0.0000 0.0000 1.0000
vn -1.0000 0.0000 -0.0000
vn -1.0000 -0.0000 0.0000
vn 0.0000 -1.0000 0.0000
vn 0.0000 -1.0000 0.0000
vn -0.0000 1.0000 0.0000
vn 0.0000 1.0000 0.0000
vn 0.0000 0.0000 -1.0000
vn 0.0000 0.0000 -1.0000
vn 1.0000 0.0000 -0.0000
vn 1.0000 0.0000 0.0000
vn 0.0000 0.0000 1.0000
vn 0.0000 0.0000 1.0000
vn -1.0000 0.0000 -0.0000
vn -1.0000 -0.0000 0.0000
vn 0.0000 -1.0000 0.0000
vn 0.0000 -1.0000 0.0000
vn -0.0000 1.0000 0.0000
vn 0.0000 1.0000 0.0000
vn 0.0000 0.0000 -1.0000
vn 0.0000 0.0000 -1.0000
vn 1.0000 0.0000 -0.0000
vn 1.0000 0.0000 0.0000
vn 0.0000 0.0000 1.0000
vn 0.0000 0.0000 1.0000
vn -1.0000 0.0000 -0.0000
vn -1.0000 -0.0000 0.0000
vn 0.0000 -1.0000 0.0000
vn 0.0000 -1.0000 0.0000
vn 0.0000 1.0000 0.0000
vn 0.0000 1.0000 0.0000
vn -0.2079 0.0000 -0.9781
vn -0.2079 -0.0000 -0.9781
vn 0.9781 0.0000 -0.2079
vn 0.9781 0.0000 -0.2079
vn 0.2079 0.0000 0.9781
vn 0.2079 0.0000 0.9781
vn -0.9781 0.0000 0.2079
vn -0.9781 0.0000 0.2079
vn 0.0000 -1.0000 0.0000
vn 0.0000 -1.0000 0.0000
vn 0.0000 1.0000 0.0000
vn 0.0000 1.0000 0.0000
vn -0.2079 0.0000 -0.9781
vn -0.2079 -0.0000 -0.9781
vn 0.9781 0.0000 -0.2079
vn 0.9781 0.0000 -0.2079
vn 0.2079 0.0000 0.9781
vn 0.2079 0.0000 0.9781
vn -0.9781 0.0000 0.2079
vn -0.9781 0.0000 0.2079
vn 0.0000 -1.0000 0.0000
vn 0.0000 -1.0000 0.0000
vn 0.0000 1.0000 0.0000
vn 0.0000 1.0000 0.0000
vn -0.2079 0.0000 -0.9781
vn -0.2079 -0.0000 -0.9781
vn 0.9781 0.0000 -0.2079
vn 0.9781 0.0000 -0.2079
vn 0.2079 0.0000 0.9781
vn 0.2079 0.0000 0.9781
vn -0.9781 0.0000 0.2079
vn -0.9781 0.0000 0.2079
vn 0.0000 -1.0000 0.0000
vn 0.0000 -1.0000 0.0000
vn 0.0000 1.0000 0.0000
vn 0.0000 1.0000 0.0000
vn -0.2079 0.0000 -0.9781
vn -0.2079 -0.0000 -0.9781
vn 0.9781 0.0000 -0.2079
vn 0.9781 0.0000 -0.2079
vn 0.2079 0.0000 0.9781
vn 0.2079 0.0000 0.9781
vn -0.9781 0.0000 0.2079
vn -0.9781 0.0000 0.2079
vn 0.0000 -1.0000 0.0000
vn 0.0000 -1.0000 0.0000
vn -0.0000 1.0000 0.0000
vn 0.0000 1.0000 0.0000
vn 0.1392 0.0000 -0.9903
vn 0.1392 0.0000 -0.9903
vn 0.9903 0.0000 0.1392
vn 0.9903 0.0000 0.1392
vn -0.1392 0.0000 0.9903
vn -0.1392 0.0000 0.9903
vn -0.9903 0.0000 -0.1392
vn -0.9903 -0.0000 -0.1392
vn 0.0000 -1.0000 0.0000
vn -0.0000 -1.0000 0.0000
vn -0.0000 1.0000 0.0000
vn 0.0000 1.0000 0.0000
vn 0.1392 0.0000 -0.9903
vn 0.1392 0.0000 -0.9903
vn 0.9903 0.0000 0.1392
vn 0.9903 0.0000 0.1392
vn -0.1392 0.0000 0.9903
vn -0.1392 0.0000 0.9903
vn -0.9903 0.0000 -0.1392
vn -0.9903 -0.0000 -0.1392
vn 0.0000 -1.0000 0.0000
vn -0.0000 -1.0000 0.0000
vn -0.0000 1.0000 0.0000
vn 0.0000 1.0000 0.0000
vn 0.1392 0.0000 -0.9903
vn 0.1392 0.0000 -0.9903
vn 0.9903 0.0000 0.1392
vn 0.9903 0.0000 0.1392
vn -0.1392 0.0000 0.9903
vn -0.1392 0.0000 0.9903
vn -0.9903 0.0000 -0.1392
vn -0.9903 -0.0000 -0.1392
vn 0.0000 -1.0000 0.0000
vn -0.0000 -1.0000 0.0000
vn -0.0000 1.0000 0.0000
vn 0.0000 1.0000 0.0000
vn 0.1392 0.0000 -0.9903
vn 0.1392 0.0000 -0.9903
vn 0.9903 0.0000 0.1392
vn 0.9903 0.0000 0.1392
vn -0.1392 0.0000 0.9903
vn -0.1392 0.0000 0.9903
vn -0.9903 0.0000 -0.1392
vn -0.9903 -0.0000 -0.1392
vn 0.0000 -1.0000 0.0000
vn -0.0000 -1.0000 0.0000
vn -0.0000 1.0000 0.0000
vn 0.0000 1.0000 0.0000
vn 0.0000 0.0000 -1.0000
vn 0.0000 0.0000 -1.0000
vn 1.0000 0.0000 -0.0000
vn 1.0000 0.0000 0.0000
vn 0.0000 0.0000 1.0000
vn 0.0000 0.0000 1.0000
vn -1.0000 0.0000 -0.0000
vn -1.0000 -0.0000 0.0000
vn 0.0000 -1.0000 0.0000
vn 0.0000 -1.0000 0.0000
vn 0.8660 0.0000 0.5000
vn 0.8660 0.0000 0.5000
vn 0.0000 0.0000 1.0000
vn 0.0000 0.0000 1.0000
vn -0.8660 0.0000 0.5000
vn -0.8660 0.0000 0.5000
vn -0.8660 0.0000 -0.5000
vn -0.8660 -0.0000 -0.5000
vn 0.0000 0.0000 -1.0000
vn 0.0000 0.0000 -1.0000
vn 0.8660 0.0000 -0.5000
vn 0.8660 0.0000 -0.5000
vn 0.0000 1.0000 0.0000
vn 0.0000 1.0000 0.0000
vn 0.0000 1.0000 -0.0000
vn 0.0000 1.0000 0.0000
vn 0.0000 -1.0000 0.0000
vn 0.0000 -1.0000 0.0000
vn -0.0000 -1.0000 0.0000
vn 0.0000 -1.0000 0.0000
vn 0.8660 0.0000 0.5000
vn 0.8660 0.0000 0.5000
vn 0.0000 0.0000 1.0000
vn 0.0000 0.0000 1.0000
vn -0.8660 0.0000 0.5000
vn -0.8660 0.0000 0.5000
vn -0.8660 0.0000 -0.5000
vn -0.8660 -0.0000 -0.5000
vn 0.0000 0.0000 -1.0000
vn 0.0000 0.0000 -1.0000
vn 0.8660 0.0000 -0.5000
vn 0.8660 0.0000 -0.5000
vn 0.0000 1.0000 0.0000
vn 0.0000 1.0000 0.0000
vn 0.0000 1.0000 -0.0000
vn 0.0000 1.0000 0.0000
vn 0.0000 -1.0000 0.0000
vn 0.0000 -1.0000 0.0000
vn -0.0000 -1.0000 0.0000
vn 0.0000 -1.0000 0.0000
vn 0.8646 -0.0576 0.4992
vn 0.8646 -0.0576 0.4992
vn 0.0000 -0.0576 0.9983
vn 0.0000 -0.0576 0.9983
vn -0.8646 -0.0576 0.4992
vn -0.8646 -0.0576 0.4992
vn -0.8646 -0.0576 -0.4992
vn -0.8646 -0.0576 -0.4992
vn 0.0000 -0.0576 -0.9983
vn 0.0000 -0.0576 -0.9983
vn 0.8646 -0.0576 -0.4992
vn 0.8646 -0.0576 -0.4992
vn 0.0000 1.0000 0.0000
vn 0.0000 1.0000 0.0000
vn 0.0000 1.0000 -0.0000
vn 0.0000 1.0000 0.0000
vn 0.0000 -1.0000 0.0000
vn 0.0000 -1.0000 0.0000
vn -0.0000 -1.0000 0.0000
vn 0.0000 -1.0000 0.0000
vn 0.6547 0.6547 0.3780
vn 0.6547 0.6547 0.3780
vn 0.0000 0.6547 0.7559
vn 0.0000 0.6547 0.7559
vn -0.6547 0.6547 0.3780
vn -0.6547 0.6547 0.3780
vn -0.6547 0.6547 -0.3780
vn -0.6547 0.6547 -0.3780
vn 0.0000 0.6547 -0.7559
vn 0.0000 0.6547 -0.7559
vn 0.6547 0.6547 -0.3780
vn 0.6547 0.6547 -0.3780
vn 0.0000 1.0000 0.0000
vn 0.0000 1.0000 0.0000
vn 0.0000 1.0000 -0.0000
vn 0.0000 1.0000 0.0000
vn 0.0000 -1.0000 0.0000
vn 0.0000 -1.0000 0.0000
vn -0.0000 -1.0000 0.0000
vn 0.0000 -1.0000 0.0000
vn -0.0000 1.0000 0.0000
vn 0.0000 1.0000 0.0000
vn 0.0000 0.0000 -1.0000
vn 0.0000 0.0000 -1.0000
vn 1.0000 0.0000 -0.0000
vn 1.0000 0.0000 0.0000
vn 0.0000 0.0000 1.0000
vn 0.0000 0.0000 1.0000
vn -1.0000 0.0000 -0.0000
vn -1.0000 -0.0000 0.0000
vn 0.0000 -1.0000 0.0000
vn 0.0000 -1.0000 0.0000
vn 0.8660 0.0000 0.5000
vn 0.8660 0.0000 0.5000
vn 0.0000 0.0000 1.0000
vn 0.0000 0.0000 1.0000
vn -0.8660 0.0000 0.5000
vn -0.8660 0.0000 0.5000
vn -0.8660 0.0000 -0.5000
vn -0.8660 -0.0000 -0.5000
vn 0.0000 0.0000 -1.0000
vn 0.0000 0.0000 -1.0000
vn 0.8660 0.0000 -0.5000
vn 0.8660 0.0000 -0.5000
vn 0.0000 1.0000 0.0000
vn 0.0000 1.0000 0.0000
vn 0.0000 1.0000 -0.0000
vn 0.0000 1.0000 0.0000
vn 0.0000 -1.0000 0.0000
vn 0.0000 -1.0000 0.0000
vn -0.0000 -1.0000 0.0000
vn 0.0000 -1.0000 0.0000
vn 0.8660 0.0000 0.5000
vn 0.8660 0.0000 0.5000
vn 0.0000 0.0000 1.0000
vn 0.0000 0.0000 1.0000
vn -0.8660 0.0000 0.5000
vn -0.8660 0.0000 0.5000
vn -0.8660 0.0000 -0.5000
vn -0.8660 -0.0000 -0.5000
vn 0.0000 0.0000 -1.0000
vn 0.0000 0.0000 -1.0000
vn 0.8660 0.0000 -0.5000
vn 0.8660 0.0000 -0.5000
vn 0.0000 1.0000 0.0000
vn 0.0000 1.0000 0.0000
vn 0.0000 1.0000 -0.0000
vn 0.0000 1.0000 0.0000
vn 0.0000 -1.0000 0.0000
vn 0.0000 -1.0000 0.0000
vn -0.0000 -1.0000 0.0000
vn 0.0000 -1.0000 0.0000
vn 0.8646 -0.0576 0.4992
vn 0.8646 -0.0576 0.4992
vn 0.0000 -0.0576 0.9983
vn 0.0000 -0.0576 0.9983
vn -0.8646 -0.0576 0.4992
vn -0.8646 -0.0576 0.4992
vn -0.8646 -0.0576 -0.4992
vn -0.8646 -0.0576 -0.4992
vn 0.0000 -0.0576 -0.9983
vn 0.0000 -0.0576 -0.9983
vn 0.8646 -0.0576 -0.4992
vn 0.8646 -0.0576 -0.4992
vn 0.0000 1.0000 0.0000
vn 0.0000 1.0000 0.0000
vn 0.0000 1.0000 -0.0000
vn 0.0000 1.0000 0.0000
vn 0.0000 -1.0000 0.0000
vn 0.0000 -1.0000 0.0000
vn -0.0000 -1.0000 0.0000
vn 0.0000 -1.0000 0.0000
vn 0.6547 0.6547 0.3780
vn 0.6547 0.6547 0.3780
vn 0.0000 0.6547 0.7559
vn 0.0000 0.6547 0.7559
vn -0.6547 0.6547 0.3780
vn -0.6547 0.6547 0.3780
vn -0.6547 0.6547 -0.3780
vn -0.6547 0.6547 -0.3780
vn 0.0000 0.6547 -0.7559
vn 0.0000 0.6547 -0.7559
vn 0.6547 0.6547 -0.3780
vn 0.6547 0.6547 -0.3780
vn 0.0000 1.0000 0.0000
vn 0.0000 1.0000 0.0000
vn 0.0000 1.0000 -0.0000
vn 0.0000 1.0000 0.0000
vn 0.0000 -1.0000 0.0000
vn 0.0000 -1.0000 0.0000
vn -0.0000 -1.0000 0.0000
vn 0.0000 -1.0000 0.0000
vn -0.0000 1.0000 0.0000
vn 0.0000 1.0000 0.0000
vn 0.0000 0.0000 -1.0000
vn 0.0000 0.0000 -1.0000
vn 1.0000 0.0000 -0.0000
vn 1.0000 0.0000 0.0000
vn 0.0000 0.0000 1.0000
vn 0.0000 0.0000 1.0000
vn -1.0000 0.0000 -0.0000
vn -1.0000 -0.0000 0.0000
vn 0.0000 -1.0000 0.0000
vn 0.0000 -1.0000 0.0000
vn 0.0000 0.9848 -0.1736
vn 0.0000 0.9848 -0.1736
vn 0.0000 -0.1736 -0.9848
vn 0.0000 -0.1736 -0.9848
vn 1.0000 0.0000 -0.0000
vn 1.0000 0.0000 0.0000
vn 0.0000 0.1736 0.9848
vn 0.0000 0.1736 0.9848
vn -1.0000 -0.0000 0.0000
vn -1.0000 0.0000 0.0000
vn 0.0000 -0.9848 0.1736
vn 0.0000 -0.9848 0.1736
vn -0.0000 1.0000 0.0000
vn 0.0000 1.0000 0.0000
vn 0.0000 0.0000 -1.0000
vn 0.0000 0.0000 -1.0000
vn 1.0000 0.0000 -0.0000
vn 1.0000 0.0000 0.0000
vn 0.0000 0.0000 1.0000
vn 0.0000 0.0000 1.0000
vn -1.0000 0.0000 -0.0000
vn -1.0000 -0.0000 0.0000
vn 0.0000 -1.0000 0.0000
vn 0.0000 -1.0000 0.0000
vn -0.0000 1.0000 0.0000
vn 0.0000 1.0000 0.0000
vn 0.0000 0.0000 -1.0000
vn 0.0000 0.0000 -1.0000
vn 1.0000 0.0000 -0.0000
vn 1.0000 0.0000 0.0000
vn 0.0000 0.0000 1.0000
vn 0.0000 0.0000 1.0000
vn -1.0000 0.0000 -0.0000
vn -1.0000 -0.0000 0.0000
vn 0.0000 -1.0000 0.0000
vn 0.0000 -1.0000 0.0000
vn -0.1344 0.9903 0.0360
vn -0.1344 0.9903 0.0360
vn -0.2588 0.0000 -0.9659
vn -0.2588 -0.0000 -0.9659
vn 0.9565 0.1392 -0.2563
vn 0.9565 0.1392 -0.2563
vn 0.2588 -0.0000 0.9659
vn 0.2588 -0.0000 0.9659
vn -0.9565 -0.1392 0.2563
vn -0.9565 -0.1392 0.2563
vn 0.1344 -0.9903 -0.0360
vn 0.1344 -0.9903 -0.0360
vn 0.1344 0.9903 -0.0360
vn 0.1344 0.9903 -0.0360
vn -0.2588 -0.0000 -0.9659
vn -0.2588 0.0000 -0.9659
vn 0.9565 -0.1392 -0.2563
vn 0.9565 -0.1392 -0.2563
vn 0.2588 -0.0000 0.9659
vn 0.2588 -0.0000 0.9659
vn -0.9565 0.1392 0.2563
vn -0.9565 0.1392 0.2563
vn -0.1344 -0.9903 0.0360
vn -0.1344 -0.9903 0.0360
vn 0.0000 1.0000 0.0000
vn 0.0000 1.0000 0.0000
vn -0.2588 0.0000 -0.9659
vn -0.2588 -0.0000 -0.9659
vn 0.9659 0.0000 -0.2588
vn 0.9659 0.0000 -0.2588
vn 0.2588 0.0000 0.9659
vn 0.2588 0.0000 0.9659
vn -0.9659 0.0000 0.2588
vn -0.9659 0.0000 0.2588
vn 0.0000 -1.0000 0.0000
vn 0.0000 -1.0000 0.0000
vn -0.0000 1.0000 0.0000
vn 0.0000 1.0000 0.0000
vn 0.0000 0.0000 -1.0000
vn 0.0000 0.0000 -1.0000
vn 1.0000 0.0000 -0.0000
vn 1.0000 0.0000 0.0000
vn 0.0000 0.0000 1.0000
vn 0.0000 0.0000 1.0000
vn -1.0000 0.0000 -0.0000
vn -1.0000 -0.0000 0.0000
vn 0.0000 -1.0000 0.0000
vn 0.0000 -1.0000 0.0000
vn -0.0000 1.0000 0.0000
vn 0.0000 1.0000 0.0000
vn 0.0000 0.0000 -1.0000
vn 0.0000 0.0000 -1.0000
vn 1.0000 0.0000 -0.0000
vn 1.0000 0.0000 0.0000
vn 0.0000 0.0000 1.0000
vn 0.0000 0.0000 1.0000
vn -1.0000 0.0000 -0.0000
vn -1.0000 -0.0000 0.0000
vn 0.0000 -1.0000 0.0000
vn 0.0000 -1.0000 0.0000
vn -0.0000 1.0000 0.0000
vn 0.0000 1.0000 0.0000
vn 0.0000 0.0000 -1.0000
vn 0.0000 0.0000 -1.0000
vn 1.0000 0.0000 -0.0000
vn 1.0000 0.0000 0.0000
vn 0.0000 0.0000 1.0000
vn 0.0000 0.0000 1.0000
vn -1.0000 0.0000 -0.0000
vn -1.0000 -0.0000 0.0000
vn 0.0000 -1.0000 0.0000
vn 0.0000 -1.0000 0.0000
vn -0.0000 1.0000 0.0000
vn 0.0000 1.0000 0.0000
vn 0.0000 0.0000 -1.0000
vn 0.0000 0.0000 -1.0000
vn 1.0000 0.0000 -0.0000
vn 1.0000 0.0000 0.0000
vn 0.0000 0.0000 1.0000
vn 0.0000 0.0000 1.0000
vn -1.0000 0.0000 -0.0000
vn -1.0000 -0.0000 0.0000
vn 0.0000 -1.0000 0.0000
vn 0.0000 -1.0000 0.0000
vn 0.0000 1.0000 0.0000
vn 0.0000 1.0000 0.0000
vn -0.2588 0.0000 -0.9659
vn -0.2588 -0.0000 -0.9659
vn 0.9659 0.0000 -0.2588
vn 0.9659 0.0000 -0.2588
vn 0.2588 0.0000 0.9659
vn 0.2588 0.0000 0.9659
vn -0.9659 0.0000 0.2588
vn -0.9659 0.0000 0.2588
vn 0.0000 -1.0000 0.0000
vn 0.0000 -1.0000 0.0000
vn 0.0000 1.0000 0.0000
vn 0.0000 1.0000 0.0000
vn -0.2588 0.0000 -0.9659
vn -0.2588 -0.0000 -0.9659
vn 0.9659 0.0000 -0.2588
vn 0.9659 0.0000 -0.2588
vn 0.2588 0.0000 0.9659
vn 0.2588 0.0000 0.9659
vn -0.9659 0.0000 0.2588
vn -0.9659 0.0000 0.2588
vn 0.0000 -1.0000 0.0000
vn 0.0000 -1.0000 0.0000
vn 0.0000 1.0000 0.0000
vn 0.0000 1.0000 0.0000
vn -0.2588 0.0000 -0.9659
vn -0.2588 -0.0000 -0.9659
vn 0.9659 0.0000 -0.2588
vn 0.9659 0.0000 -0.2588
vn 0.2588 0.0000 0.9659
vn 0.2588 0.0000 0.9659
vn -0.9659 0.0000 0.2588
vn -0.9659 0.0000 0.2588
vn 0.0000 -1.0000 0.0000
vn 0.0000 -1.0000 0.0000
vn 0.0000 1.0000 0.0000
vn 0.0000 1.0000 0.0000
vn -0.2588 0.0000 -0.9659
vn -0.2588 -0.0000 -0.9659
vn 0.9659 0.0000 -0.2588
vn 0.9659 0.0000 -0.2588
vn 0.2588 0.0000 0.9659
vn 0.2588 0.0000 0.9659
vn -0.9659 0.0000 0.2588
vn -0.9659 0.0000 0.2588
vn 0.0000 -1.0000 0.0000
vn 0.0000 -1.0000 0.0000
vn -0.0000 1.0000 0.0000
vn 0.0000 1.0000 0.0000
vn 0.1736 0.0000 -0.9848
vn 0.1736 0.0000 -0.9848
vn 0.9848 0.0000 0.1736
vn 0.9848 0.0000 0.1736
vn -0.1736 0.0000 0.9848
vn -0.1736 0.0000 0.9848
vn -0.9848 0.0000 -0.1736
vn -0.9848 -0.0000 -0.1736
vn 0.0000 -1.0000 0.0000
vn -0.0000 -1.0000 0.0000
vn -0.0000 1.0000 0.0000
vn 0.0000 1.0000 0.0000
vn 0.1736 0.0000 -0.9848
vn 0.1736 0.0000 -0.9848
vn 0.9848 0.0000 0.1736
vn 0.9848 0.0000 0.1736
vn -0.1736 0.0000 0.9848
vn -0.1736 0.0000 0.9848
vn -0.9848 0.0000 -0.1736
vn -0.9848 -0.0000 -0.1736
vn 0.0000 -1.0000 0.0000
vn -0.0000 -1.0000 0.0000
vn -0.0000 1.0000 0.0000
vn 0.0000 1.0000 0.0000
vn 0.1736 0.0000 -0.9848
vn 0.1736 0.0000 -0.9848
vn 0.9848 0.0000 0.1736
vn 0.9848 0.0000 0.1736
vn -0.1736 0.0000 0.9848
vn -0.1736 0.0000 0.9848
vn -0.9848 0.0000 -0.1736
vn -0.9848 -0.0000 -0.1736
vn 0.0000 -1.0000 0.0000
vn -0.0000 -1.0000 0.0000
vn -0.0000 1.0000 0.0000
vn 0.0000 1.0000 0.0000
vn 0.1736 0.0000 -0.9848
vn 0.1736 0.0000 -0.9848
vn 0.9848 0.0000 0.1736
vn 0.9848 0.0000 0.1736
vn -0.1736 0.0000 0.9848
vn -0.1736 0.0000 0.9848
vn -0.9848 0.0000 -0.1736
vn -0.9848 -0.0000 -0.1736
vn 0.0000 -1.0000 0.0000
vn -0.0000 -1.0000 0.0000
vn 0.0000 1.0000 0.0000
vn 0.0000 1.0000 0.0000
vn -0.4226 0.0000 -0.9063
vn -0.4226 -0.0000 -0.9063
vn 0.9063 0.0000 -0.4226
vn 0.9063 0.0000 -0.4226
vn 0.4226 0.0000 0.9063
vn 0.4226 0.0000 0.9063
vn -0.9063 0.0000 0.4226
vn -0.9063 0.0000 0.4226
vn 0.0000 -1.0000 0.0000
vn 0.0000 -1.0000 0.0000
vn 0.0000 1.0000 0.0000
vn 0.0000 1.0000 0.0000
vn -0.4226 0.0000 -0.9063
vn -0.4226 -0.0000 -0.9063
vn 0.9063 0.0000 -0.4226
vn 0.9063 0.0000 -0.4226
vn 0.4226 0.0000 0.9063
vn 0.4226 0.0000 0.9063
vn -0.9063 0.0000 0.4226
vn -0.9063 0.0000 0.4226
vn 0.0000 -1.0000 0.0000
vn 0.0000 -1.0000 0.0000
vn 0.0000 1.0000 0.0000
vn 0.0000 1.0000 0.0000
vn -0.4226 0.0000 -0.9063
vn -0.4226 -0.0000 -0.9063
vn 0.9063 0.0000 -0.4226
vn 0.9063 0.0000 -0.4226
vn 0.4226 0.0000 0.9063
vn 0.4226 0.0000 0.9063
vn -0.9063 0.0000 0.4226
vn -0.9063 0.0000 0.4226
vn 0.0000 -1.0000 0.0000
vn 0.0000 -1.0000 0.0000
vn 0.0000 1.0000 0.0000
vn 0.0000 1.0000 0.0000
vn -0.4226 0.0000 -0.9063
vn -0.4226 -0.0000 -0.9063
vn 0.9063 0.0000 -0.4226
vn 0.9063 0.0000 -0.4226
vn 0.4226 0.0000 0.9063
vn 0.4226 0.0000 0.9063
vn -0.9063 0.0000 0.4226
vn -0.9063 0.0000 0.4226
vn 0.0000 -1.0000 0.0000
vn 0.0000 -1.0000 0.0000
usemtl Mat_AdobeDark
f 8//1 7//1 6//1
f 8//2 6//2 5//2
f 5//3 6//3 2//3
f 5//4 2//4 1//4
f 6//5 7//5 3//5
f 6//6 3//6 2//6
f 7//7 8//7 4//7
f 7//8 4//8 3//8
f 8//9 5//9 1//9
f 8//10 1//10 4//10
f 2//11 3//11 4//11
f 2//12 4//12 1//12
usemtl Mat_FadedWood
f 16//13 15//13 14//13
f 16//14 14//14 13//14
f 13//15 14//15 10//15
f 13//16 10//16 9//16
f 14//17 15//17 11//17
f 14//18 11//18 10//18
f 15//19 16//19 12//19
f 15//20 12//20 11//20
f 16//21 13//21 9//21
f 16//22 9//22 12//22
usemtl Mat_WoodMid
f 24//23 23//23 22//23
f 24//24 22//24 21//24
f 22//25 23//25 19//25
f 22//26 19//26 18//26
f 23//27 24//27 20//27
f 23//28 20//28 19//28
f 24//29 21//29 17//29
f 24//30 17//30 20//30
f 18//31 19//31 20//31
f 18//32 20//32 17//32
usemtl Mat_FadedWood
f 32//33 31//33 30//33
f 32//34 30//34 29//34
f 30//35 31//35 27//35
f 30//36 27//36 26//36
f 31//37 32//37 28//37
f 31//38 28//38 27//38
f 32//39 29//39 25//39
f 32//40 25//40 28//40
f 26//41 27//41 28//41
f 26//42 28//42 25//42
usemtl Mat_DarkWood
f 40//43 39//43 38//43
f 40//44 38//44 37//44
f 38//45 39//45 35//45
f 38//46 35//46 34//46
f 39//47 40//47 36//47
f 39//48 36//48 35//48
f 40//49 37//49 33//49
f 40//50 33//50 36//50
f 34//51 35//51 36//51
f 34//52 36//52 33//52
usemtl Mat_FadedWood
f 48//53 47//53 46//53
f 48//54 46//54 45//54
f 46//55 47//55 43//55
f 46//56 43//56 42//56
f 47//57 48//57 44//57
f 47//58 44//58 43//58
f 48//59 45//59 41//59
f 48//60 41//60 44//60
f 42//61 43//61 44//61
f 42//62 44//62 41//62
usemtl Mat_DarkWood
f 56//63 55//63 54//63
f 56//64 54//64 53//64
f 54//65 55//65 51//65
f 54//66 51//66 50//66
f 55//67 56//67 52//67
f 55//68 52//68 51//68
f 56//69 53//69 49//69
f 56//70 49//70 52//70
f 50//71 51//71 52//71
f 50//72 52//72 49//72
usemtl Mat_FadedWood
f 64//73 63//73 62//73
f 64//74 62//74 61//74
f 62//75 63//75 59//75
f 62//76 59//76 58//76
f 63//77 64//77 60//77
f 63//78 60//78 59//78
f 64//79 61//79 57//79
f 64//80 57//80 60//80
f 58//81 59//81 60//81
f 58//82 60//82 57//82
usemtl Mat_DarkWood
f 72//83 71//83 70//83
f 72//84 70//84 69//84
f 70//85 71//85 67//85
f 70//86 67//86 66//86
f 71//87 72//87 68//87
f 71//88 68//88 67//88
f 72//89 69//89 65//89
f 72//90 65//90 68//90
f 66//91 67//91 68//91
f 66//92 68//92 65//92
usemtl Mat_WoodMid
f 80//93 79//93 78//93
f 80//94 78//94 77//94
f 78//95 79//95 75//95
f 78//96 75//96 74//96
f 79//97 80//97 76//97
f 79//98 76//98 75//98
f 80//99 77//99 73//99
f 80//100 73//100 76//100
f 74//101 75//101 76//101
f 74//102 76//102 73//102
usemtl Mat_DarkWood
f 88//103 87//103 86//103
f 88//104 86//104 85//104
f 86//105 87//105 83//105
f 86//106 83//106 82//106
f 87//107 88//107 84//107
f 87//108 84//108 83//108
f 88//109 85//109 81//109
f 88//110 81//110 84//110
f 82//111 83//111 84//111
f 82//112 84//112 81//112
usemtl Mat_WoodMid
f 96//113 95//113 94//113
f 96//114 94//114 93//114
f 94//115 95//115 91//115
f 94//116 91//116 90//116
f 95//117 96//117 92//117
f 95//118 92//118 91//118
f 96//119 93//119 89//119
f 96//120 89//120 92//120
f 90//121 91//121 92//121
f 90//122 92//122 89//122
usemtl Mat_DarkWood
f 104//123 103//123 102//123
f 104//124 102//124 101//124
f 102//125 103//125 99//125
f 102//126 99//126 98//126
f 103//127 104//127 100//127
f 103//128 100//128 99//128
f 104//129 101//129 97//129
f 104//130 97//130 100//130
f 98//131 99//131 100//131
f 98//132 100//132 97//132
usemtl Mat_FadedWood
f 112//133 111//133 110//133
f 112//134 110//134 109//134
f 110//135 111//135 107//135
f 110//136 107//136 106//136
f 111//137 112//137 108//137
f 111//138 108//138 107//138
f 112//139 109//139 105//139
f 112//140 105//140 108//140
f 106//141 107//141 108//141
f 106//142 108//142 105//142
usemtl Mat_DarkWood
f 120//143 119//143 118//143
f 120//144 118//144 117//144
f 118//145 119//145 115//145
f 118//146 115//146 114//146
f 119//147 120//147 116//147
f 119//148 116//148 115//148
f 120//149 117//149 113//149
f 120//150 113//150 116//150
f 114//151 115//151 116//151
f 114//152 116//152 113//152
usemtl Mat_FadedWood
f 128//153 127//153 126//153
f 128//154 126//154 125//154
f 126//155 127//155 123//155
f 126//156 123//156 122//156
f 127//157 128//157 124//157
f 127//158 124//158 123//158
f 128//159 125//159 121//159
f 128//160 121//160 124//160
f 122//161 123//161 124//161
f 122//162 124//162 121//162
usemtl Mat_DarkWood
f 136//163 135//163 134//163
f 136//164 134//164 133//164
f 134//165 135//165 131//165
f 134//166 131//166 130//166
f 135//167 136//167 132//167
f 135//168 132//168 131//168
f 136//169 133//169 129//169
f 136//170 129//170 132//170
f 130//171 131//171 132//171
f 130//172 132//172 129//172
usemtl Mat_FadedWood
f 144//173 143//173 142//173
f 144//174 142//174 141//174
f 142//175 143//175 139//175
f 142//176 139//176 138//176
f 143//177 144//177 140//177
f 143//178 140//178 139//178
f 144//179 141//179 137//179
f 144//180 137//180 140//180
f 138//181 139//181 140//181
f 138//182 140//182 137//182
usemtl Mat_DarkWood
f 152//183 151//183 150//183
f 152//184 150//184 149//184
f 150//185 151//185 147//185
f 150//186 147//186 146//186
f 151//187 152//187 148//187
f 151//188 148//188 147//188
f 152//189 149//189 145//189
f 152//190 145//190 148//190
f 146//191 147//191 148//191
f 146//192 148//192 145//192
usemtl Mat_WoodMid
f 160//193 159//193 158//193
f 160//194 158//194 157//194
f 158//195 159//195 155//195
f 158//196 155//196 154//196
f 159//197 160//197 156//197
f 159//198 156//198 155//198
f 160//199 157//199 153//199
f 160//200 153//200 156//200
f 154//201 155//201 156//201
f 154//202 156//202 153//202
usemtl Mat_DarkWood
f 168//203 167//203 166//203
f 168//204 166//204 165//204
f 166//205 167//205 163//205
f 166//206 163//206 162//206
f 167//207 168//207 164//207
f 167//208 164//208 163//208
f 168//209 165//209 161//209
f 168//210 161//210 164//210
f 162//211 163//211 164//211
f 162//212 164//212 161//212
usemtl Mat_WoodMid
f 176//213 175//213 174//213
f 176//214 174//214 173//214
f 174//215 175//215 171//215
f 174//216 171//216 170//216
f 175//217 176//217 172//217
f 175//218 172//218 171//218
f 176//219 173//219 169//219
f 176//220 169//220 172//220
f 170//221 171//221 172//221
f 170//222 172//222 169//222
usemtl Mat_DarkWood
f 184//223 183//223 182//223
f 184//224 182//224 181//224
f 182//225 183//225 179//225
f 182//226 179//226 178//226
f 183//227 184//227 180//227
f 183//228 180//228 179//228
f 184//229 181//229 177//229
f 184//230 177//230 180//230
f 178//231 179//231 180//231
f 178//232 180//232 177//232
usemtl Mat_FadedWood
f 192//233 191//233 190//233
f 192//234 190//234 189//234
f 190//235 191//235 187//235
f 190//236 187//236 186//236
f 191//237 192//237 188//237
f 191//238 188//238 187//238
f 192//239 189//239 185//239
f 192//240 185//240 188//240
f 186//241 187//241 188//241
f 186//242 188//242 185//242
usemtl Mat_DarkWood
f 200//243 199//243 198//243
f 200//244 198//244 197//244
f 198//245 199//245 195//245
f 198//246 195//246 194//246
f 199//247 200//247 196//247
f 199//248 196//248 195//248
f 200//249 197//249 193//249
f 200//250 193//250 196//250
f 194//251 195//251 196//251
f 194//252 196//252 193//252
usemtl Mat_FadedWood
f 208//253 207//253 206//253
f 208//254 206//254 205//254
f 206//255 207//255 203//255
f 206//256 203//256 202//256
f 207//257 208//257 204//257
f 207//258 204//258 203//258
f 208//259 205//259 201//259
f 208//260 201//260 204//260
f 202//261 203//261 204//261
f 202//262 204//262 201//262
usemtl Mat_DarkWood
f 216//263 215//263 214//263
f 216//264 214//264 213//264
f 214//265 215//265 211//265
f 214//266 211//266 210//266
f 215//267 216//267 212//267
f 215//268 212//268 211//268
f 216//269 213//269 209//269
f 216//270 209//270 212//270
f 210//271 211//271 212//271
f 210//272 212//272 209//272
usemtl Mat_FadedWood
f 224//273 223//273 222//273
f 224//274 222//274 221//274
f 222//275 223//275 219//275
f 222//276 219//276 218//276
f 223//277 224//277 220//277
f 223//278 220//278 219//278
f 224//279 221//279 217//279
f 224//280 217//280 220//280
f 218//281 219//281 220//281
f 218//282 220//282 217//282
usemtl Mat_DarkWood
f 232//283 231//283 230//283
f 232//284 230//284 229//284
f 230//285 231//285 227//285
f 230//286 227//286 226//286
f 231//287 232//287 228//287
f 231//288 228//288 227//288
f 232//289 229//289 225//289
f 232//290 225//290 228//290
f 226//291 227//291 228//291
f 226//292 228//292 225//292
usemtl Mat_WoodMid
f 240//293 239//293 238//293
f 240//294 238//294 237//294
f 238//295 239//295 235//295
f 238//296 235//296 234//296
f 239//297 240//297 236//297
f 239//298 236//298 235//298
f 240//299 237//299 233//299
f 240//300 233//300 236//300
f 234//301 235//301 236//301
f 234//302 236//302 233//302
usemtl Mat_DarkWood
f 248//303 247//303 246//303
f 248//304 246//304 245//304
f 246//305 247//305 243//305
f 246//306 243//306 242//306
f 247//307 248//307 244//307
f 247//308 244//308 243//308
f 248//309 245//309 241//309
f 248//310 241//310 244//310
f 242//311 243//311 244//311
f 242//312 244//312 241//312
usemtl Mat_WoodMid
f 256//313 255//313 254//313
f 256//314 254//314 253//314
f 254//315 255//315 251//315
f 254//316 251//316 250//316
f 255//317 256//317 252//317
f 255//318 252//318 251//318
f 256//319 253//319 249//319
f 256//320 249//320 252//320
f 250//321 251//321 252//321
f 250//322 252//322 249//322
usemtl Mat_DarkWood
f 264//323 263//323 262//323
f 264//324 262//324 261//324
f 262//325 263//325 259//325
f 262//326 259//326 258//326
f 263//327 264//327 260//327
f 263//328 260//328 259//328
f 264//329 261//329 257//329
f 264//330 257//330 260//330
f 258//331 259//331 260//331
f 258//332 260//332 257//332
usemtl Mat_FadedWood
f 272//333 271//333 270//333
f 272//334 270//334 269//334
f 270//335 271//335 267//335
f 270//336 267//336 266//336
f 271//337 272//337 268//337
f 271//338 268//338 267//338
f 272//339 269//339 265//339
f 272//340 265//340 268//340
f 266//341 267//341 268//341
f 266//342 268//342 265//342
usemtl Mat_DarkWood
f 280//343 279//343 278//343
f 280//344 278//344 277//344
f 278//345 279//345 275//345
f 278//346 275//346 274//346
f 279//347 280//347 276//347
f 279//348 276//348 275//348
f 280//349 277//349 273//349
f 280//350 273//350 276//350
f 274//351 275//351 276//351
f 274//352 276//352 273//352
usemtl Mat_FadedWood
f 288//353 287//353 286//353
f 288//354 286//354 285//354
f 286//355 287//355 283//355
f 286//356 283//356 282//356
f 287//357 288//357 284//357
f 287//358 284//358 283//358
f 288//359 285//359 281//359
f 288//360 281//360 284//360
f 282//361 283//361 284//361
f 282//362 284//362 281//362
usemtl Mat_DarkWood
f 296//363 295//363 294//363
f 296//364 294//364 293//364
f 294//365 295//365 291//365
f 294//366 291//366 290//366
f 295//367 296//367 292//367
f 295//368 292//368 291//368
f 296//369 293//369 289//369
f 296//370 289//370 292//370
f 290//371 291//371 292//371
f 290//372 292//372 289//372
usemtl Mat_FadedWood
f 304//373 303//373 302//373
f 304//374 302//374 301//374
f 302//375 303//375 299//375
f 302//376 299//376 298//376
f 303//377 304//377 300//377
f 303//378 300//378 299//378
f 304//379 301//379 297//379
f 304//380 297//380 300//380
f 298//381 299//381 300//381
f 298//382 300//382 297//382
usemtl Mat_DarkWood
f 312//383 311//383 310//383
f 312//384 310//384 309//384
f 310//385 311//385 307//385
f 310//386 307//386 306//386
f 311//387 312//387 308//387
f 311//388 308//388 307//388
f 312//389 309//389 305//389
f 312//390 305//390 308//390
f 306//391 307//391 308//391
f 306//392 308//392 305//392
usemtl Mat_WoodMid
f 320//393 319//393 318//393
f 320//394 318//394 317//394
f 318//395 319//395 315//395
f 318//396 315//396 314//396
f 319//397 320//397 316//397
f 319//398 316//398 315//398
f 320//399 317//399 313//399
f 320//400 313//400 316//400
f 314//401 315//401 316//401
f 314//402 316//402 313//402
usemtl Mat_DarkWood
f 328//403 327//403 326//403
f 328//404 326//404 325//404
f 326//405 327//405 323//405
f 326//406 323//406 322//406
f 327//407 328//407 324//407
f 327//408 324//408 323//408
f 328//409 325//409 321//409
f 328//410 321//410 324//410
f 322//411 323//411 324//411
f 322//412 324//412 321//412
usemtl Mat_WoodMid
f 336//413 335//413 334//413
f 336//414 334//414 333//414
f 334//415 335//415 331//415
f 334//416 331//416 330//416
f 335//417 336//417 332//417
f 335//418 332//418 331//418
f 336//419 333//419 329//419
f 336//420 329//420 332//420
f 330//421 331//421 332//421
f 330//422 332//422 329//422
usemtl Mat_FadedWood
f 344//423 343//423 342//423
f 344//424 342//424 341//424
f 342//425 343//425 339//425
f 342//426 339//426 338//426
f 343//427 344//427 340//427
f 343//428 340//428 339//428
f 344//429 341//429 337//429
f 344//430 337//430 340//430
f 338//431 339//431 340//431
f 338//432 340//432 337//432
usemtl Mat_DarkWood
f 352//433 351//433 350//433
f 352//434 350//434 349//434
f 350//435 351//435 347//435
f 350//436 347//436 346//436
f 351//437 352//437 348//437
f 351//438 348//438 347//438
f 352//439 349//439 345//439
f 352//440 345//440 348//440
f 346//441 347//441 348//441
f 346//442 348//442 345//442
usemtl Mat_FadedWood
f 360//443 359//443 358//443
f 360//444 358//444 357//444
f 358//445 359//445 355//445
f 358//446 355//446 354//446
f 359//447 360//447 356//447
f 359//448 356//448 355//448
f 360//449 357//449 353//449
f 360//450 353//450 356//450
f 354//451 355//451 356//451
f 354//452 356//452 353//452
usemtl Mat_DarkWood
f 368//453 367//453 366//453
f 368//454 366//454 365//454
f 366//455 367//455 363//455
f 366//456 363//456 362//456
f 367//457 368//457 364//457
f 367//458 364//458 363//458
f 368//459 365//459 361//459
f 368//460 361//460 364//460
f 362//461 363//461 364//461
f 362//462 364//462 361//462
usemtl Mat_FadedWood
f 376//463 375//463 374//463
f 376//464 374//464 373//464
f 374//465 375//465 371//465
f 374//466 371//466 370//466
f 375//467 376//467 372//467
f 375//468 372//468 371//468
f 376//469 373//469 369//469
f 376//470 369//470 372//470
f 370//471 371//471 372//471
f 370//472 372//472 369//472
usemtl Mat_DarkWood
f 384//473 383//473 382//473
f 384//474 382//474 381//474
f 382//475 383//475 379//475
f 382//476 379//476 378//476
f 383//477 384//477 380//477
f 383//478 380//478 379//478
f 384//479 381//479 377//479
f 384//480 377//480 380//480
f 378//481 379//481 380//481
f 378//482 380//482 377//482
usemtl Mat_WoodMid
f 392//483 391//483 390//483
f 392//484 390//484 389//484
f 390//485 391//485 387//485
f 390//486 387//486 386//486
f 391//487 392//487 388//487
f 391//488 388//488 387//488
f 392//489 389//489 385//489
f 392//490 385//490 388//490
f 386//491 387//491 388//491
f 386//492 388//492 385//492
usemtl Mat_DarkWood
f 400//493 399//493 398//493
f 400//494 398//494 397//494
f 398//495 399//495 395//495
f 398//496 395//496 394//496
f 399//497 400//497 396//497
f 399//498 396//498 395//498
f 400//499 397//499 393//499
f 400//500 393//500 396//500
f 394//501 395//501 396//501
f 394//502 396//502 393//502
usemtl Mat_WoodMid
f 408//503 407//503 406//503
f 408//504 406//504 405//504
f 406//505 407//505 403//505
f 406//506 403//506 402//506
f 407//507 408//507 404//507
f 407//508 404//508 403//508
f 408//509 405//509 401//509
f 408//510 401//510 404//510
f 402//511 403//511 404//511
f 402//512 404//512 401//512
usemtl Mat_DarkWood
f 416//513 415//513 414//513
f 416//514 414//514 413//514
f 414//515 415//515 411//515
f 414//516 411//516 410//516
f 415//517 416//517 412//517
f 415//518 412//518 411//518
f 416//519 413//519 409//519
f 416//520 409//520 412//520
f 410//521 411//521 412//521
f 410//522 412//522 409//522
usemtl Mat_FadedWood
f 424//523 423//523 422//523
f 424//524 422//524 421//524
f 422//525 423//525 419//525
f 422//526 419//526 418//526
f 423//527 424//527 420//527
f 423//528 420//528 419//528
f 424//529 421//529 417//529
f 424//530 417//530 420//530
f 418//531 419//531 420//531
f 418//532 420//532 417//532
usemtl Mat_DarkWood
f 432//533 431//533 430//533
f 432//534 430//534 429//534
f 430//535 431//535 427//535
f 430//536 427//536 426//536
f 431//537 432//537 428//537
f 431//538 428//538 427//538
f 432//539 429//539 425//539
f 432//540 425//540 428//540
f 426//541 427//541 428//541
f 426//542 428//542 425//542
usemtl Mat_FadedWood
f 440//543 439//543 438//543
f 440//544 438//544 437//544
f 438//545 439//545 435//545
f 438//546 435//546 434//546
f 439//547 440//547 436//547
f 439//548 436//548 435//548
f 440//549 437//549 433//549
f 440//550 433//550 436//550
f 434//551 435//551 436//551
f 434//552 436//552 433//552
usemtl Mat_DarkWood
f 448//553 447//553 446//553
f 448//554 446//554 445//554
f 446//555 447//555 443//555
f 446//556 443//556 442//556
f 447//557 448//557 444//557
f 447//558 444//558 443//558
f 448//559 445//559 441//559
f 448//560 441//560 444//560
f 442//561 443//561 444//561
f 442//562 444//562 441//562
usemtl Mat_FadedWood
f 456//563 455//563 454//563
f 456//564 454//564 453//564
f 454//565 455//565 451//565
f 454//566 451//566 450//566
f 455//567 456//567 452//567
f 455//568 452//568 451//568
f 456//569 453//569 449//569
f 456//570 449//570 452//570
f 450//571 451//571 452//571
f 450//572 452//572 449//572
usemtl Mat_DarkWood
f 464//573 463//573 462//573
f 464//574 462//574 461//574
f 462//575 463//575 459//575
f 462//576 459//576 458//576
f 463//577 464//577 460//577
f 463//578 460//578 459//578
f 464//579 461//579 457//579
f 464//580 457//580 460//580
f 458//581 459//581 460//581
f 458//582 460//582 457//582
usemtl Mat_WoodMid
f 472//583 471//583 470//583
f 472//584 470//584 469//584
f 470//585 471//585 467//585
f 470//586 467//586 466//586
f 471//587 472//587 468//587
f 471//588 468//588 467//588
f 472//589 469//589 465//589
f 472//590 465//590 468//590
f 466//591 467//591 468//591
f 466//592 468//592 465//592
usemtl Mat_DarkWood
f 480//593 479//593 478//593
f 480//594 478//594 477//594
f 478//595 479//595 475//595
f 478//596 475//596 474//596
f 479//597 480//597 476//597
f 479//598 476//598 475//598
f 480//599 477//599 473//599
f 480//600 473//600 476//600
f 474//601 475//601 476//601
f 474//602 476//602 473//602
usemtl Mat_WoodMid
f 488//603 487//603 486//603
f 488//604 486//604 485//604
f 486//605 487//605 483//605
f 486//606 483//606 482//606
f 487//607 488//607 484//607
f 487//608 484//608 483//608
f 488//609 485//609 481//609
f 488//610 481//610 484//610
f 482//611 483//611 484//611
f 482//612 484//612 481//612
usemtl Mat_DarkWood
f 496//613 495//613 494//613
f 496//614 494//614 493//614
f 494//615 495//615 491//615
f 494//616 491//616 490//616
f 495//617 496//617 492//617
f 495//618 492//618 491//618
f 496//619 493//619 489//619
f 496//620 489//620 492//620
f 490//621 491//621 492//621
f 490//622 492//622 489//622
usemtl Mat_FadedWood
f 504//623 503//623 502//623
f 504//624 502//624 501//624
f 502//625 503//625 499//625
f 502//626 499//626 498//626
f 503//627 504//627 500//627
f 503//628 500//628 499//628
f 504//629 501//629 497//629
f 504//630 497//630 500//630
f 498//631 499//631 500//631
f 498//632 500//632 497//632
usemtl Mat_DarkWood
f 512//633 511//633 510//633
f 512//634 510//634 509//634
f 510//635 511//635 507//635
f 510//636 507//636 506//636
f 511//637 512//637 508//637
f 511//638 508//638 507//638
f 512//639 509//639 505//639
f 512//640 505//640 508//640
f 506//641 507//641 508//641
f 506//642 508//642 505//642
usemtl Mat_FadedWood
f 520//643 519//643 518//643
f 520//644 518//644 517//644
f 518//645 519//645 515//645
f 518//646 515//646 514//646
f 519//647 520//647 516//647
f 519//648 516//648 515//648
f 520//649 517//649 513//649
f 520//650 513//650 516//650
f 514//651 515//651 516//651
f 514//652 516//652 513//652
usemtl Mat_DarkWood
f 528//653 527//653 526//653
f 528//654 526//654 525//654
f 526//655 527//655 523//655
f 526//656 523//656 522//656
f 527//657 528//657 524//657
f 527//658 524//658 523//658
f 528//659 525//659 521//659
f 528//660 521//660 524//660
f 522//661 523//661 524//661
f 522//662 524//662 521//662
usemtl Mat_FadedWood
f 536//663 535//663 534//663
f 536//664 534//664 533//664
f 534//665 535//665 531//665
f 534//666 531//666 530//666
f 535//667 536//667 532//667
f 535//668 532//668 531//668
f 536//669 533//669 529//669
f 536//670 529//670 532//670
f 530//671 531//671 532//671
f 530//672 532//672 529//672
usemtl Mat_DarkWood
f 544//673 543//673 542//673
f 544//674 542//674 541//674
f 542//675 543//675 539//675
f 542//676 539//676 538//676
f 543//677 544//677 540//677
f 543//678 540//678 539//678
f 544//679 541//679 537//679
f 544//680 537//680 540//680
f 538//681 539//681 540//681
f 538//682 540//682 537//682
usemtl Mat_WoodMid
f 552//683 551//683 550//683
f 552//684 550//684 549//684
f 550//685 551//685 547//685
f 550//686 547//686 546//686
f 551//687 552//687 548//687
f 551//688 548//688 547//688
f 552//689 549//689 545//689
f 552//690 545//690 548//690
f 546//691 547//691 548//691
f 546//692 548//692 545//692
usemtl Mat_DarkWood
f 560//693 559//693 558//693
f 560//694 558//694 557//694
f 558//695 559//695 555//695
f 558//696 555//696 554//696
f 559//697 560//697 556//697
f 559//698 556//698 555//698
f 560//699 557//699 553//699
f 560//700 553//700 556//700
f 554//701 555//701 556//701
f 554//702 556//702 553//702
usemtl Mat_WoodMid
f 568//703 567//703 566//703
f 568//704 566//704 565//704
f 566//705 567//705 563//705
f 566//706 563//706 562//706
f 567//707 568//707 564//707
f 567//708 564//708 563//708
f 568//709 565//709 561//709
f 568//710 561//710 564//710
f 562//711 563//711 564//711
f 562//712 564//712 561//712
usemtl Mat_DarkWood
f 576//713 575//713 574//713
f 576//714 574//714 573//714
f 574//715 575//715 571//715
f 574//716 571//716 570//716
f 575//717 576//717 572//717
f 575//718 572//718 571//718
f 576//719 573//719 569//719
f 576//720 569//720 572//720
f 570//721 571//721 572//721
f 570//722 572//722 569//722
usemtl Mat_FadedWood
f 584//723 583//723 582//723
f 584//724 582//724 581//724
f 582//725 583//725 579//725
f 582//726 579//726 578//726
f 583//727 584//727 580//727
f 583//728 580//728 579//728
f 584//729 581//729 577//729
f 584//730 577//730 580//730
f 578//731 579//731 580//731
f 578//732 580//732 577//732
usemtl Mat_DarkWood
f 592//733 591//733 590//733
f 592//734 590//734 589//734
f 590//735 591//735 587//735
f 590//736 587//736 586//736
f 591//737 592//737 588//737
f 591//738 588//738 587//738
f 592//739 589//739 585//739
f 592//740 585//740 588//740
f 586//741 587//741 588//741
f 586//742 588//742 585//742
usemtl Mat_FadedWood
f 600//743 599//743 598//743
f 600//744 598//744 597//744
f 598//745 599//745 595//745
f 598//746 595//746 594//746
f 599//747 600//747 596//747
f 599//748 596//748 595//748
f 600//749 597//749 593//749
f 600//750 593//750 596//750
f 594//751 595//751 596//751
f 594//752 596//752 593//752
usemtl Mat_DarkWood
f 608//753 607//753 606//753
f 608//754 606//754 605//754
f 606//755 607//755 603//755
f 606//756 603//756 602//756
f 607//757 608//757 604//757
f 607//758 604//758 603//758
f 608//759 605//759 601//759
f 608//760 601//760 604//760
f 602//761 603//761 604//761
f 602//762 604//762 601//762
usemtl Mat_FadedWood
f 616//763 615//763 614//763
f 616//764 614//764 613//764
f 614//765 615//765 611//765
f 614//766 611//766 610//766
f 615//767 616//767 612//767
f 615//768 612//768 611//768
f 616//769 613//769 609//769
f 616//770 609//770 612//770
f 610//771 611//771 612//771
f 610//772 612//772 609//772
usemtl Mat_DarkWood
f 624//773 623//773 622//773
f 624//774 622//774 621//774
f 622//775 623//775 619//775
f 622//776 619//776 618//776
f 623//777 624//777 620//777
f 623//778 620//778 619//778
f 624//779 621//779 617//779
f 624//780 617//780 620//780
f 618//781 619//781 620//781
f 618//782 620//782 617//782
usemtl Mat_WoodMid
f 632//783 631//783 630//783
f 632//784 630//784 629//784
f 630//785 631//785 627//785
f 630//786 627//786 626//786
f 631//787 632//787 628//787
f 631//788 628//788 627//788
f 632//789 629//789 625//789
f 632//790 625//790 628//790
f 626//791 627//791 628//791
f 626//792 628//792 625//792
usemtl Mat_DarkWood
f 640//793 639//793 638//793
f 640//794 638//794 637//794
f 638//795 639//795 635//795
f 638//796 635//796 634//796
f 639//797 640//797 636//797
f 639//798 636//798 635//798
f 640//799 637//799 633//799
f 640//800 633//800 636//800
f 634//801 635//801 636//801
f 634//802 636//802 633//802
usemtl Mat_WoodMid
f 648//803 647//803 646//803
f 648//804 646//804 645//804
f 646//805 647//805 643//805
f 646//806 643//806 642//806
f 647//807 648//807 644//807
f 647//808 644//808 643//808
f 648//809 645//809 641//809
f 648//810 641//810 644//810
f 642//811 643//811 644//811
f 642//812 644//812 641//812
usemtl Mat_FadedWood
f 656//813 655//813 654//813
f 656//814 654//814 653//814
f 654//815 655//815 651//815
f 654//816 651//816 650//816
f 655//817 656//817 652//817
f 655//818 652//818 651//818
f 656//819 653//819 649//819
f 656//820 649//820 652//820
f 650//821 651//821 652//821
f 650//822 652//822 649//822
usemtl Mat_DarkWood
f 664//823 663//823 662//823
f 664//824 662//824 661//824
f 662//825 663//825 659//825
f 662//826 659//826 658//826
f 663//827 664//827 660//827
f 663//828 660//828 659//828
f 664//829 661//829 657//829
f 664//830 657//830 660//830
f 658//831 659//831 660//831
f 658//832 660//832 657//832
usemtl Mat_FadedWood
f 672//833 671//833 670//833
f 672//834 670//834 669//834
f 670//835 671//835 667//835
f 670//836 667//836 666//836
f 671//837 672//837 668//837
f 671//838 668//838 667//838
f 672//839 669//839 665//839
f 672//840 665//840 668//840
f 666//841 667//841 668//841
f 666//842 668//842 665//842
usemtl Mat_DarkWood
f 680//843 679//843 678//843
f 680//844 678//844 677//844
f 678//845 679//845 675//845
f 678//846 675//846 674//846
f 679//847 680//847 676//847
f 679//848 676//848 675//848
f 680//849 677//849 673//849
f 680//850 673//850 676//850
f 674//851 675//851 676//851
f 674//852 676//852 673//852
usemtl Mat_FadedWood
f 688//853 687//853 686//853
f 688//854 686//854 685//854
f 686//855 687//855 683//855
f 686//856 683//856 682//856
f 687//857 688//857 684//857
f 687//858 684//858 683//858
f 688//859 685//859 681//859
f 688//860 681//860 684//860
f 682//861 683//861 684//861
f 682//862 684//862 681//862
usemtl Mat_DarkWood
f 696//863 695//863 694//863
f 696//864 694//864 693//864
f 694//865 695//865 691//865
f 694//866 691//866 690//866
f 695//867 696//867 692//867
f 695//868 692//868 691//868
f 696//869 693//869 689//869
f 696//870 689//870 692//870
f 690//871 691//871 692//871
f 690//872 692//872 689//872
usemtl Mat_WoodMid
f 704//873 703//873 702//873
f 704//874 702//874 701//874
f 702//875 703//875 699//875
f 702//876 699//876 698//876
f 703//877 704//877 700//877
f 703//878 700//878 699//878
f 704//879 701//879 697//879
f 704//880 697//880 700//880
f 698//881 699//881 700//881
f 698//882 700//882 697//882
usemtl Mat_DarkWood
f 712//883 711//883 710//883
f 712//884 710//884 709//884
f 710//885 711//885 707//885
f 710//886 707//886 706//886
f 711//887 712//887 708//887
f 711//888 708//888 707//888
f 712//889 709//889 705//889
f 712//890 705//890 708//890
f 706//891 707//891 708//891
f 706//892 708//892 705//892
usemtl Mat_WoodMid
f 720//893 719//893 718//893
f 720//894 718//894 717//894
f 718//895 719//895 715//895
f 718//896 715//896 714//896
f 719//897 720//897 716//897
f 719//898 716//898 715//898
f 720//899 717//899 713//899
f 720//900 713//900 716//900
f 714//901 715//901 716//901
f 714//902 716//902 713//902
usemtl Mat_DarkWood
f 728//903 727//903 726//903
f 728//904 726//904 725//904
f 726//905 727//905 723//905
f 726//906 723//906 722//906
f 727//907 728//907 724//907
f 727//908 724//908 723//908
f 728//909 725//909 721//909
f 728//910 721//910 724//910
f 722//911 723//911 724//911
f 722//912 724//912 721//912
usemtl Mat_FadedWood
f 736//913 735//913 734//913
f 736//914 734//914 733//914
f 734//915 735//915 731//915
f 734//916 731//916 730//916
f 735//917 736//917 732//917
f 735//918 732//918 731//918
f 736//919 733//919 729//919
f 736//920 729//920 732//920
f 730//921 731//921 732//921
f 730//922 732//922 729//922
usemtl Mat_DarkWood
f 744//923 743//923 742//923
f 744//924 742//924 741//924
f 742//925 743//925 739//925
f 742//926 739//926 738//926
f 743//927 744//927 740//927
f 743//928 740//928 739//928
f 744//929 741//929 737//929
f 744//930 737//930 740//930
f 738//931 739//931 740//931
f 738//932 740//932 737//932
usemtl Mat_FadedWood
f 752//933 751//933 750//933
f 752//934 750//934 749//934
f 750//935 751//935 747//935
f 750//936 747//936 746//936
f 751//937 752//937 748//937
f 751//938 748//938 747//938
f 752//939 749//939 745//939
f 752//940 745//940 748//940
f 746//941 747//941 748//941
f 746//942 748//942 745//942
usemtl Mat_DarkWood
f 760//943 759//943 758//943
f 760//944 758//944 757//944
f 758//945 759//945 755//945
f 758//946 755//946 754//946
f 759//947 760//947 756//947
f 759//948 756//948 755//948
f 760//949 757//949 753//949
f 760//950 753//950 756//950
f 754//951 755//951 756//951
f 754//952 756//952 753//952
usemtl Mat_FadedWood
f 768//953 767//953 766//953
f 768//954 766//954 765//954
f 766//955 767//955 763//955
f 766//956 763//956 762//956
f 767//957 768//957 764//957
f 767//958 764//958 763//958
f 768//959 765//959 761//959
f 768//960 761//960 764//960
f 762//961 763//961 764//961
f 762//962 764//962 761//962
usemtl Mat_DarkWood
f 776//963 775//963 774//963
f 776//964 774//964 773//964
f 774//965 775//965 771//965
f 774//966 771//966 770//966
f 775//967 776//967 772//967
f 775//968 772//968 771//968
f 776//969 773//969 769//969
f 776//970 769//970 772//970
f 770//971 771//971 772//971
f 770//972 772//972 769//972
usemtl Mat_WoodMid
f 784//973 783//973 782//973
f 784//974 782//974 781//974
f 782//975 783//975 779//975
f 782//976 779//976 778//976
f 783//977 784//977 780//977
f 783//978 780//978 779//978
f 784//979 781//979 777//979
f 784//980 777//980 780//980
f 778//981 779//981 780//981
f 778//982 780//982 777//982
usemtl Mat_DarkWood
f 792//983 791//983 790//983
f 792//984 790//984 789//984
f 790//985 791//985 787//985
f 790//986 787//986 786//986
f 791//987 792//987 788//987
f 791//988 788//988 787//988
f 792//989 789//989 785//989
f 792//990 785//990 788//990
f 786//991 787//991 788//991
f 786//992 788//992 785//992
usemtl Mat_WoodMid
f 800//993 799//993 798//993
f 800//994 798//994 797//994
f 798//995 799//995 795//995
f 798//996 795//996 794//996
f 799//997 800//997 796//997
f 799//998 796//998 795//998
f 800//999 797//999 793//999
f 800//1000 793//1000 796//1000
f 794//1001 795//1001 796//1001
f 794//1002 796//1002 793//1002
usemtl Mat_DarkWood
f 808//1003 807//1003 806//1003
f 808//1004 806//1004 805//1004
f 806//1005 807//1005 803//1005
f 806//1006 803//1006 802//1006
f 807//1007 808//1007 804//1007
f 807//1008 804//1008 803//1008
f 808//1009 805//1009 801//1009
f 808//1010 801//1010 804//1010
f 802//1011 803//1011 804//1011
f 802//1012 804//1012 801//1012
usemtl Mat_FadedWood
f 816//1013 815//1013 814//1013
f 816//1014 814//1014 813//1014
f 814//1015 815//1015 811//1015
f 814//1016 811//1016 810//1016
f 815//1017 816//1017 812//1017
f 815//1018 812//1018 811//1018
f 816//1019 813//1019 809//1019
f 816//1020 809//1020 812//1020
f 810//1021 811//1021 812//1021
f 810//1022 812//1022 809//1022
usemtl Mat_DarkWood
f 824//1023 823//1023 822//1023
f 824//1024 822//1024 821//1024
f 822//1025 823//1025 819//1025
f 822//1026 819//1026 818//1026
f 823//1027 824//1027 820//1027
f 823//1028 820//1028 819//1028
f 824//1029 821//1029 817//1029
f 824//1030 817//1030 820//1030
f 818//1031 819//1031 820//1031
f 818//1032 820//1032 817//1032
usemtl Mat_FadedWood
f 832//1033 831//1033 830//1033
f 832//1034 830//1034 829//1034
f 830//1035 831//1035 827//1035
f 830//1036 827//1036 826//1036
f 831//1037 832//1037 828//1037
f 831//1038 828//1038 827//1038
f 832//1039 829//1039 825//1039
f 832//1040 825//1040 828//1040
f 826//1041 827//1041 828//1041
f 826//1042 828//1042 825//1042
usemtl Mat_DarkWood
f 840//1043 839//1043 838//1043
f 840//1044 838//1044 837//1044
f 838//1045 839//1045 835//1045
f 838//1046 835//1046 834//1046
f 839//1047 840//1047 836//1047
f 839//1048 836//1048 835//1048
f 840//1049 837//1049 833//1049
f 840//1050 833//1050 836//1050
f 834//1051 835//1051 836//1051
f 834//1052 836//1052 833//1052
usemtl Mat_FadedWood
f 848//1053 847//1053 846//1053
f 848//1054 846//1054 845//1054
f 846//1055 847//1055 843//1055
f 846//1056 843//1056 842//1056
f 847//1057 848//1057 844//1057
f 847//1058 844//1058 843//1058
f 848//1059 845//1059 841//1059
f 848//1060 841//1060 844//1060
f 842//1061 843//1061 844//1061
f 842//1062 844//1062 841//1062
usemtl Mat_DarkWood
f 856//1063 855//1063 854//1063
f 856//1064 854//1064 853//1064
f 854//1065 855//1065 851//1065
f 854//1066 851//1066 850//1066
f 855//1067 856//1067 852//1067
f 855//1068 852//1068 851//1068
f 856//1069 853//1069 849//1069
f 856//1070 849//1070 852//1070
f 850//1071 851//1071 852//1071
f 850//1072 852//1072 849//1072
usemtl Mat_WoodMid
f 864//1073 863//1073 862//1073
f 864//1074 862//1074 861//1074
f 862//1075 863//1075 859//1075
f 862//1076 859//1076 858//1076
f 863//1077 864//1077 860//1077
f 863//1078 860//1078 859//1078
f 864//1079 861//1079 857//1079
f 864//1080 857//1080 860//1080
f 858//1081 859//1081 860//1081
f 858//1082 860//1082 857//1082
usemtl Mat_DarkWood
f 872//1083 871//1083 870//1083
f 872//1084 870//1084 869//1084
f 870//1085 871//1085 867//1085
f 870//1086 867//1086 866//1086
f 871//1087 872//1087 868//1087
f 871//1088 868//1088 867//1088
f 872//1089 869//1089 865//1089
f 872//1090 865//1090 868//1090
f 866//1091 867//1091 868//1091
f 866//1092 868//1092 865//1092
usemtl Mat_WoodMid
f 880//1093 879//1093 878//1093
f 880//1094 878//1094 877//1094
f 878//1095 879//1095 875//1095
f 878//1096 875//1096 874//1096
f 879//1097 880//1097 876//1097
f 879//1098 876//1098 875//1098
f 880//1099 877//1099 873//1099
f 880//1100 873//1100 876//1100
f 874//1101 875//1101 876//1101
f 874//1102 876//1102 873//1102
usemtl Mat_FadedWood
f 888//1103 887//1103 886//1103
f 888//1104 886//1104 885//1104
f 886//1105 887//1105 883//1105
f 886//1106 883//1106 882//1106
f 887//1107 888//1107 884//1107
f 887//1108 884//1108 883//1108
f 888//1109 885//1109 881//1109
f 888//1110 881//1110 884//1110
f 882//1111 883//1111 884//1111
f 882//1112 884//1112 881//1112
usemtl Mat_DarkWood
f 896//1113 895//1113 894//1113
f 896//1114 894//1114 893//1114
f 894//1115 895//1115 891//1115
f 894//1116 891//1116 890//1116
f 895//1117 896//1117 892//1117
f 895//1118 892//1118 891//1118
f 896//1119 893//1119 889//1119
f 896//1120 889//1120 892//1120
f 890//1121 891//1121 892//1121
f 890//1122 892//1122 889//1122
usemtl Mat_FadedWood
f 904//1123 903//1123 902//1123
f 904//1124 902//1124 901//1124
f 902//1125 903//1125 899//1125
f 902//1126 899//1126 898//1126
f 903//1127 904//1127 900//1127
f 903//1128 900//1128 899//1128
f 904//1129 901//1129 897//1129
f 904//1130 897//1130 900//1130
f 898//1131 899//1131 900//1131
f 898//1132 900//1132 897//1132
usemtl Mat_DarkWood
f 912//1133 911//1133 910//1133
f 912//1134 910//1134 909//1134
f 910//1135 911//1135 907//1135
f 910//1136 907//1136 906//1136
f 911//1137 912//1137 908//1137
f 911//1138 908//1138 907//1138
f 912//1139 909//1139 905//1139
f 912//1140 905//1140 908//1140
f 906//1141 907//1141 908//1141
f 906//1142 908//1142 905//1142
usemtl Mat_FadedWood
f 920//1143 919//1143 918//1143
f 920//1144 918//1144 917//1144
f 918//1145 919//1145 915//1145
f 918//1146 915//1146 914//1146
f 919//1147 920//1147 916//1147
f 919//1148 916//1148 915//1148
f 920//1149 917//1149 913//1149
f 920//1150 913//1150 916//1150
f 914//1151 915//1151 916//1151
f 914//1152 916//1152 913//1152
usemtl Mat_DarkWood
f 928//1153 927//1153 926//1153
f 928//1154 926//1154 925//1154
f 926//1155 927//1155 923//1155
f 926//1156 923//1156 922//1156
f 927//1157 928//1157 924//1157
f 927//1158 924//1158 923//1158
f 928//1159 925//1159 921//1159
f 928//1160 921//1160 924//1160
f 922//1161 923//1161 924//1161
f 922//1162 924//1162 921//1162
usemtl Mat_WoodMid
f 936//1163 935//1163 934//1163
f 936//1164 934//1164 933//1164
f 934//1165 935//1165 931//1165
f 934//1166 931//1166 930//1166
f 935//1167 936//1167 932//1167
f 935//1168 932//1168 931//1168
f 936//1169 933//1169 929//1169
f 936//1170 929//1170 932//1170
f 930//1171 931//1171 932//1171
f 930//1172 932//1172 929//1172
usemtl Mat_DarkWood
f 944//1173 943//1173 942//1173
f 944//1174 942//1174 941//1174
f 942//1175 943//1175 939//1175
f 942//1176 939//1176 938//1176
f 943//1177 944//1177 940//1177
f 943//1178 940//1178 939//1178
f 944//1179 941//1179 937//1179
f 944//1180 937//1180 940//1180
f 938//1181 939//1181 940//1181
f 938//1182 940//1182 937//1182
usemtl Mat_WoodMid
f 952//1183 951//1183 950//1183
f 952//1184 950//1184 949//1184
f 950//1185 951//1185 947//1185
f 950//1186 947//1186 946//1186
f 951//1187 952//1187 948//1187
f 951//1188 948//1188 947//1188
f 952//1189 949//1189 945//1189
f 952//1190 945//1190 948//1190
f 946//1191 947//1191 948//1191
f 946//1192 948//1192 945//1192
usemtl Mat_DarkWood
f 960//1193 959//1193 958//1193
f 960//1194 958//1194 957//1194
f 958//1195 959//1195 955//1195
f 958//1196 955//1196 954//1196
f 959//1197 960//1197 956//1197
f 959//1198 956//1198 955//1198
f 960//1199 957//1199 953//1199
f 960//1200 953//1200 956//1200
f 954//1201 955//1201 956//1201
f 954//1202 956//1202 953//1202
usemtl Mat_FadedWood
f 968//1203 967//1203 966//1203
f 968//1204 966//1204 965//1204
f 966//1205 967//1205 963//1205
f 966//1206 963//1206 962//1206
f 967//1207 968//1207 964//1207
f 967//1208 964//1208 963//1208
f 968//1209 965//1209 961//1209
f 968//1210 961//1210 964//1210
f 962//1211 963//1211 964//1211
f 962//1212 964//1212 961//1212
usemtl Mat_DarkWood
f 976//1213 975//1213 974//1213
f 976//1214 974//1214 973//1214
f 974//1215 975//1215 971//1215
f 974//1216 971//1216 970//1216
f 975//1217 976//1217 972//1217
f 975//1218 972//1218 971//1218
f 976//1219 973//1219 969//1219
f 976//1220 969//1220 972//1220
f 970//1221 971//1221 972//1221
f 970//1222 972//1222 969//1222
usemtl Mat_FadedWood
f 984//1223 983//1223 982//1223
f 984//1224 982//1224 981//1224
f 982//1225 983//1225 979//1225
f 982//1226 979//1226 978//1226
f 983//1227 984//1227 980//1227
f 983//1228 980//1228 979//1228
f 984//1229 981//1229 977//1229
f 984//1230 977//1230 980//1230
f 978//1231 979//1231 980//1231
f 978//1232 980//1232 977//1232
usemtl Mat_DarkWood
f 992//1233 991//1233 990//1233
f 992//1234 990//1234 989//1234
f 990//1235 991//1235 987//1235
f 990//1236 987//1236 986//1236
f 991//1237 992//1237 988//1237
f 991//1238 988//1238 987//1238
f 992//1239 989//1239 985//1239
f 992//1240 985//1240 988//1240
f 986//1241 987//1241 988//1241
f 986//1242 988//1242 985//1242
usemtl Mat_FadedWood
f 1000//1243 999//1243 998//1243
f 1000//1244 998//1244 997//1244
f 998//1245 999//1245 995//1245
f 998//1246 995//1246 994//1246
f 999//1247 1000//1247 996//1247
f 999//1248 996//1248 995//1248
f 1000//1249 997//1249 993//1249
f 1000//1250 993//1250 996//1250
f 994//1251 995//1251 996//1251
f 994//1252 996//1252 993//1252
usemtl Mat_DarkWood
f 1008//1253 1007//1253 1006//1253
f 1008//1254 1006//1254 1005//1254
f 1006//1255 1007//1255 1003//1255
f 1006//1256 1003//1256 1002//1256
f 1007//1257 1008//1257 1004//1257
f 1007//1258 1004//1258 1003//1258
f 1008//1259 1005//1259 1001//1259
f 1008//1260 1001//1260 1004//1260
f 1002//1261 1003//1261 1004//1261
f 1002//1262 1004//1262 1001//1262
usemtl Mat_WoodMid
f 1016//1263 1015//1263 1014//1263
f 1016//1264 1014//1264 1013//1264
f 1014//1265 1015//1265 1011//1265
f 1014//1266 1011//1266 1010//1266
f 1015//1267 1016//1267 1012//1267
f 1015//1268 1012//1268 1011//1268
f 1016//1269 1013//1269 1009//1269
f 1016//1270 1009//1270 1012//1270
f 1010//1271 1011//1271 1012//1271
f 1010//1272 1012//1272 1009//1272
usemtl Mat_DarkWood
f 1024//1273 1023//1273 1022//1273
f 1024//1274 1022//1274 1021//1274
f 1022//1275 1023//1275 1019//1275
f 1022//1276 1019//1276 1018//1276
f 1023//1277 1024//1277 1020//1277
f 1023//1278 1020//1278 1019//1278
f 1024//1279 1021//1279 1017//1279
f 1024//1280 1017//1280 1020//1280
f 1018//1281 1019//1281 1020//1281
f 1018//1282 1020//1282 1017//1282
usemtl Mat_WoodMid
f 1032//1283 1031//1283 1030//1283
f 1032//1284 1030//1284 1029//1284
f 1030//1285 1031//1285 1027//1285
f 1030//1286 1027//1286 1026//1286
f 1031//1287 1032//1287 1028//1287
f 1031//1288 1028//1288 1027//1288
f 1032//1289 1029//1289 1025//1289
f 1032//1290 1025//1290 1028//1290
f 1026//1291 1027//1291 1028//1291
f 1026//1292 1028//1292 1025//1292
usemtl Mat_DarkWood
f 1040//1293 1039//1293 1038//1293
f 1040//1294 1038//1294 1037//1294
f 1038//1295 1039//1295 1035//1295
f 1038//1296 1035//1296 1034//1296
f 1039//1297 1040//1297 1036//1297
f 1039//1298 1036//1298 1035//1298
f 1040//1299 1037//1299 1033//1299
f 1040//1300 1033//1300 1036//1300
f 1034//1301 1035//1301 1036//1301
f 1034//1302 1036//1302 1033//1302
usemtl Mat_FadedWood
f 1048//1303 1047//1303 1046//1303
f 1048//1304 1046//1304 1045//1304
f 1046//1305 1047//1305 1043//1305
f 1046//1306 1043//1306 1042//1306
f 1047//1307 1048//1307 1044//1307
f 1047//1308 1044//1308 1043//1308
f 1048//1309 1045//1309 1041//1309
f 1048//1310 1041//1310 1044//1310
f 1042//1311 1043//1311 1044//1311
f 1042//1312 1044//1312 1041//1312
usemtl Mat_DarkWood
f 1056//1313 1055//1313 1054//1313
f 1056//1314 1054//1314 1053//1314
f 1054//1315 1055//1315 1051//1315
f 1054//1316 1051//1316 1050//1316
f 1055//1317 1056//1317 1052//1317
f 1055//1318 1052//1318 1051//1318
f 1056//1319 1053//1319 1049//1319
f 1056//1320 1049//1320 1052//1320
f 1050//1321 1051//1321 1052//1321
f 1050//1322 1052//1322 1049//1322
usemtl Mat_FadedWood
f 1064//1323 1063//1323 1062//1323
f 1064//1324 1062//1324 1061//1324
f 1062//1325 1063//1325 1059//1325
f 1062//1326 1059//1326 1058//1326
f 1063//1327 1064//1327 1060//1327
f 1063//1328 1060//1328 1059//1328
f 1064//1329 1061//1329 1057//1329
f 1064//1330 1057//1330 1060//1330
f 1058//1331 1059//1331 1060//1331
f 1058//1332 1060//1332 1057//1332
usemtl Mat_DarkWood
f 1072//1333 1071//1333 1070//1333
f 1072//1334 1070//1334 1069//1334
f 1070//1335 1071//1335 1067//1335
f 1070//1336 1067//1336 1066//1336
f 1071//1337 1072//1337 1068//1337
f 1071//1338 1068//1338 1067//1338
f 1072//1339 1069//1339 1065//1339
f 1072//1340 1065//1340 1068//1340
f 1066//1341 1067//1341 1068//1341
f 1066//1342 1068//1342 1065//1342
usemtl Mat_FadedWood
f 1080//1343 1079//1343 1078//1343
f 1080//1344 1078//1344 1077//1344
f 1078//1345 1079//1345 1075//1345
f 1078//1346 1075//1346 1074//1346
f 1079//1347 1080//1347 1076//1347
f 1079//1348 1076//1348 1075//1348
f 1080//1349 1077//1349 1073//1349
f 1080//1350 1073//1350 1076//1350
f 1074//1351 1075//1351 1076//1351
f 1074//1352 1076//1352 1073//1352
usemtl Mat_DarkWood
f 1088//1353 1087//1353 1086//1353
f 1088//1354 1086//1354 1085//1354
f 1086//1355 1087//1355 1083//1355
f 1086//1356 1083//1356 1082//1356
f 1087//1357 1088//1357 1084//1357
f 1087//1358 1084//1358 1083//1358
f 1088//1359 1085//1359 1081//1359
f 1088//1360 1081//1360 1084//1360
f 1082//1361 1083//1361 1084//1361
f 1082//1362 1084//1362 1081//1362
usemtl Mat_WoodMid
f 1096//1363 1095//1363 1094//1363
f 1096//1364 1094//1364 1093//1364
f 1094//1365 1095//1365 1091//1365
f 1094//1366 1091//1366 1090//1366
f 1095//1367 1096//1367 1092//1367
f 1095//1368 1092//1368 1091//1368
f 1096//1369 1093//1369 1089//1369
f 1096//1370 1089//1370 1092//1370
f 1090//1371 1091//1371 1092//1371
f 1090//1372 1092//1372 1089//1372
usemtl Mat_DarkWood
f 1104//1373 1103//1373 1102//1373
f 1104//1374 1102//1374 1101//1374
f 1102//1375 1103//1375 1099//1375
f 1102//1376 1099//1376 1098//1376
f 1103//1377 1104//1377 1100//1377
f 1103//1378 1100//1378 1099//1378
f 1104//1379 1101//1379 1097//1379
f 1104//1380 1097//1380 1100//1380
f 1098//1381 1099//1381 1100//1381
f 1098//1382 1100//1382 1097//1382
usemtl Mat_Bone
f 1112//1383 1111//1383 1110//1383
f 1112//1384 1110//1384 1109//1384
f 1109//1385 1110//1385 1106//1385
f 1109//1386 1106//1386 1105//1386
f 1110//1387 1111//1387 1107//1387
f 1110//1388 1107//1388 1106//1388
f 1111//1389 1112//1389 1108//1389
f 1111//1390 1108//1390 1107//1390
f 1112//1391 1109//1391 1105//1391
f 1112//1392 1105//1392 1108//1392
f 1106//1393 1107//1393 1108//1393
f 1106//1394 1108//1394 1105//1394
f 1120//1395 1119//1395 1118//1395
f 1120//1396 1118//1396 1117//1396
f 1117//1397 1118//1397 1114//1397
f 1117//1398 1114//1398 1113//1398
f 1118//1399 1119//1399 1115//1399
f 1118//1400 1115//1400 1114//1400
f 1119//1401 1120//1401 1116//1401
f 1119//1402 1116//1402 1115//1402
f 1120//1403 1117//1403 1113//1403
f 1120//1404 1113//1404 1116//1404
f 1114//1405 1115//1405 1116//1405
f 1114//1406 1116//1406 1113//1406
usemtl Mat_AdobeDark
f 1128//1407 1127//1407 1126//1407
f 1128//1408 1126//1408 1125//1408
f 1125//1409 1126//1409 1122//1409
f 1125//1410 1122//1410 1121//1410
f 1126//1411 1127//1411 1123//1411
f 1126//1412 1123//1412 1122//1412
f 1127//1413 1128//1413 1124//1413
f 1127//1414 1124//1414 1123//1414
f 1128//1415 1125//1415 1121//1415
f 1128//1416 1121//1416 1124//1416
f 1122//1417 1123//1417 1124//1417
f 1122//1418 1124//1418 1121//1418
usemtl Mat_Bone
f 1136//1419 1135//1419 1134//1419
f 1136//1420 1134//1420 1133//1420
f 1133//1421 1134//1421 1130//1421
f 1133//1422 1130//1422 1129//1422
f 1134//1423 1135//1423 1131//1423
f 1134//1424 1131//1424 1130//1424
f 1135//1425 1136//1425 1132//1425
f 1135//1426 1132//1426 1131//1426
f 1136//1427 1133//1427 1129//1427
f 1136//1428 1129//1428 1132//1428
f 1130//1429 1131//1429 1132//1429
f 1130//1430 1132//1430 1129//1430
f 1144//1431 1143//1431 1142//1431
f 1144//1432 1142//1432 1141//1432
f 1141//1433 1142//1433 1138//1433
f 1141//1434 1138//1434 1137//1434
f 1142//1435 1143//1435 1139//1435
f 1142//1436 1139//1436 1138//1436
f 1143//1437 1144//1437 1140//1437
f 1143//1438 1140//1438 1139//1438
f 1144//1439 1141//1439 1137//1439
f 1144//1440 1137//1440 1140//1440
f 1138//1441 1139//1441 1140//1441
f 1138//1442 1140//1442 1137//1442
f 1152//1443 1151//1443 1150//1443
f 1152//1444 1150//1444 1149//1444
f 1149//1445 1150//1445 1146//1445
f 1149//1446 1146//1446 1145//1446
f 1150//1447 1151//1447 1147//1447
f 1150//1448 1147//1448 1146//1448
f 1151//1449 1152//1449 1148//1449
f 1151//1450 1148//1450 1147//1450
f 1152//1451 1149//1451 1145//1451
f 1152//1452 1145//1452 1148//1452
f 1146//1453 1147//1453 1148//1453
f 1146//1454 1148//1454 1145//1454
f 1160//1455 1159//1455 1158//1455
f 1160//1456 1158//1456 1157//1456
f 1157//1457 1158//1457 1154//1457
f 1157//1458 1154//1458 1153//1458
f 1158//1459 1159//1459 1155//1459
f 1158//1460 1155//1460 1154//1460
f 1159//1461 1160//1461 1156//1461
f 1159//1462 1156//1462 1155//1462
f 1160//1463 1157//1463 1153//1463
f 1160//1464 1153//1464 1156//1464
f 1154//1465 1155//1465 1156//1465
f 1154//1466 1156//1466 1153//1466
usemtl Mat_FadedWood
f 1161//1467 1162//1467 1163//1467
f 1166//1468 1165//1468 1164//1468
f 1161//1469 1164//1469 1165//1469
f 1161//1470 1165//1470 1162//1470
f 1162//1471 1165//1471 1166//1471
f 1162//1472 1166//1472 1163//1472
f 1163//1473 1166//1473 1164//1473
f 1163//1474 1164//1474 1161//1474
f 1167//1475 1168//1475 1169//1475
f 1172//1476 1171//1476 1170//1476
f 1167//1477 1170//1477 1171//1477
f 1167//1478 1171//1478 1168//1478
f 1168//1479 1171//1479 1172//1479
f 1168//1480 1172//1480 1169//1480
f 1169//1481 1172//1481 1170//1481
f 1169//1482 1170//1482 1167//1482
usemtl Mat_Bone
f 1178//1483 1177//1483 1173//1483
f 1173//1484 1174//1484 1178//1484
f 1176//1485 1174//1485 1173//1485
f 1173//1486 1175//1486 1176//1486
f 1176//1487 1178//1487 1174//1487
f 1180//1488 1178//1488 1176//1488
f 1173//1489 1177//1489 1179//1489
f 1179//1490 1175//1490 1173//1490
f 1177//1491 1178//1491 1179//1491
f 1179//1492 1178//1492 1180//1492
f 1179//1493 1176//1493 1175//1493
f 1180//1494 1176//1494 1179//1494
usemtl Mat_PaintedWoodDark
f 1186//1495 1185//1495 1181//1495
f 1181//1496 1182//1496 1186//1496
f 1181//1497 1185//1497 1183//1497
f 1185//1498 1187//1498 1183//1498
f 1184//1499 1182//1499 1181//1499
f 1181//1500 1183//1500 1184//1500
f 1185//1501 1186//1501 1188//1501
f 1188//1502 1187//1502 1185//1502
f 1188//1503 1183//1503 1187//1503
f 1188//1504 1184//1504 1183//1504
f 1188//1505 1186//1505 1182//1505
f 1182//1506 1184//1506 1188//1506
usemtl Mat_Sand
f 1196//1507 1195//1507 1194//1507
f 1196//1508 1194//1508 1193//1508
f 1193//1509 1194//1509 1190//1509
f 1193//1510 1190//1510 1189//1510
f 1194//1511 1195//1511 1191//1511
f 1194//1512 1191//1512 1190//1512
f 1195//1513 1196//1513 1192//1513
f 1195//1514 1192//1514 1191//1514
f 1196//1515 1193//1515 1189//1515
f 1196//1516 1189//1516 1192//1516
f 1190//1517 1191//1517 1192//1517
f 1190//1518 1192//1518 1189//1518
f 1204//1519 1203//1519 1202//1519
f 1204//1520 1202//1520 1201//1520
f 1201//1521 1202//1521 1198//1521
f 1201//1522 1198//1522 1197//1522
f 1202//1523 1203//1523 1199//1523
f 1202//1524 1199//1524 1198//1524
f 1203//1525 1204//1525 1200//1525
f 1203//1526 1200//1526 1199//1526
f 1204//1527 1201//1527 1197//1527
f 1204//1528 1197//1528 1200//1528
f 1198//1529 1199//1529 1200//1529
f 1198//1530 1200//1530 1197//1530
f 1212//1531 1211//1531 1210//1531
f 1212//1532 1210//1532 1209//1532
f 1209//1533 1210//1533 1206//1533
f 1209//1534 1206//1534 1205//1534
f 1210//1535 1211//1535 1207//1535
f 1210//1536 1207//1536 1206//1536
f 1211//1537 1212//1537 1208//1537
f 1211//1538 1208//1538 1207//1538
f 1212//1539 1209//1539 1205//1539
f 1212//1540 1205//1540 1208//1540
f 1206//1541 1207//1541 1208//1541
f 1206//1542 1208//1542 1205//1542
f 1220//1543 1219//1543 1218//1543
f 1220//1544 1218//1544 1217//1544
f 1217//1545 1218//1545 1214//1545
f 1217//1546 1214//1546 1213//1546
f 1218//1547 1219//1547 1215//1547
f 1218//1548 1215//1548 1214//1548
f 1219//1549 1220//1549 1216//1549
f 1219//1550 1216//1550 1215//1550
f 1220//1551 1217//1551 1213//1551
f 1220//1552 1213//1552 1216//1552
f 1214//1553 1215//1553 1216//1553
f 1214//1554 1216//1554 1213//1554
f 1228//1555 1227//1555 1226//1555
f 1228//1556 1226//1556 1225//1556
f 1225//1557 1226//1557 1222//1557
f 1225//1558 1222//1558 1221//1558
f 1226//1559 1227//1559 1223//1559
f 1226//1560 1223//1560 1222//1560
f 1227//1561 1228//1561 1224//1561
f 1227//1562 1224//1562 1223//1562
f 1228//1563 1225//1563 1221//1563
f 1228//1564 1221//1564 1224//1564
f 1222//1565 1223//1565 1224//1565
f 1222//1566 1224//1566 1221//1566
f 1236//1567 1235//1567 1234//1567
f 1236//1568 1234//1568 1233//1568
f 1233//1569 1234//1569 1230//1569
f 1233//1570 1230//1570 1229//1570
f 1234//1571 1235//1571 1231//1571
f 1234//1572 1231//1572 1230//1572
f 1235//1573 1236//1573 1232//1573
f 1235//1574 1232//1574 1231//1574
f 1236//1575 1233//1575 1229//1575
f 1236//1576 1229//1576 1232//1576
f 1230//1577 1231//1577 1232//1577
f 1230//1578 1232//1578 1229//1578
f 1244//1579 1243//1579 1242//1579
f 1244//1580 1242//1580 1241//1580
f 1241//1581 1242//1581 1238//1581
f 1241//1582 1238//1582 1237//1582
f 1242//1583 1243//1583 1239//1583
f 1242//1584 1239//1584 1238//1584
f 1243//1585 1244//1585 1240//1585
f 1243//1586 1240//1586 1239//1586
f 1244//1587 1241//1587 1237//1587
f 1244//1588 1237//1588 1240//1588
f 1238//1589 1239//1589 1240//1589
f 1238//1590 1240//1590 1237//1590
f 1252//1591 1251//1591 1250//1591
f 1252//1592 1250//1592 1249//1592
f 1249//1593 1250//1593 1246//1593
f 1249//1594 1246//1594 1245//1594
f 1250//1595 1251//1595 1247//1595
f 1250//1596 1247//1596 1246//1596
f 1251//1597 1252//1597 1248//1597
f 1251//1598 1248//1598 1247//1598
f 1252//1599 1249//1599 1245//1599
f 1252//1600 1245//1600 1248//1600
f 1246//1601 1247//1601 1248//1601
f 1246//1602 1248//1602 1245//1602
f 1260//1603 1259//1603 1258//1603
f 1260//1604 1258//1604 1257//1604
f 1257//1605 1258//1605 1254//1605
f 1257//1606 1254//1606 1253//1606
f 1258//1607 1259//1607 1255//1607
f 1258//1608 1255//1608 1254//1608
f 1259//1609 1260//1609 1256//1609
f 1259//1610 1256//1610 1255//1610
f 1260//1611 1257//1611 1253//1611
f 1260//1612 1253//1612 1256//1612
f 1254//1613 1255//1613 1256//1613
f 1254//1614 1256//1614 1253//1614
usemtl Mat_Brass
f 1268//1615 1267//1615 1266//1615
f 1268//1616 1266//1616 1265//1616
f 1265//1617 1266//1617 1262//1617
f 1265//1618 1262//1618 1261//1618
f 1266//1619 1267//1619 1263//1619
f 1266//1620 1263//1620 1262//1620
f 1267//1621 1268//1621 1264//1621
f 1267//1622 1264//1622 1263//1622
f 1268//1623 1265//1623 1261//1623
f 1268//1624 1261//1624 1264//1624
f 1262//1625 1263//1625 1264//1625
f 1262//1626 1264//1626 1261//1626
f 1276//1627 1275//1627 1274//1627
f 1276//1628 1274//1628 1273//1628
f 1273//1629 1274//1629 1270//1629
f 1273//1630 1270//1630 1269//1630
f 1274//1631 1275//1631 1271//1631
f 1274//1632 1271//1632 1270//1632
f 1275//1633 1276//1633 1272//1633
f 1275//1634 1272//1634 1271//1634
f 1276//1635 1273//1635 1269//1635
f 1276//1636 1269//1636 1272//1636
f 1270//1637 1271//1637 1272//1637
f 1270//1638 1272//1638 1269//1638
f 1284//1639 1283//1639 1282//1639
f 1284//1640 1282//1640 1281//1640
f 1281//1641 1282//1641 1278//1641
f 1281//1642 1278//1642 1277//1642
f 1282//1643 1283//1643 1279//1643
f 1282//1644 1279//1644 1278//1644
f 1283//1645 1284//1645 1280//1645
f 1283//1646 1280//1646 1279//1646
f 1284//1647 1281//1647 1277//1647
f 1284//1648 1277//1648 1280//1648
f 1278//1649 1279//1649 1280//1649
f 1278//1650 1280//1650 1277//1650
f 1292//1651 1291//1651 1290//1651
f 1292//1652 1290//1652 1289//1652
f 1289//1653 1290//1653 1286//1653
f 1289//1654 1286//1654 1285//1654
f 1290//1655 1291//1655 1287//1655
f 1290//1656 1287//1656 1286//1656
f 1291//1657 1292//1657 1288//1657
f 1291//1658 1288//1658 1287//1658
f 1292//1659 1289//1659 1285//1659
f 1292//1660 1285//1660 1288//1660
f 1286//1661 1287//1661 1288//1661
f 1286//1662 1288//1662 1285//1662
f 1297//1663 1295//1663 1293//1663
f 1298//1664 1294//1664 1296//1664
f 1298//1665 1297//1665 1294//1665
f 1294//1666 1297//1666 1293//1666
f 1296//1667 1297//1667 1298//1667
f 1295//1668 1297//1668 1296//1668
f 1296//1669 1294//1669 1293//1669
f 1293//1670 1295//1670 1296//1670
f 1303//1671 1299//1671 1301//1671
f 1302//1672 1300//1672 1304//1672
f 1300//1673 1303//1673 1304//1673
f 1299//1674 1303//1674 1300//1674
f 1304//1675 1303//1675 1302//1675
f 1302//1676 1303//1676 1301//1676
f 1299//1677 1300//1677 1302//1677
f 1301//1678 1299//1678 1302//1678
usemtl Mat_Bone
f 1305//1679 1309//1679 1310//1679
f 1310//1680 1306//1680 1305//1680
f 1305//1681 1306//1681 1308//1681
f 1308//1682 1307//1682 1305//1682
f 1306//1683 1310//1683 1308//1683
f 1308//1684 1310//1684 1312//1684
f 1311//1685 1309//1685 1305//1685
f 1305//1686 1307//1686 1311//1686
f 1311//1687 1310//1687 1309//1687
f 1312//1688 1310//1688 1311//1688
f 1307//1689 1308//1689 1311//1689
f 1311//1690 1308//1690 1312//1690
usemtl Mat_PaintedWoodDark
f 1313//1691 1317//1691 1318//1691
f 1318//1692 1314//1692 1313//1692
f 1315//1693 1317//1693 1313//1693
f 1315//1694 1319//1694 1317//1694
f 1313//1695 1314//1695 1316//1695
f 1316//1696 1315//1696 1313//1696
f 1320//1697 1318//1697 1317//1697
f 1317//1698 1319//1698 1320//1698
f 1319//1699 1315//1699 1320//1699
f 1315//1700 1316//1700 1320//1700
f 1314//1701 1318//1701 1320//1701
f 1320//1702 1316//1702 1314//1702
usemtl Mat_Sand
f 1328//1703 1327//1703 1326//1703
f 1328//1704 1326//1704 1325//1704
f 1325//1705 1326//1705 1322//1705
f 1325//1706 1322//1706 1321//1706
f 1326//1707 1327//1707 1323//1707
f 1326//1708 1323//1708 1322//1708
f 1327//1709 1328//1709 1324//1709
f 1327//1710 1324//1710 1323//1710
f 1328//1711 1325//1711 1321//1711
f 1328//1712 1321//1712 1324//1712
f 1322//1713 1323//1713 1324//1713
f 1322//1714 1324//1714 1321//1714
f 1336//1715 1335//1715 1334//1715
f 1336//1716 1334//1716 1333//1716
f 1333//1717 1334//1717 1330//1717
f 1333//1718 1330//1718 1329//1718
f 1334//1719 1335//1719 1331//1719
f 1334//1720 1331//1720 1330//1720
f 1335//1721 1336//1721 1332//1721
f 1335//1722 1332//1722 1331//1722
f 1336//1723 1333//1723 1329//1723
f 1336//1724 1329//1724 1332//1724
f 1330//1725 1331//1725 1332//1725
f 1330//1726 1332//1726 1329//1726
f 1344//1727 1343//1727 1342//1727
f 1344//1728 1342//1728 1341//1728
f 1341//1729 1342//1729 1338//1729
f 1341//1730 1338//1730 1337//1730
f 1342//1731 1343//1731 1339//1731
f 1342//1732 1339//1732 1338//1732
f 1343//1733 1344//1733 1340//1733
f 1343//1734 1340//1734 1339//1734
f 1344//1735 1341//1735 1337//1735
f 1344//1736 1337//1736 1340//1736
f 1338//1737 1339//1737 1340//1737
f 1338//1738 1340//1738 1337//1738
f 1352//1739 1351//1739 1350//1739
f 1352//1740 1350//1740 1349//1740
f 1349//1741 1350//1741 1346//1741
f 1349//1742 1346//1742 1345//1742
f 1350//1743 1351//1743 1347//1743
f 1350//1744 1347//1744 1346//1744
f 1351//1745 1352//1745 1348//1745
f 1351//1746 1348//1746 1347//1746
f 1352//1747 1349//1747 1345//1747
f 1352//1748 1345//1748 1348//1748
f 1346//1749 1347//1749 1348//1749
f 1346//1750 1348//1750 1345//1750
f 1360//1751 1359//1751 1358//1751
f 1360//1752 1358//1752 1357//1752
f 1357//1753 1358//1753 1354//1753
f 1357//1754 1354//1754 1353//1754
f 1358//1755 1359//1755 1355//1755
f 1358//1756 1355//1756 1354//1756
f 1359//1757 1360//1757 1356//1757
f 1359//1758 1356//1758 1355//1758
f 1360//1759 1357//1759 1353//1759
f 1360//1760 1353//1760 1356//1760
f 1354//1761 1355//1761 1356//1761
f 1354//1762 1356//1762 1353//1762
f 1368//1763 1367//1763 1366//1763
f 1368//1764 1366//1764 1365//1764
f 1365//1765 1366//1765 1362//1765
f 1365//1766 1362//1766 1361//1766
f 1366//1767 1367//1767 1363//1767
f 1366//1768 1363//1768 1362//1768
f 1367//1769 1368//1769 1364//1769
f 1367//1770 1364//1770 1363//1770
f 1368//1771 1365//1771 1361//1771
f 1368//1772 1361//1772 1364//1772
f 1362//1773 1363//1773 1364//1773
f 1362//1774 1364//1774 1361//1774
f 1376//1775 1375//1775 1374//1775
f 1376//1776 1374//1776 1373//1776
f 1373//1777 1374//1777 1370//1777
f 1373//1778 1370//1778 1369//1778
f 1374//1779 1375//1779 1371//1779
f 1374//1780 1371//1780 1370//1780
f 1375//1781 1376//1781 1372//1781
f 1375//1782 1372//1782 1371//1782
f 1376//1783 1373//1783 1369//1783
f 1376//1784 1369//1784 1372//1784
f 1370//1785 1371//1785 1372//1785
f 1370//1786 1372//1786 1369//1786
f 1384//1787 1383//1787 1382//1787
f 1384//1788 1382//1788 1381//1788
f 1381//1789 1382//1789 1378//1789
f 1381//1790 1378//1790 1377//1790
f 1382//1791 1383//1791 1379//1791
f 1382//1792 1379//1792 1378//1792
f 1383//1793 1384//1793 1380//1793
f 1383//1794 1380//1794 1379//1794
f 1384//1795 1381//1795 1377//1795
f 1384//1796 1377//1796 1380//1796
f 1378//1797 1379//1797 1380//1797
f 1378//1798 1380//1798 1377//1798
f 1392//1799 1391//1799 1390//1799
f 1392//1800 1390//1800 1389//1800
f 1389//1801 1390//1801 1386//1801
f 1389//1802 1386//1802 1385//1802
f 1390//1803 1391//1803 1387//1803
f 1390//1804 1387//1804 1386//1804
f 1391//1805 1392//1805 1388//1805
f 1391//1806 1388//1806 1387//1806
f 1392//1807 1389//1807 1385//1807
f 1392//1808 1385//1808 1388//1808
f 1386//1809 1387//1809 1388//1809
f 1386//1810 1388//1810 1385//1810
usemtl Mat_Brass
f 1400//1811 1399//1811 1398//1811
f 1400//1812 1398//1812 1397//1812
f 1397//1813 1398//1813 1394//1813
f 1397//1814 1394//1814 1393//1814
f 1398//1815 1399//1815 1395//1815
f 1398//1816 1395//1816 1394//1816
f 1399//1817 1400//1817 1396//1817
f 1399//1818 1396//1818 1395//1818
f 1400//1819 1397//1819 1393//1819
f 1400//1820 1393//1820 1396//1820
f 1394//1821 1395//1821 1396//1821
f 1394//1822 1396//1822 1393//1822
f 1408//1823 1407//1823 1406//1823
f 1408//1824 1406//1824 1405//1824
f 1405//1825 1406//1825 1402//1825
f 1405//1826 1402//1826 1401//1826
f 1406//1827 1407//1827 1403//1827
f 1406//1828 1403//1828 1402//1828
f 1407//1829 1408//1829 1404//1829
f 1407//1830 1404//1830 1403//1830
f 1408//1831 1405//1831 1401//1831
f 1408//1832 1401//1832 1404//1832
f 1402//1833 1403//1833 1404//1833
f 1402//1834 1404//1834 1401//1834
f 1416//1835 1415//1835 1414//1835
f 1416//1836 1414//1836 1413//1836
f 1413//1837 1414//1837 1410//1837
f 1413//1838 1410//1838 1409//1838
f 1414//1839 1415//1839 1411//1839
f 1414//1840 1411//1840 1410//1840
f 1415//1841 1416//1841 1412//1841
f 1415//1842 1412//1842 1411//1842
f 1416//1843 1413//1843 1409//1843
f 1416//1844 1409//1844 1412//1844
f 1410//1845 1411//1845 1412//1845
f 1410//1846 1412//1846 1409//1846
f 1424//1847 1423//1847 1422//1847
f 1424//1848 1422//1848 1421//1848
f 1421//1849 1422//1849 1418//1849
f 1421//1850 1418//1850 1417//1850
f 1422//1851 1423//1851 1419//1851
f 1422//1852 1419//1852 1418//1852
f 1423//1853 1424//1853 1420//1853
f 1423//1854 1420//1854 1419//1854
f 1424//1855 1421//1855 1417//1855
f 1424//1856 1417//1856 1420//1856
f 1418//1857 1419//1857 1420//1857
f 1418//1858 1420//1858 1417//1858
f 1428//1859 1426//1859 1430//1859
f 1425//1860 1427//1860 1429//1860
f 1425//1861 1426//1861 1428//1861
f 1428//1862 1427//1862 1425//1862
f 1429//1863 1426//1863 1425//1863
f 1430//1864 1426//1864 1429//1864
f 1427//1865 1428//1865 1429//1865
f 1429//1866 1428//1866 1430//1866
f 1436//1867 1432//1867 1434//1867
f 1433//1868 1431//1868 1435//1868
f 1434//1869 1432//1869 1431//1869
f 1434//1870 1431//1870 1433//1870
f 1435//1871 1434//1871 1433//1871
f 1436//1872 1434//1872 1435//1872
f 1431//1873 1432//1873 1435//1873
f 1435//1874 1432//1874 1436//1874
usemtl Mat_PaintedWoodDark
f 1447//1875 1448//1875 1438//1875
f 1447//1876 1438//1876 1437//1876
f 1448//1877 1449//1877 1439//1877
f 1448//1878 1439//1878 1438//1878
f 1449//1879 1450//1879 1440//1879
f 1449//1880 1440//1880 1439//1880
f 1450//1881 1451//1881 1441//1881
f 1450//1882 1441//1882 1440//1882
f 1451//1883 1452//1883 1442//1883
f 1451//1884 1442//1884 1441//1884
f 1452//1885 1453//1885 1443//1885
f 1452//1886 1443//1886 1442//1886
f 1453//1887 1454//1887 1444//1887
f 1453//1888 1444//1888 1443//1888
f 1454//1889 1455//1889 1445//1889
f 1454//1890 1445//1890 1444//1890
f 1455//1891 1456//1891 1446//1891
f 1455//1892 1446//1892 1445//1892
f 1456//1893 1447//1893 1437//1893
f 1456//1894 1437//1894 1446//1894
f 1456//1895 1455//1895 1454//1895
f 1456//1896 1454//1896 1453//1896
f 1456//1897 1453//1897 1452//1897
f 1456//1898 1452//1898 1451//1898
f 1456//1899 1451//1899 1450//1899
f 1456//1900 1450//1900 1449//1900
f 1456//1901 1449//1901 1448//1901
f 1456//1902 1448//1902 1447//1902
f 1437//1903 1438//1903 1439//1903
f 1437//1904 1439//1904 1440//1904
f 1437//1905 1440//1905 1441//1905
f 1437//1906 1441//1906 1442//1906
f 1437//1907 1442//1907 1443//1907
f 1437//1908 1443//1908 1444//1908
f 1437//1909 1444//1909 1445//1909
f 1437//1910 1445//1910 1446//1910
usemtl Mat_Brass
f 1467//1911 1468//1911 1458//1911
f 1467//1912 1458//1912 1457//1912
f 1468//1913 1469//1913 1459//1913
f 1468//1914 1459//1914 1458//1914
f 1469//1915 1470//1915 1460//1915
f 1469//1916 1460//1916 1459//1916
f 1470//1917 1471//1917 1461//1917
f 1470//1918 1461//1918 1460//1918
f 1471//1919 1472//1919 1462//1919
f 1471//1920 1462//1920 1461//1920
f 1472//1921 1473//1921 1463//1921
f 1472//1922 1463//1922 1462//1922
f 1473//1923 1474//1923 1464//1923
f 1473//1924 1464//1924 1463//1924
f 1474//1925 1475//1925 1465//1925
f 1474//1926 1465//1926 1464//1926
f 1475//1927 1476//1927 1466//1927
f 1475//1928 1466//1928 1465//1928
f 1476//1929 1467//1929 1457//1929
f 1476//1930 1457//1930 1466//1930
f 1476//1931 1475//1931 1474//1931
f 1476//1932 1474//1932 1473//1932
f 1476//1933 1473//1933 1472//1933
f 1476//1934 1472//1934 1471//1934
f 1476//1935 1471//1935 1470//1935
f 1476//1936 1470//1936 1469//1936
f 1476//1937 1469//1937 1468//1937
f 1476//1938 1468//1938 1467//1938
f 1457//1939 1458//1939 1459//1939
f 1457//1940 1459//1940 1460//1940
f 1457//1941 1460//1941 1461//1941
f 1457//1942 1461//1942 1462//1942
f 1457//1943 1462//1943 1463//1943
f 1457//1944 1463//1944 1464//1944
f 1457//1945 1464//1945 1465//1945
f 1457//1946 1465//1946 1466//1946
f 1487//1947 1488//1947 1478//1947
f 1487//1948 1478//1948 1477//1948
f 1488//1949 1489//1949 1479//1949
f 1488//1950 1479//1950 1478//1950
f 1489//1951 1490//1951 1480//1951
f 1489//1952 1480//1952 1479//1952
f 1490//1953 1491//1953 1481//1953
f 1490//1954 1481//1954 1480//1954
f 1491//1955 1492//1955 1482//1955
f 1491//1956 1482//1956 1481//1956
f 1492//1957 1493//1957 1483//1957
f 1492//1958 1483//1958 1482//1958
f 1493//1959 1494//1959 1484//1959
f 1493//1960 1484//1960 1483//1960
f 1494//1961 1495//1961 1485//1961
f 1494//1962 1485//1962 1484//1962
f 1495//1963 1496//1963 1486//1963
f 1495//1964 1486//1964 1485//1964
f 1496//1965 1487//1965 1477//1965
f 1496//1966 1477//1966 1486//1966
f 1496//1967 1495//1967 1494//1967
f 1496//1968 1494//1968 1493//1968
f 1496//1969 1493//1969 1492//1969
f 1496//1970 1492//1970 1491//1970
f 1496//1971 1491//1971 1490//1971
f 1496//1972 1490//1972 1489//1972
f 1496//1973 1489//1973 1488//1973
f 1496//1974 1488//1974 1487//1974
f 1477//1975 1478//1975 1479//1975
f 1477//1976 1479//1976 1480//1976
f 1477//1977 1480//1977 1481//1977
f 1477//1978 1481//1978 1482//1978
f 1477//1979 1482//1979 1483//1979
f 1477//1980 1483//1980 1484//1980
f 1477//1981 1484//1981 1485//1981
f 1477//1982 1485//1982 1486//1982
f 1507//1983 1508//1983 1498//1983
f 1507//1984 1498//1984 1497//1984
f 1508//1985 1509//1985 1499//1985
f 1508//1986 1499//1986 1498//1986
f 1509//1987 1510//1987 1500//1987
f 1509//1988 1500//1988 1499//1988
f 1510//1989 1511//1989 1501//1989
f 1510//1990 1501//1990 1500//1990
f 1511//1991 1512//1991 1502//1991
f 1511//1992 1502//1992 1501//1992
f 1512//1993 1513//1993 1503//1993
f 1512//1994 1503//1994 1502//1994
f 1513//1995 1514//1995 1504//1995
f 1513//1996 1504//1996 1503//1996
f 1514//1997 1515//1997 1505//1997
f 1514//1998 1505//1998 1504//1998
f 1515//1999 1516//1999 1506//1999
f 1515//2000 1506//2000 1505//2000
f 1516//2001 1507//2001 1497//2001
f 1516//2002 1497//2002 1506//2002
f 1516//2003 1515//2003 1514//2003
f 1516//2004 1514//2004 1513//2004
f 1516//2005 1513//2005 1512//2005
f 1516//2006 1512//2006 1511//2006
f 1516//2007 1511//2007 1510//2007
f 1516//2008 1510//2008 1509//2008
f 1516//2009 1509//2009 1508//2009
f 1516//2010 1508//2010 1507//2010
f 1497//2011 1498//2011 1499//2011
f 1497//2012 1499//2012 1500//2012
f 1497//2013 1500//2013 1501//2013
f 1497//2014 1501//2014 1502//2014
f 1497//2015 1502//2015 1503//2015
f 1497//2016 1503//2016 1504//2016
f 1497//2017 1504//2017 1505//2017
f 1497//2018 1505//2018 1506//2018
f 1527//2019 1528//2019 1518//2019
f 1527//2020 1518//2020 1517//2020
f 1528//2021 1529//2021 1519//2021
f 1528//2022 1519//2022 1518//2022
f 1529//2023 1530//2023 1520//2023
f 1529//2024 1520//2024 1519//2024
f 1530//2025 1531//2025 1521//2025
f 1530//2026 1521//2026 1520//2026
f 1531//2027 1532//2027 1522//2027
f 1531//2028 1522//2028 1521//2028
f 1532//2029 1533//2029 1523//2029
f 1532//2030 1523//2030 1522//2030
f 1533//2031 1534//2031 1524//2031
f 1533//2032 1524//2032 1523//2032
f 1534//2033 1535//2033 1525//2033
f 1534//2034 1525//2034 1524//2034
f 1535//2035 1536//2035 1526//2035
f 1535//2036 1526//2036 1525//2036
f 1536//2037 1527//2037 1517//2037
f 1536//2038 1517//2038 1526//2038
f 1536//2039 1535//2039 1534//2039
f 1536//2040 1534//2040 1533//2040
f 1536//2041 1533//2041 1532//2041
f 1536//2042 1532//2042 1531//2042
f 1536//2043 1531//2043 1530//2043
f 1536//2044 1530//2044 1529//2044
f 1536//2045 1529//2045 1528//2045
f 1536//2046 1528//2046 1527//2046
f 1517//2047 1518//2047 1519//2047
f 1517//2048 1519//2048 1520//2048
f 1517//2049 1520//2049 1521//2049
f 1517//2050 1521//2050 1522//2050
f 1517//2051 1522//2051 1523//2051
f 1517//2052 1523//2052 1524//2052
f 1517//2053 1524//2053 1525//2053
f 1517//2054 1525//2054 1526//2054
usemtl Mat_PaintedWoodDark
f 1547//2055 1548//2055 1538//2055
f 1547//2056 1538//2056 1537//2056
f 1548//2057 1549//2057 1539//2057
f 1548//2058 1539//2058 1538//2058
f 1549//2059 1550//2059 1540//2059
f 1549//2060 1540//2060 1539//2060
f 1550//2061 1551//2061 1541//2061
f 1550//2062 1541//2062 1540//2062
f 1551//2063 1552//2063 1542//2063
f 1551//2064 1542//2064 1541//2064
f 1552//2065 1553//2065 1543//2065
f 1552//2066 1543//2066 1542//2066
f 1553//2067 1554//2067 1544//2067
f 1553//2068 1544//2068 1543//2068
f 1554//2069 1555//2069 1545//2069
f 1554//2070 1545//2070 1544//2070
f 1555//2071 1556//2071 1546//2071
f 1555//2072 1546//2072 1545//2072
f 1556//2073 1547//2073 1537//2073
f 1556//2074 1537//2074 1546//2074
f 1556//2075 1555//2075 1554//2075
f 1556//2076 1554//2076 1553//2076
f 1556//2077 1553//2077 1552//2077
f 1556//2078 1552//2078 1551//2078
f 1556//2079 1551//2079 1550//2079
f 1556//2080 1550//2080 1549//2080
f 1556//2081 1549//2081 1548//2081
f 1556//2082 1548//2082 1547//2082
f 1537//2083 1538//2083 1539//2083
f 1537//2084 1539//2084 1540//2084
f 1537//2085 1540//2085 1541//2085
f 1537//2086 1541//2086 1542//2086
f 1537//2087 1542//2087 1543//2087
f 1537//2088 1543//2088 1544//2088
f 1537//2089 1544//2089 1545//2089
f 1537//2090 1545//2090 1546//2090
f 1567//2091 1568//2091 1558//2091
f 1567//2092 1558//2092 1557//2092
f 1568//2093 1569//2093 1559//2093
f 1568//2094 1559//2094 1558//2094
f 1569//2095 1570//2095 1560//2095
f 1569//2096 1560//2096 1559//2096
f 1570//2097 1571//2097 1561//2097
f 1570//2098 1561//2098 1560//2098
f 1571//2099 1572//2099 1562//2099
f 1571//2100 1562//2100 1561//2100
f 1572//2101 1573//2101 1563//2101
f 1572//2102 1563//2102 1562//2102
f 1573//2103 1574//2103 1564//2103
f 1573//2104 1564//2104 1563//2104
f 1574//2105 1575//2105 1565//2105
f 1574//2106 1565//2106 1564//2106
f 1575//2107 1576//2107 1566//2107
f 1575//2108 1566//2108 1565//2108
f 1576//2109 1567//2109 1557//2109
f 1576//2110 1557//2110 1566//2110
f 1576//2111 1575//2111 1574//2111
f 1576//2112 1574//2112 1573//2112
f 1576//2113 1573//2113 1572//2113
f 1576//2114 1572//2114 1571//2114
f 1576//2115 1571//2115 1570//2115
f 1576//2116 1570//2116 1569//2116
f 1576//2117 1569//2117 1568//2117
f 1576//2118 1568//2118 1567//2118
f 1557//2119 1558//2119 1559//2119
f 1557//2120 1559//2120 1560//2120
f 1557//2121 1560//2121 1561//2121
f 1557//2122 1561//2122 1562//2122
f 1557//2123 1562//2123 1563//2123
f 1557//2124 1563//2124 1564//2124
f 1557//2125 1564//2125 1565//2125
f 1557//2126 1565//2126 1566//2126
usemtl Mat_Void
f 1584//2127 1583//2127 1582//2127
f 1584//2128 1582//2128 1581//2128
f 1581//2129 1582//2129 1578//2129
f 1581//2130 1578//2130 1577//2130
f 1582//2131 1583//2131 1579//2131
f 1582//2132 1579//2132 1578//2132
f 1583//2133 1584//2133 1580//2133
f 1583//2134 1580//2134 1579//2134
f 1584//2135 1581//2135 1577//2135
f 1584//2136 1577//2136 1580//2136
f 1578//2137 1579//2137 1580//2137
f 1578//2138 1580//2138 1577//2138
usemtl Mat_Brass
f 1585//2139 1586//2139 1587//2139
f 1585//2140 1587//2140 1588//2140
f 1589//2141 1590//2141 1591//2141
f 1589//2142 1591//2142 1592//2142
f 1593//2143 1594//2143 1595//2143
f 1593//2144 1595//2144 1596//2144
f 1597//2145 1598//2145 1599//2145
f 1597//2146 1599//2146 1600//2146
f 1601//2147 1602//2147 1603//2147
f 1601//2148 1603//2148 1604//2148
f 1605//2149 1606//2149 1607//2149
f 1605//2150 1607//2150 1608//2150
f 1609//2151 1610//2151 1611//2151
f 1609//2152 1611//2152 1612//2152
f 1613//2153 1614//2153 1615//2153
f 1613//2154 1615//2154 1616//2154
f 1617//2155 1618//2155 1619//2155
f 1617//2156 1619//2156 1620//2156
f 1621//2157 1622//2157 1623//2157
f 1621//2158 1623//2158 1624//2158
f 1625//2159 1626//2159 1627//2159
f 1625//2160 1627//2160 1628//2160
f 1629//2161 1630//2161 1631//2161
f 1629//2162 1631//2162 1632//2162
f 1633//2163 1634//2163 1635//2163
f 1633//2164 1635//2164 1636//2164
f 1637//2165 1638//2165 1639//2165
f 1637//2166 1639//2166 1640//2166
f 1641//2167 1642//2167 1643//2167
f 1641//2168 1643//2168 1644//2168
f 1645//2169 1646//2169 1647//2169
f 1645//2170 1647//2170 1648//2170
f 1649//2171 1650//2171 1651//2171
f 1649//2172 1651//2172 1652//2172
f 1653//2173 1654//2173 1655//2173
f 1653//2174 1655//2174 1656//2174
f 1657//2175 1658//2175 1659//2175
f 1657//2176 1659//2176 1660//2176
f 1661//2177 1662//2177 1663//2177
f 1661//2178 1663//2178 1664//2178
f 1665//2179 1666//2179 1667//2179
f 1665//2180 1667//2180 1668//2180
f 1669//2181 1670//2181 1671//2181
f 1669//2182 1671//2182 1672//2182
f 1680//2183 1679//2183 1678//2183
f 1680//2184 1678//2184 1677//2184
f 1677//2185 1678//2185 1674//2185
f 1677//2186 1674//2186 1673//2186
f 1678//2187 1679//2187 1675//2187
f 1678//2188 1675//2188 1674//2188
f 1679//2189 1680//2189 1676//2189
f 1679//2190 1676//2190 1675//2190
f 1680//2191 1677//2191 1673//2191
f 1680//2192 1673//2192 1676//2192
f 1674//2193 1675//2193 1676//2193
f 1674//2194 1676//2194 1673//2194
f 1688//2195 1687//2195 1686//2195
f 1688//2196 1686//2196 1685//2196
f 1685//2197 1686//2197 1682//2197
f 1685//2198 1682//2198 1681//2198
f 1686//2199 1687//2199 1683//2199
f 1686//2200 1683//2200 1682//2200
f 1687//2201 1688//2201 1684//2201
f 1687//2202 1684//2202 1683//2202
f 1688//2203 1685//2203 1681//2203
f 1688//2204 1681//2204 1684//2204
f 1682//2205 1683//2205 1684//2205
f 1682//2206 1684//2206 1681//2206
usemtl Mat_HeroRed
f 1696//2207 1695//2207 1694//2207
f 1696//2208 1694//2208 1693//2208
f 1693//2209 1694//2209 1690//2209
f 1693//2210 1690//2210 1689//2210
f 1694//2211 1695//2211 1691//2211
f 1694//2212 1691//2212 1690//2212
f 1695//2213 1696//2213 1692//2213
f 1695//2214 1692//2214 1691//2214
f 1696//2215 1693//2215 1689//2215
f 1696//2216 1689//2216 1692//2216
f 1690//2217 1691//2217 1692//2217
f 1690//2218 1692//2218 1689//2218
f 1704//2219 1703//2219 1702//2219
f 1704//2220 1702//2220 1701//2220
f 1701//2221 1702//2221 1698//2221
f 1701//2222 1698//2222 1697//2222
f 1702//2223 1703//2223 1699//2223
f 1702//2224 1699//2224 1698//2224
f 1703//2225 1704//2225 1700//2225
f 1703//2226 1700//2226 1699//2226
f 1704//2227 1701//2227 1697//2227
f 1704//2228 1697//2228 1700//2228
f 1698//2229 1699//2229 1700//2229
f 1698//2230 1700//2230 1697//2230
f 1712//2231 1711//2231 1710//2231
f 1712//2232 1710//2232 1709//2232
f 1709//2233 1710//2233 1706//2233
f 1709//2234 1706//2234 1705//2234
f 1710//2235 1711//2235 1707//2235
f 1710//2236 1707//2236 1706//2236
f 1711//2237 1712//2237 1708//2237
f 1711//2238 1708//2238 1707//2238
f 1712//2239 1709//2239 1705//2239
f 1712//2240 1705//2240 1708//2240
f 1706//2241 1707//2241 1708//2241
f 1706//2242 1708//2242 1705//2242
f 1720//2243 1719//2243 1718//2243
f 1720//2244 1718//2244 1717//2244
f 1717//2245 1718//2245 1714//2245
f 1717//2246 1714//2246 1713//2246
f 1718//2247 1719//2247 1715//2247
f 1718//2248 1715//2248 1714//2248
f 1719//2249 1720//2249 1716//2249
f 1719//2250 1716//2250 1715//2250
f 1720//2251 1717//2251 1713//2251
f 1720//2252 1713//2252 1716//2252
f 1714//2253 1715//2253 1716//2253
f 1714//2254 1716//2254 1713//2254
f 1728//2255 1727//2255 1726//2255
f 1728//2256 1726//2256 1725//2256
f 1725//2257 1726//2257 1722//2257
f 1725//2258 1722//2258 1721//2258
f 1726//2259 1727//2259 1723//2259
f 1726//2260 1723//2260 1722//2260
f 1727//2261 1728//2261 1724//2261
f 1727//2262 1724//2262 1723//2262
f 1728//2263 1725//2263 1721//2263
f 1728//2264 1721//2264 1724//2264
f 1722//2265 1723//2265 1724//2265
f 1722//2266 1724//2266 1721//2266
f 1733//2267 1729//2267 1730//2267
f 1733//2268 1730//2268 1731//2268
f 1731//2269 1732//2269 1733//2269
f 1735//2270 1734//2270 1738//2270
f 1736//2271 1735//2271 1738//2271
f 1738//2272 1737//2272 1736//2272
f 1729//2273 1734//2273 1735//2273
f 1729//2274 1735//2274 1730//2274
f 1730//2275 1735//2275 1736//2275
f 1730//2276 1736//2276 1731//2276
f 1731//2277 1736//2277 1737//2277
f 1731//2278 1737//2278 1732//2278
f 1732//2279 1737//2279 1738//2279
f 1732//2280 1738//2280 1733//2280
f 1733//2281 1738//2281 1734//2281
f 1733//2282 1734//2282 1729//2282
usemtl Mat_Void
f 1749//2283 1750//2283 1740//2283
f 1749//2284 1740//2284 1739//2284
f 1750//2285 1751//2285 1741//2285
f 1750//2286 1741//2286 1740//2286
f 1751//2287 1752//2287 1742//2287
f 1751//2288 1742//2288 1741//2288
f 1752//2289 1753//2289 1743//2289
f 1752//2290 1743//2290 1742//2290
f 1753//2291 1754//2291 1744//2291
f 1753//2292 1744//2292 1743//2292
f 1754//2293 1755//2293 1745//2293
f 1754//2294 1745//2294 1744//2294
f 1755//2295 1756//2295 1746//2295
f 1755//2296 1746//2296 1745//2296
f 1756//2297 1757//2297 1747//2297
f 1756//2298 1747//2298 1746//2298
f 1757//2299 1758//2299 1748//2299
f 1757//2300 1748//2300 1747//2300
f 1758//2301 1749//2301 1739//2301
f 1758//2302 1739//2302 1748//2302
f 1758//2303 1757//2303 1756//2303
f 1758//2304 1756//2304 1755//2304
f 1758//2305 1755//2305 1754//2305
f 1758//2306 1754//2306 1753//2306
f 1758//2307 1753//2307 1752//2307
f 1758//2308 1752//2308 1751//2308
f 1758//2309 1751//2309 1750//2309
f 1758//2310 1750//2310 1749//2310
f 1739//2311 1740//2311 1741//2311
f 1739//2312 1741//2312 1742//2312
f 1739//2313 1742//2313 1743//2313
f 1739//2314 1743//2314 1744//2314
f 1739//2315 1744//2315 1745//2315
f 1739//2316 1745//2316 1746//2316
f 1739//2317 1746//2317 1747//2317
f 1739//2318 1747//2318 1748//2318
usemtl Mat_Bone
f 1759//2319 1760//2319 1764//2319
f 1759//2320 1764//2320 1763//2320
f 1760//2321 1761//2321 1765//2321
f 1760//2322 1765//2322 1764//2322
f 1761//2323 1762//2323 1766//2323
f 1761//2324 1766//2324 1765//2324
f 1762//2325 1759//2325 1763//2325
f 1762//2326 1763//2326 1766//2326
f 1763//2327 1764//2327 1768//2327
f 1763//2328 1768//2328 1767//2328
f 1764//2329 1765//2329 1769//2329
f 1764//2330 1769//2330 1768//2330
f 1765//2331 1766//2331 1770//2331
f 1765//2332 1770//2332 1769//2332
f 1766//2333 1763//2333 1767//2333
f 1766//2334 1767//2334 1770//2334
f 1767//2335 1768//2335 1772//2335
f 1767//2336 1772//2336 1771//2336
f 1768//2337 1769//2337 1773//2337
f 1768//2338 1773//2338 1772//2338
f 1769//2339 1770//2339 1774//2339
f 1769//2340 1774//2340 1773//2340
f 1770//2341 1767//2341 1771//2341
f 1770//2342 1771//2342 1774//2342
f 1771//2343 1772//2343 1776//2343
f 1771//2344 1776//2344 1775//2344
f 1772//2345 1773//2345 1777//2345
f 1772//2346 1777//2346 1776//2346
f 1773//2347 1774//2347 1778//2347
f 1773//2348 1778//2348 1777//2348
f 1774//2349 1771//2349 1775//2349
f 1774//2350 1775//2350 1778//2350
f 1775//2351 1776//2351 1780//2351
f 1775//2352 1780//2352 1779//2352
f 1776//2353 1777//2353 1781//2353
f 1776//2354 1781//2354 1780//2354
f 1777//2355 1778//2355 1782//2355
f 1777//2356 1782//2356 1781//2356
f 1778//2357 1775//2357 1779//2357
f 1778//2358 1779//2358 1782//2358
f 1779//2359 1780//2359 1784//2359
f 1779//2360 1784//2360 1783//2360
f 1780//2361 1781//2361 1785//2361
f 1780//2362 1785//2362 1784//2362
f 1781//2363 1782//2363 1786//2363
f 1781//2364 1786//2364 1785//2364
f 1782//2365 1779//2365 1783//2365
f 1782//2366 1783//2366 1786//2366
f 1783//2367 1784//2367 1788//2367
f 1783//2368 1788//2368 1787//2368
f 1784//2369 1785//2369 1789//2369
f 1784//2370 1789//2370 1788//2370
f 1785//2371 1786//2371 1790//2371
f 1785//2372 1790//2372 1789//2372
f 1786//2373 1783//2373 1787//2373
f 1786//2374 1787//2374 1790//2374
f 1787//2375 1788//2375 1792//2375
f 1787//2376 1792//2376 1791//2376
f 1788//2377 1789//2377 1793//2377
f 1788//2378 1793//2378 1792//2378
f 1789//2379 1790//2379 1794//2379
f 1789//2380 1794//2380 1793//2380
f 1790//2381 1787//2381 1791//2381
f 1790//2382 1791//2382 1794//2382
f 1791//2383 1792//2383 1796//2383
f 1791//2384 1796//2384 1795//2384
f 1792//2385 1793//2385 1797//2385
f 1792//2386 1797//2386 1796//2386
f 1793//2387 1794//2387 1798//2387
f 1793//2388 1798//2388 1797//2388
f 1794//2389 1791//2389 1795//2389
f 1794//2390 1795//2390 1798//2390
f 1795//2391 1796//2391 1760//2391
f 1795//2392 1760//2392 1759//2392
f 1796//2393 1797//2393 1761//2393
f 1796//2394 1761//2394 1760//2394
f 1797//2395 1798//2395 1762//2395
f 1797//2396 1762//2396 1761//2396
f 1798//2397 1795//2397 1759//2397
f 1798//2398 1759//2398 1762//2398
f 1806//2399 1805//2399 1804//2399
f 1806//2400 1804//2400 1803//2400
f 1803//2401 1804//2401 1800//2401
f 1803//2402 1800//2402 1799//2402
f 1804//2403 1805//2403 1801//2403
f 1804//2404 1801//2404 1800//2404
f 1805//2405 1806//2405 1802//2405
f 1805//2406 1802//2406 1801//2406
f 1806//2407 1803//2407 1799//2407
f 1806//2408 1799//2408 1802//2408
f 1800//2409 1801//2409 1802//2409
f 1800//2410 1802//2410 1799//2410
f 1814//2411 1813//2411 1812//2411
f 1814//2412 1812//2412 1811//2412
f 1811//2413 1812//2413 1808//2413
f 1811//2414 1808//2414 1807//2414
f 1812//2415 1813//2415 1809//2415
f 1812//2416 1809//2416 1808//2416
f 1813//2417 1814//2417 1810//2417
f 1813//2418 1810//2418 1809//2418
f 1814//2419 1811//2419 1807//2419
f 1814//2420 1807//2420 1810//2420
f 1808//2421 1809//2421 1810//2421
f 1808//2422 1810//2422 1807//2422
f 1822//2423 1821//2423 1820//2423
f 1822//2424 1820//2424 1819//2424
f 1819//2425 1820//2425 1816//2425
f 1819//2426 1816//2426 1815//2426
f 1820//2427 1821//2427 1817//2427
f 1820//2428 1817//2428 1816//2428
f 1821//2429 1822//2429 1818//2429
f 1821//2430 1818//2430 1817//2430
f 1822//2431 1819//2431 1815//2431
f 1822//2432 1815//2432 1818//2432
f 1816//2433 1817//2433 1818//2433
f 1816//2434 1818//2434 1815//2434
f 1830//2435 1829//2435 1828//2435
f 1830//2436 1828//2436 1827//2436
f 1827//2437 1828//2437 1824//2437
f 1827//2438 1824//2438 1823//2438
f 1828//2439 1829//2439 1825//2439
f 1828//2440 1825//2440 1824//2440
f 1829//2441 1830//2441 1826//2441
f 1829//2442 1826//2442 1825//2442
f 1830//2443 1827//2443 1823//2443
f 1830//2444 1823//2444 1826//2444
f 1824//2445 1825//2445 1826//2445
f 1824//2446 1826//2446 1823//2446
f 1838//2447 1837//2447 1836//2447
f 1838//2448 1836//2448 1835//2448
f 1835//2449 1836//2449 1832//2449
f 1835//2450 1832//2450 1831//2450
f 1836//2451 1837//2451 1833//2451
f 1836//2452 1833//2452 1832//2452
f 1837//2453 1838//2453 1834//2453
f 1837//2454 1834//2454 1833//2454
f 1838//2455 1835//2455 1831//2455
f 1838//2456 1831//2456 1834//2456
f 1832//2457 1833//2457 1834//2457
f 1832//2458 1834//2458 1831//2458
f 1846//2459 1845//2459 1844//2459
f 1846//2460 1844//2460 1843//2460
f 1843//2461 1844//2461 1840//2461
f 1843//2462 1840//2462 1839//2462
f 1844//2463 1845//2463 1841//2463
f 1844//2464 1841//2464 1840//2464
f 1845//2465 1846//2465 1842//2465
f 1845//2466 1842//2466 1841//2466
f 1846//2467 1843//2467 1839//2467
f 1846//2468 1839//2468 1842//2468
f 1840//2469 1841//2469 1842//2469
f 1840//2470 1842//2470 1839//2470
usemtl Mat_DarkWood
f 1847//2471 1851//2471 1853//2471
f 1853//2472 1849//2472 1847//2472
f 1853//2473 1854//2473 1850//2473
f 1850//2474 1849//2474 1853//2474
f 1848//2475 1849//2475 1850//2475
f 1847//2476 1849//2476 1848//2476
f 1854//2477 1853//2477 1852//2477
f 1852//2478 1853//2478 1851//2478
f 1852//2479 1851//2479 1847//2479
f 1847//2480 1848//2480 1852//2480
f 1850//2481 1854//2481 1852//2481
f 1852//2482 1848//2482 1850//2482
usemtl Mat_DarkMetal
f 1861//2483 1862//2483 1856//2483
f 1861//2484 1856//2484 1855//2484
f 1862//2485 1863//2485 1857//2485
f 1862//2486 1857//2486 1856//2486
f 1863//2487 1864//2487 1858//2487
f 1863//2488 1858//2488 1857//2488
f 1864//2489 1865//2489 1859//2489
f 1864//2490 1859//2490 1858//2490
f 1865//2491 1866//2491 1860//2491
f 1865//2492 1860//2492 1859//2492
f 1866//2493 1861//2493 1855//2493
f 1866//2494 1855//2494 1860//2494
f 1866//2495 1865//2495 1864//2495
f 1866//2496 1864//2496 1863//2496
f 1866//2497 1863//2497 1862//2497
f 1866//2498 1862//2498 1861//2498
f 1855//2499 1856//2499 1857//2499
f 1855//2500 1857//2500 1858//2500
f 1855//2501 1858//2501 1859//2501
f 1855//2502 1859//2502 1860//2502
f 1871//2503 1872//2503 1868//2503
f 1871//2504 1868//2504 1867//2504
f 1872//2505 1873//2505 1869//2505
f 1872//2506 1869//2506 1868//2506
f 1873//2507 1874//2507 1870//2507
f 1873//2508 1870//2508 1869//2508
f 1874//2509 1871//2509 1867//2509
f 1874//2510 1867//2510 1870//2510
f 1874//2511 1873//2511 1872//2511
f 1874//2512 1872//2512 1871//2512
f 1867//2513 1868//2513 1869//2513
f 1867//2514 1869//2514 1870//2514
f 1879//2515 1880//2515 1876//2515
f 1879//2516 1876//2516 1875//2516
f 1880//2517 1881//2517 1877//2517
f 1880//2518 1877//2518 1876//2518
f 1881//2519 1882//2519 1878//2519
f 1881//2520 1878//2520 1877//2520
f 1882//2521 1879//2521 1875//2521
f 1882//2522 1875//2522 1878//2522
f 1882//2523 1881//2523 1880//2523
f 1882//2524 1880//2524 1879//2524
f 1875//2525 1876//2525 1877//2525
f 1875//2526 1877//2526 1878//2526
f 1887//2527 1888//2527 1884//2527
f 1887//2528 1884//2528 1883//2528
f 1888//2529 1889//2529 1885//2529
f 1888//2530 1885//2530 1884//2530
f 1889//2531 1890//2531 1886//2531
f 1889//2532 1886//2532 1885//2532
f 1890//2533 1887//2533 1883//2533
f 1890//2534 1883//2534 1886//2534
f 1890//2535 1889//2535 1888//2535
f 1890//2536 1888//2536 1887//2536
f 1883//2537 1884//2537 1885//2537
f 1883//2538 1885//2538 1886//2538
usemtl Mat_RustRock
f 1898//2539 1897//2539 1896//2539
f 1898//2540 1896//2540 1895//2540
f 1895//2541 1896//2541 1892//2541
f 1895//2542 1892//2542 1891//2542
f 1896//2543 1897//2543 1893//2543
f 1896//2544 1893//2544 1892//2544
f 1897//2545 1898//2545 1894//2545
f 1897//2546 1894//2546 1893//2546
f 1898//2547 1895//2547 1891//2547
f 1898//2548 1891//2548 1894//2548
f 1892//2549 1893//2549 1894//2549
f 1892//2550 1894//2550 1891//2550
usemtl Mat_ShadowRock
f 1906//2551 1905//2551 1904//2551
f 1906//2552 1904//2552 1903//2552
f 1903//2553 1904//2553 1900//2553
f 1903//2554 1900//2554 1899//2554
f 1904//2555 1905//2555 1901//2555
f 1904//2556 1901//2556 1900//2556
f 1905//2557 1906//2557 1902//2557
f 1905//2558 1902//2558 1901//2558
f 1906//2559 1903//2559 1899//2559
f 1906//2560 1899//2560 1902//2560
f 1900//2561 1901//2561 1902//2561
f 1900//2562 1902//2562 1899//2562
usemtl Mat_DarkMetal
f 1914//2563 1913//2563 1912//2563
f 1914//2564 1912//2564 1911//2564
f 1911//2565 1912//2565 1908//2565
f 1911//2566 1908//2566 1907//2566
f 1912//2567 1913//2567 1909//2567
f 1912//2568 1909//2568 1908//2568
f 1913//2569 1914//2569 1910//2569
f 1913//2570 1910//2570 1909//2570
f 1914//2571 1911//2571 1907//2571
f 1914//2572 1907//2572 1910//2572
f 1908//2573 1909//2573 1910//2573
f 1908//2574 1910//2574 1907//2574
usemtl Mat_AdobeDark
f 1922//2575 1921//2575 1920//2575
f 1922//2576 1920//2576 1919//2576
f 1919//2577 1920//2577 1916//2577
f 1919//2578 1916//2578 1915//2578
f 1920//2579 1921//2579 1917//2579
f 1920//2580 1917//2580 1916//2580
f 1921//2581 1922//2581 1918//2581
f 1921//2582 1918//2582 1917//2582
f 1922//2583 1919//2583 1915//2583
f 1922//2584 1915//2584 1918//2584
f 1916//2585 1917//2585 1918//2585
f 1916//2586 1918//2586 1915//2586
usemtl Mat_Sand
f 1930//2587 1929//2587 1928//2587
f 1930//2588 1928//2588 1927//2588
f 1927//2589 1928//2589 1924//2589
f 1927//2590 1924//2590 1923//2590
f 1928//2591 1929//2591 1925//2591
f 1928//2592 1925//2592 1924//2592
f 1929//2593 1930//2593 1926//2593
f 1929//2594 1926//2594 1925//2594
f 1930//2595 1927//2595 1923//2595
f 1930//2596 1923//2596 1926//2596
f 1938//2597 1937//2597 1936//2597
f 1938//2598 1936//2598 1935//2598
f 1935//2599 1936//2599 1932//2599
f 1935//2600 1932//2600 1931//2600
f 1936//2601 1937//2601 1933//2601
f 1936//2602 1933//2602 1932//2602
f 1937//2603 1938//2603 1934//2603
f 1937//2604 1934//2604 1933//2604
f 1938//2605 1935//2605 1931//2605
f 1938//2606 1931//2606 1934//2606
f 1932//2607 1933//2607 1934//2607
f 1932//2608 1934//2608 1931//2608
usemtl Mat_AdobeDark
f 1946//2609 1945//2609 1944//2609
f 1946//2610 1944//2610 1943//2610
f 1943//2611 1944//2611 1940//2611
f 1943//2612 1940//2612 1939//2612
f 1944//2613 1945//2613 1941//2613
f 1944//2614 1941//2614 1940//2614
f 1945//2615 1946//2615 1942//2615
f 1945//2616 1942//2616 1941//2616
f 1946//2617 1943//2617 1939//2617
f 1946//2618 1939//2618 1942//2618
f 1940//2619 1941//2619 1942//2619
f 1940//2620 1942//2620 1939//2620
usemtl Mat_Sand
f 1954//2621 1953//2621 1952//2621
f 1954//2622 1952//2622 1951//2622
f 1951//2623 1952//2623 1948//2623
f 1951//2624 1948//2624 1947//2624
f 1952//2625 1953//2625 1949//2625
f 1952//2626 1949//2626 1948//2626
f 1953//2627 1954//2627 1950//2627
f 1953//2628 1950//2628 1949//2628
f 1954//2629 1951//2629 1947//2629
f 1954//2630 1947//2630 1950//2630
f 1948//2631 1949//2631 1950//2631
f 1948//2632 1950//2632 1947//2632
usemtl Mat_Bone
f 1962//2633 1961//2633 1960//2633
f 1962//2634 1960//2634 1959//2634
f 1959//2635 1960//2635 1956//2635
f 1959//2636 1956//2636 1955//2636
f 1960//2637 1961//2637 1957//2637
f 1960//2638 1957//2638 1956//2638
f 1961//2639 1962//2639 1958//2639
f 1961//2640 1958//2640 1957//2640
f 1962//2641 1959//2641 1955//2641
f 1962//2642 1955//2642 1958//2642
f 1956//2643 1957//2643 1958//2643
f 1956//2644 1958//2644 1955//2644
f 1964//2645 1965//2645 1963//2645
f 1965//2646 1966//2646 1963//2646
f 1966//2647 1967//2647 1963//2647
f 1967//2648 1968//2648 1963//2648
f 1968//2649 1969//2649 1963//2649
f 1969//2650 1970//2650 1963//2650
f 1970//2651 1971//2651 1963//2651
f 1971//2652 1972//2652 1963//2652
f 1972//2653 1973//2653 1963//2653
f 1973//2654 1964//2654 1963//2654
f 1974//2655 1975//2655 1965//2655
f 1974//2656 1965//2656 1964//2656
f 1975//2657 1976//2657 1966//2657
f 1975//2658 1966//2658 1965//2658
f 1976//2659 1977//2659 1967//2659
f 1976//2660 1967//2660 1966//2660
f 1977//2661 1978//2661 1968//2661
f 1977//2662 1968//2662 1967//2662
f 1978//2663 1979//2663 1969//2663
f 1978//2664 1969//2664 1968//2664
f 1979//2665 1980//2665 1970//2665
f 1979//2666 1970//2666 1969//2666
f 1980//2667 1981//2667 1971//2667
f 1980//2668 1971//2668 1970//2668
f 1981//2669 1982//2669 1972//2669
f 1981//2670 1972//2670 1971//2670
f 1982//2671 1983//2671 1973//2671
f 1982//2672 1973//2672 1972//2672
f 1983//2673 1974//2673 1964//2673
f 1983//2674 1964//2674 1973//2674
f 1984//2675 1985//2675 1975//2675
f 1984//2676 1975//2676 1974//2676
f 1985//2677 1986//2677 1976//2677
f 1985//2678 1976//2678 1975//2678
f 1986//2679 1987//2679 1977//2679
f 1986//2680 1977//2680 1976//2680
f 1987//2681 1988//2681 1978//2681
f 1987//2682 1978//2682 1977//2682
f 1988//2683 1989//2683 1979//2683
f 1988//2684 1979//2684 1978//2684
f 1989//2685 1990//2685 1980//2685
f 1989//2686 1980//2686 1979//2686
f 1990//2687 1991//2687 1981//2687
f 1990//2688 1981//2688 1980//2688
f 1991//2689 1992//2689 1982//2689
f 1991//2690 1982//2690 1981//2690
f 1992//2691 1993//2691 1983//2691
f 1992//2692 1983//2692 1982//2692
f 1993//2693 1984//2693 1974//2693
f 1993//2694 1974//2694 1983//2694
f 1994//2695 1995//2695 1985//2695
f 1994//2696 1985//2696 1984//2696
f 1995//2697 1996//2697 1986//2697
f 1995//2698 1986//2698 1985//2698
f 1996//2699 1997//2699 1987//2699
f 1996//2700 1987//2700 1986//2700
f 1997//2701 1998//2701 1988//2701
f 1997//2702 1988//2702 1987//2702
f 1998//2703 1999//2703 1989//2703
f 1998//2704 1989//2704 1988//2704
f 1999//2705 2000//2705 1990//2705
f 1999//2706 1990//2706 1989//2706
f 2000//2707 2001//2707 1991//2707
f 2000//2708 1991//2708 1990//2708
f 2001//2709 2002//2709 1992//2709
f 2001//2710 1992//2710 1991//2710
f 2002//2711 2003//2711 1993//2711
f 2002//2712 1993//2712 1992//2712
f 2003//2713 1994//2713 1984//2713
f 2003//2714 1984//2714 1993//2714
f 2004//2715 2005//2715 1995//2715
f 2004//2716 1995//2716 1994//2716
f 2005//2717 2006//2717 1996//2717
f 2005//2718 1996//2718 1995//2718
f 2006//2719 2007//2719 1997//2719
f 2006//2720 1997//2720 1996//2720
f 2007//2721 2008//2721 1998//2721
f 2007//2722 1998//2722 1997//2722
f 2008//2723 2009//2723 1999//2723
f 2008//2724 1999//2724 1998//2724
f 2009//2725 2010//2725 2000//2725
f 2009//2726 2000//2726 1999//2726
f 2010//2727 2011//2727 2001//2727
f 2010//2728 2001//2728 2000//2728
f 2011//2729 2012//2729 2002//2729
f 2011//2730 2002//2730 2001//2730
f 2012//2731 2013//2731 2003//2731
f 2012//2732 2003//2732 2002//2732
f 2013//2733 2004//2733 1994//2733
f 2013//2734 1994//2734 2003//2734
f 2014//2735 2015//2735 2005//2735
f 2014//2736 2005//2736 2004//2736
f 2015//2737 2016//2737 2006//2737
f 2015//2738 2006//2738 2005//2738
f 2016//2739 2017//2739 2007//2739
f 2016//2740 2007//2740 2006//2740
f 2017//2741 2018//2741 2008//2741
f 2017//2742 2008//2742 2007//2742
f 2018//2743 2019//2743 2009//2743
f 2018//2744 2009//2744 2008//2744
f 2019//2745 2020//2745 2010//2745
f 2019//2746 2010//2746 2009//2746
f 2020//2747 2021//2747 2011//2747
f 2020//2748 2011//2748 2010//2748
f 2021//2749 2022//2749 2012//2749
f 2021//2750 2012//2750 2011//2750
f 2022//2751 2023//2751 2013//2751
f 2022//2752 2013//2752 2012//2752
f 2023//2753 2014//2753 2004//2753
f 2023//2754 2004//2754 2013//2754
f 2024//2755 2015//2755 2014//2755
f 2024//2756 2016//2756 2015//2756
f 2024//2757 2017//2757 2016//2757
f 2024//2758 2018//2758 2017//2758
f 2024//2759 2019//2759 2018//2759
f 2024//2760 2020//2760 2019//2760
f 2024//2761 2021//2761 2020//2761
f 2024//2762 2022//2762 2021//2762
f 2024//2763 2023//2763 2022//2763
f 2024//2764 2014//2764 2023//2764
f 2032//2765 2031//2765 2030//2765
f 2032//2766 2030//2766 2029//2766
f 2029//2767 2030//2767 2026//2767
f 2029//2768 2026//2768 2025//2768
f 2030//2769 2031//2769 2027//2769
f 2030//2770 2027//2770 2026//2770
f 2031//2771 2032//2771 2028//2771
f 2031//2772 2028//2772 2027//2772
f 2032//2773 2029//2773 2025//2773
f 2032//2774 2025//2774 2028//2774
f 2026//2775 2027//2775 2028//2775
f 2026//2776 2028//2776 2025//2776
f 2040//2777 2039//2777 2038//2777
f 2040//2778 2038//2778 2037//2778
f 2037//2779 2038//2779 2034//2779
f 2037//2780 2034//2780 2033//2780
f 2038//2781 2039//2781 2035//2781
f 2038//2782 2035//2782 2034//2782
f 2039//2783 2040//2783 2036//2783
f 2039//2784 2036//2784 2035//2784
f 2040//2785 2037//2785 2033//2785
f 2040//2786 2033//2786 2036//2786
f 2034//2787 2035//2787 2036//2787
f 2034//2788 2036//2788 2033//2788
f 2042//2789 2043//2789 2041//2789
f 2043//2790 2044//2790 2041//2790
f 2044//2791 2045//2791 2041//2791
f 2045//2792 2046//2792 2041//2792
f 2046//2793 2047//2793 2041//2793
f 2047//2794 2048//2794 2041//2794
f 2048//2795 2049//2795 2041//2795
f 2049//2796 2050//2796 2041//2796
f 2050//2797 2051//2797 2041//2797
f 2051//2798 2042//2798 2041//2798
f 2052//2799 2053//2799 2043//2799
f 2052//2800 2043//2800 2042//2800
f 2053//2801 2054//2801 2044//2801
f 2053//2802 2044//2802 2043//2802
f 2054//2803 2055//2803 2045//2803
f 2054//2804 2045//2804 2044//2804
f 2055//2805 2056//2805 2046//2805
f 2055//2806 2046//2806 2045//2806
f 2056//2807 2057//2807 2047//2807
f 2056//2808 2047//2808 2046//2808
f 2057//2809 2058//2809 2048//2809
f 2057//2810 2048//2810 2047//2810
f 2058//2811 2059//2811 2049//2811
f 2058//2812 2049//2812 2048//2812
f 2059//2813 2060//2813 2050//2813
f 2059//2814 2050//2814 2049//2814
f 2060//2815 2061//2815 2051//2815
f 2060//2816 2051//2816 2050//2816
f 2061//2817 2052//2817 2042//2817
f 2061//2818 2042//2818 2051//2818
f 2062//2819 2063//2819 2053//2819
f 2062//2820 2053//2820 2052//2820
f 2063//2821 2064//2821 2054//2821
f 2063//2822 2054//2822 2053//2822
f 2064//2823 2065//2823 2055//2823
f 2064//2824 2055//2824 2054//2824
f 2065//2825 2066//2825 2056//2825
f 2065//2826 2056//2826 2055//2826
f 2066//2827 2067//2827 2057//2827
f 2066//2828 2057//2828 2056//2828
f 2067//2829 2068//2829 2058//2829
f 2067//2830 2058//2830 2057//2830
f 2068//2831 2069//2831 2059//2831
f 2068//2832 2059//2832 2058//2832
f 2069//2833 2070//2833 2060//2833
f 2069//2834 2060//2834 2059//2834
f 2070//2835 2071//2835 2061//2835
f 2070//2836 2061//2836 2060//2836
f 2071//2837 2062//2837 2052//2837
f 2071//2838 2052//2838 2061//2838
f 2072//2839 2073//2839 2063//2839
f 2072//2840 2063//2840 2062//2840
f 2073//2841 2074//2841 2064//2841
f 2073//2842 2064//2842 2063//2842
f 2074//2843 2075//2843 2065//2843
f 2074//2844 2065//2844 2064//2844
f 2075//2845 2076//2845 2066//2845
f 2075//2846 2066//2846 2065//2846
f 2076//2847 2077//2847 2067//2847
f 2076//2848 2067//2848 2066//2848
f 2077//2849 2078//2849 2068//2849
f 2077//2850 2068//2850 2067//2850
f 2078//2851 2079//2851 2069//2851
f 2078//2852 2069//2852 2068//2852
f 2079//2853 2080//2853 2070//2853
f 2079//2854 2070//2854 2069//2854
f 2080//2855 2081//2855 2071//2855
f 2080//2856 2071//2856 2070//2856
f 2081//2857 2072//2857 2062//2857
f 2081//2858 2062//2858 2071//2858
f 2082//2859 2083//2859 2073//2859
f 2082//2860 2073//2860 2072//2860
f 2083//2861 2084//2861 2074//2861
f 2083//2862 2074//2862 2073//2862
f 2084//2863 2085//2863 2075//2863
f 2084//2864 2075//2864 2074//2864
f 2085//2865 2086//2865 2076//2865
f 2085//2866 2076//2866 2075//2866
f 2086//2867 2087//2867 2077//2867
f 2086//2868 2077//2868 2076//2868
f 2087//2869 2088//2869 2078//2869
f 2087//2870 2078//2870 2077//2870
f 2088//2871 2089//2871 2079//2871
f 2088//2872 2079//2872 2078//2872
f 2089//2873 2090//2873 2080//2873
f 2089//2874 2080//2874 2079//2874
f 2090//2875 2091//2875 2081//2875
f 2090//2876 2081//2876 2080//2876
f 2091//2877 2082//2877 2072//2877
f 2091//2878 2072//2878 2081//2878
f 2092//2879 2093//2879 2083//2879
f 2092//2880 2083//2880 2082//2880
f 2093//2881 2094//2881 2084//2881
f 2093//2882 2084//2882 2083//2882
f 2094//2883 2095//2883 2085//2883
f 2094//2884 2085//2884 2084//2884
f 2095//2885 2096//2885 2086//2885
f 2095//2886 2086//2886 2085//2886
f 2096//2887 2097//2887 2087//2887
f 2096//2888 2087//2888 2086//2888
f 2097//2889 2098//2889 2088//2889
f 2097//2890 2088//2890 2087//2890
f 2098//2891 2099//2891 2089//2891
f 2098//2892 2089//2892 2088//2892
f 2099//2893 2100//2893 2090//2893
f 2099//2894 2090//2894 2089//2894
f 2100//2895 2101//2895 2091//2895
f 2100//2896 2091//2896 2090//2896
f 2101//2897 2092//2897 2082//2897
f 2101//2898 2082//2898 2091//2898
f 2102//2899 2093//2899 2092//2899
f 2102//2900 2094//2900 2093//2900
f 2102//2901 2095//2901 2094//2901
f 2102//2902 2096//2902 2095//2902
f 2102//2903 2097//2903 2096//2903
f 2102//2904 2098//2904 2097//2904
f 2102//2905 2099//2905 2098//2905
f 2102//2906 2100//2906 2099//2906
f 2102//2907 2101//2907 2100//2907
f 2102//2908 2092//2908 2101//2908
f 2110//2909 2109//2909 2108//2909
f 2110//2910 2108//2910 2107//2910
f 2107//2911 2108//2911 2104//2911
f 2107//2912 2104//2912 2103//2912
f 2108//2913 2109//2913 2105//2913
f 2108//2914 2105//2914 2104//2914
f 2109//2915 2110//2915 2106//2915
f 2109//2916 2106//2916 2105//2916
f 2110//2917 2107//2917 2103//2917
f 2110//2918 2103//2918 2106//2918
f 2104//2919 2105//2919 2106//2919
f 2104//2920 2106//2920 2103//2920
f 2118//2921 2117//2921 2116//2921
f 2118//2922 2116//2922 2115//2922
f 2115//2923 2116//2923 2112//2923
f 2115//2924 2112//2924 2111//2924
f 2116//2925 2117//2925 2113//2925
f 2116//2926 2113//2926 2112//2926
f 2117//2927 2118//2927 2114//2927
f 2117//2928 2114//2928 2113//2928
f 2118//2929 2115//2929 2111//2929
f 2118//2930 2111//2930 2114//2930
f 2112//2931 2113//2931 2114//2931
f 2112//2932 2114//2932 2111//2932
f 2120//2933 2121//2933 2119//2933
f 2121//2934 2122//2934 2119//2934
f 2122//2935 2123//2935 2119//2935
f 2123//2936 2124//2936 2119//2936
f 2124//2937 2125//2937 2119//2937
f 2125//2938 2126//2938 2119//2938
f 2126//2939 2127//2939 2119//2939
f 2127//2940 2128//2940 2119//2940
f 2128//2941 2129//2941 2119//2941
f 2129//2942 2120//2942 2119//2942
f 2130//2943 2131//2943 2121//2943
f 2130//2944 2121//2944 2120//2944
f 2131//2945 2132//2945 2122//2945
f 2131//2946 2122//2946 2121//2946
f 2132//2947 2133//2947 2123//2947
f 2132//2948 2123//2948 2122//2948
f 2133//2949 2134//2949 2124//2949
f 2133//2950 2124//2950 2123//2950
f 2134//2951 2135//2951 2125//2951
f 2134//2952 2125//2952 2124//2952
f 2135//2953 2136//2953 2126//2953
f 2135//2954 2126//2954 2125//2954
f 2136//2955 2137//2955 2127//2955
f 2136//2956 2127//2956 2126//2956
f 2137//2957 2138//2957 2128//2957
f 2137//2958 2128//2958 2127//2958
f 2138//2959 2139//2959 2129//2959
f 2138//2960 2129//2960 2128//2960
f 2139//2961 2130//2961 2120//2961
f 2139//2962 2120//2962 2129//2962
f 2140//2963 2141//2963 2131//2963
f 2140//2964 2131//2964 2130//2964
f 2141//2965 2142//2965 2132//2965
f 2141//2966 2132//2966 2131//2966
f 2142//2967 2143//2967 2133//2967
f 2142//2968 2133//2968 2132//2968
f 2143//2969 2144//2969 2134//2969
f 2143//2970 2134//2970 2133//2970
f 2144//2971 2145//2971 2135//2971
f 2144//2972 2135//2972 2134//2972
f 2145//2973 2146//2973 2136//2973
f 2145//2974 2136//2974 2135//2974
f 2146//2975 2147//2975 2137//2975
f 2146//2976 2137//2976 2136//2976
f 2147//2977 2148//2977 2138//2977
f 2147//2978 2138//2978 2137//2978
f 2148//2979 2149//2979 2139//2979
f 2148//2980 2139//2980 2138//2980
f 2149//2981 2140//2981 2130//2981
f 2149//2982 2130//2982 2139//2982
f 2150//2983 2151//2983 2141//2983
f 2150//2984 2141//2984 2140//2984
f 2151//2985 2152//2985 2142//2985
f 2151//2986 2142//2986 2141//2986
f 2152//2987 2153//2987 2143//2987
f 2152//2988 2143//2988 2142//2988
f 2153//2989 2154//2989 2144//2989
f 2153//2990 2144//2990 2143//2990
f 2154//2991 2155//2991 2145//2991
f 2154//2992 2145//2992 2144//2992
f 2155//2993 2156//2993 2146//2993
f 2155//2994 2146//2994 2145//2994
f 2156//2995 2157//2995 2147//2995
f 2156//2996 2147//2996 2146//2996
f 2157//2997 2158//2997 2148//2997
f 2157//2998 2148//2998 2147//2998
f 2158//2999 2159//2999 2149//2999
f 2158//3000 2149//3000 2148//3000
f 2159//3001 2150//3001 2140//3001
f 2159//3002 2140//3002 2149//3002
f 2160//3003 2161//3003 2151//3003
f 2160//3004 2151//3004 2150//3004
f 2161//3005 2162//3005 2152//3005
f 2161//3006 2152//3006 2151//3006
f 2162//3007 2163//3007 2153//3007
f 2162//3008 2153//3008 2152//3008
f 2163//3009 2164//3009 2154//3009
f 2163//3010 2154//3010 2153//3010
f 2164//3011 2165//3011 2155//3011
f 2164//3012 2155//3012 2154//3012
f 2165//3013 2166//3013 2156//3013
f 2165//3014 2156//3014 2155//3014
f 2166//3015 2167//3015 2157//3015
f 2166//3016 2157//3016 2156//3016
f 2167//3017 2168//3017 2158//3017
f 2167//3018 2158//3018 2157//3018
f 2168//3019 2169//3019 2159//3019
f 2168//3020 2159//3020 2158//3020
f 2169//3021 2160//3021 2150//3021
f 2169//3022 2150//3022 2159//3022
f 2170//3023 2171//3023 2161//3023
f 2170//3024 2161//3024 2160//3024
f 2171//3025 2172//3025 2162//3025
f 2171//3026 2162//3026 2161//3026
f 2172//3027 2173//3027 2163//3027
f 2172//3028 2163//3028 2162//3028
f 2173//3029 2174//3029 2164//3029
f 2173//3030 2164//3030 2163//3030
f 2174//3031 2175//3031 2165//3031
f 2174//3032 2165//3032 2164//3032
f 2175//3033 2176//3033 2166//3033
f 2175//3034 2166//3034 2165//3034
f 2176//3035 2177//3035 2167//3035
f 2176//3036 2167//3036 2166//3036
f 2177//3037 2178//3037 2168//3037
f 2177//3038 2168//3038 2167//3038
f 2178//3039 2179//3039 2169//3039
f 2178//3040 2169//3040 2168//3040
f 2179//3041 2170//3041 2160//3041
f 2179//3042 2160//3042 2169//3042
f 2180//3043 2171//3043 2170//3043
f 2180//3044 2172//3044 2171//3044
f 2180//3045 2173//3045 2172//3045
f 2180//3046 2174//3046 2173//3046
f 2180//3047 2175//3047 2174//3047
f 2180//3048 2176//3048 2175//3048
f 2180//3049 2177//3049 2176//3049
f 2180//3050 2178//3050 2177//3050
f 2180//3051 2179//3051 2178//3051
f 2180//3052 2170//3052 2179//3052
f 2188//3053 2187//3053 2186//3053
f 2188//3054 2186//3054 2185//3054
f 2185//3055 2186//3055 2182//3055
f 2185//3056 2182//3056 2181//3056
f 2186//3057 2187//3057 2183//3057
f 2186//3058 2183//3058 2182//3058
f 2187//3059 2188//3059 2184//3059
f 2187//3060 2184//3060 2183//3060
f 2188//3061 2185//3061 2181//3061
f 2188//3062 2181//3062 2184//3062
f 2182//3063 2183//3063 2184//3063
f 2182//3064 2184//3064 2181//3064
f 2196//3065 2195//3065 2194//3065
f 2196//3066 2194//3066 2193//3066
f 2193//3067 2194//3067 2190//3067
f 2193//3068 2190//3068 2189//3068
f 2194//3069 2195//3069 2191//3069
f 2194//3070 2191//3070 2190//3070
f 2195//3071 2196//3071 2192//3071
f 2195//3072 2192//3072 2191//3072
f 2196//3073 2193//3073 2189//3073
f 2196//3074 2189//3074 2192//3074
f 2190//3075 2191//3075 2192//3075
f 2190//3076 2192//3076 2189//3076
f 2198//3077 2199//3077 2197//3077
f 2199//3078 2200//3078 2197//3078
f 2200//3079 2201//3079 2197//3079
f 2201//3080 2202//3080 2197//3080
f 2202//3081 2203//3081 2197//3081
f 2203//3082 2204//3082 2197//3082
f 2204//3083 2205//3083 2197//3083
f 2205//3084 2206//3084 2197//3084
f 2206//3085 2207//3085 2197//3085
f 2207//3086 2198//3086 2197//3086
f 2208//3087 2209//3087 2199//3087
f 2208//3088 2199//3088 2198//3088
f 2209//3089 2210//3089 2200//3089
f 2209//3090 2200//3090 2199//3090
f 2210//3091 2211//3091 2201//3091
f 2210//3092 2201//3092 2200//3092
f 2211//3093 2212//3093 2202//3093
f 2211//3094 2202//3094 2201//3094
f 2212//3095 2213//3095 2203//3095
f 2212//3096 2203//3096 2202//3096
f 2213//3097 2214//3097 2204//3097
f 2213//3098 2204//3098 2203//3098
f 2214//3099 2215//3099 2205//3099
f 2214//3100 2205//3100 2204//3100
f 2215//3101 2216//3101 2206//3101
f 2215//3102 2206//3102 2205//3102
f 2216//3103 2217//3103 2207//3103
f 2216//3104 2207//3104 2206//3104
f 2217//3105 2208//3105 2198//3105
f 2217//3106 2198//3106 2207//3106
f 2218//3107 2219//3107 2209//3107
f 2218//3108 2209//3108 2208//3108
f 2219//3109 2220//3109 2210//3109
f 2219//3110 2210//3110 2209//3110
f 2220//3111 2221//3111 2211//3111
f 2220//3112 2211//3112 2210//3112
f 2221//3113 2222//3113 2212//3113
f 2221//3114 2212//3114 2211//3114
f 2222//3115 2223//3115 2213//3115
f 2222//3116 2213//3116 2212//3116
f 2223//3117 2224//3117 2214//3117
f 2223//3118 2214//3118 2213//3118
f 2224//3119 2225//3119 2215//3119
f 2224//3120 2215//3120 2214//3120
f 2225//3121 2226//3121 2216//3121
f 2225//3122 2216//3122 2215//3122
f 2226//3123 2227//3123 2217//3123
f 2226//3124 2217//3124 2216//3124
f 2227//3125 2218//3125 2208//3125
f 2227//3126 2208//3126 2217//3126
f 2228//3127 2229//3127 2219//3127
f 2228//3128 2219//3128 2218//3128
f 2229//3129 2230//3129 2220//3129
f 2229//3130 2220//3130 2219//3130
f 2230//3131 2231//3131 2221//3131
f 2230//3132 2221//3132 2220//3132
f 2231//3133 2232//3133 2222//3133
f 2231//3134 2222//3134 2221//3134
f 2232//3135 2233//3135 2223//3135
f 2232//3136 2223//3136 2222//3136
f 2233//3137 2234//3137 2224//3137
f 2233//3138 2224//3138 2223//3138
f 2234//3139 2235//3139 2225//3139
f 2234//3140 2225//3140 2224//3140
f 2235//3141 2236//3141 2226//3141
f 2235//3142 2226//3142 2225//3142
f 2236//3143 2237//3143 2227//3143
f 2236//3144 2227//3144 2226//3144
f 2237//3145 2228//3145 2218//3145
f 2237//3146 2218//3146 2227//3146
f 2238//3147 2239//3147 2229//3147
f 2238//3148 2229//3148 2228//3148
f 2239//3149 2240//3149 2230//3149
f 2239//3150 2230//3150 2229//3150
f 2240//3151 2241//3151 2231//3151
f 2240//3152 2231//3152 2230//3152
f 2241//3153 2242//3153 2232//3153
f 2241//3154 2232//3154 2231//3154
f 2242//3155 2243//3155 2233//3155
f 2242//3156 2233//3156 2232//3156
f 2243//3157 2244//3157 2234//3157
f 2243//3158 2234//3158 2233//3158
f 2244//3159 2245//3159 2235//3159
f 2244//3160 2235//3160 2234//3160
f 2245//3161 2246//3161 2236//3161
f 2245//3162 2236//3162 2235//3162
f 2246//3163 2247//3163 2237//3163
f 2246//3164 2237//3164 2236//3164
f 2247//3165 2238//3165 2228//3165
f 2247//3166 2228//3166 2237//3166
f 2248//3167 2249//3167 2239//3167
f 2248//3168 2239//3168 2238//3168
f 2249//3169 2250//3169 2240//3169
f 2249//3170 2240//3170 2239//3170
f 2250//3171 2251//3171 2241//3171
f 2250//3172 2241//3172 2240//3172
f 2251//3173 2252//3173 2242//3173
f 2251//3174 2242//3174 2241//3174
f 2252//3175 2253//3175 2243//3175
f 2252//3176 2243//3176 2242//3176
f 2253//3177 2254//3177 2244//3177
f 2253//3178 2244//3178 2243//3178
f 2254//3179 2255//3179 2245//3179
f 2254//3180 2245//3180 2244//3180
f 2255//3181 2256//3181 2246//3181
f 2255//3182 2246//3182 2245//3182
f 2256//3183 2257//3183 2247//3183
f 2256//3184 2247//3184 2246//3184
f 2257//3185 2248//3185 2238//3185
f 2257//3186 2238//3186 2247//3186
f 2258//3187 2249//3187 2248//3187
f 2258//3188 2250//3188 2249//3188
f 2258//3189 2251//3189 2250//3189
f 2258//3190 2252//3190 2251//3190
f 2258//3191 2253//3191 2252//3191
f 2258//3192 2254//3192 2253//3192
f 2258//3193 2255//3193 2254//3193
f 2258//3194 2256//3194 2255//3194
f 2258//3195 2257//3195 2256//3195
f 2258//3196 2248//3196 2257//3196
f 2266//3197 2265//3197 2264//3197
f 2266//3198 2264//3198 2263//3198
f 2263//3199 2264//3199 2260//3199
f 2263//3200 2260//3200 2259//3200
f 2264//3201 2265//3201 2261//3201
f 2264//3202 2261//3202 2260//3202
f 2265//3203 2266//3203 2262//3203
f 2265//3204 2262//3204 2261//3204
f 2266//3205 2263//3205 2259//3205
f 2266//3206 2259//3206 2262//3206
f 2260//3207 2261//3207 2262//3207
f 2260//3208 2262//3208 2259//3208
f 2274//3209 2273//3209 2272//3209
f 2274//3210 2272//3210 2271//3210
f 2271//3211 2272//3211 2268//3211
f 2271//3212 2268//3212 2267//3212
f 2272//3213 2273//3213 2269//3213
f 2272//3214 2269//3214 2268//3214
f 2273//3215 2274//3215 2270//3215
f 2273//3216 2270//3216 2269//3216
f 2274//3217 2271//3217 2267//3217
f 2274//3218 2267//3218 2270//3218
f 2268//3219 2269//3219 2270//3219
f 2268//3220 2270//3220 2267//3220
usemtl Mat_Brass
f 2282//3221 2281//3221 2280//3221
f 2282//3222 2280//3222 2279//3222
f 2279//3223 2280//3223 2276//3223
f 2279//3224 2276//3224 2275//3224
f 2280//3225 2281//3225 2277//3225
f 2280//3226 2277//3226 2276//3226
f 2281//3227 2282//3227 2278//3227
f 2281//3228 2278//3228 2277//3228
f 2282//3229 2279//3229 2275//3229
f 2282//3230 2275//3230 2278//3230
f 2276//3231 2277//3231 2278//3231
f 2276//3232 2278//3232 2275//3232
usemtl Mat_Bone
f 2283//3233 2284//3233 2285//3233
f 2288//3234 2287//3234 2286//3234
usemtl Mat_PaintedWoodDark
f 2283//3235 2286//3235 2287//3235
f 2283//3236 2287//3236 2284//3236
f 2284//3237 2287//3237 2288//3237
f 2284//3238 2288//3238 2285//3238
f 2285//3239 2288//3239 2286//3239
f 2285//3240 2286//3240 2283//3240
usemtl Mat_Bone
f 2289//3241 2290//3241 2291//3241
f 2294//3242 2293//3242 2292//3242
f 2289//3243 2292//3243 2293//3243
f 2289//3244 2293//3244 2290//3244
f 2290//3245 2293//3245 2294//3245
f 2290//3246 2294//3246 2291//3246
f 2291//3247 2294//3247 2292//3247
f 2291//3248 2292//3248 2289//3248
f 2302//3249 2301//3249 2300//3249
f 2302//3250 2300//3250 2299//3250
f 2299//3251 2300//3251 2296//3251
f 2299//3252 2296//3252 2295//3252
f 2300//3253 2301//3253 2297//3253
f 2300//3254 2297//3254 2296//3254
f 2301//3255 2302//3255 2298//3255
f 2301//3256 2298//3256 2297//3256
f 2302//3257 2299//3257 2295//3257
f 2302//3258 2295//3258 2298//3258
f 2296//3259 2297//3259 2298//3259
f 2296//3260 2298//3260 2295//3260
f 2310//3261 2309//3261 2308//3261
f 2310//3262 2308//3262 2307//3262
f 2307//3263 2308//3263 2304//3263
f 2307//3264 2304//3264 2303//3264
f 2308//3265 2309//3265 2305//3265
f 2308//3266 2305//3266 2304//3266
f 2309//3267 2310//3267 2306//3267
f 2309//3268 2306//3268 2305//3268
f 2310//3269 2307//3269 2303//3269
f 2310//3270 2303//3270 2306//3270
f 2304//3271 2305//3271 2306//3271
f 2304//3272 2306//3272 2303//3272
usemtl Mat_Brass
f 2318//3273 2317//3273 2316//3273
f 2318//3274 2316//3274 2315//3274
f 2315//3275 2316//3275 2312//3275
f 2315//3276 2312//3276 2311//3276
f 2316//3277 2317//3277 2313//3277
f 2316//3278 2313//3278 2312//3278
f 2317//3279 2318//3279 2314//3279
f 2317//3280 2314//3280 2313//3280
f 2318//3281 2315//3281 2311//3281
f 2318//3282 2311//3282 2314//3282
f 2312//3283 2313//3283 2314//3283
f 2312//3284 2314//3284 2311//3284
usemtl Mat_Void
f 2326//3285 2325//3285 2324//3285
f 2326//3286 2324//3286 2323//3286
f 2324//3287 2325//3287 2321//3287
f 2324//3288 2321//3288 2320//3288
f 2325//3289 2326//3289 2322//3289
f 2325//3290 2322//3290 2321//3290
f 2326//3291 2323//3291 2319//3291
f 2326//3292 2319//3292 2322//3292
f 2320//3293 2321//3293 2322//3293
f 2320//3294 2322//3294 2319//3294
usemtl Mat_Bone
f 2334//3295 2333//3295 2332//3295
f 2334//3296 2332//3296 2331//3296
f 2331//3297 2332//3297 2328//3297
f 2331//3298 2328//3298 2327//3298
f 2332//3299 2333//3299 2329//3299
f 2332//3300 2329//3300 2328//3300
f 2333//3301 2334//3301 2330//3301
f 2333//3302 2330//3302 2329//3302
f 2334//3303 2331//3303 2327//3303
f 2334//3304 2327//3304 2330//3304
f 2328//3305 2329//3305 2330//3305
f 2328//3306 2330//3306 2327//3306
f 2342//3307 2341//3307 2340//3307
f 2342//3308 2340//3308 2339//3308
f 2339//3309 2340//3309 2336//3309
f 2339//3310 2336//3310 2335//3310
f 2340//3311 2341//3311 2337//3311
f 2340//3312 2337//3312 2336//3312
f 2341//3313 2342//3313 2338//3313
f 2341//3314 2338//3314 2337//3314
f 2342//3315 2339//3315 2335//3315
f 2342//3316 2335//3316 2338//3316
f 2336//3317 2337//3317 2338//3317
f 2336//3318 2338//3318 2335//3318
f 2346//3319 2347//3319 2348//3319
f 2346//3320 2348//3320 2349//3320
f 2346//3321 2349//3321 2350//3321
f 2346//3322 2350//3322 2351//3322
f 2346//3323 2351//3323 2352//3323
f 2346//3324 2352//3324 2353//3324
f 2345//3325 2346//3325 2353//3325
f 2359//3326 2358//3326 2357//3326
f 2360//3327 2359//3327 2357//3327
f 2361//3328 2360//3328 2357//3328
f 2362//3329 2361//3329 2357//3329
f 2363//3330 2362//3330 2357//3330
f 2364//3331 2363//3331 2357//3331
f 2364//3332 2357//3332 2356//3332
f 2343//3333 2354//3333 2355//3333
f 2343//3334 2355//3334 2344//3334
f 2345//3335 2356//3335 2357//3335
f 2345//3336 2357//3336 2346//3336
f 2346//3337 2357//3337 2358//3337
f 2346//3338 2358//3338 2347//3338
f 2347//3339 2358//3339 2359//3339
f 2347//3340 2359//3340 2348//3340
f 2348//3341 2359//3341 2360//3341
f 2348//3342 2360//3342 2349//3342
f 2349//3343 2360//3343 2361//3343
f 2349//3344 2361//3344 2350//3344
f 2350//3345 2361//3345 2362//3345
f 2350//3346 2362//3346 2351//3346
f 2351//3347 2362//3347 2363//3347
f 2351//3348 2363//3348 2352//3348
f 2352//3349 2363//3349 2364//3349
f 2352//3350 2364//3350 2353//3350
usemtl Mat_NeonAmber
f 2368//3351 2369//3351 2370//3351
f 2368//3352 2370//3352 2371//3352
f 2368//3353 2371//3353 2372//3353
f 2368//3354 2372//3354 2373//3354
f 2368//3355 2373//3355 2374//3355
f 2368//3356 2374//3356 2375//3356
f 2367//3357 2368//3357 2375//3357
f 2381//3358 2380//3358 2379//3358
f 2382//3359 2381//3359 2379//3359
f 2383//3360 2382//3360 2379//3360
f 2384//3361 2383//3361 2379//3361
f 2385//3362 2384//3362 2379//3362
f 2386//3363 2385//3363 2379//3363
f 2386//3364 2379//3364 2378//3364
f 2365//3365 2376//3365 2377//3365
f 2365//3366 2377//3366 2366//3366
f 2367//3367 2378//3367 2379//3367
f 2367//3368 2379//3368 2368//3368
f 2368//3369 2379//3369 2380//3369
f 2368//3370 2380//3370 2369//3370
f 2369//3371 2380//3371 2381//3371
f 2369//3372 2381//3372 2370//3372
f 2370//3373 2381//3373 2382//3373
f 2370//3374 2382//3374 2371//3374
f 2371//3375 2382//3375 2383//3375
f 2371//3376 2383//3376 2372//3376
f 2372//3377 2383//3377 2384//3377
f 2372//3378 2384//3378 2373//3378
f 2373//3379 2384//3379 2385//3379
f 2373//3380 2385//3380 2374//3380
f 2374//3381 2385//3381 2386//3381
f 2374//3382 2386//3382 2375//3382
usemtl Mat_Bone
f 2394//3383 2393//3383 2392//3383
f 2394//3384 2392//3384 2391//3384
f 2391//3385 2392//3385 2388//3385
f 2391//3386 2388//3386 2387//3386
f 2392//3387 2393//3387 2389//3387
f 2392//3388 2389//3388 2388//3388
f 2393//3389 2394//3389 2390//3389
f 2393//3390 2390//3390 2389//3390
f 2394//3391 2391//3391 2387//3391
f 2394//3392 2387//3392 2390//3392
f 2388//3393 2389//3393 2390//3393
f 2388//3394 2390//3394 2387//3394
f 2402//3395 2401//3395 2400//3395
f 2402//3396 2400//3396 2399//3396
f 2399//3397 2400//3397 2396//3397
f 2399//3398 2396//3398 2395//3398
f 2400//3399 2401//3399 2397//3399
f 2400//3400 2397//3400 2396//3400
f 2401//3401 2402//3401 2398//3401
f 2401//3402 2398//3402 2397//3402
f 2402//3403 2399//3403 2395//3403
f 2402//3404 2395//3404 2398//3404
f 2396//3405 2397//3405 2398//3405
f 2396//3406 2398//3406 2395//3406
f 2410//3407 2409//3407 2408//3407
f 2410//3408 2408//3408 2407//3408
f 2407//3409 2408//3409 2404//3409
f 2407//3410 2404//3410 2403//3410
f 2408//3411 2409//3411 2405//3411
f 2408//3412 2405//3412 2404//3412
f 2409//3413 2410//3413 2406//3413
f 2409//3414 2406//3414 2405//3414
f 2410//3415 2407//3415 2403//3415
f 2410//3416 2403//3416 2406//3416
f 2404//3417 2405//3417 2406//3417
f 2404//3418 2406//3418 2403//3418
f 2421//3419 2411//3419 2412//3419
f 2421//3420 2412//3420 2413//3420
f 2421//3421 2413//3421 2414//3421
f 2421//3422 2414//3422 2415//3422
f 2421//3423 2415//3423 2416//3423
f 2421//3424 2416//3424 2417//3424
f 2421//3425 2417//3425 2418//3425
f 2421//3426 2418//3426 2419//3426
f 2419//3427 2420//3427 2421//3427
f 2423//3428 2422//3428 2432//3428
f 2424//3429 2423//3429 2432//3429
f 2425//3430 2424//3430 2432//3430
f 2426//3431 2425//3431 2432//3431
f 2427//3432 2426//3432 2432//3432
f 2428//3433 2427//3433 2432//3433
f 2429//3434 2428//3434 2432//3434
f 2430//3435 2429//3435 2432//3435
f 2432//3436 2431//3436 2430//3436
f 2411//3437 2422//3437 2423//3437
f 2411//3438 2423//3438 2412//3438
f 2412//3439 2423//3439 2424//3439
f 2412//3440 2424//3440 2413//3440
f 2413//3441 2424//3441 2425//3441
f 2413//3442 2425//3442 2414//3442
f 2414//3443 2425//3443 2426//3443
f 2414//3444 2426//3444 2415//3444
f 2415//3445 2426//3445 2427//3445
f 2415//3446 2427//3446 2416//3446
f 2416//3447 2427//3447 2428//3447
f 2416//3448 2428//3448 2417//3448
f 2417//3449 2428//3449 2429//3449
f 2417//3450 2429//3450 2418//3450
f 2418//3451 2429//3451 2430//3451
f 2418//3452 2430//3452 2419//3452
f 2419//3453 2430//3453 2431//3453
f 2419//3454 2431//3454 2420//3454
f 2420//3455 2431//3455 2432//3455
f 2420//3456 2432//3456 2421//3456
f 2421//3457 2432//3457 2422//3457
f 2421//3458 2422//3458 2411//3458
usemtl Mat_NeonAmber
f 2443//3459 2433//3459 2434//3459
f 2443//3460 2434//3460 2435//3460
f 2443//3461 2435//3461 2436//3461
f 2443//3462 2436//3462 2437//3462
f 2443//3463 2437//3463 2438//3463
f 2443//3464 2438//3464 2439//3464
f 2443//3465 2439//3465 2440//3465
f 2443//3466 2440//3466 2441//3466
f 2441//3467 2442//3467 2443//3467
f 2445//3468 2444//3468 2454//3468
f 2446//3469 2445//3469 2454//3469
f 2447//3470 2446//3470 2454//3470
f 2448//3471 2447//3471 2454//3471
f 2449//3472 2448//3472 2454//3472
f 2450//3473 2449//3473 2454//3473
f 2451//3474 2450//3474 2454//3474
f 2452//3475 2451//3475 2454//3475
f 2454//3476 2453//3476 2452//3476
f 2433//3477 2444//3477 2445//3477
f 2433//3478 2445//3478 2434//3478
f 2434//3479 2445//3479 2446//3479
f 2434//3480 2446//3480 2435//3480
f 2435//3481 2446//3481 2447//3481
f 2435//3482 2447//3482 2436//3482
f 2436//3483 2447//3483 2448//3483
f 2436//3484 2448//3484 2437//3484
f 2437//3485 2448//3485 2449//3485
f 2437//3486 2449//3486 2438//3486
f 2438//3487 2449//3487 2450//3487
f 2438//3488 2450//3488 2439//3488
f 2439//3489 2450//3489 2451//3489
f 2439//3490 2451//3490 2440//3490
f 2440//3491 2451//3491 2452//3491
f 2440//3492 2452//3492 2441//3492
f 2441//3493 2452//3493 2453//3493
f 2441//3494 2453//3494 2442//3494
f 2442//3495 2453//3495 2454//3495
f 2442//3496 2454//3496 2443//3496
f 2443//3497 2454//3497 2444//3497
f 2443//3498 2444//3498 2433//3498
usemtl Mat_Bone
f 2462//3499 2461//3499 2460//3499
f 2462//3500 2460//3500 2459//3500
f 2460//3501 2461//3501 2457//3501
f 2460//3502 2457//3502 2456//3502
f 2461//3503 2462//3503 2458//3503
f 2461//3504 2458//3504 2457//3504
f 2462//3505 2459//3505 2455//3505
f 2462//3506 2455//3506 2458//3506
f 2456//3507 2457//3507 2458//3507
f 2456//3508 2458//3508 2455//3508
f 2470//3509 2469//3509 2468//3509
f 2470//3510 2468//3510 2467//3510
f 2468//3511 2469//3511 2465//3511
f 2468//3512 2465//3512 2464//3512
f 2469//3513 2470//3513 2466//3513
f 2469//3514 2466//3514 2465//3514
f 2470//3515 2467//3515 2463//3515
f 2470//3516 2463//3516 2466//3516
f 2464//3517 2465//3517 2466//3517
f 2464//3518 2466//3518 2463//3518
f 2478//3519 2477//3519 2476//3519
f 2478//3520 2476//3520 2475//3520
f 2475//3521 2476//3521 2472//3521
f 2475//3522 2472//3522 2471//3522
f 2476//3523 2477//3523 2473//3523
f 2476//3524 2473//3524 2472//3524
f 2477//3525 2478//3525 2474//3525
f 2477//3526 2474//3526 2473//3526
f 2478//3527 2475//3527 2471//3527
f 2478//3528 2471//3528 2474//3528
f 2472//3529 2473//3529 2474//3529
f 2472//3530 2474//3530 2471//3530
f 2486//3531 2485//3531 2484//3531
f 2486//3532 2484//3532 2483//3532
f 2483//3533 2484//3533 2480//3533
f 2483//3534 2480//3534 2479//3534
f 2484//3535 2485//3535 2481//3535
f 2484//3536 2481//3536 2480//3536
f 2485//3537 2486//3537 2482//3537
f 2485//3538 2482//3538 2481//3538
f 2486//3539 2483//3539 2479//3539
f 2486//3540 2479//3540 2482//3540
f 2480//3541 2481//3541 2482//3541
f 2480//3542 2482//3542 2479//3542
usemtl Mat_NeonAmber
f 2494//3543 2493//3543 2492//3543
f 2494//3544 2492//3544 2491//3544
f 2492//3545 2493//3545 2489//3545
f 2492//3546 2489//3546 2488//3546
f 2493//3547 2494//3547 2490//3547
f 2493//3548 2490//3548 2489//3548
f 2494//3549 2491//3549 2487//3549
f 2494//3550 2487//3550 2490//3550
f 2488//3551 2489//3551 2490//3551
f 2488//3552 2490//3552 2487//3552
usemtl Mat_Bone
f 2502//3553 2501//3553 2500//3553
f 2502//3554 2500//3554 2499//3554
f 2499//3555 2500//3555 2496//3555
f 2499//3556 2496//3556 2495//3556
f 2500//3557 2501//3557 2497//3557
f 2500//3558 2497//3558 2496//3558
f 2501//3559 2502//3559 2498//3559
f 2501//3560 2498//3560 2497//3560
f 2502//3561 2499//3561 2495//3561
f 2502//3562 2495//3562 2498//3562
f 2496//3563 2497//3563 2498//3563
f 2496//3564 2498//3564 2495//3564
f 2510//3565 2509//3565 2508//3565
f 2510//3566 2508//3566 2507//3566
f 2507//3567 2508//3567 2504//3567
f 2507//3568 2504//3568 2503//3568
f 2508//3569 2509//3569 2505//3569
f 2508//3570 2505//3570 2504//3570
f 2509//3571 2510//3571 2506//3571
f 2509//3572 2506//3572 2505//3572
f 2510//3573 2507//3573 2503//3573
f 2510//3574 2503//3574 2506//3574
f 2504//3575 2505//3575 2506//3575
f 2504//3576 2506//3576 2503//3576
f 2518//3577 2517//3577 2516//3577
f 2518//3578 2516//3578 2515//3578
f 2515//3579 2516//3579 2512//3579
f 2515//3580 2512//3580 2511//3580
f 2516//3581 2517//3581 2513//3581
f 2516//3582 2513//3582 2512//3582
f 2517//3583 2518//3583 2514//3583
f 2517//3584 2514//3584 2513//3584
f 2518//3585 2515//3585 2511//3585
f 2518//3586 2511//3586 2514//3586
f 2512//3587 2513//3587 2514//3587
f 2512//3588 2514//3588 2511//3588
f 2526//3589 2525//3589 2524//3589
f 2526//3590 2524//3590 2523//3590
f 2523//3591 2524//3591 2520//3591
f 2523//3592 2520//3592 2519//3592
f 2524//3593 2525//3593 2521//3593
f 2524//3594 2521//3594 2520//3594
f 2525//3595 2526//3595 2522//3595
f 2525//3596 2522//3596 2521//3596
f 2526//3597 2523//3597 2519//3597
f 2526//3598 2519//3598 2522//3598
f 2520//3599 2521//3599 2522//3599
f 2520//3600 2522//3600 2519//3600
f 2534//3601 2533//3601 2532//3601
f 2534//3602 2532//3602 2531//3602
f 2531//3603 2532//3603 2528//3603
f 2531//3604 2528//3604 2527//3604
f 2532//3605 2533//3605 2529//3605
f 2532//3606 2529//3606 2528//3606
f 2533//3607 2534//3607 2530//3607
f 2533//3608 2530//3608 2529//3608
f 2534//3609 2531//3609 2527//3609
f 2534//3610 2527//3610 2530//3610
f 2528//3611 2529//3611 2530//3611
f 2528//3612 2530//3612 2527//3612
f 2542//3613 2541//3613 2540//3613
f 2542//3614 2540//3614 2539//3614
f 2539//3615 2540//3615 2536//3615
f 2539//3616 2536//3616 2535//3616
f 2540//3617 2541//3617 2537//3617
f 2540//3618 2537//3618 2536//3618
f 2541//3619 2542//3619 2538//3619
f 2541//3620 2538//3620 2537//3620
f 2542//3621 2539//3621 2535//3621
f 2542//3622 2535//3622 2538//3622
f 2536//3623 2537//3623 2538//3623
f 2536//3624 2538//3624 2535//3624
f 2550//3625 2549//3625 2548//3625
f 2550//3626 2548//3626 2547//3626
f 2548//3627 2549//3627 2545//3627
f 2548//3628 2545//3628 2544//3628
f 2549//3629 2550//3629 2546//3629
f 2549//3630 2546//3630 2545//3630
f 2550//3631 2547//3631 2543//3631
f 2550//3632 2543//3632 2546//3632
f 2544//3633 2545//3633 2546//3633
f 2544//3634 2546//3634 2543//3634
f 2558//3635 2557//3635 2556//3635
f 2558//3636 2556//3636 2555//3636
f 2556//3637 2557//3637 2553//3637
f 2556//3638 2553//3638 2552//3638
f 2557//3639 2558//3639 2554//3639
f 2557//3640 2554//3640 2553//3640
f 2558//3641 2555//3641 2551//3641
f 2558//3642 2551//3642 2554//3642
f 2552//3643 2553//3643 2554//3643
f 2552//3644 2554//3644 2551//3644
usemtl Mat_Cactus
f 2566//3645 2565//3645 2564//3645
f 2566//3646 2564//3646 2563//3646
f 2563//3647 2564//3647 2560//3647
f 2563//3648 2560//3648 2559//3648
f 2564//3649 2565//3649 2561//3649
f 2564//3650 2561//3650 2560//3650
f 2565//3651 2566//3651 2562//3651
f 2565//3652 2562//3652 2561//3652
f 2566//3653 2563//3653 2559//3653
f 2566//3654 2559//3654 2562//3654
f 2560//3655 2561//3655 2562//3655
f 2560//3656 2562//3656 2559//3656
usemtl Mat_WoodMid
f 2574//3657 2573//3657 2572//3657
f 2574//3658 2572//3658 2571//3658
f 2571//3659 2572//3659 2568//3659
f 2571//3660 2568//3660 2567//3660
f 2572//3661 2573//3661 2569//3661
f 2572//3662 2569//3662 2568//3662
f 2573//3663 2574//3663 2570//3663
f 2573//3664 2570//3664 2569//3664
f 2574//3665 2571//3665 2567//3665
f 2574//3666 2567//3666 2570//3666
f 2568//3667 2569//3667 2570//3667
f 2568//3668 2570//3668 2567//3668
f 2582//3669 2581//3669 2580//3669
f 2582//3670 2580//3670 2579//3670
f 2579//3671 2580//3671 2576//3671
f 2579//3672 2576//3672 2575//3672
f 2580//3673 2581//3673 2577//3673
f 2580//3674 2577//3674 2576//3674
f 2581//3675 2582//3675 2578//3675
f 2581//3676 2578//3676 2577//3676
f 2582//3677 2579//3677 2575//3677
f 2582//3678 2575//3678 2578//3678
f 2576//3679 2577//3679 2578//3679
f 2576//3680 2578//3680 2575//3680
f 2590//3681 2589//3681 2588//3681
f 2590//3682 2588//3682 2587//3682
f 2587//3683 2588//3683 2584//3683
f 2587//3684 2584//3684 2583//3684
f 2588//3685 2589//3685 2585//3685
f 2588//3686 2585//3686 2584//3686
f 2589//3687 2590//3687 2586//3687
f 2589//3688 2586//3688 2585//3688
f 2590//3689 2587//3689 2583//3689
f 2590//3690 2583//3690 2586//3690
f 2584//3691 2585//3691 2586//3691
f 2584//3692 2586//3692 2583//3692
f 2598//3693 2597//3693 2596//3693
f 2598//3694 2596//3694 2595//3694
f 2595//3695 2596//3695 2592//3695
f 2595//3696 2592//3696 2591//3696
f 2596//3697 2597//3697 2593//3697
f 2596//3698 2593//3698 2592//3698
f 2597//3699 2598//3699 2594//3699
f 2597//3700 2594//3700 2593//3700
f 2598//3701 2595//3701 2591//3701
f 2598//3702 2591//3702 2594//3702
f 2592//3703 2593//3703 2594//3703
f 2592//3704 2594//3704 2591//3704
usemtl Mat_Cactus
f 2606//3705 2605//3705 2604//3705
f 2606//3706 2604//3706 2603//3706
f 2603//3707 2604//3707 2600//3707
f 2603//3708 2600//3708 2599//3708
f 2604//3709 2605//3709 2601//3709
f 2604//3710 2601//3710 2600//3710
f 2605//3711 2606//3711 2602//3711
f 2605//3712 2602//3712 2601//3712
f 2606//3713 2603//3713 2599//3713
f 2606//3714 2599//3714 2602//3714
f 2600//3715 2601//3715 2602//3715
f 2600//3716 2602//3716 2599//3716
usemtl Mat_WoodMid
f 2614//3717 2613//3717 2612//3717
f 2614//3718 2612//3718 2611//3718
f 2611//3719 2612//3719 2608//3719
f 2611//3720 2608//3720 2607//3720
f 2612//3721 2613//3721 2609//3721
f 2612//3722 2609//3722 2608//3722
f 2613//3723 2614//3723 2610//3723
f 2613//3724 2610//3724 2609//3724
f 2614//3725 2611//3725 2607//3725
f 2614//3726 2607//3726 2610//3726
f 2608//3727 2609//3727 2610//3727
f 2608//3728 2610//3728 2607//3728
f 2622//3729 2621//3729 2620//3729
f 2622//3730 2620//3730 2619//3730
f 2619//3731 2620//3731 2616//3731
f 2619//3732 2616//3732 2615//3732
f 2620//3733 2621//3733 2617//3733
f 2620//3734 2617//3734 2616//3734
f 2621//3735 2622//3735 2618//3735
f 2621//3736 2618//3736 2617//3736
f 2622//3737 2619//3737 2615//3737
f 2622//3738 2615//3738 2618//3738
f 2616//3739 2617//3739 2618//3739
f 2616//3740 2618//3740 2615//3740
f 2630//3741 2629//3741 2628//3741
f 2630//3742 2628//3742 2627//3742
f 2627//3743 2628//3743 2624//3743
f 2627//3744 2624//3744 2623//3744
f 2628//3745 2629//3745 2625//3745
f 2628//3746 2625//3746 2624//3746
f 2629//3747 2630//3747 2626//3747
f 2629//3748 2626//3748 2625//3748
f 2630//3749 2627//3749 2623//3749
f 2630//3750 2623//3750 2626//3750
f 2624//3751 2625//3751 2626//3751
f 2624//3752 2626//3752 2623//3752
f 2638//3753 2637//3753 2636//3753
f 2638//3754 2636//3754 2635//3754
f 2635//3755 2636//3755 2632//3755
f 2635//3756 2632//3756 2631//3756
f 2636//3757 2637//3757 2633//3757
f 2636//3758 2633//3758 2632//3758
f 2637//3759 2638//3759 2634//3759
f 2637//3760 2634//3760 2633//3760
f 2638//3761 2635//3761 2631//3761
f 2638//3762 2631//3762 2634//3762
f 2632//3763 2633//3763 2634//3763
f 2632//3764 2634//3764 2631//3764
usemtl Mat_Bone
f 2649//3765 2639//3765 2640//3765
f 2649//3766 2640//3766 2641//3766
f 2649//3767 2641//3767 2642//3767
f 2649//3768 2642//3768 2643//3768
f 2649//3769 2643//3769 2644//3769
f 2649//3770 2644//3770 2645//3770
f 2649//3771 2645//3771 2646//3771
f 2649//3772 2646//3772 2647//3772
f 2647//3773 2648//3773 2649//3773
f 2651//3774 2650//3774 2660//3774
f 2652//3775 2651//3775 2660//3775
f 2653//3776 2652//3776 2660//3776
f 2654//3777 2653//3777 2660//3777
f 2655//3778 2654//3778 2660//3778
f 2656//3779 2655//3779 2660//3779
f 2657//3780 2656//3780 2660//3780
f 2658//3781 2657//3781 2660//3781
f 2660//3782 2659//3782 2658//3782
f 2639//3783 2650//3783 2651//3783
f 2639//3784 2651//3784 2640//3784
f 2640//3785 2651//3785 2652//3785
f 2640//3786 2652//3786 2641//3786
f 2641//3787 2652//3787 2653//3787
f 2641//3788 2653//3788 2642//3788
f 2642//3789 2653//3789 2654//3789
f 2642//3790 2654//3790 2643//3790
f 2643//3791 2654//3791 2655//3791
f 2643//3792 2655//3792 2644//3792
f 2644//3793 2655//3793 2656//3793
f 2644//3794 2656//3794 2645//3794
f 2645//3795 2656//3795 2657//3795
f 2645//3796 2657//3796 2646//3796
f 2646//3797 2657//3797 2658//3797
f 2646//3798 2658//3798 2647//3798
f 2647//3799 2658//3799 2659//3799
f 2647//3800 2659//3800 2648//3800
f 2648//3801 2659//3801 2660//3801
f 2648//3802 2660//3802 2649//3802
f 2649//3803 2660//3803 2650//3803
f 2649//3804 2650//3804 2639//3804
usemtl Mat_NeonAmber
f 2671//3805 2661//3805 2662//3805
f 2671//3806 2662//3806 2663//3806
f 2671//3807 2663//3807 2664//3807
f 2671//3808 2664//3808 2665//3808
f 2671//3809 2665//3809 2666//3809
f 2671//3810 2666//3810 2667//3810
f 2671//3811 2667//3811 2668//3811
f 2671//3812 2668//3812 2669//3812
f 2669//3813 2670//3813 2671//3813
f 2673//3814 2672//3814 2682//3814
f 2674//3815 2673//3815 2682//3815
f 2675//3816 2674//3816 2682//3816
f 2676//3817 2675//3817 2682//3817
f 2677//3818 2676//3818 2682//3818
f 2678//3819 2677//3819 2682//3819
f 2679//3820 2678//3820 2682//3820
f 2680//3821 2679//3821 2682//3821
f 2682//3822 2681//3822 2680//3822
f 2661//3823 2672//3823 2673//3823
f 2661//3824 2673//3824 2662//3824
f 2662//3825 2673//3825 2674//3825
f 2662//3826 2674//3826 2663//3826
f 2663//3827 2674//3827 2675//3827
f 2663//3828 2675//3828 2664//3828
f 2664//3829 2675//3829 2676//3829
f 2664//3830 2676//3830 2665//3830
f 2665//3831 2676//3831 2677//3831
f 2665//3832 2677//3832 2666//3832
f 2666//3833 2677//3833 2678//3833
f 2666//3834 2678//3834 2667//3834
f 2667//3835 2678//3835 2679//3835
f 2667//3836 2679//3836 2668//3836
f 2668//3837 2679//3837 2680//3837
f 2668//3838 2680//3838 2669//3838
f 2669//3839 2680//3839 2681//3839
f 2669//3840 2681//3840 2670//3840
f 2670//3841 2681//3841 2682//3841
f 2670//3842 2682//3842 2671//3842
f 2671//3843 2682//3843 2672//3843
f 2671//3844 2672//3844 2661//3844
usemtl Mat_Bone
f 2690//3845 2689//3845 2688//3845
f 2690//3846 2688//3846 2687//3846
f 2688//3847 2689//3847 2685//3847
f 2688//3848 2685//3848 2684//3848
f 2689//3849 2690//3849 2686//3849
f 2689//3850 2686//3850 2685//3850
f 2690//3851 2687//3851 2683//3851
f 2690//3852 2683//3852 2686//3852
f 2684//3853 2685//3853 2686//3853
f 2684//3854 2686//3854 2683//3854
f 2698//3855 2697//3855 2696//3855
f 2698//3856 2696//3856 2695//3856
f 2696//3857 2697//3857 2693//3857
f 2696//3858 2693//3858 2692//3858
f 2697//3859 2698//3859 2694//3859
f 2697//3860 2694//3860 2693//3860
f 2698//3861 2695//3861 2691//3861
f 2698//3862 2691//3862 2694//3862
f 2692//3863 2693//3863 2694//3863
f 2692//3864 2694//3864 2691//3864
f 2706//3865 2705//3865 2704//3865
f 2706//3866 2704//3866 2703//3866
f 2703//3867 2704//3867 2700//3867
f 2703//3868 2700//3868 2699//3868
f 2704//3869 2705//3869 2701//3869
f 2704//3870 2701//3870 2700//3870
f 2705//3871 2706//3871 2702//3871
f 2705//3872 2702//3872 2701//3872
f 2706//3873 2703//3873 2699//3873
f 2706//3874 2699//3874 2702//3874
f 2700//3875 2701//3875 2702//3875
f 2700//3876 2702//3876 2699//3876
f 2714//3877 2713//3877 2712//3877
f 2714//3878 2712//3878 2711//3878
f 2711//3879 2712//3879 2708//3879
f 2711//3880 2708//3880 2707//3880
f 2712//3881 2713//3881 2709//3881
f 2712//3882 2709//3882 2708//3882
f 2713//3883 2714//3883 2710//3883
f 2713//3884 2710//3884 2709//3884
f 2714//3885 2711//3885 2707//3885
f 2714//3886 2707//3886 2710//3886
f 2708//3887 2709//3887 2710//3887
f 2708//3888 2710//3888 2707//3888
usemtl Mat_NeonAmber
f 2722//3889 2721//3889 2720//3889
f 2722//3890 2720//3890 2719//3890
f 2720//3891 2721//3891 2717//3891
f 2720//3892 2717//3892 2716//3892
f 2721//3893 2722//3893 2718//3893
f 2721//3894 2718//3894 2717//3894
f 2722//3895 2719//3895 2715//3895
f 2722//3896 2715//3896 2718//3896
f 2716//3897 2717//3897 2718//3897
f 2716//3898 2718//3898 2715//3898
usemtl Mat_Bone
f 2730//3899 2729//3899 2728//3899
f 2730//3900 2728//3900 2727//3900
f 2727//3901 2728//3901 2724//3901
f 2727//3902 2724//3902 2723//3902
f 2728//3903 2729//3903 2725//3903
f 2728//3904 2725//3904 2724//3904
f 2729//3905 2730//3905 2726//3905
f 2729//3906 2726//3906 2725//3906
f 2730//3907 2727//3907 2723//3907
f 2730//3908 2723//3908 2726//3908
f 2724//3909 2725//3909 2726//3909
f 2724//3910 2726//3910 2723//3910
f 2738//3911 2737//3911 2736//3911
f 2738//3912 2736//3912 2735//3912
f 2735//3913 2736//3913 2732//3913
f 2735//3914 2732//3914 2731//3914
f 2736//3915 2737//3915 2733//3915
f 2736//3916 2733//3916 2732//3916
f 2737//3917 2738//3917 2734//3917
f 2737//3918 2734//3918 2733//3918
f 2738//3919 2735//3919 2731//3919
f 2738//3920 2731//3920 2734//3920
f 2732//3921 2733//3921 2734//3921
f 2732//3922 2734//3922 2731//3922
f 2746//3923 2745//3923 2744//3923
f 2746//3924 2744//3924 2743//3924
f 2743//3925 2744//3925 2740//3925
f 2743//3926 2740//3926 2739//3926
f 2744//3927 2745//3927 2741//3927
f 2744//3928 2741//3928 2740//3928
f 2745//3929 2746//3929 2742//3929
f 2745//3930 2742//3930 2741//3930
f 2746//3931 2743//3931 2739//3931
f 2746//3932 2739//3932 2742//3932
f 2740//3933 2741//3933 2742//3933
f 2740//3934 2742//3934 2739//3934
f 2754//3935 2753//3935 2752//3935
f 2754//3936 2752//3936 2751//3936
f 2751//3937 2752//3937 2748//3937
f 2751//3938 2748//3938 2747//3938
f 2752//3939 2753//3939 2749//3939
f 2752//3940 2749//3940 2748//3940
f 2753//3941 2754//3941 2750//3941
f 2753//3942 2750//3942 2749//3942
f 2754//3943 2751//3943 2747//3943
f 2754//3944 2747//3944 2750//3944
f 2748//3945 2749//3945 2750//3945
f 2748//3946 2750//3946 2747//3946
f 2762//3947 2761//3947 2760//3947
f 2762//3948 2760//3948 2759//3948
f 2759//3949 2760//3949 2756//3949
f 2759//3950 2756//3950 2755//3950
f 2760//3951 2761//3951 2757//3951
f 2760//3952 2757//3952 2756//3952
f 2761//3953 2762//3953 2758//3953
f 2761//3954 2758//3954 2757//3954
f 2762//3955 2759//3955 2755//3955
f 2762//3956 2755//3956 2758//3956
f 2756//3957 2757//3957 2758//3957
f 2756//3958 2758//3958 2755//3958
f 2770//3959 2769//3959 2768//3959
f 2770//3960 2768//3960 2767//3960
f 2767//3961 2768//3961 2764//3961
f 2767//3962 2764//3962 2763//3962
f 2768//3963 2769//3963 2765//3963
f 2768//3964 2765//3964 2764//3964
f 2769//3965 2770//3965 2766//3965
f 2769//3966 2766//3966 2765//3966
f 2770//3967 2767//3967 2763//3967
f 2770//3968 2763//3968 2766//3968
f 2764//3969 2765//3969 2766//3969
f 2764//3970 2766//3970 2763//3970
f 2778//3971 2777//3971 2776//3971
f 2778//3972 2776//3972 2775//3972
f 2776//3973 2777//3973 2773//3973
f 2776//3974 2773//3974 2772//3974
f 2777//3975 2778//3975 2774//3975
f 2777//3976 2774//3976 2773//3976
f 2778//3977 2775//3977 2771//3977
f 2778//3978 2771//3978 2774//3978
f 2772//3979 2773//3979 2774//3979
f 2772//3980 2774//3980 2771//3980
f 2786//3981 2785//3981 2784//3981
f 2786//3982 2784//3982 2783//3982
f 2784//3983 2785//3983 2781//3983
f 2784//3984 2781//3984 2780//3984
f 2785//3985 2786//3985 2782//3985
f 2785//3986 2782//3986 2781//3986
f 2786//3987 2783//3987 2779//3987
f 2786//3988 2779//3988 2782//3988
f 2780//3989 2781//3989 2782//3989
f 2780//3990 2782//3990 2779//3990
usemtl Mat_Cactus
f 2794//3991 2793//3991 2792//3991
f 2794//3992 2792//3992 2791//3992
f 2791//3993 2792//3993 2788//3993
f 2791//3994 2788//3994 2787//3994
f 2792//3995 2793//3995 2789//3995
f 2792//3996 2789//3996 2788//3996
f 2793//3997 2794//3997 2790//3997
f 2793//3998 2790//3998 2789//3998
f 2794//3999 2791//3999 2787//3999
f 2794//4000 2787//4000 2790//4000
f 2788//4001 2789//4001 2790//4001
f 2788//4002 2790//4002 2787//4002
usemtl Mat_WoodMid
f 2802//4003 2801//4003 2800//4003
f 2802//4004 2800//4004 2799//4004
f 2799//4005 2800//4005 2796//4005
f 2799//4006 2796//4006 2795//4006
f 2800//4007 2801//4007 2797//4007
f 2800//4008 2797//4008 2796//4008
f 2801//4009 2802//4009 2798//4009
f 2801//4010 2798//4010 2797//4010
f 2802//4011 2799//4011 2795//4011
f 2802//4012 2795//4012 2798//4012
f 2796//4013 2797//4013 2798//4013
f 2796//4014 2798//4014 2795//4014
f 2810//4015 2809//4015 2808//4015
f 2810//4016 2808//4016 2807//4016
f 2807//4017 2808//4017 2804//4017
f 2807//4018 2804//4018 2803//4018
f 2808//4019 2809//4019 2805//4019
f 2808//4020 2805//4020 2804//4020
f 2809//4021 2810//4021 2806//4021
f 2809//4022 2806//4022 2805//4022
f 2810//4023 2807//4023 2803//4023
f 2810//4024 2803//4024 2806//4024
f 2804//4025 2805//4025 2806//4025
f 2804//4026 2806//4026 2803//4026
f 2818//4027 2817//4027 2816//4027
f 2818//4028 2816//4028 2815//4028
f 2815//4029 2816//4029 2812//4029
f 2815//4030 2812//4030 2811//4030
f 2816//4031 2817//4031 2813//4031
f 2816//4032 2813//4032 2812//4032
f 2817//4033 2818//4033 2814//4033
f 2817//4034 2814//4034 2813//4034
f 2818//4035 2815//4035 2811//4035
f 2818//4036 2811//4036 2814//4036
f 2812//4037 2813//4037 2814//4037
f 2812//4038 2814//4038 2811//4038
f 2826//4039 2825//4039 2824//4039
f 2826//4040 2824//4040 2823//4040
f 2823//4041 2824//4041 2820//4041
f 2823//4042 2820//4042 2819//4042
f 2824//4043 2825//4043 2821//4043
f 2824//4044 2821//4044 2820//4044
f 2825//4045 2826//4045 2822//4045
f 2825//4046 2822//4046 2821//4046
f 2826//4047 2823//4047 2819//4047
f 2826//4048 2819//4048 2822//4048
f 2820//4049 2821//4049 2822//4049
f 2820//4050 2822//4050 2819//4050
usemtl Mat_Cactus
f 2834//4051 2833//4051 2832//4051
f 2834//4052 2832//4052 2831//4052
f 2831//4053 2832//4053 2828//4053
f 2831//4054 2828//4054 2827//4054
f 2832//4055 2833//4055 2829//4055
f 2832//4056 2829//4056 2828//4056
f 2833//4057 2834//4057 2830//4057
f 2833//4058 2830//4058 2829//4058
f 2834//4059 2831//4059 2827//4059
f 2834//4060 2827//4060 2830//4060
f 2828//4061 2829//4061 2830//4061
f 2828//4062 2830//4062 2827//4062
usemtl Mat_WoodMid
f 2842//4063 2841//4063 2840//4063
f 2842//4064 2840//4064 2839//4064
f 2839//4065 2840//4065 2836//4065
f 2839//4066 2836//4066 2835//4066
f 2840//4067 2841//4067 2837//4067
f 2840//4068 2837//4068 2836//4068
f 2841//4069 2842//4069 2838//4069
f 2841//4070 2838//4070 2837//4070
f 2842//4071 2839//4071 2835//4071
f 2842//4072 2835//4072 2838//4072
f 2836//4073 2837//4073 2838//4073
f 2836//4074 2838//4074 2835//4074
f 2850//4075 2849//4075 2848//4075
f 2850//4076 2848//4076 2847//4076
f 2847//4077 2848//4077 2844//4077
f 2847//4078 2844//4078 2843//4078
f 2848//4079 2849//4079 2845//4079
f 2848//4080 2845//4080 2844//4080
f 2849//4081 2850//4081 2846//4081
f 2849//4082 2846//4082 2845//4082
f 2850//4083 2847//4083 2843//4083
f 2850//4084 2843//4084 2846//4084
f 2844//4085 2845//4085 2846//4085
f 2844//4086 2846//4086 2843//4086
f 2858//4087 2857//4087 2856//4087
f 2858//4088 2856//4088 2855//4088
f 2855//4089 2856//4089 2852//4089
f 2855//4090 2852//4090 2851//4090
f 2856//4091 2857//4091 2853//4091
f 2856//4092 2853//4092 2852//4092
f 2857//4093 2858//4093 2854//4093
f 2857//4094 2854//4094 2853//4094
f 2858//4095 2855//4095 2851//4095
f 2858//4096 2851//4096 2854//4096
f 2852//4097 2853//4097 2854//4097
f 2852//4098 2854//4098 2851//4098
f 2866//4099 2865//4099 2864//4099
f 2866//4100 2864//4100 2863//4100
f 2863//4101 2864//4101 2860//4101
f 2863//4102 2860//4102 2859//4102
f 2864//4103 2865//4103 2861//4103
f 2864//4104 2861//4104 2860//4104
f 2865//4105 2866//4105 2862//4105
f 2865//4106 2862//4106 2861//4106
f 2866//4107 2863//4107 2859//4107
f 2866//4108 2859//4108 2862//4108
f 2860//4109 2861//4109 2862//4109
f 2860//4110 2862//4110 2859//4110
usemtl Mat_Bone
f 2881//4111 2882//4111 2868//4111
f 2881//4112 2868//4112 2867//4112
f 2882//4113 2883//4113 2869//4113
f 2882//4114 2869//4114 2868//4114
f 2883//4115 2884//4115 2870//4115
f 2883//4116 2870//4116 2869//4116
f 2884//4117 2885//4117 2871//4117
f 2884//4118 2871//4118 2870//4118
f 2885//4119 2886//4119 2872//4119
f 2885//4120 2872//4120 2871//4120
f 2886//4121 2887//4121 2873//4121
f 2886//4122 2873//4122 2872//4122
f 2887//4123 2888//4123 2874//4123
f 2887//4124 2874//4124 2873//4124
f 2888//4125 2889//4125 2875//4125
f 2888//4126 2875//4126 2874//4126
f 2889//4127 2890//4127 2876//4127
f 2889//4128 2876//4128 2875//4128
f 2890//4129 2891//4129 2877//4129
f 2890//4130 2877//4130 2876//4130
f 2891//4131 2892//4131 2878//4131
f 2891//4132 2878//4132 2877//4132
f 2892//4133 2893//4133 2879//4133
f 2892//4134 2879//4134 2878//4134
f 2893//4135 2894//4135 2880//4135
f 2893//4136 2880//4136 2879//4136
f 2894//4137 2881//4137 2867//4137
f 2894//4138 2867//4138 2880//4138
f 2894//4139 2893//4139 2892//4139
f 2894//4140 2892//4140 2891//4140
f 2894//4141 2891//4141 2890//4141
f 2894//4142 2890//4142 2889//4142
f 2894//4143 2889//4143 2888//4143
f 2894//4144 2888//4144 2887//4144
f 2894//4145 2887//4145 2886//4145
f 2894//4146 2886//4146 2885//4146
f 2894//4147 2885//4147 2884//4147
f 2894//4148 2884//4148 2883//4148
f 2894//4149 2883//4149 2882//4149
f 2894//4150 2882//4150 2881//4150
usemtl Mat_NeonAmber
f 2909//4151 2910//4151 2896//4151
f 2909//4152 2896//4152 2895//4152
f 2910//4153 2911//4153 2897//4153
f 2910//4154 2897//4154 2896//4154
f 2911//4155 2912//4155 2898//4155
f 2911//4156 2898//4156 2897//4156
f 2912//4157 2913//4157 2899//4157
f 2912//4158 2899//4158 2898//4158
f 2913//4159 2914//4159 2900//4159
f 2913//4160 2900//4160 2899//4160
f 2914//4161 2915//4161 2901//4161
f 2914//4162 2901//4162 2900//4162
f 2915//4163 2916//4163 2902//4163
f 2915//4164 2902//4164 2901//4164
f 2916//4165 2917//4165 2903//4165
f 2916//4166 2903//4166 2902//4166
f 2917//4167 2918//4167 2904//4167
f 2917//4168 2904//4168 2903//4168
f 2918//4169 2919//4169 2905//4169
f 2918//4170 2905//4170 2904//4170
f 2919//4171 2920//4171 2906//4171
f 2919//4172 2906//4172 2905//4172
f 2920//4173 2921//4173 2907//4173
f 2920//4174 2907//4174 2906//4174
f 2921//4175 2922//4175 2908//4175
f 2921//4176 2908//4176 2907//4176
f 2922//4177 2909//4177 2895//4177
f 2922//4178 2895//4178 2908//4178
f 2922//4179 2921//4179 2920//4179
f 2922//4180 2920//4180 2919//4180
f 2922//4181 2919//4181 2918//4181
f 2922//4182 2918//4182 2917//4182
f 2922//4183 2917//4183 2916//4183
f 2922//4184 2916//4184 2915//4184
f 2922//4185 2915//4185 2914//4185
f 2922//4186 2914//4186 2913//4186
f 2922//4187 2913//4187 2912//4187
f 2922//4188 2912//4188 2911//4188
f 2922//4189 2911//4189 2910//4189
f 2922//4190 2910//4190 2909//4190
usemtl Mat_Brass
f 2923//4191 2924//4191 2928//4191
f 2923//4192 2928//4192 2927//4192
f 2924//4193 2925//4193 2929//4193
f 2924//4194 2929//4194 2928//4194
f 2925//4195 2926//4195 2930//4195
f 2925//4196 2930//4196 2929//4196
f 2926//4197 2923//4197 2927//4197
f 2926//4198 2927//4198 2930//4198
f 2927//4199 2928//4199 2932//4199
f 2927//4200 2932//4200 2931//4200
f 2928//4201 2929//4201 2933//4201
f 2928//4202 2933//4202 2932//4202
f 2929//4203 2930//4203 2934//4203
f 2929//4204 2934//4204 2933//4204
f 2930//4205 2927//4205 2931//4205
f 2930//4206 2931//4206 2934//4206
f 2931//4207 2932//4207 2936//4207
f 2931//4208 2936//4208 2935//4208
f 2932//4209 2933//4209 2937//4209
f 2932//4210 2937//4210 2936//4210
f 2933//4211 2934//4211 2938//4211
f 2933//4212 2938//4212 2937//4212
f 2934//4213 2931//4213 2935//4213
f 2934//4214 2935//4214 2938//4214
f 2935//4215 2936//4215 2940//4215
f 2935//4216 2940//4216 2939//4216
f 2936//4217 2937//4217 2941//4217
f 2936//4218 2941//4218 2940//4218
f 2937//4219 2938//4219 2942//4219
f 2937//4220 2942//4220 2941//4220
f 2938//4221 2935//4221 2939//4221
f 2938//4222 2939//4222 2942//4222
f 2939//4223 2940//4223 2944//4223
f 2939//4224 2944//4224 2943//4224
f 2940//4225 2941//4225 2945//4225
f 2940//4226 2945//4226 2944//4226
f 2941//4227 2942//4227 2946//4227
f 2941//4228 2946//4228 2945//4228
f 2942//4229 2939//4229 2943//4229
f 2942//4230 2943//4230 2946//4230
f 2943//4231 2944//4231 2948//4231
f 2943//4232 2948//4232 2947//4232
f 2944//4233 2945//4233 2949//4233
f 2944//4234 2949//4234 2948//4234
f 2945//4235 2946//4235 2950//4235
f 2945//4236 2950//4236 2949//4236
f 2946//4237 2943//4237 2947//4237
f 2946//4238 2947//4238 2950//4238
f 2947//4239 2948//4239 2952//4239
f 2947//4240 2952//4240 2951//4240
f 2948//4241 2949//4241 2953//4241
f 2948//4242 2953//4242 2952//4242
f 2949//4243 2950//4243 2954//4243
f 2949//4244 2954//4244 2953//4244
f 2950//4245 2947//4245 2951//4245
f 2950//4246 2951//4246 2954//4246
f 2951//4247 2952//4247 2956//4247
f 2951//4248 2956//4248 2955//4248
f 2952//4249 2953//4249 2957//4249
f 2952//4250 2957//4250 2956//4250
f 2953//4251 2954//4251 2958//4251
f 2953//4252 2958//4252 2957//4252
f 2954//4253 2951//4253 2955//4253
f 2954//4254 2955//4254 2958//4254
f 2955//4255 2956//4255 2960//4255
f 2955//4256 2960//4256 2959//4256
f 2956//4257 2957//4257 2961//4257
f 2956//4258 2961//4258 2960//4258
f 2957//4259 2958//4259 2962//4259
f 2957//4260 2962//4260 2961//4260
f 2958//4261 2955//4261 2959//4261
f 2958//4262 2959//4262 2962//4262
f 2959//4263 2960//4263 2964//4263
f 2959//4264 2964//4264 2963//4264
f 2960//4265 2961//4265 2965//4265
f 2960//4266 2965//4266 2964//4266
f 2961//4267 2962//4267 2966//4267
f 2961//4268 2966//4268 2965//4268
f 2962//4269 2959//4269 2963//4269
f 2962//4270 2963//4270 2966//4270
f 2963//4271 2964//4271 2968//4271
f 2963//4272 2968//4272 2967//4272
f 2964//4273 2965//4273 2969//4273
f 2964//4274 2969//4274 2968//4274
f 2965//4275 2966//4275 2970//4275
f 2965//4276 2970//4276 2969//4276
f 2966//4277 2963//4277 2967//4277
f 2966//4278 2967//4278 2970//4278
f 2967//4279 2968//4279 2972//4279
f 2967//4280 2972//4280 2971//4280
f 2968//4281 2969//4281 2973//4281
f 2968//4282 2973//4282 2972//4282
f 2969//4283 2970//4283 2974//4283
f 2969//4284 2974//4284 2973//4284
f 2970//4285 2967//4285 2971//4285
f 2970//4286 2971//4286 2974//4286
f 2971//4287 2972//4287 2976//4287
f 2971//4288 2976//4288 2975//4288
f 2972//4289 2973//4289 2977//4289
f 2972//4290 2977//4290 2976//4290
f 2973//4291 2974//4291 2978//4291
f 2973//4292 2978//4292 2977//4292
f 2974//4293 2971//4293 2975//4293
f 2974//4294 2975//4294 2978//4294
f 2975//4295 2976//4295 2924//4295
f 2975//4296 2924//4296 2923//4296
f 2976//4297 2977//4297 2925//4297
f 2976//4298 2925//4298 2924//4298
f 2977//4299 2978//4299 2926//4299
f 2977//4300 2926//4300 2925//4300
f 2978//4301 2975//4301 2923//4301
f 2978//4302 2923//4302 2926//4302
usemtl Mat_Bone
f 2987//4303 2988//4303 2980//4303
f 2987//4304 2980//4304 2979//4304
f 2988//4305 2989//4305 2981//4305
f 2988//4306 2981//4306 2980//4306
f 2989//4307 2990//4307 2982//4307
f 2989//4308 2982//4308 2981//4308
f 2990//4309 2991//4309 2983//4309
f 2990//4310 2983//4310 2982//4310
f 2991//4311 2992//4311 2984//4311
f 2991//4312 2984//4312 2983//4312
f 2992//4313 2993//4313 2985//4313
f 2992//4314 2985//4314 2984//4314
f 2993//4315 2994//4315 2986//4315
f 2993//4316 2986//4316 2985//4316
f 2994//4317 2987//4317 2979//4317
f 2994//4318 2979//4318 2986//4318
f 2994//4319 2993//4319 2992//4319
f 2994//4320 2992//4320 2991//4320
f 2994//4321 2991//4321 2990//4321
f 2994//4322 2990//4322 2989//4322
f 2994//4323 2989//4323 2988//4323
f 2994//4324 2988//4324 2987//4324
f 3002//4325 3001//4325 3000//4325
f 3002//4326 3000//4326 2999//4326
f 2999//4327 3000//4327 2996//4327
f 2999//4328 2996//4328 2995//4328
f 3000//4329 3001//4329 2997//4329
f 3000//4330 2997//4330 2996//4330
f 3001//4331 3002//4331 2998//4331
f 3001//4332 2998//4332 2997//4332
f 3002//4333 2999//4333 2995//4333
f 3002//4334 2995//4334 2998//4334
f 2996//4335 2997//4335 2998//4335
f 2996//4336 2998//4336 2995//4336
f 3010//4337 3009//4337 3008//4337
f 3010//4338 3008//4338 3007//4338
f 3007//4339 3008//4339 3004//4339
f 3007//4340 3004//4340 3003//4340
f 3008//4341 3009//4341 3005//4341
f 3008//4342 3005//4342 3004//4342
f 3009//4343 3010//4343 3006//4343
f 3009//4344 3006//4344 3005//4344
f 3010//4345 3007//4345 3003//4345
f 3010//4346 3003//4346 3006//4346
f 3004//4347 3005//4347 3006//4347
f 3004//4348 3006//4348 3003//4348
f 3018//4349 3017//4349 3016//4349
f 3018//4350 3016//4350 3015//4350
f 3015//4351 3016//4351 3012//4351
f 3015//4352 3012//4352 3011//4352
f 3016//4353 3017//4353 3013//4353
f 3016//4354 3013//4354 3012//4354
f 3017//4355 3018//4355 3014//4355
f 3017//4356 3014//4356 3013//4356
f 3018//4357 3015//4357 3011//4357
f 3018//4358 3011//4358 3014//4358
f 3012//4359 3013//4359 3014//4359
f 3012//4360 3014//4360 3011//4360
f 3026//4361 3025//4361 3024//4361
f 3026//4362 3024//4362 3023//4362
f 3023//4363 3024//4363 3020//4363
f 3023//4364 3020//4364 3019//4364
f 3024//4365 3025//4365 3021//4365
f 3024//4366 3021//4366 3020//4366
f 3025//4367 3026//4367 3022//4367
f 3025//4368 3022//4368 3021//4368
f 3026//4369 3023//4369 3019//4369
f 3026//4370 3019//4370 3022//4370
f 3020//4371 3021//4371 3022//4371
f 3020//4372 3022//4372 3019//4372
f 3037//4373 3027//4373 3028//4373
f 3037//4374 3028//4374 3029//4374
f 3037//4375 3029//4375 3030//4375
f 3037//4376 3030//4376 3031//4376
f 3037//4377 3031//4377 3032//4377
f 3037//4378 3032//4378 3033//4378
f 3037//4379 3033//4379 3034//4379
f 3037//4380 3034//4380 3035//4380
f 3035//4381 3036//4381 3037//4381
f 3039//4382 3038//4382 3048//4382
f 3040//4383 3039//4383 3048//4383
f 3041//4384 3040//4384 3048//4384
f 3042//4385 3041//4385 3048//4385
f 3043//4386 3042//4386 3048//4386
f 3044//4387 3043//4387 3048//4387
f 3045//4388 3044//4388 3048//4388
f 3046//4389 3045//4389 3048//4389
f 3048//4390 3047//4390 3046//4390
f 3027//4391 3038//4391 3039//4391
f 3027//4392 3039//4392 3028//4392
f 3028//4393 3039//4393 3040//4393
f 3028//4394 3040//4394 3029//4394
f 3029//4395 3040//4395 3041//4395
f 3029//4396 3041//4396 3030//4396
f 3030//4397 3041//4397 3042//4397
f 3030//4398 3042//4398 3031//4398
f 3031//4399 3042//4399 3043//4399
f 3031//4400 3043//4400 3032//4400
f 3032//4401 3043//4401 3044//4401
f 3032//4402 3044//4402 3033//4402
f 3033//4403 3044//4403 3045//4403
f 3033//4404 3045//4404 3034//4404
f 3034//4405 3045//4405 3046//4405
f 3034//4406 3046//4406 3035//4406
f 3035//4407 3046//4407 3047//4407
f 3035//4408 3047//4408 3036//4408
f 3036//4409 3047//4409 3048//4409
f 3036//4410 3048//4410 3037//4410
f 3037//4411 3048//4411 3038//4411
f 3037//4412 3038//4412 3027//4412
usemtl Mat_NeonAmber
f 3059//4413 3049//4413 3050//4413
f 3059//4414 3050//4414 3051//4414
f 3059//4415 3051//4415 3052//4415
f 3059//4416 3052//4416 3053//4416
f 3059//4417 3053//4417 3054//4417
f 3059//4418 3054//4418 3055//4418
f 3059//4419 3055//4419 3056//4419
f 3059//4420 3056//4420 3057//4420
f 3057//4421 3058//4421 3059//4421
f 3061//4422 3060//4422 3070//4422
f 3062//4423 3061//4423 3070//4423
f 3063//4424 3062//4424 3070//4424
f 3064//4425 3063//4425 3070//4425
f 3065//4426 3064//4426 3070//4426
f 3066//4427 3065//4427 3070//4427
f 3067//4428 3066//4428 3070//4428
f 3068//4429 3067//4429 3070//4429
f 3070//4430 3069//4430 3068//4430
f 3049//4431 3060//4431 3061//4431
f 3049//4432 3061//4432 3050//4432
f 3050//4433 3061//4433 3062//4433
f 3050//4434 3062//4434 3051//4434
f 3051//4435 3062//4435 3063//4435
f 3051//4436 3063//4436 3052//4436
f 3052//4437 3063//4437 3064//4437
f 3052//4438 3064//4438 3053//4438
f 3053//4439 3064//4439 3065//4439
f 3053//4440 3065//4440 3054//4440
f 3054//4441 3065//4441 3066//4441
f 3054//4442 3066//4442 3055//4442
f 3055//4443 3066//4443 3067//4443
f 3055//4444 3067//4444 3056//4444
f 3056//4445 3067//4445 3068//4445
f 3056//4446 3068//4446 3057//4446
f 3057//4447 3068//4447 3069//4447
f 3057//4448 3069//4448 3058//4448
f 3058//4449 3069//4449 3070//4449
f 3058//4450 3070//4450 3059//4450
f 3059//4451 3070//4451 3060//4451
f 3059//4452 3060//4452 3049//4452
usemtl Mat_Bone
f 3078//4453 3077//4453 3076//4453
f 3078//4454 3076//4454 3075//4454
f 3076//4455 3077//4455 3073//4455
f 3076//4456 3073//4456 3072//4456
f 3077//4457 3078//4457 3074//4457
f 3077//4458 3074//4458 3073//4458
f 3078//4459 3075//4459 3071//4459
f 3078//4460 3071//4460 3074//4460
f 3072//4461 3073//4461 3074//4461
f 3072//4462 3074//4462 3071//4462
f 3086//4463 3085//4463 3084//4463
f 3086//4464 3084//4464 3083//4464
f 3084//4465 3085//4465 3081//4465
f 3084//4466 3081//4466 3080//4466
f 3085//4467 3086//4467 3082//4467
f 3085//4468 3082//4468 3081//4468
f 3086//4469 3083//4469 3079//4469
f 3086//4470 3079//4470 3082//4470
f 3080//4471 3081//4471 3082//4471
f 3080//4472 3082//4472 3079//4472
f 3094//4473 3093//4473 3092//4473
f 3094//4474 3092//4474 3091//4474
f 3091//4475 3092//4475 3088//4475
f 3091//4476 3088//4476 3087//4476
f 3092//4477 3093//4477 3089//4477
f 3092//4478 3089//4478 3088//4478
f 3093//4479 3094//4479 3090//4479
f 3093//4480 3090//4480 3089//4480
f 3094//4481 3091//4481 3087//4481
f 3094//4482 3087//4482 3090//4482
f 3088//4483 3089//4483 3090//4483
f 3088//4484 3090//4484 3087//4484
f 3102//4485 3101//4485 3100//4485
f 3102//4486 3100//4486 3099//4486
f 3099//4487 3100//4487 3096//4487
f 3099//4488 3096//4488 3095//4488
f 3100//4489 3101//4489 3097//4489
f 3100//4490 3097//4490 3096//4490
f 3101//4491 3102//4491 3098//4491
f 3101//4492 3098//4492 3097//4492
f 3102//4493 3099//4493 3095//4493
f 3102//4494 3095//4494 3098//4494
f 3096//4495 3097//4495 3098//4495
f 3096//4496 3098//4496 3095//4496
usemtl Mat_NeonAmber
f 3110//4497 3109//4497 3108//4497
f 3110//4498 3108//4498 3107//4498
f 3108//4499 3109//4499 3105//4499
f 3108//4500 3105//4500 3104//4500
f 3109//4501 3110//4501 3106//4501
f 3109//4502 3106//4502 3105//4502
f 3110//4503 3107//4503 3103//4503
f 3110//4504 3103//4504 3106//4504
f 3104//4505 3105//4505 3106//4505
f 3104//4506 3106//4506 3103//4506
usemtl Mat_Bone
f 3118//4507 3117//4507 3116//4507
f 3118//4508 3116//4508 3115//4508
f 3115//4509 3116//4509 3112//4509
f 3115//4510 3112//4510 3111//4510
f 3116//4511 3117//4511 3113//4511
f 3116//4512 3113//4512 3112//4512
f 3117//4513 3118//4513 3114//4513
f 3117//4514 3114//4514 3113//4514
f 3118//4515 3115//4515 3111//4515
f 3118//4516 3111//4516 3114//4516
f 3112//4517 3113//4517 3114//4517
f 3112//4518 3114//4518 3111//4518
f 3126//4519 3125//4519 3124//4519
f 3126//4520 3124//4520 3123//4520
f 3123//4521 3124//4521 3120//4521
f 3123//4522 3120//4522 3119//4522
f 3124//4523 3125//4523 3121//4523
f 3124//4524 3121//4524 3120//4524
f 3125//4525 3126//4525 3122//4525
f 3125//4526 3122//4526 3121//4526
f 3126//4527 3123//4527 3119//4527
f 3126//4528 3119//4528 3122//4528
f 3120//4529 3121//4529 3122//4529
f 3120//4530 3122//4530 3119//4530
f 3134//4531 3133//4531 3132//4531
f 3134//4532 3132//4532 3131//4532
f 3131//4533 3132//4533 3128//4533
f 3131//4534 3128//4534 3127//4534
f 3132//4535 3133//4535 3129//4535
f 3132//4536 3129//4536 3128//4536
f 3133//4537 3134//4537 3130//4537
f 3133//4538 3130//4538 3129//4538
f 3134//4539 3131//4539 3127//4539
f 3134//4540 3127//4540 3130//4540
f 3128//4541 3129//4541 3130//4541
f 3128//4542 3130//4542 3127//4542
f 3142//4543 3141//4543 3140//4543
f 3142//4544 3140//4544 3139//4544
f 3139//4545 3140//4545 3136//4545
f 3139//4546 3136//4546 3135//4546
f 3140//4547 3141//4547 3137//4547
f 3140//4548 3137//4548 3136//4548
f 3141//4549 3142//4549 3138//4549
f 3141//4550 3138//4550 3137//4550
f 3142//4551 3139//4551 3135//4551
f 3142//4552 3135//4552 3138//4552
f 3136//4553 3137//4553 3138//4553
f 3136//4554 3138//4554 3135//4554
f 3150//4555 3149//4555 3148//4555
f 3150//4556 3148//4556 3147//4556
f 3147//4557 3148//4557 3144//4557
f 3147//4558 3144//4558 3143//4558
f 3148//4559 3149//4559 3145//4559
f 3148//4560 3145//4560 3144//4560
f 3149//4561 3150//4561 3146//4561
f 3149//4562 3146//4562 3145//4562
f 3150//4563 3147//4563 3143//4563
f 3150//4564 3143//4564 3146//4564
f 3144//4565 3145//4565 3146//4565
f 3144//4566 3146//4566 3143//4566
f 3158//4567 3157//4567 3156//4567
f 3158//4568 3156//4568 3155//4568
f 3155//4569 3156//4569 3152//4569
f 3155//4570 3152//4570 3151//4570
f 3156//4571 3157//4571 3153//4571
f 3156//4572 3153//4572 3152//4572
f 3157//4573 3158//4573 3154//4573
f 3157//4574 3154//4574 3153//4574
f 3158//4575 3155//4575 3151//4575
f 3158//4576 3151//4576 3154//4576
f 3152//4577 3153//4577 3154//4577
f 3152//4578 3154//4578 3151//4578
f 3166//4579 3165//4579 3164//4579
f 3166//4580 3164//4580 3163//4580
f 3164//4581 3165//4581 3161//4581
f 3164//4582 3161//4582 3160//4582
f 3165//4583 3166//4583 3162//4583
f 3165//4584 3162//4584 3161//4584
f 3166//4585 3163//4585 3159//4585
f 3166//4586 3159//4586 3162//4586
f 3160//4587 3161//4587 3162//4587
f 3160//4588 3162//4588 3159//4588
f 3174//4589 3173//4589 3172//4589
f 3174//4590 3172//4590 3171//4590
f 3172//4591 3173//4591 3169//4591
f 3172//4592 3169//4592 3168//4592
f 3173//4593 3174//4593 3170//4593
f 3173//4594 3170//4594 3169//4594
f 3174//4595 3171//4595 3167//4595
f 3174//4596 3167//4596 3170//4596
f 3168//4597 3169//4597 3170//4597
f 3168//4598 3170//4598 3167//4598
usemtl Mat_Cactus
f 3182//4599 3181//4599 3180//4599
f 3182//4600 3180//4600 3179//4600
f 3179//4601 3180//4601 3176//4601
f 3179//4602 3176//4602 3175//4602
f 3180//4603 3181//4603 3177//4603
f 3180//4604 3177//4604 3176//4604
f 3181//4605 3182//4605 3178//4605
f 3181//4606 3178//4606 3177//4606
f 3182//4607 3179//4607 3175//4607
f 3182//4608 3175//4608 3178//4608
f 3176//4609 3177//4609 3178//4609
f 3176//4610 3178//4610 3175//4610
usemtl Mat_WoodMid
f 3190//4611 3189//4611 3188//4611
f 3190//4612 3188//4612 3187//4612
f 3187//4613 3188//4613 3184//4613
f 3187//4614 3184//4614 3183//4614
f 3188//4615 3189//4615 3185//4615
f 3188//4616 3185//4616 3184//4616
f 3189//4617 3190//4617 3186//4617
f 3189//4618 3186//4618 3185//4618
f 3190//4619 3187//4619 3183//4619
f 3190//4620 3183//4620 3186//4620
f 3184//4621 3185//4621 3186//4621
f 3184//4622 3186//4622 3183//4622
f 3198//4623 3197//4623 3196//4623
f 3198//4624 3196//4624 3195//4624
f 3195//4625 3196//4625 3192//4625
f 3195//4626 3192//4626 3191//4626
f 3196//4627 3197//4627 3193//4627
f 3196//4628 3193//4628 3192//4628
f 3197//4629 3198//4629 3194//4629
f 3197//4630 3194//4630 3193//4630
f 3198//4631 3195//4631 3191//4631
f 3198//4632 3191//4632 3194//4632
f 3192//4633 3193//4633 3194//4633
f 3192//4634 3194//4634 3191//4634
f 3206//4635 3205//4635 3204//4635
f 3206//4636 3204//4636 3203//4636
f 3203//4637 3204//4637 3200//4637
f 3203//4638 3200//4638 3199//4638
f 3204//4639 3205//4639 3201//4639
f 3204//4640 3201//4640 3200//4640
f 3205//4641 3206//4641 3202//4641
f 3205//4642 3202//4642 3201//4642
f 3206//4643 3203//4643 3199//4643
f 3206//4644 3199//4644 3202//4644
f 3200//4645 3201//4645 3202//4645
f 3200//4646 3202//4646 3199//4646
f 3214//4647 3213//4647 3212//4647
f 3214//4648 3212//4648 3211//4648
f 3211//4649 3212//4649 3208//4649
f 3211//4650 3208//4650 3207//4650
f 3212//4651 3213//4651 3209//4651
f 3212//4652 3209//4652 3208//4652
f 3213//4653 3214//4653 3210//4653
f 3213//4654 3210//4654 3209//4654
f 3214//4655 3211//4655 3207//4655
f 3214//4656 3207//4656 3210//4656
f 3208//4657 3209//4657 3210//4657
f 3208//4658 3210//4658 3207//4658
usemtl Mat_Cactus
f 3222//4659 3221//4659 3220//4659
f 3222//4660 3220//4660 3219//4660
f 3219//4661 3220//4661 3216//4661
f 3219//4662 3216//4662 3215//4662
f 3220//4663 3221//4663 3217//4663
f 3220//4664 3217//4664 3216//4664
f 3221//4665 3222//4665 3218//4665
f 3221//4666 3218//4666 3217//4666
f 3222//4667 3219//4667 3215//4667
f 3222//4668 3215//4668 3218//4668
f 3216//4669 3217//4669 3218//4669
f 3216//4670 3218//4670 3215//4670
usemtl Mat_WoodMid
f 3230//4671 3229//4671 3228//4671
f 3230//4672 3228//4672 3227//4672
f 3227//4673 3228//4673 3224//4673
f 3227//4674 3224//4674 3223//4674
f 3228//4675 3229//4675 3225//4675
f 3228//4676 3225//4676 3224//4676
f 3229//4677 3230//4677 3226//4677
f 3229//4678 3226//4678 3225//4678
f 3230//4679 3227//4679 3223//4679
f 3230//4680 3223//4680 3226//4680
f 3224//4681 3225//4681 3226//4681
f 3224//4682 3226//4682 3223//4682
f 3238//4683 3237//4683 3236//4683
f 3238//4684 3236//4684 3235//4684
f 3235//4685 3236//4685 3232//4685
f 3235//4686 3232//4686 3231//4686
f 3236//4687 3237//4687 3233//4687
f 3236//4688 3233//4688 3232//4688
f 3237//4689 3238//4689 3234//4689
f 3237//4690 3234//4690 3233//4690
f 3238//4691 3235//4691 3231//4691
f 3238//4692 3231//4692 3234//4692
f 3232//4693 3233//4693 3234//4693
f 3232//4694 3234//4694 3231//4694
f 3246//4695 3245//4695 3244//4695
f 3246//4696 3244//4696 3243//4696
f 3243//4697 3244//4697 3240//4697
f 3243//4698 3240//4698 3239//4698
f 3244//4699 3245//4699 3241//4699
f 3244//4700 3241//4700 3240//4700
f 3245//4701 3246//4701 3242//4701
f 3245//4702 3242//4702 3241//4702
f 3246//4703 3243//4703 3239//4703
f 3246//4704 3239//4704 3242//4704
f 3240//4705 3241//4705 3242//4705
f 3240//4706 3242//4706 3239//4706
f 3254//4707 3253//4707 3252//4707
f 3254//4708 3252//4708 3251//4708
f 3251//4709 3252//4709 3248//4709
f 3251//4710 3248//4710 3247//4710
f 3252//4711 3253//4711 3249//4711
f 3252//4712 3249//4712 3248//4712
f 3253//4713 3254//4713 3250//4713
f 3253//4714 3250//4714 3249//4714
f 3254//4715 3251//4715 3247//4715
f 3254//4716 3247//4716 3250//4716
f 3248//4717 3249//4717 3250//4717
f 3248//4718 3250//4718 3247//4718
usemtl Mat_Bone
f 3265//4719 3255//4719 3256//4719
f 3265//4720 3256//4720 3257//4720
f 3265//4721 3257//4721 3258//4721
f 3265//4722 3258//4722 3259//4722
f 3265//4723 3259//4723 3260//4723
f 3265//4724 3260//4724 3261//4724
f 3265//4725 3261//4725 3262//4725
f 3265//4726 3262//4726 3263//4726
f 3263//4727 3264//4727 3265//4727
f 3267//4728 3266//4728 3276//4728
f 3268//4729 3267//4729 3276//4729
f 3269//4730 3268//4730 3276//4730
f 3270//4731 3269//4731 3276//4731
f 3271//4732 3270//4732 3276//4732
f 3272//4733 3271//4733 3276//4733
f 3273//4734 3272//4734 3276//4734
f 3274//4735 3273//4735 3276//4735
f 3276//4736 3275//4736 3274//4736
f 3255//4737 3266//4737 3267//4737
f 3255//4738 3267//4738 3256//4738
f 3256//4739 3267//4739 3268//4739
f 3256//4740 3268//4740 3257//4740
f 3257//4741 3268//4741 3269//4741
f 3257//4742 3269//4742 3258//4742
f 3258//4743 3269//4743 3270//4743
f 3258//4744 3270//4744 3259//4744
f 3259//4745 3270//4745 3271//4745
f 3259//4746 3271//4746 3260//4746
f 3260//4747 3271//4747 3272//4747
f 3260//4748 3272//4748 3261//4748
f 3261//4749 3272//4749 3273//4749
f 3261//4750 3273//4750 3262//4750
f 3262//4751 3273//4751 3274//4751
f 3262//4752 3274//4752 3263//4752
f 3263//4753 3274//4753 3275//4753
f 3263//4754 3275//4754 3264//4754
f 3264//4755 3275//4755 3276//4755
f 3264//4756 3276//4756 3265//4756
f 3265//4757 3276//4757 3266//4757
f 3265//4758 3266//4758 3255//4758
usemtl Mat_NeonAmber
f 3287//4759 3277//4759 3278//4759
f 3287//4760 3278//4760 3279//4760
f 3287//4761 3279//4761 3280//4761
f 3287//4762 3280//4762 3281//4762
f 3287//4763 3281//4763 3282//4763
f 3287//4764 3282//4764 3283//4764
f 3287//4765 3283//4765 3284//4765
f 3287//4766 3284//4766 3285//4766
f 3285//4767 3286//4767 3287//4767
f 3289//4768 3288//4768 3298//4768
f 3290//4769 3289//4769 3298//4769
f 3291//4770 3290//4770 3298//4770
f 3292//4771 3291//4771 3298//4771
f 3293//4772 3292//4772 3298//4772
f 3294//4773 3293//4773 3298//4773
f 3295//4774 3294//4774 3298//4774
f 3296//4775 3295//4775 3298//4775
f 3298//4776 3297//4776 3296//4776
f 3277//4777 3288//4777 3289//4777
f 3277//4778 3289//4778 3278//4778
f 3278//4779 3289//4779 3290//4779
f 3278//4780 3290//4780 3279//4780
f 3279//4781 3290//4781 3291//4781
f 3279//4782 3291//4782 3280//4782
f 3280//4783 3291//4783 3292//4783
f 3280//4784 3292//4784 3281//4784
f 3281//4785 3292//4785 3293//4785
f 3281//4786 3293//4786 3282//4786
f 3282//4787 3293//4787 3294//4787
f 3282//4788 3294//4788 3283//4788
f 3283//4789 3294//4789 3295//4789
f 3283//4790 3295//4790 3284//4790
f 3284//4791 3295//4791 3296//4791
f 3284//4792 3296//4792 3285//4792
f 3285//4793 3296//4793 3297//4793
f 3285//4794 3297//4794 3286//4794
f 3286//4795 3297//4795 3298//4795
f 3286//4796 3298//4796 3287//4796
f 3287//4797 3298//4797 3288//4797
f 3287//4798 3288//4798 3277//4798
usemtl Mat_Bone
f 3306//4799 3305//4799 3304//4799
f 3306//4800 3304//4800 3303//4800
f 3304//4801 3305//4801 3301//4801
f 3304//4802 3301//4802 3300//4802
f 3305//4803 3306//4803 3302//4803
f 3305//4804 3302//4804 3301//4804
f 3306//4805 3303//4805 3299//4805
f 3306//4806 3299//4806 3302//4806
f 3300//4807 3301//4807 3302//4807
f 3300//4808 3302//4808 3299//4808
f 3314//4809 3313//4809 3312//4809
f 3314//4810 3312//4810 3311//4810
f 3312//4811 3313//4811 3309//4811
f 3312//4812 3309//4812 3308//4812
f 3313//4813 3314//4813 3310//4813
f 3313//4814 3310//4814 3309//4814
f 3314//4815 3311//4815 3307//4815
f 3314//4816 3307//4816 3310//4816
f 3308//4817 3309//4817 3310//4817
f 3308//4818 3310//4818 3307//4818
f 3322//4819 3321//4819 3320//4819
f 3322//4820 3320//4820 3319//4820
f 3319//4821 3320//4821 3316//4821
f 3319//4822 3316//4822 3315//4822
f 3320//4823 3321//4823 3317//4823
f 3320//4824 3317//4824 3316//4824
f 3321//4825 3322//4825 3318//4825
f 3321//4826 3318//4826 3317//4826
f 3322//4827 3319//4827 3315//4827
f 3322//4828 3315//4828 3318//4828
f 3316//4829 3317//4829 3318//4829
f 3316//4830 3318//4830 3315//4830
f 3330//4831 3329//4831 3328//4831
f 3330//4832 3328//4832 3327//4832
f 3327//4833 3328//4833 3324//4833
f 3327//4834 3324//4834 3323//4834
f 3328//4835 3329//4835 3325//4835
f 3328//4836 3325//4836 3324//4836
f 3329//4837 3330//4837 3326//4837
f 3329//4838 3326//4838 3325//4838
f 3330//4839 3327//4839 3323//4839
f 3330//4840 3323//4840 3326//4840
f 3324//4841 3325//4841 3326//4841
f 3324//4842 3326//4842 3323//4842
usemtl Mat_NeonAmber
f 3338//4843 3337//4843 3336//4843
f 3338//4844 3336//4844 3335//4844
f 3336//4845 3337//4845 3333//4845
f 3336//4846 3333//4846 3332//4846
f 3337//4847 3338//4847 3334//4847
f 3337//4848 3334//4848 3333//4848
f 3338//4849 3335//4849 3331//4849
f 3338//4850 3331//4850 3334//4850
f 3332//4851 3333//4851 3334//4851
f 3332//4852 3334//4852 3331//4852
usemtl Mat_Bone
f 3346//4853 3345//4853 3344//4853
f 3346//4854 3344//4854 3343//4854
f 3343//4855 3344//4855 3340//4855
f 3343//4856 3340//4856 3339//4856
f 3344//4857 3345//4857 3341//4857
f 3344//4858 3341//4858 3340//4858
f 3345//4859 3346//4859 3342//4859
f 3345//4860 3342//4860 3341//4860
f 3346//4861 3343//4861 3339//4861
f 3346//4862 3339//4862 3342//4862
f 3340//4863 3341//4863 3342//4863
f 3340//4864 3342//4864 3339//4864
f 3354//4865 3353//4865 3352//4865
f 3354//4866 3352//4866 3351//4866
f 3351//4867 3352//4867 3348//4867
f 3351//4868 3348//4868 3347//4868
f 3352//4869 3353//4869 3349//4869
f 3352//4870 3349//4870 3348//4870
f 3353//4871 3354//4871 3350//4871
f 3353//4872 3350//4872 3349//4872
f 3354//4873 3351//4873 3347//4873
f 3354//4874 3347//4874 3350//4874
f 3348//4875 3349//4875 3350//4875
f 3348//4876 3350//4876 3347//4876
f 3362//4877 3361//4877 3360//4877
f 3362//4878 3360//4878 3359//4878
f 3359//4879 3360//4879 3356//4879
f 3359//4880 3356//4880 3355//4880
f 3360//4881 3361//4881 3357//4881
f 3360//4882 3357//4882 3356//4882
f 3361//4883 3362//4883 3358//4883
f 3361//4884 3358//4884 3357//4884
f 3362//4885 3359//4885 3355//4885
f 3362//4886 3355//4886 3358//4886
f 3356//4887 3357//4887 3358//4887
f 3356//4888 3358//4888 3355//4888
f 3370//4889 3369//4889 3368//4889
f 3370//4890 3368//4890 3367//4890
f 3367//4891 3368//4891 3364//4891
f 3367//4892 3364//4892 3363//4892
f 3368//4893 3369//4893 3365//4893
f 3368//4894 3365//4894 3364//4894
f 3369//4895 3370//4895 3366//4895
f 3369//4896 3366//4896 3365//4896
f 3370//4897 3367//4897 3363//4897
f 3370//4898 3363//4898 3366//4898
f 3364//4899 3365//4899 3366//4899
f 3364//4900 3366//4900 3363//4900
f 3378//4901 3377//4901 3376//4901
f 3378//4902 3376//4902 3375//4902
f 3375//4903 3376//4903 3372//4903
f 3375//4904 3372//4904 3371//4904
f 3376//4905 3377//4905 3373//4905
f 3376//4906 3373//4906 3372//4906
f 3377//4907 3378//4907 3374//4907
f 3377//4908 3374//4908 3373//4908
f 3378//4909 3375//4909 3371//4909
f 3378//4910 3371//4910 3374//4910
f 3372//4911 3373//4911 3374//4911
f 3372//4912 3374//4912 3371//4912
f 3386//4913 3385//4913 3384//4913
f 3386//4914 3384//4914 3383//4914
f 3383//4915 3384//4915 3380//4915
f 3383//4916 3380//4916 3379//4916
f 3384//4917 3385//4917 3381//4917
f 3384//4918 3381//4918 3380//4918
f 3385//4919 3386//4919 3382//4919
f 3385//4920 3382//4920 3381//4920
f 3386//4921 3383//4921 3379//4921
f 3386//4922 3379//4922 3382//4922
f 3380//4923 3381//4923 3382//4923
f 3380//4924 3382//4924 3379//4924
f 3394//4925 3393//4925 3392//4925
f 3394//4926 3392//4926 3391//4926
f 3392//4927 3393//4927 3389//4927
f 3392//4928 3389//4928 3388//4928
f 3393//4929 3394//4929 3390//4929
f 3393//4930 3390//4930 3389//4930
f 3394//4931 3391//4931 3387//4931
f 3394//4932 3387//4932 3390//4932
f 3388//4933 3389//4933 3390//4933
f 3388//4934 3390//4934 3387//4934
f 3402//4935 3401//4935 3400//4935
f 3402//4936 3400//4936 3399//4936
f 3400//4937 3401//4937 3397//4937
f 3400//4938 3397//4938 3396//4938
f 3401//4939 3402//4939 3398//4939
f 3401//4940 3398//4940 3397//4940
f 3402//4941 3399//4941 3395//4941
f 3402//4942 3395//4942 3398//4942
f 3396//4943 3397//4943 3398//4943
f 3396//4944 3398//4944 3395//4944
usemtl Mat_Cactus
f 3410//4945 3409//4945 3408//4945
f 3410//4946 3408//4946 3407//4946
f 3407//4947 3408//4947 3404//4947
f 3407//4948 3404//4948 3403//4948
f 3408//4949 3409//4949 3405//4949
f 3408//4950 3405//4950 3404//4950
f 3409//4951 3410//4951 3406//4951
f 3409//4952 3406//4952 3405//4952
f 3410//4953 3407//4953 3403//4953
f 3410//4954 3403//4954 3406//4954
f 3404//4955 3405//4955 3406//4955
f 3404//4956 3406//4956 3403//4956
usemtl Mat_WoodMid
f 3418//4957 3417//4957 3416//4957
f 3418//4958 3416//4958 3415//4958
f 3415//4959 3416//4959 3412//4959
f 3415//4960 3412//4960 3411//4960
f 3416//4961 3417//4961 3413//4961
f 3416//4962 3413//4962 3412//4962
f 3417//4963 3418//4963 3414//4963
f 3417//4964 3414//4964 3413//4964
f 3418//4965 3415//4965 3411//4965
f 3418//4966 3411//4966 3414//4966
f 3412//4967 3413//4967 3414//4967
f 3412//4968 3414//4968 3411//4968
f 3426//4969 3425//4969 3424//4969
f 3426//4970 3424//4970 3423//4970
f 3423//4971 3424//4971 3420//4971
f 3423//4972 3420//4972 3419//4972
f 3424//4973 3425//4973 3421//4973
f 3424//4974 3421//4974 3420//4974
f 3425//4975 3426//4975 3422//4975
f 3425//4976 3422//4976 3421//4976
f 3426//4977 3423//4977 3419//4977
f 3426//4978 3419//4978 3422//4978
f 3420//4979 3421//4979 3422//4979
f 3420//4980 3422//4980 3419//4980
f 3434//4981 3433//4981 3432//4981
f 3434//4982 3432//4982 3431//4982
f 3431//4983 3432//4983 3428//4983
f 3431//4984 3428//4984 3427//4984
f 3432//4985 3433//4985 3429//4985
f 3432//4986 3429//4986 3428//4986
f 3433//4987 3434//4987 3430//4987
f 3433//4988 3430//4988 3429//4988
f 3434//4989 3431//4989 3427//4989
f 3434//4990 3427//4990 3430//4990
f 3428//4991 3429//4991 3430//4991
f 3428//4992 3430//4992 3427//4992
f 3442//4993 3441//4993 3440//4993
f 3442//4994 3440//4994 3439//4994
f 3439//4995 3440//4995 3436//4995
f 3439//4996 3436//4996 3435//4996
f 3440//4997 3441//4997 3437//4997
f 3440//4998 3437//4998 3436//4998
f 3441//4999 3442//4999 3438//4999
f 3441//5000 3438//5000 3437//5000
f 3442//5001 3439//5001 3435//5001
f 3442//5002 3435//5002 3438//5002
f 3436//5003 3437//5003 3438//5003
f 3436//5004 3438//5004 3435//5004
usemtl Mat_Cactus
f 3450//5005 3449//5005 3448//5005
f 3450//5006 3448//5006 3447//5006
f 3447//5007 3448//5007 3444//5007
f 3447//5008 3444//5008 3443//5008
f 3448//5009 3449//5009 3445//5009
f 3448//5010 3445//5010 3444//5010
f 3449//5011 3450//5011 3446//5011
f 3449//5012 3446//5012 3445//5012
f 3450//5013 3447//5013 3443//5013
f 3450//5014 3443//5014 3446//5014
f 3444//5015 3445//5015 3446//5015
f 3444//5016 3446//5016 3443//5016
usemtl Mat_WoodMid
f 3458//5017 3457//5017 3456//5017
f 3458//5018 3456//5018 3455//5018
f 3455//5019 3456//5019 3452//5019
f 3455//5020 3452//5020 3451//5020
f 3456//5021 3457//5021 3453//5021
f 3456//5022 3453//5022 3452//5022
f 3457//5023 3458//5023 3454//5023
f 3457//5024 3454//5024 3453//5024
f 3458//5025 3455//5025 3451//5025
f 3458//5026 3451//5026 3454//5026
f 3452//5027 3453//5027 3454//5027
f 3452//5028 3454//5028 3451//5028
f 3466//5029 3465//5029 3464//5029
f 3466//5030 3464//5030 3463//5030
f 3463//5031 3464//5031 3460//5031
f 3463//5032 3460//5032 3459//5032
f 3464//5033 3465//5033 3461//5033
f 3464//5034 3461//5034 3460//5034
f 3465//5035 3466//5035 3462//5035
f 3465//5036 3462//5036 3461//5036
f 3466//5037 3463//5037 3459//5037
f 3466//5038 3459//5038 3462//5038
f 3460//5039 3461//5039 3462//5039
f 3460//5040 3462//5040 3459//5040
f 3474//5041 3473//5041 3472//5041
f 3474//5042 3472//5042 3471//5042
f 3471//5043 3472//5043 3468//5043
f 3471//5044 3468//5044 3467//5044
f 3472//5045 3473//5045 3469//5045
f 3472//5046 3469//5046 3468//5046
f 3473//5047 3474//5047 3470//5047
f 3473//5048 3470//5048 3469//5048
f 3474//5049 3471//5049 3467//5049
f 3474//5050 3467//5050 3470//5050
f 3468//5051 3469//5051 3470//5051
f 3468//5052 3470//5052 3467//5052
f 3482//5053 3481//5053 3480//5053
f 3482//5054 3480//5054 3479//5054
f 3479//5055 3480//5055 3476//5055
f 3479//5056 3476//5056 3475//5056
f 3480//5057 3481//5057 3477//5057
f 3480//5058 3477//5058 3476//5058
f 3481//5059 3482//5059 3478//5059
f 3481//5060 3478//5060 3477//5060
f 3482//5061 3479//5061 3475//5061
f 3482//5062 3475//5062 3478//5062
f 3476//5063 3477//5063 3478//5063
f 3476//5064 3478//5064 3475//5064
usemtl Mat_Bone
f 3493//5065 3483//5065 3484//5065
f 3493//5066 3484//5066 3485//5066
f 3493//5067 3485//5067 3486//5067
f 3493//5068 3486//5068 3487//5068
f 3493//5069 3487//5069 3488//5069
f 3493//5070 3488//5070 3489//5070
f 3493//5071 3489//5071 3490//5071
f 3493//5072 3490//5072 3491//5072
f 3491//5073 3492//5073 3493//5073
f 3495//5074 3494//5074 3504//5074
f 3496//5075 3495//5075 3504//5075
f 3497//5076 3496//5076 3504//5076
f 3498//5077 3497//5077 3504//5077
f 3499//5078 3498//5078 3504//5078
f 3500//5079 3499//5079 3504//5079
f 3501//5080 3500//5080 3504//5080
f 3502//5081 3501//5081 3504//5081
f 3504//5082 3503//5082 3502//5082
f 3483//5083 3494//5083 3495//5083
f 3483//5084 3495//5084 3484//5084
f 3484//5085 3495//5085 3496//5085
f 3484//5086 3496//5086 3485//5086
f 3485//5087 3496//5087 3497//5087
f 3485//5088 3497//5088 3486//5088
f 3486//5089 3497//5089 3498//5089
f 3486//5090 3498//5090 3487//5090
f 3487//5091 3498//5091 3499//5091
f 3487//5092 3499//5092 3488//5092
f 3488//5093 3499//5093 3500//5093
f 3488//5094 3500//5094 3489//5094
f 3489//5095 3500//5095 3501//5095
f 3489//5096 3501//5096 3490//5096
f 3490//5097 3501//5097 3502//5097
f 3490//5098 3502//5098 3491//5098
f 3491//5099 3502//5099 3503//5099
f 3491//5100 3503//5100 3492//5100
f 3492//5101 3503//5101 3504//5101
f 3492//5102 3504//5102 3493//5102
f 3493//5103 3504//5103 3494//5103
f 3493//5104 3494//5104 3483//5104
usemtl Mat_NeonAmber
f 3515//5105 3505//5105 3506//5105
f 3515//5106 3506//5106 3507//5106
f 3515//5107 3507//5107 3508//5107
f 3515//5108 3508//5108 3509//5108
f 3515//5109 3509//5109 3510//5109
f 3515//5110 3510//5110 3511//5110
f 3515//5111 3511//5111 3512//5111
f 3515//5112 3512//5112 3513//5112
f 3513//5113 3514//5113 3515//5113
f 3517//5114 3516//5114 3526//5114
f 3518//5115 3517//5115 3526//5115
f 3519//5116 3518//5116 3526//5116
f 3520//5117 3519//5117 3526//5117
f 3521//5118 3520//5118 3526//5118
f 3522//5119 3521//5119 3526//5119
f 3523//5120 3522//5120 3526//5120
f 3524//5121 3523//5121 3526//5121
f 3526//5122 3525//5122 3524//5122
f 3505//5123 3516//5123 3517//5123
f 3505//5124 3517//5124 3506//5124
f 3506//5125 3517//5125 3518//5125
f 3506//5126 3518//5126 3507//5126
f 3507//5127 3518//5127 3519//5127
f 3507//5128 3519//5128 3508//5128
f 3508//5129 3519//5129 3520//5129
f 3508//5130 3520//5130 3509//5130
f 3509//5131 3520//5131 3521//5131
f 3509//5132 3521//5132 3510//5132
f 3510//5133 3521//5133 3522//5133
f 3510//5134 3522//5134 3511//5134
f 3511//5135 3522//5135 3523//5135
f 3511//5136 3523//5136 3512//5136
f 3512//5137 3523//5137 3524//5137
f 3512//5138 3524//5138 3513//5138
f 3513//5139 3524//5139 3525//5139
f 3513//5140 3525//5140 3514//5140
f 3514//5141 3525//5141 3526//5141
f 3514//5142 3526//5142 3515//5142
f 3515//5143 3526//5143 3516//5143
f 3515//5144 3516//5144 3505//5144
usemtl Mat_Bone
f 3534//5145 3533//5145 3532//5145
f 3534//5146 3532//5146 3531//5146
f 3532//5147 3533//5147 3529//5147
f 3532//5148 3529//5148 3528//5148
f 3533//5149 3534//5149 3530//5149
f 3533//5150 3530//5150 3529//5150
f 3534//5151 3531//5151 3527//5151
f 3534//5152 3527//5152 3530//5152
f 3528//5153 3529//5153 3530//5153
f 3528//5154 3530//5154 3527//5154
f 3542//5155 3541//5155 3540//5155
f 3542//5156 3540//5156 3539//5156
f 3540//5157 3541//5157 3537//5157
f 3540//5158 3537//5158 3536//5158
f 3541//5159 3542//5159 3538//5159
f 3541//5160 3538//5160 3537//5160
f 3542//5161 3539//5161 3535//5161
f 3542//5162 3535//5162 3538//5162
f 3536//5163 3537//5163 3538//5163
f 3536//5164 3538//5164 3535//5164
f 3550//5165 3549//5165 3548//5165
f 3550//5166 3548//5166 3547//5166
f 3547//5167 3548//5167 3544//5167
f 3547//5168 3544//5168 3543//5168
f 3548//5169 3549//5169 3545//5169
f 3548//5170 3545//5170 3544//5170
f 3549//5171 3550//5171 3546//5171
f 3549//5172 3546//5172 3545//5172
f 3550//5173 3547//5173 3543//5173
f 3550//5174 3543//5174 3546//5174
f 3544//5175 3545//5175 3546//5175
f 3544//5176 3546//5176 3543//5176
f 3558//5177 3557//5177 3556//5177
f 3558//5178 3556//5178 3555//5178
f 3555//5179 3556//5179 3552//5179
f 3555//5180 3552//5180 3551//5180
f 3556//5181 3557//5181 3553//5181
f 3556//5182 3553//5182 3552//5182
f 3557//5183 3558//5183 3554//5183
f 3557//5184 3554//5184 3553//5184
f 3558//5185 3555//5185 3551//5185
f 3558//5186 3551//5186 3554//5186
f 3552//5187 3553//5187 3554//5187
f 3552//5188 3554//5188 3551//5188
usemtl Mat_NeonAmber
f 3566//5189 3565//5189 3564//5189
f 3566//5190 3564//5190 3563//5190
f 3564//5191 3565//5191 3561//5191
f 3564//5192 3561//5192 3560//5192
f 3565//5193 3566//5193 3562//5193
f 3565//5194 3562//5194 3561//5194
f 3566//5195 3563//5195 3559//5195
f 3566//5196 3559//5196 3562//5196
f 3560//5197 3561//5197 3562//5197
f 3560//5198 3562//5198 3559//5198
usemtl Mat_Bone
f 3574//5199 3573//5199 3572//5199
f 3574//5200 3572//5200 3571//5200
f 3571//5201 3572//5201 3568//5201
f 3571//5202 3568//5202 3567//5202
f 3572//5203 3573//5203 3569//5203
f 3572//5204 3569//5204 3568//5204
f 3573//5205 3574//5205 3570//5205
f 3573//5206 3570//5206 3569//5206
f 3574//5207 3571//5207 3567//5207
f 3574//5208 3567//5208 3570//5208
f 3568//5209 3569//5209 3570//5209
f 3568//5210 3570//5210 3567//5210
f 3582//5211 3581//5211 3580//5211
f 3582//5212 3580//5212 3579//5212
f 3579//5213 3580//5213 3576//5213
f 3579//5214 3576//5214 3575//5214
f 3580//5215 3581//5215 3577//5215
f 3580//5216 3577//5216 3576//5216
f 3581//5217 3582//5217 3578//5217
f 3581//5218 3578//5218 3577//5218
f 3582//5219 3579//5219 3575//5219
f 3582//5220 3575//5220 3578//5220
f 3576//5221 3577//5221 3578//5221
f 3576//5222 3578//5222 3575//5222
f 3590//5223 3589//5223 3588//5223
f 3590//5224 3588//5224 3587//5224
f 3587//5225 3588//5225 3584//5225
f 3587//5226 3584//5226 3583//5226
f 3588//5227 3589//5227 3585//5227
f 3588//5228 3585//5228 3584//5228
f 3589//5229 3590//5229 3586//5229
f 3589//5230 3586//5230 3585//5230
f 3590//5231 3587//5231 3583//5231
f 3590//5232 3583//5232 3586//5232
f 3584//5233 3585//5233 3586//5233
f 3584//5234 3586//5234 3583//5234
f 3598//5235 3597//5235 3596//5235
f 3598//5236 3596//5236 3595//5236
f 3595//5237 3596//5237 3592//5237
f 3595//5238 3592//5238 3591//5238
f 3596//5239 3597//5239 3593//5239
f 3596//5240 3593//5240 3592//5240
f 3597//5241 3598//5241 3594//5241
f 3597//5242 3594//5242 3593//5242
f 3598//5243 3595//5243 3591//5243
f 3598//5244 3591//5244 3594//5244
f 3592//5245 3593//5245 3594//5245
f 3592//5246 3594//5246 3591//5246
f 3606//5247 3605//5247 3604//5247
f 3606//5248 3604//5248 3603//5248
f 3603//5249 3604//5249 3600//5249
f 3603//5250 3600//5250 3599//5250
f 3604//5251 3605//5251 3601//5251
f 3604//5252 3601//5252 3600//5252
f 3605//5253 3606//5253 3602//5253
f 3605//5254 3602//5254 3601//5254
f 3606//5255 3603//5255 3599//5255
f 3606//5256 3599//5256 3602//5256
f 3600//5257 3601//5257 3602//5257
f 3600//5258 3602//5258 3599//5258
f 3614//5259 3613//5259 3612//5259
f 3614//5260 3612//5260 3611//5260
f 3611//5261 3612//5261 3608//5261
f 3611//5262 3608//5262 3607//5262
f 3612//5263 3613//5263 3609//5263
f 3612//5264 3609//5264 3608//5264
f 3613//5265 3614//5265 3610//5265
f 3613//5266 3610//5266 3609//5266
f 3614//5267 3611//5267 3607//5267
f 3614//5268 3607//5268 3610//5268
f 3608//5269 3609//5269 3610//5269
f 3608//5270 3610//5270 3607//5270
f 3622//5271 3621//5271 3620//5271
f 3622//5272 3620//5272 3619//5272
f 3620//5273 3621//5273 3617//5273
f 3620//5274 3617//5274 3616//5274
f 3621//5275 3622//5275 3618//5275
f 3621//5276 3618//5276 3617//5276
f 3622//5277 3619//5277 3615//5277
f 3622//5278 3615//5278 3618//5278
f 3616//5279 3617//5279 3618//5279
f 3616//5280 3618//5280 3615//5280
f 3630//5281 3629//5281 3628//5281
f 3630//5282 3628//5282 3627//5282
f 3628//5283 3629//5283 3625//5283
f 3628//5284 3625//5284 3624//5284
f 3629//5285 3630//5285 3626//5285
f 3629//5286 3626//5286 3625//5286
f 3630//5287 3627//5287 3623//5287
f 3630//5288 3623//5288 3626//5288
f 3624//5289 3625//5289 3626//5289
f 3624//5290 3626//5290 3623//5290
usemtl Mat_Cactus
f 3638//5291 3637//5291 3636//5291
f 3638//5292 3636//5292 3635//5292
f 3635//5293 3636//5293 3632//5293
f 3635//5294 3632//5294 3631//5294
f 3636//5295 3637//5295 3633//5295
f 3636//5296 3633//5296 3632//5296
f 3637//5297 3638//5297 3634//5297
f 3637//5298 3634//5298 3633//5298
f 3638//5299 3635//5299 3631//5299
f 3638//5300 3631//5300 3634//5300
f 3632//5301 3633//5301 3634//5301
f 3632//5302 3634//5302 3631//5302
usemtl Mat_WoodMid
f 3646//5303 3645//5303 3644//5303
f 3646//5304 3644//5304 3643//5304
f 3643//5305 3644//5305 3640//5305
f 3643//5306 3640//5306 3639//5306
f 3644//5307 3645//5307 3641//5307
f 3644//5308 3641//5308 3640//5308
f 3645//5309 3646//5309 3642//5309
f 3645//5310 3642//5310 3641//5310
f 3646//5311 3643//5311 3639//5311
f 3646//5312 3639//5312 3642//5312
f 3640//5313 3641//5313 3642//5313
f 3640//5314 3642//5314 3639//5314
f 3654//5315 3653//5315 3652//5315
f 3654//5316 3652//5316 3651//5316
f 3651//5317 3652//5317 3648//5317
f 3651//5318 3648//5318 3647//5318
f 3652//5319 3653//5319 3649//5319
f 3652//5320 3649//5320 3648//5320
f 3653//5321 3654//5321 3650//5321
f 3653//5322 3650//5322 3649//5322
f 3654//5323 3651//5323 3647//5323
f 3654//5324 3647//5324 3650//5324
f 3648//5325 3649//5325 3650//5325
f 3648//5326 3650//5326 3647//5326
f 3662//5327 3661//5327 3660//5327
f 3662//5328 3660//5328 3659//5328
f 3659//5329 3660//5329 3656//5329
f 3659//5330 3656//5330 3655//5330
f 3660//5331 3661//5331 3657//5331
f 3660//5332 3657//5332 3656//5332
f 3661//5333 3662//5333 3658//5333
f 3661//5334 3658//5334 3657//5334
f 3662//5335 3659//5335 3655//5335
f 3662//5336 3655//5336 3658//5336
f 3656//5337 3657//5337 3658//5337
f 3656//5338 3658//5338 3655//5338
f 3670//5339 3669//5339 3668//5339
f 3670//5340 3668//5340 3667//5340
f 3667//5341 3668//5341 3664//5341
f 3667//5342 3664//5342 3663//5342
f 3668//5343 3669//5343 3665//5343
f 3668//5344 3665//5344 3664//5344
f 3669//5345 3670//5345 3666//5345
f 3669//5346 3666//5346 3665//5346
f 3670//5347 3667//5347 3663//5347
f 3670//5348 3663//5348 3666//5348
f 3664//5349 3665//5349 3666//5349
f 3664//5350 3666//5350 3663//5350
usemtl Mat_Cactus
f 3678//5351 3677//5351 3676//5351
f 3678//5352 3676//5352 3675//5352
f 3675//5353 3676//5353 3672//5353
f 3675//5354 3672//5354 3671//5354
f 3676//5355 3677//5355 3673//5355
f 3676//5356 3673//5356 3672//5356
f 3677//5357 3678//5357 3674//5357
f 3677//5358 3674//5358 3673//5358
f 3678//5359 3675//5359 3671//5359
f 3678//5360 3671//5360 3674//5360
f 3672//5361 3673//5361 3674//5361
f 3672//5362 3674//5362 3671//5362
usemtl Mat_WoodMid
f 3686//5363 3685//5363 3684//5363
f 3686//5364 3684//5364 3683//5364
f 3683//5365 3684//5365 3680//5365
f 3683//5366 3680//5366 3679//5366
f 3684//5367 3685//5367 3681//5367
f 3684//5368 3681//5368 3680//5368
f 3685//5369 3686//5369 3682//5369
f 3685//5370 3682//5370 3681//5370
f 3686//5371 3683//5371 3679//5371
f 3686//5372 3679//5372 3682//5372
f 3680//5373 3681//5373 3682//5373
f 3680//5374 3682//5374 3679//5374
f 3694//5375 3693//5375 3692//5375
f 3694//5376 3692//5376 3691//5376
f 3691//5377 3692//5377 3688//5377
f 3691//5378 3688//5378 3687//5378
f 3692//5379 3693//5379 3689//5379
f 3692//5380 3689//5380 3688//5380
f 3693//5381 3694//5381 3690//5381
f 3693//5382 3690//5382 3689//5382
f 3694//5383 3691//5383 3687//5383
f 3694//5384 3687//5384 3690//5384
f 3688//5385 3689//5385 3690//5385
f 3688//5386 3690//5386 3687//5386
f 3702//5387 3701//5387 3700//5387
f 3702//5388 3700//5388 3699//5388
f 3699//5389 3700//5389 3696//5389
f 3699//5390 3696//5390 3695//5390
f 3700//5391 3701//5391 3697//5391
f 3700//5392 3697//5392 3696//5392
f 3701//5393 3702//5393 3698//5393
f 3701//5394 3698//5394 3697//5394
f 3702//5395 3699//5395 3695//5395
f 3702//5396 3695//5396 3698//5396
f 3696//5397 3697//5397 3698//5397
f 3696//5398 3698//5398 3695//5398
f 3710//5399 3709//5399 3708//5399
f 3710//5400 3708//5400 3707//5400
f 3707//5401 3708//5401 3704//5401
f 3707//5402 3704//5402 3703//5402
f 3708//5403 3709//5403 3705//5403
f 3708//5404 3705//5404 3704//5404
f 3709//5405 3710//5405 3706//5405
f 3709//5406 3706//5406 3705//5406
f 3710//5407 3707//5407 3703//5407
f 3710//5408 3703//5408 3706//5408
f 3704//5409 3705//5409 3706//5409
f 3704//5410 3706//5410 3703//5410
usemtl Mat_Bone
f 3721//5411 3711//5411 3712//5411
f 3721//5412 3712//5412 3713//5412
f 3721//5413 3713//5413 3714//5413
f 3721//5414 3714//5414 3715//5414
f 3721//5415 3715//5415 3716//5415
f 3721//5416 3716//5416 3717//5416
f 3721//5417 3717//5417 3718//5417
f 3721//5418 3718//5418 3719//5418
f 3719//5419 3720//5419 3721//5419
f 3723//5420 3722//5420 3732//5420
f 3724//5421 3723//5421 3732//5421
f 3725//5422 3724//5422 3732//5422
f 3726//5423 3725//5423 3732//5423
f 3727//5424 3726//5424 3732//5424
f 3728//5425 3727//5425 3732//5425
f 3729//5426 3728//5426 3732//5426
f 3730//5427 3729//5427 3732//5427
f 3732//5428 3731//5428 3730//5428
f 3711//5429 3722//5429 3723//5429
f 3711//5430 3723//5430 3712//5430
f 3712//5431 3723//5431 3724//5431
f 3712//5432 3724//5432 3713//5432
f 3713//5433 3724//5433 3725//5433
f 3713//5434 3725//5434 3714//5434
f 3714//5435 3725//5435 3726//5435
f 3714//5436 3726//5436 3715//5436
f 3715//5437 3726//5437 3727//5437
f 3715//5438 3727//5438 3716//5438
f 3716//5439 3727//5439 3728//5439
f 3716//5440 3728//5440 3717//5440
f 3717//5441 3728//5441 3729//5441
f 3717//5442 3729//5442 3718//5442
f 3718//5443 3729//5443 3730//5443
f 3718//5444 3730//5444 3719//5444
f 3719//5445 3730//5445 3731//5445
f 3719//5446 3731//5446 3720//5446
f 3720//5447 3731//5447 3732//5447
f 3720//5448 3732//5448 3721//5448
f 3721//5449 3732//5449 3722//5449
f 3721//5450 3722//5450 3711//5450
usemtl Mat_NeonAmber
f 3743//5451 3733//5451 3734//5451
f 3743//5452 3734//5452 3735//5452
f 3743//5453 3735//5453 3736//5453
f 3743//5454 3736//5454 3737//5454
f 3743//5455 3737//5455 3738//5455
f 3743//5456 3738//5456 3739//5456
f 3743//5457 3739//5457 3740//5457
f 3743//5458 3740//5458 3741//5458
f 3741//5459 3742//5459 3743//5459
f 3745//5460 3744//5460 3754//5460
f 3746//5461 3745//5461 3754//5461
f 3747//5462 3746//5462 3754//5462
f 3748//5463 3747//5463 3754//5463
f 3749//5464 3748//5464 3754//5464
f 3750//5465 3749//5465 3754//5465
f 3751//5466 3750//5466 3754//5466
f 3752//5467 3751//5467 3754//5467
f 3754//5468 3753//5468 3752//5468
f 3733//5469 3744//5469 3745//5469
f 3733//5470 3745//5470 3734//5470
f 3734//5471 3745//5471 3746//5471
f 3734//5472 3746//5472 3735//5472
f 3735//5473 3746//5473 3747//5473
f 3735//5474 3747//5474 3736//5474
f 3736//5475 3747//5475 3748//5475
f 3736//5476 3748//5476 3737//5476
f 3737//5477 3748//5477 3749//5477
f 3737//5478 3749//5478 3738//5478
f 3738//5479 3749//5479 3750//5479
f 3738//5480 3750//5480 3739//5480
f 3739//5481 3750//5481 3751//5481
f 3739//5482 3751//5482 3740//5482
f 3740//5483 3751//5483 3752//5483
f 3740//5484 3752//5484 3741//5484
f 3741//5485 3752//5485 3753//5485
f 3741//5486 3753//5486 3742//5486
f 3742//5487 3753//5487 3754//5487
f 3742//5488 3754//5488 3743//5488
f 3743//5489 3754//5489 3744//5489
f 3743//5490 3744//5490 3733//5490
usemtl Mat_Bone
f 3762//5491 3761//5491 3760//5491
f 3762//5492 3760//5492 3759//5492
f 3760//5493 3761//5493 3757//5493
f 3760//5494 3757//5494 3756//5494
f 3761//5495 3762//5495 3758//5495
f 3761//5496 3758//5496 3757//5496
f 3762//5497 3759//5497 3755//5497
f 3762//5498 3755//5498 3758//5498
f 3756//5499 3757//5499 3758//5499
f 3756//5500 3758//5500 3755//5500
f 3770//5501 3769//5501 3768//5501
f 3770//5502 3768//5502 3767//5502
f 3768//5503 3769//5503 3765//5503
f 3768//5504 3765//5504 3764//5504
f 3769//5505 3770//5505 3766//5505
f 3769//5506 3766//5506 3765//5506
f 3770//5507 3767//5507 3763//5507
f 3770//5508 3763//5508 3766//5508
f 3764//5509 3765//5509 3766//5509
f 3764//5510 3766//5510 3763//5510
f 3778//5511 3777//5511 3776//5511
f 3778//5512 3776//5512 3775//5512
f 3775//5513 3776//5513 3772//5513
f 3775//5514 3772//5514 3771//5514
f 3776//5515 3777//5515 3773//5515
f 3776//5516 3773//5516 3772//5516
f 3777//5517 3778//5517 3774//5517
f 3777//5518 3774//5518 3773//5518
f 3778//5519 3775//5519 3771//5519
f 3778//5520 3771//5520 3774//5520
f 3772//5521 3773//5521 3774//5521
f 3772//5522 3774//5522 3771//5522
f 3786//5523 3785//5523 3784//5523
f 3786//5524 3784//5524 3783//5524
f 3783//5525 3784//5525 3780//5525
f 3783//5526 3780//5526 3779//5526
f 3784//5527 3785//5527 3781//5527
f 3784//5528 3781//5528 3780//5528
f 3785//5529 3786//5529 3782//5529
f 3785//5530 3782//5530 3781//5530
f 3786//5531 3783//5531 3779//5531
f 3786//5532 3779//5532 3782//5532
f 3780//5533 3781//5533 3782//5533
f 3780//5534 3782//5534 3779//5534
usemtl Mat_NeonAmber
f 3794//5535 3793//5535 3792//5535
f 3794//5536 3792//5536 3791//5536
f 3792//5537 3793//5537 3789//5537
f 3792//5538 3789//5538 3788//5538
f 3793//5539 3794//5539 3790//5539
f 3793//5540 3790//5540 3789//5540
f 3794//5541 3791//5541 3787//5541
f 3794//5542 3787//5542 3790//5542
f 3788//5543 3789//5543 3790//5543
f 3788//5544 3790//5544 3787//5544
usemtl Mat_Bone
f 3802//5545 3801//5545 3800//5545
f 3802//5546 3800//5546 3799//5546
f 3799//5547 3800//5547 3796//5547
f 3799//5548 3796//5548 3795//5548
f 3800//5549 3801//5549 3797//5549
f 3800//5550 3797//5550 3796//5550
f 3801//5551 3802//5551 3798//5551
f 3801//5552 3798//5552 3797//5552
f 3802//5553 3799//5553 3795//5553
f 3802//5554 3795//5554 3798//5554
f 3796//5555 3797//5555 3798//5555
f 3796//5556 3798//5556 3795//5556
f 3810//5557 3809//5557 3808//5557
f 3810//5558 3808//5558 3807//5558
f 3807//5559 3808//5559 3804//5559
f 3807//5560 3804//5560 3803//5560
f 3808//5561 3809//5561 3805//5561
f 3808//5562 3805//5562 3804//5562
f 3809//5563 3810//5563 3806//5563
f 3809//5564 3806//5564 3805//5564
f 3810//5565 3807//5565 3803//5565
f 3810//5566 3803//5566 3806//5566
f 3804//5567 3805//5567 3806//5567
f 3804//5568 3806//5568 3803//5568
f 3818//5569 3817//5569 3816//5569
f 3818//5570 3816//5570 3815//5570
f 3815//5571 3816//5571 3812//5571
f 3815//5572 3812//5572 3811//5572
f 3816//5573 3817//5573 3813//5573
f 3816//5574 3813//5574 3812//5574
f 3817//5575 3818//5575 3814//5575
f 3817//5576 3814//5576 3813//5576
f 3818//5577 3815//5577 3811//5577
f 3818//5578 3811//5578 3814//5578
f 3812//5579 3813//5579 3814//5579
f 3812//5580 3814//5580 3811//5580
f 3826//5581 3825//5581 3824//5581
f 3826//5582 3824//5582 3823//5582
f 3823//5583 3824//5583 3820//5583
f 3823//5584 3820//5584 3819//5584
f 3824//5585 3825//5585 3821//5585
f 3824//5586 3821//5586 3820//5586
f 3825//5587 3826//5587 3822//5587
f 3825//5588 3822//5588 3821//5588
f 3826//5589 3823//5589 3819//5589
f 3826//5590 3819//5590 3822//5590
f 3820//5591 3821//5591 3822//5591
f 3820//5592 3822//5592 3819//5592
f 3834//5593 3833//5593 3832//5593
f 3834//5594 3832//5594 3831//5594
f 3831//5595 3832//5595 3828//5595
f 3831//5596 3828//5596 3827//5596
f 3832//5597 3833//5597 3829//5597
f 3832//5598 3829//5598 3828//5598
f 3833//5599 3834//5599 3830//5599
f 3833//5600 3830//5600 3829//5600
f 3834//5601 3831//5601 3827//5601
f 3834//5602 3827//5602 3830//5602
f 3828//5603 3829//5603 3830//5603
f 3828//5604 3830//5604 3827//5604
f 3842//5605 3841//5605 3840//5605
f 3842//5606 3840//5606 3839//5606
f 3839//5607 3840//5607 3836//5607
f 3839//5608 3836//5608 3835//5608
f 3840//5609 3841//5609 3837//5609
f 3840//5610 3837//5610 3836//5610
f 3841//5611 3842//5611 3838//5611
f 3841//5612 3838//5612 3837//5612
f 3842//5613 3839//5613 3835//5613
f 3842//5614 3835//5614 3838//5614
f 3836//5615 3837//5615 3838//5615
f 3836//5616 3838//5616 3835//5616
f 3850//5617 3849//5617 3848//5617
f 3850//5618 3848//5618 3847//5618
f 3848//5619 3849//5619 3845//5619
f 3848//5620 3845//5620 3844//5620
f 3849//5621 3850//5621 3846//5621
f 3849//5622 3846//5622 3845//5622
f 3850//5623 3847//5623 3843//5623
f 3850//5624 3843//5624 3846//5624
f 3844//5625 3845//5625 3846//5625
f 3844//5626 3846//5626 3843//5626
f 3858//5627 3857//5627 3856//5627
f 3858//5628 3856//5628 3855//5628
f 3856//5629 3857//5629 3853//5629
f 3856//5630 3853//5630 3852//5630
f 3857//5631 3858//5631 3854//5631
f 3857//5632 3854//5632 3853//5632
f 3858//5633 3855//5633 3851//5633
f 3858//5634 3851//5634 3854//5634
f 3852//5635 3853//5635 3854//5635
f 3852//5636 3854//5636 3851//5636
usemtl Mat_Cactus
f 3866//5637 3865//5637 3864//5637
f 3866//5638 3864//5638 3863//5638
f 3863//5639 3864//5639 3860//5639
f 3863//5640 3860//5640 3859//5640
f 3864//5641 3865//5641 3861//5641
f 3864//5642 3861//5642 3860//5642
f 3865//5643 3866//5643 3862//5643
f 3865//5644 3862//5644 3861//5644
f 3866//5645 3863//5645 3859//5645
f 3866//5646 3859//5646 3862//5646
f 3860//5647 3861//5647 3862//5647
f 3860//5648 3862//5648 3859//5648
usemtl Mat_WoodMid
f 3874//5649 3873//5649 3872//5649
f 3874//5650 3872//5650 3871//5650
f 3871//5651 3872//5651 3868//5651
f 3871//5652 3868//5652 3867//5652
f 3872//5653 3873//5653 3869//5653
f 3872//5654 3869//5654 3868//5654
f 3873//5655 3874//5655 3870//5655
f 3873//5656 3870//5656 3869//5656
f 3874//5657 3871//5657 3867//5657
f 3874//5658 3867//5658 3870//5658
f 3868//5659 3869//5659 3870//5659
f 3868//5660 3870//5660 3867//5660
f 3882//5661 3881//5661 3880//5661
f 3882//5662 3880//5662 3879//5662
f 3879//5663 3880//5663 3876//5663
f 3879//5664 3876//5664 3875//5664
f 3880//5665 3881//5665 3877//5665
f 3880//5666 3877//5666 3876//5666
f 3881//5667 3882//5667 3878//5667
f 3881//5668 3878//5668 3877//5668
f 3882//5669 3879//5669 3875//5669
f 3882//5670 3875//5670 3878//5670
f 3876//5671 3877//5671 3878//5671
f 3876//5672 3878//5672 3875//5672
f 3890//5673 3889//5673 3888//5673
f 3890//5674 3888//5674 3887//5674
f 3887//5675 3888//5675 3884//5675
f 3887//5676 3884//5676 3883//5676
f 3888//5677 3889//5677 3885//5677
f 3888//5678 3885//5678 3884//5678
f 3889//5679 3890//5679 3886//5679
f 3889//5680 3886//5680 3885//5680
f 3890//5681 3887//5681 3883//5681
f 3890//5682 3883//5682 3886//5682
f 3884//5683 3885//5683 3886//5683
f 3884//5684 3886//5684 3883//5684
f 3898//5685 3897//5685 3896//5685
f 3898//5686 3896//5686 3895//5686
f 3895//5687 3896//5687 3892//5687
f 3895//5688 3892//5688 3891//5688
f 3896//5689 3897//5689 3893//5689
f 3896//5690 3893//5690 3892//5690
f 3897//5691 3898//5691 3894//5691
f 3897//5692 3894//5692 3893//5692
f 3898//5693 3895//5693 3891//5693
f 3898//5694 3891//5694 3894//5694
f 3892//5695 3893//5695 3894//5695
f 3892//5696 3894//5696 3891//5696
usemtl Mat_Cactus
f 3906//5697 3905//5697 3904//5697
f 3906//5698 3904//5698 3903//5698
f 3903//5699 3904//5699 3900//5699
f 3903//5700 3900//5700 3899//5700
f 3904//5701 3905//5701 3901//5701
f 3904//5702 3901//5702 3900//5702
f 3905//5703 3906//5703 3902//5703
f 3905//5704 3902//5704 3901//5704
f 3906//5705 3903//5705 3899//5705
f 3906//5706 3899//5706 3902//5706
f 3900//5707 3901//5707 3902//5707
f 3900//5708 3902//5708 3899//5708
usemtl Mat_WoodMid
f 3914//5709 3913//5709 3912//5709
f 3914//5710 3912//5710 3911//5710
f 3911//5711 3912//5711 3908//5711
f 3911//5712 3908//5712 3907//5712
f 3912//5713 3913//5713 3909//5713
f 3912//5714 3909//5714 3908//5714
f 3913//5715 3914//5715 3910//5715
f 3913//5716 3910//5716 3909//5716
f 3914//5717 3911//5717 3907//5717
f 3914//5718 3907//5718 3910//5718
f 3908//5719 3909//5719 3910//5719
f 3908//5720 3910//5720 3907//5720
f 3922//5721 3921//5721 3920//5721
f 3922//5722 3920//5722 3919//5722
f 3919//5723 3920//5723 3916//5723
f 3919//5724 3916//5724 3915//5724
f 3920//5725 3921//5725 3917//5725
f 3920//5726 3917//5726 3916//5726
f 3921//5727 3922//5727 3918//5727
f 3921//5728 3918//5728 3917//5728
f 3922//5729 3919//5729 3915//5729
f 3922//5730 3915//5730 3918//5730
f 3916//5731 3917//5731 3918//5731
f 3916//5732 3918//5732 3915//5732
f 3930//5733 3929//5733 3928//5733
f 3930//5734 3928//5734 3927//5734
f 3927//5735 3928//5735 3924//5735
f 3927//5736 3924//5736 3923//5736
f 3928//5737 3929//5737 3925//5737
f 3928//5738 3925//5738 3924//5738
f 3929//5739 3930//5739 3926//5739
f 3929//5740 3926//5740 3925//5740
f 3930//5741 3927//5741 3923//5741
f 3930//5742 3923//5742 3926//5742
f 3924//5743 3925//5743 3926//5743
f 3924//5744 3926//5744 3923//5744
f 3938//5745 3937//5745 3936//5745
f 3938//5746 3936//5746 3935//5746
f 3935//5747 3936//5747 3932//5747
f 3935//5748 3932//5748 3931//5748
f 3936//5749 3937//5749 3933//5749
f 3936//5750 3933//5750 3932//5750
f 3937//5751 3938//5751 3934//5751
f 3937//5752 3934//5752 3933//5752
f 3938//5753 3935//5753 3931//5753
f 3938//5754 3931//5754 3934//5754
f 3932//5755 3933//5755 3934//5755
f 3932//5756 3934//5756 3931//5756
usemtl Mat_NeonAmber
f 3946//5757 3945//5757 3944//5757
f 3946//5758 3944//5758 3943//5758
f 3944//5759 3945//5759 3941//5759
f 3944//5760 3941//5760 3940//5760
f 3945//5761 3946//5761 3942//5761
f 3945//5762 3942//5762 3941//5762
f 3946//5763 3943//5763 3939//5763
f 3946//5764 3939//5764 3942//5764
f 3940//5765 3941//5765 3942//5765
f 3940//5766 3942//5766 3939//5766
usemtl Mat_Bone
f 3954//5767 3953//5767 3952//5767
f 3954//5768 3952//5768 3951//5768
f 3951//5769 3952//5769 3948//5769
f 3951//5770 3948//5770 3947//5770
f 3952//5771 3953//5771 3949//5771
f 3952//5772 3949//5772 3948//5772
f 3953//5773 3954//5773 3950//5773
f 3953//5774 3950//5774 3949//5774
f 3954//5775 3951//5775 3947//5775
f 3954//5776 3947//5776 3950//5776
f 3948//5777 3949//5777 3950//5777
f 3948//5778 3950//5778 3947//5778
f 3962//5779 3961//5779 3960//5779
f 3962//5780 3960//5780 3959//5780
f 3959//5781 3960//5781 3956//5781
f 3959//5782 3956//5782 3955//5782
f 3960//5783 3961//5783 3957//5783
f 3960//5784 3957//5784 3956//5784
f 3961//5785 3962//5785 3958//5785
f 3961//5786 3958//5786 3957//5786
f 3962//5787 3959//5787 3955//5787
f 3962//5788 3955//5788 3958//5788
f 3956//5789 3957//5789 3958//5789
f 3956//5790 3958//5790 3955//5790
f 3970//5791 3969//5791 3968//5791
f 3970//5792 3968//5792 3967//5792
f 3967//5793 3968//5793 3964//5793
f 3967//5794 3964//5794 3963//5794
f 3968//5795 3969//5795 3965//5795
f 3968//5796 3965//5796 3964//5796
f 3969//5797 3970//5797 3966//5797
f 3969//5798 3966//5798 3965//5798
f 3970//5799 3967//5799 3963//5799
f 3970//5800 3963//5800 3966//5800
f 3964//5801 3965//5801 3966//5801
f 3964//5802 3966//5802 3963//5802
f 3978//5803 3977//5803 3976//5803
f 3978//5804 3976//5804 3975//5804
f 3975//5805 3976//5805 3972//5805
f 3975//5806 3972//5806 3971//5806
f 3976//5807 3977//5807 3973//5807
f 3976//5808 3973//5808 3972//5808
f 3977//5809 3978//5809 3974//5809
f 3977//5810 3974//5810 3973//5810
f 3978//5811 3975//5811 3971//5811
f 3978//5812 3971//5812 3974//5812
f 3972//5813 3973//5813 3974//5813
f 3972//5814 3974//5814 3971//5814
f 3986//5815 3985//5815 3984//5815
f 3986//5816 3984//5816 3983//5816
f 3983//5817 3984//5817 3980//5817
f 3983//5818 3980//5818 3979//5818
f 3984//5819 3985//5819 3981//5819
f 3984//5820 3981//5820 3980//5820
f 3985//5821 3986//5821 3982//5821
f 3985//5822 3982//5822 3981//5822
f 3986//5823 3983//5823 3979//5823
f 3986//5824 3979//5824 3982//5824
f 3980//5825 3981//5825 3982//5825
f 3980//5826 3982//5826 3979//5826
f 3994//5827 3993//5827 3992//5827
f 3994//5828 3992//5828 3991//5828
f 3991//5829 3992//5829 3988//5829
f 3991//5830 3988//5830 3987//5830
f 3992//5831 3993//5831 3989//5831
f 3992//5832 3989//5832 3988//5832
f 3993//5833 3994//5833 3990//5833
f 3993//5834 3990//5834 3989//5834
f 3994//5835 3991//5835 3987//5835
f 3994//5836 3987//5836 3990//5836
f 3988//5837 3989//5837 3990//5837
f 3988//5838 3990//5838 3987//5838
f 4002//5839 4001//5839 4000//5839
f 4002//5840 4000//5840 3999//5840
f 4000//5841 4001//5841 3997//5841
f 4000//5842 3997//5842 3996//5842
f 4001//5843 4002//5843 3998//5843
f 4001//5844 3998//5844 3997//5844
f 4002//5845 3999//5845 3995//5845
f 4002//5846 3995//5846 3998//5846
f 3996//5847 3997//5847 3998//5847
f 3996//5848 3998//5848 3995//5848
f 4010//5849 4009//5849 4008//5849
f 4010//5850 4008//5850 4007//5850
f 4008//5851 4009//5851 4005//5851
f 4008//5852 4005//5852 4004//5852
f 4009//5853 4010//5853 4006//5853
f 4009//5854 4006//5854 4005//5854
f 4010//5855 4007//5855 4003//5855
f 4010//5856 4003//5856 4006//5856
f 4004//5857 4005//5857 4006//5857
f 4004//5858 4006//5858 4003//5858
usemtl Mat_Cactus
f 4018//5859 4017//5859 4016//5859
f 4018//5860 4016//5860 4015//5860
f 4015//5861 4016//5861 4012//5861
f 4015//5862 4012//5862 4011//5862
f 4016//5863 4017//5863 4013//5863
f 4016//5864 4013//5864 4012//5864
f 4017//5865 4018//5865 4014//5865
f 4017//5866 4014//5866 4013//5866
f 4018//5867 4015//5867 4011//5867
f 4018//5868 4011//5868 4014//5868
f 4012//5869 4013//5869 4014//5869
f 4012//5870 4014//5870 4011//5870
usemtl Mat_WoodMid
f 4026//5871 4025//5871 4024//5871
f 4026//5872 4024//5872 4023//5872
f 4023//5873 4024//5873 4020//5873
f 4023//5874 4020//5874 4019//5874
f 4024//5875 4025//5875 4021//5875
f 4024//5876 4021//5876 4020//5876
f 4025//5877 4026//5877 4022//5877
f 4025//5878 4022//5878 4021//5878
f 4026//5879 4023//5879 4019//5879
f 4026//5880 4019//5880 4022//5880
f 4020//5881 4021//5881 4022//5881
f 4020//5882 4022//5882 4019//5882
f 4034//5883 4033//5883 4032//5883
f 4034//5884 4032//5884 4031//5884
f 4031//5885 4032//5885 4028//5885
f 4031//5886 4028//5886 4027//5886
f 4032//5887 4033//5887 4029//5887
f 4032//5888 4029//5888 4028//5888
f 4033//5889 4034//5889 4030//5889
f 4033//5890 4030//5890 4029//5890
f 4034//5891 4031//5891 4027//5891
f 4034//5892 4027//5892 4030//5892
f 4028//5893 4029//5893 4030//5893
f 4028//5894 4030//5894 4027//5894
f 4042//5895 4041//5895 4040//5895
f 4042//5896 4040//5896 4039//5896
f 4039//5897 4040//5897 4036//5897
f 4039//5898 4036//5898 4035//5898
f 4040//5899 4041//5899 4037//5899
f 4040//5900 4037//5900 4036//5900
f 4041//5901 4042//5901 4038//5901
f 4041//5902 4038//5902 4037//5902
f 4042//5903 4039//5903 4035//5903
f 4042//5904 4035//5904 4038//5904
f 4036//5905 4037//5905 4038//5905
f 4036//5906 4038//5906 4035//5906
f 4050//5907 4049//5907 4048//5907
f 4050//5908 4048//5908 4047//5908
f 4047//5909 4048//5909 4044//5909
f 4047//5910 4044//5910 4043//5910
f 4048//5911 4049//5911 4045//5911
f 4048//5912 4045//5912 4044//5912
f 4049//5913 4050//5913 4046//5913
f 4049//5914 4046//5914 4045//5914
f 4050//5915 4047//5915 4043//5915
f 4050//5916 4043//5916 4046//5916
f 4044//5917 4045//5917 4046//5917
f 4044//5918 4046//5918 4043//5918
usemtl Mat_Cactus
f 4058//5919 4057//5919 4056//5919
f 4058//5920 4056//5920 4055//5920
f 4055//5921 4056//5921 4052//5921
f 4055//5922 4052//5922 4051//5922
f 4056//5923 4057//5923 4053//5923
f 4056//5924 4053//5924 4052//5924
f 4057//5925 4058//5925 4054//5925
f 4057//5926 4054//5926 4053//5926
f 4058//5927 4055//5927 4051//5927
f 4058//5928 4051//5928 4054//5928
f 4052//5929 4053//5929 4054//5929
f 4052//5930 4054//5930 4051//5930
usemtl Mat_WoodMid
f 4066//5931 4065//5931 4064//5931
f 4066//5932 4064//5932 4063//5932
f 4063//5933 4064//5933 4060//5933
f 4063//5934 4060//5934 4059//5934
f 4064//5935 4065//5935 4061//5935
f 4064//5936 4061//5936 4060//5936
f 4065//5937 4066//5937 4062//5937
f 4065//5938 4062//5938 4061//5938
f 4066//5939 4063//5939 4059//5939
f 4066//5940 4059//5940 4062//5940
f 4060//5941 4061//5941 4062//5941
f 4060//5942 4062//5942 4059//5942
f 4074//5943 4073//5943 4072//5943
f 4074//5944 4072//5944 4071//5944
f 4071//5945 4072//5945 4068//5945
f 4071//5946 4068//5946 4067//5946
f 4072//5947 4073//5947 4069//5947
f 4072//5948 4069//5948 4068//5948
f 4073//5949 4074//5949 4070//5949
f 4073//5950 4070//5950 4069//5950
f 4074//5951 4071//5951 4067//5951
f 4074//5952 4067//5952 4070//5952
f 4068//5953 4069//5953 4070//5953
f 4068//5954 4070//5954 4067//5954
f 4082//5955 4081//5955 4080//5955
f 4082//5956 4080//5956 4079//5956
f 4079//5957 4080//5957 4076//5957
f 4079//5958 4076//5958 4075//5958
f 4080//5959 4081//5959 4077//5959
f 4080//5960 4077//5960 4076//5960
f 4081//5961 4082//5961 4078//5961
f 4081//5962 4078//5962 4077//5962
f 4082//5963 4079//5963 4075//5963
f 4082//5964 4075//5964 4078//5964
f 4076//5965 4077//5965 4078//5965
f 4076//5966 4078//5966 4075//5966
f 4090//5967 4089//5967 4088//5967
f 4090//5968 4088//5968 4087//5968
f 4087//5969 4088//5969 4084//5969
f 4087//5970 4084//5970 4083//5970
f 4088//5971 4089//5971 4085//5971
f 4088//5972 4085//5972 4084//5972
f 4089//5973 4090//5973 4086//5973
f 4089//5974 4086//5974 4085//5974
f 4090//5975 4087//5975 4083//5975
f 4090//5976 4083//5976 4086//5976
f 4084//5977 4085//5977 4086//5977
f 4084//5978 4086//5978 4083//5978
usemtl Mat_NeonAmber
f 4098//5979 4097//5979 4096//5979
f 4098//5980 4096//5980 4095//5980
f 4096//5981 4097//5981 4093//5981
f 4096//5982 4093//5982 4092//5982
f 4097//5983 4098//5983 4094//5983
f 4097//5984 4094//5984 4093//5984
f 4098//5985 4095//5985 4091//5985
f 4098//5986 4091//5986 4094//5986
f 4092//5987 4093//5987 4094//5987
f 4092//5988 4094//5988 4091//5988
usemtl Mat_Bone
f 4106//5989 4105//5989 4104//5989
f 4106//5990 4104//5990 4103//5990
f 4103//5991 4104//5991 4100//5991
f 4103//5992 4100//5992 4099//5992
f 4104//5993 4105//5993 4101//5993
f 4104//5994 4101//5994 4100//5994
f 4105//5995 4106//5995 4102//5995
f 4105//5996 4102//5996 4101//5996
f 4106//5997 4103//5997 4099//5997
f 4106//5998 4099//5998 4102//5998
f 4100//5999 4101//5999 4102//5999
f 4100//6000 4102//6000 4099//6000
f 4114//6001 4113//6001 4112//6001
f 4114//6002 4112//6002 4111//6002
f 4111//6003 4112//6003 4108//6003
f 4111//6004 4108//6004 4107//6004
f 4112//6005 4113//6005 4109//6005
f 4112//6006 4109//6006 4108//6006
f 4113//6007 4114//6007 4110//6007
f 4113//6008 4110//6008 4109//6008
f 4114//6009 4111//6009 4107//6009
f 4114//6010 4107//6010 4110//6010
f 4108//6011 4109//6011 4110//6011
f 4108//6012 4110//6012 4107//6012
f 4122//6013 4121//6013 4120//6013
f 4122//6014 4120//6014 4119//6014
f 4119//6015 4120//6015 4116//6015
f 4119//6016 4116//6016 4115//6016
f 4120//6017 4121//6017 4117//6017
f 4120//6018 4117//6018 4116//6018
f 4121//6019 4122//6019 4118//6019
f 4121//6020 4118//6020 4117//6020
f 4122//6021 4119//6021 4115//6021
f 4122//6022 4115//6022 4118//6022
f 4116//6023 4117//6023 4118//6023
f 4116//6024 4118//6024 4115//6024
f 4130//6025 4129//6025 4128//6025
f 4130//6026 4128//6026 4127//6026
f 4127//6027 4128//6027 4124//6027
f 4127//6028 4124//6028 4123//6028
f 4128//6029 4129//6029 4125//6029
f 4128//6030 4125//6030 4124//6030
f 4129//6031 4130//6031 4126//6031
f 4129//6032 4126//6032 4125//6032
f 4130//6033 4127//6033 4123//6033
f 4130//6034 4123//6034 4126//6034
f 4124//6035 4125//6035 4126//6035
f 4124//6036 4126//6036 4123//6036
f 4138//6037 4137//6037 4136//6037
f 4138//6038 4136//6038 4135//6038
f 4135//6039 4136//6039 4132//6039
f 4135//6040 4132//6040 4131//6040
f 4136//6041 4137//6041 4133//6041
f 4136//6042 4133//6042 4132//6042
f 4137//6043 4138//6043 4134//6043
f 4137//6044 4134//6044 4133//6044
f 4138//6045 4135//6045 4131//6045
f 4138//6046 4131//6046 4134//6046
f 4132//6047 4133//6047 4134//6047
f 4132//6048 4134//6048 4131//6048
f 4146//6049 4145//6049 4144//6049
f 4146//6050 4144//6050 4143//6050
f 4143//6051 4144//6051 4140//6051
f 4143//6052 4140//6052 4139//6052
f 4144//6053 4145//6053 4141//6053
f 4144//6054 4141//6054 4140//6054
f 4145//6055 4146//6055 4142//6055
f 4145//6056 4142//6056 4141//6056
f 4146//6057 4143//6057 4139//6057
f 4146//6058 4139//6058 4142//6058
f 4140//6059 4141//6059 4142//6059
f 4140//6060 4142//6060 4139//6060
f 4154//6061 4153//6061 4152//6061
f 4154//6062 4152//6062 4151//6062
f 4152//6063 4153//6063 4149//6063
f 4152//6064 4149//6064 4148//6064
f 4153//6065 4154//6065 4150//6065
f 4153//6066 4150//6066 4149//6066
f 4154//6067 4151//6067 4147//6067
f 4154//6068 4147//6068 4150//6068
f 4148//6069 4149//6069 4150//6069
f 4148//6070 4150//6070 4147//6070
f 4162//6071 4161//6071 4160//6071
f 4162//6072 4160//6072 4159//6072
f 4160//6073 4161//6073 4157//6073
f 4160//6074 4157//6074 4156//6074
f 4161//6075 4162//6075 4158//6075
f 4161//6076 4158//6076 4157//6076
f 4162//6077 4159//6077 4155//6077
f 4162//6078 4155//6078 4158//6078
f 4156//6079 4157//6079 4158//6079
f 4156//6080 4158//6080 4155//6080
usemtl Mat_Cactus
f 4170//6081 4169//6081 4168//6081
f 4170//6082 4168//6082 4167//6082
f 4167//6083 4168//6083 4164//6083
f 4167//6084 4164//6084 4163//6084
f 4168//6085 4169//6085 4165//6085
f 4168//6086 4165//6086 4164//6086
f 4169//6087 4170//6087 4166//6087
f 4169//6088 4166//6088 4165//6088
f 4170//6089 4167//6089 4163//6089
f 4170//6090 4163//6090 4166//6090
f 4164//6091 4165//6091 4166//6091
f 4164//6092 4166//6092 4163//6092
usemtl Mat_WoodMid
f 4178//6093 4177//6093 4176//6093
f 4178//6094 4176//6094 4175//6094
f 4175//6095 4176//6095 4172//6095
f 4175//6096 4172//6096 4171//6096
f 4176//6097 4177//6097 4173//6097
f 4176//6098 4173//6098 4172//6098
f 4177//6099 4178//6099 4174//6099
f 4177//6100 4174//6100 4173//6100
f 4178//6101 4175//6101 4171//6101
f 4178//6102 4171//6102 4174//6102
f 4172//6103 4173//6103 4174//6103
f 4172//6104 4174//6104 4171//6104
f 4186//6105 4185//6105 4184//6105
f 4186//6106 4184//6106 4183//6106
f 4183//6107 4184//6107 4180//6107
f 4183//6108 4180//6108 4179//6108
f 4184//6109 4185//6109 4181//6109
f 4184//6110 4181//6110 4180//6110
f 4185//6111 4186//6111 4182//6111
f 4185//6112 4182//6112 4181//6112
f 4186//6113 4183//6113 4179//6113
f 4186//6114 4179//6114 4182//6114
f 4180//6115 4181//6115 4182//6115
f 4180//6116 4182//6116 4179//6116
f 4194//6117 4193//6117 4192//6117
f 4194//6118 4192//6118 4191//6118
f 4191//6119 4192//6119 4188//6119
f 4191//6120 4188//6120 4187//6120
f 4192//6121 4193//6121 4189//6121
f 4192//6122 4189//6122 4188//6122
f 4193//6123 4194//6123 4190//6123
f 4193//6124 4190//6124 4189//6124
f 4194//6125 4191//6125 4187//6125
f 4194//6126 4187//6126 4190//6126
f 4188//6127 4189//6127 4190//6127
f 4188//6128 4190//6128 4187//6128
f 4202//6129 4201//6129 4200//6129
f 4202//6130 4200//6130 4199//6130
f 4199//6131 4200//6131 4196//6131
f 4199//6132 4196//6132 4195//6132
f 4200//6133 4201//6133 4197//6133
f 4200//6134 4197//6134 4196//6134
f 4201//6135 4202//6135 4198//6135
f 4201//6136 4198//6136 4197//6136
f 4202//6137 4199//6137 4195//6137
f 4202//6138 4195//6138 4198//6138
f 4196//6139 4197//6139 4198//6139
f 4196//6140 4198//6140 4195//6140
usemtl Mat_Cactus
f 4210//6141 4209//6141 4208//6141
f 4210//6142 4208//6142 4207//6142
f 4207//6143 4208//6143 4204//6143
f 4207//6144 4204//6144 4203//6144
f 4208//6145 4209//6145 4205//6145
f 4208//6146 4205//6146 4204//6146
f 4209//6147 4210//6147 4206//6147
f 4209//6148 4206//6148 4205//6148
f 4210//6149 4207//6149 4203//6149
f 4210//6150 4203//6150 4206//6150
f 4204//6151 4205//6151 4206//6151
f 4204//6152 4206//6152 4203//6152
usemtl Mat_WoodMid
f 4218//6153 4217//6153 4216//6153
f 4218//6154 4216//6154 4215//6154
f 4215//6155 4216//6155 4212//6155
f 4215//6156 4212//6156 4211//6156
f 4216//6157 4217//6157 4213//6157
f 4216//6158 4213//6158 4212//6158
f 4217//6159 4218//6159 4214//6159
f 4217//6160 4214//6160 4213//6160
f 4218//6161 4215//6161 4211//6161
f 4218//6162 4211//6162 4214//6162
f 4212//6163 4213//6163 4214//6163
f 4212//6164 4214//6164 4211//6164
f 4226//6165 4225//6165 4224//6165
f 4226//6166 4224//6166 4223//6166
f 4223//6167 4224//6167 4220//6167
f 4223//6168 4220//6168 4219//6168
f 4224//6169 4225//6169 4221//6169
f 4224//6170 4221//6170 4220//6170
f 4225//6171 4226//6171 4222//6171
f 4225//6172 4222//6172 4221//6172
f 4226//6173 4223//6173 4219//6173
f 4226//6174 4219//6174 4222//6174
f 4220//6175 4221//6175 4222//6175
f 4220//6176 4222//6176 4219//6176
f 4234//6177 4233//6177 4232//6177
f 4234//6178 4232//6178 4231//6178
f 4231//6179 4232//6179 4228//6179
f 4231//6180 4228//6180 4227//6180
f 4232//6181 4233//6181 4229//6181
f 4232//6182 4229//6182 4228//6182
f 4233//6183 4234//6183 4230//6183
f 4233//6184 4230//6184 4229//6184
f 4234//6185 4231//6185 4227//6185
f 4234//6186 4227//6186 4230//6186
f 4228//6187 4229//6187 4230//6187
f 4228//6188 4230//6188 4227//6188
f 4242//6189 4241//6189 4240//6189
f 4242//6190 4240//6190 4239//6190
f 4239//6191 4240//6191 4236//6191
f 4239//6192 4236//6192 4235//6192
f 4240//6193 4241//6193 4237//6193
f 4240//6194 4237//6194 4236//6194
f 4241//6195 4242//6195 4238//6195
f 4241//6196 4238//6196 4237//6196
f 4242//6197 4239//6197 4235//6197
f 4242//6198 4235//6198 4238//6198
f 4236//6199 4237//6199 4238//6199
f 4236//6200 4238//6200 4235//6200
usemtl Mat_NeonAmber
f 4250//6201 4249//6201 4248//6201
f 4250//6202 4248//6202 4247//6202
f 4248//6203 4249//6203 4245//6203
f 4248//6204 4245//6204 4244//6204
f 4249//6205 4250//6205 4246//6205
f 4249//6206 4246//6206 4245//6206
f 4250//6207 4247//6207 4243//6207
f 4250//6208 4243//6208 4246//6208
f 4244//6209 4245//6209 4246//6209
f 4244//6210 4246//6210 4243//6210
usemtl Mat_Bone
f 4258//6211 4257//6211 4256//6211
f 4258//6212 4256//6212 4255//6212
f 4255//6213 4256//6213 4252//6213
f 4255//6214 4252//6214 4251//6214
f 4256//6215 4257//6215 4253//6215
f 4256//6216 4253//6216 4252//6216
f 4257//6217 4258//6217 4254//6217
f 4257//6218 4254//6218 4253//6218
f 4258//6219 4255//6219 4251//6219
f 4258//6220 4251//6220 4254//6220
f 4252//6221 4253//6221 4254//6221
f 4252//6222 4254//6222 4251//6222
f 4266//6223 4265//6223 4264//6223
f 4266//6224 4264//6224 4263//6224
f 4263//6225 4264//6225 4260//6225
f 4263//6226 4260//6226 4259//6226
f 4264//6227 4265//6227 4261//6227
f 4264//6228 4261//6228 4260//6228
f 4265//6229 4266//6229 4262//6229
f 4265//6230 4262//6230 4261//6230
f 4266//6231 4263//6231 4259//6231
f 4266//6232 4259//6232 4262//6232
f 4260//6233 4261//6233 4262//6233
f 4260//6234 4262//6234 4259//6234
f 4274//6235 4273//6235 4272//6235
f 4274//6236 4272//6236 4271//6236
f 4271//6237 4272//6237 4268//6237
f 4271//6238 4268//6238 4267//6238
f 4272//6239 4273//6239 4269//6239
f 4272//6240 4269//6240 4268//6240
f 4273//6241 4274//6241 4270//6241
f 4273//6242 4270//6242 4269//6242
f 4274//6243 4271//6243 4267//6243
f 4274//6244 4267//6244 4270//6244
f 4268//6245 4269//6245 4270//6245
f 4268//6246 4270//6246 4267//6246
f 4282//6247 4281//6247 4280//6247
f 4282//6248 4280//6248 4279//6248
f 4279//6249 4280//6249 4276//6249
f 4279//6250 4276//6250 4275//6250
f 4280//6251 4281//6251 4277//6251
f 4280//6252 4277//6252 4276//6252
f 4281//6253 4282//6253 4278//6253
f 4281//6254 4278//6254 4277//6254
f 4282//6255 4279//6255 4275//6255
f 4282//6256 4275//6256 4278//6256
f 4276//6257 4277//6257 4278//6257
f 4276//6258 4278//6258 4275//6258
f 4290//6259 4289//6259 4288//6259
f 4290//6260 4288//6260 4287//6260
f 4287//6261 4288//6261 4284//6261
f 4287//6262 4284//6262 4283//6262
f 4288//6263 4289//6263 4285//6263
f 4288//6264 4285//6264 4284//6264
f 4289//6265 4290//6265 4286//6265
f 4289//6266 4286//6266 4285//6266
f 4290//6267 4287//6267 4283//6267
f 4290//6268 4283//6268 4286//6268
f 4284//6269 4285//6269 4286//6269
f 4284//6270 4286//6270 4283//6270
f 4298//6271 4297//6271 4296//6271
f 4298//6272 4296//6272 4295//6272
f 4295//6273 4296//6273 4292//6273
f 4295//6274 4292//6274 4291//6274
f 4296//6275 4297//6275 4293//6275
f 4296//6276 4293//6276 4292//6276
f 4297//6277 4298//6277 4294//6277
f 4297//6278 4294//6278 4293//6278
f 4298//6279 4295//6279 4291//6279
f 4298//6280 4291//6280 4294//6280
f 4292//6281 4293//6281 4294//6281
f 4292//6282 4294//6282 4291//6282
f 4306//6283 4305//6283 4304//6283
f 4306//6284 4304//6284 4303//6284
f 4304//6285 4305//6285 4301//6285
f 4304//6286 4301//6286 4300//6286
f 4305//6287 4306//6287 4302//6287
f 4305//6288 4302//6288 4301//6288
f 4306//6289 4303//6289 4299//6289
f 4306//6290 4299//6290 4302//6290
f 4300//6291 4301//6291 4302//6291
f 4300//6292 4302//6292 4299//6292
f 4314//6293 4313//6293 4312//6293
f 4314//6294 4312//6294 4311//6294
f 4312//6295 4313//6295 4309//6295
f 4312//6296 4309//6296 4308//6296
f 4313//6297 4314//6297 4310//6297
f 4313//6298 4310//6298 4309//6298
f 4314//6299 4311//6299 4307//6299
f 4314//6300 4307//6300 4310//6300
f 4308//6301 4309//6301 4310//6301
f 4308//6302 4310//6302 4307//6302
usemtl Mat_Cactus
f 4322//6303 4321//6303 4320//6303
f 4322//6304 4320//6304 4319//6304
f 4319//6305 4320//6305 4316//6305
f 4319//6306 4316//6306 4315//6306
f 4320//6307 4321//6307 4317//6307
f 4320//6308 4317//6308 4316//6308
f 4321//6309 4322//6309 4318//6309
f 4321//6310 4318//6310 4317//6310
f 4322//6311 4319//6311 4315//6311
f 4322//6312 4315//6312 4318//6312
f 4316//6313 4317//6313 4318//6313
f 4316//6314 4318//6314 4315//6314
usemtl Mat_WoodMid
f 4330//6315 4329//6315 4328//6315
f 4330//6316 4328//6316 4327//6316
f 4327//6317 4328//6317 4324//6317
f 4327//6318 4324//6318 4323//6318
f 4328//6319 4329//6319 4325//6319
f 4328//6320 4325//6320 4324//6320
f 4329//6321 4330//6321 4326//6321
f 4329//6322 4326//6322 4325//6322
f 4330//6323 4327//6323 4323//6323
f 4330//6324 4323//6324 4326//6324
f 4324//6325 4325//6325 4326//6325
f 4324//6326 4326//6326 4323//6326
f 4338//6327 4337//6327 4336//6327
f 4338//6328 4336//6328 4335//6328
f 4335//6329 4336//6329 4332//6329
f 4335//6330 4332//6330 4331//6330
f 4336//6331 4337//6331 4333//6331
f 4336//6332 4333//6332 4332//6332
f 4337//6333 4338//6333 4334//6333
f 4337//6334 4334//6334 4333//6334
f 4338//6335 4335//6335 4331//6335
f 4338//6336 4331//6336 4334//6336
f 4332//6337 4333//6337 4334//6337
f 4332//6338 4334//6338 4331//6338
f 4346//6339 4345//6339 4344//6339
f 4346//6340 4344//6340 4343//6340
f 4343//6341 4344//6341 4340//6341
f 4343//6342 4340//6342 4339//6342
f 4344//6343 4345//6343 4341//6343
f 4344//6344 4341//6344 4340//6344
f 4345//6345 4346//6345 4342//6345
f 4345//6346 4342//6346 4341//6346
f 4346//6347 4343//6347 4339//6347
f 4346//6348 4339//6348 4342//6348
f 4340//6349 4341//6349 4342//6349
f 4340//6350 4342//6350 4339//6350
f 4354//6351 4353//6351 4352//6351
f 4354//6352 4352//6352 4351//6352
f 4351//6353 4352//6353 4348//6353
f 4351//6354 4348//6354 4347//6354
f 4352//6355 4353//6355 4349//6355
f 4352//6356 4349//6356 4348//6356
f 4353//6357 4354//6357 4350//6357
f 4353//6358 4350//6358 4349//6358
f 4354//6359 4351//6359 4347//6359
f 4354//6360 4347//6360 4350//6360
f 4348//6361 4349//6361 4350//6361
f 4348//6362 4350//6362 4347//6362
usemtl Mat_Cactus
f 4362//6363 4361//6363 4360//6363
f 4362//6364 4360//6364 4359//6364
f 4359//6365 4360//6365 4356//6365
f 4359//6366 4356//6366 4355//6366
f 4360//6367 4361//6367 4357//6367
f 4360//6368 4357//6368 4356//6368
f 4361//6369 4362//6369 4358//6369
f 4361//6370 4358//6370 4357//6370
f 4362//6371 4359//6371 4355//6371
f 4362//6372 4355//6372 4358//6372
f 4356//6373 4357//6373 4358//6373
f 4356//6374 4358//6374 4355//6374
usemtl Mat_WoodMid
f 4370//6375 4369//6375 4368//6375
f 4370//6376 4368//6376 4367//6376
f 4367//6377 4368//6377 4364//6377
f 4367//6378 4364//6378 4363//6378
f 4368//6379 4369//6379 4365//6379
f 4368//6380 4365//6380 4364//6380
f 4369//6381 4370//6381 4366//6381
f 4369//6382 4366//6382 4365//6382
f 4370//6383 4367//6383 4363//6383
f 4370//6384 4363//6384 4366//6384
f 4364//6385 4365//6385 4366//6385
f 4364//6386 4366//6386 4363//6386
f 4378//6387 4377//6387 4376//6387
f 4378//6388 4376//6388 4375//6388
f 4375//6389 4376//6389 4372//6389
f 4375//6390 4372//6390 4371//6390
f 4376//6391 4377//6391 4373//6391
f 4376//6392 4373//6392 4372//6392
f 4377//6393 4378//6393 4374//6393
f 4377//6394 4374//6394 4373//6394
f 4378//6395 4375//6395 4371//6395
f 4378//6396 4371//6396 4374//6396
f 4372//6397 4373//6397 4374//6397
f 4372//6398 4374//6398 4371//6398
f 4386//6399 4385//6399 4384//6399
f 4386//6400 4384//6400 4383//6400
f 4383//6401 4384//6401 4380//6401
f 4383//6402 4380//6402 4379//6402
f 4384//6403 4385//6403 4381//6403
f 4384//6404 4381//6404 4380//6404
f 4385//6405 4386//6405 4382//6405
f 4385//6406 4382//6406 4381//6406
f 4386//6407 4383//6407 4379//6407
f 4386//6408 4379//6408 4382//6408
f 4380//6409 4381//6409 4382//6409
f 4380//6410 4382//6410 4379//6410
f 4394//6411 4393//6411 4392//6411
f 4394//6412 4392//6412 4391//6412
f 4391//6413 4392//6413 4388//6413
f 4391//6414 4388//6414 4387//6414
f 4392//6415 4393//6415 4389//6415
f 4392//6416 4389//6416 4388//6416
f 4393//6417 4394//6417 4390//6417
f 4393//6418 4390//6418 4389//6418
f 4394//6419 4391//6419 4387//6419
f 4394//6420 4387//6420 4390//6420
f 4388//6421 4389//6421 4390//6421
f 4388//6422 4390//6422 4387//6422
usemtl Mat_Bone
f 4405//6423 4395//6423 4396//6423
f 4405//6424 4396//6424 4397//6424
f 4405//6425 4397//6425 4398//6425
f 4405//6426 4398//6426 4399//6426
f 4405//6427 4399//6427 4400//6427
f 4405//6428 4400//6428 4401//6428
f 4405//6429 4401//6429 4402//6429
f 4405//6430 4402//6430 4403//6430
f 4403//6431 4404//6431 4405//6431
f 4407//6432 4406//6432 4416//6432
f 4408//6433 4407//6433 4416//6433
f 4409//6434 4408//6434 4416//6434
f 4410//6435 4409//6435 4416//6435
f 4411//6436 4410//6436 4416//6436
f 4412//6437 4411//6437 4416//6437
f 4413//6438 4412//6438 4416//6438
f 4414//6439 4413//6439 4416//6439
f 4416//6440 4415//6440 4414//6440
f 4395//6441 4406//6441 4407//6441
f 4395//6442 4407//6442 4396//6442
f 4396//6443 4407//6443 4408//6443
f 4396//6444 4408//6444 4397//6444
f 4397//6445 4408//6445 4409//6445
f 4397//6446 4409//6446 4398//6446
f 4398//6447 4409//6447 4410//6447
f 4398//6448 4410//6448 4399//6448
f 4399//6449 4410//6449 4411//6449
f 4399//6450 4411//6450 4400//6450
f 4400//6451 4411//6451 4412//6451
f 4400//6452 4412//6452 4401//6452
f 4401//6453 4412//6453 4413//6453
f 4401//6454 4413//6454 4402//6454
f 4402//6455 4413//6455 4414//6455
f 4402//6456 4414//6456 4403//6456
f 4403//6457 4414//6457 4415//6457
f 4403//6458 4415//6458 4404//6458
f 4404//6459 4415//6459 4416//6459
f 4404//6460 4416//6460 4405//6460
f 4405//6461 4416//6461 4406//6461
f 4405//6462 4406//6462 4395//6462
usemtl Mat_NeonAmber
f 4427//6463 4417//6463 4418//6463
f 4427//6464 4418//6464 4419//6464
f 4427//6465 4419//6465 4420//6465
f 4427//6466 4420//6466 4421//6466
f 4427//6467 4421//6467 4422//6467
f 4427//6468 4422//6468 4423//6468
f 4427//6469 4423//6469 4424//6469
f 4427//6470 4424//6470 4425//6470
f 4425//6471 4426//6471 4427//6471
f 4429//6472 4428//6472 4438//6472
f 4430//6473 4429//6473 4438//6473
f 4431//6474 4430//6474 4438//6474
f 4432//6475 4431//6475 4438//6475
f 4433//6476 4432//6476 4438//6476
f 4434//6477 4433//6477 4438//6477
f 4435//6478 4434//6478 4438//6478
f 4436//6479 4435//6479 4438//6479
f 4438//6480 4437//6480 4436//6480
f 4417//6481 4428//6481 4429//6481
f 4417//6482 4429//6482 4418//6482
f 4418//6483 4429//6483 4430//6483
f 4418//6484 4430//6484 4419//6484
f 4419//6485 4430//6485 4431//6485
f 4419//6486 4431//6486 4420//6486
f 4420//6487 4431//6487 4432//6487
f 4420//6488 4432//6488 4421//6488
f 4421//6489 4432//6489 4433//6489
f 4421//6490 4433//6490 4422//6490
f 4422//6491 4433//6491 4434//6491
f 4422//6492 4434//6492 4423//6492
f 4423//6493 4434//6493 4435//6493
f 4423//6494 4435//6494 4424//6494
f 4424//6495 4435//6495 4436//6495
f 4424//6496 4436//6496 4425//6496
f 4425//6497 4436//6497 4437//6497
f 4425//6498 4437//6498 4426//6498
f 4426//6499 4437//6499 4438//6499
f 4426//6500 4438//6500 4427//6500
f 4427//6501 4438//6501 4428//6501
f 4427//6502 4428//6502 4417//6502
usemtl Mat_Bone
f 4446//6503 4445//6503 4444//6503
f 4446//6504 4444//6504 4443//6504
f 4444//6505 4445//6505 4441//6505
f 4444//6506 4441//6506 4440//6506
f 4445//6507 4446//6507 4442//6507
f 4445//6508 4442//6508 4441//6508
f 4446//6509 4443//6509 4439//6509
f 4446//6510 4439//6510 4442//6510
f 4440//6511 4441//6511 4442//6511
f 4440//6512 4442//6512 4439//6512
f 4454//6513 4453//6513 4452//6513
f 4454//6514 4452//6514 4451//6514
f 4452//6515 4453//6515 4449//6515
f 4452//6516 4449//6516 4448//6516
f 4453//6517 4454//6517 4450//6517
f 4453//6518 4450//6518 4449//6518
f 4454//6519 4451//6519 4447//6519
f 4454//6520 4447//6520 4450//6520
f 4448//6521 4449//6521 4450//6521
f 4448//6522 4450//6522 4447//6522
f 4462//6523 4461//6523 4460//6523
f 4462//6524 4460//6524 4459//6524
f 4459//6525 4460//6525 4456//6525
f 4459//6526 4456//6526 4455//6526
f 4460//6527 4461//6527 4457//6527
f 4460//6528 4457//6528 4456//6528
f 4461//6529 4462//6529 4458//6529
f 4461//6530 4458//6530 4457//6530
f 4462//6531 4459//6531 4455//6531
f 4462//6532 4455//6532 4458//6532
f 4456//6533 4457//6533 4458//6533
f 4456//6534 4458//6534 4455//6534
f 4470//6535 4469//6535 4468//6535
f 4470//6536 4468//6536 4467//6536
f 4467//6537 4468//6537 4464//6537
f 4467//6538 4464//6538 4463//6538
f 4468//6539 4469//6539 4465//6539
f 4468//6540 4465//6540 4464//6540
f 4469//6541 4470//6541 4466//6541
f 4469//6542 4466//6542 4465//6542
f 4470//6543 4467//6543 4463//6543
f 4470//6544 4463//6544 4466//6544
f 4464//6545 4465//6545 4466//6545
f 4464//6546 4466//6546 4463//6546
usemtl Mat_DarkWood
f 4478//6547 4477//6547 4476//6547
f 4478//6548 4476//6548 4475//6548
f 4475//6549 4476//6549 4472//6549
f 4475//6550 4472//6550 4471//6550
f 4476//6551 4477//6551 4473//6551
f 4476//6552 4473//6552 4472//6552
f 4477//6553 4478//6553 4474//6553
f 4477//6554 4474//6554 4473//6554
f 4478//6555 4475//6555 4471//6555
f 4478//6556 4471//6556 4474//6556
f 4472//6557 4473//6557 4474//6557
f 4472//6558 4474//6558 4471//6558
usemtl Mat_Bone
f 4486//6559 4485//6559 4484//6559
f 4486//6560 4484//6560 4483//6560
f 4483//6561 4484//6561 4480//6561
f 4483//6562 4480//6562 4479//6562
f 4484//6563 4485//6563 4481//6563
f 4484//6564 4481//6564 4480//6564
f 4485//6565 4486//6565 4482//6565
f 4485//6566 4482//6566 4481//6566
f 4486//6567 4483//6567 4479//6567
f 4486//6568 4479//6568 4482//6568
f 4480//6569 4481//6569 4482//6569
f 4480//6570 4482//6570 4479//6570
f 4494//6571 4493//6571 4492//6571
f 4494//6572 4492//6572 4491//6572
f 4491//6573 4492//6573 4488//6573
f 4491//6574 4488//6574 4487//6574
f 4492//6575 4493//6575 4489//6575
f 4492//6576 4489//6576 4488//6576
f 4493//6577 4494//6577 4490//6577
f 4493//6578 4490//6578 4489//6578
f 4494//6579 4491//6579 4487//6579
f 4494//6580 4487//6580 4490//6580
f 4488//6581 4489//6581 4490//6581
f 4488//6582 4490//6582 4487//6582
f 4502//6583 4501//6583 4500//6583
f 4502//6584 4500//6584 4499//6584
f 4499//6585 4500//6585 4496//6585
f 4499//6586 4496//6586 4495//6586
f 4500//6587 4501//6587 4497//6587
f 4500//6588 4497//6588 4496//6588
f 4501//6589 4502//6589 4498//6589
f 4501//6590 4498//6590 4497//6590
f 4502//6591 4499//6591 4495//6591
f 4502//6592 4495//6592 4498//6592
f 4496//6593 4497//6593 4498//6593
f 4496//6594 4498//6594 4495//6594
usemtl Mat_Brass
f 4504//6595 4505//6595 4503//6595
f 4505//6596 4506//6596 4503//6596
f 4506//6597 4507//6597 4503//6597
f 4507//6598 4508//6598 4503//6598
f 4508//6599 4509//6599 4503//6599
f 4509//6600 4504//6600 4503//6600
f 4510//6601 4505//6601 4504//6601
f 4510//6602 4506//6602 4505//6602
f 4510//6603 4507//6603 4506//6603
f 4510//6604 4508//6604 4507//6604
f 4510//6605 4509//6605 4508//6605
f 4510//6606 4504//6606 4509//6606
usemtl Mat_AdobeDark
f 4518//6607 4517//6607 4516//6607
f 4518//6608 4516//6608 4515//6608
f 4515//6609 4516//6609 4512//6609
f 4515//6610 4512//6610 4511//6610
f 4516//6611 4517//6611 4513//6611
f 4516//6612 4513//6612 4512//6612
f 4517//6613 4518//6613 4514//6613
f 4517//6614 4514//6614 4513//6614
f 4518//6615 4515//6615 4511//6615
f 4518//6616 4511//6616 4514//6616
f 4512//6617 4513//6617 4514//6617
f 4512//6618 4514//6618 4511//6618
usemtl Mat_DarkMetal
f 4526//6619 4525//6619 4524//6619
f 4526//6620 4524//6620 4523//6620
f 4523//6621 4524//6621 4520//6621
f 4523//6622 4520//6622 4519//6622
f 4524//6623 4525//6623 4521//6623
f 4524//6624 4521//6624 4520//6624
f 4525//6625 4526//6625 4522//6625
f 4525//6626 4522//6626 4521//6626
f 4526//6627 4523//6627 4519//6627
f 4526//6628 4519//6628 4522//6628
f 4520//6629 4521//6629 4522//6629
f 4520//6630 4522//6630 4519//6630
f 4535//6631 4536//6631 4528//6631
f 4535//6632 4528//6632 4527//6632
f 4536//6633 4537//6633 4529//6633
f 4536//6634 4529//6634 4528//6634
f 4537//6635 4538//6635 4530//6635
f 4537//6636 4530//6636 4529//6636
f 4538//6637 4539//6637 4531//6637
f 4538//6638 4531//6638 4530//6638
f 4539//6639 4540//6639 4532//6639
f 4539//6640 4532//6640 4531//6640
f 4540//6641 4541//6641 4533//6641
f 4540//6642 4533//6642 4532//6642
f 4541//6643 4542//6643 4534//6643
f 4541//6644 4534//6644 4533//6644
f 4542//6645 4535//6645 4527//6645
f 4542//6646 4527//6646 4534//6646
f 4542//6647 4541//6647 4540//6647
f 4542//6648 4540//6648 4539//6648
f 4542//6649 4539//6649 4538//6649
f 4542//6650 4538//6650 4537//6650
f 4542//6651 4537//6651 4536//6651
f 4542//6652 4536//6652 4535//6652
f 4527//6653 4528//6653 4529//6653
f 4527//6654 4529//6654 4530//6654
f 4527//6655 4530//6655 4531//6655
f 4527//6656 4531//6656 4532//6656
f 4527//6657 4532//6657 4533//6657
f 4527//6658 4533//6658 4534//6658
usemtl Mat_Void
f 4550//6659 4549//6659 4548//6659
f 4550//6660 4548//6660 4547//6660
f 4547//6661 4548//6661 4544//6661
f 4547//6662 4544//6662 4543//6662
f 4548//6663 4549//6663 4545//6663
f 4548//6664 4545//6664 4544//6664
f 4549//6665 4550//6665 4546//6665
f 4549//6666 4546//6666 4545//6666
f 4550//6667 4547//6667 4543//6667
f 4550//6668 4543//6668 4546//6668
f 4544//6669 4545//6669 4546//6669
f 4544//6670 4546//6670 4543//6670
usemtl Mat_Brass
f 4551//6671 4552//6671 4553//6671
f 4551//6672 4553//6672 4554//6672
f 4555//6673 4556//6673 4557//6673
f 4555//6674 4557//6674 4558//6674
f 4559//6675 4560//6675 4561//6675
f 4559//6676 4561//6676 4562//6676
f 4563//6677 4564//6677 4565//6677
f 4563//6678 4565//6678 4566//6678
f 4567//6679 4568//6679 4569//6679
f 4567//6680 4569//6680 4570//6680
usemtl Mat_DarkMetal
f 4578//6681 4577//6681 4576//6681
f 4578//6682 4576//6682 4575//6682
f 4575//6683 4576//6683 4572//6683
f 4575//6684 4572//6684 4571//6684
f 4576//6685 4577//6685 4573//6685
f 4576//6686 4573//6686 4572//6686
f 4577//6687 4578//6687 4574//6687
f 4577//6688 4574//6688 4573//6688
f 4578//6689 4575//6689 4571//6689
f 4578//6690 4571//6690 4574//6690
f 4572//6691 4573//6691 4574//6691
f 4572//6692 4574//6692 4571//6692
f 4586//6693 4585//6693 4584//6693
f 4586//6694 4584//6694 4583//6694
f 4583//6695 4584//6695 4580//6695
f 4583//6696 4580//6696 4579//6696
f 4584//6697 4585//6697 4581//6697
f 4584//6698 4581//6698 4580//6698
f 4585//6699 4586//6699 4582//6699
f 4585//6700 4582//6700 4581//6700
f 4586//6701 4583//6701 4579//6701
f 4586//6702 4579//6702 4582//6702
f 4580//6703 4581//6703 4582//6703
f 4580//6704 4582//6704 4579//6704
f 4594//6705 4593//6705 4592//6705
f 4594//6706 4592//6706 4591//6706
f 4591//6707 4592//6707 4588//6707
f 4591//6708 4588//6708 4587//6708
f 4592//6709 4593//6709 4589//6709
f 4592//6710 4589//6710 4588//6710
f 4593//6711 4594//6711 4590//6711
f 4593//6712 4590//6712 4589//6712
f 4594//6713 4591//6713 4587//6713
f 4594//6714 4587//6714 4590//6714
f 4588//6715 4589//6715 4590//6715
f 4588//6716 4590//6716 4587//6716
f 4602//6717 4601//6717 4600//6717
f 4602//6718 4600//6718 4599//6718
f 4599//6719 4600//6719 4596//6719
f 4599//6720 4596//6720 4595//6720
f 4600//6721 4601//6721 4597//6721
f 4600//6722 4597//6722 4596//6722
f 4601//6723 4602//6723 4598//6723
f 4601//6724 4598//6724 4597//6724
f 4602//6725 4599//6725 4595//6725
f 4602//6726 4595//6726 4598//6726
f 4596//6727 4597//6727 4598//6727
f 4596//6728 4598//6728 4595//6728
usemtl Mat_FadedWood
f 4610//6729 4609//6729 4608//6729
f 4610//6730 4608//6730 4607//6730
f 4607//6731 4608//6731 4604//6731
f 4607//6732 4604//6732 4603//6732
f 4608//6733 4609//6733 4605//6733
f 4608//6734 4605//6734 4604//6734
f 4609//6735 4610//6735 4606//6735
f 4609//6736 4606//6736 4605//6736
f 4610//6737 4607//6737 4603//6737
f 4610//6738 4603//6738 4606//6738
f 4604//6739 4605//6739 4606//6739
f 4604//6740 4606//6740 4603//6740
f 4618//6741 4617//6741 4616//6741
f 4618//6742 4616//6742 4615//6742
f 4615//6743 4616//6743 4612//6743
f 4615//6744 4612//6744 4611//6744
f 4616//6745 4617//6745 4613//6745
f 4616//6746 4613//6746 4612//6746
f 4617//6747 4618//6747 4614//6747
f 4617//6748 4614//6748 4613//6748
f 4618//6749 4615//6749 4611//6749
f 4618//6750 4611//6750 4614//6750
f 4612//6751 4613//6751 4614//6751
f 4612//6752 4614//6752 4611//6752
usemtl Mat_DarkWood
f 4626//6753 4625//6753 4624//6753
f 4626//6754 4624//6754 4623//6754
f 4623//6755 4624//6755 4620//6755
f 4623//6756 4620//6756 4619//6756
f 4624//6757 4625//6757 4621//6757
f 4624//6758 4621//6758 4620//6758
f 4625//6759 4626//6759 4622//6759
f 4625//6760 4622//6760 4621//6760
f 4626//6761 4623//6761 4619//6761
f 4626//6762 4619//6762 4622//6762
f 4620//6763 4621//6763 4622//6763
f 4620//6764 4622//6764 4619//6764
f 4634//6765 4633//6765 4632//6765
f 4634//6766 4632//6766 4631//6766
f 4631//6767 4632//6767 4628//6767
f 4631//6768 4628//6768 4627//6768
f 4632//6769 4633//6769 4629//6769
f 4632//6770 4629//6770 4628//6770
f 4633//6771 4634//6771 4630//6771
f 4633//6772 4630//6772 4629//6772
f 4634//6773 4631//6773 4627//6773
f 4634//6774 4627//6774 4630//6774
f 4628//6775 4629//6775 4630//6775
f 4628//6776 4630//6776 4627//6776
f 4642//6777 4641//6777 4640//6777
f 4642//6778 4640//6778 4639//6778
f 4639//6779 4640//6779 4636//6779
f 4639//6780 4636//6780 4635//6780
f 4640//6781 4641//6781 4637//6781
f 4640//6782 4637//6782 4636//6782
f 4641//6783 4642//6783 4638//6783
f 4641//6784 4638//6784 4637//6784
f 4642//6785 4639//6785 4635//6785
f 4642//6786 4635//6786 4638//6786
f 4636//6787 4637//6787 4638//6787
f 4636//6788 4638//6788 4635//6788
f 4650//6789 4649//6789 4648//6789
f 4650//6790 4648//6790 4647//6790
f 4647//6791 4648//6791 4644//6791
f 4647//6792 4644//6792 4643//6792
f 4648//6793 4649//6793 4645//6793
f 4648//6794 4645//6794 4644//6794
f 4649//6795 4650//6795 4646//6795
f 4649//6796 4646//6796 4645//6796
f 4650//6797 4647//6797 4643//6797
f 4650//6798 4643//6798 4646//6798
f 4644//6799 4645//6799 4646//6799
f 4644//6800 4646//6800 4643//6800
usemtl Mat_DarkMetal
f 4659//6801 4660//6801 4652//6801
f 4659//6802 4652//6802 4651//6802
f 4660//6803 4661//6803 4653//6803
f 4660//6804 4653//6804 4652//6804
f 4661//6805 4662//6805 4654//6805
f 4661//6806 4654//6806 4653//6806
f 4662//6807 4663//6807 4655//6807
f 4662//6808 4655//6808 4654//6808
f 4663//6809 4664//6809 4656//6809
f 4663//6810 4656//6810 4655//6810
f 4664//6811 4665//6811 4657//6811
f 4664//6812 4657//6812 4656//6812
f 4665//6813 4666//6813 4658//6813
f 4665//6814 4658//6814 4657//6814
f 4666//6815 4659//6815 4651//6815
f 4666//6816 4651//6816 4658//6816
f 4666//6817 4665//6817 4664//6817
f 4666//6818 4664//6818 4663//6818
f 4666//6819 4663//6819 4662//6819
f 4666//6820 4662//6820 4661//6820
f 4666//6821 4661//6821 4660//6821
f 4666//6822 4660//6822 4659//6822
f 4651//6823 4652//6823 4653//6823
f 4651//6824 4653//6824 4654//6824
f 4651//6825 4654//6825 4655//6825
f 4651//6826 4655//6826 4656//6826
f 4651//6827 4656//6827 4657//6827
f 4651//6828 4657//6828 4658//6828
f 4675//6829 4676//6829 4668//6829
f 4675//6830 4668//6830 4667//6830
f 4676//6831 4677//6831 4669//6831
f 4676//6832 4669//6832 4668//6832
f 4677//6833 4678//6833 4670//6833
f 4677//6834 4670//6834 4669//6834
f 4678//6835 4679//6835 4671//6835
f 4678//6836 4671//6836 4670//6836
f 4679//6837 4680//6837 4672//6837
f 4679//6838 4672//6838 4671//6838
f 4680//6839 4681//6839 4673//6839
f 4680//6840 4673//6840 4672//6840
f 4681//6841 4682//6841 4674//6841
f 4681//6842 4674//6842 4673//6842
f 4682//6843 4675//6843 4667//6843
f 4682//6844 4667//6844 4674//6844
f 4682//6845 4681//6845 4680//6845
f 4682//6846 4680//6846 4679//6846
f 4682//6847 4679//6847 4678//6847
f 4682//6848 4678//6848 4677//6848
f 4682//6849 4677//6849 4676//6849
f 4682//6850 4676//6850 4675//6850
f 4667//6851 4668//6851 4669//6851
f 4667//6852 4669//6852 4670//6852
f 4667//6853 4670//6853 4671//6853
f 4667//6854 4671//6854 4672//6854
f 4667//6855 4672//6855 4673//6855
f 4667//6856 4673//6856 4674//6856
f 4691//6857 4692//6857 4684//6857
f 4691//6858 4684//6858 4683//6858
f 4692//6859 4693//6859 4685//6859
f 4692//6860 4685//6860 4684//6860
f 4693//6861 4694//6861 4686//6861
f 4693//6862 4686//6862 4685//6862
f 4694//6863 4695//6863 4687//6863
f 4694//6864 4687//6864 4686//6864
f 4695//6865 4696//6865 4688//6865
f 4695//6866 4688//6866 4687//6866
f 4696//6867 4697//6867 4689//6867
f 4696//6868 4689//6868 4688//6868
f 4697//6869 4698//6869 4690//6869
f 4697//6870 4690//6870 4689//6870
f 4698//6871 4691//6871 4683//6871
f 4698//6872 4683//6872 4690//6872
f 4698//6873 4697//6873 4696//6873
f 4698//6874 4696//6874 4695//6874
f 4698//6875 4695//6875 4694//6875
f 4698//6876 4694//6876 4693//6876
f 4698//6877 4693//6877 4692//6877
f 4698//6878 4692//6878 4691//6878
f 4683//6879 4684//6879 4685//6879
f 4683//6880 4685//6880 4686//6880
f 4683//6881 4686//6881 4687//6881
f 4683//6882 4687//6882 4688//6882
f 4683//6883 4688//6883 4689//6883
f 4683//6884 4689//6884 4690//6884
f 4707//6885 4708//6885 4700//6885
f 4707//6886 4700//6886 4699//6886
f 4708//6887 4709//6887 4701//6887
f 4708//6888 4701//6888 4700//6888
f 4709//6889 4710//6889 4702//6889
f 4709//6890 4702//6890 4701//6890
f 4710//6891 4711//6891 4703//6891
f 4710//6892 4703//6892 4702//6892
f 4711//6893 4712//6893 4704//6893
f 4711//6894 4704//6894 4703//6894
f 4712//6895 4713//6895 4705//6895
f 4712//6896 4705//6896 4704//6896
f 4713//6897 4714//6897 4706//6897
f 4713//6898 4706//6898 4705//6898
f 4714//6899 4707//6899 4699//6899
f 4714//6900 4699//6900 4706//6900
f 4714//6901 4713//6901 4712//6901
f 4714//6902 4712//6902 4711//6902
f 4714//6903 4711//6903 4710//6903
f 4714//6904 4710//6904 4709//6904
f 4714//6905 4709//6905 4708//6905
f 4714//6906 4708//6906 4707//6906
f 4699//6907 4700//6907 4701//6907
f 4699//6908 4701//6908 4702//6908
f 4699//6909 4702//6909 4703//6909
f 4699//6910 4703//6910 4704//6910
f 4699//6911 4704//6911 4705//6911
f 4699//6912 4705//6912 4706//6912
usemtl Mat_PaintedWood
f 4722//6913 4721//6913 4720//6913
f 4722//6914 4720//6914 4719//6914
f 4719//6915 4720//6915 4716//6915
f 4719//6916 4716//6916 4715//6916
f 4720//6917 4721//6917 4717//6917
f 4720//6918 4717//6918 4716//6918
f 4721//6919 4722//6919 4718//6919
f 4721//6920 4718//6920 4717//6920
f 4722//6921 4719//6921 4715//6921
f 4722//6922 4715//6922 4718//6922
f 4716//6923 4717//6923 4718//6923
f 4716//6924 4718//6924 4715//6924
f 4730//6925 4729//6925 4728//6925
f 4730//6926 4728//6926 4727//6926
f 4727//6927 4728//6927 4724//6927
f 4727//6928 4724//6928 4723//6928
f 4728//6929 4729//6929 4725//6929
f 4728//6930 4725//6930 4724//6930
f 4729//6931 4730//6931 4726//6931
f 4729//6932 4726//6932 4725//6932
f 4730//6933 4727//6933 4723//6933
f 4730//6934 4723//6934 4726//6934
f 4724//6935 4725//6935 4726//6935
f 4724//6936 4726//6936 4723//6936
f 4738//6937 4737//6937 4736//6937
f 4738//6938 4736//6938 4735//6938
f 4735//6939 4736//6939 4732//6939
f 4735//6940 4732//6940 4731//6940
f 4736//6941 4737//6941 4733//6941
f 4736//6942 4733//6942 4732//6942
f 4737//6943 4738//6943 4734//6943
f 4737//6944 4734//6944 4733//6944
f 4738//6945 4735//6945 4731//6945
f 4738//6946 4731//6946 4734//6946
f 4732//6947 4733//6947 4734//6947
f 4732//6948 4734//6948 4731//6948
usemtl Mat_Bone
f 4746//6949 4745//6949 4744//6949
f 4746//6950 4744//6950 4743//6950
f 4743//6951 4744//6951 4740//6951
f 4743//6952 4740//6952 4739//6952
f 4744//6953 4745//6953 4741//6953
f 4744//6954 4741//6954 4740//6954
f 4745//6955 4746//6955 4742//6955
f 4745//6956 4742//6956 4741//6956
f 4746//6957 4743//6957 4739//6957
f 4746//6958 4739//6958 4742//6958
f 4740//6959 4741//6959 4742//6959
f 4740//6960 4742//6960 4739//6960
usemtl Mat_Cactus
f 4754//6961 4753//6961 4752//6961
f 4754//6962 4752//6962 4751//6962
f 4751//6963 4752//6963 4748//6963
f 4751//6964 4748//6964 4747//6964
f 4752//6965 4753//6965 4749//6965
f 4752//6966 4749//6966 4748//6966
f 4753//6967 4754//6967 4750//6967
f 4753//6968 4750//6968 4749//6968
f 4754//6969 4751//6969 4747//6969
f 4754//6970 4747//6970 4750//6970
f 4748//6971 4749//6971 4750//6971
f 4748//6972 4750//6972 4747//6972
f 4762//6973 4761//6973 4760//6973
f 4762//6974 4760//6974 4759//6974
f 4759//6975 4760//6975 4756//6975
f 4759//6976 4756//6976 4755//6976
f 4760//6977 4761//6977 4757//6977
f 4760//6978 4757//6978 4756//6978
f 4761//6979 4762//6979 4758//6979
f 4761//6980 4758//6980 4757//6980
f 4762//6981 4759//6981 4755//6981
f 4762//6982 4755//6982 4758//6982
f 4756//6983 4757//6983 4758//6983
f 4756//6984 4758//6984 4755//6984
f 4770//6985 4769//6985 4768//6985
f 4770//6986 4768//6986 4767//6986
f 4767//6987 4768//6987 4764//6987
f 4767//6988 4764//6988 4763//6988
f 4768//6989 4769//6989 4765//6989
f 4768//6990 4765//6990 4764//6990
f 4769//6991 4770//6991 4766//6991
f 4769//6992 4766//6992 4765//6992
f 4770//6993 4767//6993 4763//6993
f 4770//6994 4763//6994 4766//6994
f 4764//6995 4765//6995 4766//6995
f 4764//6996 4766//6996 4763//6996
usemtl Mat_Bone
f 4778//6997 4777//6997 4776//6997
f 4778//6998 4776//6998 4775//6998
f 4775//6999 4776//6999 4772//6999
f 4775//7000 4772//7000 4771//7000
f 4776//7001 4777//7001 4773//7001
f 4776//7002 4773//7002 4772//7002
f 4777//7003 4778//7003 4774//7003
f 4777//7004 4774//7004 4773//7004
f 4778//7005 4775//7005 4771//7005
f 4778//7006 4771//7006 4774//7006
f 4772//7007 4773//7007 4774//7007
f 4772//7008 4774//7008 4771//7008
usemtl Mat_RustRock
f 4786//7009 4785//7009 4784//7009
f 4786//7010 4784//7010 4783//7010
f 4783//7011 4784//7011 4780//7011
f 4783//7012 4780//7012 4779//7012
f 4784//7013 4785//7013 4781//7013
f 4784//7014 4781//7014 4780//7014
f 4785//7015 4786//7015 4782//7015
f 4785//7016 4782//7016 4781//7016
f 4786//7017 4783//7017 4779//7017
f 4786//7018 4779//7018 4782//7018
f 4780//7019 4781//7019 4782//7019
f 4780//7020 4782//7020 4779//7020
f 4794//7021 4793//7021 4792//7021
f 4794//7022 4792//7022 4791//7022
f 4791//7023 4792//7023 4788//7023
f 4791//7024 4788//7024 4787//7024
f 4792//7025 4793//7025 4789//7025
f 4792//7026 4789//7026 4788//7026
f 4793//7027 4794//7027 4790//7027
f 4793//7028 4790//7028 4789//7028
f 4794//7029 4791//7029 4787//7029
f 4794//7030 4787//7030 4790//7030
f 4788//7031 4789//7031 4790//7031
f 4788//7032 4790//7032 4787//7032
f 4802//7033 4801//7033 4800//7033
f 4802//7034 4800//7034 4799//7034
f 4799//7035 4800//7035 4796//7035
f 4799//7036 4796//7036 4795//7036
f 4800//7037 4801//7037 4797//7037
f 4800//7038 4797//7038 4796//7038
f 4801//7039 4802//7039 4798//7039
f 4801//7040 4798//7040 4797//7040
f 4802//7041 4799//7041 4795//7041
f 4802//7042 4795//7042 4798//7042
f 4796//7043 4797//7043 4798//7043
f 4796//7044 4798//7044 4795//7044
usemtl Mat_Bone
f 4810//7045 4809//7045 4808//7045
f 4810//7046 4808//7046 4807//7046
f 4807//7047 4808//7047 4804//7047
f 4807//7048 4804//7048 4803//7048
f 4808//7049 4809//7049 4805//7049
f 4808//7050 4805//7050 4804//7050
f 4809//7051 4810//7051 4806//7051
f 4809//7052 4806//7052 4805//7052
f 4810//7053 4807//7053 4803//7053
f 4810//7054 4803//7054 4806//7054
f 4804//7055 4805//7055 4806//7055
f 4804//7056 4806//7056 4803//7056
usemtl Mat_SolarBlue
f 4818//7057 4817//7057 4816//7057
f 4818//7058 4816//7058 4815//7058
f 4815//7059 4816//7059 4812//7059
f 4815//7060 4812//7060 4811//7060
f 4816//7061 4817//7061 4813//7061
f 4816//7062 4813//7062 4812//7062
f 4817//7063 4818//7063 4814//7063
f 4817//7064 4814//7064 4813//7064
f 4818//7065 4815//7065 4811//7065
f 4818//7066 4811//7066 4814//7066
f 4812//7067 4813//7067 4814//7067
f 4812//7068 4814//7068 4811//7068
f 4826//7069 4825//7069 4824//7069
f 4826//7070 4824//7070 4823//7070
f 4823//7071 4824//7071 4820//7071
f 4823//7072 4820//7072 4819//7072
f 4824//7073 4825//7073 4821//7073
f 4824//7074 4821//7074 4820//7074
f 4825//7075 4826//7075 4822//7075
f 4825//7076 4822//7076 4821//7076
f 4826//7077 4823//7077 4819//7077
f 4826//7078 4819//7078 4822//7078
f 4820//7079 4821//7079 4822//7079
f 4820//7080 4822//7080 4819//7080
f 4834//7081 4833//7081 4832//7081
f 4834//7082 4832//7082 4831//7082
f 4831//7083 4832//7083 4828//7083
f 4831//7084 4828//7084 4827//7084
f 4832//7085 4833//7085 4829//7085
f 4832//7086 4829//7086 4828//7086
f 4833//7087 4834//7087 4830//7087
f 4833//7088 4830//7088 4829//7088
f 4834//7089 4831//7089 4827//7089
f 4834//7090 4827//7090 4830//7090
f 4828//7091 4829//7091 4830//7091
f 4828//7092 4830//7092 4827//7092
usemtl Mat_Bone
f 4842//7093 4841//7093 4840//7093
f 4842//7094 4840//7094 4839//7094
f 4839//7095 4840//7095 4836//7095
f 4839//7096 4836//7096 4835//7096
f 4840//7097 4841//7097 4837//7097
f 4840//7098 4837//7098 4836//7098
f 4841//7099 4842//7099 4838//7099
f 4841//7100 4838//7100 4837//7100
f 4842//7101 4839//7101 4835//7101
f 4842//7102 4835//7102 4838//7102
f 4836//7103 4837//7103 4838//7103
f 4836//7104 4838//7104 4835//7104
usemtl Mat_HeroYellow
f 4850//7105 4849//7105 4848//7105
f 4850//7106 4848//7106 4847//7106
f 4847//7107 4848//7107 4844//7107
f 4847//7108 4844//7108 4843//7108
f 4848//7109 4849//7109 4845//7109
f 4848//7110 4845//7110 4844//7110
f 4849//7111 4850//7111 4846//7111
f 4849//7112 4846//7112 4845//7112
f 4850//7113 4847//7113 4843//7113
f 4850//7114 4843//7114 4846//7114
f 4844//7115 4845//7115 4846//7115
f 4844//7116 4846//7116 4843//7116
f 4858//7117 4857//7117 4856//7117
f 4858//7118 4856//7118 4855//7118
f 4855//7119 4856//7119 4852//7119
f 4855//7120 4852//7120 4851//7120
f 4856//7121 4857//7121 4853//7121
f 4856//7122 4853//7122 4852//7122
f 4857//7123 4858//7123 4854//7123
f 4857//7124 4854//7124 4853//7124
f 4858//7125 4855//7125 4851//7125
f 4858//7126 4851//7126 4854//7126
f 4852//7127 4853//7127 4854//7127
f 4852//7128 4854//7128 4851//7128
f 4866//7129 4865//7129 4864//7129
f 4866//7130 4864//7130 4863//7130
f 4863//7131 4864//7131 4860//7131
f 4863//7132 4860//7132 4859//7132
f 4864//7133 4865//7133 4861//7133
f 4864//7134 4861//7134 4860//7134
f 4865//7135 4866//7135 4862//7135
f 4865//7136 4862//7136 4861//7136
f 4866//7137 4863//7137 4859//7137
f 4866//7138 4859//7138 4862//7138
f 4860//7139 4861//7139 4862//7139
f 4860//7140 4862//7140 4859//7140
usemtl Mat_Bone
f 4874//7141 4873//7141 4872//7141
f 4874//7142 4872//7142 4871//7142
f 4871//7143 4872//7143 4868//7143
f 4871//7144 4868//7144 4867//7144
f 4872//7145 4873//7145 4869//7145
f 4872//7146 4869//7146 4868//7146
f 4873//7147 4874//7147 4870//7147
f 4873//7148 4870//7148 4869//7148
f 4874//7149 4871//7149 4867//7149
f 4874//7150 4867//7150 4870//7150
f 4868//7151 4869//7151 4870//7151
f 4868//7152 4870//7152 4867//7152
usemtl Mat_Terracotta
f 4882//7153 4881//7153 4880//7153
f 4882//7154 4880//7154 4879//7154
f 4879//7155 4880//7155 4876//7155
f 4879//7156 4876//7156 4875//7156
f 4880//7157 4881//7157 4877//7157
f 4880//7158 4877//7158 4876//7158
f 4881//7159 4882//7159 4878//7159
f 4881//7160 4878//7160 4877//7160
f 4882//7161 4879//7161 4875//7161
f 4882//7162 4875//7162 4878//7162
f 4876//7163 4877//7163 4878//7163
f 4876//7164 4878//7164 4875//7164
f 4890//7165 4889//7165 4888//7165
f 4890//7166 4888//7166 4887//7166
f 4887//7167 4888//7167 4884//7167
f 4887//7168 4884//7168 4883//7168
f 4888//7169 4889//7169 4885//7169
f 4888//7170 4885//7170 4884//7170
f 4889//7171 4890//7171 4886//7171
f 4889//7172 4886//7172 4885//7172
f 4890//7173 4887//7173 4883//7173
f 4890//7174 4883//7174 4886//7174
f 4884//7175 4885//7175 4886//7175
f 4884//7176 4886//7176 4883//7176
f 4898//7177 4897//7177 4896//7177
f 4898//7178 4896//7178 4895//7178
f 4895//7179 4896//7179 4892//7179
f 4895//7180 4892//7180 4891//7180
f 4896//7181 4897//7181 4893//7181
f 4896//7182 4893//7182 4892//7182
f 4897//7183 4898//7183 4894//7183
f 4897//7184 4894//7184 4893//7184
f 4898//7185 4895//7185 4891//7185
f 4898//7186 4891//7186 4894//7186
f 4892//7187 4893//7187 4894//7187
f 4892//7188 4894//7188 4891//7188
usemtl Mat_Bone
f 4906//7189 4905//7189 4904//7189
f 4906//7190 4904//7190 4903//7190
f 4903//7191 4904//7191 4900//7191
f 4903//7192 4900//7192 4899//7192
f 4904//7193 4905//7193 4901//7193
f 4904//7194 4901//7194 4900//7194
f 4905//7195 4906//7195 4902//7195
f 4905//7196 4902//7196 4901//7196
f 4906//7197 4903//7197 4899//7197
f 4906//7198 4899//7198 4902//7198
f 4900//7199 4901//7199 4902//7199
f 4900//7200 4902//7200 4899//7200
usemtl Mat_PaintedWoodDark
f 4914//7201 4913//7201 4912//7201
f 4914//7202 4912//7202 4911//7202
f 4911//7203 4912//7203 4908//7203
f 4911//7204 4908//7204 4907//7204
f 4912//7205 4913//7205 4909//7205
f 4912//7206 4909//7206 4908//7206
f 4913//7207 4914//7207 4910//7207
f 4913//7208 4910//7208 4909//7208
f 4914//7209 4911//7209 4907//7209
f 4914//7210 4907//7210 4910//7210
f 4908//7211 4909//7211 4910//7211
f 4908//7212 4910//7212 4907//7212
f 4922//7213 4921//7213 4920//7213
f 4922//7214 4920//7214 4919//7214
f 4919//7215 4920//7215 4916//7215
f 4919//7216 4916//7216 4915//7216
f 4920//7217 4921//7217 4917//7217
f 4920//7218 4917//7218 4916//7218
f 4921//7219 4922//7219 4918//7219
f 4921//7220 4918//7220 4917//7220
f 4922//7221 4919//7221 4915//7221
f 4922//7222 4915//7222 4918//7222
f 4916//7223 4917//7223 4918//7223
f 4916//7224 4918//7224 4915//7224
f 4930//7225 4929//7225 4928//7225
f 4930//7226 4928//7226 4927//7226
f 4927//7227 4928//7227 4924//7227
f 4927//7228 4924//7228 4923//7228
f 4928//7229 4929//7229 4925//7229
f 4928//7230 4925//7230 4924//7230
f 4929//7231 4930//7231 4926//7231
f 4929//7232 4926//7232 4925//7232
f 4930//7233 4927//7233 4923//7233
f 4930//7234 4923//7234 4926//7234
f 4924//7235 4925//7235 4926//7235
f 4924//7236 4926//7236 4923//7236
usemtl Mat_Bone
f 4938//7237 4937//7237 4936//7237
f 4938//7238 4936//7238 4935//7238
f 4935//7239 4936//7239 4932//7239
f 4935//7240 4932//7240 4931//7240
f 4936//7241 4937//7241 4933//7241
f 4936//7242 4933//7242 4932//7242
f 4937//7243 4938//7243 4934//7243
f 4937//7244 4934//7244 4933//7244
f 4938//7245 4935//7245 4931//7245
f 4938//7246 4931//7246 4934//7246
f 4932//7247 4933//7247 4934//7247
f 4932//7248 4934//7248 4931//7248
usemtl Mat_RustRock
f 4946//7249 4945//7249 4944//7249
f 4946//7250 4944//7250 4943//7250
f 4943//7251 4944//7251 4940//7251
f 4943//7252 4940//7252 4939//7252
f 4944//7253 4945//7253 4941//7253
f 4944//7254 4941//7254 4940//7254
f 4945//7255 4946//7255 4942//7255
f 4945//7256 4942//7256 4941//7256
f 4946//7257 4943//7257 4939//7257
f 4946//7258 4939//7258 4942//7258
f 4940//7259 4941//7259 4942//7259
f 4940//7260 4942//7260 4939//7260
f 4954//7261 4953//7261 4952//7261
f 4954//7262 4952//7262 4951//7262
f 4951//7263 4952//7263 4948//7263
f 4951//7264 4948//7264 4947//7264
f 4952//7265 4953//7265 4949//7265
f 4952//7266 4949//7266 4948//7266
f 4953//7267 4954//7267 4950//7267
f 4953//7268 4950//7268 4949//7268
f 4954//7269 4951//7269 4947//7269
f 4954//7270 4947//7270 4950//7270
f 4948//7271 4949//7271 4950//7271
f 4948//7272 4950//7272 4947//7272
f 4962//7273 4961//7273 4960//7273
f 4962//7274 4960//7274 4959//7274
f 4959//7275 4960//7275 4956//7275
f 4959//7276 4956//7276 4955//7276
f 4960//7277 4961//7277 4957//7277
f 4960//7278 4957//7278 4956//7278
f 4961//7279 4962//7279 4958//7279
f 4961//7280 4958//7280 4957//7280
f 4962//7281 4959//7281 4955//7281
f 4962//7282 4955//7282 4958//7282
f 4956//7283 4957//7283 4958//7283
f 4956//7284 4958//7284 4955//7284
usemtl Mat_Bone
f 4970//7285 4969//7285 4968//7285
f 4970//7286 4968//7286 4967//7286
f 4967//7287 4968//7287 4964//7287
f 4967//7288 4964//7288 4963//7288
f 4968//7289 4969//7289 4965//7289
f 4968//7290 4965//7290 4964//7290
f 4969//7291 4970//7291 4966//7291
f 4969//7292 4966//7292 4965//7292
f 4970//7293 4967//7293 4963//7293
f 4970//7294 4963//7294 4966//7294
f 4964//7295 4965//7295 4966//7295
f 4964//7296 4966//7296 4963//7296
usemtl Mat_PaintedWood
f 4978//7297 4977//7297 4976//7297
f 4978//7298 4976//7298 4975//7298
f 4975//7299 4976//7299 4972//7299
f 4975//7300 4972//7300 4971//7300
f 4976//7301 4977//7301 4973//7301
f 4976//7302 4973//7302 4972//7302
f 4977//7303 4978//7303 4974//7303
f 4977//7304 4974//7304 4973//7304
f 4978//7305 4975//7305 4971//7305
f 4978//7306 4971//7306 4974//7306
f 4972//7307 4973//7307 4974//7307
f 4972//7308 4974//7308 4971//7308
f 4986//7309 4985//7309 4984//7309
f 4986//7310 4984//7310 4983//7310
f 4983//7311 4984//7311 4980//7311
f 4983//7312 4980//7312 4979//7312
f 4984//7313 4985//7313 4981//7313
f 4984//7314 4981//7314 4980//7314
f 4985//7315 4986//7315 4982//7315
f 4985//7316 4982//7316 4981//7316
f 4986//7317 4983//7317 4979//7317
f 4986//7318 4979//7318 4982//7318
f 4980//7319 4981//7319 4982//7319
f 4980//7320 4982//7320 4979//7320
f 4994//7321 4993//7321 4992//7321
f 4994//7322 4992//7322 4991//7322
f 4991//7323 4992//7323 4988//7323
f 4991//7324 4988//7324 4987//7324
f 4992//7325 4993//7325 4989//7325
f 4992//7326 4989//7326 4988//7326
f 4993//7327 4994//7327 4990//7327
f 4993//7328 4990//7328 4989//7328
f 4994//7329 4991//7329 4987//7329
f 4994//7330 4987//7330 4990//7330
f 4988//7331 4989//7331 4990//7331
f 4988//7332 4990//7332 4987//7332
usemtl Mat_Bone
f 5002//7333 5001//7333 5000//7333
f 5002//7334 5000//7334 4999//7334
f 4999//7335 5000//7335 4996//7335
f 4999//7336 4996//7336 4995//7336
f 5000//7337 5001//7337 4997//7337
f 5000//7338 4997//7338 4996//7338
f 5001//7339 5002//7339 4998//7339
f 5001//7340 4998//7340 4997//7340
f 5002//7341 4999//7341 4995//7341
f 5002//7342 4995//7342 4998//7342
f 4996//7343 4997//7343 4998//7343
f 4996//7344 4998//7344 4995//7344
usemtl Mat_HeroYellow
f 5010//7345 5009//7345 5008//7345
f 5010//7346 5008//7346 5007//7346
f 5007//7347 5008//7347 5004//7347
f 5007//7348 5004//7348 5003//7348
f 5008//7349 5009//7349 5005//7349
f 5008//7350 5005//7350 5004//7350
f 5009//7351 5010//7351 5006//7351
f 5009//7352 5006//7352 5005//7352
f 5010//7353 5007//7353 5003//7353
f 5010//7354 5003//7354 5006//7354
f 5004//7355 5005//7355 5006//7355
f 5004//7356 5006//7356 5003//7356
f 5018//7357 5017//7357 5016//7357
f 5018//7358 5016//7358 5015//7358
f 5015//7359 5016//7359 5012//7359
f 5015//7360 5012//7360 5011//7360
f 5016//7361 5017//7361 5013//7361
f 5016//7362 5013//7362 5012//7362
f 5017//7363 5018//7363 5014//7363
f 5017//7364 5014//7364 5013//7364
f 5018//7365 5015//7365 5011//7365
f 5018//7366 5011//7366 5014//7366
f 5012//7367 5013//7367 5014//7367
f 5012//7368 5014//7368 5011//7368
f 5026//7369 5025//7369 5024//7369
f 5026//7370 5024//7370 5023//7370
f 5023//7371 5024//7371 5020//7371
f 5023//7372 5020//7372 5019//7372
f 5024//7373 5025//7373 5021//7373
f 5024//7374 5021//7374 5020//7374
f 5025//7375 5026//7375 5022//7375
f 5025//7376 5022//7376 5021//7376
f 5026//7377 5023//7377 5019//7377
f 5026//7378 5019//7378 5022//7378
f 5020//7379 5021//7379 5022//7379
f 5020//7380 5022//7380 5019//7380
usemtl Mat_Bone
f 5034//7381 5033//7381 5032//7381
f 5034//7382 5032//7382 5031//7382
f 5031//7383 5032//7383 5028//7383
f 5031//7384 5028//7384 5027//7384
f 5032//7385 5033//7385 5029//7385
f 5032//7386 5029//7386 5028//7386
f 5033//7387 5034//7387 5030//7387
f 5033//7388 5030//7388 5029//7388
f 5034//7389 5031//7389 5027//7389
f 5034//7390 5027//7390 5030//7390
f 5028//7391 5029//7391 5030//7391
f 5028//7392 5030//7392 5027//7392
usemtl Mat_AdobeDark
f 5042//7393 5041//7393 5040//7393
f 5042//7394 5040//7394 5039//7394
f 5039//7395 5040//7395 5036//7395
f 5039//7396 5036//7396 5035//7396
f 5040//7397 5041//7397 5037//7397
f 5040//7398 5037//7398 5036//7398
f 5041//7399 5042//7399 5038//7399
f 5041//7400 5038//7400 5037//7400
f 5042//7401 5039//7401 5035//7401
f 5042//7402 5035//7402 5038//7402
f 5036//7403 5037//7403 5038//7403
f 5036//7404 5038//7404 5035//7404
usemtl Mat_DarkMetal
f 5049//7405 5050//7405 5044//7405
f 5049//7406 5044//7406 5043//7406
f 5050//7407 5051//7407 5045//7407
f 5050//7408 5045//7408 5044//7408
f 5051//7409 5052//7409 5046//7409
f 5051//7410 5046//7410 5045//7410
f 5052//7411 5053//7411 5047//7411
f 5052//7412 5047//7412 5046//7412
f 5053//7413 5054//7413 5048//7413
f 5053//7414 5048//7414 5047//7414
f 5054//7415 5049//7415 5043//7415
f 5054//7416 5043//7416 5048//7416
f 5054//7417 5053//7417 5052//7417
f 5054//7418 5052//7418 5051//7418
f 5054//7419 5051//7419 5050//7419
f 5054//7420 5050//7420 5049//7420
f 5043//7421 5044//7421 5045//7421
f 5043//7422 5045//7422 5046//7422
f 5043//7423 5046//7423 5047//7423
f 5043//7424 5047//7424 5048//7424
f 5061//7425 5062//7425 5056//7425
f 5061//7426 5056//7426 5055//7426
f 5062//7427 5063//7427 5057//7427
f 5062//7428 5057//7428 5056//7428
f 5063//7429 5064//7429 5058//7429
f 5063//7430 5058//7430 5057//7430
f 5064//7431 5065//7431 5059//7431
f 5064//7432 5059//7432 5058//7432
f 5065//7433 5066//7433 5060//7433
f 5065//7434 5060//7434 5059//7434
f 5066//7435 5061//7435 5055//7435
f 5066//7436 5055//7436 5060//7436
f 5066//7437 5065//7437 5064//7437
f 5066//7438 5064//7438 5063//7438
f 5066//7439 5063//7439 5062//7439
f 5066//7440 5062//7440 5061//7440
f 5055//7441 5056//7441 5057//7441
f 5055//7442 5057//7442 5058//7442
f 5055//7443 5058//7443 5059//7443
f 5055//7444 5059//7444 5060//7444
usemtl Mat_NeonAmber
f 5073//7445 5074//7445 5068//7445
f 5073//7446 5068//7446 5067//7446
f 5074//7447 5075//7447 5069//7447
f 5074//7448 5069//7448 5068//7448
f 5075//7449 5076//7449 5070//7449
f 5075//7450 5070//7450 5069//7450
f 5076//7451 5077//7451 5071//7451
f 5076//7452 5071//7452 5070//7452
f 5077//7453 5078//7453 5072//7453
f 5077//7454 5072//7454 5071//7454
f 5078//7455 5073//7455 5067//7455
f 5078//7456 5067//7456 5072//7456
f 5078//7457 5077//7457 5076//7457
f 5078//7458 5076//7458 5075//7458
f 5078//7459 5075//7459 5074//7459
f 5078//7460 5074//7460 5073//7460
f 5067//7461 5068//7461 5069//7461
f 5067//7462 5069//7462 5070//7462
f 5067//7463 5070//7463 5071//7463
f 5067//7464 5071//7464 5072//7464
usemtl Mat_DarkMetal
f 5085//7465 5086//7465 5080//7465
f 5085//7466 5080//7466 5079//7466
f 5086//7467 5087//7467 5081//7467
f 5086//7468 5081//7468 5080//7468
f 5087//7469 5088//7469 5082//7469
f 5087//7470 5082//7470 5081//7470
f 5088//7471 5089//7471 5083//7471
f 5088//7472 5083//7472 5082//7472
f 5089//7473 5090//7473 5084//7473
f 5089//7474 5084//7474 5083//7474
f 5090//7475 5085//7475 5079//7475
f 5090//7476 5079//7476 5084//7476
f 5090//7477 5089//7477 5088//7477
f 5090//7478 5088//7478 5087//7478
f 5090//7479 5087//7479 5086//7479
f 5090//7480 5086//7480 5085//7480
f 5079//7481 5080//7481 5081//7481
f 5079//7482 5081//7482 5082//7482
f 5079//7483 5082//7483 5083//7483
f 5079//7484 5083//7484 5084//7484
usemtl Mat_AdobeDark
f 5098//7485 5097//7485 5096//7485
f 5098//7486 5096//7486 5095//7486
f 5095//7487 5096//7487 5092//7487
f 5095//7488 5092//7488 5091//7488
f 5096//7489 5097//7489 5093//7489
f 5096//7490 5093//7490 5092//7490
f 5097//7491 5098//7491 5094//7491
f 5097//7492 5094//7492 5093//7492
f 5098//7493 5095//7493 5091//7493
f 5098//7494 5091//7494 5094//7494
f 5092//7495 5093//7495 5094//7495
f 5092//7496 5094//7496 5091//7496
usemtl Mat_DarkMetal
f 5105//7497 5106//7497 5100//7497
f 5105//7498 5100//7498 5099//7498
f 5106//7499 5107//7499 5101//7499
f 5106//7500 5101//7500 5100//7500
f 5107//7501 5108//7501 5102//7501
f 5107//7502 5102//7502 5101//7502
f 5108//7503 5109//7503 5103//7503
f 5108//7504 5103//7504 5102//7504
f 5109//7505 5110//7505 5104//7505
f 5109//7506 5104//7506 5103//7506
f 5110//7507 5105//7507 5099//7507
f 5110//7508 5099//7508 5104//7508
f 5110//7509 5109//7509 5108//7509
f 5110//7510 5108//7510 5107//7510
f 5110//7511 5107//7511 5106//7511
f 5110//7512 5106//7512 5105//7512
f 5099//7513 5100//7513 5101//7513
f 5099//7514 5101//7514 5102//7514
f 5099//7515 5102//7515 5103//7515
f 5099//7516 5103//7516 5104//7516
f 5117//7517 5118//7517 5112//7517
f 5117//7518 5112//7518 5111//7518
f 5118//7519 5119//7519 5113//7519
f 5118//7520 5113//7520 5112//7520
f 5119//7521 5120//7521 5114//7521
f 5119//7522 5114//7522 5113//7522
f 5120//7523 5121//7523 5115//7523
f 5120//7524 5115//7524 5114//7524
f 5121//7525 5122//7525 5116//7525
f 5121//7526 5116//7526 5115//7526
f 5122//7527 5117//7527 5111//7527
f 5122//7528 5111//7528 5116//7528
f 5122//7529 5121//7529 5120//7529
f 5122//7530 5120//7530 5119//7530
f 5122//7531 5119//7531 5118//7531
f 5122//7532 5118//7532 5117//7532
f 5111//7533 5112//7533 5113//7533
f 5111//7534 5113//7534 5114//7534
f 5111//7535 5114//7535 5115//7535
f 5111//7536 5115//7536 5116//7536
usemtl Mat_NeonAmber
f 5129//7537 5130//7537 5124//7537
f 5129//7538 5124//7538 5123//7538
f 5130//7539 5131//7539 5125//7539
f 5130//7540 5125//7540 5124//7540
f 5131//7541 5132//7541 5126//7541
f 5131//7542 5126//7542 5125//7542
f 5132//7543 5133//7543 5127//7543
f 5132//7544 5127//7544 5126//7544
f 5133//7545 5134//7545 5128//7545
f 5133//7546 5128//7546 5127//7546
f 5134//7547 5129//7547 5123//7547
f 5134//7548 5123//7548 5128//7548
f 5134//7549 5133//7549 5132//7549
f 5134//7550 5132//7550 5131//7550
f 5134//7551 5131//7551 5130//7551
f 5134//7552 5130//7552 5129//7552
f 5123//7553 5124//7553 5125//7553
f 5123//7554 5125//7554 5126//7554
f 5123//7555 5126//7555 5127//7555
f 5123//7556 5127//7556 5128//7556
usemtl Mat_DarkMetal
f 5141//7557 5142//7557 5136//7557
f 5141//7558 5136//7558 5135//7558
f 5142//7559 5143//7559 5137//7559
f 5142//7560 5137//7560 5136//7560
f 5143//7561 5144//7561 5138//7561
f 5143//7562 5138//7562 5137//7562
f 5144//7563 5145//7563 5139//7563
f 5144//7564 5139//7564 5138//7564
f 5145//7565 5146//7565 5140//7565
f 5145//7566 5140//7566 5139//7566
f 5146//7567 5141//7567 5135//7567
f 5146//7568 5135//7568 5140//7568
f 5146//7569 5145//7569 5144//7569
f 5146//7570 5144//7570 5143//7570
f 5146//7571 5143//7571 5142//7571
f 5146//7572 5142//7572 5141//7572
f 5135//7573 5136//7573 5137//7573
f 5135//7574 5137//7574 5138//7574
f 5135//7575 5138//7575 5139//7575
f 5135//7576 5139//7576 5140//7576
usemtl Mat_FadedWood
f 5154//7577 5153//7577 5152//7577
f 5154//7578 5152//7578 5151//7578
f 5151//7579 5152//7579 5148//7579
f 5151//7580 5148//7580 5147//7580
f 5152//7581 5153//7581 5149//7581
f 5152//7582 5149//7582 5148//7582
f 5153//7583 5154//7583 5150//7583
f 5153//7584 5150//7584 5149//7584
f 5154//7585 5151//7585 5147//7585
f 5154//7586 5147//7586 5150//7586
f 5148//7587 5149//7587 5150//7587
f 5148//7588 5150//7588 5147//7588
f 5162//7589 5161//7589 5160//7589
f 5162//7590 5160//7590 5159//7590
f 5159//7591 5160//7591 5156//7591
f 5159//7592 5156//7592 5155//7592
f 5160//7593 5161//7593 5157//7593
f 5160//7594 5157//7594 5156//7594
f 5161//7595 5162//7595 5158//7595
f 5161//7596 5158//7596 5157//7596
f 5162//7597 5159//7597 5155//7597
f 5162//7598 5155//7598 5158//7598
f 5156//7599 5157//7599 5158//7599
f 5156//7600 5158//7600 5155//7600
usemtl Mat_DarkWood
f 5170//7601 5169//7601 5168//7601
f 5170//7602 5168//7602 5167//7602
f 5167//7603 5168//7603 5164//7603
f 5167//7604 5164//7604 5163//7604
f 5168//7605 5169//7605 5165//7605
f 5168//7606 5165//7606 5164//7606
f 5169//7607 5170//7607 5166//7607
f 5169//7608 5166//7608 5165//7608
f 5170//7609 5167//7609 5163//7609
f 5170//7610 5163//7610 5166//7610
f 5164//7611 5165//7611 5166//7611
f 5164//7612 5166//7612 5163//7612
f 5178//7613 5177//7613 5176//7613
f 5178//7614 5176//7614 5175//7614
f 5175//7615 5176//7615 5172//7615
f 5175//7616 5172//7616 5171//7616
f 5176//7617 5177//7617 5173//7617
f 5176//7618 5173//7618 5172//7618
f 5177//7619 5178//7619 5174//7619
f 5177//7620 5174//7620 5173//7620
f 5178//7621 5175//7621 5171//7621
f 5178//7622 5171//7622 5174//7622
f 5172//7623 5173//7623 5174//7623
f 5172//7624 5174//7624 5171//7624
usemtl Mat_Bone
f 5186//7625 5185//7625 5184//7625
f 5186//7626 5184//7626 5183//7626
f 5183//7627 5184//7627 5180//7627
f 5183//7628 5180//7628 5179//7628
f 5184//7629 5185//7629 5181//7629
f 5184//7630 5181//7630 5180//7630
f 5185//7631 5186//7631 5182//7631
f 5185//7632 5182//7632 5181//7632
f 5186//7633 5183//7633 5179//7633
f 5186//7634 5179//7634 5182//7634
f 5180//7635 5181//7635 5182//7635
f 5180//7636 5182//7636 5179//7636
f 5194//7637 5193//7637 5192//7637
f 5194//7638 5192//7638 5191//7638
f 5191//7639 5192//7639 5188//7639
f 5191//7640 5188//7640 5187//7640
f 5192//7641 5193//7641 5189//7641
f 5192//7642 5189//7642 5188//7642
f 5193//7643 5194//7643 5190//7643
f 5193//7644 5190//7644 5189//7644
f 5194//7645 5191//7645 5187//7645
f 5194//7646 5187//7646 5190//7646
f 5188//7647 5189//7647 5190//7647
f 5188//7648 5190//7648 5187//7648
usemtl Mat_Cactus
f 5202//7649 5201//7649 5200//7649
f 5202//7650 5200//7650 5199//7650
f 5199//7651 5200//7651 5196//7651
f 5199//7652 5196//7652 5195//7652
f 5200//7653 5201//7653 5197//7653
f 5200//7654 5197//7654 5196//7654
f 5201//7655 5202//7655 5198//7655
f 5201//7656 5198//7656 5197//7656
f 5202//7657 5199//7657 5195//7657
f 5202//7658 5195//7658 5198//7658
f 5196//7659 5197//7659 5198//7659
f 5196//7660 5198//7660 5195//7660
usemtl Mat_SolarBlue
f 5210//7661 5209//7661 5208//7661
f 5210//7662 5208//7662 5207//7662
f 5207//7663 5208//7663 5204//7663
f 5207//7664 5204//7664 5203//7664
f 5208//7665 5209//7665 5205//7665
f 5208//7666 5205//7666 5204//7666
f 5209//7667 5210//7667 5206//7667
f 5209//7668 5206//7668 5205//7668
f 5210//7669 5207//7669 5203//7669
f 5210//7670 5203//7670 5206//7670
f 5204//7671 5205//7671 5206//7671
f 5204//7672 5206//7672 5203//7672
f 5218//7673 5217//7673 5216//7673
f 5218//7674 5216//7674 5215//7674
f 5215//7675 5216//7675 5212//7675
f 5215//7676 5212//7676 5211//7676
f 5216//7677 5217//7677 5213//7677
f 5216//7678 5213//7678 5212//7678
f 5217//7679 5218//7679 5214//7679
f 5217//7680 5214//7680 5213//7680
f 5218//7681 5215//7681 5211//7681
f 5218//7682 5211//7682 5214//7682
f 5212//7683 5213//7683 5214//7683
f 5212//7684 5214//7684 5211//7684
f 5226//7685 5225//7685 5224//7685
f 5226//7686 5224//7686 5223//7686
f 5223//7687 5224//7687 5220//7687
f 5223//7688 5220//7688 5219//7688
f 5224//7689 5225//7689 5221//7689
f 5224//7690 5221//7690 5220//7690
f 5225//7691 5226//7691 5222//7691
f 5225//7692 5222//7692 5221//7692
f 5226//7693 5223//7693 5219//7693
f 5226//7694 5219//7694 5222//7694
f 5220//7695 5221//7695 5222//7695
f 5220//7696 5222//7696 5219//7696
usemtl Mat_Bone
f 5234//7697 5233//7697 5232//7697
f 5234//7698 5232//7698 5231//7698
f 5231//7699 5232//7699 5228//7699
f 5231//7700 5228//7700 5227//7700
f 5232//7701 5233//7701 5229//7701
f 5232//7702 5229//7702 5228//7702
f 5233//7703 5234//7703 5230//7703
f 5233//7704 5230//7704 5229//7704
f 5234//7705 5231//7705 5227//7705
f 5234//7706 5227//7706 5230//7706
f 5228//7707 5229//7707 5230//7707
f 5228//7708 5230//7708 5227//7708
usemtl Mat_Terracotta
f 5242//7709 5241//7709 5240//7709
f 5242//7710 5240//7710 5239//7710
f 5239//7711 5240//7711 5236//7711
f 5239//7712 5236//7712 5235//7712
f 5240//7713 5241//7713 5237//7713
f 5240//7714 5237//7714 5236//7714
f 5241//7715 5242//7715 5238//7715
f 5241//7716 5238//7716 5237//7716
f 5242//7717 5239//7717 5235//7717
f 5242//7718 5235//7718 5238//7718
f 5236//7719 5237//7719 5238//7719
f 5236//7720 5238//7720 5235//7720
f 5250//7721 5249//7721 5248//7721
f 5250//7722 5248//7722 5247//7722
f 5247//7723 5248//7723 5244//7723
f 5247//7724 5244//7724 5243//7724
f 5248//7725 5249//7725 5245//7725
f 5248//7726 5245//7726 5244//7726
f 5249//7727 5250//7727 5246//7727
f 5249//7728 5246//7728 5245//7728
f 5250//7729 5247//7729 5243//7729
f 5250//7730 5243//7730 5246//7730
f 5244//7731 5245//7731 5246//7731
f 5244//7732 5246//7732 5243//7732
f 5258//7733 5257//7733 5256//7733
f 5258//7734 5256//7734 5255//7734
f 5255//7735 5256//7735 5252//7735
f 5255//7736 5252//7736 5251//7736
f 5256//7737 5257//7737 5253//7737
f 5256//7738 5253//7738 5252//7738
f 5257//7739 5258//7739 5254//7739
f 5257//7740 5254//7740 5253//7740
f 5258//7741 5255//7741 5251//7741
f 5258//7742 5251//7742 5254//7742
f 5252//7743 5253//7743 5254//7743
f 5252//7744 5254//7744 5251//7744
usemtl Mat_Bone
f 5266//7745 5265//7745 5264//7745
f 5266//7746 5264//7746 5263//7746
f 5263//7747 5264//7747 5260//7747
f 5263//7748 5260//7748 5259//7748
f 5264//7749 5265//7749 5261//7749
f 5264//7750 5261//7750 5260//7750
f 5265//7751 5266//7751 5262//7751
f 5265//7752 5262//7752 5261//7752
f 5266//7753 5263//7753 5259//7753
f 5266//7754 5259//7754 5262//7754
f 5260//7755 5261//7755 5262//7755
f 5260//7756 5262//7756 5259//7756
usemtl Mat_PaintedWood
f 5274//7757 5273//7757 5272//7757
f 5274//7758 5272//7758 5271//7758
f 5271//7759 5272//7759 5268//7759
f 5271//7760 5268//7760 5267//7760
f 5272//7761 5273//7761 5269//7761
f 5272//7762 5269//7762 5268//7762
f 5273//7763 5274//7763 5270//7763
f 5273//7764 5270//7764 5269//7764
f 5274//7765 5271//7765 5267//7765
f 5274//7766 5267//7766 5270//7766
f 5268//7767 5269//7767 5270//7767
f 5268//7768 5270//7768 5267//7768
f 5282//7769 5281//7769 5280//7769
f 5282//7770 5280//7770 5279//7770
f 5279//7771 5280//7771 5276//7771
f 5279//7772 5276//7772 5275//7772
f 5280//7773 5281//7773 5277//7773
f 5280//7774 5277//7774 5276//7774
f 5281//7775 5282//7775 5278//7775
f 5281//7776 5278//7776 5277//7776
f 5282//7777 5279//7777 5275//7777
f 5282//7778 5275//7778 5278//7778
f 5276//7779 5277//7779 5278//7779
f 5276//7780 5278//7780 5275//7780
f 5290//7781 5289//7781 5288//7781
f 5290//7782 5288//7782 5287//7782
f 5287//7783 5288//7783 5284//7783
f 5287//7784 5284//7784 5283//7784
f 5288//7785 5289//7785 5285//7785
f 5288//7786 5285//7786 5284//7786
f 5289//7787 5290//7787 5286//7787
f 5289//7788 5286//7788 5285//7788
f 5290//7789 5287//7789 5283//7789
f 5290//7790 5283//7790 5286//7790
f 5284//7791 5285//7791 5286//7791
f 5284//7792 5286//7792 5283//7792
usemtl Mat_Bone
f 5298//7793 5297//7793 5296//7793
f 5298//7794 5296//7794 5295//7794
f 5295//7795 5296//7795 5292//7795
f 5295//7796 5292//7796 5291//7796
f 5296//7797 5297//7797 5293//7797
f 5296//7798 5293//7798 5292//7798
f 5297//7799 5298//7799 5294//7799
f 5297//7800 5294//7800 5293//7800
f 5298//7801 5295//7801 5291//7801
f 5298//7802 5291//7802 5294//7802
f 5292//7803 5293//7803 5294//7803
f 5292//7804 5294//7804 5291//7804
usemtl Mat_Cactus
f 5306//7805 5305//7805 5304//7805
f 5306//7806 5304//7806 5303//7806
f 5303//7807 5304//7807 5300//7807
f 5303//7808 5300//7808 5299//7808
f 5304//7809 5305//7809 5301//7809
f 5304//7810 5301//7810 5300//7810
f 5305//7811 5306//7811 5302//7811
f 5305//7812 5302//7812 5301//7812
f 5306//7813 5303//7813 5299//7813
f 5306//7814 5299//7814 5302//7814
f 5300//7815 5301//7815 5302//7815
f 5300//7816 5302//7816 5299//7816
f 5314//7817 5313//7817 5312//7817
f 5314//7818 5312//7818 5311//7818
f 5311//7819 5312//7819 5308//7819
f 5311//7820 5308//7820 5307//7820
f 5312//7821 5313//7821 5309//7821
f 5312//7822 5309//7822 5308//7822
f 5313//7823 5314//7823 5310//7823
f 5313//7824 5310//7824 5309//7824
f 5314//7825 5311//7825 5307//7825
f 5314//7826 5307//7826 5310//7826
f 5308//7827 5309//7827 5310//7827
f 5308//7828 5310//7828 5307//7828
f 5322//7829 5321//7829 5320//7829
f 5322//7830 5320//7830 5319//7830
f 5319//7831 5320//7831 5316//7831
f 5319//7832 5316//7832 5315//7832
f 5320//7833 5321//7833 5317//7833
f 5320//7834 5317//7834 5316//7834
f 5321//7835 5322//7835 5318//7835
f 5321//7836 5318//7836 5317//7836
f 5322//7837 5319//7837 5315//7837
f 5322//7838 5315//7838 5318//7838
f 5316//7839 5317//7839 5318//7839
f 5316//7840 5318//7840 5315//7840
usemtl Mat_Bone
f 5330//7841 5329//7841 5328//7841
f 5330//7842 5328//7842 5327//7842
f 5327//7843 5328//7843 5324//7843
f 5327//7844 5324//7844 5323//7844
f 5328//7845 5329//7845 5325//7845
f 5328//7846 5325//7846 5324//7846
f 5329//7847 5330//7847 5326//7847
f 5329//7848 5326//7848 5325//7848
f 5330//7849 5327//7849 5323//7849
f 5330//7850 5323//7850 5326//7850
f 5324//7851 5325//7851 5326//7851
f 5324//7852 5326//7852 5323//7852
o Bldg_Library_Door_L
v -0.98500 0.45000 3.83000
v -0.01500 0.45000 3.83000
v -0.01500 0.45000 3.93000
v -0.98500 0.45000 3.93000
v -0.98500 3.22000 3.83000
v -0.01500 3.22000 3.83000
v -0.01500 3.22000 3.93000
v -0.98500 3.22000 3.93000
v -0.85000 0.75000 3.93000
v -0.15000 0.75000 3.93000
v -0.15000 0.75000 3.96000
v -0.85000 0.75000 3.96000
v -0.85000 1.50000 3.93000
v -0.15000 1.50000 3.93000
v -0.15000 1.50000 3.96000
v -0.85000 1.50000 3.96000
v -0.85000 1.85000 3.93000
v -0.15000 1.85000 3.93000
v -0.15000 1.85000 3.96000
v -0.85000 1.85000 3.96000
v -0.85000 2.60000 3.93000
v -0.15000 2.60000 3.93000
v -0.15000 2.60000 3.96000
v -0.85000 2.60000 3.96000
v -0.12000 0.61500 3.95000
v -0.08500 0.65000 3.95000
v -0.10918 0.65000 3.98329
v -0.14832 0.65000 3.97057
v -0.14832 0.65000 3.92943
v -0.10918 0.65000 3.91671
v -0.12000 0.68500 3.95000
v -0.48000 0.61500 3.95000
v -0.44500 0.65000 3.95000
v -0.46918 0.65000 3.98329
v -0.50832 0.65000 3.97057
v -0.50832 0.65000 3.92943
v -0.46918 0.65000 3.91671
v -0.48000 0.68500 3.95000
v -0.84000 0.61500 3.95000
v -0.80500 0.65000 3.95000
v -0.82918 0.65000 3.98329
v -0.86832 0.65000 3.97057
v -0.86832 0.65000 3.92943
v -0.82918 0.65000 3.91671
v -0.84000 0.68500 3.95000
v -0.30000 1.01500 3.95000
v -0.26500 1.05000 3.95000
v -0.28918 1.05000 3.98329
v -0.32832 1.05000 3.97057
v -0.32832 1.05000 3.92943
v -0.28918 1.05000 3.91671
v -0.30000 1.08500 3.95000
v -0.66000 1.01500 3.95000
v -0.62500 1.05000 3.95000
v -0.64918 1.05000 3.98329
v -0.68832 1.05000 3.97057
v -0.68832 1.05000 3.92943
v -0.64918 1.05000 3.91671
v -0.66000 1.08500 3.95000
v -0.12000 1.41500 3.95000
v -0.08500 1.45000 3.95000
v -0.10918 1.45000 3.98329
v -0.14832 1.45000 3.97057
v -0.14832 1.45000 3.92943
v -0.10918 1.45000 3.91671
v -0.12000 1.48500 3.95000
v -0.48000 1.41500 3.95000
v -0.44500 1.45000 3.95000
v -0.46918 1.45000 3.98329
v -0.50832 1.45000 3.97057
v -0.50832 1.45000 3.92943
v -0.46918 1.45000 3.91671
v -0.48000 1.48500 3.95000
v -0.84000 1.41500 3.95000
v -0.80500 1.45000 3.95000
v -0.82918 1.45000 3.98329
v -0.86832 1.45000 3.97057
v -0.86832 1.45000 3.92943
v -0.82918 1.45000 3.91671
v -0.84000 1.48500 3.95000
v -0.30000 1.81500 3.95000
v -0.26500 1.85000 3.95000
v -0.28918 1.85000 3.98329
v -0.32832 1.85000 3.97057
v -0.32832 1.85000 3.92943
v -0.28918 1.85000 3.91671
v -0.30000 1.88500 3.95000
v -0.66000 1.81500 3.95000
v -0.62500 1.85000 3.95000
v -0.64918 1.85000 3.98329
v -0.68832 1.85000 3.97057
v -0.68832 1.85000 3.92943
v -0.64918 1.85000 3.91671
v -0.66000 1.88500 3.95000
v -0.12000 2.21500 3.95000
v -0.08500 2.25000 3.95000
v -0.10918 2.25000 3.98329
v -0.14832 2.25000 3.97057
v -0.14832 2.25000 3.92943
v -0.10918 2.25000 3.91671
v -0.12000 2.28500 3.95000
v -0.48000 2.21500 3.95000
v -0.44500 2.25000 3.95000
v -0.46918 2.25000 3.98329
v -0.50832 2.25000 3.97057
v -0.50832 2.25000 3.92943
v -0.46918 2.25000 3.91671
v -0.48000 2.28500 3.95000
v -0.84000 2.21500 3.95000
v -0.80500 2.25000 3.95000
v -0.82918 2.25000 3.98329
v -0.86832 2.25000 3.97057
v -0.86832 2.25000 3.92943
v -0.82918 2.25000 3.91671
v -0.84000 2.28500 3.95000
v -0.30000 2.61500 3.95000
v -0.26500 2.65000 3.95000
v -0.28918 2.65000 3.98329
v -0.32832 2.65000 3.97057
v -0.32832 2.65000 3.92943
v -0.28918 2.65000 3.91671
v -0.30000 2.68500 3.95000
v -0.66000 2.61500 3.95000
v -0.62500 2.65000 3.95000
v -0.64918 2.65000 3.98329
v -0.68832 2.65000 3.97057
v -0.68832 2.65000 3.92943
v -0.64918 2.65000 3.91671
v -0.66000 2.68500 3.95000
v -0.02586 1.70000 3.98414
v -0.05932 1.70000 3.97518
v -0.03482 1.70000 3.95068
v -0.05636 1.62636 3.98414
v -0.08002 1.65002 3.97518
v -0.06270 1.63270 3.95068
v -0.13000 1.59586 3.98414
v -0.13000 1.62932 3.97518
v -0.13000 1.60482 3.95068
v -0.20364 1.62636 3.98414
v -0.17998 1.65002 3.97518
v -0.19730 1.63270 3.95068
v -0.23414 1.70000 3.98414
v -0.20068 1.70000 3.97518
v -0.22518 1.70000 3.95068
v -0.20364 1.77364 3.98414
v -0.17998 1.74998 3.97518
v -0.19730 1.76730 3.95068
v -0.13000 1.80414 3.98414
v -0.13000 1.77068 3.97518
v -0.13000 1.79518 3.95068
v -0.05636 1.77364 3.98414
v -0.08002 1.74998 3.97518
v -0.06270 1.76730 3.95068
v -0.13000 1.76000 3.95000
v -0.09000 1.80000 3.95000
v -0.11764 1.80000 3.98804
v -0.16236 1.80000 3.97351
v -0.16236 1.80000 3.92649
v -0.11764 1.80000 3.91196
v -0.13000 1.84000 3.95000
vn -0.0000 1.0000 0.0000
vn 0.0000 1.0000 0.0000
vn 0.0000 0.0000 -1.0000
vn 0.0000 0.0000 -1.0000
vn 1.0000 0.0000 -0.0000
vn 1.0000 0.0000 0.0000
vn 0.0000 0.0000 1.0000
vn 0.0000 0.0000 1.0000
vn -1.0000 0.0000 -0.0000
vn -1.0000 -0.0000 0.0000
vn 0.0000 -1.0000 0.0000
vn 0.0000 -1.0000 0.0000
vn -0.0000 1.0000 0.0000
vn 0.0000 1.0000 0.0000
vn 0.0000 0.0000 -1.0000
vn 0.0000 0.0000 -1.0000
vn 1.0000 0.0000 -0.0000
vn 1.0000 0.0000 0.0000
vn 0.0000 0.0000 1.0000
vn 0.0000 0.0000 1.0000
vn -1.0000 0.0000 -0.0000
vn -1.0000 -0.0000 0.0000
vn 0.0000 -1.0000 0.0000
vn 0.0000 -1.0000 0.0000
vn -0.0000 1.0000 0.0000
vn 0.0000 1.0000 0.0000
vn 0.0000 0.0000 -1.0000
vn 0.0000 0.0000 -1.0000
vn 1.0000 0.0000 -0.0000
vn 1.0000 0.0000 0.0000
vn 0.0000 0.0000 1.0000
vn 0.0000 0.0000 1.0000
vn -1.0000 0.0000 -0.0000
vn -1.0000 -0.0000 0.0000
vn 0.0000 -1.0000 0.0000
vn 0.0000 -1.0000 0.0000
vn 0.6290 -0.6290 0.4570
vn -0.2402 -0.6290 0.7394
vn -0.7774 -0.6290 0.0000
vn -0.2402 -0.6290 -0.7394
vn 0.6290 -0.6290 -0.4570
vn 0.6290 0.6290 0.4570
vn -0.2402 0.6290 0.7394
vn -0.7774 0.6290 0.0000
vn -0.2402 0.6290 -0.7394
vn 0.6290 0.6290 -0.4570
vn 0.6290 -0.6290 0.4570
vn -0.2402 -0.6290 0.7394
vn -0.7774 -0.6290 -0.0000
vn -0.2402 -0.6290 -0.7394
vn 0.6290 -0.6290 -0.4570
vn 0.6290 0.6290 0.4570
vn -0.2402 0.6290 0.7394
vn -0.7774 0.6290 0.0000
vn -0.2402 0.6290 -0.7394
vn 0.6290 0.6290 -0.4570
vn 0.6290 -0.6290 0.4570
vn -0.2402 -0.6290 0.7394
vn -0.7774 -0.6290 -0.0000
vn -0.2402 -0.6290 -0.7394
vn 0.6290 -0.6290 -0.4570
vn 0.6290 0.6290 0.4570
vn -0.2402 0.6290 0.7394
vn -0.7774 0.6290 0.0000
vn -0.2402 0.6290 -0.7394
vn 0.6290 0.6290 -0.4570
vn 0.6290 -0.6290 0.4570
vn -0.2402 -0.6290 0.7394
vn -0.7774 -0.6290 -0.0000
vn -0.2402 -0.6290 -0.7394
vn 0.6290 -0.6290 -0.4570
vn 0.6290 0.6290 0.4570
vn -0.2402 0.6290 0.7394
vn -0.7774 0.6290 0.0000
vn -0.2402 0.6290 -0.7394
vn 0.6290 0.6290 -0.4570
vn 0.6290 -0.6290 0.4570
vn -0.2402 -0.6290 0.7394
vn -0.7774 -0.6290 -0.0000
vn -0.2402 -0.6290 -0.7394
vn 0.6290 -0.6290 -0.4570
vn 0.6290 0.6290 0.4570
vn -0.2402 0.6290 0.7394
vn -0.7774 0.6290 0.0000
vn -0.2402 0.6290 -0.7394
vn 0.6290 0.6290 -0.4570
vn 0.6290 -0.6290 0.4570
vn -0.2402 -0.6290 0.7394
vn -0.7774 -0.6290 0.0000
vn -0.2402 -0.6290 -0.7394
vn 0.6290 -0.6290 -0.4570
vn 0.6290 0.6290 0.4570
vn -0.2402 0.6290 0.7394
vn -0.7774 0.6290 0.0000
vn -0.2402 0.6290 -0.7394
vn 0.6290 0.6290 -0.4570
vn 0.6290 -0.6290 0.4570
vn -0.2402 -0.6290 0.7394
vn -0.7774 -0.6290 -0.0000
vn -0.2402 -0.6290 -0.7394
vn 0.6290 -0.6290 -0.4570
vn 0.6290 0.6290 0.4570
vn -0.2402 0.6290 0.7394
vn -0.7774 0.6290 0.0000
vn -0.2402 0.6290 -0.7394
vn 0.6290 0.6290 -0.4570
vn 0.6290 -0.6290 0.4570
vn -0.2402 -0.6290 0.7394
vn -0.7774 -0.6290 -0.0000
vn -0.2402 -0.6290 -0.7394
vn 0.6290 -0.6290 -0.4570
vn 0.6290 0.6290 0.4570
vn -0.2402 0.6290 0.7394
vn -0.7774 0.6290 0.0000
vn -0.2402 0.6290 -0.7394
vn 0.6290 0.6290 -0.4570
vn 0.6290 -0.6290 0.4570
vn -0.2402 -0.6290 0.7394
vn -0.7774 -0.6290 -0.0000
vn -0.2402 -0.6290 -0.7394
vn 0.6290 -0.6290 -0.4570
vn 0.6290 0.6290 0.4570
vn -0.2402 0.6290 0.7394
vn -0.7774 0.6290 0.0000
vn -0.2402 0.6290 -0.7394
vn 0.6290 0.6290 -0.4570
vn 0.6290 -0.6290 0.4570
vn -0.2402 -0.6290 0.7394
vn -0.7774 -0.6290 -0.0000
vn -0.2402 -0.6290 -0.7394
vn 0.6290 -0.6290 -0.4570
vn 0.6290 0.6290 0.4570
vn -0.2402 0.6290 0.7394
vn -0.7774 0.6290 0.0000
vn -0.2402 0.6290 -0.7394
vn 0.6290 0.6290 -0.4570
vn 0.6290 -0.6290 0.4570
vn -0.2402 -0.6290 0.7394
vn -0.7774 -0.6290 0.0000
vn -0.2402 -0.6290 -0.7394
vn 0.6290 -0.6290 -0.4570
vn 0.6290 0.6290 0.4570
vn -0.2402 0.6290 0.7394
vn -0.7774 0.6290 0.0000
vn -0.2402 0.6290 -0.7394
vn 0.6290 0.6290 -0.4570
vn 0.6290 -0.6290 0.4570
vn -0.2402 -0.6290 0.7394
vn -0.7774 -0.6290 -0.0000
vn -0.2402 -0.6290 -0.7394
vn 0.6290 -0.6290 -0.4570
vn 0.6290 0.6290 0.4570
vn -0.2402 0.6290 0.7394
vn -0.7774 0.6290 0.0000
vn -0.2402 0.6290 -0.7394
vn 0.6290 0.6290 -0.4570
vn 0.6290 -0.6290 0.4570
vn -0.2402 -0.6290 0.7394
vn -0.7774 -0.6290 -0.0000
vn -0.2402 -0.6290 -0.7394
vn 0.6290 -0.6290 -0.4570
vn 0.6290 0.6290 0.4570
vn -0.2402 0.6290 0.7394
vn -0.7774 0.6290 0.0000
vn -0.2402 0.6290 -0.7394
vn 0.6290 0.6290 -0.4570
vn 0.6290 -0.6290 0.4570
vn -0.2402 -0.6290 0.7394
vn -0.7774 -0.6290 -0.0000
vn -0.2402 -0.6290 -0.7394
vn 0.6290 -0.6290 -0.4570
vn 0.6290 0.6290 0.4570
vn -0.2402 0.6290 0.7394
vn -0.7774 0.6290 0.0000
vn -0.2402 0.6290 -0.7394
vn 0.6290 0.6290 -0.4570
vn 0.6290 -0.6290 0.4570
vn -0.2402 -0.6290 0.7394
vn -0.7774 -0.6290 -0.0000
vn -0.2402 -0.6290 -0.7394
vn 0.6290 -0.6290 -0.4570
vn 0.6290 0.6290 0.4570
vn -0.2402 0.6290 0.7394
vn -0.7774 0.6290 0.0000
vn -0.2402 0.6290 -0.7394
vn 0.6290 0.6290 -0.4570
vn -0.2573 0.1066 0.9604
vn -0.2573 0.1066 0.9604
vn -0.6786 0.2811 -0.6786
vn -0.6786 0.2811 -0.6786
vn 0.8968 -0.3715 -0.2403
vn 0.8968 -0.3715 -0.2403
vn -0.1066 0.2573 0.9604
vn -0.1066 0.2573 0.9604
vn -0.2811 0.6786 -0.6786
vn -0.2811 0.6786 -0.6786
vn 0.3715 -0.8968 -0.2403
vn 0.3715 -0.8968 -0.2403
vn 0.1066 0.2573 0.9604
vn 0.1066 0.2573 0.9604
vn 0.2811 0.6786 -0.6786
vn 0.2811 0.6786 -0.6786
vn -0.3715 -0.8968 -0.2403
vn -0.3715 -0.8968 -0.2403
vn 0.2573 0.1066 0.9604
vn 0.2573 0.1066 0.9604
vn 0.6786 0.2811 -0.6786
vn 0.6786 0.2811 -0.6786
vn -0.8968 -0.3715 -0.2403
vn -0.8968 -0.3715 -0.2403
vn 0.2573 -0.1066 0.9604
vn 0.2573 -0.1066 0.9604
vn 0.6786 -0.2811 -0.6786
vn 0.6786 -0.2811 -0.6786
vn -0.8968 0.3715 -0.2403
vn -0.8968 0.3715 -0.2403
vn 0.1066 -0.2573 0.9604
vn 0.1066 -0.2573 0.9604
vn 0.2811 -0.6786 -0.6786
vn 0.2811 -0.6786 -0.6786
vn -0.3715 0.8968 -0.2403
vn -0.3715 0.8968 -0.2403
vn -0.1066 -0.2573 0.9604
vn -0.1066 -0.2573 0.9604
vn -0.2811 -0.6786 -0.6786
vn -0.2811 -0.6786 -0.6786
vn 0.3715 0.8968 -0.2403
vn 0.3715 0.8968 -0.2403
vn -0.2573 -0.1066 0.9604
vn -0.2573 -0.1066 0.9604
vn -0.6786 -0.2811 -0.6786
vn -0.6786 -0.2811 -0.6786
vn 0.8968 0.3715 -0.2403
vn 0.8968 0.3715 -0.2403
vn 0.6290 -0.6290 0.4570
vn -0.2402 -0.6290 0.7394
vn -0.7774 -0.6290 -0.0000
vn -0.2402 -0.6290 -0.7394
vn 0.6290 -0.6290 -0.4570
vn 0.6290 0.6290 0.4570
vn -0.2402 0.6290 0.7394
vn -0.7774 0.6290 0.0000
vn -0.2402 0.6290 -0.7394
vn 0.6290 0.6290 -0.4570
usemtl Mat_DarkWood
f 5338//7853 5337//7853 5336//7853
f 5338//7854 5336//7854 5335//7854
f 5335//7855 5336//7855 5332//7855
f 5335//7856 5332//7856 5331//7856
f 5336//7857 5337//7857 5333//7857
f 5336//7858 5333//7858 5332//7858
f 5337//7859 5338//7859 5334//7859
f 5337//7860 5334//7860 5333//7860
f 5338//7861 5335//7861 5331//7861
f 5338//7862 5331//7862 5334//7862
f 5332//7863 5333//7863 5334//7863
f 5332//7864 5334//7864 5331//7864
usemtl Mat_WoodMid
f 5346//7865 5345//7865 5344//7865
f 5346//7866 5344//7866 5343//7866
f 5343//7867 5344//7867 5340//7867
f 5343//7868 5340//7868 5339//7868
f 5344//7869 5345//7869 5341//7869
f 5344//7870 5341//7870 5340//7870
f 5345//7871 5346//7871 5342//7871
f 5345//7872 5342//7872 5341//7872
f 5346//7873 5343//7873 5339//7873
f 5346//7874 5339//7874 5342//7874
f 5340//7875 5341//7875 5342//7875
f 5340//7876 5342//7876 5339//7876
f 5354//7877 5353//7877 5352//7877
f 5354//7878 5352//7878 5351//7878
f 5351//7879 5352//7879 5348//7879
f 5351//7880 5348//7880 5347//7880
f 5352//7881 5353//7881 5349//7881
f 5352//7882 5349//7882 5348//7882
f 5353//7883 5354//7883 5350//7883
f 5353//7884 5350//7884 5349//7884
f 5354//7885 5351//7885 5347//7885
f 5354//7886 5347//7886 5350//7886
f 5348//7887 5349//7887 5350//7887
f 5348//7888 5350//7888 5347//7888
usemtl Mat_Brass
f 5356//7889 5357//7889 5355//7889
f 5357//7890 5358//7890 5355//7890
f 5358//7891 5359//7891 5355//7891
f 5359//7892 5360//7892 5355//7892
f 5360//7893 5356//7893 5355//7893
f 5361//7894 5357//7894 5356//7894
f 5361//7895 5358//7895 5357//7895
f 5361//7896 5359//7896 5358//7896
f 5361//7897 5360//7897 5359//7897
f 5361//7898 5356//7898 5360//7898
f 5363//7899 5364//7899 5362//7899
f 5364//7900 5365//7900 5362//7900
f 5365//7901 5366//7901 5362//7901
f 5366//7902 5367//7902 5362//7902
f 5367//7903 5363//7903 5362//7903
f 5368//7904 5364//7904 5363//7904
f 5368//7905 5365//7905 5364//7905
f 5368//7906 5366//7906 5365//7906
f 5368//7907 5367//7907 5366//7907
f 5368//7908 5363//7908 5367//7908
f 5370//7909 5371//7909 5369//7909
f 5371//7910 5372//7910 5369//7910
f 5372//7911 5373//7911 5369//7911
f 5373//7912 5374//7912 5369//7912
f 5374//7913 5370//7913 5369//7913
f 5375//7914 5371//7914 5370//7914
f 5375//7915 5372//7915 5371//7915
f 5375//7916 5373//7916 5372//7916
f 5375//7917 5374//7917 5373//7917
f 5375//7918 5370//7918 5374//7918
f 5377//7919 5378//7919 5376//7919
f 5378//7920 5379//7920 5376//7920
f 5379//7921 5380//7921 5376//7921
f 5380//7922 5381//7922 5376//7922
f 5381//7923 5377//7923 5376//7923
f 5382//7924 5378//7924 5377//7924
f 5382//7925 5379//7925 5378//7925
f 5382//7926 5380//7926 5379//7926
f 5382//7927 5381//7927 5380//7927
f 5382//7928 5377//7928 5381//7928
f 5384//7929 5385//7929 5383//7929
f 5385//7930 5386//7930 5383//7930
f 5386//7931 5387//7931 5383//7931
f 5387//7932 5388//7932 5383//7932
f 5388//7933 5384//7933 5383//7933
f 5389//7934 5385//7934 5384//7934
f 5389//7935 5386//7935 5385//7935
f 5389//7936 5387//7936 5386//7936
f 5389//7937 5388//7937 5387//7937
f 5389//7938 5384//7938 5388//7938
f 5391//7939 5392//7939 5390//7939
f 5392//7940 5393//7940 5390//7940
f 5393//7941 5394//7941 5390//7941
f 5394//7942 5395//7942 5390//7942
f 5395//7943 5391//7943 5390//7943
f 5396//7944 5392//7944 5391//7944
f 5396//7945 5393//7945 5392//7945
f 5396//7946 5394//7946 5393//7946
f 5396//7947 5395//7947 5394//7947
f 5396//7948 5391//7948 5395//7948
f 5398//7949 5399//7949 5397//7949
f 5399//7950 5400//7950 5397//7950
f 5400//7951 5401//7951 5397//7951
f 5401//7952 5402//7952 5397//7952
f 5402//7953 5398//7953 5397//7953
f 5403//7954 5399//7954 5398//7954
f 5403//7955 5400//7955 5399//7955
f 5403//7956 5401//7956 5400//7956
f 5403//7957 5402//7957 5401//7957
f 5403//7958 5398//7958 5402//7958
f 5405//7959 5406//7959 5404//7959
f 5406//7960 5407//7960 5404//7960
f 5407//7961 5408//7961 5404//7961
f 5408//7962 5409//7962 5404//7962
f 5409//7963 5405//7963 5404//7963
f 5410//7964 5406//7964 5405//7964
f 5410//7965 5407//7965 5406//7965
f 5410//7966 5408//7966 5407//7966
f 5410//7967 5409//7967 5408//7967
f 5410//7968 5405//7968 5409//7968
f 5412//7969 5413//7969 5411//7969
f 5413//7970 5414//7970 5411//7970
f 5414//7971 5415//7971 5411//7971
f 5415//7972 5416//7972 5411//7972
f 5416//7973 5412//7973 5411//7973
f 5417//7974 5413//7974 5412//7974
f 5417//7975 5414//7975 5413//7975
f 5417//7976 5415//7976 5414//7976
f 5417//7977 5416//7977 5415//7977
f 5417//7978 5412//7978 5416//7978
f 5419//7979 5420//7979 5418//7979
f 5420//7980 5421//7980 5418//7980
f 5421//7981 5422//7981 5418//7981
f 5422//7982 5423//7982 5418//7982
f 5423//7983 5419//7983 5418//7983
f 5424//7984 5420//7984 5419//7984
f 5424//7985 5421//7985 5420//7985
f 5424//7986 5422//7986 5421//7986
f 5424//7987 5423//7987 5422//7987
f 5424//7988 5419//7988 5423//7988
f 5426//7989 5427//7989 5425//7989
f 5427//7990 5428//7990 5425//7990
f 5428//7991 5429//7991 5425//7991
f 5429//7992 5430//7992 5425//7992
f 5430//7993 5426//7993 5425//7993
f 5431//7994 5427//7994 5426//7994
f 5431//7995 5428//7995 5427//7995
f 5431//7996 5429//7996 5428//7996
f 5431//7997 5430//7997 5429//7997
f 5431//7998 5426//7998 5430//7998
f 5433//7999 5434//7999 5432//7999
f 5434//8000 5435//8000 5432//8000
f 5435//8001 5436//8001 5432//8001
f 5436//8002 5437//8002 5432//8002
f 5437//8003 5433//8003 5432//8003
f 5438//8004 5434//8004 5433//8004
f 5438//8005 5435//8005 5434//8005
f 5438//8006 5436//8006 5435//8006
f 5438//8007 5437//8007 5436//8007
f 5438//8008 5433//8008 5437//8008
f 5440//8009 5441//8009 5439//8009
f 5441//8010 5442//8010 5439//8010
f 5442//8011 5443//8011 5439//8011
f 5443//8012 5444//8012 5439//8012
f 5444//8013 5440//8013 5439//8013
f 5445//8014 5441//8014 5440//8014
f 5445//8015 5442//8015 5441//8015
f 5445//8016 5443//8016 5442//8016
f 5445//8017 5444//8017 5443//8017
f 5445//8018 5440//8018 5444//8018
f 5447//8019 5448//8019 5446//8019
f 5448//8020 5449//8020 5446//8020
f 5449//8021 5450//8021 5446//8021
f 5450//8022 5451//8022 5446//8022
f 5451//8023 5447//8023 5446//8023
f 5452//8024 5448//8024 5447//8024
f 5452//8025 5449//8025 5448//8025
f 5452//8026 5450//8026 5449//8026
f 5452//8027 5451//8027 5450//8027
f 5452//8028 5447//8028 5451//8028
f 5454//8029 5455//8029 5453//8029
f 5455//8030 5456//8030 5453//8030
f 5456//8031 5457//8031 5453//8031
f 5457//8032 5458//8032 5453//8032
f 5458//8033 5454//8033 5453//8033
f 5459//8034 5455//8034 5454//8034
f 5459//8035 5456//8035 5455//8035
f 5459//8036 5457//8036 5456//8036
f 5459//8037 5458//8037 5457//8037
f 5459//8038 5454//8038 5458//8038
f 5460//8039 5461//8039 5464//8039
f 5460//8040 5464//8040 5463//8040
f 5461//8041 5462//8041 5465//8041
f 5461//8042 5465//8042 5464//8042
f 5462//8043 5460//8043 5463//8043
f 5462//8044 5463//8044 5465//8044
f 5463//8045 5464//8045 5467//8045
f 5463//8046 5467//8046 5466//8046
f 5464//8047 5465//8047 5468//8047
f 5464//8048 5468//8048 5467//8048
f 5465//8049 5463//8049 5466//8049
f 5465//8050 5466//8050 5468//8050
f 5466//8051 5467//8051 5470//8051
f 5466//8052 5470//8052 5469//8052
f 5467//8053 5468//8053 5471//8053
f 5467//8054 5471//8054 5470//8054
f 5468//8055 5466//8055 5469//8055
f 5468//8056 5469//8056 5471//8056
f 5469//8057 5470//8057 5473//8057
f 5469//8058 5473//8058 5472//8058
f 5470//8059 5471//8059 5474//8059
f 5470//8060 5474//8060 5473//8060
f 5471//8061 5469//8061 5472//8061
f 5471//8062 5472//8062 5474//8062
f 5472//8063 5473//8063 5476//8063
f 5472//8064 5476//8064 5475//8064
f 5473//8065 5474//8065 5477//8065
f 5473//8066 5477//8066 5476//8066
f 5474//8067 5472//8067 5475//8067
f 5474//8068 5475//8068 5477//8068
f 5475//8069 5476//8069 5479//8069
f 5475//8070 5479//8070 5478//8070
f 5476//8071 5477//8071 5480//8071
f 5476//8072 5480//8072 5479//8072
f 5477//8073 5475//8073 5478//8073
f 5477//8074 5478//8074 5480//8074
f 5478//8075 5479//8075 5482//8075
f 5478//8076 5482//8076 5481//8076
f 5479//8077 5480//8077 5483//8077
f 5479//8078 5483//8078 5482//8078
f 5480//8079 5478//8079 5481//8079
f 5480//8080 5481//8080 5483//8080
f 5481//8081 5482//8081 5461//8081
f 5481//8082 5461//8082 5460//8082
f 5482//8083 5483//8083 5462//8083
f 5482//8084 5462//8084 5461//8084
f 5483//8085 5481//8085 5460//8085
f 5483//8086 5460//8086 5462//8086
f 5485//8087 5486//8087 5484//8087
f 5486//8088 5487//8088 5484//8088
f 5487//8089 5488//8089 5484//8089
f 5488//8090 5489//8090 5484//8090
f 5489//8091 5485//8091 5484//8091
f 5490//8092 5486//8092 5485//8092
f 5490//8093 5487//8093 5486//8093
f 5490//8094 5488//8094 5487//8094
f 5490//8095 5489//8095 5488//8095
f 5490//8096 5485//8096 5489//8096
o Bldg_Library_Door_R
v 0.01500 0.45000 3.83000
v 0.98500 0.45000 3.83000
v 0.98500 0.45000 3.93000
v 0.01500 0.45000 3.93000
v 0.01500 3.22000 3.83000
v 0.98500 3.22000 3.83000
v 0.98500 3.22000 3.93000
v 0.01500 3.22000 3.93000
v 0.15000 0.75000 3.93000
v 0.85000 0.75000 3.93000
v 0.85000 0.75000 3.96000
v 0.15000 0.75000 3.96000
v 0.15000 1.50000 3.93000
v 0.85000 1.50000 3.93000
v 0.85000 1.50000 3.96000
v 0.15000 1.50000 3.96000
v 0.15000 1.85000 3.93000
v 0.85000 1.85000 3.93000
v 0.85000 1.85000 3.96000
v 0.15000 1.85000 3.96000
v 0.15000 2.60000 3.93000
v 0.85000 2.60000 3.93000
v 0.85000 2.60000 3.96000
v 0.15000 2.60000 3.96000
v 0.12000 0.61500 3.95000
v 0.15500 0.65000 3.95000
v 0.13082 0.65000 3.98329
v 0.09168 0.65000 3.97057
v 0.09168 0.65000 3.92943
v 0.13082 0.65000 3.91671
v 0.12000 0.68500 3.95000
v 0.48000 0.61500 3.95000
v 0.51500 0.65000 3.95000
v 0.49082 0.65000 3.98329
v 0.45168 0.65000 3.97057
v 0.45168 0.65000 3.92943
v 0.49082 0.65000 3.91671
v 0.48000 0.68500 3.95000
v 0.84000 0.61500 3.95000
v 0.87500 0.65000 3.95000
v 0.85082 0.65000 3.98329
v 0.81168 0.65000 3.97057
v 0.81168 0.65000 3.92943
v 0.85082 0.65000 3.91671
v 0.84000 0.68500 3.95000
v 0.30000 1.01500 3.95000
v 0.33500 1.05000 3.95000
v 0.31082 1.05000 3.98329
v 0.27168 1.05000 3.97057
v 0.27168 1.05000 3.92943
v 0.31082 1.05000 3.91671
v 0.30000 1.08500 3.95000
v 0.66000 1.01500 3.95000
v 0.69500 1.05000 3.95000
v 0.67082 1.05000 3.98329
v 0.63168 1.05000 3.97057
v 0.63168 1.05000 3.92943
v 0.67082 1.05000 3.91671
v 0.66000 1.08500 3.95000
v 0.12000 1.41500 3.95000
v 0.15500 1.45000 3.95000
v 0.13082 1.45000 3.98329
v 0.09168 1.45000 3.97057
v 0.09168 1.45000 3.92943
v 0.13082 1.45000 3.91671
v 0.12000 1.48500 3.95000
v 0.48000 1.41500 3.95000
v 0.51500 1.45000 3.95000
v 0.49082 1.45000 3.98329
v 0.45168 1.45000 3.97057
v 0.45168 1.45000 3.92943
v 0.49082 1.45000 3.91671
v 0.48000 1.48500 3.95000
v 0.84000 1.41500 3.95000
v 0.87500 1.45000 3.95000
v 0.85082 1.45000 3.98329
v 0.81168 1.45000 3.97057
v 0.81168 1.45000 3.92943
v 0.85082 1.45000 3.91671
v 0.84000 1.48500 3.95000
v 0.30000 1.81500 3.95000
v 0.33500 1.85000 3.95000
v 0.31082 1.85000 3.98329
v 0.27168 1.85000 3.97057
v 0.27168 1.85000 3.92943
v 0.31082 1.85000 3.91671
v 0.30000 1.88500 3.95000
v 0.66000 1.81500 3.95000
v 0.69500 1.85000 3.95000
v 0.67082 1.85000 3.98329
v 0.63168 1.85000 3.97057
v 0.63168 1.85000 3.92943
v 0.67082 1.85000 3.91671
v 0.66000 1.88500 3.95000
v 0.12000 2.21500 3.95000
v 0.15500 2.25000 3.95000
v 0.13082 2.25000 3.98329
v 0.09168 2.25000 3.97057
v 0.09168 2.25000 3.92943
v 0.13082 2.25000 3.91671
v 0.12000 2.28500 3.95000
v 0.48000 2.21500 3.95000
v 0.51500 2.25000 3.95000
v 0.49082 2.25000 3.98329
v 0.45168 2.25000 3.97057
v 0.45168 2.25000 3.92943
v 0.49082 2.25000 3.91671
v 0.48000 2.28500 3.95000
v 0.84000 2.21500 3.95000
v 0.87500 2.25000 3.95000
v 0.85082 2.25000 3.98329
v 0.81168 2.25000 3.97057
v 0.81168 2.25000 3.92943
v 0.85082 2.25000 3.91671
v 0.84000 2.28500 3.95000
v 0.30000 2.61500 3.95000
v 0.33500 2.65000 3.95000
v 0.31082 2.65000 3.98329
v 0.27168 2.65000 3.97057
v 0.27168 2.65000 3.92943
v 0.31082 2.65000 3.91671
v 0.30000 2.68500 3.95000
v 0.66000 2.61500 3.95000
v 0.69500 2.65000 3.95000
v 0.67082 2.65000 3.98329
v 0.63168 2.65000 3.97057
v 0.63168 2.65000 3.92943
v 0.67082 2.65000 3.91671
v 0.66000 2.68500 3.95000
v 0.23414 1.70000 3.98414
v 0.20068 1.70000 3.97518
v 0.22518 1.70000 3.95068
v 0.20364 1.62636 3.98414
v 0.17998 1.65002 3.97518
v 0.19730 1.63270 3.95068
v 0.13000 1.59586 3.98414
v 0.13000 1.62932 3.97518
v 0.13000 1.60482 3.95068
v 0.05636 1.62636 3.98414
v 0.08002 1.65002 3.97518
v 0.06270 1.63270 3.95068
v 0.02586 1.70000 3.98414
v 0.05932 1.70000 3.97518
v 0.03482 1.70000 3.95068
v 0.05636 1.77364 3.98414
v 0.08002 1.74998 3.97518
v 0.06270 1.76730 3.95068
v 0.13000 1.80414 3.98414
v 0.13000 1.77068 3.97518
v 0.13000 1.79518 3.95068
v 0.20364 1.77364 3.98414
v 0.17998 1.74998 3.97518
v 0.19730 1.76730 3.95068
v 0.13000 1.76000 3.95000
v 0.17000 1.80000 3.95000
v 0.14236 1.80000 3.98804
v 0.09764 1.80000 3.97351
v 0.09764 1.80000 3.92649
v 0.14236 1.80000 3.91196
v 0.13000 1.84000 3.95000
vn -0.0000 1.0000 0.0000
vn 0.0000 1.0000 0.0000
vn 0.0000 0.0000 -1.0000
vn 0.0000 0.0000 -1.0000
vn 1.0000 0.0000 -0.0000
vn 1.0000 0.0000 0.0000
vn 0.0000 0.0000 1.0000
vn 0.0000 0.0000 1.0000
vn -1.0000 0.0000 -0.0000
vn -1.0000 -0.0000 0.0000
vn 0.0000 -1.0000 0.0000
vn 0.0000 -1.0000 0.0000
vn -0.0000 1.0000 0.0000
vn 0.0000 1.0000 0.0000
vn 0.0000 0.0000 -1.0000
vn 0.0000 0.0000 -1.0000
vn 1.0000 0.0000 -0.0000
vn 1.0000 0.0000 0.0000
vn 0.0000 0.0000 1.0000
vn 0.0000 0.0000 1.0000
vn -1.0000 0.0000 -0.0000
vn -1.0000 -0.0000 0.0000
vn 0.0000 -1.0000 0.0000
vn 0.0000 -1.0000 0.0000
vn -0.0000 1.0000 0.0000
vn 0.0000 1.0000 0.0000
vn 0.0000 0.0000 -1.0000
vn 0.0000 0.0000 -1.0000
vn 1.0000 0.0000 -0.0000
vn 1.0000 0.0000 0.0000
vn 0.0000 0.0000 1.0000
vn 0.0000 0.0000 1.0000
vn -1.0000 0.0000 -0.0000
vn -1.0000 -0.0000 0.0000
vn 0.0000 -1.0000 0.0000
vn 0.0000 -1.0000 0.0000
vn 0.6290 -0.6290 0.4570
vn -0.2402 -0.6290 0.7394
vn -0.7774 -0.6290 -0.0000
vn -0.2402 -0.6290 -0.7394
vn 0.6290 -0.6290 -0.4570
vn 0.6290 0.6290 0.4570
vn -0.2402 0.6290 0.7394
vn -0.7774 0.6290 0.0000
vn -0.2402 0.6290 -0.7394
vn 0.6290 0.6290 -0.4570
vn 0.6290 -0.6290 0.4570
vn -0.2402 -0.6290 0.7394
vn -0.7774 -0.6290 -0.0000
vn -0.2402 -0.6290 -0.7394
vn 0.6290 -0.6290 -0.4570
vn 0.6290 0.6290 0.4570
vn -0.2402 0.6290 0.7394
vn -0.7774 0.6290 0.0000
vn -0.2402 0.6290 -0.7394
vn 0.6290 0.6290 -0.4570
vn 0.6290 -0.6290 0.4570
vn -0.2402 -0.6290 0.7394
vn -0.7774 -0.6290 -0.0000
vn -0.2402 -0.6290 -0.7394
vn 0.6290 -0.6290 -0.4570
vn 0.6290 0.6290 0.4570
vn -0.2402 0.6290 0.7394
vn -0.7774 0.6290 0.0000
vn -0.2402 0.6290 -0.7394
vn 0.6290 0.6290 -0.4570
vn 0.6290 -0.6290 0.4570
vn -0.2402 -0.6290 0.7394
vn -0.7774 -0.6290 -0.0000
vn -0.2402 -0.6290 -0.7394
vn 0.6290 -0.6290 -0.4570
vn 0.6290 0.6290 0.4570
vn -0.2402 0.6290 0.7394
vn -0.7774 0.6290 0.0000
vn -0.2402 0.6290 -0.7394
vn 0.6290 0.6290 -0.4570
vn 0.6290 -0.6290 0.4570
vn -0.2402 -0.6290 0.7394
vn -0.7774 -0.6290 -0.0000
vn -0.2402 -0.6290 -0.7394
vn 0.6290 -0.6290 -0.4570
vn 0.6290 0.6290 0.4570
vn -0.2402 0.6290 0.7394
vn -0.7774 0.6290 0.0000
vn -0.2402 0.6290 -0.7394
vn 0.6290 0.6290 -0.4570
vn 0.6290 -0.6290 0.4570
vn -0.2402 -0.6290 0.7394
vn -0.7774 -0.6290 -0.0000
vn -0.2402 -0.6290 -0.7394
vn 0.6290 -0.6290 -0.4570
vn 0.6290 0.6290 0.4570
vn -0.2402 0.6290 0.7394
vn -0.7774 0.6290 0.0000
vn -0.2402 0.6290 -0.7394
vn 0.6290 0.6290 -0.4570
vn 0.6290 -0.6290 0.4570
vn -0.2402 -0.6290 0.7394
vn -0.7774 -0.6290 -0.0000
vn -0.2402 -0.6290 -0.7394
vn 0.6290 -0.6290 -0.4570
vn 0.6290 0.6290 0.4570
vn -0.2402 0.6290 0.7394
vn -0.7774 0.6290 0.0000
vn -0.2402 0.6290 -0.7394
vn 0.6290 0.6290 -0.4570
vn 0.6290 -0.6290 0.4570
vn -0.2402 -0.6290 0.7394
vn -0.7774 -0.6290 -0.0000
vn -0.2402 -0.6290 -0.7394
vn 0.6290 -0.6290 -0.4570
vn 0.6290 0.6290 0.4570
vn -0.2402 0.6290 0.7394
vn -0.7774 0.6290 0.0000
vn -0.2402 0.6290 -0.7394
vn 0.6290 0.6290 -0.4570
vn 0.6290 -0.6290 0.4570
vn -0.2402 -0.6290 0.7394
vn -0.7774 -0.6290 -0.0000
vn -0.2402 -0.6290 -0.7394
vn 0.6290 -0.6290 -0.4570
vn 0.6290 0.6290 0.4570
vn -0.2402 0.6290 0.7394
vn -0.7774 0.6290 0.0000
vn -0.2402 0.6290 -0.7394
vn 0.6290 0.6290 -0.4570
vn 0.6290 -0.6290 0.4570
vn -0.2402 -0.6290 0.7394
vn -0.7774 -0.6290 -0.0000
vn -0.2402 -0.6290 -0.7394
vn 0.6290 -0.6290 -0.4570
vn 0.6290 0.6290 0.4570
vn -0.2402 0.6290 0.7394
vn -0.7774 0.6290 0.0000
vn -0.2402 0.6290 -0.7394
vn 0.6290 0.6290 -0.4570
vn 0.6290 -0.6290 0.4570
vn -0.2402 -0.6290 0.7394
vn -0.7774 -0.6290 -0.0000
vn -0.2402 -0.6290 -0.7394
vn 0.6290 -0.6290 -0.4570
vn 0.6290 0.6290 0.4570
vn -0.2402 0.6290 0.7394
vn -0.7774 0.6290 0.0000
vn -0.2402 0.6290 -0.7394
vn 0.6290 0.6290 -0.4570
vn 0.6290 -0.6290 0.4570
vn -0.2402 -0.6290 0.7394
vn -0.7774 -0.6290 -0.0000
vn -0.2402 -0.6290 -0.7394
vn 0.6290 -0.6290 -0.4570
vn 0.6290 0.6290 0.4570
vn -0.2402 0.6290 0.7394
vn -0.7774 0.6290 0.0000
vn -0.2402 0.6290 -0.7394
vn 0.6290 0.6290 -0.4570
vn 0.6290 -0.6290 0.4570
vn -0.2402 -0.6290 0.7394
vn -0.7774 -0.6290 -0.0000
vn -0.2402 -0.6290 -0.7394
vn 0.6290 -0.6290 -0.4570
vn 0.6290 0.6290 0.4570
vn -0.2402 0.6290 0.7394
vn -0.7774 0.6290 0.0000
vn -0.2402 0.6290 -0.7394
vn 0.6290 0.6290 -0.4570
vn 0.6290 -0.6290 0.4570
vn -0.2402 -0.6290 0.7394
vn -0.7774 -0.6290 -0.0000
vn -0.2402 -0.6290 -0.7394
vn 0.6290 -0.6290 -0.4570
vn 0.6290 0.6290 0.4570
vn -0.2402 0.6290 0.7394
vn -0.7774 0.6290 0.0000
vn -0.2402 0.6290 -0.7394
vn 0.6290 0.6290 -0.4570
vn 0.6290 -0.6290 0.4570
vn -0.2402 -0.6290 0.7394
vn -0.7774 -0.6290 -0.0000
vn -0.2402 -0.6290 -0.7394
vn 0.6290 -0.6290 -0.4570
vn 0.6290 0.6290 0.4570
vn -0.2402 0.6290 0.7394
vn -0.7774 0.6290 0.0000
vn -0.2402 0.6290 -0.7394
vn 0.6290 0.6290 -0.4570
vn -0.2573 0.1066 0.9604
vn -0.2573 0.1066 0.9604
vn -0.6786 0.2811 -0.6786
vn -0.6786 0.2811 -0.6786
vn 0.8968 -0.3715 -0.2403
vn 0.8968 -0.3715 -0.2403
vn -0.1066 0.2573 0.9604
vn -0.1066 0.2573 0.9604
vn -0.2811 0.6786 -0.6786
vn -0.2811 0.6786 -0.6786
vn 0.3715 -0.8968 -0.2403
vn 0.3715 -0.8968 -0.2403
vn 0.1066 0.2573 0.9604
vn 0.1066 0.2573 0.9604
vn 0.2811 0.6786 -0.6786
vn 0.2811 0.6786 -0.6786
vn -0.3715 -0.8968 -0.2403
vn -0.3715 -0.8968 -0.2403
vn 0.2573 0.1066 0.9604
vn 0.2573 0.1066 0.9604
vn 0.6786 0.2811 -0.6786
vn 0.6786 0.2811 -0.6786
vn -0.8968 -0.3715 -0.2403
vn -0.8968 -0.3715 -0.2403
vn 0.2573 -0.1066 0.9604
vn 0.2573 -0.1066 0.9604
vn 0.6786 -0.2811 -0.6786
vn 0.6786 -0.2811 -0.6786
vn -0.8968 0.3715 -0.2403
vn -0.8968 0.3715 -0.2403
vn 0.1066 -0.2573 0.9604
vn 0.1066 -0.2573 0.9604
vn 0.2811 -0.6786 -0.6786
vn 0.2811 -0.6786 -0.6786
vn -0.3715 0.8968 -0.2403
vn -0.3715 0.8968 -0.2403
vn -0.1066 -0.2573 0.9604
vn -0.1066 -0.2573 0.9604
vn -0.2811 -0.6786 -0.6786
vn -0.2811 -0.6786 -0.6786
vn 0.3715 0.8968 -0.2403
vn 0.3715 0.8968 -0.2403
vn -0.2573 -0.1066 0.9604
vn -0.2573 -0.1066 0.9604
vn -0.6786 -0.2811 -0.6786
vn -0.6786 -0.2811 -0.6786
vn 0.8968 0.3715 -0.2403
vn 0.8968 0.3715 -0.2403
vn 0.6290 -0.6290 0.4570
vn -0.2402 -0.6290 0.7394
vn -0.7774 -0.6290 -0.0000
vn -0.2402 -0.6290 -0.7394
vn 0.6290 -0.6290 -0.4570
vn 0.6290 0.6290 0.4570
vn -0.2402 0.6290 0.7394
vn -0.7774 0.6290 0.0000
vn -0.2402 0.6290 -0.7394
vn 0.6290 0.6290 -0.4570
usemtl Mat_DarkWood
f 5498//8097 5497//8097 5496//8097
f 5498//8098 5496//8098 5495//8098
f 5495//8099 5496//8099 5492//8099
f 5495//8100 5492//8100 5491//8100
f 5496//8101 5497//8101 5493//8101
f 5496//8102 5493//8102 5492//8102
f 5497//8103 5498//8103 5494//8103
f 5497//8104 5494//8104 5493//8104
f 5498//8105 5495//8105 5491//8105
f 5498//8106 5491//8106 5494//8106
f 5492//8107 5493//8107 5494//8107
f 5492//8108 5494//8108 5491//8108
usemtl Mat_WoodMid
f 5506//8109 5505//8109 5504//8109
f 5506//8110 5504//8110 5503//8110
f 5503//8111 5504//8111 5500//8111
f 5503//8112 5500//8112 5499//8112
f 5504//8113 5505//8113 5501//8113
f 5504//8114 5501//8114 5500//8114
f 5505//8115 5506//8115 5502//8115
f 5505//8116 5502//8116 5501//8116
f 5506//8117 5503//8117 5499//8117
f 5506//8118 5499//8118 5502//8118
f 5500//8119 5501//8119 5502//8119
f 5500//8120 5502//8120 5499//8120
f 5514//8121 5513//8121 5512//8121
f 5514//8122 5512//8122 5511//8122
f 5511//8123 5512//8123 5508//8123
f 5511//8124 5508//8124 5507//8124
f 5512//8125 5513//8125 5509//8125
f 5512//8126 5509//8126 5508//8126
f 5513//8127 5514//8127 5510//8127
f 5513//8128 5510//8128 5509//8128
f 5514//8129 5511//8129 5507//8129
f 5514//8130 5507//8130 5510//8130
f 5508//8131 5509//8131 5510//8131
f 5508//8132 5510//8132 5507//8132
usemtl Mat_Brass
f 5516//8133 5517//8133 5515//8133
f 5517//8134 5518//8134 5515//8134
f 5518//8135 5519//8135 5515//8135
f 5519//8136 5520//8136 5515//8136
f 5520//8137 5516//8137 5515//8137
f 5521//8138 5517//8138 5516//8138
f 5521//8139 5518//8139 5517//8139
f 5521//8140 5519//8140 5518//8140
f 5521//8141 5520//8141 5519//8141
f 5521//8142 5516//8142 5520//8142
f 5523//8143 5524//8143 5522//8143
f 5524//8144 5525//8144 5522//8144
f 5525//8145 5526//8145 5522//8145
f 5526//8146 5527//8146 5522//8146
f 5527//8147 5523//8147 5522//8147
f 5528//8148 5524//8148 5523//8148
f 5528//8149 5525//8149 5524//8149
f 5528//8150 5526//8150 5525//8150
f 5528//8151 5527//8151 5526//8151
f 5528//8152 5523//8152 5527//8152
f 5530//8153 5531//8153 5529//8153
f 5531//8154 5532//8154 5529//8154
f 5532//8155 5533//8155 5529//8155
f 5533//8156 5534//8156 5529//8156
f 5534//8157 5530//8157 5529//8157
f 5535//8158 5531//8158 5530//8158
f 5535//8159 5532//8159 5531//8159
f 5535//8160 5533//8160 5532//8160
f 5535//8161 5534//8161 5533//8161
f 5535//8162 5530//8162 5534//8162
f 5537//8163 5538//8163 5536//8163
f 5538//8164 5539//8164 5536//8164
f 5539//8165 5540//8165 5536//8165
f 5540//8166 5541//8166 5536//8166
f 5541//8167 5537//8167 5536//8167
f 5542//8168 5538//8168 5537//8168
f 5542//8169 5539//8169 5538//8169
f 5542//8170 5540//8170 5539//8170
f 5542//8171 5541//8171 5540//8171
f 5542//8172 5537//8172 5541//8172
f 5544//8173 5545//8173 5543//8173
f 5545//8174 5546//8174 5543//8174
f 5546//8175 5547//8175 5543//8175
f 5547//8176 5548//8176 5543//8176
f 5548//8177 5544//8177 5543//8177
f 5549//8178 5545//8178 5544//8178
f 5549//8179 5546//8179 5545//8179
f 5549//8180 5547//8180 5546//8180
f 5549//8181 5548//8181 5547//8181
f 5549//8182 5544//8182 5548//8182
f 5551//8183 5552//8183 5550//8183
f 5552//8184 5553//8184 5550//8184
f 5553//8185 5554//8185 5550//8185
f 5554//8186 5555//8186 5550//8186
f 5555//8187 5551//8187 5550//8187
f 5556//8188 5552//8188 5551//8188
f 5556//8189 5553//8189 5552//8189
f 5556//8190 5554//8190 5553//8190
f 5556//8191 5555//8191 5554//8191
f 5556//8192 5551//8192 5555//8192
f 5558//8193 5559//8193 5557//8193
f 5559//8194 5560//8194 5557//8194
f 5560//8195 5561//8195 5557//8195
f 5561//8196 5562//8196 5557//8196
f 5562//8197 5558//8197 5557//8197
f 5563//8198 5559//8198 5558//8198
f 5563//8199 5560//8199 5559//8199
f 5563//8200 5561//8200 5560//8200
f 5563//8201 5562//8201 5561//8201
f 5563//8202 5558//8202 5562//8202
f 5565//8203 5566//8203 5564//8203
f 5566//8204 5567//8204 5564//8204
f 5567//8205 5568//8205 5564//8205
f 5568//8206 5569//8206 5564//8206
f 5569//8207 5565//8207 5564//8207
f 5570//8208 5566//8208 5565//8208
f 5570//8209 5567//8209 5566//8209
f 5570//8210 5568//8210 5567//8210
f 5570//8211 5569//8211 5568//8211
f 5570//8212 5565//8212 5569//8212
f 5572//8213 5573//8213 5571//8213
f 5573//8214 5574//8214 5571//8214
f 5574//8215 5575//8215 5571//8215
f 5575//8216 5576//8216 5571//8216
f 5576//8217 5572//8217 5571//8217
f 5577//8218 5573//8218 5572//8218
f 5577//8219 5574//8219 5573//8219
f 5577//8220 5575//8220 5574//8220
f 5577//8221 5576//8221 5575//8221
f 5577//8222 5572//8222 5576//8222
f 5579//8223 5580//8223 5578//8223
f 5580//8224 5581//8224 5578//8224
f 5581//8225 5582//8225 5578//8225
f 5582//8226 5583//8226 5578//8226
f 5583//8227 5579//8227 5578//8227
f 5584//8228 5580//8228 5579//8228
f 5584//8229 5581//8229 5580//8229
f 5584//8230 5582//8230 5581//8230
f 5584//8231 5583//8231 5582//8231
f 5584//8232 5579//8232 5583//8232
f 5586//8233 5587//8233 5585//8233
f 5587//8234 5588//8234 5585//8234
f 5588//8235 5589//8235 5585//8235
f 5589//8236 5590//8236 5585//8236
f 5590//8237 5586//8237 5585//8237
f 5591//8238 5587//8238 5586//8238
f 5591//8239 5588//8239 5587//8239
f 5591//8240 5589//8240 5588//8240
f 5591//8241 5590//8241 5589//8241
f 5591//8242 5586//8242 5590//8242
f 5593//8243 5594//8243 5592//8243
f 5594//8244 5595//8244 5592//8244
f 5595//8245 5596//8245 5592//8245
f 5596//8246 5597//8246 5592//8246
f 5597//8247 5593//8247 5592//8247
f 5598//8248 5594//8248 5593//8248
f 5598//8249 5595//8249 5594//8249
f 5598//8250 5596//8250 5595//8250
f 5598//8251 5597//8251 5596//8251
f 5598//8252 5593//8252 5597//8252
f 5600//8253 5601//8253 5599//8253
f 5601//8254 5602//8254 5599//8254
f 5602//8255 5603//8255 5599//8255
f 5603//8256 5604//8256 5599//8256
f 5604//8257 5600//8257 5599//8257
f 5605//8258 5601//8258 5600//8258
f 5605//8259 5602//8259 5601//8259
f 5605//8260 5603//8260 5602//8260
f 5605//8261 5604//8261 5603//8261
f 5605//8262 5600//8262 5604//8262
f 5607//8263 5608//8263 5606//8263
f 5608//8264 5609//8264 5606//8264
f 5609//8265 5610//8265 5606//8265
f 5610//8266 5611//8266 5606//8266
f 5611//8267 5607//8267 5606//8267
f 5612//8268 5608//8268 5607//8268
f 5612//8269 5609//8269 5608//8269
f 5612//8270 5610//8270 5609//8270
f 5612//8271 5611//8271 5610//8271
f 5612//8272 5607//8272 5611//8272
f 5614//8273 5615//8273 5613//8273
f 5615//8274 5616//8274 5613//8274
f 5616//8275 5617//8275 5613//8275
f 5617//8276 5618//8276 5613//8276
f 5618//8277 5614//8277 5613//8277
f 5619//8278 5615//8278 5614//8278
f 5619//8279 5616//8279 5615//8279
f 5619//8280 5617//8280 5616//8280
f 5619//8281 5618//8281 5617//8281
f 5619//8282 5614//8282 5618//8282
f 5620//8283 5621//8283 5624//8283
f 5620//8284 5624//8284 5623//8284
f 5621//8285 5622//8285 5625//8285
f 5621//8286 5625//8286 5624//8286
f 5622//8287 5620//8287 5623//8287
f 5622//8288 5623//8288 5625//8288
f 5623//8289 5624//8289 5627//8289
f 5623//8290 5627//8290 5626//8290
f 5624//8291 5625//8291 5628//8291
f 5624//8292 5628//8292 5627//8292
f 5625//8293 5623//8293 5626//8293
f 5625//8294 5626//8294 5628//8294
f 5626//8295 5627//8295 5630//8295
f 5626//8296 5630//8296 5629//8296
f 5627//8297 5628//8297 5631//8297
f 5627//8298 5631//8298 5630//8298
f 5628//8299 5626//8299 5629//8299
f 5628//8300 5629//8300 5631//8300
f 5629//8301 5630//8301 5633//8301
f 5629//8302 5633//8302 5632//8302
f 5630//8303 5631//8303 5634//8303
f 5630//8304 5634//8304 5633//8304
f 5631//8305 5629//8305 5632//8305
f 5631//8306 5632//8306 5634//8306
f 5632//8307 5633//8307 5636//8307
f 5632//8308 5636//8308 5635//8308
f 5633//8309 5634//8309 5637//8309
f 5633//8310 5637//8310 5636//8310
f 5634//8311 5632//8311 5635//8311
f 5634//8312 5635//8312 5637//8312
f 5635//8313 5636//8313 5639//8313
f 5635//8314 5639//8314 5638//8314
f 5636//8315 5637//8315 5640//8315
f 5636//8316 5640//8316 5639//8316
f 5637//8317 5635//8317 5638//8317
f 5637//8318 5638//8318 5640//8318
f 5638//8319 5639//8319 5642//8319
f 5638//8320 5642//8320 5641//8320
f 5639//8321 5640//8321 5643//8321
f 5639//8322 5643//8322 5642//8322
f 5640//8323 5638//8323 5641//8323
f 5640//8324 5641//8324 5643//8324
f 5641//8325 5642//8325 5621//8325
f 5641//8326 5621//8326 5620//8326
f 5642//8327 5643//8327 5622//8327
f 5642//8328 5622//8328 5621//8328
f 5643//8329 5641//8329 5620//8329
f 5643//8330 5620//8330 5622//8330
f 5645//8331 5646//8331 5644//8331
f 5646//8332 5647//8332 5644//8332
f 5647//8333 5648//8333 5644//8333
f 5648//8334 5649//8334 5644//8334
f 5649//8335 5645//8335 5644//8335
f 5650//8336 5646//8336 5645//8336
f 5650//8337 5647//8337 5646//8337
f 5650//8338 5648//8338 5647//8338
f 5650//8339 5649//8339 5648//8339
f 5650//8340 5645//8340 5649//8340
o Bldg_Library_Bookworm
v -2.27544 8.92116 2.61164
v -2.60000 9.00514 2.50666
v -2.92456 8.92116 2.61164
v -3.05900 8.71841 2.86508
v -2.92456 8.51565 3.11852
v -2.60000 8.43167 3.22350
v -2.27544 8.51565 3.11852
v -2.14100 8.71841 2.86508
v -2.27544 9.46215 3.04443
v -2.60000 9.53006 2.92660
v -2.92456 9.46215 3.04443
v -3.05900 9.29820 3.32891
v -2.92456 9.13425 3.61339
v -2.60000 9.06634 3.73123
v -2.27544 9.13425 3.61339
v -2.14100 9.29820 3.32891
v -2.29453 10.60189 3.50817
v -2.60000 10.66580 3.39726
v -2.90547 10.60189 3.50817
v -3.03200 10.44758 3.77592
v -2.90547 10.29327 4.04366
v -2.60000 10.22936 4.15457
v -2.29453 10.29327 4.04366
v -2.16800 10.44758 3.77592
v -2.31362 11.40690 4.17663
v -2.60000 11.48100 4.08400
v -2.88638 11.40690 4.17663
v -3.00500 11.22800 4.40025
v -2.88638 11.04910 4.62387
v -2.60000 10.97500 4.71650
v -2.31362 11.04910 4.62387
v -2.19500 11.22800 4.40025
v -2.10677 9.27749 3.31235
v -2.20223 9.27749 3.31235
v -2.20223 9.20295 3.25271
v -2.10677 9.20295 3.25271
v -2.20097 9.09639 3.53873
v -2.27820 9.13144 3.49492
v -2.27820 9.05690 3.43528
v -2.20097 9.02184 3.47910
v -2.44758 8.98445 3.67864
v -2.47708 9.04117 3.60775
v -2.47708 8.96663 3.54812
v -2.44758 8.90991 3.61901
v -2.75242 8.98445 3.67864
v -2.72292 9.04117 3.60775
v -2.72292 8.96663 3.54812
v -2.75242 8.90991 3.61901
v -2.99903 9.09639 3.53873
v -2.92180 9.13144 3.49492
v -2.92180 9.05690 3.43528
v -2.99903 9.02184 3.47910
v -3.09323 9.27749 3.31235
v -2.99777 9.27749 3.31235
v -2.99777 9.20295 3.25271
v -3.09323 9.20295 3.25271
v -2.99903 9.45860 3.08596
v -2.92180 9.42355 3.12978
v -2.92180 9.34901 3.07014
v -2.99903 9.38406 3.02633
v -2.75242 9.57053 2.94605
v -2.72292 9.51382 3.01694
v -2.72292 9.43927 2.95731
v -2.75242 9.49599 2.88642
v -2.44758 9.57053 2.94605
v -2.47708 9.51382 3.01694
v -2.47708 9.43927 2.95731
v -2.44758 9.49599 2.88642
v -2.20097 9.45860 3.08596
v -2.27820 9.42355 3.12978
v -2.27820 9.34901 3.07014
v -2.20097 9.38406 3.02633
v -2.10677 10.08978 3.63677
v -2.20223 10.08978 3.63677
v -2.20223 10.00081 3.60217
v -2.10677 10.00081 3.60217
v -2.20097 9.98470 3.90696
v -2.27820 10.00504 3.85467
v -2.27820 9.91607 3.82007
v -2.20097 9.89573 3.87236
v -2.44758 9.91975 4.07396
v -2.47708 9.95266 3.98934
v -2.47708 9.86369 3.95474
v -2.44758 9.83079 4.03936
v -2.75242 9.91975 4.07396
v -2.72292 9.95266 3.98934
v -2.72292 9.86369 3.95474
v -2.75242 9.83079 4.03936
v -2.99903 9.98470 3.90696
v -2.92180 10.00504 3.85467
v -2.92180 9.91607 3.82007
v -2.99903 9.89573 3.87236
v -3.09323 10.08978 3.63677
v -2.99777 10.08978 3.63677
v -2.99777 10.00081 3.60217
v -3.09323 10.00081 3.60217
v -2.99903 10.19486 3.36657
v -2.92180 10.17453 3.41886
v -2.92180 10.08556 3.38426
v -2.99903 10.10590 3.33197
v -2.75242 10.25981 3.19957
v -2.72292 10.22690 3.28419
v -2.72292 10.13793 3.24959
v -2.75242 10.17084 3.16497
v -2.44758 10.25981 3.19957
v -2.47708 10.22690 3.28419
v -2.47708 10.13793 3.24959
v -2.44758 10.17084 3.16497
v -2.20097 10.19486 3.36657
v -2.27820 10.17453 3.41886
v -2.27820 10.08556 3.38426
v -2.20097 10.10590 3.33197
v -2.10677 10.79702 4.05547
v -2.20223 10.79702 4.05547
v -2.20223 10.72248 3.99583
v -2.10677 10.72248 3.99583
v -2.20097 10.61591 4.28185
v -2.27820 10.65096 4.23804
v -2.27820 10.57642 4.17840
v -2.20097 10.54137 4.22222
v -2.44758 10.50398 4.42176
v -2.47708 10.56069 4.35087
v -2.47708 10.48615 4.29124
v -2.44758 10.42944 4.36213
v -2.75242 10.50398 4.42176
v -2.72292 10.56069 4.35087
v -2.72292 10.48615 4.29124
v -2.75242 10.42944 4.36213
v -2.99903 10.61591 4.28185
v -2.92180 10.65096 4.23804
v -2.92180 10.57642 4.17840
v -2.99903 10.54137 4.22222
v -3.09323 10.79702 4.05547
v -2.99777 10.79702 4.05547
v -2.99777 10.72248 3.99583
v -3.09323 10.72248 3.99583
v -2.99903 10.97812 3.82908
v -2.92180 10.94307 3.87290
v -2.92180 10.86853 3.81326
v -2.99903 10.90358 3.76945
v -2.75242 11.09005 3.68917
v -2.72292 11.03334 3.76006
v -2.72292 10.95880 3.70043
v -2.75242 11.01551 3.62954
v -2.44758 11.09005 3.68917
v -2.47708 11.03334 3.76006
v -2.47708 10.95880 3.70043
v -2.44758 11.01551 3.62954
v -2.20097 10.97812 3.82908
v -2.27820 10.94307 3.87290
v -2.27820 10.86853 3.81326
v -2.20097 10.90358 3.76945
v -2.60000 10.93100 4.56225
v -2.31650 11.00696 4.56225
v -2.37064 11.00696 4.72889
v -2.51239 11.00696 4.83187
v -2.68761 11.00696 4.83187
v -2.82936 11.00696 4.72889
v -2.88350 11.00696 4.56225
v -2.82936 11.00696 4.39561
v -2.68761 11.00696 4.29263
v -2.51239 11.00696 4.29263
v -2.37064 11.00696 4.39561
v -2.10896 11.21450 4.56225
v -2.20274 11.21450 4.85087
v -2.44826 11.21450 5.02925
v -2.75174 11.21450 5.02925
v -2.99726 11.21450 4.85087
v -3.09104 11.21450 4.56225
v -2.99726 11.21450 4.27363
v -2.75174 11.21450 4.09525
v -2.44826 11.21450 4.09525
v -2.20274 11.21450 4.27363
v -2.03300 11.49800 4.56225
v -2.14129 11.49800 4.89552
v -2.42479 11.49800 5.10150
v -2.77521 11.49800 5.10150
v -3.05871 11.49800 4.89552
v -3.16700 11.49800 4.56225
v -3.05871 11.49800 4.22898
v -2.77521 11.49800 4.02300
v -2.42479 11.49800 4.02300
v -2.14129 11.49800 4.22898
v -2.10896 11.78150 4.56225
v -2.20274 11.78150 4.85087
v -2.44826 11.78150 5.02925
v -2.75174 11.78150 5.02925
v -2.99726 11.78150 4.85087
v -3.09104 11.78150 4.56225
v -2.99726 11.78150 4.27363
v -2.75174 11.78150 4.09525
v -2.44826 11.78150 4.09525
v -2.20274 11.78150 4.27363
v -2.31650 11.98903 4.56225
v -2.37064 11.98903 4.72889
v -2.51239 11.98903 4.83187
v -2.68761 11.98903 4.83187
v -2.82936 11.98903 4.72889
v -2.88350 11.98903 4.56225
v -2.82936 11.98903 4.39561
v -2.68761 11.98903 4.29263
v -2.51239 11.98903 4.29263
v -2.37064 11.98903 4.39561
v -2.60000 12.06500 4.56225
v -2.82950 11.48450 5.00775
v -2.70540 11.53590 5.00775
v -2.74175 11.53590 5.09550
v -2.82950 11.53590 5.13185
v -2.91725 11.53590 5.09550
v -2.95360 11.53590 5.00775
v -2.91725 11.53590 4.92000
v -2.82950 11.53590 4.88365
v -2.74175 11.53590 4.92000
v -2.65400 11.66000 5.00775
v -2.70540 11.66000 5.13185
v -2.82950 11.66000 5.18325
v -2.95360 11.66000 5.13185
v -3.00500 11.66000 5.00775
v -2.95360 11.66000 4.88365
v -2.82950 11.66000 4.83225
v -2.70540 11.66000 4.88365
v -2.70540 11.78409 5.00775
v -2.74175 11.78409 5.09550
v -2.82950 11.78409 5.13185
v -2.91725 11.78409 5.09550
v -2.95360 11.78409 5.00775
v -2.91725 11.78409 4.92000
v -2.82950 11.78409 4.88365
v -2.74175 11.78409 4.92000
v -2.82950 11.83550 5.00775
v -2.82950 11.56550 5.14275
v -2.75935 11.60600 5.14275
v -2.79443 11.60600 5.20350
v -2.86457 11.60600 5.20350
v -2.89965 11.60600 5.14275
v -2.86457 11.60600 5.08200
v -2.79443 11.60600 5.08200
v -2.75935 11.68700 5.14275
v -2.79443 11.68700 5.20350
v -2.86457 11.68700 5.20350
v -2.89965 11.68700 5.14275
v -2.86457 11.68700 5.08200
v -2.79443 11.68700 5.08200
v -2.82950 11.72750 5.14275
v -2.57614 11.66000 5.16661
v -2.62386 11.66000 5.16661
v -2.62386 11.66000 5.11888
v -2.57614 11.66000 5.11888
v -2.62452 11.51107 5.16661
v -2.66314 11.53913 5.16661
v -2.66314 11.53913 5.11888
v -2.62452 11.51107 5.11888
v -2.75121 11.41903 5.16661
v -2.76596 11.46443 5.16661
v -2.76596 11.46443 5.11888
v -2.75121 11.41903 5.11888
v -2.90779 11.41903 5.16661
v -2.89304 11.46443 5.16661
v -2.89304 11.46443 5.11888
v -2.90779 11.41903 5.11888
v -3.03448 11.51107 5.16661
v -2.99586 11.53913 5.16661
v -2.99586 11.53913 5.11888
v -3.03448 11.51107 5.11888
v -3.08286 11.66000 5.16661
v -3.03514 11.66000 5.16661
v -3.03514 11.66000 5.11888
v -3.08286 11.66000 5.11888
v -3.03448 11.80892 5.16661
v -2.99586 11.78087 5.16661
v -2.99586 11.78087 5.11888
v -3.03448 11.80892 5.11888
v -2.90779 11.90096 5.16661
v -2.89304 11.85557 5.16661
v -2.89304 11.85557 5.11888
v -2.90779 11.90096 5.11888
v -2.75121 11.90096 5.16661
v -2.76596 11.85557 5.16661
v -2.76596 11.85557 5.11888
v -2.75121 11.90096 5.11888
v -2.62452 11.80892 5.16661
v -2.66314 11.78087 5.16661
v -2.66314 11.78087 5.11888
v -2.62452 11.80892 5.11888
v -2.37050 11.48450 5.00775
v -2.24640 11.53590 5.00775
v -2.28275 11.53590 5.09550
v -2.37050 11.53590 5.13185
v -2.45825 11.53590 5.09550
v -2.49460 11.53590 5.00775
v -2.45825 11.53590 4.92000
v -2.37050 11.53590 4.88365
v -2.28275 11.53590 4.92000
v -2.19500 11.66000 5.00775
v -2.24640 11.66000 5.13185
v -2.37050 11.66000 5.18325
v -2.49460 11.66000 5.13185
v -2.54600 11.66000 5.00775
v -2.49460 11.66000 4.88365
v -2.37050 11.66000 4.83225
v -2.24640 11.66000 4.88365
v -2.24640 11.78409 5.00775
v -2.28275 11.78409 5.09550
v -2.37050 11.78409 5.13185
v -2.45825 11.78409 5.09550
v -2.49460 11.78409 5.00775
v -2.45825 11.78409 4.92000
v -2.37050 11.78409 4.88365
v -2.28275 11.78409 4.92000
v -2.37050 11.83550 5.00775
v -2.37050 11.56550 5.14275
v -2.30035 11.60600 5.14275
v -2.33543 11.60600 5.20350
v -2.40557 11.60600 5.20350
v -2.44065 11.60600 5.14275
v -2.40557 11.60600 5.08200
v -2.33543 11.60600 5.08200
v -2.30035 11.68700 5.14275
v -2.33543 11.68700 5.20350
v -2.40557 11.68700 5.20350
v -2.44065 11.68700 5.14275
v -2.40557 11.68700 5.08200
v -2.33543 11.68700 5.08200
v -2.37050 11.72750 5.14275
v -2.11714 11.66000 5.16661
v -2.16486 11.66000 5.16661
v -2.16486 11.66000 5.11888
v -2.11714 11.66000 5.11888
v -2.16552 11.51107 5.16661
v -2.20414 11.53913 5.16661
v -2.20414 11.53913 5.11888
v -2.16552 11.51107 5.11888
v -2.29221 11.41903 5.16661
v -2.30696 11.46443 5.16661
v -2.30696 11.46443 5.11888
v -2.29221 11.41903 5.11888
v -2.44879 11.41903 5.16661
v -2.43404 11.46443 5.16661
v -2.43404 11.46443 5.11888
v -2.44879 11.41903 5.11888
v -2.57548 11.51107 5.16661
v -2.53686 11.53913 5.16661
v -2.53686 11.53913 5.11888
v -2.57548 11.51107 5.11888
v -2.62386 11.66000 5.16661
v -2.57614 11.66000 5.16661
v -2.57614 11.66000 5.11888
v -2.62386 11.66000 5.11888
v -2.57548 11.80892 5.16661
v -2.53686 11.78087 5.16661
v -2.53686 11.78087 5.11888
v -2.57548 11.80892 5.11888
v -2.44879 11.90096 5.16661
v -2.43404 11.85557 5.16661
v -2.43404 11.85557 5.11888
v -2.44879 11.90096 5.11888
v -2.29221 11.90096 5.16661
v -2.30696 11.85557 5.16661
v -2.30696 11.85557 5.11888
v -2.29221 11.90096 5.11888
v -2.16552 11.80892 5.16661
v -2.20414 11.78087 5.16661
v -2.20414 11.78087 5.11888
v -2.16552 11.80892 5.11888
v -2.64050 11.68700 5.16975
v -2.64050 11.66000 5.14275
v -2.64050 11.63300 5.16975
v -2.64050 11.66000 5.19675
v -2.55950 11.68700 5.16975
v -2.55950 11.66000 5.14275
v -2.55950 11.63300 5.16975
v -2.55950 11.66000 5.19675
v -3.04516 11.68422 5.14460
v -3.06940 11.66000 5.14715
v -3.04584 11.63577 5.14090
v -3.02160 11.66000 5.13835
v -3.13966 11.72472 4.63160
v -3.16390 11.70050 4.63415
v -3.14034 11.67627 4.62790
v -3.11610 11.70050 4.62535
v -2.15484 11.68422 5.14460
v -2.17840 11.66000 5.13835
v -2.15416 11.63577 5.14090
v -2.13060 11.66000 5.14715
v -2.06034 11.72472 4.63160
v -2.08390 11.70050 4.62535
v -2.05966 11.67627 4.62790
v -2.03610 11.70050 4.63415
v -2.79956 11.36291 5.04984
v -2.81345 11.36291 5.10541
v -2.83244 11.30908 5.10066
v -2.81855 11.30908 5.04509
v -2.60000 11.28808 5.09973
v -2.60000 11.28287 5.15877
v -2.60000 11.22192 5.15877
v -2.60000 11.22713 5.09973
v -2.40044 11.36291 5.04984
v -2.38655 11.36291 5.10541
v -2.36756 11.30908 5.10066
v -2.38145 11.30908 5.04509
v -2.53250 11.90300 4.53525
v -2.01657 12.17687 4.53525
v -2.16076 12.06411 4.86088
v -2.53250 11.90300 4.99576
v -2.93763 11.89899 4.86088
v -3.11522 11.94334 4.53525
v -2.93763 11.89899 4.20962
v -2.53250 11.90300 4.07474
v -2.16076 12.06411 4.20962
v -1.98863 12.25321 4.53525
v -2.14253 12.12527 4.88593
v -2.54148 11.94525 5.03119
v -2.97916 11.94744 4.88593
v -3.17179 12.00172 4.53525
v -2.97916 11.94744 4.18457
v -2.54148 11.94525 4.03931
v -2.14253 12.12527 4.18457
v -2.54148 11.94525 4.53525
v -2.53699 11.92412 4.53525
v -2.25176 11.98475 4.53525
v -2.33530 11.96699 4.71051
v -2.53699 11.92412 4.78311
v -2.73868 11.88125 4.71051
v -2.82222 11.86350 4.53525
v -2.73868 11.88125 4.35999
v -2.53699 11.92412 4.28739
v -2.33530 11.96699 4.35999
v -2.27105 12.17939 4.53525
v -2.36078 12.16032 4.72350
v -2.57741 12.11428 4.80147
v -2.79404 12.06823 4.72350
v -2.88376 12.04916 4.53525
v -2.79404 12.06823 4.34700
v -2.57741 12.11428 4.26903
v -2.36078 12.16032 4.34700
v -2.35531 12.31606 4.53525
v -2.42957 12.30028 4.69104
v -2.60885 12.26217 4.75557
v -2.78812 12.22407 4.69104
v -2.86238 12.20828 4.53525
v -2.78812 12.22407 4.37946
v -2.60885 12.26217 4.31493
v -2.42957 12.30028 4.37946
v -2.47310 12.24686 4.53525
v -2.51022 12.23897 4.61314
v -2.59986 12.21992 4.64541
v -2.68950 12.20086 4.61314
v -2.72663 12.19297 4.53525
v -2.68950 12.20086 4.45735
v -2.59986 12.21992 4.42509
v -2.51022 12.23897 4.45735
v -2.59986 12.21992 4.53525
v -2.24041 12.00925 4.53525
v -2.32859 11.99050 4.72025
v -2.54148 11.94525 4.79688
v -2.75437 11.90000 4.72025
v -2.84256 11.88126 4.53525
v -2.75437 11.90000 4.35025
v -2.54148 11.94525 4.27362
v -2.32859 11.99050 4.35025
v -2.24556 12.08544 4.53525
v -2.33684 12.06604 4.72674
v -2.55720 12.01920 4.80606
v -2.77756 11.97236 4.72674
v -2.86884 11.95296 4.53525
v -2.77756 11.97236 4.34376
v -2.55720 12.01920 4.26444
v -2.33684 12.06604 4.34376
v -2.46500 11.00171 4.98971
v -2.06000 11.00171 4.98971
v -2.06000 11.10329 5.26879
v -2.46500 11.10329 5.26879
v -2.46500 11.02708 4.98047
v -2.06000 11.02708 4.98047
v -2.06000 11.12866 5.25956
v -2.46500 11.12866 5.25956
vn 0.3827 0.5771 -0.7214
vn 0.3827 0.5771 -0.7214
vn -0.3827 0.5771 -0.7214
vn -0.3827 0.5771 -0.7214
vn -0.9239 0.2391 -0.2988
vn -0.9239 0.2391 -0.2988
vn -0.9239 -0.2391 0.2988
vn -0.9239 -0.2391 0.2988
vn -0.3827 -0.5771 0.7214
vn -0.3827 -0.5771 0.7214
vn 0.3827 -0.5771 0.7214
vn 0.3827 -0.5771 0.7214
vn 0.9239 -0.2391 0.2988
vn 0.9239 -0.2391 0.2988
vn 0.9239 0.2391 -0.2988
vn 0.9239 0.2391 -0.2988
vn 0.3837 0.3535 -0.8531
vn 0.3837 0.3535 -0.8531
vn -0.3837 0.3535 -0.8531
vn -0.3837 0.3535 -0.8531
vn -0.9248 0.1566 -0.3468
vn -0.9248 0.1566 -0.3468
vn -0.9226 -0.1208 0.3664
vn -0.9226 -0.1208 0.3664
vn -0.3815 -0.3162 0.8686
vn -0.3815 -0.3162 0.8686
vn 0.3815 -0.3162 0.8686
vn 0.3815 -0.3162 0.8686
vn 0.9226 -0.1208 0.3664
vn 0.9226 -0.1208 0.3664
vn 0.9248 0.1566 -0.3468
vn 0.9248 0.1566 -0.3468
vn 0.3813 0.5956 -0.7070
vn 0.3826 0.5956 -0.7063
vn -0.3813 0.5959 -0.7068
vn -0.3826 0.5953 -0.7066
vn -0.9222 0.2605 -0.2857
vn -0.9236 0.2576 -0.2838
vn -0.9250 -0.2164 0.3124
vn -0.9236 -0.2195 0.3143
vn -0.3840 -0.5557 0.7374
vn -0.3826 -0.5565 0.7375
vn 0.3840 -0.5561 0.7371
vn 0.3825 -0.5561 0.7379
vn 0.9249 -0.2174 0.3118
vn 0.9236 -0.2185 0.3151
vn 0.9223 0.2596 -0.2863
vn 0.9236 0.2585 -0.2831
vn -0.0000 -0.7809 -0.6247
vn 0.0000 -0.7809 -0.6247
vn -0.0000 -0.7809 -0.6247
vn -0.0000 -0.7809 -0.6247
vn -0.0000 -0.7809 -0.6247
vn 0.0000 -0.7809 -0.6247
vn 0.0000 0.7809 0.6247
vn 0.0000 0.7809 0.6247
vn 0.0000 0.7809 0.6247
vn 0.0000 0.7809 0.6247
vn -0.0000 0.7809 0.6247
vn -0.0000 0.7809 0.6247
vn 0.0000 0.7809 0.6247
vn -0.0000 0.7809 0.6247
vn -0.9511 0.1930 -0.2413
vn -0.9511 0.1930 -0.2413
vn 0.0000 -0.7809 -0.6247
vn -0.0000 -0.7809 -0.6247
vn 0.9511 -0.1930 0.2413
vn 0.9511 -0.1930 0.2413
vn 0.0000 0.7809 0.6247
vn 0.0000 0.7809 0.6247
vn -0.5878 0.5054 -0.6317
vn -0.5878 0.5054 -0.6317
vn 0.0000 -0.7809 -0.6247
vn -0.0000 -0.7809 -0.6247
vn 0.5878 -0.5054 0.6317
vn 0.5878 -0.5054 0.6317
vn 0.0000 0.7809 0.6247
vn 0.0000 0.7809 0.6247
vn 0.0000 0.6247 -0.7809
vn 0.0000 0.6247 -0.7809
vn 0.0000 -0.7809 -0.6247
vn -0.0000 -0.7809 -0.6247
vn 0.0000 -0.6247 0.7809
vn 0.0000 -0.6247 0.7809
vn -0.0000 0.7809 0.6247
vn 0.0000 0.7809 0.6247
vn 0.5878 0.5054 -0.6317
vn 0.5878 0.5054 -0.6317
vn 0.0000 -0.7809 -0.6247
vn 0.0000 -0.7809 -0.6247
vn -0.5878 -0.5054 0.6317
vn -0.5878 -0.5054 0.6317
vn 0.0000 0.7809 0.6247
vn 0.0000 0.7809 0.6247
vn 0.9511 0.1930 -0.2413
vn 0.9511 0.1930 -0.2413
vn 0.0000 -0.7809 -0.6247
vn 0.0000 -0.7809 -0.6247
vn -0.9511 -0.1930 0.2413
vn -0.9511 -0.1930 0.2413
vn -0.0000 0.7809 0.6247
vn 0.0000 0.7809 0.6247
vn 0.9511 -0.1930 0.2413
vn 0.9511 -0.1930 0.2413
vn -0.0000 -0.7809 -0.6247
vn 0.0000 -0.7809 -0.6247
vn -0.9511 0.1930 -0.2413
vn -0.9511 0.1930 -0.2413
vn -0.0000 0.7809 0.6247
vn -0.0000 0.7809 0.6247
vn 0.5878 -0.5054 0.6317
vn 0.5878 -0.5054 0.6317
vn -0.0000 -0.7809 -0.6247
vn 0.0000 -0.7809 -0.6247
vn -0.5878 0.5054 -0.6317
vn -0.5878 0.5054 -0.6317
vn 0.0000 0.7809 0.6247
vn 0.0000 0.7809 0.6247
vn 0.0000 -0.6247 0.7809
vn 0.0000 -0.6247 0.7809
vn 0.0000 -0.7809 -0.6247
vn 0.0000 -0.7809 -0.6247
vn -0.0000 0.6247 -0.7809
vn 0.0000 0.6247 -0.7809
vn 0.0000 0.7809 0.6247
vn 0.0000 0.7809 0.6247
vn -0.5878 -0.5054 0.6317
vn -0.5878 -0.5054 0.6317
vn -0.0000 -0.7809 -0.6247
vn 0.0000 -0.7809 -0.6247
vn 0.5878 0.5054 -0.6317
vn 0.5878 0.5054 -0.6317
vn 0.0000 0.7809 0.6247
vn 0.0000 0.7809 0.6247
vn -0.9511 -0.1930 0.2413
vn -0.9511 -0.1930 0.2413
vn -0.0000 -0.7809 -0.6247
vn 0.0000 -0.7809 -0.6247
vn 0.9511 0.1930 -0.2413
vn 0.9511 0.1930 -0.2413
vn 0.0000 0.9320 0.3625
vn 0.0000 0.9320 0.3625
vn -0.9511 0.1120 -0.2880
vn -0.9511 0.1120 -0.2880
vn 0.0000 -0.9320 -0.3625
vn -0.0000 -0.9320 -0.3625
vn 0.9511 -0.1120 0.2880
vn 0.9511 -0.1120 0.2880
vn 0.0000 0.9320 0.3625
vn 0.0000 0.9320 0.3625
vn -0.5878 0.2932 -0.7540
vn -0.5878 0.2932 -0.7540
vn -0.0000 -0.9320 -0.3625
vn -0.0000 -0.9320 -0.3625
vn 0.5878 -0.2932 0.7540
vn 0.5878 -0.2932 0.7540
vn 0.0000 0.9320 0.3625
vn 0.0000 0.9320 0.3625
vn 0.0000 0.3625 -0.9320
vn 0.0000 0.3625 -0.9320
vn 0.0000 -0.9320 -0.3625
vn -0.0000 -0.9320 -0.3625
vn 0.0000 -0.3625 0.9320
vn 0.0000 -0.3625 0.9320
vn -0.0000 0.9320 0.3625
vn -0.0000 0.9320 0.3625
vn 0.5878 0.2932 -0.7540
vn 0.5878 0.2932 -0.7540
vn 0.0000 -0.9320 -0.3625
vn 0.0000 -0.9320 -0.3625
vn -0.5878 -0.2932 0.7540
vn -0.5878 -0.2932 0.7540
vn -0.0000 0.9320 0.3625
vn 0.0000 0.9320 0.3625
vn 0.9511 0.1120 -0.2880
vn 0.9511 0.1120 -0.2880
vn 0.0000 -0.9320 -0.3625
vn 0.0000 -0.9320 -0.3625
vn -0.9511 -0.1120 0.2880
vn -0.9511 -0.1120 0.2880
vn -0.0000 0.9320 0.3625
vn 0.0000 0.9320 0.3625
vn 0.9511 -0.1120 0.2880
vn 0.9511 -0.1120 0.2880
vn -0.0000 -0.9320 -0.3625
vn -0.0000 -0.9320 -0.3625
vn -0.9511 0.1120 -0.2880
vn -0.9511 0.1120 -0.2880
vn 0.0000 0.9320 0.3625
vn 0.0000 0.9320 0.3625
vn 0.5878 -0.2932 0.7540
vn 0.5878 -0.2932 0.7540
vn -0.0000 -0.9320 -0.3625
vn -0.0000 -0.9320 -0.3625
vn -0.5878 0.2932 -0.7540
vn -0.5878 0.2932 -0.7540
vn 0.0000 0.9320 0.3625
vn -0.0000 0.9320 0.3625
vn 0.0000 -0.3625 0.9320
vn 0.0000 -0.3625 0.9320
vn 0.0000 -0.9320 -0.3625
vn 0.0000 -0.9320 -0.3625
vn 0.0000 0.3625 -0.9320
vn 0.0000 0.3625 -0.9320
vn -0.0000 0.9320 0.3625
vn -0.0000 0.9320 0.3625
vn -0.5878 -0.2932 0.7540
vn -0.5878 -0.2932 0.7540
vn 0.0000 -0.9320 -0.3625
vn 0.0000 -0.9320 -0.3625
vn 0.5878 0.2932 -0.7540
vn 0.5878 0.2932 -0.7540
vn -0.0000 0.9320 0.3625
vn 0.0000 0.9320 0.3625
vn -0.9511 -0.1120 0.2880
vn -0.9511 -0.1120 0.2880
vn 0.0000 -0.9320 -0.3625
vn 0.0000 -0.9320 -0.3625
vn 0.9511 0.1120 -0.2880
vn 0.9511 0.1120 -0.2880
vn 0.0000 0.7809 0.6247
vn 0.0000 0.7809 0.6247
vn -0.9511 0.1930 -0.2413
vn -0.9511 0.1930 -0.2413
vn 0.0000 -0.7809 -0.6247
vn -0.0000 -0.7809 -0.6247
vn 0.9511 -0.1930 0.2413
vn 0.9511 -0.1930 0.2413
vn -0.0000 0.7809 0.6247
vn -0.0000 0.7809 0.6247
vn -0.5878 0.5054 -0.6317
vn -0.5878 0.5054 -0.6317
vn -0.0000 -0.7809 -0.6247
vn -0.0000 -0.7809 -0.6247
vn 0.5878 -0.5054 0.6317
vn 0.5878 -0.5054 0.6317
vn 0.0000 0.7809 0.6247
vn 0.0000 0.7809 0.6247
vn 0.0000 0.6247 -0.7809
vn 0.0000 0.6247 -0.7809
vn 0.0000 -0.7809 -0.6247
vn -0.0000 -0.7809 -0.6247
vn 0.0000 -0.6247 0.7809
vn 0.0000 -0.6247 0.7809
vn 0.0000 0.7809 0.6247
vn 0.0000 0.7809 0.6247
vn 0.5878 0.5054 -0.6317
vn 0.5878 0.5054 -0.6317
vn -0.0000 -0.7809 -0.6247
vn -0.0000 -0.7809 -0.6247
vn -0.5878 -0.5054 0.6317
vn -0.5878 -0.5054 0.6317
vn -0.0000 0.7809 0.6247
vn 0.0000 0.7809 0.6247
vn 0.9511 0.1930 -0.2413
vn 0.9511 0.1930 -0.2413
vn -0.0000 -0.7809 -0.6247
vn 0.0000 -0.7809 -0.6247
vn -0.9511 -0.1930 0.2413
vn -0.9511 -0.1930 0.2413
vn -0.0000 0.7809 0.6247
vn -0.0000 0.7809 0.6247
vn 0.9511 -0.1930 0.2413
vn 0.9511 -0.1930 0.2413
vn -0.0000 -0.7809 -0.6247
vn 0.0000 -0.7809 -0.6247
vn -0.9511 0.1930 -0.2413
vn -0.9511 0.1930 -0.2413
vn 0.0000 0.7809 0.6247
vn 0.0000 0.7809 0.6247
vn 0.5878 -0.5054 0.6317
vn 0.5878 -0.5054 0.6317
vn 0.0000 -0.7809 -0.6247
vn -0.0000 -0.7809 -0.6247
vn -0.5878 0.5054 -0.6317
vn -0.5878 0.5054 -0.6317
vn 0.0000 0.7809 0.6247
vn -0.0000 0.7809 0.6247
vn 0.0000 -0.6247 0.7809
vn 0.0000 -0.6247 0.7809
vn 0.0000 -0.7809 -0.6247
vn 0.0000 -0.7809 -0.6247
vn -0.0000 0.6247 -0.7809
vn 0.0000 0.6247 -0.7809
vn -0.0000 0.7809 0.6247
vn -0.0000 0.7809 0.6247
vn -0.5878 -0.5054 0.6317
vn -0.5878 -0.5054 0.6317
vn 0.0000 -0.7809 -0.6247
vn 0.0000 -0.7809 -0.6247
vn 0.5878 0.5054 -0.6317
vn 0.5878 0.5054 -0.6317
vn -0.0000 0.7809 0.6247
vn 0.0000 0.7809 0.6247
vn -0.9511 -0.1930 0.2413
vn -0.9511 -0.1930 0.2413
vn -0.0000 -0.7809 -0.6247
vn 0.0000 -0.7809 -0.6247
vn 0.9511 0.1930 -0.2413
vn 0.9511 0.1930 -0.2413
vn 0.2579 -0.9625 0.0838
vn 0.1594 -0.9625 0.2194
vn 0.0000 -0.9625 0.2712
vn -0.1594 -0.9625 0.2194
vn -0.2579 -0.9625 0.0838
vn -0.2579 -0.9625 -0.0838
vn -0.1594 -0.9625 -0.2194
vn 0.0000 -0.9625 -0.2712
vn 0.1594 -0.9625 -0.2194
vn 0.2579 -0.9625 -0.0838
vn 0.6892 -0.6892 0.2239
vn 0.6892 -0.6892 0.2239
vn 0.4259 -0.6892 0.5862
vn 0.4259 -0.6892 0.5862
vn 0.0000 -0.6892 0.7246
vn 0.0000 -0.6892 0.7246
vn -0.4259 -0.6892 0.5862
vn -0.4259 -0.6892 0.5862
vn -0.6892 -0.6892 0.2239
vn -0.6892 -0.6892 0.2239
vn -0.6892 -0.6892 -0.2239
vn -0.6892 -0.6892 -0.2239
vn -0.4259 -0.6892 -0.5862
vn -0.4259 -0.6892 -0.5862
vn 0.0000 -0.6892 -0.7246
vn 0.0000 -0.6892 -0.7246
vn 0.4259 -0.6892 -0.5862
vn 0.4259 -0.6892 -0.5862
vn 0.6892 -0.6892 -0.2239
vn 0.6892 -0.6892 -0.2239
vn 0.9216 -0.2469 0.2994
vn 0.9216 -0.2469 0.2994
vn 0.5696 -0.2469 0.7840
vn 0.5696 -0.2469 0.7840
vn 0.0000 -0.2469 0.9690
vn 0.0000 -0.2469 0.9690
vn -0.5696 -0.2469 0.7840
vn -0.5696 -0.2469 0.7840
vn -0.9216 -0.2469 0.2994
vn -0.9216 -0.2469 0.2994
vn -0.9216 -0.2469 -0.2994
vn -0.9216 -0.2469 -0.2994
vn -0.5696 -0.2469 -0.7840
vn -0.5696 -0.2469 -0.7840
vn 0.0000 -0.2469 -0.9690
vn 0.0000 -0.2469 -0.9690
vn 0.5696 -0.2469 -0.7840
vn 0.5696 -0.2469 -0.7840
vn 0.9216 -0.2469 -0.2994
vn 0.9216 -0.2469 -0.2994
vn 0.9216 0.2469 0.2994
vn 0.9216 0.2469 0.2994
vn 0.5696 0.2469 0.7840
vn 0.5696 0.2469 0.7840
vn 0.0000 0.2469 0.9690
vn 0.0000 0.2469 0.9690
vn -0.5696 0.2469 0.7840
vn -0.5696 0.2469 0.7840
vn -0.9216 0.2469 0.2994
vn -0.9216 0.2469 0.2994
vn -0.9216 0.2469 -0.2994
vn -0.9216 0.2469 -0.2994
vn -0.5696 0.2469 -0.7840
vn -0.5696 0.2469 -0.7840
vn -0.0000 0.2469 -0.9690
vn 0.0000 0.2469 -0.9690
vn 0.5696 0.2469 -0.7840
vn 0.5696 0.2469 -0.7840
vn 0.9216 0.2469 -0.2994
vn 0.9216 0.2469 -0.2994
vn 0.6892 0.6892 0.2239
vn 0.6892 0.6892 0.2239
vn 0.4259 0.6892 0.5862
vn 0.4259 0.6892 0.5862
vn 0.0000 0.6892 0.7246
vn 0.0000 0.6892 0.7246
vn -0.4259 0.6892 0.5862
vn -0.4259 0.6892 0.5862
vn -0.6892 0.6892 0.2239
vn -0.6892 0.6892 0.2239
vn -0.6892 0.6892 -0.2239
vn -0.6892 0.6892 -0.2239
vn -0.4259 0.6892 -0.5862
vn -0.4259 0.6892 -0.5862
vn 0.0000 0.6892 -0.7246
vn -0.0000 0.6892 -0.7246
vn 0.4259 0.6892 -0.5862
vn 0.4259 0.6892 -0.5862
vn 0.6892 0.6892 -0.2239
vn 0.6892 0.6892 -0.2239
vn 0.2579 0.9625 0.0838
vn 0.1594 0.9625 0.2194
vn 0.0000 0.9625 0.2712
vn -0.1594 0.9625 0.2194
vn -0.2579 0.9625 0.0838
vn -0.2579 0.9625 -0.0838
vn -0.1594 0.9625 -0.2194
vn 0.0000 0.9625 -0.2712
vn 0.1594 0.9625 -0.2194
vn 0.2579 0.9625 -0.0838
vn 0.3780 -0.9125 0.1566
vn 0.1566 -0.9125 0.3780
vn -0.1566 -0.9125 0.3780
vn -0.3780 -0.9125 0.1566
vn -0.3780 -0.9125 -0.1566
vn -0.1566 -0.9125 -0.3780
vn 0.1566 -0.9125 -0.3780
vn 0.3780 -0.9125 -0.1566
vn 0.8629 -0.3574 0.3574
vn 0.8629 -0.3574 0.3574
vn 0.3574 -0.3574 0.8629
vn 0.3574 -0.3574 0.8629
vn -0.3574 -0.3574 0.8629
vn -0.3574 -0.3574 0.8629
vn -0.8629 -0.3574 0.3574
vn -0.8629 -0.3574 0.3574
vn -0.8629 -0.3574 -0.3574
vn -0.8629 -0.3574 -0.3574
vn -0.3574 -0.3574 -0.8629
vn -0.3574 -0.3574 -0.8629
vn 0.3574 -0.3574 -0.8629
vn 0.3574 -0.3574 -0.8629
vn 0.8629 -0.3574 -0.3574
vn 0.8629 -0.3574 -0.3574
vn 0.8629 0.3574 0.3574
vn 0.8629 0.3574 0.3574
vn 0.3574 0.3574 0.8629
vn 0.3574 0.3574 0.8629
vn -0.3574 0.3574 0.8629
vn -0.3574 0.3574 0.8629
vn -0.8629 0.3574 0.3574
vn -0.8629 0.3574 0.3574
vn -0.8629 0.3574 -0.3574
vn -0.8629 0.3574 -0.3574
vn -0.3574 0.3574 -0.8629
vn -0.3574 0.3574 -0.8629
vn 0.3574 0.3574 -0.8629
vn 0.3574 0.3574 -0.8629
vn 0.8629 0.3574 -0.3574
vn 0.8629 0.3574 -0.3574
vn 0.3780 0.9125 0.1566
vn 0.1566 0.9125 0.3780
vn -0.1566 0.9125 0.3780
vn -0.3780 0.9125 0.1566
vn -0.3780 0.9125 -0.1566
vn -0.1566 0.9125 -0.3780
vn 0.1566 0.9125 -0.3780
vn 0.3780 0.9125 -0.1566
vn 0.4804 -0.8321 0.2774
vn 0.0000 -0.8321 0.5547
vn -0.4804 -0.8321 0.2774
vn -0.4804 -0.8321 -0.2774
vn 0.0000 -0.8321 -0.5547
vn 0.4804 -0.8321 -0.2774
vn 0.8660 0.0000 0.5000
vn 0.8660 0.0000 0.5000
vn 0.0000 0.0000 1.0000
vn 0.0000 0.0000 1.0000
vn -0.8660 0.0000 0.5000
vn -0.8660 0.0000 0.5000
vn -0.8660 0.0000 -0.5000
vn -0.8660 -0.0000 -0.5000
vn 0.0000 0.0000 -1.0000
vn 0.0000 0.0000 -1.0000
vn 0.8660 0.0000 -0.5000
vn 0.8660 0.0000 -0.5000
vn 0.4804 0.8321 0.2774
vn 0.0000 0.8321 0.5547
vn -0.4804 0.8321 0.2774
vn -0.4804 0.8321 -0.2774
vn 0.0000 0.8321 -0.5547
vn 0.4804 0.8321 -0.2774
vn 0.0000 0.0000 1.0000
vn 0.0000 0.0000 1.0000
vn -0.9511 0.3090 0.0000
vn -0.9511 0.3090 0.0000
vn 0.0000 -0.0000 -1.0000
vn 0.0000 0.0000 -1.0000
vn 0.9511 -0.3090 0.0000
vn 0.9511 -0.3090 0.0000
vn 0.0000 0.0000 1.0000
vn 0.0000 0.0000 1.0000
vn -0.5878 0.8090 0.0000
vn -0.5878 0.8090 0.0000
vn 0.0000 -0.0000 -1.0000
vn 0.0000 0.0000 -1.0000
vn 0.5878 -0.8090 0.0000
vn 0.5878 -0.8090 0.0000
vn 0.0000 0.0000 1.0000
vn 0.0000 0.0000 1.0000
vn 0.0000 1.0000 0.0000
vn 0.0000 1.0000 0.0000
vn 0.0000 -0.0000 -1.0000
vn -0.0000 0.0000 -1.0000
vn 0.0000 -1.0000 0.0000
vn 0.0000 -1.0000 0.0000
vn 0.0000 -0.0000 1.0000
vn 0.0000 0.0000 1.0000
vn 0.5878 0.8090 0.0000
vn 0.5878 0.8090 0.0000
vn -0.0000 0.0000 -1.0000
vn 0.0000 0.0000 -1.0000
vn -0.5878 -0.8090 0.0000
vn -0.5878 -0.8090 0.0000
vn 0.0000 -0.0000 1.0000
vn 0.0000 0.0000 1.0000
vn 0.9511 0.3090 0.0000
vn 0.9511 0.3090 0.0000
vn -0.0000 0.0000 -1.0000
vn 0.0000 0.0000 -1.0000
vn -0.9511 -0.3090 0.0000
vn -0.9511 -0.3090 0.0000
vn 0.0000 0.0000 1.0000
vn 0.0000 0.0000 1.0000
vn 0.9511 -0.3090 0.0000
vn 0.9511 -0.3090 0.0000
vn 0.0000 0.0000 -1.0000
vn 0.0000 0.0000 -1.0000
vn -0.9511 0.3090 0.0000
vn -0.9511 0.3090 0.0000
vn -0.0000 0.0000 1.0000
vn 0.0000 0.0000 1.0000
vn 0.5878 -0.8090 0.0000
vn 0.5878 -0.8090 0.0000
vn 0.0000 0.0000 -1.0000
vn 0.0000 0.0000 -1.0000
vn -0.5878 0.8090 0.0000
vn -0.5878 0.8090 0.0000
vn 0.0000 0.0000 1.0000
vn -0.0000 0.0000 1.0000
vn 0.0000 -1.0000 0.0000
vn 0.0000 -1.0000 0.0000
vn 0.0000 0.0000 -1.0000
vn 0.0000 0.0000 -1.0000
vn 0.0000 1.0000 0.0000
vn 0.0000 1.0000 0.0000
vn 0.0000 0.0000 1.0000
vn 0.0000 0.0000 1.0000
vn -0.5878 -0.8090 -0.0000
vn -0.5878 -0.8090 0.0000
vn 0.0000 0.0000 -1.0000
vn 0.0000 0.0000 -1.0000
vn 0.5878 0.8090 -0.0000
vn 0.5878 0.8090 0.0000
vn 0.0000 0.0000 1.0000
vn 0.0000 0.0000 1.0000
vn -0.9511 -0.3090 -0.0000
vn -0.9511 -0.3090 0.0000
vn 0.0000 0.0000 -1.0000
vn 0.0000 0.0000 -1.0000
vn 0.9511 0.3090 -0.0000
vn 0.9511 0.3090 0.0000
vn 0.3780 -0.9125 0.1566
vn 0.1566 -0.9125 0.3780
vn -0.1566 -0.9125 0.3780
vn -0.3780 -0.9125 0.1566
vn -0.3780 -0.9125 -0.1566
vn -0.1566 -0.9125 -0.3780
vn 0.1566 -0.9125 -0.3780
vn 0.3780 -0.9125 -0.1566
vn 0.8629 -0.3574 0.3574
vn 0.8629 -0.3574 0.3574
vn 0.3574 -0.3574 0.8629
vn 0.3574 -0.3574 0.8629
vn -0.3574 -0.3574 0.8629
vn -0.3574 -0.3574 0.8629
vn -0.8629 -0.3574 0.3574
vn -0.8629 -0.3574 0.3574
vn -0.8629 -0.3574 -0.3574
vn -0.8629 -0.3574 -0.3574
vn -0.3574 -0.3574 -0.8629
vn -0.3574 -0.3574 -0.8629
vn 0.3574 -0.3574 -0.8629
vn 0.3574 -0.3574 -0.8629
vn 0.8629 -0.3574 -0.3574
vn 0.8629 -0.3574 -0.3574
vn 0.8629 0.3574 0.3574
vn 0.8629 0.3574 0.3574
vn 0.3574 0.3574 0.8629
vn 0.3574 0.3574 0.8629
vn -0.3574 0.3574 0.8629
vn -0.3574 0.3574 0.8629
vn -0.8629 0.3574 0.3574
vn -0.8629 0.3574 0.3574
vn -0.8629 0.3574 -0.3574
vn -0.8629 0.3574 -0.3574
vn -0.3574 0.3574 -0.8629
vn -0.3574 0.3574 -0.8629
vn 0.3574 0.3574 -0.8629
vn 0.3574 0.3574 -0.8629
vn 0.8629 0.3574 -0.3574
vn 0.8629 0.3574 -0.3574
vn 0.3780 0.9125 0.1566
vn 0.1566 0.9125 0.3780
vn -0.1566 0.9125 0.3780
vn -0.3780 0.9125 0.1566
vn -0.3780 0.9125 -0.1566
vn -0.1566 0.9125 -0.3780
vn 0.1566 0.9125 -0.3780
vn 0.3780 0.9125 -0.1566
vn 0.4804 -0.8321 0.2774
vn 0.0000 -0.8321 0.5547
vn -0.4804 -0.8321 0.2774
vn -0.4804 -0.8321 -0.2774
vn 0.0000 -0.8321 -0.5547
vn 0.4804 -0.8321 -0.2774
vn 0.8660 0.0000 0.5000
vn 0.8660 0.0000 0.5000
vn 0.0000 0.0000 1.0000
vn 0.0000 0.0000 1.0000
vn -0.8660 0.0000 0.5000
vn -0.8660 0.0000 0.5000
vn -0.8660 0.0000 -0.5000
vn -0.8660 -0.0000 -0.5000
vn 0.0000 0.0000 -1.0000
vn 0.0000 0.0000 -1.0000
vn 0.8660 0.0000 -0.5000
vn 0.8660 0.0000 -0.5000
vn 0.4804 0.8321 0.2774
vn 0.0000 0.8321 0.5547
vn -0.4804 0.8321 0.2774
vn -0.4804 0.8321 -0.2774
vn 0.0000 0.8321 -0.5547
vn 0.4804 0.8321 -0.2774
vn 0.0000 0.0000 1.0000
vn 0.0000 0.0000 1.0000
vn -0.9511 0.3090 0.0000
vn -0.9511 0.3090 0.0000
vn 0.0000 -0.0000 -1.0000
vn 0.0000 0.0000 -1.0000
vn 0.9511 -0.3090 0.0000
vn 0.9511 -0.3090 0.0000
vn 0.0000 0.0000 1.0000
vn 0.0000 0.0000 1.0000
vn -0.5878 0.8090 0.0000
vn -0.5878 0.8090 0.0000
vn 0.0000 -0.0000 -1.0000
vn 0.0000 0.0000 -1.0000
vn 0.5878 -0.8090 0.0000
vn 0.5878 -0.8090 0.0000
vn 0.0000 0.0000 1.0000
vn 0.0000 0.0000 1.0000
vn 0.0000 1.0000 0.0000
vn 0.0000 1.0000 0.0000
vn 0.0000 -0.0000 -1.0000
vn -0.0000 0.0000 -1.0000
vn 0.0000 -1.0000 0.0000
vn 0.0000 -1.0000 0.0000
vn 0.0000 -0.0000 1.0000
vn 0.0000 0.0000 1.0000
vn 0.5878 0.8090 0.0000
vn 0.5878 0.8090 0.0000
vn -0.0000 0.0000 -1.0000
vn 0.0000 0.0000 -1.0000
vn -0.5878 -0.8090 0.0000
vn -0.5878 -0.8090 0.0000
vn 0.0000 -0.0000 1.0000
vn 0.0000 0.0000 1.0000
vn 0.9511 0.3090 0.0000
vn 0.9511 0.3090 0.0000
vn -0.0000 0.0000 -1.0000
vn 0.0000 0.0000 -1.0000
vn -0.9511 -0.3090 0.0000
vn -0.9511 -0.3090 0.0000
vn 0.0000 0.0000 1.0000
vn 0.0000 0.0000 1.0000
vn 0.9511 -0.3090 0.0000
vn 0.9511 -0.3090 0.0000
vn 0.0000 0.0000 -1.0000
vn 0.0000 0.0000 -1.0000
vn -0.9511 0.3090 0.0000
vn -0.9511 0.3090 0.0000
vn -0.0000 0.0000 1.0000
vn 0.0000 0.0000 1.0000
vn 0.5878 -0.8090 0.0000
vn 0.5878 -0.8090 0.0000
vn 0.0000 0.0000 -1.0000
vn 0.0000 0.0000 -1.0000
vn -0.5878 0.8090 0.0000
vn -0.5878 0.8090 0.0000
vn 0.0000 0.0000 1.0000
vn -0.0000 0.0000 1.0000
vn 0.0000 -1.0000 0.0000
vn 0.0000 -1.0000 0.0000
vn 0.0000 0.0000 -1.0000
vn 0.0000 0.0000 -1.0000
vn 0.0000 1.0000 0.0000
vn 0.0000 1.0000 0.0000
vn 0.0000 0.0000 1.0000
vn 0.0000 0.0000 1.0000
vn -0.5878 -0.8090 -0.0000
vn -0.5878 -0.8090 0.0000
vn 0.0000 0.0000 -1.0000
vn 0.0000 0.0000 -1.0000
vn 0.5878 0.8090 -0.0000
vn 0.5878 0.8090 0.0000
vn 0.0000 0.0000 1.0000
vn 0.0000 0.0000 1.0000
vn -0.9511 -0.3090 -0.0000
vn -0.9511 -0.3090 0.0000
vn 0.0000 0.0000 -1.0000
vn 0.0000 0.0000 -1.0000
vn 0.9511 0.3090 -0.0000
vn 0.9511 0.3090 0.0000
vn 0.0000 0.7071 -0.7071
vn 0.0000 0.7071 -0.7071
vn 0.0000 -0.7071 -0.7071
vn -0.0000 -0.7071 -0.7071
vn 0.0000 -0.7071 0.7071
vn 0.0000 -0.7071 0.7071
vn 0.0000 0.7071 0.7071
vn 0.0000 0.7071 0.7071
vn 1.0000 0.0000 0.0000
vn 1.0000 0.0000 0.0000
vn -1.0000 -0.0000 0.0000
vn -1.0000 0.0000 0.0000
vn -0.6855 0.7050 0.1819
vn -0.6855 0.7050 0.1819
vn -0.7053 -0.7050 0.0743
vn -0.7053 -0.7050 0.0743
vn 0.6855 -0.7050 -0.1819
vn 0.6855 -0.7050 -0.1819
vn 0.7053 0.7050 -0.0743
vn 0.7053 0.7050 -0.0743
vn -0.1806 0.0774 -0.9805
vn -0.1806 0.0774 -0.9805
vn 0.1806 -0.0774 0.9805
vn 0.1806 -0.0774 0.9805
vn -0.7053 0.7050 -0.0743
vn -0.7053 0.7050 -0.0743
vn -0.6855 -0.7050 -0.1819
vn -0.6855 -0.7050 -0.1819
vn 0.7053 -0.7050 0.0743
vn 0.7053 -0.7050 0.0743
vn 0.6855 0.7050 0.1819
vn 0.6855 0.7050 0.1819
vn 0.1806 0.0774 -0.9805
vn 0.1806 0.0774 -0.9805
vn -0.1806 -0.0774 0.9805
vn -0.1806 -0.0774 0.9805
vn 0.3317 0.9397 0.0829
vn 0.3317 0.9397 0.0829
vn -0.2425 0.0000 0.9701
vn -0.2425 0.0000 0.9701
vn -0.3317 -0.9397 -0.0829
vn -0.3317 -0.9397 -0.0829
vn 0.2425 -0.0000 -0.9701
vn 0.2425 0.0000 -0.9701
vn -0.3317 0.9397 0.0829
vn -0.3317 0.9397 0.0829
vn 0.2425 0.0000 0.9701
vn 0.2425 0.0000 0.9701
vn 0.3317 -0.9397 -0.0829
vn 0.3317 -0.9397 -0.0829
vn -0.2425 0.0000 -0.9701
vn -0.2425 -0.0000 -0.9701
vn -0.9117 0.3419 -0.2279
vn -0.9117 0.3419 -0.2279
vn 0.9117 0.3419 -0.2279
vn 0.9117 0.3419 -0.2279
vn 0.4666 -0.8790 -0.0977
vn 0.3977 -0.9175 0.0000
vn 0.0099 -1.0000 0.0000
vn -0.0687 -0.9928 -0.0977
vn -0.0687 -0.9928 0.0977
vn 0.0099 -1.0000 0.0000
vn 0.3977 -0.9175 0.0000
vn 0.4666 -0.8790 0.0977
vn 0.8925 -0.3710 0.2563
vn 0.9003 -0.3295 0.2846
vn 0.4862 -0.4984 0.7178
vn 0.4706 -0.4509 0.7584
vn -0.2532 -0.6066 0.7537
vn -0.2333 -0.6534 0.7202
vn -0.6903 -0.6690 0.2756
vn -0.6604 -0.7028 0.2645
vn -0.6644 -0.7020 -0.2563
vn -0.6884 -0.6672 -0.2846
vn -0.2415 -0.6531 -0.7178
vn -0.2465 -0.6033 -0.7584
vn 0.4780 -0.4512 -0.7537
vn 0.4789 -0.5020 -0.7202
vn 0.9027 -0.3304 -0.2756
vn 0.8892 -0.3734 -0.2645
vn -0.4840 0.8688 0.1046
vn -0.4113 0.9115 0.0000
vn 0.0050 1.0000 -0.0000
vn 0.0887 0.9906 0.1046
vn 0.0887 0.9906 -0.1046
vn 0.0050 1.0000 0.0000
vn -0.4113 0.9115 0.0000
vn -0.4840 0.8688 -0.1046
vn 0.2079 -0.9781 -0.0000
vn 0.2079 -0.9781 0.0000
vn 0.2079 -0.9781 0.0000
vn 0.2079 -0.9781 0.0000
vn 0.2079 -0.9781 -0.0000
vn 0.2079 -0.9781 0.0000
vn 0.2079 -0.9781 0.0000
vn 0.2079 -0.9781 0.0000
vn 0.8956 0.0888 0.4359
vn 0.8956 0.0888 0.4359
vn 0.3420 -0.0180 0.9395
vn 0.3420 -0.0180 0.9395
vn -0.3051 -0.1556 0.9395
vn -0.3051 -0.1556 0.9395
vn -0.8543 -0.2832 0.4359
vn -0.8543 -0.2832 0.4359
vn -0.8543 -0.2832 -0.4359
vn -0.8543 -0.2832 -0.4359
vn -0.3051 -0.1556 -0.9395
vn -0.3051 -0.1556 -0.9395
vn 0.3420 -0.0180 -0.9395
vn 0.3420 -0.0180 -0.9395
vn 0.8956 0.0888 -0.4359
vn 0.8956 0.0888 -0.4359
vn 0.7737 0.4770 0.4171
vn 0.7737 0.4770 0.4171
vn 0.2551 0.3356 0.9068
vn 0.2551 0.3356 0.9068
vn -0.3695 0.2029 0.9068
vn -0.3695 0.2029 0.9068
vn -0.9008 0.1210 0.4171
vn -0.9008 0.1210 0.4171
vn -0.9008 0.1210 -0.4171
vn -0.9008 0.1210 -0.4171
vn -0.3695 0.2029 -0.9068
vn -0.3695 0.2029 -0.9068
vn 0.2551 0.3356 -0.9068
vn 0.2551 0.3356 -0.9068
vn 0.7737 0.4770 -0.4171
vn 0.7737 0.4770 -0.4171
vn -0.5007 0.8521 -0.1523
vn -0.5007 0.8521 -0.1523
vn -0.3167 0.8767 -0.3621
vn -0.3167 0.8767 -0.3621
vn -0.0673 0.9297 -0.3621
vn -0.0673 0.9297 -0.3621
vn 0.1108 0.9821 -0.1523
vn 0.1108 0.9821 -0.1523
vn 0.1108 0.9821 0.1523
vn 0.1108 0.9821 0.1523
vn -0.0673 0.9297 0.3621
vn -0.0673 0.9297 0.3621
vn -0.3167 0.8767 0.3621
vn -0.3167 0.8767 0.3621
vn -0.5007 0.8521 0.1523
vn -0.5007 0.8521 0.1523
vn -0.2079 0.9781 -0.0000
vn -0.2079 0.9781 0.0000
vn -0.2079 0.9781 0.0000
vn -0.2079 0.9781 0.0000
vn -0.2079 0.9781 -0.0000
vn -0.2079 0.9781 0.0000
vn -0.2079 0.9781 0.0000
vn -0.2079 0.9781 0.0000
vn 0.8986 0.0608 0.4345
vn 0.8986 0.0608 0.4345
vn 0.3464 -0.0427 0.9371
vn 0.3464 -0.0427 0.9371
vn -0.2991 -0.1799 0.9371
vn -0.2991 -0.1799 0.9371
vn -0.8457 -0.3100 0.4345
vn -0.8457 -0.3100 0.4345
vn -0.8457 -0.3100 -0.4345
vn -0.8457 -0.3100 -0.4345
vn -0.2991 -0.1799 -0.9371
vn -0.2991 -0.1799 -0.9371
vn 0.3464 -0.0427 -0.9371
vn 0.3464 -0.0427 -0.9371
vn 0.8986 0.0608 -0.4345
vn 0.8986 0.0608 -0.4345
vn 0.0000 0.9397 -0.3420
vn 0.0000 0.9397 -0.3420
vn 0.0000 -0.3420 -0.9397
vn 0.0000 -0.3420 -0.9397
vn 1.0000 0.0000 0.0000
vn 1.0000 0.0000 -0.0000
vn 0.0000 0.3420 0.9397
vn 0.0000 0.3420 0.9397
vn -1.0000 0.0000 0.0000
vn -1.0000 -0.0000 0.0000
vn 0.0000 -0.9397 0.3420
vn 0.0000 -0.9397 0.3420
usemtl Mat_Cactus
f 5651//8341 5652//8341 5660//8341
f 5651//8342 5660//8342 5659//8342
f 5652//8343 5653//8343 5661//8343
f 5652//8344 5661//8344 5660//8344
f 5653//8345 5654//8345 5662//8345
f 5653//8346 5662//8346 5661//8346
f 5654//8347 5655//8347 5663//8347
f 5654//8348 5663//8348 5662//8348
f 5655//8349 5656//8349 5664//8349
f 5655//8350 5664//8350 5663//8350
f 5656//8351 5657//8351 5665//8351
f 5656//8352 5665//8352 5664//8352
f 5657//8353 5658//8353 5666//8353
f 5657//8354 5666//8354 5665//8354
f 5658//8355 5651//8355 5659//8355
f 5658//8356 5659//8356 5666//8356
f 5659//8357 5660//8357 5668//8357
f 5659//8358 5668//8358 5667//8358
f 5660//8359 5661//8359 5669//8359
f 5660//8360 5669//8360 5668//8360
f 5661//8361 5662//8361 5670//8361
f 5661//8362 5670//8362 5669//8362
f 5662//8363 5663//8363 5671//8363
f 5662//8364 5671//8364 5670//8364
f 5663//8365 5664//8365 5672//8365
f 5663//8366 5672//8366 5671//8366
f 5664//8367 5665//8367 5673//8367
f 5664//8368 5673//8368 5672//8368
f 5665//8369 5666//8369 5674//8369
f 5665//8370 5674//8370 5673//8370
f 5666//8371 5659//8371 5667//8371
f 5666//8372 5667//8372 5674//8372
f 5667//8373 5668//8373 5676//8373
f 5667//8374 5676//8374 5675//8374
f 5668//8375 5669//8375 5677//8375
f 5668//8376 5677//8376 5676//8376
f 5669//8377 5670//8377 5678//8377
f 5669//8378 5678//8378 5677//8378
f 5670//8379 5671//8379 5679//8379
f 5670//8380 5679//8380 5678//8380
f 5671//8381 5672//8381 5680//8381
f 5671//8382 5680//8382 5679//8382
f 5672//8383 5673//8383 5681//8383
f 5672//8384 5681//8384 5680//8384
f 5673//8385 5674//8385 5682//8385
f 5673//8386 5682//8386 5681//8386
f 5674//8387 5667//8387 5675//8387
f 5674//8388 5675//8388 5682//8388
f 5658//8389 5657//8389 5656//8389
f 5658//8390 5656//8390 5655//8390
f 5658//8391 5655//8391 5654//8391
f 5658//8392 5654//8392 5653//8392
f 5658//8393 5653//8393 5652//8393
f 5658//8394 5652//8394 5651//8394
f 5675//8395 5676//8395 5677//8395
f 5675//8396 5677//8396 5678//8396
f 5675//8397 5678//8397 5679//8397
f 5675//8398 5679//8398 5680//8398
f 5675//8399 5680//8399 5681//8399
f 5675//8400 5681//8400 5682//8400
usemtl Mat_Foliage
f 5683//8401 5684//8401 5688//8401
f 5683//8402 5688//8402 5687//8402
f 5684//8403 5685//8403 5689//8403
f 5684//8404 5689//8404 5688//8404
f 5685//8405 5686//8405 5690//8405
f 5685//8406 5690//8406 5689//8406
f 5686//8407 5683//8407 5687//8407
f 5686//8408 5687//8408 5690//8408
f 5687//8409 5688//8409 5692//8409
f 5687//8410 5692//8410 5691//8410
f 5688//8411 5689//8411 5693//8411
f 5688//8412 5693//8412 5692//8412
f 5689//8413 5690//8413 5694//8413
f 5689//8414 5694//8414 5693//8414
f 5690//8415 5687//8415 5691//8415
f 5690//8416 5691//8416 5694//8416
f 5691//8417 5692//8417 5696//8417
f 5691//8418 5696//8418 5695//8418
f 5692//8419 5693//8419 5697//8419
f 5692//8420 5697//8420 5696//8420
f 5693//8421 5694//8421 5698//8421
f 5693//8422 5698//8422 5697//8422
f 5694//8423 5691//8423 5695//8423
f 5694//8424 5695//8424 5698//8424
f 5695//8425 5696//8425 5700//8425
f 5695//8426 5700//8426 5699//8426
f 5696//8427 5697//8427 5701//8427
f 5696//8428 5701//8428 5700//8428
f 5697//8429 5698//8429 5702//8429
f 5697//8430 5702//8430 5701//8430
f 5698//8431 5695//8431 5699//8431
f 5698//8432 5699//8432 5702//8432
f 5699//8433 5700//8433 5704//8433
f 5699//8434 5704//8434 5703//8434
f 5700//8435 5701//8435 5705//8435
f 5700//8436 5705//8436 5704//8436
f 5701//8437 5702//8437 5706//8437
f 5701//8438 5706//8438 5705//8438
f 5702//8439 5699//8439 5703//8439
f 5702//8440 5703//8440 5706//8440
f 5703//8441 5704//8441 5708//8441
f 5703//8442 5708//8442 5707//8442
f 5704//8443 5705//8443 5709//8443
f 5704//8444 5709//8444 5708//8444
f 5705//8445 5706//8445 5710//8445
f 5705//8446 5710//8446 5709//8446
f 5706//8447 5703//8447 5707//8447
f 5706//8448 5707//8448 5710//8448
f 5707//8449 5708//8449 5712//8449
f 5707//8450 5712//8450 5711//8450
f 5708//8451 5709//8451 5713//8451
f 5708//8452 5713//8452 5712//8452
f 5709//8453 5710//8453 5714//8453
f 5709//8454 5714//8454 5713//8454
f 5710//8455 5707//8455 5711//8455
f 5710//8456 5711//8456 5714//8456
f 5711//8457 5712//8457 5716//8457
f 5711//8458 5716//8458 5715//8458
f 5712//8459 5713//8459 5717//8459
f 5712//8460 5717//8460 5716//8460
f 5713//8461 5714//8461 5718//8461
f 5713//8462 5718//8462 5717//8462
f 5714//8463 5711//8463 5715//8463
f 5714//8464 5715//8464 5718//8464
f 5715//8465 5716//8465 5720//8465
f 5715//8466 5720//8466 5719//8466
f 5716//8467 5717//8467 5721//8467
f 5716//8468 5721//8468 5720//8468
f 5717//8469 5718//8469 5722//8469
f 5717//8470 5722//8470 5721//8470
f 5718//8471 5715//8471 5719//8471
f 5718//8472 5719//8472 5722//8472
f 5719//8473 5720//8473 5684//8473
f 5719//8474 5684//8474 5683//8474
f 5720//8475 5721//8475 5685//8475
f 5720//8476 5685//8476 5684//8476
f 5721//8477 5722//8477 5686//8477
f 5721//8478 5686//8478 5685//8478
f 5722//8479 5719//8479 5683//8479
f 5722//8480 5683//8480 5686//8480
f 5723//8481 5724//8481 5728//8481
f 5723//8482 5728//8482 5727//8482
f 5724//8483 5725//8483 5729//8483
f 5724//8484 5729//8484 5728//8484
f 5725//8485 5726//8485 5730//8485
f 5725//8486 5730//8486 5729//8486
f 5726//8487 5723//8487 5727//8487
f 5726//8488 5727//8488 5730//8488
f 5727//8489 5728//8489 5732//8489
f 5727//8490 5732//8490 5731//8490
f 5728//8491 5729//8491 5733//8491
f 5728//8492 5733//8492 5732//8492
f 5729//8493 5730//8493 5734//8493
f 5729//8494 5734//8494 5733//8494
f 5730//8495 5727//8495 5731//8495
f 5730//8496 5731//8496 5734//8496
f 5731//8497 5732//8497 5736//8497
f 5731//8498 5736//8498 5735//8498
f 5732//8499 5733//8499 5737//8499
f 5732//8500 5737//8500 5736//8500
f 5733//8501 5734//8501 5738//8501
f 5733//8502 5738//8502 5737//8502
f 5734//8503 5731//8503 5735//8503
f 5734//8504 5735//8504 5738//8504
f 5735//8505 5736//8505 5740//8505
f 5735//8506 5740//8506 5739//8506
f 5736//8507 5737//8507 5741//8507
f 5736//8508 5741//8508 5740//8508
f 5737//8509 5738//8509 5742//8509
f 5737//8510 5742//8510 5741//8510
f 5738//8511 5735//8511 5739//8511
f 5738//8512 5739//8512 5742//8512
f 5739//8513 5740//8513 5744//8513
f 5739//8514 5744//8514 5743//8514
f 5740//8515 5741//8515 5745//8515
f 5740//8516 5745//8516 5744//8516
f 5741//8517 5742//8517 5746//8517
f 5741//8518 5746//8518 5745//8518
f 5742//8519 5739//8519 5743//8519
f 5742//8520 5743//8520 5746//8520
f 5743//8521 5744//8521 5748//8521
f 5743//8522 5748//8522 5747//8522
f 5744//8523 5745//8523 5749//8523
f 5744//8524 5749//8524 5748//8524
f 5745//8525 5746//8525 5750//8525
f 5745//8526 5750//8526 5749//8526
f 5746//8527 5743//8527 5747//8527
f 5746//8528 5747//8528 5750//8528
f 5747//8529 5748//8529 5752//8529
f 5747//8530 5752//8530 5751//8530
f 5748//8531 5749//8531 5753//8531
f 5748//8532 5753//8532 5752//8532
f 5749//8533 5750//8533 5754//8533
f 5749//8534 5754//8534 5753//8534
f 5750//8535 5747//8535 5751//8535
f 5750//8536 5751//8536 5754//8536
f 5751//8537 5752//8537 5756//8537
f 5751//8538 5756//8538 5755//8538
f 5752//8539 5753//8539 5757//8539
f 5752//8540 5757//8540 5756//8540
f 5753//8541 5754//8541 5758//8541
f 5753//8542 5758//8542 5757//8542
f 5754//8543 5751//8543 5755//8543
f 5754//8544 5755//8544 5758//8544
f 5755//8545 5756//8545 5760//8545
f 5755//8546 5760//8546 5759//8546
f 5756//8547 5757//8547 5761//8547
f 5756//8548 5761//8548 5760//8548
f 5757//8549 5758//8549 5762//8549
f 5757//8550 5762//8550 5761//8550
f 5758//8551 5755//8551 5759//8551
f 5758//8552 5759//8552 5762//8552
f 5759//8553 5760//8553 5724//8553
f 5759//8554 5724//8554 5723//8554
f 5760//8555 5761//8555 5725//8555
f 5760//8556 5725//8556 5724//8556
f 5761//8557 5762//8557 5726//8557
f 5761//8558 5726//8558 5725//8558
f 5762//8559 5759//8559 5723//8559
f 5762//8560 5723//8560 5726//8560
f 5763//8561 5764//8561 5768//8561
f 5763//8562 5768//8562 5767//8562
f 5764//8563 5765//8563 5769//8563
f 5764//8564 5769//8564 5768//8564
f 5765//8565 5766//8565 5770//8565
f 5765//8566 5770//8566 5769//8566
f 5766//8567 5763//8567 5767//8567
f 5766//8568 5767//8568 5770//8568
f 5767//8569 5768//8569 5772//8569
f 5767//8570 5772//8570 5771//8570
f 5768//8571 5769//8571 5773//8571
f 5768//8572 5773//8572 5772//8572
f 5769//8573 5770//8573 5774//8573
f 5769//8574 5774//8574 5773//8574
f 5770//8575 5767//8575 5771//8575
f 5770//8576 5771//8576 5774//8576
f 5771//8577 5772//8577 5776//8577
f 5771//8578 5776//8578 5775//8578
f 5772//8579 5773//8579 5777//8579
f 5772//8580 5777//8580 5776//8580
f 5773//8581 5774//8581 5778//8581
f 5773//8582 5778//8582 5777//8582
f 5774//8583 5771//8583 5775//8583
f 5774//8584 5775//8584 5778//8584
f 5775//8585 5776//8585 5780//8585
f 5775//8586 5780//8586 5779//8586
f 5776//8587 5777//8587 5781//8587
f 5776//8588 5781//8588 5780//8588
f 5777//8589 5778//8589 5782//8589
f 5777//8590 5782//8590 5781//8590
f 5778//8591 5775//8591 5779//8591
f 5778//8592 5779//8592 5782//8592
f 5779//8593 5780//8593 5784//8593
f 5779//8594 5784//8594 5783//8594
f 5780//8595 5781//8595 5785//8595
f 5780//8596 5785//8596 5784//8596
f 5781//8597 5782//8597 5786//8597
f 5781//8598 5786//8598 5785//8598
f 5782//8599 5779//8599 5783//8599
f 5782//8600 5783//8600 5786//8600
f 5783//8601 5784//8601 5788//8601
f 5783//8602 5788//8602 5787//8602
f 5784//8603 5785//8603 5789//8603
f 5784//8604 5789//8604 5788//8604
f 5785//8605 5786//8605 5790//8605
f 5785//8606 5790//8606 5789//8606
f 5786//8607 5783//8607 5787//8607
f 5786//8608 5787//8608 5790//8608
f 5787//8609 5788//8609 5792//8609
f 5787//8610 5792//8610 5791//8610
f 5788//8611 5789//8611 5793//8611
f 5788//8612 5793//8612 5792//8612
f 5789//8613 5790//8613 5794//8613
f 5789//8614 5794//8614 5793//8614
f 5790//8615 5787//8615 5791//8615
f 5790//8616 5791//8616 5794//8616
f 5791//8617 5792//8617 5796//8617
f 5791//8618 5796//8618 5795//8618
f 5792//8619 5793//8619 5797//8619
f 5792//8620 5797//8620 5796//8620
f 5793//8621 5794//8621 5798//8621
f 5793//8622 5798//8622 5797//8622
f 5794//8623 5791//8623 5795//8623
f 5794//8624 5795//8624 5798//8624
f 5795//8625 5796//8625 5800//8625
f 5795//8626 5800//8626 5799//8626
f 5796//8627 5797//8627 5801//8627
f 5796//8628 5801//8628 5800//8628
f 5797//8629 5798//8629 5802//8629
f 5797//8630 5802//8630 5801//8630
f 5798//8631 5795//8631 5799//8631
f 5798//8632 5799//8632 5802//8632
f 5799//8633 5800//8633 5764//8633
f 5799//8634 5764//8634 5763//8634
f 5800//8635 5801//8635 5765//8635
f 5800//8636 5765//8636 5764//8636
f 5801//8637 5802//8637 5766//8637
f 5801//8638 5766//8638 5765//8638
f 5802//8639 5799//8639 5763//8639
f 5802//8640 5763//8640 5766//8640
usemtl Mat_Cactus
f 5804//8641 5805//8641 5803//8641
f 5805//8642 5806//8642 5803//8642
f 5806//8643 5807//8643 5803//8643
f 5807//8644 5808//8644 5803//8644
f 5808//8645 5809//8645 5803//8645
f 5809//8646 5810//8646 5803//8646
f 5810//8647 5811//8647 5803//8647
f 5811//8648 5812//8648 5803//8648
f 5812//8649 5813//8649 5803//8649
f 5813//8650 5804//8650 5803//8650
f 5814//8651 5815//8651 5805//8651
f 5814//8652 5805//8652 5804//8652
f 5815//8653 5816//8653 5806//8653
f 5815//8654 5806//8654 5805//8654
f 5816//8655 5817//8655 5807//8655
f 5816//8656 5807//8656 5806//8656
f 5817//8657 5818//8657 5808//8657
f 5817//8658 5808//8658 5807//8658
f 5818//8659 5819//8659 5809//8659
f 5818//8660 5809//8660 5808//8660
f 5819//8661 5820//8661 5810//8661
f 5819//8662 5810//8662 5809//8662
f 5820//8663 5821//8663 5811//8663
f 5820//8664 5811//8664 5810//8664
f 5821//8665 5822//8665 5812//8665
f 5821//8666 5812//8666 5811//8666
f 5822//8667 5823//8667 5813//8667
f 5822//8668 5813//8668 5812//8668
f 5823//8669 5814//8669 5804//8669
f 5823//8670 5804//8670 5813//8670
f 5824//8671 5825//8671 5815//8671
f 5824//8672 5815//8672 5814//8672
f 5825//8673 5826//8673 5816//8673
f 5825//8674 5816//8674 5815//8674
f 5826//8675 5827//8675 5817//8675
f 5826//8676 5817//8676 5816//8676
f 5827//8677 5828//8677 5818//8677
f 5827//8678 5818//8678 5817//8678
f 5828//8679 5829//8679 5819//8679
f 5828//8680 5819//8680 5818//8680
f 5829//8681 5830//8681 5820//8681
f 5829//8682 5820//8682 5819//8682
f 5830//8683 5831//8683 5821//8683
f 5830//8684 5821//8684 5820//8684
f 5831//8685 5832//8685 5822//8685
f 5831//8686 5822//8686 5821//8686
f 5832//8687 5833//8687 5823//8687
f 5832//8688 5823//8688 5822//8688
f 5833//8689 5824//8689 5814//8689
f 5833//8690 5814//8690 5823//8690
f 5834//8691 5835//8691 5825//8691
f 5834//8692 5825//8692 5824//8692
f 5835//8693 5836//8693 5826//8693
f 5835//8694 5826//8694 5825//8694
f 5836//8695 5837//8695 5827//8695
f 5836//8696 5827//8696 5826//8696
f 5837//8697 5838//8697 5828//8697
f 5837//8698 5828//8698 5827//8698
f 5838//8699 5839//8699 5829//8699
f 5838//8700 5829//8700 5828//8700
f 5839//8701 5840//8701 5830//8701
f 5839//8702 5830//8702 5829//8702
f 5840//8703 5841//8703 5831//8703
f 5840//8704 5831//8704 5830//8704
f 5841//8705 5842//8705 5832//8705
f 5841//8706 5832//8706 5831//8706
f 5842//8707 5843//8707 5833//8707
f 5842//8708 5833//8708 5832//8708
f 5843//8709 5834//8709 5824//8709
f 5843//8710 5824//8710 5833//8710
f 5844//8711 5845//8711 5835//8711
f 5844//8712 5835//8712 5834//8712
f 5845//8713 5846//8713 5836//8713
f 5845//8714 5836//8714 5835//8714
f 5846//8715 5847//8715 5837//8715
f 5846//8716 5837//8716 5836//8716
f 5847//8717 5848//8717 5838//8717
f 5847//8718 5838//8718 5837//8718
f 5848//8719 5849//8719 5839//8719
f 5848//8720 5839//8720 5838//8720
f 5849//8721 5850//8721 5840//8721
f 5849//8722 5840//8722 5839//8722
f 5850//8723 5851//8723 5841//8723
f 5850//8724 5841//8724 5840//8724
f 5851//8725 5852//8725 5842//8725
f 5851//8726 5842//8726 5841//8726
f 5852//8727 5853//8727 5843//8727
f 5852//8728 5843//8728 5842//8728
f 5853//8729 5844//8729 5834//8729
f 5853//8730 5834//8730 5843//8730
f 5854//8731 5845//8731 5844//8731
f 5854//8732 5846//8732 5845//8732
f 5854//8733 5847//8733 5846//8733
f 5854//8734 5848//8734 5847//8734
f 5854//8735 5849//8735 5848//8735
f 5854//8736 5850//8736 5849//8736
f 5854//8737 5851//8737 5850//8737
f 5854//8738 5852//8738 5851//8738
f 5854//8739 5853//8739 5852//8739
f 5854//8740 5844//8740 5853//8740
usemtl Mat_Bone
f 5856//8741 5857//8741 5855//8741
f 5857//8742 5858//8742 5855//8742
f 5858//8743 5859//8743 5855//8743
f 5859//8744 5860//8744 5855//8744
f 5860//8745 5861//8745 5855//8745
f 5861//8746 5862//8746 5855//8746
f 5862//8747 5863//8747 5855//8747
f 5863//8748 5856//8748 5855//8748
f 5864//8749 5865//8749 5857//8749
f 5864//8750 5857//8750 5856//8750
f 5865//8751 5866//8751 5858//8751
f 5865//8752 5858//8752 5857//8752
f 5866//8753 5867//8753 5859//8753
f 5866//8754 5859//8754 5858//8754
f 5867//8755 5868//8755 5860//8755
f 5867//8756 5860//8756 5859//8756
f 5868//8757 5869//8757 5861//8757
f 5868//8758 5861//8758 5860//8758
f 5869//8759 5870//8759 5862//8759
f 5869//8760 5862//8760 5861//8760
f 5870//8761 5871//8761 5863//8761
f 5870//8762 5863//8762 5862//8762
f 5871//8763 5864//8763 5856//8763
f 5871//8764 5856//8764 5863//8764
f 5872//8765 5873//8765 5865//8765
f 5872//8766 5865//8766 5864//8766
f 5873//8767 5874//8767 5866//8767
f 5873//8768 5866//8768 5865//8768
f 5874//8769 5875//8769 5867//8769
f 5874//8770 5867//8770 5866//8770
f 5875//8771 5876//8771 5868//8771
f 5875//8772 5868//8772 5867//8772
f 5876//8773 5877//8773 5869//8773
f 5876//8774 5869//8774 5868//8774
f 5877//8775 5878//8775 5870//8775
f 5877//8776 5870//8776 5869//8776
f 5878//8777 5879//8777 5871//8777
f 5878//8778 5871//8778 5870//8778
f 5879//8779 5872//8779 5864//8779
f 5879//8780 5864//8780 5871//8780
f 5880//8781 5873//8781 5872//8781
f 5880//8782 5874//8782 5873//8782
f 5880//8783 5875//8783 5874//8783
f 5880//8784 5876//8784 5875//8784
f 5880//8785 5877//8785 5876//8785
f 5880//8786 5878//8786 5877//8786
f 5880//8787 5879//8787 5878//8787
f 5880//8788 5872//8788 5879//8788
usemtl Mat_Void
f 5882//8789 5883//8789 5881//8789
f 5883//8790 5884//8790 5881//8790
f 5884//8791 5885//8791 5881//8791
f 5885//8792 5886//8792 5881//8792
f 5886//8793 5887//8793 5881//8793
f 5887//8794 5882//8794 5881//8794
f 5888//8795 5889//8795 5883//8795
f 5888//8796 5883//8796 5882//8796
f 5889//8797 5890//8797 5884//8797
f 5889//8798 5884//8798 5883//8798
f 5890//8799 5891//8799 5885//8799
f 5890//8800 5885//8800 5884//8800
f 5891//8801 5892//8801 5886//8801
f 5891//8802 5886//8802 5885//8802
f 5892//8803 5893//8803 5887//8803
f 5892//8804 5887//8804 5886//8804
f 5893//8805 5888//8805 5882//8805
f 5893//8806 5882//8806 5887//8806
f 5894//8807 5889//8807 5888//8807
f 5894//8808 5890//8808 5889//8808
f 5894//8809 5891//8809 5890//8809
f 5894//8810 5892//8810 5891//8810
f 5894//8811 5893//8811 5892//8811
f 5894//8812 5888//8812 5893//8812
usemtl Mat_Chrome
f 5895//8813 5896//8813 5900//8813
f 5895//8814 5900//8814 5899//8814
f 5896//8815 5897//8815 5901//8815
f 5896//8816 5901//8816 5900//8816
f 5897//8817 5898//8817 5902//8817
f 5897//8818 5902//8818 5901//8818
f 5898//8819 5895//8819 5899//8819
f 5898//8820 5899//8820 5902//8820
f 5899//8821 5900//8821 5904//8821
f 5899//8822 5904//8822 5903//8822
f 5900//8823 5901//8823 5905//8823
f 5900//8824 5905//8824 5904//8824
f 5901//8825 5902//8825 5906//8825
f 5901//8826 5906//8826 5905//8826
f 5902//8827 5899//8827 5903//8827
f 5902//8828 5903//8828 5906//8828
f 5903//8829 5904//8829 5908//8829
f 5903//8830 5908//8830 5907//8830
f 5904//8831 5905//8831 5909//8831
f 5904//8832 5909//8832 5908//8832
f 5905//8833 5906//8833 5910//8833
f 5905//8834 5910//8834 5909//8834
f 5906//8835 5903//8835 5907//8835
f 5906//8836 5907//8836 5910//8836
f 5907//8837 5908//8837 5912//8837
f 5907//8838 5912//8838 5911//8838
f 5908//8839 5909//8839 5913//8839
f 5908//8840 5913//8840 5912//8840
f 5909//8841 5910//8841 5914//8841
f 5909//8842 5914//8842 5913//8842
f 5910//8843 5907//8843 5911//8843
f 5910//8844 5911//8844 5914//8844
f 5911//8845 5912//8845 5916//8845
f 5911//8846 5916//8846 5915//8846
f 5912//8847 5913//8847 5917//8847
f 5912//8848 5917//8848 5916//8848
f 5913//8849 5914//8849 5918//8849
f 5913//8850 5918//8850 5917//8850
f 5914//8851 5911//8851 5915//8851
f 5914//8852 5915//8852 5918//8852
f 5915//8853 5916//8853 5920//8853
f 5915//8854 5920//8854 5919//8854
f 5916//8855 5917//8855 5921//8855
f 5916//8856 5921//8856 5920//8856
f 5917//8857 5918//8857 5922//8857
f 5917//8858 5922//8858 5921//8858
f 5918//8859 5915//8859 5919//8859
f 5918//8860 5919//8860 5922//8860
f 5919//8861 5920//8861 5924//8861
f 5919//8862 5924//8862 5923//8862
f 5920//8863 5921//8863 5925//8863
f 5920//8864 5925//8864 5924//8864
f 5921//8865 5922//8865 5926//8865
f 5921//8866 5926//8866 5925//8866
f 5922//8867 5919//8867 5923//8867
f 5922//8868 5923//8868 5926//8868
f 5923//8869 5924//8869 5928//8869
f 5923//8870 5928//8870 5927//8870
f 5924//8871 5925//8871 5929//8871
f 5924//8872 5929//8872 5928//8872
f 5925//8873 5926//8873 5930//8873
f 5925//8874 5930//8874 5929//8874
f 5926//8875 5923//8875 5927//8875
f 5926//8876 5927//8876 5930//8876
f 5927//8877 5928//8877 5932//8877
f 5927//8878 5932//8878 5931//8878
f 5928//8879 5929//8879 5933//8879
f 5928//8880 5933//8880 5932//8880
f 5929//8881 5930//8881 5934//8881
f 5929//8882 5934//8882 5933//8882
f 5930//8883 5927//8883 5931//8883
f 5930//8884 5931//8884 5934//8884
f 5931//8885 5932//8885 5896//8885
f 5931//8886 5896//8886 5895//8886
f 5932//8887 5933//8887 5897//8887
f 5932//8888 5897//8888 5896//8888
f 5933//8889 5934//8889 5898//8889
f 5933//8890 5898//8890 5897//8890
f 5934//8891 5931//8891 5895//8891
f 5934//8892 5895//8892 5898//8892
usemtl Mat_Bone
f 5936//8893 5937//8893 5935//8893
f 5937//8894 5938//8894 5935//8894
f 5938//8895 5939//8895 5935//8895
f 5939//8896 5940//8896 5935//8896
f 5940//8897 5941//8897 5935//8897
f 5941//8898 5942//8898 5935//8898
f 5942//8899 5943//8899 5935//8899
f 5943//8900 5936//8900 5935//8900
f 5944//8901 5945//8901 5937//8901
f 5944//8902 5937//8902 5936//8902
f 5945//8903 5946//8903 5938//8903
f 5945//8904 5938//8904 5937//8904
f 5946//8905 5947//8905 5939//8905
f 5946//8906 5939//8906 5938//8906
f 5947//8907 5948//8907 5940//8907
f 5947//8908 5940//8908 5939//8908
f 5948//8909 5949//8909 5941//8909
f 5948//8910 5941//8910 5940//8910
f 5949//8911 5950//8911 5942//8911
f 5949//8912 5942//8912 5941//8912
f 5950//8913 5951//8913 5943//8913
f 5950//8914 5943//8914 5942//8914
f 5951//8915 5944//8915 5936//8915
f 5951//8916 5936//8916 5943//8916
f 5952//8917 5953//8917 5945//8917
f 5952//8918 5945//8918 5944//8918
f 5953//8919 5954//8919 5946//8919
f 5953//8920 5946//8920 5945//8920
f 5954//8921 5955//8921 5947//8921
f 5954//8922 5947//8922 5946//8922
f 5955//8923 5956//8923 5948//8923
f 5955//8924 5948//8924 5947//8924
f 5956//8925 5957//8925 5949//8925
f 5956//8926 5949//8926 5948//8926
f 5957//8927 5958//8927 5950//8927
f 5957//8928 5950//8928 5949//8928
f 5958//8929 5959//8929 5951//8929
f 5958//8930 5951//8930 5950//8930
f 5959//8931 5952//8931 5944//8931
f 5959//8932 5944//8932 5951//8932
f 5960//8933 5953//8933 5952//8933
f 5960//8934 5954//8934 5953//8934
f 5960//8935 5955//8935 5954//8935
f 5960//8936 5956//8936 5955//8936
f 5960//8937 5957//8937 5956//8937
f 5960//8938 5958//8938 5957//8938
f 5960//8939 5959//8939 5958//8939
f 5960//8940 5952//8940 5959//8940
usemtl Mat_Void
f 5962//8941 5963//8941 5961//8941
f 5963//8942 5964//8942 5961//8942
f 5964//8943 5965//8943 5961//8943
f 5965//8944 5966//8944 5961//8944
f 5966//8945 5967//8945 5961//8945
f 5967//8946 5962//8946 5961//8946
f 5968//8947 5969//8947 5963//8947
f 5968//8948 5963//8948 5962//8948
f 5969//8949 5970//8949 5964//8949
f 5969//8950 5964//8950 5963//8950
f 5970//8951 5971//8951 5965//8951
f 5970//8952 5965//8952 5964//8952
f 5971//8953 5972//8953 5966//8953
f 5971//8954 5966//8954 5965//8954
f 5972//8955 5973//8955 5967//8955
f 5972//8956 5967//8956 5966//8956
f 5973//8957 5968//8957 5962//8957
f 5973//8958 5962//8958 5967//8958
f 5974//8959 5969//8959 5968//8959
f 5974//8960 5970//8960 5969//8960
f 5974//8961 5971//8961 5970//8961
f 5974//8962 5972//8962 5971//8962
f 5974//8963 5973//8963 5972//8963
f 5974//8964 5968//8964 5973//8964
usemtl Mat_Chrome
f 5975//8965 5976//8965 5980//8965
f 5975//8966 5980//8966 5979//8966
f 5976//8967 5977//8967 5981//8967
f 5976//8968 5981//8968 5980//8968
f 5977//8969 5978//8969 5982//8969
f 5977//8970 5982//8970 5981//8970
f 5978//8971 5975//8971 5979//8971
f 5978//8972 5979//8972 5982//8972
f 5979//8973 5980//8973 5984//8973
f 5979//8974 5984//8974 5983//8974
f 5980//8975 5981//8975 5985//8975
f 5980//8976 5985//8976 5984//8976
f 5981//8977 5982//8977 5986//8977
f 5981//8978 5986//8978 5985//8978
f 5982//8979 5979//8979 5983//8979
f 5982//8980 5983//8980 5986//8980
f 5983//8981 5984//8981 5988//8981
f 5983//8982 5988//8982 5987//8982
f 5984//8983 5985//8983 5989//8983
f 5984//8984 5989//8984 5988//8984
f 5985//8985 5986//8985 5990//8985
f 5985//8986 5990//8986 5989//8986
f 5986//8987 5983//8987 5987//8987
f 5986//8988 5987//8988 5990//8988
f 5987//8989 5988//8989 5992//8989
f 5987//8990 5992//8990 5991//8990
f 5988//8991 5989//8991 5993//8991
f 5988//8992 5993//8992 5992//8992
f 5989//8993 5990//8993 5994//8993
f 5989//8994 5994//8994 5993//8994
f 5990//8995 5987//8995 5991//8995
f 5990//8996 5991//8996 5994//8996
f 5991//8997 5992//8997 5996//8997
f 5991//8998 5996//8998 5995//8998
f 5992//8999 5993//8999 5997//8999
f 5992//9000 5997//9000 5996//9000
f 5993//9001 5994//9001 5998//9001
f 5993//9002 5998//9002 5997//9002
f 5994//9003 5991//9003 5995//9003
f 5994//9004 5995//9004 5998//9004
f 5995//9005 5996//9005 6000//9005
f 5995//9006 6000//9006 5999//9006
f 5996//9007 5997//9007 6001//9007
f 5996//9008 6001//9008 6000//9008
f 5997//9009 5998//9009 6002//9009
f 5997//9010 6002//9010 6001//9010
f 5998//9011 5995//9011 5999//9011
f 5998//9012 5999//9012 6002//9012
f 5999//9013 6000//9013 6004//9013
f 5999//9014 6004//9014 6003//9014
f 6000//9015 6001//9015 6005//9015
f 6000//9016 6005//9016 6004//9016
f 6001//9017 6002//9017 6006//9017
f 6001//9018 6006//9018 6005//9018
f 6002//9019 5999//9019 6003//9019
f 6002//9020 6003//9020 6006//9020
f 6003//9021 6004//9021 6008//9021
f 6003//9022 6008//9022 6007//9022
f 6004//9023 6005//9023 6009//9023
f 6004//9024 6009//9024 6008//9024
f 6005//9025 6006//9025 6010//9025
f 6005//9026 6010//9026 6009//9026
f 6006//9027 6003//9027 6007//9027
f 6006//9028 6007//9028 6010//9028
f 6007//9029 6008//9029 6012//9029
f 6007//9030 6012//9030 6011//9030
f 6008//9031 6009//9031 6013//9031
f 6008//9032 6013//9032 6012//9032
f 6009//9033 6010//9033 6014//9033
f 6009//9034 6014//9034 6013//9034
f 6010//9035 6007//9035 6011//9035
f 6010//9036 6011//9036 6014//9036
f 6011//9037 6012//9037 5976//9037
f 6011//9038 5976//9038 5975//9038
f 6012//9039 6013//9039 5977//9039
f 6012//9040 5977//9040 5976//9040
f 6013//9041 6014//9041 5978//9041
f 6013//9042 5978//9042 5977//9042
f 6014//9043 6011//9043 5975//9043
f 6014//9044 5975//9044 5978//9044
f 6019//9045 6020//9045 6016//9045
f 6019//9046 6016//9046 6015//9046
f 6020//9047 6021//9047 6017//9047
f 6020//9048 6017//9048 6016//9048
f 6021//9049 6022//9049 6018//9049
f 6021//9050 6018//9050 6017//9050
f 6022//9051 6019//9051 6015//9051
f 6022//9052 6015//9052 6018//9052
f 6022//9053 6021//9053 6020//9053
f 6022//9054 6020//9054 6019//9054
f 6015//9055 6016//9055 6017//9055
f 6015//9056 6017//9056 6018//9056
f 6027//9057 6028//9057 6024//9057
f 6027//9058 6024//9058 6023//9058
f 6028//9059 6029//9059 6025//9059
f 6028//9060 6025//9060 6024//9060
f 6029//9061 6030//9061 6026//9061
f 6029//9062 6026//9062 6025//9062
f 6030//9063 6027//9063 6023//9063
f 6030//9064 6023//9064 6026//9064
f 6030//9065 6029//9065 6028//9065
f 6030//9066 6028//9066 6027//9066
f 6023//9067 6024//9067 6025//9067
f 6023//9068 6025//9068 6026//9068
f 6035//9069 6036//9069 6032//9069
f 6035//9070 6032//9070 6031//9070
f 6036//9071 6037//9071 6033//9071
f 6036//9072 6033//9072 6032//9072
f 6037//9073 6038//9073 6034//9073
f 6037//9074 6034//9074 6033//9074
f 6038//9075 6035//9075 6031//9075
f 6038//9076 6031//9076 6034//9076
f 6038//9077 6037//9077 6036//9077
f 6038//9078 6036//9078 6035//9078
f 6031//9079 6032//9079 6033//9079
f 6031//9080 6033//9080 6034//9080
usemtl Mat_Void
f 6039//9081 6040//9081 6044//9081
f 6039//9082 6044//9082 6043//9082
f 6040//9083 6041//9083 6045//9083
f 6040//9084 6045//9084 6044//9084
f 6041//9085 6042//9085 6046//9085
f 6041//9086 6046//9086 6045//9086
f 6042//9087 6039//9087 6043//9087
f 6042//9088 6043//9088 6046//9088
f 6043//9089 6044//9089 6048//9089
f 6043//9090 6048//9090 6047//9090
f 6044//9091 6045//9091 6049//9091
f 6044//9092 6049//9092 6048//9092
f 6045//9093 6046//9093 6050//9093
f 6045//9094 6050//9094 6049//9094
f 6046//9095 6043//9095 6047//9095
f 6046//9096 6047//9096 6050//9096
f 6042//9097 6041//9097 6040//9097
f 6042//9098 6040//9098 6039//9098
f 6047//9099 6048//9099 6049//9099
f 6047//9100 6049//9100 6050//9100
usemtl Mat_DarkWood
f 6052//9101 6053//9101 6051//9101
f 6053//9102 6054//9102 6051//9102
f 6054//9103 6055//9103 6051//9103
f 6055//9104 6056//9104 6051//9104
f 6056//9105 6057//9105 6051//9105
f 6057//9106 6058//9106 6051//9106
f 6058//9107 6059//9107 6051//9107
f 6059//9108 6052//9108 6051//9108
f 6060//9109 6061//9109 6053//9109
f 6060//9110 6053//9110 6052//9110
f 6061//9111 6062//9111 6054//9111
f 6061//9112 6054//9112 6053//9112
f 6062//9113 6063//9113 6055//9113
f 6062//9114 6055//9114 6054//9114
f 6063//9115 6064//9115 6056//9115
f 6063//9116 6056//9116 6055//9116
f 6064//9117 6065//9117 6057//9117
f 6064//9118 6057//9118 6056//9118
f 6065//9119 6066//9119 6058//9119
f 6065//9120 6058//9120 6057//9120
f 6066//9121 6067//9121 6059//9121
f 6066//9122 6059//9122 6058//9122
f 6067//9123 6060//9123 6052//9123
f 6067//9124 6052//9124 6059//9124
f 6068//9125 6061//9125 6060//9125
f 6068//9126 6062//9126 6061//9126
f 6068//9127 6063//9127 6062//9127
f 6068//9128 6064//9128 6063//9128
f 6068//9129 6065//9129 6064//9129
f 6068//9130 6066//9130 6065//9130
f 6068//9131 6067//9131 6066//9131
f 6068//9132 6060//9132 6067//9132
f 6070//9133 6071//9133 6069//9133
f 6071//9134 6072//9134 6069//9134
f 6072//9135 6073//9135 6069//9135
f 6073//9136 6074//9136 6069//9136
f 6074//9137 6075//9137 6069//9137
f 6075//9138 6076//9138 6069//9138
f 6076//9139 6077//9139 6069//9139
f 6077//9140 6070//9140 6069//9140
f 6078//9141 6079//9141 6071//9141
f 6078//9142 6071//9142 6070//9142
f 6079//9143 6080//9143 6072//9143
f 6079//9144 6072//9144 6071//9144
f 6080//9145 6081//9145 6073//9145
f 6080//9146 6073//9146 6072//9146
f 6081//9147 6082//9147 6074//9147
f 6081//9148 6074//9148 6073//9148
f 6082//9149 6083//9149 6075//9149
f 6082//9150 6075//9150 6074//9150
f 6083//9151 6084//9151 6076//9151
f 6083//9152 6076//9152 6075//9152
f 6084//9153 6085//9153 6077//9153
f 6084//9154 6077//9154 6076//9154
f 6085//9155 6078//9155 6070//9155
f 6085//9156 6070//9156 6077//9156
f 6086//9157 6087//9157 6079//9157
f 6086//9158 6079//9158 6078//9158
f 6087//9159 6088//9159 6080//9159
f 6087//9160 6080//9160 6079//9160
f 6088//9161 6089//9161 6081//9161
f 6088//9162 6081//9162 6080//9162
f 6089//9163 6090//9163 6082//9163
f 6089//9164 6082//9164 6081//9164
f 6090//9165 6091//9165 6083//9165
f 6090//9166 6083//9166 6082//9166
f 6091//9167 6092//9167 6084//9167
f 6091//9168 6084//9168 6083//9168
f 6092//9169 6093//9169 6085//9169
f 6092//9170 6085//9170 6084//9170
f 6093//9171 6086//9171 6078//9171
f 6093//9172 6078//9172 6085//9172
f 6094//9173 6095//9173 6087//9173
f 6094//9174 6087//9174 6086//9174
f 6095//9175 6096//9175 6088//9175
f 6095//9176 6088//9176 6087//9176
f 6096//9177 6097//9177 6089//9177
f 6096//9178 6089//9178 6088//9178
f 6097//9179 6098//9179 6090//9179
f 6097//9180 6090//9180 6089//9180
f 6098//9181 6099//9181 6091//9181
f 6098//9182 6091//9182 6090//9182
f 6099//9183 6100//9183 6092//9183
f 6099//9184 6092//9184 6091//9184
f 6100//9185 6101//9185 6093//9185
f 6100//9186 6093//9186 6092//9186
f 6101//9187 6094//9187 6086//9187
f 6101//9188 6086//9188 6093//9188
f 6102//9189 6095//9189 6094//9189
f 6102//9190 6096//9190 6095//9190
f 6102//9191 6097//9191 6096//9191
f 6102//9192 6098//9192 6097//9192
f 6102//9193 6099//9193 6098//9193
f 6102//9194 6100//9194 6099//9194
f 6102//9195 6101//9195 6100//9195
f 6102//9196 6094//9196 6101//9196
usemtl Mat_Brass
f 6111//9197 6112//9197 6104//9197
f 6111//9198 6104//9198 6103//9198
f 6112//9199 6113//9199 6105//9199
f 6112//9200 6105//9200 6104//9200
f 6113//9201 6114//9201 6106//9201
f 6113//9202 6106//9202 6105//9202
f 6114//9203 6115//9203 6107//9203
f 6114//9204 6107//9204 6106//9204
f 6115//9205 6116//9205 6108//9205
f 6115//9206 6108//9206 6107//9206
f 6116//9207 6117//9207 6109//9207
f 6116//9208 6109//9208 6108//9208
f 6117//9209 6118//9209 6110//9209
f 6117//9210 6110//9210 6109//9210
f 6118//9211 6111//9211 6103//9211
f 6118//9212 6103//9212 6110//9212
usemtl Mat_Bone
f 6126//9213 6125//9213 6124//9213
f 6126//9214 6124//9214 6123//9214
f 6123//9215 6124//9215 6120//9215
f 6123//9216 6120//9216 6119//9216
f 6124//9217 6125//9217 6121//9217
f 6124//9218 6121//9218 6120//9218
f 6125//9219 6126//9219 6122//9219
f 6125//9220 6122//9220 6121//9220
f 6126//9221 6123//9221 6119//9221
f 6126//9222 6119//9222 6122//9222
f 6120//9223 6121//9223 6122//9223
f 6120//9224 6122//9224 6119//9224
o Bldg_Library_Telescope
v 3.12000 8.66272 -4.05969
v 3.06000 8.66272 -3.95576
v 2.94000 8.66272 -3.95576
v 2.88000 8.66272 -4.05969
v 2.94000 8.66272 -4.16361
v 3.06000 8.66272 -4.16361
v 3.12000 8.91272 -4.05969
v 3.06000 8.91272 -3.95576
v 2.94000 8.91272 -3.95576
v 2.88000 8.91272 -4.05969
v 2.94000 8.91272 -4.16361
v 3.06000 8.91272 -4.16361
v 2.75000 8.91272 -4.12969
v 3.25000 8.91272 -4.12969
v 3.25000 8.91272 -3.98969
v 2.75000 8.91272 -3.98969
v 2.75000 8.99272 -4.12969
v 3.25000 8.99272 -4.12969
v 3.25000 8.99272 -3.98969
v 2.75000 8.99272 -3.98969
v 2.75000 8.91272 -4.11969
v 2.81000 8.91272 -4.11969
v 2.81000 8.91272 -3.99969
v 2.75000 8.91272 -3.99969
v 2.75000 9.31272 -4.11969
v 2.81000 9.31272 -4.11969
v 2.81000 9.31272 -3.99969
v 2.75000 9.31272 -3.99969
v 3.19000 8.91272 -4.11969
v 3.25000 8.91272 -4.11969
v 3.25000 8.91272 -3.99969
v 3.19000 8.91272 -3.99969
v 3.19000 9.31272 -4.11969
v 3.25000 9.31272 -4.11969
v 3.25000 9.31272 -3.99969
v 3.19000 9.31272 -3.99969
v 3.00000 8.79259 -3.24582
v 2.90008 8.76700 -3.26580
v 2.83832 8.70002 -3.31814
v 2.83832 8.61723 -3.38282
v 2.90008 8.55025 -3.43515
v 3.00000 8.52466 -3.45514
v 3.09992 8.55025 -3.43515
v 3.16168 8.61723 -3.38282
v 3.16168 8.70002 -3.31814
v 3.09992 8.76700 -3.26580
v 3.00000 10.38690 -5.17275
v 2.85893 10.35078 -5.20097
v 2.77175 10.25622 -5.27484
v 2.77175 10.13933 -5.36616
v 2.85893 10.04477 -5.44004
v 3.00000 10.00865 -5.46826
v 3.14107 10.04477 -5.44004
v 3.22825 10.13933 -5.36616
v 3.22825 10.25622 -5.27484
v 3.14107 10.35078 -5.20097
v 3.00000 10.37976 -5.11488
v 2.84130 10.33912 -5.14662
v 2.74321 10.23274 -5.22974
v 2.74321 10.10125 -5.33247
v 2.84130 9.99487 -5.41559
v 3.00000 9.95423 -5.44733
v 3.15870 9.99487 -5.41559
v 3.25679 10.10125 -5.33247
v 3.25679 10.23274 -5.22974
v 3.15870 10.33912 -5.14662
v 3.00000 10.50289 -5.27248
v 2.84130 10.46225 -5.30422
v 2.74321 10.35587 -5.38734
v 2.74321 10.22438 -5.49007
v 2.84130 10.11800 -5.57319
v 3.00000 10.07736 -5.60493
v 3.15870 10.11800 -5.57319
v 3.25679 10.22438 -5.49007
v 3.25679 10.35587 -5.38734
v 3.15870 10.46225 -5.30422
v 3.00000 8.69162 -3.19780
v 2.91515 8.66392 -3.21944
v 2.88000 8.59706 -3.27168
v 2.91515 8.53019 -3.32392
v 3.00000 8.50250 -3.34556
v 3.08485 8.53019 -3.32392
v 3.12000 8.59706 -3.27168
v 3.08485 8.66392 -3.21944
v 3.00000 8.78397 -3.31600
v 2.91515 8.75627 -3.33764
v 2.88000 8.68941 -3.38988
v 2.91515 8.62254 -3.44212
v 3.00000 8.59485 -3.46376
v 3.08485 8.62254 -3.44212
v 3.12000 8.68941 -3.38988
v 3.08485 8.75627 -3.33764
v 3.00000 8.55199 -3.11654
v 2.94804 8.52835 -3.13501
v 2.94804 8.48107 -3.17195
v 3.00000 8.45743 -3.19041
v 3.05196 8.48107 -3.17195
v 3.05196 8.52835 -3.13501
v 3.00000 8.65665 -3.25050
v 2.94804 8.63301 -3.26897
v 2.94804 8.58573 -3.30591
v 3.00000 8.56209 -3.32438
v 3.05196 8.58573 -3.30591
v 3.05196 8.63301 -3.26897
v 3.00000 10.46521 -5.28922
v 2.86481 10.43060 -5.31627
v 2.78126 10.33998 -5.38707
v 2.78126 10.22796 -5.47458
v 2.86481 10.13734 -5.54538
v 3.00000 10.10273 -5.57243
v 3.13519 10.13734 -5.54538
v 3.21874 10.22796 -5.47458
v 3.21874 10.33998 -5.38707
v 3.13519 10.43060 -5.31627
v 3.00000 10.48368 -5.31286
v 2.86481 10.44907 -5.33991
v 2.78126 10.35845 -5.41071
v 2.78126 10.24643 -5.49822
v 2.86481 10.15581 -5.56903
v 3.00000 10.12120 -5.59607
v 3.13519 10.15581 -5.56903
v 3.21874 10.24643 -5.49822
v 3.21874 10.35845 -5.41071
v 3.13519 10.44907 -5.33991
v 3.00000 9.30875 -3.85775
v 2.88244 9.27866 -3.88127
v 2.80979 9.19985 -3.94284
v 2.80979 9.10245 -4.01894
v 2.88244 9.02365 -4.08050
v 3.00000 8.99355 -4.10402
v 3.11756 9.02365 -4.08050
v 3.19021 9.10245 -4.01894
v 3.19021 9.19985 -3.94284
v 3.11756 9.27866 -3.88127
v 3.00000 9.43189 -4.01536
v 2.88244 9.40179 -4.03887
v 2.80979 9.32299 -4.10044
v 2.80979 9.22558 -4.17654
v 2.88244 9.14678 -4.23810
v 3.00000 9.11668 -4.26162
v 3.11756 9.14678 -4.23810
v 3.19021 9.22558 -4.17654
v 3.19021 9.32299 -4.10044
v 3.11756 9.40179 -4.03887
v 3.00000 9.44424 -4.03506
v 2.96000 9.41272 -4.05969
v 3.00000 9.38120 -4.08431
v 3.04000 9.41272 -4.05969
v 3.00000 9.87520 -4.58667
v 2.96000 9.84368 -4.61130
v 3.00000 9.81216 -4.63592
v 3.04000 9.84368 -4.61130
vn 0.8660 0.0000 0.5000
vn 0.8660 0.0000 0.5000
vn 0.0000 0.0000 1.0000
vn 0.0000 0.0000 1.0000
vn -0.8660 0.0000 0.5000
vn -0.8660 0.0000 0.5000
vn -0.8660 0.0000 -0.5000
vn -0.8660 -0.0000 -0.5000
vn 0.0000 0.0000 -1.0000
vn 0.0000 0.0000 -1.0000
vn 0.8660 0.0000 -0.5000
vn 0.8660 0.0000 -0.5000
vn 0.0000 1.0000 0.0000
vn 0.0000 1.0000 0.0000
vn 0.0000 1.0000 -0.0000
vn 0.0000 1.0000 0.0000
vn 0.0000 -1.0000 0.0000
vn 0.0000 -1.0000 0.0000
vn -0.0000 -1.0000 0.0000
vn 0.0000 -1.0000 0.0000
vn -0.0000 1.0000 0.0000
vn 0.0000 1.0000 0.0000
vn 0.0000 0.0000 -1.0000
vn 0.0000 0.0000 -1.0000
vn 1.0000 0.0000 -0.0000
vn 1.0000 0.0000 0.0000
vn 0.0000 0.0000 1.0000
vn 0.0000 0.0000 1.0000
vn -1.0000 0.0000 -0.0000
vn -1.0000 -0.0000 0.0000
vn 0.0000 -1.0000 0.0000
vn 0.0000 -1.0000 0.0000
vn -0.0000 1.0000 0.0000
vn 0.0000 1.0000 0.0000
vn 0.0000 0.0000 -1.0000
vn 0.0000 0.0000 -1.0000
vn 1.0000 0.0000 -0.0000
vn 1.0000 0.0000 0.0000
vn 0.0000 0.0000 1.0000
vn 0.0000 0.0000 1.0000
vn -1.0000 0.0000 -0.0000
vn -1.0000 -0.0000 0.0000
vn 0.0000 -1.0000 0.0000
vn 0.0000 -1.0000 0.0000
vn -0.0000 1.0000 0.0000
vn 0.0000 1.0000 0.0000
vn 0.0000 0.0000 -1.0000
vn 0.0000 0.0000 -1.0000
vn 1.0000 0.0000 -0.0000
vn 1.0000 0.0000 0.0000
vn 0.0000 0.0000 1.0000
vn 0.0000 0.0000 1.0000
vn -1.0000 0.0000 -0.0000
vn -1.0000 -0.0000 0.0000
vn 0.0000 -1.0000 0.0000
vn 0.0000 -1.0000 0.0000
vn -0.3089 0.7328 0.6063
vn -0.3089 0.7328 0.6063
vn -0.8087 0.4466 0.3827
vn -0.8087 0.4466 0.3827
vn -0.9996 -0.0164 0.0210
vn -0.9996 -0.0164 0.0210
vn -0.8087 -0.4794 -0.3408
vn -0.8087 -0.4794 -0.3408
vn -0.3089 -0.7656 -0.5643
vn -0.3089 -0.7656 -0.5643
vn 0.3089 -0.7656 -0.5643
vn 0.3089 -0.7656 -0.5643
vn 0.8087 -0.4794 -0.3408
vn 0.8087 -0.4794 -0.3408
vn 0.9996 -0.0164 0.0210
vn 0.9996 -0.0164 0.0210
vn 0.8087 0.4466 0.3827
vn 0.8087 0.4466 0.3827
vn 0.3089 0.7328 0.6063
vn 0.3089 0.7328 0.6063
vn -0.0000 0.6157 -0.7880
vn 0.0000 0.6157 -0.7880
vn -0.0000 0.6157 -0.7880
vn 0.0000 0.6157 -0.7880
vn -0.0000 0.6157 -0.7880
vn 0.0000 0.6157 -0.7880
vn 0.0000 0.6157 -0.7880
vn 0.0000 0.6157 -0.7880
vn -0.0000 -0.6157 0.7880
vn 0.0000 -0.6157 0.7880
vn -0.0000 -0.6157 0.7880
vn 0.0000 -0.6157 0.7880
vn -0.0000 -0.6157 0.7880
vn 0.0000 -0.6157 0.7880
vn -0.0000 -0.6157 0.7880
vn 0.0000 -0.6157 0.7880
vn -0.3090 0.7494 0.5855
vn -0.3090 0.7494 0.5855
vn -0.8090 0.4632 0.3619
vn -0.8090 0.4632 0.3619
vn -1.0000 -0.0000 0.0000
vn -1.0000 0.0000 0.0000
vn -0.8090 -0.4632 -0.3619
vn -0.8090 -0.4632 -0.3619
vn -0.3090 -0.7494 -0.5855
vn -0.3090 -0.7494 -0.5855
vn 0.3090 -0.7494 -0.5855
vn 0.3090 -0.7494 -0.5855
vn 0.8090 -0.4632 -0.3619
vn 0.8090 -0.4632 -0.3619
vn 1.0000 0.0000 0.0000
vn 1.0000 0.0000 -0.0000
vn 0.8090 0.4632 0.3619
vn 0.8090 0.4632 0.3619
vn 0.3090 0.7494 0.5855
vn 0.3090 0.7494 0.5855
vn -0.0000 0.6157 -0.7880
vn -0.0000 0.6157 -0.7880
vn 0.0000 0.6157 -0.7880
vn -0.0000 0.6157 -0.7880
vn 0.0000 0.6157 -0.7880
vn 0.0000 0.6157 -0.7880
vn 0.0000 0.6157 -0.7880
vn 0.0000 0.6157 -0.7880
vn 0.0000 -0.6157 0.7880
vn 0.0000 -0.6157 0.7880
vn -0.0000 -0.6157 0.7880
vn 0.0000 -0.6157 0.7880
vn -0.0000 -0.6157 0.7880
vn 0.0000 -0.6157 0.7880
vn -0.0000 -0.6157 0.7880
vn -0.0000 -0.6157 0.7880
vn -0.3827 0.7280 0.5688
vn -0.3827 0.7280 0.5688
vn -0.9239 0.3016 0.2356
vn -0.9239 0.3016 0.2356
vn -0.9239 -0.3016 -0.2356
vn -0.9239 -0.3016 -0.2356
vn -0.3827 -0.7280 -0.5688
vn -0.3827 -0.7280 -0.5688
vn 0.3827 -0.7280 -0.5688
vn 0.3827 -0.7280 -0.5688
vn 0.9239 -0.3016 -0.2356
vn 0.9239 -0.3016 -0.2356
vn 0.9239 0.3016 0.2356
vn 0.9239 0.3016 0.2356
vn 0.3827 0.7280 0.5688
vn 0.3827 0.7280 0.5688
vn 0.0000 0.6157 -0.7880
vn 0.0000 0.6157 -0.7880
vn -0.0000 0.6157 -0.7880
vn 0.0000 0.6157 -0.7880
vn 0.0000 0.6157 -0.7880
vn 0.0000 0.6157 -0.7880
vn 0.0000 -0.6157 0.7880
vn 0.0000 -0.6157 0.7880
vn -0.0000 -0.6157 0.7880
vn 0.0000 -0.6157 0.7880
vn -0.0000 -0.6157 0.7880
vn -0.0000 -0.6157 0.7880
vn -0.5000 0.6824 0.5332
vn -0.5000 0.6824 0.5332
vn -1.0000 -0.0000 0.0000
vn -1.0000 0.0000 0.0000
vn -0.5000 -0.6824 -0.5332
vn -0.5000 -0.6824 -0.5332
vn 0.5000 -0.6824 -0.5332
vn 0.5000 -0.6824 -0.5332
vn 1.0000 0.0000 -0.0000
vn 1.0000 0.0000 0.0000
vn 0.5000 0.6824 0.5332
vn 0.5000 0.6824 0.5332
vn -0.0000 0.6157 -0.7880
vn 0.0000 0.6157 -0.7880
vn 0.0000 0.6157 -0.7880
vn 0.0000 0.6157 -0.7880
vn 0.0000 -0.6157 0.7880
vn 0.0000 -0.6157 0.7880
vn 0.0000 -0.6157 0.7880
vn 0.0000 -0.6157 0.7880
vn -0.3090 0.7494 0.5855
vn -0.3090 0.7494 0.5855
vn -0.8090 0.4632 0.3619
vn -0.8090 0.4632 0.3619
vn -1.0000 0.0000 0.0000
vn -1.0000 -0.0000 0.0000
vn -0.8090 -0.4632 -0.3619
vn -0.8090 -0.4632 -0.3619
vn -0.3090 -0.7494 -0.5855
vn -0.3090 -0.7494 -0.5855
vn 0.3090 -0.7494 -0.5855
vn 0.3090 -0.7494 -0.5855
vn 0.8090 -0.4632 -0.3619
vn 0.8090 -0.4632 -0.3619
vn 1.0000 0.0000 0.0000
vn 1.0000 0.0000 -0.0000
vn 0.8090 0.4632 0.3619
vn 0.8090 0.4632 0.3619
vn 0.3090 0.7494 0.5855
vn 0.3090 0.7494 0.5855
vn 0.0000 0.6157 -0.7880
vn 0.0000 0.6157 -0.7880
vn -0.0000 0.6157 -0.7880
vn 0.0000 0.6157 -0.7880
vn -0.0000 0.6157 -0.7880
vn -0.0000 0.6157 -0.7880
vn 0.0000 0.6157 -0.7880
vn 0.0000 0.6157 -0.7880
vn -0.0000 -0.6157 0.7880
vn -0.0000 -0.6157 0.7880
vn 0.0000 -0.6157 0.7880
vn -0.0000 -0.6157 0.7880
vn 0.0000 -0.6157 0.7880
vn -0.0000 -0.6157 0.7880
vn 0.0000 -0.6157 0.7880
vn 0.0000 -0.6157 0.7880
vn -0.3090 0.7494 0.5855
vn -0.3090 0.7494 0.5855
vn -0.8090 0.4632 0.3619
vn -0.8090 0.4632 0.3619
vn -1.0000 -0.0000 0.0000
vn -1.0000 0.0000 0.0000
vn -0.8090 -0.4632 -0.3619
vn -0.8090 -0.4632 -0.3619
vn -0.3090 -0.7494 -0.5855
vn -0.3090 -0.7494 -0.5855
vn 0.3090 -0.7494 -0.5855
vn 0.3090 -0.7494 -0.5855
vn 0.8090 -0.4632 -0.3619
vn 0.8090 -0.4632 -0.3619
vn 1.0000 0.0000 -0.0000
vn 1.0000 0.0000 0.0000
vn 0.8090 0.4632 0.3619
vn 0.8090 0.4632 0.3619
vn 0.3090 0.7494 0.5855
vn 0.3090 0.7494 0.5855
vn 0.0000 0.6157 -0.7880
vn -0.0000 0.6157 -0.7880
vn 0.0000 0.6157 -0.7880
vn -0.0000 0.6157 -0.7880
vn 0.0000 0.6157 -0.7880
vn -0.0000 0.6157 -0.7880
vn 0.0000 0.6157 -0.7880
vn 0.0000 0.6157 -0.7880
vn 0.0000 -0.6157 0.7880
vn 0.0000 -0.6157 0.7880
vn -0.0000 -0.6157 0.7880
vn 0.0000 -0.6157 0.7880
vn -0.0000 -0.6157 0.7880
vn 0.0000 -0.6157 0.7880
vn -0.0000 -0.6157 0.7880
vn -0.0000 -0.6157 0.7880
vn -0.7071 0.5572 0.4353
vn -0.7071 0.5572 0.4353
vn -0.7071 -0.5572 -0.4353
vn -0.7071 -0.5572 -0.4353
vn 0.7071 -0.5572 -0.4353
vn 0.7071 -0.5572 -0.4353
vn 0.7071 0.5572 0.4353
vn 0.7071 0.5572 0.4353
vn 0.0000 0.6157 -0.7880
vn 0.0000 0.6157 -0.7880
vn 0.0000 -0.6157 0.7880
vn 0.0000 -0.6157 0.7880
usemtl Mat_DarkMetal
f 6133//9225 6134//9225 6128//9225
f 6133//9226 6128//9226 6127//9226
f 6134//9227 6135//9227 6129//9227
f 6134//9228 6129//9228 6128//9228
f 6135//9229 6136//9229 6130//9229
f 6135//9230 6130//9230 6129//9230
f 6136//9231 6137//9231 6131//9231
f 6136//9232 6131//9232 6130//9232
f 6137//9233 6138//9233 6132//9233
f 6137//9234 6132//9234 6131//9234
f 6138//9235 6133//9235 6127//9235
f 6138//9236 6127//9236 6132//9236
f 6138//9237 6137//9237 6136//9237
f 6138//9238 6136//9238 6135//9238
f 6138//9239 6135//9239 6134//9239
f 6138//9240 6134//9240 6133//9240
f 6127//9241 6128//9241 6129//9241
f 6127//9242 6129//9242 6130//9242
f 6127//9243 6130//9243 6131//9243
f 6127//9244 6131//9244 6132//9244
f 6146//9245 6145//9245 6144//9245
f 6146//9246 6144//9246 6143//9246
f 6143//9247 6144//9247 6140//9247
f 6143//9248 6140//9248 6139//9248
f 6144//9249 6145//9249 6141//9249
f 6144//9250 6141//9250 6140//9250
f 6145//9251 6146//9251 6142//9251
f 6145//9252 6142//9252 6141//9252
f 6146//9253 6143//9253 6139//9253
f 6146//9254 6139//9254 6142//9254
f 6140//9255 6141//9255 6142//9255
f 6140//9256 6142//9256 6139//9256
f 6154//9257 6153//9257 6152//9257
f 6154//9258 6152//9258 6151//9258
f 6151//9259 6152//9259 6148//9259
f 6151//9260 6148//9260 6147//9260
f 6152//9261 6153//9261 6149//9261
f 6152//9262 6149//9262 6148//9262
f 6153//9263 6154//9263 6150//9263
f 6153//9264 6150//9264 6149//9264
f 6154//9265 6151//9265 6147//9265
f 6154//9266 6147//9266 6150//9266
f 6148//9267 6149//9267 6150//9267
f 6148//9268 6150//9268 6147//9268
f 6162//9269 6161//9269 6160//9269
f 6162//9270 6160//9270 6159//9270
f 6159//9271 6160//9271 6156//9271
f 6159//9272 6156//9272 6155//9272
f 6160//9273 6161//9273 6157//9273
f 6160//9274 6157//9274 6156//9274
f 6161//9275 6162//9275 6158//9275
f 6161//9276 6158//9276 6157//9276
f 6162//9277 6159//9277 6155//9277
f 6162//9278 6155//9278 6158//9278
f 6156//9279 6157//9279 6158//9279
f 6156//9280 6158//9280 6155//9280
usemtl Mat_Brass
f 6173//9281 6174//9281 6164//9281
f 6173//9282 6164//9282 6163//9282
f 6174//9283 6175//9283 6165//9283
f 6174//9284 6165//9284 6164//9284
f 6175//9285 6176//9285 6166//9285
f 6175//9286 6166//9286 6165//9286
f 6176//9287 6177//9287 6167//9287
f 6176//9288 6167//9288 6166//9288
f 6177//9289 6178//9289 6168//9289
f 6177//9290 6168//9290 6167//9290
f 6178//9291 6179//9291 6169//9291
f 6178//9292 6169//9292 6168//9292
f 6179//9293 6180//9293 6170//9293
f 6179//9294 6170//9294 6169//9294
f 6180//9295 6181//9295 6171//9295
f 6180//9296 6171//9296 6170//9296
f 6181//9297 6182//9297 6172//9297
f 6181//9298 6172//9298 6171//9298
f 6182//9299 6173//9299 6163//9299
f 6182//9300 6163//9300 6172//9300
f 6182//9301 6181//9301 6180//9301
f 6182//9302 6180//9302 6179//9302
f 6182//9303 6179//9303 6178//9303
f 6182//9304 6178//9304 6177//9304
f 6182//9305 6177//9305 6176//9305
f 6182//9306 6176//9306 6175//9306
f 6182//9307 6175//9307 6174//9307
f 6182//9308 6174//9308 6173//9308
f 6163//9309 6164//9309 6165//9309
f 6163//9310 6165//9310 6166//9310
f 6163//9311 6166//9311 6167//9311
f 6163//9312 6167//9312 6168//9312
f 6163//9313 6168//9313 6169//9313
f 6163//9314 6169//9314 6170//9314
f 6163//9315 6170//9315 6171//9315
f 6163//9316 6171//9316 6172//9316
usemtl Mat_DarkMetal
f 6193//9317 6194//9317 6184//9317
f 6193//9318 6184//9318 6183//9318
f 6194//9319 6195//9319 6185//9319
f 6194//9320 6185//9320 6184//9320
f 6195//9321 6196//9321 6186//9321
f 6195//9322 6186//9322 6185//9322
f 6196//9323 6197//9323 6187//9323
f 6196//9324 6187//9324 6186//9324
f 6197//9325 6198//9325 6188//9325
f 6197//9326 6188//9326 6187//9326
f 6198//9327 6199//9327 6189//9327
f 6198//9328 6189//9328 6188//9328
f 6199//9329 6200//9329 6190//9329
f 6199//9330 6190//9330 6189//9330
f 6200//9331 6201//9331 6191//9331
f 6200//9332 6191//9332 6190//9332
f 6201//9333 6202//9333 6192//9333
f 6201//9334 6192//9334 6191//9334
f 6202//9335 6193//9335 6183//9335
f 6202//9336 6183//9336 6192//9336
f 6202//9337 6201//9337 6200//9337
f 6202//9338 6200//9338 6199//9338
f 6202//9339 6199//9339 6198//9339
f 6202//9340 6198//9340 6197//9340
f 6202//9341 6197//9341 6196//9341
f 6202//9342 6196//9342 6195//9342
f 6202//9343 6195//9343 6194//9343
f 6202//9344 6194//9344 6193//9344
f 6183//9345 6184//9345 6185//9345
f 6183//9346 6185//9346 6186//9346
f 6183//9347 6186//9347 6187//9347
f 6183//9348 6187//9348 6188//9348
f 6183//9349 6188//9349 6189//9349
f 6183//9350 6189//9350 6190//9350
f 6183//9351 6190//9351 6191//9351
f 6183//9352 6191//9352 6192//9352
f 6211//9353 6212//9353 6204//9353
f 6211//9354 6204//9354 6203//9354
f 6212//9355 6213//9355 6205//9355
f 6212//9356 6205//9356 6204//9356
f 6213//9357 6214//9357 6206//9357
f 6213//9358 6206//9358 6205//9358
f 6214//9359 6215//9359 6207//9359
f 6214//9360 6207//9360 6206//9360
f 6215//9361 6216//9361 6208//9361
f 6215//9362 6208//9362 6207//9362
f 6216//9363 6217//9363 6209//9363
f 6216//9364 6209//9364 6208//9364
f 6217//9365 6218//9365 6210//9365
f 6217//9366 6210//9366 6209//9366
f 6218//9367 6211//9367 6203//9367
f 6218//9368 6203//9368 6210//9368
f 6218//9369 6217//9369 6216//9369
f 6218//9370 6216//9370 6215//9370
f 6218//9371 6215//9371 6214//9371
f 6218//9372 6214//9372 6213//9372
f 6218//9373 6213//9373 6212//9373
f 6218//9374 6212//9374 6211//9374
f 6203//9375 6204//9375 6205//9375
f 6203//9376 6205//9376 6206//9376
f 6203//9377 6206//9377 6207//9377
f 6203//9378 6207//9378 6208//9378
f 6203//9379 6208//9379 6209//9379
f 6203//9380 6209//9380 6210//9380
usemtl Mat_Brass
f 6225//9381 6226//9381 6220//9381
f 6225//9382 6220//9382 6219//9382
f 6226//9383 6227//9383 6221//9383
f 6226//9384 6221//9384 6220//9384
f 6227//9385 6228//9385 6222//9385
f 6227//9386 6222//9386 6221//9386
f 6228//9387 6229//9387 6223//9387
f 6228//9388 6223//9388 6222//9388
f 6229//9389 6230//9389 6224//9389
f 6229//9390 6224//9390 6223//9390
f 6230//9391 6225//9391 6219//9391
f 6230//9392 6219//9392 6224//9392
f 6230//9393 6229//9393 6228//9393
f 6230//9394 6228//9394 6227//9394
f 6230//9395 6227//9395 6226//9395
f 6230//9396 6226//9396 6225//9396
f 6219//9397 6220//9397 6221//9397
f 6219//9398 6221//9398 6222//9398
f 6219//9399 6222//9399 6223//9399
f 6219//9400 6223//9400 6224//9400
usemtl Mat_NeonCyan
f 6241//9401 6242//9401 6232//9401
f 6241//9402 6232//9402 6231//9402
f 6242//9403 6243//9403 6233//9403
f 6242//9404 6233//9404 6232//9404
f 6243//9405 6244//9405 6234//9405
f 6243//9406 6234//9406 6233//9406
f 6244//9407 6245//9407 6235//9407
f 6244//9408 6235//9408 6234//9408
f 6245//9409 6246//9409 6236//9409
f 6245//9410 6236//9410 6235//9410
f 6246//9411 6247//9411 6237//9411
f 6246//9412 6237//9412 6236//9412
f 6247//9413 6248//9413 6238//9413
f 6247//9414 6238//9414 6237//9414
f 6248//9415 6249//9415 6239//9415
f 6248//9416 6239//9416 6238//9416
f 6249//9417 6250//9417 6240//9417
f 6249//9418 6240//9418 6239//9418
f 6250//9419 6241//9419 6231//9419
f 6250//9420 6231//9420 6240//9420
f 6250//9421 6249//9421 6248//9421
f 6250//9422 6248//9422 6247//9422
f 6250//9423 6247//9423 6246//9423
f 6250//9424 6246//9424 6245//9424
f 6250//9425 6245//9425 6244//9425
f 6250//9426 6244//9426 6243//9426
f 6250//9427 6243//9427 6242//9427
f 6250//9428 6242//9428 6241//9428
f 6231//9429 6232//9429 6233//9429
f 6231//9430 6233//9430 6234//9430
f 6231//9431 6234//9431 6235//9431
f 6231//9432 6235//9432 6236//9432
f 6231//9433 6236//9433 6237//9433
f 6231//9434 6237//9434 6238//9434
f 6231//9435 6238//9435 6239//9435
f 6231//9436 6239//9436 6240//9436
usemtl Mat_DarkMetal
f 6261//9437 6262//9437 6252//9437
f 6261//9438 6252//9438 6251//9438
f 6262//9439 6263//9439 6253//9439
f 6262//9440 6253//9440 6252//9440
f 6263//9441 6264//9441 6254//9441
f 6263//9442 6254//9442 6253//9442
f 6264//9443 6265//9443 6255//9443
f 6264//9444 6255//9444 6254//9444
f 6265//9445 6266//9445 6256//9445
f 6265//9446 6256//9446 6255//9446
f 6266//9447 6267//9447 6257//9447
f 6266//9448 6257//9448 6256//9448
f 6267//9449 6268//9449 6258//9449
f 6267//9450 6258//9450 6257//9450
f 6268//9451 6269//9451 6259//9451
f 6268//9452 6259//9452 6258//9452
f 6269//9453 6270//9453 6260//9453
f 6269//9454 6260//9454 6259//9454
f 6270//9455 6261//9455 6251//9455
f 6270//9456 6251//9456 6260//9456
f 6270//9457 6269//9457 6268//9457
f 6270//9458 6268//9458 6267//9458
f 6270//9459 6267//9459 6266//9459
f 6270//9460 6266//9460 6265//9460
f 6270//9461 6265//9461 6264//9461
f 6270//9462 6264//9462 6263//9462
f 6270//9463 6263//9463 6262//9463
f 6270//9464 6262//9464 6261//9464
f 6251//9465 6252//9465 6253//9465
f 6251//9466 6253//9466 6254//9466
f 6251//9467 6254//9467 6255//9467
f 6251//9468 6255//9468 6256//9468
f 6251//9469 6256//9469 6257//9469
f 6251//9470 6257//9470 6258//9470
f 6251//9471 6258//9471 6259//9471
f 6251//9472 6259//9472 6260//9472
usemtl Mat_Brass
f 6275//9473 6276//9473 6272//9473
f 6275//9474 6272//9474 6271//9474
f 6276//9475 6277//9475 6273//9475
f 6276//9476 6273//9476 6272//9476
f 6277//9477 6278//9477 6274//9477
f 6277//9478 6274//9478 6273//9478
f 6278//9479 6275//9479 6271//9479
f 6278//9480 6271//9480 6274//9480
f 6278//9481 6277//9481 6276//9481
f 6278//9482 6276//9482 6275//9482
f 6271//9483 6272//9483 6273//9483
f 6271//9484 6273//9484 6274//9484
