# Alien Wild West asset pack - OBJ fallback. Y up, 1 unit = 1 m.
mtllib AlienWildWest.mtl
o Bldg_Fountain_Body
v 4.24985 0.00000 1.76034
v 1.76034 0.00000 4.24985
v -1.76034 0.00000 4.24985
v -4.24985 0.00000 1.76034
v -4.24985 0.00000 -1.76034
v -1.76034 0.00000 -4.24985
v 1.76034 0.00000 -4.24985
v 4.24985 0.00000 -1.76034
v 4.24985 0.10000 1.76034
v 1.76034 0.10000 4.24985
v -1.76034 0.10000 4.24985
v -4.24985 0.10000 1.76034
v -4.24985 0.10000 -1.76034
v -1.76034 0.10000 -4.24985
v 1.76034 0.10000 -4.24985
v 4.24985 0.10000 -1.76034
v 3.78791 0.00000 1.56900
v 1.56900 0.00000 3.78791
v -1.56900 0.00000 3.78791
v -3.78791 0.00000 1.56900
v -3.78791 0.00000 -1.56900
v -1.56900 0.00000 -3.78791
v 1.56900 0.00000 -3.78791
v 3.78791 0.00000 -1.56900
v 3.78791 0.13000 1.56900
v 1.56900 0.13000 3.78791
v -1.56900 0.13000 3.78791
v -3.78791 0.13000 1.56900
v -3.78791 0.13000 -1.56900
v -1.56900 0.13000 -3.78791
v 1.56900 0.13000 -3.78791
v 3.78791 0.13000 -1.56900
v 3.32597 0.00000 1.37766
v 1.37766 0.00000 3.32597
v -1.37766 0.00000 3.32597
v -3.32597 0.00000 1.37766
v -3.32597 0.00000 -1.37766
v -1.37766 0.00000 -3.32597
v 1.37766 0.00000 -3.32597
v 3.32597 0.00000 -1.37766
v 3.32597 0.15000 1.37766
v 1.37766 0.15000 3.32597
v -1.37766 0.15000 3.32597
v -3.32597 0.15000 1.37766
v -3.32597 0.15000 -1.37766
v -1.37766 0.15000 -3.32597
v 1.37766 0.15000 -3.32597
v 3.32597 0.15000 -1.37766
v 3.71132 0.13000 0.99608
v 3.78523 0.13000 1.02670
v 3.40255 0.13000 1.95058
v 3.32864 0.13000 1.91996
v 3.71132 0.15000 0.99608
v 3.78523 0.15000 1.02670
v 3.40255 0.15000 1.95058
v 3.32864 0.15000 1.91996
v 1.91996 0.13000 3.32864
v 1.95058 0.13000 3.40255
v 1.02670 0.13000 3.78523
v 0.99608 0.13000 3.71132
v 1.91996 0.15000 3.32864
v 1.95058 0.15000 3.40255
v 1.02670 0.15000 3.78523
v 0.99608 0.15000 3.71132
v -0.99608 0.13000 3.71132
v -1.02670 0.13000 3.78523
v -1.95058 0.13000 3.40255
v -1.91996 0.13000 3.32864
v -0.99608 0.15000 3.71132
v -1.02670 0.15000 3.78523
v -1.95058 0.15000 3.40255
v -1.91996 0.15000 3.32864
v -3.32864 0.13000 1.91996
v -3.40255 0.13000 1.95058
v -3.78523 0.13000 1.02670
v -3.71132 0.13000 0.99608
v -3.32864 0.15000 1.91996
v -3.40255 0.15000 1.95058
v -3.78523 0.15000 1.02670
v -3.71132 0.15000 0.99608
v -3.71132 0.13000 -0.99608
v -3.78523 0.13000 -1.02670
v -3.40255 0.13000 -1.95058
v -3.32864 0.13000 -1.91996
v -3.71132 0.15000 -0.99608
v -3.78523 0.15000 -1.02670
v -3.40255 0.15000 -1.95058
v -3.32864 0.15000 -1.91996
v -1.91996 0.13000 -3.32864
v -1.95058 0.13000 -3.40255
v -1.02670 0.13000 -3.78523
v -0.99608 0.13000 -3.71132
v -1.91996 0.15000 -3.32864
v -1.95058 0.15000 -3.40255
v -1.02670 0.15000 -3.78523
v -0.99608 0.15000 -3.71132
v 0.99608 0.13000 -3.71132
v 1.02670 0.13000 -3.78523
v 1.95058 0.13000 -3.40255
v 1.91996 0.13000 -3.32864
v 0.99608 0.15000 -3.71132
v 1.02670 0.15000 -3.78523
v 1.95058 0.15000 -3.40255
v 1.91996 0.15000 -3.32864
v 3.32864 0.13000 -1.91996
v 3.40255 0.13000 -1.95058
v 3.78523 0.13000 -1.02670
v 3.71132 0.13000 -0.99608
v 3.32864 0.15000 -1.91996
v 3.40255 0.15000 -1.95058
v 3.78523 0.15000 -1.02670
v 3.71132 0.15000 -0.99608
v 3.20000 0.15000 1.32548
v 3.20000 0.85000 1.32548
v 1.32548 0.15000 3.20000
v 1.32548 0.85000 3.20000
v 2.78000 0.15000 1.15151
v 2.78000 0.85000 1.15151
v 1.15151 0.15000 2.78000
v 1.15151 0.85000 2.78000
v 3.32000 0.85000 1.37519
v 3.32000 0.99000 1.37519
v 1.37519 0.85000 3.32000
v 1.37519 0.99000 3.32000
v 2.70000 0.85000 1.11838
v 2.70000 0.99000 1.11838
v 1.11838 0.85000 2.70000
v 1.11838 0.99000 2.70000
v 2.14960 0.20000 2.36174
v 2.36174 0.20000 2.14960
v 2.40416 0.20000 2.19203
v 2.19203 0.20000 2.40416
v 2.14960 0.80000 2.36174
v 2.36174 0.80000 2.14960
v 2.40416 0.80000 2.19203
v 2.19203 0.80000 2.40416
v 1.32548 0.15000 3.20000
v 1.32548 0.85000 3.20000
v -1.32548 0.15000 3.20000
v -1.32548 0.85000 3.20000
v 1.15151 0.15000 2.78000
v 1.15151 0.85000 2.78000
v -1.15151 0.15000 2.78000
v -1.15151 0.85000 2.78000
v 1.37519 0.85000 3.32000
v 1.37519 0.99000 3.32000
v -1.37519 0.85000 3.32000
v -1.37519 0.99000 3.32000
v 1.11838 0.85000 2.70000
v 1.11838 0.99000 2.70000
v -1.11838 0.85000 2.70000
v -1.11838 0.99000 2.70000
v -0.15000 0.20000 3.19000
v 0.15000 0.20000 3.19000
v 0.15000 0.20000 3.25000
v -0.15000 0.20000 3.25000
v -0.15000 0.80000 3.19000
v 0.15000 0.80000 3.19000
v 0.15000 0.80000 3.25000
v -0.15000 0.80000 3.25000
v -1.32548 0.15000 3.20000
v -1.32548 0.85000 3.20000
v -3.20000 0.15000 1.32548
v -3.20000 0.85000 1.32548
v -1.15151 0.15000 2.78000
v -1.15151 0.85000 2.78000
v -2.78000 0.15000 1.15151
v -2.78000 0.85000 1.15151
v -1.37519 0.85000 3.32000
v -1.37519 0.99000 3.32000
v -3.32000 0.85000 1.37519
v -3.32000 0.99000 1.37519
v -1.11838 0.85000 2.70000
v -1.11838 0.99000 2.70000
v -2.70000 0.85000 1.11838
v -2.70000 0.99000 1.11838
v -2.36174 0.20000 2.14960
v -2.14960 0.20000 2.36174
v -2.19203 0.20000 2.40416
v -2.40416 0.20000 2.19203
v -2.36174 0.80000 2.14960
v -2.14960 0.80000 2.36174
v -2.19203 0.80000 2.40416
v -2.40416 0.80000 2.19203
v -3.20000 0.15000 1.32548
v -3.20000 0.85000 1.32548
v -3.20000 0.15000 -1.32548
v -3.20000 0.85000 -1.32548
v -2.78000 0.15000 1.15151
v -2.78000 0.85000 1.15151
v -2.78000 0.15000 -1.15151
v -2.78000 0.85000 -1.15151
v -3.32000 0.85000 1.37519
v -3.32000 0.99000 1.37519
v -3.32000 0.85000 -1.37519
v -3.32000 0.99000 -1.37519
v -2.70000 0.85000 1.11838
v -2.70000 0.99000 1.11838
v -2.70000 0.85000 -1.11838
v -2.70000 0.99000 -1.11838
v -3.19000 0.20000 -0.15000
v -3.19000 0.20000 0.15000
v -3.25000 0.20000 0.15000
v -3.25000 0.20000 -0.15000
v -3.19000 0.80000 -0.15000
v -3.19000 0.80000 0.15000
v -3.25000 0.80000 0.15000
v -3.25000 0.80000 -0.15000
v -3.20000 0.15000 -1.32548
v -3.20000 0.85000 -1.32548
v -1.32548 0.15000 -3.20000
v -1.32548 0.85000 -3.20000
v -2.78000 0.15000 -1.15151
v -2.78000 0.85000 -1.15151
v -1.15151 0.15000 -2.78000
v -1.15151 0.85000 -2.78000
v -3.32000 0.85000 -1.37519
v -3.32000 0.99000 -1.37519
v -1.37519 0.85000 -3.32000
v -1.37519 0.99000 -3.32000
v -2.70000 0.85000 -1.11838
v -2.70000 0.99000 -1.11838
v -1.11838 0.85000 -2.70000
v -1.11838 0.99000 -2.70000
v -2.14960 0.20000 -2.36174
v -2.36174 0.20000 -2.14960
v -2.40416 0.20000 -2.19203
v -2.19203 0.20000 -2.40416
v -2.14960 0.80000 -2.36174
v -2.36174 0.80000 -2.14960
v -2.40416 0.80000 -2.19203
v -2.19203 0.80000 -2.40416
v -1.32548 0.15000 -3.20000
v -1.32548 0.85000 -3.20000
v 1.32548 0.15000 -3.20000
v 1.32548 0.85000 -3.20000
v -1.15151 0.15000 -2.78000
v -1.15151 0.85000 -2.78000
v 1.15151 0.15000 -2.78000
v 1.15151 0.85000 -2.78000
v -1.37519 0.85000 -3.32000
v -1.37519 0.99000 -3.32000
v 1.37519 0.85000 -3.32000
v 1.37519 0.99000 -3.32000
v -1.11838 0.85000 -2.70000
v -1.11838 0.99000 -2.70000
v 1.11838 0.85000 -2.70000
v 1.11838 0.99000 -2.70000
v 0.15000 0.20000 -3.19000
v -0.15000 0.20000 -3.19000
v -0.15000 0.20000 -3.25000
v 0.15000 0.20000 -3.25000
v 0.15000 0.80000 -3.19000
v -0.15000 0.80000 -3.19000
v -0.15000 0.80000 -3.25000
v 0.15000 0.80000 -3.25000
v 1.32548 0.15000 -3.20000
v 1.32548 0.85000 -3.20000
v 3.20000 0.15000 -1.32548
v 3.20000 0.85000 -1.32548
v 1.15151 0.15000 -2.78000
v 1.15151 0.85000 -2.78000
v 2.78000 0.15000 -1.15151
v 2.78000 0.85000 -1.15151
v 1.37519 0.85000 -3.32000
v 1.37519 0.99000 -3.32000
v 3.32000 0.85000 -1.37519
v 3.32000 0.99000 -1.37519
v 1.11838 0.85000 -2.70000
v 1.11838 0.99000 -2.70000
v 2.70000 0.85000 -1.11838
v 2.70000 0.99000 -1.11838
v 2.36174 0.20000 -2.14960
v 2.14960 0.20000 -2.36174
v 2.19203 0.20000 -2.40416
v 2.40416 0.20000 -2.19203
v 2.36174 0.80000 -2.14960
v 2.14960 0.80000 -2.36174
v 2.19203 0.80000 -2.40416
v 2.40416 0.80000 -2.19203
v 3.20000 0.15000 -1.32548
v 3.20000 0.85000 -1.32548
v 3.20000 0.15000 1.32548
v 3.20000 0.85000 1.32548
v 2.78000 0.15000 -1.15151
v 2.78000 0.85000 -1.15151
v 2.78000 0.15000 1.15151
v 2.78000 0.85000 1.15151
v 3.32000 0.85000 -1.37519
v 3.32000 0.99000 -1.37519
v 3.32000 0.85000 1.37519
v 3.32000 0.99000 1.37519
v 2.70000 0.85000 -1.11838
v 2.70000 0.99000 -1.11838
v 2.70000 0.85000 1.11838
v 2.70000 0.99000 1.11838
v 3.19000 0.20000 0.15000
v 3.19000 0.20000 -0.15000
v 3.25000 0.20000 -0.15000
v 3.25000 0.20000 0.15000
v 3.19000 0.80000 0.15000
v 3.19000 0.80000 -0.15000
v 3.25000 0.80000 -0.15000
v 3.25000 0.80000 0.15000
v 3.15882 0.85000 1.14607
v 3.43598 0.85000 1.26087
v 3.32118 0.85000 1.53804
v 3.04402 0.85000 1.42323
v 3.15882 1.15000 1.14607
v 3.43598 1.15000 1.26087
v 3.32118 1.15000 1.53804
v 3.04402 1.15000 1.42323
v 1.42323 0.85000 3.04402
v 1.53804 0.85000 3.32118
v 1.26087 0.85000 3.43598
v 1.14607 0.85000 3.15882
v 1.42323 1.15000 3.04402
v 1.53804 1.15000 3.32118
v 1.26087 1.15000 3.43598
v 1.14607 1.15000 3.15882
v -1.14607 0.85000 3.15882
v -1.26087 0.85000 3.43598
v -1.53804 0.85000 3.32118
v -1.42323 0.85000 3.04402
v -1.14607 1.15000 3.15882
v -1.26087 1.15000 3.43598
v -1.53804 1.15000 3.32118
v -1.42323 1.15000 3.04402
v -3.04402 0.85000 1.42323
v -3.32118 0.85000 1.53804
v -3.43598 0.85000 1.26087
v -3.15882 0.85000 1.14607
v -3.04402 1.15000 1.42323
v -3.32118 1.15000 1.53804
v -3.43598 1.15000 1.26087
v -3.15882 1.15000 1.14607
v -3.15882 0.85000 -1.14607
v -3.43598 0.85000 -1.26087
v -3.32118 0.85000 -1.53804
v -3.04402 0.85000 -1.42323
v -3.15882 1.15000 -1.14607
v -3.43598 1.15000 -1.26087
v -3.32118 1.15000 -1.53804
v -3.04402 1.15000 -1.42323
v -1.42323 0.85000 -3.04402
v -1.53804 0.85000 -3.32118
v -1.26087 0.85000 -3.43598
v -1.14607 0.85000 -3.15882
v -1.42323 1.15000 -3.04402
v -1.53804 1.15000 -3.32118
v -1.26087 1.15000 -3.43598
v -1.14607 1.15000 -3.15882
v 1.14607 0.85000 -3.15882
v 1.26087 0.85000 -3.43598
v 1.53804 0.85000 -3.32118
v 1.42323 0.85000 -3.04402
v 1.14607 1.15000 -3.15882
v 1.26087 1.15000 -3.43598
v 1.53804 1.15000 -3.32118
v 1.42323 1.15000 -3.04402
v 3.04402 0.85000 -1.42323
v 3.32118 0.85000 -1.53804
v 3.43598 0.85000 -1.26087
v 3.15882 0.85000 -1.14607
v 3.04402 1.15000 -1.42323
v 3.32118 1.15000 -1.53804
v 3.43598 1.15000 -1.26087
v 3.15882 1.15000 -1.14607
v 2.61458 0.10000 1.08299
v 1.08299 0.10000 2.61458
v -1.08299 0.10000 2.61458
v -2.61458 0.10000 1.08299
v -2.61458 0.10000 -1.08299
v -1.08299 0.10000 -2.61458
v 1.08299 0.10000 -2.61458
v 2.61458 0.10000 -1.08299
v 2.61458 0.45000 1.08299
v 1.08299 0.45000 2.61458
v -1.08299 0.45000 2.61458
v -2.61458 0.45000 1.08299
v -2.61458 0.45000 -1.08299
v -1.08299 0.45000 -2.61458
v 1.08299 0.45000 -2.61458
v 2.61458 0.45000 -1.08299
v -0.65000 0.30000 3.20000
v 0.65000 0.30000 3.20000
v 0.65000 0.30000 3.26000
v -0.65000 0.30000 3.26000
v -0.65000 0.72000 3.20000
v 0.65000 0.72000 3.20000
v 0.65000 0.72000 3.26000
v -0.65000 0.72000 3.26000
v -0.32880 0.38040 3.26500
v -0.32880 0.53160 3.26500
v -0.36720 0.53160 3.26500
v -0.36720 0.38040 3.26500
v -0.48798 0.62215 3.26500
v -0.35371 0.50131 3.26500
v -0.32802 0.52985 3.26500
v -0.46229 0.65069 3.26500
v -0.34229 0.50131 3.26500
v -0.20802 0.62215 3.26500
v -0.23371 0.65069 3.26500
v -0.36798 0.52985 3.26500
v -0.31728 0.60600 3.26500
v -0.34800 0.63672 3.26500
v -0.37872 0.60600 3.26500
v -0.34800 0.57528 3.26500
v -0.10935 0.43136 3.26500
v 0.02130 0.62734 3.26500
v -0.01065 0.64864 3.26500
v -0.14130 0.45266 3.26500
v -0.02130 0.62734 3.26500
v 0.10935 0.43136 3.26500
v 0.14130 0.45266 3.26500
v 0.01065 0.64864 3.26500
v -0.09360 0.37080 3.26500
v 0.09360 0.37080 3.26500
v 0.09360 0.40920 3.26500
v -0.09360 0.40920 3.26500
v 0.24088 0.37283 3.26500
v 0.36947 0.63000 3.26500
v 0.33512 0.64717 3.26500
v 0.20653 0.39000 3.26500
v 0.32653 0.63000 3.26500
v 0.45512 0.37283 3.26500
v 0.48947 0.39000 3.26500
v 0.36088 0.64717 3.26500
v 0.47760 0.40920 3.26500
v 0.21840 0.40920 3.26500
v 0.21840 0.37080 3.26500
v 0.47760 0.37080 3.26500
v 0.37872 0.46680 3.26500
v 0.34800 0.49752 3.26500
v 0.31728 0.46680 3.26500
v 0.34800 0.43608 3.26500
v 2.47000 0.99000 -1.60000
v 2.44950 0.99000 -1.55050
v 2.40000 0.99000 -1.53000
v 2.35050 0.99000 -1.55050
v 2.33000 0.99000 -1.60000
v 2.35050 0.99000 -1.64950
v 2.40000 0.99000 -1.67000
v 2.44950 0.99000 -1.64950
v 2.47000 1.00500 -1.60000
v 2.44950 1.00500 -1.55050
v 2.40000 1.00500 -1.53000
v 2.35050 1.00500 -1.55050
v 2.33000 1.00500 -1.60000
v 2.35050 1.00500 -1.64950
v 2.40000 1.00500 -1.67000
v 2.44950 1.00500 -1.64950
v 2.62000 0.99000 -1.35000
v 2.59950 0.99000 -1.30050
v 2.55000 0.99000 -1.28000
v 2.50050 0.99000 -1.30050
v 2.48000 0.99000 -1.35000
v 2.50050 0.99000 -1.39950
v 2.55000 0.99000 -1.42000
v 2.59950 0.99000 -1.39950
v 2.62000 1.00500 -1.35000
v 2.59950 1.00500 -1.30050
v 2.55000 1.00500 -1.28000
v 2.50050 1.00500 -1.30050
v 2.48000 1.00500 -1.35000
v 2.50050 1.00500 -1.39950
v 2.55000 1.00500 -1.42000
v 2.59950 1.00500 -1.39950
v -2.83000 0.99000 0.30000
v -2.85050 0.99000 0.34950
v -2.90000 0.99000 0.37000
v -2.94950 0.99000 0.34950
v -2.97000 0.99000 0.30000
v -2.94950 0.99000 0.25050
v -2.90000 0.99000 0.23000
v -2.85050 0.99000 0.25050
v -2.83000 1.00500 0.30000
v -2.85050 1.00500 0.34950
v -2.90000 1.00500 0.37000
v -2.94950 1.00500 0.34950
v -2.97000 1.00500 0.30000
v -2.94950 1.00500 0.25050
v -2.90000 1.00500 0.23000
v -2.85050 1.00500 0.25050
v 0.00000 0.45000 0.00000
v 0.69291 0.45000 0.28701
v 0.28701 0.45000 0.69291
v -0.28701 0.45000 0.69291
v -0.69291 0.45000 0.28701
v -0.69291 0.45000 -0.28701
v -0.28701 0.45000 -0.69291
v 0.28701 0.45000 -0.69291
v 0.69291 0.45000 -0.28701
v 0.73910 0.60000 0.30615
v 0.30615 0.60000 0.73910
v -0.30615 0.60000 0.73910
v -0.73910 0.60000 0.30615
v -0.73910 0.60000 -0.30615
v -0.30615 0.60000 -0.73910
v 0.30615 0.60000 -0.73910
v 0.73910 0.60000 -0.30615
v 0.55433 0.75000 0.22961
v 0.22961 0.75000 0.55433
v -0.22961 0.75000 0.55433
v -0.55433 0.75000 0.22961
v -0.55433 0.75000 -0.22961
v -0.22961 0.75000 -0.55433
v 0.22961 0.75000 -0.55433
v 0.55433 0.75000 -0.22961
v 0.46194 1.00000 0.19134
v 0.19134 1.00000 0.46194
v -0.19134 1.00000 0.46194
v -0.46194 1.00000 0.19134
v -0.46194 1.00000 -0.19134
v -0.19134 1.00000 -0.46194
v 0.19134 1.00000 -0.46194
v 0.46194 1.00000 -0.19134
v 0.50813 1.50000 0.21048
v 0.21048 1.50000 0.50813
v -0.21048 1.50000 0.50813
v -0.50813 1.50000 0.21048
v -0.50813 1.50000 -0.21048
v -0.21048 1.50000 -0.50813
v 0.21048 1.50000 -0.50813
v 0.50813 1.50000 -0.21048
v 0.41575 1.75000 0.17221
v 0.17221 1.75000 0.41575
v -0.17221 1.75000 0.41575
v -0.41575 1.75000 0.17221
v -0.41575 1.75000 -0.17221
v -0.17221 1.75000 -0.41575
v 0.17221 1.75000 -0.41575
v 0.41575 1.75000 -0.17221
v 0.33260 1.95000 0.13777
v 0.13777 1.95000 0.33260
v -0.13777 1.95000 0.33260
v -0.33260 1.95000 0.13777
v -0.33260 1.95000 -0.13777
v -0.13777 1.95000 -0.33260
v 0.13777 1.95000 -0.33260
v 0.33260 1.95000 -0.13777
v 0.36955 2.15000 0.15307
v 0.15307 2.15000 0.36955
v -0.15307 2.15000 0.36955
v -0.36955 2.15000 0.15307
v -0.36955 2.15000 -0.15307
v -0.15307 2.15000 -0.36955
v 0.15307 2.15000 -0.36955
v 0.36955 2.15000 -0.15307
v 0.00000 2.15000 0.00000
v 0.57281 1.48000 0.23726
v 0.23726 1.48000 0.57281
v -0.23726 1.48000 0.57281
v -0.57281 1.48000 0.23726
v -0.57281 1.48000 -0.23726
v -0.23726 1.48000 -0.57281
v 0.23726 1.48000 -0.57281
v 0.57281 1.48000 -0.23726
v 0.57281 1.60000 0.23726
v 0.23726 1.60000 0.57281
v -0.23726 1.60000 0.57281
v -0.57281 1.60000 0.23726
v -0.57281 1.60000 -0.23726
v -0.23726 1.60000 -0.57281
v 0.23726 1.60000 -0.57281
v 0.57281 1.60000 -0.23726
v 0.43841 0.97500 0.43841
v 0.58841 1.04090 0.58841
v 0.43841 1.04090 0.65054
v 0.28841 1.04090 0.58841
v 0.22627 1.04090 0.43841
v 0.28841 1.04090 0.28841
v 0.43841 1.04090 0.22627
v 0.58841 1.04090 0.28841
v 0.65054 1.04090 0.43841
v 0.65054 1.20000 0.65054
v 0.43841 1.20000 0.73841
v 0.22627 1.20000 0.65054
v 0.13841 1.20000 0.43841
v 0.22627 1.20000 0.22627
v 0.43841 1.20000 0.13841
v 0.65054 1.20000 0.22627
v 0.73841 1.20000 0.43841
v 0.58841 1.35910 0.58841
v 0.43841 1.35910 0.65054
v 0.28841 1.35910 0.58841
v 0.22627 1.35910 0.43841
v 0.28841 1.35910 0.28841
v 0.43841 1.35910 0.22627
v 0.58841 1.35910 0.28841
v 0.65054 1.35910 0.43841
v 0.43841 1.42500 0.43841
v 0.61518 1.29000 0.43134
v 0.68254 1.34500 0.49870
v 0.59053 1.34500 0.52335
v 0.52317 1.34500 0.45599
v 0.54782 1.34500 0.36397
v 0.63984 1.34500 0.33932
v 0.70720 1.34500 0.40668
v 0.68254 1.45500 0.49870
v 0.59053 1.45500 0.52335
v 0.52317 1.45500 0.45599
v 0.54782 1.45500 0.36397
v 0.63984 1.45500 0.33932
v 0.70720 1.45500 0.40668
v 0.61518 1.51000 0.43134
v 0.43134 1.29000 0.61518
v 0.49870 1.34500 0.68254
v 0.40668 1.34500 0.70720
v 0.33932 1.34500 0.63984
v 0.36397 1.34500 0.54782
v 0.45599 1.34500 0.52317
v 0.52335 1.34500 0.59053
v 0.49870 1.45500 0.68254
v 0.40668 1.45500 0.70720
v 0.33932 1.45500 0.63984
v 0.36397 1.45500 0.54782
v 0.45599 1.45500 0.52317
v 0.52335 1.45500 0.59053
v 0.43134 1.51000 0.61518
v 0.67882 1.37000 0.49497
v 0.71418 1.42000 0.53033
v 0.65612 1.42000 0.53953
v 0.62944 1.42000 0.48715
v 0.67100 1.42000 0.44559
v 0.72337 1.42000 0.47228
v 0.67882 1.47000 0.49497
v 0.49497 1.37000 0.67882
v 0.53033 1.42000 0.71418
v 0.47228 1.42000 0.72337
v 0.44559 1.42000 0.67100
v 0.48715 1.42000 0.62944
v 0.53953 1.42000 0.65612
v 0.49497 1.47000 0.67882
v 0.62225 1.03000 0.62225
v 0.55725 1.06808 0.68725
v 0.53033 1.16000 0.71418
v 0.55725 1.25192 0.68725
v 0.62225 1.29000 0.62225
v 0.68725 1.25192 0.55725
v 0.71418 1.16000 0.53033
v 0.68725 1.06808 0.55725
v 0.67882 1.03000 0.67882
v 0.61382 1.06808 0.74382
v 0.58690 1.16000 0.77075
v 0.61382 1.25192 0.74382
v 0.67882 1.29000 0.67882
v 0.74382 1.25192 0.61382
v 0.77075 1.16000 0.58690
v 0.74382 1.06808 0.61382
v -0.43841 0.97500 0.43841
v -0.58841 1.04090 0.58841
v -0.65054 1.04090 0.43841
v -0.58841 1.04090 0.28841
v -0.43841 1.04090 0.22627
v -0.28841 1.04090 0.28841
v -0.22627 1.04090 0.43841
v -0.28841 1.04090 0.58841
v -0.43841 1.04090 0.65054
v -0.65054 1.20000 0.65054
v -0.73841 1.20000 0.43841
v -0.65054 1.20000 0.22627
v -0.43841 1.20000 0.13841
v -0.22627 1.20000 0.22627
v -0.13841 1.20000 0.43841
v -0.22627 1.20000 0.65054
v -0.43841 1.20000 0.73841
v -0.58841 1.35910 0.58841
v -0.65054 1.35910 0.43841
v -0.58841 1.35910 0.28841
v -0.43841 1.35910 0.22627
v -0.28841 1.35910 0.28841
v -0.22627 1.35910 0.43841
v -0.28841 1.35910 0.58841
v -0.43841 1.35910 0.65054
v -0.43841 1.42500 0.43841
v -0.43134 1.29000 0.61518
v -0.49870 1.34500 0.68254
v -0.52335 1.34500 0.59053
v -0.45599 1.34500 0.52317
v -0.36397 1.34500 0.54782
v -0.33932 1.34500 0.63984
v -0.40668 1.34500 0.70720
v -0.49870 1.45500 0.68254
v -0.52335 1.45500 0.59053
v -0.45599 1.45500 0.52317
v -0.36397 1.45500 0.54782
v -0.33932 1.45500 0.63984
v -0.40668 1.45500 0.70720
v -0.43134 1.51000 0.61518
v -0.61518 1.29000 0.43134
v -0.68254 1.34500 0.49870
v -0.70720 1.34500 0.40668
v -0.63984 1.34500 0.33932
v -0.54782 1.34500 0.36397
v -0.52317 1.34500 0.45599
v -0.59053 1.34500 0.52335
v -0.68254 1.45500 0.49870
v -0.70720 1.45500 0.40668
v -0.63984 1.45500 0.33932
v -0.54782 1.45500 0.36397
v -0.52317 1.45500 0.45599
v -0.59053 1.45500 0.52335
v -0.61518 1.51000 0.43134
v -0.49497 1.37000 0.67882
v -0.53033 1.42000 0.71418
v -0.53953 1.42000 0.65612
v -0.48715 1.42000 0.62944
v -0.44559 1.42000 0.67100
v -0.47228 1.42000 0.72337
v -0.49497 1.47000 0.67882
v -0.67882 1.37000 0.49497
v -0.71418 1.42000 0.53033
v -0.72337 1.42000 0.47228
v -0.67100 1.42000 0.44559
v -0.62944 1.42000 0.48715
v -0.65612 1.42000 0.53953
v -0.67882 1.47000 0.49497
v -0.62225 1.03000 0.62225
v -0.68725 1.06808 0.55725
v -0.71418 1.16000 0.53033
v -0.68725 1.25192 0.55725
v -0.62225 1.29000 0.62225
v -0.55725 1.25192 0.68725
v -0.53033 1.16000 0.71418
v -0.55725 1.06808 0.68725
v -0.67882 1.03000 0.67882
v -0.74382 1.06808 0.61382
v -0.77075 1.16000 0.58690
v -0.74382 1.25192 0.61382
v -0.67882 1.29000 0.67882
v -0.61382 1.25192 0.74382
v -0.58690 1.16000 0.77075
v -0.61382 1.06808 0.74382
v -0.43841 0.97500 -0.43841
v -0.58841 1.04090 -0.58841
v -0.43841 1.04090 -0.65054
v -0.28841 1.04090 -0.58841
v -0.22627 1.04090 -0.43841
v -0.28841 1.04090 -0.28841
v -0.43841 1.04090 -0.22627
v -0.58841 1.04090 -0.28841
v -0.65054 1.04090 -0.43841
v -0.65054 1.20000 -0.65054
v -0.43841 1.20000 -0.73841
v -0.22627 1.20000 -0.65054
v -0.13841 1.20000 -0.43841
v -0.22627 1.20000 -0.22627
v -0.43841 1.20000 -0.13841
v -0.65054 1.20000 -0.22627
v -0.73841 1.20000 -0.43841
v -0.58841 1.35910 -0.58841
v -0.43841 1.35910 -0.65054
v -0.28841 1.35910 -0.58841
v -0.22627 1.35910 -0.43841
v -0.28841 1.35910 -0.28841
v -0.43841 1.35910 -0.22627
v -0.58841 1.35910 -0.28841
v -0.65054 1.35910 -0.43841
v -0.43841 1.42500 -0.43841
v -0.61518 1.29000 -0.43134
v -0.68254 1.34500 -0.49870
v -0.59053 1.34500 -0.52335
v -0.52317 1.34500 -0.45599
v -0.54782 1.34500 -0.36397
v -0.63984 1.34500 -0.33932
v -0.70720 1.34500 -0.40668
v -0.68254 1.45500 -0.49870
v -0.59053 1.45500 -0.52335
v -0.52317 1.45500 -0.45599
v -0.54782 1.45500 -0.36397
v -0.63984 1.45500 -0.33932
v -0.70720 1.45500 -0.40668
v -0.61518 1.51000 -0.43134
v -0.43134 1.29000 -0.61518
v -0.49870 1.34500 -0.68254
v -0.40668 1.34500 -0.70720
v -0.33932 1.34500 -0.63984
v -0.36397 1.34500 -0.54782
v -0.45599 1.34500 -0.52317
v -0.52335 1.34500 -0.59053
v -0.49870 1.45500 -0.68254
v -0.40668 1.45500 -0.70720
v -0.33932 1.45500 -0.63984
v -0.36397 1.45500 -0.54782
v -0.45599 1.45500 -0.52317
v -0.52335 1.45500 -0.59053
v -0.43134 1.51000 -0.61518
v -0.67882 1.37000 -0.49497
v -0.71418 1.42000 -0.53033
v -0.65612 1.42000 -0.53953
v -0.62944 1.42000 -0.48715
v -0.67100 1.42000 -0.44559
v -0.72337 1.42000 -0.47228
v -0.67882 1.47000 -0.49497
v -0.49497 1.37000 -0.67882
v -0.53033 1.42000 -0.71418
v -0.47228 1.42000 -0.72337
v -0.44559 1.42000 -0.67100
v -0.48715 1.42000 -0.62944
v -0.53953 1.42000 -0.65612
v -0.49497 1.47000 -0.67882
v -0.62225 1.03000 -0.62225
v -0.55725 1.06808 -0.68725
v -0.53033 1.16000 -0.71418
v -0.55725 1.25192 -0.68725
v -0.62225 1.29000 -0.62225
v -0.68725 1.25192 -0.55725
v -0.71418 1.16000 -0.53033
v -0.68725 1.06808 -0.55725
v -0.67882 1.03000 -0.67882
v -0.61382 1.06808 -0.74382
v -0.58690 1.16000 -0.77075
v -0.61382 1.25192 -0.74382
v -0.67882 1.29000 -0.67882
v -0.74382 1.25192 -0.61382
v -0.77075 1.16000 -0.58690
v -0.74382 1.06808 -0.61382
v 0.43841 0.97500 -0.43841
v 0.58841 1.04090 -0.58841
v 0.65054 1.04090 -0.43841
v 0.58841 1.04090 -0.28841
v 0.43841 1.04090 -0.22627
v 0.28841 1.04090 -0.28841
v 0.22627 1.04090 -0.43841
v 0.28841 1.04090 -0.58841
v 0.43841 1.04090 -0.65054
v 0.65054 1.20000 -0.65054
v 0.73841 1.20000 -0.43841
v 0.65054 1.20000 -0.22627
v 0.43841 1.20000 -0.13841
v 0.22627 1.20000 -0.22627
v 0.13841 1.20000 -0.43841
v 0.22627 1.20000 -0.65054
v 0.43841 1.20000 -0.73841
v 0.58841 1.35910 -0.58841
v 0.65054 1.35910 -0.43841
v 0.58841 1.35910 -0.28841
v 0.43841 1.35910 -0.22627
v 0.28841 1.35910 -0.28841
v 0.22627 1.35910 -0.43841
v 0.28841 1.35910 -0.58841
v 0.43841 1.35910 -0.65054
v 0.43841 1.42500 -0.43841
v 0.43134 1.29000 -0.61518
v 0.49870 1.34500 -0.68254
v 0.52335 1.34500 -0.59053
v 0.45599 1.34500 -0.52317
v 0.36397 1.34500 -0.54782
v 0.33932 1.34500 -0.63984
v 0.40668 1.34500 -0.70720
v 0.49870 1.45500 -0.68254
v 0.52335 1.45500 -0.59053
v 0.45599 1.45500 -0.52317
v 0.36397 1.45500 -0.54782
v 0.33932 1.45500 -0.63984
v 0.40668 1.45500 -0.70720
v 0.43134 1.51000 -0.61518
v 0.61518 1.29000 -0.43134
v 0.68254 1.34500 -0.49870
v 0.70720 1.34500 -0.40668
v 0.63984 1.34500 -0.33932
v 0.54782 1.34500 -0.36397
v 0.52317 1.34500 -0.45599
v 0.59053 1.34500 -0.52335
v 0.68254 1.45500 -0.49870
v 0.70720 1.45500 -0.40668
v 0.63984 1.45500 -0.33932
v 0.54782 1.45500 -0.36397
v 0.52317 1.45500 -0.45599
v 0.59053 1.45500 -0.52335
v 0.61518 1.51000 -0.43134
v 0.49497 1.37000 -0.67882
v 0.53033 1.42000 -0.71418
v 0.53953 1.42000 -0.65612
v 0.48715 1.42000 -0.62944
v 0.44559 1.42000 -0.67100
v 0.47228 1.42000 -0.72337
v 0.49497 1.47000 -0.67882
v 0.67882 1.37000 -0.49497
v 0.71418 1.42000 -0.53033
v 0.72337 1.42000 -0.47228
v 0.67100 1.42000 -0.44559
v 0.62944 1.42000 -0.48715
v 0.65612 1.42000 -0.53953
v 0.67882 1.47000 -0.49497
v 0.62225 1.03000 -0.62225
v 0.68725 1.06808 -0.55725
v 0.71418 1.16000 -0.53033
v 0.68725 1.25192 -0.55725
v 0.62225 1.29000 -0.62225
v 0.55725 1.25192 -0.68725
v 0.53033 1.16000 -0.71418
v 0.55725 1.06808 -0.68725
v 0.67882 1.03000 -0.67882
v 0.74382 1.06808 -0.61382
v 0.77075 1.16000 -0.58690
v 0.74382 1.25192 -0.61382
v 0.67882 1.29000 -0.67882
v 0.61382 1.25192 -0.74382
v 0.58690 1.16000 -0.77075
v 0.61382 1.06808 -0.74382
v 0.00000 2.10000 0.00000
v 0.40000 2.10000 0.00000
v 0.32361 2.10000 0.23511
v 0.12361 2.10000 0.38042
v -0.12361 2.10000 0.38042
v -0.32361 2.10000 0.23511
v -0.40000 2.10000 0.00000
v -0.32361 2.10000 -0.23511
v -0.12361 2.10000 -0.38042
v 0.12361 2.10000 -0.38042
v 0.32361 2.10000 -0.23511
v 0.90000 2.18000 0.00000
v 0.72812 2.18000 0.52901
v 0.27812 2.18000 0.85595
v -0.27812 2.18000 0.85595
v -0.72812 2.18000 0.52901
v -0.90000 2.18000 0.00000
v -0.72812 2.18000 -0.52901
v -0.27812 2.18000 -0.85595
v 0.27812 2.18000 -0.85595
v 0.72812 2.18000 -0.52901
v 1.45000 2.38000 0.00000
v 1.17307 2.38000 0.85229
v 0.44807 2.38000 1.37903
v -0.44807 2.38000 1.37903
v -1.17307 2.38000 0.85229
v -1.45000 2.38000 0.00000
v -1.17307 2.38000 -0.85229
v -0.44807 2.38000 -1.37903
v 0.44807 2.38000 -1.37903
v 1.17307 2.38000 -0.85229
v 1.62000 2.55000 0.00000
v 1.31061 2.55000 0.95221
v 0.50061 2.55000 1.54071
v -0.50061 2.55000 1.54071
v -1.31061 2.55000 0.95221
v -1.62000 2.55000 0.00000
v -1.31061 2.55000 -0.95221
v -0.50061 2.55000 -1.54071
v 0.50061 2.55000 -1.54071
v 1.31061 2.55000 -0.95221
v 1.66000 2.62000 0.00000
v 1.34297 2.62000 0.97572
v 0.51297 2.62000 1.57875
v -0.51297 2.62000 1.57875
v -1.34297 2.62000 0.97572
v -1.66000 2.62000 0.00000
v -1.34297 2.62000 -0.97572
v -0.51297 2.62000 -1.57875
v 0.51297 2.62000 -1.57875
v 1.34297 2.62000 -0.97572
v 1.55000 2.64000 0.00000
v 1.25398 2.64000 0.91107
v 0.47898 2.64000 1.47414
v -0.47898 2.64000 1.47414
v -1.25398 2.64000 0.91107
v -1.55000 2.64000 0.00000
v -1.25398 2.64000 -0.91107
v -0.47898 2.64000 -1.47414
v 0.47898 2.64000 -1.47414
v 1.25398 2.64000 -0.91107
v 0.50000 2.50000 0.00000
v 0.40451 2.50000 0.29389
v 0.15451 2.50000 0.47553
v -0.15451 2.50000 0.47553
v -0.40451 2.50000 0.29389
v -0.50000 2.50000 0.00000
v -0.40451 2.50000 -0.29389
v -0.15451 2.50000 -0.47553
v 0.15451 2.50000 -0.47553
v 0.40451 2.50000 -0.29389
v 0.00000 2.50000 0.00000
v 1.66243 2.66243 0.00000
v 1.57757 2.66243 0.00000
v 1.57757 2.57757 0.00000
v 1.66243 2.57757 0.00000
v 1.34493 2.66243 0.97715
v 1.27628 2.66243 0.92727
v 1.27628 2.57757 0.92727
v 1.34493 2.57757 0.97715
v 0.51372 2.66243 1.58106
v 0.48750 2.66243 1.50036
v 0.48750 2.57757 1.50036
v 0.51372 2.57757 1.58106
v -0.51372 2.66243 1.58106
v -0.48750 2.66243 1.50036
v -0.48750 2.57757 1.50036
v -0.51372 2.57757 1.58106
v -1.34493 2.66243 0.97715
v -1.27628 2.66243 0.92727
v -1.27628 2.57757 0.92727
v -1.34493 2.57757 0.97715
v -1.66243 2.66243 0.00000
v -1.57757 2.66243 0.00000
v -1.57757 2.57757 0.00000
v -1.66243 2.57757 0.00000
v -1.34493 2.66243 -0.97715
v -1.27628 2.66243 -0.92727
v -1.27628 2.57757 -0.92727
v -1.34493 2.57757 -0.97715
v -0.51372 2.66243 -1.58106
v -0.48750 2.66243 -1.50036
v -0.48750 2.57757 -1.50036
v -0.51372 2.57757 -1.58106
v 0.51372 2.66243 -1.58106
v 0.48750 2.66243 -1.50036
v 0.48750 2.57757 -1.50036
v 0.51372 2.57757 -1.58106
v 1.34493 2.66243 -0.97715
v 1.27628 2.66243 -0.92727
v 1.27628 2.57757 -0.92727
v 1.34493 2.57757 -0.97715
v 0.00000 2.55000 0.00000
v 0.29564 2.55000 0.12246
v 0.12246 2.55000 0.29564
v -0.12246 2.55000 0.29564
v -0.29564 2.55000 0.12246
v -0.29564 2.55000 -0.12246
v -0.12246 2.55000 -0.29564
v 0.12246 2.55000 -0.29564
v 0.29564 2.55000 -0.12246
v 0.22173 2.80000 0.09184
v 0.09184 2.80000 0.22173
v -0.09184 2.80000 0.22173
v -0.22173 2.80000 0.09184
v -0.22173 2.80000 -0.09184
v -0.09184 2.80000 -0.22173
v 0.09184 2.80000 -0.22173
v 0.22173 2.80000 -0.09184
v 0.20325 3.20000 0.08419
v 0.08419 3.20000 0.20325
v -0.08419 3.20000 0.20325
v -0.20325 3.20000 0.08419
v -0.20325 3.20000 -0.08419
v -0.08419 3.20000 -0.20325
v 0.08419 3.20000 -0.20325
v 0.20325 3.20000 -0.08419
v 0.27716 3.35000 0.11481
v 0.11481 3.35000 0.27716
v -0.11481 3.35000 0.27716
v -0.27716 3.35000 0.11481
v -0.27716 3.35000 -0.11481
v -0.11481 3.35000 -0.27716
v 0.11481 3.35000 -0.27716
v 0.27716 3.35000 -0.11481
v 0.44346 3.45000 0.18369
v 0.18369 3.45000 0.44346
v -0.18369 3.45000 0.44346
v -0.44346 3.45000 0.18369
v -0.44346 3.45000 -0.18369
v -0.18369 3.45000 -0.44346
v 0.18369 3.45000 -0.44346
v 0.44346 3.45000 -0.18369
v 0.00000 3.45000 0.00000
v 0.50813 3.45000 0.21048
v 0.21048 3.45000 0.50813
v -0.21048 3.45000 0.50813
v -0.50813 3.45000 0.21048
v -0.50813 3.45000 -0.21048
v -0.21048 3.45000 -0.50813
v 0.21048 3.45000 -0.50813
v 0.50813 3.45000 -0.21048
v 0.50813 3.63000 0.21048
v 0.21048 3.63000 0.50813
v -0.21048 3.63000 0.50813
v -0.50813 3.63000 0.21048
v -0.50813 3.63000 -0.21048
v -0.21048 3.63000 -0.50813
v 0.21048 3.63000 -0.50813
v 0.50813 3.63000 -0.21048
v 0.41575 3.62000 0.17221
v 0.17221 3.62000 0.41575
v -0.17221 3.62000 0.41575
v -0.41575 3.62000 0.17221
v -0.41575 3.62000 -0.17221
v -0.17221 3.62000 -0.41575
v 0.17221 3.62000 -0.41575
v 0.41575 3.62000 -0.17221
v 0.41575 3.68000 0.17221
v 0.17221 3.68000 0.41575
v -0.17221 3.68000 0.41575
v -0.41575 3.68000 0.17221
v -0.41575 3.68000 -0.17221
v -0.17221 3.68000 -0.41575
v 0.17221 3.68000 -0.41575
v 0.41575 3.68000 -0.17221
v 0.06000 3.60000 0.00000
v 0.03000 3.60000 0.05196
v -0.03000 3.60000 0.05196
v -0.06000 3.60000 0.00000
v -0.03000 3.60000 -0.05196
v 0.03000 3.60000 -0.05196
v 0.06000 4.95000 0.00000
v 0.03000 4.95000 0.05196
v -0.03000 4.95000 0.05196
v -0.06000 4.95000 0.00000
v -0.03000 4.95000 -0.05196
v 0.03000 4.95000 -0.05196
v 0.42000 3.68000 0.00000
v 0.36373 3.68000 0.21000
v 0.21000 3.68000 0.36373
v 0.00000 3.68000 0.42000
v -0.21000 3.68000 0.36373
v -0.36373 3.68000 0.21000
v -0.42000 3.68000 0.00000
v -0.36373 3.68000 -0.21000
v -0.21000 3.68000 -0.36373
v -0.00000 3.68000 -0.42000
v 0.21000 3.68000 -0.36373
v 0.36373 3.68000 -0.21000
v 1.00000 4.88000 0.00000
v 0.86603 4.88000 0.50000
v 0.50000 4.88000 0.86603
v 0.00000 4.88000 1.00000
v -0.50000 4.88000 0.86603
v -0.86603 4.88000 0.50000
v -1.00000 4.88000 0.00000
v -0.86603 4.88000 -0.50000
v -0.50000 4.88000 -0.86603
v -0.00000 4.88000 -1.00000
v 0.50000 4.88000 -0.86603
v 0.86603 4.88000 -0.50000
v 1.40000 0.12000 3.40000
v 1.70000 0.12000 3.40000
v 1.70000 0.12000 3.70000
v 1.40000 0.12000 3.70000
v 1.40000 1.07000 3.40000
v 1.70000 1.07000 3.40000
v 1.70000 1.07000 3.70000
v 1.40000 1.07000 3.70000
v 1.35000 1.07000 3.35000
v 1.75000 1.07000 3.35000
v 1.75000 1.07000 3.75000
v 1.35000 1.07000 3.75000
v 1.35000 1.17000 3.35000
v 1.75000 1.17000 3.35000
v 1.75000 1.17000 3.75000
v 1.35000 1.17000 3.75000
v 1.59000 1.17000 3.55000
v 1.57000 1.17000 3.58464
v 1.53000 1.17000 3.58464
v 1.51000 1.17000 3.55000
v 1.53000 1.17000 3.51536
v 1.57000 1.17000 3.51536
v 1.59000 1.35000 3.55000
v 1.57000 1.35000 3.58464
v 1.53000 1.35000 3.58464
v 1.51000 1.35000 3.55000
v 1.53000 1.35000 3.51536
v 1.57000 1.35000 3.51536
v 1.55000 1.37910 3.54272
v 1.57598 1.36455 3.54636
v 1.57598 1.33545 3.55364
v 1.55000 1.32090 3.55728
v 1.52402 1.33545 3.55364
v 1.52402 1.36455 3.54636
v 1.55000 1.40910 3.66272
v 1.57598 1.39455 3.66636
v 1.57598 1.36545 3.67364
v 1.55000 1.35090 3.67728
v 1.52402 1.36545 3.67364
v 1.52402 1.39455 3.66636
v 1.62000 1.30000 3.55000
v 1.62000 1.27500 3.59330
v 1.62000 1.22500 3.59330
v 1.62000 1.20000 3.55000
v 1.62000 1.22500 3.50670
v 1.62000 1.27500 3.50670
v 1.47000 1.30000 3.55000
v 1.47000 1.27500 3.59330
v 1.47000 1.22500 3.59330
v 1.47000 1.20000 3.55000
v 1.47000 1.22500 3.50670
v 1.47000 1.27500 3.50670
v 1.55000 1.27000 3.68000
v 1.58000 1.30000 3.68000
v 1.55000 1.30000 3.71000
v 1.52000 1.30000 3.68000
v 1.55000 1.30000 3.65000
v 1.55000 1.33000 3.68000
v 1.71101 1.00467 3.59901
v 1.69364 1.00171 3.61003
v 1.69536 0.99362 3.59096
v 1.78223 0.85206 3.67023
v 1.76282 0.85347 3.67921
v 1.76496 0.84447 3.66056
v 1.76186 0.69932 3.75169
v 1.74306 0.70531 3.75823
v 1.74508 0.69537 3.74009
v 1.82000 0.58000 3.77000
v 1.79950 0.58000 3.81950
v 1.75000 0.58000 3.84000
v 1.70050 0.58000 3.81950
v 1.68000 0.58000 3.77000
v 1.70050 0.58000 3.72050
v 1.75000 0.58000 3.70000
v 1.79950 0.58000 3.72050
v 1.81000 0.70000 3.77000
v 1.79243 0.70000 3.81243
v 1.75000 0.70000 3.83000
v 1.70757 0.70000 3.81243
v 1.69000 0.70000 3.77000
v 1.70757 0.70000 3.72757
v 1.75000 0.70000 3.71000
v 1.79243 0.70000 3.72757
v 2.32898 0.12000 3.70776
v 2.29224 0.12000 3.72898
v 2.27102 0.12000 3.69224
v 2.30776 0.12000 3.67102
v 2.32898 0.97000 3.70776
v 2.29224 0.97000 3.72898
v 2.27102 0.97000 3.69224
v 2.30776 0.97000 3.67102
v 2.08008 0.87000 3.65142
v 2.51475 0.87000 3.76789
v 2.50439 0.87000 3.80653
v 2.06973 0.87000 3.69006
v 2.08008 1.27000 3.65142
v 2.51475 1.27000 3.76789
v 2.50439 1.27000 3.80653
v 2.06973 1.27000 3.69006
v 2.28188 1.01000 3.76761
v 2.37390 1.06500 3.79227
v 2.32362 1.06500 3.79588
v 2.23160 1.06500 3.77122
v 2.18987 1.06500 3.74296
v 2.24014 1.06500 3.73935
v 2.33216 1.06500 3.76400
v 2.37390 1.17500 3.79227
v 2.32362 1.17500 3.79588
v 2.23160 1.17500 3.77122
v 2.18987 1.17500 3.74296
v 2.24014 1.17500 3.73935
v 2.33216 1.17500 3.76400
v 2.28188 1.23000 3.76761
v 2.22910 0.98000 3.73277
v 2.34501 0.98000 3.76383
v 2.33984 0.98000 3.78314
v 2.22393 0.98000 3.75209
v 2.22910 1.04000 3.73277
v 2.34501 1.04000 3.76383
v 2.33984 1.04000 3.78314
v 2.22393 1.04000 3.75209
v 2.13649 0.86000 3.70795
v 2.43763 1.04000 3.78864
v 2.43246 1.04000 3.80796
v 2.13131 0.86000 3.72727
v 2.11717 0.89464 3.70277
v 2.41831 1.07464 3.78347
v 2.41314 1.07464 3.80278
v 2.11199 0.89464 3.72209
v 2.13649 1.04000 3.70795
v 2.43763 0.86000 3.78864
v 2.43246 0.86000 3.80796
v 2.13131 1.04000 3.72727
v 2.15580 1.07464 3.71313
v 2.45695 0.89464 3.79382
v 2.45177 0.89464 3.81314
v 2.15063 1.07464 3.73245
v 2.23548 1.10000 3.78624
v 2.26446 1.13000 3.79400
v 2.22772 1.13000 3.81522
v 2.20650 1.13000 3.77848
v 2.24325 1.13000 3.75726
v 2.23548 1.16000 3.78624
v 2.31276 1.10000 3.80695
v 2.34173 1.13000 3.81471
v 2.30499 1.13000 3.83592
v 2.28378 1.13000 3.79918
v 2.32052 1.13000 3.77797
v 2.31276 1.16000 3.80695
vn 0.7071 0.0000 0.7071
vn 0.7071 0.0000 0.7071
vn 0.0000 0.0000 1.0000
vn 0.0000 0.0000 1.0000
vn -0.7071 0.0000 0.7071
vn -0.7071 0.0000 0.7071
vn -1.0000 0.0000 0.0000
vn -1.0000 0.0000 0.0000
vn -0.7071 0.0000 -0.7071
vn -0.7071 -0.0000 -0.7071
vn -0.0000 0.0000 -1.0000
vn -0.0000 -0.0000 -1.0000
vn 0.7071 0.0000 -0.7071
vn 0.7071 0.0000 -0.7071
vn 1.0000 0.0000 -0.0000
vn 1.0000 0.0000 -0.0000
vn 0.0000 1.0000 0.0000
vn 0.0000 1.0000 0.0000
vn 0.0000 1.0000 0.0000
vn 0.0000 1.0000 0.0000
vn 0.0000 1.0000 0.0000
vn 0.0000 1.0000 -0.0000
vn 0.0000 -1.0000 0.0000
vn 0.0000 -1.0000 0.0000
vn -0.0000 -1.0000 0.0000
vn 0.0000 -1.0000 0.0000
vn 0.0000 -1.0000 0.0000
vn 0.0000 -1.0000 0.0000
vn 0.7071 0.0000 0.7071
vn 0.7071 0.0000 0.7071
vn 0.0000 0.0000 1.0000
vn 0.0000 0.0000 1.0000
vn -0.7071 0.0000 0.7071
vn -0.7071 0.0000 0.7071
vn -1.0000 0.0000 0.0000
vn -1.0000 0.0000 0.0000
vn -0.7071 0.0000 -0.7071
vn -0.7071 -0.0000 -0.7071
vn -0.0000 0.0000 -1.0000
vn -0.0000 -0.0000 -1.0000
vn 0.7071 0.0000 -0.7071
vn 0.7071 0.0000 -0.7071
vn 1.0000 0.0000 -0.0000
vn 1.0000 0.0000 -0.0000
vn 0.0000 1.0000 0.0000
vn 0.0000 1.0000 0.0000
vn 0.0000 1.0000 0.0000
vn 0.0000 1.0000 0.0000
vn 0.0000 1.0000 0.0000
vn 0.0000 1.0000 -0.0000
vn 0.0000 -1.0000 0.0000
vn 0.0000 -1.0000 0.0000
vn -0.0000 -1.0000 0.0000
vn 0.0000 -1.0000 0.0000
vn 0.0000 -1.0000 0.0000
vn 0.0000 -1.0000 0.0000
vn 0.7071 0.0000 0.7071
vn 0.7071 0.0000 0.7071
vn 0.0000 0.0000 1.0000
vn 0.0000 0.0000 1.0000
vn -0.7071 0.0000 0.7071
vn -0.7071 0.0000 0.7071
vn -1.0000 0.0000 0.0000
vn -1.0000 0.0000 0.0000
vn -0.7071 0.0000 -0.7071
vn -0.7071 -0.0000 -0.7071
vn 0.0000 0.0000 -1.0000
vn 0.0000 0.0000 -1.0000
vn 0.7071 0.0000 -0.7071
vn 0.7071 0.0000 -0.7071
vn 1.0000 0.0000 -0.0000
vn 1.0000 0.0000 -0.0000
vn 0.0000 1.0000 0.0000
vn 0.0000 1.0000 0.0000
vn 0.0000 1.0000 0.0000
vn 0.0000 1.0000 0.0000
vn 0.0000 1.0000 0.0000
vn 0.0000 1.0000 -0.0000
vn 0.0000 -1.0000 0.0000
vn 0.0000 -1.0000 0.0000
vn -0.0000 -1.0000 0.0000
vn 0.0000 -1.0000 0.0000
vn 0.0000 -1.0000 0.0000
vn 0.0000 -1.0000 0.0000
vn -0.0000 1.0000 0.0000
vn 0.0000 1.0000 0.0000
vn 0.3827 0.0000 -0.9239
vn 0.3827 0.0000 -0.9239
vn 0.9239 0.0000 0.3827
vn 0.9239 0.0000 0.3827
vn -0.3827 0.0000 0.9239
vn -0.3827 0.0000 0.9239
vn -0.9239 0.0000 -0.3827
vn -0.9239 -0.0000 -0.3827
vn -0.0000 1.0000 0.0000
vn 0.0000 1.0000 0.0000
vn 0.9239 0.0000 -0.3827
vn 0.9239 0.0000 -0.3827
vn 0.3827 0.0000 0.9239
vn 0.3827 0.0000 0.9239
vn -0.9239 0.0000 0.3827
vn -0.9239 0.0000 0.3827
vn -0.3827 0.0000 -0.9239
vn -0.3827 -0.0000 -0.9239
vn 0.0000 1.0000 -0.0000
vn 0.0000 1.0000 0.0000
vn 0.9239 0.0000 0.3827
vn 0.9239 0.0000 0.3827
vn -0.3827 0.0000 0.9239
vn -0.3827 0.0000 0.9239
vn -0.9239 0.0000 -0.3827
vn -0.9239 -0.0000 -0.3827
vn 0.3827 0.0000 -0.9239
vn 0.3827 0.0000 -0.9239
vn 0.0000 1.0000 -0.0000
vn 0.0000 1.0000 0.0000
vn 0.3827 0.0000 0.9239
vn 0.3827 0.0000 0.9239
vn -0.9239 0.0000 0.3827
vn -0.9239 0.0000 0.3827
vn -0.3827 0.0000 -0.9239
vn -0.3827 -0.0000 -0.9239
vn 0.9239 0.0000 -0.3827
vn 0.9239 0.0000 -0.3827
vn 0.0000 1.0000 0.0000
vn 0.0000 1.0000 0.0000
vn -0.3827 0.0000 0.9239
vn -0.3827 0.0000 0.9239
vn -0.9239 0.0000 -0.3827
vn -0.9239 -0.0000 -0.3827
vn 0.3827 0.0000 -0.9239
vn 0.3827 0.0000 -0.9239
vn 0.9239 0.0000 0.3827
vn 0.9239 0.0000 0.3827
vn 0.0000 1.0000 0.0000
vn 0.0000 1.0000 0.0000
vn -0.9239 0.0000 0.3827
vn -0.9239 0.0000 0.3827
vn -0.3827 0.0000 -0.9239
vn -0.3827 -0.0000 -0.9239
vn 0.9239 0.0000 -0.3827
vn 0.9239 0.0000 -0.3827
vn 0.3827 0.0000 0.9239
vn 0.3827 0.0000 0.9239
vn 0.0000 1.0000 0.0000
vn 0.0000 1.0000 0.0000
vn -0.9239 0.0000 -0.3827
vn -0.9239 -0.0000 -0.3827
vn 0.3827 0.0000 -0.9239
vn 0.3827 0.0000 -0.9239
vn 0.9239 0.0000 0.3827
vn 0.9239 0.0000 0.3827
vn -0.3827 0.0000 0.9239
vn -0.3827 0.0000 0.9239
vn 0.0000 1.0000 0.0000
vn 0.0000 1.0000 0.0000
vn -0.3827 0.0000 -0.9239
vn -0.3827 -0.0000 -0.9239
vn 0.9239 0.0000 -0.3827
vn 0.9239 0.0000 -0.3827
vn 0.3827 0.0000 0.9239
vn 0.3827 0.0000 0.9239
vn -0.9239 0.0000 0.3827
vn -0.9239 0.0000 0.3827
vn 0.7071 0.0000 0.7071
vn 0.7071 -0.0000 0.7071
vn -0.0000 -1.0000 0.0000
vn 0.0000 -1.0000 0.0000
vn -0.9239 0.0000 0.3827
vn -0.9239 0.0000 0.3827
vn 0.3827 0.0000 -0.9239
vn 0.3827 0.0000 -0.9239
vn 0.0000 1.0000 -0.0000
vn 0.0000 1.0000 0.0000
vn -0.7071 -0.0000 -0.7071
vn -0.7071 0.0000 -0.7071
vn -0.0000 -1.0000 0.0000
vn 0.0000 -1.0000 0.0000
vn 0.7071 0.0000 0.7071
vn 0.7071 -0.0000 0.7071
vn -0.9239 0.0000 0.3827
vn -0.9239 0.0000 0.3827
vn 0.3827 0.0000 -0.9239
vn 0.3827 0.0000 -0.9239
vn 0.0000 1.0000 -0.0000
vn 0.0000 1.0000 0.0000
vn -0.7071 -0.0000 -0.7071
vn -0.7071 0.0000 -0.7071
vn 0.0000 1.0000 0.0000
vn 0.0000 1.0000 0.0000
vn -0.7071 0.0000 -0.7071
vn -0.7071 -0.0000 -0.7071
vn 0.7071 0.0000 -0.7071
vn 0.7071 0.0000 -0.7071
vn 0.7071 0.0000 0.7071
vn 0.7071 0.0000 0.7071
vn -0.7071 0.0000 0.7071
vn -0.7071 0.0000 0.7071
vn 0.0000 -1.0000 0.0000
vn 0.0000 -1.0000 0.0000
vn 0.0000 -0.0000 1.0000
vn 0.0000 0.0000 1.0000
vn 0.0000 -1.0000 0.0000
vn 0.0000 -1.0000 0.0000
vn -0.9239 0.0000 -0.3827
vn -0.9239 0.0000 -0.3827
vn 0.9239 0.0000 -0.3827
vn 0.9239 0.0000 -0.3827
vn 0.0000 1.0000 -0.0000
vn 0.0000 1.0000 -0.0000
vn 0.0000 0.0000 -1.0000
vn -0.0000 0.0000 -1.0000
vn 0.0000 -0.0000 1.0000
vn 0.0000 0.0000 1.0000
vn 0.0000 -1.0000 0.0000
vn 0.0000 -1.0000 0.0000
vn -0.9239 0.0000 -0.3827
vn -0.9239 0.0000 -0.3827
vn 0.9239 0.0000 -0.3827
vn 0.9239 0.0000 -0.3827
vn 0.0000 1.0000 -0.0000
vn 0.0000 1.0000 -0.0000
vn 0.0000 0.0000 -1.0000
vn -0.0000 0.0000 -1.0000
vn -0.0000 1.0000 0.0000
vn 0.0000 1.0000 0.0000
vn 0.0000 0.0000 -1.0000
vn 0.0000 0.0000 -1.0000
vn 1.0000 0.0000 -0.0000
vn 1.0000 0.0000 0.0000
vn 0.0000 0.0000 1.0000
vn 0.0000 0.0000 1.0000
vn -1.0000 0.0000 -0.0000
vn -1.0000 -0.0000 0.0000
vn 0.0000 -1.0000 0.0000
vn 0.0000 -1.0000 0.0000
vn -0.0000 -1.0000 0.0000
vn 0.0000 -1.0000 0.0000
vn -0.7071 0.0000 0.7071
vn -0.7071 0.0000 0.7071
vn -0.3827 -0.0000 -0.9239
vn -0.3827 -0.0000 -0.9239
vn 0.9239 0.0000 0.3827
vn 0.9239 0.0000 0.3827
vn 0.7071 0.0000 -0.7071
vn 0.7071 0.0000 -0.7071
vn 0.0000 1.0000 0.0000
vn 0.0000 1.0000 -0.0000
vn -0.0000 -1.0000 0.0000
vn 0.0000 -1.0000 0.0000
vn -0.7071 0.0000 0.7071
vn -0.7071 0.0000 0.7071
vn -0.3827 -0.0000 -0.9239
vn -0.3827 -0.0000 -0.9239
vn 0.9239 0.0000 0.3827
vn 0.9239 0.0000 0.3827
vn 0.7071 0.0000 -0.7071
vn 0.7071 0.0000 -0.7071
vn 0.0000 1.0000 0.0000
vn 0.0000 1.0000 -0.0000
vn 0.0000 1.0000 0.0000
vn -0.0000 1.0000 0.0000
vn 0.7071 0.0000 -0.7071
vn 0.7071 0.0000 -0.7071
vn 0.7071 0.0000 0.7071
vn 0.7071 0.0000 0.7071
vn -0.7071 0.0000 0.7071
vn -0.7071 0.0000 0.7071
vn -0.7071 0.0000 -0.7071
vn -0.7071 -0.0000 -0.7071
vn -0.0000 -1.0000 0.0000
vn 0.0000 -1.0000 0.0000
vn -0.0000 -1.0000 -0.0000
vn -0.0000 -1.0000 0.0000
vn -1.0000 0.0000 0.0000
vn -1.0000 0.0000 0.0000
vn 0.3827 0.0000 -0.9239
vn 0.3827 0.0000 -0.9239
vn 0.3827 0.0000 0.9239
vn 0.3827 0.0000 0.9239
vn 1.0000 -0.0000 0.0000
vn 1.0000 0.0000 0.0000
vn 0.0000 1.0000 0.0000
vn 0.0000 1.0000 -0.0000
vn 0.3827 0.0000 0.9239
vn 0.3827 0.0000 0.9239
vn 0.0000 -1.0000 0.0000
vn 0.0000 -1.0000 0.0000
vn 1.0000 0.0000 -0.0000
vn 1.0000 0.0000 -0.0000
vn -1.0000 0.0000 0.0000
vn -1.0000 0.0000 0.0000
vn 0.0000 1.0000 0.0000
vn 0.0000 1.0000 0.0000
vn 0.3827 0.0000 -0.9239
vn 0.3827 0.0000 -0.9239
vn 0.0000 1.0000 0.0000
vn 0.0000 1.0000 0.0000
vn 1.0000 0.0000 -0.0000
vn 1.0000 0.0000 0.0000
vn 0.0000 0.0000 1.0000
vn 0.0000 0.0000 1.0000
vn -1.0000 0.0000 -0.0000
vn -1.0000 -0.0000 0.0000
vn 0.0000 0.0000 -1.0000
vn 0.0000 0.0000 -1.0000
vn -0.0000 -1.0000 0.0000
vn 0.0000 -1.0000 -0.0000
vn -0.7071 -0.0000 -0.7071
vn -0.7071 0.0000 -0.7071
vn 0.0000 -1.0000 0.0000
vn 0.0000 -1.0000 0.0000
vn 0.9239 0.0000 -0.3827
vn 0.9239 0.0000 -0.3827
vn -0.3827 0.0000 0.9239
vn -0.3827 0.0000 0.9239
vn 0.0000 1.0000 0.0000
vn 0.0000 1.0000 0.0000
vn 0.7071 0.0000 0.7071
vn 0.7071 -0.0000 0.7071
vn 0.0000 -1.0000 0.0000
vn 0.0000 -1.0000 0.0000
vn -0.7071 -0.0000 -0.7071
vn -0.7071 0.0000 -0.7071
vn 0.9239 0.0000 -0.3827
vn 0.9239 0.0000 -0.3827
vn -0.3827 0.0000 0.9239
vn -0.3827 0.0000 0.9239
vn 0.0000 1.0000 0.0000
vn 0.0000 1.0000 0.0000
vn 0.7071 0.0000 0.7071
vn 0.7071 -0.0000 0.7071
vn 0.0000 1.0000 0.0000
vn 0.0000 1.0000 -0.0000
vn 0.7071 0.0000 0.7071
vn 0.7071 0.0000 0.7071
vn -0.7071 0.0000 0.7071
vn -0.7071 0.0000 0.7071
vn -0.7071 0.0000 -0.7071
vn -0.7071 -0.0000 -0.7071
vn 0.7071 0.0000 -0.7071
vn 0.7071 0.0000 -0.7071
vn 0.0000 -1.0000 -0.0000
vn 0.0000 -1.0000 0.0000
vn 0.0000 0.0000 -1.0000
vn 0.0000 0.0000 -1.0000
vn 0.9239 0.0000 0.3827
vn 0.9239 0.0000 0.3827
vn 0.0000 -1.0000 0.0000
vn 0.0000 -1.0000 0.0000
vn 0.0000 1.0000 0.0000
vn 0.0000 1.0000 0.0000
vn -0.9239 0.0000 0.3827
vn -0.9239 0.0000 0.3827
vn -0.0000 0.0000 1.0000
vn -0.0000 0.0000 1.0000
vn 0.0000 -1.0000 0.0000
vn 0.0000 -1.0000 0.0000
vn 0.0000 0.0000 -1.0000
vn 0.0000 0.0000 -1.0000
vn 0.9239 0.0000 0.3827
vn 0.9239 0.0000 0.3827
vn -0.9239 0.0000 0.3827
vn -0.9239 0.0000 0.3827
vn 0.0000 1.0000 0.0000
vn 0.0000 1.0000 0.0000
vn -0.0000 0.0000 1.0000
vn -0.0000 0.0000 1.0000
vn 0.0000 1.0000 0.0000
vn 0.0000 1.0000 -0.0000
vn 0.0000 0.0000 1.0000
vn 0.0000 0.0000 1.0000
vn -1.0000 0.0000 -0.0000
vn -1.0000 -0.0000 0.0000
vn 0.0000 0.0000 -1.0000
vn 0.0000 0.0000 -1.0000
vn 1.0000 0.0000 -0.0000
vn 1.0000 0.0000 0.0000
vn 0.0000 -1.0000 0.0000
vn 0.0000 -1.0000 0.0000
vn 0.0000 -1.0000 -0.0000
vn 0.0000 -1.0000 0.0000
vn -0.9239 -0.0000 -0.3827
vn -0.9239 -0.0000 -0.3827
vn -0.7071 0.0000 0.7071
vn -0.7071 0.0000 0.7071
vn 0.7071 0.0000 -0.7071
vn 0.7071 0.0000 -0.7071
vn 0.3827 0.0000 0.9239
vn 0.3827 0.0000 0.9239
vn 0.0000 1.0000 -0.0000
vn 0.0000 1.0000 0.0000
vn 0.0000 -1.0000 -0.0000
vn 0.0000 -1.0000 0.0000
vn -0.9239 -0.0000 -0.3827
vn -0.9239 -0.0000 -0.3827
vn -0.7071 0.0000 0.7071
vn -0.7071 0.0000 0.7071
vn 0.7071 0.0000 -0.7071
vn 0.7071 0.0000 -0.7071
vn 0.3827 0.0000 0.9239
vn 0.3827 0.0000 0.9239
vn 0.0000 1.0000 -0.0000
vn 0.0000 1.0000 0.0000
vn 0.0000 1.0000 0.0000
vn 0.0000 1.0000 0.0000
vn -0.7071 0.0000 0.7071
vn -0.7071 0.0000 0.7071
vn -0.7071 0.0000 -0.7071
vn -0.7071 -0.0000 -0.7071
vn 0.7071 0.0000 -0.7071
vn 0.7071 0.0000 -0.7071
vn 0.7071 0.0000 0.7071
vn 0.7071 0.0000 0.7071
vn 0.0000 -1.0000 0.0000
vn 0.0000 -1.0000 0.0000
vn -0.3827 0.0000 -0.9239
vn -0.3827 -0.0000 -0.9239
vn 0.0000 -1.0000 0.0000
vn 0.0000 -1.0000 0.0000
vn -1.0000 0.0000 0.0000
vn -1.0000 -0.0000 -0.0000
vn 1.0000 -0.0000 0.0000
vn 1.0000 0.0000 0.0000
vn 0.0000 1.0000 0.0000
vn 0.0000 1.0000 0.0000
vn -0.3827 0.0000 0.9239
vn -0.3827 0.0000 0.9239
vn 0.0000 -1.0000 0.0000
vn 0.0000 -1.0000 0.0000
vn 1.0000 0.0000 0.0000
vn 1.0000 0.0000 0.0000
vn -0.3827 0.0000 0.9239
vn -0.3827 0.0000 0.9239
vn -0.3827 0.0000 -0.9239
vn -0.3827 0.0000 -0.9239
vn -0.0000 1.0000 0.0000
vn 0.0000 1.0000 -0.0000
vn -1.0000 -0.0000 -0.0000
vn -1.0000 0.0000 -0.0000
vn 0.0000 1.0000 0.0000
vn 0.0000 1.0000 0.0000
vn -1.0000 0.0000 -0.0000
vn -1.0000 -0.0000 0.0000
vn 0.0000 0.0000 -1.0000
vn 0.0000 0.0000 -1.0000
vn 1.0000 0.0000 -0.0000
vn 1.0000 0.0000 0.0000
vn 0.0000 0.0000 1.0000
vn 0.0000 0.0000 1.0000
vn 0.0000 -1.0000 0.0000
vn 0.0000 -1.0000 0.0000
vn -0.0000 1.0000 0.0000
vn 0.0000 1.0000 0.0000
vn 0.3827 0.0000 -0.9239
vn 0.3827 0.0000 -0.9239
vn 0.9239 0.0000 0.3827
vn 0.9239 0.0000 0.3827
vn -0.3827 0.0000 0.9239
vn -0.3827 0.0000 0.9239
vn -0.9239 0.0000 -0.3827
vn -0.9239 -0.0000 -0.3827
vn 0.0000 -1.0000 0.0000
vn -0.0000 -1.0000 0.0000
vn 0.0000 1.0000 0.0000
vn -0.0000 1.0000 0.0000
vn 0.9239 0.0000 -0.3827
vn 0.9239 0.0000 -0.3827
vn 0.3827 0.0000 0.9239
vn 0.3827 0.0000 0.9239
vn -0.9239 0.0000 0.3827
vn -0.9239 0.0000 0.3827
vn -0.3827 0.0000 -0.9239
vn -0.3827 -0.0000 -0.9239
vn -0.0000 -1.0000 0.0000
vn 0.0000 -1.0000 0.0000
vn 0.0000 1.0000 -0.0000
vn 0.0000 1.0000 0.0000
vn 0.9239 0.0000 0.3827
vn 0.9239 0.0000 0.3827
vn -0.3827 0.0000 0.9239
vn -0.3827 0.0000 0.9239
vn -0.9239 0.0000 -0.3827
vn -0.9239 -0.0000 -0.3827
vn 0.3827 0.0000 -0.9239
vn 0.3827 0.0000 -0.9239
vn 0.0000 -1.0000 0.0000
vn 0.0000 -1.0000 -0.0000
vn 0.0000 1.0000 0.0000
vn 0.0000 1.0000 -0.0000
vn 0.3827 0.0000 0.9239
vn 0.3827 0.0000 0.9239
vn -0.9239 0.0000 0.3827
vn -0.9239 0.0000 0.3827
vn -0.3827 0.0000 -0.9239
vn -0.3827 -0.0000 -0.9239
vn 0.9239 0.0000 -0.3827
vn 0.9239 0.0000 -0.3827
vn 0.0000 -1.0000 -0.0000
vn 0.0000 -1.0000 0.0000
vn 0.0000 1.0000 0.0000
vn 0.0000 1.0000 0.0000
vn -0.3827 0.0000 0.9239
vn -0.3827 0.0000 0.9239
vn -0.9239 0.0000 -0.3827
vn -0.9239 -0.0000 -0.3827
vn 0.3827 0.0000 -0.9239
vn 0.3827 0.0000 -0.9239
vn 0.9239 0.0000 0.3827
vn 0.9239 0.0000 0.3827
vn 0.0000 -1.0000 0.0000
vn 0.0000 -1.0000 0.0000
vn 0.0000 1.0000 0.0000
vn 0.0000 1.0000 0.0000
vn -0.9239 0.0000 0.3827
vn -0.9239 0.0000 0.3827
vn -0.3827 0.0000 -0.9239
vn -0.3827 -0.0000 -0.9239
vn 0.9239 0.0000 -0.3827
vn 0.9239 0.0000 -0.3827
vn 0.3827 0.0000 0.9239
vn 0.3827 0.0000 0.9239
vn 0.0000 -1.0000 0.0000
vn 0.0000 -1.0000 0.0000
vn 0.0000 1.0000 0.0000
vn 0.0000 1.0000 0.0000
vn -0.9239 0.0000 -0.3827
vn -0.9239 -0.0000 -0.3827
vn 0.3827 0.0000 -0.9239
vn 0.3827 0.0000 -0.9239
vn 0.9239 0.0000 0.3827
vn 0.9239 0.0000 0.3827
vn -0.3827 0.0000 0.9239
vn -0.3827 0.0000 0.9239
vn 0.0000 -1.0000 0.0000
vn 0.0000 -1.0000 0.0000
vn 0.0000 1.0000 0.0000
vn 0.0000 1.0000 0.0000
vn -0.3827 0.0000 -0.9239
vn -0.3827 -0.0000 -0.9239
vn 0.9239 0.0000 -0.3827
vn 0.9239 0.0000 -0.3827
vn 0.3827 0.0000 0.9239
vn 0.3827 0.0000 0.9239
vn -0.9239 0.0000 0.3827
vn -0.9239 0.0000 0.3827
vn 0.0000 -1.0000 0.0000
vn 0.0000 -1.0000 0.0000
vn 0.7071 0.0000 0.7071
vn 0.7071 0.0000 0.7071
vn 0.0000 0.0000 1.0000
vn 0.0000 0.0000 1.0000
vn -0.7071 0.0000 0.7071
vn -0.7071 0.0000 0.7071
vn -1.0000 0.0000 -0.0000
vn -1.0000 -0.0000 0.0000
vn -0.7071 0.0000 -0.7071
vn -0.7071 -0.0000 -0.7071
vn -0.0000 0.0000 -1.0000
vn -0.0000 -0.0000 -1.0000
vn 0.7071 0.0000 -0.7071
vn 0.7071 0.0000 -0.7071
vn 1.0000 0.0000 -0.0000
vn 1.0000 0.0000 -0.0000
vn 0.0000 1.0000 0.0000
vn 0.0000 1.0000 0.0000
vn 0.0000 1.0000 0.0000
vn 0.0000 1.0000 0.0000
vn 0.0000 1.0000 0.0000
vn 0.0000 1.0000 -0.0000
vn 0.0000 -1.0000 0.0000
vn 0.0000 -1.0000 0.0000
vn -0.0000 -1.0000 0.0000
vn 0.0000 -1.0000 0.0000
vn 0.0000 -1.0000 0.0000
vn 0.0000 -1.0000 0.0000
vn -0.0000 1.0000 0.0000
vn 0.0000 1.0000 0.0000
vn 0.0000 0.0000 -1.0000
vn 0.0000 0.0000 -1.0000
vn 1.0000 0.0000 -0.0000
vn 1.0000 0.0000 0.0000
vn 0.0000 0.0000 1.0000
vn 0.0000 0.0000 1.0000
vn -1.0000 0.0000 -0.0000
vn -1.0000 -0.0000 0.0000
vn 0.0000 -1.0000 0.0000
vn 0.0000 -1.0000 0.0000
vn 0.0000 -0.0000 1.0000
vn 0.0000 0.0000 1.0000
vn 0.0000 0.0000 1.0000
vn -0.0000 0.0000 1.0000
vn 0.0000 0.0000 1.0000
vn 0.0000 -0.0000 1.0000
vn 0.0000 0.0000 1.0000
vn 0.0000 0.0000 1.0000
vn 0.0000 0.0000 1.0000
vn 0.0000 -0.0000 1.0000
vn 0.0000 0.0000 1.0000
vn -0.0000 0.0000 1.0000
vn 0.0000 0.0000 1.0000
vn 0.0000 0.0000 1.0000
vn 0.0000 0.0000 1.0000
vn 0.0000 -0.0000 1.0000
vn 0.0000 0.0000 1.0000
vn -0.0000 0.0000 1.0000
vn 0.0000 0.0000 1.0000
vn 0.0000 0.0000 1.0000
vn 0.0000 0.0000 1.0000
vn 0.0000 0.0000 1.0000
vn 0.9239 0.0000 0.3827
vn 0.9239 0.0000 0.3827
vn 0.3827 0.0000 0.9239
vn 0.3827 0.0000 0.9239
vn -0.3827 0.0000 0.9239
vn -0.3827 0.0000 0.9239
vn -0.9239 0.0000 0.3827
vn -0.9239 0.0000 0.3827
vn -0.9239 0.0000 -0.3827
vn -0.9239 -0.0000 -0.3827
vn -0.3827 0.0000 -0.9239
vn -0.3827 -0.0000 -0.9239
vn 0.3827 0.0000 -0.9239
vn 0.3827 0.0000 -0.9239
vn 0.9239 0.0000 -0.3827
vn 0.9239 0.0000 -0.3827
vn 0.0000 1.0000 0.0000
vn 0.0000 1.0000 0.0000
vn 0.0000 1.0000 0.0000
vn 0.0000 1.0000 0.0000
vn 0.0000 1.0000 -0.0000
vn 0.0000 1.0000 0.0000
vn 0.0000 -1.0000 0.0000
vn 0.0000 -1.0000 0.0000
vn 0.0000 -1.0000 0.0000
vn -0.0000 -1.0000 0.0000
vn 0.0000 -1.0000 0.0000
vn 0.0000 -1.0000 0.0000
vn 0.9239 0.0000 0.3827
vn 0.9239 0.0000 0.3827
vn 0.3827 0.0000 0.9239
vn 0.3827 0.0000 0.9239
vn -0.3827 0.0000 0.9239
vn -0.3827 0.0000 0.9239
vn -0.9239 0.0000 0.3827
vn -0.9239 0.0000 0.3827
vn -0.9239 0.0000 -0.3827
vn -0.9239 -0.0000 -0.3827
vn -0.3827 0.0000 -0.9239
vn -0.3827 -0.0000 -0.9239
vn 0.3827 0.0000 -0.9239
vn 0.3827 0.0000 -0.9239
vn 0.9239 0.0000 -0.3827
vn 0.9239 0.0000 -0.3827
vn 0.0000 1.0000 0.0000
vn 0.0000 1.0000 0.0000
vn 0.0000 1.0000 0.0000
vn 0.0000 1.0000 0.0000
vn 0.0000 1.0000 -0.0000
vn 0.0000 1.0000 0.0000
vn 0.0000 -1.0000 0.0000
vn 0.0000 -1.0000 0.0000
vn 0.0000 -1.0000 0.0000
vn -0.0000 -1.0000 0.0000
vn 0.0000 -1.0000 0.0000
vn 0.0000 -1.0000 0.0000
vn 0.9239 0.0000 0.3827
vn 0.9239 0.0000 0.3827
vn 0.3827 0.0000 0.9239
vn 0.3827 0.0000 0.9239
vn -0.3827 0.0000 0.9239
vn -0.3827 0.0000 0.9239
vn -0.9239 0.0000 0.3827
vn -0.9239 0.0000 0.3827
vn -0.9239 0.0000 -0.3827
vn -0.9239 -0.0000 -0.3827
vn -0.3827 0.0000 -0.9239
vn -0.3827 -0.0000 -0.9239
vn 0.3827 0.0000 -0.9239
vn 0.3827 0.0000 -0.9239
vn 0.9239 0.0000 -0.3827
vn 0.9239 0.0000 -0.3827
vn 0.0000 1.0000 0.0000
vn 0.0000 1.0000 0.0000
vn 0.0000 1.0000 0.0000
vn 0.0000 1.0000 0.0000
vn 0.0000 1.0000 -0.0000
vn 0.0000 1.0000 0.0000
vn 0.0000 -1.0000 0.0000
vn 0.0000 -1.0000 0.0000
vn 0.0000 -1.0000 0.0000
vn -0.0000 -1.0000 0.0000
vn 0.0000 -1.0000 0.0000
vn 0.0000 -1.0000 0.0000
vn -0.0000 -1.0000 0.0000
vn -0.0000 -1.0000 0.0000
vn 0.0000 -1.0000 -0.0000
vn 0.0000 -1.0000 -0.0000
vn 0.0000 -1.0000 0.0000
vn 0.0000 -1.0000 0.0000
vn 0.0000 -1.0000 0.0000
vn 0.0000 -1.0000 0.0000
vn 0.6758 -0.2943 0.6758
vn 0.6758 -0.2943 0.6758
vn 0.0000 -0.2943 0.9557
vn 0.0000 -0.2943 0.9557
vn -0.6758 -0.2943 0.6758
vn -0.6758 -0.2943 0.6758
vn -0.9557 -0.2943 0.0000
vn -0.9557 -0.2943 0.0000
vn -0.6758 -0.2943 -0.6758
vn -0.6758 -0.2943 -0.6758
vn -0.0000 -0.2943 -0.9557
vn -0.0000 -0.2943 -0.9557
vn 0.6758 -0.2943 -0.6758
vn 0.6758 -0.2943 -0.6758
vn 0.9557 -0.2943 -0.0000
vn 0.9557 -0.2943 -0.0000
vn 0.4457 0.7764 0.4457
vn 0.4457 0.7764 0.4457
vn 0.0000 0.7764 0.6303
vn 0.0000 0.7764 0.6303
vn -0.4457 0.7764 0.4457
vn -0.4457 0.7764 0.4457
vn -0.6303 0.7764 0.0000
vn -0.6303 0.7764 0.0000
vn -0.4457 0.7764 -0.4457
vn -0.4457 0.7764 -0.4457
vn -0.0000 0.7764 -0.6303
vn -0.0000 0.7764 -0.6303
vn 0.4457 0.7764 -0.4457
vn 0.4457 0.7764 -0.4457
vn 0.6303 0.7764 -0.0000
vn 0.6303 0.7764 -0.0000
vn 0.6633 0.3466 0.6633
vn 0.6633 0.3466 0.6633
vn 0.0000 0.3466 0.9380
vn 0.0000 0.3466 0.9380
vn -0.6633 0.3466 0.6633
vn -0.6633 0.3466 0.6633
vn -0.9380 0.3466 0.0000
vn -0.9380 0.3466 0.0000
vn -0.6633 0.3466 -0.6633
vn -0.6633 0.3466 -0.6633
vn -0.0000 0.3466 -0.9380
vn -0.0000 0.3466 -0.9380
vn 0.6633 0.3466 -0.6633
vn 0.6633 0.3466 -0.6633
vn 0.9380 0.3466 -0.0000
vn 0.9380 0.3466 -0.0000
vn 0.7041 -0.0920 0.7041
vn 0.7041 -0.0920 0.7041
vn 0.0000 -0.0920 0.9958
vn 0.0000 -0.0920 0.9958
vn -0.7041 -0.0920 0.7041
vn -0.7041 -0.0920 0.7041
vn -0.9958 -0.0920 0.0000
vn -0.9958 -0.0920 0.0000
vn -0.7041 -0.0920 -0.7041
vn -0.7041 -0.0920 -0.7041
vn -0.0000 -0.0920 -0.9958
vn -0.0000 -0.0920 -0.9958
vn 0.7041 -0.0920 -0.7041
vn 0.7041 -0.0920 -0.7041
vn 0.9958 -0.0920 -0.0000
vn 0.9958 -0.0920 -0.0000
vn 0.6633 0.3466 0.6633
vn 0.6633 0.3466 0.6633
vn 0.0000 0.3466 0.9380
vn 0.0000 0.3466 0.9380
vn -0.6633 0.3466 0.6633
vn -0.6633 0.3466 0.6633
vn -0.9380 0.3466 0.0000
vn -0.9380 0.3466 0.0000
vn -0.6633 0.3466 -0.6633
vn -0.6633 0.3466 -0.6633
vn 0.0000 0.3466 -0.9380
vn -0.0000 0.3466 -0.9380
vn 0.6633 0.3466 -0.6633
vn 0.6633 0.3466 -0.6633
vn 0.9380 0.3466 -0.0000
vn 0.9380 0.3466 -0.0000
vn 0.6529 0.3839 0.6529
vn 0.6529 0.3839 0.6529
vn 0.0000 0.3839 0.9234
vn 0.0000 0.3839 0.9234
vn -0.6529 0.3839 0.6529
vn -0.6529 0.3839 0.6529
vn -0.9234 0.3839 0.0000
vn -0.9234 0.3839 0.0000
vn -0.6529 0.3839 -0.6529
vn -0.6529 0.3839 -0.6529
vn -0.0000 0.3839 -0.9234
vn 0.0000 0.3839 -0.9234
vn 0.6529 0.3839 -0.6529
vn 0.6529 0.3839 -0.6529
vn 0.9234 0.3839 -0.0000
vn 0.9234 0.3839 -0.0000
vn 0.6953 -0.1817 0.6953
vn 0.6953 -0.1817 0.6953
vn 0.0000 -0.1817 0.9834
vn 0.0000 -0.1817 0.9834
vn -0.6953 -0.1817 0.6953
vn -0.6953 -0.1817 0.6953
vn -0.9834 -0.1817 0.0000
vn -0.9834 -0.1817 0.0000
vn -0.6953 -0.1817 -0.6953
vn -0.6953 -0.1817 -0.6953
vn -0.0000 -0.1817 -0.9834
vn -0.0000 -0.1817 -0.9834
vn 0.6953 -0.1817 -0.6953
vn 0.6953 -0.1817 -0.6953
vn 0.9834 -0.1817 -0.0000
vn 0.9834 -0.1817 -0.0000
vn 0.0000 1.0000 0.0000
vn 0.0000 1.0000 -0.0000
vn 0.0000 1.0000 0.0000
vn 0.0000 1.0000 0.0000
vn 0.0000 1.0000 0.0000
vn 0.0000 1.0000 0.0000
vn 0.0000 1.0000 0.0000
vn -0.0000 1.0000 0.0000
vn 0.7071 0.0000 0.7071
vn 0.7071 0.0000 0.7071
vn 0.0000 0.0000 1.0000
vn 0.0000 0.0000 1.0000
vn -0.7071 0.0000 0.7071
vn -0.7071 0.0000 0.7071
vn -1.0000 0.0000 0.0000
vn -1.0000 0.0000 0.0000
vn -0.7071 0.0000 -0.7071
vn -0.7071 -0.0000 -0.7071
vn -0.0000 0.0000 -1.0000
vn -0.0000 -0.0000 -1.0000
vn 0.7071 0.0000 -0.7071
vn 0.7071 0.0000 -0.7071
vn 1.0000 0.0000 -0.0000
vn 1.0000 0.0000 -0.0000
vn 0.0000 1.0000 0.0000
vn 0.0000 1.0000 0.0000
vn 0.0000 1.0000 0.0000
vn 0.0000 1.0000 0.0000
vn 0.0000 1.0000 0.0000
vn 0.0000 1.0000 -0.0000
vn 0.0000 -1.0000 0.0000
vn 0.0000 -1.0000 0.0000
vn -0.0000 -1.0000 0.0000
vn 0.0000 -1.0000 0.0000
vn 0.0000 -1.0000 0.0000
vn 0.0000 -1.0000 0.0000
vn 0.1220 -0.9478 0.2945
vn -0.1220 -0.9478 0.2945
vn -0.2945 -0.9478 0.1220
vn -0.2945 -0.9478 -0.1220
vn -0.1220 -0.9478 -0.2945
vn 0.1220 -0.9478 -0.2945
vn 0.2945 -0.9478 -0.1220
vn 0.2945 -0.9478 0.1220
vn 0.3409 -0.4545 0.8229
vn 0.3409 -0.4545 0.8229
vn -0.3409 -0.4545 0.8229
vn -0.3409 -0.4545 0.8229
vn -0.8229 -0.4545 0.3409
vn -0.8229 -0.4545 0.3409
vn -0.8229 -0.4545 -0.3409
vn -0.8229 -0.4545 -0.3409
vn -0.3409 -0.4545 -0.8229
vn -0.3409 -0.4545 -0.8229
vn 0.3409 -0.4545 -0.8229
vn 0.3409 -0.4545 -0.8229
vn 0.8229 -0.4545 -0.3409
vn 0.8229 -0.4545 -0.3409
vn 0.8229 -0.4545 0.3409
vn 0.8229 -0.4545 0.3409
vn 0.3409 0.4545 0.8229
vn 0.3409 0.4545 0.8229
vn -0.3409 0.4545 0.8229
vn -0.3409 0.4545 0.8229
vn -0.8229 0.4545 0.3409
vn -0.8229 0.4545 0.3409
vn -0.8229 0.4545 -0.3409
vn -0.8229 0.4545 -0.3409
vn -0.3409 0.4545 -0.8229
vn -0.3409 0.4545 -0.8229
vn 0.3409 0.4545 -0.8229
vn 0.3409 0.4545 -0.8229
vn 0.8229 0.4545 -0.3409
vn 0.8229 0.4545 -0.3409
vn 0.8229 0.4545 0.3409
vn 0.8229 0.4545 0.3409
vn 0.1220 0.9478 0.2945
vn -0.1220 0.9478 0.2945
vn -0.2945 0.9478 0.1220
vn -0.2945 0.9478 -0.1220
vn -0.1220 0.9478 -0.2945
vn 0.1220 0.9478 -0.2945
vn 0.2945 0.9478 -0.1220
vn 0.2945 0.9478 0.1220
vn 0.1436 -0.8321 0.5358
vn -0.3922 -0.8321 0.3922
vn -0.5358 -0.8321 -0.1436
vn -0.1436 -0.8321 -0.5358
vn 0.3922 -0.8321 -0.3922
vn 0.5358 -0.8321 0.1436
vn 0.2588 0.0000 0.9659
vn 0.2588 0.0000 0.9659
vn -0.7071 0.0000 0.7071
vn -0.7071 0.0000 0.7071
vn -0.9659 0.0000 -0.2588
vn -0.9659 -0.0000 -0.2588
vn -0.2588 0.0000 -0.9659
vn -0.2588 -0.0000 -0.9659
vn 0.7071 0.0000 -0.7071
vn 0.7071 0.0000 -0.7071
vn 0.9659 0.0000 0.2588
vn 0.9659 0.0000 0.2588
vn 0.1436 0.8321 0.5358
vn -0.3922 0.8321 0.3922
vn -0.5358 0.8321 -0.1436
vn -0.1436 0.8321 -0.5358
vn 0.3922 0.8321 -0.3922
vn 0.5358 0.8321 0.1436
vn 0.1436 -0.8321 0.5358
vn -0.3922 -0.8321 0.3922
vn -0.5358 -0.8321 -0.1436
vn -0.1436 -0.8321 -0.5358
vn 0.3922 -0.8321 -0.3922
vn 0.5358 -0.8321 0.1436
vn 0.2588 0.0000 0.9659
vn 0.2588 0.0000 0.9659
vn -0.7071 0.0000 0.7071
vn -0.7071 0.0000 0.7071
vn -0.9659 0.0000 -0.2588
vn -0.9659 -0.0000 -0.2588
vn -0.2588 0.0000 -0.9659
vn -0.2588 -0.0000 -0.9659
vn 0.7071 0.0000 -0.7071
vn 0.7071 0.0000 -0.7071
vn 0.9659 0.0000 0.2588
vn 0.9659 0.0000 0.2588
vn 0.1436 0.8321 0.5358
vn -0.3922 0.8321 0.3922
vn -0.5358 0.8321 -0.1436
vn -0.1436 0.8321 -0.5358
vn 0.3922 0.8321 -0.3922
vn 0.5358 0.8321 0.1436
vn 0.1216 -0.6290 0.7679
vn -0.6927 -0.6290 0.3529
vn -0.5497 -0.6290 -0.5497
vn 0.3529 -0.6290 -0.6927
vn 0.7679 -0.6290 0.1216
vn 0.1216 0.6290 0.7679
vn -0.6927 0.6290 0.3529
vn -0.5497 0.6290 -0.5497
vn 0.3529 0.6290 -0.6927
vn 0.7679 0.6290 0.1216
vn 0.1216 -0.6290 0.7679
vn -0.6927 -0.6290 0.3529
vn -0.5497 -0.6290 -0.5497
vn 0.3529 -0.6290 -0.6927
vn 0.7679 -0.6290 0.1216
vn 0.1216 0.6290 0.7679
vn -0.6927 0.6290 0.3529
vn -0.5497 0.6290 -0.5497
vn 0.3529 0.6290 -0.6927
vn 0.7679 0.6290 0.1216
vn -0.2706 -0.9239 0.2706
vn -0.2706 -0.9239 0.2706
vn -0.6533 -0.3827 0.6533
vn -0.6533 -0.3827 0.6533
vn -0.6533 0.3827 0.6533
vn -0.6533 0.3827 0.6533
vn -0.2706 0.9239 0.2706
vn -0.2706 0.9239 0.2706
vn 0.2706 0.9239 -0.2706
vn 0.2706 0.9239 -0.2706
vn 0.6533 0.3827 -0.6533
vn 0.6533 0.3827 -0.6533
vn 0.6533 -0.3827 -0.6533
vn 0.6533 -0.3827 -0.6533
vn 0.2706 -0.9239 -0.2706
vn 0.2706 -0.9239 -0.2706
vn 0.7071 -0.0000 0.7071
vn 0.7071 -0.0000 0.7071
vn 0.7071 0.0000 0.7071
vn 0.7071 -0.0000 0.7071
vn 0.7071 0.0000 0.7071
vn 0.7071 0.0000 0.7071
vn -0.7071 -0.0000 -0.7071
vn -0.7071 0.0000 -0.7071
vn -0.7071 0.0000 -0.7071
vn -0.7071 0.0000 -0.7071
vn -0.7071 0.0000 -0.7071
vn -0.7071 0.0000 -0.7071
vn -0.2945 -0.9478 0.1220
vn -0.2945 -0.9478 -0.1220
vn -0.1220 -0.9478 -0.2945
vn 0.1220 -0.9478 -0.2945
vn 0.2945 -0.9478 -0.1220
vn 0.2945 -0.9478 0.1220
vn 0.1220 -0.9478 0.2945
vn -0.1220 -0.9478 0.2945
vn -0.8229 -0.4545 0.3409
vn -0.8229 -0.4545 0.3409
vn -0.8229 -0.4545 -0.3409
vn -0.8229 -0.4545 -0.3409
vn -0.3409 -0.4545 -0.8229
vn -0.3409 -0.4545 -0.8229
vn 0.3409 -0.4545 -0.8229
vn 0.3409 -0.4545 -0.8229
vn 0.8229 -0.4545 -0.3409
vn 0.8229 -0.4545 -0.3409
vn 0.8229 -0.4545 0.3409
vn 0.8229 -0.4545 0.3409
vn 0.3409 -0.4545 0.8229
vn 0.3409 -0.4545 0.8229
vn -0.3409 -0.4545 0.8229
vn -0.3409 -0.4545 0.8229
vn -0.8229 0.4545 0.3409
vn -0.8229 0.4545 0.3409
vn -0.8229 0.4545 -0.3409
vn -0.8229 0.4545 -0.3409
vn -0.3409 0.4545 -0.8229
vn -0.3409 0.4545 -0.8229
vn 0.3409 0.4545 -0.8229
vn 0.3409 0.4545 -0.8229
vn 0.8229 0.4545 -0.3409
vn 0.8229 0.4545 -0.3409
vn 0.8229 0.4545 0.3409
vn 0.8229 0.4545 0.3409
vn 0.3409 0.4545 0.8229
vn 0.3409 0.4545 0.8229
vn -0.3409 0.4545 0.8229
vn -0.3409 0.4545 0.8229
vn -0.2945 0.9478 0.1220
vn -0.2945 0.9478 -0.1220
vn -0.1220 0.9478 -0.2945
vn 0.1220 0.9478 -0.2945
vn 0.2945 0.9478 -0.1220
vn 0.2945 0.9478 0.1220
vn 0.1220 0.9478 0.2945
vn -0.1220 0.9478 0.2945
vn -0.5358 -0.8321 0.1436
vn -0.3922 -0.8321 -0.3922
vn 0.1436 -0.8321 -0.5358
vn 0.5358 -0.8321 -0.1436
vn 0.3922 -0.8321 0.3922
vn -0.1436 -0.8321 0.5358
vn -0.9659 0.0000 0.2588
vn -0.9659 0.0000 0.2588
vn -0.7071 0.0000 -0.7071
vn -0.7071 -0.0000 -0.7071
vn 0.2588 0.0000 -0.9659
vn 0.2588 0.0000 -0.9659
vn 0.9659 0.0000 -0.2588
vn 0.9659 0.0000 -0.2588
vn 0.7071 0.0000 0.7071
vn 0.7071 0.0000 0.7071
vn -0.2588 0.0000 0.9659
vn -0.2588 0.0000 0.9659
vn -0.5358 0.8321 0.1436
vn -0.3922 0.8321 -0.3922
vn 0.1436 0.8321 -0.5358
vn 0.5358 0.8321 -0.1436
vn 0.3922 0.8321 0.3922
vn -0.1436 0.8321 0.5358
vn -0.5358 -0.8321 0.1436
vn -0.3922 -0.8321 -0.3922
vn 0.1436 -0.8321 -0.5358
vn 0.5358 -0.8321 -0.1436
vn 0.3922 -0.8321 0.3922
vn -0.1436 -0.8321 0.5358
vn -0.9659 0.0000 0.2588
vn -0.9659 0.0000 0.2588
vn -0.7071 0.0000 -0.7071
vn -0.7071 -0.0000 -0.7071
vn 0.2588 0.0000 -0.9659
vn 0.2588 0.0000 -0.9659
vn 0.9659 0.0000 -0.2588
vn 0.9659 0.0000 -0.2588
vn 0.7071 0.0000 0.7071
vn 0.7071 0.0000 0.7071
vn -0.2588 0.0000 0.9659
vn -0.2588 0.0000 0.9659
vn -0.5358 0.8321 0.1436
vn -0.3922 0.8321 -0.3922
vn 0.1436 0.8321 -0.5358
vn 0.5358 0.8321 -0.1436
vn 0.3922 0.8321 0.3922
vn -0.1436 0.8321 0.5358
vn -0.7679 -0.6290 0.1216
vn -0.3529 -0.6290 -0.6927
vn 0.5497 -0.6290 -0.5497
vn 0.6927 -0.6290 0.3529
vn -0.1216 -0.6290 0.7679
vn -0.7679 0.6290 0.1216
vn -0.3529 0.6290 -0.6927
vn 0.5497 0.6290 -0.5497
vn 0.6927 0.6290 0.3529
vn -0.1216 0.6290 0.7679
vn -0.7679 -0.6290 0.1216
vn -0.3529 -0.6290 -0.6927
vn 0.5497 -0.6290 -0.5497
vn 0.6927 -0.6290 0.3529
vn -0.1216 -0.6290 0.7679
vn -0.7679 0.6290 0.1216
vn -0.3529 0.6290 -0.6927
vn 0.5497 0.6290 -0.5497
vn 0.6927 0.6290 0.3529
vn -0.1216 0.6290 0.7679
vn -0.2706 -0.9239 -0.2706
vn -0.2706 -0.9239 -0.2706
vn -0.6533 -0.3827 -0.6533
vn -0.6533 -0.3827 -0.6533
vn -0.6533 0.3827 -0.6533
vn -0.6533 0.3827 -0.6533
vn -0.2706 0.9239 -0.2706
vn -0.2706 0.9239 -0.2706
vn 0.2706 0.9239 0.2706
vn 0.2706 0.9239 0.2706
vn 0.6533 0.3827 0.6533
vn 0.6533 0.3827 0.6533
vn 0.6533 -0.3827 0.6533
vn 0.6533 -0.3827 0.6533
vn 0.2706 -0.9239 0.2706
vn 0.2706 -0.9239 0.2706
vn -0.7071 -0.0000 0.7071
vn -0.7071 -0.0000 0.7071
vn -0.7071 0.0000 0.7071
vn -0.7071 -0.0000 0.7071
vn -0.7071 0.0000 0.7071
vn -0.7071 0.0000 0.7071
vn 0.7071 -0.0000 -0.7071
vn 0.7071 0.0000 -0.7071
vn 0.7071 0.0000 -0.7071
vn 0.7071 0.0000 -0.7071
vn 0.7071 0.0000 -0.7071
vn 0.7071 0.0000 -0.7071
vn -0.1220 -0.9478 -0.2945
vn 0.1220 -0.9478 -0.2945
vn 0.2945 -0.9478 -0.1220
vn 0.2945 -0.9478 0.1220
vn 0.1220 -0.9478 0.2945
vn -0.1220 -0.9478 0.2945
vn -0.2945 -0.9478 0.1220
vn -0.2945 -0.9478 -0.1220
vn -0.3409 -0.4545 -0.8229
vn -0.3409 -0.4545 -0.8229
vn 0.3409 -0.4545 -0.8229
vn 0.3409 -0.4545 -0.8229
vn 0.8229 -0.4545 -0.3409
vn 0.8229 -0.4545 -0.3409
vn 0.8229 -0.4545 0.3409
vn 0.8229 -0.4545 0.3409
vn 0.3409 -0.4545 0.8229
vn 0.3409 -0.4545 0.8229
vn -0.3409 -0.4545 0.8229
vn -0.3409 -0.4545 0.8229
vn -0.8229 -0.4545 0.3409
vn -0.8229 -0.4545 0.3409
vn -0.8229 -0.4545 -0.3409
vn -0.8229 -0.4545 -0.3409
vn -0.3409 0.4545 -0.8229
vn -0.3409 0.4545 -0.8229
vn 0.3409 0.4545 -0.8229
vn 0.3409 0.4545 -0.8229
vn 0.8229 0.4545 -0.3409
vn 0.8229 0.4545 -0.3409
vn 0.8229 0.4545 0.3409
vn 0.8229 0.4545 0.3409
vn 0.3409 0.4545 0.8229
vn 0.3409 0.4545 0.8229
vn -0.3409 0.4545 0.8229
vn -0.3409 0.4545 0.8229
vn -0.8229 0.4545 0.3409
vn -0.8229 0.4545 0.3409
vn -0.8229 0.4545 -0.3409
vn -0.8229 0.4545 -0.3409
vn -0.1220 0.9478 -0.2945
vn 0.1220 0.9478 -0.2945
vn 0.2945 0.9478 -0.1220
vn 0.2945 0.9478 0.1220
vn 0.1220 0.9478 0.2945
vn -0.1220 0.9478 0.2945
vn -0.2945 0.9478 0.1220
vn -0.2945 0.9478 -0.1220
vn -0.1436 -0.8321 -0.5358
vn 0.3922 -0.8321 -0.3922
vn 0.5358 -0.8321 0.1436
vn 0.1436 -0.8321 0.5358
vn -0.3922 -0.8321 0.3922
vn -0.5358 -0.8321 -0.1436
vn -0.2588 0.0000 -0.9659
vn -0.2588 -0.0000 -0.9659
vn 0.7071 0.0000 -0.7071
vn 0.7071 0.0000 -0.7071
vn 0.9659 0.0000 0.2588
vn 0.9659 0.0000 0.2588
vn 0.2588 0.0000 0.9659
vn 0.2588 0.0000 0.9659
vn -0.7071 0.0000 0.7071
vn -0.7071 0.0000 0.7071
vn -0.9659 0.0000 -0.2588
vn -0.9659 -0.0000 -0.2588
vn -0.1436 0.8321 -0.5358
vn 0.3922 0.8321 -0.3922
vn 0.5358 0.8321 0.1436
vn 0.1436 0.8321 0.5358
vn -0.3922 0.8321 0.3922
vn -0.5358 0.8321 -0.1436
vn -0.1436 -0.8321 -0.5358
vn 0.3922 -0.8321 -0.3922
vn 0.5358 -0.8321 0.1436
vn 0.1436 -0.8321 0.5358
vn -0.3922 -0.8321 0.3922
vn -0.5358 -0.8321 -0.1436
vn -0.2588 0.0000 -0.9659
vn -0.2588 -0.0000 -0.9659
vn 0.7071 0.0000 -0.7071
vn 0.7071 0.0000 -0.7071
vn 0.9659 0.0000 0.2588
vn 0.9659 0.0000 0.2588
vn 0.2588 0.0000 0.9659
vn 0.2588 0.0000 0.9659
vn -0.7071 0.0000 0.7071
vn -0.7071 0.0000 0.7071
vn -0.9659 0.0000 -0.2588
vn -0.9659 -0.0000 -0.2588
vn -0.1436 0.8321 -0.5358
vn 0.3922 0.8321 -0.3922
vn 0.5358 0.8321 0.1436
vn 0.1436 0.8321 0.5358
vn -0.3922 0.8321 0.3922
vn -0.5358 0.8321 -0.1436
vn -0.1216 -0.6290 -0.7679
vn 0.6927 -0.6290 -0.3529
vn 0.5497 -0.6290 0.5497
vn -0.3529 -0.6290 0.6927
vn -0.7679 -0.6290 -0.1216
vn -0.1216 0.6290 -0.7679
vn 0.6927 0.6290 -0.3529
vn 0.5497 0.6290 0.5497
vn -0.3529 0.6290 0.6927
vn -0.7679 0.6290 -0.1216
vn -0.1216 -0.6290 -0.7679
vn 0.6927 -0.6290 -0.3529
vn 0.5497 -0.6290 0.5497
vn -0.3529 -0.6290 0.6927
vn -0.7679 -0.6290 -0.1216
vn -0.1216 0.6290 -0.7679
vn 0.6927 0.6290 -0.3529
vn 0.5497 0.6290 0.5497
vn -0.3529 0.6290 0.6927
vn -0.7679 0.6290 -0.1216
vn 0.2706 -0.9239 -0.2706
vn 0.2706 -0.9239 -0.2706
vn 0.6533 -0.3827 -0.6533
vn 0.6533 -0.3827 -0.6533
vn 0.6533 0.3827 -0.6533
vn 0.6533 0.3827 -0.6533
vn 0.2706 0.9239 -0.2706
vn 0.2706 0.9239 -0.2706
vn -0.2706 0.9239 0.2706
vn -0.2706 0.9239 0.2706
vn -0.6533 0.3827 0.6533
vn -0.6533 0.3827 0.6533
vn -0.6533 -0.3827 0.6533
vn -0.6533 -0.3827 0.6533
vn -0.2706 -0.9239 0.2706
vn -0.2706 -0.9239 0.2706
vn -0.7071 -0.0000 -0.7071
vn -0.7071 -0.0000 -0.7071
vn -0.7071 0.0000 -0.7071
vn -0.7071 -0.0000 -0.7071
vn -0.7071 0.0000 -0.7071
vn -0.7071 -0.0000 -0.7071
vn 0.7071 -0.0000 0.7071
vn 0.7071 0.0000 0.7071
vn 0.7071 -0.0000 0.7071
vn 0.7071 -0.0000 0.7071
vn 0.7071 0.0000 0.7071
vn 0.7071 0.0000 0.7071
vn 0.2945 -0.9478 -0.1220
vn 0.2945 -0.9478 0.1220
vn 0.1220 -0.9478 0.2945
vn -0.1220 -0.9478 0.2945
vn -0.2945 -0.9478 0.1220
vn -0.2945 -0.9478 -0.1220
vn -0.1220 -0.9478 -0.2945
vn 0.1220 -0.9478 -0.2945
vn 0.8229 -0.4545 -0.3409
vn 0.8229 -0.4545 -0.3409
vn 0.8229 -0.4545 0.3409
vn 0.8229 -0.4545 0.3409
vn 0.3409 -0.4545 0.8229
vn 0.3409 -0.4545 0.8229
vn -0.3409 -0.4545 0.8229
vn -0.3409 -0.4545 0.8229
vn -0.8229 -0.4545 0.3409
vn -0.8229 -0.4545 0.3409
vn -0.8229 -0.4545 -0.3409
vn -0.8229 -0.4545 -0.3409
vn -0.3409 -0.4545 -0.8229
vn -0.3409 -0.4545 -0.8229
vn 0.3409 -0.4545 -0.8229
vn 0.3409 -0.4545 -0.8229
vn 0.8229 0.4545 -0.3409
vn 0.8229 0.4545 -0.3409
vn 0.8229 0.4545 0.3409
vn 0.8229 0.4545 0.3409
vn 0.3409 0.4545 0.8229
vn 0.3409 0.4545 0.8229
vn -0.3409 0.4545 0.8229
vn -0.3409 0.4545 0.8229
vn -0.8229 0.4545 0.3409
vn -0.8229 0.4545 0.3409
vn -0.8229 0.4545 -0.3409
vn -0.8229 0.4545 -0.3409
vn -0.3409 0.4545 -0.8229
vn -0.3409 0.4545 -0.8229
vn 0.3409 0.4545 -0.8229
vn 0.3409 0.4545 -0.8229
vn 0.2945 0.9478 -0.1220
vn 0.2945 0.9478 0.1220
vn 0.1220 0.9478 0.2945
vn -0.1220 0.9478 0.2945
vn -0.2945 0.9478 0.1220
vn -0.2945 0.9478 -0.1220
vn -0.1220 0.9478 -0.2945
vn 0.1220 0.9478 -0.2945
vn 0.5358 -0.8321 -0.1436
vn 0.3922 -0.8321 0.3922
vn -0.1436 -0.8321 0.5358
vn -0.5358 -0.8321 0.1436
vn -0.3922 -0.8321 -0.3922
vn 0.1436 -0.8321 -0.5358
vn 0.9659 0.0000 -0.2588
vn 0.9659 0.0000 -0.2588
vn 0.7071 0.0000 0.7071
vn 0.7071 0.0000 0.7071
vn -0.2588 0.0000 0.9659
vn -0.2588 0.0000 0.9659
vn -0.9659 0.0000 0.2588
vn -0.9659 0.0000 0.2588
vn -0.7071 0.0000 -0.7071
vn -0.7071 -0.0000 -0.7071
vn 0.2588 0.0000 -0.9659
vn 0.2588 0.0000 -0.9659
vn 0.5358 0.8321 -0.1436
vn 0.3922 0.8321 0.3922
vn -0.1436 0.8321 0.5358
vn -0.5358 0.8321 0.1436
vn -0.3922 0.8321 -0.3922
vn 0.1436 0.8321 -0.5358
vn 0.5358 -0.8321 -0.1436
vn 0.3922 -0.8321 0.3922
vn -0.1436 -0.8321 0.5358
vn -0.5358 -0.8321 0.1436
vn -0.3922 -0.8321 -0.3922
vn 0.1436 -0.8321 -0.5358
vn 0.9659 0.0000 -0.2588
vn 0.9659 0.0000 -0.2588
vn 0.7071 0.0000 0.7071
vn 0.7071 0.0000 0.7071
vn -0.2588 0.0000 0.9659
vn -0.2588 0.0000 0.9659
vn -0.9659 0.0000 0.2588
vn -0.9659 0.0000 0.2588
vn -0.7071 0.0000 -0.7071
vn -0.7071 -0.0000 -0.7071
vn 0.2588 0.0000 -0.9659
vn 0.2588 0.0000 -0.9659
vn 0.5358 0.8321 -0.1436
vn 0.3922 0.8321 0.3922
vn -0.1436 0.8321 0.5358
vn -0.5358 0.8321 0.1436
vn -0.3922 0.8321 -0.3922
vn 0.1436 0.8321 -0.5358
vn 0.7679 -0.6290 -0.1216
vn 0.3529 -0.6290 0.6927
vn -0.5497 -0.6290 0.5497
vn -0.6927 -0.6290 -0.3529
vn 0.1216 -0.6290 -0.7679
vn 0.7679 0.6290 -0.1216
vn 0.3529 0.6290 0.6927
vn -0.5497 0.6290 0.5497
vn -0.6927 0.6290 -0.3529
vn 0.1216 0.6290 -0.7679
vn 0.7679 -0.6290 -0.1216
vn 0.3529 -0.6290 0.6927
vn -0.5497 -0.6290 0.5497
vn -0.6927 -0.6290 -0.3529
vn 0.1216 -0.6290 -0.7679
vn 0.7679 0.6290 -0.1216
vn 0.3529 0.6290 0.6927
vn -0.5497 0.6290 0.5497
vn -0.6927 0.6290 -0.3529
vn 0.1216 0.6290 -0.7679
vn 0.2706 -0.9239 0.2706
vn 0.2706 -0.9239 0.2706
vn 0.6533 -0.3827 0.6533
vn 0.6533 -0.3827 0.6533
vn 0.6533 0.3827 0.6533
vn 0.6533 0.3827 0.6533
vn 0.2706 0.9239 0.2706
vn 0.2706 0.9239 0.2706
vn -0.2706 0.9239 -0.2706
vn -0.2706 0.9239 -0.2706
vn -0.6533 0.3827 -0.6533
vn -0.6533 0.3827 -0.6533
vn -0.6533 -0.3827 -0.6533
vn -0.6533 -0.3827 -0.6533
vn -0.2706 -0.9239 -0.2706
vn -0.2706 -0.9239 -0.2706
vn 0.7071 0.0000 -0.7071
vn 0.7071 0.0000 -0.7071
vn 0.7071 0.0000 -0.7071
vn 0.7071 0.0000 -0.7071
vn 0.7071 0.0000 -0.7071
vn 0.7071 -0.0000 -0.7071
vn -0.7071 -0.0000 0.7071
vn -0.7071 0.0000 0.7071
vn -0.7071 0.0000 0.7071
vn -0.7071 0.0000 0.7071
vn -0.7071 0.0000 0.7071
vn -0.7071 -0.0000 0.7071
vn 0.0000 -1.0000 0.0000
vn -0.0000 -1.0000 0.0000
vn -0.0000 -1.0000 0.0000
vn 0.0000 -1.0000 -0.0000
vn 0.0000 -1.0000 -0.0000
vn 0.0000 -1.0000 0.0000
vn 0.0000 -1.0000 0.0000
vn 0.0000 -1.0000 0.0000
vn 0.0000 -1.0000 0.0000
vn 0.0000 -1.0000 0.0000
vn 0.1578 -0.9861 0.0513
vn 0.1578 -0.9861 0.0513
vn 0.0975 -0.9861 0.1342
vn 0.0975 -0.9861 0.1342
vn 0.0000 -0.9861 0.1659
vn 0.0000 -0.9861 0.1659
vn -0.0975 -0.9861 0.1342
vn -0.0975 -0.9861 0.1342
vn -0.1578 -0.9861 0.0513
vn -0.1578 -0.9861 0.0513
vn -0.1578 -0.9861 -0.0513
vn -0.1578 -0.9861 -0.0513
vn -0.0975 -0.9861 -0.1342
vn -0.0975 -0.9861 -0.1342
vn -0.0000 -0.9861 -0.1659
vn 0.0000 -0.9861 -0.1659
vn 0.0975 -0.9861 -0.1342
vn 0.0975 -0.9861 -0.1342
vn 0.1578 -0.9861 -0.0513
vn 0.1578 -0.9861 -0.0513
vn 0.3397 -0.9341 0.1104
vn 0.3397 -0.9341 0.1104
vn 0.2099 -0.9341 0.2889
vn 0.2099 -0.9341 0.2889
vn 0.0000 -0.9341 0.3571
vn 0.0000 -0.9341 0.3571
vn -0.2099 -0.9341 0.2889
vn -0.2099 -0.9341 0.2889
vn -0.3397 -0.9341 0.1104
vn -0.3397 -0.9341 0.1104
vn -0.3397 -0.9341 -0.1104
vn -0.3397 -0.9341 -0.1104
vn -0.2099 -0.9341 -0.2889
vn -0.2099 -0.9341 -0.2889
vn -0.0000 -0.9341 -0.3571
vn -0.0000 -0.9341 -0.3571
vn 0.2099 -0.9341 -0.2889
vn 0.2099 -0.9341 -0.2889
vn 0.3397 -0.9341 -0.1104
vn 0.3397 -0.9341 -0.1104
vn 0.6892 -0.6892 0.2239
vn 0.6892 -0.6892 0.2239
vn 0.4259 -0.6892 0.5862
vn 0.4259 -0.6892 0.5862
vn 0.0000 -0.6892 0.7246
vn 0.0000 -0.6892 0.7246
vn -0.4259 -0.6892 0.5862
vn -0.4259 -0.6892 0.5862
vn -0.6892 -0.6892 0.2239
vn -0.6892 -0.6892 0.2239
vn -0.6892 -0.6892 -0.2239
vn -0.6892 -0.6892 -0.2239
vn -0.4259 -0.6892 -0.5862
vn -0.4259 -0.6892 -0.5862
vn -0.0000 -0.6892 -0.7246
vn -0.0000 -0.6892 -0.7246
vn 0.4259 -0.6892 -0.5862
vn 0.4259 -0.6892 -0.5862
vn 0.6892 -0.6892 -0.2239
vn 0.6892 -0.6892 -0.2239
vn 0.8356 -0.4775 0.2715
vn 0.8356 -0.4775 0.2715
vn 0.5164 -0.4775 0.7108
vn 0.5164 -0.4775 0.7108
vn 0.0000 -0.4775 0.8786
vn 0.0000 -0.4775 0.8786
vn -0.5164 -0.4775 0.7108
vn -0.5164 -0.4775 0.7108
vn -0.8356 -0.4775 0.2715
vn -0.8356 -0.4775 0.2715
vn -0.8356 -0.4775 -0.2715
vn -0.8356 -0.4775 -0.2715
vn -0.5164 -0.4775 -0.7108
vn -0.5164 -0.4775 -0.7108
vn 0.0000 -0.4775 -0.8786
vn -0.0000 -0.4775 -0.8786
vn 0.5164 -0.4775 -0.7108
vn 0.5164 -0.4775 -0.7108
vn 0.8356 -0.4775 -0.2715
vn 0.8356 -0.4775 -0.2715
vn 0.1786 0.9822 0.0580
vn 0.1786 0.9822 0.0580
vn 0.1104 0.9822 0.1519
vn 0.1104 0.9822 0.1519
vn 0.0000 0.9822 0.1878
vn 0.0000 0.9822 0.1878
vn -0.1104 0.9822 0.1519
vn -0.1104 0.9822 0.1519
vn -0.1786 0.9822 0.0580
vn -0.1786 0.9822 0.0580
vn -0.1786 0.9822 -0.0580
vn -0.1786 0.9822 -0.0580
vn -0.1104 0.9822 -0.1519
vn -0.1104 0.9822 -0.1519
vn -0.0000 0.9822 -0.1878
vn 0.0000 0.9822 -0.1878
vn 0.1104 0.9822 -0.1519
vn 0.1104 0.9822 -0.1519
vn 0.1786 0.9822 -0.0580
vn 0.1786 0.9822 -0.0580
vn -0.1320 0.9903 -0.0429
vn -0.1320 0.9903 -0.0429
vn -0.0816 0.9903 -0.1123
vn -0.0816 0.9903 -0.1123
vn -0.0000 0.9903 -0.1388
vn -0.0000 0.9903 -0.1388
vn 0.0816 0.9903 -0.1123
vn 0.0816 0.9903 -0.1123
vn 0.1320 0.9903 -0.0429
vn 0.1320 0.9903 -0.0429
vn 0.1320 0.9903 0.0429
vn 0.1320 0.9903 0.0429
vn 0.0816 0.9903 0.1123
vn 0.0816 0.9903 0.1123
vn 0.0000 0.9903 0.1388
vn 0.0000 0.9903 0.1388
vn -0.0816 0.9903 0.1123
vn -0.0816 0.9903 0.1123
vn -0.1320 0.9903 0.0429
vn -0.1320 0.9903 0.0429
vn 0.0000 1.0000 0.0000
vn 0.0000 1.0000 0.0000
vn 0.0000 1.0000 -0.0000
vn 0.0000 1.0000 0.0000
vn 0.0000 1.0000 0.0000
vn 0.0000 1.0000 0.0000
vn 0.0000 1.0000 0.0000
vn 0.0000 1.0000 0.0000
vn 0.0000 1.0000 0.0000
vn -0.0000 1.0000 0.0000
vn 0.0000 1.0000 0.0000
vn 0.0000 1.0000 0.0000
vn -0.9511 -0.0000 -0.3090
vn -0.9511 0.0000 -0.3090
vn 0.0000 -1.0000 0.0000
vn 0.0000 -1.0000 0.0000
vn 0.9511 -0.0000 0.3090
vn 0.9511 0.0000 0.3090
vn 0.0000 1.0000 0.0000
vn 0.0000 1.0000 0.0000
vn -0.5878 -0.0000 -0.8090
vn -0.5878 0.0000 -0.8090
vn 0.0000 -1.0000 0.0000
vn 0.0000 -1.0000 0.0000
vn 0.5878 -0.0000 0.8090
vn 0.5878 0.0000 0.8090
vn 0.0000 1.0000 0.0000
vn 0.0000 1.0000 0.0000
vn 0.0000 -0.0000 -1.0000
vn -0.0000 0.0000 -1.0000
vn 0.0000 -1.0000 0.0000
vn 0.0000 -1.0000 0.0000
vn 0.0000 -0.0000 1.0000
vn 0.0000 0.0000 1.0000
vn 0.0000 1.0000 0.0000
vn 0.0000 1.0000 0.0000
vn 0.5878 0.0000 -0.8090
vn 0.5878 0.0000 -0.8090
vn -0.0000 -1.0000 0.0000
vn 0.0000 -1.0000 0.0000
vn -0.5878 0.0000 0.8090
vn -0.5878 0.0000 0.8090
vn 0.0000 1.0000 0.0000
vn 0.0000 1.0000 0.0000
vn 0.9511 0.0000 -0.3090
vn 0.9511 0.0000 -0.3090
vn -0.0000 -1.0000 0.0000
vn 0.0000 -1.0000 0.0000
vn -0.9511 0.0000 0.3090
vn -0.9511 0.0000 0.3090
vn 0.0000 1.0000 0.0000
vn 0.0000 1.0000 0.0000
vn 0.9511 0.0000 0.3090
vn 0.9511 0.0000 0.3090
vn -0.0000 -1.0000 -0.0000
vn 0.0000 -1.0000 0.0000
vn -0.9511 0.0000 -0.3090
vn -0.9511 0.0000 -0.3090
vn -0.0000 1.0000 0.0000
vn 0.0000 1.0000 0.0000
vn 0.5878 0.0000 0.8090
vn 0.5878 0.0000 0.8090
vn 0.0000 -1.0000 -0.0000
vn 0.0000 -1.0000 0.0000
vn -0.5878 0.0000 -0.8090
vn -0.5878 0.0000 -0.8090
vn 0.0000 1.0000 0.0000
vn -0.0000 1.0000 0.0000
vn 0.0000 0.0000 1.0000
vn -0.0000 0.0000 1.0000
vn 0.0000 -1.0000 -0.0000
vn 0.0000 -1.0000 0.0000
vn -0.0000 0.0000 -1.0000
vn -0.0000 0.0000 -1.0000
vn 0.0000 1.0000 -0.0000
vn 0.0000 1.0000 0.0000
vn -0.5878 0.0000 0.8090
vn -0.5878 0.0000 0.8090
vn 0.0000 -1.0000 0.0000
vn 0.0000 -1.0000 0.0000
vn 0.5878 0.0000 -0.8090
vn 0.5878 0.0000 -0.8090
vn 0.0000 1.0000 -0.0000
vn 0.0000 1.0000 0.0000
vn -0.9511 0.0000 0.3090
vn -0.9511 0.0000 0.3090
vn 0.0000 -1.0000 0.0000
vn 0.0000 -1.0000 0.0000
vn 0.9511 0.0000 -0.3090
vn 0.9511 0.0000 -0.3090
vn -0.0000 -1.0000 0.0000
vn -0.0000 -1.0000 0.0000
vn 0.0000 -1.0000 -0.0000
vn 0.0000 -1.0000 0.0000
vn 0.0000 -1.0000 0.0000
vn 0.0000 -1.0000 0.0000
vn 0.0000 -1.0000 0.0000
vn 0.0000 -1.0000 0.0000
vn 0.6781 0.2835 0.6781
vn 0.6781 0.2835 0.6781
vn 0.0000 0.2835 0.9590
vn 0.0000 0.2835 0.9590
vn -0.6781 0.2835 0.6781
vn -0.6781 0.2835 0.6781
vn -0.9590 0.2835 0.0000
vn -0.9590 0.2835 0.0000
vn -0.6781 0.2835 -0.6781
vn -0.6781 0.2835 -0.6781
vn -0.0000 0.2835 -0.9590
vn -0.0000 0.2835 -0.9590
vn 0.6781 0.2835 -0.6781
vn 0.6781 0.2835 -0.6781
vn 0.9590 0.2835 -0.0000
vn 0.9590 0.2835 -0.0000
vn 0.7064 0.0461 0.7064
vn 0.7064 0.0461 0.7064
vn 0.0000 0.0461 0.9989
vn 0.0000 0.0461 0.9989
vn -0.7064 0.0461 0.7064
vn -0.7064 0.0461 0.7064
vn -0.9989 0.0461 0.0000
vn -0.9989 0.0461 0.0000
vn -0.7064 0.0461 -0.7064
vn -0.7064 0.0461 -0.7064
vn -0.0000 0.0461 -0.9989
vn -0.0000 0.0461 -0.9989
vn 0.7064 0.0461 -0.7064
vn 0.7064 0.0461 -0.7064
vn 0.9989 0.0461 -0.0000
vn 0.9989 0.0461 -0.0000
vn 0.6343 -0.4420 0.6343
vn 0.6343 -0.4420 0.6343
vn 0.0000 -0.4420 0.8970
vn 0.0000 -0.4420 0.8970
vn -0.6343 -0.4420 0.6343
vn -0.6343 -0.4420 0.6343
vn -0.8970 -0.4420 -0.0000
vn -0.8970 -0.4420 0.0000
vn -0.6343 -0.4420 -0.6343
vn -0.6343 -0.4420 -0.6343
vn -0.0000 -0.4420 -0.8970
vn -0.0000 -0.4420 -0.8970
vn 0.6343 -0.4420 -0.6343
vn 0.6343 -0.4420 -0.6343
vn 0.8970 -0.4420 -0.0000
vn 0.8970 -0.4420 -0.0000
vn 0.3644 -0.8570 0.3644
vn 0.3644 -0.8570 0.3644
vn 0.0000 -0.8570 0.5153
vn 0.0000 -0.8570 0.5153
vn -0.3644 -0.8570 0.3644
vn -0.3644 -0.8570 0.3644
vn -0.5153 -0.8570 0.0000
vn -0.5153 -0.8570 0.0000
vn -0.3644 -0.8570 -0.3644
vn -0.3644 -0.8570 -0.3644
vn -0.0000 -0.8570 -0.5153
vn -0.0000 -0.8570 -0.5153
vn 0.3644 -0.8570 -0.3644
vn 0.3644 -0.8570 -0.3644
vn 0.5153 -0.8570 -0.0000
vn 0.5153 -0.8570 -0.0000
vn 0.0000 1.0000 0.0000
vn 0.0000 1.0000 -0.0000
vn 0.0000 1.0000 0.0000
vn 0.0000 1.0000 0.0000
vn 0.0000 1.0000 0.0000
vn 0.0000 1.0000 0.0000
vn 0.0000 1.0000 0.0000
vn -0.0000 1.0000 0.0000
vn 0.7071 0.0000 0.7071
vn 0.7071 0.0000 0.7071
vn 0.0000 0.0000 1.0000
vn 0.0000 0.0000 1.0000
vn -0.7071 0.0000 0.7071
vn -0.7071 0.0000 0.7071
vn -1.0000 0.0000 0.0000
vn -1.0000 0.0000 0.0000
vn -0.7071 0.0000 -0.7071
vn -0.7071 -0.0000 -0.7071
vn -0.0000 0.0000 -1.0000
vn -0.0000 -0.0000 -1.0000
vn 0.7071 0.0000 -0.7071
vn 0.7071 0.0000 -0.7071
vn 1.0000 0.0000 -0.0000
vn 1.0000 0.0000 -0.0000
vn 0.0000 1.0000 0.0000
vn 0.0000 1.0000 0.0000
vn 0.0000 1.0000 0.0000
vn 0.0000 1.0000 0.0000
vn 0.0000 1.0000 0.0000
vn 0.0000 1.0000 -0.0000
vn 0.0000 -1.0000 0.0000
vn 0.0000 -1.0000 0.0000
vn -0.0000 -1.0000 0.0000
vn 0.0000 -1.0000 0.0000
vn 0.0000 -1.0000 0.0000
vn 0.0000 -1.0000 0.0000
vn 0.7071 0.0000 0.7071
vn 0.7071 0.0000 0.7071
vn 0.0000 0.0000 1.0000
vn 0.0000 0.0000 1.0000
vn -0.7071 0.0000 0.7071
vn -0.7071 0.0000 0.7071
vn -1.0000 0.0000 0.0000
vn -1.0000 0.0000 0.0000
vn -0.7071 0.0000 -0.7071
vn -0.7071 -0.0000 -0.7071
vn 0.0000 0.0000 -1.0000
vn 0.0000 0.0000 -1.0000
vn 0.7071 0.0000 -0.7071
vn 0.7071 0.0000 -0.7071
vn 1.0000 0.0000 -0.0000
vn 1.0000 0.0000 -0.0000
vn 0.0000 1.0000 0.0000
vn 0.0000 1.0000 0.0000
vn 0.0000 1.0000 0.0000
vn 0.0000 1.0000 0.0000
vn 0.0000 1.0000 0.0000
vn 0.0000 1.0000 -0.0000
vn 0.0000 -1.0000 0.0000
vn 0.0000 -1.0000 0.0000
vn -0.0000 -1.0000 0.0000
vn 0.0000 -1.0000 0.0000
vn 0.0000 -1.0000 0.0000
vn 0.0000 -1.0000 0.0000
vn 0.8660 0.0000 0.5000
vn 0.8660 0.0000 0.5000
vn 0.0000 0.0000 1.0000
vn 0.0000 0.0000 1.0000
vn -0.8660 0.0000 0.5000
vn -0.8660 0.0000 0.5000
vn -0.8660 0.0000 -0.5000
vn -0.8660 -0.0000 -0.5000
vn -0.0000 0.0000 -1.0000
vn -0.0000 -0.0000 -1.0000
vn 0.8660 0.0000 -0.5000
vn 0.8660 0.0000 -0.5000
vn 0.0000 1.0000 0.0000
vn 0.0000 1.0000 0.0000
vn 0.0000 1.0000 -0.0000
vn 0.0000 1.0000 0.0000
vn 0.0000 -1.0000 0.0000
vn 0.0000 -1.0000 0.0000
vn -0.0000 -1.0000 0.0000
vn 0.0000 -1.0000 0.0000
vn 0.8752 -0.4230 0.2345
vn 0.8752 -0.4230 0.2345
vn 0.6407 -0.4230 0.6407
vn 0.6407 -0.4230 0.6407
vn 0.2345 -0.4230 0.8752
vn 0.2345 -0.4230 0.8752
vn -0.2345 -0.4230 0.8752
vn -0.2345 -0.4230 0.8752
vn -0.6407 -0.4230 0.6407
vn -0.6407 -0.4230 0.6407
vn -0.8752 -0.4230 0.2345
vn -0.8752 -0.4230 0.2345
vn -0.8752 -0.4230 -0.2345
vn -0.8752 -0.4230 -0.2345
vn -0.6407 -0.4230 -0.6407
vn -0.6407 -0.4230 -0.6407
vn -0.2345 -0.4230 -0.8752
vn -0.2345 -0.4230 -0.8752
vn 0.2345 -0.4230 -0.8752
vn 0.2345 -0.4230 -0.8752
vn 0.6407 -0.4230 -0.6407
vn 0.6407 -0.4230 -0.6407
vn 0.8752 -0.4230 -0.2345
vn 0.8752 -0.4230 -0.2345
vn -0.0000 1.0000 0.0000
vn 0.0000 1.0000 0.0000
vn 0.0000 0.0000 -1.0000
vn 0.0000 0.0000 -1.0000
vn 1.0000 0.0000 -0.0000
vn 1.0000 0.0000 0.0000
vn 0.0000 0.0000 1.0000
vn 0.0000 0.0000 1.0000
vn -1.0000 0.0000 -0.0000
vn -1.0000 -0.0000 0.0000
vn 0.0000 -1.0000 0.0000
vn 0.0000 -1.0000 0.0000
vn -0.0000 1.0000 0.0000
vn 0.0000 1.0000 0.0000
vn 0.0000 0.0000 -1.0000
vn 0.0000 0.0000 -1.0000
vn 1.0000 0.0000 -0.0000
vn 1.0000 0.0000 0.0000
vn 0.0000 0.0000 1.0000
vn 0.0000 0.0000 1.0000
vn -1.0000 0.0000 -0.0000
vn -1.0000 -0.0000 0.0000
vn 0.0000 -1.0000 0.0000
vn 0.0000 -1.0000 0.0000
vn 0.8660 0.0000 0.5000
vn 0.8660 0.0000 0.5000
vn 0.0000 0.0000 1.0000
vn 0.0000 0.0000 1.0000
vn -0.8660 0.0000 0.5000
vn -0.8660 0.0000 0.5000
vn -0.8660 0.0000 -0.5000
vn -0.8660 -0.0000 -0.5000
vn 0.0000 0.0000 -1.0000
vn 0.0000 0.0000 -1.0000
vn 0.8660 0.0000 -0.5000
vn 0.8660 0.0000 -0.5000
vn 0.0000 1.0000 0.0000
vn 0.0000 1.0000 0.0000
vn 0.0000 1.0000 -0.0000
vn 0.0000 1.0000 0.0000
vn 0.0000 -1.0000 0.0000
vn 0.0000 -1.0000 0.0000
vn -0.0000 -1.0000 0.0000
vn 0.0000 -1.0000 0.0000
vn 0.5000 0.8402 -0.2100
vn 0.5000 0.8402 -0.2100
vn 1.0000 0.0000 0.0000
vn 1.0000 0.0000 0.0000
vn 0.5000 -0.8402 0.2100
vn 0.5000 -0.8402 0.2100
vn -0.5000 -0.8402 0.2100
vn -0.5000 -0.8402 0.2100
vn -1.0000 0.0000 -0.0000
vn -1.0000 0.0000 0.0000
vn -0.5000 0.8402 -0.2100
vn -0.5000 0.8402 -0.2100
vn 0.0000 0.2425 0.9701
vn -0.0000 0.2425 0.9701
vn -0.0000 0.2425 0.9701
vn -0.0000 0.2425 0.9701
vn -0.0000 -0.2425 -0.9701
vn 0.0000 -0.2425 -0.9701
vn -0.0000 -0.2425 -0.9701
vn 0.0000 -0.2425 -0.9701
vn 0.0000 0.8660 0.5000
vn -0.0000 0.8660 0.5000
vn 0.0000 0.0000 1.0000
vn -0.0000 0.0000 1.0000
vn 0.0000 -0.8660 0.5000
vn 0.0000 -0.8660 0.5000
vn 0.0000 -0.8660 -0.5000
vn 0.0000 -0.8660 -0.5000
vn 0.0000 0.0000 -1.0000
vn 0.0000 0.0000 -1.0000
vn 0.0000 0.8660 -0.5000
vn 0.0000 0.8660 -0.5000
vn -1.0000 0.0000 0.0000
vn -1.0000 0.0000 0.0000
vn -1.0000 0.0000 0.0000
vn -1.0000 0.0000 0.0000
vn 1.0000 0.0000 0.0000
vn 1.0000 0.0000 0.0000
vn 1.0000 0.0000 0.0000
vn 1.0000 0.0000 0.0000
vn 0.5774 -0.5774 0.5774
vn -0.5774 -0.5774 0.5774
vn -0.5774 -0.5774 -0.5774
vn 0.5774 -0.5774 -0.5774
vn 0.5774 0.5774 0.5774
vn -0.5774 0.5774 0.5774
vn -0.5774 0.5774 -0.5774
vn 0.5774 0.5774 -0.5774
vn 0.3870 0.5321 0.7531
vn 0.3870 0.5321 0.7531
vn -0.9173 -0.3895 0.0827
vn -0.9173 -0.3895 0.0827
vn 0.5303 -0.1426 -0.8358
vn 0.5303 -0.1426 -0.8358
vn 0.4103 0.3860 0.8262
vn 0.4103 0.3860 0.8262
vn -0.9884 0.0567 -0.1408
vn -0.9884 0.0567 -0.1408
vn 0.5781 -0.4427 -0.6855
vn 0.5781 -0.4427 -0.6855
vn -0.3895 0.8346 -0.3895
vn -0.1168 -0.8763 0.4674
vn 0.9212 0.0768 0.3816
vn 0.9212 0.0768 0.3816
vn 0.3816 0.0768 0.9212
vn 0.3816 0.0768 0.9212
vn -0.3816 0.0768 0.9212
vn -0.3816 0.0768 0.9212
vn -0.9212 0.0768 0.3816
vn -0.9212 0.0768 0.3816
vn -0.9212 0.0768 -0.3816
vn -0.9212 0.0768 -0.3816
vn -0.3816 0.0768 -0.9212
vn -0.3816 0.0768 -0.9212
vn 0.3816 0.0768 -0.9212
vn 0.3816 0.0768 -0.9212
vn 0.9212 0.0768 -0.3816
vn 0.9212 0.0768 -0.3816
vn 0.0000 1.0000 0.0000
vn 0.0000 1.0000 0.0000
vn 0.0000 1.0000 0.0000
vn 0.0000 1.0000 0.0000
vn 0.0000 1.0000 -0.0000
vn 0.0000 1.0000 0.0000
vn 0.0000 -1.0000 0.0000
vn 0.0000 -1.0000 0.0000
vn 0.0000 -1.0000 0.0000
vn -0.0000 -1.0000 0.0000
vn 0.0000 -1.0000 0.0000
vn 0.0000 -1.0000 0.0000
vn 0.5000 0.0000 0.8660
vn 0.5000 0.0000 0.8660
vn -0.8660 0.0000 0.5000
vn -0.8660 0.0000 0.5000
vn -0.5000 0.0000 -0.8660
vn -0.5000 -0.0000 -0.8660
vn 0.8660 0.0000 -0.5000
vn 0.8660 0.0000 -0.5000
vn 0.0000 1.0000 0.0000
vn 0.0000 1.0000 -0.0000
vn -0.0000 -1.0000 0.0000
vn 0.0000 -1.0000 0.0000
vn 0.0000 1.0000 0.0000
vn -0.0000 1.0000 0.0000
vn 0.2588 0.0000 -0.9659
vn 0.2588 0.0000 -0.9659
vn 0.9659 0.0000 0.2588
vn 0.9659 0.0000 0.2588
vn -0.2588 0.0000 0.9659
vn -0.2588 0.0000 0.9659
vn -0.9659 0.0000 -0.2588
vn -0.9659 -0.0000 -0.2588
vn -0.0000 -1.0000 0.0000
vn 0.0000 -1.0000 0.0000
vn 0.0623 -0.4932 0.8677
vn -0.2479 -0.2873 0.9252
vn -0.4878 -0.4932 0.7203
vn -0.0623 -0.4932 -0.8677
vn 0.2479 -0.2873 -0.9252
vn 0.4878 -0.4932 -0.7203
vn 0.0716 0.0000 0.9974
vn 0.0716 0.0000 0.9974
vn -0.2588 0.0000 0.9659
vn -0.2588 0.0000 0.9659
vn -0.5607 0.0000 0.8280
vn -0.5607 0.0000 0.8280
vn -0.0716 0.0000 -0.9974
vn -0.0716 -0.0000 -0.9974
vn 0.2588 0.0000 -0.9659
vn 0.2588 0.0000 -0.9659
vn 0.5607 0.0000 -0.8280
vn 0.5607 0.0000 -0.8280
vn 0.0623 0.4932 0.8677
vn -0.2479 0.2873 0.9252
vn -0.4878 0.4932 0.7203
vn -0.0623 0.4932 -0.8677
vn 0.2479 0.2873 -0.9252
vn 0.4878 0.4932 -0.7203
vn 0.0000 1.0000 0.0000
vn -0.0000 1.0000 0.0000
vn 0.2588 0.0000 -0.9659
vn 0.2588 0.0000 -0.9659
vn 0.9659 0.0000 0.2588
vn 0.9659 0.0000 0.2588
vn -0.2588 0.0000 0.9659
vn -0.2588 0.0000 0.9659
vn -0.9659 0.0000 -0.2588
vn -0.9659 -0.0000 -0.2588
vn -0.0000 -1.0000 0.0000
vn 0.0000 -1.0000 0.0000
vn -0.4830 0.8660 -0.1294
vn -0.4830 0.8660 -0.1294
vn 0.2588 0.0000 -0.9659
vn 0.2588 0.0000 -0.9659
vn 0.8365 0.5000 0.2241
vn 0.8365 0.5000 0.2241
vn -0.2588 -0.0000 0.9659
vn -0.2588 -0.0000 0.9659
vn -0.8365 -0.5000 -0.2241
vn -0.8365 -0.5000 -0.2241
vn 0.4830 -0.8660 0.1294
vn 0.4830 -0.8660 0.1294
vn 0.4830 0.8660 0.1294
vn 0.4830 0.8660 0.1294
vn 0.2588 -0.0000 -0.9659
vn 0.2588 -0.0000 -0.9659
vn 0.8365 -0.5000 0.2241
vn 0.8365 -0.5000 0.2241
vn -0.2588 0.0000 0.9659
vn -0.2588 0.0000 0.9659
vn -0.8365 0.5000 -0.2241
vn -0.8365 0.5000 -0.2241
vn -0.4830 -0.8660 -0.1294
vn -0.4830 -0.8660 -0.1294
vn 0.4082 -0.5774 0.7071
vn -0.7071 -0.5774 0.4082
vn -0.4082 -0.5774 -0.7071
vn 0.7071 -0.5774 -0.4082
vn 0.4082 0.5774 0.7071
vn -0.7071 0.5774 0.4082
vn -0.4082 0.5774 -0.7071
vn 0.7071 0.5774 -0.4082
vn 0.4082 -0.5774 0.7071
vn -0.7071 -0.5774 0.4082
vn -0.4082 -0.5774 -0.7071
vn 0.7071 -0.5774 -0.4082
vn 0.4082 0.5774 0.7071
vn -0.7071 0.5774 0.4082
vn -0.4082 0.5774 -0.7071
vn 0.7071 0.5774 -0.4082
usemtl Mat_AdobeDark
f 9//1 10//1 2//1
f 9//2 2//2 1//2
f 10//3 11//3 3//3
f 10//4 3//4 2//4
f 11//5 12//5 4//5
f 11//6 4//6 3//6
f 12//7 13//7 5//7
f 12//8 5//8 4//8
f 13//9 14//9 6//9
f 13//10 6//10 5//10
f 14//11 15//11 7//11
f 14//12 7//12 6//12
f 15//13 16//13 8//13
f 15//14 8//14 7//14
f 16//15 9//15 1//15
f 16//16 1//16 8//16
f 16//17 15//17 14//17
f 16//18 14//18 13//18
f 16//19 13//19 12//19
f 16//20 12//20 11//20
f 16//21 11//21 10//21
f 16//22 10//22 9//22
f 1//23 2//23 3//23
f 1//24 3//24 4//24
f 1//25 4//25 5//25
f 1//26 5//26 6//26
f 1//27 6//27 7//27
f 1//28 7//28 8//28
usemtl Mat_Sand
f 25//29 26//29 18//29
f 25//30 18//30 17//30
f 26//31 27//31 19//31
f 26//32 19//32 18//32
f 27//33 28//33 20//33
f 27//34 20//34 19//34
f 28//35 29//35 21//35
f 28//36 21//36 20//36
f 29//37 30//37 22//37
f 29//38 22//38 21//38
f 30//39 31//39 23//39
f 30//40 23//40 22//40
f 31//41 32//41 24//41
f 31//42 24//42 23//42
f 32//43 25//43 17//43
f 32//44 17//44 24//44
f 32//45 31//45 30//45
f 32//46 30//46 29//46
f 32//47 29//47 28//47
f 32//48 28//48 27//48
f 32//49 27//49 26//49
f 32//50 26//50 25//50
f 17//51 18//51 19//51
f 17//52 19//52 20//52
f 17//53 20//53 21//53
f 17//54 21//54 22//54
f 17//55 22//55 23//55
f 17//56 23//56 24//56
usemtl Mat_AdobeDark
f 41//57 42//57 34//57
f 41//58 34//58 33//58
f 42//59 43//59 35//59
f 42//60 35//60 34//60
f 43//61 44//61 36//61
f 43//62 36//62 35//62
f 44//63 45//63 37//63
f 44//64 37//64 36//64
f 45//65 46//65 38//65
f 45//66 38//66 37//66
f 46//67 47//67 39//67
f 46//68 39//68 38//68
f 47//69 48//69 40//69
f 47//70 40//70 39//70
f 48//71 41//71 33//71
f 48//72 33//72 40//72
f 48//73 47//73 46//73
f 48//74 46//74 45//74
f 48//75 45//75 44//75
f 48//76 44//76 43//76
f 48//77 43//77 42//77
f 48//78 42//78 41//78
f 33//79 34//79 35//79
f 33//80 35//80 36//80
f 33//81 36//81 37//81
f 33//82 37//82 38//82
f 33//83 38//83 39//83
f 33//84 39//84 40//84
f 56//85 55//85 54//85
f 56//86 54//86 53//86
f 53//87 54//87 50//87
f 53//88 50//88 49//88
f 54//89 55//89 51//89
f 54//90 51//90 50//90
f 55//91 56//91 52//91
f 55//92 52//92 51//92
f 56//93 53//93 49//93
f 56//94 49//94 52//94
f 64//95 63//95 62//95
f 64//96 62//96 61//96
f 61//97 62//97 58//97
f 61//98 58//98 57//98
f 62//99 63//99 59//99
f 62//100 59//100 58//100
f 63//101 64//101 60//101
f 63//102 60//102 59//102
f 64//103 61//103 57//103
f 64//104 57//104 60//104
f 72//105 71//105 70//105
f 72//106 70//106 69//106
f 69//107 70//107 66//107
f 69//108 66//108 65//108
f 70//109 71//109 67//109
f 70//110 67//110 66//110
f 71//111 72//111 68//111
f 71//112 68//112 67//112
f 72//113 69//113 65//113
f 72//114 65//114 68//114
f 80//115 79//115 78//115
f 80//116 78//116 77//116
f 77//117 78//117 74//117
f 77//118 74//118 73//118
f 78//119 79//119 75//119
f 78//120 75//120 74//120
f 79//121 80//121 76//121
f 79//122 76//122 75//122
f 80//123 77//123 73//123
f 80//124 73//124 76//124
f 88//125 87//125 86//125
f 88//126 86//126 85//126
f 85//127 86//127 82//127
f 85//128 82//128 81//128
f 86//129 87//129 83//129
f 86//130 83//130 82//130
f 87//131 88//131 84//131
f 87//132 84//132 83//132
f 88//133 85//133 81//133
f 88//134 81//134 84//134
f 96//135 95//135 94//135
f 96//136 94//136 93//136
f 93//137 94//137 90//137
f 93//138 90//138 89//138
f 94//139 95//139 91//139
f 94//140 91//140 90//140
f 95//141 96//141 92//141
f 95//142 92//142 91//142
f 96//143 93//143 89//143
f 96//144 89//144 92//144
f 104//145 103//145 102//145
f 104//146 102//146 101//146
f 101//147 102//147 98//147
f 101//148 98//148 97//148
f 102//149 103//149 99//149
f 102//150 99//150 98//150
f 103//151 104//151 100//151
f 103//152 100//152 99//152
f 104//153 101//153 97//153
f 104//154 97//154 100//154
f 112//155 111//155 110//155
f 112//156 110//156 109//156
f 109//157 110//157 106//157
f 109//158 106//158 105//158
f 110//159 111//159 107//159
f 110//160 107//160 106//160
f 111//161 112//161 108//161
f 111//162 108//162 107//162
f 112//163 109//163 105//163
f 112//164 105//164 108//164
usemtl Mat_Sand
f 116//165 115//165 113//165
f 113//166 114//166 116//166
f 113//167 115//167 117//167
f 117//168 115//168 119//168
f 115//169 116//169 120//169
f 119//170 115//170 120//170
f 118//171 114//171 113//171
f 113//172 117//172 118//172
f 118//173 116//173 114//173
f 118//174 120//174 116//174
f 118//175 117//175 119//175
f 119//176 120//176 118//176
usemtl Mat_Bone
f 121//177 123//177 125//177
f 125//178 123//178 127//178
f 124//179 123//179 121//179
f 121//180 122//180 124//180
f 127//181 123//181 128//181
f 123//182 124//182 128//182
f 121//183 125//183 126//183
f 126//184 122//184 121//184
f 126//185 124//185 122//185
f 126//186 128//186 124//186
f 126//187 125//187 127//187
f 127//188 128//188 126//188
usemtl Mat_AdobeDark
f 136//189 135//189 134//189
f 136//190 134//190 133//190
f 133//191 134//191 130//191
f 133//192 130//192 129//192
f 134//193 135//193 131//193
f 134//194 131//194 130//194
f 135//195 136//195 132//195
f 135//196 132//196 131//196
f 136//197 133//197 129//197
f 136//198 129//198 132//198
f 130//199 131//199 132//199
f 130//200 132//200 129//200
usemtl Mat_Sand
f 137//201 138//201 140//201
f 139//202 137//202 140//202
f 143//203 137//203 139//203
f 143//204 141//204 137//204
f 139//205 140//205 143//205
f 143//206 140//206 144//206
f 142//207 138//207 137//207
f 137//208 141//208 142//208
f 142//209 140//209 138//209
f 144//210 140//210 142//210
f 141//211 143//211 142//211
f 142//212 143//212 144//212
usemtl Mat_Bone
f 145//213 146//213 148//213
f 147//214 145//214 148//214
f 151//215 145//215 147//215
f 151//216 149//216 145//216
f 147//217 148//217 151//217
f 151//218 148//218 152//218
f 150//219 146//219 145//219
f 145//220 149//220 150//220
f 150//221 148//221 146//221
f 152//222 148//222 150//222
f 149//223 151//223 150//223
f 150//224 151//224 152//224
usemtl Mat_AdobeDark
f 160//225 159//225 158//225
f 160//226 158//226 157//226
f 157//227 158//227 154//227
f 157//228 154//228 153//228
f 158//229 159//229 155//229
f 158//230 155//230 154//230
f 159//231 160//231 156//231
f 159//232 156//232 155//232
f 160//233 157//233 153//233
f 160//234 153//234 156//234
f 154//235 155//235 156//235
f 154//236 156//236 153//236
usemtl Mat_Sand
f 165//237 161//237 167//237
f 167//238 161//238 163//238
f 163//239 161//239 164//239
f 164//240 161//240 162//240
f 164//241 167//241 163//241
f 168//242 167//242 164//242
f 166//243 161//243 165//243
f 162//244 161//244 166//244
f 165//245 167//245 166//245
f 166//246 167//246 168//246
f 166//247 164//247 162//247
f 168//248 164//248 166//248
usemtl Mat_Bone
f 173//249 169//249 175//249
f 175//250 169//250 171//250
f 171//251 169//251 172//251
f 172//252 169//252 170//252
f 172//253 175//253 171//253
f 176//254 175//254 172//254
f 174//255 169//255 173//255
f 170//256 169//256 174//256
f 173//257 175//257 174//257
f 174//258 175//258 176//258
f 174//259 172//259 170//259
f 176//260 172//260 174//260
usemtl Mat_AdobeDark
f 184//261 183//261 182//261
f 184//262 182//262 181//262
f 181//263 182//263 178//263
f 181//264 178//264 177//264
f 182//265 183//265 179//265
f 182//266 179//266 178//266
f 183//267 184//267 180//267
f 183//268 180//268 179//268
f 184//269 181//269 177//269
f 184//270 177//270 180//270
f 178//271 179//271 180//271
f 178//272 180//272 177//272
usemtl Mat_Sand
f 189//273 185//273 191//273
f 191//274 185//274 187//274
f 187//275 185//275 188//275
f 188//276 185//276 186//276
f 188//277 191//277 187//277
f 192//278 191//278 188//278
f 190//279 185//279 189//279
f 186//280 185//280 190//280
f 189//281 191//281 190//281
f 190//282 191//282 192//282
f 190//283 188//283 186//283
f 192//284 188//284 190//284
usemtl Mat_Bone
f 198//285 194//285 193//285
f 193//286 197//286 198//286
f 199//287 197//287 193//287
f 193//288 195//288 199//288
f 199//289 198//289 197//289
f 200//290 198//290 199//290
f 193//291 194//291 196//291
f 196//292 195//292 193//292
f 194//293 198//293 196//293
f 196//294 198//294 200//294
f 196//295 199//295 195//295
f 200//296 199//296 196//296
usemtl Mat_AdobeDark
f 208//297 207//297 206//297
f 208//298 206//298 205//298
f 205//299 206//299 202//299
f 205//300 202//300 201//300
f 206//301 207//301 203//301
f 206//302 203//302 202//302
f 207//303 208//303 204//303
f 207//304 204//304 203//304
f 208//305 205//305 201//305
f 208//306 201//306 204//306
f 202//307 203//307 204//307
f 202//308 204//308 201//308
usemtl Mat_Sand
f 212//309 211//309 209//309
f 209//310 210//310 212//310
f 209//311 211//311 213//311
f 213//312 211//312 215//312
f 211//313 212//313 216//313
f 215//314 211//314 216//314
f 214//315 210//315 209//315
f 209//316 213//316 214//316
f 214//317 212//317 210//317
f 214//318 216//318 212//318
f 214//319 213//319 215//319
f 215//320 216//320 214//320
usemtl Mat_Bone
f 221//321 219//321 223//321
f 217//322 219//322 221//322
f 220//323 219//323 217//323
f 217//324 218//324 220//324
f 223//325 219//325 220//325
f 220//326 224//326 223//326
f 217//327 221//327 222//327
f 222//328 218//328 217//328
f 222//329 220//329 218//329
f 224//330 220//330 222//330
f 222//331 221//331 223//331
f 223//332 224//332 222//332
usemtl Mat_AdobeDark
f 232//333 231//333 230//333
f 232//334 230//334 229//334
f 229//335 230//335 226//335
f 229//336 226//336 225//336
f 230//337 231//337 227//337
f 230//338 227//338 226//338
f 231//339 232//339 228//339
f 231//340 228//340 227//340
f 232//341 229//341 225//341
f 232//342 225//342 228//342
f 226//343 227//343 228//343
f 226//344 228//344 225//344
usemtl Mat_Sand
f 233//345 234//345 236//345
f 236//346 235//346 233//346
f 236//347 240//347 239//347
f 236//348 239//348 235//348
f 235//349 239//349 237//349
f 233//350 235//350 237//350
f 240//351 236//351 238//351
f 238//352 236//352 234//352
f 238//353 234//353 233//353
f 233//354 237//354 238//354
f 239//355 240//355 238//355
f 238//356 237//356 239//356
usemtl Mat_Bone
f 243//357 247//357 245//357
f 241//358 243//358 245//358
f 244//359 243//359 241//359
f 241//360 242//360 244//360
f 244//361 247//361 243//361
f 244//362 248//362 247//362
f 241//363 245//363 246//363
f 246//364 242//364 241//364
f 246//365 244//365 242//365
f 248//366 244//366 246//366
f 246//367 245//367 247//367
f 247//368 248//368 246//368
usemtl Mat_AdobeDark
f 256//369 255//369 254//369
f 256//370 254//370 253//370
f 253//371 254//371 250//371
f 253//372 250//372 249//372
f 254//373 255//373 251//373
f 254//374 251//374 250//374
f 255//375 256//375 252//375
f 255//376 252//376 251//376
f 256//377 253//377 249//377
f 256//378 249//378 252//378
f 250//379 251//379 252//379
f 250//380 252//380 249//380
usemtl Mat_Sand
f 263//381 257//381 259//381
f 261//382 257//382 263//382
f 262//383 257//383 261//383
f 258//384 257//384 262//384
f 261//385 263//385 262//385
f 262//386 263//386 264//386
f 259//387 257//387 260//387
f 260//388 257//388 258//388
f 260//389 263//389 259//389
f 264//390 263//390 260//390
f 258//391 262//391 260//391
f 260//392 262//392 264//392
usemtl Mat_Bone
f 271//393 265//393 267//393
f 269//394 265//394 271//394
f 270//395 265//395 269//395
f 266//396 265//396 270//396
f 269//397 271//397 270//397
f 270//398 271//398 272//398
f 267//399 265//399 268//399
f 268//400 265//400 266//400
f 268//401 271//401 267//401
f 272//402 271//402 268//402
f 266//403 270//403 268//403
f 268//404 270//404 272//404
usemtl Mat_AdobeDark
f 280//405 279//405 278//405
f 280//406 278//406 277//406
f 277//407 278//407 274//407
f 277//408 274//408 273//408
f 278//409 279//409 275//409
f 278//410 275//410 274//410
f 279//411 280//411 276//411
f 279//412 276//412 275//412
f 280//413 277//413 273//413
f 280//414 273//414 276//414
f 274//415 275//415 276//415
f 274//416 276//416 273//416
usemtl Mat_Sand
f 286//417 282//417 281//417
f 286//418 281//418 285//418
f 285//419 281//419 287//419
f 281//420 283//420 287//420
f 287//421 286//421 285//421
f 288//422 286//422 287//422
f 281//423 282//423 284//423
f 284//424 283//424 281//424
f 282//425 286//425 284//425
f 284//426 286//426 288//426
f 284//427 287//427 283//427
f 288//428 287//428 284//428
usemtl Mat_Bone
f 289//429 291//429 293//429
f 293//430 291//430 295//430
f 292//431 291//431 289//431
f 289//432 290//432 292//432
f 295//433 291//433 296//433
f 291//434 292//434 296//434
f 289//435 293//435 294//435
f 294//436 290//436 289//436
f 294//437 292//437 290//437
f 294//438 296//438 292//438
f 294//439 293//439 295//439
f 295//440 296//440 294//440
usemtl Mat_AdobeDark
f 304//441 303//441 302//441
f 304//442 302//442 301//442
f 301//443 302//443 298//443
f 301//444 298//444 297//444
f 302//445 303//445 299//445
f 302//446 299//446 298//446
f 303//447 304//447 300//447
f 303//448 300//448 299//448
f 304//449 301//449 297//449
f 304//450 297//450 300//450
f 298//451 299//451 300//451
f 298//452 300//452 297//452
usemtl Mat_Bone
f 312//453 311//453 310//453
f 312//454 310//454 309//454
f 309//455 310//455 306//455
f 309//456 306//456 305//456
f 310//457 311//457 307//457
f 310//458 307//458 306//458
f 311//459 312//459 308//459
f 311//460 308//460 307//460
f 312//461 309//461 305//461
f 312//462 305//462 308//462
f 306//463 307//463 308//463
f 306//464 308//464 305//464
f 320//465 319//465 318//465
f 320//466 318//466 317//466
f 317//467 318//467 314//467
f 317//468 314//468 313//468
f 318//469 319//469 315//469
f 318//470 315//470 314//470
f 319//471 320//471 316//471
f 319//472 316//472 315//472
f 320//473 317//473 313//473
f 320//474 313//474 316//474
f 314//475 315//475 316//475
f 314//476 316//476 313//476
f 328//477 327//477 326//477
f 328//478 326//478 325//478
f 325//479 326//479 322//479
f 325//480 322//480 321//480
f 326//481 327//481 323//481
f 326//482 323//482 322//482
f 327//483 328//483 324//483
f 327//484 324//484 323//484
f 328//485 325//485 321//485
f 328//486 321//486 324//486
f 322//487 323//487 324//487
f 322//488 324//488 321//488
f 336//489 335//489 334//489
f 336//490 334//490 333//490
f 333//491 334//491 330//491
f 333//492 330//492 329//492
f 334//493 335//493 331//493
f 334//494 331//494 330//494
f 335//495 336//495 332//495
f 335//496 332//496 331//496
f 336//497 333//497 329//497
f 336//498 329//498 332//498
f 330//499 331//499 332//499
f 330//500 332//500 329//500
f 344//501 343//501 342//501
f 344//502 342//502 341//502
f 341//503 342//503 338//503
f 341//504 338//504 337//504
f 342//505 343//505 339//505
f 342//506 339//506 338//506
f 343//507 344//507 340//507
f 343//508 340//508 339//508
f 344//509 341//509 337//509
f 344//510 337//510 340//510
f 338//511 339//511 340//511
f 338//512 340//512 337//512
f 352//513 351//513 350//513
f 352//514 350//514 349//514
f 349//515 350//515 346//515
f 349//516 346//516 345//516
f 350//517 351//517 347//517
f 350//518 347//518 346//518
f 351//519 352//519 348//519
f 351//520 348//520 347//520
f 352//521 349//521 345//521
f 352//522 345//522 348//522
f 346//523 347//523 348//523
f 346//524 348//524 345//524
f 360//525 359//525 358//525
f 360//526 358//526 357//526
f 357//527 358//527 354//527
f 357//528 354//528 353//528
f 358//529 359//529 355//529
f 358//530 355//530 354//530
f 359//531 360//531 356//531
f 359//532 356//532 355//532
f 360//533 357//533 353//533
f 360//534 353//534 356//534
f 354//535 355//535 356//535
f 354//536 356//536 353//536
f 368//537 367//537 366//537
f 368//538 366//538 365//538
f 365//539 366//539 362//539
f 365//540 362//540 361//540
f 366//541 367//541 363//541
f 366//542 363//542 362//542
f 367//543 368//543 364//543
f 367//544 364//544 363//544
f 368//545 365//545 361//545
f 368//546 361//546 364//546
f 362//547 363//547 364//547
f 362//548 364//548 361//548
usemtl Mat_AdobeDark
f 377//549 378//549 370//549
f 377//550 370//550 369//550
f 378//551 379//551 371//551
f 378//552 371//552 370//552
f 379//553 380//553 372//553
f 379//554 372//554 371//554
f 380//555 381//555 373//555
f 380//556 373//556 372//556
f 381//557 382//557 374//557
f 381//558 374//558 373//558
f 382//559 383//559 375//559
f 382//560 375//560 374//560
f 383//561 384//561 376//561
f 383//562 376//562 375//562
f 384//563 377//563 369//563
f 384//564 369//564 376//564
f 384//565 383//565 382//565
f 384//566 382//566 381//566
f 384//567 381//567 380//567
f 384//568 380//568 379//568
f 384//569 379//569 378//569
f 384//570 378//570 377//570
f 369//571 370//571 371//571
f 369//572 371//572 372//572
f 369//573 372//573 373//573
f 369//574 373//574 374//574
f 369//575 374//575 375//575
f 369//576 375//576 376//576
usemtl Mat_Brass
f 392//577 391//577 390//577
f 392//578 390//578 389//578
f 389//579 390//579 386//579
f 389//580 386//580 385//580
f 390//581 391//581 387//581
f 390//582 387//582 386//582
f 391//583 392//583 388//583
f 391//584 388//584 387//584
f 392//585 389//585 385//585
f 392//586 385//586 388//586
f 386//587 387//587 388//587
f 386//588 388//588 385//588
usemtl Mat_Void
f 393//589 394//589 395//589
f 393//590 395//590 396//590
f 397//591 398//591 399//591
f 397//592 399//592 400//592
f 401//593 402//593 403//593
f 401//594 403//594 404//594
f 405//595 406//595 407//595
f 405//596 407//596 408//596
f 409//597 410//597 411//597
f 409//598 411//598 412//598
f 413//599 414//599 415//599
f 413//600 415//600 416//600
f 417//601 418//601 419//601
f 417//602 419//602 420//602
f 421//603 422//603 423//603
f 421//604 423//604 424//604
f 425//605 426//605 427//605
f 425//606 427//606 428//606
f 429//607 430//607 431//607
f 429//608 431//608 432//608
f 433//609 434//609 435//609
f 433//610 435//610 436//610
usemtl Mat_Brass
f 445//611 446//611 438//611
f 445//612 438//612 437//612
f 446//613 447//613 439//613
f 446//614 439//614 438//614
f 447//615 448//615 440//615
f 447//616 440//616 439//616
f 448//617 449//617 441//617
f 448//618 441//618 440//618
f 449//619 450//619 442//619
f 449//620 442//620 441//620
f 450//621 451//621 443//621
f 450//622 443//622 442//622
f 451//623 452//623 444//623
f 451//624 444//624 443//624
f 452//625 445//625 437//625
f 452//626 437//626 444//626
f 452//627 451//627 450//627
f 452//628 450//628 449//628
f 452//629 449//629 448//629
f 452//630 448//630 447//630
f 452//631 447//631 446//631
f 452//632 446//632 445//632
f 437//633 438//633 439//633
f 437//634 439//634 440//634
f 437//635 440//635 441//635
f 437//636 441//636 442//636
f 437//637 442//637 443//637
f 437//638 443//638 444//638
f 461//639 462//639 454//639
f 461//640 454//640 453//640
f 462//641 463//641 455//641
f 462//642 455//642 454//642
f 463//643 464//643 456//643
f 463//644 456//644 455//644
f 464//645 465//645 457//645
f 464//646 457//646 456//646
f 465//647 466//647 458//647
f 465//648 458//648 457//648
f 466//649 467//649 459//649
f 466//650 459//650 458//650
f 467//651 468//651 460//651
f 467//652 460//652 459//652
f 468//653 461//653 453//653
f 468//654 453//654 460//654
f 468//655 467//655 466//655
f 468//656 466//656 465//656
f 468//657 465//657 464//657
f 468//658 464//658 463//658
f 468//659 463//659 462//659
f 468//660 462//660 461//660
f 453//661 454//661 455//661
f 453//662 455//662 456//662
f 453//663 456//663 457//663
f 453//664 457//664 458//664
f 453//665 458//665 459//665
f 453//666 459//666 460//666
f 477//667 478//667 470//667
f 477//668 470//668 469//668
f 478//669 479//669 471//669
f 478//670 471//670 470//670
f 479//671 480//671 472//671
f 479//672 472//672 471//672
f 480//673 481//673 473//673
f 480//674 473//674 472//674
f 481//675 482//675 474//675
f 481//676 474//676 473//676
f 482//677 483//677 475//677
f 482//678 475//678 474//678
f 483//679 484//679 476//679
f 483//680 476//680 475//680
f 484//681 477//681 469//681
f 484//682 469//682 476//682
f 484//683 483//683 482//683
f 484//684 482//684 481//684
f 484//685 481//685 480//685
f 484//686 480//686 479//686
f 484//687 479//687 478//687
f 484//688 478//688 477//688
f 469//689 470//689 471//689
f 469//690 471//690 472//690
f 469//691 472//691 473//691
f 469//692 473//692 474//692
f 469//693 474//693 475//693
f 469//694 475//694 476//694
usemtl Mat_Sand
f 486//695 487//695 485//695
f 487//696 488//696 485//696
f 488//697 489//697 485//697
f 489//698 490//698 485//698
f 490//699 491//699 485//699
f 491//700 492//700 485//700
f 492//701 493//701 485//701
f 493//702 486//702 485//702
f 494//703 495//703 487//703
f 494//704 487//704 486//704
f 495//705 496//705 488//705
f 495//706 488//706 487//706
f 496//707 497//707 489//707
f 496//708 489//708 488//708
f 497//709 498//709 490//709
f 497//710 490//710 489//710
f 498//711 499//711 491//711
f 498//712 491//712 490//712
f 499//713 500//713 492//713
f 499//714 492//714 491//714
f 500//715 501//715 493//715
f 500//716 493//716 492//716
f 501//717 494//717 486//717
f 501//718 486//718 493//718
f 502//719 503//719 495//719
f 502//720 495//720 494//720
f 503//721 504//721 496//721
f 503//722 496//722 495//722
f 504//723 505//723 497//723
f 504//724 497//724 496//724
f 505//725 506//725 498//725
f 505//726 498//726 497//726
f 506//727 507//727 499//727
f 506//728 499//728 498//728
f 507//729 508//729 500//729
f 507//730 500//730 499//730
f 508//731 509//731 501//731
f 508//732 501//732 500//732
f 509//733 502//733 494//733
f 509//734 494//734 501//734
f 510//735 511//735 503//735
f 510//736 503//736 502//736
f 511//737 512//737 504//737
f 511//738 504//738 503//738
f 512//739 513//739 505//739
f 512//740 505//740 504//740
f 513//741 514//741 506//741
f 513//742 506//742 505//742
f 514//743 515//743 507//743
f 514//744 507//744 506//744
f 515//745 516//745 508//745
f 515//746 508//746 507//746
f 516//747 517//747 509//747
f 516//748 509//748 508//748
f 517//749 510//749 502//749
f 517//750 502//750 509//750
f 518//751 519//751 511//751
f 518//752 511//752 510//752
f 519//753 520//753 512//753
f 519//754 512//754 511//754
f 520//755 521//755 513//755
f 520//756 513//756 512//756
f 521//757 522//757 514//757
f 521//758 514//758 513//758
f 522//759 523//759 515//759
f 522//760 515//760 514//760
f 523//761 524//761 516//761
f 523//762 516//762 515//762
f 524//763 525//763 517//763
f 524//764 517//764 516//764
f 525//765 518//765 510//765
f 525//766 510//766 517//766
f 526//767 527//767 519//767
f 526//768 519//768 518//768
f 527//769 528//769 520//769
f 527//770 520//770 519//770
f 528//771 529//771 521//771
f 528//772 521//772 520//772
f 529//773 530//773 522//773
f 529//774 522//774 521//774
f 530//775 531//775 523//775
f 530//776 523//776 522//776
f 531//777 532//777 524//777
f 531//778 524//778 523//778
f 532//779 533//779 525//779
f 532//780 525//780 524//780
f 533//781 526//781 518//781
f 533//782 518//782 525//782
f 534//783 535//783 527//783
f 534//784 527//784 526//784
f 535//785 536//785 528//785
f 535//786 528//786 527//786
f 536//787 537//787 529//787
f 536//788 529//788 528//788
f 537//789 538//789 530//789
f 537//790 530//790 529//790
f 538//791 539//791 531//791
f 538//792 531//792 530//792
f 539//793 540//793 532//793
f 539//794 532//794 531//794
f 540//795 541//795 533//795
f 540//796 533//796 532//796
f 541//797 534//797 526//797
f 541//798 526//798 533//798
f 542//799 543//799 535//799
f 542//800 535//800 534//800
f 543//801 544//801 536//801
f 543//802 536//802 535//802
f 544//803 545//803 537//803
f 544//804 537//804 536//804
f 545//805 546//805 538//805
f 545//806 538//806 537//806
f 546//807 547//807 539//807
f 546//808 539//808 538//808
f 547//809 548//809 540//809
f 547//810 540//810 539//810
f 548//811 549//811 541//811
f 548//812 541//812 540//812
f 549//813 542//813 534//813
f 549//814 534//814 541//814
f 550//815 543//815 542//815
f 550//816 544//816 543//816
f 550//817 545//817 544//817
f 550//818 546//818 545//818
f 550//819 547//819 546//819
f 550//820 548//820 547//820
f 550//821 549//821 548//821
f 550//822 542//822 549//822
usemtl Mat_Bone
f 559//823 560//823 552//823
f 559//824 552//824 551//824
f 560//825 561//825 553//825
f 560//826 553//826 552//826
f 561//827 562//827 554//827
f 561//828 554//828 553//828
f 562//829 563//829 555//829
f 562//830 555//830 554//830
f 563//831 564//831 556//831
f 563//832 556//832 555//832
f 564//833 565//833 557//833
f 564//834 557//834 556//834
f 565//835 566//835 558//835
f 565//836 558//836 557//836
f 566//837 559//837 551//837
f 566//838 551//838 558//838
f 566//839 565//839 564//839
f 566//840 564//840 563//840
f 566//841 563//841 562//841
f 566//842 562//842 561//842
f 566//843 561//843 560//843
f 566//844 560//844 559//844
f 551//845 552//845 553//845
f 551//846 553//846 554//846
f 551//847 554//847 555//847
f 551//848 555//848 556//848
f 551//849 556//849 557//849
f 551//850 557//850 558//850
usemtl Mat_Brass
f 568//851 569//851 567//851
f 569//852 570//852 567//852
f 570//853 571//853 567//853
f 571//854 572//854 567//854
f 572//855 573//855 567//855
f 573//856 574//856 567//856
f 574//857 575//857 567//857
f 575//858 568//858 567//858
f 576//859 577//859 569//859
f 576//860 569//860 568//860
f 577//861 578//861 570//861
f 577//862 570//862 569//862
f 578//863 579//863 571//863
f 578//864 571//864 570//864
f 579//865 580//865 572//865
f 579//866 572//866 571//866
f 580//867 581//867 573//867
f 580//868 573//868 572//868
f 581//869 582//869 574//869
f 581//870 574//870 573//870
f 582//871 583//871 575//871
f 582//872 575//872 574//872
f 583//873 576//873 568//873
f 583//874 568//874 575//874
f 584//875 585//875 577//875
f 584//876 577//876 576//876
f 585//877 586//877 578//877
f 585//878 578//878 577//878
f 586//879 587//879 579//879
f 586//880 579//880 578//880
f 587//881 588//881 580//881
f 587//882 580//882 579//882
f 588//883 589//883 581//883
f 588//884 581//884 580//884
f 589//885 590//885 582//885
f 589//886 582//886 581//886
f 590//887 591//887 583//887
f 590//888 583//888 582//888
f 591//889 584//889 576//889
f 591//890 576//890 583//890
f 592//891 585//891 584//891
f 592//892 586//892 585//892
f 592//893 587//893 586//893
f 592//894 588//894 587//894
f 592//895 589//895 588//895
f 592//896 590//896 589//896
f 592//897 591//897 590//897
f 592//898 584//898 591//898
usemtl Mat_Bone
f 594//899 595//899 593//899
f 595//900 596//900 593//900
f 596//901 597//901 593//901
f 597//902 598//902 593//902
f 598//903 599//903 593//903
f 599//904 594//904 593//904
f 600//905 601//905 595//905
f 600//906 595//906 594//906
f 601//907 602//907 596//907
f 601//908 596//908 595//908
f 602//909 603//909 597//909
f 602//910 597//910 596//910
f 603//911 604//911 598//911
f 603//912 598//912 597//912
f 604//913 605//913 599//913
f 604//914 599//914 598//914
f 605//915 600//915 594//915
f 605//916 594//916 599//916
f 606//917 601//917 600//917
f 606//918 602//918 601//918
f 606//919 603//919 602//919
f 606//920 604//920 603//920
f 606//921 605//921 604//921
f 606//922 600//922 605//922
f 608//923 609//923 607//923
f 609//924 610//924 607//924
f 610//925 611//925 607//925
f 611//926 612//926 607//926
f 612//927 613//927 607//927
f 613//928 608//928 607//928
f 614//929 615//929 609//929
f 614//930 609//930 608//930
f 615//931 616//931 610//931
f 615//932 610//932 609//932
f 616//933 617//933 611//933
f 616//934 611//934 610//934
f 617//935 618//935 612//935
f 617//936 612//936 611//936
f 618//937 619//937 613//937
f 618//938 613//938 612//938
f 619//939 614//939 608//939
f 619//940 608//940 613//940
f 620//941 615//941 614//941
f 620//942 616//942 615//942
f 620//943 617//943 616//943
f 620//944 618//944 617//944
f 620//945 619//945 618//945
f 620//946 614//946 619//946
usemtl Mat_Void
f 622//947 623//947 621//947
f 623//948 624//948 621//948
f 624//949 625//949 621//949
f 625//950 626//950 621//950
f 626//951 622//951 621//951
f 627//952 623//952 622//952
f 627//953 624//953 623//953
f 627//954 625//954 624//954
f 627//955 626//955 625//955
f 627//956 622//956 626//956
f 629//957 630//957 628//957
f 630//958 631//958 628//958
f 631//959 632//959 628//959
f 632//960 633//960 628//960
f 633//961 629//961 628//961
f 634//962 630//962 629//962
f 634//963 631//963 630//963
f 634//964 632//964 631//964
f 634//965 633//965 632//965
f 634//966 629//966 633//966
f 643//967 644//967 636//967
f 643//968 636//968 635//968
f 644//969 645//969 637//969
f 644//970 637//970 636//970
f 645//971 646//971 638//971
f 645//972 638//972 637//972
f 646//973 647//973 639//973
f 646//974 639//974 638//974
f 647//975 648//975 640//975
f 647//976 640//976 639//976
f 648//977 649//977 641//977
f 648//978 641//978 640//978
f 649//979 650//979 642//979
f 649//980 642//980 641//980
f 650//981 643//981 635//981
f 650//982 635//982 642//982
f 650//983 649//983 648//983
f 650//984 648//984 647//984
f 650//985 647//985 646//985
f 650//986 646//986 645//986
f 650//987 645//987 644//987
f 650//988 644//988 643//988
f 635//989 636//989 637//989
f 635//990 637//990 638//990
f 635//991 638//991 639//991
f 635//992 639//992 640//992
f 635//993 640//993 641//993
f 635//994 641//994 642//994
usemtl Mat_Brass
f 652//995 653//995 651//995
f 653//996 654//996 651//996
f 654//997 655//997 651//997
f 655//998 656//998 651//998
f 656//999 657//999 651//999
f 657//1000 658//1000 651//1000
f 658//1001 659//1001 651//1001
f 659//1002 652//1002 651//1002
f 660//1003 661//1003 653//1003
f 660//1004 653//1004 652//1004
f 661//1005 662//1005 654//1005
f 661//1006 654//1006 653//1006
f 662//1007 663//1007 655//1007
f 662//1008 655//1008 654//1008
f 663//1009 664//1009 656//1009
f 663//1010 656//1010 655//1010
f 664//1011 665//1011 657//1011
f 664//1012 657//1012 656//1012
f 665//1013 666//1013 658//1013
f 665//1014 658//1014 657//1014
f 666//1015 667//1015 659//1015
f 666//1016 659//1016 658//1016
f 667//1017 660//1017 652//1017
f 667//1018 652//1018 659//1018
f 668//1019 669//1019 661//1019
f 668//1020 661//1020 660//1020
f 669//1021 670//1021 662//1021
f 669//1022 662//1022 661//1022
f 670//1023 671//1023 663//1023
f 670//1024 663//1024 662//1024
f 671//1025 672//1025 664//1025
f 671//1026 664//1026 663//1026
f 672//1027 673//1027 665//1027
f 672//1028 665//1028 664//1028
f 673//1029 674//1029 666//1029
f 673//1030 666//1030 665//1030
f 674//1031 675//1031 667//1031
f 674//1032 667//1032 666//1032
f 675//1033 668//1033 660//1033
f 675//1034 660//1034 667//1034
f 676//1035 669//1035 668//1035
f 676//1036 670//1036 669//1036
f 676//1037 671//1037 670//1037
f 676//1038 672//1038 671//1038
f 676//1039 673//1039 672//1039
f 676//1040 674//1040 673//1040
f 676//1041 675//1041 674//1041
f 676//1042 668//1042 675//1042
usemtl Mat_Bone
f 678//1043 679//1043 677//1043
f 679//1044 680//1044 677//1044
f 680//1045 681//1045 677//1045
f 681//1046 682//1046 677//1046
f 682//1047 683//1047 677//1047
f 683//1048 678//1048 677//1048
f 684//1049 685//1049 679//1049
f 684//1050 679//1050 678//1050
f 685//1051 686//1051 680//1051
f 685//1052 680//1052 679//1052
f 686//1053 687//1053 681//1053
f 686//1054 681//1054 680//1054
f 687//1055 688//1055 682//1055
f 687//1056 682//1056 681//1056
f 688//1057 689//1057 683//1057
f 688//1058 683//1058 682//1058
f 689//1059 684//1059 678//1059
f 689//1060 678//1060 683//1060
f 690//1061 685//1061 684//1061
f 690//1062 686//1062 685//1062
f 690//1063 687//1063 686//1063
f 690//1064 688//1064 687//1064
f 690//1065 689//1065 688//1065
f 690//1066 684//1066 689//1066
f 692//1067 693//1067 691//1067
f 693//1068 694//1068 691//1068
f 694//1069 695//1069 691//1069
f 695//1070 696//1070 691//1070
f 696//1071 697//1071 691//1071
f 697//1072 692//1072 691//1072
f 698//1073 699//1073 693//1073
f 698//1074 693//1074 692//1074
f 699//1075 700//1075 694//1075
f 699//1076 694//1076 693//1076
f 700//1077 701//1077 695//1077
f 700//1078 695//1078 694//1078
f 701//1079 702//1079 696//1079
f 701//1080 696//1080 695//1080
f 702//1081 703//1081 697//1081
f 702//1082 697//1082 696//1082
f 703//1083 698//1083 692//1083
f 703//1084 692//1084 697//1084
f 704//1085 699//1085 698//1085
f 704//1086 700//1086 699//1086
f 704//1087 701//1087 700//1087
f 704//1088 702//1088 701//1088
f 704//1089 703//1089 702//1089
f 704//1090 698//1090 703//1090
usemtl Mat_Void
f 706//1091 707//1091 705//1091
f 707//1092 708//1092 705//1092
f 708//1093 709//1093 705//1093
f 709//1094 710//1094 705//1094
f 710//1095 706//1095 705//1095
f 711//1096 707//1096 706//1096
f 711//1097 708//1097 707//1097
f 711//1098 709//1098 708//1098
f 711//1099 710//1099 709//1099
f 711//1100 706//1100 710//1100
f 713//1101 714//1101 712//1101
f 714//1102 715//1102 712//1102
f 715//1103 716//1103 712//1103
f 716//1104 717//1104 712//1104
f 717//1105 713//1105 712//1105
f 718//1106 714//1106 713//1106
f 718//1107 715//1107 714//1107
f 718//1108 716//1108 715//1108
f 718//1109 717//1109 716//1109
f 718//1110 713//1110 717//1110
f 727//1111 728//1111 720//1111
f 727//1112 720//1112 719//1112
f 728//1113 729//1113 721//1113
f 728//1114 721//1114 720//1114
f 729//1115 730//1115 722//1115
f 729//1116 722//1116 721//1116
f 730//1117 731//1117 723//1117
f 730//1118 723//1118 722//1118
f 731//1119 732//1119 724//1119
f 731//1120 724//1120 723//1120
f 732//1121 733//1121 725//1121
f 732//1122 725//1122 724//1122
f 733//1123 734//1123 726//1123
f 733//1124 726//1124 725//1124
f 734//1125 727//1125 719//1125
f 734//1126 719//1126 726//1126
f 734//1127 733//1127 732//1127
f 734//1128 732//1128 731//1128
f 734//1129 731//1129 730//1129
f 734//1130 730//1130 729//1130
f 734//1131 729//1131 728//1131
f 734//1132 728//1132 727//1132
f 719//1133 720//1133 721//1133
f 719//1134 721//1134 722//1134
f 719//1135 722//1135 723//1135
f 719//1136 723//1136 724//1136
f 719//1137 724//1137 725//1137
f 719//1138 725//1138 726//1138
usemtl Mat_Brass
f 736//1139 737//1139 735//1139
f 737//1140 738//1140 735//1140
f 738//1141 739//1141 735//1141
f 739//1142 740//1142 735//1142
f 740//1143 741//1143 735//1143
f 741//1144 742//1144 735//1144
f 742//1145 743//1145 735//1145
f 743//1146 736//1146 735//1146
f 744//1147 745//1147 737//1147
f 744//1148 737//1148 736//1148
f 745//1149 746//1149 738//1149
f 745//1150 738//1150 737//1150
f 746//1151 747//1151 739//1151
f 746//1152 739//1152 738//1152
f 747//1153 748//1153 740//1153
f 747//1154 740//1154 739//1154
f 748//1155 749//1155 741//1155
f 748//1156 741//1156 740//1156
f 749//1157 750//1157 742//1157
f 749//1158 742//1158 741//1158
f 750//1159 751//1159 743//1159
f 750//1160 743//1160 742//1160
f 751//1161 744//1161 736//1161
f 751//1162 736//1162 743//1162
f 752//1163 753//1163 745//1163
f 752//1164 745//1164 744//1164
f 753//1165 754//1165 746//1165
f 753//1166 746//1166 745//1166
f 754//1167 755//1167 747//1167
f 754//1168 747//1168 746//1168
f 755//1169 756//1169 748//1169
f 755//1170 748//1170 747//1170
f 756//1171 757//1171 749//1171
f 756//1172 749//1172 748//1172
f 757//1173 758//1173 750//1173
f 757//1174 750//1174 749//1174
f 758//1175 759//1175 751//1175
f 758//1176 751//1176 750//1176
f 759//1177 752//1177 744//1177
f 759//1178 744//1178 751//1178
f 760//1179 753//1179 752//1179
f 760//1180 754//1180 753//1180
f 760//1181 755//1181 754//1181
f 760//1182 756//1182 755//1182
f 760//1183 757//1183 756//1183
f 760//1184 758//1184 757//1184
f 760//1185 759//1185 758//1185
f 760//1186 752//1186 759//1186
usemtl Mat_Bone
f 762//1187 763//1187 761//1187
f 763//1188 764//1188 761//1188
f 764//1189 765//1189 761//1189
f 765//1190 766//1190 761//1190
f 766//1191 767//1191 761//1191
f 767//1192 762//1192 761//1192
f 768//1193 769//1193 763//1193
f 768//1194 763//1194 762//1194
f 769//1195 770//1195 764//1195
f 769//1196 764//1196 763//1196
f 770//1197 771//1197 765//1197
f 770//1198 765//1198 764//1198
f 771//1199 772//1199 766//1199
f 771//1200 766//1200 765//1200
f 772//1201 773//1201 767//1201
f 772//1202 767//1202 766//1202
f 773//1203 768//1203 762//1203
f 773//1204 762//1204 767//1204
f 774//1205 769//1205 768//1205
f 774//1206 770//1206 769//1206
f 774//1207 771//1207 770//1207
f 774//1208 772//1208 771//1208
f 774//1209 773//1209 772//1209
f 774//1210 768//1210 773//1210
f 776//1211 777//1211 775//1211
f 777//1212 778//1212 775//1212
f 778//1213 779//1213 775//1213
f 779//1214 780//1214 775//1214
f 780//1215 781//1215 775//1215
f 781//1216 776//1216 775//1216
f 782//1217 783//1217 777//1217
f 782//1218 777//1218 776//1218
f 783//1219 784//1219 778//1219
f 783//1220 778//1220 777//1220
f 784//1221 785//1221 779//1221
f 784//1222 779//1222 778//1222
f 785//1223 786//1223 780//1223
f 785//1224 780//1224 779//1224
f 786//1225 787//1225 781//1225
f 786//1226 781//1226 780//1226
f 787//1227 782//1227 776//1227
f 787//1228 776//1228 781//1228
f 788//1229 783//1229 782//1229
f 788//1230 784//1230 783//1230
f 788//1231 785//1231 784//1231
f 788//1232 786//1232 785//1232
f 788//1233 787//1233 786//1233
f 788//1234 782//1234 787//1234
usemtl Mat_Void
f 790//1235 791//1235 789//1235
f 791//1236 792//1236 789//1236
f 792//1237 793//1237 789//1237
f 793//1238 794//1238 789//1238
f 794//1239 790//1239 789//1239
f 795//1240 791//1240 790//1240
f 795//1241 792//1241 791//1241
f 795//1242 793//1242 792//1242
f 795//1243 794//1243 793//1243
f 795//1244 790//1244 794//1244
f 797//1245 798//1245 796//1245
f 798//1246 799//1246 796//1246
f 799//1247 800//1247 796//1247
f 800//1248 801//1248 796//1248
f 801//1249 797//1249 796//1249
f 802//1250 798//1250 797//1250
f 802//1251 799//1251 798//1251
f 802//1252 800//1252 799//1252
f 802//1253 801//1253 800//1253
f 802//1254 797//1254 801//1254
f 811//1255 812//1255 804//1255
f 811//1256 804//1256 803//1256
f 812//1257 813//1257 805//1257
f 812//1258 805//1258 804//1258
f 813//1259 814//1259 806//1259
f 813//1260 806//1260 805//1260
f 814//1261 815//1261 807//1261
f 814//1262 807//1262 806//1262
f 815//1263 816//1263 808//1263
f 815//1264 808//1264 807//1264
f 816//1265 817//1265 809//1265
f 816//1266 809//1266 808//1266
f 817//1267 818//1267 810//1267
f 817//1268 810//1268 809//1268
f 818//1269 811//1269 803//1269
f 818//1270 803//1270 810//1270
f 818//1271 817//1271 816//1271
f 818//1272 816//1272 815//1272
f 818//1273 815//1273 814//1273
f 818//1274 814//1274 813//1274
f 818//1275 813//1275 812//1275
f 818//1276 812//1276 811//1276
f 803//1277 804//1277 805//1277
f 803//1278 805//1278 806//1278
f 803//1279 806//1279 807//1279
f 803//1280 807//1280 808//1280
f 803//1281 808//1281 809//1281
f 803//1282 809//1282 810//1282
usemtl Mat_Brass
f 820//1283 821//1283 819//1283
f 821//1284 822//1284 819//1284
f 822//1285 823//1285 819//1285
f 823//1286 824//1286 819//1286
f 824//1287 825//1287 819//1287
f 825//1288 826//1288 819//1288
f 826//1289 827//1289 819//1289
f 827//1290 820//1290 819//1290
f 828//1291 829//1291 821//1291
f 828//1292 821//1292 820//1292
f 829//1293 830//1293 822//1293
f 829//1294 822//1294 821//1294
f 830//1295 831//1295 823//1295
f 830//1296 823//1296 822//1296
f 831//1297 832//1297 824//1297
f 831//1298 824//1298 823//1298
f 832//1299 833//1299 825//1299
f 832//1300 825//1300 824//1300
f 833//1301 834//1301 826//1301
f 833//1302 826//1302 825//1302
f 834//1303 835//1303 827//1303
f 834//1304 827//1304 826//1304
f 835//1305 828//1305 820//1305
f 835//1306 820//1306 827//1306
f 836//1307 837//1307 829//1307
f 836//1308 829//1308 828//1308
f 837//1309 838//1309 830//1309
f 837//1310 830//1310 829//1310
f 838//1311 839//1311 831//1311
f 838//1312 831//1312 830//1312
f 839//1313 840//1313 832//1313
f 839//1314 832//1314 831//1314
f 840//1315 841//1315 833//1315
f 840//1316 833//1316 832//1316
f 841//1317 842//1317 834//1317
f 841//1318 834//1318 833//1318
f 842//1319 843//1319 835//1319
f 842//1320 835//1320 834//1320
f 843//1321 836//1321 828//1321
f 843//1322 828//1322 835//1322
f 844//1323 837//1323 836//1323
f 844//1324 838//1324 837//1324
f 844//1325 839//1325 838//1325
f 844//1326 840//1326 839//1326
f 844//1327 841//1327 840//1327
f 844//1328 842//1328 841//1328
f 844//1329 843//1329 842//1329
f 844//1330 836//1330 843//1330
usemtl Mat_Bone
f 846//1331 847//1331 845//1331
f 847//1332 848//1332 845//1332
f 848//1333 849//1333 845//1333
f 849//1334 850//1334 845//1334
f 850//1335 851//1335 845//1335
f 851//1336 846//1336 845//1336
f 852//1337 853//1337 847//1337
f 852//1338 847//1338 846//1338
f 853//1339 854//1339 848//1339
f 853//1340 848//1340 847//1340
f 854//1341 855//1341 849//1341
f 854//1342 849//1342 848//1342
f 855//1343 856//1343 850//1343
f 855//1344 850//1344 849//1344
f 856//1345 857//1345 851//1345
f 856//1346 851//1346 850//1346
f 857//1347 852//1347 846//1347
f 857//1348 846//1348 851//1348
f 858//1349 853//1349 852//1349
f 858//1350 854//1350 853//1350
f 858//1351 855//1351 854//1351
f 858//1352 856//1352 855//1352
f 858//1353 857//1353 856//1353
f 858//1354 852//1354 857//1354
f 860//1355 861//1355 859//1355
f 861//1356 862//1356 859//1356
f 862//1357 863//1357 859//1357
f 863//1358 864//1358 859//1358
f 864//1359 865//1359 859//1359
f 865//1360 860//1360 859//1360
f 866//1361 867//1361 861//1361
f 866//1362 861//1362 860//1362
f 867//1363 868//1363 862//1363
f 867//1364 862//1364 861//1364
f 868//1365 869//1365 863//1365
f 868//1366 863//1366 862//1366
f 869//1367 870//1367 864//1367
f 869//1368 864//1368 863//1368
f 870//1369 871//1369 865//1369
f 870//1370 865//1370 864//1370
f 871//1371 866//1371 860//1371
f 871//1372 860//1372 865//1372
f 872//1373 867//1373 866//1373
f 872//1374 868//1374 867//1374
f 872//1375 869//1375 868//1375
f 872//1376 870//1376 869//1376
f 872//1377 871//1377 870//1377
f 872//1378 866//1378 871//1378
usemtl Mat_Void
f 874//1379 875//1379 873//1379
f 875//1380 876//1380 873//1380
f 876//1381 877//1381 873//1381
f 877//1382 878//1382 873//1382
f 878//1383 874//1383 873//1383
f 879//1384 875//1384 874//1384
f 879//1385 876//1385 875//1385
f 879//1386 877//1386 876//1386
f 879//1387 878//1387 877//1387
f 879//1388 874//1388 878//1388
f 881//1389 882//1389 880//1389
f 882//1390 883//1390 880//1390
f 883//1391 884//1391 880//1391
f 884//1392 885//1392 880//1392
f 885//1393 881//1393 880//1393
f 886//1394 882//1394 881//1394
f 886//1395 883//1395 882//1395
f 886//1396 884//1396 883//1396
f 886//1397 885//1397 884//1397
f 886//1398 881//1398 885//1398
f 895//1399 896//1399 888//1399
f 895//1400 888//1400 887//1400
f 896//1401 897//1401 889//1401
f 896//1402 889//1402 888//1402
f 897//1403 898//1403 890//1403
f 897//1404 890//1404 889//1404
f 898//1405 899//1405 891//1405
f 898//1406 891//1406 890//1406
f 899//1407 900//1407 892//1407
f 899//1408 892//1408 891//1408
f 900//1409 901//1409 893//1409
f 900//1410 893//1410 892//1410
f 901//1411 902//1411 894//1411
f 901//1412 894//1412 893//1412
f 902//1413 895//1413 887//1413
f 902//1414 887//1414 894//1414
f 902//1415 901//1415 900//1415
f 902//1416 900//1416 899//1416
f 902//1417 899//1417 898//1417
f 902//1418 898//1418 897//1418
f 902//1419 897//1419 896//1419
f 902//1420 896//1420 895//1420
f 887//1421 888//1421 889//1421
f 887//1422 889//1422 890//1422
f 887//1423 890//1423 891//1423
f 887//1424 891//1424 892//1424
f 887//1425 892//1425 893//1425
f 887//1426 893//1426 894//1426
usemtl Mat_Sand
f 904//1427 905//1427 903//1427
f 905//1428 906//1428 903//1428
f 906//1429 907//1429 903//1429
f 907//1430 908//1430 903//1430
f 908//1431 909//1431 903//1431
f 909//1432 910//1432 903//1432
f 910//1433 911//1433 903//1433
f 911//1434 912//1434 903//1434
f 912//1435 913//1435 903//1435
f 913//1436 904//1436 903//1436
f 914//1437 915//1437 905//1437
f 914//1438 905//1438 904//1438
f 915//1439 916//1439 906//1439
f 915//1440 906//1440 905//1440
f 916//1441 917//1441 907//1441
f 916//1442 907//1442 906//1442
f 917//1443 918//1443 908//1443
f 917//1444 908//1444 907//1444
f 918//1445 919//1445 909//1445
f 918//1446 909//1446 908//1446
f 919//1447 920//1447 910//1447
f 919//1448 910//1448 909//1448
f 920//1449 921//1449 911//1449
f 920//1450 911//1450 910//1450
f 921//1451 922//1451 912//1451
f 921//1452 912//1452 911//1452
f 922//1453 923//1453 913//1453
f 922//1454 913//1454 912//1454
f 923//1455 914//1455 904//1455
f 923//1456 904//1456 913//1456
f 924//1457 925//1457 915//1457
f 924//1458 915//1458 914//1458
f 925//1459 926//1459 916//1459
f 925//1460 916//1460 915//1460
f 926//1461 927//1461 917//1461
f 926//1462 917//1462 916//1462
f 927//1463 928//1463 918//1463
f 927//1464 918//1464 917//1464
f 928//1465 929//1465 919//1465
f 928//1466 919//1466 918//1466
f 929//1467 930//1467 920//1467
f 929//1468 920//1468 919//1468
f 930//1469 931//1469 921//1469
f 930//1470 921//1470 920//1470
f 931//1471 932//1471 922//1471
f 931//1472 922//1472 921//1472
f 932//1473 933//1473 923//1473
f 932//1474 923//1474 922//1474
f 933//1475 924//1475 914//1475
f 933//1476 914//1476 923//1476
f 934//1477 935//1477 925//1477
f 934//1478 925//1478 924//1478
f 935//1479 936//1479 926//1479
f 935//1480 926//1480 925//1480
f 936//1481 937//1481 927//1481
f 936//1482 927//1482 926//1482
f 937//1483 938//1483 928//1483
f 937//1484 928//1484 927//1484
f 938//1485 939//1485 929//1485
f 938//1486 929//1486 928//1486
f 939//1487 940//1487 930//1487
f 939//1488 930//1488 929//1488
f 940//1489 941//1489 931//1489
f 940//1490 931//1490 930//1490
f 941//1491 942//1491 932//1491
f 941//1492 932//1492 931//1492
f 942//1493 943//1493 933//1493
f 942//1494 933//1494 932//1494
f 943//1495 934//1495 924//1495
f 943//1496 924//1496 933//1496
f 944//1497 945//1497 935//1497
f 944//1498 935//1498 934//1498
f 945//1499 946//1499 936//1499
f 945//1500 936//1500 935//1500
f 946//1501 947//1501 937//1501
f 946//1502 937//1502 936//1502
f 947//1503 948//1503 938//1503
f 947//1504 938//1504 937//1504
f 948//1505 949//1505 939//1505
f 948//1506 939//1506 938//1506
f 949//1507 950//1507 940//1507
f 949//1508 940//1508 939//1508
f 950//1509 951//1509 941//1509
f 950//1510 941//1510 940//1510
f 951//1511 952//1511 942//1511
f 951//1512 942//1512 941//1512
f 952//1513 953//1513 943//1513
f 952//1514 943//1514 942//1514
f 953//1515 944//1515 934//1515
f 953//1516 934//1516 943//1516
f 954//1517 955//1517 945//1517
f 954//1518 945//1518 944//1518
f 955//1519 956//1519 946//1519
f 955//1520 946//1520 945//1520
f 956//1521 957//1521 947//1521
f 956//1522 947//1522 946//1522
f 957//1523 958//1523 948//1523
f 957//1524 948//1524 947//1524
f 958//1525 959//1525 949//1525
f 958//1526 949//1526 948//1526
f 959//1527 960//1527 950//1527
f 959//1528 950//1528 949//1528
f 960//1529 961//1529 951//1529
f 960//1530 951//1530 950//1530
f 961//1531 962//1531 952//1531
f 961//1532 952//1532 951//1532
f 962//1533 963//1533 953//1533
f 962//1534 953//1534 952//1534
f 963//1535 954//1535 944//1535
f 963//1536 944//1536 953//1536
f 964//1537 965//1537 955//1537
f 964//1538 955//1538 954//1538
f 965//1539 966//1539 956//1539
f 965//1540 956//1540 955//1540
f 966//1541 967//1541 957//1541
f 966//1542 957//1542 956//1542
f 967//1543 968//1543 958//1543
f 967//1544 958//1544 957//1544
f 968//1545 969//1545 959//1545
f 968//1546 959//1546 958//1546
f 969//1547 970//1547 960//1547
f 969//1548 960//1548 959//1548
f 970//1549 971//1549 961//1549
f 970//1550 961//1550 960//1550
f 971//1551 972//1551 962//1551
f 971//1552 962//1552 961//1552
f 972//1553 973//1553 963//1553
f 972//1554 963//1554 962//1554
f 973//1555 964//1555 954//1555
f 973//1556 954//1556 963//1556
f 974//1557 965//1557 964//1557
f 974//1558 966//1558 965//1558
f 974//1559 967//1559 966//1559
f 974//1560 968//1560 967//1560
f 974//1561 969//1561 968//1561
f 974//1562 970//1562 969//1562
f 974//1563 971//1563 970//1563
f 974//1564 972//1564 971//1564
f 974//1565 973//1565 972//1565
f 974//1566 964//1566 973//1566
usemtl Mat_Bone
f 975//1567 976//1567 980//1567
f 975//1568 980//1568 979//1568
f 976//1569 977//1569 981//1569
f 976//1570 981//1570 980//1570
f 977//1571 978//1571 982//1571
f 977//1572 982//1572 981//1572
f 978//1573 975//1573 979//1573
f 978//1574 979//1574 982//1574
f 979//1575 980//1575 984//1575
f 979//1576 984//1576 983//1576
f 980//1577 981//1577 985//1577
f 980//1578 985//1578 984//1578
f 981//1579 982//1579 986//1579
f 981//1580 986//1580 985//1580
f 982//1581 979//1581 983//1581
f 982//1582 983//1582 986//1582
f 983//1583 984//1583 988//1583
f 983//1584 988//1584 987//1584
f 984//1585 985//1585 989//1585
f 984//1586 989//1586 988//1586
f 985//1587 986//1587 990//1587
f 985//1588 990//1588 989//1588
f 986//1589 983//1589 987//1589
f 986//1590 987//1590 990//1590
f 987//1591 988//1591 992//1591
f 987//1592 992//1592 991//1592
f 988//1593 989//1593 993//1593
f 988//1594 993//1594 992//1594
f 989//1595 990//1595 994//1595
f 989//1596 994//1596 993//1596
f 990//1597 987//1597 991//1597
f 990//1598 991//1598 994//1598
f 991//1599 992//1599 996//1599
f 991//1600 996//1600 995//1600
f 992//1601 993//1601 997//1601
f 992//1602 997//1602 996//1602
f 993//1603 994//1603 998//1603
f 993//1604 998//1604 997//1604
f 994//1605 991//1605 995//1605
f 994//1606 995//1606 998//1606
f 995//1607 996//1607 1000//1607
f 995//1608 1000//1608 999//1608
f 996//1609 997//1609 1001//1609
f 996//1610 1001//1610 1000//1610
f 997//1611 998//1611 1002//1611
f 997//1612 1002//1612 1001//1612
f 998//1613 995//1613 999//1613
f 998//1614 999//1614 1002//1614
f 999//1615 1000//1615 1004//1615
f 999//1616 1004//1616 1003//1616
f 1000//1617 1001//1617 1005//1617
f 1000//1618 1005//1618 1004//1618
f 1001//1619 1002//1619 1006//1619
f 1001//1620 1006//1620 1005//1620
f 1002//1621 999//1621 1003//1621
f 1002//1622 1003//1622 1006//1622
f 1003//1623 1004//1623 1008//1623
f 1003//1624 1008//1624 1007//1624
f 1004//1625 1005//1625 1009//1625
f 1004//1626 1009//1626 1008//1626
f 1005//1627 1006//1627 1010//1627
f 1005//1628 1010//1628 1009//1628
f 1006//1629 1003//1629 1007//1629
f 1006//1630 1007//1630 1010//1630
f 1007//1631 1008//1631 1012//1631
f 1007//1632 1012//1632 1011//1632
f 1008//1633 1009//1633 1013//1633
f 1008//1634 1013//1634 1012//1634
f 1009//1635 1010//1635 1014//1635
f 1009//1636 1014//1636 1013//1636
f 1010//1637 1007//1637 1011//1637
f 1010//1638 1011//1638 1014//1638
f 1011//1639 1012//1639 976//1639
f 1011//1640 976//1640 975//1640
f 1012//1641 1013//1641 977//1641
f 1012//1642 977//1642 976//1642
f 1013//1643 1014//1643 978//1643
f 1013//1644 978//1644 977//1644
f 1014//1645 1011//1645 975//1645
f 1014//1646 975//1646 978//1646
usemtl Mat_Sand
f 1016//1647 1017//1647 1015//1647
f 1017//1648 1018//1648 1015//1648
f 1018//1649 1019//1649 1015//1649
f 1019//1650 1020//1650 1015//1650
f 1020//1651 1021//1651 1015//1651
f 1021//1652 1022//1652 1015//1652
f 1022//1653 1023//1653 1015//1653
f 1023//1654 1016//1654 1015//1654
f 1024//1655 1025//1655 1017//1655
f 1024//1656 1017//1656 1016//1656
f 1025//1657 1026//1657 1018//1657
f 1025//1658 1018//1658 1017//1658
f 1026//1659 1027//1659 1019//1659
f 1026//1660 1019//1660 1018//1660
f 1027//1661 1028//1661 1020//1661
f 1027//1662 1020//1662 1019//1662
f 1028//1663 1029//1663 1021//1663
f 1028//1664 1021//1664 1020//1664
f 1029//1665 1030//1665 1022//1665
f 1029//1666 1022//1666 1021//1666
f 1030//1667 1031//1667 1023//1667
f 1030//1668 1023//1668 1022//1668
f 1031//1669 1024//1669 1016//1669
f 1031//1670 1016//1670 1023//1670
f 1032//1671 1033//1671 1025//1671
f 1032//1672 1025//1672 1024//1672
f 1033//1673 1034//1673 1026//1673
f 1033//1674 1026//1674 1025//1674
f 1034//1675 1035//1675 1027//1675
f 1034//1676 1027//1676 1026//1676
f 1035//1677 1036//1677 1028//1677
f 1035//1678 1028//1678 1027//1678
f 1036//1679 1037//1679 1029//1679
f 1036//1680 1029//1680 1028//1680
f 1037//1681 1038//1681 1030//1681
f 1037//1682 1030//1682 1029//1682
f 1038//1683 1039//1683 1031//1683
f 1038//1684 1031//1684 1030//1684
f 1039//1685 1032//1685 1024//1685
f 1039//1686 1024//1686 1031//1686
f 1040//1687 1041//1687 1033//1687
f 1040//1688 1033//1688 1032//1688
f 1041//1689 1042//1689 1034//1689
f 1041//1690 1034//1690 1033//1690
f 1042//1691 1043//1691 1035//1691
f 1042//1692 1035//1692 1034//1692
f 1043//1693 1044//1693 1036//1693
f 1043//1694 1036//1694 1035//1694
f 1044//1695 1045//1695 1037//1695
f 1044//1696 1037//1696 1036//1696
f 1045//1697 1046//1697 1038//1697
f 1045//1698 1038//1698 1037//1698
f 1046//1699 1047//1699 1039//1699
f 1046//1700 1039//1700 1038//1700
f 1047//1701 1040//1701 1032//1701
f 1047//1702 1032//1702 1039//1702
f 1048//1703 1049//1703 1041//1703
f 1048//1704 1041//1704 1040//1704
f 1049//1705 1050//1705 1042//1705
f 1049//1706 1042//1706 1041//1706
f 1050//1707 1051//1707 1043//1707
f 1050//1708 1043//1708 1042//1708
f 1051//1709 1052//1709 1044//1709
f 1051//1710 1044//1710 1043//1710
f 1052//1711 1053//1711 1045//1711
f 1052//1712 1045//1712 1044//1712
f 1053//1713 1054//1713 1046//1713
f 1053//1714 1046//1714 1045//1714
f 1054//1715 1055//1715 1047//1715
f 1054//1716 1047//1716 1046//1716
f 1055//1717 1048//1717 1040//1717
f 1055//1718 1040//1718 1047//1718
f 1056//1719 1049//1719 1048//1719
f 1056//1720 1050//1720 1049//1720
f 1056//1721 1051//1721 1050//1721
f 1056//1722 1052//1722 1051//1722
f 1056//1723 1053//1723 1052//1723
f 1056//1724 1054//1724 1053//1724
f 1056//1725 1055//1725 1054//1725
f 1056//1726 1048//1726 1055//1726
usemtl Mat_Bone
f 1065//1727 1066//1727 1058//1727
f 1065//1728 1058//1728 1057//1728
f 1066//1729 1067//1729 1059//1729
f 1066//1730 1059//1730 1058//1730
f 1067//1731 1068//1731 1060//1731
f 1067//1732 1060//1732 1059//1732
f 1068//1733 1069//1733 1061//1733
f 1068//1734 1061//1734 1060//1734
f 1069//1735 1070//1735 1062//1735
f 1069//1736 1062//1736 1061//1736
f 1070//1737 1071//1737 1063//1737
f 1070//1738 1063//1738 1062//1738
f 1071//1739 1072//1739 1064//1739
f 1071//1740 1064//1740 1063//1740
f 1072//1741 1065//1741 1057//1741
f 1072//1742 1057//1742 1064//1742
f 1072//1743 1071//1743 1070//1743
f 1072//1744 1070//1744 1069//1744
f 1072//1745 1069//1745 1068//1745
f 1072//1746 1068//1746 1067//1746
f 1072//1747 1067//1747 1066//1747
f 1072//1748 1066//1748 1065//1748
f 1057//1749 1058//1749 1059//1749
f 1057//1750 1059//1750 1060//1750
f 1057//1751 1060//1751 1061//1751
f 1057//1752 1061//1752 1062//1752
f 1057//1753 1062//1753 1063//1753
f 1057//1754 1063//1754 1064//1754
usemtl Mat_NeonCyan
f 1081//1755 1082//1755 1074//1755
f 1081//1756 1074//1756 1073//1756
f 1082//1757 1083//1757 1075//1757
f 1082//1758 1075//1758 1074//1758
f 1083//1759 1084//1759 1076//1759
f 1083//1760 1076//1760 1075//1760
f 1084//1761 1085//1761 1077//1761
f 1084//1762 1077//1762 1076//1762
f 1085//1763 1086//1763 1078//1763
f 1085//1764 1078//1764 1077//1764
f 1086//1765 1087//1765 1079//1765
f 1086//1766 1079//1766 1078//1766
f 1087//1767 1088//1767 1080//1767
f 1087//1768 1080//1768 1079//1768
f 1088//1769 1081//1769 1073//1769
f 1088//1770 1073//1770 1080//1770
f 1088//1771 1087//1771 1086//1771
f 1088//1772 1086//1772 1085//1772
f 1088//1773 1085//1773 1084//1773
f 1088//1774 1084//1774 1083//1774
f 1088//1775 1083//1775 1082//1775
f 1088//1776 1082//1776 1081//1776
f 1073//1777 1074//1777 1075//1777
f 1073//1778 1075//1778 1076//1778
f 1073//1779 1076//1779 1077//1779
f 1073//1780 1077//1780 1078//1780
f 1073//1781 1078//1781 1079//1781
f 1073//1782 1079//1782 1080//1782
usemtl Mat_Brass
f 1095//1783 1096//1783 1090//1783
f 1095//1784 1090//1784 1089//1784
f 1096//1785 1097//1785 1091//1785
f 1096//1786 1091//1786 1090//1786
f 1097//1787 1098//1787 1092//1787
f 1097//1788 1092//1788 1091//1788
f 1098//1789 1099//1789 1093//1789
f 1098//1790 1093//1790 1092//1790
f 1099//1791 1100//1791 1094//1791
f 1099//1792 1094//1792 1093//1792
f 1100//1793 1095//1793 1089//1793
f 1100//1794 1089//1794 1094//1794
f 1100//1795 1099//1795 1098//1795
f 1100//1796 1098//1796 1097//1796
f 1100//1797 1097//1797 1096//1797
f 1100//1798 1096//1798 1095//1798
f 1089//1799 1090//1799 1091//1799
f 1089//1800 1091//1800 1092//1800
f 1089//1801 1092//1801 1093//1801
f 1089//1802 1093//1802 1094//1802
usemtl Mat_TractorBeam
f 1113//1803 1114//1803 1102//1803
f 1113//1804 1102//1804 1101//1804
f 1114//1805 1115//1805 1103//1805
f 1114//1806 1103//1806 1102//1806
f 1115//1807 1116//1807 1104//1807
f 1115//1808 1104//1808 1103//1808
f 1116//1809 1117//1809 1105//1809
f 1116//1810 1105//1810 1104//1810
f 1117//1811 1118//1811 1106//1811
f 1117//1812 1106//1812 1105//1812
f 1118//1813 1119//1813 1107//1813
f 1118//1814 1107//1814 1106//1814
f 1119//1815 1120//1815 1108//1815
f 1119//1816 1108//1816 1107//1816
f 1120//1817 1121//1817 1109//1817
f 1120//1818 1109//1818 1108//1818
f 1121//1819 1122//1819 1110//1819
f 1121//1820 1110//1820 1109//1820
f 1122//1821 1123//1821 1111//1821
f 1122//1822 1111//1822 1110//1822
f 1123//1823 1124//1823 1112//1823
f 1123//1824 1112//1824 1111//1824
f 1124//1825 1113//1825 1101//1825
f 1124//1826 1101//1826 1112//1826
usemtl Mat_Sand
f 1132//1827 1131//1827 1130//1827
f 1132//1828 1130//1828 1129//1828
f 1129//1829 1130//1829 1126//1829
f 1129//1830 1126//1830 1125//1830
f 1130//1831 1131//1831 1127//1831
f 1130//1832 1127//1832 1126//1832
f 1131//1833 1132//1833 1128//1833
f 1131//1834 1128//1834 1127//1834
f 1132//1835 1129//1835 1125//1835
f 1132//1836 1125//1836 1128//1836
f 1126//1837 1127//1837 1128//1837
f 1126//1838 1128//1838 1125//1838
usemtl Mat_Bone
f 1140//1839 1139//1839 1138//1839
f 1140//1840 1138//1840 1137//1840
f 1137//1841 1138//1841 1134//1841
f 1137//1842 1134//1842 1133//1842
f 1138//1843 1139//1843 1135//1843
f 1138//1844 1135//1844 1134//1844
f 1139//1845 1140//1845 1136//1845
f 1139//1846 1136//1846 1135//1846
f 1140//1847 1137//1847 1133//1847
f 1140//1848 1133//1848 1136//1848
f 1134//1849 1135//1849 1136//1849
f 1134//1850 1136//1850 1133//1850
usemtl Mat_Brass
f 1147//1851 1148//1851 1142//1851
f 1147//1852 1142//1852 1141//1852
f 1148//1853 1149//1853 1143//1853
f 1148//1854 1143//1854 1142//1854
f 1149//1855 1150//1855 1144//1855
f 1149//1856 1144//1856 1143//1856
f 1150//1857 1151//1857 1145//1857
f 1150//1858 1145//1858 1144//1858
f 1151//1859 1152//1859 1146//1859
f 1151//1860 1146//1860 1145//1860
f 1152//1861 1147//1861 1141//1861
f 1152//1862 1141//1862 1146//1862
f 1152//1863 1151//1863 1150//1863
f 1152//1864 1150//1864 1149//1864
f 1152//1865 1149//1865 1148//1865
f 1152//1866 1148//1866 1147//1866
f 1141//1867 1142//1867 1143//1867
f 1141//1868 1143//1868 1144//1868
f 1141//1869 1144//1869 1145//1869
f 1141//1870 1145//1870 1146//1870
f 1159//1871 1160//1871 1154//1871
f 1159//1872 1154//1872 1153//1872
f 1160//1873 1161//1873 1155//1873
f 1160//1874 1155//1874 1154//1874
f 1161//1875 1162//1875 1156//1875
f 1161//1876 1156//1876 1155//1876
f 1162//1877 1163//1877 1157//1877
f 1162//1878 1157//1878 1156//1878
f 1163//1879 1164//1879 1158//1879
f 1163//1880 1158//1880 1157//1880
f 1164//1881 1159//1881 1153//1881
f 1164//1882 1153//1882 1158//1882
f 1164//1883 1163//1883 1162//1883
f 1164//1884 1162//1884 1161//1884
f 1164//1885 1161//1885 1160//1885
f 1164//1886 1160//1886 1159//1886
f 1153//1887 1154//1887 1155//1887
f 1153//1888 1155//1888 1156//1888
f 1153//1889 1156//1889 1157//1889
f 1153//1890 1157//1890 1158//1890
f 1171//1891 1172//1891 1166//1891
f 1171//1892 1166//1892 1165//1892
f 1172//1893 1173//1893 1167//1893
f 1172//1894 1167//1894 1166//1894
f 1173//1895 1174//1895 1168//1895
f 1173//1896 1168//1896 1167//1896
f 1174//1897 1175//1897 1169//1897
f 1174//1898 1169//1898 1168//1898
f 1175//1899 1176//1899 1170//1899
f 1175//1900 1170//1900 1169//1900
f 1176//1901 1171//1901 1165//1901
f 1176//1902 1165//1902 1170//1902
f 1176//1903 1175//1903 1174//1903
f 1176//1904 1174//1904 1173//1904
f 1176//1905 1173//1905 1172//1905
f 1176//1906 1172//1906 1171//1906
f 1165//1907 1166//1907 1167//1907
f 1165//1908 1167//1908 1168//1908
f 1165//1909 1168//1909 1169//1909
f 1165//1910 1169//1910 1170//1910
usemtl Mat_SlimeGreen
f 1178//1911 1179//1911 1177//1911
f 1179//1912 1180//1912 1177//1912
f 1180//1913 1181//1913 1177//1913
f 1181//1914 1178//1914 1177//1914
f 1182//1915 1179//1915 1178//1915
f 1182//1916 1180//1916 1179//1916
f 1182//1917 1181//1917 1180//1917
f 1182//1918 1178//1918 1181//1918
usemtl Mat_Metal
f 1183//1919 1184//1919 1187//1919
f 1183//1920 1187//1920 1186//1920
f 1184//1921 1185//1921 1188//1921
f 1184//1922 1188//1922 1187//1922
f 1185//1923 1183//1923 1186//1923
f 1185//1924 1186//1924 1188//1924
f 1186//1925 1187//1925 1190//1925
f 1186//1926 1190//1926 1189//1926
f 1187//1927 1188//1927 1191//1927
f 1187//1928 1191//1928 1190//1928
f 1188//1929 1186//1929 1189//1929
f 1188//1930 1189//1930 1191//1930
f 1185//1931 1184//1931 1183//1931
f 1189//1932 1190//1932 1191//1932
f 1200//1933 1201//1933 1193//1933
f 1200//1934 1193//1934 1192//1934
f 1201//1935 1202//1935 1194//1935
f 1201//1936 1194//1936 1193//1936
f 1202//1937 1203//1937 1195//1937
f 1202//1938 1195//1938 1194//1938
f 1203//1939 1204//1939 1196//1939
f 1203//1940 1196//1940 1195//1940
f 1204//1941 1205//1941 1197//1941
f 1204//1942 1197//1942 1196//1942
f 1205//1943 1206//1943 1198//1943
f 1205//1944 1198//1944 1197//1944
f 1206//1945 1207//1945 1199//1945
f 1206//1946 1199//1946 1198//1946
f 1207//1947 1200//1947 1192//1947
f 1207//1948 1192//1948 1199//1948
f 1207//1949 1206//1949 1205//1949
f 1207//1950 1205//1950 1204//1950
f 1207//1951 1204//1951 1203//1951
f 1207//1952 1203//1952 1202//1952
f 1207//1953 1202//1953 1201//1953
f 1207//1954 1201//1954 1200//1954
f 1192//1955 1193//1955 1194//1955
f 1192//1956 1194//1956 1195//1956
f 1192//1957 1195//1957 1196//1957
f 1192//1958 1196//1958 1197//1958
f 1192//1959 1197//1959 1198//1959
f 1192//1960 1198//1960 1199//1960
usemtl Mat_DarkWood
f 1212//1961 1213//1961 1209//1961
f 1212//1962 1209//1962 1208//1962
f 1213//1963 1214//1963 1210//1963
f 1213//1964 1210//1964 1209//1964
f 1214//1965 1215//1965 1211//1965
f 1214//1966 1211//1966 1210//1966
f 1215//1967 1212//1967 1208//1967
f 1215//1968 1208//1968 1211//1968
f 1215//1969 1214//1969 1213//1969
f 1215//1970 1213//1970 1212//1970
f 1208//1971 1209//1971 1210//1971
f 1208//1972 1210//1972 1211//1972
usemtl Mat_Bone
f 1223//1973 1222//1973 1221//1973
f 1223//1974 1221//1974 1220//1974
f 1220//1975 1221//1975 1217//1975
f 1220//1976 1217//1976 1216//1976
f 1221//1977 1222//1977 1218//1977
f 1221//1978 1218//1978 1217//1978
f 1222//1979 1223//1979 1219//1979
f 1222//1980 1219//1980 1218//1980
f 1223//1981 1220//1981 1216//1981
f 1223//1982 1216//1982 1219//1982
f 1217//1983 1218//1983 1219//1983
f 1217//1984 1219//1984 1216//1984
usemtl Mat_Void
f 1225//1985 1226//1985 1224//1985
f 1226//1986 1227//1986 1224//1986
f 1227//1987 1228//1987 1224//1987
f 1228//1988 1229//1988 1224//1988
f 1229//1989 1230//1989 1224//1989
f 1230//1990 1225//1990 1224//1990
f 1231//1991 1232//1991 1226//1991
f 1231//1992 1226//1992 1225//1992
f 1232//1993 1233//1993 1227//1993
f 1232//1994 1227//1994 1226//1994
f 1233//1995 1234//1995 1228//1995
f 1233//1996 1228//1996 1227//1996
f 1234//1997 1235//1997 1229//1997
f 1234//1998 1229//1998 1228//1998
f 1235//1999 1236//1999 1230//1999
f 1235//2000 1230//2000 1229//2000
f 1236//2001 1231//2001 1225//2001
f 1236//2002 1225//2002 1230//2002
f 1237//2003 1232//2003 1231//2003
f 1237//2004 1233//2004 1232//2004
f 1237//2005 1234//2005 1233//2005
f 1237//2006 1235//2006 1234//2006
f 1237//2007 1236//2007 1235//2007
f 1237//2008 1231//2008 1236//2008
f 1245//2009 1244//2009 1243//2009
f 1245//2010 1243//2010 1242//2010
f 1242//2011 1243//2011 1239//2011
f 1242//2012 1239//2012 1238//2012
f 1243//2013 1244//2013 1240//2013
f 1243//2014 1240//2014 1239//2014
f 1244//2015 1245//2015 1241//2015
f 1244//2016 1241//2016 1240//2016
f 1245//2017 1242//2017 1238//2017
f 1245//2018 1238//2018 1241//2018
f 1239//2019 1240//2019 1241//2019
f 1239//2020 1241//2020 1238//2020
f 1253//2021 1252//2021 1251//2021
f 1253//2022 1251//2022 1250//2022
f 1250//2023 1251//2023 1247//2023
f 1250//2024 1247//2024 1246//2024
f 1251//2025 1252//2025 1248//2025
f 1251//2026 1248//2026 1247//2026
f 1252//2027 1253//2027 1249//2027
f 1252//2028 1249//2028 1248//2028
f 1253//2029 1250//2029 1246//2029
f 1253//2030 1246//2030 1249//2030
f 1247//2031 1248//2031 1249//2031
f 1247//2032 1249//2032 1246//2032
f 1261//2033 1260//2033 1259//2033
f 1261//2034 1259//2034 1258//2034
f 1258//2035 1259//2035 1255//2035
f 1258//2036 1255//2036 1254//2036
f 1259//2037 1260//2037 1256//2037
f 1259//2038 1256//2038 1255//2038
f 1260//2039 1261//2039 1257//2039
f 1260//2040 1257//2040 1256//2040
f 1261//2041 1258//2041 1254//2041
f 1261//2042 1254//2042 1257//2042
f 1255//2043 1256//2043 1257//2043
f 1255//2044 1257//2044 1254//2044
usemtl Mat_Bone
f 1263//2045 1264//2045 1262//2045
f 1264//2046 1265//2046 1262//2046
f 1265//2047 1266//2047 1262//2047
f 1266//2048 1263//2048 1262//2048
f 1267//2049 1264//2049 1263//2049
f 1267//2050 1265//2050 1264//2050
f 1267//2051 1266//2051 1265//2051
f 1267//2052 1263//2052 1266//2052
f 1269//2053 1270//2053 1268//2053
f 1270//2054 1271//2054 1268//2054
f 1271//2055 1272//2055 1268//2055
f 1272//2056 1269//2056 1268//2056
f 1273//2057 1270//2057 1269//2057
f 1273//2058 1271//2058 1270//2058
f 1273//2059 1272//2059 1271//2059
f 1273//2060 1269//2060 1272//2060
o Bldg_Fountain_Liquid
v 2.58686 0.62000 1.07151
v 1.07151 0.62000 2.58686
v -1.07151 0.62000 2.58686
v -2.58686 0.62000 1.07151
v -2.58686 0.62000 -1.07151
v -1.07151 0.62000 -2.58686
v 1.07151 0.62000 -2.58686
v 2.58686 0.62000 -1.07151
v 2.58686 0.68000 1.07151
v 1.07151 0.68000 2.58686
v -1.07151 0.68000 2.58686
v -2.58686 0.68000 1.07151
v -2.58686 0.68000 -1.07151
v -1.07151 0.68000 -2.58686
v 1.07151 0.68000 -2.58686
v 2.58686 0.68000 -1.07151
v 1.80392 0.69828 1.55563
v 1.73700 0.68035 1.55563
v 1.78599 0.63136 1.55563
v 1.73120 0.69828 1.73120
v 1.68388 0.68035 1.68388
v 1.71852 0.63136 1.71852
v 1.55563 0.69828 1.80392
v 1.55563 0.68035 1.73700
v 1.55563 0.63136 1.78599
v 1.38007 0.69828 1.73120
v 1.42739 0.68035 1.68388
v 1.39275 0.63136 1.71852
v 1.30735 0.69828 1.55563
v 1.37427 0.68035 1.55563
v 1.32528 0.63136 1.55563
v 1.38007 0.69828 1.38007
v 1.42739 0.68035 1.42739
v 1.39275 0.63136 1.39275
v 1.55563 0.69828 1.30735
v 1.55563 0.68035 1.37427
v 1.55563 0.63136 1.32528
v 1.73120 0.69828 1.38007
v 1.68388 0.68035 1.42739
v 1.71852 0.63136 1.39275
v -1.30735 0.69828 1.55563
v -1.37427 0.68035 1.55563
v -1.32528 0.63136 1.55563
v -1.38007 0.69828 1.73120
v -1.42739 0.68035 1.68388
v -1.39275 0.63136 1.71852
v -1.55563 0.69828 1.80392
v -1.55563 0.68035 1.73700
v -1.55563 0.63136 1.78599
v -1.73120 0.69828 1.73120
v -1.68388 0.68035 1.68388
v -1.71852 0.63136 1.71852
v -1.80392 0.69828 1.55563
v -1.73700 0.68035 1.55563
v -1.78599 0.63136 1.55563
v -1.73120 0.69828 1.38007
v -1.68388 0.68035 1.42739
v -1.71852 0.63136 1.39275
v -1.55563 0.69828 1.30735
v -1.55563 0.68035 1.37427
v -1.55563 0.63136 1.32528
v -1.38007 0.69828 1.38007
v -1.42739 0.68035 1.42739
v -1.39275 0.63136 1.39275
v -1.30735 0.69828 -1.55563
v -1.37427 0.68035 -1.55563
v -1.32528 0.63136 -1.55563
v -1.38007 0.69828 -1.38007
v -1.42739 0.68035 -1.42739
v -1.39275 0.63136 -1.39275
v -1.55563 0.69828 -1.30735
v -1.55563 0.68035 -1.37427
v -1.55563 0.63136 -1.32528
v -1.73120 0.69828 -1.38007
v -1.68388 0.68035 -1.42739
v -1.71852 0.63136 -1.39275
v -1.80392 0.69828 -1.55563
v -1.73700 0.68035 -1.55563
v -1.78599 0.63136 -1.55563
v -1.73120 0.69828 -1.73120
v -1.68388 0.68035 -1.68388
v -1.71852 0.63136 -1.71852
v -1.55563 0.69828 -1.80392
v -1.55563 0.68035 -1.73700
v -1.55563 0.63136 -1.78599
v -1.38007 0.69828 -1.73120
v -1.42739 0.68035 -1.68388
v -1.39275 0.63136 -1.71852
v 1.80392 0.69828 -1.55563
v 1.73700 0.68035 -1.55563
v 1.78599 0.63136 -1.55563
v 1.73120 0.69828 -1.38007
v 1.68388 0.68035 -1.42739
v 1.71852 0.63136 -1.39275
v 1.55563 0.69828 -1.30735
v 1.55563 0.68035 -1.37427
v 1.55563 0.63136 -1.32528
v 1.38007 0.69828 -1.38007
v 1.42739 0.68035 -1.42739
v 1.39275 0.63136 -1.39275
v 1.30735 0.69828 -1.55563
v 1.37427 0.68035 -1.55563
v 1.32528 0.63136 -1.55563
v 1.38007 0.69828 -1.73120
v 1.42739 0.68035 -1.68388
v 1.39275 0.63136 -1.71852
v 1.55563 0.69828 -1.80392
v 1.55563 0.68035 -1.73700
v 1.55563 0.63136 -1.78599
v 1.73120 0.69828 -1.73120
v 1.68388 0.68035 -1.68388
v 1.71852 0.63136 -1.71852
v 1.56000 2.55000 0.00000
v 1.26207 2.55000 0.91694
v 0.48207 2.55000 1.48365
v -0.48207 2.55000 1.48365
v -1.26207 2.55000 0.91694
v -1.56000 2.55000 0.00000
v -1.26207 2.55000 -0.91694
v -0.48207 2.55000 -1.48365
v 0.48207 2.55000 -1.48365
v 1.26207 2.55000 -0.91694
v 1.56000 2.60000 0.00000
v 1.26207 2.60000 0.91694
v 0.48207 2.60000 1.48365
v -0.48207 2.60000 1.48365
v -1.26207 2.60000 0.91694
v -1.56000 2.60000 0.00000
v -1.26207 2.60000 -0.91694
v -0.48207 2.60000 -1.48365
v 0.48207 2.60000 -1.48365
v 1.26207 2.60000 -0.91694
v 2.79901 0.69828 0.67811
v 2.73209 0.68035 0.67811
v 2.78108 0.63136 0.67811
v 2.72043 0.69828 0.86781
v 2.67311 0.68035 0.82049
v 2.70775 0.63136 0.85513
v 2.53073 0.69828 0.94639
v 2.53073 0.68035 0.87947
v 2.53073 0.63136 0.92846
v 2.34102 0.69828 0.86781
v 2.38834 0.68035 0.82049
v 2.35370 0.63136 0.85513
v 2.26244 0.69828 0.67811
v 2.32936 0.68035 0.67811
v 2.28037 0.63136 0.67811
v 2.34102 0.69828 0.48840
v 2.38834 0.68035 0.53572
v 2.35370 0.63136 0.50108
v 2.53073 0.69828 0.40982
v 2.53073 0.68035 0.47674
v 2.53073 0.63136 0.42775
v 2.72043 0.69828 0.48840
v 2.67311 0.68035 0.53572
v 2.70775 0.63136 0.50108
v 0.94639 0.69828 2.53073
v 0.87947 0.68035 2.53073
v 0.92846 0.63136 2.53073
v 0.86781 0.69828 2.72043
v 0.82049 0.68035 2.67311
v 0.85513 0.63136 2.70775
v 0.67811 0.69828 2.79901
v 0.67811 0.68035 2.73209
v 0.67811 0.63136 2.78108
v 0.48840 0.69828 2.72043
v 0.53572 0.68035 2.67311
v 0.50108 0.63136 2.70775
v 0.40982 0.69828 2.53073
v 0.47674 0.68035 2.53073
v 0.42775 0.63136 2.53073
v 0.48840 0.69828 2.34102
v 0.53572 0.68035 2.38834
v 0.50108 0.63136 2.35370
v 0.67811 0.69828 2.26244
v 0.67811 0.68035 2.32936
v 0.67811 0.63136 2.28037
v 0.86781 0.69828 2.34102
v 0.82049 0.68035 2.38834
v 0.85513 0.63136 2.35370
v -1.58434 0.69828 1.85262
v -1.65126 0.68035 1.85262
v -1.60227 0.63136 1.85262
v -1.66291 0.69828 2.04233
v -1.71023 0.68035 1.99500
v -1.67559 0.63136 2.02965
v -1.85262 0.69828 2.12090
v -1.85262 0.68035 2.05398
v -1.85262 0.63136 2.10297
v -2.04233 0.69828 2.04233
v -1.99500 0.68035 1.99500
v -2.02965 0.63136 2.02965
v -2.12090 0.69828 1.85262
v -2.05398 0.68035 1.85262
v -2.10297 0.63136 1.85262
v -2.04233 0.69828 1.66291
v -1.99500 0.68035 1.71023
v -2.02965 0.63136 1.67559
v -1.85262 0.69828 1.58434
v -1.85262 0.68035 1.65126
v -1.85262 0.63136 1.60227
v -1.66291 0.69828 1.66291
v -1.71023 0.68035 1.71023
v -1.67559 0.63136 1.67559
v -2.26244 0.69828 -0.67811
v -2.32936 0.68035 -0.67811
v -2.28037 0.63136 -0.67811
v -2.34102 0.69828 -0.48840
v -2.38834 0.68035 -0.53572
v -2.35370 0.63136 -0.50108
v -2.53073 0.69828 -0.40982
v -2.53073 0.68035 -0.47674
v -2.53073 0.63136 -0.42775
v -2.72043 0.69828 -0.48840
v -2.67311 0.68035 -0.53572
v -2.70775 0.63136 -0.50108
v -2.79901 0.69828 -0.67811
v -2.73209 0.68035 -0.67811
v -2.78108 0.63136 -0.67811
v -2.72043 0.69828 -0.86781
v -2.67311 0.68035 -0.82049
v -2.70775 0.63136 -0.85513
v -2.53073 0.69828 -0.94639
v -2.53073 0.68035 -0.87947
v -2.53073 0.63136 -0.92846
v -2.34102 0.69828 -0.86781
v -2.38834 0.68035 -0.82049
v -2.35370 0.63136 -0.85513
v -0.40982 0.69828 -2.53073
v -0.47674 0.68035 -2.53073
v -0.42775 0.63136 -2.53073
v -0.48840 0.69828 -2.34102
v -0.53572 0.68035 -2.38834
v -0.50108 0.63136 -2.35370
v -0.67811 0.69828 -2.26244
v -0.67811 0.68035 -2.32936
v -0.67811 0.63136 -2.28037
v -0.86781 0.69828 -2.34102
v -0.82049 0.68035 -2.38834
v -0.85513 0.63136 -2.35370
v -0.94639 0.69828 -2.53073
v -0.87947 0.68035 -2.53073
v -0.92846 0.63136 -2.53073
v -0.86781 0.69828 -2.72043
v -0.82049 0.68035 -2.67311
v -0.85513 0.63136 -2.70775
v -0.67811 0.69828 -2.79901
v -0.67811 0.68035 -2.73209
v -0.67811 0.63136 -2.78108
v -0.48840 0.69828 -2.72043
v -0.53572 0.68035 -2.67311
v -0.50108 0.63136 -2.70775
v 2.12090 0.69828 -1.85262
v 2.05398 0.68035 -1.85262
v 2.10297 0.63136 -1.85262
v 2.04233 0.69828 -1.66291
v 1.99500 0.68035 -1.71023
v 2.02965 0.63136 -1.67559
v 1.85262 0.69828 -1.58434
v 1.85262 0.68035 -1.65126
v 1.85262 0.63136 -1.60227
v 1.66291 0.69828 -1.66291
v 1.71023 0.68035 -1.71023
v 1.67559 0.63136 -1.67559
v 1.58434 0.69828 -1.85262
v 1.65126 0.68035 -1.85262
v 1.60227 0.63136 -1.85262
v 1.66291 0.69828 -2.04233
v 1.71023 0.68035 -1.99500
v 1.67559 0.63136 -2.02965
v 1.85262 0.69828 -2.12090
v 1.85262 0.68035 -2.05398
v 1.85262 0.63136 -2.10297
v 2.04233 0.69828 -2.04233
v 1.99500 0.68035 -1.99500
v 2.02965 0.63136 -2.02965
vn 0.7071 0.0000 0.7071
vn 0.7071 0.0000 0.7071
vn 0.0000 0.0000 1.0000
vn 0.0000 0.0000 1.0000
vn -0.7071 0.0000 0.7071
vn -0.7071 0.0000 0.7071
vn -1.0000 0.0000 0.0000
vn -1.0000 0.0000 0.0000
vn -0.7071 0.0000 -0.7071
vn -0.7071 -0.0000 -0.7071
vn -0.0000 0.0000 -1.0000
vn -0.0000 -0.0000 -1.0000
vn 0.7071 0.0000 -0.7071
vn 0.7071 0.0000 -0.7071
vn 1.0000 0.0000 -0.0000
vn 1.0000 0.0000 -0.0000
vn 0.0000 1.0000 0.0000
vn 0.0000 1.0000 0.0000
vn 0.0000 1.0000 0.0000
vn 0.0000 1.0000 0.0000
vn 0.0000 1.0000 0.0000
vn 0.0000 1.0000 -0.0000
vn 0.0000 -1.0000 0.0000
vn 0.0000 -1.0000 0.0000
vn -0.0000 -1.0000 0.0000
vn 0.0000 -1.0000 0.0000
vn 0.0000 -1.0000 0.0000
vn 0.0000 -1.0000 0.0000
vn -0.2573 0.9604 -0.1066
vn -0.2573 0.9604 -0.1066
vn -0.6786 -0.6786 -0.2811
vn -0.6786 -0.6786 -0.2811
vn 0.8968 -0.2403 0.3715
vn 0.8968 -0.2403 0.3715
vn -0.1066 0.9604 -0.2573
vn -0.1066 0.9604 -0.2573
vn -0.2811 -0.6786 -0.6786
vn -0.2811 -0.6786 -0.6786
vn 0.3715 -0.2403 0.8968
vn 0.3715 -0.2403 0.8968
vn 0.1066 0.9604 -0.2573
vn 0.1066 0.9604 -0.2573
vn 0.2811 -0.6786 -0.6786
vn 0.2811 -0.6786 -0.6786
vn -0.3715 -0.2403 0.8968
vn -0.3715 -0.2403 0.8968
vn 0.2573 0.9604 -0.1066
vn 0.2573 0.9604 -0.1066
vn 0.6786 -0.6786 -0.2811
vn 0.6786 -0.6786 -0.2811
vn -0.8968 -0.2403 0.3715
vn -0.8968 -0.2403 0.3715
vn 0.2573 0.9604 0.1066
vn 0.2573 0.9604 0.1066
vn 0.6786 -0.6786 0.2811
vn 0.6786 -0.6786 0.2811
vn -0.8968 -0.2403 -0.3715
vn -0.8968 -0.2403 -0.3715
vn 0.1066 0.9604 0.2573
vn 0.1066 0.9604 0.2573
vn 0.2811 -0.6786 0.6786
vn 0.2811 -0.6786 0.6786
vn -0.3715 -0.2403 -0.8968
vn -0.3715 -0.2403 -0.8968
vn -0.1066 0.9604 0.2573
vn -0.1066 0.9604 0.2573
vn -0.2811 -0.6786 0.6786
vn -0.2811 -0.6786 0.6786
vn 0.3715 -0.2403 -0.8968
vn 0.3715 -0.2403 -0.8968
vn -0.2573 0.9604 0.1066
vn -0.2573 0.9604 0.1066
vn -0.6786 -0.6786 0.2811
vn -0.6786 -0.6786 0.2811
vn 0.8968 -0.2403 -0.3715
vn 0.8968 -0.2403 -0.3715
vn -0.2573 0.9604 -0.1066
vn -0.2573 0.9604 -0.1066
vn -0.6786 -0.6786 -0.2811
vn -0.6786 -0.6786 -0.2811
vn 0.8968 -0.2403 0.3715
vn 0.8968 -0.2403 0.3715
vn -0.1066 0.9604 -0.2573
vn -0.1066 0.9604 -0.2573
vn -0.2811 -0.6786 -0.6786
vn -0.2811 -0.6786 -0.6786
vn 0.3715 -0.2403 0.8968
vn 0.3715 -0.2403 0.8968
vn 0.1066 0.9604 -0.2573
vn 0.1066 0.9604 -0.2573
vn 0.2811 -0.6786 -0.6786
vn 0.2811 -0.6786 -0.6786
vn -0.3715 -0.2403 0.8968
vn -0.3715 -0.2403 0.8968
vn 0.2573 0.9604 -0.1066
vn 0.2573 0.9604 -0.1066
vn 0.6786 -0.6786 -0.2811
vn 0.6786 -0.6786 -0.2811
vn -0.8968 -0.2403 0.3715
vn -0.8968 -0.2403 0.3715
vn 0.2573 0.9604 0.1066
vn 0.2573 0.9604 0.1066
vn 0.6786 -0.6786 0.2811
vn 0.6786 -0.6786 0.2811
vn -0.8968 -0.2403 -0.3715
vn -0.8968 -0.2403 -0.3715
vn 0.1066 0.9604 0.2573
vn 0.1066 0.9604 0.2573
vn 0.2811 -0.6786 0.6786
vn 0.2811 -0.6786 0.6786
vn -0.3715 -0.2403 -0.8968
vn -0.3715 -0.2403 -0.8968
vn -0.1066 0.9604 0.2573
vn -0.1066 0.9604 0.2573
vn -0.2811 -0.6786 0.6786
vn -0.2811 -0.6786 0.6786
vn 0.3715 -0.2403 -0.8968
vn 0.3715 -0.2403 -0.8968
vn -0.2573 0.9604 0.1066
vn -0.2573 0.9604 0.1066
vn -0.6786 -0.6786 0.2811
vn -0.6786 -0.6786 0.2811
vn 0.8968 -0.2403 -0.3715
vn 0.8968 -0.2403 -0.3715
vn -0.2573 0.9604 -0.1066
vn -0.2573 0.9604 -0.1066
vn -0.6786 -0.6786 -0.2811
vn -0.6786 -0.6786 -0.2811
vn 0.8968 -0.2403 0.3715
vn 0.8968 -0.2403 0.3715
vn -0.1066 0.9604 -0.2573
vn -0.1066 0.9604 -0.2573
vn -0.2811 -0.6786 -0.6786
vn -0.2811 -0.6786 -0.6786
vn 0.3715 -0.2403 0.8968
vn 0.3715 -0.2403 0.8968
vn 0.1066 0.9604 -0.2573
vn 0.1066 0.9604 -0.2573
vn 0.2811 -0.6786 -0.6786
vn 0.2811 -0.6786 -0.6786
vn -0.3715 -0.2403 0.8968
vn -0.3715 -0.2403 0.8968
vn 0.2573 0.9604 -0.1066
vn 0.2573 0.9604 -0.1066
vn 0.6786 -0.6786 -0.2811
vn 0.6786 -0.6786 -0.2811
vn -0.8968 -0.2403 0.3715
vn -0.8968 -0.2403 0.3715
vn 0.2573 0.9604 0.1066
vn 0.2573 0.9604 0.1066
vn 0.6786 -0.6786 0.2811
vn 0.6786 -0.6786 0.2811
vn -0.8968 -0.2403 -0.3715
vn -0.8968 -0.2403 -0.3715
vn 0.1066 0.9604 0.2573
vn 0.1066 0.9604 0.2573
vn 0.2811 -0.6786 0.6786
vn 0.2811 -0.6786 0.6786
vn -0.3715 -0.2403 -0.8968
vn -0.3715 -0.2403 -0.8968
vn -0.1066 0.9604 0.2573
vn -0.1066 0.9604 0.2573
vn -0.2811 -0.6786 0.6786
vn -0.2811 -0.6786 0.6786
vn 0.3715 -0.2403 -0.8968
vn 0.3715 -0.2403 -0.8968
vn -0.2573 0.9604 0.1066
vn -0.2573 0.9604 0.1066
vn -0.6786 -0.6786 0.2811
vn -0.6786 -0.6786 0.2811
vn 0.8968 -0.2403 -0.3715
vn 0.8968 -0.2403 -0.3715
vn -0.2573 0.9604 -0.1066
vn -0.2573 0.9604 -0.1066
vn -0.6786 -0.6786 -0.2811
vn -0.6786 -0.6786 -0.2811
vn 0.8968 -0.2403 0.3715
vn 0.8968 -0.2403 0.3715
vn -0.1066 0.9604 -0.2573
vn -0.1066 0.9604 -0.2573
vn -0.2811 -0.6786 -0.6786
vn -0.2811 -0.6786 -0.6786
vn 0.3715 -0.2403 0.8968
vn 0.3715 -0.2403 0.8968
vn 0.1066 0.9604 -0.2573
vn 0.1066 0.9604 -0.2573
vn 0.2811 -0.6786 -0.6786
vn 0.2811 -0.6786 -0.6786
vn -0.3715 -0.2403 0.8968
vn -0.3715 -0.2403 0.8968
vn 0.2573 0.9604 -0.1066
vn 0.2573 0.9604 -0.1066
vn 0.6786 -0.6786 -0.2811
vn 0.6786 -0.6786 -0.2811
vn -0.8968 -0.2403 0.3715
vn -0.8968 -0.2403 0.3715
vn 0.2573 0.9604 0.1066
vn 0.2573 0.9604 0.1066
vn 0.6786 -0.6786 0.2811
vn 0.6786 -0.6786 0.2811
vn -0.8968 -0.2403 -0.3715
vn -0.8968 -0.2403 -0.3715
vn 0.1066 0.9604 0.2573
vn 0.1066 0.9604 0.2573
vn 0.2811 -0.6786 0.6786
vn 0.2811 -0.6786 0.6786
vn -0.3715 -0.2403 -0.8968
vn -0.3715 -0.2403 -0.8968
vn -0.1066 0.9604 0.2573
vn -0.1066 0.9604 0.2573
vn -0.2811 -0.6786 0.6786
vn -0.2811 -0.6786 0.6786
vn 0.3715 -0.2403 -0.8968
vn 0.3715 -0.2403 -0.8968
vn -0.2573 0.9604 0.1066
vn -0.2573 0.9604 0.1066
vn -0.6786 -0.6786 0.2811
vn -0.6786 -0.6786 0.2811
vn 0.8968 -0.2403 -0.3715
vn 0.8968 -0.2403 -0.3715
vn 0.9511 0.0000 0.3090
vn 0.9511 0.0000 0.3090
vn 0.5878 0.0000 0.8090
vn 0.5878 0.0000 0.8090
vn 0.0000 0.0000 1.0000
vn 0.0000 0.0000 1.0000
vn -0.5878 0.0000 0.8090
vn -0.5878 0.0000 0.8090
vn -0.9511 0.0000 0.3090
vn -0.9511 0.0000 0.3090
vn -0.9511 0.0000 -0.3090
vn -0.9511 -0.0000 -0.3090
vn -0.5878 0.0000 -0.8090
vn -0.5878 -0.0000 -0.8090
vn 0.0000 0.0000 -1.0000
vn 0.0000 0.0000 -1.0000
vn 0.5878 0.0000 -0.8090
vn 0.5878 0.0000 -0.8090
vn 0.9511 0.0000 -0.3090
vn 0.9511 0.0000 -0.3090
vn 0.0000 1.0000 0.0000
vn 0.0000 1.0000 0.0000
vn 0.0000 1.0000 0.0000
vn 0.0000 1.0000 0.0000
vn 0.0000 1.0000 0.0000
vn 0.0000 1.0000 0.0000
vn 0.0000 1.0000 -0.0000
vn 0.0000 1.0000 0.0000
vn 0.0000 -1.0000 0.0000
vn 0.0000 -1.0000 0.0000
vn 0.0000 -1.0000 0.0000
vn 0.0000 -1.0000 0.0000
vn -0.0000 -1.0000 0.0000
vn 0.0000 -1.0000 0.0000
vn 0.0000 -1.0000 0.0000
vn 0.0000 -1.0000 0.0000
vn -0.2573 0.9604 -0.1066
vn -0.2573 0.9604 -0.1066
vn -0.6786 -0.6786 -0.2811
vn -0.6786 -0.6786 -0.2811
vn 0.8968 -0.2403 0.3715
vn 0.8968 -0.2403 0.3715
vn -0.1066 0.9604 -0.2573
vn -0.1066 0.9604 -0.2573
vn -0.2811 -0.6786 -0.6786
vn -0.2811 -0.6786 -0.6786
vn 0.3715 -0.2403 0.8968
vn 0.3715 -0.2403 0.8968
vn 0.1066 0.9604 -0.2573
vn 0.1066 0.9604 -0.2573
vn 0.2811 -0.6786 -0.6786
vn 0.2811 -0.6786 -0.6786
vn -0.3715 -0.2403 0.8968
vn -0.3715 -0.2403 0.8968
vn 0.2573 0.9604 -0.1066
vn 0.2573 0.9604 -0.1066
vn 0.6786 -0.6786 -0.2811
vn 0.6786 -0.6786 -0.2811
vn -0.8968 -0.2403 0.3715
vn -0.8968 -0.2403 0.3715
vn 0.2573 0.9604 0.1066
vn 0.2573 0.9604 0.1066
vn 0.6786 -0.6786 0.2811
vn 0.6786 -0.6786 0.2811
vn -0.8968 -0.2403 -0.3715
vn -0.8968 -0.2403 -0.3715
vn 0.1066 0.9604 0.2573
vn 0.1066 0.9604 0.2573
vn 0.2811 -0.6786 0.6786
vn 0.2811 -0.6786 0.6786
vn -0.3715 -0.2403 -0.8968
vn -0.3715 -0.2403 -0.8968
vn -0.1066 0.9604 0.2573
vn -0.1066 0.9604 0.2573
vn -0.2811 -0.6786 0.6786
vn -0.2811 -0.6786 0.6786
vn 0.3715 -0.2403 -0.8968
vn 0.3715 -0.2403 -0.8968
vn -0.2573 0.9604 0.1066
vn -0.2573 0.9604 0.1066
vn -0.6786 -0.6786 0.2811
vn -0.6786 -0.6786 0.2811
vn 0.8968 -0.2403 -0.3715
vn 0.8968 -0.2403 -0.3715
vn -0.2573 0.9604 -0.1066
vn -0.2573 0.9604 -0.1066
vn -0.6786 -0.6786 -0.2811
vn -0.6786 -0.6786 -0.2811
vn 0.8968 -0.2403 0.3715
vn 0.8968 -0.2403 0.3715
vn -0.1066 0.9604 -0.2573
vn -0.1066 0.9604 -0.2573
vn -0.2811 -0.6786 -0.6786
vn -0.2811 -0.6786 -0.6786
vn 0.3715 -0.2403 0.8968
vn 0.3715 -0.2403 0.8968
vn 0.1066 0.9604 -0.2573
vn 0.1066 0.9604 -0.2573
vn 0.2811 -0.6786 -0.6786
vn 0.2811 -0.6786 -0.6786
vn -0.3715 -0.2403 0.8968
vn -0.3715 -0.2403 0.8968
vn 0.2573 0.9604 -0.1066
vn 0.2573 0.9604 -0.1066
vn 0.6786 -0.6786 -0.2811
vn 0.6786 -0.6786 -0.2811
vn -0.8968 -0.2403 0.3715
vn -0.8968 -0.2403 0.3715
vn 0.2573 0.9604 0.1066
vn 0.2573 0.9604 0.1066
vn 0.6786 -0.6786 0.2811
vn 0.6786 -0.6786 0.2811
vn -0.8968 -0.2403 -0.3715
vn -0.8968 -0.2403 -0.3715
vn 0.1066 0.9604 0.2573
vn 0.1066 0.9604 0.2573
vn 0.2811 -0.6786 0.6786
vn 0.2811 -0.6786 0.6786
vn -0.3715 -0.2403 -0.8968
vn -0.3715 -0.2403 -0.8968
vn -0.1066 0.9604 0.2573
vn -0.1066 0.9604 0.2573
vn -0.2811 -0.6786 0.6786
vn -0.2811 -0.6786 0.6786
vn 0.3715 -0.2403 -0.8968
vn 0.3715 -0.2403 -0.8968
vn -0.2573 0.9604 0.1066
vn -0.2573 0.9604 0.1066
vn -0.6786 -0.6786 0.2811
vn -0.6786 -0.6786 0.2811
vn 0.8968 -0.2403 -0.3715
vn 0.8968 -0.2403 -0.3715
vn -0.2573 0.9604 -0.1066
vn -0.2573 0.9604 -0.1066
vn -0.6786 -0.6786 -0.2811
vn -0.6786 -0.6786 -0.2811
vn 0.8968 -0.2403 0.3715
vn 0.8968 -0.2403 0.3715
vn -0.1066 0.9604 -0.2573
vn -0.1066 0.9604 -0.2573
vn -0.2811 -0.6786 -0.6786
vn -0.2811 -0.6786 -0.6786
vn 0.3715 -0.2403 0.8968
vn 0.3715 -0.2403 0.8968
vn 0.1066 0.9604 -0.2573
vn 0.1066 0.9604 -0.2573
vn 0.2811 -0.6786 -0.6786
vn 0.2811 -0.6786 -0.6786
vn -0.3715 -0.2403 0.8968
vn -0.3715 -0.2403 0.8968
vn 0.2573 0.9604 -0.1066
vn 0.2573 0.9604 -0.1066
vn 0.6786 -0.6786 -0.2811
vn 0.6786 -0.6786 -0.2811
vn -0.8968 -0.2403 0.3715
vn -0.8968 -0.2403 0.3715
vn 0.2573 0.9604 0.1066
vn 0.2573 0.9604 0.1066
vn 0.6786 -0.6786 0.2811
vn 0.6786 -0.6786 0.2811
vn -0.8968 -0.2403 -0.3715
vn -0.8968 -0.2403 -0.3715
vn 0.1066 0.9604 0.2573
vn 0.1066 0.9604 0.2573
vn 0.2811 -0.6786 0.6786
vn 0.2811 -0.6786 0.6786
vn -0.3715 -0.2403 -0.8968
vn -0.3715 -0.2403 -0.8968
vn -0.1066 0.9604 0.2573
vn -0.1066 0.9604 0.2573
vn -0.2811 -0.6786 0.6786
vn -0.2811 -0.6786 0.6786
vn 0.3715 -0.2403 -0.8968
vn 0.3715 -0.2403 -0.8968
vn -0.2573 0.9604 0.1066
vn -0.2573 0.9604 0.1066
vn -0.6786 -0.6786 0.2811
vn -0.6786 -0.6786 0.2811
vn 0.8968 -0.2403 -0.3715
vn 0.8968 -0.2403 -0.3715
vn -0.2573 0.9604 -0.1066
vn -0.2573 0.9604 -0.1066
vn -0.6786 -0.6786 -0.2811
vn -0.6786 -0.6786 -0.2811
vn 0.8968 -0.2403 0.3715
vn 0.8968 -0.2403 0.3715
vn -0.1066 0.9604 -0.2573
vn -0.1066 0.9604 -0.2573
vn -0.2811 -0.6786 -0.6786
vn -0.2811 -0.6786 -0.6786
vn 0.3715 -0.2403 0.8968
vn 0.3715 -0.2403 0.8968
vn 0.1066 0.9604 -0.2573
vn 0.1066 0.9604 -0.2573
vn 0.2811 -0.6786 -0.6786
vn 0.2811 -0.6786 -0.6786
vn -0.3715 -0.2403 0.8968
vn -0.3715 -0.2403 0.8968
vn 0.2573 0.9604 -0.1066
vn 0.2573 0.9604 -0.1066
vn 0.6786 -0.6786 -0.2811
vn 0.6786 -0.6786 -0.2811
vn -0.8968 -0.2403 0.3715
vn -0.8968 -0.2403 0.3715
vn 0.2573 0.9604 0.1066
vn 0.2573 0.9604 0.1066
vn 0.6786 -0.6786 0.2811
vn 0.6786 -0.6786 0.2811
vn -0.8968 -0.2403 -0.3715
vn -0.8968 -0.2403 -0.3715
vn 0.1066 0.9604 0.2573
vn 0.1066 0.9604 0.2573
vn 0.2811 -0.6786 0.6786
vn 0.2811 -0.6786 0.6786
vn -0.3715 -0.2403 -0.8968
vn -0.3715 -0.2403 -0.8968
vn -0.1066 0.9604 0.2573
vn -0.1066 0.9604 0.2573
vn -0.2811 -0.6786 0.6786
vn -0.2811 -0.6786 0.6786
vn 0.3715 -0.2403 -0.8968
vn 0.3715 -0.2403 -0.8968
vn -0.2573 0.9604 0.1066
vn -0.2573 0.9604 0.1066
vn -0.6786 -0.6786 0.2811
vn -0.6786 -0.6786 0.2811
vn 0.8968 -0.2403 -0.3715
vn 0.8968 -0.2403 -0.3715
vn -0.2573 0.9604 -0.1066
vn -0.2573 0.9604 -0.1066
vn -0.6786 -0.6786 -0.2811
vn -0.6786 -0.6786 -0.2811
vn 0.8968 -0.2403 0.3715
vn 0.8968 -0.2403 0.3715
vn -0.1066 0.9604 -0.2573
vn -0.1066 0.9604 -0.2573
vn -0.2811 -0.6786 -0.6786
vn -0.2811 -0.6786 -0.6786
vn 0.3715 -0.2403 0.8968
vn 0.3715 -0.2403 0.8968
vn 0.1066 0.9604 -0.2573
vn 0.1066 0.9604 -0.2573
vn 0.2811 -0.6786 -0.6786
vn 0.2811 -0.6786 -0.6786
vn -0.3715 -0.2403 0.8968
vn -0.3715 -0.2403 0.8968
vn 0.2573 0.9604 -0.1066
vn 0.2573 0.9604 -0.1066
vn 0.6786 -0.6786 -0.2811
vn 0.6786 -0.6786 -0.2811
vn -0.8968 -0.2403 0.3715
vn -0.8968 -0.2403 0.3715
vn 0.2573 0.9604 0.1066
vn 0.2573 0.9604 0.1066
vn 0.6786 -0.6786 0.2811
vn 0.6786 -0.6786 0.2811
vn -0.8968 -0.2403 -0.3715
vn -0.8968 -0.2403 -0.3715
vn 0.1066 0.9604 0.2573
vn 0.1066 0.9604 0.2573
vn 0.2811 -0.6786 0.6786
vn 0.2811 -0.6786 0.6786
vn -0.3715 -0.2403 -0.8968
vn -0.3715 -0.2403 -0.8968
vn -0.1066 0.9604 0.2573
vn -0.1066 0.9604 0.2573
vn -0.2811 -0.6786 0.6786
vn -0.2811 -0.6786 0.6786
vn 0.3715 -0.2403 -0.8968
vn 0.3715 -0.2403 -0.8968
vn -0.2573 0.9604 0.1066
vn -0.2573 0.9604 0.1066
vn -0.6786 -0.6786 0.2811
vn -0.6786 -0.6786 0.2811
vn 0.8968 -0.2403 -0.3715
vn 0.8968 -0.2403 -0.3715
vn -0.2573 0.9604 -0.1066
vn -0.2573 0.9604 -0.1066
vn -0.6786 -0.6786 -0.2811
vn -0.6786 -0.6786 -0.2811
vn 0.8968 -0.2403 0.3715
vn 0.8968 -0.2403 0.3715
vn -0.1066 0.9604 -0.2573
vn -0.1066 0.9604 -0.2573
vn -0.2811 -0.6786 -0.6786
vn -0.2811 -0.6786 -0.6786
vn 0.3715 -0.2403 0.8968
vn 0.3715 -0.2403 0.8968
vn 0.1066 0.9604 -0.2573
vn 0.1066 0.9604 -0.2573
vn 0.2811 -0.6786 -0.6786
vn 0.2811 -0.6786 -0.6786
vn -0.3715 -0.2403 0.8968
vn -0.3715 -0.2403 0.8968
vn 0.2573 0.9604 -0.1066
vn 0.2573 0.9604 -0.1066
vn 0.6786 -0.6786 -0.2811
vn 0.6786 -0.6786 -0.2811
vn -0.8968 -0.2403 0.3715
vn -0.8968 -0.2403 0.3715
vn 0.2573 0.9604 0.1066
vn 0.2573 0.9604 0.1066
vn 0.6786 -0.6786 0.2811
vn 0.6786 -0.6786 0.2811
vn -0.8968 -0.2403 -0.3715
vn -0.8968 -0.2403 -0.3715
vn 0.1066 0.9604 0.2573
vn 0.1066 0.9604 0.2573
vn 0.2811 -0.6786 0.6786
vn 0.2811 -0.6786 0.6786
vn -0.3715 -0.2403 -0.8968
vn -0.3715 -0.2403 -0.8968
vn -0.1066 0.9604 0.2573
vn -0.1066 0.9604 0.2573
vn -0.2811 -0.6786 0.6786
vn -0.2811 -0.6786 0.6786
vn 0.3715 -0.2403 -0.8968
vn 0.3715 -0.2403 -0.8968
vn -0.2573 0.9604 0.1066
vn -0.2573 0.9604 0.1066
vn -0.6786 -0.6786 0.2811
vn -0.6786 -0.6786 0.2811
vn 0.8968 -0.2403 -0.3715
vn 0.8968 -0.2403 -0.3715
usemtl Mat_AlienWater
f 1282//2061 1283//2061 1275//2061
f 1282//2062 1275//2062 1274//2062
f 1283//2063 1284//2063 1276//2063
f 1283//2064 1276//2064 1275//2064
f 1284//2065 1285//2065 1277//2065
f 1284//2066 1277//2066 1276//2066
f 1285//2067 1286//2067 1278//2067
f 1285//2068 1278//2068 1277//2068
f 1286//2069 1287//2069 1279//2069
f 1286//2070 1279//2070 1278//2070
f 1287//2071 1288//2071 1280//2071
f 1287//2072 1280//2072 1279//2072
f 1288//2073 1289//2073 1281//2073
f 1288//2074 1281//2074 1280//2074
f 1289//2075 1282//2075 1274//2075
f 1289//2076 1274//2076 1281//2076
f 1289//2077 1288//2077 1287//2077
f 1289//2078 1287//2078 1286//2078
f 1289//2079 1286//2079 1285//2079
f 1289//2080 1285//2080 1284//2080
f 1289//2081 1284//2081 1283//2081
f 1289//2082 1283//2082 1282//2082
f 1274//2083 1275//2083 1276//2083
f 1274//2084 1276//2084 1277//2084
f 1274//2085 1277//2085 1278//2085
f 1274//2086 1278//2086 1279//2086
f 1274//2087 1279//2087 1280//2087
f 1274//2088 1280//2088 1281//2088
usemtl Mat_Bone
f 1290//2089 1291//2089 1294//2089
f 1290//2090 1294//2090 1293//2090
f 1291//2091 1292//2091 1295//2091
f 1291//2092 1295//2092 1294//2092
f 1292//2093 1290//2093 1293//2093
f 1292//2094 1293//2094 1295//2094
f 1293//2095 1294//2095 1297//2095
f 1293//2096 1297//2096 1296//2096
f 1294//2097 1295//2097 1298//2097
f 1294//2098 1298//2098 1297//2098
f 1295//2099 1293//2099 1296//2099
f 1295//2100 1296//2100 1298//2100
f 1296//2101 1297//2101 1300//2101
f 1296//2102 1300//2102 1299//2102
f 1297//2103 1298//2103 1301//2103
f 1297//2104 1301//2104 1300//2104
f 1298//2105 1296//2105 1299//2105
f 1298//2106 1299//2106 1301//2106
f 1299//2107 1300//2107 1303//2107
f 1299//2108 1303//2108 1302//2108
f 1300//2109 1301//2109 1304//2109
f 1300//2110 1304//2110 1303//2110
f 1301//2111 1299//2111 1302//2111
f 1301//2112 1302//2112 1304//2112
f 1302//2113 1303//2113 1306//2113
f 1302//2114 1306//2114 1305//2114
f 1303//2115 1304//2115 1307//2115
f 1303//2116 1307//2116 1306//2116
f 1304//2117 1302//2117 1305//2117
f 1304//2118 1305//2118 1307//2118
f 1305//2119 1306//2119 1309//2119
f 1305//2120 1309//2120 1308//2120
f 1306//2121 1307//2121 1310//2121
f 1306//2122 1310//2122 1309//2122
f 1307//2123 1305//2123 1308//2123
f 1307//2124 1308//2124 1310//2124
f 1308//2125 1309//2125 1312//2125
f 1308//2126 1312//2126 1311//2126
f 1309//2127 1310//2127 1313//2127
f 1309//2128 1313//2128 1312//2128
f 1310//2129 1308//2129 1311//2129
f 1310//2130 1311//2130 1313//2130
f 1311//2131 1312//2131 1291//2131
f 1311//2132 1291//2132 1290//2132
f 1312//2133 1313//2133 1292//2133
f 1312//2134 1292//2134 1291//2134
f 1313//2135 1311//2135 1290//2135
f 1313//2136 1290//2136 1292//2136
f 1314//2137 1315//2137 1318//2137
f 1314//2138 1318//2138 1317//2138
f 1315//2139 1316//2139 1319//2139
f 1315//2140 1319//2140 1318//2140
f 1316//2141 1314//2141 1317//2141
f 1316//2142 1317//2142 1319//2142
f 1317//2143 1318//2143 1321//2143
f 1317//2144 1321//2144 1320//2144
f 1318//2145 1319//2145 1322//2145
f 1318//2146 1322//2146 1321//2146
f 1319//2147 1317//2147 1320//2147
f 1319//2148 1320//2148 1322//2148
f 1320//2149 1321//2149 1324//2149
f 1320//2150 1324//2150 1323//2150
f 1321//2151 1322//2151 1325//2151
f 1321//2152 1325//2152 1324//2152
f 1322//2153 1320//2153 1323//2153
f 1322//2154 1323//2154 1325//2154
f 1323//2155 1324//2155 1327//2155
f 1323//2156 1327//2156 1326//2156
f 1324//2157 1325//2157 1328//2157
f 1324//2158 1328//2158 1327//2158
f 1325//2159 1323//2159 1326//2159
f 1325//2160 1326//2160 1328//2160
f 1326//2161 1327//2161 1330//2161
f 1326//2162 1330//2162 1329//2162
f 1327//2163 1328//2163 1331//2163
f 1327//2164 1331//2164 1330//2164
f 1328//2165 1326//2165 1329//2165
f 1328//2166 1329//2166 1331//2166
f 1329//2167 1330//2167 1333//2167
f 1329//2168 1333//2168 1332//2168
f 1330//2169 1331//2169 1334//2169
f 1330//2170 1334//2170 1333//2170
f 1331//2171 1329//2171 1332//2171
f 1331//2172 1332//2172 1334//2172
f 1332//2173 1333//2173 1336//2173
f 1332//2174 1336//2174 1335//2174
f 1333//2175 1334//2175 1337//2175
f 1333//2176 1337//2176 1336//2176
f 1334//2177 1332//2177 1335//2177
f 1334//2178 1335//2178 1337//2178
f 1335//2179 1336//2179 1315//2179
f 1335//2180 1315//2180 1314//2180
f 1336//2181 1337//2181 1316//2181
f 1336//2182 1316//2182 1315//2182
f 1337//2183 1335//2183 1314//2183
f 1337//2184 1314//2184 1316//2184
f 1338//2185 1339//2185 1342//2185
f 1338//2186 1342//2186 1341//2186
f 1339//2187 1340//2187 1343//2187
f 1339//2188 1343//2188 1342//2188
f 1340//2189 1338//2189 1341//2189
f 1340//2190 1341//2190 1343//2190
f 1341//2191 1342//2191 1345//2191
f 1341//2192 1345//2192 1344//2192
f 1342//2193 1343//2193 1346//2193
f 1342//2194 1346//2194 1345//2194
f 1343//2195 1341//2195 1344//2195
f 1343//2196 1344//2196 1346//2196
f 1344//2197 1345//2197 1348//2197
f 1344//2198 1348//2198 1347//2198
f 1345//2199 1346//2199 1349//2199
f 1345//2200 1349//2200 1348//2200
f 1346//2201 1344//2201 1347//2201
f 1346//2202 1347//2202 1349//2202
f 1347//2203 1348//2203 1351//2203
f 1347//2204 1351//2204 1350//2204
f 1348//2205 1349//2205 1352//2205
f 1348//2206 1352//2206 1351//2206
f 1349//2207 1347//2207 1350//2207
f 1349//2208 1350//2208 1352//2208
f 1350//2209 1351//2209 1354//2209
f 1350//2210 1354//2210 1353//2210
f 1351//2211 1352//2211 1355//2211
f 1351//2212 1355//2212 1354//2212
f 1352//2213 1350//2213 1353//2213
f 1352//2214 1353//2214 1355//2214
f 1353//2215 1354//2215 1357//2215
f 1353//2216 1357//2216 1356//2216
f 1354//2217 1355//2217 1358//2217
f 1354//2218 1358//2218 1357//2218
f 1355//2219 1353//2219 1356//2219
f 1355//2220 1356//2220 1358//2220
f 1356//2221 1357//2221 1360//2221
f 1356//2222 1360//2222 1359//2222
f 1357//2223 1358//2223 1361//2223
f 1357//2224 1361//2224 1360//2224
f 1358//2225 1356//2225 1359//2225
f 1358//2226 1359//2226 1361//2226
f 1359//2227 1360//2227 1339//2227
f 1359//2228 1339//2228 1338//2228
f 1360//2229 1361//2229 1340//2229
f 1360//2230 1340//2230 1339//2230
f 1361//2231 1359//2231 1338//2231
f 1361//2232 1338//2232 1340//2232
f 1362//2233 1363//2233 1366//2233
f 1362//2234 1366//2234 1365//2234
f 1363//2235 1364//2235 1367//2235
f 1363//2236 1367//2236 1366//2236
f 1364//2237 1362//2237 1365//2237
f 1364//2238 1365//2238 1367//2238
f 1365//2239 1366//2239 1369//2239
f 1365//2240 1369//2240 1368//2240
f 1366//2241 1367//2241 1370//2241
f 1366//2242 1370//2242 1369//2242
f 1367//2243 1365//2243 1368//2243
f 1367//2244 1368//2244 1370//2244
f 1368//2245 1369//2245 1372//2245
f 1368//2246 1372//2246 1371//2246
f 1369//2247 1370//2247 1373//2247
f 1369//2248 1373//2248 1372//2248
f 1370//2249 1368//2249 1371//2249
f 1370//2250 1371//2250 1373//2250
f 1371//2251 1372//2251 1375//2251
f 1371//2252 1375//2252 1374//2252
f 1372//2253 1373//2253 1376//2253
f 1372//2254 1376//2254 1375//2254
f 1373//2255 1371//2255 1374//2255
f 1373//2256 1374//2256 1376//2256
f 1374//2257 1375//2257 1378//2257
f 1374//2258 1378//2258 1377//2258
f 1375//2259 1376//2259 1379//2259
f 1375//2260 1379//2260 1378//2260
f 1376//2261 1374//2261 1377//2261
f 1376//2262 1377//2262 1379//2262
f 1377//2263 1378//2263 1381//2263
f 1377//2264 1381//2264 1380//2264
f 1378//2265 1379//2265 1382//2265
f 1378//2266 1382//2266 1381//2266
f 1379//2267 1377//2267 1380//2267
f 1379//2268 1380//2268 1382//2268
f 1380//2269 1381//2269 1384//2269
f 1380//2270 1384//2270 1383//2270
f 1381//2271 1382//2271 1385//2271
f 1381//2272 1385//2272 1384//2272
f 1382//2273 1380//2273 1383//2273
f 1382//2274 1383//2274 1385//2274
f 1383//2275 1384//2275 1363//2275
f 1383//2276 1363//2276 1362//2276
f 1384//2277 1385//2277 1364//2277
f 1384//2278 1364//2278 1363//2278
f 1385//2279 1383//2279 1362//2279
f 1385//2280 1362//2280 1364//2280
usemtl Mat_AlienWater
f 1396//2281 1397//2281 1387//2281
f 1396//2282 1387//2282 1386//2282
f 1397//2283 1398//2283 1388//2283
f 1397//2284 1388//2284 1387//2284
f 1398//2285 1399//2285 1389//2285
f 1398//2286 1389//2286 1388//2286
f 1399//2287 1400//2287 1390//2287
f 1399//2288 1390//2288 1389//2288
f 1400//2289 1401//2289 1391//2289
f 1400//2290 1391//2290 1390//2290
f 1401//2291 1402//2291 1392//2291
f 1401//2292 1392//2292 1391//2292
f 1402//2293 1403//2293 1393//2293
f 1402//2294 1393//2294 1392//2294
f 1403//2295 1404//2295 1394//2295
f 1403//2296 1394//2296 1393//2296
f 1404//2297 1405//2297 1395//2297
f 1404//2298 1395//2298 1394//2298
f 1405//2299 1396//2299 1386//2299
f 1405//2300 1386//2300 1395//2300
f 1405//2301 1404//2301 1403//2301
f 1405//2302 1403//2302 1402//2302
f 1405//2303 1402//2303 1401//2303
f 1405//2304 1401//2304 1400//2304
f 1405//2305 1400//2305 1399//2305
f 1405//2306 1399//2306 1398//2306
f 1405//2307 1398//2307 1397//2307
f 1405//2308 1397//2308 1396//2308
f 1386//2309 1387//2309 1388//2309
f 1386//2310 1388//2310 1389//2310
f 1386//2311 1389//2311 1390//2311
f 1386//2312 1390//2312 1391//2312
f 1386//2313 1391//2313 1392//2313
f 1386//2314 1392//2314 1393//2314
f 1386//2315 1393//2315 1394//2315
f 1386//2316 1394//2316 1395//2316
usemtl Mat_Bone
f 1406//2317 1407//2317 1410//2317
f 1406//2318 1410//2318 1409//2318
f 1407//2319 1408//2319 1411//2319
f 1407//2320 1411//2320 1410//2320
f 1408//2321 1406//2321 1409//2321
f 1408//2322 1409//2322 1411//2322
f 1409//2323 1410//2323 1413//2323
f 1409//2324 1413//2324 1412//2324
f 1410//2325 1411//2325 1414//2325
f 1410//2326 1414//2326 1413//2326
f 1411//2327 1409//2327 1412//2327
f 1411//2328 1412//2328 1414//2328
f 1412//2329 1413//2329 1416//2329
f 1412//2330 1416//2330 1415//2330
f 1413//2331 1414//2331 1417//2331
f 1413//2332 1417//2332 1416//2332
f 1414//2333 1412//2333 1415//2333
f 1414//2334 1415//2334 1417//2334
f 1415//2335 1416//2335 1419//2335
f 1415//2336 1419//2336 1418//2336
f 1416//2337 1417//2337 1420//2337
f 1416//2338 1420//2338 1419//2338
f 1417//2339 1415//2339 1418//2339
f 1417//2340 1418//2340 1420//2340
f 1418//2341 1419//2341 1422//2341
f 1418//2342 1422//2342 1421//2342
f 1419//2343 1420//2343 1423//2343
f 1419//2344 1423//2344 1422//2344
f 1420//2345 1418//2345 1421//2345
f 1420//2346 1421//2346 1423//2346
f 1421//2347 1422//2347 1425//2347
f 1421//2348 1425//2348 1424//2348
f 1422//2349 1423//2349 1426//2349
f 1422//2350 1426//2350 1425//2350
f 1423//2351 1421//2351 1424//2351
f 1423//2352 1424//2352 1426//2352
f 1424//2353 1425//2353 1428//2353
f 1424//2354 1428//2354 1427//2354
f 1425//2355 1426//2355 1429//2355
f 1425//2356 1429//2356 1428//2356
f 1426//2357 1424//2357 1427//2357
f 1426//2358 1427//2358 1429//2358
f 1427//2359 1428//2359 1407//2359
f 1427//2360 1407//2360 1406//2360
f 1428//2361 1429//2361 1408//2361
f 1428//2362 1408//2362 1407//2362
f 1429//2363 1427//2363 1406//2363
f 1429//2364 1406//2364 1408//2364
f 1430//2365 1431//2365 1434//2365
f 1430//2366 1434//2366 1433//2366
f 1431//2367 1432//2367 1435//2367
f 1431//2368 1435//2368 1434//2368
f 1432//2369 1430//2369 1433//2369
f 1432//2370 1433//2370 1435//2370
f 1433//2371 1434//2371 1437//2371
f 1433//2372 1437//2372 1436//2372
f 1434//2373 1435//2373 1438//2373
f 1434//2374 1438//2374 1437//2374
f 1435//2375 1433//2375 1436//2375
f 1435//2376 1436//2376 1438//2376
f 1436//2377 1437//2377 1440//2377
f 1436//2378 1440//2378 1439//2378
f 1437//2379 1438//2379 1441//2379
f 1437//2380 1441//2380 1440//2380
f 1438//2381 1436//2381 1439//2381
f 1438//2382 1439//2382 1441//2382
f 1439//2383 1440//2383 1443//2383
f 1439//2384 1443//2384 1442//2384
f 1440//2385 1441//2385 1444//2385
f 1440//2386 1444//2386 1443//2386
f 1441//2387 1439//2387 1442//2387
f 1441//2388 1442//2388 1444//2388
f 1442//2389 1443//2389 1446//2389
f 1442//2390 1446//2390 1445//2390
f 1443//2391 1444//2391 1447//2391
f 1443//2392 1447//2392 1446//2392
f 1444//2393 1442//2393 1445//2393
f 1444//2394 1445//2394 1447//2394
f 1445//2395 1446//2395 1449//2395
f 1445//2396 1449//2396 1448//2396
f 1446//2397 1447//2397 1450//2397
f 1446//2398 1450//2398 1449//2398
f 1447//2399 1445//2399 1448//2399
f 1447//2400 1448//2400 1450//2400
f 1448//2401 1449//2401 1452//2401
f 1448//2402 1452//2402 1451//2402
f 1449//2403 1450//2403 1453//2403
f 1449//2404 1453//2404 1452//2404
f 1450//2405 1448//2405 1451//2405
f 1450//2406 1451//2406 1453//2406
f 1451//2407 1452//2407 1431//2407
f 1451//2408 1431//2408 1430//2408
f 1452//2409 1453//2409 1432//2409
f 1452//2410 1432//2410 1431//2410
f 1453//2411 1451//2411 1430//2411
f 1453//2412 1430//2412 1432//2412
f 1454//2413 1455//2413 1458//2413
f 1454//2414 1458//2414 1457//2414
f 1455//2415 1456//2415 1459//2415
f 1455//2416 1459//2416 1458//2416
f 1456//2417 1454//2417 1457//2417
f 1456//2418 1457//2418 1459//2418
f 1457//2419 1458//2419 1461//2419
f 1457//2420 1461//2420 1460//2420
f 1458//2421 1459//2421 1462//2421
f 1458//2422 1462//2422 1461//2422
f 1459//2423 1457//2423 1460//2423
f 1459//2424 1460//2424 1462//2424
f 1460//2425 1461//2425 1464//2425
f 1460//2426 1464//2426 1463//2426
f 1461//2427 1462//2427 1465//2427
f 1461//2428 1465//2428 1464//2428
f 1462//2429 1460//2429 1463//2429
f 1462//2430 1463//2430 1465//2430
f 1463//2431 1464//2431 1467//2431
f 1463//2432 1467//2432 1466//2432
f 1464//2433 1465//2433 1468//2433
f 1464//2434 1468//2434 1467//2434
f 1465//2435 1463//2435 1466//2435
f 1465//2436 1466//2436 1468//2436
f 1466//2437 1467//2437 1470//2437
f 1466//2438 1470//2438 1469//2438
f 1467//2439 1468//2439 1471//2439
f 1467//2440 1471//2440 1470//2440
f 1468//2441 1466//2441 1469//2441
f 1468//2442 1469//2442 1471//2442
f 1469//2443 1470//2443 1473//2443
f 1469//2444 1473//2444 1472//2444
f 1470//2445 1471//2445 1474//2445
f 1470//2446 1474//2446 1473//2446
f 1471//2447 1469//2447 1472//2447
f 1471//2448 1472//2448 1474//2448
f 1472//2449 1473//2449 1476//2449
f 1472//2450 1476//2450 1475//2450
f 1473//2451 1474//2451 1477//2451
f 1473//2452 1477//2452 1476//2452
f 1474//2453 1472//2453 1475//2453
f 1474//2454 1475//2454 1477//2454
f 1475//2455 1476//2455 1455//2455
f 1475//2456 1455//2456 1454//2456
f 1476//2457 1477//2457 1456//2457
f 1476//2458 1456//2458 1455//2458
f 1477//2459 1475//2459 1454//2459
f 1477//2460 1454//2460 1456//2460
f 1478//2461 1479//2461 1482//2461
f 1478//2462 1482//2462 1481//2462
f 1479//2463 1480//2463 1483//2463
f 1479//2464 1483//2464 1482//2464
f 1480//2465 1478//2465 1481//2465
f 1480//2466 1481//2466 1483//2466
f 1481//2467 1482//2467 1485//2467
f 1481//2468 1485//2468 1484//2468
f 1482//2469 1483//2469 1486//2469
f 1482//2470 1486//2470 1485//2470
f 1483//2471 1481//2471 1484//2471
f 1483//2472 1484//2472 1486//2472
f 1484//2473 1485//2473 1488//2473
f 1484//2474 1488//2474 1487//2474
f 1485//2475 1486//2475 1489//2475
f 1485//2476 1489//2476 1488//2476
f 1486//2477 1484//2477 1487//2477
f 1486//2478 1487//2478 1489//2478
f 1487//2479 1488//2479 1491//2479
f 1487//2480 1491//2480 1490//2480
f 1488//2481 1489//2481 1492//2481
f 1488//2482 1492//2482 1491//2482
f 1489//2483 1487//2483 1490//2483
f 1489//2484 1490//2484 1492//2484
f 1490//2485 1491//2485 1494//2485
f 1490//2486 1494//2486 1493//2486
f 1491//2487 1492//2487 1495//2487
f 1491//2488 1495//2488 1494//2488
f 1492//2489 1490//2489 1493//2489
f 1492//2490 1493//2490 1495//2490
f 1493//2491 1494//2491 1497//2491
f 1493//2492 1497//2492 1496//2492
f 1494//2493 1495//2493 1498//2493
f 1494//2494 1498//2494 1497//2494
f 1495//2495 1493//2495 1496//2495
f 1495//2496 1496//2496 1498//2496
f 1496//2497 1497//2497 1500//2497
f 1496//2498 1500//2498 1499//2498
f 1497//2499 1498//2499 1501//2499
f 1497//2500 1501//2500 1500//2500
f 1498//2501 1496//2501 1499//2501
f 1498//2502 1499//2502 1501//2502
f 1499//2503 1500//2503 1479//2503
f 1499//2504 1479//2504 1478//2504
f 1500//2505 1501//2505 1480//2505
f 1500//2506 1480//2506 1479//2506
f 1501//2507 1499//2507 1478//2507
f 1501//2508 1478//2508 1480//2508
f 1502//2509 1503//2509 1506//2509
f 1502//2510 1506//2510 1505//2510
f 1503//2511 1504//2511 1507//2511
f 1503//2512 1507//2512 1506//2512
f 1504//2513 1502//2513 1505//2513
f 1504//2514 1505//2514 1507//2514
f 1505//2515 1506//2515 1509//2515
f 1505//2516 1509//2516 1508//2516
f 1506//2517 1507//2517 1510//2517
f 1506//2518 1510//2518 1509//2518
f 1507//2519 1505//2519 1508//2519
f 1507//2520 1508//2520 1510//2520
f 1508//2521 1509//2521 1512//2521
f 1508//2522 1512//2522 1511//2522
f 1509//2523 1510//2523 1513//2523
f 1509//2524 1513//2524 1512//2524
f 1510//2525 1508//2525 1511//2525
f 1510//2526 1511//2526 1513//2526
f 1511//2527 1512//2527 1515//2527
f 1511//2528 1515//2528 1514//2528
f 1512//2529 1513//2529 1516//2529
f 1512//2530 1516//2530 1515//2530
f 1513//2531 1511//2531 1514//2531
f 1513//2532 1514//2532 1516//2532
f 1514//2533 1515//2533 1518//2533
f 1514//2534 1518//2534 1517//2534
f 1515//2535 1516//2535 1519//2535
f 1515//2536 1519//2536 1518//2536
f 1516//2537 1514//2537 1517//2537
f 1516//2538 1517//2538 1519//2538
f 1517//2539 1518//2539 1521//2539
f 1517//2540 1521//2540 1520//2540
f 1518//2541 1519//2541 1522//2541
f 1518//2542 1522//2542 1521//2542
f 1519//2543 1517//2543 1520//2543
f 1519//2544 1520//2544 1522//2544
f 1520//2545 1521//2545 1524//2545
f 1520//2546 1524//2546 1523//2546
f 1521//2547 1522//2547 1525//2547
f 1521//2548 1525//2548 1524//2548
f 1522//2549 1520//2549 1523//2549
f 1522//2550 1523//2550 1525//2550
f 1523//2551 1524//2551 1503//2551
f 1523//2552 1503//2552 1502//2552
f 1524//2553 1525//2553 1504//2553
f 1524//2554 1504//2554 1503//2554
f 1525//2555 1523//2555 1502//2555
f 1525//2556 1502//2556 1504//2556
f 1526//2557 1527//2557 1530//2557
f 1526//2558 1530//2558 1529//2558
f 1527//2559 1528//2559 1531//2559
f 1527//2560 1531//2560 1530//2560
f 1528//2561 1526//2561 1529//2561
f 1528//2562 1529//2562 1531//2562
f 1529//2563 1530//2563 1533//2563
f 1529//2564 1533//2564 1532//2564
f 1530//2565 1531//2565 1534//2565
f 1530//2566 1534//2566 1533//2566
f 1531//2567 1529//2567 1532//2567
f 1531//2568 1532//2568 1534//2568
f 1532//2569 1533//2569 1536//2569
f 1532//2570 1536//2570 1535//2570
f 1533//2571 1534//2571 1537//2571
f 1533//2572 1537//2572 1536//2572
f 1534//2573 1532//2573 1535//2573
f 1534//2574 1535//2574 1537//2574
f 1535//2575 1536//2575 1539//2575
f 1535//2576 1539//2576 1538//2576
f 1536//2577 1537//2577 1540//2577
f 1536//2578 1540//2578 1539//2578
f 1537//2579 1535//2579 1538//2579
f 1537//2580 1538//2580 1540//2580
f 1538//2581 1539//2581 1542//2581
f 1538//2582 1542//2582 1541//2582
f 1539//2583 1540//2583 1543//2583
f 1539//2584 1543//2584 1542//2584
f 1540//2585 1538//2585 1541//2585
f 1540//2586 1541//2586 1543//2586
f 1541//2587 1542//2587 1545//2587
f 1541//2588 1545//2588 1544//2588
f 1542//2589 1543//2589 1546//2589
f 1542//2590 1546//2590 1545//2590
f 1543//2591 1541//2591 1544//2591
f 1543//2592 1544//2592 1546//2592
f 1544//2593 1545//2593 1548//2593
f 1544//2594 1548//2594 1547//2594
f 1545//2595 1546//2595 1549//2595
f 1545//2596 1549//2596 1548//2596
f 1546//2597 1544//2597 1547//2597
f 1546//2598 1547//2598 1549//2598
f 1547//2599 1548//2599 1527//2599
f 1547//2600 1527//2600 1526//2600
f 1548//2601 1549//2601 1528//2601
f 1548//2602 1528//2602 1527//2602
f 1549//2603 1547//2603 1526//2603
f 1549//2604 1526//2604 1528//2604
o Bldg_Fountain_Streams
v 0.69666 1.19878 0.63666
v 0.63666 1.19878 0.69666
v 0.66099 1.12122 0.72099
v 0.72099 1.12122 0.66099
v 0.81059 1.27025 0.75059
v 0.75059 1.27025 0.81059
v 0.76626 1.18725 0.82626
v 0.82626 1.18725 0.76626
v 0.92922 1.28784 0.86922
v 0.86922 1.28784 0.92922
v 0.86683 1.20216 0.92683
v 0.92683 1.20216 0.86683
v 1.04636 1.25711 0.98636
v 0.98636 1.25711 1.04636
v 0.96889 1.17539 1.02889
v 1.02889 1.17539 0.96889
v 1.16112 1.18774 1.10112
v 1.10112 1.18774 1.16112
v 1.07334 1.11226 1.13334
v 1.13334 1.11226 1.07334
v 1.27391 1.08869 1.21391
v 1.21391 1.08869 1.27391
v 1.17975 1.01881 1.23975
v 1.23975 1.01881 1.17975
v 1.38537 0.96793 1.32537
v 1.32537 0.96793 1.38537
v 1.28749 0.90207 1.34749
v 1.34749 0.90207 1.28749
v 1.49594 0.83300 1.43594
v 1.43594 0.83300 1.49594
v 1.39613 0.76950 1.45613
v 1.45613 0.76950 1.39613
v 1.60584 0.69136 1.54584
v 1.54584 0.69136 1.60584
v 1.50543 0.62864 1.56543
v 1.56543 0.62864 1.50543
v -0.63666 1.19878 0.69666
v -0.69666 1.19878 0.63666
v -0.72099 1.12122 0.66099
v -0.66099 1.12122 0.72099
v -0.75059 1.27025 0.81059
v -0.81059 1.27025 0.75059
v -0.82626 1.18725 0.76626
v -0.76626 1.18725 0.82626
v -0.86922 1.28784 0.92922
v -0.92922 1.28784 0.86922
v -0.92683 1.20216 0.86683
v -0.86683 1.20216 0.92683
v -0.98636 1.25711 1.04636
v -1.04636 1.25711 0.98636
v -1.02889 1.17539 0.96889
v -0.96889 1.17539 1.02889
v -1.10112 1.18774 1.16112
v -1.16112 1.18774 1.10112
v -1.13334 1.11226 1.07334
v -1.07334 1.11226 1.13334
v -1.21391 1.08869 1.27391
v -1.27391 1.08869 1.21391
v -1.23975 1.01881 1.17975
v -1.17975 1.01881 1.23975
v -1.32537 0.96793 1.38537
v -1.38537 0.96793 1.32537
v -1.34749 0.90207 1.28749
v -1.28749 0.90207 1.34749
v -1.43594 0.83300 1.49594
v -1.49594 0.83300 1.43594
v -1.45613 0.76950 1.39613
v -1.39613 0.76950 1.45613
v -1.54584 0.69136 1.60584
v -1.60584 0.69136 1.54584
v -1.56543 0.62864 1.50543
v -1.50543 0.62864 1.56543
v -0.69666 1.19878 -0.63666
v -0.63666 1.19878 -0.69666
v -0.66099 1.12122 -0.72099
v -0.72099 1.12122 -0.66099
v -0.81059 1.27025 -0.75059
v -0.75059 1.27025 -0.81059
v -0.76626 1.18725 -0.82626
v -0.82626 1.18725 -0.76626
v -0.92922 1.28784 -0.86922
v -0.86922 1.28784 -0.92922
v -0.86683 1.20216 -0.92683
v -0.92683 1.20216 -0.86683
v -1.04636 1.25711 -0.98636
v -0.98636 1.25711 -1.04636
v -0.96889 1.17539 -1.02889
v -1.02889 1.17539 -0.96889
v -1.16112 1.18774 -1.10112
v -1.10112 1.18774 -1.16112
v -1.07334 1.11226 -1.13334
v -1.13334 1.11226 -1.07334
v -1.27391 1.08869 -1.21391
v -1.21391 1.08869 -1.27391
v -1.17975 1.01881 -1.23975
v -1.23975 1.01881 -1.17975
v -1.38537 0.96793 -1.32537
v -1.32537 0.96793 -1.38537
v -1.28749 0.90207 -1.34749
v -1.34749 0.90207 -1.28749
v -1.49594 0.83300 -1.43594
v -1.43594 0.83300 -1.49594
v -1.39613 0.76950 -1.45613
v -1.45613 0.76950 -1.39613
v -1.60584 0.69136 -1.54584
v -1.54584 0.69136 -1.60584
v -1.50543 0.62864 -1.56543
v -1.56543 0.62864 -1.50543
v 0.63666 1.19878 -0.69666
v 0.69666 1.19878 -0.63666
v 0.72099 1.12122 -0.66099
v 0.66099 1.12122 -0.72099
v 0.75059 1.27025 -0.81059
v 0.81059 1.27025 -0.75059
v 0.82626 1.18725 -0.76626
v 0.76626 1.18725 -0.82626
v 0.86922 1.28784 -0.92922
v 0.92922 1.28784 -0.86922
v 0.92683 1.20216 -0.86683
v 0.86683 1.20216 -0.92683
v 0.98636 1.25711 -1.04636
v 1.04636 1.25711 -0.98636
v 1.02889 1.17539 -0.96889
v 0.96889 1.17539 -1.02889
v 1.10112 1.18774 -1.16112
v 1.16112 1.18774 -1.10112
v 1.13334 1.11226 -1.07334
v 1.07334 1.11226 -1.13334
v 1.21391 1.08869 -1.27391
v 1.27391 1.08869 -1.21391
v 1.23975 1.01881 -1.17975
v 1.17975 1.01881 -1.23975
v 1.32537 0.96793 -1.38537
v 1.38537 0.96793 -1.32537
v 1.34749 0.90207 -1.28749
v 1.28749 0.90207 -1.34749
v 1.43594 0.83300 -1.49594
v 1.49594 0.83300 -1.43594
v 1.45613 0.76950 -1.39613
v 1.39613 0.76950 -1.45613
v 1.54584 0.69136 -1.60584
v 1.60584 0.69136 -1.54584
v 1.56543 0.62864 -1.50543
v 1.50543 0.62864 -1.56543
v 1.63496 2.62209 0.49405
v 1.61311 2.62209 0.56130
v 1.56059 2.57791 0.54424
v 1.58244 2.57791 0.47699
v 1.75072 2.46284 0.53539
v 1.73106 2.46284 0.59591
v 1.67308 2.43716 0.57707
v 1.69275 2.43716 0.51655
v 1.81912 1.80196 0.56505
v 1.80382 1.80196 0.61212
v 1.75685 1.79804 0.59686
v 1.77215 1.79804 0.54978
v 1.85275 0.68076 0.57969
v 1.83964 0.68076 0.62004
v 1.79931 0.67924 0.60694
v 1.81242 0.67924 0.56659
v 1.03231 2.62209 1.36070
v 0.97510 2.62209 1.40227
v 0.94265 2.57791 1.35759
v 0.99985 2.57791 1.31603
v 1.10167 2.46284 1.46219
v 1.05019 2.46284 1.49959
v 1.01435 2.43716 1.45027
v 1.06584 2.43716 1.41287
v 1.13957 1.80196 1.52638
v 1.09953 1.80196 1.55548
v 1.07050 1.79804 1.51552
v 1.11054 1.79804 1.48643
v 1.15817 0.68076 1.55799
v 1.12385 0.68076 1.58293
v 1.09892 0.67924 1.54863
v 1.13325 0.67924 1.52369
v 0.03536 2.62209 1.70761
v -0.03536 2.62209 1.70761
v -0.03536 2.57791 1.65239
v 0.03536 2.57791 1.65239
v 0.03182 2.46284 1.83048
v -0.03182 2.46284 1.83048
v -0.03182 2.43716 1.76952
v 0.03182 2.43716 1.76952
v 0.02475 1.80196 1.90469
v -0.02475 1.80196 1.90469
v -0.02475 1.79804 1.85531
v 0.02475 1.79804 1.85531
v 0.02121 0.68076 1.94120
v -0.02121 0.68076 1.94120
v -0.02121 0.67924 1.89880
v 0.02121 0.67924 1.89880
v -0.97510 2.62209 1.40227
v -1.03231 2.62209 1.36070
v -0.99985 2.57791 1.31603
v -0.94265 2.57791 1.35759
v -1.05019 2.46284 1.49959
v -1.10167 2.46284 1.46219
v -1.06584 2.43716 1.41287
v -1.01435 2.43716 1.45027
v -1.09953 1.80196 1.55548
v -1.13957 1.80196 1.52638
v -1.11054 1.79804 1.48643
v -1.07050 1.79804 1.51552
v -1.12385 0.68076 1.58293
v -1.15817 0.68076 1.55799
v -1.13325 0.67924 1.52369
v -1.09892 0.67924 1.54863
v -1.61311 2.62209 0.56130
v -1.63496 2.62209 0.49405
v -1.58244 2.57791 0.47699
v -1.56059 2.57791 0.54424
v -1.73106 2.46284 0.59591
v -1.75072 2.46284 0.53539
v -1.69275 2.43716 0.51655
v -1.67308 2.43716 0.57707
v -1.80382 1.80196 0.61212
v -1.81912 1.80196 0.56505
v -1.77215 1.79804 0.54978
v -1.75685 1.79804 0.59686
v -1.83964 0.68076 0.62004
v -1.85275 0.68076 0.57969
v -1.81242 0.67924 0.56659
v -1.79931 0.67924 0.60694
v -1.63496 2.62209 -0.49405
v -1.61311 2.62209 -0.56130
v -1.56059 2.57791 -0.54424
v -1.58244 2.57791 -0.47699
v -1.75072 2.46284 -0.53539
v -1.73106 2.46284 -0.59591
v -1.67308 2.43716 -0.57707
v -1.69275 2.43716 -0.51655
v -1.81912 1.80196 -0.56505
v -1.80382 1.80196 -0.61212
v -1.75685 1.79804 -0.59686
v -1.77215 1.79804 -0.54978
v -1.85275 0.68076 -0.57969
v -1.83964 0.68076 -0.62004
v -1.79931 0.67924 -0.60694
v -1.81242 0.67924 -0.56659
v -1.03231 2.62209 -1.36070
v -0.97510 2.62209 -1.40227
v -0.94265 2.57791 -1.35759
v -0.99985 2.57791 -1.31603
v -1.10167 2.46284 -1.46219
v -1.05019 2.46284 -1.49959
v -1.01435 2.43716 -1.45027
v -1.06584 2.43716 -1.41287
v -1.13957 1.80196 -1.52638
v -1.09953 1.80196 -1.55548
v -1.07050 1.79804 -1.51552
v -1.11054 1.79804 -1.48643
v -1.15817 0.68076 -1.55799
v -1.12385 0.68076 -1.58293
v -1.09892 0.67924 -1.54863
v -1.13325 0.67924 -1.52369
v -0.03536 2.62209 -1.70761
v 0.03536 2.62209 -1.70761
v 0.03536 2.57791 -1.65239
v -0.03536 2.57791 -1.65239
v -0.03182 2.46284 -1.83048
v 0.03182 2.46284 -1.83048
v 0.03182 2.43716 -1.76952
v -0.03182 2.43716 -1.76952
v -0.02475 1.80196 -1.90469
v 0.02475 1.80196 -1.90469
v 0.02475 1.79804 -1.85531
v -0.02475 1.79804 -1.85531
v -0.02121 0.68076 -1.94120
v 0.02121 0.68076 -1.94120
v 0.02121 0.67924 -1.89880
v -0.02121 0.67924 -1.89880
v 0.97510 2.62209 -1.40227
v 1.03231 2.62209 -1.36070
v 0.99985 2.57791 -1.31603
v 0.94265 2.57791 -1.35759
v 1.05019 2.46284 -1.49959
v 1.10167 2.46284 -1.46219
v 1.06584 2.43716 -1.41287
v 1.01435 2.43716 -1.45027
v 1.09953 1.80196 -1.55548
v 1.13957 1.80196 -1.52638
v 1.11054 1.79804 -1.48643
v 1.07050 1.79804 -1.51552
v 1.12385 0.68076 -1.58293
v 1.15817 0.68076 -1.55799
v 1.13325 0.67924 -1.52369
v 1.09892 0.67924 -1.54863
v 1.61311 2.62209 -0.56130
v 1.63496 2.62209 -0.49405
v 1.58244 2.57791 -0.47699
v 1.56059 2.57791 -0.54424
v 1.73106 2.46284 -0.59591
v 1.75072 2.46284 -0.53539
v 1.69275 2.43716 -0.51655
v 1.67308 2.43716 -0.57707
v 1.80382 1.80196 -0.61212
v 1.81912 1.80196 -0.56505
v 1.77215 1.79804 -0.54978
v 1.75685 1.79804 -0.59686
v 1.83964 0.68076 -0.62004
v 1.85275 0.68076 -0.57969
v 1.81242 0.67924 -0.56659
v 1.79931 0.67924 -0.60694
v 1.39712 5.31951 0.34141
v 1.38065 5.31951 0.40289
v 1.34611 5.26686 0.39363
v 1.36258 5.26686 0.33216
v 1.50781 5.24168 0.37107
v 1.49134 5.24168 0.43255
v 1.44617 5.19651 0.42044
v 1.46264 5.19651 0.35897
v 1.61799 5.06051 0.40060
v 1.60152 5.06051 0.46207
v 1.54674 5.03114 0.44739
v 1.56321 5.03114 0.38592
v 1.72486 4.79427 0.42923
v 1.70838 4.79427 0.49070
v 1.65062 4.77235 0.47522
v 1.66709 4.77235 0.41375
v 1.83086 4.45037 0.45763
v 1.81439 4.45037 0.51911
v 1.75536 4.43253 0.50329
v 1.77183 4.43253 0.44182
v 1.93655 4.03784 0.48596
v 1.92008 4.03784 0.54743
v 1.86042 4.02249 0.53144
v 1.87689 4.02249 0.46997
v 2.04211 3.56624 0.51424
v 2.02564 3.56624 0.57571
v 1.96561 3.55253 0.55962
v 1.98208 3.55253 0.49815
v 2.14759 3.04532 0.54250
v 2.13112 3.04532 0.60397
v 2.07087 3.03270 0.58783
v 2.08734 3.03270 0.52636
v 2.25304 2.48490 0.57076
v 2.23657 2.48490 0.63223
v 2.17617 2.47303 0.61605
v 2.19264 2.47303 0.55457
v 2.35845 1.89487 0.59900
v 2.34198 1.89487 0.66047
v 2.28150 1.88348 0.64427
v 2.29797 1.88348 0.58280
v 2.46385 1.28511 0.62724
v 2.44738 1.28511 0.68872
v 2.38685 1.27398 0.67250
v 2.40333 1.27398 0.61103
v 2.56923 0.66552 0.65548
v 2.55276 0.66552 0.71695
v 2.49222 0.65448 0.70073
v 2.50869 0.65448 0.63926
v 0.40229 5.17951 1.37842
v 0.34082 5.17951 1.39489
v 0.33276 5.12402 1.36481
v 0.39423 5.12402 1.34833
v 0.43221 5.11461 1.49010
v 0.37074 5.11461 1.50657
v 0.35930 5.06645 1.46387
v 0.42077 5.06645 1.44740
v 0.46197 4.94557 1.60115
v 0.40050 4.94557 1.61762
v 0.38602 4.91467 1.56358
v 0.44749 4.91467 1.54711
v 0.49066 4.69186 1.70823
v 0.42919 4.69186 1.72470
v 0.41379 4.66905 1.66724
v 0.47527 4.66905 1.65077
v 0.51908 4.36067 1.81430
v 0.45761 4.36067 1.83077
v 0.44184 4.34224 1.77192
v 0.50331 4.34224 1.75544
v 0.54741 3.96092 1.92003
v 0.48594 3.96092 1.93650
v 0.46998 3.94514 1.87694
v 0.53145 3.94514 1.86047
v 0.57570 3.50213 2.02560
v 0.51423 3.50213 2.04207
v 0.49816 3.48807 1.98211
v 0.55963 3.48807 1.96564
v 0.60397 2.99404 2.13109
v 0.54250 2.99404 2.14756
v 0.52637 2.98113 2.08737
v 0.58784 2.98113 2.07090
v 0.63222 2.44647 2.23654
v 0.57075 2.44647 2.25301
v 0.55458 2.43433 2.19267
v 0.61605 2.43433 2.17620
v 0.66047 1.86928 2.34196
v 0.59900 1.86928 2.35843
v 0.58280 1.85764 2.29800
v 0.64428 1.85764 2.28152
v 0.68871 1.27237 2.44736
v 0.62724 1.27237 2.46383
v 0.61103 1.26101 2.40334
v 0.67250 1.26101 2.38687
v 0.71695 0.66563 2.55274
v 0.65548 0.66563 2.56921
v 0.63926 0.65437 2.50871
v 0.70074 0.65437 2.49224
v -0.98995 4.98812 1.03495
v -1.03495 4.98812 0.98995
v -1.01823 4.92904 0.97323
v -0.97323 4.92904 1.01823
v -1.07285 4.94119 1.11785
v -1.11785 4.94119 1.07285
v -1.08961 4.88862 1.04461
v -1.04461 4.88862 1.08961
v -1.15521 4.78867 1.20021
v -1.20021 4.78867 1.15521
v -1.16153 4.75545 1.11653
v -1.11653 4.75545 1.16153
v -1.23386 4.55202 1.27886
v -1.27886 4.55202 1.23386
v -1.23715 4.52790 1.19215
v -1.19215 4.52790 1.23715
v -1.31160 4.23817 1.35660
v -1.35660 4.23817 1.31160
v -1.31370 4.21887 1.26870
v -1.26870 4.21887 1.31370
v -1.38903 3.85586 1.43403
v -1.43403 3.85586 1.38903
v -1.39054 3.83945 1.34554
v -1.34554 3.83945 1.39054
v -1.46633 3.41457 1.51133
v -1.51133 3.41457 1.46633
v -1.46752 3.40000 1.42252
v -1.42252 3.40000 1.46752
v -1.54357 2.92400 1.58857
v -1.58857 2.92400 1.54357
v -1.54456 2.91067 1.49956
v -1.49956 2.91067 1.54456
v -1.62076 2.39397 1.66576
v -1.66576 2.39397 1.62076
v -1.62164 2.38146 1.57664
v -1.57664 2.38146 1.62164
v -1.69794 1.83433 1.74294
v -1.74294 1.83433 1.69794
v -1.69874 1.82235 1.65374
v -1.65374 1.82235 1.69874
v -1.77510 1.25497 1.82010
v -1.82010 1.25497 1.77510
v -1.77586 1.24329 1.73086
v -1.73086 1.24329 1.77586
v -1.85224 0.66579 1.89724
v -1.89724 0.66579 1.85224
v -1.85300 0.65421 1.80800
v -1.80800 0.65421 1.85300
v -1.39019 4.93678 -0.33956
v -1.37372 4.93678 -0.40103
v -1.35304 4.87685 -0.39549
v -1.36951 4.87685 -0.33402
v -1.50387 4.89474 -0.37002
v -1.48740 4.89474 -0.43149
v -1.45010 4.84096 -0.42150
v -1.46657 4.84096 -0.36002
v -1.61683 4.74666 -0.40029
v -1.60036 4.74666 -0.46176
v -1.54789 4.71276 -0.44770
v -1.56436 4.71276 -0.38623
v -1.72439 4.51456 -0.42911
v -1.70791 4.51456 -0.49058
v -1.65109 4.49006 -0.47535
v -1.66756 4.49006 -0.41388
v -1.83061 4.20535 -0.45757
v -1.81414 4.20535 -0.51904
v -1.75561 4.18581 -0.50336
v -1.77208 4.18581 -0.44189
v -1.93640 3.82772 -0.48591
v -1.91992 3.82772 -0.54738
v -1.86057 3.81112 -0.53148
v -1.87704 3.81112 -0.47001
v -2.04200 3.39111 -0.51421
v -2.02553 3.39111 -0.57568
v -1.96572 3.37640 -0.55965
v -1.98219 3.37640 -0.49818
v -2.14751 2.90524 -0.54248
v -2.13104 2.90524 -0.60395
v -2.07095 2.89178 -0.58785
v -2.08742 2.89178 -0.52638
v -2.25297 2.37990 -0.57074
v -2.23649 2.37990 -0.63221
v -2.17624 2.36729 -0.61606
v -2.19271 2.36729 -0.55459
v -2.35839 1.82496 -0.59899
v -2.34192 1.82496 -0.66046
v -2.28157 1.81289 -0.64429
v -2.29804 1.81289 -0.58281
v -2.46379 1.25031 -0.62723
v -2.44732 1.25031 -0.68870
v -2.38691 1.23853 -0.67251
v -2.40338 1.23853 -0.61104
v -2.56917 0.66584 -0.65547
v -2.55270 0.66584 -0.71694
v -2.49228 0.65416 -0.70075
v -2.50875 0.65416 -0.63927
v -0.40179 5.07698 -1.37657
v -0.34032 5.07698 -1.39304
v -0.33325 5.01949 -1.36666
v -0.39472 5.01949 -1.35019
v -0.43193 5.02166 -1.48905
v -0.37046 5.02166 -1.50553
v -0.35958 4.97117 -1.46492
v -0.42105 4.97117 -1.44845
v -0.46189 4.86147 -1.60084
v -0.40042 4.86147 -1.61731
v -0.38610 4.82936 -1.56388
v -0.44757 4.82936 -1.54741
v -0.49063 4.61691 -1.70810
v -0.42916 4.61691 -1.72458
v -0.41383 4.59342 -1.66737
v -0.47530 4.59342 -1.65090
v -0.51907 4.29501 -1.81424
v -0.45759 4.29501 -1.83071
v -0.44186 4.27613 -1.77198
v -0.50333 4.27613 -1.75551
v -0.54740 3.90462 -1.91999
v -0.48593 3.90462 -1.93646
v -0.46999 3.88850 -1.87698
v -0.53146 3.88850 -1.86051
v -0.57569 3.45521 -2.02557
v -0.51422 3.45521 -2.04204
v -0.49817 3.44088 -1.98214
v -0.55964 3.44088 -1.96567
v -0.60396 2.95650 -2.13107
v -0.54249 2.95650 -2.14754
v -0.52637 2.94337 -2.08739
v -0.58784 2.94337 -2.07092
v -0.63222 2.41833 -2.23652
v -0.57075 2.41833 -2.25299
v -0.55459 2.40600 -2.19269
v -0.61606 2.40600 -2.17622
v -0.66046 1.85055 -2.34194
v -0.59899 1.85055 -2.35841
v -0.58281 1.83873 -2.29801
v -0.64428 1.83873 -2.28154
v -0.68871 1.26304 -2.44734
v -0.62723 1.26304 -2.46381
v -0.61104 1.25151 -2.40336
v -0.67251 1.25151 -2.38689
v -0.71694 0.66572 -2.55273
v -0.65547 0.66572 -2.56920
v -0.63927 0.65428 -2.50873
v -0.70074 0.65428 -2.49225
v 0.99367 5.26827 -1.03867
v 1.03867 5.26827 -0.99367
v 1.01452 5.21457 -0.96952
v 0.96952 5.21457 -1.01452
v 1.07495 5.19516 -1.11995
v 1.11995 5.19516 -1.07495
v 1.08751 5.14892 -1.04251
v 1.04251 5.14892 -1.08751
v 1.15583 5.01843 -1.20083
v 1.20083 5.01843 -1.15583
v 1.16091 4.98852 -1.11591
v 1.11591 4.98852 -1.16091
v 1.23411 4.75678 -1.27911
v 1.27911 4.75678 -1.23411
v 1.23690 4.73454 -1.19190
v 1.19190 4.73454 -1.23690
v 1.31173 4.41753 -1.35673
v 1.35673 4.41753 -1.31173
v 1.31356 4.39948 -1.26856
v 1.26856 4.39948 -1.31356
v 1.38911 4.00968 -1.43411
v 1.43411 4.00968 -1.38911
v 1.39046 3.99418 -1.34546
v 1.34546 3.99418 -1.39046
v 1.46639 3.54277 -1.51139
v 1.51139 3.54277 -1.46639
v 1.46746 3.52893 -1.42246
v 1.42246 3.52893 -1.46746
v 1.54361 3.02655 -1.58861
v 1.58861 3.02655 -1.54361
v 1.54452 3.01383 -1.49952
v 1.49952 3.01383 -1.54452
v 1.62080 2.47083 -1.66580
v 1.66580 2.47083 -1.62080
v 1.62160 2.45887 -1.57660
v 1.57660 2.45887 -1.62160
v 1.69797 1.88550 -1.74297
v 1.74297 1.88550 -1.69797
v 1.69871 1.87402 -1.65371
v 1.65371 1.87402 -1.69871
v 1.77513 1.28044 -1.82013
v 1.82013 1.28044 -1.77513
v 1.77583 1.26924 -1.73083
v 1.73083 1.26924 -1.77583
v 1.85227 0.66556 -1.89727
v 1.89727 0.66556 -1.85227
v 1.85297 0.65444 -1.80797
v 1.80797 0.65444 -1.85297
vn -0.2867 0.9141 -0.2867
vn -0.2867 0.9141 -0.2867
vn -0.7071 -0.0000 0.7071
vn -0.7071 0.0000 0.7071
vn 0.2867 -0.9141 0.2867
vn 0.2867 -0.9141 0.2867
vn 0.7071 -0.0000 -0.7071
vn 0.7071 -0.0000 -0.7071
vn -0.0737 0.9945 -0.0737
vn -0.0737 0.9945 -0.0737
vn -0.7071 0.0000 0.7071
vn -0.7071 -0.0000 0.7071
vn 0.0737 -0.9945 0.0737
vn 0.0737 -0.9945 0.0737
vn 0.7071 -0.0000 -0.7071
vn 0.7071 0.0000 -0.7071
vn 0.1290 0.9832 0.1290
vn 0.1290 0.9832 0.1290
vn -0.7071 -0.0000 0.7071
vn -0.7071 0.0000 0.7071
vn -0.1290 -0.9832 -0.1290
vn -0.1290 -0.9832 -0.1290
vn 0.7071 0.0000 -0.7071
vn 0.7071 0.0000 -0.7071
vn 0.2779 0.9195 0.2779
vn 0.2779 0.9195 0.2779
vn -0.7071 0.0000 0.7071
vn -0.7071 0.0000 0.7071
vn -0.2779 -0.9195 -0.2779
vn -0.2779 -0.9195 -0.2779
vn 0.7071 0.0000 -0.7071
vn 0.7071 0.0000 -0.7071
vn 0.3730 0.8495 0.3730
vn 0.3730 0.8495 0.3730
vn -0.7071 0.0000 0.7071
vn -0.7071 0.0000 0.7071
vn -0.3730 -0.8495 -0.3730
vn -0.3730 -0.8495 -0.3730
vn 0.7071 -0.0000 -0.7071
vn 0.7071 -0.0000 -0.7071
vn 0.4300 0.7938 0.4300
vn 0.4300 0.7938 0.4300
vn -0.7071 -0.0000 0.7071
vn -0.7071 0.0000 0.7071
vn -0.4300 -0.7938 -0.4300
vn -0.4300 -0.7938 -0.4300
vn 0.7071 0.0000 -0.7071
vn 0.7071 -0.0000 -0.7071
vn 0.4620 0.7571 0.4620
vn 0.4620 0.7571 0.4620
vn -0.7071 0.0000 0.7071
vn -0.7071 0.0000 0.7071
vn -0.4620 -0.7571 -0.4620
vn -0.4620 -0.7571 -0.4620
vn 0.7071 -0.0000 -0.7071
vn 0.7071 0.0000 -0.7071
vn 0.4763 0.7391 0.4763
vn 0.4763 0.7391 0.4763
vn -0.7071 0.0000 0.7071
vn -0.7071 0.0000 0.7071
vn -0.4763 -0.7391 -0.4763
vn -0.4763 -0.7391 -0.4763
vn 0.7071 -0.0000 -0.7071
vn 0.7071 -0.0000 -0.7071
vn -0.6464 -0.4055 -0.6464
vn -0.6464 -0.4055 -0.6464
vn 0.5226 -0.6736 0.5226
vn 0.5226 -0.6736 0.5226
vn 0.2867 0.9141 -0.2867
vn 0.2867 0.9141 -0.2867
vn -0.7071 -0.0000 -0.7071
vn -0.7071 0.0000 -0.7071
vn -0.2867 -0.9141 0.2867
vn -0.2867 -0.9141 0.2867
vn 0.7071 -0.0000 0.7071
vn 0.7071 -0.0000 0.7071
vn 0.0737 0.9945 -0.0737
vn 0.0737 0.9945 -0.0737
vn -0.7071 0.0000 -0.7071
vn -0.7071 -0.0000 -0.7071
vn -0.0737 -0.9945 0.0737
vn -0.0737 -0.9945 0.0737
vn 0.7071 -0.0000 0.7071
vn 0.7071 0.0000 0.7071
vn -0.1290 0.9832 0.1290
vn -0.1290 0.9832 0.1290
vn -0.7071 -0.0000 -0.7071
vn -0.7071 0.0000 -0.7071
vn 0.1290 -0.9832 -0.1290
vn 0.1290 -0.9832 -0.1290
vn 0.7071 0.0000 0.7071
vn 0.7071 0.0000 0.7071
vn -0.2779 0.9195 0.2779
vn -0.2779 0.9195 0.2779
vn -0.7071 0.0000 -0.7071
vn -0.7071 0.0000 -0.7071
vn 0.2779 -0.9195 -0.2779
vn 0.2779 -0.9195 -0.2779
vn 0.7071 0.0000 0.7071
vn 0.7071 0.0000 0.7071
vn -0.3730 0.8495 0.3730
vn -0.3730 0.8495 0.3730
vn -0.7071 0.0000 -0.7071
vn -0.7071 0.0000 -0.7071
vn 0.3730 -0.8495 -0.3730
vn 0.3730 -0.8495 -0.3730
vn 0.7071 -0.0000 0.7071
vn 0.7071 -0.0000 0.7071
vn -0.4300 0.7938 0.4300
vn -0.4300 0.7938 0.4300
vn -0.7071 -0.0000 -0.7071
vn -0.7071 0.0000 -0.7071
vn 0.4300 -0.7938 -0.4300
vn 0.4300 -0.7938 -0.4300
vn 0.7071 0.0000 0.7071
vn 0.7071 -0.0000 0.7071
vn -0.4620 0.7571 0.4620
vn -0.4620 0.7571 0.4620
vn -0.7071 0.0000 -0.7071
vn -0.7071 0.0000 -0.7071
vn 0.4620 -0.7571 -0.4620
vn 0.4620 -0.7571 -0.4620
vn 0.7071 -0.0000 0.7071
vn 0.7071 0.0000 0.7071
vn -0.4763 0.7391 0.4763
vn -0.4763 0.7391 0.4763
vn -0.7071 0.0000 -0.7071
vn -0.7071 0.0000 -0.7071
vn 0.4763 -0.7391 -0.4763
vn 0.4763 -0.7391 -0.4763
vn 0.7071 -0.0000 0.7071
vn 0.7071 -0.0000 0.7071
vn 0.6464 -0.4055 -0.6464
vn 0.6464 -0.4055 -0.6464
vn -0.5226 -0.6736 0.5226
vn -0.5226 -0.6736 0.5226
vn 0.2867 0.9141 0.2867
vn 0.2867 0.9141 0.2867
vn 0.7071 0.0000 -0.7071
vn 0.7071 0.0000 -0.7071
vn -0.2867 -0.9141 -0.2867
vn -0.2867 -0.9141 -0.2867
vn -0.7071 0.0000 0.7071
vn -0.7071 0.0000 0.7071
vn 0.0737 0.9945 0.0737
vn 0.0737 0.9945 0.0737
vn 0.7071 -0.0000 -0.7071
vn 0.7071 0.0000 -0.7071
vn -0.0737 -0.9945 -0.0737
vn -0.0737 -0.9945 -0.0737
vn -0.7071 -0.0000 0.7071
vn -0.7071 -0.0000 0.7071
vn -0.1290 0.9832 -0.1290
vn -0.1290 0.9832 -0.1290
vn 0.7071 0.0000 -0.7071
vn 0.7071 0.0000 -0.7071
vn 0.1290 -0.9832 0.1290
vn 0.1290 -0.9832 0.1290
vn -0.7071 -0.0000 0.7071
vn -0.7071 0.0000 0.7071
vn -0.2779 0.9195 -0.2779
vn -0.2779 0.9195 -0.2779
vn 0.7071 0.0000 -0.7071
vn 0.7071 -0.0000 -0.7071
vn 0.2779 -0.9195 0.2779
vn 0.2779 -0.9195 0.2779
vn -0.7071 0.0000 0.7071
vn -0.7071 0.0000 0.7071
vn -0.3730 0.8495 -0.3730
vn -0.3730 0.8495 -0.3730
vn 0.7071 0.0000 -0.7071
vn 0.7071 0.0000 -0.7071
vn 0.3730 -0.8495 0.3730
vn 0.3730 -0.8495 0.3730
vn -0.7071 0.0000 0.7071
vn -0.7071 0.0000 0.7071
vn -0.4300 0.7938 -0.4300
vn -0.4300 0.7938 -0.4300
vn 0.7071 0.0000 -0.7071
vn 0.7071 0.0000 -0.7071
vn 0.4300 -0.7938 0.4300
vn 0.4300 -0.7938 0.4300
vn -0.7071 0.0000 0.7071
vn -0.7071 -0.0000 0.7071
vn -0.4620 0.7571 -0.4620
vn -0.4620 0.7571 -0.4620
vn 0.7071 0.0000 -0.7071
vn 0.7071 0.0000 -0.7071
vn 0.4620 -0.7571 0.4620
vn 0.4620 -0.7571 0.4620
vn -0.7071 -0.0000 0.7071
vn -0.7071 0.0000 0.7071
vn -0.4763 0.7391 -0.4763
vn -0.4763 0.7391 -0.4763
vn 0.7071 0.0000 -0.7071
vn 0.7071 0.0000 -0.7071
vn 0.4763 -0.7391 0.4763
vn 0.4763 -0.7391 0.4763
vn -0.7071 0.0000 0.7071
vn -0.7071 0.0000 0.7071
vn 0.6464 -0.4055 0.6464
vn 0.6464 -0.4055 0.6464
vn -0.5226 -0.6736 -0.5226
vn -0.5226 -0.6736 -0.5226
vn -0.2867 0.9141 0.2867
vn -0.2867 0.9141 0.2867
vn 0.7071 -0.0000 0.7071
vn 0.7071 0.0000 0.7071
vn 0.2867 -0.9141 -0.2867
vn 0.2867 -0.9141 -0.2867
vn -0.7071 -0.0000 -0.7071
vn -0.7071 -0.0000 -0.7071
vn -0.0737 0.9945 0.0737
vn -0.0737 0.9945 0.0737
vn 0.7071 0.0000 0.7071
vn 0.7071 0.0000 0.7071
vn 0.0737 -0.9945 -0.0737
vn 0.0737 -0.9945 -0.0737
vn -0.7071 -0.0000 -0.7071
vn -0.7071 0.0000 -0.7071
vn 0.1290 0.9832 -0.1290
vn 0.1290 0.9832 -0.1290
vn 0.7071 -0.0000 0.7071
vn 0.7071 0.0000 0.7071
vn -0.1290 -0.9832 0.1290
vn -0.1290 -0.9832 0.1290
vn -0.7071 0.0000 -0.7071
vn -0.7071 0.0000 -0.7071
vn 0.2779 0.9195 -0.2779
vn 0.2779 0.9195 -0.2779
vn 0.7071 0.0000 0.7071
vn 0.7071 0.0000 0.7071
vn -0.2779 -0.9195 0.2779
vn -0.2779 -0.9195 0.2779
vn -0.7071 0.0000 -0.7071
vn -0.7071 0.0000 -0.7071
vn 0.3730 0.8495 -0.3730
vn 0.3730 0.8495 -0.3730
vn 0.7071 -0.0000 0.7071
vn 0.7071 -0.0000 0.7071
vn -0.3730 -0.8495 0.3730
vn -0.3730 -0.8495 0.3730
vn -0.7071 0.0000 -0.7071
vn -0.7071 0.0000 -0.7071
vn 0.4300 0.7938 -0.4300
vn 0.4300 0.7938 -0.4300
vn 0.7071 0.0000 0.7071
vn 0.7071 0.0000 0.7071
vn -0.4300 -0.7938 0.4300
vn -0.4300 -0.7938 0.4300
vn -0.7071 0.0000 -0.7071
vn -0.7071 -0.0000 -0.7071
vn 0.4620 0.7571 -0.4620
vn 0.4620 0.7571 -0.4620
vn 0.7071 0.0000 0.7071
vn 0.7071 0.0000 0.7071
vn -0.4620 -0.7571 0.4620
vn -0.4620 -0.7571 0.4620
vn -0.7071 -0.0000 -0.7071
vn -0.7071 0.0000 -0.7071
vn 0.4763 0.7391 -0.4763
vn 0.4763 0.7391 -0.4763
vn 0.7071 -0.0000 0.7071
vn 0.7071 -0.0000 0.7071
vn -0.4763 -0.7391 0.4763
vn -0.4763 -0.7391 0.4763
vn -0.7071 0.0000 -0.7071
vn -0.7071 0.0000 -0.7071
vn -0.6464 -0.4055 0.6464
vn -0.6464 -0.4055 0.6464
vn 0.5226 -0.6736 -0.5226
vn 0.5226 -0.6736 -0.5226
vn 0.7530 0.6109 0.2447
vn 0.7530 0.6109 0.2447
vn -0.2975 -0.0151 0.9546
vn -0.3023 -0.0168 0.9531
vn -0.7310 -0.6397 -0.2375
vn -0.7310 -0.6397 -0.2375
vn 0.3194 -0.0137 -0.9475
vn 0.3164 -0.0186 -0.9484
vn 0.9451 0.1116 0.3071
vn 0.9451 0.1116 0.3071
vn -0.3048 -0.0105 0.9524
vn -0.3082 -0.0106 0.9513
vn -0.9426 -0.1330 -0.3063
vn -0.9426 -0.1330 -0.3063
vn 0.3131 -0.0102 -0.9497
vn 0.3098 -0.0109 -0.9507
vn 0.9506 0.0325 0.3089
vn 0.9506 0.0325 0.3089
vn -0.3088 -0.0032 0.9511
vn -0.3089 -0.0031 0.9511
vn -0.9503 -0.0388 -0.3088
vn -0.9503 -0.0388 -0.3088
vn 0.3093 -0.0031 -0.9510
vn 0.3091 -0.0032 -0.9510
vn -0.5941 0.7809 -0.1930
vn -0.5941 0.7809 -0.1930
vn 0.0339 -0.9994 0.0110
vn 0.0339 -0.9994 0.0110
vn 0.4654 0.6109 0.6405
vn 0.4654 0.6109 0.6405
vn -0.8018 -0.0151 0.5974
vn -0.8047 -0.0168 0.5934
vn -0.4518 -0.6397 -0.6219
vn -0.4518 -0.6397 -0.6219
vn 0.8153 -0.0137 -0.5788
vn 0.8135 -0.0186 -0.5813
vn 0.5841 0.1116 0.8040
vn 0.5841 0.1116 0.8040
vn -0.8064 -0.0105 0.5913
vn -0.8085 -0.0106 0.5884
vn -0.5826 -0.1330 -0.8018
vn -0.5826 -0.1330 -0.8018
vn 0.8115 -0.0102 -0.5843
vn 0.8095 -0.0109 -0.5870
vn 0.5875 0.0325 0.8086
vn 0.5875 0.0325 0.8086
vn -0.8089 -0.0032 0.5880
vn -0.8089 -0.0031 0.5879
vn -0.5873 -0.0388 -0.8084
vn -0.5873 -0.0388 -0.8084
vn 0.8092 -0.0031 -0.5876
vn 0.8091 -0.0032 -0.5877
vn -0.3672 0.7809 -0.5054
vn -0.3672 0.7809 -0.5054
vn 0.0210 -0.9994 0.0289
vn 0.0210 -0.9994 0.0289
vn 0.0000 0.6109 0.7917
vn 0.0000 0.6109 0.7917
vn -0.9998 -0.0151 0.0121
vn -0.9998 -0.0168 0.0071
vn 0.0000 -0.6397 -0.7687
vn 0.0000 -0.6397 -0.7687
vn 0.9998 -0.0137 0.0110
vn 0.9998 -0.0186 0.0078
vn 0.0000 0.1116 0.9938
vn 0.0000 0.1116 0.9938
vn -0.9999 -0.0105 0.0044
vn -0.9999 -0.0106 0.0008
vn 0.0000 -0.1330 -0.9911
vn 0.0000 -0.1330 -0.9911
vn 0.9999 -0.0102 0.0043
vn 0.9999 -0.0109 0.0009
vn 0.0000 0.0325 0.9995
vn 0.0000 0.0325 0.9995
vn -1.0000 -0.0032 0.0002
vn -1.0000 -0.0031 0.0001
vn 0.0000 -0.0388 -0.9992
vn 0.0000 -0.0388 -0.9992
vn 1.0000 -0.0031 0.0002
vn 1.0000 -0.0032 0.0001
vn 0.0000 0.7809 -0.6247
vn 0.0000 0.7809 -0.6247
vn 0.0000 -0.9994 0.0357
vn 0.0000 -0.9994 0.0357
vn -0.4654 0.6109 0.6405
vn -0.4654 0.6109 0.6405
vn -0.8160 -0.0151 -0.5779
vn -0.8130 -0.0168 -0.5820
vn 0.4518 -0.6397 -0.6219
vn 0.4518 -0.6397 -0.6219
vn 0.8024 -0.0137 0.5966
vn 0.8042 -0.0186 0.5940
vn -0.5841 0.1116 0.8040
vn -0.5841 0.1116 0.8040
vn -0.8116 -0.0105 -0.5842
vn -0.8095 -0.0106 -0.5871
vn 0.5826 -0.1330 -0.8018
vn 0.5826 -0.1330 -0.8018
vn 0.8064 -0.0102 0.5912
vn 0.8085 -0.0109 0.5885
vn -0.5875 0.0325 0.8086
vn -0.5875 0.0325 0.8086
vn -0.8092 -0.0032 -0.5876
vn -0.8091 -0.0031 -0.5877
vn 0.5873 -0.0388 -0.8084
vn 0.5873 -0.0388 -0.8084
vn 0.8089 -0.0031 0.5880
vn 0.8089 -0.0032 0.5879
vn 0.3672 0.7809 -0.5054
vn 0.3672 0.7809 -0.5054
vn -0.0210 -0.9994 0.0289
vn -0.0210 -0.9994 0.0289
vn -0.7530 0.6109 0.2447
vn -0.7530 0.6109 0.2447
vn -0.3204 -0.0151 -0.9472
vn -0.3157 -0.0168 -0.9487
vn 0.7310 -0.6397 -0.2375
vn 0.7310 -0.6397 -0.2375
vn 0.2985 -0.0137 0.9543
vn 0.3015 -0.0186 0.9533
vn -0.9451 0.1116 0.3071
vn -0.9451 0.1116 0.3071
vn -0.3132 -0.0105 -0.9496
vn -0.3098 -0.0106 -0.9507
vn 0.9426 -0.1330 -0.3063
vn 0.9426 -0.1330 -0.3063
vn 0.3049 -0.0102 0.9523
vn 0.3082 -0.0109 0.9513
vn -0.9506 0.0325 0.3089
vn -0.9506 0.0325 0.3089
vn -0.3093 -0.0032 -0.9510
vn -0.3091 -0.0031 -0.9510
vn 0.9503 -0.0388 -0.3088
vn 0.9503 -0.0388 -0.3088
vn 0.3088 -0.0031 0.9511
vn 0.3089 -0.0032 0.9511
vn 0.5941 0.7809 -0.1930
vn 0.5941 0.7809 -0.1930
vn -0.0339 -0.9994 0.0110
vn -0.0339 -0.9994 0.0110
vn -0.7530 0.6109 -0.2447
vn -0.7530 0.6109 -0.2447
vn 0.2975 -0.0151 -0.9546
vn 0.3023 -0.0168 -0.9531
vn 0.7310 -0.6397 0.2375
vn 0.7310 -0.6397 0.2375
vn -0.3194 -0.0137 0.9475
vn -0.3164 -0.0186 0.9484
vn -0.9451 0.1116 -0.3071
vn -0.9451 0.1116 -0.3071
vn 0.3048 -0.0105 -0.9524
vn 0.3082 -0.0106 -0.9513
vn 0.9426 -0.1330 0.3063
vn 0.9426 -0.1330 0.3063
vn -0.3131 -0.0102 0.9497
vn -0.3098 -0.0109 0.9507
vn -0.9506 0.0325 -0.3089
vn -0.9506 0.0325 -0.3089
vn 0.3088 -0.0032 -0.9511
vn 0.3089 -0.0031 -0.9511
vn 0.9503 -0.0388 0.3088
vn 0.9503 -0.0388 0.3088
vn -0.3093 -0.0031 0.9510
vn -0.3091 -0.0032 0.9510
vn 0.5941 0.7809 0.1930
vn 0.5941 0.7809 0.1930
vn -0.0339 -0.9994 -0.0110
vn -0.0339 -0.9994 -0.0110
vn -0.4654 0.6109 -0.6405
vn -0.4654 0.6109 -0.6405
vn 0.8018 -0.0151 -0.5974
vn 0.8047 -0.0168 -0.5934
vn 0.4518 -0.6397 0.6219
vn 0.4518 -0.6397 0.6219
vn -0.8153 -0.0137 0.5788
vn -0.8135 -0.0186 0.5813
vn -0.5841 0.1116 -0.8040
vn -0.5841 0.1116 -0.8040
vn 0.8064 -0.0105 -0.5913
vn 0.8085 -0.0106 -0.5884
vn 0.5826 -0.1330 0.8018
vn 0.5826 -0.1330 0.8018
vn -0.8115 -0.0102 0.5843
vn -0.8095 -0.0109 0.5870
vn -0.5875 0.0325 -0.8086
vn -0.5875 0.0325 -0.8086
vn 0.8089 -0.0032 -0.5880
vn 0.8089 -0.0031 -0.5879
vn 0.5873 -0.0388 0.8084
vn 0.5873 -0.0388 0.8084
vn -0.8092 -0.0031 0.5876
vn -0.8091 -0.0032 0.5877
vn 0.3672 0.7809 0.5054
vn 0.3672 0.7809 0.5054
vn -0.0210 -0.9994 -0.0289
vn -0.0210 -0.9994 -0.0289
vn 0.0000 0.6109 -0.7917
vn 0.0000 0.6109 -0.7917
vn 0.9998 -0.0151 -0.0121
vn 0.9998 -0.0168 -0.0071
vn 0.0000 -0.6397 0.7687
vn 0.0000 -0.6397 0.7687
vn -0.9998 -0.0137 -0.0110
vn -0.9998 -0.0186 -0.0078
vn 0.0000 0.1116 -0.9938
vn 0.0000 0.1116 -0.9938
vn 0.9999 -0.0105 -0.0044
vn 0.9999 -0.0106 -0.0008
vn 0.0000 -0.1330 0.9911
vn 0.0000 -0.1330 0.9911
vn -0.9999 -0.0102 -0.0043
vn -0.9999 -0.0109 -0.0009
vn 0.0000 0.0325 -0.9995
vn 0.0000 0.0325 -0.9995
vn 1.0000 -0.0032 -0.0002
vn 1.0000 -0.0031 -0.0001
vn 0.0000 -0.0388 0.9992
vn 0.0000 -0.0388 0.9992
vn -1.0000 -0.0031 -0.0002
vn -1.0000 -0.0032 -0.0001
vn -0.0000 0.7809 0.6247
vn 0.0000 0.7809 0.6247
vn 0.0000 -0.9994 -0.0357
vn 0.0000 -0.9994 -0.0357
vn 0.4654 0.6109 -0.6405
vn 0.4654 0.6109 -0.6405
vn 0.8160 -0.0151 0.5779
vn 0.8130 -0.0168 0.5820
vn -0.4518 -0.6397 0.6219
vn -0.4518 -0.6397 0.6219
vn -0.8024 -0.0137 -0.5966
vn -0.8042 -0.0186 -0.5940
vn 0.5841 0.1116 -0.8040
vn 0.5841 0.1116 -0.8040
vn 0.8116 -0.0105 0.5842
vn 0.8095 -0.0106 0.5871
vn -0.5826 -0.1330 0.8018
vn -0.5826 -0.1330 0.8018
vn -0.8064 -0.0102 -0.5912
vn -0.8085 -0.0109 -0.5885
vn 0.5875 0.0325 -0.8086
vn 0.5875 0.0325 -0.8086
vn 0.8092 -0.0032 0.5876
vn 0.8091 -0.0031 0.5877
vn -0.5873 -0.0388 0.8084
vn -0.5873 -0.0388 0.8084
vn -0.8089 -0.0031 -0.5880
vn -0.8089 -0.0032 -0.5879
vn -0.3672 0.7809 0.5054
vn -0.3672 0.7809 0.5054
vn 0.0210 -0.9994 -0.0289
vn 0.0210 -0.9994 -0.0289
vn 0.7530 0.6109 -0.2447
vn 0.7530 0.6109 -0.2447
vn 0.3204 -0.0151 0.9472
vn 0.3157 -0.0168 0.9487
vn -0.7310 -0.6397 0.2375
vn -0.7310 -0.6397 0.2375
vn -0.2985 -0.0137 -0.9543
vn -0.3015 -0.0186 -0.9533
vn 0.9451 0.1116 -0.3071
vn 0.9451 0.1116 -0.3071
vn 0.3132 -0.0105 0.9496
vn 0.3098 -0.0106 0.9507
vn -0.9426 -0.1330 0.3063
vn -0.9426 -0.1330 0.3063
vn -0.3049 -0.0102 -0.9523
vn -0.3082 -0.0109 -0.9513
vn 0.9506 0.0325 -0.3089
vn 0.9506 0.0325 -0.3089
vn 0.3093 -0.0032 0.9510
vn 0.3091 -0.0031 0.9510
vn -0.9503 -0.0388 0.3088
vn -0.9503 -0.0388 0.3088
vn -0.3088 -0.0031 -0.9511
vn -0.3089 -0.0032 -0.9511
vn -0.5941 0.7809 0.1930
vn -0.5941 0.7809 0.1930
vn 0.0339 -0.9994 -0.0110
vn 0.0339 -0.9994 -0.0110
vn 0.5427 0.8272 0.1454
vn 0.5427 0.8272 0.1454
vn -0.2588 -0.0000 0.9659
vn -0.2588 0.0000 0.9659
vn -0.5427 -0.8272 -0.1454
vn -0.5427 -0.8272 -0.1454
vn 0.2588 0.0000 -0.9659
vn 0.2588 -0.0000 -0.9659
vn 0.8174 0.5328 0.2190
vn 0.8174 0.5328 0.2190
vn -0.2588 0.0000 0.9659
vn -0.2588 0.0000 0.9659
vn -0.8174 -0.5328 -0.2190
vn -0.8174 -0.5328 -0.2190
vn 0.2588 -0.0000 -0.9659
vn 0.2588 -0.0000 -0.9659
vn 0.8920 0.3837 0.2390
vn 0.8920 0.3837 0.2390
vn -0.2588 0.0000 0.9659
vn -0.2588 0.0000 0.9659
vn -0.8920 -0.3837 -0.2390
vn -0.8920 -0.3837 -0.2390
vn 0.2588 -0.0000 -0.9659
vn 0.2588 -0.0000 -0.9659
vn 0.9202 0.3040 0.2466
vn 0.9202 0.3040 0.2466
vn -0.2588 0.0000 0.9659
vn -0.2588 0.0000 0.9659
vn -0.9202 -0.3040 -0.2466
vn -0.9202 -0.3040 -0.2466
vn 0.2588 -0.0000 -0.9659
vn 0.2588 0.0000 -0.9659
vn 0.9336 0.2564 0.2502
vn 0.9336 0.2564 0.2502
vn -0.2588 -0.0000 0.9659
vn -0.2588 -0.0000 0.9659
vn -0.9336 -0.2564 -0.2502
vn -0.9336 -0.2564 -0.2502
vn 0.2588 0.0000 -0.9659
vn 0.2588 0.0000 -0.9659
vn 0.9410 0.2257 0.2521
vn 0.9410 0.2257 0.2521
vn -0.2588 -0.0000 0.9659
vn -0.2588 0.0000 0.9659
vn -0.9410 -0.2257 -0.2521
vn -0.9410 -0.2257 -0.2521
vn 0.2588 0.0000 -0.9659
vn 0.2588 -0.0000 -0.9659
vn 0.9454 0.2052 0.2533
vn 0.9454 0.2052 0.2533
vn -0.2588 0.0000 0.9659
vn -0.2588 0.0000 0.9659
vn -0.9454 -0.2052 -0.2533
vn -0.9454 -0.2052 -0.2533
vn 0.2588 -0.0000 -0.9659
vn 0.2588 -0.0000 -0.9659
vn 0.9481 0.1912 0.2540
vn 0.9481 0.1912 0.2540
vn -0.2588 0.0000 0.9659
vn -0.2588 0.0000 0.9659
vn -0.9481 -0.1912 -0.2540
vn -0.9481 -0.1912 -0.2540
vn 0.2588 -0.0000 -0.9659
vn 0.2588 -0.0000 -0.9659
vn 0.9498 0.1819 0.2545
vn 0.9498 0.1819 0.2545
vn -0.2588 0.0000 0.9659
vn -0.2588 -0.0000 0.9659
vn -0.9498 -0.1819 -0.2545
vn -0.9498 -0.1819 -0.2545
vn 0.2588 0.0000 -0.9659
vn 0.2588 0.0000 -0.9659
vn 0.9508 0.1761 0.2548
vn 0.9508 0.1761 0.2548
vn -0.2588 -0.0000 0.9659
vn -0.2588 -0.0000 0.9659
vn -0.9508 -0.1761 -0.2548
vn -0.9508 -0.1761 -0.2548
vn 0.2588 0.0000 -0.9659
vn 0.2588 -0.0000 -0.9659
vn 0.9513 0.1734 0.2549
vn 0.9513 0.1734 0.2549
vn -0.2588 0.0000 0.9659
vn -0.2588 -0.0000 0.9659
vn -0.9513 -0.1734 -0.2549
vn -0.9513 -0.1734 -0.2549
vn 0.2588 -0.0000 -0.9659
vn 0.2588 0.0000 -0.9659
vn -0.7991 0.5618 -0.2141
vn -0.7991 0.5618 -0.2141
vn 0.1675 -0.9848 0.0449
vn 0.1675 -0.9848 0.0449
vn 0.1267 0.8720 0.4728
vn 0.1267 0.8720 0.4728
vn -0.9659 -0.0000 0.2588
vn -0.9659 0.0000 0.2588
vn -0.1267 -0.8720 -0.4728
vn -0.1267 -0.8720 -0.4728
vn 0.9659 0.0000 -0.2588
vn 0.9659 -0.0000 -0.2588
vn 0.2140 0.5624 0.7987
vn 0.2140 0.5624 0.7987
vn -0.9659 0.0000 0.2588
vn -0.9659 -0.0000 0.2588
vn -0.2140 -0.5624 -0.7987
vn -0.2140 -0.5624 -0.7987
vn 0.9659 -0.0000 -0.2588
vn 0.9659 0.0000 -0.2588
vn 0.2372 0.4004 0.8851
vn 0.2372 0.4004 0.8851
vn -0.9659 0.0000 0.2588
vn -0.9659 0.0000 0.2588
vn -0.2372 -0.4004 -0.8851
vn -0.2372 -0.4004 -0.8851
vn 0.9659 -0.0000 -0.2588
vn 0.9659 -0.0000 -0.2588
vn 0.2457 0.3147 0.9168
vn 0.2457 0.3147 0.9168
vn -0.9659 0.0000 0.2588
vn -0.9659 0.0000 0.2588
vn -0.2457 -0.3147 -0.9168
vn -0.2457 -0.3147 -0.9168
vn 0.9659 0.0000 -0.2588
vn 0.9659 0.0000 -0.2588
vn 0.2496 0.2641 0.9316
vn 0.2496 0.2641 0.9316
vn -0.9659 0.0000 0.2588
vn -0.9659 0.0000 0.2588
vn -0.2496 -0.2641 -0.9316
vn -0.2496 -0.2641 -0.9316
vn 0.9659 -0.0000 -0.2588
vn 0.9659 -0.0000 -0.2588
vn 0.2518 0.2317 0.9396
vn 0.2518 0.2317 0.9396
vn -0.9659 0.0000 0.2588
vn -0.9659 0.0000 0.2588
vn -0.2518 -0.2317 -0.9396
vn -0.2518 -0.2317 -0.9396
vn 0.9659 -0.0000 -0.2588
vn 0.9659 -0.0000 -0.2588
vn 0.2530 0.2102 0.9444
vn 0.2530 0.2102 0.9444
vn -0.9659 -0.0000 0.2588
vn -0.9659 -0.0000 0.2588
vn -0.2530 -0.2102 -0.9444
vn -0.2530 -0.2102 -0.9444
vn 0.9659 0.0000 -0.2588
vn 0.9659 0.0000 -0.2588
vn 0.2538 0.1955 0.9473
vn 0.2538 0.1955 0.9473
vn -0.9659 -0.0000 0.2588
vn -0.9659 -0.0000 0.2588
vn -0.2538 -0.1955 -0.9473
vn -0.2538 -0.1955 -0.9473
vn 0.9659 0.0000 -0.2588
vn 0.9659 0.0000 -0.2588
vn 0.2543 0.1858 0.9491
vn 0.2543 0.1858 0.9491
vn -0.9659 0.0000 0.2588
vn -0.9659 0.0000 0.2588
vn -0.2543 -0.1858 -0.9491
vn -0.2543 -0.1858 -0.9491
vn 0.9659 -0.0000 -0.2588
vn 0.9659 -0.0000 -0.2588
vn 0.2546 0.1798 0.9502
vn 0.2546 0.1798 0.9502
vn -0.9659 0.0000 0.2588
vn -0.9659 0.0000 0.2588
vn -0.2546 -0.1798 -0.9502
vn -0.2546 -0.1798 -0.9502
vn 0.9659 -0.0000 -0.2588
vn 0.9659 -0.0000 -0.2588
vn 0.2547 0.1770 0.9507
vn 0.2547 0.1770 0.9507
vn -0.9659 -0.0000 0.2588
vn -0.9659 -0.0000 0.2588
vn -0.2547 -0.1770 -0.9507
vn -0.2547 -0.1770 -0.9507
vn 0.9659 -0.0000 -0.2588
vn 0.9659 0.0000 -0.2588
vn -0.2257 0.4895 -0.8423
vn -0.2257 0.4895 -0.8423
vn 0.0458 -0.9842 0.1709
vn 0.0458 -0.9842 0.1709
vn -0.2628 0.9284 0.2628
vn -0.2628 0.9284 0.2628
vn -0.7071 -0.0000 -0.7071
vn -0.7071 -0.0000 -0.7071
vn 0.2628 -0.9284 -0.2628
vn 0.2628 -0.9284 -0.2628
vn 0.7071 -0.0000 0.7071
vn 0.7071 -0.0000 0.7071
vn -0.5620 0.6069 0.5620
vn -0.5620 0.6069 0.5620
vn -0.7071 0.0000 -0.7071
vn -0.7071 0.0000 -0.7071
vn 0.5620 -0.6069 -0.5620
vn 0.5620 -0.6069 -0.5620
vn 0.7071 0.0000 0.7071
vn 0.7071 0.0000 0.7071
vn -0.6399 0.4254 0.6399
vn -0.6399 0.4254 0.6399
vn -0.7071 0.0000 -0.7071
vn -0.7071 0.0000 -0.7071
vn 0.6399 -0.4254 -0.6399
vn 0.6399 -0.4254 -0.6399
vn 0.7071 0.0000 0.7071
vn 0.7071 0.0000 0.7071
vn -0.6674 0.3306 0.6674
vn -0.6674 0.3306 0.6674
vn -0.7071 0.0000 -0.7071
vn -0.7071 0.0000 -0.7071
vn 0.6674 -0.3306 -0.6674
vn 0.6674 -0.3306 -0.6674
vn 0.7071 0.0000 0.7071
vn 0.7071 0.0000 0.7071
vn -0.6798 0.2754 0.6798
vn -0.6798 0.2754 0.6798
vn -0.7071 -0.0000 -0.7071
vn -0.7071 -0.0000 -0.7071
vn 0.6798 -0.2754 -0.6798
vn 0.6798 -0.2754 -0.6798
vn 0.7071 -0.0000 0.7071
vn 0.7071 -0.0000 0.7071
vn -0.6864 0.2405 0.6864
vn -0.6864 0.2405 0.6864
vn -0.7071 0.0000 -0.7071
vn -0.7071 0.0000 -0.7071
vn 0.6864 -0.2405 -0.6864
vn 0.6864 -0.2405 -0.6864
vn 0.7071 0.0000 0.7071
vn 0.7071 0.0000 0.7071
vn -0.6902 0.2173 0.6902
vn -0.6902 0.2173 0.6902
vn -0.7071 -0.0000 -0.7071
vn -0.7071 -0.0000 -0.7071
vn 0.6902 -0.2173 -0.6902
vn 0.6902 -0.2173 -0.6902
vn 0.7071 0.0000 0.7071
vn 0.7071 0.0000 0.7071
vn -0.6926 0.2017 0.6926
vn -0.6926 0.2017 0.6926
vn -0.7071 -0.0000 -0.7071
vn -0.7071 -0.0000 -0.7071
vn 0.6926 -0.2017 -0.6926
vn 0.6926 -0.2017 -0.6926
vn 0.7071 -0.0000 0.7071
vn 0.7071 -0.0000 0.7071
vn -0.6940 0.1914 0.6940
vn -0.6940 0.1914 0.6940
vn -0.7071 0.0000 -0.7071
vn -0.7071 0.0000 -0.7071
vn 0.6940 -0.1914 -0.6940
vn 0.6940 -0.1914 -0.6940
vn 0.7071 0.0000 0.7071
vn 0.7071 0.0000 0.7071
vn -0.6949 0.1851 0.6949
vn -0.6949 0.1851 0.6949
vn -0.7071 0.0000 -0.7071
vn -0.7071 0.0000 -0.7071
vn 0.6949 -0.1851 -0.6949
vn 0.6949 -0.1851 -0.6949
vn 0.7071 0.0000 0.7071
vn 0.7071 0.0000 0.7071
vn -0.6953 0.1821 0.6953
vn -0.6953 0.1821 0.6953
vn -0.7071 0.0000 -0.7071
vn -0.7071 0.0000 -0.7071
vn 0.6953 -0.1821 -0.6953
vn 0.6953 -0.1821 -0.6953
vn 0.7071 -0.0000 0.7071
vn 0.7071 -0.0000 0.7071
vn 0.6565 0.3717 -0.6565
vn 0.6565 0.3717 -0.6565
vn -0.1287 -0.9833 0.1287
vn -0.1287 -0.9833 0.1287
vn -0.3249 0.9417 -0.0871
vn -0.3249 0.9417 -0.0871
vn 0.2588 -0.0000 -0.9659
vn 0.2588 -0.0000 -0.9659
vn 0.3249 -0.9417 0.0871
vn 0.3249 -0.9417 0.0871
vn -0.2588 0.0000 0.9659
vn -0.2588 -0.0000 0.9659
vn -0.7581 0.6198 -0.2031
vn -0.7581 0.6198 -0.2031
vn 0.2588 -0.0000 -0.9659
vn 0.2588 0.0000 -0.9659
vn 0.7581 -0.6198 0.2031
vn 0.7581 -0.6198 0.2031
vn -0.2588 -0.0000 0.9659
vn -0.2588 -0.0000 0.9659
vn -0.8709 0.4325 -0.2334
vn -0.8709 0.4325 -0.2334
vn 0.2588 0.0000 -0.9659
vn 0.2588 0.0000 -0.9659
vn 0.8709 -0.4325 0.2334
vn 0.8709 -0.4325 0.2334
vn -0.2588 -0.0000 0.9659
vn -0.2588 -0.0000 0.9659
vn -0.9101 0.3351 -0.2439
vn -0.9101 0.3351 -0.2439
vn 0.2588 0.0000 -0.9659
vn 0.2588 0.0000 -0.9659
vn 0.9101 -0.3351 0.2439
vn 0.9101 -0.3351 0.2439
vn -0.2588 -0.0000 0.9659
vn -0.2588 -0.0000 0.9659
vn -0.9277 0.2785 -0.2486
vn -0.9277 0.2785 -0.2486
vn 0.2588 0.0000 -0.9659
vn 0.2588 -0.0000 -0.9659
vn 0.9277 -0.2785 0.2486
vn 0.9277 -0.2785 0.2486
vn -0.2588 -0.0000 0.9659
vn -0.2588 0.0000 0.9659
vn -0.9370 0.2429 -0.2511
vn -0.9370 0.2429 -0.2511
vn 0.2588 -0.0000 -0.9659
vn 0.2588 -0.0000 -0.9659
vn 0.9370 -0.2429 0.2511
vn 0.9370 -0.2429 0.2511
vn -0.2588 -0.0000 0.9659
vn -0.2588 0.0000 0.9659
vn -0.9424 0.2193 -0.2525
vn -0.9424 0.2193 -0.2525
vn 0.2588 -0.0000 -0.9659
vn 0.2588 -0.0000 -0.9659
vn 0.9424 -0.2193 0.2525
vn 0.9424 -0.2193 0.2525
vn -0.2588 -0.0000 0.9659
vn -0.2588 0.0000 0.9659
vn -0.9457 0.2035 -0.2534
vn -0.9457 0.2035 -0.2534
vn 0.2588 -0.0000 -0.9659
vn 0.2588 0.0000 -0.9659
vn 0.9457 -0.2035 0.2534
vn 0.9457 -0.2035 0.2534
vn -0.2588 0.0000 0.9659
vn -0.2588 -0.0000 0.9659
vn -0.9478 0.1930 -0.2540
vn -0.9478 0.1930 -0.2540
vn 0.2588 0.0000 -0.9659
vn 0.2588 0.0000 -0.9659
vn 0.9478 -0.1930 0.2540
vn 0.9478 -0.1930 0.2540
vn -0.2588 0.0000 0.9659
vn -0.2588 -0.0000 0.9659
vn -0.9490 0.1866 -0.2543
vn -0.9490 0.1866 -0.2543
vn 0.2588 -0.0000 -0.9659
vn 0.2588 -0.0000 -0.9659
vn 0.9490 -0.1866 0.2543
vn 0.9490 -0.1866 0.2543
vn -0.2588 -0.0000 0.9659
vn -0.2588 0.0000 0.9659
vn -0.9495 0.1835 -0.2544
vn -0.9495 0.1835 -0.2544
vn 0.2588 -0.0000 -0.9659
vn 0.2588 -0.0000 -0.9659
vn 0.9495 -0.1835 0.2544
vn 0.9495 -0.1835 0.2544
vn -0.2588 0.0000 0.9659
vn -0.2588 -0.0000 0.9659
vn 0.9096 0.3364 0.2437
vn 0.9096 0.3364 0.2437
vn -0.1772 -0.9830 -0.0475
vn -0.1772 -0.9830 -0.0475
vn -0.1111 0.9033 -0.4145
vn -0.1111 0.9033 -0.4145
vn 0.9659 0.0000 -0.2588
vn 0.9659 -0.0000 -0.2588
vn 0.1111 -0.9033 0.4145
vn 0.1111 -0.9033 0.4145
vn -0.9659 -0.0000 0.2588
vn -0.9659 0.0000 0.2588
vn -0.2098 0.5856 -0.7830
vn -0.2098 0.5856 -0.7830
vn 0.9659 -0.0000 -0.2588
vn 0.9659 -0.0000 -0.2588
vn 0.2098 -0.5856 0.7830
vn 0.2098 -0.5856 0.7830
vn -0.9659 0.0000 0.2588
vn -0.9659 -0.0000 0.2588
vn -0.2357 0.4134 -0.8795
vn -0.2357 0.4134 -0.8795
vn 0.9659 -0.0000 -0.2588
vn 0.9659 -0.0000 -0.2588
vn 0.2357 -0.4134 0.8795
vn 0.2357 -0.4134 0.8795
vn -0.9659 -0.0000 0.2588
vn -0.9659 -0.0000 0.2588
vn -0.2449 0.3230 -0.9141
vn -0.2449 0.3230 -0.9141
vn 0.9659 0.0000 -0.2588
vn 0.9659 0.0000 -0.2588
vn 0.2449 -0.3230 0.9141
vn 0.2449 -0.3230 0.9141
vn -0.9659 -0.0000 0.2588
vn -0.9659 -0.0000 0.2588
vn -0.2492 0.2700 -0.9300
vn -0.2492 0.2700 -0.9300
vn 0.9659 0.0000 -0.2588
vn 0.9659 0.0000 -0.2588
vn 0.2492 -0.2700 0.9300
vn 0.2492 -0.2700 0.9300
vn -0.9659 -0.0000 0.2588
vn -0.9659 0.0000 0.2588
vn -0.2515 0.2363 -0.9386
vn -0.2515 0.2363 -0.9386
vn 0.9659 0.0000 -0.2588
vn 0.9659 0.0000 -0.2588
vn 0.2515 -0.2363 0.9386
vn 0.2515 -0.2363 0.9386
vn -0.9659 -0.0000 0.2588
vn -0.9659 -0.0000 0.2588
vn -0.2528 0.2139 -0.9436
vn -0.2528 0.2139 -0.9436
vn 0.9659 -0.0000 -0.2588
vn 0.9659 -0.0000 -0.2588
vn 0.2528 -0.2139 0.9436
vn 0.2528 -0.2139 0.9436
vn -0.9659 0.0000 0.2588
vn -0.9659 0.0000 0.2588
vn -0.2537 0.1988 -0.9466
vn -0.2537 0.1988 -0.9466
vn 0.9659 -0.0000 -0.2588
vn 0.9659 -0.0000 -0.2588
vn 0.2537 -0.1988 0.9466
vn 0.2537 -0.1988 0.9466
vn -0.9659 0.0000 0.2588
vn -0.9659 0.0000 0.2588
vn -0.2542 0.1888 -0.9486
vn -0.2542 0.1888 -0.9486
vn 0.9659 -0.0000 -0.2588
vn 0.9659 0.0000 -0.2588
vn 0.2542 -0.1888 0.9486
vn 0.2542 -0.1888 0.9486
vn -0.9659 0.0000 0.2588
vn -0.9659 -0.0000 0.2588
vn -0.2545 0.1826 -0.9497
vn -0.2545 0.1826 -0.9497
vn 0.9659 0.0000 -0.2588
vn 0.9659 0.0000 -0.2588
vn 0.2545 -0.1826 0.9497
vn 0.2545 -0.1826 0.9497
vn -0.9659 -0.0000 0.2588
vn -0.9659 -0.0000 0.2588
vn -0.2546 0.1797 -0.9502
vn -0.2546 0.1797 -0.9502
vn 0.9659 -0.0000 -0.2588
vn 0.9659 -0.0000 -0.2588
vn 0.2546 -0.1797 0.9502
vn 0.2546 -0.1797 0.9502
vn -0.9659 0.0000 0.2588
vn -0.9659 0.0000 0.2588
vn 0.2338 0.4291 0.8725
vn 0.2338 0.4291 0.8725
vn -0.0465 -0.9837 -0.1736
vn -0.0465 -0.9837 -0.1736
vn 0.3795 0.8438 -0.3795
vn 0.3795 0.8438 -0.3795
vn 0.7071 -0.0000 0.7071
vn 0.7071 0.0000 0.7071
vn -0.3795 -0.8438 0.3795
vn -0.3795 -0.8438 0.3795
vn -0.7071 -0.0000 -0.7071
vn -0.7071 0.0000 -0.7071
vn 0.5936 0.5433 -0.5936
vn 0.5936 0.5433 -0.5936
vn 0.7071 -0.0000 0.7071
vn 0.7071 -0.0000 0.7071
vn -0.5936 -0.5433 0.5936
vn -0.5936 -0.5433 0.5936
vn -0.7071 0.0000 -0.7071
vn -0.7071 0.0000 -0.7071
vn 0.6512 0.3897 -0.6512
vn 0.6512 0.3897 -0.6512
vn 0.7071 0.0000 0.7071
vn 0.7071 0.0000 0.7071
vn -0.6512 -0.3897 0.6512
vn -0.6512 -0.3897 0.6512
vn -0.7071 0.0000 -0.7071
vn -0.7071 0.0000 -0.7071
vn 0.6728 0.3079 -0.6728
vn 0.6728 0.3079 -0.6728
vn 0.7071 0.0000 0.7071
vn 0.7071 0.0000 0.7071
vn -0.6728 -0.3079 0.6728
vn -0.6728 -0.3079 0.6728
vn -0.7071 0.0000 -0.7071
vn -0.7071 -0.0000 -0.7071
vn 0.6829 0.2592 -0.6829
vn 0.6829 0.2592 -0.6829
vn 0.7071 0.0000 0.7071
vn 0.7071 0.0000 0.7071
vn -0.6829 -0.2592 0.6829
vn -0.6829 -0.2592 0.6829
vn -0.7071 -0.0000 -0.7071
vn -0.7071 0.0000 -0.7071
vn 0.6885 0.2279 -0.6885
vn 0.6885 0.2279 -0.6885
vn 0.7071 0.0000 0.7071
vn 0.7071 0.0000 0.7071
vn -0.6885 -0.2279 0.6885
vn -0.6885 -0.2279 0.6885
vn -0.7071 0.0000 -0.7071
vn -0.7071 0.0000 -0.7071
vn 0.6918 0.2070 -0.6918
vn 0.6918 0.2070 -0.6918
vn 0.7071 0.0000 0.7071
vn 0.7071 0.0000 0.7071
vn -0.6918 -0.2070 0.6918
vn -0.6918 -0.2070 0.6918
vn -0.7071 0.0000 -0.7071
vn -0.7071 -0.0000 -0.7071
vn 0.6938 0.1928 -0.6938
vn 0.6938 0.1928 -0.6938
vn 0.7071 0.0000 0.7071
vn 0.7071 0.0000 0.7071
vn -0.6938 -0.1928 0.6938
vn -0.6938 -0.1928 0.6938
vn -0.7071 -0.0000 -0.7071
vn -0.7071 0.0000 -0.7071
vn 0.6951 0.1833 -0.6951
vn 0.6951 0.1833 -0.6951
vn 0.7071 -0.0000 0.7071
vn 0.7071 -0.0000 0.7071
vn -0.6951 -0.1833 0.6951
vn -0.6951 -0.1833 0.6951
vn -0.7071 0.0000 -0.7071
vn -0.7071 0.0000 -0.7071
vn 0.6959 0.1775 -0.6959
vn 0.6959 0.1775 -0.6959
vn 0.7071 -0.0000 0.7071
vn 0.7071 -0.0000 0.7071
vn -0.6959 -0.1775 0.6959
vn -0.6959 -0.1775 0.6959
vn -0.7071 -0.0000 -0.7071
vn -0.7071 -0.0000 -0.7071
vn 0.6962 0.1747 -0.6962
vn 0.6962 0.1747 -0.6962
vn 0.7071 0.0000 0.7071
vn 0.7071 0.0000 0.7071
vn -0.6962 -0.1747 0.6962
vn -0.6962 -0.1747 0.6962
vn -0.7071 0.0000 -0.7071
vn -0.7071 0.0000 -0.7071
vn -0.5966 0.5367 0.5966
vn -0.5966 0.5367 0.5966
vn 0.1235 -0.9846 -0.1235
vn 0.1235 -0.9846 -0.1235
usemtl Mat_AlienWater
f 1550//2605 1551//2605 1555//2605
f 1550//2606 1555//2606 1554//2606
f 1551//2607 1552//2607 1556//2607
f 1551//2608 1556//2608 1555//2608
f 1552//2609 1553//2609 1557//2609
f 1552//2610 1557//2610 1556//2610
f 1553//2611 1550//2611 1554//2611
f 1553//2612 1554//2612 1557//2612
f 1554//2613 1555//2613 1559//2613
f 1554//2614 1559//2614 1558//2614
f 1555//2615 1556//2615 1560//2615
f 1555//2616 1560//2616 1559//2616
f 1556//2617 1557//2617 1561//2617
f 1556//2618 1561//2618 1560//2618
f 1557//2619 1554//2619 1558//2619
f 1557//2620 1558//2620 1561//2620
f 1558//2621 1559//2621 1563//2621
f 1558//2622 1563//2622 1562//2622
f 1559//2623 1560//2623 1564//2623
f 1559//2624 1564//2624 1563//2624
f 1560//2625 1561//2625 1565//2625
f 1560//2626 1565//2626 1564//2626
f 1561//2627 1558//2627 1562//2627
f 1561//2628 1562//2628 1565//2628
f 1562//2629 1563//2629 1567//2629
f 1562//2630 1567//2630 1566//2630
f 1563//2631 1564//2631 1568//2631
f 1563//2632 1568//2632 1567//2632
f 1564//2633 1565//2633 1569//2633
f 1564//2634 1569//2634 1568//2634
f 1565//2635 1562//2635 1566//2635
f 1565//2636 1566//2636 1569//2636
f 1566//2637 1567//2637 1571//2637
f 1566//2638 1571//2638 1570//2638
f 1567//2639 1568//2639 1572//2639
f 1567//2640 1572//2640 1571//2640
f 1568//2641 1569//2641 1573//2641
f 1568//2642 1573//2642 1572//2642
f 1569//2643 1566//2643 1570//2643
f 1569//2644 1570//2644 1573//2644
f 1570//2645 1571//2645 1575//2645
f 1570//2646 1575//2646 1574//2646
f 1571//2647 1572//2647 1576//2647
f 1571//2648 1576//2648 1575//2648
f 1572//2649 1573//2649 1577//2649
f 1572//2650 1577//2650 1576//2650
f 1573//2651 1570//2651 1574//2651
f 1573//2652 1574//2652 1577//2652
f 1574//2653 1575//2653 1579//2653
f 1574//2654 1579//2654 1578//2654
f 1575//2655 1576//2655 1580//2655
f 1575//2656 1580//2656 1579//2656
f 1576//2657 1577//2657 1581//2657
f 1576//2658 1581//2658 1580//2658
f 1577//2659 1574//2659 1578//2659
f 1577//2660 1578//2660 1581//2660
f 1578//2661 1579//2661 1583//2661
f 1578//2662 1583//2662 1582//2662
f 1579//2663 1580//2663 1584//2663
f 1579//2664 1584//2664 1583//2664
f 1580//2665 1581//2665 1585//2665
f 1580//2666 1585//2666 1584//2666
f 1581//2667 1578//2667 1582//2667
f 1581//2668 1582//2668 1585//2668
f 1553//2669 1552//2669 1551//2669
f 1553//2670 1551//2670 1550//2670
f 1582//2671 1583//2671 1584//2671
f 1582//2672 1584//2672 1585//2672
f 1586//2673 1587//2673 1591//2673
f 1586//2674 1591//2674 1590//2674
f 1587//2675 1588//2675 1592//2675
f 1587//2676 1592//2676 1591//2676
f 1588//2677 1589//2677 1593//2677
f 1588//2678 1593//2678 1592//2678
f 1589//2679 1586//2679 1590//2679
f 1589//2680 1590//2680 1593//2680
f 1590//2681 1591//2681 1595//2681
f 1590//2682 1595//2682 1594//2682
f 1591//2683 1592//2683 1596//2683
f 1591//2684 1596//2684 1595//2684
f 1592//2685 1593//2685 1597//2685
f 1592//2686 1597//2686 1596//2686
f 1593//2687 1590//2687 1594//2687
f 1593//2688 1594//2688 1597//2688
f 1594//2689 1595//2689 1599//2689
f 1594//2690 1599//2690 1598//2690
f 1595//2691 1596//2691 1600//2691
f 1595//2692 1600//2692 1599//2692
f 1596//2693 1597//2693 1601//2693
f 1596//2694 1601//2694 1600//2694
f 1597//2695 1594//2695 1598//2695
f 1597//2696 1598//2696 1601//2696
f 1598//2697 1599//2697 1603//2697
f 1598//2698 1603//2698 1602//2698
f 1599//2699 1600//2699 1604//2699
f 1599//2700 1604//2700 1603//2700
f 1600//2701 1601//2701 1605//2701
f 1600//2702 1605//2702 1604//2702
f 1601//2703 1598//2703 1602//2703
f 1601//2704 1602//2704 1605//2704
f 1602//2705 1603//2705 1607//2705
f 1602//2706 1607//2706 1606//2706
f 1603//2707 1604//2707 1608//2707
f 1603//2708 1608//2708 1607//2708
f 1604//2709 1605//2709 1609//2709
f 1604//2710 1609//2710 1608//2710
f 1605//2711 1602//2711 1606//2711
f 1605//2712 1606//2712 1609//2712
f 1606//2713 1607//2713 1611//2713
f 1606//2714 1611//2714 1610//2714
f 1607//2715 1608//2715 1612//2715
f 1607//2716 1612//2716 1611//2716
f 1608//2717 1609//2717 1613//2717
f 1608//2718 1613//2718 1612//2718
f 1609//2719 1606//2719 1610//2719
f 1609//2720 1610//2720 1613//2720
f 1610//2721 1611//2721 1615//2721
f 1610//2722 1615//2722 1614//2722
f 1611//2723 1612//2723 1616//2723
f 1611//2724 1616//2724 1615//2724
f 1612//2725 1613//2725 1617//2725
f 1612//2726 1617//2726 1616//2726
f 1613//2727 1610//2727 1614//2727
f 1613//2728 1614//2728 1617//2728
f 1614//2729 1615//2729 1619//2729
f 1614//2730 1619//2730 1618//2730
f 1615//2731 1616//2731 1620//2731
f 1615//2732 1620//2732 1619//2732
f 1616//2733 1617//2733 1621//2733
f 1616//2734 1621//2734 1620//2734
f 1617//2735 1614//2735 1618//2735
f 1617//2736 1618//2736 1621//2736
f 1589//2737 1588//2737 1587//2737
f 1589//2738 1587//2738 1586//2738
f 1618//2739 1619//2739 1620//2739
f 1618//2740 1620//2740 1621//2740
f 1622//2741 1623//2741 1627//2741
f 1622//2742 1627//2742 1626//2742
f 1623//2743 1624//2743 1628//2743
f 1623//2744 1628//2744 1627//2744
f 1624//2745 1625//2745 1629//2745
f 1624//2746 1629//2746 1628//2746
f 1625//2747 1622//2747 1626//2747
f 1625//2748 1626//2748 1629//2748
f 1626//2749 1627//2749 1631//2749
f 1626//2750 1631//2750 1630//2750
f 1627//2751 1628//2751 1632//2751
f 1627//2752 1632//2752 1631//2752
f 1628//2753 1629//2753 1633//2753
f 1628//2754 1633//2754 1632//2754
f 1629//2755 1626//2755 1630//2755
f 1629//2756 1630//2756 1633//2756
f 1630//2757 1631//2757 1635//2757
f 1630//2758 1635//2758 1634//2758
f 1631//2759 1632//2759 1636//2759
f 1631//2760 1636//2760 1635//2760
f 1632//2761 1633//2761 1637//2761
f 1632//2762 1637//2762 1636//2762
f 1633//2763 1630//2763 1634//2763
f 1633//2764 1634//2764 1637//2764
f 1634//2765 1635//2765 1639//2765
f 1634//2766 1639//2766 1638//2766
f 1635//2767 1636//2767 1640//2767
f 1635//2768 1640//2768 1639//2768
f 1636//2769 1637//2769 1641//2769
f 1636//2770 1641//2770 1640//2770
f 1637//2771 1634//2771 1638//2771
f 1637//2772 1638//2772 1641//2772
f 1638//2773 1639//2773 1643//2773
f 1638//2774 1643//2774 1642//2774
f 1639//2775 1640//2775 1644//2775
f 1639//2776 1644//2776 1643//2776
f 1640//2777 1641//2777 1645//2777
f 1640//2778 1645//2778 1644//2778
f 1641//2779 1638//2779 1642//2779
f 1641//2780 1642//2780 1645//2780
f 1642//2781 1643//2781 1647//2781
f 1642//2782 1647//2782 1646//2782
f 1643//2783 1644//2783 1648//2783
f 1643//2784 1648//2784 1647//2784
f 1644//2785 1645//2785 1649//2785
f 1644//2786 1649//2786 1648//2786
f 1645//2787 1642//2787 1646//2787
f 1645//2788 1646//2788 1649//2788
f 1646//2789 1647//2789 1651//2789
f 1646//2790 1651//2790 1650//2790
f 1647//2791 1648//2791 1652//2791
f 1647//2792 1652//2792 1651//2792
f 1648//2793 1649//2793 1653//2793
f 1648//2794 1653//2794 1652//2794
f 1649//2795 1646//2795 1650//2795
f 1649//2796 1650//2796 1653//2796
f 1650//2797 1651//2797 1655//2797
f 1650//2798 1655//2798 1654//2798
f 1651//2799 1652//2799 1656//2799
f 1651//2800 1656//2800 1655//2800
f 1652//2801 1653//2801 1657//2801
f 1652//2802 1657//2802 1656//2802
f 1653//2803 1650//2803 1654//2803
f 1653//2804 1654//2804 1657//2804
f 1625//2805 1624//2805 1623//2805
f 1625//2806 1623//2806 1622//2806
f 1654//2807 1655//2807 1656//2807
f 1654//2808 1656//2808 1657//2808
f 1658//2809 1659//2809 1663//2809
f 1658//2810 1663//2810 1662//2810
f 1659//2811 1660//2811 1664//2811
f 1659//2812 1664//2812 1663//2812
f 1660//2813 1661//2813 1665//2813
f 1660//2814 1665//2814 1664//2814
f 1661//2815 1658//2815 1662//2815
f 1661//2816 1662//2816 1665//2816
f 1662//2817 1663//2817 1667//2817
f 1662//2818 1667//2818 1666//2818
f 1663//2819 1664//2819 1668//2819
f 1663//2820 1668//2820 1667//2820
f 1664//2821 1665//2821 1669//2821
f 1664//2822 1669//2822 1668//2822
f 1665//2823 1662//2823 1666//2823
f 1665//2824 1666//2824 1669//2824
f 1666//2825 1667//2825 1671//2825
f 1666//2826 1671//2826 1670//2826
f 1667//2827 1668//2827 1672//2827
f 1667//2828 1672//2828 1671//2828
f 1668//2829 1669//2829 1673//2829
f 1668//2830 1673//2830 1672//2830
f 1669//2831 1666//2831 1670//2831
f 1669//2832 1670//2832 1673//2832
f 1670//2833 1671//2833 1675//2833
f 1670//2834 1675//2834 1674//2834
f 1671//2835 1672//2835 1676//2835
f 1671//2836 1676//2836 1675//2836
f 1672//2837 1673//2837 1677//2837
f 1672//2838 1677//2838 1676//2838
f 1673//2839 1670//2839 1674//2839
f 1673//2840 1674//2840 1677//2840
f 1674//2841 1675//2841 1679//2841
f 1674//2842 1679//2842 1678//2842
f 1675//2843 1676//2843 1680//2843
f 1675//2844 1680//2844 1679//2844
f 1676//2845 1677//2845 1681//2845
f 1676//2846 1681//2846 1680//2846
f 1677//2847 1674//2847 1678//2847
f 1677//2848 1678//2848 1681//2848
f 1678//2849 1679//2849 1683//2849
f 1678//2850 1683//2850 1682//2850
f 1679//2851 1680//2851 1684//2851
f 1679//2852 1684//2852 1683//2852
f 1680//2853 1681//2853 1685//2853
f 1680//2854 1685//2854 1684//2854
f 1681//2855 1678//2855 1682//2855
f 1681//2856 1682//2856 1685//2856
f 1682//2857 1683//2857 1687//2857
f 1682//2858 1687//2858 1686//2858
f 1683//2859 1684//2859 1688//2859
f 1683//2860 1688//2860 1687//2860
f 1684//2861 1685//2861 1689//2861
f 1684//2862 1689//2862 1688//2862
f 1685//2863 1682//2863 1686//2863
f 1685//2864 1686//2864 1689//2864
f 1686//2865 1687//2865 1691//2865
f 1686//2866 1691//2866 1690//2866
f 1687//2867 1688//2867 1692//2867
f 1687//2868 1692//2868 1691//2868
f 1688//2869 1689//2869 1693//2869
f 1688//2870 1693//2870 1692//2870
f 1689//2871 1686//2871 1690//2871
f 1689//2872 1690//2872 1693//2872
f 1661//2873 1660//2873 1659//2873
f 1661//2874 1659//2874 1658//2874
f 1690//2875 1691//2875 1692//2875
f 1690//2876 1692//2876 1693//2876
f 1694//2877 1695//2877 1699//2877
f 1694//2878 1699//2878 1698//2878
f 1695//2879 1696//2879 1700//2879
f 1695//2880 1700//2880 1699//2880
f 1696//2881 1697//2881 1701//2881
f 1696//2882 1701//2882 1700//2882
f 1697//2883 1694//2883 1698//2883
f 1697//2884 1698//2884 1701//2884
f 1698//2885 1699//2885 1703//2885
f 1698//2886 1703//2886 1702//2886
f 1699//2887 1700//2887 1704//2887
f 1699//2888 1704//2888 1703//2888
f 1700//2889 1701//2889 1705//2889
f 1700//2890 1705//2890 1704//2890
f 1701//2891 1698//2891 1702//2891
f 1701//2892 1702//2892 1705//2892
f 1702//2893 1703//2893 1707//2893
f 1702//2894 1707//2894 1706//2894
f 1703//2895 1704//2895 1708//2895
f 1703//2896 1708//2896 1707//2896
f 1704//2897 1705//2897 1709//2897
f 1704//2898 1709//2898 1708//2898
f 1705//2899 1702//2899 1706//2899
f 1705//2900 1706//2900 1709//2900
f 1697//2901 1696//2901 1695//2901
f 1697//2902 1695//2902 1694//2902
f 1706//2903 1707//2903 1708//2903
f 1706//2904 1708//2904 1709//2904
f 1710//2905 1711//2905 1715//2905
f 1710//2906 1715//2906 1714//2906
f 1711//2907 1712//2907 1716//2907
f 1711//2908 1716//2908 1715//2908
f 1712//2909 1713//2909 1717//2909
f 1712//2910 1717//2910 1716//2910
f 1713//2911 1710//2911 1714//2911
f 1713//2912 1714//2912 1717//2912
f 1714//2913 1715//2913 1719//2913
f 1714//2914 1719//2914 1718//2914
f 1715//2915 1716//2915 1720//2915
f 1715//2916 1720//2916 1719//2916
f 1716//2917 1717//2917 1721//2917
f 1716//2918 1721//2918 1720//2918
f 1717//2919 1714//2919 1718//2919
f 1717//2920 1718//2920 1721//2920
f 1718//2921 1719//2921 1723//2921
f 1718//2922 1723//2922 1722//2922
f 1719//2923 1720//2923 1724//2923
f 1719//2924 1724//2924 1723//2924
f 1720//2925 1721//2925 1725//2925
f 1720//2926 1725//2926 1724//2926
f 1721//2927 1718//2927 1722//2927
f 1721//2928 1722//2928 1725//2928
f 1713//2929 1712//2929 1711//2929
f 1713//2930 1711//2930 1710//2930
f 1722//2931 1723//2931 1724//2931
f 1722//2932 1724//2932 1725//2932
f 1726//2933 1727//2933 1731//2933
f 1726//2934 1731//2934 1730//2934
f 1727//2935 1728//2935 1732//2935
f 1727//2936 1732//2936 1731//2936
f 1728//2937 1729//2937 1733//2937
f 1728//2938 1733//2938 1732//2938
f 1729//2939 1726//2939 1730//2939
f 1729//2940 1730//2940 1733//2940
f 1730//2941 1731//2941 1735//2941
f 1730//2942 1735//2942 1734//2942
f 1731//2943 1732//2943 1736//2943
f 1731//2944 1736//2944 1735//2944
f 1732//2945 1733//2945 1737//2945
f 1732//2946 1737//2946 1736//2946
f 1733//2947 1730//2947 1734//2947
f 1733//2948 1734//2948 1737//2948
f 1734//2949 1735//2949 1739//2949
f 1734//2950 1739//2950 1738//2950
f 1735//2951 1736//2951 1740//2951
f 1735//2952 1740//2952 1739//2952
f 1736//2953 1737//2953 1741//2953
f 1736//2954 1741//2954 1740//2954
f 1737//2955 1734//2955 1738//2955
f 1737//2956 1738//2956 1741//2956
f 1729//2957 1728//2957 1727//2957
f 1729//2958 1727//2958 1726//2958
f 1738//2959 1739//2959 1740//2959
f 1738//2960 1740//2960 1741//2960
f 1742//2961 1743//2961 1747//2961
f 1742//2962 1747//2962 1746//2962
f 1743//2963 1744//2963 1748//2963
f 1743//2964 1748//2964 1747//2964
f 1744//2965 1745//2965 1749//2965
f 1744//2966 1749//2966 1748//2966
f 1745//2967 1742//2967 1746//2967
f 1745//2968 1746//2968 1749//2968
f 1746//2969 1747//2969 1751//2969
f 1746//2970 1751//2970 1750//2970
f 1747//2971 1748//2971 1752//2971
f 1747//2972 1752//2972 1751//2972
f 1748//2973 1749//2973 1753//2973
f 1748//2974 1753//2974 1752//2974
f 1749//2975 1746//2975 1750//2975
f 1749//2976 1750//2976 1753//2976
f 1750//2977 1751//2977 1755//2977
f 1750//2978 1755//2978 1754//2978
f 1751//2979 1752//2979 1756//2979
f 1751//2980 1756//2980 1755//2980
f 1752//2981 1753//2981 1757//2981
f 1752//2982 1757//2982 1756//2982
f 1753//2983 1750//2983 1754//2983
f 1753//2984 1754//2984 1757//2984
f 1745//2985 1744//2985 1743//2985
f 1745//2986 1743//2986 1742//2986
f 1754//2987 1755//2987 1756//2987
f 1754//2988 1756//2988 1757//2988
f 1758//2989 1759//2989 1763//2989
f 1758//2990 1763//2990 1762//2990
f 1759//2991 1760//2991 1764//2991
f 1759//2992 1764//2992 1763//2992
f 1760//2993 1761//2993 1765//2993
f 1760//2994 1765//2994 1764//2994
f 1761//2995 1758//2995 1762//2995
f 1761//2996 1762//2996 1765//2996
f 1762//2997 1763//2997 1767//2997
f 1762//2998 1767//2998 1766//2998
f 1763//2999 1764//2999 1768//2999
f 1763//3000 1768//3000 1767//3000
f 1764//3001 1765//3001 1769//3001
f 1764//3002 1769//3002 1768//3002
f 1765//3003 1762//3003 1766//3003
f 1765//3004 1766//3004 1769//3004
f 1766//3005 1767//3005 1771//3005
f 1766//3006 1771//3006 1770//3006
f 1767//3007 1768//3007 1772//3007
f 1767//3008 1772//3008 1771//3008
f 1768//3009 1769//3009 1773//3009
f 1768//3010 1773//3010 1772//3010
f 1769//3011 1766//3011 1770//3011
f 1769//3012 1770//3012 1773//3012
f 1761//3013 1760//3013 1759//3013
f 1761//3014 1759//3014 1758//3014
f 1770//3015 1771//3015 1772//3015
f 1770//3016 1772//3016 1773//3016
f 1774//3017 1775//3017 1779//3017
f 1774//3018 1779//3018 1778//3018
f 1775//3019 1776//3019 1780//3019
f 1775//3020 1780//3020 1779//3020
f 1776//3021 1777//3021 1781//3021
f 1776//3022 1781//3022 1780//3022
f 1777//3023 1774//3023 1778//3023
f 1777//3024 1778//3024 1781//3024
f 1778//3025 1779//3025 1783//3025
f 1778//3026 1783//3026 1782//3026
f 1779//3027 1780//3027 1784//3027
f 1779//3028 1784//3028 1783//3028
f 1780//3029 1781//3029 1785//3029
f 1780//3030 1785//3030 1784//3030
f 1781//3031 1778//3031 1782//3031
f 1781//3032 1782//3032 1785//3032
f 1782//3033 1783//3033 1787//3033
f 1782//3034 1787//3034 1786//3034
f 1783//3035 1784//3035 1788//3035
f 1783//3036 1788//3036 1787//3036
f 1784//3037 1785//3037 1789//3037
f 1784//3038 1789//3038 1788//3038
f 1785//3039 1782//3039 1786//3039
f 1785//3040 1786//3040 1789//3040
f 1777//3041 1776//3041 1775//3041
f 1777//3042 1775//3042 1774//3042
f 1786//3043 1787//3043 1788//3043
f 1786//3044 1788//3044 1789//3044
f 1790//3045 1791//3045 1795//3045
f 1790//3046 1795//3046 1794//3046
f 1791//3047 1792//3047 1796//3047
f 1791//3048 1796//3048 1795//3048
f 1792//3049 1793//3049 1797//3049
f 1792//3050 1797//3050 1796//3050
f 1793//3051 1790//3051 1794//3051
f 1793//3052 1794//3052 1797//3052
f 1794//3053 1795//3053 1799//3053
f 1794//3054 1799//3054 1798//3054
f 1795//3055 1796//3055 1800//3055
f 1795//3056 1800//3056 1799//3056
f 1796//3057 1797//3057 1801//3057
f 1796//3058 1801//3058 1800//3058
f 1797//3059 1794//3059 1798//3059
f 1797//3060 1798//3060 1801//3060
f 1798//3061 1799//3061 1803//3061
f 1798//3062 1803//3062 1802//3062
f 1799//3063 1800//3063 1804//3063
f 1799//3064 1804//3064 1803//3064
f 1800//3065 1801//3065 1805//3065
f 1800//3066 1805//3066 1804//3066
f 1801//3067 1798//3067 1802//3067
f 1801//3068 1802//3068 1805//3068
f 1793//3069 1792//3069 1791//3069
f 1793//3070 1791//3070 1790//3070
f 1802//3071 1803//3071 1804//3071
f 1802//3072 1804//3072 1805//3072
f 1806//3073 1807//3073 1811//3073
f 1806//3074 1811//3074 1810//3074
f 1807//3075 1808//3075 1812//3075
f 1807//3076 1812//3076 1811//3076
f 1808//3077 1809//3077 1813//3077
f 1808//3078 1813//3078 1812//3078
f 1809//3079 1806//3079 1810//3079
f 1809//3080 1810//3080 1813//3080
f 1810//3081 1811//3081 1815//3081
f 1810//3082 1815//3082 1814//3082
f 1811//3083 1812//3083 1816//3083
f 1811//3084 1816//3084 1815//3084
f 1812//3085 1813//3085 1817//3085
f 1812//3086 1817//3086 1816//3086
f 1813//3087 1810//3087 1814//3087
f 1813//3088 1814//3088 1817//3088
f 1814//3089 1815//3089 1819//3089
f 1814//3090 1819//3090 1818//3090
f 1815//3091 1816//3091 1820//3091
f 1815//3092 1820//3092 1819//3092
f 1816//3093 1817//3093 1821//3093
f 1816//3094 1821//3094 1820//3094
f 1817//3095 1814//3095 1818//3095
f 1817//3096 1818//3096 1821//3096
f 1809//3097 1808//3097 1807//3097
f 1809//3098 1807//3098 1806//3098
f 1818//3099 1819//3099 1820//3099
f 1818//3100 1820//3100 1821//3100
f 1822//3101 1823//3101 1827//3101
f 1822//3102 1827//3102 1826//3102
f 1823//3103 1824//3103 1828//3103
f 1823//3104 1828//3104 1827//3104
f 1824//3105 1825//3105 1829//3105
f 1824//3106 1829//3106 1828//3106
f 1825//3107 1822//3107 1826//3107
f 1825//3108 1826//3108 1829//3108
f 1826//3109 1827//3109 1831//3109
f 1826//3110 1831//3110 1830//3110
f 1827//3111 1828//3111 1832//3111
f 1827//3112 1832//3112 1831//3112
f 1828//3113 1829//3113 1833//3113
f 1828//3114 1833//3114 1832//3114
f 1829//3115 1826//3115 1830//3115
f 1829//3116 1830//3116 1833//3116
f 1830//3117 1831//3117 1835//3117
f 1830//3118 1835//3118 1834//3118
f 1831//3119 1832//3119 1836//3119
f 1831//3120 1836//3120 1835//3120
f 1832//3121 1833//3121 1837//3121
f 1832//3122 1837//3122 1836//3122
f 1833//3123 1830//3123 1834//3123
f 1833//3124 1834//3124 1837//3124
f 1825//3125 1824//3125 1823//3125
f 1825//3126 1823//3126 1822//3126
f 1834//3127 1835//3127 1836//3127
f 1834//3128 1836//3128 1837//3128
f 1838//3129 1839//3129 1843//3129
f 1838//3130 1843//3130 1842//3130
f 1839//3131 1840//3131 1844//3131
f 1839//3132 1844//3132 1843//3132
f 1840//3133 1841//3133 1845//3133
f 1840//3134 1845//3134 1844//3134
f 1841//3135 1838//3135 1842//3135
f 1841//3136 1842//3136 1845//3136
f 1842//3137 1843//3137 1847//3137
f 1842//3138 1847//3138 1846//3138
f 1843//3139 1844//3139 1848//3139
f 1843//3140 1848//3140 1847//3140
f 1844//3141 1845//3141 1849//3141
f 1844//3142 1849//3142 1848//3142
f 1845//3143 1842//3143 1846//3143
f 1845//3144 1846//3144 1849//3144
f 1846//3145 1847//3145 1851//3145
f 1846//3146 1851//3146 1850//3146
f 1847//3147 1848//3147 1852//3147
f 1847//3148 1852//3148 1851//3148
f 1848//3149 1849//3149 1853//3149
f 1848//3150 1853//3150 1852//3150
f 1849//3151 1846//3151 1850//3151
f 1849//3152 1850//3152 1853//3152
f 1841//3153 1840//3153 1839//3153
f 1841//3154 1839//3154 1838//3154
f 1850//3155 1851//3155 1852//3155
f 1850//3156 1852//3156 1853//3156
f 1854//3157 1855//3157 1859//3157
f 1854//3158 1859//3158 1858//3158
f 1855//3159 1856//3159 1860//3159
f 1855//3160 1860//3160 1859//3160
f 1856//3161 1857//3161 1861//3161
f 1856//3162 1861//3162 1860//3162
f 1857//3163 1854//3163 1858//3163
f 1857//3164 1858//3164 1861//3164
f 1858//3165 1859//3165 1863//3165
f 1858//3166 1863//3166 1862//3166
f 1859//3167 1860//3167 1864//3167
f 1859//3168 1864//3168 1863//3168
f 1860//3169 1861//3169 1865//3169
f 1860//3170 1865//3170 1864//3170
f 1861//3171 1858//3171 1862//3171
f 1861//3172 1862//3172 1865//3172
f 1862//3173 1863//3173 1867//3173
f 1862//3174 1867//3174 1866//3174
f 1863//3175 1864//3175 1868//3175
f 1863//3176 1868//3176 1867//3176
f 1864//3177 1865//3177 1869//3177
f 1864//3178 1869//3178 1868//3178
f 1865//3179 1862//3179 1866//3179
f 1865//3180 1866//3180 1869//3180
f 1866//3181 1867//3181 1871//3181
f 1866//3182 1871//3182 1870//3182
f 1867//3183 1868//3183 1872//3183
f 1867//3184 1872//3184 1871//3184
f 1868//3185 1869//3185 1873//3185
f 1868//3186 1873//3186 1872//3186
f 1869//3187 1866//3187 1870//3187
f 1869//3188 1870//3188 1873//3188
f 1870//3189 1871//3189 1875//3189
f 1870//3190 1875//3190 1874//3190
f 1871//3191 1872//3191 1876//3191
f 1871//3192 1876//3192 1875//3192
f 1872//3193 1873//3193 1877//3193
f 1872//3194 1877//3194 1876//3194
f 1873//3195 1870//3195 1874//3195
f 1873//3196 1874//3196 1877//3196
f 1874//3197 1875//3197 1879//3197
f 1874//3198 1879//3198 1878//3198
f 1875//3199 1876//3199 1880//3199
f 1875//3200 1880//3200 1879//3200
f 1876//3201 1877//3201 1881//3201
f 1876//3202 1881//3202 1880//3202
f 1877//3203 1874//3203 1878//3203
f 1877//3204 1878//3204 1881//3204
f 1878//3205 1879//3205 1883//3205
f 1878//3206 1883//3206 1882//3206
f 1879//3207 1880//3207 1884//3207
f 1879//3208 1884//3208 1883//3208
f 1880//3209 1881//3209 1885//3209
f 1880//3210 1885//3210 1884//3210
f 1881//3211 1878//3211 1882//3211
f 1881//3212 1882//3212 1885//3212
f 1882//3213 1883//3213 1887//3213
f 1882//3214 1887//3214 1886//3214
f 1883//3215 1884//3215 1888//3215
f 1883//3216 1888//3216 1887//3216
f 1884//3217 1885//3217 1889//3217
f 1884//3218 1889//3218 1888//3218
f 1885//3219 1882//3219 1886//3219
f 1885//3220 1886//3220 1889//3220
f 1886//3221 1887//3221 1891//3221
f 1886//3222 1891//3222 1890//3222
f 1887//3223 1888//3223 1892//3223
f 1887//3224 1892//3224 1891//3224
f 1888//3225 1889//3225 1893//3225
f 1888//3226 1893//3226 1892//3226
f 1889//3227 1886//3227 1890//3227
f 1889//3228 1890//3228 1893//3228
f 1890//3229 1891//3229 1895//3229
f 1890//3230 1895//3230 1894//3230
f 1891//3231 1892//3231 1896//3231
f 1891//3232 1896//3232 1895//3232
f 1892//3233 1893//3233 1897//3233
f 1892//3234 1897//3234 1896//3234
f 1893//3235 1890//3235 1894//3235
f 1893//3236 1894//3236 1897//3236
f 1894//3237 1895//3237 1899//3237
f 1894//3238 1899//3238 1898//3238
f 1895//3239 1896//3239 1900//3239
f 1895//3240 1900//3240 1899//3240
f 1896//3241 1897//3241 1901//3241
f 1896//3242 1901//3242 1900//3242
f 1897//3243 1894//3243 1898//3243
f 1897//3244 1898//3244 1901//3244
f 1857//3245 1856//3245 1855//3245
f 1857//3246 1855//3246 1854//3246
f 1898//3247 1899//3247 1900//3247
f 1898//3248 1900//3248 1901//3248
f 1902//3249 1903//3249 1907//3249
f 1902//3250 1907//3250 1906//3250
f 1903//3251 1904//3251 1908//3251
f 1903//3252 1908//3252 1907//3252
f 1904//3253 1905//3253 1909//3253
f 1904//3254 1909//3254 1908//3254
f 1905//3255 1902//3255 1906//3255
f 1905//3256 1906//3256 1909//3256
f 1906//3257 1907//3257 1911//3257
f 1906//3258 1911//3258 1910//3258
f 1907//3259 1908//3259 1912//3259
f 1907//3260 1912//3260 1911//3260
f 1908//3261 1909//3261 1913//3261
f 1908//3262 1913//3262 1912//3262
f 1909//3263 1906//3263 1910//3263
f 1909//3264 1910//3264 1913//3264
f 1910//3265 1911//3265 1915//3265
f 1910//3266 1915//3266 1914//3266
f 1911//3267 1912//3267 1916//3267
f 1911//3268 1916//3268 1915//3268
f 1912//3269 1913//3269 1917//3269
f 1912//3270 1917//3270 1916//3270
f 1913//3271 1910//3271 1914//3271
f 1913//3272 1914//3272 1917//3272
f 1914//3273 1915//3273 1919//3273
f 1914//3274 1919//3274 1918//3274
f 1915//3275 1916//3275 1920//3275
f 1915//3276 1920//3276 1919//3276
f 1916//3277 1917//3277 1921//3277
f 1916//3278 1921//3278 1920//3278
f 1917//3279 1914//3279 1918//3279
f 1917//3280 1918//3280 1921//3280
f 1918//3281 1919//3281 1923//3281
f 1918//3282 1923//3282 1922//3282
f 1919//3283 1920//3283 1924//3283
f 1919//3284 1924//3284 1923//3284
f 1920//3285 1921//3285 1925//3285
f 1920//3286 1925//3286 1924//3286
f 1921//3287 1918//3287 1922//3287
f 1921//3288 1922//3288 1925//3288
f 1922//3289 1923//3289 1927//3289
f 1922//3290 1927//3290 1926//3290
f 1923//3291 1924//3291 1928//3291
f 1923//3292 1928//3292 1927//3292
f 1924//3293 1925//3293 1929//3293
f 1924//3294 1929//3294 1928//3294
f 1925//3295 1922//3295 1926//3295
f 1925//3296 1926//3296 1929//3296
f 1926//3297 1927//3297 1931//3297
f 1926//3298 1931//3298 1930//3298
f 1927//3299 1928//3299 1932//3299
f 1927//3300 1932//3300 1931//3300
f 1928//3301 1929//3301 1933//3301
f 1928//3302 1933//3302 1932//3302
f 1929//3303 1926//3303 1930//3303
f 1929//3304 1930//3304 1933//3304
f 1930//3305 1931//3305 1935//3305
f 1930//3306 1935//3306 1934//3306
f 1931//3307 1932//3307 1936//3307
f 1931//3308 1936//3308 1935//3308
f 1932//3309 1933//3309 1937//3309
f 1932//3310 1937//3310 1936//3310
f 1933//3311 1930//3311 1934//3311
f 1933//3312 1934//3312 1937//3312
f 1934//3313 1935//3313 1939//3313
f 1934//3314 1939//3314 1938//3314
f 1935//3315 1936//3315 1940//3315
f 1935//3316 1940//3316 1939//3316
f 1936//3317 1937//3317 1941//3317
f 1936//3318 1941//3318 1940//3318
f 1937//3319 1934//3319 1938//3319
f 1937//3320 1938//3320 1941//3320
f 1938//3321 1939//3321 1943//3321
f 1938//3322 1943//3322 1942//3322
f 1939//3323 1940//3323 1944//3323
f 1939//3324 1944//3324 1943//3324
f 1940//3325 1941//3325 1945//3325
f 1940//3326 1945//3326 1944//3326
f 1941//3327 1938//3327 1942//3327
f 1941//3328 1942//3328 1945//3328
f 1942//3329 1943//3329 1947//3329
f 1942//3330 1947//3330 1946//3330
f 1943//3331 1944//3331 1948//3331
f 1943//3332 1948//3332 1947//3332
f 1944//3333 1945//3333 1949//3333
f 1944//3334 1949//3334 1948//3334
f 1945//3335 1942//3335 1946//3335
f 1945//3336 1946//3336 1949//3336
f 1905//3337 1904//3337 1903//3337
f 1905//3338 1903//3338 1902//3338
f 1946//3339 1947//3339 1948//3339
f 1946//3340 1948//3340 1949//3340
f 1950//3341 1951//3341 1955//3341
f 1950//3342 1955//3342 1954//3342
f 1951//3343 1952//3343 1956//3343
f 1951//3344 1956//3344 1955//3344
f 1952//3345 1953//3345 1957//3345
f 1952//3346 1957//3346 1956//3346
f 1953//3347 1950//3347 1954//3347
f 1953//3348 1954//3348 1957//3348
f 1954//3349 1955//3349 1959//3349
f 1954//3350 1959//3350 1958//3350
f 1955//3351 1956//3351 1960//3351
f 1955//3352 1960//3352 1959//3352
f 1956//3353 1957//3353 1961//3353
f 1956//3354 1961//3354 1960//3354
f 1957//3355 1954//3355 1958//3355
f 1957//3356 1958//3356 1961//3356
f 1958//3357 1959//3357 1963//3357
f 1958//3358 1963//3358 1962//3358
f 1959//3359 1960//3359 1964//3359
f 1959//3360 1964//3360 1963//3360
f 1960//3361 1961//3361 1965//3361
f 1960//3362 1965//3362 1964//3362
f 1961//3363 1958//3363 1962//3363
f 1961//3364 1962//3364 1965//3364
f 1962//3365 1963//3365 1967//3365
f 1962//3366 1967//3366 1966//3366
f 1963//3367 1964//3367 1968//3367
f 1963//3368 1968//3368 1967//3368
f 1964//3369 1965//3369 1969//3369
f 1964//3370 1969//3370 1968//3370
f 1965//3371 1962//3371 1966//3371
f 1965//3372 1966//3372 1969//3372
f 1966//3373 1967//3373 1971//3373
f 1966//3374 1971//3374 1970//3374
f 1967//3375 1968//3375 1972//3375
f 1967//3376 1972//3376 1971//3376
f 1968//3377 1969//3377 1973//3377
f 1968//3378 1973//3378 1972//3378
f 1969//3379 1966//3379 1970//3379
f 1969//3380 1970//3380 1973//3380
f 1970//3381 1971//3381 1975//3381
f 1970//3382 1975//3382 1974//3382
f 1971//3383 1972//3383 1976//3383
f 1971//3384 1976//3384 1975//3384
f 1972//3385 1973//3385 1977//3385
f 1972//3386 1977//3386 1976//3386
f 1973//3387 1970//3387 1974//3387
f 1973//3388 1974//3388 1977//3388
f 1974//3389 1975//3389 1979//3389
f 1974//3390 1979//3390 1978//3390
f 1975//3391 1976//3391 1980//3391
f 1975//3392 1980//3392 1979//3392
f 1976//3393 1977//3393 1981//3393
f 1976//3394 1981//3394 1980//3394
f 1977//3395 1974//3395 1978//3395
f 1977//3396 1978//3396 1981//3396
f 1978//3397 1979//3397 1983//3397
f 1978//3398 1983//3398 1982//3398
f 1979//3399 1980//3399 1984//3399
f 1979//3400 1984//3400 1983//3400
f 1980//3401 1981//3401 1985//3401
f 1980//3402 1985//3402 1984//3402
f 1981//3403 1978//3403 1982//3403
f 1981//3404 1982//3404 1985//3404
f 1982//3405 1983//3405 1987//3405
f 1982//3406 1987//3406 1986//3406
f 1983//3407 1984//3407 1988//3407
f 1983//3408 1988//3408 1987//3408
f 1984//3409 1985//3409 1989//3409
f 1984//3410 1989//3410 1988//3410
f 1985//3411 1982//3411 1986//3411
f 1985//3412 1986//3412 1989//3412
f 1986//3413 1987//3413 1991//3413
f 1986//3414 1991//3414 1990//3414
f 1987//3415 1988//3415 1992//3415
f 1987//3416 1992//3416 1991//3416
f 1988//3417 1989//3417 1993//3417
f 1988//3418 1993//3418 1992//3418
f 1989//3419 1986//3419 1990//3419
f 1989//3420 1990//3420 1993//3420
f 1990//3421 1991//3421 1995//3421
f 1990//3422 1995//3422 1994//3422
f 1991//3423 1992//3423 1996//3423
f 1991//3424 1996//3424 1995//3424
f 1992//3425 1993//3425 1997//3425
f 1992//3426 1997//3426 1996//3426
f 1993//3427 1990//3427 1994//3427
f 1993//3428 1994//3428 1997//3428
f 1953//3429 1952//3429 1951//3429
f 1953//3430 1951//3430 1950//3430
f 1994//3431 1995//3431 1996//3431
f 1994//3432 1996//3432 1997//3432
f 1998//3433 1999//3433 2003//3433
f 1998//3434 2003//3434 2002//3434
f 1999//3435 2000//3435 2004//3435
f 1999//3436 2004//3436 2003//3436
f 2000//3437 2001//3437 2005//3437
f 2000//3438 2005//3438 2004//3438
f 2001//3439 1998//3439 2002//3439
f 2001//3440 2002//3440 2005//3440
f 2002//3441 2003//3441 2007//3441
f 2002//3442 2007//3442 2006//3442
f 2003//3443 2004//3443 2008//3443
f 2003//3444 2008//3444 2007//3444
f 2004//3445 2005//3445 2009//3445
f 2004//3446 2009//3446 2008//3446
f 2005//3447 2002//3447 2006//3447
f 2005//3448 2006//3448 2009//3448
f 2006//3449 2007//3449 2011//3449
f 2006//3450 2011//3450 2010//3450
f 2007//3451 2008//3451 2012//3451
f 2007//3452 2012//3452 2011//3452
f 2008//3453 2009//3453 2013//3453
f 2008//3454 2013//3454 2012//3454
f 2009//3455 2006//3455 2010//3455
f 2009//3456 2010//3456 2013//3456
f 2010//3457 2011//3457 2015//3457
f 2010//3458 2015//3458 2014//3458
f 2011//3459 2012//3459 2016//3459
f 2011//3460 2016//3460 2015//3460
f 2012//3461 2013//3461 2017//3461
f 2012//3462 2017//3462 2016//3462
f 2013//3463 2010//3463 2014//3463
f 2013//3464 2014//3464 2017//3464
f 2014//3465 2015//3465 2019//3465
f 2014//3466 2019//3466 2018//3466
f 2015//3467 2016//3467 2020//3467
f 2015//3468 2020//3468 2019//3468
f 2016//3469 2017//3469 2021//3469
f 2016//3470 2021//3470 2020//3470
f 2017//3471 2014//3471 2018//3471
f 2017//3472 2018//3472 2021//3472
f 2018//3473 2019//3473 2023//3473
f 2018//3474 2023//3474 2022//3474
f 2019//3475 2020//3475 2024//3475
f 2019//3476 2024//3476 2023//3476
f 2020//3477 2021//3477 2025//3477
f 2020//3478 2025//3478 2024//3478
f 2021//3479 2018//3479 2022//3479
f 2021//3480 2022//3480 2025//3480
f 2022//3481 2023//3481 2027//3481
f 2022//3482 2027//3482 2026//3482
f 2023//3483 2024//3483 2028//3483
f 2023//3484 2028//3484 2027//3484
f 2024//3485 2025//3485 2029//3485
f 2024//3486 2029//3486 2028//3486
f 2025//3487 2022//3487 2026//3487
f 2025//3488 2026//3488 2029//3488
f 2026//3489 2027//3489 2031//3489
f 2026//3490 2031//3490 2030//3490
f 2027//3491 2028//3491 2032//3491
f 2027//3492 2032//3492 2031//3492
f 2028//3493 2029//3493 2033//3493
f 2028//3494 2033//3494 2032//3494
f 2029//3495 2026//3495 2030//3495
f 2029//3496 2030//3496 2033//3496
f 2030//3497 2031//3497 2035//3497
f 2030//3498 2035//3498 2034//3498
f 2031//3499 2032//3499 2036//3499
f 2031//3500 2036//3500 2035//3500
f 2032//3501 2033//3501 2037//3501
f 2032//3502 2037//3502 2036//3502
f 2033//3503 2030//3503 2034//3503
f 2033//3504 2034//3504 2037//3504
f 2034//3505 2035//3505 2039//3505
f 2034//3506 2039//3506 2038//3506
f 2035//3507 2036//3507 2040//3507
f 2035//3508 2040//3508 2039//3508
f 2036//3509 2037//3509 2041//3509
f 2036//3510 2041//3510 2040//3510
f 2037//3511 2034//3511 2038//3511
f 2037//3512 2038//3512 2041//3512
f 2038//3513 2039//3513 2043//3513
f 2038//3514 2043//3514 2042//3514
f 2039//3515 2040//3515 2044//3515
f 2039//3516 2044//3516 2043//3516
f 2040//3517 2041//3517 2045//3517
f 2040//3518 2045//3518 2044//3518
f 2041//3519 2038//3519 2042//3519
f 2041//3520 2042//3520 2045//3520
f 2001//3521 2000//3521 1999//3521
f 2001//3522 1999//3522 1998//3522
f 2042//3523 2043//3523 2044//3523
f 2042//3524 2044//3524 2045//3524
f 2046//3525 2047//3525 2051//3525
f 2046//3526 2051//3526 2050//3526
f 2047//3527 2048//3527 2052//3527
f 2047//3528 2052//3528 2051//3528
f 2048//3529 2049//3529 2053//3529
f 2048//3530 2053//3530 2052//3530
f 2049//3531 2046//3531 2050//3531
f 2049//3532 2050//3532 2053//3532
f 2050//3533 2051//3533 2055//3533
f 2050//3534 2055//3534 2054//3534
f 2051//3535 2052//3535 2056//3535
f 2051//3536 2056//3536 2055//3536
f 2052//3537 2053//3537 2057//3537
f 2052//3538 2057//3538 2056//3538
f 2053//3539 2050//3539 2054//3539
f 2053//3540 2054//3540 2057//3540
f 2054//3541 2055//3541 2059//3541
f 2054//3542 2059//3542 2058//3542
f 2055//3543 2056//3543 2060//3543
f 2055//3544 2060//3544 2059//3544
f 2056//3545 2057//3545 2061//3545
f 2056//3546 2061//3546 2060//3546
f 2057//3547 2054//3547 2058//3547
f 2057//3548 2058//3548 2061//3548
f 2058//3549 2059//3549 2063//3549
f 2058//3550 2063//3550 2062//3550
f 2059//3551 2060//3551 2064//3551
f 2059//3552 2064//3552 2063//3552
f 2060//3553 2061//3553 2065//3553
f 2060//3554 2065//3554 2064//3554
f 2061//3555 2058//3555 2062//3555
f 2061//3556 2062//3556 2065//3556
f 2062//3557 2063//3557 2067//3557
f 2062//3558 2067//3558 2066//3558
f 2063//3559 2064//3559 2068//3559
f 2063//3560 2068//3560 2067//3560
f 2064//3561 2065//3561 2069//3561
f 2064//3562 2069//3562 2068//3562
f 2065//3563 2062//3563 2066//3563
f 2065//3564 2066//3564 2069//3564
f 2066//3565 2067//3565 2071//3565
f 2066//3566 2071//3566 2070//3566
f 2067//3567 2068//3567 2072//3567
f 2067//3568 2072//3568 2071//3568
f 2068//3569 2069//3569 2073//3569
f 2068//3570 2073//3570 2072//3570
f 2069//3571 2066//3571 2070//3571
f 2069//3572 2070//3572 2073//3572
f 2070//3573 2071//3573 2075//3573
f 2070//3574 2075//3574 2074//3574
f 2071//3575 2072//3575 2076//3575
f 2071//3576 2076//3576 2075//3576
f 2072//3577 2073//3577 2077//3577
f 2072//3578 2077//3578 2076//3578
f 2073//3579 2070//3579 2074//3579
f 2073//3580 2074//3580 2077//3580
f 2074//3581 2075//3581 2079//3581
f 2074//3582 2079//3582 2078//3582
f 2075//3583 2076//3583 2080//3583
f 2075//3584 2080//3584 2079//3584
f 2076//3585 2077//3585 2081//3585
f 2076//3586 2081//3586 2080//3586
f 2077//3587 2074//3587 2078//3587
f 2077//3588 2078//3588 2081//3588
f 2078//3589 2079//3589 2083//3589
f 2078//3590 2083//3590 2082//3590
f 2079//3591 2080//3591 2084//3591
f 2079//3592 2084//3592 2083//3592
f 2080//3593 2081//3593 2085//3593
f 2080//3594 2085//3594 2084//3594
f 2081//3595 2078//3595 2082//3595
f 2081//3596 2082//3596 2085//3596
f 2082//3597 2083//3597 2087//3597
f 2082//3598 2087//3598 2086//3598
f 2083//3599 2084//3599 2088//3599
f 2083//3600 2088//3600 2087//3600
f 2084//3601 2085//3601 2089//3601
f 2084//3602 2089//3602 2088//3602
f 2085//3603 2082//3603 2086//3603
f 2085//3604 2086//3604 2089//3604
f 2086//3605 2087//3605 2091//3605
f 2086//3606 2091//3606 2090//3606
f 2087//3607 2088//3607 2092//3607
f 2087//3608 2092//3608 2091//3608
f 2088//3609 2089//3609 2093//3609
f 2088//3610 2093//3610 2092//3610
f 2089//3611 2086//3611 2090//3611
f 2089//3612 2090//3612 2093//3612
f 2049//3613 2048//3613 2047//3613
f 2049//3614 2047//3614 2046//3614
f 2090//3615 2091//3615 2092//3615
f 2090//3616 2092//3616 2093//3616
f 2094//3617 2095//3617 2099//3617
f 2094//3618 2099//3618 2098//3618
f 2095//3619 2096//3619 2100//3619
f 2095//3620 2100//3620 2099//3620
f 2096//3621 2097//3621 2101//3621
f 2096//3622 2101//3622 2100//3622
f 2097//3623 2094//3623 2098//3623
f 2097//3624 2098//3624 2101//3624
f 2098//3625 2099//3625 2103//3625
f 2098//3626 2103//3626 2102//3626
f 2099//3627 2100//3627 2104//3627
f 2099//3628 2104//3628 2103//3628
f 2100//3629 2101//3629 2105//3629
f 2100//3630 2105//3630 2104//3630
f 2101//3631 2098//3631 2102//3631
f 2101//3632 2102//3632 2105//3632
f 2102//3633 2103//3633 2107//3633
f 2102//3634 2107//3634 2106//3634
f 2103//3635 2104//3635 2108//3635
f 2103//3636 2108//3636 2107//3636
f 2104//3637 2105//3637 2109//3637
f 2104//3638 2109//3638 2108//3638
f 2105//3639 2102//3639 2106//3639
f 2105//3640 2106//3640 2109//3640
f 2106//3641 2107//3641 2111//3641
f 2106//3642 2111//3642 2110//3642
f 2107//3643 2108//3643 2112//3643
f 2107//3644 2112//3644 2111//3644
f 2108//3645 2109//3645 2113//3645
f 2108//3646 2113//3646 2112//3646
f 2109//3647 2106//3647 2110//3647
f 2109//3648 2110//3648 2113//3648
f 2110//3649 2111//3649 2115//3649
f 2110//3650 2115//3650 2114//3650
f 2111//3651 2112//3651 2116//3651
f 2111//3652 2116//3652 2115//3652
f 2112//3653 2113//3653 2117//3653
f 2112//3654 2117//3654 2116//3654
f 2113//3655 2110//3655 2114//3655
f 2113//3656 2114//3656 2117//3656
f 2114//3657 2115//3657 2119//3657
f 2114//3658 2119//3658 2118//3658
f 2115//3659 2116//3659 2120//3659
f 2115//3660 2120//3660 2119//3660
f 2116//3661 2117//3661 2121//3661
f 2116//3662 2121//3662 2120//3662
f 2117//3663 2114//3663 2118//3663
f 2117//3664 2118//3664 2121//3664
f 2118//3665 2119//3665 2123//3665
f 2118//3666 2123//3666 2122//3666
f 2119//3667 2120//3667 2124//3667
f 2119//3668 2124//3668 2123//3668
f 2120//3669 2121//3669 2125//3669
f 2120//3670 2125//3670 2124//3670
f 2121//3671 2118//3671 2122//3671
f 2121//3672 2122//3672 2125//3672
f 2122//3673 2123//3673 2127//3673
f 2122//3674 2127//3674 2126//3674
f 2123//3675 2124//3675 2128//3675
f 2123//3676 2128//3676 2127//3676
f 2124//3677 2125//3677 2129//3677
f 2124//3678 2129//3678 2128//3678
f 2125//3679 2122//3679 2126//3679
f 2125//3680 2126//3680 2129//3680
f 2126//3681 2127//3681 2131//3681
f 2126//3682 2131//3682 2130//3682
f 2127//3683 2128//3683 2132//3683
f 2127//3684 2132//3684 2131//3684
f 2128//3685 2129//3685 2133//3685
f 2128//3686 2133//3686 2132//3686
f 2129//3687 2126//3687 2130//3687
f 2129//3688 2130//3688 2133//3688
f 2130//3689 2131//3689 2135//3689
f 2130//3690 2135//3690 2134//3690
f 2131//3691 2132//3691 2136//3691
f 2131//3692 2136//3692 2135//3692
f 2132//3693 2133//3693 2137//3693
f 2132//3694 2137//3694 2136//3694
f 2133//3695 2130//3695 2134//3695
f 2133//3696 2134//3696 2137//3696
f 2134//3697 2135//3697 2139//3697
f 2134//3698 2139//3698 2138//3698
f 2135//3699 2136//3699 2140//3699
f 2135//3700 2140//3700 2139//3700
f 2136//3701 2137//3701 2141//3701
f 2136//3702 2141//3702 2140//3702
f 2137//3703 2134//3703 2138//3703
f 2137//3704 2138//3704 2141//3704
f 2097//3705 2096//3705 2095//3705
f 2097//3706 2095//3706 2094//3706
f 2138//3707 2139//3707 2140//3707
f 2138//3708 2140//3708 2141//3708
o Bldg_Fountain_Saucer
v 0.03062 4.83214 0.00000
v 0.62200 4.93545 0.00000
v 0.56316 4.92718 0.26033
v 0.39829 4.90401 0.46910
v 0.16005 4.87053 0.58496
v -0.10438 4.83337 0.58496
v -0.34262 4.79988 0.46910
v -0.50749 4.77671 0.26033
v -0.56633 4.76844 0.00000
v -0.50749 4.77671 -0.26033
v -0.34262 4.79988 -0.46910
v -0.10438 4.83337 -0.58496
v 0.16005 4.87053 -0.58496
v 0.39829 4.90401 -0.46910
v 0.56316 4.92718 -0.26033
v 1.24619 5.16455 0.00000
v 1.12360 5.14732 0.54235
v 0.78013 5.09905 0.97729
v 0.28379 5.02930 1.21866
v -0.26709 4.95187 1.21866
v -0.76343 4.88212 0.97729
v -1.10690 4.83385 0.54235
v -1.22948 4.81662 0.00000
v -1.10690 4.83385 -0.54235
v -0.76343 4.88212 -0.97729
v -0.26709 4.95187 -1.21866
v 0.28379 5.02930 -1.21866
v 0.78013 5.09905 -0.97729
v 1.12360 5.14732 -0.54235
v 1.40340 5.26743 0.00000
v 1.26414 5.24786 0.61611
v 0.87396 5.19302 1.11020
v 0.31012 5.11378 1.38440
v -0.31569 5.02583 1.38440
v -0.87952 4.94659 1.11020
v -1.26971 4.89175 0.61611
v -1.40896 4.87218 0.00000
v -1.26971 4.89175 -0.61611
v -0.87952 4.94659 -1.11020
v -0.31569 5.02583 -1.38440
v 0.31012 5.11378 -1.38440
v 0.87396 5.19302 -1.11020
v 1.26414 5.24786 -0.61611
v 1.27343 5.32995 0.00000
v 1.14594 5.31203 0.56405
v 0.78873 5.26183 1.01638
v 0.27254 5.18929 1.26741
v -0.30038 5.10877 1.26741
v -0.81657 5.03622 1.01638
v -1.17378 4.98602 0.56405
v -1.30127 4.96810 0.00000
v -1.17378 4.98602 -0.56405
v -0.81657 5.03622 -1.01638
v -0.30038 5.10877 -1.26741
v 0.27254 5.18929 -1.26741
v 0.78873 5.26183 -1.01638
v 1.14594 5.31203 -0.56405
v 0.71487 5.35243 0.00000
v 0.64132 5.34210 0.32541
v 0.43523 5.31313 0.58637
v 0.13743 5.27128 0.73120
v -0.19310 5.22483 0.73120
v -0.49090 5.18297 0.58637
v -0.69699 5.15401 0.32541
v -0.77054 5.14367 0.00000
v -0.69699 5.15401 -0.32541
v -0.49090 5.18297 -0.58637
v -0.19310 5.22483 -0.73120
v 0.13743 5.27128 -0.73120
v 0.43523 5.31313 -0.58637
v 0.64132 5.34210 -0.32541
v -0.03340 5.28766 0.00000
v 0.56911 5.31175 0.00000
v 0.45564 5.29580 0.35267
v 0.15855 5.25405 0.57063
v -0.20866 5.20244 0.57063
v -0.50574 5.16069 0.35267
v -0.61921 5.14474 0.00000
v -0.50574 5.16069 -0.35267
v -0.20866 5.20244 -0.57063
v 0.15855 5.25405 -0.57063
v 0.45564 5.29580 -0.35267
v 0.44776 5.59765 0.00000
v 0.34948 5.58383 0.30542
v 0.09220 5.54768 0.49418
v -0.22581 5.50298 0.49418
v -0.48309 5.46682 0.30542
v -0.58136 5.45301 0.00000
v -0.48309 5.46682 -0.30542
v -0.22581 5.50298 -0.49418
v 0.09220 5.54768 -0.49418
v 0.34948 5.58383 -0.30542
v 0.19971 5.78456 0.00000
v 0.14298 5.77658 0.17634
v -0.00556 5.75571 0.28532
v -0.18917 5.72990 0.28532
v -0.33771 5.70903 0.17634
v -0.39445 5.70105 0.00000
v -0.33771 5.70903 -0.17634
v -0.18917 5.72990 -0.28532
v -0.00556 5.75571 -0.28532
v 0.14298 5.77658 -0.17634
v -0.10856 5.82241 0.00000
v 1.42877 5.23060 0.00000
v 1.28755 5.21076 0.62479
v 0.89187 5.15515 1.12584
v 0.32010 5.07479 1.40390
v -0.31453 4.98560 1.40390
v -0.88630 4.90524 1.12584
v -1.28199 4.84963 0.62479
v -1.42320 4.82979 0.00000
v -1.28199 4.84963 -0.62479
v -0.88630 4.90524 -1.12584
v -0.31453 4.98560 -1.40390
v 0.32010 5.07479 -1.40390
v 0.89187 5.15515 -1.12584
v 1.28755 5.21076 -0.62479
v 1.42181 5.28012 0.00000
v 1.28059 5.26027 0.62479
v 0.88491 5.20466 1.12584
v 0.31314 5.12430 1.40390
v -0.32149 5.03511 1.40390
v -0.89326 4.95475 1.12584
v -1.28894 4.89915 0.62479
v -1.43016 4.87930 0.00000
v -1.28894 4.89915 -0.62479
v -0.89326 4.95475 -1.12584
v -0.32149 5.03511 -1.40390
v 0.31314 5.12430 -1.40390
v 0.88491 5.20466 -1.12584
v 1.28059 5.26027 -0.62479
v 0.53689 4.82251 0.00000
v 0.44232 4.80922 0.29389
v 0.19476 4.77442 0.47553
v -0.11125 4.73142 0.47553
v -0.35882 4.69662 0.29389
v -0.45338 4.68333 0.00000
v -0.35882 4.69662 -0.29389
v -0.11125 4.73142 -0.47553
v 0.19476 4.77442 -0.47553
v 0.44232 4.80922 -0.29389
v 0.44653 4.89059 0.00000
v 0.36710 4.87943 0.24687
v 0.15914 4.85020 0.39944
v -0.09791 4.81408 0.39944
v -0.30586 4.78485 0.24687
v -0.38529 4.77369 0.00000
v -0.30586 4.78485 -0.24687
v -0.09791 4.81408 -0.39944
v 0.15914 4.85020 -0.39944
v 0.36710 4.87943 -0.24687
v 1.39473 5.18543 0.00000
v 1.44579 5.25319 0.00000
v 1.40474 5.24742 0.05706
v 1.33831 5.23809 0.03527
v 1.33831 5.23809 -0.03527
v 1.40474 5.24742 -0.05706
v 1.37802 5.30426 0.00000
v 1.12995 5.14821 0.82290
v 1.18102 5.21598 0.82290
v 1.13996 5.21021 0.87996
v 1.07353 5.20088 0.85817
v 1.07353 5.20088 0.78763
v 1.13996 5.21021 0.76584
v 1.11325 5.26705 0.82290
v 0.43676 5.05079 1.33148
v 0.48783 5.11856 1.33148
v 0.44677 5.11279 1.38854
v 0.38034 5.10345 1.36675
v 0.38034 5.10345 1.29621
v 0.44677 5.11279 1.27442
v 0.42006 5.16963 1.33148
v -0.42006 4.93037 1.33148
v -0.36900 4.99814 1.33148
v -0.41005 4.99237 1.38854
v -0.47648 4.98303 1.36675
v -0.47648 4.98303 1.29621
v -0.41005 4.99237 1.27442
v -0.43676 5.04921 1.33148
v -1.11325 4.83295 0.82290
v -1.06219 4.90072 0.82290
v -1.10324 4.89495 0.87996
v -1.16967 4.88561 0.85817
v -1.16967 4.88561 0.78763
v -1.10324 4.89495 0.76584
v -1.12995 4.95179 0.82290
v -1.37802 4.79574 0.00000
v -1.32696 4.86351 0.00000
v -1.36801 4.85774 0.05706
v -1.43444 4.84840 0.03527
v -1.43444 4.84840 -0.03527
v -1.36801 4.85774 -0.05706
v -1.39473 4.91457 0.00000
v -1.11325 4.83295 -0.82290
v -1.06219 4.90072 -0.82290
v -1.10324 4.89495 -0.76584
v -1.16967 4.88561 -0.78763
v -1.16967 4.88561 -0.85817
v -1.10324 4.89495 -0.87996
v -1.12995 4.95179 -0.82290
v -0.42006 4.93037 -1.33148
v -0.36900 4.99814 -1.33148
v -0.41005 4.99237 -1.27442
v -0.47648 4.98303 -1.29621
v -0.47648 4.98303 -1.36675
v -0.41005 4.99237 -1.38854
v -0.43676 5.04921 -1.33148
v 0.43676 5.05079 -1.33148
v 0.48783 5.11856 -1.33148
v 0.44677 5.11279 -1.27442
v 0.38034 5.10345 -1.29621
v 0.38034 5.10345 -1.36675
v 0.44677 5.11279 -1.38854
v 0.42006 5.16963 -1.33148
v 1.12995 5.14821 -0.82290
v 1.18102 5.21598 -0.82290
v 1.13996 5.21021 -0.76584
v 1.07353 5.20088 -0.78763
v 1.07353 5.20088 -0.85817
v 1.13996 5.21021 -0.87996
v 1.11325 5.26705 -0.82290
v -0.14827 5.55757 0.00000
v 0.00971 5.59493 0.00000
v -0.11701 5.30648 0.00000
v 0.05040 5.31843 0.00000
v -0.04343 5.35904 0.14226
v -0.06555 5.51638 0.11482
v -0.04601 5.37741 -0.11225
v -0.06880 5.53953 -0.15264
v 0.06743 5.46341 -0.07683
v 0.06622 5.46324 0.07607
v -0.21450 5.42379 -0.09913
v -0.18901 5.42737 0.08322
v -0.00043 5.48417 0.12000
v 0.04213 5.54064 0.12000
v -0.00739 5.53368 0.17000
v -0.05690 5.52672 0.12000
v -0.00739 5.53368 0.07000
v -0.01435 5.58319 0.12000
v -0.11926 5.46746 0.12000
v -0.07671 5.52394 0.12000
v -0.12622 5.51698 0.17000
v -0.17573 5.51002 0.12000
v -0.12622 5.51698 0.07000
v -0.13318 5.56649 0.12000
v -0.08457 5.79548 0.00000
v -0.10438 5.79270 0.02000
v -0.12419 5.78992 0.00000
v -0.10438 5.79270 -0.02000
v -0.11937 6.04305 0.00000
v -0.13917 6.04027 0.02000
v -0.15898 6.03748 0.00000
v -0.13917 6.04027 -0.02000
v -0.13361 6.00066 0.00000
v -0.08254 6.06842 0.00000
v -0.12360 6.06265 0.05706
v -0.19003 6.05332 0.03527
v -0.19003 6.05332 -0.03527
v -0.12360 6.06265 -0.05706
v -0.15031 6.11949 0.00000
vn 0.1721 -0.9851 0.0076
vn 0.1655 -0.9860 0.0213
vn 0.1538 -0.9876 0.0308
vn 0.1391 -0.9897 0.0342
vn 0.1244 -0.9918 0.0308
vn 0.1126 -0.9934 0.0213
vn 0.1061 -0.9943 0.0076
vn 0.1061 -0.9943 -0.0076
vn 0.1126 -0.9934 -0.0213
vn 0.1244 -0.9918 -0.0308
vn 0.1391 -0.9897 -0.0342
vn 0.1538 -0.9876 -0.0308
vn 0.1655 -0.9860 -0.0213
vn 0.1721 -0.9851 -0.0076
vn 0.3442 -0.9377 0.0480
vn 0.3442 -0.9377 0.0480
vn 0.3029 -0.9435 0.1345
vn 0.3029 -0.9435 0.1345
vn 0.2286 -0.9539 0.1944
vn 0.2286 -0.9539 0.1944
vn 0.1359 -0.9670 0.2157
vn 0.1359 -0.9670 0.2157
vn 0.0432 -0.9800 0.1944
vn 0.0432 -0.9800 0.1944
vn -0.0311 -0.9904 0.1345
vn -0.0311 -0.9904 0.1345
vn -0.0724 -0.9962 0.0480
vn -0.0724 -0.9962 0.0480
vn -0.0724 -0.9962 -0.0480
vn -0.0724 -0.9962 -0.0480
vn -0.0311 -0.9904 -0.1345
vn -0.0311 -0.9904 -0.1345
vn 0.0432 -0.9800 -0.1944
vn 0.0432 -0.9800 -0.1944
vn 0.1359 -0.9670 -0.2157
vn 0.1359 -0.9670 -0.2157
vn 0.2286 -0.9539 -0.1944
vn 0.2286 -0.9539 -0.1944
vn 0.3029 -0.9435 -0.1345
vn 0.3029 -0.9435 -0.1345
vn 0.3442 -0.9377 -0.0480
vn 0.3442 -0.9377 -0.0480
vn 0.5450 -0.8328 0.0967
vn 0.5450 -0.8328 0.0967
vn 0.4619 -0.8445 0.2710
vn 0.4619 -0.8445 0.2710
vn 0.3121 -0.8656 0.3917
vn 0.3121 -0.8656 0.3917
vn 0.1253 -0.8918 0.4347
vn 0.1253 -0.8918 0.4347
vn -0.0614 -0.9181 0.3917
vn -0.0614 -0.9181 0.3917
vn -0.2112 -0.9391 0.2710
vn -0.2112 -0.9391 0.2710
vn -0.2943 -0.9508 0.0967
vn -0.2943 -0.9508 0.0967
vn -0.2943 -0.9508 -0.0967
vn -0.2943 -0.9508 -0.0967
vn -0.2112 -0.9391 -0.2710
vn -0.2112 -0.9391 -0.2710
vn -0.0614 -0.9181 -0.3917
vn -0.0614 -0.9181 -0.3917
vn 0.1253 -0.8918 -0.4347
vn 0.1253 -0.8918 -0.4347
vn 0.3121 -0.8656 -0.3917
vn 0.3121 -0.8656 -0.3917
vn 0.4619 -0.8445 -0.2710
vn 0.4619 -0.8445 -0.2710
vn 0.5450 -0.8328 -0.0967
vn 0.5450 -0.8328 -0.0967
vn 0.4301 0.8940 0.1256
vn 0.4301 0.8940 0.1256
vn 0.3221 0.8788 0.3519
vn 0.3221 0.8788 0.3519
vn 0.1276 0.8515 0.5086
vn 0.1276 0.8515 0.5086
vn -0.1149 0.8174 0.5645
vn -0.1149 0.8174 0.5645
vn -0.3574 0.7833 0.5086
vn -0.3574 0.7833 0.5086
vn -0.5519 0.7560 0.3519
vn -0.5519 0.7560 0.3519
vn -0.6598 0.7408 0.1256
vn -0.6598 0.7408 0.1256
vn -0.6598 0.7408 -0.1256
vn -0.6598 0.7408 -0.1256
vn -0.5519 0.7560 -0.3519
vn -0.5519 0.7560 -0.3519
vn -0.3574 0.7833 -0.5086
vn -0.3574 0.7833 -0.5086
vn -0.1149 0.8174 -0.5645
vn -0.1149 0.8174 -0.5645
vn 0.1276 0.8515 -0.5086
vn 0.1276 0.8515 -0.5086
vn 0.3221 0.8788 -0.3519
vn 0.3221 0.8788 -0.3519
vn 0.4301 0.8940 -0.1256
vn 0.4301 0.8940 -0.1256
vn 0.0402 0.9984 0.0408
vn 0.0402 0.9984 0.0408
vn 0.0051 0.9934 0.1143
vn 0.0051 0.9934 0.1143
vn -0.0580 0.9846 0.1652
vn -0.0580 0.9846 0.1652
vn -0.1368 0.9735 0.1833
vn -0.1368 0.9735 0.1833
vn -0.2156 0.9624 0.1652
vn -0.2156 0.9624 0.1652
vn -0.2788 0.9535 0.1143
vn -0.2788 0.9535 0.1143
vn -0.3138 0.9486 0.0408
vn -0.3138 0.9486 0.0408
vn -0.3138 0.9486 -0.0408
vn -0.3138 0.9486 -0.0408
vn -0.2788 0.9535 -0.1143
vn -0.2788 0.9535 -0.1143
vn -0.2156 0.9624 -0.1652
vn -0.2156 0.9624 -0.1652
vn -0.1368 0.9735 -0.1833
vn -0.1368 0.9735 -0.1833
vn -0.0580 0.9846 -0.1652
vn -0.0580 0.9846 -0.1652
vn 0.0051 0.9934 -0.1143
vn 0.0051 0.9934 -0.1143
vn 0.0402 0.9984 -0.0408
vn 0.0402 0.9984 -0.0408
vn -0.0862 0.9962 0.0122
vn -0.0967 0.9947 0.0341
vn -0.1155 0.9921 0.0492
vn -0.1390 0.9888 0.0546
vn -0.1624 0.9855 0.0492
vn -0.1813 0.9828 0.0341
vn -0.1917 0.9814 0.0122
vn -0.1917 0.9814 -0.0122
vn -0.1813 0.9828 -0.0341
vn -0.1624 0.9855 -0.0492
vn -0.1390 0.9888 -0.0546
vn -0.1155 0.9921 -0.0492
vn -0.0967 0.9947 -0.0341
vn -0.0862 0.9962 -0.0122
vn 0.8783 0.3728 0.2994
vn 0.8783 0.3728 0.2994
vn 0.5297 0.3238 0.7840
vn 0.5297 0.3238 0.7840
vn -0.0344 0.2445 0.9690
vn -0.0344 0.2445 0.9690
vn -0.5984 0.1653 0.7840
vn -0.5984 0.1653 0.7840
vn -0.9470 0.1163 0.2994
vn -0.9470 0.1163 0.2994
vn -0.9470 0.1163 -0.2994
vn -0.9470 0.1163 -0.2994
vn -0.5984 0.1653 -0.7840
vn -0.5984 0.1653 -0.7840
vn -0.0344 0.2445 -0.9690
vn -0.0344 0.2445 -0.9690
vn 0.5297 0.3238 -0.7840
vn 0.5297 0.3238 -0.7840
vn 0.8783 0.3728 -0.2994
vn 0.8783 0.3728 -0.2994
vn 0.5865 0.7784 0.2239
vn 0.5865 0.7784 0.2239
vn 0.3259 0.7417 0.5862
vn 0.3259 0.7417 0.5862
vn -0.0959 0.6824 0.7246
vn -0.0959 0.6824 0.7246
vn -0.5177 0.6232 0.5862
vn -0.5177 0.6232 0.5862
vn -0.7784 0.5865 0.2239
vn -0.7784 0.5865 0.2239
vn -0.7784 0.5865 -0.2239
vn -0.7784 0.5865 -0.2239
vn -0.5177 0.6232 -0.5862
vn -0.5177 0.6232 -0.5862
vn -0.0959 0.6824 -0.7246
vn -0.0959 0.6824 -0.7246
vn 0.3259 0.7417 -0.5862
vn 0.3259 0.7417 -0.5862
vn 0.5865 0.7784 -0.2239
vn 0.5865 0.7784 -0.2239
vn 0.1214 0.9891 0.0838
vn 0.0239 0.9753 0.2194
vn -0.1340 0.9532 0.2712
vn -0.2918 0.9310 0.2194
vn -0.3894 0.9173 0.0838
vn -0.3894 0.9173 -0.0838
vn -0.2918 0.9310 -0.2194
vn -0.1340 0.9532 -0.2712
vn 0.0239 0.9753 -0.2194
vn 0.1214 0.9891 -0.0838
vn 0.9654 0.1357 0.2225
vn 0.9654 0.1357 0.2225
vn 0.7742 0.1088 0.6235
vn 0.7742 0.1088 0.6235
vn 0.4297 0.0604 0.9010
vn 0.4297 0.0604 0.9010
vn 0.0000 0.0000 1.0000
vn 0.0000 0.0000 1.0000
vn -0.4297 -0.0604 0.9010
vn -0.4297 -0.0604 0.9010
vn -0.7742 -0.1088 0.6235
vn -0.7742 -0.1088 0.6235
vn -0.9654 -0.1357 0.2225
vn -0.9654 -0.1357 0.2225
vn -0.9654 -0.1357 -0.2225
vn -0.9654 -0.1357 -0.2225
vn -0.7742 -0.1088 -0.6235
vn -0.7742 -0.1088 -0.6235
vn -0.4297 -0.0604 -0.9010
vn -0.4297 -0.0604 -0.9010
vn 0.0000 0.0000 -1.0000
vn 0.0000 0.0000 -1.0000
vn 0.4297 0.0604 -0.9010
vn 0.4297 0.0604 -0.9010
vn 0.7742 0.1088 -0.6235
vn 0.7742 0.1088 -0.6235
vn 0.9654 0.1357 -0.2225
vn 0.9654 0.1357 -0.2225
vn 0.5865 0.7784 0.2239
vn 0.5865 0.7784 0.2239
vn 0.3259 0.7417 0.5862
vn 0.3259 0.7417 0.5862
vn -0.0959 0.6824 0.7246
vn -0.0959 0.6824 0.7246
vn -0.5177 0.6232 0.5862
vn -0.5177 0.6232 0.5862
vn -0.7784 0.5865 0.2239
vn -0.7784 0.5865 0.2239
vn -0.7784 0.5865 -0.2239
vn -0.7784 0.5865 -0.2239
vn -0.5177 0.6232 -0.5862
vn -0.5177 0.6232 -0.5862
vn -0.0959 0.6824 -0.7246
vn -0.0959 0.6824 -0.7246
vn 0.3259 0.7417 -0.5862
vn 0.3259 0.7417 -0.5862
vn 0.5865 0.7784 -0.2239
vn 0.5865 0.7784 -0.2239
vn -0.1392 0.9903 -0.0000
vn -0.1392 0.9903 0.0000
vn -0.1392 0.9903 -0.0000
vn -0.1392 0.9903 0.0000
vn -0.1392 0.9903 -0.0000
vn -0.1392 0.9903 0.0000
vn -0.1392 0.9903 0.0000
vn -0.1392 0.9903 0.0000
vn 0.1392 -0.9903 -0.0000
vn 0.1392 -0.9903 0.0000
vn 0.1392 -0.9903 -0.0000
vn 0.1392 -0.9903 0.0000
vn 0.1392 -0.9903 -0.0000
vn 0.1392 -0.9903 0.0000
vn 0.1392 -0.9903 -0.0000
vn 0.1392 -0.9903 0.0000
vn 0.7104 -0.5353 0.4570
vn -0.1504 -0.6563 0.7394
vn -0.6823 -0.7310 -0.0000
vn -0.1504 -0.6563 -0.7394
vn 0.7104 -0.5353 -0.4570
vn 0.5353 0.7104 0.4570
vn -0.3254 0.5894 0.7394
vn -0.8574 0.5146 0.0000
vn -0.3254 0.5894 -0.7394
vn 0.5353 0.7104 -0.4570
vn 0.7104 -0.5353 0.4570
vn -0.1504 -0.6563 0.7394
vn -0.6823 -0.7310 -0.0000
vn -0.1504 -0.6563 -0.7394
vn 0.7104 -0.5353 -0.4570
vn 0.5353 0.7104 0.4570
vn -0.3254 0.5894 0.7394
vn -0.8574 0.5146 0.0000
vn -0.3254 0.5894 -0.7394
vn 0.5353 0.7104 -0.4570
vn 0.7104 -0.5353 0.4570
vn -0.1504 -0.6563 0.7394
vn -0.6823 -0.7310 -0.0000
vn -0.1504 -0.6563 -0.7394
vn 0.7104 -0.5353 -0.4570
vn 0.5353 0.7104 0.4570
vn -0.3254 0.5894 0.7394
vn -0.8574 0.5146 0.0000
vn -0.3254 0.5894 -0.7394
vn 0.5353 0.7104 -0.4570
vn 0.7104 -0.5353 0.4570
vn -0.1504 -0.6563 0.7394
vn -0.6823 -0.7310 -0.0000
vn -0.1504 -0.6563 -0.7394
vn 0.7104 -0.5353 -0.4570
vn 0.5353 0.7104 0.4570
vn -0.3254 0.5894 0.7394
vn -0.8574 0.5146 0.0000
vn -0.3254 0.5894 -0.7394
vn 0.5353 0.7104 -0.4570
vn 0.7104 -0.5353 0.4570
vn -0.1504 -0.6563 0.7394
vn -0.6823 -0.7310 -0.0000
vn -0.1504 -0.6563 -0.7394
vn 0.7104 -0.5353 -0.4570
vn 0.5353 0.7104 0.4570
vn -0.3254 0.5894 0.7394
vn -0.8574 0.5146 0.0000
vn -0.3254 0.5894 -0.7394
vn 0.5353 0.7104 -0.4570
vn 0.7104 -0.5353 0.4570
vn -0.1504 -0.6563 0.7394
vn -0.6823 -0.7310 -0.0000
vn -0.1504 -0.6563 -0.7394
vn 0.7104 -0.5353 -0.4570
vn 0.5353 0.7104 0.4570
vn -0.3254 0.5894 0.7394
vn -0.8574 0.5146 0.0000
vn -0.3254 0.5894 -0.7394
vn 0.5353 0.7104 -0.4570
vn 0.7104 -0.5353 0.4570
vn -0.1504 -0.6563 0.7394
vn -0.6823 -0.7310 -0.0000
vn -0.1504 -0.6563 -0.7394
vn 0.7104 -0.5353 -0.4570
vn 0.5353 0.7104 0.4570
vn -0.3254 0.5894 0.7394
vn -0.8574 0.5146 0.0000
vn -0.3254 0.5894 -0.7394
vn 0.5353 0.7104 -0.4570
vn 0.7104 -0.5353 0.4570
vn -0.1504 -0.6563 0.7394
vn -0.6823 -0.7310 -0.0000
vn -0.1504 -0.6563 -0.7394
vn 0.7104 -0.5353 -0.4570
vn 0.5353 0.7104 0.4570
vn -0.3254 0.5894 0.7394
vn -0.8574 0.5146 0.0000
vn -0.3254 0.5894 -0.7394
vn 0.5353 0.7104 -0.4570
vn 0.7104 -0.5353 0.4570
vn -0.1504 -0.6563 0.7394
vn -0.6823 -0.7310 -0.0000
vn -0.1504 -0.6563 -0.7394
vn 0.7104 -0.5353 -0.4570
vn 0.5353 0.7104 0.4570
vn -0.3254 0.5894 0.7394
vn -0.8574 0.5146 0.0000
vn -0.3254 0.5894 -0.7394
vn 0.5353 0.7104 -0.4570
vn 0.7104 -0.5353 0.4570
vn -0.1504 -0.6563 0.7394
vn -0.6823 -0.7310 -0.0000
vn -0.1504 -0.6563 -0.7394
vn 0.7104 -0.5353 -0.4570
vn 0.5353 0.7104 0.4570
vn -0.3254 0.5894 0.7394
vn -0.8574 0.5146 0.0000
vn -0.3254 0.5894 -0.7394
vn 0.5353 0.7104 -0.4570
vn -0.5613 0.5632 0.6064
vn -0.2046 0.8652 0.4578
vn -0.2240 0.9474 -0.2286
vn -0.6544 0.6318 -0.4154
vn -0.9224 0.3665 0.1218
vn 0.4366 0.5831 0.6851
vn -0.3252 0.1180 0.9383
vn -0.8124 -0.5697 0.1248
vn -0.1455 -0.2584 -0.9550
vn 0.6188 0.5807 -0.5290
vn 0.7165 -0.3842 0.5822
vn 0.0676 -0.9467 0.3148
vn 0.0615 -0.8609 -0.5051
vn 0.5540 -0.4397 -0.7069
vn 0.9936 -0.1127 0.0078
vn 0.3524 0.2087 0.9123
vn -0.5266 -0.6720 0.5206
vn -0.2519 -0.7382 -0.6258
vn 0.4067 -0.1666 -0.8982
vn 0.9173 0.3981 0.0077
vn 0.6521 -0.4914 0.5774
vn -0.4914 -0.6521 0.5774
vn -0.4914 -0.6521 -0.5774
vn 0.6521 -0.4914 -0.5774
vn 0.4914 0.6521 0.5774
vn -0.6521 0.4914 0.5774
vn -0.6521 0.4914 -0.5774
vn 0.4914 0.6521 -0.5774
vn 0.6521 -0.4914 0.5774
vn -0.4914 -0.6521 0.5774
vn -0.4914 -0.6521 -0.5774
vn 0.6521 -0.4914 -0.5774
vn 0.4914 0.6521 0.5774
vn -0.6521 0.4914 0.5774
vn -0.6521 0.4914 -0.5774
vn 0.4914 0.6521 -0.5774
vn 0.7002 0.0984 0.7071
vn 0.7002 0.0984 0.7071
vn -0.7002 -0.0984 0.7071
vn -0.7002 -0.0984 0.7071
vn -0.7002 -0.0984 -0.7071
vn -0.7002 -0.0984 -0.7071
vn 0.7002 0.0984 -0.7071
vn 0.7002 0.0984 -0.7071
vn -0.1392 0.9903 0.0000
vn -0.1392 0.9903 0.0000
vn 0.1392 -0.9903 -0.0000
vn 0.1392 -0.9903 0.0000
vn 0.7104 -0.5353 0.4570
vn -0.1504 -0.6563 0.7394
vn -0.6823 -0.7310 -0.0000
vn -0.1504 -0.6563 -0.7394
vn 0.7104 -0.5353 -0.4570
vn 0.5353 0.7104 0.4570
vn -0.3254 0.5894 0.7394
vn -0.8574 0.5146 0.0000
vn -0.3254 0.5894 -0.7394
vn 0.5353 0.7104 -0.4570
vn -0.9654 -0.1357 -0.2225
vn -0.9654 -0.1357 -0.2225
vn -0.7742 -0.1088 -0.6235
vn -0.7742 -0.1088 -0.6235
vn -0.4297 -0.0604 -0.9010
vn -0.4297 -0.0604 -0.9010
vn 0.0000 0.0000 -1.0000
vn -0.0000 0.0000 -1.0000
vn 0.4297 0.0604 -0.9010
vn 0.4297 0.0604 -0.9010
vn 0.7742 0.1088 -0.6235
vn 0.7742 0.1088 -0.6235
vn 0.9654 0.1357 -0.2225
vn 0.9654 0.1357 -0.2225
vn 0.9654 0.1357 0.2225
vn 0.9654 0.1357 0.2225
vn 0.7742 0.1088 0.6235
vn 0.7742 0.1088 0.6235
vn 0.4297 0.0604 0.9010
vn 0.4297 0.0604 0.9010
vn 0.0000 0.0000 1.0000
vn 0.0000 -0.0000 1.0000
vn -0.4297 -0.0604 0.9010
vn -0.4297 -0.0604 0.9010
vn -0.7742 -0.1088 0.6235
vn -0.7742 -0.1088 0.6235
vn -0.9654 -0.1357 0.2225
vn -0.9654 -0.1357 0.2225
usemtl Mat_Brass
f 2143//3709 2144//3709 2142//3709
f 2144//3710 2145//3710 2142//3710
f 2145//3711 2146//3711 2142//3711
f 2146//3712 2147//3712 2142//3712
f 2147//3713 2148//3713 2142//3713
f 2148//3714 2149//3714 2142//3714
f 2149//3715 2150//3715 2142//3715
f 2150//3716 2151//3716 2142//3716
f 2151//3717 2152//3717 2142//3717
f 2152//3718 2153//3718 2142//3718
f 2153//3719 2154//3719 2142//3719
f 2154//3720 2155//3720 2142//3720
f 2155//3721 2156//3721 2142//3721
f 2156//3722 2143//3722 2142//3722
f 2157//3723 2158//3723 2144//3723
f 2157//3724 2144//3724 2143//3724
f 2158//3725 2159//3725 2145//3725
f 2158//3726 2145//3726 2144//3726
f 2159//3727 2160//3727 2146//3727
f 2159//3728 2146//3728 2145//3728
f 2160//3729 2161//3729 2147//3729
f 2160//3730 2147//3730 2146//3730
f 2161//3731 2162//3731 2148//3731
f 2161//3732 2148//3732 2147//3732
f 2162//3733 2163//3733 2149//3733
f 2162//3734 2149//3734 2148//3734
f 2163//3735 2164//3735 2150//3735
f 2163//3736 2150//3736 2149//3736
f 2164//3737 2165//3737 2151//3737
f 2164//3738 2151//3738 2150//3738
f 2165//3739 2166//3739 2152//3739
f 2165//3740 2152//3740 2151//3740
f 2166//3741 2167//3741 2153//3741
f 2166//3742 2153//3742 2152//3742
f 2167//3743 2168//3743 2154//3743
f 2167//3744 2154//3744 2153//3744
f 2168//3745 2169//3745 2155//3745
f 2168//3746 2155//3746 2154//3746
f 2169//3747 2170//3747 2156//3747
f 2169//3748 2156//3748 2155//3748
f 2170//3749 2157//3749 2143//3749
f 2170//3750 2143//3750 2156//3750
f 2171//3751 2172//3751 2158//3751
f 2171//3752 2158//3752 2157//3752
f 2172//3753 2173//3753 2159//3753
f 2172//3754 2159//3754 2158//3754
f 2173//3755 2174//3755 2160//3755
f 2173//3756 2160//3756 2159//3756
f 2174//3757 2175//3757 2161//3757
f 2174//3758 2161//3758 2160//3758
f 2175//3759 2176//3759 2162//3759
f 2175//3760 2162//3760 2161//3760
f 2176//3761 2177//3761 2163//3761
f 2176//3762 2163//3762 2162//3762
f 2177//3763 2178//3763 2164//3763
f 2177//3764 2164//3764 2163//3764
f 2178//3765 2179//3765 2165//3765
f 2178//3766 2165//3766 2164//3766
f 2179//3767 2180//3767 2166//3767
f 2179//3768 2166//3768 2165//3768
f 2180//3769 2181//3769 2167//3769
f 2180//3770 2167//3770 2166//3770
f 2181//3771 2182//3771 2168//3771
f 2181//3772 2168//3772 2167//3772
f 2182//3773 2183//3773 2169//3773
f 2182//3774 2169//3774 2168//3774
f 2183//3775 2184//3775 2170//3775
f 2183//3776 2170//3776 2169//3776
f 2184//3777 2171//3777 2157//3777
f 2184//3778 2157//3778 2170//3778
f 2185//3779 2186//3779 2172//3779
f 2185//3780 2172//3780 2171//3780
f 2186//3781 2187//3781 2173//3781
f 2186//3782 2173//3782 2172//3782
f 2187//3783 2188//3783 2174//3783
f 2187//3784 2174//3784 2173//3784
f 2188//3785 2189//3785 2175//3785
f 2188//3786 2175//3786 2174//3786
f 2189//3787 2190//3787 2176//3787
f 2189//3788 2176//3788 2175//3788
f 2190//3789 2191//3789 2177//3789
f 2190//3790 2177//3790 2176//3790
f 2191//3791 2192//3791 2178//3791
f 2191//3792 2178//3792 2177//3792
f 2192//3793 2193//3793 2179//3793
f 2192//3794 2179//3794 2178//3794
f 2193//3795 2194//3795 2180//3795
f 2193//3796 2180//3796 2179//3796
f 2194//3797 2195//3797 2181//3797
f 2194//3798 2181//3798 2180//3798
f 2195//3799 2196//3799 2182//3799
f 2195//3800 2182//3800 2181//3800
f 2196//3801 2197//3801 2183//3801
f 2196//3802 2183//3802 2182//3802
f 2197//3803 2198//3803 2184//3803
f 2197//3804 2184//3804 2183//3804
f 2198//3805 2185//3805 2171//3805
f 2198//3806 2171//3806 2184//3806
f 2199//3807 2200//3807 2186//3807
f 2199//3808 2186//3808 2185//3808
f 2200//3809 2201//3809 2187//3809
f 2200//3810 2187//3810 2186//3810
f 2201//3811 2202//3811 2188//3811
f 2201//3812 2188//3812 2187//3812
f 2202//3813 2203//3813 2189//3813
f 2202//3814 2189//3814 2188//3814
f 2203//3815 2204//3815 2190//3815
f 2203//3816 2190//3816 2189//3816
f 2204//3817 2205//3817 2191//3817
f 2204//3818 2191//3818 2190//3818
f 2205//3819 2206//3819 2192//3819
f 2205//3820 2192//3820 2191//3820
f 2206//3821 2207//3821 2193//3821
f 2206//3822 2193//3822 2192//3822
f 2207//3823 2208//3823 2194//3823
f 2207//3824 2194//3824 2193//3824
f 2208//3825 2209//3825 2195//3825
f 2208//3826 2195//3826 2194//3826
f 2209//3827 2210//3827 2196//3827
f 2209//3828 2196//3828 2195//3828
f 2210//3829 2211//3829 2197//3829
f 2210//3830 2197//3830 2196//3830
f 2211//3831 2212//3831 2198//3831
f 2211//3832 2198//3832 2197//3832
f 2212//3833 2199//3833 2185//3833
f 2212//3834 2185//3834 2198//3834
f 2213//3835 2200//3835 2199//3835
f 2213//3836 2201//3836 2200//3836
f 2213//3837 2202//3837 2201//3837
f 2213//3838 2203//3838 2202//3838
f 2213//3839 2204//3839 2203//3839
f 2213//3840 2205//3840 2204//3840
f 2213//3841 2206//3841 2205//3841
f 2213//3842 2207//3842 2206//3842
f 2213//3843 2208//3843 2207//3843
f 2213//3844 2209//3844 2208//3844
f 2213//3845 2210//3845 2209//3845
f 2213//3846 2211//3846 2210//3846
f 2213//3847 2212//3847 2211//3847
f 2213//3848 2199//3848 2212//3848
usemtl Mat_Glass
f 2224//3849 2225//3849 2215//3849
f 2224//3850 2215//3850 2214//3850
f 2225//3851 2226//3851 2216//3851
f 2225//3852 2216//3852 2215//3852
f 2226//3853 2227//3853 2217//3853
f 2226//3854 2217//3854 2216//3854
f 2227//3855 2228//3855 2218//3855
f 2227//3856 2218//3856 2217//3856
f 2228//3857 2229//3857 2219//3857
f 2228//3858 2219//3858 2218//3858
f 2229//3859 2230//3859 2220//3859
f 2229//3860 2220//3860 2219//3860
f 2230//3861 2231//3861 2221//3861
f 2230//3862 2221//3862 2220//3862
f 2231//3863 2232//3863 2222//3863
f 2231//3864 2222//3864 2221//3864
f 2232//3865 2233//3865 2223//3865
f 2232//3866 2223//3866 2222//3866
f 2233//3867 2224//3867 2214//3867
f 2233//3868 2214//3868 2223//3868
f 2234//3869 2235//3869 2225//3869
f 2234//3870 2225//3870 2224//3870
f 2235//3871 2236//3871 2226//3871
f 2235//3872 2226//3872 2225//3872
f 2236//3873 2237//3873 2227//3873
f 2236//3874 2227//3874 2226//3874
f 2237//3875 2238//3875 2228//3875
f 2237//3876 2228//3876 2227//3876
f 2238//3877 2239//3877 2229//3877
f 2238//3878 2229//3878 2228//3878
f 2239//3879 2240//3879 2230//3879
f 2239//3880 2230//3880 2229//3880
f 2240//3881 2241//3881 2231//3881
f 2240//3882 2231//3882 2230//3882
f 2241//3883 2242//3883 2232//3883
f 2241//3884 2232//3884 2231//3884
f 2242//3885 2243//3885 2233//3885
f 2242//3886 2233//3886 2232//3886
f 2243//3887 2234//3887 2224//3887
f 2243//3888 2224//3888 2233//3888
f 2244//3889 2235//3889 2234//3889
f 2244//3890 2236//3890 2235//3890
f 2244//3891 2237//3891 2236//3891
f 2244//3892 2238//3892 2237//3892
f 2244//3893 2239//3893 2238//3893
f 2244//3894 2240//3894 2239//3894
f 2244//3895 2241//3895 2240//3895
f 2244//3896 2242//3896 2241//3896
f 2244//3897 2243//3897 2242//3897
f 2244//3898 2234//3898 2243//3898
usemtl Mat_DarkMetal
f 2259//3899 2260//3899 2246//3899
f 2259//3900 2246//3900 2245//3900
f 2260//3901 2261//3901 2247//3901
f 2260//3902 2247//3902 2246//3902
f 2261//3903 2262//3903 2248//3903
f 2261//3904 2248//3904 2247//3904
f 2262//3905 2263//3905 2249//3905
f 2262//3906 2249//3906 2248//3906
f 2263//3907 2264//3907 2250//3907
f 2263//3908 2250//3908 2249//3908
f 2264//3909 2265//3909 2251//3909
f 2264//3910 2251//3910 2250//3910
f 2265//3911 2266//3911 2252//3911
f 2265//3912 2252//3912 2251//3912
f 2266//3913 2267//3913 2253//3913
f 2266//3914 2253//3914 2252//3914
f 2267//3915 2268//3915 2254//3915
f 2267//3916 2254//3916 2253//3916
f 2268//3917 2269//3917 2255//3917
f 2268//3918 2255//3918 2254//3918
f 2269//3919 2270//3919 2256//3919
f 2269//3920 2256//3920 2255//3920
f 2270//3921 2271//3921 2257//3921
f 2270//3922 2257//3922 2256//3922
f 2271//3923 2272//3923 2258//3923
f 2271//3924 2258//3924 2257//3924
f 2272//3925 2259//3925 2245//3925
f 2272//3926 2245//3926 2258//3926
usemtl Mat_NeonCyan
f 2283//3927 2284//3927 2274//3927
f 2283//3928 2274//3928 2273//3928
f 2284//3929 2285//3929 2275//3929
f 2284//3930 2275//3930 2274//3930
f 2285//3931 2286//3931 2276//3931
f 2285//3932 2276//3932 2275//3932
f 2286//3933 2287//3933 2277//3933
f 2286//3934 2277//3934 2276//3934
f 2287//3935 2288//3935 2278//3935
f 2287//3936 2278//3936 2277//3936
f 2288//3937 2289//3937 2279//3937
f 2288//3938 2279//3938 2278//3938
f 2289//3939 2290//3939 2280//3939
f 2289//3940 2280//3940 2279//3940
f 2290//3941 2291//3941 2281//3941
f 2290//3942 2281//3942 2280//3942
f 2291//3943 2292//3943 2282//3943
f 2291//3944 2282//3944 2281//3944
f 2292//3945 2283//3945 2273//3945
f 2292//3946 2273//3946 2282//3946
f 2292//3947 2291//3947 2290//3947
f 2292//3948 2290//3948 2289//3948
f 2292//3949 2289//3949 2288//3949
f 2292//3950 2288//3950 2287//3950
f 2292//3951 2287//3951 2286//3951
f 2292//3952 2286//3952 2285//3952
f 2292//3953 2285//3953 2284//3953
f 2292//3954 2284//3954 2283//3954
f 2273//3955 2274//3955 2275//3955
f 2273//3956 2275//3956 2276//3956
f 2273//3957 2276//3957 2277//3957
f 2273//3958 2277//3958 2278//3958
f 2273//3959 2278//3959 2279//3959
f 2273//3960 2279//3960 2280//3960
f 2273//3961 2280//3961 2281//3961
f 2273//3962 2281//3962 2282//3962
usemtl Mat_NeonGreen
f 2294//3963 2295//3963 2293//3963
f 2295//3964 2296//3964 2293//3964
f 2296//3965 2297//3965 2293//3965
f 2297//3966 2298//3966 2293//3966
f 2298//3967 2294//3967 2293//3967
f 2299//3968 2295//3968 2294//3968
f 2299//3969 2296//3969 2295//3969
f 2299//3970 2297//3970 2296//3970
f 2299//3971 2298//3971 2297//3971
f 2299//3972 2294//3972 2298//3972
usemtl Mat_NeonCyan
f 2301//3973 2302//3973 2300//3973
f 2302//3974 2303//3974 2300//3974
f 2303//3975 2304//3975 2300//3975
f 2304//3976 2305//3976 2300//3976
f 2305//3977 2301//3977 2300//3977
f 2306//3978 2302//3978 2301//3978
f 2306//3979 2303//3979 2302//3979
f 2306//3980 2304//3980 2303//3980
f 2306//3981 2305//3981 2304//3981
f 2306//3982 2301//3982 2305//3982
usemtl Mat_NeonGreen
f 2308//3983 2309//3983 2307//3983
f 2309//3984 2310//3984 2307//3984
f 2310//3985 2311//3985 2307//3985
f 2311//3986 2312//3986 2307//3986
f 2312//3987 2308//3987 2307//3987
f 2313//3988 2309//3988 2308//3988
f 2313//3989 2310//3989 2309//3989
f 2313//3990 2311//3990 2310//3990
f 2313//3991 2312//3991 2311//3991
f 2313//3992 2308//3992 2312//3992
usemtl Mat_NeonCyan
f 2315//3993 2316//3993 2314//3993
f 2316//3994 2317//3994 2314//3994
f 2317//3995 2318//3995 2314//3995
f 2318//3996 2319//3996 2314//3996
f 2319//3997 2315//3997 2314//3997
f 2320//3998 2316//3998 2315//3998
f 2320//3999 2317//3999 2316//3999
f 2320//4000 2318//4000 2317//4000
f 2320//4001 2319//4001 2318//4001
f 2320//4002 2315//4002 2319//4002
usemtl Mat_NeonGreen
f 2322//4003 2323//4003 2321//4003
f 2323//4004 2324//4004 2321//4004
f 2324//4005 2325//4005 2321//4005
f 2325//4006 2326//4006 2321//4006
f 2326//4007 2322//4007 2321//4007
f 2327//4008 2323//4008 2322//4008
f 2327//4009 2324//4009 2323//4009
f 2327//4010 2325//4010 2324//4010
f 2327//4011 2326//4011 2325//4011
f 2327//4012 2322//4012 2326//4012
usemtl Mat_NeonCyan
f 2329//4013 2330//4013 2328//4013
f 2330//4014 2331//4014 2328//4014
f 2331//4015 2332//4015 2328//4015
f 2332//4016 2333//4016 2328//4016
f 2333//4017 2329//4017 2328//4017
f 2334//4018 2330//4018 2329//4018
f 2334//4019 2331//4019 2330//4019
f 2334//4020 2332//4020 2331//4020
f 2334//4021 2333//4021 2332//4021
f 2334//4022 2329//4022 2333//4022
usemtl Mat_NeonGreen
f 2336//4023 2337//4023 2335//4023
f 2337//4024 2338//4024 2335//4024
f 2338//4025 2339//4025 2335//4025
f 2339//4026 2340//4026 2335//4026
f 2340//4027 2336//4027 2335//4027
f 2341//4028 2337//4028 2336//4028
f 2341//4029 2338//4029 2337//4029
f 2341//4030 2339//4030 2338//4030
f 2341//4031 2340//4031 2339//4031
f 2341//4032 2336//4032 2340//4032
usemtl Mat_NeonCyan
f 2343//4033 2344//4033 2342//4033
f 2344//4034 2345//4034 2342//4034
f 2345//4035 2346//4035 2342//4035
f 2346//4036 2347//4036 2342//4036
f 2347//4037 2343//4037 2342//4037
f 2348//4038 2344//4038 2343//4038
f 2348//4039 2345//4039 2344//4039
f 2348//4040 2346//4040 2345//4040
f 2348//4041 2347//4041 2346//4041
f 2348//4042 2343//4042 2347//4042
usemtl Mat_NeonGreen
f 2350//4043 2351//4043 2349//4043
f 2351//4044 2352//4044 2349//4044
f 2352//4045 2353//4045 2349//4045
f 2353//4046 2354//4046 2349//4046
f 2354//4047 2350//4047 2349//4047
f 2355//4048 2351//4048 2350//4048
f 2355//4049 2352//4049 2351//4049
f 2355//4050 2353//4050 2352//4050
f 2355//4051 2354//4051 2353//4051
f 2355//4052 2350//4052 2354//4052
usemtl Mat_NeonCyan
f 2357//4053 2358//4053 2356//4053
f 2358//4054 2359//4054 2356//4054
f 2359//4055 2360//4055 2356//4055
f 2360//4056 2361//4056 2356//4056
f 2361//4057 2357//4057 2356//4057
f 2362//4058 2358//4058 2357//4058
f 2362//4059 2359//4059 2358//4059
f 2362//4060 2360//4060 2359//4060
f 2362//4061 2361//4061 2360//4061
f 2362//4062 2357//4062 2361//4062
usemtl Mat_Brass
f 2363//4063 2374//4063 2368//4063
f 2363//4064 2368//4064 2364//4064
f 2363//4065 2364//4065 2370//4065
f 2363//4066 2370//4066 2373//4066
f 2363//4067 2373//4067 2374//4067
f 2364//4068 2368//4068 2372//4068
f 2368//4069 2374//4069 2367//4069
f 2374//4070 2373//4070 2365//4070
f 2373//4071 2370//4071 2369//4071
f 2370//4072 2364//4072 2371//4072
f 2366//4073 2372//4073 2367//4073
f 2366//4074 2367//4074 2365//4074
f 2366//4075 2365//4075 2369//4075
f 2366//4076 2369//4076 2371//4076
f 2366//4077 2371//4077 2372//4077
f 2367//4078 2372//4078 2368//4078
f 2365//4079 2367//4079 2374//4079
f 2369//4080 2365//4080 2373//4080
f 2371//4081 2369//4081 2370//4081
f 2372//4082 2371//4082 2364//4082
usemtl Mat_Void
f 2376//4083 2377//4083 2375//4083
f 2377//4084 2378//4084 2375//4084
f 2378//4085 2379//4085 2375//4085
f 2379//4086 2376//4086 2375//4086
f 2380//4087 2377//4087 2376//4087
f 2380//4088 2378//4088 2377//4088
f 2380//4089 2379//4089 2378//4089
f 2380//4090 2376//4090 2379//4090
f 2382//4091 2383//4091 2381//4091
f 2383//4092 2384//4092 2381//4092
f 2384//4093 2385//4093 2381//4093
f 2385//4094 2382//4094 2381//4094
f 2386//4095 2383//4095 2382//4095
f 2386//4096 2384//4096 2383//4096
f 2386//4097 2385//4097 2384//4097
f 2386//4098 2382//4098 2385//4098
usemtl Mat_Brass
f 2391//4099 2392//4099 2388//4099
f 2391//4100 2388//4100 2387//4100
f 2392//4101 2393//4101 2389//4101
f 2392//4102 2389//4102 2388//4102
f 2393//4103 2394//4103 2390//4103
f 2393//4104 2390//4104 2389//4104
f 2394//4105 2391//4105 2387//4105
f 2394//4106 2387//4106 2390//4106
f 2394//4107 2393//4107 2392//4107
f 2394//4108 2392//4108 2391//4108
f 2387//4109 2388//4109 2389//4109
f 2387//4110 2389//4110 2390//4110
usemtl Mat_NeonGreen
f 2396//4111 2397//4111 2395//4111
f 2397//4112 2398//4112 2395//4112
f 2398//4113 2399//4113 2395//4113
f 2399//4114 2400//4114 2395//4114
f 2400//4115 2396//4115 2395//4115
f 2401//4116 2397//4116 2396//4116
f 2401//4117 2398//4117 2397//4117
f 2401//4118 2399//4118 2398//4118
f 2401//4119 2400//4119 2399//4119
f 2401//4120 2396//4120 2400//4120
usemtl Mat_DarkMetal
f 2246//4121 2260//4121 2259//4121
f 2245//4122 2246//4122 2259//4122
f 2247//4123 2261//4123 2260//4123
f 2246//4124 2247//4124 2260//4124
f 2248//4125 2262//4125 2261//4125
f 2247//4126 2248//4126 2261//4126
f 2249//4127 2263//4127 2262//4127
f 2248//4128 2249//4128 2262//4128
f 2250//4129 2264//4129 2263//4129
f 2249//4130 2250//4130 2263//4130
f 2251//4131 2265//4131 2264//4131
f 2250//4132 2251//4132 2264//4132
f 2252//4133 2266//4133 2265//4133
f 2251//4134 2252//4134 2265//4134
f 2253//4135 2267//4135 2266//4135
f 2252//4136 2253//4136 2266//4136
f 2254//4137 2268//4137 2267//4137
f 2253//4138 2254//4138 2267//4138
f 2255//4139 2269//4139 2268//4139
f 2254//4140 2255//4140 2268//4140
f 2256//4141 2270//4141 2269//4141
f 2255//4142 2256//4142 2269//4142
f 2257//4143 2271//4143 2270//4143
f 2256//4144 2257//4144 2270//4144
f 2258//4145 2272//4145 2271//4145
f 2257//4146 2258//4146 2271//4146
f 2245//4147 2259//4147 2272//4147
f 2258//4148 2245//4148 2272//4148
o Bldg_Fountain_Cow
v -0.35058 4.27700 0.17124
v 0.05240 4.52605 -0.12255
v -0.07450 3.77269 0.13562
v 0.31947 4.05702 -0.16163
v 0.22280 4.07013 0.23349
v 0.04264 4.37406 0.25364
v -0.05702 3.96584 -0.23837
v -0.23870 4.25880 -0.22987
v 0.22280 4.33051 -0.36785
v 0.41118 4.41522 -0.09424
v -0.40344 3.92888 0.09120
v -0.24187 3.99733 0.37382
v -0.35792 4.12780 0.33432
v -0.13064 4.18626 0.40737
v -0.17408 4.34672 0.24035
v 0.05709 4.49990 0.07248
v -0.18094 4.46356 0.02750
v -0.11271 4.46499 -0.22676
v -0.35477 4.28939 -0.03204
v -0.38660 4.07264 -0.07636
v -0.49947 4.07761 0.17299
v -0.37585 3.92901 0.27124
v 0.28761 4.45505 0.10156
v 0.26907 4.52592 -0.12806
v -0.01945 4.01330 0.35025
v 0.14725 4.23088 0.27101
v -0.28688 3.80232 0.13104
v -0.20251 3.81774 0.32845
v -0.16587 4.09777 -0.27133
v -0.29215 3.88648 -0.09478
v 0.18033 4.50226 -0.31704
v 0.00293 4.32192 -0.36118
v 0.45124 4.24621 -0.15947
v 0.34911 4.25172 0.07472
v 0.30950 4.05017 0.03189
v 0.08422 3.89763 0.20408
v 0.16543 3.86332 -0.02515
v -0.07628 3.81800 -0.07234
v 0.16250 3.97674 -0.24552
v 0.10921 4.14389 -0.38989
v 0.34260 4.20173 -0.33329
v 0.37495 4.41065 -0.28045
v 0.03616 4.69427 -0.32505
v 0.27416 4.43889 -0.39977
v 0.41550 4.49897 -0.15496
v 0.17751 4.75436 -0.08023
v 0.23665 4.86753 -0.44921
v 0.42705 4.66322 -0.50899
v 0.54012 4.71129 -0.31314
v 0.34973 4.91560 -0.25336
v 0.45485 4.45527 -0.48804
v 0.61305 4.55676 -0.60429
v 0.73776 4.60978 -0.38828
v 0.57956 4.50829 -0.27203
v 0.37012 4.60209 -0.47517
v 0.52833 4.70358 -0.59141
v 0.65304 4.75660 -0.37540
v 0.49484 4.65511 -0.25916
v 0.66445 4.65957 -0.42842
v 0.67000 4.69330 -0.43990
v 0.66422 4.68690 -0.40488
v 0.63349 4.66988 -0.41307
v 0.63927 4.67629 -0.44809
v 0.63904 4.70362 -0.42455
v 0.59794 4.63130 -0.54362
v 0.60348 4.66503 -0.55510
v 0.59770 4.65862 -0.52009
v 0.56698 4.64161 -0.52828
v 0.57276 4.64802 -0.56329
v 0.57252 4.67534 -0.53976
v 0.20938 4.79433 -0.35743
v 0.19111 4.76492 -0.36751
v 0.21352 4.76056 -0.39542
v 0.23180 4.78997 -0.38534
v 0.09326 4.90433 -0.46790
v 0.07499 4.87492 -0.47798
v 0.09741 4.87056 -0.50589
v 0.11568 4.89997 -0.49581
v 0.16109 4.60111 -0.46963
v 0.19760 4.62453 -0.49646
v 0.16898 4.75487 -0.42162
v 0.13247 4.73145 -0.39479
v 0.08103 4.63107 -0.55242
v 0.11754 4.65449 -0.57925
v 0.08892 4.78483 -0.50441
v 0.05241 4.76142 -0.47758
v 0.32114 4.70143 -0.47127
v 0.33038 4.75765 -0.49040
v 0.32913 4.75257 -0.44071
v 0.28756 4.72754 -0.42880
v 0.26313 4.71715 -0.47112
v 0.28959 4.73576 -0.50919
v 0.27878 4.77484 -0.46483
v -0.23406 3.87055 0.00322
v -0.29154 3.84061 -0.02308
v -0.32638 3.81066 0.02966
v -0.29044 3.82209 0.08856
v -0.23338 3.85910 0.07222
v -0.06500 3.58852 -0.04523
v -0.12248 3.55858 -0.07154
v -0.15732 3.52863 -0.01880
v -0.12137 3.54006 0.04011
v -0.06431 3.57707 0.02377
v -0.06046 3.58785 -0.04787
v -0.12165 3.55501 -0.07606
v -0.16134 3.52710 -0.01895
v -0.12469 3.54268 0.04453
v -0.06234 3.58022 0.02666
v -0.03505 3.54380 -0.05173
v -0.09623 3.51097 -0.07992
v -0.13593 3.48305 -0.02281
v -0.09928 3.49863 0.04067
v -0.03693 3.53618 0.02280
v 0.25272 4.18281 -0.35446
v 0.19524 4.15287 -0.38077
v 0.16039 4.12292 -0.32802
v 0.19634 4.13435 -0.26912
v 0.25340 4.17137 -0.28546
v 0.42178 3.90078 -0.40292
v 0.36430 3.87084 -0.42922
v 0.32946 3.84090 -0.37648
v 0.36541 3.85233 -0.31758
v 0.42246 3.88934 -0.33391
v 0.42632 3.90011 -0.40555
v 0.36513 3.86728 -0.43374
v 0.32543 3.83936 -0.37663
v 0.36209 3.85494 -0.31315
v 0.42444 3.89249 -0.33102
v 0.45173 3.85606 -0.40942
v 0.39055 3.82323 -0.43761
v 0.35085 3.79532 -0.38050
v 0.38750 3.81090 -0.31701
v 0.44985 3.84844 -0.33489
v -0.28059 3.95209 -0.15066
v -0.22702 4.07196 -0.21101
v -0.25591 4.04998 -0.15055
v -0.34549 3.99252 -0.08473
v -0.40618 3.95702 -0.07936
v -0.37729 3.97900 -0.13981
v -0.28771 4.03646 -0.20564
v -0.29903 4.19675 -0.20006
v -0.32792 4.17478 -0.13961
v -0.41750 4.11731 -0.07378
v -0.47820 4.08182 -0.06841
v -0.44931 4.10380 -0.12887
v -0.35972 4.16126 -0.19469
v -0.42462 4.20169 -0.12876
v 0.03928 4.07682 -0.36595
v 0.08025 4.16848 -0.41210
v 0.05815 4.15168 -0.36587
v -0.01035 4.10773 -0.31553
v -0.05676 4.08059 -0.31142
v -0.03467 4.09739 -0.35765
v 0.03383 4.14134 -0.40799
v 0.02518 4.26391 -0.40373
v 0.00308 4.24711 -0.35750
v -0.06542 4.20317 -0.30716
v -0.11183 4.17602 -0.30305
v -0.08974 4.19283 -0.34928
v -0.02123 4.23677 -0.39962
v -0.07086 4.26769 -0.34920
v -0.35700 3.75220 -0.05748
v -0.32549 3.82271 -0.09298
v -0.34248 3.80978 -0.05742
v -0.39518 3.77598 -0.01870
v -0.43088 3.75510 -0.01554
v -0.41388 3.76803 -0.05110
v -0.36119 3.80183 -0.08982
v -0.36785 3.89612 -0.08654
v -0.38484 3.88319 -0.05098
v -0.43754 3.84939 -0.01226
v -0.47324 3.82851 -0.00910
v -0.45624 3.84144 -0.04466
v -0.40355 3.87524 -0.08338
v -0.44172 3.89902 -0.04460
v 0.27434 4.82195 -0.24491
v 0.31005 4.82323 -0.24981
v 0.31485 4.80363 -0.21992
v 0.27914 4.80235 -0.21503
v 0.28294 4.98497 -0.13938
v 0.31865 4.98625 -0.14427
v 0.32344 4.96665 -0.11438
v 0.28774 4.96536 -0.10949
v 0.27797 4.79331 -0.14278
v 0.31448 4.81673 -0.16960
v 0.41792 4.71820 -0.11484
v 0.38141 4.69478 -0.08801
v 0.29872 4.86612 -0.05097
v 0.33523 4.88954 -0.07780
v 0.43867 4.79101 -0.02303
v 0.40216 4.76759 0.00379
v 0.44585 4.75445 -0.25526
v 0.45510 4.81067 -0.27439
v 0.45384 4.80559 -0.22470
v 0.41228 4.78056 -0.21279
v 0.38784 4.77017 -0.25511
v 0.41431 4.78878 -0.29318
v 0.40349 4.82786 -0.24882
v -0.06793 3.94117 0.29097
v -0.12242 3.90627 0.26441
v -0.15819 3.87831 0.31762
v -0.12581 3.89593 0.37706
v -0.07003 3.93478 0.36060
v 0.11776 3.66621 0.27132
v 0.06327 3.63131 0.24476
v 0.02750 3.60335 0.29796
v 0.05988 3.62097 0.35741
v 0.11566 3.65982 0.34094
v 0.12245 3.66561 0.26895
v 0.06127 3.63277 0.24076
v 0.02157 3.60486 0.29786
v 0.05822 3.62044 0.36135
v 0.12057 3.65798 0.34348
v 0.14787 3.62156 0.26508
v 0.08668 3.58872 0.23689
v 0.04699 3.56081 0.29400
v 0.08364 3.57639 0.35749
v 0.14599 3.61394 0.33961
v 0.41885 4.25343 -0.06671
v 0.36436 4.21854 -0.09327
v 0.32859 4.19057 -0.04007
v 0.36097 4.20819 0.01938
v 0.41675 4.24704 0.00291
v 0.60454 3.97847 -0.08636
v 0.55005 3.94358 -0.11293
v 0.51428 3.91561 -0.05972
v 0.54666 3.93323 -0.00028
v 0.60244 3.97208 -0.01674
v 0.60923 3.97787 -0.08874
v 0.54804 3.94504 -0.11693
v 0.50835 3.91712 -0.05982
v 0.54500 3.93270 0.00367
v 0.60735 3.97025 -0.01421
v 0.63465 3.93382 -0.09260
v 0.57346 3.90099 -0.12079
v 0.53376 3.87307 -0.06368
v 0.57042 3.88866 -0.00020
v 0.63277 3.92620 -0.01807
v 0.01872 4.07933 0.36777
v 0.07229 4.19920 0.30742
v 0.04340 4.17722 0.36787
v -0.04618 4.11976 0.43370
v -0.10687 4.08427 0.43907
v -0.07798 4.10624 0.37861
v 0.01160 4.16371 0.31279
v 0.00028 4.32400 0.31836
v -0.02861 4.30202 0.37882
v -0.11819 4.24456 0.44464
v -0.17888 4.20906 0.45001
v -0.14999 4.23104 0.38956
v -0.06041 4.28850 0.32374
v -0.12531 4.32893 0.38966
v 0.33859 4.20406 0.15248
v 0.37956 4.29572 0.10633
v 0.35747 4.27892 0.15256
v 0.28896 4.23497 0.20289
v 0.24255 4.20783 0.20700
v 0.26464 4.22464 0.16077
v 0.33315 4.26858 0.11044
v 0.32449 4.39116 0.11470
v 0.30240 4.37435 0.16093
v 0.23389 4.33041 0.21126
v 0.18748 4.30327 0.21537
v 0.20957 4.32007 0.16914
v 0.27808 4.36401 0.11881
v 0.22845 4.39493 0.16922
v -0.05769 3.87944 0.46094
v -0.02617 3.94995 0.42544
v -0.04317 3.93702 0.46100
v -0.09586 3.90322 0.49973
v -0.13156 3.88234 0.50288
v -0.11457 3.89527 0.46732
v -0.06188 3.92907 0.42860
v -0.06853 4.02336 0.43188
v -0.08553 4.01044 0.46744
v -0.13822 3.97663 0.50616
v -0.17393 3.95575 0.50932
v -0.15693 3.96868 0.47376
v -0.10424 4.00248 0.43504
v -0.14241 4.02626 0.47382
v -0.09790 4.43676 0.03631
v -0.02375 4.50846 -0.02409
v -0.01603 4.50263 0.09329
v -0.10034 4.44854 0.15524
v -0.19238 4.40029 0.09981
v -0.20011 4.40613 -0.01757
v -0.11580 4.46021 -0.07952
v -0.04409 4.54370 -0.02100
v -0.03636 4.53786 0.09638
v -0.12067 4.48378 0.15833
v -0.21271 4.43553 0.10290
v -0.22044 4.44136 -0.01448
v -0.13613 4.49545 -0.07643
v -0.13857 4.50723 0.04249
v -0.44874 4.07256 0.30460
v -0.47495 4.05926 0.28370
v -0.45087 4.05269 0.25768
v -0.42466 4.06598 0.27858
v -0.41549 3.88337 0.38319
v -0.44182 3.87080 0.36199
v -0.41914 3.87222 0.33264
v -0.39281 3.88480 0.35384
v -0.31313 3.66177 0.37848
v -0.33979 3.64991 0.35730
v -0.32079 3.65930 0.32812
v -0.29413 3.67117 0.34930
v -0.28307 3.60181 0.34815
v -0.27198 3.66928 0.32519
v -0.27348 3.66318 0.38481
v -0.32336 3.63314 0.39911
v -0.35268 3.62068 0.34832
v -0.32093 3.64301 0.30264
v -0.33390 3.68990 0.35588
v 0.16944 3.85636 -0.02576
v 0.20096 3.92687 -0.06126
v 0.20579 3.92322 0.01211
v 0.15309 3.88942 0.05083
v 0.09557 3.85926 0.01618
v 0.09074 3.86291 -0.05718
v 0.14343 3.89671 -0.09590
v 0.15860 4.00028 -0.05482
v 0.16343 3.99663 0.01854
v 0.11073 3.96283 0.05726
v 0.05321 3.93267 0.02262
v 0.04838 3.93632 -0.05074
v 0.10107 3.97012 -0.08946
v 0.08472 4.00318 -0.01288
vn -0.4855 0.6558 0.5781
vn -0.3090 0.0131 0.9510
vn -0.1312 0.6976 0.7044
vn -0.3802 0.6156 0.6903
vn -0.4731 0.7658 0.4356
vn -0.1374 0.8186 0.5577
vn -0.1744 0.9754 0.1350
vn -0.2198 0.8522 0.4749
vn -0.7163 0.6954 0.0572
vn -0.3033 0.9499 -0.0761
vn -0.7348 0.4565 -0.5017
vn -0.6664 0.7248 -0.1748
vn -0.7999 0.5978 0.0530
vn -0.8242 0.2271 -0.5187
vn -0.8579 -0.3441 -0.3815
vn -0.8884 0.2135 -0.4064
vn -0.7107 0.5347 0.4572
vn -0.8014 -0.5853 0.1232
vn -0.5223 -0.2148 0.8253
vn -0.7195 -0.1503 0.6780
vn 0.0040 0.9911 0.1328
vn 0.0863 0.8150 0.5730
vn 0.5722 0.7955 0.1993
vn 0.1491 0.9482 0.2806
vn 0.3613 0.3680 0.8568
vn 0.1194 -0.2413 0.9631
vn 0.4352 -0.0056 0.9003
vn 0.4420 -0.0120 0.8969
vn -0.4723 -0.3118 0.8245
vn -0.7485 -0.6531 0.1152
vn -0.1398 -0.9807 0.1364
vn -0.5839 -0.7511 0.3082
vn -0.8293 -0.3802 -0.4096
vn -0.6521 -0.1015 -0.7513
vn -0.3343 -0.4786 -0.8119
vn -0.6262 -0.2444 -0.7404
vn -0.5158 0.3271 -0.7918
vn -0.1963 0.9494 -0.2453
vn -0.0399 0.2744 -0.9608
vn -0.3122 0.5042 -0.8052
vn 0.8203 -0.5716 0.0220
vn 0.9153 0.0635 0.3977
vn 0.8780 -0.2582 0.4031
vn 0.8837 -0.2568 0.3914
vn 0.7890 -0.6141 0.0189
vn 0.6961 -0.6207 0.3608
vn 0.5066 -0.8081 0.3004
vn 0.6915 -0.6371 0.3404
vn 0.5742 -0.7249 -0.3807
vn 0.2196 -0.9528 -0.2095
vn 0.0155 -0.7476 -0.6639
vn 0.2483 -0.8600 -0.4459
vn 0.5883 -0.6556 -0.4734
vn 0.0077 -0.6522 -0.7580
vn 0.2434 -0.0337 -0.9693
vn 0.3236 -0.5573 -0.7647
vn 0.7718 -0.5336 -0.3459
vn 0.4275 0.1589 -0.8899
vn 0.9365 0.2951 -0.1895
vn 0.8476 0.0029 -0.5306
vn 0.6808 0.1528 0.7163
vn 0.8472 0.1908 0.4959
vn 0.3907 0.3868 0.8353
vn 0.6867 0.1129 0.7181
vn 0.4179 -0.7832 0.4604
vn 0.4683 -0.5004 0.7282
vn 0.1184 -0.2188 0.9686
vn 0.4579 -0.5098 0.7283
vn -0.1615 -0.7276 -0.6667
vn -0.1307 -0.9689 -0.2100
vn -0.6738 -0.6974 -0.2442
vn -0.2536 -0.9083 -0.3326
vn -0.0354 0.1385 -0.9897
vn -0.2889 -0.4496 -0.8452
vn -0.4793 0.0092 -0.8776
vn -0.3831 -0.0803 -0.9202
vn 0.6290 0.7644 -0.1412
vn 0.3264 0.3414 -0.8814
vn -0.0025 0.9924 -0.1230
vn 0.4521 0.8339 -0.3167
vn 0.5625 0.6671 -0.4885
vn 0.5625 0.6671 -0.4885
vn -0.4307 -0.1405 -0.8915
vn -0.4307 -0.1405 -0.8915
vn 0.7306 -0.6282 -0.2676
vn 0.7306 -0.6282 -0.2676
vn 0.5426 0.2733 0.7943
vn 0.5426 0.2733 0.7943
vn -0.5927 0.7918 0.1478
vn -0.5927 0.7918 0.1478
vn -0.5625 -0.6671 0.4885
vn -0.5625 -0.6671 0.4885
vn -0.4984 0.8637 0.0758
vn -0.4984 0.8637 0.0758
vn -0.4891 -0.2079 -0.8471
vn -0.4891 -0.2079 -0.8471
vn 0.7159 0.4592 -0.5260
vn 0.7159 0.4592 -0.5260
vn 0.4891 0.2079 0.8471
vn 0.4891 0.2079 0.8471
vn -0.7159 -0.4592 0.5260
vn -0.7159 -0.4592 0.5260
vn 0.4984 -0.8637 -0.0758
vn 0.4984 -0.8637 -0.0758
vn 0.9834 -0.1135 0.1416
vn 0.1568 -0.6437 0.7490
vn -0.4079 -0.8838 -0.2291
vn 0.4187 -0.3535 -0.8365
vn 0.4079 0.8838 0.2291
vn -0.4187 0.3535 0.8365
vn -0.9834 0.1135 -0.1416
vn -0.1568 0.6437 -0.7490
vn 0.9834 -0.1135 0.1416
vn 0.1568 -0.6437 0.7490
vn -0.4079 -0.8838 -0.2291
vn 0.4187 -0.3535 -0.8365
vn 0.4079 0.8838 0.2291
vn -0.4187 0.3535 0.8365
vn -0.9834 0.1135 -0.1416
vn -0.1568 0.6437 -0.7490
vn -0.6216 0.1211 0.7739
vn -0.6216 0.1211 0.7739
vn -0.5067 -0.8156 -0.2794
vn -0.5067 -0.8156 -0.2794
vn 0.6216 -0.1211 -0.7739
vn 0.6216 -0.1211 -0.7739
vn 0.5067 0.8156 0.2794
vn 0.5067 0.8156 0.2794
vn -0.5973 0.5659 -0.5683
vn -0.5973 0.5659 -0.5683
vn 0.5973 -0.5659 0.5683
vn 0.5973 -0.5659 0.5683
vn -0.6727 0.2518 -0.6957
vn -0.6727 0.2518 -0.6957
vn 0.1871 -0.8519 -0.4892
vn 0.1871 -0.8519 -0.4892
vn 0.7159 0.4592 -0.5260
vn 0.7159 0.4592 -0.5260
vn -0.1871 0.8519 0.4892
vn -0.1871 0.8519 0.4892
vn -0.7159 -0.4592 0.5260
vn -0.7159 -0.4592 0.5260
vn 0.6727 -0.2518 0.6957
vn 0.6727 -0.2518 0.6957
vn 0.9872 -0.1594 0.0086
vn 0.5031 -0.4998 0.7051
vn -0.2431 -0.9002 0.3613
vn -0.2201 -0.8073 -0.5476
vn 0.5402 -0.3494 -0.7656
vn 0.3603 0.9270 0.1039
vn -0.1238 0.5866 0.8004
vn -0.8700 0.1862 0.4566
vn -0.8470 0.2792 -0.4523
vn -0.0867 0.7370 -0.6703
vn 0.2567 0.3111 -0.9150
vn 0.2567 0.3111 -0.9150
vn -0.7023 -0.3109 -0.6404
vn -0.7023 -0.3109 -0.6404
vn -0.6907 -0.5033 0.5192
vn -0.6907 -0.5033 0.5192
vn 0.2754 -0.0001 0.9613
vn 0.2754 -0.0001 0.9613
vn 0.8609 0.5032 0.0749
vn 0.8609 0.5032 0.0749
vn 0.5087 -0.8485 -0.1458
vn 0.5087 -0.8485 -0.1458
vn 0.5087 -0.8485 -0.1458
vn -0.5087 0.8485 0.1458
vn -0.5087 0.8485 0.1458
vn -0.5087 0.8485 0.1458
vn 0.2917 0.2493 -0.9235
vn 0.2917 0.2493 -0.9235
vn -0.6863 -0.3396 -0.6431
vn -0.6863 -0.3396 -0.6431
vn -0.7159 -0.4592 0.5260
vn -0.7159 -0.4592 0.5260
vn 0.2439 0.0558 0.9682
vn 0.2439 0.0558 0.9682
vn 0.8666 0.4937 0.0724
vn 0.8666 0.4937 0.0724
vn 0.4984 -0.8637 -0.0758
vn 0.4984 -0.8637 -0.0758
vn 0.4984 -0.8637 -0.0758
vn -0.4984 0.8637 0.0758
vn -0.4984 0.8637 0.0758
vn -0.4984 0.8637 0.0758
vn 0.2567 0.3111 -0.9150
vn 0.2567 0.3111 -0.9150
vn -0.7023 -0.3109 -0.6404
vn -0.7023 -0.3109 -0.6404
vn -0.6907 -0.5033 0.5192
vn -0.6907 -0.5033 0.5192
vn 0.2754 -0.0001 0.9613
vn 0.2754 -0.0001 0.9613
vn 0.8609 0.5032 0.0749
vn 0.8609 0.5032 0.0749
vn 0.5087 -0.8485 -0.1458
vn 0.5087 -0.8485 -0.1458
vn 0.5087 -0.8485 -0.1458
vn -0.5087 0.8485 0.1458
vn -0.5087 0.8485 0.1458
vn -0.5087 0.8485 0.1458
vn 0.2917 0.2493 -0.9235
vn 0.2917 0.2493 -0.9235
vn -0.6863 -0.3396 -0.6431
vn -0.6863 -0.3396 -0.6431
vn -0.7159 -0.4592 0.5260
vn -0.7159 -0.4592 0.5260
vn 0.2439 0.0558 0.9682
vn 0.2439 0.0558 0.9682
vn 0.8666 0.4937 0.0724
vn 0.8666 0.4937 0.0724
vn 0.4984 -0.8637 -0.0758
vn 0.4984 -0.8637 -0.0758
vn 0.4984 -0.8637 -0.0758
vn -0.4984 0.8637 0.0758
vn -0.4984 0.8637 0.0758
vn -0.4984 0.8637 0.0758
vn 0.9080 -0.2293 0.3506
vn 0.6505 -0.1648 0.7414
vn 0.3922 -0.5602 0.7296
vn -0.2860 -0.8486 -0.4451
vn -0.2415 -0.5440 -0.8036
vn 0.2298 -0.5177 -0.8241
vn 0.7641 0.3962 0.5091
vn 0.7641 0.3962 0.5091
vn 0.4891 0.2079 0.8471
vn 0.4891 0.2079 0.8471
vn 0.1039 -0.0272 0.9942
vn 0.1039 -0.0272 0.9942
vn -0.7641 -0.3962 -0.5091
vn -0.7641 -0.3962 -0.5091
vn -0.4891 -0.2079 -0.8471
vn -0.4891 -0.2079 -0.8471
vn -0.1039 0.0272 -0.9942
vn -0.1039 0.0272 -0.9942
vn 0.2860 0.8486 0.4451
vn 0.2415 0.5440 0.8036
vn -0.2298 0.5177 0.8241
vn -0.9080 0.2293 -0.3506
vn -0.6505 0.1648 -0.7414
vn -0.3922 0.5602 -0.7296
vn 0.9080 -0.2293 0.3506
vn 0.6505 -0.1648 0.7414
vn 0.3922 -0.5602 0.7296
vn -0.2860 -0.8486 -0.4451
vn -0.2415 -0.5440 -0.8036
vn 0.2298 -0.5177 -0.8241
vn 0.7641 0.3962 0.5091
vn 0.7641 0.3962 0.5091
vn 0.4891 0.2079 0.8471
vn 0.4891 0.2079 0.8471
vn 0.1039 -0.0272 0.9942
vn 0.1039 -0.0272 0.9942
vn -0.7641 -0.3962 -0.5091
vn -0.7641 -0.3962 -0.5091
vn -0.4891 -0.2079 -0.8471
vn -0.4891 -0.2079 -0.8471
vn -0.1039 0.0272 -0.9942
vn -0.1039 0.0272 -0.9942
vn 0.2860 0.8486 0.4451
vn 0.2415 0.5440 0.8036
vn -0.2298 0.5177 0.8241
vn -0.9080 0.2293 -0.3506
vn -0.6505 0.1648 -0.7414
vn -0.3922 0.5602 -0.7296
vn 0.9080 -0.2293 0.3506
vn 0.6505 -0.1648 0.7414
vn 0.3922 -0.5602 0.7296
vn -0.2860 -0.8486 -0.4451
vn -0.2415 -0.5440 -0.8036
vn 0.2298 -0.5177 -0.8241
vn 0.7641 0.3962 0.5091
vn 0.7641 0.3962 0.5091
vn 0.4891 0.2079 0.8471
vn 0.4891 0.2079 0.8471
vn 0.1039 -0.0272 0.9942
vn 0.1039 -0.0272 0.9942
vn -0.7641 -0.3962 -0.5091
vn -0.7641 -0.3962 -0.5091
vn -0.4891 -0.2079 -0.8471
vn -0.4891 -0.2079 -0.8471
vn -0.1039 0.0272 -0.9942
vn -0.1039 0.0272 -0.9942
vn 0.2860 0.8486 0.4451
vn 0.2415 0.5440 0.8036
vn -0.2298 0.5177 0.8241
vn -0.9080 0.2293 -0.3506
vn -0.6505 0.1648 -0.7414
vn -0.3922 0.5602 -0.7296
vn -0.1331 0.5436 -0.8288
vn -0.1331 0.5436 -0.8288
vn 0.9901 0.0356 -0.1356
vn 0.9901 0.0356 -0.1356
vn 0.1331 -0.5436 0.8288
vn 0.1331 -0.5436 0.8288
vn -0.9901 -0.0356 0.1356
vn -0.9901 -0.0356 0.1356
vn 0.0442 0.8386 0.5429
vn 0.0442 0.8386 0.5429
vn -0.0442 -0.8386 -0.5429
vn -0.0442 -0.8386 -0.5429
vn 0.1744 0.6119 0.7715
vn 0.1744 0.6119 0.7715
vn -0.6761 0.6440 -0.3579
vn -0.6761 0.6440 -0.3579
vn 0.7159 0.4592 -0.5260
vn 0.7159 0.4592 -0.5260
vn 0.6761 -0.6440 0.3579
vn 0.6761 -0.6440 0.3579
vn -0.7159 -0.4592 0.5260
vn -0.7159 -0.4592 0.5260
vn -0.1744 -0.6119 -0.7715
vn -0.1744 -0.6119 -0.7715
vn 0.9872 -0.1594 0.0086
vn 0.5031 -0.4998 0.7051
vn -0.2431 -0.9002 0.3613
vn -0.2201 -0.8073 -0.5476
vn 0.5402 -0.3494 -0.7656
vn 0.3603 0.9270 0.1039
vn -0.1238 0.5866 0.8004
vn -0.8700 0.1862 0.4566
vn -0.8470 0.2792 -0.4523
vn -0.0867 0.7370 -0.6703
vn 0.2847 0.2582 -0.9232
vn 0.2847 0.2582 -0.9232
vn -0.6529 -0.3947 -0.6465
vn -0.6529 -0.3947 -0.6465
vn -0.6882 -0.5022 0.5237
vn -0.6882 -0.5022 0.5237
vn 0.2276 0.0844 0.9701
vn 0.2276 0.0844 0.9701
vn 0.8288 0.5543 0.0759
vn 0.8288 0.5543 0.0759
vn 0.5587 -0.8273 -0.0591
vn 0.5587 -0.8273 -0.0591
vn 0.5587 -0.8273 -0.0591
vn -0.5587 0.8273 0.0591
vn -0.5587 0.8273 0.0591
vn -0.5587 0.8273 0.0591
vn 0.2917 0.2493 -0.9235
vn 0.2917 0.2493 -0.9235
vn -0.6863 -0.3396 -0.6431
vn -0.6863 -0.3396 -0.6431
vn -0.7159 -0.4592 0.5260
vn -0.7159 -0.4592 0.5260
vn 0.2439 0.0558 0.9682
vn 0.2439 0.0558 0.9682
vn 0.8666 0.4937 0.0724
vn 0.8666 0.4937 0.0724
vn 0.4984 -0.8637 -0.0758
vn 0.4984 -0.8637 -0.0758
vn 0.4984 -0.8637 -0.0758
vn -0.4984 0.8637 0.0758
vn -0.4984 0.8637 0.0758
vn -0.4984 0.8637 0.0758
vn 0.2847 0.2582 -0.9232
vn 0.2847 0.2582 -0.9232
vn -0.6529 -0.3947 -0.6465
vn -0.6529 -0.3947 -0.6465
vn -0.6882 -0.5022 0.5237
vn -0.6882 -0.5022 0.5237
vn 0.2276 0.0844 0.9701
vn 0.2276 0.0844 0.9701
vn 0.8288 0.5543 0.0759
vn 0.8288 0.5543 0.0759
vn 0.5587 -0.8273 -0.0591
vn 0.5587 -0.8273 -0.0591
vn 0.5587 -0.8273 -0.0591
vn -0.5587 0.8273 0.0591
vn -0.5587 0.8273 0.0591
vn -0.5587 0.8273 0.0591
vn 0.2917 0.2493 -0.9235
vn 0.2917 0.2493 -0.9235
vn -0.6863 -0.3396 -0.6431
vn -0.6863 -0.3396 -0.6431
vn -0.7159 -0.4592 0.5260
vn -0.7159 -0.4592 0.5260
vn 0.2439 0.0558 0.9682
vn 0.2439 0.0558 0.9682
vn 0.8666 0.4937 0.0724
vn 0.8666 0.4937 0.0724
vn 0.4984 -0.8637 -0.0758
vn 0.4984 -0.8637 -0.0758
vn 0.4984 -0.8637 -0.0758
vn -0.4984 0.8637 0.0758
vn -0.4984 0.8637 0.0758
vn -0.4984 0.8637 0.0758
vn 0.9080 -0.2293 0.3506
vn 0.6505 -0.1648 0.7414
vn 0.3922 -0.5602 0.7296
vn -0.2860 -0.8486 -0.4451
vn -0.2415 -0.5440 -0.8036
vn 0.2298 -0.5177 -0.8241
vn 0.7641 0.3962 0.5091
vn 0.7641 0.3962 0.5091
vn 0.4891 0.2079 0.8471
vn 0.4891 0.2079 0.8471
vn 0.1039 -0.0272 0.9942
vn 0.1039 -0.0272 0.9942
vn -0.7641 -0.3962 -0.5091
vn -0.7641 -0.3962 -0.5091
vn -0.4891 -0.2079 -0.8471
vn -0.4891 -0.2079 -0.8471
vn -0.1039 0.0272 -0.9942
vn -0.1039 0.0272 -0.9942
vn 0.2860 0.8486 0.4451
vn 0.2415 0.5440 0.8036
vn -0.2298 0.5177 0.8241
vn -0.9080 0.2293 -0.3506
vn -0.6505 0.1648 -0.7414
vn -0.3922 0.5602 -0.7296
vn 0.9080 -0.2293 0.3506
vn 0.6505 -0.1648 0.7414
vn 0.3922 -0.5602 0.7296
vn -0.2860 -0.8486 -0.4451
vn -0.2415 -0.5440 -0.8036
vn 0.2298 -0.5177 -0.8241
vn 0.7641 0.3962 0.5091
vn 0.7641 0.3962 0.5091
vn 0.4891 0.2079 0.8471
vn 0.4891 0.2079 0.8471
vn 0.1039 -0.0272 0.9942
vn 0.1039 -0.0272 0.9942
vn -0.7641 -0.3962 -0.5091
vn -0.7641 -0.3962 -0.5091
vn -0.4891 -0.2079 -0.8471
vn -0.4891 -0.2079 -0.8471
vn -0.1039 0.0272 -0.9942
vn -0.1039 0.0272 -0.9942
vn 0.2860 0.8486 0.4451
vn 0.2415 0.5440 0.8036
vn -0.2298 0.5177 0.8241
vn -0.9080 0.2293 -0.3506
vn -0.6505 0.1648 -0.7414
vn -0.3922 0.5602 -0.7296
vn 0.9080 -0.2293 0.3506
vn 0.6505 -0.1648 0.7414
vn 0.3922 -0.5602 0.7296
vn -0.2860 -0.8486 -0.4451
vn -0.2415 -0.5440 -0.8036
vn 0.2298 -0.5177 -0.8241
vn 0.7641 0.3962 0.5091
vn 0.7641 0.3962 0.5091
vn 0.4891 0.2079 0.8471
vn 0.4891 0.2079 0.8471
vn 0.1039 -0.0272 0.9942
vn 0.1039 -0.0272 0.9942
vn -0.7641 -0.3962 -0.5091
vn -0.7641 -0.3962 -0.5091
vn -0.4891 -0.2079 -0.8471
vn -0.4891 -0.2079 -0.8471
vn -0.1039 0.0272 -0.9942
vn -0.1039 0.0272 -0.9942
vn 0.2860 0.8486 0.4451
vn 0.2415 0.5440 0.8036
vn -0.2298 0.5177 0.8241
vn -0.9080 0.2293 -0.3506
vn -0.6505 0.1648 -0.7414
vn -0.3922 0.5602 -0.7296
vn 0.6582 -0.7485 -0.0806
vn 0.5846 -0.8061 0.0918
vn 0.4151 -0.9045 0.0981
vn 0.3191 -0.9453 -0.0680
vn 0.3928 -0.8877 -0.2404
vn 0.5623 -0.7893 -0.2467
vn 0.8645 0.5016 -0.0320
vn 0.8645 0.5016 -0.0320
vn 0.4891 0.2079 0.8471
vn 0.4891 0.2079 0.8471
vn -0.3754 -0.2937 0.8791
vn -0.3754 -0.2937 0.8791
vn -0.8645 -0.5016 0.0320
vn -0.8645 -0.5016 0.0320
vn -0.4891 -0.2079 -0.8471
vn -0.4891 -0.2079 -0.8471
vn 0.3754 0.2937 -0.8791
vn 0.3754 0.2937 -0.8791
vn -0.3191 0.9453 0.0680
vn -0.3928 0.8877 0.2404
vn -0.5623 0.7893 0.2467
vn -0.6582 0.7485 0.0806
vn -0.5846 0.8061 -0.0918
vn -0.4151 0.9045 -0.0981
vn -0.6679 0.1823 0.7216
vn -0.6679 0.1823 0.7216
vn -0.7268 -0.3685 -0.5796
vn -0.7268 -0.3685 -0.5796
vn 0.6679 -0.1823 -0.7216
vn 0.6679 -0.1823 -0.7216
vn 0.7268 0.3685 0.5796
vn 0.7268 0.3685 0.5796
vn -0.5268 -0.2605 0.8090
vn -0.5268 -0.2605 0.8090
vn -0.7394 -0.3290 -0.5874
vn -0.7394 -0.3290 -0.5874
vn 0.5268 0.2605 -0.8090
vn 0.5268 0.2605 -0.8090
vn 0.7394 0.3290 0.5874
vn 0.7394 0.3290 0.5874
vn -0.1602 0.9116 -0.3787
vn -0.1602 0.9116 -0.3787
vn 0.4193 -0.9077 -0.0193
vn 0.4193 -0.9077 -0.0193
vn 0.9872 -0.1594 0.0086
vn 0.5031 -0.4998 0.7051
vn -0.2431 -0.9002 0.3613
vn -0.2201 -0.8073 -0.5476
vn 0.5402 -0.3494 -0.7656
vn 0.3603 0.9270 0.1039
vn -0.1238 0.5866 0.8004
vn -0.8700 0.1862 0.4566
vn -0.8470 0.2792 -0.4523
vn -0.0867 0.7370 -0.6703
vn 0.8942 -0.4403 -0.0808
vn 0.6860 -0.6033 0.4069
vn 0.2064 -0.8815 0.4246
vn -0.0649 -0.9969 -0.0453
vn 0.1434 -0.8339 -0.5329
vn 0.6229 -0.5557 -0.5507
vn 0.8645 0.5016 -0.0320
vn 0.8645 0.5016 -0.0320
vn 0.4891 0.2079 0.8471
vn 0.4891 0.2079 0.8471
vn -0.3754 -0.2937 0.8791
vn -0.3754 -0.2937 0.8791
vn -0.8645 -0.5016 0.0320
vn -0.8645 -0.5016 0.0320
vn -0.4891 -0.2079 -0.8471
vn -0.4891 -0.2079 -0.8471
vn 0.3754 0.2937 -0.8791
vn 0.3754 0.2937 -0.8791
vn 0.0649 0.9969 0.0453
vn -0.1434 0.8339 0.5329
vn -0.6229 0.5557 0.5507
vn -0.8942 0.4403 0.0808
vn -0.6860 0.6033 -0.4069
vn -0.2064 0.8815 -0.4246
usemtl Mat_Bone
f 2402//4149 2414//4149 2416//4149
f 2413//4150 2415//4150 2414//4150
f 2407//4151 2416//4151 2415//4151
f 2414//4152 2415//4152 2416//4152
f 2402//4153 2416//4153 2418//4153
f 2407//4154 2417//4154 2416//4154
f 2403//4155 2418//4155 2417//4155
f 2416//4156 2417//4156 2418//4156
f 2402//4157 2418//4157 2420//4157
f 2403//4158 2419//4158 2418//4158
f 2409//4159 2420//4159 2419//4159
f 2418//4160 2419//4160 2420//4160
f 2402//4161 2420//4161 2422//4161
f 2409//4162 2421//4162 2420//4162
f 2412//4163 2422//4163 2421//4163
f 2420//4164 2421//4164 2422//4164
f 2402//4165 2422//4165 2414//4165
f 2412//4166 2423//4166 2422//4166
f 2413//4167 2414//4167 2423//4167
f 2422//4168 2423//4168 2414//4168
f 2403//4169 2417//4169 2425//4169
f 2407//4170 2424//4170 2417//4170
f 2411//4171 2425//4171 2424//4171
f 2417//4172 2424//4172 2425//4172
f 2407//4173 2415//4173 2427//4173
f 2413//4174 2426//4174 2415//4174
f 2406//4175 2427//4175 2426//4175
f 2415//4176 2426//4176 2427//4176
f 2413//4177 2423//4177 2429//4177
f 2412//4178 2428//4178 2423//4178
f 2404//4179 2429//4179 2428//4179
f 2423//4180 2428//4180 2429//4180
f 2412//4181 2421//4181 2431//4181
f 2409//4182 2430//4182 2421//4182
f 2408//4183 2431//4183 2430//4183
f 2421//4184 2430//4184 2431//4184
f 2409//4185 2419//4185 2433//4185
f 2403//4186 2432//4186 2419//4186
f 2410//4187 2433//4187 2432//4187
f 2419//4188 2432//4188 2433//4188
f 2405//4189 2434//4189 2436//4189
f 2411//4190 2435//4190 2434//4190
f 2406//4191 2436//4191 2435//4191
f 2434//4192 2435//4192 2436//4192
f 2405//4193 2436//4193 2438//4193
f 2406//4194 2437//4194 2436//4194
f 2404//4195 2438//4195 2437//4195
f 2436//4196 2437//4196 2438//4196
f 2405//4197 2438//4197 2440//4197
f 2404//4198 2439//4198 2438//4198
f 2408//4199 2440//4199 2439//4199
f 2438//4200 2439//4200 2440//4200
f 2405//4201 2440//4201 2442//4201
f 2408//4202 2441//4202 2440//4202
f 2410//4203 2442//4203 2441//4203
f 2440//4204 2441//4204 2442//4204
f 2405//4205 2442//4205 2434//4205
f 2410//4206 2443//4206 2442//4206
f 2411//4207 2434//4207 2443//4207
f 2442//4208 2443//4208 2434//4208
f 2406//4209 2435//4209 2427//4209
f 2411//4210 2424//4210 2435//4210
f 2407//4211 2427//4211 2424//4211
f 2435//4212 2424//4212 2427//4212
f 2404//4213 2437//4213 2429//4213
f 2406//4214 2426//4214 2437//4214
f 2413//4215 2429//4215 2426//4215
f 2437//4216 2426//4216 2429//4216
f 2408//4217 2439//4217 2431//4217
f 2404//4218 2428//4218 2439//4218
f 2412//4219 2431//4219 2428//4219
f 2439//4220 2428//4220 2431//4220
f 2410//4221 2441//4221 2433//4221
f 2408//4222 2430//4222 2441//4222
f 2409//4223 2433//4223 2430//4223
f 2441//4224 2430//4224 2433//4224
f 2411//4225 2443//4225 2425//4225
f 2410//4226 2432//4226 2443//4226
f 2403//4227 2425//4227 2432//4227
f 2443//4228 2432//4228 2425//4228
f 2451//4229 2450//4229 2449//4229
f 2451//4230 2449//4230 2448//4230
f 2448//4231 2449//4231 2445//4231
f 2448//4232 2445//4232 2444//4232
f 2449//4233 2450//4233 2446//4233
f 2449//4234 2446//4234 2445//4234
f 2450//4235 2451//4235 2447//4235
f 2450//4236 2447//4236 2446//4236
f 2451//4237 2448//4237 2444//4237
f 2451//4238 2444//4238 2447//4238
f 2445//4239 2446//4239 2447//4239
f 2445//4240 2447//4240 2444//4240
usemtl Mat_HeroRed
f 2459//4241 2458//4241 2457//4241
f 2459//4242 2457//4242 2456//4242
f 2456//4243 2457//4243 2453//4243
f 2456//4244 2453//4244 2452//4244
f 2457//4245 2458//4245 2454//4245
f 2457//4246 2454//4246 2453//4246
f 2458//4247 2459//4247 2455//4247
f 2458//4248 2455//4248 2454//4248
f 2459//4249 2456//4249 2452//4249
f 2459//4250 2452//4250 2455//4250
f 2453//4251 2454//4251 2455//4251
f 2453//4252 2455//4252 2452//4252
usemtl Mat_Void
f 2461//4253 2462//4253 2460//4253
f 2462//4254 2463//4254 2460//4254
f 2463//4255 2464//4255 2460//4255
f 2464//4256 2461//4256 2460//4256
f 2465//4257 2462//4257 2461//4257
f 2465//4258 2463//4258 2462//4258
f 2465//4259 2464//4259 2463//4259
f 2465//4260 2461//4260 2464//4260
f 2467//4261 2468//4261 2466//4261
f 2468//4262 2469//4262 2466//4262
f 2469//4263 2470//4263 2466//4263
f 2470//4264 2467//4264 2466//4264
f 2471//4265 2468//4265 2467//4265
f 2471//4266 2469//4266 2468//4266
f 2471//4267 2470//4267 2469//4267
f 2471//4268 2467//4268 2470//4268
usemtl Mat_Bone
f 2476//4269 2477//4269 2473//4269
f 2476//4270 2473//4270 2472//4270
f 2477//4271 2478//4271 2474//4271
f 2477//4272 2474//4272 2473//4272
f 2478//4273 2479//4273 2475//4273
f 2478//4274 2475//4274 2474//4274
f 2479//4275 2476//4275 2472//4275
f 2479//4276 2472//4276 2475//4276
f 2479//4277 2478//4277 2477//4277
f 2479//4278 2477//4278 2476//4278
f 2472//4279 2473//4279 2474//4279
f 2472//4280 2474//4280 2475//4280
usemtl Mat_Void
f 2487//4281 2486//4281 2485//4281
f 2487//4282 2485//4282 2484//4282
f 2484//4283 2485//4283 2481//4283
f 2484//4284 2481//4284 2480//4284
f 2485//4285 2486//4285 2482//4285
f 2485//4286 2482//4286 2481//4286
f 2486//4287 2487//4287 2483//4287
f 2486//4288 2483//4288 2482//4288
f 2487//4289 2484//4289 2480//4289
f 2487//4290 2480//4290 2483//4290
f 2481//4291 2482//4291 2483//4291
f 2481//4292 2483//4292 2480//4292
f 2489//4293 2490//4293 2488//4293
f 2490//4294 2491//4294 2488//4294
f 2491//4295 2492//4295 2488//4295
f 2492//4296 2493//4296 2488//4296
f 2493//4297 2489//4297 2488//4297
f 2494//4298 2490//4298 2489//4298
f 2494//4299 2491//4299 2490//4299
f 2494//4300 2492//4300 2491//4300
f 2494//4301 2493//4301 2492//4301
f 2494//4302 2489//4302 2493//4302
usemtl Mat_Bone
f 2500//4303 2501//4303 2496//4303
f 2500//4304 2496//4304 2495//4304
f 2501//4305 2502//4305 2497//4305
f 2501//4306 2497//4306 2496//4306
f 2502//4307 2503//4307 2498//4307
f 2502//4308 2498//4308 2497//4308
f 2503//4309 2504//4309 2499//4309
f 2503//4310 2499//4310 2498//4310
f 2504//4311 2500//4311 2495//4311
f 2504//4312 2495//4312 2499//4312
f 2504//4313 2503//4313 2502//4313
f 2504//4314 2502//4314 2501//4314
f 2504//4315 2501//4315 2500//4315
f 2495//4316 2496//4316 2497//4316
f 2495//4317 2497//4317 2498//4317
f 2495//4318 2498//4318 2499//4318
usemtl Mat_Void
f 2510//4319 2511//4319 2506//4319
f 2510//4320 2506//4320 2505//4320
f 2511//4321 2512//4321 2507//4321
f 2511//4322 2507//4322 2506//4322
f 2512//4323 2513//4323 2508//4323
f 2512//4324 2508//4324 2507//4324
f 2513//4325 2514//4325 2509//4325
f 2513//4326 2509//4326 2508//4326
f 2514//4327 2510//4327 2505//4327
f 2514//4328 2505//4328 2509//4328
f 2514//4329 2513//4329 2512//4329
f 2514//4330 2512//4330 2511//4330
f 2514//4331 2511//4331 2510//4331
f 2505//4332 2506//4332 2507//4332
f 2505//4333 2507//4333 2508//4333
f 2505//4334 2508//4334 2509//4334
usemtl Mat_Bone
f 2520//4335 2521//4335 2516//4335
f 2520//4336 2516//4336 2515//4336
f 2521//4337 2522//4337 2517//4337
f 2521//4338 2517//4338 2516//4338
f 2522//4339 2523//4339 2518//4339
f 2522//4340 2518//4340 2517//4340
f 2523//4341 2524//4341 2519//4341
f 2523//4342 2519//4342 2518//4342
f 2524//4343 2520//4343 2515//4343
f 2524//4344 2515//4344 2519//4344
f 2524//4345 2523//4345 2522//4345
f 2524//4346 2522//4346 2521//4346
f 2524//4347 2521//4347 2520//4347
f 2515//4348 2516//4348 2517//4348
f 2515//4349 2517//4349 2518//4349
f 2515//4350 2518//4350 2519//4350
usemtl Mat_Void
f 2530//4351 2531//4351 2526//4351
f 2530//4352 2526//4352 2525//4352
f 2531//4353 2532//4353 2527//4353
f 2531//4354 2527//4354 2526//4354
f 2532//4355 2533//4355 2528//4355
f 2532//4356 2528//4356 2527//4356
f 2533//4357 2534//4357 2529//4357
f 2533//4358 2529//4358 2528//4358
f 2534//4359 2530//4359 2525//4359
f 2534//4360 2525//4360 2529//4360
f 2534//4361 2533//4361 2532//4361
f 2534//4362 2532//4362 2531//4362
f 2534//4363 2531//4363 2530//4363
f 2525//4364 2526//4364 2527//4364
f 2525//4365 2527//4365 2528//4365
f 2525//4366 2528//4366 2529//4366
f 2536//4367 2537//4367 2535//4367
f 2537//4368 2538//4368 2535//4368
f 2538//4369 2539//4369 2535//4369
f 2539//4370 2540//4370 2535//4370
f 2540//4371 2541//4371 2535//4371
f 2541//4372 2536//4372 2535//4372
f 2542//4373 2543//4373 2537//4373
f 2542//4374 2537//4374 2536//4374
f 2543//4375 2544//4375 2538//4375
f 2543//4376 2538//4376 2537//4376
f 2544//4377 2545//4377 2539//4377
f 2544//4378 2539//4378 2538//4378
f 2545//4379 2546//4379 2540//4379
f 2545//4380 2540//4380 2539//4380
f 2546//4381 2547//4381 2541//4381
f 2546//4382 2541//4382 2540//4382
f 2547//4383 2542//4383 2536//4383
f 2547//4384 2536//4384 2541//4384
f 2548//4385 2543//4385 2542//4385
f 2548//4386 2544//4386 2543//4386
f 2548//4387 2545//4387 2544//4387
f 2548//4388 2546//4388 2545//4388
f 2548//4389 2547//4389 2546//4389
f 2548//4390 2542//4390 2547//4390
f 2550//4391 2551//4391 2549//4391
f 2551//4392 2552//4392 2549//4392
f 2552//4393 2553//4393 2549//4393
f 2553//4394 2554//4394 2549//4394
f 2554//4395 2555//4395 2549//4395
f 2555//4396 2550//4396 2549//4396
f 2556//4397 2557//4397 2551//4397
f 2556//4398 2551//4398 2550//4398
f 2557//4399 2558//4399 2552//4399
f 2557//4400 2552//4400 2551//4400
f 2558//4401 2559//4401 2553//4401
f 2558//4402 2553//4402 2552//4402
f 2559//4403 2560//4403 2554//4403
f 2559//4404 2554//4404 2553//4404
f 2560//4405 2561//4405 2555//4405
f 2560//4406 2555//4406 2554//4406
f 2561//4407 2556//4407 2550//4407
f 2561//4408 2550//4408 2555//4408
f 2562//4409 2557//4409 2556//4409
f 2562//4410 2558//4410 2557//4410
f 2562//4411 2559//4411 2558//4411
f 2562//4412 2560//4412 2559//4412
f 2562//4413 2561//4413 2560//4413
f 2562//4414 2556//4414 2561//4414
f 2564//4415 2565//4415 2563//4415
f 2565//4416 2566//4416 2563//4416
f 2566//4417 2567//4417 2563//4417
f 2567//4418 2568//4418 2563//4418
f 2568//4419 2569//4419 2563//4419
f 2569//4420 2564//4420 2563//4420
f 2570//4421 2571//4421 2565//4421
f 2570//4422 2565//4422 2564//4422
f 2571//4423 2572//4423 2566//4423
f 2571//4424 2566//4424 2565//4424
f 2572//4425 2573//4425 2567//4425
f 2572//4426 2567//4426 2566//4426
f 2573//4427 2574//4427 2568//4427
f 2573//4428 2568//4428 2567//4428
f 2574//4429 2575//4429 2569//4429
f 2574//4430 2569//4430 2568//4430
f 2575//4431 2570//4431 2564//4431
f 2575//4432 2564//4432 2569//4432
f 2576//4433 2571//4433 2570//4433
f 2576//4434 2572//4434 2571//4434
f 2576//4435 2573//4435 2572//4435
f 2576//4436 2574//4436 2573//4436
f 2576//4437 2575//4437 2574//4437
f 2576//4438 2570//4438 2575//4438
usemtl Mat_Bone
f 2581//4439 2582//4439 2578//4439
f 2581//4440 2578//4440 2577//4440
f 2582//4441 2583//4441 2579//4441
f 2582//4442 2579//4442 2578//4442
f 2583//4443 2584//4443 2580//4443
f 2583//4444 2580//4444 2579//4444
f 2584//4445 2581//4445 2577//4445
f 2584//4446 2577//4446 2580//4446
f 2584//4447 2583//4447 2582//4447
f 2584//4448 2582//4448 2581//4448
f 2577//4449 2578//4449 2579//4449
f 2577//4450 2579//4450 2580//4450
usemtl Mat_Void
f 2592//4451 2591//4451 2590//4451
f 2592//4452 2590//4452 2589//4452
f 2589//4453 2590//4453 2586//4453
f 2589//4454 2586//4454 2585//4454
f 2590//4455 2591//4455 2587//4455
f 2590//4456 2587//4456 2586//4456
f 2591//4457 2592//4457 2588//4457
f 2591//4458 2588//4458 2587//4458
f 2592//4459 2589//4459 2585//4459
f 2592//4460 2585//4460 2588//4460
f 2586//4461 2587//4461 2588//4461
f 2586//4462 2588//4462 2585//4462
f 2594//4463 2595//4463 2593//4463
f 2595//4464 2596//4464 2593//4464
f 2596//4465 2597//4465 2593//4465
f 2597//4466 2598//4466 2593//4466
f 2598//4467 2594//4467 2593//4467
f 2599//4468 2595//4468 2594//4468
f 2599//4469 2596//4469 2595//4469
f 2599//4470 2597//4470 2596//4470
f 2599//4471 2598//4471 2597//4471
f 2599//4472 2594//4472 2598//4472
usemtl Mat_Bone
f 2605//4473 2606//4473 2601//4473
f 2605//4474 2601//4474 2600//4474
f 2606//4475 2607//4475 2602//4475
f 2606//4476 2602//4476 2601//4476
f 2607//4477 2608//4477 2603//4477
f 2607//4478 2603//4478 2602//4478
f 2608//4479 2609//4479 2604//4479
f 2608//4480 2604//4480 2603//4480
f 2609//4481 2605//4481 2600//4481
f 2609//4482 2600//4482 2604//4482
f 2609//4483 2608//4483 2607//4483
f 2609//4484 2607//4484 2606//4484
f 2609//4485 2606//4485 2605//4485
f 2600//4486 2601//4486 2602//4486
f 2600//4487 2602//4487 2603//4487
f 2600//4488 2603//4488 2604//4488
usemtl Mat_Void
f 2615//4489 2616//4489 2611//4489
f 2615//4490 2611//4490 2610//4490
f 2616//4491 2617//4491 2612//4491
f 2616//4492 2612//4492 2611//4492
f 2617//4493 2618//4493 2613//4493
f 2617//4494 2613//4494 2612//4494
f 2618//4495 2619//4495 2614//4495
f 2618//4496 2614//4496 2613//4496
f 2619//4497 2615//4497 2610//4497
f 2619//4498 2610//4498 2614//4498
f 2619//4499 2618//4499 2617//4499
f 2619//4500 2617//4500 2616//4500
f 2619//4501 2616//4501 2615//4501
f 2610//4502 2611//4502 2612//4502
f 2610//4503 2612//4503 2613//4503
f 2610//4504 2613//4504 2614//4504
usemtl Mat_Bone
f 2625//4505 2626//4505 2621//4505
f 2625//4506 2621//4506 2620//4506
f 2626//4507 2627//4507 2622//4507
f 2626//4508 2622//4508 2621//4508
f 2627//4509 2628//4509 2623//4509
f 2627//4510 2623//4510 2622//4510
f 2628//4511 2629//4511 2624//4511
f 2628//4512 2624//4512 2623//4512
f 2629//4513 2625//4513 2620//4513
f 2629//4514 2620//4514 2624//4514
f 2629//4515 2628//4515 2627//4515
f 2629//4516 2627//4516 2626//4516
f 2629//4517 2626//4517 2625//4517
f 2620//4518 2621//4518 2622//4518
f 2620//4519 2622//4519 2623//4519
f 2620//4520 2623//4520 2624//4520
usemtl Mat_Void
f 2635//4521 2636//4521 2631//4521
f 2635//4522 2631//4522 2630//4522
f 2636//4523 2637//4523 2632//4523
f 2636//4524 2632//4524 2631//4524
f 2637//4525 2638//4525 2633//4525
f 2637//4526 2633//4526 2632//4526
f 2638//4527 2639//4527 2634//4527
f 2638//4528 2634//4528 2633//4528
f 2639//4529 2635//4529 2630//4529
f 2639//4530 2630//4530 2634//4530
f 2639//4531 2638//4531 2637//4531
f 2639//4532 2637//4532 2636//4532
f 2639//4533 2636//4533 2635//4533
f 2630//4534 2631//4534 2632//4534
f 2630//4535 2632//4535 2633//4535
f 2630//4536 2633//4536 2634//4536
f 2641//4537 2642//4537 2640//4537
f 2642//4538 2643//4538 2640//4538
f 2643//4539 2644//4539 2640//4539
f 2644//4540 2645//4540 2640//4540
f 2645//4541 2646//4541 2640//4541
f 2646//4542 2641//4542 2640//4542
f 2647//4543 2648//4543 2642//4543
f 2647//4544 2642//4544 2641//4544
f 2648//4545 2649//4545 2643//4545
f 2648//4546 2643//4546 2642//4546
f 2649//4547 2650//4547 2644//4547
f 2649//4548 2644//4548 2643//4548
f 2650//4549 2651//4549 2645//4549
f 2650//4550 2645//4550 2644//4550
f 2651//4551 2652//4551 2646//4551
f 2651//4552 2646//4552 2645//4552
f 2652//4553 2647//4553 2641//4553
f 2652//4554 2641//4554 2646//4554
f 2653//4555 2648//4555 2647//4555
f 2653//4556 2649//4556 2648//4556
f 2653//4557 2650//4557 2649//4557
f 2653//4558 2651//4558 2650//4558
f 2653//4559 2652//4559 2651//4559
f 2653//4560 2647//4560 2652//4560
f 2655//4561 2656//4561 2654//4561
f 2656//4562 2657//4562 2654//4562
f 2657//4563 2658//4563 2654//4563
f 2658//4564 2659//4564 2654//4564
f 2659//4565 2660//4565 2654//4565
f 2660//4566 2655//4566 2654//4566
f 2661//4567 2662//4567 2656//4567
f 2661//4568 2656//4568 2655//4568
f 2662//4569 2663//4569 2657//4569
f 2662//4570 2657//4570 2656//4570
f 2663//4571 2664//4571 2658//4571
f 2663//4572 2658//4572 2657//4572
f 2664//4573 2665//4573 2659//4573
f 2664//4574 2659//4574 2658//4574
f 2665//4575 2666//4575 2660//4575
f 2665//4576 2660//4576 2659//4576
f 2666//4577 2661//4577 2655//4577
f 2666//4578 2655//4578 2660//4578
f 2667//4579 2662//4579 2661//4579
f 2667//4580 2663//4580 2662//4580
f 2667//4581 2664//4581 2663//4581
f 2667//4582 2665//4582 2664//4582
f 2667//4583 2666//4583 2665//4583
f 2667//4584 2661//4584 2666//4584
f 2669//4585 2670//4585 2668//4585
f 2670//4586 2671//4586 2668//4586
f 2671//4587 2672//4587 2668//4587
f 2672//4588 2673//4588 2668//4588
f 2673//4589 2674//4589 2668//4589
f 2674//4590 2669//4590 2668//4590
f 2675//4591 2676//4591 2670//4591
f 2675//4592 2670//4592 2669//4592
f 2676//4593 2677//4593 2671//4593
f 2676//4594 2671//4594 2670//4594
f 2677//4595 2678//4595 2672//4595
f 2677//4596 2672//4596 2671//4596
f 2678//4597 2679//4597 2673//4597
f 2678//4598 2673//4598 2672//4598
f 2679//4599 2680//4599 2674//4599
f 2679//4600 2674//4600 2673//4600
f 2680//4601 2675//4601 2669//4601
f 2680//4602 2669//4602 2674//4602
f 2681//4603 2676//4603 2675//4603
f 2681//4604 2677//4604 2676//4604
f 2681//4605 2678//4605 2677//4605
f 2681//4606 2679//4606 2678//4606
f 2681//4607 2680//4607 2679//4607
f 2681//4608 2675//4608 2680//4608
f 2683//4609 2684//4609 2682//4609
f 2684//4610 2685//4610 2682//4610
f 2685//4611 2686//4611 2682//4611
f 2686//4612 2687//4612 2682//4612
f 2687//4613 2688//4613 2682//4613
f 2688//4614 2683//4614 2682//4614
f 2689//4615 2690//4615 2684//4615
f 2689//4616 2684//4616 2683//4616
f 2690//4617 2691//4617 2685//4617
f 2690//4618 2685//4618 2684//4618
f 2691//4619 2692//4619 2686//4619
f 2691//4620 2686//4620 2685//4620
f 2692//4621 2693//4621 2687//4621
f 2692//4622 2687//4622 2686//4622
f 2693//4623 2694//4623 2688//4623
f 2693//4624 2688//4624 2687//4624
f 2694//4625 2689//4625 2683//4625
f 2694//4626 2683//4626 2688//4626
f 2695//4627 2690//4627 2689//4627
f 2695//4628 2691//4628 2690//4628
f 2695//4629 2692//4629 2691//4629
f 2695//4630 2693//4630 2692//4630
f 2695//4631 2694//4631 2693//4631
f 2695//4632 2689//4632 2694//4632
usemtl Mat_Bone
f 2696//4633 2697//4633 2701//4633
f 2696//4634 2701//4634 2700//4634
f 2697//4635 2698//4635 2702//4635
f 2697//4636 2702//4636 2701//4636
f 2698//4637 2699//4637 2703//4637
f 2698//4638 2703//4638 2702//4638
f 2699//4639 2696//4639 2700//4639
f 2699//4640 2700//4640 2703//4640
f 2700//4641 2701//4641 2705//4641
f 2700//4642 2705//4642 2704//4642
f 2701//4643 2702//4643 2706//4643
f 2701//4644 2706//4644 2705//4644
f 2702//4645 2703//4645 2707//4645
f 2702//4646 2707//4646 2706//4646
f 2703//4647 2700//4647 2704//4647
f 2703//4648 2704//4648 2707//4648
f 2699//4649 2698//4649 2697//4649
f 2699//4650 2697//4650 2696//4650
f 2704//4651 2705//4651 2706//4651
f 2704//4652 2706//4652 2707//4652
usemtl Mat_Void
f 2709//4653 2710//4653 2708//4653
f 2710//4654 2711//4654 2708//4654
f 2711//4655 2712//4655 2708//4655
f 2712//4656 2713//4656 2708//4656
f 2713//4657 2709//4657 2708//4657
f 2714//4658 2710//4658 2709//4658
f 2714//4659 2711//4659 2710//4659
f 2714//4660 2712//4660 2711//4660
f 2714//4661 2713//4661 2712//4661
f 2714//4662 2709//4662 2713//4662
usemtl Mat_HeroRed
f 2716//4663 2717//4663 2715//4663
f 2717//4664 2718//4664 2715//4664
f 2718//4665 2719//4665 2715//4665
f 2719//4666 2720//4666 2715//4666
f 2720//4667 2721//4667 2715//4667
f 2721//4668 2716//4668 2715//4668
f 2722//4669 2723//4669 2717//4669
f 2722//4670 2717//4670 2716//4670
f 2723//4671 2724//4671 2718//4671
f 2723//4672 2718//4672 2717//4672
f 2724//4673 2725//4673 2719//4673
f 2724//4674 2719//4674 2718//4674
f 2725//4675 2726//4675 2720//4675
f 2725//4676 2720//4676 2719//4676
f 2726//4677 2727//4677 2721//4677
f 2726//4678 2721//4678 2720//4678
f 2727//4679 2722//4679 2716//4679
f 2727//4680 2716//4680 2721//4680
f 2728//4681 2723//4681 2722//4681
f 2728//4682 2724//4682 2723//4682
f 2728//4683 2725//4683 2724//4683
f 2728//4684 2726//4684 2725//4684
f 2728//4685 2727//4685 2726//4685
f 2728//4686 2722//4686 2727//4686
