# Alien Wild West asset pack - OBJ fallback. Y up, 1 unit = 1 m.
mtllib AlienWildWest.mtl
o Bldg_Sheriff_Body
v -4.90000 0.00000 -4.20000
v 2.10000 0.00000 -4.20000
v 2.10000 0.00000 2.20000
v -4.90000 0.00000 2.20000
v -4.90000 0.40000 -4.20000
v 2.10000 0.40000 -4.20000
v 2.10000 0.40000 2.20000
v -4.90000 0.40000 2.20000
v -4.65000 0.40000 -3.95000
v 1.85000 0.40000 -3.95000
v 1.85000 0.40000 1.95000
v -4.65000 0.40000 1.95000
v -4.65000 4.30000 -3.95000
v 1.85000 4.30000 -3.95000
v 1.85000 4.30000 1.95000
v -4.65000 4.30000 1.95000
v -4.70000 0.40000 -3.99000
v -4.70000 0.40000 -3.51000
v -4.76000 0.40000 -3.51000
v -4.76000 0.40000 -3.99000
v -4.70000 4.30000 -3.99000
v -4.70000 4.30000 -3.51000
v -4.76000 4.30000 -3.51000
v -4.76000 4.30000 -3.99000
v -4.70000 0.40000 -3.49000
v -4.70000 0.40000 -3.01000
v -4.76000 0.40000 -3.01000
v -4.76000 0.40000 -3.49000
v -4.70000 4.30000 -3.49000
v -4.70000 4.30000 -3.01000
v -4.76000 4.30000 -3.01000
v -4.76000 4.30000 -3.49000
v -4.76000 0.40000 -3.53500
v -4.76000 0.40000 -3.46500
v -4.80000 0.40000 -3.46500
v -4.80000 0.40000 -3.53500
v -4.76000 4.30000 -3.53500
v -4.76000 4.30000 -3.46500
v -4.80000 4.30000 -3.46500
v -4.80000 4.30000 -3.53500
v -4.70000 0.40000 -2.99000
v -4.70000 0.40000 -2.51000
v -4.76000 0.40000 -2.51000
v -4.76000 0.40000 -2.99000
v -4.70000 4.30000 -2.99000
v -4.70000 4.30000 -2.51000
v -4.76000 4.30000 -2.51000
v -4.76000 4.30000 -2.99000
v -4.76000 0.40000 -3.03500
v -4.76000 0.40000 -2.96500
v -4.80000 0.40000 -2.96500
v -4.80000 0.40000 -3.03500
v -4.76000 4.30000 -3.03500
v -4.76000 4.30000 -2.96500
v -4.80000 4.30000 -2.96500
v -4.80000 4.30000 -3.03500
v -4.70000 0.40000 -2.49000
v -4.70000 0.40000 -2.01000
v -4.76000 0.40000 -2.01000
v -4.76000 0.40000 -2.49000
v -4.70000 4.30000 -2.49000
v -4.70000 4.30000 -2.01000
v -4.76000 4.30000 -2.01000
v -4.76000 4.30000 -2.49000
v -4.76000 0.40000 -2.53500
v -4.76000 0.40000 -2.46500
v -4.80000 0.40000 -2.46500
v -4.80000 0.40000 -2.53500
v -4.76000 4.30000 -2.53500
v -4.76000 4.30000 -2.46500
v -4.80000 4.30000 -2.46500
v -4.80000 4.30000 -2.53500
v -4.70000 0.40000 -1.99000
v -4.70000 0.40000 -1.51000
v -4.76000 0.40000 -1.51000
v -4.76000 0.40000 -1.99000
v -4.70000 4.30000 -1.99000
v -4.70000 4.30000 -1.51000
v -4.76000 4.30000 -1.51000
v -4.76000 4.30000 -1.99000
v -4.76000 0.40000 -2.03500
v -4.76000 0.40000 -1.96500
v -4.80000 0.40000 -1.96500
v -4.80000 0.40000 -2.03500
v -4.76000 4.30000 -2.03500
v -4.76000 4.30000 -1.96500
v -4.80000 4.30000 -1.96500
v -4.80000 4.30000 -2.03500
v -4.70000 0.40000 -1.49000
v -4.70000 0.40000 -1.01000
v -4.76000 0.40000 -1.01000
v -4.76000 0.40000 -1.49000
v -4.70000 4.30000 -1.49000
v -4.70000 4.30000 -1.01000
v -4.76000 4.30000 -1.01000
v -4.76000 4.30000 -1.49000
v -4.76000 0.40000 -1.53500
v -4.76000 0.40000 -1.46500
v -4.80000 0.40000 -1.46500
v -4.80000 0.40000 -1.53500
v -4.76000 4.30000 -1.53500
v -4.76000 4.30000 -1.46500
v -4.80000 4.30000 -1.46500
v -4.80000 4.30000 -1.53500
v -4.70000 0.40000 -0.99000
v -4.70000 0.40000 -0.51000
v -4.76000 0.40000 -0.51000
v -4.76000 0.40000 -0.99000
v -4.70000 4.30000 -0.99000
v -4.70000 4.30000 -0.51000
v -4.76000 4.30000 -0.51000
v -4.76000 4.30000 -0.99000
v -4.76000 0.40000 -1.03500
v -4.76000 0.40000 -0.96500
v -4.80000 0.40000 -0.96500
v -4.80000 0.40000 -1.03500
v -4.76000 4.30000 -1.03500
v -4.76000 4.30000 -0.96500
v -4.80000 4.30000 -0.96500
v -4.80000 4.30000 -1.03500
v -4.70000 0.40000 -0.49000
v -4.70000 0.40000 -0.01000
v -4.76000 0.40000 -0.01000
v -4.76000 0.40000 -0.49000
v -4.70000 4.30000 -0.49000
v -4.70000 4.30000 -0.01000
v -4.76000 4.30000 -0.01000
v -4.76000 4.30000 -0.49000
v -4.76000 0.40000 -0.53500
v -4.76000 0.40000 -0.46500
v -4.80000 0.40000 -0.46500
v -4.80000 0.40000 -0.53500
v -4.76000 4.30000 -0.53500
v -4.76000 4.30000 -0.46500
v -4.80000 4.30000 -0.46500
v -4.80000 4.30000 -0.53500
v -4.70000 0.40000 0.01000
v -4.70000 0.40000 0.49000
v -4.76000 0.40000 0.49000
v -4.76000 0.40000 0.01000
v -4.70000 4.30000 0.01000
v -4.70000 4.30000 0.49000
v -4.76000 4.30000 0.49000
v -4.76000 4.30000 0.01000
v -4.76000 0.40000 -0.03500
v -4.76000 0.40000 0.03500
v -4.80000 0.40000 0.03500
v -4.80000 0.40000 -0.03500
v -4.76000 4.30000 -0.03500
v -4.76000 4.30000 0.03500
v -4.80000 4.30000 0.03500
v -4.80000 4.30000 -0.03500
v -4.70000 0.40000 0.51000
v -4.70000 0.40000 0.99000
v -4.76000 0.40000 0.99000
v -4.76000 0.40000 0.51000
v -4.70000 4.30000 0.51000
v -4.70000 4.30000 0.99000
v -4.76000 4.30000 0.99000
v -4.76000 4.30000 0.51000
v -4.76000 0.40000 0.46500
v -4.76000 0.40000 0.53500
v -4.80000 0.40000 0.53500
v -4.80000 0.40000 0.46500
v -4.76000 4.30000 0.46500
v -4.76000 4.30000 0.53500
v -4.80000 4.30000 0.53500
v -4.80000 4.30000 0.46500
v -4.70000 0.40000 1.01000
v -4.70000 0.40000 1.49000
v -4.76000 0.40000 1.49000
v -4.76000 0.40000 1.01000
v -4.70000 4.30000 1.01000
v -4.70000 4.30000 1.49000
v -4.76000 4.30000 1.49000
v -4.76000 4.30000 1.01000
v -4.76000 0.40000 0.96500
v -4.76000 0.40000 1.03500
v -4.80000 0.40000 1.03500
v -4.80000 0.40000 0.96500
v -4.76000 4.30000 0.96500
v -4.76000 4.30000 1.03500
v -4.80000 4.30000 1.03500
v -4.80000 4.30000 0.96500
v -4.70000 0.40000 1.51000
v -4.70000 0.40000 1.99000
v -4.76000 0.40000 1.99000
v -4.76000 0.40000 1.51000
v -4.70000 4.30000 1.51000
v -4.70000 4.30000 1.99000
v -4.76000 4.30000 1.99000
v -4.76000 4.30000 1.51000
v -4.76000 0.40000 1.46500
v -4.76000 0.40000 1.53500
v -4.80000 0.40000 1.53500
v -4.80000 0.40000 1.46500
v -4.76000 4.30000 1.46500
v -4.76000 4.30000 1.53500
v -4.80000 4.30000 1.53500
v -4.80000 4.30000 1.46500
v 1.89000 0.40000 -4.00000
v 1.40231 0.40000 -4.00000
v 1.40231 0.40000 -4.06000
v 1.89000 0.40000 -4.06000
v 1.89000 4.30000 -4.00000
v 1.40231 4.30000 -4.00000
v 1.40231 4.30000 -4.06000
v 1.89000 4.30000 -4.06000
v 1.38231 0.40000 -4.00000
v 0.89462 0.40000 -4.00000
v 0.89462 0.40000 -4.06000
v 1.38231 0.40000 -4.06000
v 1.38231 4.30000 -4.00000
v 0.89462 4.30000 -4.00000
v 0.89462 4.30000 -4.06000
v 1.38231 4.30000 -4.06000
v 1.42731 0.40000 -4.06000
v 1.35731 0.40000 -4.06000
v 1.35731 0.40000 -4.10000
v 1.42731 0.40000 -4.10000
v 1.42731 4.30000 -4.06000
v 1.35731 4.30000 -4.06000
v 1.35731 4.30000 -4.10000
v 1.42731 4.30000 -4.10000
v 0.87462 0.40000 -4.00000
v 0.38692 0.40000 -4.00000
v 0.38692 0.40000 -4.06000
v 0.87462 0.40000 -4.06000
v 0.87462 4.30000 -4.00000
v 0.38692 4.30000 -4.00000
v 0.38692 4.30000 -4.06000
v 0.87462 4.30000 -4.06000
v 0.91962 0.40000 -4.06000
v 0.84962 0.40000 -4.06000
v 0.84962 0.40000 -4.10000
v 0.91962 0.40000 -4.10000
v 0.91962 4.30000 -4.06000
v 0.84962 4.30000 -4.06000
v 0.84962 4.30000 -4.10000
v 0.91962 4.30000 -4.10000
v 0.36692 0.40000 -4.00000
v -0.12077 0.40000 -4.00000
v -0.12077 0.40000 -4.06000
v 0.36692 0.40000 -4.06000
v 0.36692 4.30000 -4.00000
v -0.12077 4.30000 -4.00000
v -0.12077 4.30000 -4.06000
v 0.36692 4.30000 -4.06000
v 0.41192 0.40000 -4.06000
v 0.34192 0.40000 -4.06000
v 0.34192 0.40000 -4.10000
v 0.41192 0.40000 -4.10000
v 0.41192 4.30000 -4.06000
v 0.34192 4.30000 -4.06000
v 0.34192 4.30000 -4.10000
v 0.41192 4.30000 -4.10000
v -0.14077 0.40000 -4.00000
v -0.62846 0.40000 -4.00000
v -0.62846 0.40000 -4.06000
v -0.14077 0.40000 -4.06000
v -0.14077 4.30000 -4.00000
v -0.62846 4.30000 -4.00000
v -0.62846 4.30000 -4.06000
v -0.14077 4.30000 -4.06000
v -0.09577 0.40000 -4.06000
v -0.16577 0.40000 -4.06000
v -0.16577 0.40000 -4.10000
v -0.09577 0.40000 -4.10000
v -0.09577 4.30000 -4.06000
v -0.16577 4.30000 -4.06000
v -0.16577 4.30000 -4.10000
v -0.09577 4.30000 -4.10000
v -0.64846 0.40000 -4.00000
v -1.13615 0.40000 -4.00000
v -1.13615 0.40000 -4.06000
v -0.64846 0.40000 -4.06000
v -0.64846 4.30000 -4.00000
v -1.13615 4.30000 -4.00000
v -1.13615 4.30000 -4.06000
v -0.64846 4.30000 -4.06000
v -0.60346 0.40000 -4.06000
v -0.67346 0.40000 -4.06000
v -0.67346 0.40000 -4.10000
v -0.60346 0.40000 -4.10000
v -0.60346 4.30000 -4.06000
v -0.67346 4.30000 -4.06000
v -0.67346 4.30000 -4.10000
v -0.60346 4.30000 -4.10000
v -1.15615 0.40000 -4.00000
v -1.64385 0.40000 -4.00000
v -1.64385 0.40000 -4.06000
v -1.15615 0.40000 -4.06000
v -1.15615 4.30000 -4.00000
v -1.64385 4.30000 -4.00000
v -1.64385 4.30000 -4.06000
v -1.15615 4.30000 -4.06000
v -1.11115 0.40000 -4.06000
v -1.18115 0.40000 -4.06000
v -1.18115 0.40000 -4.10000
v -1.11115 0.40000 -4.10000
v -1.11115 4.30000 -4.06000
v -1.18115 4.30000 -4.06000
v -1.18115 4.30000 -4.10000
v -1.11115 4.30000 -4.10000
v -1.66385 0.40000 -4.00000
v -2.15154 0.40000 -4.00000
v -2.15154 0.40000 -4.06000
v -1.66385 0.40000 -4.06000
v -1.66385 4.30000 -4.00000
v -2.15154 4.30000 -4.00000
v -2.15154 4.30000 -4.06000
v -1.66385 4.30000 -4.06000
v -1.61885 0.40000 -4.06000
v -1.68885 0.40000 -4.06000
v -1.68885 0.40000 -4.10000
v -1.61885 0.40000 -4.10000
v -1.61885 4.30000 -4.06000
v -1.68885 4.30000 -4.06000
v -1.68885 4.30000 -4.10000
v -1.61885 4.30000 -4.10000
v -2.17154 0.40000 -4.00000
v -2.65923 0.40000 -4.00000
v -2.65923 0.40000 -4.06000
v -2.17154 0.40000 -4.06000
v -2.17154 4.30000 -4.00000
v -2.65923 4.30000 -4.00000
v -2.65923 4.30000 -4.06000
v -2.17154 4.30000 -4.06000
v -2.12654 0.40000 -4.06000
v -2.19654 0.40000 -4.06000
v -2.19654 0.40000 -4.10000
v -2.12654 0.40000 -4.10000
v -2.12654 4.30000 -4.06000
v -2.19654 4.30000 -4.06000
v -2.19654 4.30000 -4.10000
v -2.12654 4.30000 -4.10000
v -2.67923 0.40000 -4.00000
v -3.16692 0.40000 -4.00000
v -3.16692 0.40000 -4.06000
v -2.67923 0.40000 -4.06000
v -2.67923 4.30000 -4.00000
v -3.16692 4.30000 -4.00000
v -3.16692 4.30000 -4.06000
v -2.67923 4.30000 -4.06000
v -2.63423 0.40000 -4.06000
v -2.70423 0.40000 -4.06000
v -2.70423 0.40000 -4.10000
v -2.63423 0.40000 -4.10000
v -2.63423 4.30000 -4.06000
v -2.70423 4.30000 -4.06000
v -2.70423 4.30000 -4.10000
v -2.63423 4.30000 -4.10000
v -3.18692 0.40000 -4.00000
v -3.67462 0.40000 -4.00000
v -3.67462 0.40000 -4.06000
v -3.18692 0.40000 -4.06000
v -3.18692 4.30000 -4.00000
v -3.67462 4.30000 -4.00000
v -3.67462 4.30000 -4.06000
v -3.18692 4.30000 -4.06000
v -3.14192 0.40000 -4.06000
v -3.21192 0.40000 -4.06000
v -3.21192 0.40000 -4.10000
v -3.14192 0.40000 -4.10000
v -3.14192 4.30000 -4.06000
v -3.21192 4.30000 -4.06000
v -3.21192 4.30000 -4.10000
v -3.14192 4.30000 -4.10000
v -3.69462 0.40000 -4.00000
v -4.18231 0.40000 -4.00000
v -4.18231 0.40000 -4.06000
v -3.69462 0.40000 -4.06000
v -3.69462 4.30000 -4.00000
v -4.18231 4.30000 -4.00000
v -4.18231 4.30000 -4.06000
v -3.69462 4.30000 -4.06000
v -3.64962 0.40000 -4.06000
v -3.71962 0.40000 -4.06000
v -3.71962 0.40000 -4.10000
v -3.64962 0.40000 -4.10000
v -3.64962 4.30000 -4.06000
v -3.71962 4.30000 -4.06000
v -3.71962 4.30000 -4.10000
v -3.64962 4.30000 -4.10000
v -4.20231 0.40000 -4.00000
v -4.69000 0.40000 -4.00000
v -4.69000 0.40000 -4.06000
v -4.20231 0.40000 -4.06000
v -4.20231 4.30000 -4.00000
v -4.69000 4.30000 -4.00000
v -4.69000 4.30000 -4.06000
v -4.20231 4.30000 -4.06000
v -4.15731 0.40000 -4.06000
v -4.22731 0.40000 -4.06000
v -4.22731 0.40000 -4.10000
v -4.15731 0.40000 -4.10000
v -4.15731 4.30000 -4.06000
v -4.22731 4.30000 -4.06000
v -4.22731 4.30000 -4.10000
v -4.15731 4.30000 -4.10000
v -5.05000 4.09783 -4.37540
v 2.25000 4.09783 -4.37540
v 2.25000 4.90217 2.17540
v -5.05000 4.90217 2.17540
v -5.05000 4.29634 -4.39978
v 2.25000 4.29634 -4.39978
v 2.25000 5.10068 2.15103
v -5.05000 5.10068 2.15103
v -4.70417 4.29634 -4.39978
v -4.60417 4.29634 -4.39978
v -4.60417 5.10068 2.15103
v -4.70417 5.10068 2.15103
v -4.70417 4.36582 -4.40831
v -4.60417 4.36582 -4.40831
v -4.60417 5.17016 2.14250
v -4.70417 5.17016 2.14250
v -4.11250 4.29634 -4.39978
v -4.01250 4.29634 -4.39978
v -4.01250 5.10068 2.15103
v -4.11250 5.10068 2.15103
v -4.11250 4.36582 -4.40831
v -4.01250 4.36582 -4.40831
v -4.01250 5.17016 2.14250
v -4.11250 5.17016 2.14250
v -3.52083 4.29634 -4.39978
v -3.42083 4.29634 -4.39978
v -3.42083 5.10068 2.15103
v -3.52083 5.10068 2.15103
v -3.52083 4.36582 -4.40831
v -3.42083 4.36582 -4.40831
v -3.42083 5.17016 2.14250
v -3.52083 5.17016 2.14250
v -2.92917 4.29634 -4.39978
v -2.82917 4.29634 -4.39978
v -2.82917 5.10068 2.15103
v -2.92917 5.10068 2.15103
v -2.92917 4.36582 -4.40831
v -2.82917 4.36582 -4.40831
v -2.82917 5.17016 2.14250
v -2.92917 5.17016 2.14250
v -2.33750 4.29634 -4.39978
v -2.23750 4.29634 -4.39978
v -2.23750 5.10068 2.15103
v -2.33750 5.10068 2.15103
v -2.33750 4.36582 -4.40831
v -2.23750 4.36582 -4.40831
v -2.23750 5.17016 2.14250
v -2.33750 5.17016 2.14250
v -1.74583 4.29634 -4.39978
v -1.64583 4.29634 -4.39978
v -1.64583 5.10068 2.15103
v -1.74583 5.10068 2.15103
v -1.74583 4.36582 -4.40831
v -1.64583 4.36582 -4.40831
v -1.64583 5.17016 2.14250
v -1.74583 5.17016 2.14250
v -1.15417 4.29634 -4.39978
v -1.05417 4.29634 -4.39978
v -1.05417 5.10068 2.15103
v -1.15417 5.10068 2.15103
v -1.15417 4.36582 -4.40831
v -1.05417 4.36582 -4.40831
v -1.05417 5.17016 2.14250
v -1.15417 5.17016 2.14250
v -0.56250 4.29634 -4.39978
v -0.46250 4.29634 -4.39978
v -0.46250 5.10068 2.15103
v -0.56250 5.10068 2.15103
v -0.56250 4.36582 -4.40831
v -0.46250 4.36582 -4.40831
v -0.46250 5.17016 2.14250
v -0.56250 5.17016 2.14250
v 0.02917 4.29634 -4.39978
v 0.12917 4.29634 -4.39978
v 0.12917 5.10068 2.15103
v 0.02917 5.10068 2.15103
v 0.02917 4.36582 -4.40831
v 0.12917 4.36582 -4.40831
v 0.12917 5.17016 2.14250
v 0.02917 5.17016 2.14250
v 0.62083 4.29634 -4.39978
v 0.72083 4.29634 -4.39978
v 0.72083 5.10068 2.15103
v 0.62083 5.10068 2.15103
v 0.62083 4.36582 -4.40831
v 0.72083 4.36582 -4.40831
v 0.72083 5.17016 2.14250
v 0.62083 5.17016 2.14250
v 1.21250 4.29634 -4.39978
v 1.31250 4.29634 -4.39978
v 1.31250 5.10068 2.15103
v 1.21250 5.10068 2.15103
v 1.21250 4.36582 -4.40831
v 1.31250 4.36582 -4.40831
v 1.31250 5.17016 2.14250
v 1.21250 5.17016 2.14250
v 1.80417 4.29634 -4.39978
v 1.90417 4.29634 -4.39978
v 1.90417 5.10068 2.15103
v 1.80417 5.10068 2.15103
v 1.80417 4.36582 -4.40831
v 1.90417 4.36582 -4.40831
v 1.90417 5.17016 2.14250
v 1.80417 5.17016 2.14250
v -4.84000 0.40000 -4.14000
v -4.62000 0.40000 -4.14000
v -4.62000 0.40000 -3.92000
v -4.84000 0.40000 -3.92000
v -4.84000 4.30000 -4.14000
v -4.62000 4.30000 -4.14000
v -4.62000 4.30000 -3.92000
v -4.84000 4.30000 -3.92000
v -4.84000 0.40000 1.92000
v -4.62000 0.40000 1.92000
v -4.62000 0.40000 2.14000
v -4.84000 0.40000 2.14000
v -4.84000 4.30000 1.92000
v -4.62000 4.30000 1.92000
v -4.62000 4.30000 2.14000
v -4.84000 4.30000 2.14000
v 1.82000 0.40000 -4.14000
v 2.04000 0.40000 -4.14000
v 2.04000 0.40000 -3.92000
v 1.82000 0.40000 -3.92000
v 1.82000 4.30000 -4.14000
v 2.04000 4.30000 -4.14000
v 2.04000 4.30000 -3.92000
v 1.82000 4.30000 -3.92000
v 1.82000 0.40000 1.92000
v 2.04000 0.40000 1.92000
v 2.04000 0.40000 2.14000
v 1.82000 0.40000 2.14000
v 1.82000 4.30000 1.92000
v 2.04000 4.30000 1.92000
v 2.04000 4.30000 2.14000
v 1.82000 4.30000 2.14000
v -5.10000 0.40000 2.20000
v 2.30000 0.40000 2.20000
v 2.30000 5.80000 2.20000
v 0.40000 5.80000 2.20000
v 0.40000 6.40000 2.20000
v -3.20000 6.40000 2.20000
v -3.20000 5.80000 2.20000
v -5.10000 5.80000 2.20000
v -5.10000 0.40000 2.00000
v 2.30000 0.40000 2.00000
v 2.30000 5.80000 2.00000
v 0.40000 5.80000 2.00000
v 0.40000 6.40000 2.00000
v -3.20000 6.40000 2.00000
v -3.20000 5.80000 2.00000
v -5.10000 5.80000 2.00000
v -5.10000 0.40000 2.23000
v 2.30000 0.40000 2.23000
v 2.30000 0.40610 2.29973
v -5.10000 0.40610 2.29973
v -5.10000 0.83406 2.19202
v 2.30000 0.83406 2.19202
v 2.30000 0.84016 2.26176
v -5.10000 0.84016 2.26176
v -5.10000 0.78571 2.23000
v 2.30000 0.78571 2.23000
v 2.30000 0.79182 2.29973
v -5.10000 0.79182 2.29973
v -5.10000 1.21977 2.19202
v 2.30000 1.21977 2.19202
v 2.30000 1.22587 2.26176
v -5.10000 1.22587 2.26176
v -5.10000 1.17143 2.23000
v 2.30000 1.17143 2.23000
v 2.30000 1.17753 2.29973
v -5.10000 1.17753 2.29973
v -5.10000 1.60548 2.19202
v 2.30000 1.60548 2.19202
v 2.30000 1.61159 2.26176
v -5.10000 1.61159 2.26176
v -5.10000 1.55714 2.23000
v 2.30000 1.55714 2.23000
v 2.30000 1.56324 2.29973
v -5.10000 1.56324 2.29973
v -5.10000 1.99120 2.19202
v 2.30000 1.99120 2.19202
v 2.30000 1.99730 2.26176
v -5.10000 1.99730 2.26176
v -5.10000 1.94286 2.23000
v 2.30000 1.94286 2.23000
v 2.30000 1.94896 2.29973
v -5.10000 1.94896 2.29973
v -5.10000 2.37691 2.19202
v 2.30000 2.37691 2.19202
v 2.30000 2.38301 2.26176
v -5.10000 2.38301 2.26176
v -5.10000 2.32857 2.23000
v 2.30000 2.32857 2.23000
v 2.30000 2.33467 2.29973
v -5.10000 2.33467 2.29973
v -5.10000 2.76263 2.19202
v 2.30000 2.76263 2.19202
v 2.30000 2.76873 2.26176
v -5.10000 2.76873 2.26176
v -5.10000 2.71429 2.23000
v 2.30000 2.71429 2.23000
v 2.30000 2.72039 2.29973
v -5.10000 2.72039 2.29973
v -5.10000 3.14834 2.19202
v 2.30000 3.14834 2.19202
v 2.30000 3.15444 2.26176
v -5.10000 3.15444 2.26176
v -5.10000 3.10000 2.23000
v 2.30000 3.10000 2.23000
v 2.30000 3.10610 2.29973
v -5.10000 3.10610 2.29973
v -5.10000 3.53406 2.19202
v 2.30000 3.53406 2.19202
v 2.30000 3.54016 2.26176
v -5.10000 3.54016 2.26176
v -5.10000 3.48571 2.23000
v 2.30000 3.48571 2.23000
v 2.30000 3.49182 2.29973
v -5.10000 3.49182 2.29973
v -5.10000 3.91977 2.19202
v 2.30000 3.91977 2.19202
v 2.30000 3.92587 2.26176
v -5.10000 3.92587 2.26176
v -5.10000 3.87143 2.23000
v 2.30000 3.87143 2.23000
v 2.30000 3.87753 2.29973
v -5.10000 3.87753 2.29973
v -5.10000 4.30548 2.19202
v 2.30000 4.30548 2.19202
v 2.30000 4.31159 2.26176
v -5.10000 4.31159 2.26176
v -5.10000 4.25714 2.23000
v 2.30000 4.25714 2.23000
v 2.30000 4.26324 2.29973
v -5.10000 4.26324 2.29973
v -5.10000 4.69120 2.19202
v 2.30000 4.69120 2.19202
v 2.30000 4.69730 2.26176
v -5.10000 4.69730 2.26176
v -5.10000 4.64286 2.23000
v 2.30000 4.64286 2.23000
v 2.30000 4.64896 2.29973
v -5.10000 4.64896 2.29973
v -5.10000 5.07691 2.19202
v 2.30000 5.07691 2.19202
v 2.30000 5.08301 2.26176
v -5.10000 5.08301 2.26176
v -5.10000 5.02857 2.23000
v 2.30000 5.02857 2.23000
v 2.30000 5.03467 2.29973
v -5.10000 5.03467 2.29973
v -5.10000 5.46263 2.19202
v 2.30000 5.46263 2.19202
v 2.30000 5.46873 2.26176
v -5.10000 5.46873 2.26176
v -5.10000 5.41429 2.23000
v 2.30000 5.41429 2.23000
v 2.30000 5.42039 2.29973
v -5.10000 5.42039 2.29973
v -5.10000 5.84834 2.19202
v 2.30000 5.84834 2.19202
v 2.30000 5.85444 2.26176
v -5.10000 5.85444 2.26176
v -3.20000 5.80000 2.23000
v 0.40000 5.80000 2.23000
v 0.40000 5.80610 2.29973
v -3.20000 5.80610 2.29973
v -3.20000 6.14867 2.19950
v 0.40000 6.14867 2.19950
v 0.40000 6.15477 2.26923
v -3.20000 6.15477 2.26923
v -3.20000 6.10000 2.23000
v 0.40000 6.10000 2.23000
v 0.40000 6.10610 2.29973
v -3.20000 6.10610 2.29973
v -3.20000 6.44867 2.19950
v 0.40000 6.44867 2.19950
v 0.40000 6.45477 2.26923
v -3.20000 6.45477 2.26923
v -5.10000 5.92071 2.24929
v -5.10000 5.92071 2.39071
v -5.10000 5.77929 2.39071
v -5.10000 5.77929 2.24929
v -3.27071 5.92071 2.24929
v -3.27071 5.92071 2.39071
v -3.12929 5.77929 2.39071
v -3.12929 5.77929 2.24929
v -3.27071 6.52071 2.24929
v -3.27071 6.52071 2.39071
v -3.12929 6.37929 2.39071
v -3.12929 6.37929 2.24929
v 0.47071 6.52071 2.24929
v 0.47071 6.52071 2.39071
v 0.32929 6.37929 2.39071
v 0.32929 6.37929 2.24929
v 0.47071 5.92071 2.24929
v 0.47071 5.92071 2.39071
v 0.32929 5.77929 2.39071
v 0.32929 5.77929 2.24929
v 2.30000 5.92071 2.24929
v 2.30000 5.92071 2.39071
v 2.30000 5.77929 2.39071
v 2.30000 5.77929 2.24929
v -5.25000 0.40000 2.00000
v -4.95000 0.40000 2.00000
v -4.95000 0.40000 2.32000
v -5.25000 0.40000 2.32000
v -5.25000 5.80000 2.00000
v -4.95000 5.80000 2.00000
v -4.95000 5.80000 2.32000
v -5.25000 5.80000 2.32000
v -5.10000 5.83000 2.16000
v -4.95278 5.91500 2.16000
v -5.02639 5.91500 2.28750
v -5.17361 5.91500 2.28750
v -5.24722 5.91500 2.16000
v -5.17361 5.91500 2.03250
v -5.02639 5.91500 2.03250
v -4.95278 6.08500 2.16000
v -5.02639 6.08500 2.28750
v -5.17361 6.08500 2.28750
v -5.24722 6.08500 2.16000
v -5.17361 6.08500 2.03250
v -5.02639 6.08500 2.03250
v -5.10000 6.17000 2.16000
v 2.15000 0.40000 2.00000
v 2.45000 0.40000 2.00000
v 2.45000 0.40000 2.32000
v 2.15000 0.40000 2.32000
v 2.15000 5.80000 2.00000
v 2.45000 5.80000 2.00000
v 2.45000 5.80000 2.32000
v 2.15000 5.80000 2.32000
v 2.30000 5.83000 2.16000
v 2.44722 5.91500 2.16000
v 2.37361 5.91500 2.28750
v 2.22639 5.91500 2.28750
v 2.15278 5.91500 2.16000
v 2.22639 5.91500 2.03250
v 2.37361 5.91500 2.03250
v 2.44722 6.08500 2.16000
v 2.37361 6.08500 2.28750
v 2.22639 6.08500 2.28750
v 2.15278 6.08500 2.16000
v 2.22639 6.08500 2.03250
v 2.37361 6.08500 2.03250
v 2.30000 6.17000 2.16000
v -4.75000 5.50000 2.26000
v -4.55000 5.50000 2.26000
v -4.55000 5.50000 2.44000
v -4.75000 5.50000 2.44000
v -4.75000 5.68000 2.26000
v -4.55000 5.68000 2.26000
v -4.55000 5.68000 2.44000
v -4.75000 5.68000 2.44000
v -4.20833 5.50000 2.26000
v -4.00833 5.50000 2.26000
v -4.00833 5.50000 2.44000
v -4.20833 5.50000 2.44000
v -4.20833 5.68000 2.26000
v -4.00833 5.68000 2.26000
v -4.00833 5.68000 2.44000
v -4.20833 5.68000 2.44000
v -3.66667 5.50000 2.26000
v -3.46667 5.50000 2.26000
v -3.46667 5.50000 2.44000
v -3.66667 5.50000 2.44000
v -3.66667 5.68000 2.26000
v -3.46667 5.68000 2.26000
v -3.46667 5.68000 2.44000
v -3.66667 5.68000 2.44000
v -3.12500 5.50000 2.26000
v -2.92500 5.50000 2.26000
v -2.92500 5.50000 2.44000
v -3.12500 5.50000 2.44000
v -3.12500 5.68000 2.26000
v -2.92500 5.68000 2.26000
v -2.92500 5.68000 2.44000
v -3.12500 5.68000 2.44000
v -2.58333 5.50000 2.26000
v -2.38333 5.50000 2.26000
v -2.38333 5.50000 2.44000
v -2.58333 5.50000 2.44000
v -2.58333 5.68000 2.26000
v -2.38333 5.68000 2.26000
v -2.38333 5.68000 2.44000
v -2.58333 5.68000 2.44000
v -2.04167 5.50000 2.26000
v -1.84167 5.50000 2.26000
v -1.84167 5.50000 2.44000
v -2.04167 5.50000 2.44000
v -2.04167 5.68000 2.26000
v -1.84167 5.68000 2.26000
v -1.84167 5.68000 2.44000
v -2.04167 5.68000 2.44000
v -1.50000 5.50000 2.26000
v -1.30000 5.50000 2.26000
v -1.30000 5.50000 2.44000
v -1.50000 5.50000 2.44000
v -1.50000 5.68000 2.26000
v -1.30000 5.68000 2.26000
v -1.30000 5.68000 2.44000
v -1.50000 5.68000 2.44000
v -0.95833 5.50000 2.26000
v -0.75833 5.50000 2.26000
v -0.75833 5.50000 2.44000
v -0.95833 5.50000 2.44000
v -0.95833 5.68000 2.26000
v -0.75833 5.68000 2.26000
v -0.75833 5.68000 2.44000
v -0.95833 5.68000 2.44000
v -0.41667 5.50000 2.26000
v -0.21667 5.50000 2.26000
v -0.21667 5.50000 2.44000
v -0.41667 5.50000 2.44000
v -0.41667 5.68000 2.26000
v -0.21667 5.68000 2.26000
v -0.21667 5.68000 2.44000
v -0.41667 5.68000 2.44000
v 0.12500 5.50000 2.26000
v 0.32500 5.50000 2.26000
v 0.32500 5.50000 2.44000
v 0.12500 5.50000 2.44000
v 0.12500 5.68000 2.26000
v 0.32500 5.68000 2.26000
v 0.32500 5.68000 2.44000
v 0.12500 5.68000 2.44000
v 0.66667 5.50000 2.26000
v 0.86667 5.50000 2.26000
v 0.86667 5.50000 2.44000
v 0.66667 5.50000 2.44000
v 0.66667 5.68000 2.26000
v 0.86667 5.68000 2.26000
v 0.86667 5.68000 2.44000
v 0.66667 5.68000 2.44000
v 1.20833 5.50000 2.26000
v 1.40833 5.50000 2.26000
v 1.40833 5.50000 2.44000
v 1.20833 5.50000 2.44000
v 1.20833 5.68000 2.26000
v 1.40833 5.68000 2.26000
v 1.40833 5.68000 2.44000
v 1.20833 5.68000 2.44000
v 1.75000 5.50000 2.26000
v 1.95000 5.50000 2.26000
v 1.95000 5.50000 2.44000
v 1.75000 5.50000 2.44000
v 1.75000 5.68000 2.26000
v 1.95000 5.68000 2.26000
v 1.95000 5.68000 2.44000
v 1.75000 5.68000 2.44000
v -3.50000 4.15000 2.28000
v 0.70000 4.15000 2.28000
v 0.70000 4.15000 2.40000
v -3.50000 4.15000 2.40000
v -3.50000 4.95000 2.28000
v 0.70000 4.95000 2.28000
v 0.70000 4.95000 2.40000
v -3.50000 4.95000 2.40000
v -2.79440 4.32320 2.41000
v -2.79440 4.77680 2.41000
v -2.86160 4.77680 2.41000
v -2.86160 4.32320 2.41000
v -2.60540 4.32320 2.41000
v -2.60540 4.77680 2.41000
v -2.67260 4.77680 2.41000
v -2.67260 4.32320 2.41000
v -2.65580 4.51640 2.41000
v -2.39120 4.51640 2.41000
v -2.39120 4.58360 2.41000
v -2.65580 4.58360 2.41000
v -2.44160 4.56680 2.41000
v -2.44160 4.32320 2.41000
v -2.37440 4.32320 2.41000
v -2.37440 4.56680 2.41000
v -2.19646 4.30995 2.41000
v -1.97143 4.76000 2.41000
v -2.03154 4.79005 2.41000
v -2.25657 4.34000 2.41000
v -2.04657 4.76000 2.41000
v -1.82154 4.30995 2.41000
v -1.76143 4.34000 2.41000
v -1.98646 4.79005 2.41000
v -1.78220 4.37360 2.41000
v -2.23580 4.37360 2.41000
v -2.23580 4.30640 2.41000
v -1.78220 4.30640 2.41000
v -1.95524 4.47440 2.41000
v -2.00900 4.52816 2.41000
v -2.06276 4.47440 2.41000
v -2.00900 4.42064 2.41000
v -1.57640 4.32320 2.41000
v -1.57640 4.77680 2.41000
v -1.64360 4.77680 2.41000
v -1.64360 4.32320 2.41000
v -1.62680 4.72640 2.41000
v -1.17320 4.72640 2.41000
v -1.17320 4.79360 2.41000
v -1.62680 4.79360 2.41000
v -1.45880 4.30640 2.41000
v -1.17320 4.30640 2.41000
v -1.17320 4.37360 2.41000
v -1.45880 4.37360 2.41000
v -1.15640 4.32320 2.41000
v -1.15640 4.60880 2.41000
v -1.22360 4.60880 2.41000
v -1.22360 4.32320 2.41000
v -1.17320 4.62560 2.41000
v -1.45880 4.62560 2.41000
v -1.45880 4.55840 2.41000
v -1.17320 4.55840 2.41000
v -0.98912 4.51436 2.41000
v -0.75536 4.74812 2.41000
v -0.80288 4.79564 2.41000
v -1.03664 4.56188 2.41000
v -0.82664 4.74812 2.41000
v -0.59288 4.51436 2.41000
v -0.54536 4.56188 2.41000
v -0.77912 4.79564 2.41000
v -0.59288 4.58564 2.41000
v -0.82664 4.35188 2.41000
v -0.77912 4.30436 2.41000
v -0.54536 4.53812 2.41000
v -0.75536 4.35188 2.41000
v -0.98912 4.58564 2.41000
v -1.03664 4.53812 2.41000
v -0.80288 4.30436 2.41000
v -0.73724 4.55000 2.41000
v -0.79100 4.60376 2.41000
v -0.84476 4.55000 2.41000
v -0.79100 4.49624 2.41000
v -0.40880 4.30640 2.41000
v 0.04480 4.30640 2.41000
v 0.04480 4.37360 2.41000
v -0.40880 4.37360 2.41000
v 0.06160 4.32320 2.41000
v 0.06160 4.77680 2.41000
v -0.00560 4.77680 2.41000
v -0.00560 4.32320 2.41000
v 0.04480 4.79360 2.41000
v -0.30380 4.79360 2.41000
v -0.30380 4.72640 2.41000
v 0.04480 4.72640 2.41000
v -0.32060 4.77680 2.41000
v -0.32060 4.49120 2.41000
v -0.25340 4.49120 2.41000
v -0.25340 4.77680 2.41000
v -0.30380 4.47440 2.41000
v -0.08120 4.47440 2.41000
v -0.08120 4.54160 2.41000
v -0.30380 4.54160 2.41000
v -3.60000 4.10000 2.27000
v 0.80000 4.10000 2.27000
v 0.80000 4.10000 2.45000
v -3.60000 4.10000 2.45000
v -3.60000 4.18000 2.27000
v 0.80000 4.18000 2.27000
v 0.80000 4.18000 2.45000
v -3.60000 4.18000 2.45000
v -3.60000 4.95000 2.27000
v 0.80000 4.95000 2.27000
v 0.80000 4.95000 2.45000
v -3.60000 4.95000 2.45000
v -3.60000 5.03000 2.27000
v 0.80000 5.03000 2.27000
v 0.80000 5.03000 2.45000
v -3.60000 5.03000 2.45000
v -3.60000 4.10000 2.27000
v -3.52000 4.10000 2.27000
v -3.52000 4.10000 2.45000
v -3.60000 4.10000 2.45000
v -3.60000 5.03000 2.27000
v -3.52000 5.03000 2.27000
v -3.52000 5.03000 2.45000
v -3.60000 5.03000 2.45000
v 0.72000 4.10000 2.27000
v 0.80000 4.10000 2.27000
v 0.80000 4.10000 2.45000
v 0.72000 4.10000 2.45000
v 0.72000 5.03000 2.27000
v 0.80000 5.03000 2.27000
v 0.80000 5.03000 2.45000
v 0.72000 5.03000 2.45000
v -1.96764 6.36804 1.88000
v -1.83236 6.33196 1.88000
v -1.83236 6.33196 2.02000
v -1.96764 6.36804 2.02000
v -1.76764 7.11804 1.88000
v -1.63236 7.08196 1.88000
v -1.63236 7.08196 2.02000
v -1.76764 7.11804 2.02000
v -0.96764 6.33196 1.88000
v -0.83236 6.36804 1.88000
v -0.83236 6.36804 2.02000
v -0.96764 6.33196 2.02000
v -1.16764 7.08196 1.88000
v -1.03236 7.11804 1.88000
v -1.03236 7.11804 2.02000
v -1.16764 7.08196 2.02000
v -5.20000 0.00000 2.20000
v 2.40000 0.00000 2.20000
v 2.40000 0.00000 4.30000
v -5.20000 0.00000 4.30000
v -5.20000 0.40000 2.20000
v 2.40000 0.40000 2.20000
v 2.40000 0.40000 4.30000
v -5.20000 0.40000 4.30000
v -5.20000 0.40000 2.21500
v 2.40000 0.40000 2.21500
v 2.40000 0.40000 2.53500
v -5.20000 0.40000 2.53500
v -5.20000 0.45000 2.21500
v 2.40000 0.45000 2.21500
v 2.40000 0.45000 2.53500
v -5.20000 0.45000 2.53500
v -5.20000 0.40000 2.56500
v 2.40000 0.40000 2.56500
v 2.40000 0.40000 2.88500
v -5.20000 0.40000 2.88500
v -5.20000 0.45000 2.56500
v 2.40000 0.45000 2.56500
v 2.40000 0.45000 2.88500
v -5.20000 0.45000 2.88500
v -5.20000 0.40000 2.91500
v 2.40000 0.40000 2.91500
v 2.40000 0.40000 3.23500
v -5.20000 0.40000 3.23500
v -5.20000 0.45000 2.91500
v 2.40000 0.45000 2.91500
v 2.40000 0.45000 3.23500
v -5.20000 0.45000 3.23500
v -5.20000 0.40000 3.26500
v 2.40000 0.40000 3.26500
v 2.40000 0.40000 3.58500
v -5.20000 0.40000 3.58500
v -5.20000 0.45000 3.26500
v 2.40000 0.45000 3.26500
v 2.40000 0.45000 3.58500
v -5.20000 0.45000 3.58500
v -5.20000 0.40000 3.61500
v 2.40000 0.40000 3.61500
v 2.40000 0.40000 3.93500
v -5.20000 0.40000 3.93500
v -5.20000 0.45000 3.61500
v 2.40000 0.45000 3.61500
v 2.40000 0.45000 3.93500
v -5.20000 0.45000 3.93500
v -5.20000 0.40000 3.96500
v 2.40000 0.40000 3.96500
v 2.40000 0.40000 4.28500
v -5.20000 0.40000 4.28500
v -5.20000 0.45000 3.96500
v 2.40000 0.45000 3.96500
v 2.40000 0.45000 4.28500
v -5.20000 0.45000 4.28500
v -5.03000 0.40000 3.97000
v -4.77000 0.40000 3.97000
v -4.77000 0.40000 4.23000
v -5.03000 0.40000 4.23000
v -5.03000 3.30000 3.97000
v -4.77000 3.30000 3.97000
v -4.77000 3.30000 4.23000
v -5.03000 3.30000 4.23000
v -5.11000 0.40000 3.89000
v -4.69000 0.40000 3.89000
v -4.69000 0.40000 4.31000
v -5.11000 0.40000 4.31000
v -5.11000 0.66000 3.89000
v -4.69000 0.66000 3.89000
v -4.69000 0.66000 4.31000
v -5.11000 0.66000 4.31000
v -5.10000 3.16000 3.90000
v -4.70000 3.16000 3.90000
v -4.70000 3.16000 4.30000
v -5.10000 3.16000 4.30000
v -5.10000 3.30000 3.90000
v -4.70000 3.30000 3.90000
v -4.70000 3.30000 4.30000
v -5.10000 3.30000 4.30000
v -5.06000 1.44400 3.94000
v -4.74000 1.44400 3.94000
v -4.74000 1.44400 4.26000
v -5.06000 1.44400 4.26000
v -5.06000 1.50400 3.94000
v -4.74000 1.50400 3.94000
v -4.74000 1.50400 4.26000
v -5.06000 1.50400 4.26000
v -4.77000 2.27750 4.15000
v -4.65000 2.77750 4.15000
v -4.32000 3.04000 4.15000
v -4.32000 3.16000 4.15000
v -4.77000 2.77750 4.15000
v -4.77000 2.27750 4.05000
v -4.65000 2.77750 4.05000
v -4.32000 3.04000 4.05000
v -4.32000 3.16000 4.05000
v -4.77000 2.77750 4.05000
v -2.53000 0.40000 3.97000
v -2.27000 0.40000 3.97000
v -2.27000 0.40000 4.23000
v -2.53000 0.40000 4.23000
v -2.53000 3.30000 3.97000
v -2.27000 3.30000 3.97000
v -2.27000 3.30000 4.23000
v -2.53000 3.30000 4.23000
v -2.61000 0.40000 3.89000
v -2.19000 0.40000 3.89000
v -2.19000 0.40000 4.31000
v -2.61000 0.40000 4.31000
v -2.61000 0.66000 3.89000
v -2.19000 0.66000 3.89000
v -2.19000 0.66000 4.31000
v -2.61000 0.66000 4.31000
v -2.60000 3.16000 3.90000
v -2.20000 3.16000 3.90000
v -2.20000 3.16000 4.30000
v -2.60000 3.16000 4.30000
v -2.60000 3.30000 3.90000
v -2.20000 3.30000 3.90000
v -2.20000 3.30000 4.30000
v -2.60000 3.30000 4.30000
v -2.56000 1.44400 3.94000
v -2.24000 1.44400 3.94000
v -2.24000 1.44400 4.26000
v -2.56000 1.44400 4.26000
v -2.56000 1.50400 3.94000
v -2.24000 1.50400 3.94000
v -2.24000 1.50400 4.26000
v -2.56000 1.50400 4.26000
v -2.53000 2.27750 4.15000
v -2.65000 2.77750 4.15000
v -2.98000 3.04000 4.15000
v -2.98000 3.16000 4.15000
v -2.53000 2.77750 4.15000
v -2.53000 2.27750 4.05000
v -2.65000 2.77750 4.05000
v -2.98000 3.04000 4.05000
v -2.98000 3.16000 4.05000
v -2.53000 2.77750 4.05000
v -2.27000 2.27750 4.15000
v -2.15000 2.77750 4.15000
v -1.82000 3.04000 4.15000
v -1.82000 3.16000 4.15000
v -2.27000 2.77750 4.15000
v -2.27000 2.27750 4.05000
v -2.15000 2.77750 4.05000
v -1.82000 3.04000 4.05000
v -1.82000 3.16000 4.05000
v -2.27000 2.77750 4.05000
v -0.53000 0.40000 3.97000
v -0.27000 0.40000 3.97000
v -0.27000 0.40000 4.23000
v -0.53000 0.40000 4.23000
v -0.53000 3.30000 3.97000
v -0.27000 3.30000 3.97000
v -0.27000 3.30000 4.23000
v -0.53000 3.30000 4.23000
v -0.61000 0.40000 3.89000
v -0.19000 0.40000 3.89000
v -0.19000 0.40000 4.31000
v -0.61000 0.40000 4.31000
v -0.61000 0.66000 3.89000
v -0.19000 0.66000 3.89000
v -0.19000 0.66000 4.31000
v -0.61000 0.66000 4.31000
v -0.60000 3.16000 3.90000
v -0.20000 3.16000 3.90000
v -0.20000 3.16000 4.30000
v -0.60000 3.16000 4.30000
v -0.60000 3.30000 3.90000
v -0.20000 3.30000 3.90000
v -0.20000 3.30000 4.30000
v -0.60000 3.30000 4.30000
v -0.56000 1.44400 3.94000
v -0.24000 1.44400 3.94000
v -0.24000 1.44400 4.26000
v -0.56000 1.44400 4.26000
v -0.56000 1.50400 3.94000
v -0.24000 1.50400 3.94000
v -0.24000 1.50400 4.26000
v -0.56000 1.50400 4.26000
v -0.53000 2.27750 4.15000
v -0.65000 2.77750 4.15000
v -0.98000 3.04000 4.15000
v -0.98000 3.16000 4.15000
v -0.53000 2.77750 4.15000
v -0.53000 2.27750 4.05000
v -0.65000 2.77750 4.05000
v -0.98000 3.04000 4.05000
v -0.98000 3.16000 4.05000
v -0.53000 2.77750 4.05000
v -0.27000 2.27750 4.15000
v -0.15000 2.77750 4.15000
v 0.18000 3.04000 4.15000
v 0.18000 3.16000 4.15000
v -0.27000 2.77750 4.15000
v -0.27000 2.27750 4.05000
v -0.15000 2.77750 4.05000
v 0.18000 3.04000 4.05000
v 0.18000 3.16000 4.05000
v -0.27000 2.77750 4.05000
v 1.97000 0.40000 3.97000
v 2.23000 0.40000 3.97000
v 2.23000 0.40000 4.23000
v 1.97000 0.40000 4.23000
v 1.97000 3.30000 3.97000
v 2.23000 3.30000 3.97000
v 2.23000 3.30000 4.23000
v 1.97000 3.30000 4.23000
v 1.89000 0.40000 3.89000
v 2.31000 0.40000 3.89000
v 2.31000 0.40000 4.31000
v 1.89000 0.40000 4.31000
v 1.89000 0.66000 3.89000
v 2.31000 0.66000 3.89000
v 2.31000 0.66000 4.31000
v 1.89000 0.66000 4.31000
v 1.90000 3.16000 3.90000
v 2.30000 3.16000 3.90000
v 2.30000 3.16000 4.30000
v 1.90000 3.16000 4.30000
v 1.90000 3.30000 3.90000
v 2.30000 3.30000 3.90000
v 2.30000 3.30000 4.30000
v 1.90000 3.30000 4.30000
v 1.94000 1.44400 3.94000
v 2.26000 1.44400 3.94000
v 2.26000 1.44400 4.26000
v 1.94000 1.44400 4.26000
v 1.94000 1.50400 3.94000
v 2.26000 1.50400 3.94000
v 2.26000 1.50400 4.26000
v 1.94000 1.50400 4.26000
v 1.97000 2.27750 4.15000
v 1.85000 2.77750 4.15000
v 1.52000 3.04000 4.15000
v 1.52000 3.16000 4.15000
v 1.97000 2.77750 4.15000
v 1.97000 2.27750 4.05000
v 1.85000 2.77750 4.05000
v 1.52000 3.04000 4.05000
v 1.52000 3.16000 4.05000
v 1.97000 2.77750 4.05000
v -5.40000 3.90336 2.06601
v 2.60000 3.90336 2.06601
v 2.60000 3.49664 4.63399
v -5.40000 3.49664 4.63399
v -5.40000 4.04164 2.08791
v 2.60000 4.04164 2.08791
v 2.60000 3.63491 4.65590
v -5.40000 3.63491 4.65590
v -5.07083 4.04164 2.08791
v -4.97083 4.04164 2.08791
v -4.97083 3.63491 4.65590
v -5.07083 3.63491 4.65590
v -5.07083 4.11078 2.09886
v -4.97083 4.11078 2.09886
v -4.97083 3.70405 4.66685
v -5.07083 3.70405 4.66685
v -4.41250 4.04164 2.08791
v -4.31250 4.04164 2.08791
v -4.31250 3.63491 4.65590
v -4.41250 3.63491 4.65590
v -4.41250 4.11078 2.09886
v -4.31250 4.11078 2.09886
v -4.31250 3.70405 4.66685
v -4.41250 3.70405 4.66685
v -3.75417 4.04164 2.08791
v -3.65417 4.04164 2.08791
v -3.65417 3.63491 4.65590
v -3.75417 3.63491 4.65590
v -3.75417 4.11078 2.09886
v -3.65417 4.11078 2.09886
v -3.65417 3.70405 4.66685
v -3.75417 3.70405 4.66685
v -3.09583 4.04164 2.08791
v -2.99583 4.04164 2.08791
v -2.99583 3.63491 4.65590
v -3.09583 3.63491 4.65590
v -3.09583 4.11078 2.09886
v -2.99583 4.11078 2.09886
v -2.99583 3.70405 4.66685
v -3.09583 3.70405 4.66685
v -2.43750 4.04164 2.08791
v -2.33750 4.04164 2.08791
v -2.33750 3.63491 4.65590
v -2.43750 3.63491 4.65590
v -2.43750 4.11078 2.09886
v -2.33750 4.11078 2.09886
v -2.33750 3.70405 4.66685
v -2.43750 3.70405 4.66685
v -1.77917 4.04164 2.08791
v -1.67917 4.04164 2.08791
v -1.67917 3.63491 4.65590
v -1.77917 3.63491 4.65590
v -1.77917 4.11078 2.09886
v -1.67917 4.11078 2.09886
v -1.67917 3.70405 4.66685
v -1.77917 3.70405 4.66685
v -1.12083 4.04164 2.08791
v -1.02083 4.04164 2.08791
v -1.02083 3.63491 4.65590
v -1.12083 3.63491 4.65590
v -1.12083 4.11078 2.09886
v -1.02083 4.11078 2.09886
v -1.02083 3.70405 4.66685
v -1.12083 3.70405 4.66685
v -0.46250 4.04164 2.08791
v -0.36250 4.04164 2.08791
v -0.36250 3.63491 4.65590
v -0.46250 3.63491 4.65590
v -0.46250 4.11078 2.09886
v -0.36250 4.11078 2.09886
v -0.36250 3.70405 4.66685
v -0.46250 3.70405 4.66685
v 0.19583 4.04164 2.08791
v 0.29583 4.04164 2.08791
v 0.29583 3.63491 4.65590
v 0.19583 3.63491 4.65590
v 0.19583 4.11078 2.09886
v 0.29583 4.11078 2.09886
v 0.29583 3.70405 4.66685
v 0.19583 3.70405 4.66685
v 0.85417 4.04164 2.08791
v 0.95417 4.04164 2.08791
v 0.95417 3.63491 4.65590
v 0.85417 3.63491 4.65590
v 0.85417 4.11078 2.09886
v 0.95417 4.11078 2.09886
v 0.95417 3.70405 4.66685
v 0.85417 3.70405 4.66685
v 1.51250 4.04164 2.08791
v 1.61250 4.04164 2.08791
v 1.61250 3.63491 4.65590
v 1.51250 3.63491 4.65590
v 1.51250 4.11078 2.09886
v 1.61250 4.11078 2.09886
v 1.61250 3.70405 4.66685
v 1.51250 3.70405 4.66685
v 2.17083 4.04164 2.08791
v 2.27083 4.04164 2.08791
v 2.27083 3.63491 4.65590
v 2.17083 3.63491 4.65590
v 2.17083 4.11078 2.09886
v 2.27083 4.11078 2.09886
v 2.27083 3.70405 4.66685
v 2.17083 3.70405 4.66685
v -5.30000 3.30000 3.96000
v 2.50000 3.30000 3.96000
v 2.50000 3.30000 4.24000
v -5.30000 3.30000 4.24000
v -5.30000 3.54000 3.96000
v 2.50000 3.54000 3.96000
v 2.50000 3.54000 4.24000
v -5.30000 3.54000 4.24000
v -4.75000 1.25000 4.03500
v -2.55000 1.25000 4.03500
v -2.55000 1.25000 4.16500
v -4.75000 1.25000 4.16500
v -4.75000 1.34000 4.03500
v -2.55000 1.34000 4.03500
v -2.55000 1.34000 4.16500
v -4.75000 1.34000 4.16500
v -4.75000 0.50000 4.05500
v -2.55000 0.50000 4.05500
v -2.55000 0.50000 4.14500
v -4.75000 0.50000 4.14500
v -4.75000 0.57000 4.05500
v -2.55000 0.57000 4.05500
v -2.55000 0.57000 4.14500
v -4.75000 0.57000 4.14500
v -4.34500 0.57000 4.06500
v -4.27500 0.57000 4.06500
v -4.27500 0.57000 4.13500
v -4.34500 0.57000 4.13500
v -4.34500 1.25000 4.06500
v -4.27500 1.25000 4.06500
v -4.27500 1.25000 4.13500
v -4.34500 1.25000 4.13500
v -3.90500 0.57000 4.06500
v -3.83500 0.57000 4.06500
v -3.83500 0.57000 4.13500
v -3.90500 0.57000 4.13500
v -3.90500 1.25000 4.06500
v -3.83500 1.25000 4.06500
v -3.83500 1.25000 4.13500
v -3.90500 1.25000 4.13500
v -3.46500 0.57000 4.06500
v -3.39500 0.57000 4.06500
v -3.39500 0.57000 4.13500
v -3.46500 0.57000 4.13500
v -3.46500 1.25000 4.06500
v -3.39500 1.25000 4.06500
v -3.39500 1.25000 4.13500
v -3.46500 1.25000 4.13500
v -3.02500 0.57000 4.06500
v -2.95500 0.57000 4.06500
v -2.95500 0.57000 4.13500
v -3.02500 0.57000 4.13500
v -3.02500 1.25000 4.06500
v -2.95500 1.25000 4.06500
v -2.95500 1.25000 4.13500
v -3.02500 1.25000 4.13500
v -0.25000 1.25000 4.03500
v 1.95000 1.25000 4.03500
v 1.95000 1.25000 4.16500
v -0.25000 1.25000 4.16500
v -0.25000 1.34000 4.03500
v 1.95000 1.34000 4.03500
v 1.95000 1.34000 4.16500
v -0.25000 1.34000 4.16500
v -0.25000 0.50000 4.05500
v 1.95000 0.50000 4.05500
v 1.95000 0.50000 4.14500
v -0.25000 0.50000 4.14500
v -0.25000 0.57000 4.05500
v 1.95000 0.57000 4.05500
v 1.95000 0.57000 4.14500
v -0.25000 0.57000 4.14500
v 0.15500 0.57000 4.06500
v 0.22500 0.57000 4.06500
v 0.22500 0.57000 4.13500
v 0.15500 0.57000 4.13500
v 0.15500 1.25000 4.06500
v 0.22500 1.25000 4.06500
v 0.22500 1.25000 4.13500
v 0.15500 1.25000 4.13500
v 0.59500 0.57000 4.06500
v 0.66500 0.57000 4.06500
v 0.66500 0.57000 4.13500
v 0.59500 0.57000 4.13500
v 0.59500 1.25000 4.06500
v 0.66500 1.25000 4.06500
v 0.66500 1.25000 4.13500
v 0.59500 1.25000 4.13500
v 1.03500 0.57000 4.06500
v 1.10500 0.57000 4.06500
v 1.10500 0.57000 4.13500
v 1.03500 0.57000 4.13500
v 1.03500 1.25000 4.06500
v 1.10500 1.25000 4.06500
v 1.10500 1.25000 4.13500
v 1.03500 1.25000 4.13500
v 1.47500 0.57000 4.06500
v 1.54500 0.57000 4.06500
v 1.54500 0.57000 4.13500
v 1.47500 0.57000 4.13500
v 1.47500 1.25000 4.06500
v 1.54500 1.25000 4.06500
v 1.54500 1.25000 4.13500
v 1.47500 1.25000 4.13500
v -2.40000 0.00000 4.30000
v -0.40000 0.00000 4.30000
v -0.40000 0.00000 4.66000
v -2.40000 0.00000 4.66000
v -2.40000 0.38000 4.30000
v -0.40000 0.38000 4.30000
v -0.40000 0.38000 4.66000
v -2.40000 0.38000 4.66000
v -2.40000 0.00000 4.64000
v -0.40000 0.00000 4.64000
v -0.40000 0.00000 5.00000
v -2.40000 0.00000 5.00000
v -2.40000 0.25000 4.64000
v -0.40000 0.25000 4.64000
v -0.40000 0.25000 5.00000
v -2.40000 0.25000 5.00000
v -2.40000 0.00000 4.98000
v -0.40000 0.00000 4.98000
v -0.40000 0.00000 5.34000
v -2.40000 0.00000 5.34000
v -2.40000 0.12000 4.98000
v -0.40000 0.12000 4.98000
v -0.40000 0.12000 5.34000
v -2.40000 0.12000 5.34000
v -4.55000 0.84000 2.39000
v -2.85000 0.84000 2.39000
v -2.85000 0.84000 2.81000
v -4.55000 0.84000 2.81000
v -4.55000 0.92000 2.39000
v -2.85000 0.92000 2.39000
v -2.85000 0.92000 2.81000
v -4.55000 0.92000 2.81000
v -4.55000 0.89479 2.33046
v -2.85000 0.89479 2.33046
v -2.85000 0.90521 2.38954
v -4.55000 0.90521 2.38954
v -4.55000 1.30841 2.25752
v -2.85000 1.30841 2.25752
v -2.85000 1.31883 2.31661
v -4.55000 1.31883 2.31661
v -4.49000 0.40000 2.40000
v -4.41000 0.40000 2.40000
v -4.41000 0.40000 2.80000
v -4.49000 0.40000 2.80000
v -4.49000 0.84000 2.40000
v -4.41000 0.84000 2.40000
v -4.41000 0.84000 2.80000
v -4.49000 0.84000 2.80000
v -2.99000 0.40000 2.40000
v -2.91000 0.40000 2.40000
v -2.91000 0.40000 2.80000
v -2.99000 0.40000 2.80000
v -2.99000 0.84000 2.40000
v -2.91000 0.84000 2.40000
v -2.91000 0.84000 2.80000
v -2.99000 0.84000 2.80000
v 0.20000 0.40000 2.70000
v 0.38000 0.40000 2.70000
v 0.32728 0.40000 2.82728
v 0.20000 0.40000 2.88000
v 0.07272 0.40000 2.82728
v 0.02000 0.40000 2.70000
v 0.07272 0.40000 2.57272
v 0.20000 0.40000 2.52000
v 0.32728 0.40000 2.57272
v 0.44000 0.52000 2.70000
v 0.36971 0.52000 2.86971
v 0.20000 0.52000 2.94000
v 0.03029 0.52000 2.86971
v -0.04000 0.52000 2.70000
v 0.03029 0.52000 2.53029
v 0.20000 0.52000 2.46000
v 0.36971 0.52000 2.53029
v 0.40000 0.70000 2.70000
v 0.34142 0.70000 2.84142
v 0.20000 0.70000 2.90000
v 0.05858 0.70000 2.84142
v 0.00000 0.70000 2.70000
v 0.05858 0.70000 2.55858
v 0.20000 0.70000 2.50000
v 0.34142 0.70000 2.55858
v 0.33000 0.76000 2.70000
v 0.29192 0.76000 2.79192
v 0.20000 0.76000 2.83000
v 0.10808 0.76000 2.79192
v 0.07000 0.76000 2.70000
v 0.10808 0.76000 2.60808
v 0.20000 0.76000 2.57000
v 0.29192 0.76000 2.60808
v 0.42000 0.82000 2.70000
v 0.35556 0.82000 2.85556
v 0.20000 0.82000 2.92000
v 0.04444 0.82000 2.85556
v -0.02000 0.82000 2.70000
v 0.04444 0.82000 2.54444
v 0.20000 0.82000 2.48000
v 0.35556 0.82000 2.54444
v 0.20000 0.82000 2.70000
v -3.68500 3.35000 3.85000
v -3.70000 3.35000 3.83500
v -3.71500 3.35000 3.85000
v -3.70000 3.35000 3.86500
v -3.68500 3.10000 3.85000
v -3.70000 3.10000 3.83500
v -3.71500 3.10000 3.85000
v -3.70000 3.10000 3.86500
v -3.54000 3.00000 3.85000
v -3.62000 3.00000 3.98856
v -3.78000 3.00000 3.98856
v -3.86000 3.00000 3.85000
v -3.78000 3.00000 3.71144
v -3.62000 3.00000 3.71144
v -3.65000 3.10000 3.85000
v -3.67500 3.10000 3.89330
v -3.72500 3.10000 3.89330
v -3.75000 3.10000 3.85000
v -3.72500 3.10000 3.80670
v -3.67500 3.10000 3.80670
v -3.58000 2.74000 3.85000
v -3.64000 2.74000 3.95392
v -3.76000 2.74000 3.95392
v -3.82000 2.74000 3.85000
v -3.76000 2.74000 3.74608
v -3.64000 2.74000 3.74608
v -3.58000 3.00000 3.85000
v -3.64000 3.00000 3.95392
v -3.76000 3.00000 3.95392
v -3.82000 3.00000 3.85000
v -3.76000 3.00000 3.74608
v -3.64000 3.00000 3.74608
v -3.56000 2.70000 3.85000
v -3.63000 2.70000 3.97124
v -3.77000 2.70000 3.97124
v -3.84000 2.70000 3.85000
v -3.77000 2.70000 3.72876
v -3.63000 2.70000 3.72876
v -3.56000 2.74000 3.85000
v -3.63000 2.74000 3.97124
v -3.77000 2.74000 3.97124
v -3.84000 2.74000 3.85000
v -3.77000 2.74000 3.72876
v -3.63000 2.74000 3.72876
v 0.91500 3.35000 3.85000
v 0.90000 3.35000 3.83500
v 0.88500 3.35000 3.85000
v 0.90000 3.35000 3.86500
v 0.91500 3.10000 3.85000
v 0.90000 3.10000 3.83500
v 0.88500 3.10000 3.85000
v 0.90000 3.10000 3.86500
v 1.06000 3.00000 3.85000
v 0.98000 3.00000 3.98856
v 0.82000 3.00000 3.98856
v 0.74000 3.00000 3.85000
v 0.82000 3.00000 3.71144
v 0.98000 3.00000 3.71144
v 0.95000 3.10000 3.85000
v 0.92500 3.10000 3.89330
v 0.87500 3.10000 3.89330
v 0.85000 3.10000 3.85000
v 0.87500 3.10000 3.80670
v 0.92500 3.10000 3.80670
v 1.02000 2.74000 3.85000
v 0.96000 2.74000 3.95392
v 0.84000 2.74000 3.95392
v 0.78000 2.74000 3.85000
v 0.84000 2.74000 3.74608
v 0.96000 2.74000 3.74608
v 1.02000 3.00000 3.85000
v 0.96000 3.00000 3.95392
v 0.84000 3.00000 3.95392
v 0.78000 3.00000 3.85000
v 0.84000 3.00000 3.74608
v 0.96000 3.00000 3.74608
v 1.04000 2.70000 3.85000
v 0.97000 2.70000 3.97124
v 0.83000 2.70000 3.97124
v 0.76000 2.70000 3.85000
v 0.83000 2.70000 3.72876
v 0.97000 2.70000 3.72876
v 1.04000 2.74000 3.85000
v 0.97000 2.74000 3.97124
v 0.83000 2.74000 3.97124
v 0.76000 2.74000 3.85000
v 0.83000 2.74000 3.72876
v 0.97000 2.74000 3.72876
v -2.02500 0.40000 2.19000
v -0.77500 0.40000 2.19000
v -0.77500 0.40000 2.25000
v -2.02500 0.40000 2.25000
v -2.02500 2.85000 2.19000
v -0.77500 2.85000 2.19000
v -0.77500 2.85000 2.25000
v -2.02500 2.85000 2.25000
v -2.22500 2.85000 2.13000
v -0.57500 2.85000 2.13000
v -0.57500 2.85000 2.39000
v -2.22500 2.85000 2.39000
v -2.22500 3.05000 2.13000
v -0.57500 3.05000 2.13000
v -0.57500 3.05000 2.39000
v -2.22500 3.05000 2.39000
v -2.18500 0.40000 2.13000
v -2.00500 0.40000 2.13000
v -2.00500 0.40000 2.39000
v -2.18500 0.40000 2.39000
v -2.18500 2.85000 2.13000
v -2.00500 2.85000 2.13000
v -2.00500 2.85000 2.39000
v -2.18500 2.85000 2.39000
v -0.79500 0.40000 2.13000
v -0.61500 0.40000 2.13000
v -0.61500 0.40000 2.39000
v -0.79500 0.40000 2.39000
v -0.79500 2.85000 2.13000
v -0.61500 2.85000 2.13000
v -0.61500 2.85000 2.39000
v -0.79500 2.85000 2.39000
v -4.15000 1.40000 2.23000
v -3.15000 1.40000 2.23000
v -3.15000 1.40000 2.27000
v -4.15000 1.40000 2.27000
v -4.15000 2.65000 2.23000
v -3.15000 2.65000 2.23000
v -3.15000 2.65000 2.27000
v -4.15000 2.65000 2.27000
v -4.28000 1.27000 2.20000
v -4.15000 1.27000 2.20000
v -4.15000 1.27000 2.36000
v -4.28000 1.27000 2.36000
v -4.28000 2.78000 2.20000
v -4.15000 2.78000 2.20000
v -4.15000 2.78000 2.36000
v -4.28000 2.78000 2.36000
v -3.15000 1.27000 2.20000
v -3.02000 1.27000 2.20000
v -3.02000 1.27000 2.36000
v -3.15000 1.27000 2.36000
v -3.15000 2.78000 2.20000
v -3.02000 2.78000 2.20000
v -3.02000 2.78000 2.36000
v -3.15000 2.78000 2.36000
v -4.15000 2.65000 2.20000
v -3.15000 2.65000 2.20000
v -3.15000 2.65000 2.36000
v -4.15000 2.65000 2.36000
v -4.15000 2.78000 2.20000
v -3.15000 2.78000 2.20000
v -3.15000 2.78000 2.36000
v -4.15000 2.78000 2.36000
v -4.15000 1.27000 2.20000
v -3.15000 1.27000 2.20000
v -3.15000 1.27000 2.36000
v -4.15000 1.27000 2.36000
v -4.15000 1.40000 2.20000
v -3.15000 1.40000 2.20000
v -3.15000 1.40000 2.36000
v -4.15000 1.40000 2.36000
v -4.40000 1.18000 2.20000
v -2.90000 1.18000 2.20000
v -2.90000 1.18000 2.50000
v -4.40000 1.18000 2.50000
v -4.40000 1.27000 2.20000
v -2.90000 1.27000 2.20000
v -2.90000 1.27000 2.50000
v -4.40000 1.27000 2.50000
v -4.37000 2.78000 2.20000
v -2.93000 2.78000 2.20000
v -2.93000 2.78000 2.44000
v -4.37000 2.78000 2.44000
v -4.37000 2.92000 2.20000
v -2.93000 2.92000 2.20000
v -2.93000 2.92000 2.44000
v -4.37000 2.92000 2.44000
v -4.73951 1.35000 2.32897
v -4.31258 1.35000 2.22252
v -4.30049 1.35000 2.27103
v -4.72742 1.35000 2.37748
v -4.73951 2.70000 2.32897
v -4.31258 2.70000 2.22252
v -4.30049 2.70000 2.27103
v -4.72742 2.70000 2.37748
v -4.66920 1.57857 2.36296
v -4.35870 1.57857 2.28555
v -4.35145 1.57857 2.31466
v -4.66194 1.57857 2.39207
v -4.66920 1.64857 2.36296
v -4.35870 1.64857 2.28555
v -4.35145 1.64857 2.31466
v -4.66194 1.64857 2.39207
v -4.66920 1.87619 2.36296
v -4.35870 1.87619 2.28555
v -4.35145 1.87619 2.31466
v -4.66194 1.87619 2.39207
v -4.66920 1.94619 2.36296
v -4.35870 1.94619 2.28555
v -4.35145 1.94619 2.31466
v -4.66194 1.94619 2.39207
v -4.66920 2.17381 2.36296
v -4.35870 2.17381 2.28555
v -4.35145 2.17381 2.31466
v -4.66194 2.17381 2.39207
v -4.66920 2.24381 2.36296
v -4.35870 2.24381 2.28555
v -4.35145 2.24381 2.31466
v -4.66194 2.24381 2.39207
v -4.66920 2.47143 2.36296
v -4.35870 2.47143 2.28555
v -4.35145 2.47143 2.31466
v -4.66194 2.47143 2.39207
v -4.66920 2.54143 2.36296
v -4.35870 2.54143 2.28555
v -4.35145 2.54143 2.31466
v -4.66194 2.54143 2.39207
v -2.98742 1.35000 2.22252
v -2.56049 1.35000 2.32897
v -2.57258 1.35000 2.37748
v -2.99951 1.35000 2.27103
v -2.98742 2.70000 2.22252
v -2.56049 2.70000 2.32897
v -2.57258 2.70000 2.37748
v -2.99951 2.70000 2.27103
v -2.94130 1.57857 2.28555
v -2.63080 1.57857 2.36296
v -2.63806 1.57857 2.39207
v -2.94855 1.57857 2.31466
v -2.94130 1.64857 2.28555
v -2.63080 1.64857 2.36296
v -2.63806 1.64857 2.39207
v -2.94855 1.64857 2.31466
v -2.94130 1.87619 2.28555
v -2.63080 1.87619 2.36296
v -2.63806 1.87619 2.39207
v -2.94855 1.87619 2.31466
v -2.94130 1.94619 2.28555
v -2.63080 1.94619 2.36296
v -2.63806 1.94619 2.39207
v -2.94855 1.94619 2.31466
v -2.94130 2.17381 2.28555
v -2.63080 2.17381 2.36296
v -2.63806 2.17381 2.39207
v -2.94855 2.17381 2.31466
v -2.94130 2.24381 2.28555
v -2.63080 2.24381 2.36296
v -2.63806 2.24381 2.39207
v -2.94855 2.24381 2.31466
v -2.94130 2.47143 2.28555
v -2.63080 2.47143 2.36296
v -2.63806 2.47143 2.39207
v -2.94855 2.47143 2.31466
v -2.94130 2.54143 2.28555
v -2.63080 2.54143 2.36296
v -2.63806 2.54143 2.39207
v -2.94855 2.54143 2.31466
v -3.97500 1.40000 2.31500
v -3.92500 1.40000 2.31500
v -3.92500 1.40000 2.36500
v -3.97500 1.40000 2.36500
v -3.97500 2.65000 2.31500
v -3.92500 2.65000 2.31500
v -3.92500 2.65000 2.36500
v -3.97500 2.65000 2.36500
v -3.67500 1.40000 2.31500
v -3.62500 1.40000 2.31500
v -3.62500 1.40000 2.36500
v -3.67500 1.40000 2.36500
v -3.67500 2.65000 2.31500
v -3.62500 2.65000 2.31500
v -3.62500 2.65000 2.36500
v -3.67500 2.65000 2.36500
v -3.37500 1.40000 2.31500
v -3.32500 1.40000 2.31500
v -3.32500 1.40000 2.36500
v -3.37500 1.40000 2.36500
v -3.37500 2.65000 2.31500
v -3.32500 2.65000 2.31500
v -3.32500 2.65000 2.36500
v -3.37500 2.65000 2.36500
v -0.10000 1.40000 2.23000
v 0.90000 1.40000 2.23000
v 0.90000 1.40000 2.27000
v -0.10000 1.40000 2.27000
v -0.10000 2.65000 2.23000
v 0.90000 2.65000 2.23000
v 0.90000 2.65000 2.27000
v -0.10000 2.65000 2.27000
v -0.23000 1.27000 2.20000
v -0.10000 1.27000 2.20000
v -0.10000 1.27000 2.36000
v -0.23000 1.27000 2.36000
v -0.23000 2.78000 2.20000
v -0.10000 2.78000 2.20000
v -0.10000 2.78000 2.36000
v -0.23000 2.78000 2.36000
v 0.90000 1.27000 2.20000
v 1.03000 1.27000 2.20000
v 1.03000 1.27000 2.36000
v 0.90000 1.27000 2.36000
v 0.90000 2.78000 2.20000
v 1.03000 2.78000 2.20000
v 1.03000 2.78000 2.36000
v 0.90000 2.78000 2.36000
v -0.10000 2.65000 2.20000
v 0.90000 2.65000 2.20000
v 0.90000 2.65000 2.36000
v -0.10000 2.65000 2.36000
v -0.10000 2.78000 2.20000
v 0.90000 2.78000 2.20000
v 0.90000 2.78000 2.36000
v -0.10000 2.78000 2.36000
v -0.10000 1.27000 2.20000
v 0.90000 1.27000 2.20000
v 0.90000 1.27000 2.36000
v -0.10000 1.27000 2.36000
v -0.10000 1.40000 2.20000
v 0.90000 1.40000 2.20000
v 0.90000 1.40000 2.36000
v -0.10000 1.40000 2.36000
v -0.35000 1.18000 2.20000
v 1.15000 1.18000 2.20000
v 1.15000 1.18000 2.50000
v -0.35000 1.18000 2.50000
v -0.35000 1.27000 2.20000
v 1.15000 1.27000 2.20000
v 1.15000 1.27000 2.50000
v -0.35000 1.27000 2.50000
v -0.32000 2.78000 2.20000
v 1.12000 2.78000 2.20000
v 1.12000 2.78000 2.44000
v -0.32000 2.78000 2.44000
v -0.32000 2.92000 2.20000
v 1.12000 2.92000 2.20000
v 1.12000 2.92000 2.44000
v -0.32000 2.92000 2.44000
v -0.68951 1.35000 2.32897
v -0.26258 1.35000 2.22252
v -0.25049 1.35000 2.27103
v -0.67742 1.35000 2.37748
v -0.68951 2.70000 2.32897
v -0.26258 2.70000 2.22252
v -0.25049 2.70000 2.27103
v -0.67742 2.70000 2.37748
v -0.61920 1.57857 2.36296
v -0.30870 1.57857 2.28555
v -0.30145 1.57857 2.31466
v -0.61194 1.57857 2.39207
v -0.61920 1.64857 2.36296
v -0.30870 1.64857 2.28555
v -0.30145 1.64857 2.31466
v -0.61194 1.64857 2.39207
v -0.61920 1.87619 2.36296
v -0.30870 1.87619 2.28555
v -0.30145 1.87619 2.31466
v -0.61194 1.87619 2.39207
v -0.61920 1.94619 2.36296
v -0.30870 1.94619 2.28555
v -0.30145 1.94619 2.31466
v -0.61194 1.94619 2.39207
v -0.61920 2.17381 2.36296
v -0.30870 2.17381 2.28555
v -0.30145 2.17381 2.31466
v -0.61194 2.17381 2.39207
v -0.61920 2.24381 2.36296
v -0.30870 2.24381 2.28555
v -0.30145 2.24381 2.31466
v -0.61194 2.24381 2.39207
v -0.61920 2.47143 2.36296
v -0.30870 2.47143 2.28555
v -0.30145 2.47143 2.31466
v -0.61194 2.47143 2.39207
v -0.61920 2.54143 2.36296
v -0.30870 2.54143 2.28555
v -0.30145 2.54143 2.31466
v -0.61194 2.54143 2.39207
v 1.06258 1.35000 2.22252
v 1.48951 1.35000 2.32897
v 1.47742 1.35000 2.37748
v 1.05049 1.35000 2.27103
v 1.06258 2.70000 2.22252
v 1.48951 2.70000 2.32897
v 1.47742 2.70000 2.37748
v 1.05049 2.70000 2.27103
v 1.10870 1.57857 2.28555
v 1.41920 1.57857 2.36296
v 1.41194 1.57857 2.39207
v 1.10145 1.57857 2.31466
v 1.10870 1.64857 2.28555
v 1.41920 1.64857 2.36296
v 1.41194 1.64857 2.39207
v 1.10145 1.64857 2.31466
v 1.10870 1.87619 2.28555
v 1.41920 1.87619 2.36296
v 1.41194 1.87619 2.39207
v 1.10145 1.87619 2.31466
v 1.10870 1.94619 2.28555
v 1.41920 1.94619 2.36296
v 1.41194 1.94619 2.39207
v 1.10145 1.94619 2.31466
v 1.10870 2.17381 2.28555
v 1.41920 2.17381 2.36296
v 1.41194 2.17381 2.39207
v 1.10145 2.17381 2.31466
v 1.10870 2.24381 2.28555
v 1.41920 2.24381 2.36296
v 1.41194 2.24381 2.39207
v 1.10145 2.24381 2.31466
v 1.10870 2.47143 2.28555
v 1.41920 2.47143 2.36296
v 1.41194 2.47143 2.39207
v 1.10145 2.47143 2.31466
v 1.10870 2.54143 2.28555
v 1.41920 2.54143 2.36296
v 1.41194 2.54143 2.39207
v 1.10145 2.54143 2.31466
v 0.07500 1.40000 2.31500
v 0.12500 1.40000 2.31500
v 0.12500 1.40000 2.36500
v 0.07500 1.40000 2.36500
v 0.07500 2.65000 2.31500
v 0.12500 2.65000 2.31500
v 0.12500 2.65000 2.36500
v 0.07500 2.65000 2.36500
v 0.37500 1.40000 2.31500
v 0.42500 1.40000 2.31500
v 0.42500 1.40000 2.36500
v 0.37500 1.40000 2.36500
v 0.37500 2.65000 2.31500
v 0.42500 2.65000 2.31500
v 0.42500 2.65000 2.36500
v 0.37500 2.65000 2.36500
v 0.67500 1.40000 2.31500
v 0.72500 1.40000 2.31500
v 0.72500 1.40000 2.36500
v 0.67500 1.40000 2.36500
v 0.67500 2.65000 2.31500
v 0.72500 2.65000 2.31500
v 0.72500 2.65000 2.36500
v 0.67500 2.65000 2.36500
v -4.77000 1.60000 -2.65000
v -4.77000 1.60000 -1.75000
v -4.81000 1.60000 -1.75000
v -4.81000 1.60000 -2.65000
v -4.77000 2.70000 -2.65000
v -4.77000 2.70000 -1.75000
v -4.81000 2.70000 -1.75000
v -4.81000 2.70000 -2.65000
v -4.74000 1.47000 -2.78000
v -4.74000 1.47000 -2.65000
v -4.90000 1.47000 -2.65000
v -4.90000 1.47000 -2.78000
v -4.74000 2.83000 -2.78000
v -4.74000 2.83000 -2.65000
v -4.90000 2.83000 -2.65000
v -4.90000 2.83000 -2.78000
v -4.74000 1.47000 -1.75000
v -4.74000 1.47000 -1.62000
v -4.90000 1.47000 -1.62000
v -4.90000 1.47000 -1.75000
v -4.74000 2.83000 -1.75000
v -4.74000 2.83000 -1.62000
v -4.90000 2.83000 -1.62000
v -4.90000 2.83000 -1.75000
v -4.74000 2.70000 -2.65000
v -4.74000 2.70000 -1.75000
v -4.90000 2.70000 -1.75000
v -4.90000 2.70000 -2.65000
v -4.74000 2.83000 -2.65000
v -4.74000 2.83000 -1.75000
v -4.90000 2.83000 -1.75000
v -4.90000 2.83000 -2.65000
v -4.74000 1.47000 -2.65000
v -4.74000 1.47000 -1.75000
v -4.90000 1.47000 -1.75000
v -4.90000 1.47000 -2.65000
v -4.74000 1.60000 -2.65000
v -4.74000 1.60000 -1.75000
v -4.90000 1.60000 -1.75000
v -4.90000 1.60000 -2.65000
v -4.74000 1.38000 -2.90000
v -4.74000 1.38000 -1.50000
v -5.04000 1.38000 -1.50000
v -5.04000 1.38000 -2.90000
v -4.74000 1.47000 -2.90000
v -4.74000 1.47000 -1.50000
v -5.04000 1.47000 -1.50000
v -5.04000 1.47000 -2.90000
v -4.74000 2.83000 -2.87000
v -4.74000 2.83000 -1.53000
v -4.98000 2.83000 -1.53000
v -4.98000 2.83000 -2.87000
v -4.74000 2.97000 -2.87000
v -4.74000 2.97000 -1.53000
v -4.98000 2.97000 -1.53000
v -4.98000 2.97000 -2.87000
v -4.81000 1.60000 -2.23000
v -4.81000 1.60000 -2.17000
v -4.86000 1.60000 -2.17000
v -4.86000 1.60000 -2.23000
v -4.81000 2.70000 -2.23000
v -4.81000 2.70000 -2.17000
v -4.86000 2.70000 -2.17000
v -4.86000 2.70000 -2.23000
v -4.81000 2.12000 -2.65000
v -4.81000 2.12000 -1.75000
v -4.86000 2.12000 -1.75000
v -4.86000 2.12000 -2.65000
v -4.81000 2.18000 -2.65000
v -4.81000 2.18000 -1.75000
v -4.86000 2.18000 -1.75000
v -4.86000 2.18000 -2.65000
v -4.77000 1.60000 -0.05000
v -4.77000 1.60000 0.85000
v -4.81000 1.60000 0.85000
v -4.81000 1.60000 -0.05000
v -4.77000 2.70000 -0.05000
v -4.77000 2.70000 0.85000
v -4.81000 2.70000 0.85000
v -4.81000 2.70000 -0.05000
v -4.74000 1.47000 -0.18000
v -4.74000 1.47000 -0.05000
v -4.90000 1.47000 -0.05000
v -4.90000 1.47000 -0.18000
v -4.74000 2.83000 -0.18000
v -4.74000 2.83000 -0.05000
v -4.90000 2.83000 -0.05000
v -4.90000 2.83000 -0.18000
v -4.74000 1.47000 0.85000
v -4.74000 1.47000 0.98000
v -4.90000 1.47000 0.98000
v -4.90000 1.47000 0.85000
v -4.74000 2.83000 0.85000
v -4.74000 2.83000 0.98000
v -4.90000 2.83000 0.98000
v -4.90000 2.83000 0.85000
v -4.74000 2.70000 -0.05000
v -4.74000 2.70000 0.85000
v -4.90000 2.70000 0.85000
v -4.90000 2.70000 -0.05000
v -4.74000 2.83000 -0.05000
v -4.74000 2.83000 0.85000
v -4.90000 2.83000 0.85000
v -4.90000 2.83000 -0.05000
v -4.74000 1.47000 -0.05000
v -4.74000 1.47000 0.85000
v -4.90000 1.47000 0.85000
v -4.90000 1.47000 -0.05000
v -4.74000 1.60000 -0.05000
v -4.74000 1.60000 0.85000
v -4.90000 1.60000 0.85000
v -4.90000 1.60000 -0.05000
v -4.74000 1.38000 -0.30000
v -4.74000 1.38000 1.10000
v -5.04000 1.38000 1.10000
v -5.04000 1.38000 -0.30000
v -4.74000 1.47000 -0.30000
v -4.74000 1.47000 1.10000
v -5.04000 1.47000 1.10000
v -5.04000 1.47000 -0.30000
v -4.74000 2.83000 -0.27000
v -4.74000 2.83000 1.07000
v -4.98000 2.83000 1.07000
v -4.98000 2.83000 -0.27000
v -4.74000 2.97000 -0.27000
v -4.74000 2.97000 1.07000
v -4.98000 2.97000 1.07000
v -4.98000 2.97000 -0.27000
v -4.81000 1.60000 0.37000
v -4.81000 1.60000 0.43000
v -4.86000 1.60000 0.43000
v -4.86000 1.60000 0.37000
v -4.81000 2.70000 0.37000
v -4.81000 2.70000 0.43000
v -4.86000 2.70000 0.43000
v -4.86000 2.70000 0.37000
v -4.81000 2.12000 -0.05000
v -4.81000 2.12000 0.85000
v -4.86000 2.12000 0.85000
v -4.86000 2.12000 -0.05000
v -4.81000 2.18000 -0.05000
v -4.81000 2.18000 0.85000
v -4.86000 2.18000 0.85000
v -4.86000 2.18000 -0.05000
v 1.75000 0.00000 -3.55000
v 6.45000 0.00000 -3.55000
v 6.45000 0.00000 2.55000
v 1.75000 0.00000 2.55000
v 1.75000 0.30000 -3.55000
v 6.45000 0.30000 -3.55000
v 6.45000 0.30000 2.55000
v 1.75000 0.30000 2.55000
v 6.27500 0.30000 -3.10000
v 5.22500 0.30000 -3.10000
v 5.22500 0.30000 -3.46000
v 6.27500 0.30000 -3.46000
v 6.27500 0.70000 -3.10000
v 5.22500 0.70000 -3.10000
v 5.22500 0.70000 -3.46000
v 6.27500 0.70000 -3.46000
v 5.17500 0.30000 -3.10000
v 4.12500 0.30000 -3.10000
v 4.12500 0.30000 -3.46000
v 5.17500 0.30000 -3.46000
v 5.17500 0.70000 -3.10000
v 4.12500 0.70000 -3.10000
v 4.12500 0.70000 -3.46000
v 5.17500 0.70000 -3.46000
v 4.07500 0.30000 -3.10000
v 3.02500 0.30000 -3.10000
v 3.02500 0.30000 -3.46000
v 4.07500 0.30000 -3.46000
v 4.07500 0.70000 -3.10000
v 3.02500 0.70000 -3.10000
v 3.02500 0.70000 -3.46000
v 4.07500 0.70000 -3.46000
v 2.97500 0.30000 -3.10000
v 1.92500 0.30000 -3.10000
v 1.92500 0.30000 -3.46000
v 2.97500 0.30000 -3.46000
v 2.97500 0.70000 -3.10000
v 1.92500 0.70000 -3.10000
v 1.92500 0.70000 -3.46000
v 2.97500 0.70000 -3.46000
v 6.00000 0.30000 2.37500
v 6.00000 0.30000 1.45833
v 6.36000 0.30000 1.45833
v 6.36000 0.30000 2.37500
v 6.00000 0.70000 2.37500
v 6.00000 0.70000 1.45833
v 6.36000 0.70000 1.45833
v 6.36000 0.70000 2.37500
v 6.00000 0.30000 1.40833
v 6.00000 0.30000 0.49167
v 6.36000 0.30000 0.49167
v 6.36000 0.30000 1.40833
v 6.00000 0.70000 1.40833
v 6.00000 0.70000 0.49167
v 6.36000 0.70000 0.49167
v 6.36000 0.70000 1.40833
v 6.00000 0.30000 0.44167
v 6.00000 0.30000 -0.47500
v 6.36000 0.30000 -0.47500
v 6.36000 0.30000 0.44167
v 6.00000 0.70000 0.44167
v 6.00000 0.70000 -0.47500
v 6.36000 0.70000 -0.47500
v 6.36000 0.70000 0.44167
v 6.00000 0.30000 -0.52500
v 6.00000 0.30000 -1.44167
v 6.36000 0.30000 -1.44167
v 6.36000 0.30000 -0.52500
v 6.00000 0.70000 -0.52500
v 6.00000 0.70000 -1.44167
v 6.36000 0.70000 -1.44167
v 6.36000 0.70000 -0.52500
v 6.00000 0.30000 -1.49167
v 6.00000 0.30000 -2.40833
v 6.36000 0.30000 -2.40833
v 6.36000 0.30000 -1.49167
v 6.00000 0.70000 -1.49167
v 6.00000 0.70000 -2.40833
v 6.36000 0.70000 -2.40833
v 6.36000 0.70000 -1.49167
v 6.00000 0.30000 -2.45833
v 6.00000 0.30000 -3.37500
v 6.36000 0.30000 -3.37500
v 6.36000 0.30000 -2.45833
v 6.00000 0.70000 -2.45833
v 6.00000 0.70000 -3.37500
v 6.36000 0.70000 -3.37500
v 6.36000 0.70000 -2.45833
v 5.92500 0.75000 -3.10000
v 4.87500 0.75000 -3.10000
v 4.87500 0.75000 -3.46000
v 5.92500 0.75000 -3.46000
v 5.92500 1.15000 -3.10000
v 4.87500 1.15000 -3.10000
v 4.87500 1.15000 -3.46000
v 5.92500 1.15000 -3.46000
v 4.82500 0.75000 -3.10000
v 3.77500 0.75000 -3.10000
v 3.77500 0.75000 -3.46000
v 4.82500 0.75000 -3.46000
v 4.82500 1.15000 -3.10000
v 3.77500 1.15000 -3.10000
v 3.77500 1.15000 -3.46000
v 4.82500 1.15000 -3.46000
v 3.72500 0.75000 -3.10000
v 2.67500 0.75000 -3.10000
v 2.67500 0.75000 -3.46000
v 3.72500 0.75000 -3.46000
v 3.72500 1.15000 -3.10000
v 2.67500 1.15000 -3.10000
v 2.67500 1.15000 -3.46000
v 3.72500 1.15000 -3.46000
v 2.97500 0.75000 -3.10000
v 1.92500 0.75000 -3.10000
v 1.92500 0.75000 -3.46000
v 2.97500 0.75000 -3.46000
v 2.97500 1.15000 -3.10000
v 1.92500 1.15000 -3.10000
v 1.92500 1.15000 -3.46000
v 2.97500 1.15000 -3.46000
v 6.00000 0.75000 2.02500
v 6.00000 0.75000 1.10833
v 6.36000 0.75000 1.10833
v 6.36000 0.75000 2.02500
v 6.00000 1.15000 2.02500
v 6.00000 1.15000 1.10833
v 6.36000 1.15000 1.10833
v 6.36000 1.15000 2.02500
v 6.00000 0.75000 1.05833
v 6.00000 0.75000 0.14167
v 6.36000 0.75000 0.14167
v 6.36000 0.75000 1.05833
v 6.00000 1.15000 1.05833
v 6.00000 1.15000 0.14167
v 6.36000 1.15000 0.14167
v 6.36000 1.15000 1.05833
v 6.00000 0.75000 0.09167
v 6.00000 0.75000 -0.82500
v 6.36000 0.75000 -0.82500
v 6.36000 0.75000 0.09167
v 6.00000 1.15000 0.09167
v 6.00000 1.15000 -0.82500
v 6.36000 1.15000 -0.82500
v 6.36000 1.15000 0.09167
v 6.00000 0.75000 -0.87500
v 6.00000 0.75000 -1.79167
v 6.36000 0.75000 -1.79167
v 6.36000 0.75000 -0.87500
v 6.00000 1.15000 -0.87500
v 6.00000 1.15000 -1.79167
v 6.36000 1.15000 -1.79167
v 6.36000 1.15000 -0.87500
v 6.00000 0.75000 -1.84167
v 6.00000 0.75000 -2.75833
v 6.36000 0.75000 -2.75833
v 6.36000 0.75000 -1.84167
v 6.00000 1.15000 -1.84167
v 6.00000 1.15000 -2.75833
v 6.36000 1.15000 -2.75833
v 6.36000 1.15000 -1.84167
v 6.00000 0.75000 -2.45833
v 6.00000 0.75000 -3.37500
v 6.36000 0.75000 -3.37500
v 6.36000 0.75000 -2.45833
v 6.00000 1.15000 -2.45833
v 6.00000 1.15000 -3.37500
v 6.36000 1.15000 -3.37500
v 6.36000 1.15000 -2.45833
v 6.27500 1.20000 -3.10000
v 5.22500 1.20000 -3.10000
v 5.22500 1.20000 -3.46000
v 6.27500 1.20000 -3.46000
v 6.27500 1.60000 -3.10000
v 5.22500 1.60000 -3.10000
v 5.22500 1.60000 -3.46000
v 6.27500 1.60000 -3.46000
v 5.17500 1.20000 -3.10000
v 4.12500 1.20000 -3.10000
v 4.12500 1.20000 -3.46000
v 5.17500 1.20000 -3.46000
v 5.17500 1.60000 -3.10000
v 4.12500 1.60000 -3.10000
v 4.12500 1.60000 -3.46000
v 5.17500 1.60000 -3.46000
v 4.07500 1.20000 -3.10000
v 3.02500 1.20000 -3.10000
v 3.02500 1.20000 -3.46000
v 4.07500 1.20000 -3.46000
v 4.07500 1.60000 -3.10000
v 3.02500 1.60000 -3.10000
v 3.02500 1.60000 -3.46000
v 4.07500 1.60000 -3.46000
v 2.97500 1.20000 -3.10000
v 1.92500 1.20000 -3.10000
v 1.92500 1.20000 -3.46000
v 2.97500 1.20000 -3.46000
v 2.97500 1.60000 -3.10000
v 1.92500 1.60000 -3.10000
v 1.92500 1.60000 -3.46000
v 2.97500 1.60000 -3.46000
v 6.00000 1.20000 2.37500
v 6.00000 1.20000 1.45833
v 6.36000 1.20000 1.45833
v 6.36000 1.20000 2.37500
v 6.00000 1.60000 2.37500
v 6.00000 1.60000 1.45833
v 6.36000 1.60000 1.45833
v 6.36000 1.60000 2.37500
v 6.00000 1.20000 1.40833
v 6.00000 1.20000 0.49167
v 6.36000 1.20000 0.49167
v 6.36000 1.20000 1.40833
v 6.00000 1.60000 1.40833
v 6.00000 1.60000 0.49167
v 6.36000 1.60000 0.49167
v 6.36000 1.60000 1.40833
v 6.00000 1.20000 0.44167
v 6.00000 1.20000 -0.47500
v 6.36000 1.20000 -0.47500
v 6.36000 1.20000 0.44167
v 6.00000 1.60000 0.44167
v 6.00000 1.60000 -0.47500
v 6.36000 1.60000 -0.47500
v 6.36000 1.60000 0.44167
v 6.00000 1.20000 -0.52500
v 6.00000 1.20000 -1.44167
v 6.36000 1.20000 -1.44167
v 6.36000 1.20000 -0.52500
v 6.00000 1.60000 -0.52500
v 6.00000 1.60000 -1.44167
v 6.36000 1.60000 -1.44167
v 6.36000 1.60000 -0.52500
v 6.00000 1.20000 -1.49167
v 6.00000 1.20000 -2.40833
v 6.36000 1.20000 -2.40833
v 6.36000 1.20000 -1.49167
v 6.00000 1.60000 -1.49167
v 6.00000 1.60000 -2.40833
v 6.36000 1.60000 -2.40833
v 6.36000 1.60000 -1.49167
v 6.00000 1.20000 -2.45833
v 6.00000 1.20000 -3.37500
v 6.36000 1.20000 -3.37500
v 6.36000 1.20000 -2.45833
v 6.00000 1.60000 -2.45833
v 6.00000 1.60000 -3.37500
v 6.36000 1.60000 -3.37500
v 6.36000 1.60000 -2.45833
v 5.92500 1.65000 -3.10000
v 4.87500 1.65000 -3.10000
v 4.87500 1.65000 -3.46000
v 5.92500 1.65000 -3.46000
v 5.92500 2.05000 -3.10000
v 4.87500 2.05000 -3.10000
v 4.87500 2.05000 -3.46000
v 5.92500 2.05000 -3.46000
v 4.82500 1.65000 -3.10000
v 3.77500 1.65000 -3.10000
v 3.77500 1.65000 -3.46000
v 4.82500 1.65000 -3.46000
v 4.82500 2.05000 -3.10000
v 3.77500 2.05000 -3.10000
v 3.77500 2.05000 -3.46000
v 4.82500 2.05000 -3.46000
v 3.72500 1.65000 -3.10000
v 2.67500 1.65000 -3.10000
v 2.67500 1.65000 -3.46000
v 3.72500 1.65000 -3.46000
v 3.72500 2.05000 -3.10000
v 2.67500 2.05000 -3.10000
v 2.67500 2.05000 -3.46000
v 3.72500 2.05000 -3.46000
v 2.97500 1.65000 -3.10000
v 1.92500 1.65000 -3.10000
v 1.92500 1.65000 -3.46000
v 2.97500 1.65000 -3.46000
v 2.97500 2.05000 -3.10000
v 1.92500 2.05000 -3.10000
v 1.92500 2.05000 -3.46000
v 2.97500 2.05000 -3.46000
v 6.00000 1.65000 2.02500
v 6.00000 1.65000 1.10833
v 6.36000 1.65000 1.10833
v 6.36000 1.65000 2.02500
v 6.00000 2.05000 2.02500
v 6.00000 2.05000 1.10833
v 6.36000 2.05000 1.10833
v 6.36000 2.05000 2.02500
v 6.00000 1.65000 1.05833
v 6.00000 1.65000 0.14167
v 6.36000 1.65000 0.14167
v 6.36000 1.65000 1.05833
v 6.00000 2.05000 1.05833
v 6.00000 2.05000 0.14167
v 6.36000 2.05000 0.14167
v 6.36000 2.05000 1.05833
v 6.00000 1.65000 0.09167
v 6.00000 1.65000 -0.82500
v 6.36000 1.65000 -0.82500
v 6.36000 1.65000 0.09167
v 6.00000 2.05000 0.09167
v 6.00000 2.05000 -0.82500
v 6.36000 2.05000 -0.82500
v 6.36000 2.05000 0.09167
v 6.00000 1.65000 -0.87500
v 6.00000 1.65000 -1.79167
v 6.36000 1.65000 -1.79167
v 6.36000 1.65000 -0.87500
v 6.00000 2.05000 -0.87500
v 6.00000 2.05000 -1.79167
v 6.36000 2.05000 -1.79167
v 6.36000 2.05000 -0.87500
v 6.00000 1.65000 -1.84167
v 6.00000 1.65000 -2.75833
v 6.36000 1.65000 -2.75833
v 6.36000 1.65000 -1.84167
v 6.00000 2.05000 -1.84167
v 6.00000 2.05000 -2.75833
v 6.36000 2.05000 -2.75833
v 6.36000 2.05000 -1.84167
v 6.00000 1.65000 -2.45833
v 6.00000 1.65000 -3.37500
v 6.36000 1.65000 -3.37500
v 6.36000 1.65000 -2.45833
v 6.00000 2.05000 -2.45833
v 6.00000 2.05000 -3.37500
v 6.36000 2.05000 -3.37500
v 6.36000 2.05000 -2.45833
v 6.27500 2.10000 -3.10000
v 5.22500 2.10000 -3.10000
v 5.22500 2.10000 -3.46000
v 6.27500 2.10000 -3.46000
v 6.27500 2.50000 -3.10000
v 5.22500 2.50000 -3.10000
v 5.22500 2.50000 -3.46000
v 6.27500 2.50000 -3.46000
v 5.17500 2.10000 -3.10000
v 4.12500 2.10000 -3.10000
v 4.12500 2.10000 -3.46000
v 5.17500 2.10000 -3.46000
v 5.17500 2.50000 -3.10000
v 4.12500 2.50000 -3.10000
v 4.12500 2.50000 -3.46000
v 5.17500 2.50000 -3.46000
v 4.07500 2.10000 -3.10000
v 3.02500 2.10000 -3.10000
v 3.02500 2.10000 -3.46000
v 4.07500 2.10000 -3.46000
v 4.07500 2.50000 -3.10000
v 3.02500 2.50000 -3.10000
v 3.02500 2.50000 -3.46000
v 4.07500 2.50000 -3.46000
v 2.97500 2.10000 -3.10000
v 1.92500 2.10000 -3.10000
v 1.92500 2.10000 -3.46000
v 2.97500 2.10000 -3.46000
v 2.97500 2.50000 -3.10000
v 1.92500 2.50000 -3.10000
v 1.92500 2.50000 -3.46000
v 2.97500 2.50000 -3.46000
v 6.00000 2.10000 2.37500
v 6.00000 2.10000 1.45833
v 6.36000 2.10000 1.45833
v 6.36000 2.10000 2.37500
v 6.00000 2.50000 2.37500
v 6.00000 2.50000 1.45833
v 6.36000 2.50000 1.45833
v 6.36000 2.50000 2.37500
v 6.00000 2.10000 1.40833
v 6.00000 2.10000 0.49167
v 6.36000 2.10000 0.49167
v 6.36000 2.10000 1.40833
v 6.00000 2.50000 1.40833
v 6.00000 2.50000 0.49167
v 6.36000 2.50000 0.49167
v 6.36000 2.50000 1.40833
v 6.00000 2.10000 0.44167
v 6.00000 2.10000 -0.47500
v 6.36000 2.10000 -0.47500
v 6.36000 2.10000 0.44167
v 6.00000 2.50000 0.44167
v 6.00000 2.50000 -0.47500
v 6.36000 2.50000 -0.47500
v 6.36000 2.50000 0.44167
v 6.00000 2.10000 -0.52500
v 6.00000 2.10000 -1.44167
v 6.36000 2.10000 -1.44167
v 6.36000 2.10000 -0.52500
v 6.00000 2.50000 -0.52500
v 6.00000 2.50000 -1.44167
v 6.36000 2.50000 -1.44167
v 6.36000 2.50000 -0.52500
v 6.00000 2.10000 -1.49167
v 6.00000 2.10000 -2.40833
v 6.36000 2.10000 -2.40833
v 6.36000 2.10000 -1.49167
v 6.00000 2.50000 -1.49167
v 6.00000 2.50000 -2.40833
v 6.36000 2.50000 -2.40833
v 6.36000 2.50000 -1.49167
v 6.00000 2.10000 -2.45833
v 6.00000 2.10000 -3.37500
v 6.36000 2.10000 -3.37500
v 6.36000 2.10000 -2.45833
v 6.00000 2.50000 -2.45833
v 6.00000 2.50000 -3.37500
v 6.36000 2.50000 -3.37500
v 6.36000 2.50000 -2.45833
v 5.92500 2.55000 -3.10000
v 4.87500 2.55000 -3.10000
v 4.87500 2.55000 -3.46000
v 5.92500 2.55000 -3.46000
v 5.92500 2.95000 -3.10000
v 4.87500 2.95000 -3.10000
v 4.87500 2.95000 -3.46000
v 5.92500 2.95000 -3.46000
v 4.82500 2.55000 -3.10000
v 3.77500 2.55000 -3.10000
v 3.77500 2.55000 -3.46000
v 4.82500 2.55000 -3.46000
v 4.82500 2.95000 -3.10000
v 3.77500 2.95000 -3.10000
v 3.77500 2.95000 -3.46000
v 4.82500 2.95000 -3.46000
v 3.72500 2.55000 -3.10000
v 2.67500 2.55000 -3.10000
v 2.67500 2.55000 -3.46000
v 3.72500 2.55000 -3.46000
v 3.72500 2.95000 -3.10000
v 2.67500 2.95000 -3.10000
v 2.67500 2.95000 -3.46000
v 3.72500 2.95000 -3.46000
v 2.97500 2.55000 -3.10000
v 1.92500 2.55000 -3.10000
v 1.92500 2.55000 -3.46000
v 2.97500 2.55000 -3.46000
v 2.97500 2.95000 -3.10000
v 1.92500 2.95000 -3.10000
v 1.92500 2.95000 -3.46000
v 2.97500 2.95000 -3.46000
v 6.00000 2.55000 2.02500
v 6.00000 2.55000 1.10833
v 6.36000 2.55000 1.10833
v 6.36000 2.55000 2.02500
v 6.00000 2.95000 2.02500
v 6.00000 2.95000 1.10833
v 6.36000 2.95000 1.10833
v 6.36000 2.95000 2.02500
v 6.00000 2.55000 1.05833
v 6.00000 2.55000 0.14167
v 6.36000 2.55000 0.14167
v 6.36000 2.55000 1.05833
v 6.00000 2.95000 1.05833
v 6.00000 2.95000 0.14167
v 6.36000 2.95000 0.14167
v 6.36000 2.95000 1.05833
v 6.00000 2.55000 0.09167
v 6.00000 2.55000 -0.82500
v 6.36000 2.55000 -0.82500
v 6.36000 2.55000 0.09167
v 6.00000 2.95000 0.09167
v 6.00000 2.95000 -0.82500
v 6.36000 2.95000 -0.82500
v 6.36000 2.95000 0.09167
v 6.00000 2.55000 -0.87500
v 6.00000 2.55000 -1.79167
v 6.36000 2.55000 -1.79167
v 6.36000 2.55000 -0.87500
v 6.00000 2.95000 -0.87500
v 6.00000 2.95000 -1.79167
v 6.36000 2.95000 -1.79167
v 6.36000 2.95000 -0.87500
v 6.00000 2.55000 -1.84167
v 6.00000 2.55000 -2.75833
v 6.36000 2.55000 -2.75833
v 6.36000 2.55000 -1.84167
v 6.00000 2.95000 -1.84167
v 6.00000 2.95000 -2.75833
v 6.36000 2.95000 -2.75833
v 6.36000 2.95000 -1.84167
v 6.00000 2.55000 -2.45833
v 6.00000 2.55000 -3.37500
v 6.36000 2.55000 -3.37500
v 6.36000 2.55000 -2.45833
v 6.00000 2.95000 -2.45833
v 6.00000 2.95000 -3.37500
v 6.36000 2.95000 -3.37500
v 6.36000 2.95000 -2.45833
v 6.27500 3.00000 -3.10000
v 5.22500 3.00000 -3.10000
v 5.22500 3.00000 -3.46000
v 6.27500 3.00000 -3.46000
v 6.27500 3.40000 -3.10000
v 5.22500 3.40000 -3.10000
v 5.22500 3.40000 -3.46000
v 6.27500 3.40000 -3.46000
v 5.17500 3.00000 -3.10000
v 4.12500 3.00000 -3.10000
v 4.12500 3.00000 -3.46000
v 5.17500 3.00000 -3.46000
v 5.17500 3.40000 -3.10000
v 4.12500 3.40000 -3.10000
v 4.12500 3.40000 -3.46000
v 5.17500 3.40000 -3.46000
v 4.07500 3.00000 -3.10000
v 3.02500 3.00000 -3.10000
v 3.02500 3.00000 -3.46000
v 4.07500 3.00000 -3.46000
v 4.07500 3.40000 -3.10000
v 3.02500 3.40000 -3.10000
v 3.02500 3.40000 -3.46000
v 4.07500 3.40000 -3.46000
v 2.97500 3.00000 -3.10000
v 1.92500 3.00000 -3.10000
v 1.92500 3.00000 -3.46000
v 2.97500 3.00000 -3.46000
v 2.97500 3.40000 -3.10000
v 1.92500 3.40000 -3.10000
v 1.92500 3.40000 -3.46000
v 2.97500 3.40000 -3.46000
v 6.00000 3.00000 2.37500
v 6.00000 3.00000 1.45833
v 6.36000 3.00000 1.45833
v 6.36000 3.00000 2.37500
v 6.00000 3.40000 2.37500
v 6.00000 3.40000 1.45833
v 6.36000 3.40000 1.45833
v 6.36000 3.40000 2.37500
v 6.00000 3.00000 1.40833
v 6.00000 3.00000 0.49167
v 6.36000 3.00000 0.49167
v 6.36000 3.00000 1.40833
v 6.00000 3.40000 1.40833
v 6.00000 3.40000 0.49167
v 6.36000 3.40000 0.49167
v 6.36000 3.40000 1.40833
v 6.00000 3.00000 0.44167
v 6.00000 3.00000 -0.47500
v 6.36000 3.00000 -0.47500
v 6.36000 3.00000 0.44167
v 6.00000 3.40000 0.44167
v 6.00000 3.40000 -0.47500
v 6.36000 3.40000 -0.47500
v 6.36000 3.40000 0.44167
v 6.00000 3.00000 -0.52500
v 6.00000 3.00000 -1.44167
v 6.36000 3.00000 -1.44167
v 6.36000 3.00000 -0.52500
v 6.00000 3.40000 -0.52500
v 6.00000 3.40000 -1.44167
v 6.36000 3.40000 -1.44167
v 6.36000 3.40000 -0.52500
v 6.00000 3.00000 -1.49167
v 6.00000 3.00000 -2.40833
v 6.36000 3.00000 -2.40833
v 6.36000 3.00000 -1.49167
v 6.00000 3.40000 -1.49167
v 6.00000 3.40000 -2.40833
v 6.36000 3.40000 -2.40833
v 6.36000 3.40000 -1.49167
v 6.00000 3.00000 -2.45833
v 6.00000 3.00000 -3.37500
v 6.36000 3.00000 -3.37500
v 6.36000 3.00000 -2.45833
v 6.00000 3.40000 -2.45833
v 6.00000 3.40000 -3.37500
v 6.36000 3.40000 -3.37500
v 6.36000 3.40000 -2.45833
v 5.92500 3.45000 -3.10000
v 4.87500 3.45000 -3.10000
v 4.87500 3.45000 -3.46000
v 5.92500 3.45000 -3.46000
v 5.92500 3.85000 -3.10000
v 4.87500 3.85000 -3.10000
v 4.87500 3.85000 -3.46000
v 5.92500 3.85000 -3.46000
v 4.82500 3.45000 -3.10000
v 3.77500 3.45000 -3.10000
v 3.77500 3.45000 -3.46000
v 4.82500 3.45000 -3.46000
v 4.82500 3.85000 -3.10000
v 3.77500 3.85000 -3.10000
v 3.77500 3.85000 -3.46000
v 4.82500 3.85000 -3.46000
v 3.72500 3.45000 -3.10000
v 2.67500 3.45000 -3.10000
v 2.67500 3.45000 -3.46000
v 3.72500 3.45000 -3.46000
v 3.72500 3.85000 -3.10000
v 2.67500 3.85000 -3.10000
v 2.67500 3.85000 -3.46000
v 3.72500 3.85000 -3.46000
v 2.97500 3.45000 -3.10000
v 1.92500 3.45000 -3.10000
v 1.92500 3.45000 -3.46000
v 2.97500 3.45000 -3.46000
v 2.97500 3.85000 -3.10000
v 1.92500 3.85000 -3.10000
v 1.92500 3.85000 -3.46000
v 2.97500 3.85000 -3.46000
v 6.00000 3.45000 2.02500
v 6.00000 3.45000 1.10833
v 6.36000 3.45000 1.10833
v 6.36000 3.45000 2.02500
v 6.00000 3.85000 2.02500
v 6.00000 3.85000 1.10833
v 6.36000 3.85000 1.10833
v 6.36000 3.85000 2.02500
v 6.00000 3.45000 1.05833
v 6.00000 3.45000 0.14167
v 6.36000 3.45000 0.14167
v 6.36000 3.45000 1.05833
v 6.00000 3.85000 1.05833
v 6.00000 3.85000 0.14167
v 6.36000 3.85000 0.14167
v 6.36000 3.85000 1.05833
v 6.00000 3.45000 0.09167
v 6.00000 3.45000 -0.82500
v 6.36000 3.45000 -0.82500
v 6.36000 3.45000 0.09167
v 6.00000 3.85000 0.09167
v 6.00000 3.85000 -0.82500
v 6.36000 3.85000 -0.82500
v 6.36000 3.85000 0.09167
v 6.00000 3.45000 -0.87500
v 6.00000 3.45000 -1.79167
v 6.36000 3.45000 -1.79167
v 6.36000 3.45000 -0.87500
v 6.00000 3.85000 -0.87500
v 6.00000 3.85000 -1.79167
v 6.36000 3.85000 -1.79167
v 6.36000 3.85000 -0.87500
v 6.00000 3.45000 -1.84167
v 6.00000 3.45000 -2.75833
v 6.36000 3.45000 -2.75833
v 6.36000 3.45000 -1.84167
v 6.00000 3.85000 -1.84167
v 6.00000 3.85000 -2.75833
v 6.36000 3.85000 -2.75833
v 6.36000 3.85000 -1.84167
v 6.00000 3.45000 -2.45833
v 6.00000 3.45000 -3.37500
v 6.36000 3.45000 -3.37500
v 6.36000 3.45000 -2.45833
v 6.00000 3.85000 -2.45833
v 6.00000 3.85000 -3.37500
v 6.36000 3.85000 -3.37500
v 6.36000 3.85000 -2.45833
v 1.90000 0.30000 -3.40000
v 6.30000 0.30000 -3.40000
v 6.30000 0.30000 2.40000
v 1.90000 0.30000 2.40000
v 1.90000 3.90000 -3.40000
v 6.30000 3.90000 -3.40000
v 6.30000 3.90000 2.40000
v 1.90000 3.90000 2.40000
v 1.90000 0.30000 1.90000
v 2.40000 0.30000 1.90000
v 2.40000 0.30000 2.40000
v 1.90000 0.30000 2.40000
v 1.90000 3.90000 1.90000
v 2.40000 3.90000 1.90000
v 2.40000 3.90000 2.40000
v 1.90000 3.90000 2.40000
v 5.80000 0.30000 1.90000
v 6.30000 0.30000 1.90000
v 6.30000 0.30000 2.40000
v 5.80000 0.30000 2.40000
v 5.80000 3.90000 1.90000
v 6.30000 3.90000 1.90000
v 6.30000 3.90000 2.40000
v 5.80000 3.90000 2.40000
v 1.70000 3.40000 1.80000
v 6.50000 3.40000 1.80000
v 6.50000 3.40000 2.40000
v 1.70000 3.40000 2.40000
v 1.70000 3.90000 1.80000
v 6.50000 3.90000 1.80000
v 6.50000 3.90000 2.40000
v 1.70000 3.90000 2.40000
v 1.60000 3.90000 -3.70000
v 6.60000 3.90000 -3.70000
v 6.60000 3.90000 2.70000
v 1.60000 3.90000 2.70000
v 1.60000 4.15000 -3.70000
v 6.60000 4.15000 -3.70000
v 6.60000 4.15000 2.70000
v 1.60000 4.15000 2.70000
v 2.40000 0.30000 0.30000
v 5.80000 0.30000 0.30000
v 5.80000 0.30000 2.30000
v 2.40000 0.30000 2.30000
v 2.40000 0.34000 0.30000
v 5.80000 0.34000 0.30000
v 5.80000 0.34000 2.30000
v 2.40000 0.34000 2.30000
v 2.40000 0.30000 0.25000
v 5.80000 0.30000 0.25000
v 5.80000 0.30000 0.35000
v 2.40000 0.30000 0.35000
v 2.40000 3.40000 0.25000
v 5.80000 3.40000 0.25000
v 5.80000 3.40000 0.35000
v 2.40000 3.40000 0.35000
v 2.55000 0.75000 0.40000
v 4.45000 0.75000 0.40000
v 4.45000 0.75000 1.20000
v 2.55000 0.75000 1.20000
v 2.55000 0.87000 0.40000
v 4.45000 0.87000 0.40000
v 4.45000 0.87000 1.20000
v 2.55000 0.87000 1.20000
v 2.75000 0.87000 0.45000
v 4.45000 0.87000 0.45000
v 4.45000 0.87000 1.15000
v 2.75000 0.87000 1.15000
v 2.75000 0.97000 0.45000
v 4.45000 0.97000 0.45000
v 4.45000 0.97000 1.15000
v 2.75000 0.97000 1.15000
v 2.69572 1.05437 0.80000
v 2.93491 1.07914 0.80000
v 2.69990 0.88902 0.80000
v 2.92419 0.86953 0.80000
v 2.80000 0.92081 0.95920
v 2.80000 1.02257 0.97013
v 2.80000 0.90178 0.57923
v 2.80000 1.02178 0.63244
v 2.99670 0.97000 0.67843
v 2.98439 0.97000 0.91396
v 2.61601 0.97000 0.68629
v 2.61319 0.97000 0.91545
v 2.61000 0.30000 0.46000
v 2.69000 0.30000 0.46000
v 2.69000 0.30000 0.54000
v 2.61000 0.30000 0.54000
v 2.61000 0.75000 0.46000
v 2.69000 0.75000 0.46000
v 2.69000 0.75000 0.54000
v 2.61000 0.75000 0.54000
v 2.61000 0.30000 1.06000
v 2.69000 0.30000 1.06000
v 2.69000 0.30000 1.14000
v 2.61000 0.30000 1.14000
v 2.61000 0.75000 1.06000
v 2.69000 0.75000 1.06000
v 2.69000 0.75000 1.14000
v 2.61000 0.75000 1.14000
v 4.31000 0.30000 0.46000
v 4.39000 0.30000 0.46000
v 4.39000 0.30000 0.54000
v 4.31000 0.30000 0.54000
v 4.31000 0.75000 0.46000
v 4.39000 0.75000 0.46000
v 4.39000 0.75000 0.54000
v 4.31000 0.75000 0.54000
v 4.31000 0.30000 1.06000
v 4.39000 0.30000 1.06000
v 4.39000 0.30000 1.14000
v 4.31000 0.30000 1.14000
v 4.31000 0.75000 1.06000
v 4.39000 0.75000 1.06000
v 4.39000 0.75000 1.14000
v 4.31000 0.75000 1.14000
v 5.30000 0.30000 0.90000
v 5.24142 0.30000 1.04142
v 5.10000 0.30000 1.10000
v 4.95858 0.30000 1.04142
v 4.90000 0.30000 0.90000
v 4.95858 0.30000 0.75858
v 5.10000 0.30000 0.70000
v 5.24142 0.30000 0.75858
v 5.34000 0.65000 0.90000
v 5.26971 0.65000 1.06971
v 5.10000 0.65000 1.14000
v 4.93029 0.65000 1.06971
v 4.86000 0.65000 0.90000
v 4.93029 0.65000 0.73029
v 5.10000 0.65000 0.66000
v 5.26971 0.65000 0.73029
v 5.22000 0.33000 1.60000
v 5.13979 0.33000 1.84687
v 4.92979 0.33000 1.99944
v 4.67021 0.33000 1.99944
v 4.46021 0.33000 1.84687
v 4.38000 0.33000 1.60000
v 4.46021 0.33000 1.35313
v 4.67021 0.33000 1.20056
v 4.92979 0.33000 1.20056
v 5.13979 0.33000 1.35313
v 5.22000 0.35000 1.60000
v 5.13979 0.35000 1.84687
v 4.92979 0.35000 1.99944
v 4.67021 0.35000 1.99944
v 4.46021 0.35000 1.84687
v 4.38000 0.35000 1.60000
v 4.46021 0.35000 1.35313
v 4.67021 0.35000 1.20056
v 4.92979 0.35000 1.20056
v 5.13979 0.35000 1.35313
v 2.35000 0.30000 2.20000
v 5.85000 0.30000 2.20000
v 5.85000 0.30000 2.50000
v 2.35000 0.30000 2.50000
v 2.35000 0.50000 2.20000
v 5.85000 0.50000 2.20000
v 5.85000 0.50000 2.50000
v 2.35000 0.50000 2.50000
v 2.35000 3.30000 2.20000
v 5.85000 3.30000 2.20000
v 5.85000 3.30000 2.50000
v 2.35000 3.30000 2.50000
v 2.35000 3.50000 2.20000
v 5.85000 3.50000 2.20000
v 5.85000 3.50000 2.50000
v 2.35000 3.50000 2.50000
v 6.02000 1.60000 2.40000
v 6.08000 1.60000 2.40000
v 6.08000 1.60000 2.44000
v 6.02000 1.60000 2.44000
v 6.02000 1.74000 2.40000
v 6.08000 1.74000 2.40000
v 6.08000 1.74000 2.44000
v 6.02000 1.74000 2.44000
v 6.02000 1.80000 2.40000
v 6.08000 1.80000 2.40000
v 6.08000 1.80000 2.44000
v 6.02000 1.80000 2.44000
v 6.02000 1.94000 2.40000
v 6.08000 1.94000 2.40000
v 6.08000 1.94000 2.44000
v 6.02000 1.94000 2.44000
v 4.45000 4.15000 0.50000
v 4.34749 4.15000 0.74749
v 4.10000 4.15000 0.85000
v 3.85251 4.15000 0.74749
v 3.75000 4.15000 0.50000
v 3.85251 4.15000 0.25251
v 4.10000 4.15000 0.15000
v 4.34749 4.15000 0.25251
v 4.45000 4.30000 0.50000
v 4.34749 4.30000 0.74749
v 4.10000 4.30000 0.85000
v 3.85251 4.30000 0.74749
v 3.75000 4.30000 0.50000
v 3.85251 4.30000 0.25251
v 4.10000 4.30000 0.15000
v 4.34749 4.30000 0.25251
v 4.05000 4.30000 0.50000
v 3.97678 4.30000 0.67678
v 3.80000 4.30000 0.75000
v 3.62322 4.30000 0.67678
v 3.55000 4.30000 0.50000
v 3.62322 4.30000 0.32322
v 3.80000 4.30000 0.25000
v 3.97678 4.30000 0.32322
v 4.05000 4.65000 0.50000
v 3.97678 4.65000 0.67678
v 3.80000 4.65000 0.75000
v 3.62322 4.65000 0.67678
v 3.55000 4.65000 0.50000
v 3.62322 4.65000 0.32322
v 3.80000 4.65000 0.25000
v 3.97678 4.65000 0.32322
v 4.65000 4.30000 0.50000
v 4.57678 4.30000 0.67678
v 4.40000 4.30000 0.75000
v 4.22322 4.30000 0.67678
v 4.15000 4.30000 0.50000
v 4.22322 4.30000 0.32322
v 4.40000 4.30000 0.25000
v 4.57678 4.30000 0.32322
v 4.65000 4.65000 0.50000
v 4.57678 4.65000 0.67678
v 4.40000 4.65000 0.75000
v 4.22322 4.65000 0.67678
v 4.15000 4.65000 0.50000
v 4.22322 4.65000 0.32322
v 4.40000 4.65000 0.25000
v 4.57678 4.65000 0.32322
v 7.09116 0.41383 -1.80000
v 7.92290 0.42635 -1.80000
v 7.07078 0.00000 -1.80000
v 7.94664 0.00000 -1.80000
v 7.50000 0.00000 -1.11610
v 7.50000 0.29434 -1.08118
v 7.50000 0.00000 -2.34784
v 7.50000 0.26463 -2.43141
v 8.22284 0.05000 -2.24674
v 8.16650 0.05000 -1.38808
v 6.78528 0.05000 -2.24172
v 6.93604 0.05000 -1.45146
v 7.25000 0.00000 -2.60000
v 7.14749 0.00000 -2.35251
v 6.90000 0.00000 -2.25000
v 6.65251 0.00000 -2.35251
v 6.55000 0.00000 -2.60000
v 6.65251 0.00000 -2.84749
v 6.90000 0.00000 -2.95000
v 7.14749 0.00000 -2.84749
v 7.25000 0.02000 -2.60000
v 7.14749 0.02000 -2.35251
v 6.90000 0.02000 -2.25000
v 6.65251 0.02000 -2.35251
v 6.55000 0.02000 -2.60000
v 6.65251 0.02000 -2.84749
v 6.90000 0.02000 -2.95000
v 7.14749 0.02000 -2.84749
v 7.57580 0.36296 -1.81210
v 7.61342 0.35000 -1.82683
v 7.62420 0.33704 -1.78790
v 7.58658 0.35000 -1.77317
v 7.87580 1.06296 -1.66210
v 7.91342 1.05000 -1.67683
v 7.92420 1.03704 -1.63790
v 7.88658 1.05000 -1.62317
v 7.93000 1.07500 -1.63000
v 8.00794 1.09750 -1.63000
v 7.96897 1.09750 -1.56250
v 7.89103 1.09750 -1.56250
v 7.85206 1.09750 -1.63000
v 7.89103 1.09750 -1.69750
v 7.96897 1.09750 -1.69750
v 8.00794 1.14250 -1.63000
v 7.96897 1.14250 -1.56250
v 7.89103 1.14250 -1.56250
v 7.85206 1.14250 -1.63000
v 7.89103 1.14250 -1.69750
v 7.96897 1.14250 -1.69750
v 7.93000 1.16500 -1.63000
v -7.36312 0.00000 4.12405
v -7.21477 0.00000 4.06412
v -7.15484 0.00000 4.21246
v -7.30319 0.00000 4.27240
v -7.36312 2.80000 4.12405
v -7.21477 2.80000 4.06412
v -7.15484 2.80000 4.21246
v -7.30319 2.80000 4.27240
v -5.04516 0.00000 3.18754
v -4.89681 0.00000 3.12760
v -4.83688 0.00000 3.27595
v -4.98523 0.00000 3.33588
v -5.04516 2.80000 3.18754
v -4.89681 2.80000 3.12760
v -4.83688 2.80000 3.27595
v -4.98523 2.80000 3.33588
v -7.35544 0.90000 4.19645
v -4.85205 0.90000 3.18501
v -4.81459 0.90000 3.27773
v -7.31798 0.90000 4.28917
v -7.35544 2.70000 4.19645
v -4.85205 2.70000 3.18501
v -4.81459 2.70000 3.27773
v -7.31798 2.70000 4.28917
v -7.50061 2.80000 4.10410
v -4.81177 2.80000 3.01774
v -4.66193 2.80000 3.38862
v -7.35076 2.80000 4.47498
v -7.50061 2.95000 4.10410
v -4.81177 2.95000 3.01774
v -4.66193 2.95000 3.38862
v -7.35076 2.95000 4.47498
v -7.37558 2.25000 4.28008
v -4.77947 2.25000 3.23118
v -4.75699 2.25000 3.28681
v -7.35310 2.25000 4.33571
v -7.37558 2.67000 4.28008
v -4.77947 2.67000 3.23118
v -4.75699 2.67000 3.28681
v -7.35310 2.67000 4.33571
v 1.52000 0.00000 5.72000
v 1.68000 0.00000 5.72000
v 1.68000 0.00000 5.88000
v 1.52000 0.00000 5.88000
v 1.52000 1.10000 5.72000
v 1.68000 1.10000 5.72000
v 1.68000 1.10000 5.88000
v 1.52000 1.10000 5.88000
v 1.78040 1.15000 5.80000
v 1.72756 1.15000 5.92756
v 1.60000 1.15000 5.98040
v 1.47244 1.15000 5.92756
v 1.41960 1.15000 5.80000
v 1.47244 1.15000 5.67244
v 1.60000 1.15000 5.61960
v 1.72756 1.15000 5.67244
v 1.82000 1.27000 5.80000
v 1.75556 1.27000 5.95556
v 1.60000 1.27000 6.02000
v 1.44444 1.27000 5.95556
v 1.38000 1.27000 5.80000
v 1.44444 1.27000 5.64444
v 1.60000 1.27000 5.58000
v 1.75556 1.27000 5.64444
v 1.75840 1.10000 5.80000
v 1.71201 1.10000 5.91201
v 1.60000 1.10000 5.95840
v 1.48799 1.10000 5.91201
v 1.44160 1.10000 5.80000
v 1.48799 1.10000 5.68799
v 1.60000 1.10000 5.64160
v 1.71201 1.10000 5.68799
v 1.75840 1.15000 5.80000
v 1.71201 1.15000 5.91201
v 1.60000 1.15000 5.95840
v 1.48799 1.15000 5.91201
v 1.44160 1.15000 5.80000
v 1.48799 1.15000 5.68799
v 1.60000 1.15000 5.64160
v 1.71201 1.15000 5.68799
v 4.12000 0.00000 5.72000
v 4.28000 0.00000 5.72000
v 4.28000 0.00000 5.88000
v 4.12000 0.00000 5.88000
v 4.12000 1.10000 5.72000
v 4.28000 1.10000 5.72000
v 4.28000 1.10000 5.88000
v 4.12000 1.10000 5.88000
v 4.38040 1.15000 5.80000
v 4.32756 1.15000 5.92756
v 4.20000 1.15000 5.98040
v 4.07244 1.15000 5.92756
v 4.01960 1.15000 5.80000
v 4.07244 1.15000 5.67244
v 4.20000 1.15000 5.61960
v 4.32756 1.15000 5.67244
v 4.42000 1.27000 5.80000
v 4.35556 1.27000 5.95556
v 4.20000 1.27000 6.02000
v 4.04444 1.27000 5.95556
v 3.98000 1.27000 5.80000
v 4.04444 1.27000 5.64444
v 4.20000 1.27000 5.58000
v 4.35556 1.27000 5.64444
v 4.35840 1.10000 5.80000
v 4.31201 1.10000 5.91201
v 4.20000 1.10000 5.95840
v 4.08799 1.10000 5.91201
v 4.04160 1.10000 5.80000
v 4.08799 1.10000 5.68799
v 4.20000 1.10000 5.64160
v 4.31201 1.10000 5.68799
v 4.35840 1.15000 5.80000
v 4.31201 1.15000 5.91201
v 4.20000 1.15000 5.95840
v 4.08799 1.15000 5.91201
v 4.04160 1.15000 5.80000
v 4.08799 1.15000 5.68799
v 4.20000 1.15000 5.64160
v 4.31201 1.15000 5.68799
v 1.50000 0.95000 5.74000
v 4.30000 0.95000 5.74000
v 4.30000 0.95000 5.86000
v 1.50000 0.95000 5.86000
v 1.50000 1.07000 5.74000
v 4.30000 1.07000 5.74000
v 4.30000 1.07000 5.86000
v 1.50000 1.07000 5.86000
vn -0.0000 1.0000 0.0000
vn 0.0000 1.0000 0.0000
vn 0.0000 0.0000 -1.0000
vn 0.0000 0.0000 -1.0000
vn 1.0000 0.0000 -0.0000
vn 1.0000 0.0000 0.0000
vn 0.0000 0.0000 1.0000
vn 0.0000 0.0000 1.0000
vn -1.0000 0.0000 -0.0000
vn -1.0000 -0.0000 0.0000
vn 0.0000 -1.0000 0.0000
vn 0.0000 -1.0000 0.0000
vn -0.0000 1.0000 0.0000
vn 0.0000 1.0000 0.0000
vn 0.0000 0.0000 -1.0000
vn 0.0000 0.0000 -1.0000
vn 1.0000 0.0000 -0.0000
vn 1.0000 0.0000 0.0000
vn 0.0000 0.0000 1.0000
vn 0.0000 0.0000 1.0000
vn -1.0000 0.0000 -0.0000
vn -1.0000 -0.0000 0.0000
vn 0.0000 1.0000 0.0000
vn 0.0000 1.0000 0.0000
vn 0.0000 0.0000 1.0000
vn 0.0000 0.0000 1.0000
vn -1.0000 0.0000 -0.0000
vn -1.0000 -0.0000 0.0000
vn 0.0000 0.0000 -1.0000
vn 0.0000 0.0000 -1.0000
vn -0.0000 -1.0000 0.0000
vn 0.0000 -1.0000 -0.0000
vn 0.0000 1.0000 0.0000
vn 0.0000 1.0000 0.0000
vn 0.0000 0.0000 1.0000
vn 0.0000 0.0000 1.0000
vn -1.0000 0.0000 -0.0000
vn -1.0000 -0.0000 0.0000
vn 0.0000 0.0000 -1.0000
vn 0.0000 0.0000 -1.0000
vn -0.0000 -1.0000 0.0000
vn 0.0000 -1.0000 -0.0000
vn 0.0000 1.0000 0.0000
vn 0.0000 1.0000 0.0000
vn 0.0000 0.0000 1.0000
vn 0.0000 0.0000 1.0000
vn -1.0000 0.0000 -0.0000
vn -1.0000 -0.0000 0.0000
vn 0.0000 0.0000 -1.0000
vn 0.0000 0.0000 -1.0000
vn -0.0000 -1.0000 0.0000
vn 0.0000 -1.0000 -0.0000
vn 0.0000 1.0000 0.0000
vn 0.0000 1.0000 0.0000
vn 0.0000 0.0000 1.0000
vn 0.0000 0.0000 1.0000
vn -1.0000 0.0000 -0.0000
vn -1.0000 -0.0000 0.0000
vn 0.0000 0.0000 -1.0000
vn 0.0000 0.0000 -1.0000
vn -0.0000 -1.0000 0.0000
vn 0.0000 -1.0000 -0.0000
vn 0.0000 1.0000 0.0000
vn 0.0000 1.0000 0.0000
vn 0.0000 0.0000 1.0000
vn 0.0000 0.0000 1.0000
vn -1.0000 0.0000 -0.0000
vn -1.0000 -0.0000 0.0000
vn 0.0000 0.0000 -1.0000
vn 0.0000 0.0000 -1.0000
vn -0.0000 -1.0000 0.0000
vn 0.0000 -1.0000 -0.0000
vn 0.0000 1.0000 0.0000
vn 0.0000 1.0000 0.0000
vn 0.0000 0.0000 1.0000
vn 0.0000 0.0000 1.0000
vn -1.0000 0.0000 -0.0000
vn -1.0000 -0.0000 0.0000
vn 0.0000 0.0000 -1.0000
vn 0.0000 0.0000 -1.0000
vn -0.0000 -1.0000 0.0000
vn 0.0000 -1.0000 -0.0000
vn 0.0000 1.0000 0.0000
vn 0.0000 1.0000 0.0000
vn 0.0000 0.0000 1.0000
vn 0.0000 0.0000 1.0000
vn -1.0000 0.0000 0.0000
vn -1.0000 0.0000 0.0000
vn 0.0000 0.0000 -1.0000
vn 0.0000 0.0000 -1.0000
vn -0.0000 -1.0000 0.0000
vn 0.0000 -1.0000 -0.0000
vn 0.0000 1.0000 0.0000
vn 0.0000 1.0000 0.0000
vn 0.0000 0.0000 1.0000
vn 0.0000 0.0000 1.0000
vn -1.0000 0.0000 0.0000
vn -1.0000 0.0000 0.0000
vn 0.0000 0.0000 -1.0000
vn 0.0000 0.0000 -1.0000
vn -0.0000 -1.0000 0.0000
vn 0.0000 -1.0000 -0.0000
vn 0.0000 1.0000 0.0000
vn 0.0000 1.0000 0.0000
vn 0.0000 0.0000 1.0000
vn 0.0000 0.0000 1.0000
vn -1.0000 0.0000 -0.0000
vn -1.0000 -0.0000 0.0000
vn 0.0000 0.0000 -1.0000
vn 0.0000 0.0000 -1.0000
vn -0.0000 -1.0000 0.0000
vn 0.0000 -1.0000 -0.0000
vn 0.0000 1.0000 0.0000
vn 0.0000 1.0000 0.0000
vn 0.0000 0.0000 1.0000
vn 0.0000 0.0000 1.0000
vn -1.0000 0.0000 -0.0000
vn -1.0000 -0.0000 0.0000
vn 0.0000 0.0000 -1.0000
vn 0.0000 0.0000 -1.0000
vn -0.0000 -1.0000 0.0000
vn 0.0000 -1.0000 -0.0000
vn 0.0000 1.0000 0.0000
vn 0.0000 1.0000 0.0000
vn 0.0000 0.0000 1.0000
vn 0.0000 0.0000 1.0000
vn -1.0000 0.0000 -0.0000
vn -1.0000 -0.0000 0.0000
vn 0.0000 0.0000 -1.0000
vn 0.0000 0.0000 -1.0000
vn -0.0000 -1.0000 0.0000
vn 0.0000 -1.0000 -0.0000
vn 0.0000 1.0000 0.0000
vn 0.0000 1.0000 0.0000
vn 0.0000 0.0000 1.0000
vn 0.0000 0.0000 1.0000
vn -1.0000 0.0000 -0.0000
vn -1.0000 -0.0000 0.0000
vn 0.0000 0.0000 -1.0000
vn 0.0000 0.0000 -1.0000
vn -0.0000 -1.0000 0.0000
vn 0.0000 -1.0000 -0.0000
vn 0.0000 1.0000 0.0000
vn 0.0000 1.0000 0.0000
vn 0.0000 0.0000 1.0000
vn 0.0000 0.0000 1.0000
vn -1.0000 0.0000 -0.0000
vn -1.0000 -0.0000 0.0000
vn 0.0000 0.0000 -1.0000
vn 0.0000 0.0000 -1.0000
vn -0.0000 -1.0000 0.0000
vn 0.0000 -1.0000 -0.0000
vn 0.0000 1.0000 0.0000
vn 0.0000 1.0000 0.0000
vn 0.0000 0.0000 1.0000
vn 0.0000 0.0000 1.0000
vn -1.0000 0.0000 -0.0000
vn -1.0000 -0.0000 0.0000
vn 0.0000 0.0000 -1.0000
vn 0.0000 0.0000 -1.0000
vn -0.0000 -1.0000 0.0000
vn 0.0000 -1.0000 -0.0000
vn 0.0000 1.0000 0.0000
vn 0.0000 1.0000 0.0000
vn 0.0000 0.0000 1.0000
vn 0.0000 0.0000 1.0000
vn -1.0000 0.0000 -0.0000
vn -1.0000 -0.0000 0.0000
vn 0.0000 0.0000 -1.0000
vn 0.0000 0.0000 -1.0000
vn -0.0000 -1.0000 0.0000
vn 0.0000 -1.0000 -0.0000
vn 0.0000 1.0000 0.0000
vn 0.0000 1.0000 0.0000
vn 0.0000 0.0000 1.0000
vn 0.0000 0.0000 1.0000
vn -1.0000 0.0000 -0.0000
vn -1.0000 -0.0000 0.0000
vn 0.0000 0.0000 -1.0000
vn 0.0000 0.0000 -1.0000
vn -0.0000 -1.0000 0.0000
vn 0.0000 -1.0000 -0.0000
vn 0.0000 1.0000 0.0000
vn 0.0000 1.0000 0.0000
vn 0.0000 0.0000 1.0000
vn 0.0000 0.0000 1.0000
vn -1.0000 0.0000 -0.0000
vn -1.0000 -0.0000 0.0000
vn 0.0000 0.0000 -1.0000
vn 0.0000 0.0000 -1.0000
vn -0.0000 -1.0000 0.0000
vn 0.0000 -1.0000 -0.0000
vn 0.0000 1.0000 0.0000
vn 0.0000 1.0000 0.0000
vn 0.0000 0.0000 1.0000
vn 0.0000 0.0000 1.0000
vn -1.0000 0.0000 -0.0000
vn -1.0000 -0.0000 0.0000
vn 0.0000 0.0000 -1.0000
vn 0.0000 0.0000 -1.0000
vn -0.0000 -1.0000 0.0000
vn 0.0000 -1.0000 -0.0000
vn 0.0000 1.0000 0.0000
vn 0.0000 1.0000 0.0000
vn 0.0000 0.0000 1.0000
vn 0.0000 0.0000 1.0000
vn -1.0000 0.0000 -0.0000
vn -1.0000 -0.0000 0.0000
vn 0.0000 0.0000 -1.0000
vn 0.0000 0.0000 -1.0000
vn -0.0000 -1.0000 0.0000
vn 0.0000 -1.0000 -0.0000
vn 0.0000 1.0000 0.0000
vn 0.0000 1.0000 0.0000
vn 0.0000 0.0000 1.0000
vn 0.0000 0.0000 1.0000
vn -1.0000 0.0000 -0.0000
vn -1.0000 -0.0000 0.0000
vn 0.0000 0.0000 -1.0000
vn 0.0000 0.0000 -1.0000
vn -0.0000 -1.0000 0.0000
vn 0.0000 -1.0000 -0.0000
vn 0.0000 1.0000 0.0000
vn 0.0000 1.0000 0.0000
vn 0.0000 0.0000 1.0000
vn 0.0000 0.0000 1.0000
vn -1.0000 0.0000 -0.0000
vn -1.0000 -0.0000 0.0000
vn 0.0000 0.0000 -1.0000
vn 0.0000 0.0000 -1.0000
vn -0.0000 -1.0000 0.0000
vn 0.0000 -1.0000 -0.0000
vn 0.0000 1.0000 0.0000
vn 0.0000 1.0000 0.0000
vn 0.0000 0.0000 1.0000
vn 0.0000 0.0000 1.0000
vn -1.0000 0.0000 -0.0000
vn -1.0000 -0.0000 0.0000
vn 0.0000 0.0000 -1.0000
vn 0.0000 0.0000 -1.0000
vn -0.0000 -1.0000 0.0000
vn 0.0000 -1.0000 -0.0000
vn 0.0000 1.0000 0.0000
vn 0.0000 1.0000 0.0000
vn 0.0000 0.0000 1.0000
vn 0.0000 0.0000 1.0000
vn -1.0000 0.0000 -0.0000
vn -1.0000 -0.0000 0.0000
vn 0.0000 0.0000 -1.0000
vn 0.0000 0.0000 -1.0000
vn -0.0000 -1.0000 0.0000
vn 0.0000 -1.0000 -0.0000
vn 0.0000 1.0000 0.0000
vn 0.0000 1.0000 -0.0000
vn -1.0000 0.0000 -0.0000
vn -1.0000 -0.0000 0.0000
vn 0.0000 0.0000 -1.0000
vn 0.0000 0.0000 -1.0000
vn 1.0000 0.0000 -0.0000
vn 1.0000 0.0000 0.0000
vn 0.0000 -1.0000 0.0000
vn 0.0000 -1.0000 0.0000
vn 0.0000 1.0000 0.0000
vn 0.0000 1.0000 -0.0000
vn -1.0000 0.0000 -0.0000
vn -1.0000 -0.0000 0.0000
vn 0.0000 0.0000 -1.0000
vn 0.0000 0.0000 -1.0000
vn 1.0000 0.0000 -0.0000
vn 1.0000 0.0000 0.0000
vn 0.0000 -1.0000 0.0000
vn 0.0000 -1.0000 0.0000
vn 0.0000 1.0000 0.0000
vn 0.0000 1.0000 -0.0000
vn -1.0000 0.0000 -0.0000
vn -1.0000 -0.0000 0.0000
vn 0.0000 0.0000 -1.0000
vn 0.0000 0.0000 -1.0000
vn 1.0000 0.0000 -0.0000
vn 1.0000 0.0000 0.0000
vn 0.0000 -1.0000 0.0000
vn 0.0000 -1.0000 0.0000
vn 0.0000 1.0000 0.0000
vn 0.0000 1.0000 -0.0000
vn -1.0000 0.0000 -0.0000
vn -1.0000 -0.0000 0.0000
vn 0.0000 0.0000 -1.0000
vn 0.0000 0.0000 -1.0000
vn 1.0000 0.0000 -0.0000
vn 1.0000 0.0000 0.0000
vn 0.0000 -1.0000 0.0000
vn 0.0000 -1.0000 0.0000
vn 0.0000 1.0000 0.0000
vn 0.0000 1.0000 -0.0000
vn -1.0000 0.0000 -0.0000
vn -1.0000 -0.0000 0.0000
vn 0.0000 0.0000 -1.0000
vn 0.0000 0.0000 -1.0000
vn 1.0000 0.0000 -0.0000
vn 1.0000 0.0000 0.0000
vn 0.0000 -1.0000 0.0000
vn 0.0000 -1.0000 0.0000
vn 0.0000 1.0000 0.0000
vn 0.0000 1.0000 -0.0000
vn -1.0000 0.0000 -0.0000
vn -1.0000 -0.0000 0.0000
vn 0.0000 0.0000 -1.0000
vn 0.0000 0.0000 -1.0000
vn 1.0000 0.0000 -0.0000
vn 1.0000 0.0000 0.0000
vn 0.0000 -1.0000 0.0000
vn 0.0000 -1.0000 0.0000
vn 0.0000 1.0000 0.0000
vn 0.0000 1.0000 -0.0000
vn -1.0000 0.0000 -0.0000
vn -1.0000 -0.0000 0.0000
vn 0.0000 0.0000 -1.0000
vn 0.0000 0.0000 -1.0000
vn 1.0000 0.0000 -0.0000
vn 1.0000 0.0000 0.0000
vn 0.0000 -1.0000 0.0000
vn 0.0000 -1.0000 0.0000
vn 0.0000 1.0000 0.0000
vn 0.0000 1.0000 -0.0000
vn -1.0000 0.0000 -0.0000
vn -1.0000 -0.0000 0.0000
vn 0.0000 0.0000 -1.0000
vn 0.0000 0.0000 -1.0000
vn 1.0000 0.0000 -0.0000
vn 1.0000 0.0000 0.0000
vn 0.0000 -1.0000 0.0000
vn 0.0000 -1.0000 0.0000
vn 0.0000 1.0000 0.0000
vn 0.0000 1.0000 -0.0000
vn -1.0000 0.0000 -0.0000
vn -1.0000 -0.0000 0.0000
vn 0.0000 0.0000 -1.0000
vn 0.0000 0.0000 -1.0000
vn 1.0000 0.0000 -0.0000
vn 1.0000 0.0000 0.0000
vn 0.0000 -1.0000 0.0000
vn 0.0000 -1.0000 0.0000
vn 0.0000 1.0000 0.0000
vn 0.0000 1.0000 -0.0000
vn -1.0000 0.0000 -0.0000
vn -1.0000 -0.0000 0.0000
vn 0.0000 0.0000 -1.0000
vn 0.0000 0.0000 -1.0000
vn 1.0000 0.0000 -0.0000
vn 1.0000 0.0000 0.0000
vn 0.0000 -1.0000 0.0000
vn 0.0000 -1.0000 0.0000
vn 0.0000 1.0000 0.0000
vn 0.0000 1.0000 -0.0000
vn -1.0000 0.0000 -0.0000
vn -1.0000 -0.0000 0.0000
vn 0.0000 0.0000 -1.0000
vn 0.0000 0.0000 -1.0000
vn 1.0000 0.0000 -0.0000
vn 1.0000 0.0000 0.0000
vn 0.0000 -1.0000 0.0000
vn 0.0000 -1.0000 0.0000
vn 0.0000 1.0000 0.0000
vn 0.0000 1.0000 -0.0000
vn -1.0000 0.0000 -0.0000
vn -1.0000 -0.0000 0.0000
vn 0.0000 0.0000 -1.0000
vn 0.0000 0.0000 -1.0000
vn 1.0000 0.0000 -0.0000
vn 1.0000 0.0000 0.0000
vn 0.0000 -1.0000 0.0000
vn 0.0000 -1.0000 0.0000
vn 0.0000 1.0000 0.0000
vn 0.0000 1.0000 -0.0000
vn -1.0000 0.0000 -0.0000
vn -1.0000 -0.0000 0.0000
vn 0.0000 0.0000 -1.0000
vn 0.0000 0.0000 -1.0000
vn 1.0000 0.0000 -0.0000
vn 1.0000 0.0000 0.0000
vn 0.0000 -1.0000 0.0000
vn 0.0000 -1.0000 0.0000
vn 0.0000 1.0000 0.0000
vn 0.0000 1.0000 -0.0000
vn -1.0000 0.0000 -0.0000
vn -1.0000 -0.0000 0.0000
vn 0.0000 0.0000 -1.0000
vn 0.0000 0.0000 -1.0000
vn 1.0000 0.0000 -0.0000
vn 1.0000 0.0000 0.0000
vn 0.0000 -1.0000 0.0000
vn 0.0000 -1.0000 0.0000
vn 0.0000 1.0000 0.0000
vn 0.0000 1.0000 -0.0000
vn -1.0000 0.0000 -0.0000
vn -1.0000 -0.0000 0.0000
vn 0.0000 0.0000 -1.0000
vn 0.0000 0.0000 -1.0000
vn 1.0000 0.0000 -0.0000
vn 1.0000 0.0000 0.0000
vn 0.0000 -1.0000 0.0000
vn 0.0000 -1.0000 0.0000
vn 0.0000 1.0000 0.0000
vn 0.0000 1.0000 -0.0000
vn -1.0000 0.0000 -0.0000
vn -1.0000 -0.0000 0.0000
vn 0.0000 0.0000 -1.0000
vn 0.0000 0.0000 -1.0000
vn 1.0000 0.0000 -0.0000
vn 1.0000 0.0000 0.0000
vn 0.0000 -1.0000 0.0000
vn 0.0000 -1.0000 0.0000
vn 0.0000 1.0000 0.0000
vn 0.0000 1.0000 -0.0000
vn -1.0000 0.0000 -0.0000
vn -1.0000 -0.0000 0.0000
vn 0.0000 0.0000 -1.0000
vn 0.0000 0.0000 -1.0000
vn 1.0000 0.0000 -0.0000
vn 1.0000 0.0000 0.0000
vn 0.0000 -1.0000 0.0000
vn 0.0000 -1.0000 0.0000
vn 0.0000 1.0000 0.0000
vn 0.0000 1.0000 -0.0000
vn -1.0000 0.0000 -0.0000
vn -1.0000 -0.0000 0.0000
vn 0.0000 0.0000 -1.0000
vn 0.0000 0.0000 -1.0000
vn 1.0000 0.0000 -0.0000
vn 1.0000 0.0000 0.0000
vn 0.0000 -1.0000 0.0000
vn 0.0000 -1.0000 0.0000
vn 0.0000 1.0000 0.0000
vn 0.0000 1.0000 -0.0000
vn -1.0000 0.0000 -0.0000
vn -1.0000 -0.0000 0.0000
vn 0.0000 0.0000 -1.0000
vn 0.0000 0.0000 -1.0000
vn 1.0000 0.0000 -0.0000
vn 1.0000 0.0000 0.0000
vn 0.0000 -1.0000 0.0000
vn 0.0000 -1.0000 0.0000
vn 0.0000 1.0000 0.0000
vn 0.0000 1.0000 -0.0000
vn -1.0000 0.0000 -0.0000
vn -1.0000 -0.0000 0.0000
vn 0.0000 0.0000 -1.0000
vn 0.0000 0.0000 -1.0000
vn 1.0000 0.0000 -0.0000
vn 1.0000 0.0000 0.0000
vn 0.0000 -1.0000 0.0000
vn 0.0000 -1.0000 0.0000
vn 0.0000 1.0000 0.0000
vn 0.0000 1.0000 -0.0000
vn -1.0000 0.0000 -0.0000
vn -1.0000 -0.0000 0.0000
vn 0.0000 0.0000 -1.0000
vn 0.0000 0.0000 -1.0000
vn 1.0000 0.0000 -0.0000
vn 1.0000 0.0000 0.0000
vn 0.0000 -1.0000 0.0000
vn 0.0000 -1.0000 0.0000
vn 0.0000 1.0000 0.0000
vn 0.0000 1.0000 -0.0000
vn -1.0000 0.0000 -0.0000
vn -1.0000 -0.0000 0.0000
vn 0.0000 0.0000 -1.0000
vn 0.0000 0.0000 -1.0000
vn 1.0000 0.0000 -0.0000
vn 1.0000 0.0000 0.0000
vn 0.0000 -1.0000 0.0000
vn 0.0000 -1.0000 0.0000
vn 0.0000 1.0000 0.0000
vn 0.0000 1.0000 -0.0000
vn -1.0000 0.0000 -0.0000
vn -1.0000 -0.0000 0.0000
vn 0.0000 0.0000 -1.0000
vn 0.0000 0.0000 -1.0000
vn 1.0000 0.0000 -0.0000
vn 1.0000 0.0000 0.0000
vn 0.0000 -1.0000 0.0000
vn 0.0000 -1.0000 0.0000
vn 0.0000 1.0000 0.0000
vn 0.0000 1.0000 -0.0000
vn -1.0000 0.0000 -0.0000
vn -1.0000 -0.0000 0.0000
vn 0.0000 0.0000 -1.0000
vn 0.0000 0.0000 -1.0000
vn 1.0000 0.0000 -0.0000
vn 1.0000 0.0000 0.0000
vn 0.0000 -1.0000 0.0000
vn 0.0000 -1.0000 0.0000
vn 0.0000 1.0000 0.0000
vn 0.0000 1.0000 -0.0000
vn -1.0000 0.0000 -0.0000
vn -1.0000 -0.0000 0.0000
vn 0.0000 0.0000 -1.0000
vn 0.0000 0.0000 -1.0000
vn 1.0000 0.0000 -0.0000
vn 1.0000 0.0000 0.0000
vn 0.0000 -1.0000 0.0000
vn 0.0000 -1.0000 0.0000
vn 0.0000 0.9925 -0.1219
vn 0.0000 0.9925 -0.1219
vn 0.0000 -0.1219 -0.9925
vn 0.0000 -0.1219 -0.9925
vn 1.0000 0.0000 0.0000
vn 1.0000 0.0000 -0.0000
vn 0.0000 0.1219 0.9925
vn 0.0000 0.1219 0.9925
vn -1.0000 0.0000 0.0000
vn -1.0000 -0.0000 0.0000
vn 0.0000 -0.9925 0.1219
vn 0.0000 -0.9925 0.1219
vn 0.0000 0.9925 -0.1219
vn 0.0000 0.9925 -0.1219
vn 0.0000 -0.1219 -0.9925
vn 0.0000 -0.1219 -0.9925
vn 1.0000 0.0000 0.0000
vn 1.0000 0.0000 -0.0000
vn 0.0000 0.1219 0.9925
vn 0.0000 0.1219 0.9925
vn -1.0000 0.0000 0.0000
vn -1.0000 -0.0000 0.0000
vn 0.0000 -0.9925 0.1219
vn 0.0000 -0.9925 0.1219
vn 0.0000 0.9925 -0.1219
vn 0.0000 0.9925 -0.1219
vn 0.0000 -0.1219 -0.9925
vn 0.0000 -0.1219 -0.9925
vn 1.0000 0.0000 0.0000
vn 1.0000 0.0000 -0.0000
vn 0.0000 0.1219 0.9925
vn 0.0000 0.1219 0.9925
vn -1.0000 0.0000 0.0000
vn -1.0000 -0.0000 0.0000
vn 0.0000 -0.9925 0.1219
vn 0.0000 -0.9925 0.1219
vn 0.0000 0.9925 -0.1219
vn 0.0000 0.9925 -0.1219
vn 0.0000 -0.1219 -0.9925
vn 0.0000 -0.1219 -0.9925
vn 1.0000 0.0000 0.0000
vn 1.0000 0.0000 -0.0000
vn 0.0000 0.1219 0.9925
vn 0.0000 0.1219 0.9925
vn -1.0000 0.0000 0.0000
vn -1.0000 -0.0000 0.0000
vn 0.0000 -0.9925 0.1219
vn 0.0000 -0.9925 0.1219
vn 0.0000 0.9925 -0.1219
vn 0.0000 0.9925 -0.1219
vn 0.0000 -0.1219 -0.9925
vn 0.0000 -0.1219 -0.9925
vn 1.0000 0.0000 0.0000
vn 1.0000 0.0000 -0.0000
vn 0.0000 0.1219 0.9925
vn 0.0000 0.1219 0.9925
vn -1.0000 0.0000 0.0000
vn -1.0000 -0.0000 0.0000
vn 0.0000 -0.9925 0.1219
vn 0.0000 -0.9925 0.1219
vn 0.0000 0.9925 -0.1219
vn 0.0000 0.9925 -0.1219
vn 0.0000 -0.1219 -0.9925
vn 0.0000 -0.1219 -0.9925
vn 1.0000 0.0000 0.0000
vn 1.0000 0.0000 -0.0000
vn 0.0000 0.1219 0.9925
vn 0.0000 0.1219 0.9925
vn -1.0000 0.0000 0.0000
vn -1.0000 -0.0000 0.0000
vn 0.0000 -0.9925 0.1219
vn 0.0000 -0.9925 0.1219
vn 0.0000 0.9925 -0.1219
vn 0.0000 0.9925 -0.1219
vn 0.0000 -0.1219 -0.9925
vn 0.0000 -0.1219 -0.9925
vn 1.0000 0.0000 0.0000
vn 1.0000 0.0000 -0.0000
vn 0.0000 0.1219 0.9925
vn 0.0000 0.1219 0.9925
vn -1.0000 0.0000 0.0000
vn -1.0000 -0.0000 0.0000
vn 0.0000 -0.9925 0.1219
vn 0.0000 -0.9925 0.1219
vn 0.0000 0.9925 -0.1219
vn 0.0000 0.9925 -0.1219
vn 0.0000 -0.1219 -0.9925
vn 0.0000 -0.1219 -0.9925
vn 1.0000 0.0000 0.0000
vn 1.0000 0.0000 -0.0000
vn 0.0000 0.1219 0.9925
vn 0.0000 0.1219 0.9925
vn -1.0000 0.0000 0.0000
vn -1.0000 -0.0000 0.0000
vn 0.0000 -0.9925 0.1219
vn 0.0000 -0.9925 0.1219
vn 0.0000 0.9925 -0.1219
vn 0.0000 0.9925 -0.1219
vn 0.0000 -0.1219 -0.9925
vn 0.0000 -0.1219 -0.9925
vn 1.0000 0.0000 0.0000
vn 1.0000 0.0000 -0.0000
vn 0.0000 0.1219 0.9925
vn 0.0000 0.1219 0.9925
vn -1.0000 0.0000 0.0000
vn -1.0000 -0.0000 0.0000
vn 0.0000 -0.9925 0.1219
vn 0.0000 -0.9925 0.1219
vn 0.0000 0.9925 -0.1219
vn 0.0000 0.9925 -0.1219
vn 0.0000 -0.1219 -0.9925
vn 0.0000 -0.1219 -0.9925
vn 1.0000 0.0000 0.0000
vn 1.0000 0.0000 -0.0000
vn 0.0000 0.1219 0.9925
vn 0.0000 0.1219 0.9925
vn -1.0000 0.0000 0.0000
vn -1.0000 -0.0000 0.0000
vn 0.0000 -0.9925 0.1219
vn 0.0000 -0.9925 0.1219
vn 0.0000 0.9925 -0.1219
vn 0.0000 0.9925 -0.1219
vn 0.0000 -0.1219 -0.9925
vn 0.0000 -0.1219 -0.9925
vn 1.0000 0.0000 0.0000
vn 1.0000 0.0000 -0.0000
vn 0.0000 0.1219 0.9925
vn 0.0000 0.1219 0.9925
vn -1.0000 0.0000 0.0000
vn -1.0000 -0.0000 0.0000
vn 0.0000 -0.9925 0.1219
vn 0.0000 -0.9925 0.1219
vn 0.0000 0.9925 -0.1219
vn 0.0000 0.9925 -0.1219
vn 0.0000 -0.1219 -0.9925
vn 0.0000 -0.1219 -0.9925
vn 1.0000 0.0000 0.0000
vn 1.0000 0.0000 -0.0000
vn 0.0000 0.1219 0.9925
vn 0.0000 0.1219 0.9925
vn -1.0000 0.0000 0.0000
vn -1.0000 -0.0000 0.0000
vn 0.0000 -0.9925 0.1219
vn 0.0000 -0.9925 0.1219
vn 0.0000 0.9925 -0.1219
vn 0.0000 0.9925 -0.1219
vn 0.0000 -0.1219 -0.9925
vn 0.0000 -0.1219 -0.9925
vn 1.0000 0.0000 0.0000
vn 1.0000 0.0000 -0.0000
vn 0.0000 0.1219 0.9925
vn 0.0000 0.1219 0.9925
vn -1.0000 0.0000 0.0000
vn -1.0000 -0.0000 0.0000
vn 0.0000 -0.9925 0.1219
vn 0.0000 -0.9925 0.1219
vn -0.0000 1.0000 0.0000
vn 0.0000 1.0000 0.0000
vn 0.0000 0.0000 -1.0000
vn 0.0000 0.0000 -1.0000
vn 1.0000 0.0000 -0.0000
vn 1.0000 0.0000 0.0000
vn 0.0000 0.0000 1.0000
vn 0.0000 0.0000 1.0000
vn -1.0000 0.0000 -0.0000
vn -1.0000 -0.0000 0.0000
vn 0.0000 -1.0000 0.0000
vn 0.0000 -1.0000 0.0000
vn -0.0000 1.0000 0.0000
vn 0.0000 1.0000 0.0000
vn 0.0000 0.0000 -1.0000
vn 0.0000 0.0000 -1.0000
vn 1.0000 0.0000 -0.0000
vn 1.0000 0.0000 0.0000
vn 0.0000 0.0000 1.0000
vn 0.0000 0.0000 1.0000
vn -1.0000 0.0000 -0.0000
vn -1.0000 -0.0000 0.0000
vn 0.0000 -1.0000 0.0000
vn 0.0000 -1.0000 0.0000
vn -0.0000 1.0000 0.0000
vn 0.0000 1.0000 0.0000
vn 0.0000 0.0000 -1.0000
vn 0.0000 0.0000 -1.0000
vn 1.0000 0.0000 -0.0000
vn 1.0000 0.0000 0.0000
vn 0.0000 0.0000 1.0000
vn 0.0000 0.0000 1.0000
vn -1.0000 0.0000 -0.0000
vn -1.0000 -0.0000 0.0000
vn 0.0000 -1.0000 0.0000
vn 0.0000 -1.0000 0.0000
vn -0.0000 1.0000 0.0000
vn 0.0000 1.0000 0.0000
vn 0.0000 0.0000 -1.0000
vn 0.0000 0.0000 -1.0000
vn 1.0000 0.0000 -0.0000
vn 1.0000 0.0000 0.0000
vn 0.0000 0.0000 1.0000
vn 0.0000 0.0000 1.0000
vn -1.0000 0.0000 -0.0000
vn -1.0000 -0.0000 0.0000
vn 0.0000 -1.0000 0.0000
vn 0.0000 -1.0000 0.0000
vn 0.0000 0.0000 1.0000
vn 0.0000 -0.0000 1.0000
vn 0.0000 -0.0000 1.0000
vn 0.0000 0.0000 1.0000
vn 0.0000 0.0000 1.0000
vn 0.0000 0.0000 1.0000
vn 0.0000 0.0000 -1.0000
vn 0.0000 0.0000 -1.0000
vn 0.0000 0.0000 -1.0000
vn 0.0000 0.0000 -1.0000
vn 0.0000 0.0000 -1.0000
vn 0.0000 0.0000 -1.0000
vn 0.0000 -1.0000 0.0000
vn 0.0000 -1.0000 0.0000
vn 1.0000 0.0000 0.0000
vn 1.0000 -0.0000 0.0000
vn 0.0000 1.0000 0.0000
vn 0.0000 1.0000 0.0000
vn 1.0000 0.0000 0.0000
vn 1.0000 -0.0000 0.0000
vn 0.0000 1.0000 0.0000
vn 0.0000 1.0000 0.0000
vn -1.0000 0.0000 -0.0000
vn -1.0000 -0.0000 0.0000
vn 0.0000 1.0000 0.0000
vn 0.0000 1.0000 0.0000
vn -1.0000 0.0000 -0.0000
vn -1.0000 -0.0000 0.0000
vn 0.0000 0.9962 -0.0872
vn 0.0000 0.9962 -0.0872
vn 1.0000 0.0000 -0.0000
vn 1.0000 0.0000 0.0000
vn 0.0000 0.0872 0.9962
vn 0.0000 0.0872 0.9962
vn -1.0000 0.0000 0.0000
vn -1.0000 -0.0000 0.0000
vn 0.0000 -0.9962 0.0872
vn 0.0000 -0.9962 0.0872
vn 0.0000 0.9962 -0.0872
vn 0.0000 0.9962 -0.0872
vn 1.0000 0.0000 -0.0000
vn 1.0000 0.0000 0.0000
vn 0.0000 0.0872 0.9962
vn 0.0000 0.0872 0.9962
vn -1.0000 0.0000 0.0000
vn -1.0000 -0.0000 0.0000
vn 0.0000 -0.9962 0.0872
vn 0.0000 -0.9962 0.0872
vn 0.0000 0.9962 -0.0872
vn 0.0000 0.9962 -0.0872
vn 1.0000 0.0000 -0.0000
vn 1.0000 0.0000 0.0000
vn 0.0000 0.0872 0.9962
vn 0.0000 0.0872 0.9962
vn -1.0000 0.0000 0.0000
vn -1.0000 -0.0000 0.0000
vn 0.0000 -0.9962 0.0872
vn 0.0000 -0.9962 0.0872
vn 0.0000 0.9962 -0.0872
vn 0.0000 0.9962 -0.0872
vn 1.0000 0.0000 -0.0000
vn 1.0000 0.0000 0.0000
vn 0.0000 0.0872 0.9962
vn 0.0000 0.0872 0.9962
vn -1.0000 0.0000 0.0000
vn -1.0000 -0.0000 0.0000
vn 0.0000 -0.9962 0.0872
vn 0.0000 -0.9962 0.0872
vn 0.0000 0.9962 -0.0872
vn 0.0000 0.9962 -0.0872
vn 1.0000 0.0000 -0.0000
vn 1.0000 0.0000 0.0000
vn 0.0000 0.0872 0.9962
vn 0.0000 0.0872 0.9962
vn -1.0000 0.0000 0.0000
vn -1.0000 -0.0000 0.0000
vn 0.0000 -0.9962 0.0872
vn 0.0000 -0.9962 0.0872
vn 0.0000 0.9962 -0.0872
vn 0.0000 0.9962 -0.0872
vn 1.0000 0.0000 -0.0000
vn 1.0000 0.0000 0.0000
vn 0.0000 0.0872 0.9962
vn 0.0000 0.0872 0.9962
vn -1.0000 0.0000 0.0000
vn -1.0000 -0.0000 0.0000
vn 0.0000 -0.9962 0.0872
vn 0.0000 -0.9962 0.0872
vn 0.0000 0.9962 -0.0872
vn 0.0000 0.9962 -0.0872
vn 1.0000 0.0000 -0.0000
vn 1.0000 0.0000 0.0000
vn 0.0000 0.0872 0.9962
vn 0.0000 0.0872 0.9962
vn -1.0000 0.0000 0.0000
vn -1.0000 -0.0000 0.0000
vn 0.0000 -0.9962 0.0872
vn 0.0000 -0.9962 0.0872
vn 0.0000 0.9962 -0.0872
vn 0.0000 0.9962 -0.0872
vn 1.0000 0.0000 -0.0000
vn 1.0000 0.0000 0.0000
vn 0.0000 0.0872 0.9962
vn 0.0000 0.0872 0.9962
vn -1.0000 0.0000 0.0000
vn -1.0000 -0.0000 0.0000
vn 0.0000 -0.9962 0.0872
vn 0.0000 -0.9962 0.0872
vn 0.0000 0.9962 -0.0872
vn 0.0000 0.9962 -0.0872
vn 1.0000 0.0000 -0.0000
vn 1.0000 0.0000 0.0000
vn 0.0000 0.0872 0.9962
vn 0.0000 0.0872 0.9962
vn -1.0000 0.0000 0.0000
vn -1.0000 -0.0000 0.0000
vn 0.0000 -0.9962 0.0872
vn 0.0000 -0.9962 0.0872
vn 0.0000 0.9962 -0.0872
vn 0.0000 0.9962 -0.0872
vn 1.0000 0.0000 -0.0000
vn 1.0000 0.0000 0.0000
vn 0.0000 0.0872 0.9962
vn 0.0000 0.0872 0.9962
vn -1.0000 0.0000 0.0000
vn -1.0000 -0.0000 0.0000
vn 0.0000 -0.9962 0.0872
vn 0.0000 -0.9962 0.0872
vn 0.0000 0.9962 -0.0872
vn 0.0000 0.9962 -0.0872
vn 1.0000 0.0000 -0.0000
vn 1.0000 0.0000 0.0000
vn 0.0000 0.0872 0.9962
vn 0.0000 0.0872 0.9962
vn -1.0000 0.0000 0.0000
vn -1.0000 -0.0000 0.0000
vn 0.0000 -0.9962 0.0872
vn 0.0000 -0.9962 0.0872
vn 0.0000 0.9962 -0.0872
vn 0.0000 0.9962 -0.0872
vn 1.0000 0.0000 -0.0000
vn 1.0000 0.0000 0.0000
vn 0.0000 0.0872 0.9962
vn 0.0000 0.0872 0.9962
vn -1.0000 0.0000 0.0000
vn -1.0000 -0.0000 0.0000
vn 0.0000 -0.9962 0.0872
vn 0.0000 -0.9962 0.0872
vn 0.0000 0.9962 -0.0872
vn 0.0000 0.9962 -0.0872
vn 1.0000 0.0000 -0.0000
vn 1.0000 0.0000 0.0000
vn 0.0000 0.0872 0.9962
vn 0.0000 0.0872 0.9962
vn -1.0000 0.0000 0.0000
vn -1.0000 -0.0000 0.0000
vn 0.0000 -0.9962 0.0872
vn 0.0000 -0.9962 0.0872
vn 0.0000 0.9962 -0.0872
vn 0.0000 0.9962 -0.0872
vn 1.0000 0.0000 -0.0000
vn 1.0000 0.0000 0.0000
vn 0.0000 0.0872 0.9962
vn 0.0000 0.0872 0.9962
vn -1.0000 0.0000 0.0000
vn -1.0000 -0.0000 0.0000
vn 0.0000 -0.9962 0.0872
vn 0.0000 -0.9962 0.0872
vn 0.0000 0.9962 -0.0872
vn 0.0000 0.9962 -0.0872
vn 1.0000 0.0000 -0.0000
vn 1.0000 0.0000 0.0000
vn 0.0000 0.0872 0.9962
vn 0.0000 0.0872 0.9962
vn -1.0000 0.0000 0.0000
vn -1.0000 -0.0000 0.0000
vn 0.0000 -0.9962 0.0872
vn 0.0000 -0.9962 0.0872
vn 0.0000 0.9962 -0.0872
vn 0.0000 0.9962 -0.0872
vn 1.0000 0.0000 -0.0000
vn 1.0000 0.0000 0.0000
vn 0.0000 0.0872 0.9962
vn 0.0000 0.0872 0.9962
vn -1.0000 0.0000 0.0000
vn -1.0000 -0.0000 0.0000
vn 0.0000 -0.9962 0.0872
vn 0.0000 -0.9962 0.0872
vn 0.0000 1.0000 0.0000
vn 0.0000 1.0000 0.0000
vn 0.0000 0.0000 1.0000
vn -0.0000 0.0000 1.0000
vn 0.0000 -1.0000 0.0000
vn 0.0000 -1.0000 0.0000
vn 0.0000 0.0000 -1.0000
vn 0.0000 0.0000 -1.0000
vn -1.0000 0.0000 0.0000
vn -1.0000 0.0000 0.0000
vn -0.0000 0.0000 1.0000
vn 0.0000 0.0000 1.0000
vn 1.0000 0.0000 0.0000
vn 1.0000 -0.0000 0.0000
vn 0.0000 0.0000 -1.0000
vn 0.0000 0.0000 -1.0000
vn 0.0000 1.0000 0.0000
vn 0.0000 1.0000 0.0000
vn 0.0000 0.0000 1.0000
vn -0.0000 0.0000 1.0000
vn 0.0000 -1.0000 0.0000
vn 0.0000 -1.0000 0.0000
vn 0.0000 0.0000 -1.0000
vn 0.0000 0.0000 -1.0000
vn 1.0000 0.0000 -0.0000
vn 1.0000 0.0000 -0.0000
vn 0.0000 0.0000 1.0000
vn 0.0000 0.0000 1.0000
vn -1.0000 0.0000 0.0000
vn -1.0000 0.0000 0.0000
vn 0.0000 0.0000 -1.0000
vn 0.0000 0.0000 -1.0000
vn 0.0000 1.0000 0.0000
vn 0.0000 1.0000 0.0000
vn 0.0000 0.0000 1.0000
vn -0.0000 0.0000 1.0000
vn 0.0000 -1.0000 -0.0000
vn 0.0000 -1.0000 0.0000
vn 0.0000 0.0000 -1.0000
vn 0.0000 0.0000 -1.0000
vn -1.0000 0.0000 0.0000
vn -1.0000 0.0000 0.0000
vn 1.0000 0.0000 -0.0000
vn 1.0000 0.0000 0.0000
vn -0.0000 1.0000 0.0000
vn 0.0000 1.0000 0.0000
vn 0.0000 0.0000 -1.0000
vn 0.0000 0.0000 -1.0000
vn 1.0000 0.0000 -0.0000
vn 1.0000 0.0000 0.0000
vn 0.0000 0.0000 1.0000
vn 0.0000 0.0000 1.0000
vn -1.0000 0.0000 -0.0000
vn -1.0000 -0.0000 0.0000
vn 0.0000 -1.0000 0.0000
vn 0.0000 -1.0000 0.0000
vn 0.4804 -0.8321 0.2774
vn 0.0000 -0.8321 0.5547
vn -0.4804 -0.8321 0.2774
vn -0.4804 -0.8321 -0.2774
vn 0.0000 -0.8321 -0.5547
vn 0.4804 -0.8321 -0.2774
vn 0.8660 0.0000 0.5000
vn 0.8660 0.0000 0.5000
vn 0.0000 0.0000 1.0000
vn 0.0000 0.0000 1.0000
vn -0.8660 0.0000 0.5000
vn -0.8660 0.0000 0.5000
vn -0.8660 0.0000 -0.5000
vn -0.8660 -0.0000 -0.5000
vn 0.0000 0.0000 -1.0000
vn 0.0000 0.0000 -1.0000
vn 0.8660 0.0000 -0.5000
vn 0.8660 0.0000 -0.5000
vn 0.4804 0.8321 0.2774
vn 0.0000 0.8321 0.5547
vn -0.4804 0.8321 0.2774
vn -0.4804 0.8321 -0.2774
vn 0.0000 0.8321 -0.5547
vn 0.4804 0.8321 -0.2774
vn -0.0000 1.0000 0.0000
vn 0.0000 1.0000 0.0000
vn 0.0000 0.0000 -1.0000
vn 0.0000 0.0000 -1.0000
vn 1.0000 0.0000 -0.0000
vn 1.0000 0.0000 0.0000
vn 0.0000 0.0000 1.0000
vn 0.0000 0.0000 1.0000
vn -1.0000 0.0000 -0.0000
vn -1.0000 -0.0000 0.0000
vn 0.0000 -1.0000 0.0000
vn 0.0000 -1.0000 0.0000
vn 0.4804 -0.8321 0.2774
vn 0.0000 -0.8321 0.5547
vn -0.4804 -0.8321 0.2774
vn -0.4804 -0.8321 -0.2774
vn 0.0000 -0.8321 -0.5547
vn 0.4804 -0.8321 -0.2774
vn 0.8660 0.0000 0.5000
vn 0.8660 0.0000 0.5000
vn 0.0000 0.0000 1.0000
vn 0.0000 0.0000 1.0000
vn -0.8660 0.0000 0.5000
vn -0.8660 0.0000 0.5000
vn -0.8660 0.0000 -0.5000
vn -0.8660 -0.0000 -0.5000
vn 0.0000 0.0000 -1.0000
vn 0.0000 0.0000 -1.0000
vn 0.8660 0.0000 -0.5000
vn 0.8660 0.0000 -0.5000
vn 0.4804 0.8321 0.2774
vn 0.0000 0.8321 0.5547
vn -0.4804 0.8321 0.2774
vn -0.4804 0.8321 -0.2774
vn 0.0000 0.8321 -0.5547
vn 0.4804 0.8321 -0.2774
vn -0.0000 1.0000 0.0000
vn 0.0000 1.0000 0.0000
vn 0.0000 0.0000 -1.0000
vn 0.0000 0.0000 -1.0000
vn 1.0000 0.0000 -0.0000
vn 1.0000 0.0000 0.0000
vn 0.0000 0.0000 1.0000
vn 0.0000 0.0000 1.0000
vn -1.0000 0.0000 -0.0000
vn -1.0000 -0.0000 0.0000
vn 0.0000 -1.0000 0.0000
vn 0.0000 -1.0000 0.0000
vn -0.0000 1.0000 0.0000
vn 0.0000 1.0000 0.0000
vn 0.0000 0.0000 -1.0000
vn 0.0000 0.0000 -1.0000
vn 1.0000 0.0000 -0.0000
vn 1.0000 0.0000 0.0000
vn 0.0000 0.0000 1.0000
vn 0.0000 0.0000 1.0000
vn -1.0000 0.0000 -0.0000
vn -1.0000 -0.0000 0.0000
vn 0.0000 -1.0000 0.0000
vn 0.0000 -1.0000 0.0000
vn -0.0000 1.0000 0.0000
vn 0.0000 1.0000 0.0000
vn 0.0000 0.0000 -1.0000
vn 0.0000 0.0000 -1.0000
vn 1.0000 0.0000 -0.0000
vn 1.0000 0.0000 0.0000
vn 0.0000 0.0000 1.0000
vn 0.0000 0.0000 1.0000
vn -1.0000 0.0000 -0.0000
vn -1.0000 -0.0000 0.0000
vn 0.0000 -1.0000 0.0000
vn 0.0000 -1.0000 0.0000
vn -0.0000 1.0000 0.0000
vn 0.0000 1.0000 0.0000
vn 0.0000 0.0000 -1.0000
vn 0.0000 0.0000 -1.0000
vn 1.0000 0.0000 -0.0000
vn 1.0000 0.0000 0.0000
vn 0.0000 0.0000 1.0000
vn 0.0000 0.0000 1.0000
vn -1.0000 0.0000 -0.0000
vn -1.0000 -0.0000 0.0000
vn 0.0000 -1.0000 0.0000
vn 0.0000 -1.0000 0.0000
vn -0.0000 1.0000 0.0000
vn 0.0000 1.0000 0.0000
vn 0.0000 0.0000 -1.0000
vn 0.0000 0.0000 -1.0000
vn 1.0000 0.0000 -0.0000
vn 1.0000 0.0000 0.0000
vn 0.0000 0.0000 1.0000
vn 0.0000 0.0000 1.0000
vn -1.0000 0.0000 -0.0000
vn -1.0000 -0.0000 0.0000
vn 0.0000 -1.0000 0.0000
vn 0.0000 -1.0000 0.0000
vn -0.0000 1.0000 0.0000
vn 0.0000 1.0000 0.0000
vn 0.0000 0.0000 -1.0000
vn 0.0000 0.0000 -1.0000
vn 1.0000 0.0000 -0.0000
vn 1.0000 0.0000 0.0000
vn 0.0000 0.0000 1.0000
vn 0.0000 0.0000 1.0000
vn -1.0000 0.0000 -0.0000
vn -1.0000 -0.0000 0.0000
vn 0.0000 -1.0000 0.0000
vn 0.0000 -1.0000 0.0000
vn -0.0000 1.0000 0.0000
vn 0.0000 1.0000 0.0000
vn 0.0000 0.0000 -1.0000
vn 0.0000 0.0000 -1.0000
vn 1.0000 0.0000 -0.0000
vn 1.0000 0.0000 0.0000
vn 0.0000 0.0000 1.0000
vn 0.0000 0.0000 1.0000
vn -1.0000 0.0000 -0.0000
vn -1.0000 -0.0000 0.0000
vn 0.0000 -1.0000 0.0000
vn 0.0000 -1.0000 0.0000
vn -0.0000 1.0000 0.0000
vn 0.0000 1.0000 0.0000
vn 0.0000 0.0000 -1.0000
vn 0.0000 0.0000 -1.0000
vn 1.0000 0.0000 -0.0000
vn 1.0000 0.0000 0.0000
vn 0.0000 0.0000 1.0000
vn 0.0000 0.0000 1.0000
vn -1.0000 0.0000 -0.0000
vn -1.0000 -0.0000 0.0000
vn 0.0000 -1.0000 0.0000
vn 0.0000 -1.0000 0.0000
vn -0.0000 1.0000 0.0000
vn 0.0000 1.0000 0.0000
vn 0.0000 0.0000 -1.0000
vn 0.0000 0.0000 -1.0000
vn 1.0000 0.0000 -0.0000
vn 1.0000 0.0000 0.0000
vn 0.0000 0.0000 1.0000
vn 0.0000 0.0000 1.0000
vn -1.0000 0.0000 -0.0000
vn -1.0000 -0.0000 0.0000
vn 0.0000 -1.0000 0.0000
vn 0.0000 -1.0000 0.0000
vn -0.0000 1.0000 0.0000
vn 0.0000 1.0000 0.0000
vn 0.0000 0.0000 -1.0000
vn 0.0000 0.0000 -1.0000
vn 1.0000 0.0000 -0.0000
vn 1.0000 0.0000 0.0000
vn 0.0000 0.0000 1.0000
vn 0.0000 0.0000 1.0000
vn -1.0000 0.0000 -0.0000
vn -1.0000 -0.0000 0.0000
vn 0.0000 -1.0000 0.0000
vn 0.0000 -1.0000 0.0000
vn -0.0000 1.0000 0.0000
vn 0.0000 1.0000 0.0000
vn 0.0000 0.0000 -1.0000
vn 0.0000 0.0000 -1.0000
vn 1.0000 0.0000 -0.0000
vn 1.0000 0.0000 0.0000
vn 0.0000 0.0000 1.0000
vn 0.0000 0.0000 1.0000
vn -1.0000 0.0000 -0.0000
vn -1.0000 -0.0000 0.0000
vn 0.0000 -1.0000 0.0000
vn 0.0000 -1.0000 0.0000
vn -0.0000 1.0000 0.0000
vn 0.0000 1.0000 0.0000
vn 0.0000 0.0000 -1.0000
vn 0.0000 0.0000 -1.0000
vn 1.0000 0.0000 -0.0000
vn 1.0000 0.0000 0.0000
vn 0.0000 0.0000 1.0000
vn 0.0000 0.0000 1.0000
vn -1.0000 0.0000 -0.0000
vn -1.0000 -0.0000 0.0000
vn 0.0000 -1.0000 0.0000
vn 0.0000 -1.0000 0.0000
vn -0.0000 1.0000 0.0000
vn 0.0000 1.0000 0.0000
vn 0.0000 0.0000 -1.0000
vn 0.0000 0.0000 -1.0000
vn 1.0000 0.0000 -0.0000
vn 1.0000 0.0000 0.0000
vn 0.0000 0.0000 1.0000
vn 0.0000 0.0000 1.0000
vn -1.0000 0.0000 -0.0000
vn -1.0000 -0.0000 0.0000
vn 0.0000 -1.0000 0.0000
vn 0.0000 -1.0000 0.0000
vn -0.0000 1.0000 0.0000
vn 0.0000 1.0000 0.0000
vn 0.0000 0.0000 -1.0000
vn 0.0000 0.0000 -1.0000
vn 1.0000 0.0000 -0.0000
vn 1.0000 0.0000 0.0000
vn 0.0000 0.0000 1.0000
vn 0.0000 0.0000 1.0000
vn -1.0000 0.0000 -0.0000
vn -1.0000 -0.0000 0.0000
vn 0.0000 -1.0000 0.0000
vn 0.0000 -1.0000 0.0000
vn 0.0000 -0.0000 1.0000
vn 0.0000 0.0000 1.0000
vn 0.0000 -0.0000 1.0000
vn 0.0000 0.0000 1.0000
vn 0.0000 0.0000 1.0000
vn 0.0000 0.0000 1.0000
vn 0.0000 0.0000 1.0000
vn -0.0000 0.0000 1.0000
vn 0.0000 0.0000 1.0000
vn 0.0000 -0.0000 1.0000
vn 0.0000 0.0000 1.0000
vn -0.0000 0.0000 1.0000
vn 0.0000 0.0000 1.0000
vn 0.0000 0.0000 1.0000
vn 0.0000 0.0000 1.0000
vn 0.0000 0.0000 1.0000
vn 0.0000 -0.0000 1.0000
vn 0.0000 0.0000 1.0000
vn 0.0000 0.0000 1.0000
vn 0.0000 0.0000 1.0000
vn 0.0000 0.0000 1.0000
vn 0.0000 0.0000 1.0000
vn 0.0000 -0.0000 1.0000
vn 0.0000 0.0000 1.0000
vn 0.0000 0.0000 1.0000
vn 0.0000 0.0000 1.0000
vn 0.0000 0.0000 1.0000
vn 0.0000 -0.0000 1.0000
vn 0.0000 0.0000 1.0000
vn -0.0000 0.0000 1.0000
vn 0.0000 0.0000 1.0000
vn 0.0000 0.0000 1.0000
vn 0.0000 0.0000 1.0000
vn 0.0000 0.0000 1.0000
vn 0.0000 0.0000 1.0000
vn 0.0000 0.0000 1.0000
vn 0.0000 0.0000 1.0000
vn 0.0000 0.0000 1.0000
vn 0.0000 -0.0000 1.0000
vn 0.0000 0.0000 1.0000
vn 0.0000 0.0000 1.0000
vn 0.0000 0.0000 1.0000
vn 0.0000 0.0000 1.0000
vn -0.0000 0.0000 1.0000
vn 0.0000 0.0000 1.0000
vn 0.0000 0.0000 1.0000
vn -0.0000 1.0000 0.0000
vn 0.0000 1.0000 0.0000
vn 0.0000 0.0000 -1.0000
vn 0.0000 0.0000 -1.0000
vn 1.0000 0.0000 -0.0000
vn 1.0000 0.0000 0.0000
vn 0.0000 0.0000 1.0000
vn 0.0000 0.0000 1.0000
vn -1.0000 0.0000 -0.0000
vn -1.0000 -0.0000 0.0000
vn 0.0000 -1.0000 0.0000
vn 0.0000 -1.0000 0.0000
vn -0.0000 1.0000 0.0000
vn 0.0000 1.0000 0.0000
vn 0.0000 0.0000 -1.0000
vn 0.0000 0.0000 -1.0000
vn 1.0000 0.0000 -0.0000
vn 1.0000 0.0000 0.0000
vn 0.0000 0.0000 1.0000
vn 0.0000 0.0000 1.0000
vn -1.0000 0.0000 -0.0000
vn -1.0000 -0.0000 0.0000
vn 0.0000 -1.0000 0.0000
vn 0.0000 -1.0000 0.0000
vn -0.0000 1.0000 0.0000
vn 0.0000 1.0000 0.0000
vn 0.0000 0.0000 -1.0000
vn 0.0000 0.0000 -1.0000
vn 1.0000 0.0000 -0.0000
vn 1.0000 0.0000 0.0000
vn 0.0000 0.0000 1.0000
vn 0.0000 0.0000 1.0000
vn -1.0000 0.0000 -0.0000
vn -1.0000 -0.0000 0.0000
vn 0.0000 -1.0000 0.0000
vn 0.0000 -1.0000 0.0000
vn -0.0000 1.0000 0.0000
vn 0.0000 1.0000 0.0000
vn 0.0000 0.0000 -1.0000
vn 0.0000 0.0000 -1.0000
vn 1.0000 0.0000 -0.0000
vn 1.0000 0.0000 0.0000
vn 0.0000 0.0000 1.0000
vn 0.0000 0.0000 1.0000
vn -1.0000 0.0000 -0.0000
vn -1.0000 -0.0000 0.0000
vn 0.0000 -1.0000 0.0000
vn 0.0000 -1.0000 0.0000
vn 0.2577 0.9662 0.0000
vn 0.2577 0.9662 0.0000
vn 0.0000 -0.0000 -1.0000
vn 0.0000 0.0000 -1.0000
vn 0.9662 -0.2577 0.0000
vn 0.9662 -0.2577 0.0000
vn 0.0000 0.0000 1.0000
vn 0.0000 0.0000 1.0000
vn -0.9662 0.2577 0.0000
vn -0.9662 0.2577 0.0000
vn -0.2577 -0.9662 0.0000
vn -0.2577 -0.9662 0.0000
vn -0.2577 0.9662 0.0000
vn -0.2577 0.9662 0.0000
vn 0.0000 0.0000 -1.0000
vn 0.0000 0.0000 -1.0000
vn 0.9662 0.2577 -0.0000
vn 0.9662 0.2577 0.0000
vn 0.0000 0.0000 1.0000
vn 0.0000 0.0000 1.0000
vn -0.9662 -0.2577 -0.0000
vn -0.9662 -0.2577 0.0000
vn 0.2577 -0.9662 0.0000
vn 0.2577 -0.9662 0.0000
vn -0.0000 1.0000 0.0000
vn 0.0000 1.0000 0.0000
vn 0.0000 0.0000 -1.0000
vn 0.0000 0.0000 -1.0000
vn 1.0000 0.0000 -0.0000
vn 1.0000 0.0000 0.0000
vn 0.0000 0.0000 1.0000
vn 0.0000 0.0000 1.0000
vn -1.0000 0.0000 -0.0000
vn -1.0000 -0.0000 0.0000
vn 0.0000 -1.0000 0.0000
vn 0.0000 -1.0000 0.0000
vn -0.0000 1.0000 0.0000
vn 0.0000 1.0000 0.0000
vn 0.0000 0.0000 -1.0000
vn 0.0000 0.0000 -1.0000
vn 1.0000 0.0000 -0.0000
vn 1.0000 0.0000 0.0000
vn 0.0000 0.0000 1.0000
vn 0.0000 0.0000 1.0000
vn -1.0000 0.0000 -0.0000
vn -1.0000 -0.0000 0.0000
vn -0.0000 1.0000 0.0000
vn 0.0000 1.0000 0.0000
vn 0.0000 0.0000 -1.0000
vn 0.0000 0.0000 -1.0000
vn 1.0000 0.0000 -0.0000
vn 1.0000 0.0000 0.0000
vn 0.0000 0.0000 1.0000
vn 0.0000 0.0000 1.0000
vn -1.0000 0.0000 -0.0000
vn -1.0000 -0.0000 0.0000
vn -0.0000 1.0000 0.0000
vn 0.0000 1.0000 0.0000
vn 0.0000 0.0000 -1.0000
vn 0.0000 0.0000 -1.0000
vn 1.0000 0.0000 -0.0000
vn 1.0000 0.0000 0.0000
vn 0.0000 0.0000 1.0000
vn 0.0000 0.0000 1.0000
vn -1.0000 0.0000 -0.0000
vn -1.0000 -0.0000 0.0000
vn -0.0000 1.0000 0.0000
vn 0.0000 1.0000 0.0000
vn 0.0000 0.0000 -1.0000
vn 0.0000 0.0000 -1.0000
vn 1.0000 0.0000 -0.0000
vn 1.0000 0.0000 0.0000
vn 0.0000 0.0000 1.0000
vn 0.0000 0.0000 1.0000
vn -1.0000 0.0000 -0.0000
vn -1.0000 -0.0000 0.0000
vn -0.0000 1.0000 0.0000
vn 0.0000 1.0000 0.0000
vn 0.0000 0.0000 -1.0000
vn 0.0000 0.0000 -1.0000
vn 1.0000 0.0000 -0.0000
vn 1.0000 0.0000 0.0000
vn 0.0000 0.0000 1.0000
vn 0.0000 0.0000 1.0000
vn -1.0000 0.0000 -0.0000
vn -1.0000 -0.0000 0.0000
vn -0.0000 1.0000 0.0000
vn 0.0000 1.0000 0.0000
vn 0.0000 0.0000 -1.0000
vn 0.0000 0.0000 -1.0000
vn 1.0000 0.0000 -0.0000
vn 1.0000 0.0000 0.0000
vn 0.0000 0.0000 1.0000
vn 0.0000 0.0000 1.0000
vn -1.0000 0.0000 -0.0000
vn -1.0000 -0.0000 0.0000
vn -0.0000 1.0000 0.0000
vn 0.0000 1.0000 0.0000
vn 0.0000 0.0000 -1.0000
vn 0.0000 0.0000 -1.0000
vn 1.0000 0.0000 -0.0000
vn 1.0000 0.0000 0.0000
vn 0.0000 0.0000 1.0000
vn 0.0000 0.0000 1.0000
vn -1.0000 0.0000 -0.0000
vn -1.0000 -0.0000 0.0000
vn 0.0000 -1.0000 0.0000
vn 0.0000 -1.0000 0.0000
vn -0.0000 1.0000 0.0000
vn 0.0000 1.0000 0.0000
vn 0.0000 0.0000 -1.0000
vn 0.0000 0.0000 -1.0000
vn 1.0000 0.0000 -0.0000
vn 1.0000 0.0000 0.0000
vn 0.0000 0.0000 1.0000
vn 0.0000 0.0000 1.0000
vn -1.0000 0.0000 -0.0000
vn -1.0000 -0.0000 0.0000
vn 0.0000 -1.0000 0.0000
vn 0.0000 -1.0000 0.0000
vn -0.0000 1.0000 0.0000
vn 0.0000 1.0000 0.0000
vn 0.0000 0.0000 -1.0000
vn 0.0000 0.0000 -1.0000
vn 1.0000 0.0000 -0.0000
vn 1.0000 0.0000 0.0000
vn 0.0000 0.0000 1.0000
vn 0.0000 0.0000 1.0000
vn -1.0000 0.0000 -0.0000
vn -1.0000 -0.0000 0.0000
vn 0.0000 -1.0000 0.0000
vn 0.0000 -1.0000 0.0000
vn -0.0000 1.0000 0.0000
vn 0.0000 1.0000 0.0000
vn 0.0000 0.0000 -1.0000
vn 0.0000 0.0000 -1.0000
vn 1.0000 0.0000 -0.0000
vn 1.0000 0.0000 0.0000
vn 0.0000 0.0000 1.0000
vn 0.0000 0.0000 1.0000
vn -1.0000 0.0000 -0.0000
vn -1.0000 -0.0000 0.0000
vn 0.0000 -1.0000 0.0000
vn 0.0000 -1.0000 0.0000
vn -0.0000 0.0000 1.0000
vn 0.0000 0.0000 1.0000
vn 0.0000 -0.0000 1.0000
vn -0.0000 0.0000 -1.0000
vn 0.0000 0.0000 -1.0000
vn 0.0000 0.0000 -1.0000
vn 0.9724 -0.2334 0.0000
vn 0.9724 -0.2334 0.0000
vn 0.6225 -0.7826 0.0000
vn 0.6225 -0.7826 0.0000
vn 1.0000 0.0000 0.0000
vn 1.0000 -0.0000 0.0000
vn -0.6476 0.7619 0.0000
vn -0.6476 0.7619 0.0000
vn -1.0000 0.0000 -0.0000
vn -1.0000 -0.0000 0.0000
vn -0.0000 1.0000 0.0000
vn 0.0000 1.0000 0.0000
vn 0.0000 0.0000 -1.0000
vn 0.0000 0.0000 -1.0000
vn 1.0000 0.0000 -0.0000
vn 1.0000 0.0000 0.0000
vn 0.0000 0.0000 1.0000
vn 0.0000 0.0000 1.0000
vn -1.0000 0.0000 -0.0000
vn -1.0000 -0.0000 0.0000
vn 0.0000 -1.0000 0.0000
vn 0.0000 -1.0000 0.0000
vn -0.0000 1.0000 0.0000
vn 0.0000 1.0000 0.0000
vn 0.0000 0.0000 -1.0000
vn 0.0000 0.0000 -1.0000
vn 1.0000 0.0000 -0.0000
vn 1.0000 0.0000 0.0000
vn 0.0000 0.0000 1.0000
vn 0.0000 0.0000 1.0000
vn -1.0000 0.0000 -0.0000
vn -1.0000 -0.0000 0.0000
vn 0.0000 -1.0000 0.0000
vn 0.0000 -1.0000 0.0000
vn -0.0000 1.0000 0.0000
vn 0.0000 1.0000 0.0000
vn 0.0000 0.0000 -1.0000
vn 0.0000 0.0000 -1.0000
vn 1.0000 0.0000 -0.0000
vn 1.0000 0.0000 0.0000
vn 0.0000 0.0000 1.0000
vn 0.0000 0.0000 1.0000
vn -1.0000 0.0000 -0.0000
vn -1.0000 -0.0000 0.0000
vn 0.0000 -1.0000 0.0000
vn 0.0000 -1.0000 0.0000
vn -0.0000 1.0000 0.0000
vn 0.0000 1.0000 0.0000
vn 0.0000 0.0000 -1.0000
vn 0.0000 0.0000 -1.0000
vn 1.0000 0.0000 -0.0000
vn 1.0000 0.0000 0.0000
vn 0.0000 0.0000 1.0000
vn 0.0000 0.0000 1.0000
vn -1.0000 0.0000 -0.0000
vn -1.0000 -0.0000 0.0000
vn 0.0000 -1.0000 0.0000
vn 0.0000 -1.0000 0.0000
vn -0.0000 0.0000 1.0000
vn 0.0000 0.0000 1.0000
vn 0.0000 0.0000 1.0000
vn -0.0000 -0.0000 -1.0000
vn 0.0000 0.0000 -1.0000
vn 0.0000 0.0000 -1.0000
vn -0.9724 -0.2334 -0.0000
vn -0.9724 -0.2334 0.0000
vn -0.6225 -0.7826 -0.0000
vn -0.6225 -0.7826 0.0000
vn -1.0000 0.0000 -0.0000
vn -1.0000 -0.0000 0.0000
vn 0.6476 0.7619 0.0000
vn 0.6476 0.7619 0.0000
vn 1.0000 0.0000 0.0000
vn 1.0000 -0.0000 0.0000
vn -0.0000 0.0000 1.0000
vn 0.0000 0.0000 1.0000
vn 0.0000 -0.0000 1.0000
vn -0.0000 0.0000 -1.0000
vn 0.0000 0.0000 -1.0000
vn 0.0000 0.0000 -1.0000
vn 0.9724 -0.2334 0.0000
vn 0.9724 -0.2334 0.0000
vn 0.6225 -0.7826 0.0000
vn 0.6225 -0.7826 0.0000
vn 1.0000 0.0000 0.0000
vn 1.0000 -0.0000 0.0000
vn -0.6476 0.7619 0.0000
vn -0.6476 0.7619 0.0000
vn -1.0000 0.0000 -0.0000
vn -1.0000 -0.0000 0.0000
vn -0.0000 1.0000 0.0000
vn 0.0000 1.0000 0.0000
vn 0.0000 0.0000 -1.0000
vn 0.0000 0.0000 -1.0000
vn 1.0000 0.0000 -0.0000
vn 1.0000 0.0000 0.0000
vn 0.0000 0.0000 1.0000
vn 0.0000 0.0000 1.0000
vn -1.0000 0.0000 -0.0000
vn -1.0000 -0.0000 0.0000
vn 0.0000 -1.0000 0.0000
vn 0.0000 -1.0000 0.0000
vn -0.0000 1.0000 0.0000
vn 0.0000 1.0000 0.0000
vn 0.0000 0.0000 -1.0000
vn 0.0000 0.0000 -1.0000
vn 1.0000 0.0000 -0.0000
vn 1.0000 0.0000 0.0000
vn 0.0000 0.0000 1.0000
vn 0.0000 0.0000 1.0000
vn -1.0000 0.0000 -0.0000
vn -1.0000 -0.0000 0.0000
vn 0.0000 -1.0000 0.0000
vn 0.0000 -1.0000 0.0000
vn -0.0000 1.0000 0.0000
vn 0.0000 1.0000 0.0000
vn 0.0000 0.0000 -1.0000
vn 0.0000 0.0000 -1.0000
vn 1.0000 0.0000 -0.0000
vn 1.0000 0.0000 0.0000
vn 0.0000 0.0000 1.0000
vn 0.0000 0.0000 1.0000
vn -1.0000 0.0000 -0.0000
vn -1.0000 -0.0000 0.0000
vn 0.0000 -1.0000 0.0000
vn 0.0000 -1.0000 0.0000
vn -0.0000 1.0000 0.0000
vn 0.0000 1.0000 0.0000
vn 0.0000 0.0000 -1.0000
vn 0.0000 0.0000 -1.0000
vn 1.0000 0.0000 -0.0000
vn 1.0000 0.0000 0.0000
vn 0.0000 0.0000 1.0000
vn 0.0000 0.0000 1.0000
vn -1.0000 0.0000 -0.0000
vn -1.0000 -0.0000 0.0000
vn 0.0000 -1.0000 0.0000
vn 0.0000 -1.0000 0.0000
vn -0.0000 0.0000 1.0000
vn 0.0000 0.0000 1.0000
vn 0.0000 0.0000 1.0000
vn -0.0000 -0.0000 -1.0000
vn 0.0000 0.0000 -1.0000
vn 0.0000 0.0000 -1.0000
vn -0.9724 -0.2334 -0.0000
vn -0.9724 -0.2334 0.0000
vn -0.6225 -0.7826 -0.0000
vn -0.6225 -0.7826 0.0000
vn -1.0000 0.0000 -0.0000
vn -1.0000 -0.0000 0.0000
vn 0.6476 0.7619 0.0000
vn 0.6476 0.7619 0.0000
vn 1.0000 0.0000 0.0000
vn 1.0000 -0.0000 0.0000
vn -0.0000 0.0000 1.0000
vn 0.0000 0.0000 1.0000
vn 0.0000 -0.0000 1.0000
vn -0.0000 0.0000 -1.0000
vn 0.0000 0.0000 -1.0000
vn 0.0000 0.0000 -1.0000
vn 0.9724 -0.2334 0.0000
vn 0.9724 -0.2334 0.0000
vn 0.6225 -0.7826 0.0000
vn 0.6225 -0.7826 0.0000
vn 1.0000 0.0000 0.0000
vn 1.0000 -0.0000 0.0000
vn -0.6476 0.7619 0.0000
vn -0.6476 0.7619 0.0000
vn -1.0000 0.0000 -0.0000
vn -1.0000 -0.0000 0.0000
vn -0.0000 1.0000 0.0000
vn 0.0000 1.0000 0.0000
vn 0.0000 0.0000 -1.0000
vn 0.0000 0.0000 -1.0000
vn 1.0000 0.0000 -0.0000
vn 1.0000 0.0000 0.0000
vn 0.0000 0.0000 1.0000
vn 0.0000 0.0000 1.0000
vn -1.0000 0.0000 -0.0000
vn -1.0000 -0.0000 0.0000
vn 0.0000 -1.0000 0.0000
vn 0.0000 -1.0000 0.0000
vn -0.0000 1.0000 0.0000
vn 0.0000 1.0000 0.0000
vn 0.0000 0.0000 -1.0000
vn 0.0000 0.0000 -1.0000
vn 1.0000 0.0000 -0.0000
vn 1.0000 0.0000 0.0000
vn 0.0000 0.0000 1.0000
vn 0.0000 0.0000 1.0000
vn -1.0000 0.0000 -0.0000
vn -1.0000 -0.0000 0.0000
vn 0.0000 -1.0000 0.0000
vn 0.0000 -1.0000 0.0000
vn -0.0000 1.0000 0.0000
vn 0.0000 1.0000 0.0000
vn 0.0000 0.0000 -1.0000
vn 0.0000 0.0000 -1.0000
vn 1.0000 0.0000 -0.0000
vn 1.0000 0.0000 0.0000
vn 0.0000 0.0000 1.0000
vn 0.0000 0.0000 1.0000
vn -1.0000 0.0000 -0.0000
vn -1.0000 -0.0000 0.0000
vn 0.0000 -1.0000 0.0000
vn 0.0000 -1.0000 0.0000
vn -0.0000 1.0000 0.0000
vn 0.0000 1.0000 0.0000
vn 0.0000 0.0000 -1.0000
vn 0.0000 0.0000 -1.0000
vn 1.0000 0.0000 -0.0000
vn 1.0000 0.0000 0.0000
vn 0.0000 0.0000 1.0000
vn 0.0000 0.0000 1.0000
vn -1.0000 0.0000 -0.0000
vn -1.0000 -0.0000 0.0000
vn 0.0000 -1.0000 0.0000
vn 0.0000 -1.0000 0.0000
vn -0.0000 0.0000 1.0000
vn 0.0000 0.0000 1.0000
vn 0.0000 0.0000 1.0000
vn -0.0000 -0.0000 -1.0000
vn 0.0000 0.0000 -1.0000
vn 0.0000 0.0000 -1.0000
vn -0.9724 -0.2334 -0.0000
vn -0.9724 -0.2334 0.0000
vn -0.6225 -0.7826 -0.0000
vn -0.6225 -0.7826 0.0000
vn -1.0000 0.0000 -0.0000
vn -1.0000 -0.0000 0.0000
vn 0.6476 0.7619 0.0000
vn 0.6476 0.7619 0.0000
vn 1.0000 0.0000 0.0000
vn 1.0000 -0.0000 0.0000
vn -0.0000 0.9877 0.1564
vn 0.0000 0.9877 0.1564
vn 0.0000 0.1564 -0.9877
vn 0.0000 0.1564 -0.9877
vn 1.0000 0.0000 0.0000
vn 1.0000 0.0000 0.0000
vn 0.0000 -0.1564 0.9877
vn 0.0000 -0.1564 0.9877
vn -1.0000 0.0000 0.0000
vn -1.0000 0.0000 -0.0000
vn 0.0000 -0.9877 -0.1564
vn -0.0000 -0.9877 -0.1564
vn -0.0000 0.9877 0.1564
vn 0.0000 0.9877 0.1564
vn 0.0000 0.1564 -0.9877
vn 0.0000 0.1564 -0.9877
vn 1.0000 0.0000 0.0000
vn 1.0000 0.0000 0.0000
vn 0.0000 -0.1564 0.9877
vn 0.0000 -0.1564 0.9877
vn -1.0000 0.0000 0.0000
vn -1.0000 0.0000 -0.0000
vn 0.0000 -0.9877 -0.1564
vn -0.0000 -0.9877 -0.1564
vn -0.0000 0.9877 0.1564
vn 0.0000 0.9877 0.1564
vn 0.0000 0.1564 -0.9877
vn 0.0000 0.1564 -0.9877
vn 1.0000 0.0000 0.0000
vn 1.0000 0.0000 0.0000
vn 0.0000 -0.1564 0.9877
vn 0.0000 -0.1564 0.9877
vn -1.0000 0.0000 0.0000
vn -1.0000 0.0000 -0.0000
vn 0.0000 -0.9877 -0.1564
vn -0.0000 -0.9877 -0.1564
vn -0.0000 0.9877 0.1564
vn 0.0000 0.9877 0.1564
vn 0.0000 0.1564 -0.9877
vn 0.0000 0.1564 -0.9877
vn 1.0000 0.0000 0.0000
vn 1.0000 0.0000 0.0000
vn 0.0000 -0.1564 0.9877
vn 0.0000 -0.1564 0.9877
vn -1.0000 0.0000 0.0000
vn -1.0000 0.0000 -0.0000
vn 0.0000 -0.9877 -0.1564
vn -0.0000 -0.9877 -0.1564
vn -0.0000 0.9877 0.1564
vn 0.0000 0.9877 0.1564
vn 0.0000 0.1564 -0.9877
vn 0.0000 0.1564 -0.9877
vn 1.0000 0.0000 0.0000
vn 1.0000 0.0000 0.0000
vn 0.0000 -0.1564 0.9877
vn 0.0000 -0.1564 0.9877
vn -1.0000 0.0000 0.0000
vn -1.0000 0.0000 -0.0000
vn 0.0000 -0.9877 -0.1564
vn -0.0000 -0.9877 -0.1564
vn -0.0000 0.9877 0.1564
vn 0.0000 0.9877 0.1564
vn 0.0000 0.1564 -0.9877
vn 0.0000 0.1564 -0.9877
vn 1.0000 0.0000 0.0000
vn 1.0000 0.0000 0.0000
vn 0.0000 -0.1564 0.9877
vn 0.0000 -0.1564 0.9877
vn -1.0000 0.0000 0.0000
vn -1.0000 0.0000 -0.0000
vn 0.0000 -0.9877 -0.1564
vn -0.0000 -0.9877 -0.1564
vn -0.0000 0.9877 0.1564
vn 0.0000 0.9877 0.1564
vn 0.0000 0.1564 -0.9877
vn 0.0000 0.1564 -0.9877
vn 1.0000 0.0000 0.0000
vn 1.0000 0.0000 0.0000
vn 0.0000 -0.1564 0.9877
vn 0.0000 -0.1564 0.9877
vn -1.0000 0.0000 0.0000
vn -1.0000 0.0000 -0.0000
vn 0.0000 -0.9877 -0.1564
vn -0.0000 -0.9877 -0.1564
vn -0.0000 0.9877 0.1564
vn 0.0000 0.9877 0.1564
vn 0.0000 0.1564 -0.9877
vn 0.0000 0.1564 -0.9877
vn 1.0000 0.0000 0.0000
vn 1.0000 0.0000 0.0000
vn 0.0000 -0.1564 0.9877
vn 0.0000 -0.1564 0.9877
vn -1.0000 0.0000 0.0000
vn -1.0000 0.0000 -0.0000
vn 0.0000 -0.9877 -0.1564
vn -0.0000 -0.9877 -0.1564
vn -0.0000 0.9877 0.1564
vn 0.0000 0.9877 0.1564
vn 0.0000 0.1564 -0.9877
vn 0.0000 0.1564 -0.9877
vn 1.0000 0.0000 0.0000
vn 1.0000 0.0000 0.0000
vn 0.0000 -0.1564 0.9877
vn 0.0000 -0.1564 0.9877
vn -1.0000 0.0000 0.0000
vn -1.0000 0.0000 -0.0000
vn 0.0000 -0.9877 -0.1564
vn -0.0000 -0.9877 -0.1564
vn -0.0000 0.9877 0.1564
vn 0.0000 0.9877 0.1564
vn 0.0000 0.1564 -0.9877
vn 0.0000 0.1564 -0.9877
vn 1.0000 0.0000 0.0000
vn 1.0000 0.0000 0.0000
vn 0.0000 -0.1564 0.9877
vn 0.0000 -0.1564 0.9877
vn -1.0000 0.0000 0.0000
vn -1.0000 0.0000 -0.0000
vn 0.0000 -0.9877 -0.1564
vn -0.0000 -0.9877 -0.1564
vn -0.0000 0.9877 0.1564
vn 0.0000 0.9877 0.1564
vn 0.0000 0.1564 -0.9877
vn 0.0000 0.1564 -0.9877
vn 1.0000 0.0000 0.0000
vn 1.0000 0.0000 0.0000
vn 0.0000 -0.1564 0.9877
vn 0.0000 -0.1564 0.9877
vn -1.0000 0.0000 0.0000
vn -1.0000 0.0000 -0.0000
vn 0.0000 -0.9877 -0.1564
vn -0.0000 -0.9877 -0.1564
vn -0.0000 0.9877 0.1564
vn 0.0000 0.9877 0.1564
vn 0.0000 0.1564 -0.9877
vn 0.0000 0.1564 -0.9877
vn 1.0000 0.0000 0.0000
vn 1.0000 0.0000 0.0000
vn 0.0000 -0.1564 0.9877
vn 0.0000 -0.1564 0.9877
vn -1.0000 0.0000 0.0000
vn -1.0000 0.0000 -0.0000
vn 0.0000 -0.9877 -0.1564
vn -0.0000 -0.9877 -0.1564
vn -0.0000 0.9877 0.1564
vn 0.0000 0.9877 0.1564
vn 0.0000 0.1564 -0.9877
vn 0.0000 0.1564 -0.9877
vn 1.0000 0.0000 0.0000
vn 1.0000 0.0000 0.0000
vn 0.0000 -0.1564 0.9877
vn 0.0000 -0.1564 0.9877
vn -1.0000 0.0000 0.0000
vn -1.0000 0.0000 -0.0000
vn 0.0000 -0.9877 -0.1564
vn -0.0000 -0.9877 -0.1564
vn -0.0000 1.0000 0.0000
vn 0.0000 1.0000 0.0000
vn 0.0000 0.0000 -1.0000
vn 0.0000 0.0000 -1.0000
vn 1.0000 0.0000 -0.0000
vn 1.0000 0.0000 0.0000
vn 0.0000 0.0000 1.0000
vn 0.0000 0.0000 1.0000
vn -1.0000 0.0000 -0.0000
vn -1.0000 -0.0000 0.0000
vn 0.0000 -1.0000 0.0000
vn 0.0000 -1.0000 0.0000
vn -0.0000 1.0000 0.0000
vn 0.0000 1.0000 0.0000
vn 0.0000 0.0000 -1.0000
vn 0.0000 0.0000 -1.0000
vn 1.0000 0.0000 -0.0000
vn 1.0000 0.0000 0.0000
vn 0.0000 0.0000 1.0000
vn 0.0000 0.0000 1.0000
vn -1.0000 0.0000 -0.0000
vn -1.0000 -0.0000 0.0000
vn 0.0000 -1.0000 0.0000
vn 0.0000 -1.0000 0.0000
vn -0.0000 1.0000 0.0000
vn 0.0000 1.0000 0.0000
vn 0.0000 0.0000 -1.0000
vn 0.0000 0.0000 -1.0000
vn 1.0000 0.0000 -0.0000
vn 1.0000 0.0000 0.0000
vn 0.0000 0.0000 1.0000
vn 0.0000 0.0000 1.0000
vn -1.0000 0.0000 -0.0000
vn -1.0000 -0.0000 0.0000
vn 0.0000 -1.0000 0.0000
vn 0.0000 -1.0000 0.0000
vn -0.0000 1.0000 0.0000
vn 0.0000 1.0000 0.0000
vn 0.0000 0.0000 -1.0000
vn 0.0000 0.0000 -1.0000
vn 1.0000 0.0000 -0.0000
vn 1.0000 0.0000 0.0000
vn 0.0000 0.0000 1.0000
vn 0.0000 0.0000 1.0000
vn -1.0000 0.0000 -0.0000
vn -1.0000 -0.0000 0.0000
vn 0.0000 -1.0000 0.0000
vn 0.0000 -1.0000 0.0000
vn -0.0000 1.0000 0.0000
vn 0.0000 1.0000 0.0000
vn 0.0000 0.0000 -1.0000
vn 0.0000 0.0000 -1.0000
vn 1.0000 0.0000 -0.0000
vn 1.0000 0.0000 0.0000
vn 0.0000 0.0000 1.0000
vn 0.0000 0.0000 1.0000
vn -1.0000 0.0000 -0.0000
vn -1.0000 -0.0000 0.0000
vn 0.0000 -1.0000 0.0000
vn 0.0000 -1.0000 0.0000
vn -0.0000 1.0000 0.0000
vn 0.0000 1.0000 0.0000
vn 0.0000 0.0000 -1.0000
vn 0.0000 0.0000 -1.0000
vn 1.0000 0.0000 -0.0000
vn 1.0000 0.0000 0.0000
vn 0.0000 0.0000 1.0000
vn 0.0000 0.0000 1.0000
vn -1.0000 0.0000 -0.0000
vn -1.0000 -0.0000 0.0000
vn 0.0000 -1.0000 0.0000
vn 0.0000 -1.0000 0.0000
vn -0.0000 1.0000 0.0000
vn 0.0000 1.0000 0.0000
vn 0.0000 0.0000 -1.0000
vn 0.0000 0.0000 -1.0000
vn 1.0000 0.0000 -0.0000
vn 1.0000 0.0000 0.0000
vn 0.0000 0.0000 1.0000
vn 0.0000 0.0000 1.0000
vn -1.0000 0.0000 -0.0000
vn -1.0000 -0.0000 0.0000
vn 0.0000 -1.0000 0.0000
vn 0.0000 -1.0000 0.0000
vn -0.0000 1.0000 0.0000
vn 0.0000 1.0000 0.0000
vn 0.0000 0.0000 -1.0000
vn 0.0000 0.0000 -1.0000
vn 1.0000 0.0000 -0.0000
vn 1.0000 0.0000 0.0000
vn 0.0000 0.0000 1.0000
vn 0.0000 0.0000 1.0000
vn -1.0000 0.0000 -0.0000
vn -1.0000 -0.0000 0.0000
vn 0.0000 -1.0000 0.0000
vn 0.0000 -1.0000 0.0000
vn -0.0000 1.0000 0.0000
vn 0.0000 1.0000 0.0000
vn 0.0000 0.0000 -1.0000
vn 0.0000 0.0000 -1.0000
vn 1.0000 0.0000 -0.0000
vn 1.0000 0.0000 0.0000
vn 0.0000 0.0000 1.0000
vn 0.0000 0.0000 1.0000
vn -1.0000 0.0000 -0.0000
vn -1.0000 -0.0000 0.0000
vn 0.0000 -1.0000 0.0000
vn 0.0000 -1.0000 0.0000
vn -0.0000 1.0000 0.0000
vn 0.0000 1.0000 0.0000
vn 0.0000 0.0000 -1.0000
vn 0.0000 0.0000 -1.0000
vn 1.0000 0.0000 -0.0000
vn 1.0000 0.0000 0.0000
vn 0.0000 0.0000 1.0000
vn 0.0000 0.0000 1.0000
vn -1.0000 0.0000 -0.0000
vn -1.0000 -0.0000 0.0000
vn 0.0000 -1.0000 0.0000
vn 0.0000 -1.0000 0.0000
vn -0.0000 1.0000 0.0000
vn 0.0000 1.0000 0.0000
vn 0.0000 0.0000 -1.0000
vn 0.0000 0.0000 -1.0000
vn 1.0000 0.0000 -0.0000
vn 1.0000 0.0000 0.0000
vn 0.0000 0.0000 1.0000
vn 0.0000 0.0000 1.0000
vn -1.0000 0.0000 -0.0000
vn -1.0000 -0.0000 0.0000
vn 0.0000 -1.0000 0.0000
vn 0.0000 -1.0000 0.0000
vn -0.0000 1.0000 0.0000
vn 0.0000 1.0000 0.0000
vn 0.0000 0.0000 -1.0000
vn 0.0000 0.0000 -1.0000
vn 1.0000 0.0000 -0.0000
vn 1.0000 0.0000 0.0000
vn 0.0000 0.0000 1.0000
vn 0.0000 0.0000 1.0000
vn -1.0000 0.0000 -0.0000
vn -1.0000 -0.0000 0.0000
vn 0.0000 -1.0000 0.0000
vn 0.0000 -1.0000 0.0000
vn -0.0000 1.0000 0.0000
vn 0.0000 1.0000 0.0000
vn 0.0000 0.0000 -1.0000
vn 0.0000 0.0000 -1.0000
vn 1.0000 0.0000 -0.0000
vn 1.0000 0.0000 0.0000
vn 0.0000 0.0000 1.0000
vn 0.0000 0.0000 1.0000
vn -1.0000 0.0000 -0.0000
vn -1.0000 -0.0000 0.0000
vn 0.0000 -1.0000 0.0000
vn 0.0000 -1.0000 0.0000
vn -0.0000 1.0000 0.0000
vn 0.0000 1.0000 0.0000
vn 0.0000 0.0000 -1.0000
vn 0.0000 0.0000 -1.0000
vn 1.0000 0.0000 -0.0000
vn 1.0000 0.0000 0.0000
vn 0.0000 0.0000 1.0000
vn 0.0000 0.0000 1.0000
vn -1.0000 0.0000 -0.0000
vn -1.0000 -0.0000 0.0000
vn 0.0000 -1.0000 0.0000
vn 0.0000 -1.0000 0.0000
vn -0.0000 1.0000 0.0000
vn 0.0000 1.0000 0.0000
vn 0.0000 0.0000 -1.0000
vn 0.0000 0.0000 -1.0000
vn 1.0000 0.0000 -0.0000
vn 1.0000 0.0000 0.0000
vn 0.0000 0.0000 1.0000
vn 0.0000 0.0000 1.0000
vn -1.0000 0.0000 -0.0000
vn -1.0000 -0.0000 0.0000
vn 0.0000 -1.0000 0.0000
vn 0.0000 -1.0000 0.0000
vn -0.0000 1.0000 0.0000
vn 0.0000 1.0000 0.0000
vn 0.0000 0.0000 -1.0000
vn 0.0000 0.0000 -1.0000
vn 1.0000 0.0000 -0.0000
vn 1.0000 0.0000 0.0000
vn 0.0000 0.0000 1.0000
vn 0.0000 0.0000 1.0000
vn -1.0000 0.0000 -0.0000
vn -1.0000 -0.0000 0.0000
vn 0.0000 -1.0000 0.0000
vn 0.0000 -1.0000 0.0000
vn -0.0000 1.0000 0.0000
vn 0.0000 1.0000 0.0000
vn 0.0000 0.0000 -1.0000
vn 0.0000 0.0000 -1.0000
vn 1.0000 0.0000 -0.0000
vn 1.0000 0.0000 0.0000
vn 0.0000 0.0000 1.0000
vn 0.0000 0.0000 1.0000
vn -1.0000 0.0000 -0.0000
vn -1.0000 -0.0000 0.0000
vn 0.0000 -1.0000 0.0000
vn 0.0000 -1.0000 0.0000
vn 0.0000 0.9848 -0.1736
vn 0.0000 0.9848 -0.1736
vn 0.0000 -0.1736 -0.9848
vn 0.0000 -0.1736 -0.9848
vn 1.0000 0.0000 -0.0000
vn 1.0000 0.0000 0.0000
vn 0.0000 0.1736 0.9848
vn 0.0000 0.1736 0.9848
vn -1.0000 -0.0000 0.0000
vn -1.0000 0.0000 0.0000
vn 0.0000 -0.9848 0.1736
vn 0.0000 -0.9848 0.1736
vn -0.0000 1.0000 0.0000
vn 0.0000 1.0000 0.0000
vn 0.0000 0.0000 -1.0000
vn 0.0000 0.0000 -1.0000
vn 1.0000 0.0000 -0.0000
vn 1.0000 0.0000 0.0000
vn 0.0000 0.0000 1.0000
vn 0.0000 0.0000 1.0000
vn -1.0000 0.0000 -0.0000
vn -1.0000 -0.0000 0.0000
vn 0.0000 -1.0000 0.0000
vn 0.0000 -1.0000 0.0000
vn -0.0000 1.0000 0.0000
vn 0.0000 1.0000 0.0000
vn 0.0000 0.0000 -1.0000
vn 0.0000 0.0000 -1.0000
vn 1.0000 0.0000 -0.0000
vn 1.0000 0.0000 0.0000
vn 0.0000 0.0000 1.0000
vn 0.0000 0.0000 1.0000
vn -1.0000 0.0000 -0.0000
vn -1.0000 -0.0000 0.0000
vn 0.0000 -1.0000 0.0000
vn 0.0000 -1.0000 0.0000
vn 0.0000 -1.0000 0.0000
vn -0.0000 -1.0000 0.0000
vn 0.0000 -1.0000 -0.0000
vn 0.0000 -1.0000 -0.0000
vn 0.0000 -1.0000 0.0000
vn 0.0000 -1.0000 0.0000
vn 0.0000 -1.0000 0.0000
vn 0.0000 -1.0000 0.0000
vn 0.8387 -0.4194 0.3474
vn 0.8387 -0.4194 0.3474
vn 0.3474 -0.4194 0.8387
vn 0.3474 -0.4194 0.8387
vn -0.3474 -0.4194 0.8387
vn -0.3474 -0.4194 0.8387
vn -0.8387 -0.4194 0.3474
vn -0.8387 -0.4194 0.3474
vn -0.8387 -0.4194 -0.3474
vn -0.8387 -0.4194 -0.3474
vn -0.3474 -0.4194 -0.8387
vn -0.3474 -0.4194 -0.8387
vn 0.3474 -0.4194 -0.8387
vn 0.3474 -0.4194 -0.8387
vn 0.8387 -0.4194 -0.3474
vn 0.8387 -0.4194 -0.3474
vn 0.9050 0.2011 0.3749
vn 0.9050 0.2011 0.3749
vn 0.3749 0.2011 0.9050
vn 0.3749 0.2011 0.9050
vn -0.3749 0.2011 0.9050
vn -0.3749 0.2011 0.9050
vn -0.9050 0.2011 0.3749
vn -0.9050 0.2011 0.3749
vn -0.9050 0.2011 -0.3749
vn -0.9050 0.2011 -0.3749
vn -0.3749 0.2011 -0.9050
vn -0.3749 0.2011 -0.9050
vn 0.3749 0.2011 -0.9050
vn 0.3749 0.2011 -0.9050
vn 0.9050 0.2011 -0.3749
vn 0.9050 0.2011 -0.3749
vn 0.6284 0.7331 0.2603
vn 0.6284 0.7331 0.2603
vn 0.2603 0.7331 0.6284
vn 0.2603 0.7331 0.6284
vn -0.2603 0.7331 0.6284
vn -0.2603 0.7331 0.6284
vn -0.6284 0.7331 0.2603
vn -0.6284 0.7331 0.2603
vn -0.6284 0.7331 -0.2603
vn -0.6284 0.7331 -0.2603
vn -0.2603 0.7331 -0.6284
vn -0.2603 0.7331 -0.6284
vn 0.2603 0.7331 -0.6284
vn 0.2603 0.7331 -0.6284
vn 0.6284 0.7331 -0.2603
vn 0.6284 0.7331 -0.2603
vn 0.5406 -0.8109 0.2239
vn 0.5406 -0.8109 0.2239
vn 0.2239 -0.8109 0.5406
vn 0.2239 -0.8109 0.5406
vn -0.2239 -0.8109 0.5406
vn -0.2239 -0.8109 0.5406
vn -0.5406 -0.8109 0.2239
vn -0.5406 -0.8109 0.2239
vn -0.5406 -0.8109 -0.2239
vn -0.5406 -0.8109 -0.2239
vn -0.2239 -0.8109 -0.5406
vn -0.2239 -0.8109 -0.5406
vn 0.2239 -0.8109 -0.5406
vn 0.2239 -0.8109 -0.5406
vn 0.5406 -0.8109 -0.2239
vn 0.5406 -0.8109 -0.2239
vn 0.0000 1.0000 0.0000
vn 0.0000 1.0000 0.0000
vn 0.0000 1.0000 -0.0000
vn 0.0000 1.0000 0.0000
vn 0.0000 1.0000 0.0000
vn 0.0000 1.0000 0.0000
vn 0.0000 1.0000 0.0000
vn -0.0000 1.0000 0.0000
vn 0.7071 0.0000 -0.7071
vn 0.7071 0.0000 -0.7071
vn -0.7071 0.0000 -0.7071
vn -0.7071 0.0000 -0.7071
vn -0.7071 0.0000 0.7071
vn -0.7071 0.0000 0.7071
vn 0.7071 0.0000 0.7071
vn 0.7071 -0.0000 0.7071
vn 0.0000 -1.0000 -0.0000
vn 0.0000 -1.0000 0.0000
vn 0.0000 1.0000 0.0000
vn 0.0000 1.0000 0.0000
vn 0.6270 0.6897 0.3620
vn 0.6270 0.6897 0.3620
vn 0.0000 0.6897 0.7240
vn 0.0000 0.6897 0.7240
vn -0.6270 0.6897 0.3620
vn -0.6270 0.6897 0.3620
vn -0.6270 0.6897 -0.3620
vn -0.6270 0.6897 -0.3620
vn -0.0000 0.6897 -0.7240
vn 0.0000 0.6897 -0.7240
vn 0.6270 0.6897 -0.3620
vn 0.6270 0.6897 -0.3620
vn 0.0000 1.0000 0.0000
vn 0.0000 1.0000 0.0000
vn 0.0000 1.0000 -0.0000
vn 0.0000 1.0000 0.0000
vn 0.0000 -1.0000 0.0000
vn 0.0000 -1.0000 0.0000
vn -0.0000 -1.0000 0.0000
vn 0.0000 -1.0000 0.0000
vn 0.8660 0.0000 0.5000
vn 0.8660 0.0000 0.5000
vn 0.0000 0.0000 1.0000
vn 0.0000 0.0000 1.0000
vn -0.8660 0.0000 0.5000
vn -0.8660 0.0000 0.5000
vn -0.8660 0.0000 -0.5000
vn -0.8660 -0.0000 -0.5000
vn 0.0000 0.0000 -1.0000
vn 0.0000 0.0000 -1.0000
vn 0.8660 0.0000 -0.5000
vn 0.8660 0.0000 -0.5000
vn 0.0000 1.0000 0.0000
vn 0.0000 1.0000 0.0000
vn 0.0000 1.0000 -0.0000
vn 0.0000 1.0000 0.0000
vn 0.0000 -1.0000 0.0000
vn 0.0000 -1.0000 0.0000
vn -0.0000 -1.0000 0.0000
vn 0.0000 -1.0000 0.0000
vn 0.8660 0.0000 0.5000
vn 0.8660 0.0000 0.5000
vn 0.0000 0.0000 1.0000
vn 0.0000 0.0000 1.0000
vn -0.8660 0.0000 0.5000
vn -0.8660 0.0000 0.5000
vn -0.8660 0.0000 -0.5000
vn -0.8660 -0.0000 -0.5000
vn 0.0000 0.0000 -1.0000
vn 0.0000 0.0000 -1.0000
vn 0.8660 0.0000 -0.5000
vn 0.8660 0.0000 -0.5000
vn 0.0000 1.0000 0.0000
vn 0.0000 1.0000 0.0000
vn 0.0000 1.0000 -0.0000
vn 0.0000 1.0000 0.0000
vn 0.0000 -1.0000 0.0000
vn 0.0000 -1.0000 0.0000
vn -0.0000 -1.0000 0.0000
vn 0.0000 -1.0000 0.0000
vn 0.7071 0.0000 -0.7071
vn 0.7071 0.0000 -0.7071
vn -0.7071 0.0000 -0.7071
vn -0.7071 0.0000 -0.7071
vn -0.7071 0.0000 0.7071
vn -0.7071 0.0000 0.7071
vn 0.7071 0.0000 0.7071
vn 0.7071 -0.0000 0.7071
vn 0.0000 -1.0000 -0.0000
vn 0.0000 -1.0000 0.0000
vn 0.0000 1.0000 0.0000
vn 0.0000 1.0000 0.0000
vn 0.6270 0.6897 0.3620
vn 0.6270 0.6897 0.3620
vn 0.0000 0.6897 0.7240
vn 0.0000 0.6897 0.7240
vn -0.6270 0.6897 0.3620
vn -0.6270 0.6897 0.3620
vn -0.6270 0.6897 -0.3620
vn -0.6270 0.6897 -0.3620
vn -0.0000 0.6897 -0.7240
vn 0.0000 0.6897 -0.7240
vn 0.6270 0.6897 -0.3620
vn 0.6270 0.6897 -0.3620
vn 0.0000 1.0000 0.0000
vn 0.0000 1.0000 0.0000
vn 0.0000 1.0000 -0.0000
vn 0.0000 1.0000 0.0000
vn 0.0000 -1.0000 0.0000
vn 0.0000 -1.0000 0.0000
vn -0.0000 -1.0000 0.0000
vn 0.0000 -1.0000 0.0000
vn 0.8660 0.0000 0.5000
vn 0.8660 0.0000 0.5000
vn 0.0000 0.0000 1.0000
vn 0.0000 0.0000 1.0000
vn -0.8660 0.0000 0.5000
vn -0.8660 0.0000 0.5000
vn -0.8660 0.0000 -0.5000
vn -0.8660 -0.0000 -0.5000
vn 0.0000 0.0000 -1.0000
vn 0.0000 0.0000 -1.0000
vn 0.8660 0.0000 -0.5000
vn 0.8660 0.0000 -0.5000
vn 0.0000 1.0000 0.0000
vn 0.0000 1.0000 0.0000
vn 0.0000 1.0000 -0.0000
vn 0.0000 1.0000 0.0000
vn 0.0000 -1.0000 0.0000
vn 0.0000 -1.0000 0.0000
vn -0.0000 -1.0000 0.0000
vn 0.0000 -1.0000 0.0000
vn 0.8660 0.0000 0.5000
vn 0.8660 0.0000 0.5000
vn 0.0000 0.0000 1.0000
vn 0.0000 0.0000 1.0000
vn -0.8660 0.0000 0.5000
vn -0.8660 0.0000 0.5000
vn -0.8660 0.0000 -0.5000
vn -0.8660 -0.0000 -0.5000
vn 0.0000 0.0000 -1.0000
vn 0.0000 0.0000 -1.0000
vn 0.8660 0.0000 -0.5000
vn 0.8660 0.0000 -0.5000
vn 0.0000 1.0000 0.0000
vn 0.0000 1.0000 0.0000
vn 0.0000 1.0000 -0.0000
vn 0.0000 1.0000 0.0000
vn 0.0000 -1.0000 0.0000
vn 0.0000 -1.0000 0.0000
vn -0.0000 -1.0000 0.0000
vn 0.0000 -1.0000 0.0000
vn -0.0000 1.0000 0.0000
vn 0.0000 1.0000 0.0000
vn 1.0000 0.0000 -0.0000
vn 1.0000 0.0000 0.0000
vn 0.0000 0.0000 1.0000
vn 0.0000 0.0000 1.0000
vn -1.0000 0.0000 -0.0000
vn -1.0000 -0.0000 0.0000
vn 0.0000 -1.0000 0.0000
vn 0.0000 -1.0000 0.0000
vn -0.0000 1.0000 0.0000
vn 0.0000 1.0000 0.0000
vn 0.0000 0.0000 -1.0000
vn 0.0000 0.0000 -1.0000
vn 1.0000 0.0000 -0.0000
vn 1.0000 0.0000 0.0000
vn 0.0000 0.0000 1.0000
vn 0.0000 0.0000 1.0000
vn -1.0000 0.0000 -0.0000
vn -1.0000 -0.0000 0.0000
vn 0.0000 -1.0000 0.0000
vn 0.0000 -1.0000 0.0000
vn -0.0000 1.0000 0.0000
vn 0.0000 1.0000 0.0000
vn 0.0000 0.0000 -1.0000
vn 0.0000 0.0000 -1.0000
vn 1.0000 0.0000 -0.0000
vn 1.0000 0.0000 0.0000
vn 0.0000 0.0000 1.0000
vn 0.0000 0.0000 1.0000
vn -1.0000 0.0000 -0.0000
vn -1.0000 -0.0000 0.0000
vn 0.0000 -1.0000 0.0000
vn 0.0000 -1.0000 0.0000
vn -0.0000 1.0000 0.0000
vn 0.0000 1.0000 0.0000
vn 0.0000 0.0000 -1.0000
vn 0.0000 0.0000 -1.0000
vn 1.0000 0.0000 -0.0000
vn 1.0000 0.0000 0.0000
vn 0.0000 0.0000 1.0000
vn 0.0000 0.0000 1.0000
vn -1.0000 0.0000 -0.0000
vn -1.0000 -0.0000 0.0000
vn 0.0000 -1.0000 0.0000
vn 0.0000 -1.0000 0.0000
vn -0.0000 1.0000 0.0000
vn 0.0000 1.0000 0.0000
vn 1.0000 0.0000 -0.0000
vn 1.0000 0.0000 0.0000
vn 0.0000 0.0000 1.0000
vn 0.0000 0.0000 1.0000
vn -1.0000 0.0000 -0.0000
vn -1.0000 -0.0000 0.0000
vn 0.0000 -1.0000 0.0000
vn 0.0000 -1.0000 0.0000
vn -0.0000 1.0000 0.0000
vn 0.0000 1.0000 0.0000
vn 0.0000 0.0000 -1.0000
vn 0.0000 0.0000 -1.0000
vn 1.0000 0.0000 -0.0000
vn 1.0000 0.0000 0.0000
vn 0.0000 0.0000 1.0000
vn 0.0000 0.0000 1.0000
vn -1.0000 0.0000 -0.0000
vn -1.0000 -0.0000 0.0000
vn 0.0000 -1.0000 0.0000
vn 0.0000 -1.0000 0.0000
vn -0.0000 1.0000 0.0000
vn 0.0000 1.0000 0.0000
vn 0.0000 0.0000 -1.0000
vn 0.0000 0.0000 -1.0000
vn 1.0000 0.0000 -0.0000
vn 1.0000 0.0000 0.0000
vn 0.0000 0.0000 1.0000
vn 0.0000 0.0000 1.0000
vn -1.0000 0.0000 -0.0000
vn -1.0000 -0.0000 0.0000
vn 0.0000 -1.0000 0.0000
vn 0.0000 -1.0000 0.0000
vn -0.0000 1.0000 0.0000
vn 0.0000 1.0000 0.0000
vn 0.0000 0.0000 -1.0000
vn 0.0000 0.0000 -1.0000
vn 1.0000 0.0000 -0.0000
vn 1.0000 0.0000 0.0000
vn 0.0000 0.0000 1.0000
vn 0.0000 0.0000 1.0000
vn -1.0000 0.0000 -0.0000
vn -1.0000 -0.0000 0.0000
vn 0.0000 -1.0000 0.0000
vn 0.0000 -1.0000 0.0000
vn -0.0000 1.0000 0.0000
vn 0.0000 1.0000 0.0000
vn 0.0000 0.0000 -1.0000
vn 0.0000 0.0000 -1.0000
vn 1.0000 0.0000 -0.0000
vn 1.0000 0.0000 0.0000
vn 0.0000 0.0000 1.0000
vn 0.0000 0.0000 1.0000
vn -1.0000 0.0000 -0.0000
vn -1.0000 -0.0000 0.0000
vn 0.0000 -1.0000 0.0000
vn 0.0000 -1.0000 0.0000
vn -0.0000 1.0000 0.0000
vn 0.0000 1.0000 0.0000
vn 0.0000 0.0000 -1.0000
vn 0.0000 0.0000 -1.0000
vn 1.0000 0.0000 -0.0000
vn 1.0000 0.0000 0.0000
vn 0.0000 0.0000 1.0000
vn 0.0000 0.0000 1.0000
vn -1.0000 0.0000 -0.0000
vn -1.0000 -0.0000 0.0000
vn 0.0000 -1.0000 0.0000
vn 0.0000 -1.0000 0.0000
vn -0.0000 1.0000 0.0000
vn 0.0000 1.0000 0.0000
vn 0.0000 0.0000 -1.0000
vn 0.0000 0.0000 -1.0000
vn 1.0000 0.0000 -0.0000
vn 1.0000 0.0000 0.0000
vn 0.0000 0.0000 1.0000
vn 0.0000 0.0000 1.0000
vn -1.0000 0.0000 -0.0000
vn -1.0000 -0.0000 0.0000
vn 0.0000 -1.0000 0.0000
vn 0.0000 -1.0000 0.0000
vn 0.0000 1.0000 0.0000
vn 0.0000 1.0000 0.0000
vn -0.2419 0.0000 -0.9703
vn -0.2419 -0.0000 -0.9703
vn 0.9703 0.0000 -0.2419
vn 0.9703 0.0000 -0.2419
vn 0.2419 0.0000 0.9703
vn 0.2419 0.0000 0.9703
vn -0.9703 0.0000 0.2419
vn -0.9703 0.0000 0.2419
vn 0.0000 -1.0000 0.0000
vn 0.0000 -1.0000 0.0000
vn 0.0000 1.0000 0.0000
vn 0.0000 1.0000 0.0000
vn -0.2419 0.0000 -0.9703
vn -0.2419 -0.0000 -0.9703
vn 0.9703 0.0000 -0.2419
vn 0.9703 0.0000 -0.2419
vn 0.2419 0.0000 0.9703
vn 0.2419 0.0000 0.9703
vn -0.9703 0.0000 0.2419
vn -0.9703 0.0000 0.2419
vn 0.0000 -1.0000 0.0000
vn 0.0000 -1.0000 0.0000
vn 0.0000 1.0000 0.0000
vn 0.0000 1.0000 0.0000
vn -0.2419 0.0000 -0.9703
vn -0.2419 -0.0000 -0.9703
vn 0.9703 0.0000 -0.2419
vn 0.9703 0.0000 -0.2419
vn 0.2419 0.0000 0.9703
vn 0.2419 0.0000 0.9703
vn -0.9703 0.0000 0.2419
vn -0.9703 0.0000 0.2419
vn 0.0000 -1.0000 0.0000
vn 0.0000 -1.0000 0.0000
vn 0.0000 1.0000 0.0000
vn 0.0000 1.0000 0.0000
vn -0.2419 0.0000 -0.9703
vn -0.2419 -0.0000 -0.9703
vn 0.9703 0.0000 -0.2419
vn 0.9703 0.0000 -0.2419
vn 0.2419 0.0000 0.9703
vn 0.2419 0.0000 0.9703
vn -0.9703 0.0000 0.2419
vn -0.9703 0.0000 0.2419
vn 0.0000 -1.0000 0.0000
vn 0.0000 -1.0000 0.0000
vn 0.0000 1.0000 0.0000
vn 0.0000 1.0000 0.0000
vn -0.2419 0.0000 -0.9703
vn -0.2419 -0.0000 -0.9703
vn 0.9703 0.0000 -0.2419
vn 0.9703 0.0000 -0.2419
vn 0.2419 0.0000 0.9703
vn 0.2419 0.0000 0.9703
vn -0.9703 0.0000 0.2419
vn -0.9703 0.0000 0.2419
vn 0.0000 -1.0000 0.0000
vn 0.0000 -1.0000 0.0000
vn 0.0000 1.0000 0.0000
vn -0.0000 1.0000 0.0000
vn 0.2419 0.0000 -0.9703
vn 0.2419 0.0000 -0.9703
vn 0.9703 0.0000 0.2419
vn 0.9703 0.0000 0.2419
vn -0.2419 0.0000 0.9703
vn -0.2419 0.0000 0.9703
vn -0.9703 0.0000 -0.2419
vn -0.9703 -0.0000 -0.2419
vn -0.0000 -1.0000 0.0000
vn 0.0000 -1.0000 0.0000
vn 0.0000 1.0000 0.0000
vn -0.0000 1.0000 0.0000
vn 0.2419 0.0000 -0.9703
vn 0.2419 0.0000 -0.9703
vn 0.9703 0.0000 0.2419
vn 0.9703 0.0000 0.2419
vn -0.2419 0.0000 0.9703
vn -0.2419 0.0000 0.9703
vn -0.9703 0.0000 -0.2419
vn -0.9703 -0.0000 -0.2419
vn -0.0000 -1.0000 0.0000
vn 0.0000 -1.0000 0.0000
vn 0.0000 1.0000 0.0000
vn -0.0000 1.0000 0.0000
vn 0.2419 0.0000 -0.9703
vn 0.2419 0.0000 -0.9703
vn 0.9703 0.0000 0.2419
vn 0.9703 0.0000 0.2419
vn -0.2419 0.0000 0.9703
vn -0.2419 0.0000 0.9703
vn -0.9703 0.0000 -0.2419
vn -0.9703 -0.0000 -0.2419
vn -0.0000 -1.0000 0.0000
vn 0.0000 -1.0000 0.0000
vn 0.0000 1.0000 0.0000
vn -0.0000 1.0000 0.0000
vn 0.2419 0.0000 -0.9703
vn 0.2419 0.0000 -0.9703
vn 0.9703 0.0000 0.2419
vn 0.9703 0.0000 0.2419
vn -0.2419 0.0000 0.9703
vn -0.2419 0.0000 0.9703
vn -0.9703 0.0000 -0.2419
vn -0.9703 -0.0000 -0.2419
vn -0.0000 -1.0000 0.0000
vn 0.0000 -1.0000 0.0000
vn 0.0000 1.0000 0.0000
vn -0.0000 1.0000 0.0000
vn 0.2419 0.0000 -0.9703
vn 0.2419 0.0000 -0.9703
vn 0.9703 0.0000 0.2419
vn 0.9703 0.0000 0.2419
vn -0.2419 0.0000 0.9703
vn -0.2419 0.0000 0.9703
vn -0.9703 0.0000 -0.2419
vn -0.9703 -0.0000 -0.2419
vn -0.0000 -1.0000 0.0000
vn 0.0000 -1.0000 0.0000
vn -0.0000 1.0000 0.0000
vn 0.0000 1.0000 0.0000
vn 0.0000 0.0000 -1.0000
vn 0.0000 0.0000 -1.0000
vn 1.0000 0.0000 -0.0000
vn 1.0000 0.0000 0.0000
vn 0.0000 0.0000 1.0000
vn 0.0000 0.0000 1.0000
vn -1.0000 0.0000 -0.0000
vn -1.0000 -0.0000 0.0000
vn 0.0000 -1.0000 0.0000
vn 0.0000 -1.0000 0.0000
vn -0.0000 1.0000 0.0000
vn 0.0000 1.0000 0.0000
vn 0.0000 0.0000 -1.0000
vn 0.0000 0.0000 -1.0000
vn 1.0000 0.0000 -0.0000
vn 1.0000 0.0000 0.0000
vn 0.0000 0.0000 1.0000
vn 0.0000 0.0000 1.0000
vn -1.0000 0.0000 -0.0000
vn -1.0000 -0.0000 0.0000
vn 0.0000 -1.0000 0.0000
vn 0.0000 -1.0000 0.0000
vn -0.0000 1.0000 0.0000
vn 0.0000 1.0000 0.0000
vn 0.0000 0.0000 -1.0000
vn 0.0000 0.0000 -1.0000
vn 1.0000 0.0000 -0.0000
vn 1.0000 0.0000 0.0000
vn 0.0000 0.0000 1.0000
vn 0.0000 0.0000 1.0000
vn -1.0000 0.0000 -0.0000
vn -1.0000 -0.0000 0.0000
vn 0.0000 -1.0000 0.0000
vn 0.0000 -1.0000 0.0000
vn -0.0000 1.0000 0.0000
vn 0.0000 1.0000 0.0000
vn 1.0000 0.0000 -0.0000
vn 1.0000 0.0000 0.0000
vn 0.0000 0.0000 1.0000
vn 0.0000 0.0000 1.0000
vn -1.0000 0.0000 -0.0000
vn -1.0000 -0.0000 0.0000
vn 0.0000 -1.0000 0.0000
vn 0.0000 -1.0000 0.0000
vn -0.0000 1.0000 0.0000
vn 0.0000 1.0000 0.0000
vn 0.0000 0.0000 -1.0000
vn 0.0000 0.0000 -1.0000
vn 1.0000 0.0000 -0.0000
vn 1.0000 0.0000 0.0000
vn 0.0000 0.0000 1.0000
vn 0.0000 0.0000 1.0000
vn -1.0000 0.0000 -0.0000
vn -1.0000 -0.0000 0.0000
vn 0.0000 -1.0000 0.0000
vn 0.0000 -1.0000 0.0000
vn -0.0000 1.0000 0.0000
vn 0.0000 1.0000 0.0000
vn 0.0000 0.0000 -1.0000
vn 0.0000 0.0000 -1.0000
vn 1.0000 0.0000 -0.0000
vn 1.0000 0.0000 0.0000
vn 0.0000 0.0000 1.0000
vn 0.0000 0.0000 1.0000
vn -1.0000 0.0000 -0.0000
vn -1.0000 -0.0000 0.0000
vn 0.0000 -1.0000 0.0000
vn 0.0000 -1.0000 0.0000
vn -0.0000 1.0000 0.0000
vn 0.0000 1.0000 0.0000
vn 0.0000 0.0000 -1.0000
vn 0.0000 0.0000 -1.0000
vn 1.0000 0.0000 -0.0000
vn 1.0000 0.0000 0.0000
vn 0.0000 0.0000 1.0000
vn 0.0000 0.0000 1.0000
vn -1.0000 0.0000 -0.0000
vn -1.0000 -0.0000 0.0000
vn 0.0000 -1.0000 0.0000
vn 0.0000 -1.0000 0.0000
vn -0.0000 1.0000 0.0000
vn 0.0000 1.0000 0.0000
vn 0.0000 0.0000 -1.0000
vn 0.0000 0.0000 -1.0000
vn 1.0000 0.0000 -0.0000
vn 1.0000 0.0000 0.0000
vn 0.0000 0.0000 1.0000
vn 0.0000 0.0000 1.0000
vn -1.0000 0.0000 -0.0000
vn -1.0000 -0.0000 0.0000
vn 0.0000 -1.0000 0.0000
vn 0.0000 -1.0000 0.0000
vn -0.0000 1.0000 0.0000
vn 0.0000 1.0000 0.0000
vn 0.0000 0.0000 -1.0000
vn 0.0000 0.0000 -1.0000
vn 1.0000 0.0000 -0.0000
vn 1.0000 0.0000 0.0000
vn 0.0000 0.0000 1.0000
vn 0.0000 0.0000 1.0000
vn -1.0000 0.0000 -0.0000
vn -1.0000 -0.0000 0.0000
vn 0.0000 -1.0000 0.0000
vn 0.0000 -1.0000 0.0000
vn -0.0000 1.0000 0.0000
vn 0.0000 1.0000 0.0000
vn 0.0000 0.0000 -1.0000
vn 0.0000 0.0000 -1.0000
vn 1.0000 0.0000 -0.0000
vn 1.0000 0.0000 0.0000
vn 0.0000 0.0000 1.0000
vn 0.0000 0.0000 1.0000
vn -1.0000 0.0000 -0.0000
vn -1.0000 -0.0000 0.0000
vn 0.0000 -1.0000 0.0000
vn 0.0000 -1.0000 0.0000
vn 0.0000 1.0000 0.0000
vn 0.0000 1.0000 0.0000
vn -0.2419 0.0000 -0.9703
vn -0.2419 -0.0000 -0.9703
vn 0.9703 0.0000 -0.2419
vn 0.9703 0.0000 -0.2419
vn 0.2419 0.0000 0.9703
vn 0.2419 0.0000 0.9703
vn -0.9703 0.0000 0.2419
vn -0.9703 0.0000 0.2419
vn 0.0000 -1.0000 0.0000
vn 0.0000 -1.0000 0.0000
vn 0.0000 1.0000 0.0000
vn 0.0000 1.0000 0.0000
vn -0.2419 0.0000 -0.9703
vn -0.2419 -0.0000 -0.9703
vn 0.9703 0.0000 -0.2419
vn 0.9703 0.0000 -0.2419
vn 0.2419 0.0000 0.9703
vn 0.2419 0.0000 0.9703
vn -0.9703 0.0000 0.2419
vn -0.9703 0.0000 0.2419
vn 0.0000 -1.0000 0.0000
vn 0.0000 -1.0000 0.0000
vn 0.0000 1.0000 0.0000
vn 0.0000 1.0000 0.0000
vn -0.2419 0.0000 -0.9703
vn -0.2419 -0.0000 -0.9703
vn 0.9703 0.0000 -0.2419
vn 0.9703 0.0000 -0.2419
vn 0.2419 0.0000 0.9703
vn 0.2419 0.0000 0.9703
vn -0.9703 0.0000 0.2419
vn -0.9703 0.0000 0.2419
vn 0.0000 -1.0000 0.0000
vn 0.0000 -1.0000 0.0000
vn 0.0000 1.0000 0.0000
vn 0.0000 1.0000 0.0000
vn -0.2419 0.0000 -0.9703
vn -0.2419 -0.0000 -0.9703
vn 0.9703 0.0000 -0.2419
vn 0.9703 0.0000 -0.2419
vn 0.2419 0.0000 0.9703
vn 0.2419 0.0000 0.9703
vn -0.9703 0.0000 0.2419
vn -0.9703 0.0000 0.2419
vn 0.0000 -1.0000 0.0000
vn 0.0000 -1.0000 0.0000
vn 0.0000 1.0000 0.0000
vn 0.0000 1.0000 0.0000
vn -0.2419 0.0000 -0.9703
vn -0.2419 -0.0000 -0.9703
vn 0.9703 0.0000 -0.2419
vn 0.9703 0.0000 -0.2419
vn 0.2419 0.0000 0.9703
vn 0.2419 0.0000 0.9703
vn -0.9703 0.0000 0.2419
vn -0.9703 0.0000 0.2419
vn 0.0000 -1.0000 0.0000
vn 0.0000 -1.0000 0.0000
vn 0.0000 1.0000 0.0000
vn -0.0000 1.0000 0.0000
vn 0.2419 0.0000 -0.9703
vn 0.2419 0.0000 -0.9703
vn 0.9703 0.0000 0.2419
vn 0.9703 0.0000 0.2419
vn -0.2419 0.0000 0.9703
vn -0.2419 0.0000 0.9703
vn -0.9703 0.0000 -0.2419
vn -0.9703 -0.0000 -0.2419
vn -0.0000 -1.0000 0.0000
vn 0.0000 -1.0000 0.0000
vn 0.0000 1.0000 0.0000
vn -0.0000 1.0000 0.0000
vn 0.2419 0.0000 -0.9703
vn 0.2419 0.0000 -0.9703
vn 0.9703 0.0000 0.2419
vn 0.9703 0.0000 0.2419
vn -0.2419 0.0000 0.9703
vn -0.2419 0.0000 0.9703
vn -0.9703 0.0000 -0.2419
vn -0.9703 -0.0000 -0.2419
vn -0.0000 -1.0000 0.0000
vn 0.0000 -1.0000 0.0000
vn 0.0000 1.0000 0.0000
vn -0.0000 1.0000 0.0000
vn 0.2419 0.0000 -0.9703
vn 0.2419 0.0000 -0.9703
vn 0.9703 0.0000 0.2419
vn 0.9703 0.0000 0.2419
vn -0.2419 0.0000 0.9703
vn -0.2419 0.0000 0.9703
vn -0.9703 0.0000 -0.2419
vn -0.9703 -0.0000 -0.2419
vn -0.0000 -1.0000 0.0000
vn 0.0000 -1.0000 0.0000
vn 0.0000 1.0000 0.0000
vn -0.0000 1.0000 0.0000
vn 0.2419 0.0000 -0.9703
vn 0.2419 0.0000 -0.9703
vn 0.9703 0.0000 0.2419
vn 0.9703 0.0000 0.2419
vn -0.2419 0.0000 0.9703
vn -0.2419 0.0000 0.9703
vn -0.9703 0.0000 -0.2419
vn -0.9703 -0.0000 -0.2419
vn -0.0000 -1.0000 0.0000
vn 0.0000 -1.0000 0.0000
vn 0.0000 1.0000 0.0000
vn -0.0000 1.0000 0.0000
vn 0.2419 0.0000 -0.9703
vn 0.2419 0.0000 -0.9703
vn 0.9703 0.0000 0.2419
vn 0.9703 0.0000 0.2419
vn -0.2419 0.0000 0.9703
vn -0.2419 0.0000 0.9703
vn -0.9703 0.0000 -0.2419
vn -0.9703 -0.0000 -0.2419
vn -0.0000 -1.0000 0.0000
vn 0.0000 -1.0000 0.0000
vn -0.0000 1.0000 0.0000
vn 0.0000 1.0000 0.0000
vn 0.0000 0.0000 -1.0000
vn 0.0000 0.0000 -1.0000
vn 1.0000 0.0000 -0.0000
vn 1.0000 0.0000 0.0000
vn 0.0000 0.0000 1.0000
vn 0.0000 0.0000 1.0000
vn -1.0000 0.0000 -0.0000
vn -1.0000 -0.0000 0.0000
vn 0.0000 -1.0000 0.0000
vn 0.0000 -1.0000 0.0000
vn -0.0000 1.0000 0.0000
vn 0.0000 1.0000 0.0000
vn 0.0000 0.0000 -1.0000
vn 0.0000 0.0000 -1.0000
vn 1.0000 0.0000 -0.0000
vn 1.0000 0.0000 0.0000
vn 0.0000 0.0000 1.0000
vn 0.0000 0.0000 1.0000
vn -1.0000 0.0000 -0.0000
vn -1.0000 -0.0000 0.0000
vn 0.0000 -1.0000 0.0000
vn 0.0000 -1.0000 0.0000
vn -0.0000 1.0000 0.0000
vn 0.0000 1.0000 0.0000
vn 0.0000 0.0000 -1.0000
vn 0.0000 0.0000 -1.0000
vn 1.0000 0.0000 -0.0000
vn 1.0000 0.0000 0.0000
vn 0.0000 0.0000 1.0000
vn 0.0000 0.0000 1.0000
vn -1.0000 0.0000 -0.0000
vn -1.0000 -0.0000 0.0000
vn 0.0000 -1.0000 0.0000
vn 0.0000 -1.0000 0.0000
vn 0.0000 1.0000 0.0000
vn 0.0000 1.0000 0.0000
vn 0.0000 0.0000 1.0000
vn 0.0000 0.0000 1.0000
vn -1.0000 0.0000 -0.0000
vn -1.0000 -0.0000 0.0000
vn 0.0000 0.0000 -1.0000
vn 0.0000 0.0000 -1.0000
vn -0.0000 -1.0000 0.0000
vn 0.0000 -1.0000 -0.0000
vn 0.0000 1.0000 0.0000
vn 0.0000 1.0000 0.0000
vn 1.0000 0.0000 -0.0000
vn 1.0000 0.0000 0.0000
vn 0.0000 0.0000 1.0000
vn 0.0000 0.0000 1.0000
vn -1.0000 0.0000 -0.0000
vn -1.0000 -0.0000 0.0000
vn 0.0000 0.0000 -1.0000
vn 0.0000 0.0000 -1.0000
vn -0.0000 -1.0000 0.0000
vn 0.0000 -1.0000 -0.0000
vn 0.0000 1.0000 0.0000
vn 0.0000 1.0000 0.0000
vn 1.0000 0.0000 -0.0000
vn 1.0000 0.0000 0.0000
vn 0.0000 0.0000 1.0000
vn 0.0000 0.0000 1.0000
vn -1.0000 0.0000 -0.0000
vn -1.0000 -0.0000 0.0000
vn 0.0000 0.0000 -1.0000
vn 0.0000 0.0000 -1.0000
vn -0.0000 -1.0000 0.0000
vn 0.0000 -1.0000 -0.0000
vn 0.0000 1.0000 0.0000
vn 0.0000 1.0000 0.0000
vn 1.0000 0.0000 -0.0000
vn 1.0000 0.0000 0.0000
vn 0.0000 0.0000 1.0000
vn 0.0000 0.0000 1.0000
vn -1.0000 0.0000 -0.0000
vn -1.0000 -0.0000 0.0000
vn 0.0000 0.0000 -1.0000
vn 0.0000 0.0000 -1.0000
vn -0.0000 -1.0000 0.0000
vn 0.0000 -1.0000 -0.0000
vn 0.0000 1.0000 0.0000
vn 0.0000 1.0000 0.0000
vn 1.0000 0.0000 -0.0000
vn 1.0000 0.0000 0.0000
vn 0.0000 0.0000 1.0000
vn 0.0000 0.0000 1.0000
vn -1.0000 0.0000 -0.0000
vn -1.0000 -0.0000 0.0000
vn 0.0000 0.0000 -1.0000
vn 0.0000 0.0000 -1.0000
vn -0.0000 -1.0000 0.0000
vn 0.0000 -1.0000 -0.0000
vn 0.0000 1.0000 0.0000
vn 0.0000 1.0000 0.0000
vn 1.0000 0.0000 -0.0000
vn 1.0000 0.0000 0.0000
vn 0.0000 0.0000 1.0000
vn 0.0000 0.0000 1.0000
vn -1.0000 0.0000 -0.0000
vn -1.0000 -0.0000 0.0000
vn 0.0000 0.0000 -1.0000
vn 0.0000 0.0000 -1.0000
vn -0.0000 -1.0000 0.0000
vn 0.0000 -1.0000 -0.0000
vn 0.0000 1.0000 0.0000
vn 0.0000 1.0000 0.0000
vn 1.0000 0.0000 -0.0000
vn 1.0000 0.0000 0.0000
vn 0.0000 0.0000 1.0000
vn 0.0000 0.0000 1.0000
vn -1.0000 0.0000 -0.0000
vn -1.0000 -0.0000 0.0000
vn 0.0000 0.0000 -1.0000
vn 0.0000 0.0000 -1.0000
vn -0.0000 -1.0000 0.0000
vn 0.0000 -1.0000 -0.0000
vn 0.0000 1.0000 0.0000
vn 0.0000 1.0000 0.0000
vn 0.0000 0.0000 1.0000
vn 0.0000 0.0000 1.0000
vn -1.0000 0.0000 -0.0000
vn -1.0000 -0.0000 0.0000
vn 0.0000 0.0000 -1.0000
vn 0.0000 0.0000 -1.0000
vn -0.0000 -1.0000 0.0000
vn 0.0000 -1.0000 -0.0000
vn 0.0000 1.0000 0.0000
vn 0.0000 1.0000 0.0000
vn 0.0000 0.0000 1.0000
vn 0.0000 0.0000 1.0000
vn -1.0000 0.0000 -0.0000
vn -1.0000 -0.0000 0.0000
vn 0.0000 0.0000 -1.0000
vn 0.0000 0.0000 -1.0000
vn -0.0000 -1.0000 0.0000
vn 0.0000 -1.0000 -0.0000
vn 0.0000 1.0000 0.0000
vn 0.0000 1.0000 0.0000
vn 0.0000 0.0000 1.0000
vn 0.0000 0.0000 1.0000
vn -1.0000 0.0000 -0.0000
vn -1.0000 -0.0000 0.0000
vn 0.0000 0.0000 -1.0000
vn 0.0000 0.0000 -1.0000
vn -0.0000 -1.0000 0.0000
vn 0.0000 -1.0000 -0.0000
vn 0.0000 1.0000 0.0000
vn 0.0000 1.0000 0.0000
vn 1.0000 0.0000 -0.0000
vn 1.0000 0.0000 0.0000
vn 0.0000 0.0000 1.0000
vn 0.0000 0.0000 1.0000
vn -1.0000 0.0000 -0.0000
vn -1.0000 -0.0000 0.0000
vn 0.0000 0.0000 -1.0000
vn 0.0000 0.0000 -1.0000
vn -0.0000 -1.0000 0.0000
vn 0.0000 -1.0000 -0.0000
vn 0.0000 1.0000 0.0000
vn 0.0000 1.0000 0.0000
vn 1.0000 0.0000 -0.0000
vn 1.0000 0.0000 0.0000
vn 0.0000 0.0000 1.0000
vn 0.0000 0.0000 1.0000
vn -1.0000 0.0000 -0.0000
vn -1.0000 -0.0000 0.0000
vn 0.0000 0.0000 -1.0000
vn 0.0000 0.0000 -1.0000
vn -0.0000 -1.0000 0.0000
vn 0.0000 -1.0000 -0.0000
vn 0.0000 1.0000 0.0000
vn 0.0000 1.0000 0.0000
vn 1.0000 0.0000 -0.0000
vn 1.0000 0.0000 0.0000
vn 0.0000 0.0000 1.0000
vn 0.0000 0.0000 1.0000
vn -1.0000 0.0000 -0.0000
vn -1.0000 -0.0000 0.0000
vn 0.0000 0.0000 -1.0000
vn 0.0000 0.0000 -1.0000
vn -0.0000 -1.0000 0.0000
vn 0.0000 -1.0000 -0.0000
vn 0.0000 1.0000 0.0000
vn 0.0000 1.0000 0.0000
vn 1.0000 0.0000 -0.0000
vn 1.0000 0.0000 0.0000
vn 0.0000 0.0000 1.0000
vn 0.0000 0.0000 1.0000
vn -1.0000 0.0000 -0.0000
vn -1.0000 -0.0000 0.0000
vn 0.0000 0.0000 -1.0000
vn 0.0000 0.0000 -1.0000
vn -0.0000 -1.0000 0.0000
vn 0.0000 -1.0000 -0.0000
vn 0.0000 1.0000 0.0000
vn 0.0000 1.0000 0.0000
vn 1.0000 0.0000 -0.0000
vn 1.0000 0.0000 0.0000
vn 0.0000 0.0000 1.0000
vn 0.0000 0.0000 1.0000
vn -1.0000 0.0000 -0.0000
vn -1.0000 -0.0000 0.0000
vn 0.0000 0.0000 -1.0000
vn 0.0000 0.0000 -1.0000
vn -0.0000 -1.0000 0.0000
vn 0.0000 -1.0000 -0.0000
vn 0.0000 1.0000 0.0000
vn 0.0000 1.0000 0.0000
vn 1.0000 0.0000 -0.0000
vn 1.0000 0.0000 0.0000
vn 0.0000 0.0000 1.0000
vn 0.0000 0.0000 1.0000
vn -1.0000 0.0000 -0.0000
vn -1.0000 -0.0000 0.0000
vn 0.0000 0.0000 -1.0000
vn 0.0000 0.0000 -1.0000
vn -0.0000 -1.0000 0.0000
vn 0.0000 -1.0000 -0.0000
vn 0.0000 1.0000 0.0000
vn 0.0000 1.0000 0.0000
vn 0.0000 0.0000 1.0000
vn 0.0000 0.0000 1.0000
vn -1.0000 0.0000 -0.0000
vn -1.0000 -0.0000 0.0000
vn 0.0000 0.0000 -1.0000
vn 0.0000 0.0000 -1.0000
vn -0.0000 -1.0000 0.0000
vn 0.0000 -1.0000 -0.0000
vn 0.0000 1.0000 0.0000
vn 0.0000 1.0000 0.0000
vn 0.0000 0.0000 1.0000
vn 0.0000 0.0000 1.0000
vn -1.0000 0.0000 -0.0000
vn -1.0000 -0.0000 0.0000
vn 0.0000 0.0000 -1.0000
vn 0.0000 0.0000 -1.0000
vn -0.0000 -1.0000 0.0000
vn 0.0000 -1.0000 -0.0000
vn -0.0000 1.0000 0.0000
vn 0.0000 1.0000 0.0000
vn 0.0000 0.0000 -1.0000
vn 0.0000 0.0000 -1.0000
vn 1.0000 0.0000 -0.0000
vn 1.0000 0.0000 0.0000
vn 0.0000 0.0000 1.0000
vn 0.0000 0.0000 1.0000
vn -1.0000 0.0000 -0.0000
vn -1.0000 -0.0000 0.0000
vn 0.0000 -1.0000 0.0000
vn 0.0000 -1.0000 0.0000
vn 0.0000 1.0000 0.0000
vn 0.0000 1.0000 -0.0000
vn -0.0000 0.0000 1.0000
vn -0.0000 0.0000 1.0000
vn -1.0000 0.0000 -0.0000
vn -1.0000 -0.0000 0.0000
vn 0.0000 0.0000 -1.0000
vn 0.0000 0.0000 -1.0000
vn 1.0000 0.0000 -0.0000
vn 1.0000 0.0000 0.0000
vn 0.0000 -1.0000 0.0000
vn 0.0000 -1.0000 0.0000
vn 0.0000 1.0000 0.0000
vn 0.0000 1.0000 -0.0000
vn -0.0000 0.0000 1.0000
vn -0.0000 0.0000 1.0000
vn -1.0000 0.0000 -0.0000
vn -1.0000 -0.0000 0.0000
vn 0.0000 0.0000 -1.0000
vn 0.0000 0.0000 -1.0000
vn 1.0000 0.0000 -0.0000
vn 1.0000 0.0000 0.0000
vn 0.0000 -1.0000 0.0000
vn 0.0000 -1.0000 0.0000
vn 0.0000 1.0000 0.0000
vn 0.0000 1.0000 -0.0000
vn -0.0000 0.0000 1.0000
vn -0.0000 0.0000 1.0000
vn -1.0000 0.0000 -0.0000
vn -1.0000 -0.0000 0.0000
vn 0.0000 0.0000 -1.0000
vn 0.0000 0.0000 -1.0000
vn 1.0000 0.0000 -0.0000
vn 1.0000 0.0000 0.0000
vn 0.0000 -1.0000 0.0000
vn 0.0000 -1.0000 0.0000
vn 0.0000 1.0000 0.0000
vn 0.0000 1.0000 -0.0000
vn -0.0000 0.0000 1.0000
vn -0.0000 0.0000 1.0000
vn -1.0000 0.0000 -0.0000
vn -1.0000 -0.0000 0.0000
vn 0.0000 0.0000 -1.0000
vn 0.0000 0.0000 -1.0000
vn 1.0000 0.0000 -0.0000
vn 1.0000 0.0000 0.0000
vn 0.0000 -1.0000 0.0000
vn 0.0000 -1.0000 0.0000
vn 0.0000 1.0000 0.0000
vn 0.0000 1.0000 0.0000
vn -1.0000 0.0000 -0.0000
vn -1.0000 -0.0000 0.0000
vn 0.0000 0.0000 -1.0000
vn 0.0000 0.0000 -1.0000
vn 1.0000 0.0000 -0.0000
vn 1.0000 0.0000 0.0000
vn 0.0000 0.0000 1.0000
vn 0.0000 0.0000 1.0000
vn 0.0000 -1.0000 0.0000
vn 0.0000 -1.0000 0.0000
vn 0.0000 1.0000 0.0000
vn 0.0000 1.0000 0.0000
vn -1.0000 0.0000 -0.0000
vn -1.0000 -0.0000 0.0000
vn 0.0000 0.0000 -1.0000
vn 0.0000 0.0000 -1.0000
vn 1.0000 0.0000 -0.0000
vn 1.0000 0.0000 0.0000
vn 0.0000 0.0000 1.0000
vn 0.0000 0.0000 1.0000
vn 0.0000 -1.0000 0.0000
vn 0.0000 -1.0000 0.0000
vn 0.0000 1.0000 0.0000
vn 0.0000 1.0000 0.0000
vn -1.0000 0.0000 -0.0000
vn -1.0000 -0.0000 0.0000
vn 0.0000 0.0000 -1.0000
vn 0.0000 0.0000 -1.0000
vn 1.0000 0.0000 -0.0000
vn 1.0000 0.0000 0.0000
vn 0.0000 0.0000 1.0000
vn 0.0000 0.0000 1.0000
vn 0.0000 -1.0000 0.0000
vn 0.0000 -1.0000 0.0000
vn 0.0000 1.0000 0.0000
vn 0.0000 1.0000 0.0000
vn -1.0000 0.0000 -0.0000
vn -1.0000 -0.0000 0.0000
vn 0.0000 0.0000 -1.0000
vn 0.0000 0.0000 -1.0000
vn 1.0000 0.0000 -0.0000
vn 1.0000 0.0000 0.0000
vn 0.0000 0.0000 1.0000
vn 0.0000 0.0000 1.0000
vn 0.0000 -1.0000 0.0000
vn 0.0000 -1.0000 0.0000
vn 0.0000 1.0000 0.0000
vn 0.0000 1.0000 0.0000
vn -1.0000 0.0000 -0.0000
vn -1.0000 -0.0000 0.0000
vn 0.0000 0.0000 -1.0000
vn 0.0000 0.0000 -1.0000
vn 1.0000 0.0000 -0.0000
vn 1.0000 0.0000 0.0000
vn 0.0000 0.0000 1.0000
vn 0.0000 0.0000 1.0000
vn 0.0000 -1.0000 0.0000
vn 0.0000 -1.0000 0.0000
vn 0.0000 1.0000 0.0000
vn 0.0000 1.0000 0.0000
vn -1.0000 0.0000 -0.0000
vn -1.0000 -0.0000 0.0000
vn 0.0000 0.0000 -1.0000
vn 0.0000 0.0000 -1.0000
vn 1.0000 0.0000 -0.0000
vn 1.0000 0.0000 0.0000
vn 0.0000 0.0000 1.0000
vn 0.0000 0.0000 1.0000
vn 0.0000 -1.0000 0.0000
vn 0.0000 -1.0000 0.0000
vn 0.0000 1.0000 0.0000
vn 0.0000 1.0000 -0.0000
vn -0.0000 0.0000 1.0000
vn -0.0000 0.0000 1.0000
vn -1.0000 0.0000 -0.0000
vn -1.0000 -0.0000 0.0000
vn 0.0000 0.0000 -1.0000
vn 0.0000 0.0000 -1.0000
vn 1.0000 0.0000 -0.0000
vn 1.0000 0.0000 0.0000
vn 0.0000 -1.0000 0.0000
vn 0.0000 -1.0000 0.0000
vn 0.0000 1.0000 0.0000
vn 0.0000 1.0000 -0.0000
vn -0.0000 0.0000 1.0000
vn -0.0000 0.0000 1.0000
vn -1.0000 0.0000 -0.0000
vn -1.0000 -0.0000 0.0000
vn 0.0000 0.0000 -1.0000
vn 0.0000 0.0000 -1.0000
vn 1.0000 0.0000 -0.0000
vn 1.0000 0.0000 0.0000
vn 0.0000 -1.0000 0.0000
vn 0.0000 -1.0000 0.0000
vn 0.0000 1.0000 0.0000
vn 0.0000 1.0000 -0.0000
vn -0.0000 0.0000 1.0000
vn -0.0000 0.0000 1.0000
vn -1.0000 0.0000 -0.0000
vn -1.0000 -0.0000 0.0000
vn 0.0000 0.0000 -1.0000
vn 0.0000 0.0000 -1.0000
vn 1.0000 0.0000 -0.0000
vn 1.0000 0.0000 0.0000
vn 0.0000 -1.0000 0.0000
vn 0.0000 -1.0000 0.0000
vn 0.0000 1.0000 0.0000
vn 0.0000 1.0000 -0.0000
vn -0.0000 0.0000 1.0000
vn -0.0000 0.0000 1.0000
vn -1.0000 0.0000 -0.0000
vn -1.0000 -0.0000 0.0000
vn 0.0000 0.0000 -1.0000
vn 0.0000 0.0000 -1.0000
vn 1.0000 0.0000 -0.0000
vn 1.0000 0.0000 0.0000
vn 0.0000 -1.0000 0.0000
vn 0.0000 -1.0000 0.0000
vn 0.0000 1.0000 0.0000
vn 0.0000 1.0000 0.0000
vn -1.0000 0.0000 -0.0000
vn -1.0000 -0.0000 0.0000
vn 0.0000 0.0000 -1.0000
vn 0.0000 0.0000 -1.0000
vn 1.0000 0.0000 -0.0000
vn 1.0000 0.0000 0.0000
vn 0.0000 0.0000 1.0000
vn 0.0000 0.0000 1.0000
vn 0.0000 -1.0000 0.0000
vn 0.0000 -1.0000 0.0000
vn 0.0000 1.0000 0.0000
vn 0.0000 1.0000 0.0000
vn -1.0000 0.0000 -0.0000
vn -1.0000 -0.0000 0.0000
vn 0.0000 0.0000 -1.0000
vn 0.0000 0.0000 -1.0000
vn 1.0000 0.0000 -0.0000
vn 1.0000 0.0000 0.0000
vn 0.0000 0.0000 1.0000
vn 0.0000 0.0000 1.0000
vn 0.0000 -1.0000 0.0000
vn 0.0000 -1.0000 0.0000
vn 0.0000 1.0000 0.0000
vn 0.0000 1.0000 0.0000
vn -1.0000 0.0000 -0.0000
vn -1.0000 -0.0000 0.0000
vn 0.0000 0.0000 -1.0000
vn 0.0000 0.0000 -1.0000
vn 1.0000 0.0000 -0.0000
vn 1.0000 0.0000 0.0000
vn 0.0000 0.0000 1.0000
vn 0.0000 0.0000 1.0000
vn 0.0000 -1.0000 0.0000
vn 0.0000 -1.0000 0.0000
vn 0.0000 1.0000 0.0000
vn 0.0000 1.0000 0.0000
vn -1.0000 0.0000 -0.0000
vn -1.0000 -0.0000 0.0000
vn 0.0000 0.0000 -1.0000
vn 0.0000 0.0000 -1.0000
vn 1.0000 0.0000 -0.0000
vn 1.0000 0.0000 0.0000
vn 0.0000 0.0000 1.0000
vn 0.0000 0.0000 1.0000
vn 0.0000 -1.0000 0.0000
vn 0.0000 -1.0000 0.0000
vn 0.0000 1.0000 0.0000
vn 0.0000 1.0000 0.0000
vn -1.0000 0.0000 -0.0000
vn -1.0000 -0.0000 0.0000
vn 0.0000 0.0000 -1.0000
vn 0.0000 0.0000 -1.0000
vn 1.0000 0.0000 -0.0000
vn 1.0000 0.0000 0.0000
vn 0.0000 0.0000 1.0000
vn 0.0000 0.0000 1.0000
vn 0.0000 -1.0000 0.0000
vn 0.0000 -1.0000 0.0000
vn 0.0000 1.0000 0.0000
vn 0.0000 1.0000 0.0000
vn -1.0000 0.0000 -0.0000
vn -1.0000 -0.0000 0.0000
vn 0.0000 0.0000 -1.0000
vn 0.0000 0.0000 -1.0000
vn 1.0000 0.0000 -0.0000
vn 1.0000 0.0000 0.0000
vn 0.0000 0.0000 1.0000
vn 0.0000 0.0000 1.0000
vn 0.0000 -1.0000 0.0000
vn 0.0000 -1.0000 0.0000
vn 0.0000 1.0000 0.0000
vn 0.0000 1.0000 -0.0000
vn -0.0000 0.0000 1.0000
vn -0.0000 0.0000 1.0000
vn -1.0000 0.0000 -0.0000
vn -1.0000 -0.0000 0.0000
vn 0.0000 0.0000 -1.0000
vn 0.0000 0.0000 -1.0000
vn 1.0000 0.0000 -0.0000
vn 1.0000 0.0000 0.0000
vn 0.0000 -1.0000 0.0000
vn 0.0000 -1.0000 0.0000
vn 0.0000 1.0000 0.0000
vn 0.0000 1.0000 -0.0000
vn -0.0000 0.0000 1.0000
vn -0.0000 0.0000 1.0000
vn -1.0000 0.0000 -0.0000
vn -1.0000 -0.0000 0.0000
vn 0.0000 0.0000 -1.0000
vn 0.0000 0.0000 -1.0000
vn 1.0000 0.0000 -0.0000
vn 1.0000 0.0000 0.0000
vn 0.0000 -1.0000 0.0000
vn 0.0000 -1.0000 0.0000
vn 0.0000 1.0000 0.0000
vn 0.0000 1.0000 -0.0000
vn -0.0000 0.0000 1.0000
vn -0.0000 0.0000 1.0000
vn -1.0000 0.0000 -0.0000
vn -1.0000 -0.0000 0.0000
vn 0.0000 0.0000 -1.0000
vn 0.0000 0.0000 -1.0000
vn 1.0000 0.0000 -0.0000
vn 1.0000 0.0000 0.0000
vn 0.0000 -1.0000 0.0000
vn 0.0000 -1.0000 0.0000
vn 0.0000 1.0000 0.0000
vn 0.0000 1.0000 -0.0000
vn -0.0000 0.0000 1.0000
vn -0.0000 0.0000 1.0000
vn -1.0000 0.0000 -0.0000
vn -1.0000 -0.0000 0.0000
vn 0.0000 0.0000 -1.0000
vn 0.0000 0.0000 -1.0000
vn 1.0000 0.0000 -0.0000
vn 1.0000 0.0000 0.0000
vn 0.0000 -1.0000 0.0000
vn 0.0000 -1.0000 0.0000
vn 0.0000 1.0000 0.0000
vn 0.0000 1.0000 0.0000
vn -1.0000 0.0000 -0.0000
vn -1.0000 -0.0000 0.0000
vn 0.0000 0.0000 -1.0000
vn 0.0000 0.0000 -1.0000
vn 1.0000 0.0000 -0.0000
vn 1.0000 0.0000 0.0000
vn 0.0000 0.0000 1.0000
vn 0.0000 0.0000 1.0000
vn 0.0000 -1.0000 0.0000
vn 0.0000 -1.0000 0.0000
vn 0.0000 1.0000 0.0000
vn 0.0000 1.0000 0.0000
vn -1.0000 0.0000 -0.0000
vn -1.0000 -0.0000 0.0000
vn 0.0000 0.0000 -1.0000
vn 0.0000 0.0000 -1.0000
vn 1.0000 0.0000 -0.0000
vn 1.0000 0.0000 0.0000
vn 0.0000 0.0000 1.0000
vn 0.0000 0.0000 1.0000
vn 0.0000 -1.0000 0.0000
vn 0.0000 -1.0000 0.0000
vn 0.0000 1.0000 0.0000
vn 0.0000 1.0000 0.0000
vn -1.0000 0.0000 -0.0000
vn -1.0000 -0.0000 0.0000
vn 0.0000 0.0000 -1.0000
vn 0.0000 0.0000 -1.0000
vn 1.0000 0.0000 -0.0000
vn 1.0000 0.0000 0.0000
vn 0.0000 0.0000 1.0000
vn 0.0000 0.0000 1.0000
vn 0.0000 -1.0000 0.0000
vn 0.0000 -1.0000 0.0000
vn 0.0000 1.0000 0.0000
vn 0.0000 1.0000 0.0000
vn -1.0000 0.0000 -0.0000
vn -1.0000 -0.0000 0.0000
vn 0.0000 0.0000 -1.0000
vn 0.0000 0.0000 -1.0000
vn 1.0000 0.0000 -0.0000
vn 1.0000 0.0000 0.0000
vn 0.0000 0.0000 1.0000
vn 0.0000 0.0000 1.0000
vn 0.0000 -1.0000 0.0000
vn 0.0000 -1.0000 0.0000
vn 0.0000 1.0000 0.0000
vn 0.0000 1.0000 0.0000
vn -1.0000 0.0000 -0.0000
vn -1.0000 -0.0000 0.0000
vn 0.0000 0.0000 -1.0000
vn 0.0000 0.0000 -1.0000
vn 1.0000 0.0000 -0.0000
vn 1.0000 0.0000 0.0000
vn 0.0000 0.0000 1.0000
vn 0.0000 0.0000 1.0000
vn 0.0000 -1.0000 0.0000
vn 0.0000 -1.0000 0.0000
vn 0.0000 1.0000 0.0000
vn 0.0000 1.0000 0.0000
vn -1.0000 0.0000 -0.0000
vn -1.0000 -0.0000 0.0000
vn 0.0000 0.0000 -1.0000
vn 0.0000 0.0000 -1.0000
vn 1.0000 0.0000 -0.0000
vn 1.0000 0.0000 0.0000
vn 0.0000 0.0000 1.0000
vn 0.0000 0.0000 1.0000
vn 0.0000 -1.0000 0.0000
vn 0.0000 -1.0000 0.0000
vn 0.0000 1.0000 0.0000
vn 0.0000 1.0000 -0.0000
vn -0.0000 0.0000 1.0000
vn -0.0000 0.0000 1.0000
vn -1.0000 0.0000 -0.0000
vn -1.0000 -0.0000 0.0000
vn 0.0000 0.0000 -1.0000
vn 0.0000 0.0000 -1.0000
vn 1.0000 0.0000 -0.0000
vn 1.0000 0.0000 0.0000
vn 0.0000 -1.0000 0.0000
vn 0.0000 -1.0000 0.0000
vn 0.0000 1.0000 0.0000
vn 0.0000 1.0000 -0.0000
vn -0.0000 0.0000 1.0000
vn -0.0000 0.0000 1.0000
vn -1.0000 0.0000 -0.0000
vn -1.0000 -0.0000 0.0000
vn 0.0000 0.0000 -1.0000
vn 0.0000 0.0000 -1.0000
vn 1.0000 0.0000 -0.0000
vn 1.0000 0.0000 0.0000
vn 0.0000 -1.0000 0.0000
vn 0.0000 -1.0000 0.0000
vn 0.0000 1.0000 0.0000
vn 0.0000 1.0000 -0.0000
vn -0.0000 0.0000 1.0000
vn -0.0000 0.0000 1.0000
vn -1.0000 0.0000 -0.0000
vn -1.0000 -0.0000 0.0000
vn 0.0000 0.0000 -1.0000
vn 0.0000 0.0000 -1.0000
vn 1.0000 0.0000 -0.0000
vn 1.0000 0.0000 0.0000
vn 0.0000 -1.0000 0.0000
vn 0.0000 -1.0000 0.0000
vn 0.0000 1.0000 0.0000
vn 0.0000 1.0000 -0.0000
vn -0.0000 0.0000 1.0000
vn -0.0000 0.0000 1.0000
vn -1.0000 0.0000 -0.0000
vn -1.0000 -0.0000 0.0000
vn 0.0000 0.0000 -1.0000
vn 0.0000 0.0000 -1.0000
vn 1.0000 0.0000 -0.0000
vn 1.0000 0.0000 0.0000
vn 0.0000 -1.0000 0.0000
vn 0.0000 -1.0000 0.0000
vn 0.0000 1.0000 0.0000
vn 0.0000 1.0000 0.0000
vn -1.0000 0.0000 -0.0000
vn -1.0000 -0.0000 0.0000
vn 0.0000 0.0000 -1.0000
vn 0.0000 0.0000 -1.0000
vn 1.0000 0.0000 -0.0000
vn 1.0000 0.0000 0.0000
vn 0.0000 0.0000 1.0000
vn 0.0000 0.0000 1.0000
vn 0.0000 -1.0000 0.0000
vn 0.0000 -1.0000 0.0000
vn 0.0000 1.0000 0.0000
vn 0.0000 1.0000 0.0000
vn -1.0000 0.0000 -0.0000
vn -1.0000 -0.0000 0.0000
vn 0.0000 0.0000 -1.0000
vn 0.0000 0.0000 -1.0000
vn 1.0000 0.0000 -0.0000
vn 1.0000 0.0000 0.0000
vn 0.0000 0.0000 1.0000
vn 0.0000 0.0000 1.0000
vn 0.0000 -1.0000 0.0000
vn 0.0000 -1.0000 0.0000
vn 0.0000 1.0000 0.0000
vn 0.0000 1.0000 0.0000
vn -1.0000 0.0000 -0.0000
vn -1.0000 -0.0000 0.0000
vn 0.0000 0.0000 -1.0000
vn 0.0000 0.0000 -1.0000
vn 1.0000 0.0000 -0.0000
vn 1.0000 0.0000 0.0000
vn 0.0000 0.0000 1.0000
vn 0.0000 0.0000 1.0000
vn 0.0000 -1.0000 0.0000
vn 0.0000 -1.0000 0.0000
vn 0.0000 1.0000 0.0000
vn 0.0000 1.0000 0.0000
vn -1.0000 0.0000 -0.0000
vn -1.0000 -0.0000 0.0000
vn 0.0000 0.0000 -1.0000
vn 0.0000 0.0000 -1.0000
vn 1.0000 0.0000 -0.0000
vn 1.0000 0.0000 0.0000
vn 0.0000 0.0000 1.0000
vn 0.0000 0.0000 1.0000
vn 0.0000 -1.0000 0.0000
vn 0.0000 -1.0000 0.0000
vn 0.0000 1.0000 0.0000
vn 0.0000 1.0000 0.0000
vn -1.0000 0.0000 -0.0000
vn -1.0000 -0.0000 0.0000
vn 0.0000 0.0000 -1.0000
vn 0.0000 0.0000 -1.0000
vn 1.0000 0.0000 -0.0000
vn 1.0000 0.0000 0.0000
vn 0.0000 0.0000 1.0000
vn 0.0000 0.0000 1.0000
vn 0.0000 -1.0000 0.0000
vn 0.0000 -1.0000 0.0000
vn 0.0000 1.0000 0.0000
vn 0.0000 1.0000 0.0000
vn -1.0000 0.0000 -0.0000
vn -1.0000 -0.0000 0.0000
vn 0.0000 0.0000 -1.0000
vn 0.0000 0.0000 -1.0000
vn 1.0000 0.0000 -0.0000
vn 1.0000 0.0000 0.0000
vn 0.0000 0.0000 1.0000
vn 0.0000 0.0000 1.0000
vn 0.0000 -1.0000 0.0000
vn 0.0000 -1.0000 0.0000
vn 0.0000 1.0000 0.0000
vn 0.0000 1.0000 -0.0000
vn -0.0000 0.0000 1.0000
vn -0.0000 0.0000 1.0000
vn -1.0000 0.0000 -0.0000
vn -1.0000 -0.0000 0.0000
vn 0.0000 0.0000 -1.0000
vn 0.0000 0.0000 -1.0000
vn 1.0000 0.0000 -0.0000
vn 1.0000 0.0000 0.0000
vn 0.0000 -1.0000 0.0000
vn 0.0000 -1.0000 0.0000
vn 0.0000 1.0000 0.0000
vn 0.0000 1.0000 -0.0000
vn -0.0000 0.0000 1.0000
vn -0.0000 0.0000 1.0000
vn -1.0000 0.0000 -0.0000
vn -1.0000 -0.0000 0.0000
vn 0.0000 0.0000 -1.0000
vn 0.0000 0.0000 -1.0000
vn 1.0000 0.0000 -0.0000
vn 1.0000 0.0000 0.0000
vn 0.0000 -1.0000 0.0000
vn 0.0000 -1.0000 0.0000
vn 0.0000 1.0000 0.0000
vn 0.0000 1.0000 -0.0000
vn -0.0000 0.0000 1.0000
vn -0.0000 0.0000 1.0000
vn -1.0000 0.0000 -0.0000
vn -1.0000 -0.0000 0.0000
vn 0.0000 0.0000 -1.0000
vn 0.0000 0.0000 -1.0000
vn 1.0000 0.0000 -0.0000
vn 1.0000 0.0000 0.0000
vn 0.0000 -1.0000 0.0000
vn 0.0000 -1.0000 0.0000
vn 0.0000 1.0000 0.0000
vn 0.0000 1.0000 -0.0000
vn -0.0000 0.0000 1.0000
vn -0.0000 0.0000 1.0000
vn -1.0000 0.0000 -0.0000
vn -1.0000 -0.0000 0.0000
vn 0.0000 0.0000 -1.0000
vn 0.0000 0.0000 -1.0000
vn 1.0000 0.0000 -0.0000
vn 1.0000 0.0000 0.0000
vn 0.0000 -1.0000 0.0000
vn 0.0000 -1.0000 0.0000
vn 0.0000 1.0000 0.0000
vn 0.0000 1.0000 0.0000
vn -1.0000 0.0000 -0.0000
vn -1.0000 -0.0000 0.0000
vn 0.0000 0.0000 -1.0000
vn 0.0000 0.0000 -1.0000
vn 1.0000 0.0000 -0.0000
vn 1.0000 0.0000 0.0000
vn 0.0000 0.0000 1.0000
vn 0.0000 0.0000 1.0000
vn 0.0000 -1.0000 0.0000
vn 0.0000 -1.0000 0.0000
vn 0.0000 1.0000 0.0000
vn 0.0000 1.0000 0.0000
vn -1.0000 0.0000 -0.0000
vn -1.0000 -0.0000 0.0000
vn 0.0000 0.0000 -1.0000
vn 0.0000 0.0000 -1.0000
vn 1.0000 0.0000 -0.0000
vn 1.0000 0.0000 0.0000
vn 0.0000 0.0000 1.0000
vn 0.0000 0.0000 1.0000
vn 0.0000 -1.0000 0.0000
vn 0.0000 -1.0000 0.0000
vn 0.0000 1.0000 0.0000
vn 0.0000 1.0000 0.0000
vn -1.0000 0.0000 -0.0000
vn -1.0000 -0.0000 0.0000
vn 0.0000 0.0000 -1.0000
vn 0.0000 0.0000 -1.0000
vn 1.0000 0.0000 -0.0000
vn 1.0000 0.0000 0.0000
vn 0.0000 0.0000 1.0000
vn 0.0000 0.0000 1.0000
vn 0.0000 -1.0000 0.0000
vn 0.0000 -1.0000 0.0000
vn 0.0000 1.0000 0.0000
vn 0.0000 1.0000 0.0000
vn -1.0000 0.0000 -0.0000
vn -1.0000 -0.0000 0.0000
vn 0.0000 0.0000 -1.0000
vn 0.0000 0.0000 -1.0000
vn 1.0000 0.0000 -0.0000
vn 1.0000 0.0000 0.0000
vn 0.0000 0.0000 1.0000
vn 0.0000 0.0000 1.0000
vn 0.0000 -1.0000 0.0000
vn 0.0000 -1.0000 0.0000
vn 0.0000 1.0000 0.0000
vn 0.0000 1.0000 0.0000
vn -1.0000 0.0000 -0.0000
vn -1.0000 -0.0000 0.0000
vn 0.0000 0.0000 -1.0000
vn 0.0000 0.0000 -1.0000
vn 1.0000 0.0000 -0.0000
vn 1.0000 0.0000 0.0000
vn 0.0000 0.0000 1.0000
vn 0.0000 0.0000 1.0000
vn 0.0000 -1.0000 0.0000
vn 0.0000 -1.0000 0.0000
vn 0.0000 1.0000 0.0000
vn 0.0000 1.0000 0.0000
vn -1.0000 0.0000 -0.0000
vn -1.0000 -0.0000 0.0000
vn 0.0000 0.0000 -1.0000
vn 0.0000 0.0000 -1.0000
vn 1.0000 0.0000 -0.0000
vn 1.0000 0.0000 0.0000
vn 0.0000 0.0000 1.0000
vn 0.0000 0.0000 1.0000
vn 0.0000 -1.0000 0.0000
vn 0.0000 -1.0000 0.0000
vn 0.0000 1.0000 0.0000
vn 0.0000 1.0000 -0.0000
vn -0.0000 0.0000 1.0000
vn -0.0000 0.0000 1.0000
vn -1.0000 0.0000 -0.0000
vn -1.0000 -0.0000 0.0000
vn 0.0000 0.0000 -1.0000
vn 0.0000 0.0000 -1.0000
vn 1.0000 0.0000 -0.0000
vn 1.0000 0.0000 0.0000
vn 0.0000 -1.0000 0.0000
vn 0.0000 -1.0000 0.0000
vn 0.0000 1.0000 0.0000
vn 0.0000 1.0000 -0.0000
vn -0.0000 0.0000 1.0000
vn -0.0000 0.0000 1.0000
vn -1.0000 0.0000 -0.0000
vn -1.0000 -0.0000 0.0000
vn 0.0000 0.0000 -1.0000
vn 0.0000 0.0000 -1.0000
vn 1.0000 0.0000 -0.0000
vn 1.0000 0.0000 0.0000
vn 0.0000 -1.0000 0.0000
vn 0.0000 -1.0000 0.0000
vn 0.0000 1.0000 0.0000
vn 0.0000 1.0000 -0.0000
vn -0.0000 0.0000 1.0000
vn -0.0000 0.0000 1.0000
vn -1.0000 0.0000 -0.0000
vn -1.0000 -0.0000 0.0000
vn 0.0000 0.0000 -1.0000
vn 0.0000 0.0000 -1.0000
vn 1.0000 0.0000 -0.0000
vn 1.0000 0.0000 0.0000
vn 0.0000 -1.0000 0.0000
vn 0.0000 -1.0000 0.0000
vn 0.0000 1.0000 0.0000
vn 0.0000 1.0000 -0.0000
vn -0.0000 0.0000 1.0000
vn -0.0000 0.0000 1.0000
vn -1.0000 0.0000 -0.0000
vn -1.0000 -0.0000 0.0000
vn 0.0000 0.0000 -1.0000
vn 0.0000 0.0000 -1.0000
vn 1.0000 0.0000 -0.0000
vn 1.0000 0.0000 0.0000
vn 0.0000 -1.0000 0.0000
vn 0.0000 -1.0000 0.0000
vn 0.0000 1.0000 0.0000
vn 0.0000 1.0000 0.0000
vn -1.0000 0.0000 -0.0000
vn -1.0000 -0.0000 0.0000
vn 0.0000 0.0000 -1.0000
vn 0.0000 0.0000 -1.0000
vn 1.0000 0.0000 -0.0000
vn 1.0000 0.0000 0.0000
vn 0.0000 0.0000 1.0000
vn 0.0000 0.0000 1.0000
vn 0.0000 -1.0000 0.0000
vn 0.0000 -1.0000 0.0000
vn 0.0000 1.0000 0.0000
vn 0.0000 1.0000 0.0000
vn -1.0000 0.0000 -0.0000
vn -1.0000 -0.0000 0.0000
vn 0.0000 0.0000 -1.0000
vn 0.0000 0.0000 -1.0000
vn 1.0000 0.0000 -0.0000
vn 1.0000 0.0000 0.0000
vn 0.0000 0.0000 1.0000
vn 0.0000 0.0000 1.0000
vn 0.0000 -1.0000 0.0000
vn 0.0000 -1.0000 0.0000
vn 0.0000 1.0000 0.0000
vn 0.0000 1.0000 0.0000
vn -1.0000 0.0000 -0.0000
vn -1.0000 -0.0000 0.0000
vn 0.0000 0.0000 -1.0000
vn 0.0000 0.0000 -1.0000
vn 1.0000 0.0000 -0.0000
vn 1.0000 0.0000 0.0000
vn 0.0000 0.0000 1.0000
vn 0.0000 0.0000 1.0000
vn 0.0000 -1.0000 0.0000
vn 0.0000 -1.0000 0.0000
vn 0.0000 1.0000 0.0000
vn 0.0000 1.0000 0.0000
vn -1.0000 0.0000 -0.0000
vn -1.0000 -0.0000 0.0000
vn 0.0000 0.0000 -1.0000
vn 0.0000 0.0000 -1.0000
vn 1.0000 0.0000 -0.0000
vn 1.0000 0.0000 0.0000
vn 0.0000 0.0000 1.0000
vn 0.0000 0.0000 1.0000
vn 0.0000 -1.0000 0.0000
vn 0.0000 -1.0000 0.0000
vn 0.0000 1.0000 0.0000
vn 0.0000 1.0000 0.0000
vn -1.0000 0.0000 -0.0000
vn -1.0000 -0.0000 0.0000
vn 0.0000 0.0000 -1.0000
vn 0.0000 0.0000 -1.0000
vn 1.0000 0.0000 -0.0000
vn 1.0000 0.0000 0.0000
vn 0.0000 0.0000 1.0000
vn 0.0000 0.0000 1.0000
vn 0.0000 -1.0000 0.0000
vn 0.0000 -1.0000 0.0000
vn 0.0000 1.0000 0.0000
vn 0.0000 1.0000 0.0000
vn -1.0000 0.0000 -0.0000
vn -1.0000 -0.0000 0.0000
vn 0.0000 0.0000 -1.0000
vn 0.0000 0.0000 -1.0000
vn 1.0000 0.0000 -0.0000
vn 1.0000 0.0000 0.0000
vn 0.0000 0.0000 1.0000
vn 0.0000 0.0000 1.0000
vn 0.0000 -1.0000 0.0000
vn 0.0000 -1.0000 0.0000
vn 0.0000 1.0000 0.0000
vn 0.0000 1.0000 -0.0000
vn -0.0000 0.0000 1.0000
vn -0.0000 0.0000 1.0000
vn -1.0000 0.0000 -0.0000
vn -1.0000 -0.0000 0.0000
vn 0.0000 0.0000 -1.0000
vn 0.0000 0.0000 -1.0000
vn 1.0000 0.0000 -0.0000
vn 1.0000 0.0000 0.0000
vn 0.0000 -1.0000 0.0000
vn 0.0000 -1.0000 0.0000
vn 0.0000 1.0000 0.0000
vn 0.0000 1.0000 -0.0000
vn -0.0000 0.0000 1.0000
vn -0.0000 0.0000 1.0000
vn -1.0000 0.0000 -0.0000
vn -1.0000 -0.0000 0.0000
vn 0.0000 0.0000 -1.0000
vn 0.0000 0.0000 -1.0000
vn 1.0000 0.0000 -0.0000
vn 1.0000 0.0000 0.0000
vn 0.0000 -1.0000 0.0000
vn 0.0000 -1.0000 0.0000
vn 0.0000 1.0000 0.0000
vn 0.0000 1.0000 -0.0000
vn -0.0000 0.0000 1.0000
vn -0.0000 0.0000 1.0000
vn -1.0000 0.0000 -0.0000
vn -1.0000 -0.0000 0.0000
vn 0.0000 0.0000 -1.0000
vn 0.0000 0.0000 -1.0000
vn 1.0000 0.0000 -0.0000
vn 1.0000 0.0000 0.0000
vn 0.0000 -1.0000 0.0000
vn 0.0000 -1.0000 0.0000
vn 0.0000 1.0000 0.0000
vn 0.0000 1.0000 -0.0000
vn -0.0000 0.0000 1.0000
vn -0.0000 0.0000 1.0000
vn -1.0000 0.0000 -0.0000
vn -1.0000 -0.0000 0.0000
vn 0.0000 0.0000 -1.0000
vn 0.0000 0.0000 -1.0000
vn 1.0000 0.0000 -0.0000
vn 1.0000 0.0000 0.0000
vn 0.0000 -1.0000 0.0000
vn 0.0000 -1.0000 0.0000
vn 0.0000 1.0000 0.0000
vn 0.0000 1.0000 0.0000
vn -1.0000 0.0000 -0.0000
vn -1.0000 -0.0000 0.0000
vn 0.0000 0.0000 -1.0000
vn 0.0000 0.0000 -1.0000
vn 1.0000 0.0000 -0.0000
vn 1.0000 0.0000 0.0000
vn 0.0000 0.0000 1.0000
vn 0.0000 0.0000 1.0000
vn 0.0000 -1.0000 0.0000
vn 0.0000 -1.0000 0.0000
vn 0.0000 1.0000 0.0000
vn 0.0000 1.0000 0.0000
vn -1.0000 0.0000 -0.0000
vn -1.0000 -0.0000 0.0000
vn 0.0000 0.0000 -1.0000
vn 0.0000 0.0000 -1.0000
vn 1.0000 0.0000 -0.0000
vn 1.0000 0.0000 0.0000
vn 0.0000 0.0000 1.0000
vn 0.0000 0.0000 1.0000
vn 0.0000 -1.0000 0.0000
vn 0.0000 -1.0000 0.0000
vn 0.0000 1.0000 0.0000
vn 0.0000 1.0000 0.0000
vn -1.0000 0.0000 -0.0000
vn -1.0000 -0.0000 0.0000
vn 0.0000 0.0000 -1.0000
vn 0.0000 0.0000 -1.0000
vn 1.0000 0.0000 -0.0000
vn 1.0000 0.0000 0.0000
vn 0.0000 0.0000 1.0000
vn 0.0000 0.0000 1.0000
vn 0.0000 -1.0000 0.0000
vn 0.0000 -1.0000 0.0000
vn 0.0000 1.0000 0.0000
vn 0.0000 1.0000 0.0000
vn -1.0000 0.0000 -0.0000
vn -1.0000 -0.0000 0.0000
vn 0.0000 0.0000 -1.0000
vn 0.0000 0.0000 -1.0000
vn 1.0000 0.0000 -0.0000
vn 1.0000 0.0000 0.0000
vn 0.0000 0.0000 1.0000
vn 0.0000 0.0000 1.0000
vn 0.0000 -1.0000 0.0000
vn 0.0000 -1.0000 0.0000
vn 0.0000 1.0000 0.0000
vn 0.0000 1.0000 0.0000
vn -1.0000 0.0000 -0.0000
vn -1.0000 -0.0000 0.0000
vn 0.0000 0.0000 -1.0000
vn 0.0000 0.0000 -1.0000
vn 1.0000 0.0000 -0.0000
vn 1.0000 0.0000 0.0000
vn 0.0000 0.0000 1.0000
vn 0.0000 0.0000 1.0000
vn 0.0000 -1.0000 0.0000
vn 0.0000 -1.0000 0.0000
vn 0.0000 1.0000 0.0000
vn 0.0000 1.0000 0.0000
vn -1.0000 0.0000 -0.0000
vn -1.0000 -0.0000 0.0000
vn 0.0000 0.0000 -1.0000
vn 0.0000 0.0000 -1.0000
vn 1.0000 0.0000 -0.0000
vn 1.0000 0.0000 0.0000
vn 0.0000 0.0000 1.0000
vn 0.0000 0.0000 1.0000
vn 0.0000 -1.0000 0.0000
vn 0.0000 -1.0000 0.0000
vn 0.0000 1.0000 0.0000
vn 0.0000 1.0000 -0.0000
vn -0.0000 0.0000 1.0000
vn -0.0000 0.0000 1.0000
vn -1.0000 0.0000 -0.0000
vn -1.0000 -0.0000 0.0000
vn 0.0000 0.0000 -1.0000
vn 0.0000 0.0000 -1.0000
vn 1.0000 0.0000 -0.0000
vn 1.0000 0.0000 0.0000
vn 0.0000 -1.0000 0.0000
vn 0.0000 -1.0000 0.0000
vn 0.0000 1.0000 0.0000
vn 0.0000 1.0000 -0.0000
vn -0.0000 0.0000 1.0000
vn -0.0000 0.0000 1.0000
vn -1.0000 0.0000 -0.0000
vn -1.0000 -0.0000 0.0000
vn 0.0000 0.0000 -1.0000
vn 0.0000 0.0000 -1.0000
vn 1.0000 0.0000 -0.0000
vn 1.0000 0.0000 0.0000
vn 0.0000 -1.0000 0.0000
vn 0.0000 -1.0000 0.0000
vn 0.0000 1.0000 0.0000
vn 0.0000 1.0000 -0.0000
vn -0.0000 0.0000 1.0000
vn -0.0000 0.0000 1.0000
vn -1.0000 0.0000 -0.0000
vn -1.0000 -0.0000 0.0000
vn 0.0000 0.0000 -1.0000
vn 0.0000 0.0000 -1.0000
vn 1.0000 0.0000 -0.0000
vn 1.0000 0.0000 0.0000
vn 0.0000 -1.0000 0.0000
vn 0.0000 -1.0000 0.0000
vn 0.0000 1.0000 0.0000
vn 0.0000 1.0000 -0.0000
vn -0.0000 0.0000 1.0000
vn -0.0000 0.0000 1.0000
vn -1.0000 0.0000 -0.0000
vn -1.0000 -0.0000 0.0000
vn 0.0000 0.0000 -1.0000
vn 0.0000 0.0000 -1.0000
vn 1.0000 0.0000 -0.0000
vn 1.0000 0.0000 0.0000
vn 0.0000 -1.0000 0.0000
vn 0.0000 -1.0000 0.0000
vn 0.0000 1.0000 0.0000
vn 0.0000 1.0000 0.0000
vn -1.0000 0.0000 -0.0000
vn -1.0000 -0.0000 0.0000
vn 0.0000 0.0000 -1.0000
vn 0.0000 0.0000 -1.0000
vn 1.0000 0.0000 -0.0000
vn 1.0000 0.0000 0.0000
vn 0.0000 0.0000 1.0000
vn 0.0000 0.0000 1.0000
vn 0.0000 -1.0000 0.0000
vn 0.0000 -1.0000 0.0000
vn 0.0000 1.0000 0.0000
vn 0.0000 1.0000 0.0000
vn -1.0000 0.0000 -0.0000
vn -1.0000 -0.0000 0.0000
vn 0.0000 0.0000 -1.0000
vn 0.0000 0.0000 -1.0000
vn 1.0000 0.0000 -0.0000
vn 1.0000 0.0000 0.0000
vn 0.0000 0.0000 1.0000
vn 0.0000 0.0000 1.0000
vn 0.0000 -1.0000 0.0000
vn 0.0000 -1.0000 0.0000
vn 0.0000 1.0000 0.0000
vn 0.0000 1.0000 0.0000
vn -1.0000 0.0000 -0.0000
vn -1.0000 -0.0000 0.0000
vn 0.0000 0.0000 -1.0000
vn 0.0000 0.0000 -1.0000
vn 1.0000 0.0000 -0.0000
vn 1.0000 0.0000 0.0000
vn 0.0000 0.0000 1.0000
vn 0.0000 0.0000 1.0000
vn 0.0000 -1.0000 0.0000
vn 0.0000 -1.0000 0.0000
vn 0.0000 1.0000 0.0000
vn 0.0000 1.0000 0.0000
vn -1.0000 0.0000 -0.0000
vn -1.0000 -0.0000 0.0000
vn 0.0000 0.0000 -1.0000
vn 0.0000 0.0000 -1.0000
vn 1.0000 0.0000 -0.0000
vn 1.0000 0.0000 0.0000
vn 0.0000 0.0000 1.0000
vn 0.0000 0.0000 1.0000
vn 0.0000 -1.0000 0.0000
vn 0.0000 -1.0000 0.0000
vn 0.0000 1.0000 0.0000
vn 0.0000 1.0000 0.0000
vn -1.0000 0.0000 -0.0000
vn -1.0000 -0.0000 0.0000
vn 0.0000 0.0000 -1.0000
vn 0.0000 0.0000 -1.0000
vn 1.0000 0.0000 -0.0000
vn 1.0000 0.0000 0.0000
vn 0.0000 0.0000 1.0000
vn 0.0000 0.0000 1.0000
vn 0.0000 -1.0000 0.0000
vn 0.0000 -1.0000 0.0000
vn 0.0000 1.0000 0.0000
vn 0.0000 1.0000 0.0000
vn -1.0000 0.0000 -0.0000
vn -1.0000 -0.0000 0.0000
vn 0.0000 0.0000 -1.0000
vn 0.0000 0.0000 -1.0000
vn 1.0000 0.0000 -0.0000
vn 1.0000 0.0000 0.0000
vn 0.0000 0.0000 1.0000
vn 0.0000 0.0000 1.0000
vn 0.0000 -1.0000 0.0000
vn 0.0000 -1.0000 0.0000
vn -0.0000 1.0000 0.0000
vn 0.0000 1.0000 0.0000
vn 0.0000 0.0000 -1.0000
vn 0.0000 0.0000 -1.0000
vn 1.0000 0.0000 -0.0000
vn 1.0000 0.0000 0.0000
vn -1.0000 0.0000 -0.0000
vn -1.0000 -0.0000 0.0000
vn -0.0000 1.0000 0.0000
vn 0.0000 1.0000 0.0000
vn 0.0000 0.0000 -1.0000
vn 0.0000 0.0000 -1.0000
vn 1.0000 0.0000 -0.0000
vn 1.0000 0.0000 0.0000
vn 0.0000 0.0000 1.0000
vn 0.0000 0.0000 1.0000
vn -1.0000 0.0000 -0.0000
vn -1.0000 -0.0000 0.0000
vn 0.0000 -1.0000 0.0000
vn 0.0000 -1.0000 0.0000
vn -0.0000 1.0000 0.0000
vn 0.0000 1.0000 0.0000
vn 0.0000 0.0000 -1.0000
vn 0.0000 0.0000 -1.0000
vn 1.0000 0.0000 -0.0000
vn 1.0000 0.0000 0.0000
vn 0.0000 0.0000 1.0000
vn 0.0000 0.0000 1.0000
vn -1.0000 0.0000 -0.0000
vn -1.0000 -0.0000 0.0000
vn 0.0000 -1.0000 0.0000
vn 0.0000 -1.0000 0.0000
vn -0.0000 1.0000 0.0000
vn 0.0000 1.0000 0.0000
vn 0.0000 0.0000 -1.0000
vn 0.0000 0.0000 -1.0000
vn 1.0000 0.0000 -0.0000
vn 1.0000 0.0000 0.0000
vn 0.0000 0.0000 1.0000
vn 0.0000 0.0000 1.0000
vn -1.0000 0.0000 -0.0000
vn -1.0000 -0.0000 0.0000
vn 0.0000 -1.0000 0.0000
vn 0.0000 -1.0000 0.0000
vn -0.0000 1.0000 0.0000
vn 0.0000 1.0000 0.0000
vn 0.0000 0.0000 -1.0000
vn 0.0000 0.0000 -1.0000
vn 1.0000 0.0000 -0.0000
vn 1.0000 0.0000 0.0000
vn 0.0000 0.0000 1.0000
vn 0.0000 0.0000 1.0000
vn -1.0000 0.0000 -0.0000
vn -1.0000 -0.0000 0.0000
vn 0.0000 -1.0000 0.0000
vn 0.0000 -1.0000 0.0000
vn -0.0000 1.0000 0.0000
vn 0.0000 1.0000 0.0000
vn 0.0000 0.0000 -1.0000
vn 0.0000 0.0000 -1.0000
vn 1.0000 0.0000 -0.0000
vn 1.0000 0.0000 0.0000
vn 0.0000 0.0000 1.0000
vn 0.0000 0.0000 1.0000
vn -1.0000 0.0000 -0.0000
vn -1.0000 -0.0000 0.0000
vn -0.0000 1.0000 0.0000
vn 0.0000 1.0000 0.0000
vn 0.0000 0.0000 -1.0000
vn 0.0000 0.0000 -1.0000
vn 1.0000 0.0000 -0.0000
vn 1.0000 0.0000 0.0000
vn 0.0000 0.0000 1.0000
vn 0.0000 0.0000 1.0000
vn -1.0000 0.0000 -0.0000
vn -1.0000 -0.0000 0.0000
vn 0.0000 -1.0000 0.0000
vn 0.0000 -1.0000 0.0000
vn -0.0000 1.0000 0.0000
vn 0.0000 1.0000 0.0000
vn 0.0000 0.0000 -1.0000
vn 0.0000 0.0000 -1.0000
vn 1.0000 0.0000 -0.0000
vn 1.0000 0.0000 0.0000
vn 0.0000 0.0000 1.0000
vn 0.0000 0.0000 1.0000
vn -1.0000 0.0000 -0.0000
vn -1.0000 -0.0000 0.0000
vn 0.0000 -1.0000 0.0000
vn 0.0000 -1.0000 0.0000
vn -0.0000 1.0000 0.0000
vn 0.0000 1.0000 0.0000
vn 0.0000 0.0000 -1.0000
vn 0.0000 0.0000 -1.0000
vn 1.0000 0.0000 -0.0000
vn 1.0000 0.0000 0.0000
vn 0.0000 0.0000 1.0000
vn 0.0000 0.0000 1.0000
vn -1.0000 0.0000 -0.0000
vn -1.0000 -0.0000 0.0000
vn 0.0000 -1.0000 0.0000
vn 0.0000 -1.0000 0.0000
vn -0.3513 0.8576 0.3756
vn -0.1000 0.9652 0.2417
vn -0.0998 0.9632 -0.2494
vn -0.3528 0.8527 -0.3854
vn -0.7209 0.6930 -0.0089
vn 0.3795 0.7449 0.5487
vn -0.2525 -0.1033 0.9621
vn -0.6886 -0.7251 -0.0085
vn -0.3566 0.3787 -0.8541
vn 0.3297 0.7796 -0.5324
vn 0.3367 -0.7874 0.5163
vn -0.0839 -0.9657 0.2456
vn -0.0862 -0.9916 -0.0964
vn 0.4683 -0.7977 -0.3800
vn 0.8344 -0.5494 0.0436
vn 0.2628 -0.1030 0.9593
vn -0.3170 -0.8718 0.3734
vn -0.4650 -0.8464 -0.2598
vn 0.3052 0.3860 -0.8706
vn 0.8906 0.4524 0.0466
vn -0.0000 1.0000 0.0000
vn 0.0000 1.0000 0.0000
vn 0.0000 0.0000 -1.0000
vn 0.0000 0.0000 -1.0000
vn 1.0000 0.0000 -0.0000
vn 1.0000 0.0000 0.0000
vn 0.0000 0.0000 1.0000
vn 0.0000 0.0000 1.0000
vn -1.0000 0.0000 -0.0000
vn -1.0000 -0.0000 0.0000
vn 0.0000 -1.0000 0.0000
vn 0.0000 -1.0000 0.0000
vn -0.0000 1.0000 0.0000
vn 0.0000 1.0000 0.0000
vn 0.0000 0.0000 -1.0000
vn 0.0000 0.0000 -1.0000
vn 1.0000 0.0000 -0.0000
vn 1.0000 0.0000 0.0000
vn 0.0000 0.0000 1.0000
vn 0.0000 0.0000 1.0000
vn -1.0000 0.0000 -0.0000
vn -1.0000 -0.0000 0.0000
vn 0.0000 -1.0000 0.0000
vn 0.0000 -1.0000 0.0000
vn -0.0000 1.0000 0.0000
vn 0.0000 1.0000 0.0000
vn 0.0000 0.0000 -1.0000
vn 0.0000 0.0000 -1.0000
vn 1.0000 0.0000 -0.0000
vn 1.0000 0.0000 0.0000
vn 0.0000 0.0000 1.0000
vn 0.0000 0.0000 1.0000
vn -1.0000 0.0000 -0.0000
vn -1.0000 -0.0000 0.0000
vn 0.0000 -1.0000 0.0000
vn 0.0000 -1.0000 0.0000
vn -0.0000 1.0000 0.0000
vn 0.0000 1.0000 0.0000
vn 0.0000 0.0000 -1.0000
vn 0.0000 0.0000 -1.0000
vn 1.0000 0.0000 -0.0000
vn 1.0000 0.0000 0.0000
vn 0.0000 0.0000 1.0000
vn 0.0000 0.0000 1.0000
vn -1.0000 0.0000 -0.0000
vn -1.0000 -0.0000 0.0000
vn 0.0000 -1.0000 0.0000
vn 0.0000 -1.0000 0.0000
vn 0.9188 -0.1050 0.3806
vn 0.9188 -0.1050 0.3806
vn 0.3806 -0.1050 0.9188
vn 0.3806 -0.1050 0.9188
vn -0.3806 -0.1050 0.9188
vn -0.3806 -0.1050 0.9188
vn -0.9188 -0.1050 0.3806
vn -0.9188 -0.1050 0.3806
vn -0.9188 -0.1050 -0.3806
vn -0.9188 -0.1050 -0.3806
vn -0.3806 -0.1050 -0.9188
vn -0.3806 -0.1050 -0.9188
vn 0.3806 -0.1050 -0.9188
vn 0.3806 -0.1050 -0.9188
vn 0.9188 -0.1050 -0.3806
vn 0.9188 -0.1050 -0.3806
vn 0.0000 1.0000 0.0000
vn 0.0000 1.0000 0.0000
vn 0.0000 1.0000 0.0000
vn 0.0000 1.0000 0.0000
vn 0.0000 1.0000 -0.0000
vn 0.0000 1.0000 0.0000
vn 0.0000 -1.0000 0.0000
vn 0.0000 -1.0000 0.0000
vn 0.0000 -1.0000 0.0000
vn -0.0000 -1.0000 0.0000
vn 0.0000 -1.0000 0.0000
vn 0.0000 -1.0000 0.0000
vn 0.9511 0.0000 0.3090
vn 0.9511 0.0000 0.3090
vn 0.5878 0.0000 0.8090
vn 0.5878 0.0000 0.8090
vn 0.0000 0.0000 1.0000
vn 0.0000 0.0000 1.0000
vn -0.5878 0.0000 0.8090
vn -0.5878 0.0000 0.8090
vn -0.9511 0.0000 0.3090
vn -0.9511 0.0000 0.3090
vn -0.9511 0.0000 -0.3090
vn -0.9511 -0.0000 -0.3090
vn -0.5878 0.0000 -0.8090
vn -0.5878 -0.0000 -0.8090
vn 0.0000 0.0000 -1.0000
vn 0.0000 0.0000 -1.0000
vn 0.5878 0.0000 -0.8090
vn 0.5878 0.0000 -0.8090
vn 0.9511 0.0000 -0.3090
vn 0.9511 0.0000 -0.3090
vn 0.0000 1.0000 0.0000
vn 0.0000 1.0000 0.0000
vn 0.0000 1.0000 0.0000
vn 0.0000 1.0000 0.0000
vn 0.0000 1.0000 0.0000
vn 0.0000 1.0000 0.0000
vn 0.0000 1.0000 -0.0000
vn 0.0000 1.0000 0.0000
vn 0.0000 -1.0000 0.0000
vn 0.0000 -1.0000 0.0000
vn 0.0000 -1.0000 0.0000
vn 0.0000 -1.0000 0.0000
vn -0.0000 -1.0000 0.0000
vn 0.0000 -1.0000 0.0000
vn 0.0000 -1.0000 0.0000
vn 0.0000 -1.0000 0.0000
vn -0.0000 1.0000 0.0000
vn 0.0000 1.0000 0.0000
vn 0.0000 0.0000 -1.0000
vn 0.0000 0.0000 -1.0000
vn 1.0000 0.0000 -0.0000
vn 1.0000 0.0000 0.0000
vn 0.0000 0.0000 1.0000
vn 0.0000 0.0000 1.0000
vn -1.0000 0.0000 -0.0000
vn -1.0000 -0.0000 0.0000
vn 0.0000 -1.0000 0.0000
vn 0.0000 -1.0000 0.0000
vn -0.0000 1.0000 0.0000
vn 0.0000 1.0000 0.0000
vn 0.0000 0.0000 -1.0000
vn 0.0000 0.0000 -1.0000
vn 1.0000 0.0000 -0.0000
vn 1.0000 0.0000 0.0000
vn 0.0000 0.0000 1.0000
vn 0.0000 0.0000 1.0000
vn -1.0000 0.0000 -0.0000
vn -1.0000 -0.0000 0.0000
vn 0.0000 -1.0000 0.0000
vn 0.0000 -1.0000 0.0000
vn -0.0000 1.0000 0.0000
vn 0.0000 1.0000 0.0000
vn 0.0000 0.0000 -1.0000
vn 0.0000 0.0000 -1.0000
vn 1.0000 0.0000 -0.0000
vn 1.0000 0.0000 0.0000
vn 0.0000 0.0000 1.0000
vn 0.0000 0.0000 1.0000
vn -1.0000 0.0000 -0.0000
vn -1.0000 -0.0000 0.0000
vn 0.0000 -1.0000 0.0000
vn 0.0000 -1.0000 0.0000
vn -0.0000 1.0000 0.0000
vn 0.0000 1.0000 0.0000
vn 0.0000 0.0000 -1.0000
vn 0.0000 0.0000 -1.0000
vn 1.0000 0.0000 -0.0000
vn 1.0000 0.0000 0.0000
vn 0.0000 0.0000 1.0000
vn 0.0000 0.0000 1.0000
vn -1.0000 0.0000 -0.0000
vn -1.0000 -0.0000 0.0000
vn 0.0000 -1.0000 0.0000
vn 0.0000 -1.0000 0.0000
vn 0.9239 0.0000 0.3827
vn 0.9239 0.0000 0.3827
vn 0.3827 0.0000 0.9239
vn 0.3827 0.0000 0.9239
vn -0.3827 0.0000 0.9239
vn -0.3827 0.0000 0.9239
vn -0.9239 0.0000 0.3827
vn -0.9239 0.0000 0.3827
vn -0.9239 0.0000 -0.3827
vn -0.9239 -0.0000 -0.3827
vn -0.3827 0.0000 -0.9239
vn -0.3827 -0.0000 -0.9239
vn 0.3827 0.0000 -0.9239
vn 0.3827 0.0000 -0.9239
vn 0.9239 0.0000 -0.3827
vn 0.9239 0.0000 -0.3827
vn 0.0000 1.0000 0.0000
vn 0.0000 1.0000 0.0000
vn 0.0000 1.0000 0.0000
vn 0.0000 1.0000 0.0000
vn 0.0000 1.0000 -0.0000
vn 0.0000 1.0000 0.0000
vn 0.0000 -1.0000 0.0000
vn 0.0000 -1.0000 0.0000
vn 0.0000 -1.0000 0.0000
vn -0.0000 -1.0000 0.0000
vn 0.0000 -1.0000 0.0000
vn 0.0000 -1.0000 0.0000
vn 0.9239 0.0000 0.3827
vn 0.9239 0.0000 0.3827
vn 0.3827 0.0000 0.9239
vn 0.3827 0.0000 0.9239
vn -0.3827 0.0000 0.9239
vn -0.3827 0.0000 0.9239
vn -0.9239 0.0000 0.3827
vn -0.9239 0.0000 0.3827
vn -0.9239 0.0000 -0.3827
vn -0.9239 -0.0000 -0.3827
vn -0.3827 0.0000 -0.9239
vn -0.3827 -0.0000 -0.9239
vn 0.3827 0.0000 -0.9239
vn 0.3827 0.0000 -0.9239
vn 0.9239 0.0000 -0.3827
vn 0.9239 0.0000 -0.3827
vn 0.0000 1.0000 0.0000
vn 0.0000 1.0000 0.0000
vn 0.0000 1.0000 0.0000
vn 0.0000 1.0000 0.0000
vn 0.0000 1.0000 -0.0000
vn 0.0000 1.0000 0.0000
vn 0.0000 -1.0000 0.0000
vn 0.0000 -1.0000 0.0000
vn 0.0000 -1.0000 0.0000
vn -0.0000 -1.0000 0.0000
vn 0.0000 -1.0000 0.0000
vn 0.0000 -1.0000 0.0000
vn 0.9239 0.0000 0.3827
vn 0.9239 0.0000 0.3827
vn 0.3827 0.0000 0.9239
vn 0.3827 0.0000 0.9239
vn -0.3827 0.0000 0.9239
vn -0.3827 0.0000 0.9239
vn -0.9239 0.0000 0.3827
vn -0.9239 0.0000 0.3827
vn -0.9239 0.0000 -0.3827
vn -0.9239 -0.0000 -0.3827
vn -0.3827 0.0000 -0.9239
vn -0.3827 -0.0000 -0.9239
vn 0.3827 0.0000 -0.9239
vn 0.3827 0.0000 -0.9239
vn 0.9239 0.0000 -0.3827
vn 0.9239 0.0000 -0.3827
vn 0.0000 1.0000 0.0000
vn 0.0000 1.0000 0.0000
vn 0.0000 1.0000 0.0000
vn 0.0000 1.0000 0.0000
vn 0.0000 1.0000 -0.0000
vn 0.0000 1.0000 0.0000
vn 0.0000 -1.0000 0.0000
vn 0.0000 -1.0000 0.0000
vn 0.0000 -1.0000 0.0000
vn -0.0000 -1.0000 0.0000
vn 0.0000 -1.0000 0.0000
vn 0.0000 -1.0000 0.0000
vn -0.5859 0.6768 0.4457
vn -0.0148 0.9850 0.1722
vn -0.0146 0.9709 -0.2389
vn -0.3624 0.8268 -0.4301
vn -0.8429 0.5134 0.1608
vn 0.4770 0.7709 0.4222
vn -0.5151 -0.1010 0.8512
vn -0.2409 -0.9695 0.0460
vn -0.1605 -0.2972 -0.9412
vn 0.3578 0.8186 -0.4493
vn 0.1015 -0.9926 0.0663
vn 0.0000 -1.0000 0.0000
vn -0.0000 -1.0000 0.0000
vn 0.0777 -0.9950 -0.0633
vn 0.1985 -0.9800 0.0130
vn 0.3826 -0.1088 0.9175
vn -0.1395 -0.9863 0.0876
vn -0.0788 -0.9950 -0.0617
vn 0.1524 -0.2976 -0.9424
vn 0.8107 0.5830 0.0532
vn 0.9239 0.0000 0.3827
vn 0.9239 0.0000 0.3827
vn 0.3827 0.0000 0.9239
vn 0.3827 0.0000 0.9239
vn -0.3827 0.0000 0.9239
vn -0.3827 0.0000 0.9239
vn -0.9239 0.0000 0.3827
vn -0.9239 0.0000 0.3827
vn -0.9239 0.0000 -0.3827
vn -0.9239 -0.0000 -0.3827
vn -0.3827 0.0000 -0.9239
vn -0.3827 -0.0000 -0.9239
vn 0.3827 0.0000 -0.9239
vn 0.3827 0.0000 -0.9239
vn 0.9239 0.0000 -0.3827
vn 0.9239 0.0000 -0.3827
vn 0.0000 1.0000 0.0000
vn 0.0000 1.0000 0.0000
vn 0.0000 1.0000 0.0000
vn 0.0000 1.0000 0.0000
vn 0.0000 1.0000 -0.0000
vn 0.0000 1.0000 0.0000
vn 0.0000 -1.0000 0.0000
vn 0.0000 -1.0000 0.0000
vn 0.0000 -1.0000 0.0000
vn -0.0000 -1.0000 0.0000
vn 0.0000 -1.0000 0.0000
vn 0.0000 -1.0000 0.0000
vn -0.2541 0.3056 -0.9176
vn -0.2541 0.3056 -0.9176
vn 0.8866 -0.3056 -0.3473
vn 0.8866 -0.3056 -0.3473
vn 0.2541 -0.3056 0.9176
vn 0.2541 -0.3056 0.9176
vn -0.8866 0.3056 0.3473
vn -0.8866 0.3056 0.3473
vn 0.3865 0.9018 0.1932
vn 0.3865 0.9018 0.1932
vn -0.3865 -0.9018 -0.1932
vn -0.3865 -0.9018 -0.1932
vn 0.2739 -0.9487 0.1581
vn 0.0000 -0.9487 0.3162
vn -0.2739 -0.9487 0.1581
vn -0.2739 -0.9487 -0.1581
vn 0.0000 -0.9487 -0.3162
vn 0.2739 -0.9487 -0.1581
vn 0.8660 0.0000 0.5000
vn 0.8660 0.0000 0.5000
vn 0.0000 0.0000 1.0000
vn 0.0000 0.0000 1.0000
vn -0.8660 0.0000 0.5000
vn -0.8660 0.0000 0.5000
vn -0.8660 0.0000 -0.5000
vn -0.8660 -0.0000 -0.5000
vn 0.0000 0.0000 -1.0000
vn 0.0000 0.0000 -1.0000
vn 0.8660 0.0000 -0.5000
vn 0.8660 0.0000 -0.5000
vn 0.2739 0.9487 0.1581
vn 0.0000 0.9487 0.3162
vn -0.2739 0.9487 0.1581
vn -0.2739 0.9487 -0.1581
vn 0.0000 0.9487 -0.3162
vn 0.2739 0.9487 -0.1581
vn 0.0000 1.0000 0.0000
vn 0.0000 1.0000 0.0000
vn -0.3746 0.0000 -0.9272
vn -0.3746 -0.0000 -0.9272
vn 0.9272 0.0000 -0.3746
vn 0.9272 0.0000 -0.3746
vn 0.3746 0.0000 0.9272
vn 0.3746 0.0000 0.9272
vn -0.9272 0.0000 0.3746
vn -0.9272 0.0000 0.3746
vn 0.0000 -1.0000 0.0000
vn 0.0000 -1.0000 0.0000
vn 0.0000 1.0000 0.0000
vn 0.0000 1.0000 0.0000
vn -0.3746 0.0000 -0.9272
vn -0.3746 -0.0000 -0.9272
vn 0.9272 0.0000 -0.3746
vn 0.9272 0.0000 -0.3746
vn 0.3746 0.0000 0.9272
vn 0.3746 0.0000 0.9272
vn -0.9272 0.0000 0.3746
vn -0.9272 0.0000 0.3746
vn 0.0000 -1.0000 0.0000
vn 0.0000 -1.0000 0.0000
vn 0.0000 1.0000 0.0000
vn 0.0000 1.0000 0.0000
vn -0.3746 0.0000 -0.9272
vn -0.3746 -0.0000 -0.9272
vn 0.9272 0.0000 -0.3746
vn 0.9272 0.0000 -0.3746
vn 0.3746 0.0000 0.9272
vn 0.3746 0.0000 0.9272
vn -0.9272 0.0000 0.3746
vn -0.9272 0.0000 0.3746
vn 0.0000 -1.0000 0.0000
vn 0.0000 -1.0000 0.0000
vn 0.0000 1.0000 0.0000
vn 0.0000 1.0000 0.0000
vn -0.3746 0.0000 -0.9272
vn -0.3746 -0.0000 -0.9272
vn 0.9272 0.0000 -0.3746
vn 0.9272 0.0000 -0.3746
vn 0.3746 0.0000 0.9272
vn 0.3746 0.0000 0.9272
vn -0.9272 0.0000 0.3746
vn -0.9272 0.0000 0.3746
vn 0.0000 -1.0000 0.0000
vn 0.0000 -1.0000 0.0000
vn 0.0000 1.0000 0.0000
vn 0.0000 1.0000 0.0000
vn -0.3746 0.0000 -0.9272
vn -0.3746 -0.0000 -0.9272
vn 0.9272 0.0000 -0.3746
vn 0.9272 0.0000 -0.3746
vn 0.3746 0.0000 0.9272
vn 0.3746 0.0000 0.9272
vn -0.9272 0.0000 0.3746
vn -0.9272 0.0000 0.3746
vn 0.0000 -1.0000 0.0000
vn 0.0000 -1.0000 0.0000
vn -0.0000 1.0000 0.0000
vn 0.0000 1.0000 0.0000
vn 0.0000 0.0000 -1.0000
vn 0.0000 0.0000 -1.0000
vn 1.0000 0.0000 -0.0000
vn 1.0000 0.0000 0.0000
vn 0.0000 0.0000 1.0000
vn 0.0000 0.0000 1.0000
vn -1.0000 0.0000 -0.0000
vn -1.0000 -0.0000 0.0000
vn 0.0000 -1.0000 0.0000
vn 0.0000 -1.0000 0.0000
vn 0.8837 -0.2916 0.3660
vn 0.8837 -0.2916 0.3660
vn 0.3660 -0.2916 0.8837
vn 0.3660 -0.2916 0.8837
vn -0.3660 -0.2916 0.8837
vn -0.3660 -0.2916 0.8837
vn -0.8837 -0.2916 0.3660
vn -0.8837 -0.2916 0.3660
vn -0.8837 -0.2916 -0.3660
vn -0.8837 -0.2916 -0.3660
vn -0.3660 -0.2916 -0.8837
vn -0.3660 -0.2916 -0.8837
vn 0.3660 -0.2916 -0.8837
vn 0.3660 -0.2916 -0.8837
vn 0.8837 -0.2916 -0.3660
vn 0.8837 -0.2916 -0.3660
vn 0.0000 1.0000 0.0000
vn 0.0000 1.0000 0.0000
vn 0.0000 1.0000 0.0000
vn 0.0000 1.0000 0.0000
vn 0.0000 1.0000 -0.0000
vn 0.0000 1.0000 0.0000
vn 0.0000 -1.0000 0.0000
vn 0.0000 -1.0000 0.0000
vn 0.0000 -1.0000 0.0000
vn -0.0000 -1.0000 0.0000
vn 0.0000 -1.0000 0.0000
vn 0.0000 -1.0000 0.0000
vn 0.9239 0.0000 0.3827
vn 0.9239 0.0000 0.3827
vn 0.3827 0.0000 0.9239
vn 0.3827 0.0000 0.9239
vn -0.3827 0.0000 0.9239
vn -0.3827 0.0000 0.9239
vn -0.9239 0.0000 0.3827
vn -0.9239 0.0000 0.3827
vn -0.9239 0.0000 -0.3827
vn -0.9239 -0.0000 -0.3827
vn -0.3827 0.0000 -0.9239
vn -0.3827 -0.0000 -0.9239
vn 0.3827 0.0000 -0.9239
vn 0.3827 0.0000 -0.9239
vn 0.9239 0.0000 -0.3827
vn 0.9239 0.0000 -0.3827
vn 0.0000 1.0000 0.0000
vn 0.0000 1.0000 0.0000
vn 0.0000 1.0000 0.0000
vn 0.0000 1.0000 0.0000
vn 0.0000 1.0000 -0.0000
vn 0.0000 1.0000 0.0000
vn 0.0000 -1.0000 0.0000
vn 0.0000 -1.0000 0.0000
vn 0.0000 -1.0000 0.0000
vn -0.0000 -1.0000 0.0000
vn 0.0000 -1.0000 0.0000
vn 0.0000 -1.0000 0.0000
vn -0.0000 1.0000 0.0000
vn 0.0000 1.0000 0.0000
vn 0.0000 0.0000 -1.0000
vn 0.0000 0.0000 -1.0000
vn 1.0000 0.0000 -0.0000
vn 1.0000 0.0000 0.0000
vn 0.0000 0.0000 1.0000
vn 0.0000 0.0000 1.0000
vn -1.0000 0.0000 -0.0000
vn -1.0000 -0.0000 0.0000
vn 0.0000 -1.0000 0.0000
vn 0.0000 -1.0000 0.0000
vn 0.8837 -0.2916 0.3660
vn 0.8837 -0.2916 0.3660
vn 0.3660 -0.2916 0.8837
vn 0.3660 -0.2916 0.8837
vn -0.3660 -0.2916 0.8837
vn -0.3660 -0.2916 0.8837
vn -0.8837 -0.2916 0.3660
vn -0.8837 -0.2916 0.3660
vn -0.8837 -0.2916 -0.3660
vn -0.8837 -0.2916 -0.3660
vn -0.3660 -0.2916 -0.8837
vn -0.3660 -0.2916 -0.8837
vn 0.3660 -0.2916 -0.8837
vn 0.3660 -0.2916 -0.8837
vn 0.8837 -0.2916 -0.3660
vn 0.8837 -0.2916 -0.3660
vn 0.0000 1.0000 0.0000
vn 0.0000 1.0000 0.0000
vn 0.0000 1.0000 0.0000
vn 0.0000 1.0000 0.0000
vn 0.0000 1.0000 -0.0000
vn 0.0000 1.0000 0.0000
vn 0.0000 -1.0000 0.0000
vn 0.0000 -1.0000 0.0000
vn 0.0000 -1.0000 0.0000
vn -0.0000 -1.0000 0.0000
vn 0.0000 -1.0000 0.0000
vn 0.0000 -1.0000 0.0000
vn 0.9239 0.0000 0.3827
vn 0.9239 0.0000 0.3827
vn 0.3827 0.0000 0.9239
vn 0.3827 0.0000 0.9239
vn -0.3827 0.0000 0.9239
vn -0.3827 0.0000 0.9239
vn -0.9239 0.0000 0.3827
vn -0.9239 0.0000 0.3827
vn -0.9239 0.0000 -0.3827
vn -0.9239 -0.0000 -0.3827
vn -0.3827 0.0000 -0.9239
vn -0.3827 -0.0000 -0.9239
vn 0.3827 0.0000 -0.9239
vn 0.3827 0.0000 -0.9239
vn 0.9239 0.0000 -0.3827
vn 0.9239 0.0000 -0.3827
vn 0.0000 1.0000 0.0000
vn 0.0000 1.0000 0.0000
vn 0.0000 1.0000 0.0000
vn 0.0000 1.0000 0.0000
vn 0.0000 1.0000 -0.0000
vn 0.0000 1.0000 0.0000
vn 0.0000 -1.0000 0.0000
vn 0.0000 -1.0000 0.0000
vn 0.0000 -1.0000 0.0000
vn -0.0000 -1.0000 0.0000
vn 0.0000 -1.0000 0.0000
vn 0.0000 -1.0000 0.0000
vn -0.0000 1.0000 0.0000
vn 0.0000 1.0000 0.0000
vn 0.0000 0.0000 -1.0000
vn 0.0000 0.0000 -1.0000
vn 1.0000 0.0000 -0.0000
vn 1.0000 0.0000 0.0000
vn 0.0000 0.0000 1.0000
vn 0.0000 0.0000 1.0000
vn -1.0000 0.0000 -0.0000
vn -1.0000 -0.0000 0.0000
vn 0.0000 -1.0000 0.0000
vn 0.0000 -1.0000 0.0000
vn 0.0000 -0.9962 0.0872
vn 0.0000 -0.9962 0.0872
vn -1.0000 0.0000 0.0000
vn -1.0000 0.0000 0.0000
vn 0.0000 -0.0872 -0.9962
vn -0.0000 -0.0872 -0.9962
vn 1.0000 -0.0000 0.0000
vn 1.0000 0.0000 0.0000
vn 0.0000 0.9962 -0.0872
vn 0.0000 0.9962 -0.0872
vn 0.0000 -0.9962 0.0872
vn 0.0000 -0.9962 0.0872
vn -1.0000 0.0000 0.0000
vn -1.0000 0.0000 0.0000
vn 0.0000 -0.0872 -0.9962
vn -0.0000 -0.0872 -0.9962
vn 1.0000 -0.0000 0.0000
vn 1.0000 0.0000 0.0000
vn 0.0000 0.9962 -0.0872
vn 0.0000 0.9962 -0.0872
vn 0.0000 -1.0000 0.0000
vn 0.0000 -1.0000 0.0000
vn 0.0000 -0.0000 1.0000
vn 0.0000 0.0000 1.0000
vn -1.0000 0.0000 0.0000
vn -1.0000 0.0000 0.0000
vn 1.0000 0.0000 0.0000
vn 1.0000 -0.0000 0.0000
usemtl Mat_AdobeDark
f 8//1 7//1 6//1
f 8//2 6//2 5//2
f 5//3 6//3 2//3
f 5//4 2//4 1//4
f 6//5 7//5 3//5
f 6//6 3//6 2//6
f 7//7 8//7 4//7
f 7//8 4//8 3//8
f 8//9 5//9 1//9
f 8//10 1//10 4//10
f 2//11 3//11 4//11
f 2//12 4//12 1//12
usemtl Mat_FadedWood
f 16//13 15//13 14//13
f 16//14 14//14 13//14
f 13//15 14//15 10//15
f 13//16 10//16 9//16
f 14//17 15//17 11//17
f 14//18 11//18 10//18
f 15//19 16//19 12//19
f 15//20 12//20 11//20
f 16//21 13//21 9//21
f 16//22 9//22 12//22
usemtl Mat_WoodMid
f 24//23 23//23 22//23
f 24//24 22//24 21//24
f 22//25 23//25 19//25
f 22//26 19//26 18//26
f 23//27 24//27 20//27
f 23//28 20//28 19//28
f 24//29 21//29 17//29
f 24//30 17//30 20//30
f 18//31 19//31 20//31
f 18//32 20//32 17//32
usemtl Mat_FadedWood
f 32//33 31//33 30//33
f 32//34 30//34 29//34
f 30//35 31//35 27//35
f 30//36 27//36 26//36
f 31//37 32//37 28//37
f 31//38 28//38 27//38
f 32//39 29//39 25//39
f 32//40 25//40 28//40
f 26//41 27//41 28//41
f 26//42 28//42 25//42
usemtl Mat_DarkWood
f 40//43 39//43 38//43
f 40//44 38//44 37//44
f 38//45 39//45 35//45
f 38//46 35//46 34//46
f 39//47 40//47 36//47
f 39//48 36//48 35//48
f 40//49 37//49 33//49
f 40//50 33//50 36//50
f 34//51 35//51 36//51
f 34//52 36//52 33//52
usemtl Mat_FadedWood
f 48//53 47//53 46//53
f 48//54 46//54 45//54
f 46//55 47//55 43//55
f 46//56 43//56 42//56
f 47//57 48//57 44//57
f 47//58 44//58 43//58
f 48//59 45//59 41//59
f 48//60 41//60 44//60
f 42//61 43//61 44//61
f 42//62 44//62 41//62
usemtl Mat_DarkWood
f 56//63 55//63 54//63
f 56//64 54//64 53//64
f 54//65 55//65 51//65
f 54//66 51//66 50//66
f 55//67 56//67 52//67
f 55//68 52//68 51//68
f 56//69 53//69 49//69
f 56//70 49//70 52//70
f 50//71 51//71 52//71
f 50//72 52//72 49//72
usemtl Mat_FadedWood
f 64//73 63//73 62//73
f 64//74 62//74 61//74
f 62//75 63//75 59//75
f 62//76 59//76 58//76
f 63//77 64//77 60//77
f 63//78 60//78 59//78
f 64//79 61//79 57//79
f 64//80 57//80 60//80
f 58//81 59//81 60//81
f 58//82 60//82 57//82
usemtl Mat_DarkWood
f 72//83 71//83 70//83
f 72//84 70//84 69//84
f 70//85 71//85 67//85
f 70//86 67//86 66//86
f 71//87 72//87 68//87
f 71//88 68//88 67//88
f 72//89 69//89 65//89
f 72//90 65//90 68//90
f 66//91 67//91 68//91
f 66//92 68//92 65//92
usemtl Mat_WoodMid
f 80//93 79//93 78//93
f 80//94 78//94 77//94
f 78//95 79//95 75//95
f 78//96 75//96 74//96
f 79//97 80//97 76//97
f 79//98 76//98 75//98
f 80//99 77//99 73//99
f 80//100 73//100 76//100
f 74//101 75//101 76//101
f 74//102 76//102 73//102
usemtl Mat_DarkWood
f 88//103 87//103 86//103
f 88//104 86//104 85//104
f 86//105 87//105 83//105
f 86//106 83//106 82//106
f 87//107 88//107 84//107
f 87//108 84//108 83//108
f 88//109 85//109 81//109
f 88//110 81//110 84//110
f 82//111 83//111 84//111
f 82//112 84//112 81//112
usemtl Mat_WoodMid
f 96//113 95//113 94//113
f 96//114 94//114 93//114
f 94//115 95//115 91//115
f 94//116 91//116 90//116
f 95//117 96//117 92//117
f 95//118 92//118 91//118
f 96//119 93//119 89//119
f 96//120 89//120 92//120
f 90//121 91//121 92//121
f 90//122 92//122 89//122
usemtl Mat_DarkWood
f 104//123 103//123 102//123
f 104//124 102//124 101//124
f 102//125 103//125 99//125
f 102//126 99//126 98//126
f 103//127 104//127 100//127
f 103//128 100//128 99//128
f 104//129 101//129 97//129
f 104//130 97//130 100//130
f 98//131 99//131 100//131
f 98//132 100//132 97//132
usemtl Mat_FadedWood
f 112//133 111//133 110//133
f 112//134 110//134 109//134
f 110//135 111//135 107//135
f 110//136 107//136 106//136
f 111//137 112//137 108//137
f 111//138 108//138 107//138
f 112//139 109//139 105//139
f 112//140 105//140 108//140
f 106//141 107//141 108//141
f 106//142 108//142 105//142
usemtl Mat_DarkWood
f 120//143 119//143 118//143
f 120//144 118//144 117//144
f 118//145 119//145 115//145
f 118//146 115//146 114//146
f 119//147 120//147 116//147
f 119//148 116//148 115//148
f 120//149 117//149 113//149
f 120//150 113//150 116//150
f 114//151 115//151 116//151
f 114//152 116//152 113//152
usemtl Mat_FadedWood
f 128//153 127//153 126//153
f 128//154 126//154 125//154
f 126//155 127//155 123//155
f 126//156 123//156 122//156
f 127//157 128//157 124//157
f 127//158 124//158 123//158
f 128//159 125//159 121//159
f 128//160 121//160 124//160
f 122//161 123//161 124//161
f 122//162 124//162 121//162
usemtl Mat_DarkWood
f 136//163 135//163 134//163
f 136//164 134//164 133//164
f 134//165 135//165 131//165
f 134//166 131//166 130//166
f 135//167 136//167 132//167
f 135//168 132//168 131//168
f 136//169 133//169 129//169
f 136//170 129//170 132//170
f 130//171 131//171 132//171
f 130//172 132//172 129//172
usemtl Mat_FadedWood
f 144//173 143//173 142//173
f 144//174 142//174 141//174
f 142//175 143//175 139//175
f 142//176 139//176 138//176
f 143//177 144//177 140//177
f 143//178 140//178 139//178
f 144//179 141//179 137//179
f 144//180 137//180 140//180
f 138//181 139//181 140//181
f 138//182 140//182 137//182
usemtl Mat_DarkWood
f 152//183 151//183 150//183
f 152//184 150//184 149//184
f 150//185 151//185 147//185
f 150//186 147//186 146//186
f 151//187 152//187 148//187
f 151//188 148//188 147//188
f 152//189 149//189 145//189
f 152//190 145//190 148//190
f 146//191 147//191 148//191
f 146//192 148//192 145//192
usemtl Mat_WoodMid
f 160//193 159//193 158//193
f 160//194 158//194 157//194
f 158//195 159//195 155//195
f 158//196 155//196 154//196
f 159//197 160//197 156//197
f 159//198 156//198 155//198
f 160//199 157//199 153//199
f 160//200 153//200 156//200
f 154//201 155//201 156//201
f 154//202 156//202 153//202
usemtl Mat_DarkWood
f 168//203 167//203 166//203
f 168//204 166//204 165//204
f 166//205 167//205 163//205
f 166//206 163//206 162//206
f 167//207 168//207 164//207
f 167//208 164//208 163//208
f 168//209 165//209 161//209
f 168//210 161//210 164//210
f 162//211 163//211 164//211
f 162//212 164//212 161//212
usemtl Mat_WoodMid
f 176//213 175//213 174//213
f 176//214 174//214 173//214
f 174//215 175//215 171//215
f 174//216 171//216 170//216
f 175//217 176//217 172//217
f 175//218 172//218 171//218
f 176//219 173//219 169//219
f 176//220 169//220 172//220
f 170//221 171//221 172//221
f 170//222 172//222 169//222
usemtl Mat_DarkWood
f 184//223 183//223 182//223
f 184//224 182//224 181//224
f 182//225 183//225 179//225
f 182//226 179//226 178//226
f 183//227 184//227 180//227
f 183//228 180//228 179//228
f 184//229 181//229 177//229
f 184//230 177//230 180//230
f 178//231 179//231 180//231
f 178//232 180//232 177//232
usemtl Mat_FadedWood
f 192//233 191//233 190//233
f 192//234 190//234 189//234
f 190//235 191//235 187//235
f 190//236 187//236 186//236
f 191//237 192//237 188//237
f 191//238 188//238 187//238
f 192//239 189//239 185//239
f 192//240 185//240 188//240
f 186//241 187//241 188//241
f 186//242 188//242 185//242
usemtl Mat_DarkWood
f 200//243 199//243 198//243
f 200//244 198//244 197//244
f 198//245 199//245 195//245
f 198//246 195//246 194//246
f 199//247 200//247 196//247
f 199//248 196//248 195//248
f 200//249 197//249 193//249
f 200//250 193//250 196//250
f 194//251 195//251 196//251
f 194//252 196//252 193//252
usemtl Mat_WoodMid
f 208//253 207//253 206//253
f 208//254 206//254 205//254
f 206//255 207//255 203//255
f 206//256 203//256 202//256
f 207//257 208//257 204//257
f 207//258 204//258 203//258
f 208//259 205//259 201//259
f 208//260 201//260 204//260
f 202//261 203//261 204//261
f 202//262 204//262 201//262
usemtl Mat_FadedWood
f 216//263 215//263 214//263
f 216//264 214//264 213//264
f 214//265 215//265 211//265
f 214//266 211//266 210//266
f 215//267 216//267 212//267
f 215//268 212//268 211//268
f 216//269 213//269 209//269
f 216//270 209//270 212//270
f 210//271 211//271 212//271
f 210//272 212//272 209//272
usemtl Mat_DarkWood
f 224//273 223//273 222//273
f 224//274 222//274 221//274
f 222//275 223//275 219//275
f 222//276 219//276 218//276
f 223//277 224//277 220//277
f 223//278 220//278 219//278
f 224//279 221//279 217//279
f 224//280 217//280 220//280
f 218//281 219//281 220//281
f 218//282 220//282 217//282
usemtl Mat_FadedWood
f 232//283 231//283 230//283
f 232//284 230//284 229//284
f 230//285 231//285 227//285
f 230//286 227//286 226//286
f 231//287 232//287 228//287
f 231//288 228//288 227//288
f 232//289 229//289 225//289
f 232//290 225//290 228//290
f 226//291 227//291 228//291
f 226//292 228//292 225//292
usemtl Mat_DarkWood
f 240//293 239//293 238//293
f 240//294 238//294 237//294
f 238//295 239//295 235//295
f 238//296 235//296 234//296
f 239//297 240//297 236//297
f 239//298 236//298 235//298
f 240//299 237//299 233//299
f 240//300 233//300 236//300
f 234//301 235//301 236//301
f 234//302 236//302 233//302
usemtl Mat_FadedWood
f 248//303 247//303 246//303
f 248//304 246//304 245//304
f 246//305 247//305 243//305
f 246//306 243//306 242//306
f 247//307 248//307 244//307
f 247//308 244//308 243//308
f 248//309 245//309 241//309
f 248//310 241//310 244//310
f 242//311 243//311 244//311
f 242//312 244//312 241//312
usemtl Mat_DarkWood
f 256//313 255//313 254//313
f 256//314 254//314 253//314
f 254//315 255//315 251//315
f 254//316 251//316 250//316
f 255//317 256//317 252//317
f 255//318 252//318 251//318
f 256//319 253//319 249//319
f 256//320 249//320 252//320
f 250//321 251//321 252//321
f 250//322 252//322 249//322
usemtl Mat_WoodMid
f 264//323 263//323 262//323
f 264//324 262//324 261//324
f 262//325 263//325 259//325
f 262//326 259//326 258//326
f 263//327 264//327 260//327
f 263//328 260//328 259//328
f 264//329 261//329 257//329
f 264//330 257//330 260//330
f 258//331 259//331 260//331
f 258//332 260//332 257//332
usemtl Mat_DarkWood
f 272//333 271//333 270//333
f 272//334 270//334 269//334
f 270//335 271//335 267//335
f 270//336 267//336 266//336
f 271//337 272//337 268//337
f 271//338 268//338 267//338
f 272//339 269//339 265//339
f 272//340 265//340 268//340
f 266//341 267//341 268//341
f 266//342 268//342 265//342
usemtl Mat_WoodMid
f 280//343 279//343 278//343
f 280//344 278//344 277//344
f 278//345 279//345 275//345
f 278//346 275//346 274//346
f 279//347 280//347 276//347
f 279//348 276//348 275//348
f 280//349 277//349 273//349
f 280//350 273//350 276//350
f 274//351 275//351 276//351
f 274//352 276//352 273//352
usemtl Mat_DarkWood
f 288//353 287//353 286//353
f 288//354 286//354 285//354
f 286//355 287//355 283//355
f 286//356 283//356 282//356
f 287//357 288//357 284//357
f 287//358 284//358 283//358
f 288//359 285//359 281//359
f 288//360 281//360 284//360
f 282//361 283//361 284//361
f 282//362 284//362 281//362
usemtl Mat_FadedWood
f 296//363 295//363 294//363
f 296//364 294//364 293//364
f 294//365 295//365 291//365
f 294//366 291//366 290//366
f 295//367 296//367 292//367
f 295//368 292//368 291//368
f 296//369 293//369 289//369
f 296//370 289//370 292//370
f 290//371 291//371 292//371
f 290//372 292//372 289//372
usemtl Mat_DarkWood
f 304//373 303//373 302//373
f 304//374 302//374 301//374
f 302//375 303//375 299//375
f 302//376 299//376 298//376
f 303//377 304//377 300//377
f 303//378 300//378 299//378
f 304//379 301//379 297//379
f 304//380 297//380 300//380
f 298//381 299//381 300//381
f 298//382 300//382 297//382
usemtl Mat_FadedWood
f 312//383 311//383 310//383
f 312//384 310//384 309//384
f 310//385 311//385 307//385
f 310//386 307//386 306//386
f 311//387 312//387 308//387
f 311//388 308//388 307//388
f 312//389 309//389 305//389
f 312//390 305//390 308//390
f 306//391 307//391 308//391
f 306//392 308//392 305//392
usemtl Mat_DarkWood
f 320//393 319//393 318//393
f 320//394 318//394 317//394
f 318//395 319//395 315//395
f 318//396 315//396 314//396
f 319//397 320//397 316//397
f 319//398 316//398 315//398
f 320//399 317//399 313//399
f 320//400 313//400 316//400
f 314//401 315//401 316//401
f 314//402 316//402 313//402
usemtl Mat_FadedWood
f 328//403 327//403 326//403
f 328//404 326//404 325//404
f 326//405 327//405 323//405
f 326//406 323//406 322//406
f 327//407 328//407 324//407
f 327//408 324//408 323//408
f 328//409 325//409 321//409
f 328//410 321//410 324//410
f 322//411 323//411 324//411
f 322//412 324//412 321//412
usemtl Mat_DarkWood
f 336//413 335//413 334//413
f 336//414 334//414 333//414
f 334//415 335//415 331//415
f 334//416 331//416 330//416
f 335//417 336//417 332//417
f 335//418 332//418 331//418
f 336//419 333//419 329//419
f 336//420 329//420 332//420
f 330//421 331//421 332//421
f 330//422 332//422 329//422
usemtl Mat_WoodMid
f 344//423 343//423 342//423
f 344//424 342//424 341//424
f 342//425 343//425 339//425
f 342//426 339//426 338//426
f 343//427 344//427 340//427
f 343//428 340//428 339//428
f 344//429 341//429 337//429
f 344//430 337//430 340//430
f 338//431 339//431 340//431
f 338//432 340//432 337//432
usemtl Mat_DarkWood
f 352//433 351//433 350//433
f 352//434 350//434 349//434
f 350//435 351//435 347//435
f 350//436 347//436 346//436
f 351//437 352//437 348//437
f 351//438 348//438 347//438
f 352//439 349//439 345//439
f 352//440 345//440 348//440
f 346//441 347//441 348//441
f 346//442 348//442 345//442
usemtl Mat_WoodMid
f 360//443 359//443 358//443
f 360//444 358//444 357//444
f 358//445 359//445 355//445
f 358//446 355//446 354//446
f 359//447 360//447 356//447
f 359//448 356//448 355//448
f 360//449 357//449 353//449
f 360//450 353//450 356//450
f 354//451 355//451 356//451
f 354//452 356//452 353//452
usemtl Mat_DarkWood
f 368//453 367//453 366//453
f 368//454 366//454 365//454
f 366//455 367//455 363//455
f 366//456 363//456 362//456
f 367//457 368//457 364//457
f 367//458 364//458 363//458
f 368//459 365//459 361//459
f 368//460 361//460 364//460
f 362//461 363//461 364//461
f 362//462 364//462 361//462
usemtl Mat_FadedWood
f 376//463 375//463 374//463
f 376//464 374//464 373//464
f 374//465 375//465 371//465
f 374//466 371//466 370//466
f 375//467 376//467 372//467
f 375//468 372//468 371//468
f 376//469 373//469 369//469
f 376//470 369//470 372//470
f 370//471 371//471 372//471
f 370//472 372//472 369//472
usemtl Mat_DarkWood
f 384//473 383//473 382//473
f 384//474 382//474 381//474
f 382//475 383//475 379//475
f 382//476 379//476 378//476
f 383//477 384//477 380//477
f 383//478 380//478 379//478
f 384//479 381//479 377//479
f 384//480 377//480 380//480
f 378//481 379//481 380//481
f 378//482 380//482 377//482
usemtl Mat_FadedWood
f 392//483 391//483 390//483
f 392//484 390//484 389//484
f 390//485 391//485 387//485
f 390//486 387//486 386//486
f 391//487 392//487 388//487
f 391//488 388//488 387//488
f 392//489 389//489 385//489
f 392//490 385//490 388//490
f 386//491 387//491 388//491
f 386//492 388//492 385//492
usemtl Mat_DarkWood
f 400//493 399//493 398//493
f 400//494 398//494 397//494
f 398//495 399//495 395//495
f 398//496 395//496 394//496
f 399//497 400//497 396//497
f 399//498 396//498 395//498
f 400//499 397//499 393//499
f 400//500 393//500 396//500
f 394//501 395//501 396//501
f 394//502 396//502 393//502
f 408//503 407//503 406//503
f 408//504 406//504 405//504
f 405//505 406//505 402//505
f 405//506 402//506 401//506
f 406//507 407//507 403//507
f 406//508 403//508 402//508
f 407//509 408//509 404//509
f 407//510 404//510 403//510
f 408//511 405//511 401//511
f 408//512 401//512 404//512
f 402//513 403//513 404//513
f 402//514 404//514 401//514
usemtl Mat_RoofDark
f 416//515 415//515 414//515
f 416//516 414//516 413//516
f 413//517 414//517 410//517
f 413//518 410//518 409//518
f 414//519 415//519 411//519
f 414//520 411//520 410//520
f 415//521 416//521 412//521
f 415//522 412//522 411//522
f 416//523 413//523 409//523
f 416//524 409//524 412//524
f 410//525 411//525 412//525
f 410//526 412//526 409//526
f 424//527 423//527 422//527
f 424//528 422//528 421//528
f 421//529 422//529 418//529
f 421//530 418//530 417//530
f 422//531 423//531 419//531
f 422//532 419//532 418//532
f 423//533 424//533 420//533
f 423//534 420//534 419//534
f 424//535 421//535 417//535
f 424//536 417//536 420//536
f 418//537 419//537 420//537
f 418//538 420//538 417//538
f 432//539 431//539 430//539
f 432//540 430//540 429//540
f 429//541 430//541 426//541
f 429//542 426//542 425//542
f 430//543 431//543 427//543
f 430//544 427//544 426//544
f 431//545 432//545 428//545
f 431//546 428//546 427//546
f 432//547 429//547 425//547
f 432//548 425//548 428//548
f 426//549 427//549 428//549
f 426//550 428//550 425//550
f 440//551 439//551 438//551
f 440//552 438//552 437//552
f 437//553 438//553 434//553
f 437//554 434//554 433//554
f 438//555 439//555 435//555
f 438//556 435//556 434//556
f 439//557 440//557 436//557
f 439//558 436//558 435//558
f 440//559 437//559 433//559
f 440//560 433//560 436//560
f 434//561 435//561 436//561
f 434//562 436//562 433//562
f 448//563 447//563 446//563
f 448//564 446//564 445//564
f 445//565 446//565 442//565
f 445//566 442//566 441//566
f 446//567 447//567 443//567
f 446//568 443//568 442//568
f 447//569 448//569 444//569
f 447//570 444//570 443//570
f 448//571 445//571 441//571
f 448//572 441//572 444//572
f 442//573 443//573 444//573
f 442//574 444//574 441//574
f 456//575 455//575 454//575
f 456//576 454//576 453//576
f 453//577 454//577 450//577
f 453//578 450//578 449//578
f 454//579 455//579 451//579
f 454//580 451//580 450//580
f 455//581 456//581 452//581
f 455//582 452//582 451//582
f 456//583 453//583 449//583
f 456//584 449//584 452//584
f 450//585 451//585 452//585
f 450//586 452//586 449//586
f 464//587 463//587 462//587
f 464//588 462//588 461//588
f 461//589 462//589 458//589
f 461//590 458//590 457//590
f 462//591 463//591 459//591
f 462//592 459//592 458//592
f 463//593 464//593 460//593
f 463//594 460//594 459//594
f 464//595 461//595 457//595
f 464//596 457//596 460//596
f 458//597 459//597 460//597
f 458//598 460//598 457//598
f 472//599 471//599 470//599
f 472//600 470//600 469//600
f 469//601 470//601 466//601
f 469//602 466//602 465//602
f 470//603 471//603 467//603
f 470//604 467//604 466//604
f 471//605 472//605 468//605
f 471//606 468//606 467//606
f 472//607 469//607 465//607
f 472//608 465//608 468//608
f 466//609 467//609 468//609
f 466//610 468//610 465//610
f 480//611 479//611 478//611
f 480//612 478//612 477//612
f 477//613 478//613 474//613
f 477//614 474//614 473//614
f 478//615 479//615 475//615
f 478//616 475//616 474//616
f 479//617 480//617 476//617
f 479//618 476//618 475//618
f 480//619 477//619 473//619
f 480//620 473//620 476//620
f 474//621 475//621 476//621
f 474//622 476//622 473//622
f 488//623 487//623 486//623
f 488//624 486//624 485//624
f 485//625 486//625 482//625
f 485//626 482//626 481//626
f 486//627 487//627 483//627
f 486//628 483//628 482//628
f 487//629 488//629 484//629
f 487//630 484//630 483//630
f 488//631 485//631 481//631
f 488//632 481//632 484//632
f 482//633 483//633 484//633
f 482//634 484//634 481//634
f 496//635 495//635 494//635
f 496//636 494//636 493//636
f 493//637 494//637 490//637
f 493//638 490//638 489//638
f 494//639 495//639 491//639
f 494//640 491//640 490//640
f 495//641 496//641 492//641
f 495//642 492//642 491//642
f 496//643 493//643 489//643
f 496//644 489//644 492//644
f 490//645 491//645 492//645
f 490//646 492//646 489//646
f 504//647 503//647 502//647
f 504//648 502//648 501//648
f 501//649 502//649 498//649
f 501//650 498//650 497//650
f 502//651 503//651 499//651
f 502//652 499//652 498//652
f 503//653 504//653 500//653
f 503//654 500//654 499//654
f 504//655 501//655 497//655
f 504//656 497//656 500//656
f 498//657 499//657 500//657
f 498//658 500//658 497//658
usemtl Mat_Bone
f 512//659 511//659 510//659
f 512//660 510//660 509//660
f 509//661 510//661 506//661
f 509//662 506//662 505//662
f 510//663 511//663 507//663
f 510//664 507//664 506//664
f 511//665 512//665 508//665
f 511//666 508//666 507//666
f 512//667 509//667 505//667
f 512//668 505//668 508//668
f 506//669 507//669 508//669
f 506//670 508//670 505//670
f 520//671 519//671 518//671
f 520//672 518//672 517//672
f 517//673 518//673 514//673
f 517//674 514//674 513//674
f 518//675 519//675 515//675
f 518//676 515//676 514//676
f 519//677 520//677 516//677
f 519//678 516//678 515//678
f 520//679 517//679 513//679
f 520//680 513//680 516//680
f 514//681 515//681 516//681
f 514//682 516//682 513//682
f 528//683 527//683 526//683
f 528//684 526//684 525//684
f 525//685 526//685 522//685
f 525//686 522//686 521//686
f 526//687 527//687 523//687
f 526//688 523//688 522//688
f 527//689 528//689 524//689
f 527//690 524//690 523//690
f 528//691 525//691 521//691
f 528//692 521//692 524//692
f 522//693 523//693 524//693
f 522//694 524//694 521//694
f 536//695 535//695 534//695
f 536//696 534//696 533//696
f 533//697 534//697 530//697
f 533//698 530//698 529//698
f 534//699 535//699 531//699
f 534//700 531//700 530//700
f 535//701 536//701 532//701
f 535//702 532//702 531//702
f 536//703 533//703 529//703
f 536//704 529//704 532//704
f 530//705 531//705 532//705
f 530//706 532//706 529//706
usemtl Mat_PaintedWoodDark
f 544//707 537//707 538//707
f 538//708 539//708 540//708
f 540//709 541//709 542//709
f 538//710 540//710 542//710
f 538//711 542//711 543//711
f 538//712 543//712 544//712
f 546//713 545//713 552//713
f 548//714 547//714 546//714
f 550//715 549//715 548//715
f 550//716 548//716 546//716
f 551//717 550//717 546//717
f 552//718 551//718 546//718
f 537//719 545//719 546//719
f 537//720 546//720 538//720
f 538//721 546//721 547//721
f 538//722 547//722 539//722
f 539//723 547//723 548//723
f 539//724 548//724 540//724
f 540//725 548//725 549//725
f 540//726 549//726 541//726
f 541//727 549//727 550//727
f 541//728 550//728 542//728
f 542//729 550//729 551//729
f 542//730 551//730 543//730
f 543//731 551//731 552//731
f 543//732 552//732 544//732
f 544//733 552//733 545//733
f 544//734 545//734 537//734
usemtl Mat_PaintedWood
f 560//735 559//735 558//735
f 560//736 558//736 557//736
f 558//737 559//737 555//737
f 558//738 555//738 554//738
f 559//739 560//739 556//739
f 559//740 556//740 555//740
f 560//741 557//741 553//741
f 560//742 553//742 556//742
f 554//743 555//743 556//743
f 554//744 556//744 553//744
f 568//745 567//745 566//745
f 568//746 566//746 565//746
f 566//747 567//747 563//747
f 566//748 563//748 562//748
f 567//749 568//749 564//749
f 567//750 564//750 563//750
f 568//751 565//751 561//751
f 568//752 561//752 564//752
f 562//753 563//753 564//753
f 562//754 564//754 561//754
usemtl Mat_PaintedWoodDark
f 576//755 575//755 574//755
f 576//756 574//756 573//756
f 574//757 575//757 571//757
f 574//758 571//758 570//758
f 575//759 576//759 572//759
f 575//760 572//760 571//760
f 576//761 573//761 569//761
f 576//762 569//762 572//762
f 570//763 571//763 572//763
f 570//764 572//764 569//764
usemtl Mat_PaintedWood
f 584//765 583//765 582//765
f 584//766 582//766 581//766
f 582//767 583//767 579//767
f 582//768 579//768 578//768
f 583//769 584//769 580//769
f 583//770 580//770 579//770
f 584//771 581//771 577//771
f 584//772 577//772 580//772
f 578//773 579//773 580//773
f 578//774 580//774 577//774
usemtl Mat_PaintedWoodDark
f 592//775 591//775 590//775
f 592//776 590//776 589//776
f 590//777 591//777 587//777
f 590//778 587//778 586//778
f 591//779 592//779 588//779
f 591//780 588//780 587//780
f 592//781 589//781 585//781
f 592//782 585//782 588//782
f 586//783 587//783 588//783
f 586//784 588//784 585//784
usemtl Mat_PaintedWood
f 600//785 599//785 598//785
f 600//786 598//786 597//786
f 598//787 599//787 595//787
f 598//788 595//788 594//788
f 599//789 600//789 596//789
f 599//790 596//790 595//790
f 600//791 597//791 593//791
f 600//792 593//792 596//792
f 594//793 595//793 596//793
f 594//794 596//794 593//794
f 608//795 607//795 606//795
f 608//796 606//796 605//796
f 606//797 607//797 603//797
f 606//798 603//798 602//798
f 607//799 608//799 604//799
f 607//800 604//800 603//800
f 608//801 605//801 601//801
f 608//802 601//802 604//802
f 602//803 603//803 604//803
f 602//804 604//804 601//804
usemtl Mat_PaintedWoodDark
f 616//805 615//805 614//805
f 616//806 614//806 613//806
f 614//807 615//807 611//807
f 614//808 611//808 610//808
f 615//809 616//809 612//809
f 615//810 612//810 611//810
f 616//811 613//811 609//811
f 616//812 609//812 612//812
f 610//813 611//813 612//813
f 610//814 612//814 609//814
usemtl Mat_PaintedWood
f 624//815 623//815 622//815
f 624//816 622//816 621//816
f 622//817 623//817 619//817
f 622//818 619//818 618//818
f 623//819 624//819 620//819
f 623//820 620//820 619//820
f 624//821 621//821 617//821
f 624//822 617//822 620//822
f 618//823 619//823 620//823
f 618//824 620//824 617//824
f 632//825 631//825 630//825
f 632//826 630//826 629//826
f 630//827 631//827 627//827
f 630//828 627//828 626//828
f 631//829 632//829 628//829
f 631//830 628//830 627//830
f 632//831 629//831 625//831
f 632//832 625//832 628//832
f 626//833 627//833 628//833
f 626//834 628//834 625//834
usemtl Mat_PaintedWoodDark
f 640//835 639//835 638//835
f 640//836 638//836 637//836
f 638//837 639//837 635//837
f 638//838 635//838 634//838
f 639//839 640//839 636//839
f 639//840 636//840 635//840
f 640//841 637//841 633//841
f 640//842 633//842 636//842
f 634//843 635//843 636//843
f 634//844 636//844 633//844
usemtl Mat_PaintedWood
f 648//845 647//845 646//845
f 648//846 646//846 645//846
f 646//847 647//847 643//847
f 646//848 643//848 642//848
f 647//849 648//849 644//849
f 647//850 644//850 643//850
f 648//851 645//851 641//851
f 648//852 641//852 644//852
f 642//853 643//853 644//853
f 642//854 644//854 641//854
usemtl Mat_PaintedWoodDark
f 656//855 655//855 654//855
f 656//856 654//856 653//856
f 654//857 655//857 651//857
f 654//858 651//858 650//858
f 655//859 656//859 652//859
f 655//860 652//860 651//860
f 656//861 653//861 649//861
f 656//862 649//862 652//862
f 650//863 651//863 652//863
f 650//864 652//864 649//864
usemtl Mat_PaintedWood
f 664//865 663//865 662//865
f 664//866 662//866 661//866
f 662//867 663//867 659//867
f 662//868 659//868 658//868
f 663//869 664//869 660//869
f 663//870 660//870 659//870
f 664//871 661//871 657//871
f 664//872 657//872 660//872
f 658//873 659//873 660//873
f 658//874 660//874 657//874
f 672//875 671//875 670//875
f 672//876 670//876 669//876
f 670//877 671//877 667//877
f 670//878 667//878 666//878
f 671//879 672//879 668//879
f 671//880 668//880 667//880
f 672//881 669//881 665//881
f 672//882 665//882 668//882
f 666//883 667//883 668//883
f 666//884 668//884 665//884
f 680//885 679//885 678//885
f 680//886 678//886 677//886
f 678//887 679//887 675//887
f 678//888 675//888 674//888
f 679//889 680//889 676//889
f 679//890 676//890 675//890
f 680//891 677//891 673//891
f 680//892 673//892 676//892
f 674//893 675//893 676//893
f 674//894 676//894 673//894
usemtl Mat_Bone
f 681//895 682//895 686//895
f 681//896 686//896 685//896
f 682//897 683//897 687//897
f 682//898 687//898 686//898
f 683//899 684//899 688//899
f 683//900 688//900 687//900
f 684//901 681//901 685//901
f 684//902 685//902 688//902
f 685//903 686//903 690//903
f 685//904 690//904 689//904
f 686//905 687//905 691//905
f 686//906 691//906 690//906
f 687//907 688//907 692//907
f 687//908 692//908 691//908
f 688//909 685//909 689//909
f 688//910 689//910 692//910
f 689//911 690//911 694//911
f 689//912 694//912 693//912
f 690//913 691//913 695//913
f 690//914 695//914 694//914
f 691//915 692//915 696//915
f 691//916 696//916 695//916
f 692//917 689//917 693//917
f 692//918 693//918 696//918
f 693//919 694//919 698//919
f 693//920 698//920 697//920
f 694//921 695//921 699//921
f 694//922 699//922 698//922
f 695//923 696//923 700//923
f 695//924 700//924 699//924
f 696//925 693//925 697//925
f 696//926 697//926 700//926
f 697//927 698//927 702//927
f 697//928 702//928 701//928
f 698//929 699//929 703//929
f 698//930 703//930 702//930
f 699//931 700//931 704//931
f 699//932 704//932 703//932
f 700//933 697//933 701//933
f 700//934 701//934 704//934
f 684//935 683//935 682//935
f 684//936 682//936 681//936
f 701//937 702//937 703//937
f 701//938 703//938 704//938
f 712//939 711//939 710//939
f 712//940 710//940 709//940
f 709//941 710//941 706//941
f 709//942 706//942 705//942
f 710//943 711//943 707//943
f 710//944 707//944 706//944
f 711//945 712//945 708//945
f 711//946 708//946 707//946
f 712//947 709//947 705//947
f 712//948 705//948 708//948
f 706//949 707//949 708//949
f 706//950 708//950 705//950
usemtl Mat_Brass
f 714//951 715//951 713//951
f 715//952 716//952 713//952
f 716//953 717//953 713//953
f 717//954 718//954 713//954
f 718//955 719//955 713//955
f 719//956 714//956 713//956
f 720//957 721//957 715//957
f 720//958 715//958 714//958
f 721//959 722//959 716//959
f 721//960 716//960 715//960
f 722//961 723//961 717//961
f 722//962 717//962 716//962
f 723//963 724//963 718//963
f 723//964 718//964 717//964
f 724//965 725//965 719//965
f 724//966 719//966 718//966
f 725//967 720//967 714//967
f 725//968 714//968 719//968
f 726//969 721//969 720//969
f 726//970 722//970 721//970
f 726//971 723//971 722//971
f 726//972 724//972 723//972
f 726//973 725//973 724//973
f 726//974 720//974 725//974
usemtl Mat_Bone
f 734//975 733//975 732//975
f 734//976 732//976 731//976
f 731//977 732//977 728//977
f 731//978 728//978 727//978
f 732//979 733//979 729//979
f 732//980 729//980 728//980
f 733//981 734//981 730//981
f 733//982 730//982 729//982
f 734//983 731//983 727//983
f 734//984 727//984 730//984
f 728//985 729//985 730//985
f 728//986 730//986 727//986
usemtl Mat_Brass
f 736//987 737//987 735//987
f 737//988 738//988 735//988
f 738//989 739//989 735//989
f 739//990 740//990 735//990
f 740//991 741//991 735//991
f 741//992 736//992 735//992
f 742//993 743//993 737//993
f 742//994 737//994 736//994
f 743//995 744//995 738//995
f 743//996 738//996 737//996
f 744//997 745//997 739//997
f 744//998 739//998 738//998
f 745//999 746//999 740//999
f 745//1000 740//1000 739//1000
f 746//1001 747//1001 741//1001
f 746//1002 741//1002 740//1002
f 747//1003 742//1003 736//1003
f 747//1004 736//1004 741//1004
f 748//1005 743//1005 742//1005
f 748//1006 744//1006 743//1006
f 748//1007 745//1007 744//1007
f 748//1008 746//1008 745//1008
f 748//1009 747//1009 746//1009
f 748//1010 742//1010 747//1010
usemtl Mat_Bone
f 756//1011 755//1011 754//1011
f 756//1012 754//1012 753//1012
f 753//1013 754//1013 750//1013
f 753//1014 750//1014 749//1014
f 754//1015 755//1015 751//1015
f 754//1016 751//1016 750//1016
f 755//1017 756//1017 752//1017
f 755//1018 752//1018 751//1018
f 756//1019 753//1019 749//1019
f 756//1020 749//1020 752//1020
f 750//1021 751//1021 752//1021
f 750//1022 752//1022 749//1022
f 764//1023 763//1023 762//1023
f 764//1024 762//1024 761//1024
f 761//1025 762//1025 758//1025
f 761//1026 758//1026 757//1026
f 762//1027 763//1027 759//1027
f 762//1028 759//1028 758//1028
f 763//1029 764//1029 760//1029
f 763//1030 760//1030 759//1030
f 764//1031 761//1031 757//1031
f 764//1032 757//1032 760//1032
f 758//1033 759//1033 760//1033
f 758//1034 760//1034 757//1034
f 772//1035 771//1035 770//1035
f 772//1036 770//1036 769//1036
f 769//1037 770//1037 766//1037
f 769//1038 766//1038 765//1038
f 770//1039 771//1039 767//1039
f 770//1040 767//1040 766//1040
f 771//1041 772//1041 768//1041
f 771//1042 768//1042 767//1042
f 772//1043 769//1043 765//1043
f 772//1044 765//1044 768//1044
f 766//1045 767//1045 768//1045
f 766//1046 768//1046 765//1046
f 780//1047 779//1047 778//1047
f 780//1048 778//1048 777//1048
f 777//1049 778//1049 774//1049
f 777//1050 774//1050 773//1050
f 778//1051 779//1051 775//1051
f 778//1052 775//1052 774//1052
f 779//1053 780//1053 776//1053
f 779//1054 776//1054 775//1054
f 780//1055 777//1055 773//1055
f 780//1056 773//1056 776//1056
f 774//1057 775//1057 776//1057
f 774//1058 776//1058 773//1058
f 788//1059 787//1059 786//1059
f 788//1060 786//1060 785//1060
f 785//1061 786//1061 782//1061
f 785//1062 782//1062 781//1062
f 786//1063 787//1063 783//1063
f 786//1064 783//1064 782//1064
f 787//1065 788//1065 784//1065
f 787//1066 784//1066 783//1066
f 788//1067 785//1067 781//1067
f 788//1068 781//1068 784//1068
f 782//1069 783//1069 784//1069
f 782//1070 784//1070 781//1070
f 796//1071 795//1071 794//1071
f 796//1072 794//1072 793//1072
f 793//1073 794//1073 790//1073
f 793//1074 790//1074 789//1074
f 794//1075 795//1075 791//1075
f 794//1076 791//1076 790//1076
f 795//1077 796//1077 792//1077
f 795//1078 792//1078 791//1078
f 796//1079 793//1079 789//1079
f 796//1080 789//1080 792//1080
f 790//1081 791//1081 792//1081
f 790//1082 792//1082 789//1082
f 804//1083 803//1083 802//1083
f 804//1084 802//1084 801//1084
f 801//1085 802//1085 798//1085
f 801//1086 798//1086 797//1086
f 802//1087 803//1087 799//1087
f 802//1088 799//1088 798//1088
f 803//1089 804//1089 800//1089
f 803//1090 800//1090 799//1090
f 804//1091 801//1091 797//1091
f 804//1092 797//1092 800//1092
f 798//1093 799//1093 800//1093
f 798//1094 800//1094 797//1094
f 812//1095 811//1095 810//1095
f 812//1096 810//1096 809//1096
f 809//1097 810//1097 806//1097
f 809//1098 806//1098 805//1098
f 810//1099 811//1099 807//1099
f 810//1100 807//1100 806//1100
f 811//1101 812//1101 808//1101
f 811//1102 808//1102 807//1102
f 812//1103 809//1103 805//1103
f 812//1104 805//1104 808//1104
f 806//1105 807//1105 808//1105
f 806//1106 808//1106 805//1106
f 820//1107 819//1107 818//1107
f 820//1108 818//1108 817//1108
f 817//1109 818//1109 814//1109
f 817//1110 814//1110 813//1110
f 818//1111 819//1111 815//1111
f 818//1112 815//1112 814//1112
f 819//1113 820//1113 816//1113
f 819//1114 816//1114 815//1114
f 820//1115 817//1115 813//1115
f 820//1116 813//1116 816//1116
f 814//1117 815//1117 816//1117
f 814//1118 816//1118 813//1118
f 828//1119 827//1119 826//1119
f 828//1120 826//1120 825//1120
f 825//1121 826//1121 822//1121
f 825//1122 822//1122 821//1122
f 826//1123 827//1123 823//1123
f 826//1124 823//1124 822//1124
f 827//1125 828//1125 824//1125
f 827//1126 824//1126 823//1126
f 828//1127 825//1127 821//1127
f 828//1128 821//1128 824//1128
f 822//1129 823//1129 824//1129
f 822//1130 824//1130 821//1130
f 836//1131 835//1131 834//1131
f 836//1132 834//1132 833//1132
f 833//1133 834//1133 830//1133
f 833//1134 830//1134 829//1134
f 834//1135 835//1135 831//1135
f 834//1136 831//1136 830//1136
f 835//1137 836//1137 832//1137
f 835//1138 832//1138 831//1138
f 836//1139 833//1139 829//1139
f 836//1140 829//1140 832//1140
f 830//1141 831//1141 832//1141
f 830//1142 832//1142 829//1142
f 844//1143 843//1143 842//1143
f 844//1144 842//1144 841//1144
f 841//1145 842//1145 838//1145
f 841//1146 838//1146 837//1146
f 842//1147 843//1147 839//1147
f 842//1148 839//1148 838//1148
f 843//1149 844//1149 840//1149
f 843//1150 840//1150 839//1150
f 844//1151 841//1151 837//1151
f 844//1152 837//1152 840//1152
f 838//1153 839//1153 840//1153
f 838//1154 840//1154 837//1154
f 852//1155 851//1155 850//1155
f 852//1156 850//1156 849//1156
f 849//1157 850//1157 846//1157
f 849//1158 846//1158 845//1158
f 850//1159 851//1159 847//1159
f 850//1160 847//1160 846//1160
f 851//1161 852//1161 848//1161
f 851//1162 848//1162 847//1162
f 852//1163 849//1163 845//1163
f 852//1164 845//1164 848//1164
f 846//1165 847//1165 848//1165
f 846//1166 848//1166 845//1166
usemtl Mat_DarkWood
f 860//1167 859//1167 858//1167
f 860//1168 858//1168 857//1168
f 857//1169 858//1169 854//1169
f 857//1170 854//1170 853//1170
f 858//1171 859//1171 855//1171
f 858//1172 855//1172 854//1172
f 859//1173 860//1173 856//1173
f 859//1174 856//1174 855//1174
f 860//1175 857//1175 853//1175
f 860//1176 853//1176 856//1176
f 854//1177 855//1177 856//1177
f 854//1178 856//1178 853//1178
usemtl Mat_NeonAmber
f 861//1179 862//1179 863//1179
f 861//1180 863//1180 864//1180
f 865//1181 866//1181 867//1181
f 865//1182 867//1182 868//1182
f 869//1183 870//1183 871//1183
f 869//1184 871//1184 872//1184
f 873//1185 874//1185 875//1185
f 873//1186 875//1186 876//1186
f 877//1187 878//1187 879//1187
f 877//1188 879//1188 880//1188
f 881//1189 882//1189 883//1189
f 881//1190 883//1190 884//1190
f 885//1191 886//1191 887//1191
f 885//1192 887//1192 888//1192
f 889//1193 890//1193 891//1193
f 889//1194 891//1194 892//1194
f 893//1195 894//1195 895//1195
f 893//1196 895//1196 896//1196
f 897//1197 898//1197 899//1197
f 897//1198 899//1198 900//1198
f 901//1199 902//1199 903//1199
f 901//1200 903//1200 904//1200
f 905//1201 906//1201 907//1201
f 905//1202 907//1202 908//1202
f 909//1203 910//1203 911//1203
f 909//1204 911//1204 912//1204
f 913//1205 914//1205 915//1205
f 913//1206 915//1206 916//1206
f 917//1207 918//1207 919//1207
f 917//1208 919//1208 920//1208
f 921//1209 922//1209 923//1209
f 921//1210 923//1210 924//1210
f 925//1211 926//1211 927//1211
f 925//1212 927//1212 928//1212
f 929//1213 930//1213 931//1213
f 929//1214 931//1214 932//1214
f 933//1215 934//1215 935//1215
f 933//1216 935//1216 936//1216
f 937//1217 938//1217 939//1217
f 937//1218 939//1218 940//1218
f 941//1219 942//1219 943//1219
f 941//1220 943//1220 944//1220
f 945//1221 946//1221 947//1221
f 945//1222 947//1222 948//1222
f 949//1223 950//1223 951//1223
f 949//1224 951//1224 952//1224
usemtl Mat_Brass
f 960//1225 959//1225 958//1225
f 960//1226 958//1226 957//1226
f 957//1227 958//1227 954//1227
f 957//1228 954//1228 953//1228
f 958//1229 959//1229 955//1229
f 958//1230 955//1230 954//1230
f 959//1231 960//1231 956//1231
f 959//1232 956//1232 955//1232
f 960//1233 957//1233 953//1233
f 960//1234 953//1234 956//1234
f 954//1235 955//1235 956//1235
f 954//1236 956//1236 953//1236
f 968//1237 967//1237 966//1237
f 968//1238 966//1238 965//1238
f 965//1239 966//1239 962//1239
f 965//1240 962//1240 961//1240
f 966//1241 967//1241 963//1241
f 966//1242 963//1242 962//1242
f 967//1243 968//1243 964//1243
f 967//1244 964//1244 963//1244
f 968//1245 965//1245 961//1245
f 968//1246 961//1246 964//1246
f 962//1247 963//1247 964//1247
f 962//1248 964//1248 961//1248
f 976//1249 975//1249 974//1249
f 976//1250 974//1250 973//1250
f 973//1251 974//1251 970//1251
f 973//1252 970//1252 969//1252
f 974//1253 975//1253 971//1253
f 974//1254 971//1254 970//1254
f 975//1255 976//1255 972//1255
f 975//1256 972//1256 971//1256
f 976//1257 973//1257 969//1257
f 976//1258 969//1258 972//1258
f 970//1259 971//1259 972//1259
f 970//1260 972//1260 969//1260
f 984//1261 983//1261 982//1261
f 984//1262 982//1262 981//1262
f 981//1263 982//1263 978//1263
f 981//1264 978//1264 977//1264
f 982//1265 983//1265 979//1265
f 982//1266 979//1266 978//1266
f 983//1267 984//1267 980//1267
f 983//1268 980//1268 979//1268
f 984//1269 981//1269 977//1269
f 984//1270 977//1270 980//1270
f 978//1271 979//1271 980//1271
f 978//1272 980//1272 977//1272
usemtl Mat_DarkMetal
f 992//1273 991//1273 990//1273
f 992//1274 990//1274 989//1274
f 989//1275 990//1275 986//1275
f 989//1276 986//1276 985//1276
f 990//1277 991//1277 987//1277
f 990//1278 987//1278 986//1278
f 991//1279 992//1279 988//1279
f 991//1280 988//1280 987//1280
f 992//1281 989//1281 985//1281
f 992//1282 985//1282 988//1282
f 986//1283 987//1283 988//1283
f 986//1284 988//1284 985//1284
f 1000//1285 999//1285 998//1285
f 1000//1286 998//1286 997//1286
f 997//1287 998//1287 994//1287
f 997//1288 994//1288 993//1288
f 998//1289 999//1289 995//1289
f 998//1290 995//1290 994//1290
f 999//1291 1000//1291 996//1291
f 999//1292 996//1292 995//1292
f 1000//1293 997//1293 993//1293
f 1000//1294 993//1294 996//1294
f 994//1295 995//1295 996//1295
f 994//1296 996//1296 993//1296
usemtl Mat_DarkWood
f 1008//1297 1007//1297 1006//1297
f 1008//1298 1006//1298 1005//1298
f 1005//1299 1006//1299 1002//1299
f 1005//1300 1002//1300 1001//1300
f 1006//1301 1007//1301 1003//1301
f 1006//1302 1003//1302 1002//1302
f 1007//1303 1008//1303 1004//1303
f 1007//1304 1004//1304 1003//1304
f 1008//1305 1005//1305 1001//1305
f 1008//1306 1001//1306 1004//1306
f 1002//1307 1003//1307 1004//1307
f 1002//1308 1004//1308 1001//1308
usemtl Mat_FadedWood
f 1016//1309 1015//1309 1014//1309
f 1016//1310 1014//1310 1013//1310
f 1013//1311 1014//1311 1010//1311
f 1013//1312 1010//1312 1009//1312
f 1014//1313 1015//1313 1011//1313
f 1014//1314 1011//1314 1010//1314
f 1015//1315 1016//1315 1012//1315
f 1015//1316 1012//1316 1011//1316
f 1016//1317 1013//1317 1009//1317
f 1016//1318 1009//1318 1012//1318
usemtl Mat_WoodMid
f 1024//1319 1023//1319 1022//1319
f 1024//1320 1022//1320 1021//1320
f 1021//1321 1022//1321 1018//1321
f 1021//1322 1018//1322 1017//1322
f 1022//1323 1023//1323 1019//1323
f 1022//1324 1019//1324 1018//1324
f 1023//1325 1024//1325 1020//1325
f 1023//1326 1020//1326 1019//1326
f 1024//1327 1021//1327 1017//1327
f 1024//1328 1017//1328 1020//1328
usemtl Mat_FadedWood
f 1032//1329 1031//1329 1030//1329
f 1032//1330 1030//1330 1029//1330
f 1029//1331 1030//1331 1026//1331
f 1029//1332 1026//1332 1025//1332
f 1030//1333 1031//1333 1027//1333
f 1030//1334 1027//1334 1026//1334
f 1031//1335 1032//1335 1028//1335
f 1031//1336 1028//1336 1027//1336
f 1032//1337 1029//1337 1025//1337
f 1032//1338 1025//1338 1028//1338
usemtl Mat_WoodMid
f 1040//1339 1039//1339 1038//1339
f 1040//1340 1038//1340 1037//1340
f 1037//1341 1038//1341 1034//1341
f 1037//1342 1034//1342 1033//1342
f 1038//1343 1039//1343 1035//1343
f 1038//1344 1035//1344 1034//1344
f 1039//1345 1040//1345 1036//1345
f 1039//1346 1036//1346 1035//1346
f 1040//1347 1037//1347 1033//1347
f 1040//1348 1033//1348 1036//1348
usemtl Mat_FadedWood
f 1048//1349 1047//1349 1046//1349
f 1048//1350 1046//1350 1045//1350
f 1045//1351 1046//1351 1042//1351
f 1045//1352 1042//1352 1041//1352
f 1046//1353 1047//1353 1043//1353
f 1046//1354 1043//1354 1042//1354
f 1047//1355 1048//1355 1044//1355
f 1047//1356 1044//1356 1043//1356
f 1048//1357 1045//1357 1041//1357
f 1048//1358 1041//1358 1044//1358
usemtl Mat_WoodMid
f 1056//1359 1055//1359 1054//1359
f 1056//1360 1054//1360 1053//1360
f 1053//1361 1054//1361 1050//1361
f 1053//1362 1050//1362 1049//1362
f 1054//1363 1055//1363 1051//1363
f 1054//1364 1051//1364 1050//1364
f 1055//1365 1056//1365 1052//1365
f 1055//1366 1052//1366 1051//1366
f 1056//1367 1053//1367 1049//1367
f 1056//1368 1049//1368 1052//1368
usemtl Mat_FadedWood
f 1064//1369 1063//1369 1062//1369
f 1064//1370 1062//1370 1061//1370
f 1061//1371 1062//1371 1058//1371
f 1061//1372 1058//1372 1057//1372
f 1062//1373 1063//1373 1059//1373
f 1062//1374 1059//1374 1058//1374
f 1063//1375 1064//1375 1060//1375
f 1063//1376 1060//1376 1059//1376
f 1064//1377 1061//1377 1057//1377
f 1064//1378 1057//1378 1060//1378
f 1058//1379 1059//1379 1060//1379
f 1058//1380 1060//1380 1057//1380
usemtl Mat_DarkWood
f 1072//1381 1071//1381 1070//1381
f 1072//1382 1070//1382 1069//1382
f 1069//1383 1070//1383 1066//1383
f 1069//1384 1066//1384 1065//1384
f 1070//1385 1071//1385 1067//1385
f 1070//1386 1067//1386 1066//1386
f 1071//1387 1072//1387 1068//1387
f 1071//1388 1068//1388 1067//1388
f 1072//1389 1069//1389 1065//1389
f 1072//1390 1065//1390 1068//1390
f 1066//1391 1067//1391 1068//1391
f 1066//1392 1068//1392 1065//1392
f 1080//1393 1079//1393 1078//1393
f 1080//1394 1078//1394 1077//1394
f 1077//1395 1078//1395 1074//1395
f 1077//1396 1074//1396 1073//1396
f 1078//1397 1079//1397 1075//1397
f 1078//1398 1075//1398 1074//1398
f 1079//1399 1080//1399 1076//1399
f 1079//1400 1076//1400 1075//1400
f 1080//1401 1077//1401 1073//1401
f 1080//1402 1073//1402 1076//1402
f 1074//1403 1075//1403 1076//1403
f 1074//1404 1076//1404 1073//1404
f 1088//1405 1087//1405 1086//1405
f 1088//1406 1086//1406 1085//1406
f 1085//1407 1086//1407 1082//1407
f 1085//1408 1082//1408 1081//1408
f 1086//1409 1087//1409 1083//1409
f 1086//1410 1083//1410 1082//1410
f 1087//1411 1088//1411 1084//1411
f 1087//1412 1084//1412 1083//1412
f 1088//1413 1085//1413 1081//1413
f 1088//1414 1081//1414 1084//1414
f 1082//1415 1083//1415 1084//1415
f 1082//1416 1084//1416 1081//1416
f 1093//1417 1089//1417 1090//1417
f 1093//1418 1090//1418 1091//1418
f 1091//1419 1092//1419 1093//1419
f 1095//1420 1094//1420 1098//1420
f 1096//1421 1095//1421 1098//1421
f 1098//1422 1097//1422 1096//1422
f 1089//1423 1094//1423 1095//1423
f 1089//1424 1095//1424 1090//1424
f 1090//1425 1095//1425 1096//1425
f 1090//1426 1096//1426 1091//1426
f 1091//1427 1096//1427 1097//1427
f 1091//1428 1097//1428 1092//1428
f 1092//1429 1097//1429 1098//1429
f 1092//1430 1098//1430 1093//1430
f 1093//1431 1098//1431 1094//1431
f 1093//1432 1094//1432 1089//1432
usemtl Mat_FadedWood
f 1106//1433 1105//1433 1104//1433
f 1106//1434 1104//1434 1103//1434
f 1103//1435 1104//1435 1100//1435
f 1103//1436 1100//1436 1099//1436
f 1104//1437 1105//1437 1101//1437
f 1104//1438 1101//1438 1100//1438
f 1105//1439 1106//1439 1102//1439
f 1105//1440 1102//1440 1101//1440
f 1106//1441 1103//1441 1099//1441
f 1106//1442 1099//1442 1102//1442
f 1100//1443 1101//1443 1102//1443
f 1100//1444 1102//1444 1099//1444
usemtl Mat_DarkWood
f 1114//1445 1113//1445 1112//1445
f 1114//1446 1112//1446 1111//1446
f 1111//1447 1112//1447 1108//1447
f 1111//1448 1108//1448 1107//1448
f 1112//1449 1113//1449 1109//1449
f 1112//1450 1109//1450 1108//1450
f 1113//1451 1114//1451 1110//1451
f 1113//1452 1110//1452 1109//1452
f 1114//1453 1111//1453 1107//1453
f 1114//1454 1107//1454 1110//1454
f 1108//1455 1109//1455 1110//1455
f 1108//1456 1110//1456 1107//1456
f 1122//1457 1121//1457 1120//1457
f 1122//1458 1120//1458 1119//1458
f 1119//1459 1120//1459 1116//1459
f 1119//1460 1116//1460 1115//1460
f 1120//1461 1121//1461 1117//1461
f 1120//1462 1117//1462 1116//1462
f 1121//1463 1122//1463 1118//1463
f 1121//1464 1118//1464 1117//1464
f 1122//1465 1119//1465 1115//1465
f 1122//1466 1115//1466 1118//1466
f 1116//1467 1117//1467 1118//1467
f 1116//1468 1118//1468 1115//1468
f 1130//1469 1129//1469 1128//1469
f 1130//1470 1128//1470 1127//1470
f 1127//1471 1128//1471 1124//1471
f 1127//1472 1124//1472 1123//1472
f 1128//1473 1129//1473 1125//1473
f 1128//1474 1125//1474 1124//1474
f 1129//1475 1130//1475 1126//1475
f 1129//1476 1126//1476 1125//1476
f 1130//1477 1127//1477 1123//1477
f 1130//1478 1123//1478 1126//1478
f 1124//1479 1125//1479 1126//1479
f 1124//1480 1126//1480 1123//1480
f 1132//1481 1131//1481 1135//1481
f 1133//1482 1132//1482 1135//1482
f 1135//1483 1134//1483 1133//1483
f 1140//1484 1136//1484 1137//1484
f 1140//1485 1137//1485 1138//1485
f 1138//1486 1139//1486 1140//1486
f 1132//1487 1137//1487 1136//1487
f 1132//1488 1136//1488 1131//1488
f 1133//1489 1138//1489 1137//1489
f 1133//1490 1137//1490 1132//1490
f 1134//1491 1139//1491 1138//1491
f 1134//1492 1138//1492 1133//1492
f 1135//1493 1140//1493 1139//1493
f 1135//1494 1139//1494 1134//1494
f 1131//1495 1136//1495 1140//1495
f 1131//1496 1140//1496 1135//1496
f 1145//1497 1141//1497 1142//1497
f 1145//1498 1142//1498 1143//1498
f 1143//1499 1144//1499 1145//1499
f 1147//1500 1146//1500 1150//1500
f 1148//1501 1147//1501 1150//1501
f 1150//1502 1149//1502 1148//1502
f 1141//1503 1146//1503 1147//1503
f 1141//1504 1147//1504 1142//1504
f 1142//1505 1147//1505 1148//1505
f 1142//1506 1148//1506 1143//1506
f 1143//1507 1148//1507 1149//1507
f 1143//1508 1149//1508 1144//1508
f 1144//1509 1149//1509 1150//1509
f 1144//1510 1150//1510 1145//1510
f 1145//1511 1150//1511 1146//1511
f 1145//1512 1146//1512 1141//1512
usemtl Mat_FadedWood
f 1158//1513 1157//1513 1156//1513
f 1158//1514 1156//1514 1155//1514
f 1155//1515 1156//1515 1152//1515
f 1155//1516 1152//1516 1151//1516
f 1156//1517 1157//1517 1153//1517
f 1156//1518 1153//1518 1152//1518
f 1157//1519 1158//1519 1154//1519
f 1157//1520 1154//1520 1153//1520
f 1158//1521 1155//1521 1151//1521
f 1158//1522 1151//1522 1154//1522
f 1152//1523 1153//1523 1154//1523
f 1152//1524 1154//1524 1151//1524
usemtl Mat_DarkWood
f 1166//1525 1165//1525 1164//1525
f 1166//1526 1164//1526 1163//1526
f 1163//1527 1164//1527 1160//1527
f 1163//1528 1160//1528 1159//1528
f 1164//1529 1165//1529 1161//1529
f 1164//1530 1161//1530 1160//1530
f 1165//1531 1166//1531 1162//1531
f 1165//1532 1162//1532 1161//1532
f 1166//1533 1163//1533 1159//1533
f 1166//1534 1159//1534 1162//1534
f 1160//1535 1161//1535 1162//1535
f 1160//1536 1162//1536 1159//1536
f 1174//1537 1173//1537 1172//1537
f 1174//1538 1172//1538 1171//1538
f 1171//1539 1172//1539 1168//1539
f 1171//1540 1168//1540 1167//1540
f 1172//1541 1173//1541 1169//1541
f 1172//1542 1169//1542 1168//1542
f 1173//1543 1174//1543 1170//1543
f 1173//1544 1170//1544 1169//1544
f 1174//1545 1171//1545 1167//1545
f 1174//1546 1167//1546 1170//1546
f 1168//1547 1169//1547 1170//1547
f 1168//1548 1170//1548 1167//1548
f 1182//1549 1181//1549 1180//1549
f 1182//1550 1180//1550 1179//1550
f 1179//1551 1180//1551 1176//1551
f 1179//1552 1176//1552 1175//1552
f 1180//1553 1181//1553 1177//1553
f 1180//1554 1177//1554 1176//1554
f 1181//1555 1182//1555 1178//1555
f 1181//1556 1178//1556 1177//1556
f 1182//1557 1179//1557 1175//1557
f 1182//1558 1175//1558 1178//1558
f 1176//1559 1177//1559 1178//1559
f 1176//1560 1178//1560 1175//1560
f 1184//1561 1183//1561 1187//1561
f 1185//1562 1184//1562 1187//1562
f 1187//1563 1186//1563 1185//1563
f 1192//1564 1188//1564 1189//1564
f 1192//1565 1189//1565 1190//1565
f 1190//1566 1191//1566 1192//1566
f 1184//1567 1189//1567 1188//1567
f 1184//1568 1188//1568 1183//1568
f 1185//1569 1190//1569 1189//1569
f 1185//1570 1189//1570 1184//1570
f 1186//1571 1191//1571 1190//1571
f 1186//1572 1190//1572 1185//1572
f 1187//1573 1192//1573 1191//1573
f 1187//1574 1191//1574 1186//1574
f 1183//1575 1188//1575 1192//1575
f 1183//1576 1192//1576 1187//1576
f 1197//1577 1193//1577 1194//1577
f 1197//1578 1194//1578 1195//1578
f 1195//1579 1196//1579 1197//1579
f 1199//1580 1198//1580 1202//1580
f 1200//1581 1199//1581 1202//1581
f 1202//1582 1201//1582 1200//1582
f 1193//1583 1198//1583 1199//1583
f 1193//1584 1199//1584 1194//1584
f 1194//1585 1199//1585 1200//1585
f 1194//1586 1200//1586 1195//1586
f 1195//1587 1200//1587 1201//1587
f 1195//1588 1201//1588 1196//1588
f 1196//1589 1201//1589 1202//1589
f 1196//1590 1202//1590 1197//1590
f 1197//1591 1202//1591 1198//1591
f 1197//1592 1198//1592 1193//1592
usemtl Mat_FadedWood
f 1210//1593 1209//1593 1208//1593
f 1210//1594 1208//1594 1207//1594
f 1207//1595 1208//1595 1204//1595
f 1207//1596 1204//1596 1203//1596
f 1208//1597 1209//1597 1205//1597
f 1208//1598 1205//1598 1204//1598
f 1209//1599 1210//1599 1206//1599
f 1209//1600 1206//1600 1205//1600
f 1210//1601 1207//1601 1203//1601
f 1210//1602 1203//1602 1206//1602
f 1204//1603 1205//1603 1206//1603
f 1204//1604 1206//1604 1203//1604
usemtl Mat_DarkWood
f 1218//1605 1217//1605 1216//1605
f 1218//1606 1216//1606 1215//1606
f 1215//1607 1216//1607 1212//1607
f 1215//1608 1212//1608 1211//1608
f 1216//1609 1217//1609 1213//1609
f 1216//1610 1213//1610 1212//1610
f 1217//1611 1218//1611 1214//1611
f 1217//1612 1214//1612 1213//1612
f 1218//1613 1215//1613 1211//1613
f 1218//1614 1211//1614 1214//1614
f 1212//1615 1213//1615 1214//1615
f 1212//1616 1214//1616 1211//1616
f 1226//1617 1225//1617 1224//1617
f 1226//1618 1224//1618 1223//1618
f 1223//1619 1224//1619 1220//1619
f 1223//1620 1220//1620 1219//1620
f 1224//1621 1225//1621 1221//1621
f 1224//1622 1221//1622 1220//1622
f 1225//1623 1226//1623 1222//1623
f 1225//1624 1222//1624 1221//1624
f 1226//1625 1223//1625 1219//1625
f 1226//1626 1219//1626 1222//1626
f 1220//1627 1221//1627 1222//1627
f 1220//1628 1222//1628 1219//1628
f 1234//1629 1233//1629 1232//1629
f 1234//1630 1232//1630 1231//1630
f 1231//1631 1232//1631 1228//1631
f 1231//1632 1228//1632 1227//1632
f 1232//1633 1233//1633 1229//1633
f 1232//1634 1229//1634 1228//1634
f 1233//1635 1234//1635 1230//1635
f 1233//1636 1230//1636 1229//1636
f 1234//1637 1231//1637 1227//1637
f 1234//1638 1227//1638 1230//1638
f 1228//1639 1229//1639 1230//1639
f 1228//1640 1230//1640 1227//1640
f 1236//1641 1235//1641 1239//1641
f 1237//1642 1236//1642 1239//1642
f 1239//1643 1238//1643 1237//1643
f 1244//1644 1240//1644 1241//1644
f 1244//1645 1241//1645 1242//1645
f 1242//1646 1243//1646 1244//1646
f 1236//1647 1241//1647 1240//1647
f 1236//1648 1240//1648 1235//1648
f 1237//1649 1242//1649 1241//1649
f 1237//1650 1241//1650 1236//1650
f 1238//1651 1243//1651 1242//1651
f 1238//1652 1242//1652 1237//1652
f 1239//1653 1244//1653 1243//1653
f 1239//1654 1243//1654 1238//1654
f 1235//1655 1240//1655 1244//1655
f 1235//1656 1244//1656 1239//1656
f 1252//1657 1251//1657 1250//1657
f 1252//1658 1250//1658 1249//1658
f 1249//1659 1250//1659 1246//1659
f 1249//1660 1246//1660 1245//1660
f 1250//1661 1251//1661 1247//1661
f 1250//1662 1247//1662 1246//1662
f 1251//1663 1252//1663 1248//1663
f 1251//1664 1248//1664 1247//1664
f 1252//1665 1249//1665 1245//1665
f 1252//1666 1245//1666 1248//1666
f 1246//1667 1247//1667 1248//1667
f 1246//1668 1248//1668 1245//1668
usemtl Mat_RoofDark
f 1260//1669 1259//1669 1258//1669
f 1260//1670 1258//1670 1257//1670
f 1257//1671 1258//1671 1254//1671
f 1257//1672 1254//1672 1253//1672
f 1258//1673 1259//1673 1255//1673
f 1258//1674 1255//1674 1254//1674
f 1259//1675 1260//1675 1256//1675
f 1259//1676 1256//1676 1255//1676
f 1260//1677 1257//1677 1253//1677
f 1260//1678 1253//1678 1256//1678
f 1254//1679 1255//1679 1256//1679
f 1254//1680 1256//1680 1253//1680
f 1268//1681 1267//1681 1266//1681
f 1268//1682 1266//1682 1265//1682
f 1265//1683 1266//1683 1262//1683
f 1265//1684 1262//1684 1261//1684
f 1266//1685 1267//1685 1263//1685
f 1266//1686 1263//1686 1262//1686
f 1267//1687 1268//1687 1264//1687
f 1267//1688 1264//1688 1263//1688
f 1268//1689 1265//1689 1261//1689
f 1268//1690 1261//1690 1264//1690
f 1262//1691 1263//1691 1264//1691
f 1262//1692 1264//1692 1261//1692
f 1276//1693 1275//1693 1274//1693
f 1276//1694 1274//1694 1273//1694
f 1273//1695 1274//1695 1270//1695
f 1273//1696 1270//1696 1269//1696
f 1274//1697 1275//1697 1271//1697
f 1274//1698 1271//1698 1270//1698
f 1275//1699 1276//1699 1272//1699
f 1275//1700 1272//1700 1271//1700
f 1276//1701 1273//1701 1269//1701
f 1276//1702 1269//1702 1272//1702
f 1270//1703 1271//1703 1272//1703
f 1270//1704 1272//1704 1269//1704
f 1284//1705 1283//1705 1282//1705
f 1284//1706 1282//1706 1281//1706
f 1281//1707 1282//1707 1278//1707
f 1281//1708 1278//1708 1277//1708
f 1282//1709 1283//1709 1279//1709
f 1282//1710 1279//1710 1278//1710
f 1283//1711 1284//1711 1280//1711
f 1283//1712 1280//1712 1279//1712
f 1284//1713 1281//1713 1277//1713
f 1284//1714 1277//1714 1280//1714
f 1278//1715 1279//1715 1280//1715
f 1278//1716 1280//1716 1277//1716
f 1292//1717 1291//1717 1290//1717
f 1292//1718 1290//1718 1289//1718
f 1289//1719 1290//1719 1286//1719
f 1289//1720 1286//1720 1285//1720
f 1290//1721 1291//1721 1287//1721
f 1290//1722 1287//1722 1286//1722
f 1291//1723 1292//1723 1288//1723
f 1291//1724 1288//1724 1287//1724
f 1292//1725 1289//1725 1285//1725
f 1292//1726 1285//1726 1288//1726
f 1286//1727 1287//1727 1288//1727
f 1286//1728 1288//1728 1285//1728
f 1300//1729 1299//1729 1298//1729
f 1300//1730 1298//1730 1297//1730
f 1297//1731 1298//1731 1294//1731
f 1297//1732 1294//1732 1293//1732
f 1298//1733 1299//1733 1295//1733
f 1298//1734 1295//1734 1294//1734
f 1299//1735 1300//1735 1296//1735
f 1299//1736 1296//1736 1295//1736
f 1300//1737 1297//1737 1293//1737
f 1300//1738 1293//1738 1296//1738
f 1294//1739 1295//1739 1296//1739
f 1294//1740 1296//1740 1293//1740
f 1308//1741 1307//1741 1306//1741
f 1308//1742 1306//1742 1305//1742
f 1305//1743 1306//1743 1302//1743
f 1305//1744 1302//1744 1301//1744
f 1306//1745 1307//1745 1303//1745
f 1306//1746 1303//1746 1302//1746
f 1307//1747 1308//1747 1304//1747
f 1307//1748 1304//1748 1303//1748
f 1308//1749 1305//1749 1301//1749
f 1308//1750 1301//1750 1304//1750
f 1302//1751 1303//1751 1304//1751
f 1302//1752 1304//1752 1301//1752
f 1316//1753 1315//1753 1314//1753
f 1316//1754 1314//1754 1313//1754
f 1313//1755 1314//1755 1310//1755
f 1313//1756 1310//1756 1309//1756
f 1314//1757 1315//1757 1311//1757
f 1314//1758 1311//1758 1310//1758
f 1315//1759 1316//1759 1312//1759
f 1315//1760 1312//1760 1311//1760
f 1316//1761 1313//1761 1309//1761
f 1316//1762 1309//1762 1312//1762
f 1310//1763 1311//1763 1312//1763
f 1310//1764 1312//1764 1309//1764
f 1324//1765 1323//1765 1322//1765
f 1324//1766 1322//1766 1321//1766
f 1321//1767 1322//1767 1318//1767
f 1321//1768 1318//1768 1317//1768
f 1322//1769 1323//1769 1319//1769
f 1322//1770 1319//1770 1318//1770
f 1323//1771 1324//1771 1320//1771
f 1323//1772 1320//1772 1319//1772
f 1324//1773 1321//1773 1317//1773
f 1324//1774 1317//1774 1320//1774
f 1318//1775 1319//1775 1320//1775
f 1318//1776 1320//1776 1317//1776
f 1332//1777 1331//1777 1330//1777
f 1332//1778 1330//1778 1329//1778
f 1329//1779 1330//1779 1326//1779
f 1329//1780 1326//1780 1325//1780
f 1330//1781 1331//1781 1327//1781
f 1330//1782 1327//1782 1326//1782
f 1331//1783 1332//1783 1328//1783
f 1331//1784 1328//1784 1327//1784
f 1332//1785 1329//1785 1325//1785
f 1332//1786 1325//1786 1328//1786
f 1326//1787 1327//1787 1328//1787
f 1326//1788 1328//1788 1325//1788
f 1340//1789 1339//1789 1338//1789
f 1340//1790 1338//1790 1337//1790
f 1337//1791 1338//1791 1334//1791
f 1337//1792 1334//1792 1333//1792
f 1338//1793 1339//1793 1335//1793
f 1338//1794 1335//1794 1334//1794
f 1339//1795 1340//1795 1336//1795
f 1339//1796 1336//1796 1335//1796
f 1340//1797 1337//1797 1333//1797
f 1340//1798 1333//1798 1336//1798
f 1334//1799 1335//1799 1336//1799
f 1334//1800 1336//1800 1333//1800
f 1348//1801 1347//1801 1346//1801
f 1348//1802 1346//1802 1345//1802
f 1345//1803 1346//1803 1342//1803
f 1345//1804 1342//1804 1341//1804
f 1346//1805 1347//1805 1343//1805
f 1346//1806 1343//1806 1342//1806
f 1347//1807 1348//1807 1344//1807
f 1347//1808 1344//1808 1343//1808
f 1348//1809 1345//1809 1341//1809
f 1348//1810 1341//1810 1344//1810
f 1342//1811 1343//1811 1344//1811
f 1342//1812 1344//1812 1341//1812
usemtl Mat_DarkWood
f 1356//1813 1355//1813 1354//1813
f 1356//1814 1354//1814 1353//1814
f 1353//1815 1354//1815 1350//1815
f 1353//1816 1350//1816 1349//1816
f 1354//1817 1355//1817 1351//1817
f 1354//1818 1351//1818 1350//1818
f 1355//1819 1356//1819 1352//1819
f 1355//1820 1352//1820 1351//1820
f 1356//1821 1353//1821 1349//1821
f 1356//1822 1349//1822 1352//1822
f 1350//1823 1351//1823 1352//1823
f 1350//1824 1352//1824 1349//1824
f 1364//1825 1363//1825 1362//1825
f 1364//1826 1362//1826 1361//1826
f 1361//1827 1362//1827 1358//1827
f 1361//1828 1358//1828 1357//1828
f 1362//1829 1363//1829 1359//1829
f 1362//1830 1359//1830 1358//1830
f 1363//1831 1364//1831 1360//1831
f 1363//1832 1360//1832 1359//1832
f 1364//1833 1361//1833 1357//1833
f 1364//1834 1357//1834 1360//1834
f 1358//1835 1359//1835 1360//1835
f 1358//1836 1360//1836 1357//1836
f 1372//1837 1371//1837 1370//1837
f 1372//1838 1370//1838 1369//1838
f 1369//1839 1370//1839 1366//1839
f 1369//1840 1366//1840 1365//1840
f 1370//1841 1371//1841 1367//1841
f 1370//1842 1367//1842 1366//1842
f 1371//1843 1372//1843 1368//1843
f 1371//1844 1368//1844 1367//1844
f 1372//1845 1369//1845 1365//1845
f 1372//1846 1365//1846 1368//1846
f 1366//1847 1367//1847 1368//1847
f 1366//1848 1368//1848 1365//1848
usemtl Mat_FadedWood
f 1380//1849 1379//1849 1378//1849
f 1380//1850 1378//1850 1377//1850
f 1377//1851 1378//1851 1374//1851
f 1377//1852 1374//1852 1373//1852
f 1378//1853 1379//1853 1375//1853
f 1378//1854 1375//1854 1374//1854
f 1379//1855 1380//1855 1376//1855
f 1379//1856 1376//1856 1375//1856
f 1380//1857 1377//1857 1373//1857
f 1380//1858 1373//1858 1376//1858
f 1374//1859 1375//1859 1376//1859
f 1374//1860 1376//1860 1373//1860
f 1388//1861 1387//1861 1386//1861
f 1388//1862 1386//1862 1385//1862
f 1385//1863 1386//1863 1382//1863
f 1385//1864 1382//1864 1381//1864
f 1386//1865 1387//1865 1383//1865
f 1386//1866 1383//1866 1382//1866
f 1387//1867 1388//1867 1384//1867
f 1387//1868 1384//1868 1383//1868
f 1388//1869 1385//1869 1381//1869
f 1388//1870 1381//1870 1384//1870
f 1382//1871 1383//1871 1384//1871
f 1382//1872 1384//1872 1381//1872
f 1396//1873 1395//1873 1394//1873
f 1396//1874 1394//1874 1393//1874
f 1393//1875 1394//1875 1390//1875
f 1393//1876 1390//1876 1389//1876
f 1394//1877 1395//1877 1391//1877
f 1394//1878 1391//1878 1390//1878
f 1395//1879 1396//1879 1392//1879
f 1395//1880 1392//1880 1391//1880
f 1396//1881 1393//1881 1389//1881
f 1396//1882 1389//1882 1392//1882
f 1390//1883 1391//1883 1392//1883
f 1390//1884 1392//1884 1389//1884
f 1404//1885 1403//1885 1402//1885
f 1404//1886 1402//1886 1401//1886
f 1401//1887 1402//1887 1398//1887
f 1401//1888 1398//1888 1397//1888
f 1402//1889 1403//1889 1399//1889
f 1402//1890 1399//1890 1398//1890
f 1403//1891 1404//1891 1400//1891
f 1403//1892 1400//1892 1399//1892
f 1404//1893 1401//1893 1397//1893
f 1404//1894 1397//1894 1400//1894
f 1398//1895 1399//1895 1400//1895
f 1398//1896 1400//1896 1397//1896
usemtl Mat_DarkWood
f 1412//1897 1411//1897 1410//1897
f 1412//1898 1410//1898 1409//1898
f 1409//1899 1410//1899 1406//1899
f 1409//1900 1406//1900 1405//1900
f 1410//1901 1411//1901 1407//1901
f 1410//1902 1407//1902 1406//1902
f 1411//1903 1412//1903 1408//1903
f 1411//1904 1408//1904 1407//1904
f 1412//1905 1409//1905 1405//1905
f 1412//1906 1405//1906 1408//1906
f 1406//1907 1407//1907 1408//1907
f 1406//1908 1408//1908 1405//1908
f 1420//1909 1419//1909 1418//1909
f 1420//1910 1418//1910 1417//1910
f 1417//1911 1418//1911 1414//1911
f 1417//1912 1414//1912 1413//1912
f 1418//1913 1419//1913 1415//1913
f 1418//1914 1415//1914 1414//1914
f 1419//1915 1420//1915 1416//1915
f 1419//1916 1416//1916 1415//1916
f 1420//1917 1417//1917 1413//1917
f 1420//1918 1413//1918 1416//1918
f 1414//1919 1415//1919 1416//1919
f 1414//1920 1416//1920 1413//1920
usemtl Mat_FadedWood
f 1428//1921 1427//1921 1426//1921
f 1428//1922 1426//1922 1425//1922
f 1425//1923 1426//1923 1422//1923
f 1425//1924 1422//1924 1421//1924
f 1426//1925 1427//1925 1423//1925
f 1426//1926 1423//1926 1422//1926
f 1427//1927 1428//1927 1424//1927
f 1427//1928 1424//1928 1423//1928
f 1428//1929 1425//1929 1421//1929
f 1428//1930 1421//1930 1424//1930
f 1422//1931 1423//1931 1424//1931
f 1422//1932 1424//1932 1421//1932
f 1436//1933 1435//1933 1434//1933
f 1436//1934 1434//1934 1433//1934
f 1433//1935 1434//1935 1430//1935
f 1433//1936 1430//1936 1429//1936
f 1434//1937 1435//1937 1431//1937
f 1434//1938 1431//1938 1430//1938
f 1435//1939 1436//1939 1432//1939
f 1435//1940 1432//1940 1431//1940
f 1436//1941 1433//1941 1429//1941
f 1436//1942 1429//1942 1432//1942
f 1430//1943 1431//1943 1432//1943
f 1430//1944 1432//1944 1429//1944
f 1444//1945 1443//1945 1442//1945
f 1444//1946 1442//1946 1441//1946
f 1441//1947 1442//1947 1438//1947
f 1441//1948 1438//1948 1437//1948
f 1442//1949 1443//1949 1439//1949
f 1442//1950 1439//1950 1438//1950
f 1443//1951 1444//1951 1440//1951
f 1443//1952 1440//1952 1439//1952
f 1444//1953 1441//1953 1437//1953
f 1444//1954 1437//1954 1440//1954
f 1438//1955 1439//1955 1440//1955
f 1438//1956 1440//1956 1437//1956
f 1452//1957 1451//1957 1450//1957
f 1452//1958 1450//1958 1449//1958
f 1449//1959 1450//1959 1446//1959
f 1449//1960 1446//1960 1445//1960
f 1450//1961 1451//1961 1447//1961
f 1450//1962 1447//1962 1446//1962
f 1451//1963 1452//1963 1448//1963
f 1451//1964 1448//1964 1447//1964
f 1452//1965 1449//1965 1445//1965
f 1452//1966 1445//1966 1448//1966
f 1446//1967 1447//1967 1448//1967
f 1446//1968 1448//1968 1445//1968
f 1460//1969 1459//1969 1458//1969
f 1460//1970 1458//1970 1457//1970
f 1457//1971 1458//1971 1454//1971
f 1457//1972 1454//1972 1453//1972
f 1458//1973 1459//1973 1455//1973
f 1458//1974 1455//1974 1454//1974
f 1459//1975 1460//1975 1456//1975
f 1459//1976 1456//1976 1455//1976
f 1460//1977 1457//1977 1453//1977
f 1460//1978 1453//1978 1456//1978
f 1454//1979 1455//1979 1456//1979
f 1454//1980 1456//1980 1453//1980
usemtl Mat_WoodMid
f 1468//1981 1467//1981 1466//1981
f 1468//1982 1466//1982 1465//1982
f 1465//1983 1466//1983 1462//1983
f 1465//1984 1462//1984 1461//1984
f 1466//1985 1467//1985 1463//1985
f 1466//1986 1463//1986 1462//1986
f 1467//1987 1468//1987 1464//1987
f 1467//1988 1464//1988 1463//1988
f 1468//1989 1465//1989 1461//1989
f 1468//1990 1461//1990 1464//1990
f 1462//1991 1463//1991 1464//1991
f 1462//1992 1464//1992 1461//1992
usemtl Mat_FadedWood
f 1476//1993 1475//1993 1474//1993
f 1476//1994 1474//1994 1473//1994
f 1473//1995 1474//1995 1470//1995
f 1473//1996 1470//1996 1469//1996
f 1474//1997 1475//1997 1471//1997
f 1474//1998 1471//1998 1470//1998
f 1475//1999 1476//1999 1472//1999
f 1475//2000 1472//2000 1471//2000
f 1476//2001 1473//2001 1469//2001
f 1476//2002 1469//2002 1472//2002
f 1470//2003 1471//2003 1472//2003
f 1470//2004 1472//2004 1469//2004
f 1484//2005 1483//2005 1482//2005
f 1484//2006 1482//2006 1481//2006
f 1481//2007 1482//2007 1478//2007
f 1481//2008 1478//2008 1477//2008
f 1482//2009 1483//2009 1479//2009
f 1482//2010 1479//2010 1478//2010
f 1483//2011 1484//2011 1480//2011
f 1483//2012 1480//2012 1479//2012
f 1484//2013 1481//2013 1477//2013
f 1484//2014 1477//2014 1480//2014
f 1478//2015 1479//2015 1480//2015
f 1478//2016 1480//2016 1477//2016
f 1492//2017 1491//2017 1490//2017
f 1492//2018 1490//2018 1489//2018
f 1489//2019 1490//2019 1486//2019
f 1489//2020 1486//2020 1485//2020
f 1490//2021 1491//2021 1487//2021
f 1490//2022 1487//2022 1486//2022
f 1491//2023 1492//2023 1488//2023
f 1491//2024 1488//2024 1487//2024
f 1492//2025 1489//2025 1485//2025
f 1492//2026 1485//2026 1488//2026
f 1486//2027 1487//2027 1488//2027
f 1486//2028 1488//2028 1485//2028
usemtl Mat_DarkWood
f 1500//2029 1499//2029 1498//2029
f 1500//2030 1498//2030 1497//2030
f 1497//2031 1498//2031 1494//2031
f 1497//2032 1494//2032 1493//2032
f 1498//2033 1499//2033 1495//2033
f 1498//2034 1495//2034 1494//2034
f 1499//2035 1500//2035 1496//2035
f 1499//2036 1496//2036 1495//2036
f 1500//2037 1497//2037 1493//2037
f 1500//2038 1493//2038 1496//2038
f 1494//2039 1495//2039 1496//2039
f 1494//2040 1496//2040 1493//2040
f 1508//2041 1507//2041 1506//2041
f 1508//2042 1506//2042 1505//2042
f 1505//2043 1506//2043 1502//2043
f 1505//2044 1502//2044 1501//2044
f 1506//2045 1507//2045 1503//2045
f 1506//2046 1503//2046 1502//2046
f 1507//2047 1508//2047 1504//2047
f 1507//2048 1504//2048 1503//2048
f 1508//2049 1505//2049 1501//2049
f 1508//2050 1501//2050 1504//2050
f 1502//2051 1503//2051 1504//2051
f 1502//2052 1504//2052 1501//2052
usemtl Mat_Brass
f 1510//2053 1511//2053 1509//2053
f 1511//2054 1512//2054 1509//2054
f 1512//2055 1513//2055 1509//2055
f 1513//2056 1514//2056 1509//2056
f 1514//2057 1515//2057 1509//2057
f 1515//2058 1516//2058 1509//2058
f 1516//2059 1517//2059 1509//2059
f 1517//2060 1510//2060 1509//2060
f 1518//2061 1519//2061 1511//2061
f 1518//2062 1511//2062 1510//2062
f 1519//2063 1520//2063 1512//2063
f 1519//2064 1512//2064 1511//2064
f 1520//2065 1521//2065 1513//2065
f 1520//2066 1513//2066 1512//2066
f 1521//2067 1522//2067 1514//2067
f 1521//2068 1514//2068 1513//2068
f 1522//2069 1523//2069 1515//2069
f 1522//2070 1515//2070 1514//2070
f 1523//2071 1524//2071 1516//2071
f 1523//2072 1516//2072 1515//2072
f 1524//2073 1525//2073 1517//2073
f 1524//2074 1517//2074 1516//2074
f 1525//2075 1518//2075 1510//2075
f 1525//2076 1510//2076 1517//2076
f 1526//2077 1527//2077 1519//2077
f 1526//2078 1519//2078 1518//2078
f 1527//2079 1528//2079 1520//2079
f 1527//2080 1520//2080 1519//2080
f 1528//2081 1529//2081 1521//2081
f 1528//2082 1521//2082 1520//2082
f 1529//2083 1530//2083 1522//2083
f 1529//2084 1522//2084 1521//2084
f 1530//2085 1531//2085 1523//2085
f 1530//2086 1523//2086 1522//2086
f 1531//2087 1532//2087 1524//2087
f 1531//2088 1524//2088 1523//2088
f 1532//2089 1533//2089 1525//2089
f 1532//2090 1525//2090 1524//2090
f 1533//2091 1526//2091 1518//2091
f 1533//2092 1518//2092 1525//2092
f 1534//2093 1535//2093 1527//2093
f 1534//2094 1527//2094 1526//2094
f 1535//2095 1536//2095 1528//2095
f 1535//2096 1528//2096 1527//2096
f 1536//2097 1537//2097 1529//2097
f 1536//2098 1529//2098 1528//2098
f 1537//2099 1538//2099 1530//2099
f 1537//2100 1530//2100 1529//2100
f 1538//2101 1539//2101 1531//2101
f 1538//2102 1531//2102 1530//2102
f 1539//2103 1540//2103 1532//2103
f 1539//2104 1532//2104 1531//2104
f 1540//2105 1541//2105 1533//2105
f 1540//2106 1533//2106 1532//2106
f 1541//2107 1534//2107 1526//2107
f 1541//2108 1526//2108 1533//2108
f 1542//2109 1543//2109 1535//2109
f 1542//2110 1535//2110 1534//2110
f 1543//2111 1544//2111 1536//2111
f 1543//2112 1536//2112 1535//2112
f 1544//2113 1545//2113 1537//2113
f 1544//2114 1537//2114 1536//2114
f 1545//2115 1546//2115 1538//2115
f 1545//2116 1538//2116 1537//2116
f 1546//2117 1547//2117 1539//2117
f 1546//2118 1539//2118 1538//2118
f 1547//2119 1548//2119 1540//2119
f 1547//2120 1540//2120 1539//2120
f 1548//2121 1549//2121 1541//2121
f 1548//2122 1541//2122 1540//2122
f 1549//2123 1542//2123 1534//2123
f 1549//2124 1534//2124 1541//2124
f 1550//2125 1543//2125 1542//2125
f 1550//2126 1544//2126 1543//2126
f 1550//2127 1545//2127 1544//2127
f 1550//2128 1546//2128 1545//2128
f 1550//2129 1547//2129 1546//2129
f 1550//2130 1548//2130 1547//2130
f 1550//2131 1549//2131 1548//2131
f 1550//2132 1542//2132 1549//2132
usemtl Mat_DarkMetal
f 1555//2133 1556//2133 1552//2133
f 1555//2134 1552//2134 1551//2134
f 1556//2135 1557//2135 1553//2135
f 1556//2136 1553//2136 1552//2136
f 1557//2137 1558//2137 1554//2137
f 1557//2138 1554//2138 1553//2138
f 1558//2139 1555//2139 1551//2139
f 1558//2140 1551//2140 1554//2140
f 1558//2141 1557//2141 1556//2141
f 1558//2142 1556//2142 1555//2142
f 1551//2143 1552//2143 1553//2143
f 1551//2144 1553//2144 1554//2144
f 1565//2145 1566//2145 1560//2145
f 1565//2146 1560//2146 1559//2146
f 1566//2147 1567//2147 1561//2147
f 1566//2148 1561//2148 1560//2148
f 1567//2149 1568//2149 1562//2149
f 1567//2150 1562//2150 1561//2150
f 1568//2151 1569//2151 1563//2151
f 1568//2152 1563//2152 1562//2152
f 1569//2153 1570//2153 1564//2153
f 1569//2154 1564//2154 1563//2154
f 1570//2155 1565//2155 1559//2155
f 1570//2156 1559//2156 1564//2156
f 1570//2157 1569//2157 1568//2157
f 1570//2158 1568//2158 1567//2158
f 1570//2159 1567//2159 1566//2159
f 1570//2160 1566//2160 1565//2160
f 1559//2161 1560//2161 1561//2161
f 1559//2162 1561//2162 1562//2162
f 1559//2163 1562//2163 1563//2163
f 1559//2164 1563//2164 1564//2164
usemtl Mat_NeonAmber
f 1577//2165 1578//2165 1572//2165
f 1577//2166 1572//2166 1571//2166
f 1578//2167 1579//2167 1573//2167
f 1578//2168 1573//2168 1572//2168
f 1579//2169 1580//2169 1574//2169
f 1579//2170 1574//2170 1573//2170
f 1580//2171 1581//2171 1575//2171
f 1580//2172 1575//2172 1574//2172
f 1581//2173 1582//2173 1576//2173
f 1581//2174 1576//2174 1575//2174
f 1582//2175 1577//2175 1571//2175
f 1582//2176 1571//2176 1576//2176
f 1582//2177 1581//2177 1580//2177
f 1582//2178 1580//2178 1579//2178
f 1582//2179 1579//2179 1578//2179
f 1582//2180 1578//2180 1577//2180
f 1571//2181 1572//2181 1573//2181
f 1571//2182 1573//2182 1574//2182
f 1571//2183 1574//2183 1575//2183
f 1571//2184 1575//2184 1576//2184
usemtl Mat_DarkMetal
f 1589//2185 1590//2185 1584//2185
f 1589//2186 1584//2186 1583//2186
f 1590//2187 1591//2187 1585//2187
f 1590//2188 1585//2188 1584//2188
f 1591//2189 1592//2189 1586//2189
f 1591//2190 1586//2190 1585//2190
f 1592//2191 1593//2191 1587//2191
f 1592//2192 1587//2192 1586//2192
f 1593//2193 1594//2193 1588//2193
f 1593//2194 1588//2194 1587//2194
f 1594//2195 1589//2195 1583//2195
f 1594//2196 1583//2196 1588//2196
f 1594//2197 1593//2197 1592//2197
f 1594//2198 1592//2198 1591//2198
f 1594//2199 1591//2199 1590//2199
f 1594//2200 1590//2200 1589//2200
f 1583//2201 1584//2201 1585//2201
f 1583//2202 1585//2202 1586//2202
f 1583//2203 1586//2203 1587//2203
f 1583//2204 1587//2204 1588//2204
f 1599//2205 1600//2205 1596//2205
f 1599//2206 1596//2206 1595//2206
f 1600//2207 1601//2207 1597//2207
f 1600//2208 1597//2208 1596//2208
f 1601//2209 1602//2209 1598//2209
f 1601//2210 1598//2210 1597//2210
f 1602//2211 1599//2211 1595//2211
f 1602//2212 1595//2212 1598//2212
f 1602//2213 1601//2213 1600//2213
f 1602//2214 1600//2214 1599//2214
f 1595//2215 1596//2215 1597//2215
f 1595//2216 1597//2216 1598//2216
f 1609//2217 1610//2217 1604//2217
f 1609//2218 1604//2218 1603//2218
f 1610//2219 1611//2219 1605//2219
f 1610//2220 1605//2220 1604//2220
f 1611//2221 1612//2221 1606//2221
f 1611//2222 1606//2222 1605//2222
f 1612//2223 1613//2223 1607//2223
f 1612//2224 1607//2224 1606//2224
f 1613//2225 1614//2225 1608//2225
f 1613//2226 1608//2226 1607//2226
f 1614//2227 1609//2227 1603//2227
f 1614//2228 1603//2228 1608//2228
f 1614//2229 1613//2229 1612//2229
f 1614//2230 1612//2230 1611//2230
f 1614//2231 1611//2231 1610//2231
f 1614//2232 1610//2232 1609//2232
f 1603//2233 1604//2233 1605//2233
f 1603//2234 1605//2234 1606//2234
f 1603//2235 1606//2235 1607//2235
f 1603//2236 1607//2236 1608//2236
usemtl Mat_NeonAmber
f 1621//2237 1622//2237 1616//2237
f 1621//2238 1616//2238 1615//2238
f 1622//2239 1623//2239 1617//2239
f 1622//2240 1617//2240 1616//2240
f 1623//2241 1624//2241 1618//2241
f 1623//2242 1618//2242 1617//2242
f 1624//2243 1625//2243 1619//2243
f 1624//2244 1619//2244 1618//2244
f 1625//2245 1626//2245 1620//2245
f 1625//2246 1620//2246 1619//2246
f 1626//2247 1621//2247 1615//2247
f 1626//2248 1615//2248 1620//2248
f 1626//2249 1625//2249 1624//2249
f 1626//2250 1624//2250 1623//2250
f 1626//2251 1623//2251 1622//2251
f 1626//2252 1622//2252 1621//2252
f 1615//2253 1616//2253 1617//2253
f 1615//2254 1617//2254 1618//2254
f 1615//2255 1618//2255 1619//2255
f 1615//2256 1619//2256 1620//2256
usemtl Mat_DarkMetal
f 1633//2257 1634//2257 1628//2257
f 1633//2258 1628//2258 1627//2258
f 1634//2259 1635//2259 1629//2259
f 1634//2260 1629//2260 1628//2260
f 1635//2261 1636//2261 1630//2261
f 1635//2262 1630//2262 1629//2262
f 1636//2263 1637//2263 1631//2263
f 1636//2264 1631//2264 1630//2264
f 1637//2265 1638//2265 1632//2265
f 1637//2266 1632//2266 1631//2266
f 1638//2267 1633//2267 1627//2267
f 1638//2268 1627//2268 1632//2268
f 1638//2269 1637//2269 1636//2269
f 1638//2270 1636//2270 1635//2270
f 1638//2271 1635//2271 1634//2271
f 1638//2272 1634//2272 1633//2272
f 1627//2273 1628//2273 1629//2273
f 1627//2274 1629//2274 1630//2274
f 1627//2275 1630//2275 1631//2275
f 1627//2276 1631//2276 1632//2276
usemtl Mat_Void
f 1646//2277 1645//2277 1644//2277
f 1646//2278 1644//2278 1643//2278
f 1644//2279 1645//2279 1641//2279
f 1644//2280 1641//2280 1640//2280
f 1645//2281 1646//2281 1642//2281
f 1645//2282 1642//2282 1641//2282
f 1646//2283 1643//2283 1639//2283
f 1646//2284 1639//2284 1642//2284
f 1640//2285 1641//2285 1642//2285
f 1640//2286 1642//2286 1639//2286
usemtl Mat_Bone
f 1654//2287 1653//2287 1652//2287
f 1654//2288 1652//2288 1651//2288
f 1651//2289 1652//2289 1648//2289
f 1651//2290 1648//2290 1647//2290
f 1652//2291 1653//2291 1649//2291
f 1652//2292 1649//2292 1648//2292
f 1653//2293 1654//2293 1650//2293
f 1653//2294 1650//2294 1649//2294
f 1654//2295 1651//2295 1647//2295
f 1654//2296 1647//2296 1650//2296
f 1648//2297 1649//2297 1650//2297
f 1648//2298 1650//2298 1647//2298
f 1662//2299 1661//2299 1660//2299
f 1662//2300 1660//2300 1659//2300
f 1659//2301 1660//2301 1656//2301
f 1659//2302 1656//2302 1655//2302
f 1660//2303 1661//2303 1657//2303
f 1660//2304 1657//2304 1656//2304
f 1661//2305 1662//2305 1658//2305
f 1661//2306 1658//2306 1657//2306
f 1662//2307 1659//2307 1655//2307
f 1662//2308 1655//2308 1658//2308
f 1656//2309 1657//2309 1658//2309
f 1656//2310 1658//2310 1655//2310
f 1670//2311 1669//2311 1668//2311
f 1670//2312 1668//2312 1667//2312
f 1667//2313 1668//2313 1664//2313
f 1667//2314 1664//2314 1663//2314
f 1668//2315 1669//2315 1665//2315
f 1668//2316 1665//2316 1664//2316
f 1669//2317 1670//2317 1666//2317
f 1669//2318 1666//2318 1665//2318
f 1670//2319 1667//2319 1663//2319
f 1670//2320 1663//2320 1666//2320
f 1664//2321 1665//2321 1666//2321
f 1664//2322 1666//2322 1663//2322
usemtl Mat_NeonAmber
f 1678//2323 1677//2323 1676//2323
f 1678//2324 1676//2324 1675//2324
f 1676//2325 1677//2325 1673//2325
f 1676//2326 1673//2326 1672//2326
f 1677//2327 1678//2327 1674//2327
f 1677//2328 1674//2328 1673//2328
f 1678//2329 1675//2329 1671//2329
f 1678//2330 1671//2330 1674//2330
f 1672//2331 1673//2331 1674//2331
f 1672//2332 1674//2332 1671//2332
usemtl Mat_Bone
f 1686//2333 1685//2333 1684//2333
f 1686//2334 1684//2334 1683//2334
f 1683//2335 1684//2335 1680//2335
f 1683//2336 1680//2336 1679//2336
f 1684//2337 1685//2337 1681//2337
f 1684//2338 1681//2338 1680//2338
f 1685//2339 1686//2339 1682//2339
f 1685//2340 1682//2340 1681//2340
f 1686//2341 1683//2341 1679//2341
f 1686//2342 1679//2342 1682//2342
f 1680//2343 1681//2343 1682//2343
f 1680//2344 1682//2344 1679//2344
f 1694//2345 1693//2345 1692//2345
f 1694//2346 1692//2346 1691//2346
f 1691//2347 1692//2347 1688//2347
f 1691//2348 1688//2348 1687//2348
f 1692//2349 1693//2349 1689//2349
f 1692//2350 1689//2350 1688//2350
f 1693//2351 1694//2351 1690//2351
f 1693//2352 1690//2352 1689//2352
f 1694//2353 1691//2353 1687//2353
f 1694//2354 1687//2354 1690//2354
f 1688//2355 1689//2355 1690//2355
f 1688//2356 1690//2356 1687//2356
f 1702//2357 1701//2357 1700//2357
f 1702//2358 1700//2358 1699//2358
f 1699//2359 1700//2359 1696//2359
f 1699//2360 1696//2360 1695//2360
f 1700//2361 1701//2361 1697//2361
f 1700//2362 1697//2362 1696//2362
f 1701//2363 1702//2363 1698//2363
f 1701//2364 1698//2364 1697//2364
f 1702//2365 1699//2365 1695//2365
f 1702//2366 1695//2366 1698//2366
f 1696//2367 1697//2367 1698//2367
f 1696//2368 1698//2368 1695//2368
f 1710//2369 1709//2369 1708//2369
f 1710//2370 1708//2370 1707//2370
f 1707//2371 1708//2371 1704//2371
f 1707//2372 1704//2372 1703//2372
f 1708//2373 1709//2373 1705//2373
f 1708//2374 1705//2374 1704//2374
f 1709//2375 1710//2375 1706//2375
f 1709//2376 1706//2376 1705//2376
f 1710//2377 1707//2377 1703//2377
f 1710//2378 1703//2378 1706//2378
f 1704//2379 1705//2379 1706//2379
f 1704//2380 1706//2380 1703//2380
f 1718//2381 1717//2381 1716//2381
f 1718//2382 1716//2382 1715//2382
f 1715//2383 1716//2383 1712//2383
f 1715//2384 1712//2384 1711//2384
f 1716//2385 1717//2385 1713//2385
f 1716//2386 1713//2386 1712//2386
f 1717//2387 1718//2387 1714//2387
f 1717//2388 1714//2388 1713//2388
f 1718//2389 1715//2389 1711//2389
f 1718//2390 1711//2390 1714//2390
f 1712//2391 1713//2391 1714//2391
f 1712//2392 1714//2392 1711//2392
f 1726//2393 1725//2393 1724//2393
f 1726//2394 1724//2394 1723//2394
f 1723//2395 1724//2395 1720//2395
f 1723//2396 1720//2396 1719//2396
f 1724//2397 1725//2397 1721//2397
f 1724//2398 1721//2398 1720//2398
f 1725//2399 1726//2399 1722//2399
f 1725//2400 1722//2400 1721//2400
f 1726//2401 1723//2401 1719//2401
f 1726//2402 1719//2402 1722//2402
f 1720//2403 1721//2403 1722//2403
f 1720//2404 1722//2404 1719//2404
usemtl Mat_PaintedWoodDark
f 1734//2405 1733//2405 1732//2405
f 1734//2406 1732//2406 1731//2406
f 1731//2407 1732//2407 1728//2407
f 1731//2408 1728//2408 1727//2408
f 1732//2409 1733//2409 1729//2409
f 1732//2410 1729//2410 1728//2410
f 1733//2411 1734//2411 1730//2411
f 1733//2412 1730//2412 1729//2412
f 1734//2413 1731//2413 1727//2413
f 1734//2414 1727//2414 1730//2414
f 1728//2415 1729//2415 1730//2415
f 1728//2416 1730//2416 1727//2416
usemtl Mat_PaintedWood
f 1742//2417 1741//2417 1740//2417
f 1742//2418 1740//2418 1739//2418
f 1739//2419 1740//2419 1736//2419
f 1739//2420 1736//2420 1735//2420
f 1740//2421 1741//2421 1737//2421
f 1740//2422 1737//2422 1736//2422
f 1741//2423 1742//2423 1738//2423
f 1741//2424 1738//2424 1737//2424
f 1742//2425 1739//2425 1735//2425
f 1742//2426 1735//2426 1738//2426
f 1736//2427 1737//2427 1738//2427
f 1736//2428 1738//2428 1735//2428
f 1750//2429 1749//2429 1748//2429
f 1750//2430 1748//2430 1747//2430
f 1747//2431 1748//2431 1744//2431
f 1747//2432 1744//2432 1743//2432
f 1748//2433 1749//2433 1745//2433
f 1748//2434 1745//2434 1744//2434
f 1749//2435 1750//2435 1746//2435
f 1749//2436 1746//2436 1745//2436
f 1750//2437 1747//2437 1743//2437
f 1750//2438 1743//2438 1746//2438
f 1744//2439 1745//2439 1746//2439
f 1744//2440 1746//2440 1743//2440
f 1758//2441 1757//2441 1756//2441
f 1758//2442 1756//2442 1755//2442
f 1755//2443 1756//2443 1752//2443
f 1755//2444 1752//2444 1751//2444
f 1756//2445 1757//2445 1753//2445
f 1756//2446 1753//2446 1752//2446
f 1757//2447 1758//2447 1754//2447
f 1757//2448 1754//2448 1753//2448
f 1758//2449 1755//2449 1751//2449
f 1758//2450 1751//2450 1754//2450
f 1752//2451 1753//2451 1754//2451
f 1752//2452 1754//2452 1751//2452
f 1766//2453 1765//2453 1764//2453
f 1766//2454 1764//2454 1763//2454
f 1763//2455 1764//2455 1760//2455
f 1763//2456 1760//2456 1759//2456
f 1764//2457 1765//2457 1761//2457
f 1764//2458 1761//2458 1760//2458
f 1765//2459 1766//2459 1762//2459
f 1765//2460 1762//2460 1761//2460
f 1766//2461 1763//2461 1759//2461
f 1766//2462 1759//2462 1762//2462
f 1760//2463 1761//2463 1762//2463
f 1760//2464 1762//2464 1759//2464
usemtl Mat_PaintedWoodDark
f 1774//2465 1773//2465 1772//2465
f 1774//2466 1772//2466 1771//2466
f 1771//2467 1772//2467 1768//2467
f 1771//2468 1768//2468 1767//2468
f 1772//2469 1773//2469 1769//2469
f 1772//2470 1769//2470 1768//2470
f 1773//2471 1774//2471 1770//2471
f 1773//2472 1770//2472 1769//2472
f 1774//2473 1771//2473 1767//2473
f 1774//2474 1767//2474 1770//2474
f 1768//2475 1769//2475 1770//2475
f 1768//2476 1770//2476 1767//2476
usemtl Mat_PaintedWood
f 1782//2477 1781//2477 1780//2477
f 1782//2478 1780//2478 1779//2478
f 1779//2479 1780//2479 1776//2479
f 1779//2480 1776//2480 1775//2480
f 1780//2481 1781//2481 1777//2481
f 1780//2482 1777//2482 1776//2482
f 1781//2483 1782//2483 1778//2483
f 1781//2484 1778//2484 1777//2484
f 1782//2485 1779//2485 1775//2485
f 1782//2486 1775//2486 1778//2486
f 1776//2487 1777//2487 1778//2487
f 1776//2488 1778//2488 1775//2488
f 1790//2489 1789//2489 1788//2489
f 1790//2490 1788//2490 1787//2490
f 1787//2491 1788//2491 1784//2491
f 1787//2492 1784//2492 1783//2492
f 1788//2493 1789//2493 1785//2493
f 1788//2494 1785//2494 1784//2494
f 1789//2495 1790//2495 1786//2495
f 1789//2496 1786//2496 1785//2496
f 1790//2497 1787//2497 1783//2497
f 1790//2498 1783//2498 1786//2498
f 1784//2499 1785//2499 1786//2499
f 1784//2500 1786//2500 1783//2500
f 1798//2501 1797//2501 1796//2501
f 1798//2502 1796//2502 1795//2502
f 1795//2503 1796//2503 1792//2503
f 1795//2504 1792//2504 1791//2504
f 1796//2505 1797//2505 1793//2505
f 1796//2506 1793//2506 1792//2506
f 1797//2507 1798//2507 1794//2507
f 1797//2508 1794//2508 1793//2508
f 1798//2509 1795//2509 1791//2509
f 1798//2510 1791//2510 1794//2510
f 1792//2511 1793//2511 1794//2511
f 1792//2512 1794//2512 1791//2512
f 1806//2513 1805//2513 1804//2513
f 1806//2514 1804//2514 1803//2514
f 1803//2515 1804//2515 1800//2515
f 1803//2516 1800//2516 1799//2516
f 1804//2517 1805//2517 1801//2517
f 1804//2518 1801//2518 1800//2518
f 1805//2519 1806//2519 1802//2519
f 1805//2520 1802//2520 1801//2520
f 1806//2521 1803//2521 1799//2521
f 1806//2522 1799//2522 1802//2522
f 1800//2523 1801//2523 1802//2523
f 1800//2524 1802//2524 1799//2524
usemtl Mat_DarkMetal
f 1814//2525 1813//2525 1812//2525
f 1814//2526 1812//2526 1811//2526
f 1811//2527 1812//2527 1808//2527
f 1811//2528 1808//2528 1807//2528
f 1812//2529 1813//2529 1809//2529
f 1812//2530 1809//2530 1808//2530
f 1813//2531 1814//2531 1810//2531
f 1813//2532 1810//2532 1809//2532
f 1814//2533 1811//2533 1807//2533
f 1814//2534 1807//2534 1810//2534
f 1808//2535 1809//2535 1810//2535
f 1808//2536 1810//2536 1807//2536
f 1822//2537 1821//2537 1820//2537
f 1822//2538 1820//2538 1819//2538
f 1819//2539 1820//2539 1816//2539
f 1819//2540 1816//2540 1815//2540
f 1820//2541 1821//2541 1817//2541
f 1820//2542 1817//2542 1816//2542
f 1821//2543 1822//2543 1818//2543
f 1821//2544 1818//2544 1817//2544
f 1822//2545 1819//2545 1815//2545
f 1822//2546 1815//2546 1818//2546
f 1816//2547 1817//2547 1818//2547
f 1816//2548 1818//2548 1815//2548
f 1830//2549 1829//2549 1828//2549
f 1830//2550 1828//2550 1827//2550
f 1827//2551 1828//2551 1824//2551
f 1827//2552 1824//2552 1823//2552
f 1828//2553 1829//2553 1825//2553
f 1828//2554 1825//2554 1824//2554
f 1829//2555 1830//2555 1826//2555
f 1829//2556 1826//2556 1825//2556
f 1830//2557 1827//2557 1823//2557
f 1830//2558 1823//2558 1826//2558
f 1824//2559 1825//2559 1826//2559
f 1824//2560 1826//2560 1823//2560
usemtl Mat_NeonAmber
f 1838//2561 1837//2561 1836//2561
f 1838//2562 1836//2562 1835//2562
f 1836//2563 1837//2563 1833//2563
f 1836//2564 1833//2564 1832//2564
f 1837//2565 1838//2565 1834//2565
f 1837//2566 1834//2566 1833//2566
f 1838//2567 1835//2567 1831//2567
f 1838//2568 1831//2568 1834//2568
f 1832//2569 1833//2569 1834//2569
f 1832//2570 1834//2570 1831//2570
usemtl Mat_Bone
f 1846//2571 1845//2571 1844//2571
f 1846//2572 1844//2572 1843//2572
f 1843//2573 1844//2573 1840//2573
f 1843//2574 1840//2574 1839//2574
f 1844//2575 1845//2575 1841//2575
f 1844//2576 1841//2576 1840//2576
f 1845//2577 1846//2577 1842//2577
f 1845//2578 1842//2578 1841//2578
f 1846//2579 1843//2579 1839//2579
f 1846//2580 1839//2580 1842//2580
f 1840//2581 1841//2581 1842//2581
f 1840//2582 1842//2582 1839//2582
f 1854//2583 1853//2583 1852//2583
f 1854//2584 1852//2584 1851//2584
f 1851//2585 1852//2585 1848//2585
f 1851//2586 1848//2586 1847//2586
f 1852//2587 1853//2587 1849//2587
f 1852//2588 1849//2588 1848//2588
f 1853//2589 1854//2589 1850//2589
f 1853//2590 1850//2590 1849//2590
f 1854//2591 1851//2591 1847//2591
f 1854//2592 1847//2592 1850//2592
f 1848//2593 1849//2593 1850//2593
f 1848//2594 1850//2594 1847//2594
f 1862//2595 1861//2595 1860//2595
f 1862//2596 1860//2596 1859//2596
f 1859//2597 1860//2597 1856//2597
f 1859//2598 1856//2598 1855//2598
f 1860//2599 1861//2599 1857//2599
f 1860//2600 1857//2600 1856//2600
f 1861//2601 1862//2601 1858//2601
f 1861//2602 1858//2602 1857//2602
f 1862//2603 1859//2603 1855//2603
f 1862//2604 1855//2604 1858//2604
f 1856//2605 1857//2605 1858//2605
f 1856//2606 1858//2606 1855//2606
f 1870//2607 1869//2607 1868//2607
f 1870//2608 1868//2608 1867//2608
f 1867//2609 1868//2609 1864//2609
f 1867//2610 1864//2610 1863//2610
f 1868//2611 1869//2611 1865//2611
f 1868//2612 1865//2612 1864//2612
f 1869//2613 1870//2613 1866//2613
f 1869//2614 1866//2614 1865//2614
f 1870//2615 1867//2615 1863//2615
f 1870//2616 1863//2616 1866//2616
f 1864//2617 1865//2617 1866//2617
f 1864//2618 1866//2618 1863//2618
f 1878//2619 1877//2619 1876//2619
f 1878//2620 1876//2620 1875//2620
f 1875//2621 1876//2621 1872//2621
f 1875//2622 1872//2622 1871//2622
f 1876//2623 1877//2623 1873//2623
f 1876//2624 1873//2624 1872//2624
f 1877//2625 1878//2625 1874//2625
f 1877//2626 1874//2626 1873//2626
f 1878//2627 1875//2627 1871//2627
f 1878//2628 1871//2628 1874//2628
f 1872//2629 1873//2629 1874//2629
f 1872//2630 1874//2630 1871//2630
f 1886//2631 1885//2631 1884//2631
f 1886//2632 1884//2632 1883//2632
f 1883//2633 1884//2633 1880//2633
f 1883//2634 1880//2634 1879//2634
f 1884//2635 1885//2635 1881//2635
f 1884//2636 1881//2636 1880//2636
f 1885//2637 1886//2637 1882//2637
f 1885//2638 1882//2638 1881//2638
f 1886//2639 1883//2639 1879//2639
f 1886//2640 1879//2640 1882//2640
f 1880//2641 1881//2641 1882//2641
f 1880//2642 1882//2642 1879//2642
usemtl Mat_PaintedWoodDark
f 1894//2643 1893//2643 1892//2643
f 1894//2644 1892//2644 1891//2644
f 1891//2645 1892//2645 1888//2645
f 1891//2646 1888//2646 1887//2646
f 1892//2647 1893//2647 1889//2647
f 1892//2648 1889//2648 1888//2648
f 1893//2649 1894//2649 1890//2649
f 1893//2650 1890//2650 1889//2650
f 1894//2651 1891//2651 1887//2651
f 1894//2652 1887//2652 1890//2652
f 1888//2653 1889//2653 1890//2653
f 1888//2654 1890//2654 1887//2654
usemtl Mat_PaintedWood
f 1902//2655 1901//2655 1900//2655
f 1902//2656 1900//2656 1899//2656
f 1899//2657 1900//2657 1896//2657
f 1899//2658 1896//2658 1895//2658
f 1900//2659 1901//2659 1897//2659
f 1900//2660 1897//2660 1896//2660
f 1901//2661 1902//2661 1898//2661
f 1901//2662 1898//2662 1897//2662
f 1902//2663 1899//2663 1895//2663
f 1902//2664 1895//2664 1898//2664
f 1896//2665 1897//2665 1898//2665
f 1896//2666 1898//2666 1895//2666
f 1910//2667 1909//2667 1908//2667
f 1910//2668 1908//2668 1907//2668
f 1907//2669 1908//2669 1904//2669
f 1907//2670 1904//2670 1903//2670
f 1908//2671 1909//2671 1905//2671
f 1908//2672 1905//2672 1904//2672
f 1909//2673 1910//2673 1906//2673
f 1909//2674 1906//2674 1905//2674
f 1910//2675 1907//2675 1903//2675
f 1910//2676 1903//2676 1906//2676
f 1904//2677 1905//2677 1906//2677
f 1904//2678 1906//2678 1903//2678
f 1918//2679 1917//2679 1916//2679
f 1918//2680 1916//2680 1915//2680
f 1915//2681 1916//2681 1912//2681
f 1915//2682 1912//2682 1911//2682
f 1916//2683 1917//2683 1913//2683
f 1916//2684 1913//2684 1912//2684
f 1917//2685 1918//2685 1914//2685
f 1917//2686 1914//2686 1913//2686
f 1918//2687 1915//2687 1911//2687
f 1918//2688 1911//2688 1914//2688
f 1912//2689 1913//2689 1914//2689
f 1912//2690 1914//2690 1911//2690
f 1926//2691 1925//2691 1924//2691
f 1926//2692 1924//2692 1923//2692
f 1923//2693 1924//2693 1920//2693
f 1923//2694 1920//2694 1919//2694
f 1924//2695 1925//2695 1921//2695
f 1924//2696 1921//2696 1920//2696
f 1925//2697 1926//2697 1922//2697
f 1925//2698 1922//2698 1921//2698
f 1926//2699 1923//2699 1919//2699
f 1926//2700 1919//2700 1922//2700
f 1920//2701 1921//2701 1922//2701
f 1920//2702 1922//2702 1919//2702
usemtl Mat_PaintedWoodDark
f 1934//2703 1933//2703 1932//2703
f 1934//2704 1932//2704 1931//2704
f 1931//2705 1932//2705 1928//2705
f 1931//2706 1928//2706 1927//2706
f 1932//2707 1933//2707 1929//2707
f 1932//2708 1929//2708 1928//2708
f 1933//2709 1934//2709 1930//2709
f 1933//2710 1930//2710 1929//2710
f 1934//2711 1931//2711 1927//2711
f 1934//2712 1927//2712 1930//2712
f 1928//2713 1929//2713 1930//2713
f 1928//2714 1930//2714 1927//2714
usemtl Mat_PaintedWood
f 1942//2715 1941//2715 1940//2715
f 1942//2716 1940//2716 1939//2716
f 1939//2717 1940//2717 1936//2717
f 1939//2718 1936//2718 1935//2718
f 1940//2719 1941//2719 1937//2719
f 1940//2720 1937//2720 1936//2720
f 1941//2721 1942//2721 1938//2721
f 1941//2722 1938//2722 1937//2722
f 1942//2723 1939//2723 1935//2723
f 1942//2724 1935//2724 1938//2724
f 1936//2725 1937//2725 1938//2725
f 1936//2726 1938//2726 1935//2726
f 1950//2727 1949//2727 1948//2727
f 1950//2728 1948//2728 1947//2728
f 1947//2729 1948//2729 1944//2729
f 1947//2730 1944//2730 1943//2730
f 1948//2731 1949//2731 1945//2731
f 1948//2732 1945//2732 1944//2732
f 1949//2733 1950//2733 1946//2733
f 1949//2734 1946//2734 1945//2734
f 1950//2735 1947//2735 1943//2735
f 1950//2736 1943//2736 1946//2736
f 1944//2737 1945//2737 1946//2737
f 1944//2738 1946//2738 1943//2738
f 1958//2739 1957//2739 1956//2739
f 1958//2740 1956//2740 1955//2740
f 1955//2741 1956//2741 1952//2741
f 1955//2742 1952//2742 1951//2742
f 1956//2743 1957//2743 1953//2743
f 1956//2744 1953//2744 1952//2744
f 1957//2745 1958//2745 1954//2745
f 1957//2746 1954//2746 1953//2746
f 1958//2747 1955//2747 1951//2747
f 1958//2748 1951//2748 1954//2748
f 1952//2749 1953//2749 1954//2749
f 1952//2750 1954//2750 1951//2750
f 1966//2751 1965//2751 1964//2751
f 1966//2752 1964//2752 1963//2752
f 1963//2753 1964//2753 1960//2753
f 1963//2754 1960//2754 1959//2754
f 1964//2755 1965//2755 1961//2755
f 1964//2756 1961//2756 1960//2756
f 1965//2757 1966//2757 1962//2757
f 1965//2758 1962//2758 1961//2758
f 1966//2759 1963//2759 1959//2759
f 1966//2760 1959//2760 1962//2760
f 1960//2761 1961//2761 1962//2761
f 1960//2762 1962//2762 1959//2762
usemtl Mat_DarkMetal
f 1974//2763 1973//2763 1972//2763
f 1974//2764 1972//2764 1971//2764
f 1971//2765 1972//2765 1968//2765
f 1971//2766 1968//2766 1967//2766
f 1972//2767 1973//2767 1969//2767
f 1972//2768 1969//2768 1968//2768
f 1973//2769 1974//2769 1970//2769
f 1973//2770 1970//2770 1969//2770
f 1974//2771 1971//2771 1967//2771
f 1974//2772 1967//2772 1970//2772
f 1968//2773 1969//2773 1970//2773
f 1968//2774 1970//2774 1967//2774
f 1982//2775 1981//2775 1980//2775
f 1982//2776 1980//2776 1979//2776
f 1979//2777 1980//2777 1976//2777
f 1979//2778 1976//2778 1975//2778
f 1980//2779 1981//2779 1977//2779
f 1980//2780 1977//2780 1976//2780
f 1981//2781 1982//2781 1978//2781
f 1981//2782 1978//2782 1977//2782
f 1982//2783 1979//2783 1975//2783
f 1982//2784 1975//2784 1978//2784
f 1976//2785 1977//2785 1978//2785
f 1976//2786 1978//2786 1975//2786
f 1990//2787 1989//2787 1988//2787
f 1990//2788 1988//2788 1987//2788
f 1987//2789 1988//2789 1984//2789
f 1987//2790 1984//2790 1983//2790
f 1988//2791 1989//2791 1985//2791
f 1988//2792 1985//2792 1984//2792
f 1989//2793 1990//2793 1986//2793
f 1989//2794 1986//2794 1985//2794
f 1990//2795 1987//2795 1983//2795
f 1990//2796 1983//2796 1986//2796
f 1984//2797 1985//2797 1986//2797
f 1984//2798 1986//2798 1983//2798
usemtl Mat_NeonAmber
f 1998//2799 1997//2799 1996//2799
f 1998//2800 1996//2800 1995//2800
f 1996//2801 1997//2801 1993//2801
f 1996//2802 1993//2802 1992//2802
f 1997//2803 1998//2803 1994//2803
f 1997//2804 1994//2804 1993//2804
f 1998//2805 1995//2805 1991//2805
f 1998//2806 1991//2806 1994//2806
f 1992//2807 1993//2807 1994//2807
f 1992//2808 1994//2808 1991//2808
usemtl Mat_Bone
f 2006//2809 2005//2809 2004//2809
f 2006//2810 2004//2810 2003//2810
f 2003//2811 2004//2811 2000//2811
f 2003//2812 2000//2812 1999//2812
f 2004//2813 2005//2813 2001//2813
f 2004//2814 2001//2814 2000//2814
f 2005//2815 2006//2815 2002//2815
f 2005//2816 2002//2816 2001//2816
f 2006//2817 2003//2817 1999//2817
f 2006//2818 1999//2818 2002//2818
f 2000//2819 2001//2819 2002//2819
f 2000//2820 2002//2820 1999//2820
f 2014//2821 2013//2821 2012//2821
f 2014//2822 2012//2822 2011//2822
f 2011//2823 2012//2823 2008//2823
f 2011//2824 2008//2824 2007//2824
f 2012//2825 2013//2825 2009//2825
f 2012//2826 2009//2826 2008//2826
f 2013//2827 2014//2827 2010//2827
f 2013//2828 2010//2828 2009//2828
f 2014//2829 2011//2829 2007//2829
f 2014//2830 2007//2830 2010//2830
f 2008//2831 2009//2831 2010//2831
f 2008//2832 2010//2832 2007//2832
f 2022//2833 2021//2833 2020//2833
f 2022//2834 2020//2834 2019//2834
f 2019//2835 2020//2835 2016//2835
f 2019//2836 2016//2836 2015//2836
f 2020//2837 2021//2837 2017//2837
f 2020//2838 2017//2838 2016//2838
f 2021//2839 2022//2839 2018//2839
f 2021//2840 2018//2840 2017//2840
f 2022//2841 2019//2841 2015//2841
f 2022//2842 2015//2842 2018//2842
f 2016//2843 2017//2843 2018//2843
f 2016//2844 2018//2844 2015//2844
f 2030//2845 2029//2845 2028//2845
f 2030//2846 2028//2846 2027//2846
f 2027//2847 2028//2847 2024//2847
f 2027//2848 2024//2848 2023//2848
f 2028//2849 2029//2849 2025//2849
f 2028//2850 2025//2850 2024//2850
f 2029//2851 2030//2851 2026//2851
f 2029//2852 2026//2852 2025//2852
f 2030//2853 2027//2853 2023//2853
f 2030//2854 2023//2854 2026//2854
f 2024//2855 2025//2855 2026//2855
f 2024//2856 2026//2856 2023//2856
f 2038//2857 2037//2857 2036//2857
f 2038//2858 2036//2858 2035//2858
f 2035//2859 2036//2859 2032//2859
f 2035//2860 2032//2860 2031//2860
f 2036//2861 2037//2861 2033//2861
f 2036//2862 2033//2862 2032//2862
f 2037//2863 2038//2863 2034//2863
f 2037//2864 2034//2864 2033//2864
f 2038//2865 2035//2865 2031//2865
f 2038//2866 2031//2866 2034//2866
f 2032//2867 2033//2867 2034//2867
f 2032//2868 2034//2868 2031//2868
f 2046//2869 2045//2869 2044//2869
f 2046//2870 2044//2870 2043//2870
f 2043//2871 2044//2871 2040//2871
f 2043//2872 2040//2872 2039//2872
f 2044//2873 2045//2873 2041//2873
f 2044//2874 2041//2874 2040//2874
f 2045//2875 2046//2875 2042//2875
f 2045//2876 2042//2876 2041//2876
f 2046//2877 2043//2877 2039//2877
f 2046//2878 2039//2878 2042//2878
f 2040//2879 2041//2879 2042//2879
f 2040//2880 2042//2880 2039//2880
f 2054//2881 2053//2881 2052//2881
f 2054//2882 2052//2882 2051//2882
f 2052//2883 2053//2883 2049//2883
f 2052//2884 2049//2884 2048//2884
f 2053//2885 2054//2885 2050//2885
f 2053//2886 2050//2886 2049//2886
f 2054//2887 2051//2887 2047//2887
f 2054//2888 2047//2888 2050//2888
f 2048//2889 2049//2889 2050//2889
f 2048//2890 2050//2890 2047//2890
f 2062//2891 2061//2891 2060//2891
f 2062//2892 2060//2892 2059//2892
f 2060//2893 2061//2893 2057//2893
f 2060//2894 2057//2894 2056//2894
f 2061//2895 2062//2895 2058//2895
f 2061//2896 2058//2896 2057//2896
f 2062//2897 2059//2897 2055//2897
f 2062//2898 2055//2898 2058//2898
f 2056//2899 2057//2899 2058//2899
f 2056//2900 2058//2900 2055//2900
usemtl Mat_NeonAmber
f 2070//2901 2069//2901 2068//2901
f 2070//2902 2068//2902 2067//2902
f 2068//2903 2069//2903 2065//2903
f 2068//2904 2065//2904 2064//2904
f 2069//2905 2070//2905 2066//2905
f 2069//2906 2066//2906 2065//2906
f 2070//2907 2067//2907 2063//2907
f 2070//2908 2063//2908 2066//2908
f 2064//2909 2065//2909 2066//2909
f 2064//2910 2066//2910 2063//2910
usemtl Mat_Bone
f 2078//2911 2077//2911 2076//2911
f 2078//2912 2076//2912 2075//2912
f 2075//2913 2076//2913 2072//2913
f 2075//2914 2072//2914 2071//2914
f 2076//2915 2077//2915 2073//2915
f 2076//2916 2073//2916 2072//2916
f 2077//2917 2078//2917 2074//2917
f 2077//2918 2074//2918 2073//2918
f 2078//2919 2075//2919 2071//2919
f 2078//2920 2071//2920 2074//2920
f 2072//2921 2073//2921 2074//2921
f 2072//2922 2074//2922 2071//2922
f 2086//2923 2085//2923 2084//2923
f 2086//2924 2084//2924 2083//2924
f 2083//2925 2084//2925 2080//2925
f 2083//2926 2080//2926 2079//2926
f 2084//2927 2085//2927 2081//2927
f 2084//2928 2081//2928 2080//2928
f 2085//2929 2086//2929 2082//2929
f 2085//2930 2082//2930 2081//2930
f 2086//2931 2083//2931 2079//2931
f 2086//2932 2079//2932 2082//2932
f 2080//2933 2081//2933 2082//2933
f 2080//2934 2082//2934 2079//2934
f 2094//2935 2093//2935 2092//2935
f 2094//2936 2092//2936 2091//2936
f 2091//2937 2092//2937 2088//2937
f 2091//2938 2088//2938 2087//2938
f 2092//2939 2093//2939 2089//2939
f 2092//2940 2089//2940 2088//2940
f 2093//2941 2094//2941 2090//2941
f 2093//2942 2090//2942 2089//2942
f 2094//2943 2091//2943 2087//2943
f 2094//2944 2087//2944 2090//2944
f 2088//2945 2089//2945 2090//2945
f 2088//2946 2090//2946 2087//2946
f 2102//2947 2101//2947 2100//2947
f 2102//2948 2100//2948 2099//2948
f 2099//2949 2100//2949 2096//2949
f 2099//2950 2096//2950 2095//2950
f 2100//2951 2101//2951 2097//2951
f 2100//2952 2097//2952 2096//2952
f 2101//2953 2102//2953 2098//2953
f 2101//2954 2098//2954 2097//2954
f 2102//2955 2099//2955 2095//2955
f 2102//2956 2095//2956 2098//2956
f 2096//2957 2097//2957 2098//2957
f 2096//2958 2098//2958 2095//2958
f 2110//2959 2109//2959 2108//2959
f 2110//2960 2108//2960 2107//2960
f 2107//2961 2108//2961 2104//2961
f 2107//2962 2104//2962 2103//2962
f 2108//2963 2109//2963 2105//2963
f 2108//2964 2105//2964 2104//2964
f 2109//2965 2110//2965 2106//2965
f 2109//2966 2106//2966 2105//2966
f 2110//2967 2107//2967 2103//2967
f 2110//2968 2103//2968 2106//2968
f 2104//2969 2105//2969 2106//2969
f 2104//2970 2106//2970 2103//2970
f 2118//2971 2117//2971 2116//2971
f 2118//2972 2116//2972 2115//2972
f 2115//2973 2116//2973 2112//2973
f 2115//2974 2112//2974 2111//2974
f 2116//2975 2117//2975 2113//2975
f 2116//2976 2113//2976 2112//2976
f 2117//2977 2118//2977 2114//2977
f 2117//2978 2114//2978 2113//2978
f 2118//2979 2115//2979 2111//2979
f 2118//2980 2111//2980 2114//2980
f 2112//2981 2113//2981 2114//2981
f 2112//2982 2114//2982 2111//2982
f 2126//2983 2125//2983 2124//2983
f 2126//2984 2124//2984 2123//2984
f 2124//2985 2125//2985 2121//2985
f 2124//2986 2121//2986 2120//2986
f 2125//2987 2126//2987 2122//2987
f 2125//2988 2122//2988 2121//2988
f 2126//2989 2123//2989 2119//2989
f 2126//2990 2119//2990 2122//2990
f 2120//2991 2121//2991 2122//2991
f 2120//2992 2122//2992 2119//2992
f 2134//2993 2133//2993 2132//2993
f 2134//2994 2132//2994 2131//2994
f 2132//2995 2133//2995 2129//2995
f 2132//2996 2129//2996 2128//2996
f 2133//2997 2134//2997 2130//2997
f 2133//2998 2130//2998 2129//2998
f 2134//2999 2131//2999 2127//2999
f 2134//3000 2127//3000 2130//3000
f 2128//3001 2129//3001 2130//3001
f 2128//3002 2130//3002 2127//3002
usemtl Mat_ShadowRock
f 2142//3003 2141//3003 2140//3003
f 2142//3004 2140//3004 2139//3004
f 2139//3005 2140//3005 2136//3005
f 2139//3006 2136//3006 2135//3006
f 2140//3007 2141//3007 2137//3007
f 2140//3008 2137//3008 2136//3008
f 2141//3009 2142//3009 2138//3009
f 2141//3010 2138//3010 2137//3010
f 2142//3011 2139//3011 2135//3011
f 2142//3012 2135//3012 2138//3012
f 2136//3013 2137//3013 2138//3013
f 2136//3014 2138//3014 2135//3014
usemtl Mat_RustRock
f 2150//3015 2149//3015 2148//3015
f 2150//3016 2148//3016 2147//3016
f 2147//3017 2148//3017 2144//3017
f 2147//3018 2144//3018 2143//3018
f 2148//3019 2149//3019 2145//3019
f 2148//3020 2145//3020 2144//3020
f 2149//3021 2150//3021 2146//3021
f 2149//3022 2146//3022 2145//3022
f 2150//3023 2147//3023 2143//3023
f 2150//3024 2143//3024 2146//3024
f 2144//3025 2145//3025 2146//3025
f 2144//3026 2146//3026 2143//3026
usemtl Mat_Terracotta
f 2158//3027 2157//3027 2156//3027
f 2158//3028 2156//3028 2155//3028
f 2155//3029 2156//3029 2152//3029
f 2155//3030 2152//3030 2151//3030
f 2156//3031 2157//3031 2153//3031
f 2156//3032 2153//3032 2152//3032
f 2157//3033 2158//3033 2154//3033
f 2157//3034 2154//3034 2153//3034
f 2158//3035 2155//3035 2151//3035
f 2158//3036 2151//3036 2154//3036
f 2152//3037 2153//3037 2154//3037
f 2152//3038 2154//3038 2151//3038
usemtl Mat_RustRock
f 2166//3039 2165//3039 2164//3039
f 2166//3040 2164//3040 2163//3040
f 2163//3041 2164//3041 2160//3041
f 2163//3042 2160//3042 2159//3042
f 2164//3043 2165//3043 2161//3043
f 2164//3044 2161//3044 2160//3044
f 2165//3045 2166//3045 2162//3045
f 2165//3046 2162//3046 2161//3046
f 2166//3047 2163//3047 2159//3047
f 2166//3048 2159//3048 2162//3048
f 2160//3049 2161//3049 2162//3049
f 2160//3050 2162//3050 2159//3050
f 2174//3051 2173//3051 2172//3051
f 2174//3052 2172//3052 2171//3052
f 2171//3053 2172//3053 2168//3053
f 2171//3054 2168//3054 2167//3054
f 2172//3055 2173//3055 2169//3055
f 2172//3056 2169//3056 2168//3056
f 2173//3057 2174//3057 2170//3057
f 2173//3058 2170//3058 2169//3058
f 2174//3059 2171//3059 2167//3059
f 2174//3060 2167//3060 2170//3060
f 2168//3061 2169//3061 2170//3061
f 2168//3062 2170//3062 2167//3062
f 2182//3063 2181//3063 2180//3063
f 2182//3064 2180//3064 2179//3064
f 2179//3065 2180//3065 2176//3065
f 2179//3066 2176//3066 2175//3066
f 2180//3067 2181//3067 2177//3067
f 2180//3068 2177//3068 2176//3068
f 2181//3069 2182//3069 2178//3069
f 2181//3070 2178//3070 2177//3070
f 2182//3071 2179//3071 2175//3071
f 2182//3072 2175//3072 2178//3072
f 2176//3073 2177//3073 2178//3073
f 2176//3074 2178//3074 2175//3074
usemtl Mat_Terracotta
f 2190//3075 2189//3075 2188//3075
f 2190//3076 2188//3076 2187//3076
f 2187//3077 2188//3077 2184//3077
f 2187//3078 2184//3078 2183//3078
f 2188//3079 2189//3079 2185//3079
f 2188//3080 2185//3080 2184//3080
f 2189//3081 2190//3081 2186//3081
f 2189//3082 2186//3082 2185//3082
f 2190//3083 2187//3083 2183//3083
f 2190//3084 2183//3084 2186//3084
f 2184//3085 2185//3085 2186//3085
f 2184//3086 2186//3086 2183//3086
usemtl Mat_RustRock
f 2198//3087 2197//3087 2196//3087
f 2198//3088 2196//3088 2195//3088
f 2195//3089 2196//3089 2192//3089
f 2195//3090 2192//3090 2191//3090
f 2196//3091 2197//3091 2193//3091
f 2196//3092 2193//3092 2192//3092
f 2197//3093 2198//3093 2194//3093
f 2197//3094 2194//3094 2193//3094
f 2198//3095 2195//3095 2191//3095
f 2198//3096 2191//3096 2194//3096
f 2192//3097 2193//3097 2194//3097
f 2192//3098 2194//3098 2191//3098
f 2206//3099 2205//3099 2204//3099
f 2206//3100 2204//3100 2203//3100
f 2203//3101 2204//3101 2200//3101
f 2203//3102 2200//3102 2199//3102
f 2204//3103 2205//3103 2201//3103
f 2204//3104 2201//3104 2200//3104
f 2205//3105 2206//3105 2202//3105
f 2205//3106 2202//3106 2201//3106
f 2206//3107 2203//3107 2199//3107
f 2206//3108 2199//3108 2202//3108
f 2200//3109 2201//3109 2202//3109
f 2200//3110 2202//3110 2199//3110
usemtl Mat_Terracotta
f 2214//3111 2213//3111 2212//3111
f 2214//3112 2212//3112 2211//3112
f 2211//3113 2212//3113 2208//3113
f 2211//3114 2208//3114 2207//3114
f 2212//3115 2213//3115 2209//3115
f 2212//3116 2209//3116 2208//3116
f 2213//3117 2214//3117 2210//3117
f 2213//3118 2210//3118 2209//3118
f 2214//3119 2211//3119 2207//3119
f 2214//3120 2207//3120 2210//3120
f 2208//3121 2209//3121 2210//3121
f 2208//3122 2210//3122 2207//3122
usemtl Mat_RustRock
f 2222//3123 2221//3123 2220//3123
f 2222//3124 2220//3124 2219//3124
f 2219//3125 2220//3125 2216//3125
f 2219//3126 2216//3126 2215//3126
f 2220//3127 2221//3127 2217//3127
f 2220//3128 2217//3128 2216//3128
f 2221//3129 2222//3129 2218//3129
f 2221//3130 2218//3130 2217//3130
f 2222//3131 2219//3131 2215//3131
f 2222//3132 2215//3132 2218//3132
f 2216//3133 2217//3133 2218//3133
f 2216//3134 2218//3134 2215//3134
usemtl Mat_Terracotta
f 2230//3135 2229//3135 2228//3135
f 2230//3136 2228//3136 2227//3136
f 2227//3137 2228//3137 2224//3137
f 2227//3138 2224//3138 2223//3138
f 2228//3139 2229//3139 2225//3139
f 2228//3140 2225//3140 2224//3140
f 2229//3141 2230//3141 2226//3141
f 2229//3142 2226//3142 2225//3142
f 2230//3143 2227//3143 2223//3143
f 2230//3144 2223//3144 2226//3144
f 2224//3145 2225//3145 2226//3145
f 2224//3146 2226//3146 2223//3146
usemtl Mat_RustRock
f 2238//3147 2237//3147 2236//3147
f 2238//3148 2236//3148 2235//3148
f 2235//3149 2236//3149 2232//3149
f 2235//3150 2232//3150 2231//3150
f 2236//3151 2237//3151 2233//3151
f 2236//3152 2233//3152 2232//3152
f 2237//3153 2238//3153 2234//3153
f 2237//3154 2234//3154 2233//3154
f 2238//3155 2235//3155 2231//3155
f 2238//3156 2231//3156 2234//3156
f 2232//3157 2233//3157 2234//3157
f 2232//3158 2234//3158 2231//3158
f 2246//3159 2245//3159 2244//3159
f 2246//3160 2244//3160 2243//3160
f 2243//3161 2244//3161 2240//3161
f 2243//3162 2240//3162 2239//3162
f 2244//3163 2245//3163 2241//3163
f 2244//3164 2241//3164 2240//3164
f 2245//3165 2246//3165 2242//3165
f 2245//3166 2242//3166 2241//3166
f 2246//3167 2243//3167 2239//3167
f 2246//3168 2239//3168 2242//3168
f 2240//3169 2241//3169 2242//3169
f 2240//3170 2242//3170 2239//3170
usemtl Mat_Terracotta
f 2254//3171 2253//3171 2252//3171
f 2254//3172 2252//3172 2251//3172
f 2251//3173 2252//3173 2248//3173
f 2251//3174 2248//3174 2247//3174
f 2252//3175 2253//3175 2249//3175
f 2252//3176 2249//3176 2248//3176
f 2253//3177 2254//3177 2250//3177
f 2253//3178 2250//3178 2249//3178
f 2254//3179 2251//3179 2247//3179
f 2254//3180 2247//3180 2250//3180
f 2248//3181 2249//3181 2250//3181
f 2248//3182 2250//3182 2247//3182
f 2262//3183 2261//3183 2260//3183
f 2262//3184 2260//3184 2259//3184
f 2259//3185 2260//3185 2256//3185
f 2259//3186 2256//3186 2255//3186
f 2260//3187 2261//3187 2257//3187
f 2260//3188 2257//3188 2256//3188
f 2261//3189 2262//3189 2258//3189
f 2261//3190 2258//3190 2257//3190
f 2262//3191 2259//3191 2255//3191
f 2262//3192 2255//3192 2258//3192
f 2256//3193 2257//3193 2258//3193
f 2256//3194 2258//3194 2255//3194
usemtl Mat_RustRock
f 2270//3195 2269//3195 2268//3195
f 2270//3196 2268//3196 2267//3196
f 2267//3197 2268//3197 2264//3197
f 2267//3198 2264//3198 2263//3198
f 2268//3199 2269//3199 2265//3199
f 2268//3200 2265//3200 2264//3200
f 2269//3201 2270//3201 2266//3201
f 2269//3202 2266//3202 2265//3202
f 2270//3203 2267//3203 2263//3203
f 2270//3204 2263//3204 2266//3204
f 2264//3205 2265//3205 2266//3205
f 2264//3206 2266//3206 2263//3206
f 2278//3207 2277//3207 2276//3207
f 2278//3208 2276//3208 2275//3208
f 2275//3209 2276//3209 2272//3209
f 2275//3210 2272//3210 2271//3210
f 2276//3211 2277//3211 2273//3211
f 2276//3212 2273//3212 2272//3212
f 2277//3213 2278//3213 2274//3213
f 2277//3214 2274//3214 2273//3214
f 2278//3215 2275//3215 2271//3215
f 2278//3216 2271//3216 2274//3216
f 2272//3217 2273//3217 2274//3217
f 2272//3218 2274//3218 2271//3218
usemtl Mat_Terracotta
f 2286//3219 2285//3219 2284//3219
f 2286//3220 2284//3220 2283//3220
f 2283//3221 2284//3221 2280//3221
f 2283//3222 2280//3222 2279//3222
f 2284//3223 2285//3223 2281//3223
f 2284//3224 2281//3224 2280//3224
f 2285//3225 2286//3225 2282//3225
f 2285//3226 2282//3226 2281//3226
f 2286//3227 2283//3227 2279//3227
f 2286//3228 2279//3228 2282//3228
f 2280//3229 2281//3229 2282//3229
f 2280//3230 2282//3230 2279//3230
usemtl Mat_RustRock
f 2294//3231 2293//3231 2292//3231
f 2294//3232 2292//3232 2291//3232
f 2291//3233 2292//3233 2288//3233
f 2291//3234 2288//3234 2287//3234
f 2292//3235 2293//3235 2289//3235
f 2292//3236 2289//3236 2288//3236
f 2293//3237 2294//3237 2290//3237
f 2293//3238 2290//3238 2289//3238
f 2294//3239 2291//3239 2287//3239
f 2294//3240 2287//3240 2290//3240
f 2288//3241 2289//3241 2290//3241
f 2288//3242 2290//3242 2287//3242
f 2302//3243 2301//3243 2300//3243
f 2302//3244 2300//3244 2299//3244
f 2299//3245 2300//3245 2296//3245
f 2299//3246 2296//3246 2295//3246
f 2300//3247 2301//3247 2297//3247
f 2300//3248 2297//3248 2296//3248
f 2301//3249 2302//3249 2298//3249
f 2301//3250 2298//3250 2297//3250
f 2302//3251 2299//3251 2295//3251
f 2302//3252 2295//3252 2298//3252
f 2296//3253 2297//3253 2298//3253
f 2296//3254 2298//3254 2295//3254
f 2310//3255 2309//3255 2308//3255
f 2310//3256 2308//3256 2307//3256
f 2307//3257 2308//3257 2304//3257
f 2307//3258 2304//3258 2303//3258
f 2308//3259 2309//3259 2305//3259
f 2308//3260 2305//3260 2304//3260
f 2309//3261 2310//3261 2306//3261
f 2309//3262 2306//3262 2305//3262
f 2310//3263 2307//3263 2303//3263
f 2310//3264 2303//3264 2306//3264
f 2304//3265 2305//3265 2306//3265
f 2304//3266 2306//3266 2303//3266
f 2318//3267 2317//3267 2316//3267
f 2318//3268 2316//3268 2315//3268
f 2315//3269 2316//3269 2312//3269
f 2315//3270 2312//3270 2311//3270
f 2316//3271 2317//3271 2313//3271
f 2316//3272 2313//3272 2312//3272
f 2317//3273 2318//3273 2314//3273
f 2317//3274 2314//3274 2313//3274
f 2318//3275 2315//3275 2311//3275
f 2318//3276 2311//3276 2314//3276
f 2312//3277 2313//3277 2314//3277
f 2312//3278 2314//3278 2311//3278
usemtl Mat_Terracotta
f 2326//3279 2325//3279 2324//3279
f 2326//3280 2324//3280 2323//3280
f 2323//3281 2324//3281 2320//3281
f 2323//3282 2320//3282 2319//3282
f 2324//3283 2325//3283 2321//3283
f 2324//3284 2321//3284 2320//3284
f 2325//3285 2326//3285 2322//3285
f 2325//3286 2322//3286 2321//3286
f 2326//3287 2323//3287 2319//3287
f 2326//3288 2319//3288 2322//3288
f 2320//3289 2321//3289 2322//3289
f 2320//3290 2322//3290 2319//3290
usemtl Mat_RustRock
f 2334//3291 2333//3291 2332//3291
f 2334//3292 2332//3292 2331//3292
f 2331//3293 2332//3293 2328//3293
f 2331//3294 2328//3294 2327//3294
f 2332//3295 2333//3295 2329//3295
f 2332//3296 2329//3296 2328//3296
f 2333//3297 2334//3297 2330//3297
f 2333//3298 2330//3298 2329//3298
f 2334//3299 2331//3299 2327//3299
f 2334//3300 2327//3300 2330//3300
f 2328//3301 2329//3301 2330//3301
f 2328//3302 2330//3302 2327//3302
f 2342//3303 2341//3303 2340//3303
f 2342//3304 2340//3304 2339//3304
f 2339//3305 2340//3305 2336//3305
f 2339//3306 2336//3306 2335//3306
f 2340//3307 2341//3307 2337//3307
f 2340//3308 2337//3308 2336//3308
f 2341//3309 2342//3309 2338//3309
f 2341//3310 2338//3310 2337//3310
f 2342//3311 2339//3311 2335//3311
f 2342//3312 2335//3312 2338//3312
f 2336//3313 2337//3313 2338//3313
f 2336//3314 2338//3314 2335//3314
f 2350//3315 2349//3315 2348//3315
f 2350//3316 2348//3316 2347//3316
f 2347//3317 2348//3317 2344//3317
f 2347//3318 2344//3318 2343//3318
f 2348//3319 2349//3319 2345//3319
f 2348//3320 2345//3320 2344//3320
f 2349//3321 2350//3321 2346//3321
f 2349//3322 2346//3322 2345//3322
f 2350//3323 2347//3323 2343//3323
f 2350//3324 2343//3324 2346//3324
f 2344//3325 2345//3325 2346//3325
f 2344//3326 2346//3326 2343//3326
usemtl Mat_Terracotta
f 2358//3327 2357//3327 2356//3327
f 2358//3328 2356//3328 2355//3328
f 2355//3329 2356//3329 2352//3329
f 2355//3330 2352//3330 2351//3330
f 2356//3331 2357//3331 2353//3331
f 2356//3332 2353//3332 2352//3332
f 2357//3333 2358//3333 2354//3333
f 2357//3334 2354//3334 2353//3334
f 2358//3335 2355//3335 2351//3335
f 2358//3336 2351//3336 2354//3336
f 2352//3337 2353//3337 2354//3337
f 2352//3338 2354//3338 2351//3338
usemtl Mat_RustRock
f 2366//3339 2365//3339 2364//3339
f 2366//3340 2364//3340 2363//3340
f 2363//3341 2364//3341 2360//3341
f 2363//3342 2360//3342 2359//3342
f 2364//3343 2365//3343 2361//3343
f 2364//3344 2361//3344 2360//3344
f 2365//3345 2366//3345 2362//3345
f 2365//3346 2362//3346 2361//3346
f 2366//3347 2363//3347 2359//3347
f 2366//3348 2359//3348 2362//3348
f 2360//3349 2361//3349 2362//3349
f 2360//3350 2362//3350 2359//3350
f 2374//3351 2373//3351 2372//3351
f 2374//3352 2372//3352 2371//3352
f 2371//3353 2372//3353 2368//3353
f 2371//3354 2368//3354 2367//3354
f 2372//3355 2373//3355 2369//3355
f 2372//3356 2369//3356 2368//3356
f 2373//3357 2374//3357 2370//3357
f 2373//3358 2370//3358 2369//3358
f 2374//3359 2371//3359 2367//3359
f 2374//3360 2367//3360 2370//3360
f 2368//3361 2369//3361 2370//3361
f 2368//3362 2370//3362 2367//3362
usemtl Mat_Terracotta
f 2382//3363 2381//3363 2380//3363
f 2382//3364 2380//3364 2379//3364
f 2379//3365 2380//3365 2376//3365
f 2379//3366 2376//3366 2375//3366
f 2380//3367 2381//3367 2377//3367
f 2380//3368 2377//3368 2376//3368
f 2381//3369 2382//3369 2378//3369
f 2381//3370 2378//3370 2377//3370
f 2382//3371 2379//3371 2375//3371
f 2382//3372 2375//3372 2378//3372
f 2376//3373 2377//3373 2378//3373
f 2376//3374 2378//3374 2375//3374
usemtl Mat_RustRock
f 2390//3375 2389//3375 2388//3375
f 2390//3376 2388//3376 2387//3376
f 2387//3377 2388//3377 2384//3377
f 2387//3378 2384//3378 2383//3378
f 2388//3379 2389//3379 2385//3379
f 2388//3380 2385//3380 2384//3380
f 2389//3381 2390//3381 2386//3381
f 2389//3382 2386//3382 2385//3382
f 2390//3383 2387//3383 2383//3383
f 2390//3384 2383//3384 2386//3384
f 2384//3385 2385//3385 2386//3385
f 2384//3386 2386//3386 2383//3386
usemtl Mat_Terracotta
f 2398//3387 2397//3387 2396//3387
f 2398//3388 2396//3388 2395//3388
f 2395//3389 2396//3389 2392//3389
f 2395//3390 2392//3390 2391//3390
f 2396//3391 2397//3391 2393//3391
f 2396//3392 2393//3392 2392//3392
f 2397//3393 2398//3393 2394//3393
f 2397//3394 2394//3394 2393//3394
f 2398//3395 2395//3395 2391//3395
f 2398//3396 2391//3396 2394//3396
f 2392//3397 2393//3397 2394//3397
f 2392//3398 2394//3398 2391//3398
usemtl Mat_RustRock
f 2406//3399 2405//3399 2404//3399
f 2406//3400 2404//3400 2403//3400
f 2403//3401 2404//3401 2400//3401
f 2403//3402 2400//3402 2399//3402
f 2404//3403 2405//3403 2401//3403
f 2404//3404 2401//3404 2400//3404
f 2405//3405 2406//3405 2402//3405
f 2405//3406 2402//3406 2401//3406
f 2406//3407 2403//3407 2399//3407
f 2406//3408 2399//3408 2402//3408
f 2400//3409 2401//3409 2402//3409
f 2400//3410 2402//3410 2399//3410
f 2414//3411 2413//3411 2412//3411
f 2414//3412 2412//3412 2411//3412
f 2411//3413 2412//3413 2408//3413
f 2411//3414 2408//3414 2407//3414
f 2412//3415 2413//3415 2409//3415
f 2412//3416 2409//3416 2408//3416
f 2413//3417 2414//3417 2410//3417
f 2413//3418 2410//3418 2409//3418
f 2414//3419 2411//3419 2407//3419
f 2414//3420 2407//3420 2410//3420
f 2408//3421 2409//3421 2410//3421
f 2408//3422 2410//3422 2407//3422
f 2422//3423 2421//3423 2420//3423
f 2422//3424 2420//3424 2419//3424
f 2419//3425 2420//3425 2416//3425
f 2419//3426 2416//3426 2415//3426
f 2420//3427 2421//3427 2417//3427
f 2420//3428 2417//3428 2416//3428
f 2421//3429 2422//3429 2418//3429
f 2421//3430 2418//3430 2417//3430
f 2422//3431 2419//3431 2415//3431
f 2422//3432 2415//3432 2418//3432
f 2416//3433 2417//3433 2418//3433
f 2416//3434 2418//3434 2415//3434
usemtl Mat_Terracotta
f 2430//3435 2429//3435 2428//3435
f 2430//3436 2428//3436 2427//3436
f 2427//3437 2428//3437 2424//3437
f 2427//3438 2424//3438 2423//3438
f 2428//3439 2429//3439 2425//3439
f 2428//3440 2425//3440 2424//3440
f 2429//3441 2430//3441 2426//3441
f 2429//3442 2426//3442 2425//3442
f 2430//3443 2427//3443 2423//3443
f 2430//3444 2423//3444 2426//3444
f 2424//3445 2425//3445 2426//3445
f 2424//3446 2426//3446 2423//3446
usemtl Mat_RustRock
f 2438//3447 2437//3447 2436//3447
f 2438//3448 2436//3448 2435//3448
f 2435//3449 2436//3449 2432//3449
f 2435//3450 2432//3450 2431//3450
f 2436//3451 2437//3451 2433//3451
f 2436//3452 2433//3452 2432//3452
f 2437//3453 2438//3453 2434//3453
f 2437//3454 2434//3454 2433//3454
f 2438//3455 2435//3455 2431//3455
f 2438//3456 2431//3456 2434//3456
f 2432//3457 2433//3457 2434//3457
f 2432//3458 2434//3458 2431//3458
f 2446//3459 2445//3459 2444//3459
f 2446//3460 2444//3460 2443//3460
f 2443//3461 2444//3461 2440//3461
f 2443//3462 2440//3462 2439//3462
f 2444//3463 2445//3463 2441//3463
f 2444//3464 2441//3464 2440//3464
f 2445//3465 2446//3465 2442//3465
f 2445//3466 2442//3466 2441//3466
f 2446//3467 2443//3467 2439//3467
f 2446//3468 2439//3468 2442//3468
f 2440//3469 2441//3469 2442//3469
f 2440//3470 2442//3470 2439//3470
usemtl Mat_Terracotta
f 2454//3471 2453//3471 2452//3471
f 2454//3472 2452//3472 2451//3472
f 2451//3473 2452//3473 2448//3473
f 2451//3474 2448//3474 2447//3474
f 2452//3475 2453//3475 2449//3475
f 2452//3476 2449//3476 2448//3476
f 2453//3477 2454//3477 2450//3477
f 2453//3478 2450//3478 2449//3478
f 2454//3479 2451//3479 2447//3479
f 2454//3480 2447//3480 2450//3480
f 2448//3481 2449//3481 2450//3481
f 2448//3482 2450//3482 2447//3482
usemtl Mat_RustRock
f 2462//3483 2461//3483 2460//3483
f 2462//3484 2460//3484 2459//3484
f 2459//3485 2460//3485 2456//3485
f 2459//3486 2456//3486 2455//3486
f 2460//3487 2461//3487 2457//3487
f 2460//3488 2457//3488 2456//3488
f 2461//3489 2462//3489 2458//3489
f 2461//3490 2458//3490 2457//3490
f 2462//3491 2459//3491 2455//3491
f 2462//3492 2455//3492 2458//3492
f 2456//3493 2457//3493 2458//3493
f 2456//3494 2458//3494 2455//3494
usemtl Mat_Terracotta
f 2470//3495 2469//3495 2468//3495
f 2470//3496 2468//3496 2467//3496
f 2467//3497 2468//3497 2464//3497
f 2467//3498 2464//3498 2463//3498
f 2468//3499 2469//3499 2465//3499
f 2468//3500 2465//3500 2464//3500
f 2469//3501 2470//3501 2466//3501
f 2469//3502 2466//3502 2465//3502
f 2470//3503 2467//3503 2463//3503
f 2470//3504 2463//3504 2466//3504
f 2464//3505 2465//3505 2466//3505
f 2464//3506 2466//3506 2463//3506
usemtl Mat_RustRock
f 2478//3507 2477//3507 2476//3507
f 2478//3508 2476//3508 2475//3508
f 2475//3509 2476//3509 2472//3509
f 2475//3510 2472//3510 2471//3510
f 2476//3511 2477//3511 2473//3511
f 2476//3512 2473//3512 2472//3512
f 2477//3513 2478//3513 2474//3513
f 2477//3514 2474//3514 2473//3514
f 2478//3515 2475//3515 2471//3515
f 2478//3516 2471//3516 2474//3516
f 2472//3517 2473//3517 2474//3517
f 2472//3518 2474//3518 2471//3518
f 2486//3519 2485//3519 2484//3519
f 2486//3520 2484//3520 2483//3520
f 2483//3521 2484//3521 2480//3521
f 2483//3522 2480//3522 2479//3522
f 2484//3523 2485//3523 2481//3523
f 2484//3524 2481//3524 2480//3524
f 2485//3525 2486//3525 2482//3525
f 2485//3526 2482//3526 2481//3526
f 2486//3527 2483//3527 2479//3527
f 2486//3528 2479//3528 2482//3528
f 2480//3529 2481//3529 2482//3529
f 2480//3530 2482//3530 2479//3530
usemtl Mat_Terracotta
f 2494//3531 2493//3531 2492//3531
f 2494//3532 2492//3532 2491//3532
f 2491//3533 2492//3533 2488//3533
f 2491//3534 2488//3534 2487//3534
f 2492//3535 2493//3535 2489//3535
f 2492//3536 2489//3536 2488//3536
f 2493//3537 2494//3537 2490//3537
f 2493//3538 2490//3538 2489//3538
f 2494//3539 2491//3539 2487//3539
f 2494//3540 2487//3540 2490//3540
f 2488//3541 2489//3541 2490//3541
f 2488//3542 2490//3542 2487//3542
f 2502//3543 2501//3543 2500//3543
f 2502//3544 2500//3544 2499//3544
f 2499//3545 2500//3545 2496//3545
f 2499//3546 2496//3546 2495//3546
f 2500//3547 2501//3547 2497//3547
f 2500//3548 2497//3548 2496//3548
f 2501//3549 2502//3549 2498//3549
f 2501//3550 2498//3550 2497//3550
f 2502//3551 2499//3551 2495//3551
f 2502//3552 2495//3552 2498//3552
f 2496//3553 2497//3553 2498//3553
f 2496//3554 2498//3554 2495//3554
usemtl Mat_RustRock
f 2510//3555 2509//3555 2508//3555
f 2510//3556 2508//3556 2507//3556
f 2507//3557 2508//3557 2504//3557
f 2507//3558 2504//3558 2503//3558
f 2508//3559 2509//3559 2505//3559
f 2508//3560 2505//3560 2504//3560
f 2509//3561 2510//3561 2506//3561
f 2509//3562 2506//3562 2505//3562
f 2510//3563 2507//3563 2503//3563
f 2510//3564 2503//3564 2506//3564
f 2504//3565 2505//3565 2506//3565
f 2504//3566 2506//3566 2503//3566
f 2518//3567 2517//3567 2516//3567
f 2518//3568 2516//3568 2515//3568
f 2515//3569 2516//3569 2512//3569
f 2515//3570 2512//3570 2511//3570
f 2516//3571 2517//3571 2513//3571
f 2516//3572 2513//3572 2512//3572
f 2517//3573 2518//3573 2514//3573
f 2517//3574 2514//3574 2513//3574
f 2518//3575 2515//3575 2511//3575
f 2518//3576 2511//3576 2514//3576
f 2512//3577 2513//3577 2514//3577
f 2512//3578 2514//3578 2511//3578
usemtl Mat_Terracotta
f 2526//3579 2525//3579 2524//3579
f 2526//3580 2524//3580 2523//3580
f 2523//3581 2524//3581 2520//3581
f 2523//3582 2520//3582 2519//3582
f 2524//3583 2525//3583 2521//3583
f 2524//3584 2521//3584 2520//3584
f 2525//3585 2526//3585 2522//3585
f 2525//3586 2522//3586 2521//3586
f 2526//3587 2523//3587 2519//3587
f 2526//3588 2519//3588 2522//3588
f 2520//3589 2521//3589 2522//3589
f 2520//3590 2522//3590 2519//3590
usemtl Mat_RustRock
f 2534//3591 2533//3591 2532//3591
f 2534//3592 2532//3592 2531//3592
f 2531//3593 2532//3593 2528//3593
f 2531//3594 2528//3594 2527//3594
f 2532//3595 2533//3595 2529//3595
f 2532//3596 2529//3596 2528//3596
f 2533//3597 2534//3597 2530//3597
f 2533//3598 2530//3598 2529//3598
f 2534//3599 2531//3599 2527//3599
f 2534//3600 2527//3600 2530//3600
f 2528//3601 2529//3601 2530//3601
f 2528//3602 2530//3602 2527//3602
f 2542//3603 2541//3603 2540//3603
f 2542//3604 2540//3604 2539//3604
f 2539//3605 2540//3605 2536//3605
f 2539//3606 2536//3606 2535//3606
f 2540//3607 2541//3607 2537//3607
f 2540//3608 2537//3608 2536//3608
f 2541//3609 2542//3609 2538//3609
f 2541//3610 2538//3610 2537//3610
f 2542//3611 2539//3611 2535//3611
f 2542//3612 2535//3612 2538//3612
f 2536//3613 2537//3613 2538//3613
f 2536//3614 2538//3614 2535//3614
f 2550//3615 2549//3615 2548//3615
f 2550//3616 2548//3616 2547//3616
f 2547//3617 2548//3617 2544//3617
f 2547//3618 2544//3618 2543//3618
f 2548//3619 2549//3619 2545//3619
f 2548//3620 2545//3620 2544//3620
f 2549//3621 2550//3621 2546//3621
f 2549//3622 2546//3622 2545//3622
f 2550//3623 2547//3623 2543//3623
f 2550//3624 2543//3624 2546//3624
f 2544//3625 2545//3625 2546//3625
f 2544//3626 2546//3626 2543//3626
f 2558//3627 2557//3627 2556//3627
f 2558//3628 2556//3628 2555//3628
f 2555//3629 2556//3629 2552//3629
f 2555//3630 2552//3630 2551//3630
f 2556//3631 2557//3631 2553//3631
f 2556//3632 2553//3632 2552//3632
f 2557//3633 2558//3633 2554//3633
f 2557//3634 2554//3634 2553//3634
f 2558//3635 2555//3635 2551//3635
f 2558//3636 2551//3636 2554//3636
f 2552//3637 2553//3637 2554//3637
f 2552//3638 2554//3638 2551//3638
usemtl Mat_Terracotta
f 2566//3639 2565//3639 2564//3639
f 2566//3640 2564//3640 2563//3640
f 2563//3641 2564//3641 2560//3641
f 2563//3642 2560//3642 2559//3642
f 2564//3643 2565//3643 2561//3643
f 2564//3644 2561//3644 2560//3644
f 2565//3645 2566//3645 2562//3645
f 2565//3646 2562//3646 2561//3646
f 2566//3647 2563//3647 2559//3647
f 2566//3648 2559//3648 2562//3648
f 2560//3649 2561//3649 2562//3649
f 2560//3650 2562//3650 2559//3650
usemtl Mat_RustRock
f 2574//3651 2573//3651 2572//3651
f 2574//3652 2572//3652 2571//3652
f 2571//3653 2572//3653 2568//3653
f 2571//3654 2568//3654 2567//3654
f 2572//3655 2573//3655 2569//3655
f 2572//3656 2569//3656 2568//3656
f 2573//3657 2574//3657 2570//3657
f 2573//3658 2570//3658 2569//3658
f 2574//3659 2571//3659 2567//3659
f 2574//3660 2567//3660 2570//3660
f 2568//3661 2569//3661 2570//3661
f 2568//3662 2570//3662 2567//3662
f 2582//3663 2581//3663 2580//3663
f 2582//3664 2580//3664 2579//3664
f 2579//3665 2580//3665 2576//3665
f 2579//3666 2576//3666 2575//3666
f 2580//3667 2581//3667 2577//3667
f 2580//3668 2577//3668 2576//3668
f 2581//3669 2582//3669 2578//3669
f 2581//3670 2578//3670 2577//3670
f 2582//3671 2579//3671 2575//3671
f 2582//3672 2575//3672 2578//3672
f 2576//3673 2577//3673 2578//3673
f 2576//3674 2578//3674 2575//3674
f 2590//3675 2589//3675 2588//3675
f 2590//3676 2588//3676 2587//3676
f 2587//3677 2588//3677 2584//3677
f 2587//3678 2584//3678 2583//3678
f 2588//3679 2589//3679 2585//3679
f 2588//3680 2585//3680 2584//3680
f 2589//3681 2590//3681 2586//3681
f 2589//3682 2586//3682 2585//3682
f 2590//3683 2587//3683 2583//3683
f 2590//3684 2583//3684 2586//3684
f 2584//3685 2585//3685 2586//3685
f 2584//3686 2586//3686 2583//3686
usemtl Mat_Terracotta
f 2598//3687 2597//3687 2596//3687
f 2598//3688 2596//3688 2595//3688
f 2595//3689 2596//3689 2592//3689
f 2595//3690 2592//3690 2591//3690
f 2596//3691 2597//3691 2593//3691
f 2596//3692 2593//3692 2592//3692
f 2597//3693 2598//3693 2594//3693
f 2597//3694 2594//3694 2593//3694
f 2598//3695 2595//3695 2591//3695
f 2598//3696 2591//3696 2594//3696
f 2592//3697 2593//3697 2594//3697
f 2592//3698 2594//3698 2591//3698
usemtl Mat_RustRock
f 2606//3699 2605//3699 2604//3699
f 2606//3700 2604//3700 2603//3700
f 2603//3701 2604//3701 2600//3701
f 2603//3702 2600//3702 2599//3702
f 2604//3703 2605//3703 2601//3703
f 2604//3704 2601//3704 2600//3704
f 2605//3705 2606//3705 2602//3705
f 2605//3706 2602//3706 2601//3706
f 2606//3707 2603//3707 2599//3707
f 2606//3708 2599//3708 2602//3708
f 2600//3709 2601//3709 2602//3709
f 2600//3710 2602//3710 2599//3710
f 2614//3711 2613//3711 2612//3711
f 2614//3712 2612//3712 2611//3712
f 2611//3713 2612//3713 2608//3713
f 2611//3714 2608//3714 2607//3714
f 2612//3715 2613//3715 2609//3715
f 2612//3716 2609//3716 2608//3716
f 2613//3717 2614//3717 2610//3717
f 2613//3718 2610//3718 2609//3718
f 2614//3719 2611//3719 2607//3719
f 2614//3720 2607//3720 2610//3720
f 2608//3721 2609//3721 2610//3721
f 2608//3722 2610//3722 2607//3722
usemtl Mat_Terracotta
f 2622//3723 2621//3723 2620//3723
f 2622//3724 2620//3724 2619//3724
f 2619//3725 2620//3725 2616//3725
f 2619//3726 2616//3726 2615//3726
f 2620//3727 2621//3727 2617//3727
f 2620//3728 2617//3728 2616//3728
f 2621//3729 2622//3729 2618//3729
f 2621//3730 2618//3730 2617//3730
f 2622//3731 2619//3731 2615//3731
f 2622//3732 2615//3732 2618//3732
f 2616//3733 2617//3733 2618//3733
f 2616//3734 2618//3734 2615//3734
usemtl Mat_RustRock
f 2630//3735 2629//3735 2628//3735
f 2630//3736 2628//3736 2627//3736
f 2627//3737 2628//3737 2624//3737
f 2627//3738 2624//3738 2623//3738
f 2628//3739 2629//3739 2625//3739
f 2628//3740 2625//3740 2624//3740
f 2629//3741 2630//3741 2626//3741
f 2629//3742 2626//3742 2625//3742
f 2630//3743 2627//3743 2623//3743
f 2630//3744 2623//3744 2626//3744
f 2624//3745 2625//3745 2626//3745
f 2624//3746 2626//3746 2623//3746
usemtl Mat_Terracotta
f 2638//3747 2637//3747 2636//3747
f 2638//3748 2636//3748 2635//3748
f 2635//3749 2636//3749 2632//3749
f 2635//3750 2632//3750 2631//3750
f 2636//3751 2637//3751 2633//3751
f 2636//3752 2633//3752 2632//3752
f 2637//3753 2638//3753 2634//3753
f 2637//3754 2634//3754 2633//3754
f 2638//3755 2635//3755 2631//3755
f 2638//3756 2631//3756 2634//3756
f 2632//3757 2633//3757 2634//3757
f 2632//3758 2634//3758 2631//3758
usemtl Mat_RustRock
f 2646//3759 2645//3759 2644//3759
f 2646//3760 2644//3760 2643//3760
f 2643//3761 2644//3761 2640//3761
f 2643//3762 2640//3762 2639//3762
f 2644//3763 2645//3763 2641//3763
f 2644//3764 2641//3764 2640//3764
f 2645//3765 2646//3765 2642//3765
f 2645//3766 2642//3766 2641//3766
f 2646//3767 2643//3767 2639//3767
f 2646//3768 2639//3768 2642//3768
f 2640//3769 2641//3769 2642//3769
f 2640//3770 2642//3770 2639//3770
f 2654//3771 2653//3771 2652//3771
f 2654//3772 2652//3772 2651//3772
f 2651//3773 2652//3773 2648//3773
f 2651//3774 2648//3774 2647//3774
f 2652//3775 2653//3775 2649//3775
f 2652//3776 2649//3776 2648//3776
f 2653//3777 2654//3777 2650//3777
f 2653//3778 2650//3778 2649//3778
f 2654//3779 2651//3779 2647//3779
f 2654//3780 2647//3780 2650//3780
f 2648//3781 2649//3781 2650//3781
f 2648//3782 2650//3782 2647//3782
f 2662//3783 2661//3783 2660//3783
f 2662//3784 2660//3784 2659//3784
f 2659//3785 2660//3785 2656//3785
f 2659//3786 2656//3786 2655//3786
f 2660//3787 2661//3787 2657//3787
f 2660//3788 2657//3788 2656//3788
f 2661//3789 2662//3789 2658//3789
f 2661//3790 2658//3790 2657//3790
f 2662//3791 2659//3791 2655//3791
f 2662//3792 2655//3792 2658//3792
f 2656//3793 2657//3793 2658//3793
f 2656//3794 2658//3794 2655//3794
usemtl Mat_Terracotta
f 2670//3795 2669//3795 2668//3795
f 2670//3796 2668//3796 2667//3796
f 2667//3797 2668//3797 2664//3797
f 2667//3798 2664//3798 2663//3798
f 2668//3799 2669//3799 2665//3799
f 2668//3800 2665//3800 2664//3800
f 2669//3801 2670//3801 2666//3801
f 2669//3802 2666//3802 2665//3802
f 2670//3803 2667//3803 2663//3803
f 2670//3804 2663//3804 2666//3804
f 2664//3805 2665//3805 2666//3805
f 2664//3806 2666//3806 2663//3806
usemtl Mat_RustRock
f 2678//3807 2677//3807 2676//3807
f 2678//3808 2676//3808 2675//3808
f 2675//3809 2676//3809 2672//3809
f 2675//3810 2672//3810 2671//3810
f 2676//3811 2677//3811 2673//3811
f 2676//3812 2673//3812 2672//3812
f 2677//3813 2678//3813 2674//3813
f 2677//3814 2674//3814 2673//3814
f 2678//3815 2675//3815 2671//3815
f 2678//3816 2671//3816 2674//3816
f 2672//3817 2673//3817 2674//3817
f 2672//3818 2674//3818 2671//3818
f 2686//3819 2685//3819 2684//3819
f 2686//3820 2684//3820 2683//3820
f 2683//3821 2684//3821 2680//3821
f 2683//3822 2680//3822 2679//3822
f 2684//3823 2685//3823 2681//3823
f 2684//3824 2681//3824 2680//3824
f 2685//3825 2686//3825 2682//3825
f 2685//3826 2682//3826 2681//3826
f 2686//3827 2683//3827 2679//3827
f 2686//3828 2679//3828 2682//3828
f 2680//3829 2681//3829 2682//3829
f 2680//3830 2682//3830 2679//3830
usemtl Mat_Terracotta
f 2694//3831 2693//3831 2692//3831
f 2694//3832 2692//3832 2691//3832
f 2691//3833 2692//3833 2688//3833
f 2691//3834 2688//3834 2687//3834
f 2692//3835 2693//3835 2689//3835
f 2692//3836 2689//3836 2688//3836
f 2693//3837 2694//3837 2690//3837
f 2693//3838 2690//3838 2689//3838
f 2694//3839 2691//3839 2687//3839
f 2694//3840 2687//3840 2690//3840
f 2688//3841 2689//3841 2690//3841
f 2688//3842 2690//3842 2687//3842
usemtl Mat_RustRock
f 2702//3843 2701//3843 2700//3843
f 2702//3844 2700//3844 2699//3844
f 2699//3845 2700//3845 2696//3845
f 2699//3846 2696//3846 2695//3846
f 2700//3847 2701//3847 2697//3847
f 2700//3848 2697//3848 2696//3848
f 2701//3849 2702//3849 2698//3849
f 2701//3850 2698//3850 2697//3850
f 2702//3851 2699//3851 2695//3851
f 2702//3852 2695//3852 2698//3852
f 2696//3853 2697//3853 2698//3853
f 2696//3854 2698//3854 2695//3854
usemtl Mat_Terracotta
f 2710//3855 2709//3855 2708//3855
f 2710//3856 2708//3856 2707//3856
f 2707//3857 2708//3857 2704//3857
f 2707//3858 2704//3858 2703//3858
f 2708//3859 2709//3859 2705//3859
f 2708//3860 2705//3860 2704//3860
f 2709//3861 2710//3861 2706//3861
f 2709//3862 2706//3862 2705//3862
f 2710//3863 2707//3863 2703//3863
f 2710//3864 2703//3864 2706//3864
f 2704//3865 2705//3865 2706//3865
f 2704//3866 2706//3866 2703//3866
usemtl Mat_RustRock
f 2718//3867 2717//3867 2716//3867
f 2718//3868 2716//3868 2715//3868
f 2715//3869 2716//3869 2712//3869
f 2715//3870 2712//3870 2711//3870
f 2716//3871 2717//3871 2713//3871
f 2716//3872 2713//3872 2712//3872
f 2717//3873 2718//3873 2714//3873
f 2717//3874 2714//3874 2713//3874
f 2718//3875 2715//3875 2711//3875
f 2718//3876 2711//3876 2714//3876
f 2712//3877 2713//3877 2714//3877
f 2712//3878 2714//3878 2711//3878
f 2726//3879 2725//3879 2724//3879
f 2726//3880 2724//3880 2723//3880
f 2723//3881 2724//3881 2720//3881
f 2723//3882 2720//3882 2719//3882
f 2724//3883 2725//3883 2721//3883
f 2724//3884 2721//3884 2720//3884
f 2725//3885 2726//3885 2722//3885
f 2725//3886 2722//3886 2721//3886
f 2726//3887 2723//3887 2719//3887
f 2726//3888 2719//3888 2722//3888
f 2720//3889 2721//3889 2722//3889
f 2720//3890 2722//3890 2719//3890
usemtl Mat_Terracotta
f 2734//3891 2733//3891 2732//3891
f 2734//3892 2732//3892 2731//3892
f 2731//3893 2732//3893 2728//3893
f 2731//3894 2728//3894 2727//3894
f 2732//3895 2733//3895 2729//3895
f 2732//3896 2729//3896 2728//3896
f 2733//3897 2734//3897 2730//3897
f 2733//3898 2730//3898 2729//3898
f 2734//3899 2731//3899 2727//3899
f 2734//3900 2727//3900 2730//3900
f 2728//3901 2729//3901 2730//3901
f 2728//3902 2730//3902 2727//3902
f 2742//3903 2741//3903 2740//3903
f 2742//3904 2740//3904 2739//3904
f 2739//3905 2740//3905 2736//3905
f 2739//3906 2736//3906 2735//3906
f 2740//3907 2741//3907 2737//3907
f 2740//3908 2737//3908 2736//3908
f 2741//3909 2742//3909 2738//3909
f 2741//3910 2738//3910 2737//3910
f 2742//3911 2739//3911 2735//3911
f 2742//3912 2735//3912 2738//3912
f 2736//3913 2737//3913 2738//3913
f 2736//3914 2738//3914 2735//3914
usemtl Mat_RustRock
f 2750//3915 2749//3915 2748//3915
f 2750//3916 2748//3916 2747//3916
f 2747//3917 2748//3917 2744//3917
f 2747//3918 2744//3918 2743//3918
f 2748//3919 2749//3919 2745//3919
f 2748//3920 2745//3920 2744//3920
f 2749//3921 2750//3921 2746//3921
f 2749//3922 2746//3922 2745//3922
f 2750//3923 2747//3923 2743//3923
f 2750//3924 2743//3924 2746//3924
f 2744//3925 2745//3925 2746//3925
f 2744//3926 2746//3926 2743//3926
f 2758//3927 2757//3927 2756//3927
f 2758//3928 2756//3928 2755//3928
f 2755//3929 2756//3929 2752//3929
f 2755//3930 2752//3930 2751//3930
f 2756//3931 2757//3931 2753//3931
f 2756//3932 2753//3932 2752//3932
f 2757//3933 2758//3933 2754//3933
f 2757//3934 2754//3934 2753//3934
f 2758//3935 2755//3935 2751//3935
f 2758//3936 2751//3936 2754//3936
f 2752//3937 2753//3937 2754//3937
f 2752//3938 2754//3938 2751//3938
usemtl Mat_Terracotta
f 2766//3939 2765//3939 2764//3939
f 2766//3940 2764//3940 2763//3940
f 2763//3941 2764//3941 2760//3941
f 2763//3942 2760//3942 2759//3942
f 2764//3943 2765//3943 2761//3943
f 2764//3944 2761//3944 2760//3944
f 2765//3945 2766//3945 2762//3945
f 2765//3946 2762//3946 2761//3946
f 2766//3947 2763//3947 2759//3947
f 2766//3948 2759//3948 2762//3948
f 2760//3949 2761//3949 2762//3949
f 2760//3950 2762//3950 2759//3950
usemtl Mat_RustRock
f 2774//3951 2773//3951 2772//3951
f 2774//3952 2772//3952 2771//3952
f 2771//3953 2772//3953 2768//3953
f 2771//3954 2768//3954 2767//3954
f 2772//3955 2773//3955 2769//3955
f 2772//3956 2769//3956 2768//3956
f 2773//3957 2774//3957 2770//3957
f 2773//3958 2770//3958 2769//3958
f 2774//3959 2771//3959 2767//3959
f 2774//3960 2767//3960 2770//3960
f 2768//3961 2769//3961 2770//3961
f 2768//3962 2770//3962 2767//3962
f 2782//3963 2781//3963 2780//3963
f 2782//3964 2780//3964 2779//3964
f 2779//3965 2780//3965 2776//3965
f 2779//3966 2776//3966 2775//3966
f 2780//3967 2781//3967 2777//3967
f 2780//3968 2777//3968 2776//3968
f 2781//3969 2782//3969 2778//3969
f 2781//3970 2778//3970 2777//3970
f 2782//3971 2779//3971 2775//3971
f 2782//3972 2775//3972 2778//3972
f 2776//3973 2777//3973 2778//3973
f 2776//3974 2778//3974 2775//3974
usemtl Mat_ShadowRock
f 2790//3975 2789//3975 2788//3975
f 2790//3976 2788//3976 2787//3976
f 2787//3977 2788//3977 2784//3977
f 2787//3978 2784//3978 2783//3978
f 2788//3979 2789//3979 2785//3979
f 2788//3980 2785//3980 2784//3980
f 2790//3981 2787//3981 2783//3981
f 2790//3982 2783//3982 2786//3982
usemtl Mat_RustRock
f 2798//3983 2797//3983 2796//3983
f 2798//3984 2796//3984 2795//3984
f 2795//3985 2796//3985 2792//3985
f 2795//3986 2792//3986 2791//3986
f 2796//3987 2797//3987 2793//3987
f 2796//3988 2793//3988 2792//3988
f 2797//3989 2798//3989 2794//3989
f 2797//3990 2794//3990 2793//3990
f 2798//3991 2795//3991 2791//3991
f 2798//3992 2791//3992 2794//3992
f 2792//3993 2793//3993 2794//3993
f 2792//3994 2794//3994 2791//3994
f 2806//3995 2805//3995 2804//3995
f 2806//3996 2804//3996 2803//3996
f 2803//3997 2804//3997 2800//3997
f 2803//3998 2800//3998 2799//3998
f 2804//3999 2805//3999 2801//3999
f 2804//4000 2801//4000 2800//4000
f 2805//4001 2806//4001 2802//4001
f 2805//4002 2802//4002 2801//4002
f 2806//4003 2803//4003 2799//4003
f 2806//4004 2799//4004 2802//4004
f 2800//4005 2801//4005 2802//4005
f 2800//4006 2802//4006 2799//4006
f 2814//4007 2813//4007 2812//4007
f 2814//4008 2812//4008 2811//4008
f 2811//4009 2812//4009 2808//4009
f 2811//4010 2808//4010 2807//4010
f 2812//4011 2813//4011 2809//4011
f 2812//4012 2809//4012 2808//4012
f 2813//4013 2814//4013 2810//4013
f 2813//4014 2810//4014 2809//4014
f 2814//4015 2811//4015 2807//4015
f 2814//4016 2807//4016 2810//4016
f 2808//4017 2809//4017 2810//4017
f 2808//4018 2810//4018 2807//4018
usemtl Mat_DarkMetal
f 2822//4019 2821//4019 2820//4019
f 2822//4020 2820//4020 2819//4020
f 2819//4021 2820//4021 2816//4021
f 2819//4022 2816//4022 2815//4022
f 2820//4023 2821//4023 2817//4023
f 2820//4024 2817//4024 2816//4024
f 2821//4025 2822//4025 2818//4025
f 2821//4026 2818//4026 2817//4026
f 2822//4027 2819//4027 2815//4027
f 2822//4028 2815//4028 2818//4028
f 2816//4029 2817//4029 2818//4029
f 2816//4030 2818//4030 2815//4030
usemtl Mat_ShadowRock
f 2830//4031 2829//4031 2828//4031
f 2830//4032 2828//4032 2827//4032
f 2827//4033 2828//4033 2824//4033
f 2827//4034 2824//4034 2823//4034
f 2828//4035 2829//4035 2825//4035
f 2828//4036 2825//4036 2824//4036
f 2829//4037 2830//4037 2826//4037
f 2829//4038 2826//4038 2825//4038
f 2830//4039 2827//4039 2823//4039
f 2830//4040 2823//4040 2826//4040
usemtl Mat_Void
f 2838//4041 2837//4041 2836//4041
f 2838//4042 2836//4042 2835//4042
f 2835//4043 2836//4043 2832//4043
f 2835//4044 2832//4044 2831//4044
f 2836//4045 2837//4045 2833//4045
f 2836//4046 2833//4046 2832//4046
f 2837//4047 2838//4047 2834//4047
f 2837//4048 2834//4048 2833//4048
f 2838//4049 2835//4049 2831//4049
f 2838//4050 2831//4050 2834//4050
f 2832//4051 2833//4051 2834//4051
f 2832//4052 2834//4052 2831//4052
usemtl Mat_FadedWood
f 2846//4053 2845//4053 2844//4053
f 2846//4054 2844//4054 2843//4054
f 2843//4055 2844//4055 2840//4055
f 2843//4056 2840//4056 2839//4056
f 2844//4057 2845//4057 2841//4057
f 2844//4058 2841//4058 2840//4058
f 2845//4059 2846//4059 2842//4059
f 2845//4060 2842//4060 2841//4060
f 2846//4061 2843//4061 2839//4061
f 2846//4062 2839//4062 2842//4062
f 2840//4063 2841//4063 2842//4063
f 2840//4064 2842//4064 2839//4064
usemtl Mat_PaintedWood
f 2854//4065 2853//4065 2852//4065
f 2854//4066 2852//4066 2851//4066
f 2851//4067 2852//4067 2848//4067
f 2851//4068 2848//4068 2847//4068
f 2852//4069 2853//4069 2849//4069
f 2852//4070 2849//4070 2848//4070
f 2853//4071 2854//4071 2850//4071
f 2853//4072 2850//4072 2849//4072
f 2854//4073 2851//4073 2847//4073
f 2854//4074 2847//4074 2850//4074
f 2848//4075 2849//4075 2850//4075
f 2848//4076 2850//4076 2847//4076
usemtl Mat_Bone
f 2855//4077 2866//4077 2860//4077
f 2855//4078 2860//4078 2856//4078
f 2855//4079 2856//4079 2862//4079
f 2855//4080 2862//4080 2865//4080
f 2855//4081 2865//4081 2866//4081
f 2856//4082 2860//4082 2864//4082
f 2860//4083 2866//4083 2859//4083
f 2866//4084 2865//4084 2857//4084
f 2865//4085 2862//4085 2861//4085
f 2862//4086 2856//4086 2863//4086
f 2858//4087 2864//4087 2859//4087
f 2858//4088 2859//4088 2857//4088
f 2858//4089 2857//4089 2861//4089
f 2858//4090 2861//4090 2863//4090
f 2858//4091 2863//4091 2864//4091
f 2859//4092 2864//4092 2860//4092
f 2857//4093 2859//4093 2866//4093
f 2861//4094 2857//4094 2865//4094
f 2863//4095 2861//4095 2862//4095
f 2864//4096 2863//4096 2856//4096
usemtl Mat_DarkMetal
f 2874//4097 2873//4097 2872//4097
f 2874//4098 2872//4098 2871//4098
f 2871//4099 2872//4099 2868//4099
f 2871//4100 2868//4100 2867//4100
f 2872//4101 2873//4101 2869//4101
f 2872//4102 2869//4102 2868//4102
f 2873//4103 2874//4103 2870//4103
f 2873//4104 2870//4104 2869//4104
f 2874//4105 2871//4105 2867//4105
f 2874//4106 2867//4106 2870//4106
f 2868//4107 2869//4107 2870//4107
f 2868//4108 2870//4108 2867//4108
f 2882//4109 2881//4109 2880//4109
f 2882//4110 2880//4110 2879//4110
f 2879//4111 2880//4111 2876//4111
f 2879//4112 2876//4112 2875//4112
f 2880//4113 2881//4113 2877//4113
f 2880//4114 2877//4114 2876//4114
f 2881//4115 2882//4115 2878//4115
f 2881//4116 2878//4116 2877//4116
f 2882//4117 2879//4117 2875//4117
f 2882//4118 2875//4118 2878//4118
f 2876//4119 2877//4119 2878//4119
f 2876//4120 2878//4120 2875//4120
f 2890//4121 2889//4121 2888//4121
f 2890//4122 2888//4122 2887//4122
f 2887//4123 2888//4123 2884//4123
f 2887//4124 2884//4124 2883//4124
f 2888//4125 2889//4125 2885//4125
f 2888//4126 2885//4126 2884//4126
f 2889//4127 2890//4127 2886//4127
f 2889//4128 2886//4128 2885//4128
f 2890//4129 2887//4129 2883//4129
f 2890//4130 2883//4130 2886//4130
f 2884//4131 2885//4131 2886//4131
f 2884//4132 2886//4132 2883//4132
f 2898//4133 2897//4133 2896//4133
f 2898//4134 2896//4134 2895//4134
f 2895//4135 2896//4135 2892//4135
f 2895//4136 2892//4136 2891//4136
f 2896//4137 2897//4137 2893//4137
f 2896//4138 2893//4138 2892//4138
f 2897//4139 2898//4139 2894//4139
f 2897//4140 2894//4140 2893//4140
f 2898//4141 2895//4141 2891//4141
f 2898//4142 2891//4142 2894//4142
f 2892//4143 2893//4143 2894//4143
f 2892//4144 2894//4144 2891//4144
usemtl Mat_Metal
f 2907//4145 2908//4145 2900//4145
f 2907//4146 2900//4146 2899//4146
f 2908//4147 2909//4147 2901//4147
f 2908//4148 2901//4148 2900//4148
f 2909//4149 2910//4149 2902//4149
f 2909//4150 2902//4150 2901//4150
f 2910//4151 2911//4151 2903//4151
f 2910//4152 2903//4152 2902//4152
f 2911//4153 2912//4153 2904//4153
f 2911//4154 2904//4154 2903//4154
f 2912//4155 2913//4155 2905//4155
f 2912//4156 2905//4156 2904//4156
f 2913//4157 2914//4157 2906//4157
f 2913//4158 2906//4158 2905//4158
f 2914//4159 2907//4159 2899//4159
f 2914//4160 2899//4160 2906//4160
f 2914//4161 2913//4161 2912//4161
f 2914//4162 2912//4162 2911//4162
f 2914//4163 2911//4163 2910//4163
f 2914//4164 2910//4164 2909//4164
f 2914//4165 2909//4165 2908//4165
f 2914//4166 2908//4166 2907//4166
f 2899//4167 2900//4167 2901//4167
f 2899//4168 2901//4168 2902//4168
f 2899//4169 2902//4169 2903//4169
f 2899//4170 2903//4170 2904//4170
f 2899//4171 2904//4171 2905//4171
f 2899//4172 2905//4172 2906//4172
usemtl Mat_Void
f 2925//4173 2926//4173 2916//4173
f 2925//4174 2916//4174 2915//4174
f 2926//4175 2927//4175 2917//4175
f 2926//4176 2917//4176 2916//4176
f 2927//4177 2928//4177 2918//4177
f 2927//4178 2918//4178 2917//4178
f 2928//4179 2929//4179 2919//4179
f 2928//4180 2919//4180 2918//4180
f 2929//4181 2930//4181 2920//4181
f 2929//4182 2920//4182 2919//4182
f 2930//4183 2931//4183 2921//4183
f 2930//4184 2921//4184 2920//4184
f 2931//4185 2932//4185 2922//4185
f 2931//4186 2922//4186 2921//4186
f 2932//4187 2933//4187 2923//4187
f 2932//4188 2923//4188 2922//4188
f 2933//4189 2934//4189 2924//4189
f 2933//4190 2924//4190 2923//4190
f 2934//4191 2925//4191 2915//4191
f 2934//4192 2915//4192 2924//4192
f 2934//4193 2933//4193 2932//4193
f 2934//4194 2932//4194 2931//4194
f 2934//4195 2931//4195 2930//4195
f 2934//4196 2930//4196 2929//4196
f 2934//4197 2929//4197 2928//4197
f 2934//4198 2928//4198 2927//4198
f 2934//4199 2927//4199 2926//4199
f 2934//4200 2926//4200 2925//4200
f 2915//4201 2916//4201 2917//4201
f 2915//4202 2917//4202 2918//4202
f 2915//4203 2918//4203 2919//4203
f 2915//4204 2919//4204 2920//4204
f 2915//4205 2920//4205 2921//4205
f 2915//4206 2921//4206 2922//4206
f 2915//4207 2922//4207 2923//4207
f 2915//4208 2923//4208 2924//4208
usemtl Mat_DarkMetal
f 2942//4209 2941//4209 2940//4209
f 2942//4210 2940//4210 2939//4210
f 2939//4211 2940//4211 2936//4211
f 2939//4212 2936//4212 2935//4212
f 2940//4213 2941//4213 2937//4213
f 2940//4214 2937//4214 2936//4214
f 2941//4215 2942//4215 2938//4215
f 2941//4216 2938//4216 2937//4216
f 2942//4217 2939//4217 2935//4217
f 2942//4218 2935//4218 2938//4218
f 2936//4219 2937//4219 2938//4219
f 2936//4220 2938//4220 2935//4220
f 2950//4221 2949//4221 2948//4221
f 2950//4222 2948//4222 2947//4222
f 2947//4223 2948//4223 2944//4223
f 2947//4224 2944//4224 2943//4224
f 2948//4225 2949//4225 2945//4225
f 2948//4226 2945//4226 2944//4226
f 2949//4227 2950//4227 2946//4227
f 2949//4228 2946//4228 2945//4228
f 2950//4229 2947//4229 2943//4229
f 2950//4230 2943//4230 2946//4230
f 2944//4231 2945//4231 2946//4231
f 2944//4232 2946//4232 2943//4232
usemtl Mat_NeonGreen
f 2958//4233 2957//4233 2956//4233
f 2958//4234 2956//4234 2955//4234
f 2955//4235 2956//4235 2952//4235
f 2955//4236 2952//4236 2951//4236
f 2956//4237 2957//4237 2953//4237
f 2956//4238 2953//4238 2952//4238
f 2957//4239 2958//4239 2954//4239
f 2957//4240 2954//4240 2953//4240
f 2958//4241 2955//4241 2951//4241
f 2958//4242 2951//4242 2954//4242
f 2952//4243 2953//4243 2954//4243
f 2952//4244 2954//4244 2951//4244
usemtl Mat_HeroRed
f 2966//4245 2965//4245 2964//4245
f 2966//4246 2964//4246 2963//4246
f 2963//4247 2964//4247 2960//4247
f 2963//4248 2960//4248 2959//4248
f 2964//4249 2965//4249 2961//4249
f 2964//4250 2961//4250 2960//4250
f 2965//4251 2966//4251 2962//4251
f 2965//4252 2962//4252 2961//4252
f 2966//4253 2963//4253 2959//4253
f 2966//4254 2959//4254 2962//4254
f 2960//4255 2961//4255 2962//4255
f 2960//4256 2962//4256 2959//4256
usemtl Mat_DarkMetal
f 2975//4257 2976//4257 2968//4257
f 2975//4258 2968//4258 2967//4258
f 2976//4259 2977//4259 2969//4259
f 2976//4260 2969//4260 2968//4260
f 2977//4261 2978//4261 2970//4261
f 2977//4262 2970//4262 2969//4262
f 2978//4263 2979//4263 2971//4263
f 2978//4264 2971//4264 2970//4264
f 2979//4265 2980//4265 2972//4265
f 2979//4266 2972//4266 2971//4266
f 2980//4267 2981//4267 2973//4267
f 2980//4268 2973//4268 2972//4268
f 2981//4269 2982//4269 2974//4269
f 2981//4270 2974//4270 2973//4270
f 2982//4271 2975//4271 2967//4271
f 2982//4272 2967//4272 2974//4272
f 2982//4273 2981//4273 2980//4273
f 2982//4274 2980//4274 2979//4274
f 2982//4275 2979//4275 2978//4275
f 2982//4276 2978//4276 2977//4276
f 2982//4277 2977//4277 2976//4277
f 2982//4278 2976//4278 2975//4278
f 2967//4279 2968//4279 2969//4279
f 2967//4280 2969//4280 2970//4280
f 2967//4281 2970//4281 2971//4281
f 2967//4282 2971//4282 2972//4282
f 2967//4283 2972//4283 2973//4283
f 2967//4284 2973//4284 2974//4284
usemtl Mat_HeroRed
f 2991//4285 2992//4285 2984//4285
f 2991//4286 2984//4286 2983//4286
f 2992//4287 2993//4287 2985//4287
f 2992//4288 2985//4288 2984//4288
f 2993//4289 2994//4289 2986//4289
f 2993//4290 2986//4290 2985//4290
f 2994//4291 2995//4291 2987//4291
f 2994//4292 2987//4292 2986//4292
f 2995//4293 2996//4293 2988//4293
f 2995//4294 2988//4294 2987//4294
f 2996//4295 2997//4295 2989//4295
f 2996//4296 2989//4296 2988//4296
f 2997//4297 2998//4297 2990//4297
f 2997//4298 2990//4298 2989//4298
f 2998//4299 2991//4299 2983//4299
f 2998//4300 2983//4300 2990//4300
f 2998//4301 2997//4301 2996//4301
f 2998//4302 2996//4302 2995//4302
f 2998//4303 2995//4303 2994//4303
f 2998//4304 2994//4304 2993//4304
f 2998//4305 2993//4305 2992//4305
f 2998//4306 2992//4306 2991//4306
f 2983//4307 2984//4307 2985//4307
f 2983//4308 2985//4308 2986//4308
f 2983//4309 2986//4309 2987//4309
f 2983//4310 2987//4310 2988//4310
f 2983//4311 2988//4311 2989//4311
f 2983//4312 2989//4312 2990//4312
usemtl Mat_HeroBlue
f 3007//4313 3008//4313 3000//4313
f 3007//4314 3000//4314 2999//4314
f 3008//4315 3009//4315 3001//4315
f 3008//4316 3001//4316 3000//4316
f 3009//4317 3010//4317 3002//4317
f 3009//4318 3002//4318 3001//4318
f 3010//4319 3011//4319 3003//4319
f 3010//4320 3003//4320 3002//4320
f 3011//4321 3012//4321 3004//4321
f 3011//4322 3004//4322 3003//4322
f 3012//4323 3013//4323 3005//4323
f 3012//4324 3005//4324 3004//4324
f 3013//4325 3014//4325 3006//4325
f 3013//4326 3006//4326 3005//4326
f 3014//4327 3007//4327 2999//4327
f 3014//4328 2999//4328 3006//4328
f 3014//4329 3013//4329 3012//4329
f 3014//4330 3012//4330 3011//4330
f 3014//4331 3011//4331 3010//4331
f 3014//4332 3010//4332 3009//4332
f 3014//4333 3009//4333 3008//4333
f 3014//4334 3008//4334 3007//4334
f 2999//4335 3000//4335 3001//4335
f 2999//4336 3001//4336 3002//4336
f 2999//4337 3002//4337 3003//4337
f 2999//4338 3003//4338 3004//4338
f 2999//4339 3004//4339 3005//4339
f 2999//4340 3005//4340 3006//4340
usemtl Mat_Sand
f 3015//4341 3026//4341 3020//4341
f 3015//4342 3020//4342 3016//4342
f 3015//4343 3016//4343 3022//4343
f 3015//4344 3022//4344 3025//4344
f 3015//4345 3025//4345 3026//4345
f 3016//4346 3020//4346 3024//4346
f 3020//4347 3026//4347 3019//4347
f 3026//4348 3025//4348 3017//4348
f 3025//4349 3022//4349 3021//4349
f 3022//4350 3016//4350 3023//4350
f 3018//4351 3024//4351 3019//4351
f 3018//4352 3019//4352 3017//4352
f 3018//4353 3017//4353 3021//4353
f 3018//4354 3021//4354 3023//4354
f 3018//4355 3023//4355 3024//4355
f 3019//4356 3024//4356 3020//4356
f 3017//4357 3019//4357 3026//4357
f 3021//4358 3017//4358 3025//4358
f 3023//4359 3021//4359 3022//4359
f 3024//4360 3023//4360 3016//4360
usemtl Mat_Void
f 3035//4361 3036//4361 3028//4361
f 3035//4362 3028//4362 3027//4362
f 3036//4363 3037//4363 3029//4363
f 3036//4364 3029//4364 3028//4364
f 3037//4365 3038//4365 3030//4365
f 3037//4366 3030//4366 3029//4366
f 3038//4367 3039//4367 3031//4367
f 3038//4368 3031//4368 3030//4368
f 3039//4369 3040//4369 3032//4369
f 3039//4370 3032//4370 3031//4370
f 3040//4371 3041//4371 3033//4371
f 3040//4372 3033//4372 3032//4372
f 3041//4373 3042//4373 3034//4373
f 3041//4374 3034//4374 3033//4374
f 3042//4375 3035//4375 3027//4375
f 3042//4376 3027//4376 3034//4376
f 3042//4377 3041//4377 3040//4377
f 3042//4378 3040//4378 3039//4378
f 3042//4379 3039//4379 3038//4379
f 3042//4380 3038//4380 3037//4380
f 3042//4381 3037//4381 3036//4381
f 3042//4382 3036//4382 3035//4382
f 3027//4383 3028//4383 3029//4383
f 3027//4384 3029//4384 3030//4384
f 3027//4385 3030//4385 3031//4385
f 3027//4386 3031//4386 3032//4386
f 3027//4387 3032//4387 3033//4387
f 3027//4388 3033//4388 3034//4388
usemtl Mat_Chrome
f 3047//4389 3048//4389 3044//4389
f 3047//4390 3044//4390 3043//4390
f 3048//4391 3049//4391 3045//4391
f 3048//4392 3045//4392 3044//4392
f 3049//4393 3050//4393 3046//4393
f 3049//4394 3046//4394 3045//4394
f 3050//4395 3047//4395 3043//4395
f 3050//4396 3043//4396 3046//4396
f 3050//4397 3049//4397 3048//4397
f 3050//4398 3048//4398 3047//4398
f 3043//4399 3044//4399 3045//4399
f 3043//4400 3045//4400 3046//4400
f 3052//4401 3053//4401 3051//4401
f 3053//4402 3054//4402 3051//4402
f 3054//4403 3055//4403 3051//4403
f 3055//4404 3056//4404 3051//4404
f 3056//4405 3057//4405 3051//4405
f 3057//4406 3052//4406 3051//4406
f 3058//4407 3059//4407 3053//4407
f 3058//4408 3053//4408 3052//4408
f 3059//4409 3060//4409 3054//4409
f 3059//4410 3054//4410 3053//4410
f 3060//4411 3061//4411 3055//4411
f 3060//4412 3055//4412 3054//4412
f 3061//4413 3062//4413 3056//4413
f 3061//4414 3056//4414 3055//4414
f 3062//4415 3063//4415 3057//4415
f 3062//4416 3057//4416 3056//4416
f 3063//4417 3058//4417 3052//4417
f 3063//4418 3052//4418 3057//4418
f 3064//4419 3059//4419 3058//4419
f 3064//4420 3060//4420 3059//4420
f 3064//4421 3061//4421 3060//4421
f 3064//4422 3062//4422 3061//4422
f 3064//4423 3063//4423 3062//4423
f 3064//4424 3058//4424 3063//4424
usemtl Mat_DarkWood
f 3072//4425 3071//4425 3070//4425
f 3072//4426 3070//4426 3069//4426
f 3069//4427 3070//4427 3066//4427
f 3069//4428 3066//4428 3065//4428
f 3070//4429 3071//4429 3067//4429
f 3070//4430 3067//4430 3066//4430
f 3071//4431 3072//4431 3068//4431
f 3071//4432 3068//4432 3067//4432
f 3072//4433 3069//4433 3065//4433
f 3072//4434 3065//4434 3068//4434
f 3066//4435 3067//4435 3068//4435
f 3066//4436 3068//4436 3065//4436
f 3080//4437 3079//4437 3078//4437
f 3080//4438 3078//4438 3077//4438
f 3077//4439 3078//4439 3074//4439
f 3077//4440 3074//4440 3073//4440
f 3078//4441 3079//4441 3075//4441
f 3078//4442 3075//4442 3074//4442
f 3079//4443 3080//4443 3076//4443
f 3079//4444 3076//4444 3075//4444
f 3080//4445 3077//4445 3073//4445
f 3080//4446 3073//4446 3076//4446
f 3074//4447 3075//4447 3076//4447
f 3074//4448 3076//4448 3073//4448
usemtl Mat_FadedWood
f 3088//4449 3087//4449 3086//4449
f 3088//4450 3086//4450 3085//4450
f 3085//4451 3086//4451 3082//4451
f 3085//4452 3082//4452 3081//4452
f 3086//4453 3087//4453 3083//4453
f 3086//4454 3083//4454 3082//4454
f 3087//4455 3088//4455 3084//4455
f 3087//4456 3084//4456 3083//4456
f 3088//4457 3085//4457 3081//4457
f 3088//4458 3081//4458 3084//4458
f 3082//4459 3083//4459 3084//4459
f 3082//4460 3084//4460 3081//4460
usemtl Mat_DarkWood
f 3096//4461 3095//4461 3094//4461
f 3096//4462 3094//4462 3093//4462
f 3093//4463 3094//4463 3090//4463
f 3093//4464 3090//4464 3089//4464
f 3094//4465 3095//4465 3091//4465
f 3094//4466 3091//4466 3090//4466
f 3095//4467 3096//4467 3092//4467
f 3095//4468 3092//4468 3091//4468
f 3096//4469 3093//4469 3089//4469
f 3096//4470 3089//4470 3092//4470
f 3090//4471 3091//4471 3092//4471
f 3090//4472 3092//4472 3089//4472
f 3104//4473 3103//4473 3102//4473
f 3104//4474 3102//4474 3101//4474
f 3101//4475 3102//4475 3098//4475
f 3101//4476 3098//4476 3097//4476
f 3102//4477 3103//4477 3099//4477
f 3102//4478 3099//4478 3098//4478
f 3103//4479 3104//4479 3100//4479
f 3103//4480 3100//4480 3099//4480
f 3104//4481 3101//4481 3097//4481
f 3104//4482 3097//4482 3100//4482
f 3098//4483 3099//4483 3100//4483
f 3098//4484 3100//4484 3097//4484
f 3112//4485 3111//4485 3110//4485
f 3112//4486 3110//4486 3109//4486
f 3109//4487 3110//4487 3106//4487
f 3109//4488 3106//4488 3105//4488
f 3110//4489 3111//4489 3107//4489
f 3110//4490 3107//4490 3106//4490
f 3111//4491 3112//4491 3108//4491
f 3111//4492 3108//4492 3107//4492
f 3112//4493 3109//4493 3105//4493
f 3112//4494 3105//4494 3108//4494
f 3106//4495 3107//4495 3108//4495
f 3106//4496 3108//4496 3105//4496
usemtl Mat_Chrome
f 3121//4497 3122//4497 3114//4497
f 3121//4498 3114//4498 3113//4498
f 3122//4499 3123//4499 3115//4499
f 3122//4500 3115//4500 3114//4500
f 3123//4501 3124//4501 3116//4501
f 3123//4502 3116//4502 3115//4502
f 3124//4503 3125//4503 3117//4503
f 3124//4504 3117//4504 3116//4504
f 3125//4505 3126//4505 3118//4505
f 3125//4506 3118//4506 3117//4506
f 3126//4507 3127//4507 3119//4507
f 3126//4508 3119//4508 3118//4508
f 3127//4509 3128//4509 3120//4509
f 3127//4510 3120//4510 3119//4510
f 3128//4511 3121//4511 3113//4511
f 3128//4512 3113//4512 3120//4512
f 3128//4513 3127//4513 3126//4513
f 3128//4514 3126//4514 3125//4514
f 3128//4515 3125//4515 3124//4515
f 3128//4516 3124//4516 3123//4516
f 3128//4517 3123//4517 3122//4517
f 3128//4518 3122//4518 3121//4518
f 3113//4519 3114//4519 3115//4519
f 3113//4520 3115//4520 3116//4520
f 3113//4521 3116//4521 3117//4521
f 3113//4522 3117//4522 3118//4522
f 3113//4523 3118//4523 3119//4523
f 3113//4524 3119//4524 3120//4524
usemtl Mat_NeonCyan
f 3137//4525 3138//4525 3130//4525
f 3137//4526 3130//4526 3129//4526
f 3138//4527 3139//4527 3131//4527
f 3138//4528 3131//4528 3130//4528
f 3139//4529 3140//4529 3132//4529
f 3139//4530 3132//4530 3131//4530
f 3140//4531 3141//4531 3133//4531
f 3140//4532 3133//4532 3132//4532
f 3141//4533 3142//4533 3134//4533
f 3141//4534 3134//4534 3133//4534
f 3142//4535 3143//4535 3135//4535
f 3142//4536 3135//4536 3134//4536
f 3143//4537 3144//4537 3136//4537
f 3143//4538 3136//4538 3135//4538
f 3144//4539 3137//4539 3129//4539
f 3144//4540 3129//4540 3136//4540
f 3144//4541 3143//4541 3142//4541
f 3144//4542 3142//4542 3141//4542
f 3144//4543 3141//4543 3140//4543
f 3144//4544 3140//4544 3139//4544
f 3144//4545 3139//4545 3138//4545
f 3144//4546 3138//4546 3137//4546
f 3129//4547 3130//4547 3131//4547
f 3129//4548 3131//4548 3132//4548
f 3129//4549 3132//4549 3133//4549
f 3129//4550 3133//4550 3134//4550
f 3129//4551 3134//4551 3135//4551
f 3129//4552 3135//4552 3136//4552
usemtl Mat_DarkWood
f 3152//4553 3151//4553 3150//4553
f 3152//4554 3150//4554 3149//4554
f 3149//4555 3150//4555 3146//4555
f 3149//4556 3146//4556 3145//4556
f 3150//4557 3151//4557 3147//4557
f 3150//4558 3147//4558 3146//4558
f 3151//4559 3152//4559 3148//4559
f 3151//4560 3148//4560 3147//4560
f 3152//4561 3149//4561 3145//4561
f 3152//4562 3145//4562 3148//4562
f 3146//4563 3147//4563 3148//4563
f 3146//4564 3148//4564 3145//4564
usemtl Mat_Chrome
f 3161//4565 3162//4565 3154//4565
f 3161//4566 3154//4566 3153//4566
f 3162//4567 3163//4567 3155//4567
f 3162//4568 3155//4568 3154//4568
f 3163//4569 3164//4569 3156//4569
f 3163//4570 3156//4570 3155//4570
f 3164//4571 3165//4571 3157//4571
f 3164//4572 3157//4572 3156//4572
f 3165//4573 3166//4573 3158//4573
f 3165//4574 3158//4574 3157//4574
f 3166//4575 3167//4575 3159//4575
f 3166//4576 3159//4576 3158//4576
f 3167//4577 3168//4577 3160//4577
f 3167//4578 3160//4578 3159//4578
f 3168//4579 3161//4579 3153//4579
f 3168//4580 3153//4580 3160//4580
f 3168//4581 3167//4581 3166//4581
f 3168//4582 3166//4582 3165//4582
f 3168//4583 3165//4583 3164//4583
f 3168//4584 3164//4584 3163//4584
f 3168//4585 3163//4585 3162//4585
f 3168//4586 3162//4586 3161//4586
f 3153//4587 3154//4587 3155//4587
f 3153//4588 3155//4588 3156//4588
f 3153//4589 3156//4589 3157//4589
f 3153//4590 3157//4590 3158//4590
f 3153//4591 3158//4591 3159//4591
f 3153//4592 3159//4592 3160//4592
usemtl Mat_NeonCyan
f 3177//4593 3178//4593 3170//4593
f 3177//4594 3170//4594 3169//4594
f 3178//4595 3179//4595 3171//4595
f 3178//4596 3171//4596 3170//4596
f 3179//4597 3180//4597 3172//4597
f 3179//4598 3172//4598 3171//4598
f 3180//4599 3181//4599 3173//4599
f 3180//4600 3173//4600 3172//4600
f 3181//4601 3182//4601 3174//4601
f 3181//4602 3174//4602 3173//4602
f 3182//4603 3183//4603 3175//4603
f 3182//4604 3175//4604 3174//4604
f 3183//4605 3184//4605 3176//4605
f 3183//4606 3176//4606 3175//4606
f 3184//4607 3177//4607 3169//4607
f 3184//4608 3169//4608 3176//4608
f 3184//4609 3183//4609 3182//4609
f 3184//4610 3182//4610 3181//4610
f 3184//4611 3181//4611 3180//4611
f 3184//4612 3180//4612 3179//4612
f 3184//4613 3179//4613 3178//4613
f 3184//4614 3178//4614 3177//4614
f 3169//4615 3170//4615 3171//4615
f 3169//4616 3171//4616 3172//4616
f 3169//4617 3172//4617 3173//4617
f 3169//4618 3173//4618 3174//4618
f 3169//4619 3174//4619 3175//4619
f 3169//4620 3175//4620 3176//4620
usemtl Mat_DarkWood
f 3192//4621 3191//4621 3190//4621
f 3192//4622 3190//4622 3189//4622
f 3189//4623 3190//4623 3186//4623
f 3189//4624 3186//4624 3185//4624
f 3190//4625 3191//4625 3187//4625
f 3190//4626 3187//4626 3186//4626
f 3191//4627 3192//4627 3188//4627
f 3191//4628 3188//4628 3187//4628
f 3192//4629 3189//4629 3185//4629
f 3192//4630 3185//4630 3188//4630
f 3186//4631 3187//4631 3188//4631
f 3186//4632 3188//4632 3185//4632
usemtl Mat_PaintedWood
f 662//4633 663//4633 664//4633
f 661//4634 662//4634 664//4634
f 659//4635 663//4635 662//4635
f 658//4636 659//4636 662//4636
f 660//4637 664//4637 663//4637
f 659//4638 660//4638 663//4638
f 657//4639 661//4639 664//4639
f 660//4640 657//4640 664//4640
f 660//4641 659//4641 658//4641
f 657//4642 660//4642 658//4642
f 678//4643 679//4643 680//4643
f 677//4644 678//4644 680//4644
f 675//4645 679//4645 678//4645
f 674//4646 675//4646 678//4646
f 676//4647 680//4647 679//4647
f 675//4648 676//4648 679//4648
f 673//4649 677//4649 680//4649
f 676//4650 673//4650 680//4650
f 676//4651 675//4651 674//4651
f 673//4652 676//4652 674//4652
usemtl Mat_ShadowRock
f 2788//4653 2789//4653 2790//4653
f 2787//4654 2788//4654 2790//4654
f 2784//4655 2788//4655 2787//4655
f 2783//4656 2784//4656 2787//4656
f 2785//4657 2789//4657 2788//4657
f 2784//4658 2785//4658 2788//4658
f 2783//4659 2787//4659 2790//4659
f 2786//4660 2783//4660 2790//4660
o Bldg_Sheriff_Door
v -1.97500 0.40000 2.25000
v -0.82500 0.40000 2.25000
v -0.82500 0.40000 2.35000
v -1.97500 0.40000 2.35000
v -1.97500 2.80000 2.25000
v -0.82500 2.80000 2.25000
v -0.82500 2.80000 2.35000
v -1.97500 2.80000 2.35000
v -1.82500 0.70000 2.34500
v -0.97500 0.70000 2.34500
v -0.97500 0.70000 2.37500
v -1.82500 0.70000 2.37500
v -1.82500 1.50000 2.34500
v -0.97500 1.50000 2.34500
v -0.97500 1.50000 2.37500
v -1.82500 1.50000 2.37500
v -1.40000 2.35000 2.38000
v -1.46466 2.18899 2.38000
v -1.63776 2.17725 2.38000
v -1.50462 2.06601 2.38000
v -1.54695 1.89775 2.38000
v -1.40000 1.99000 2.38000
v -1.25305 1.89775 2.38000
v -1.29538 2.06601 2.38000
v -1.16224 2.17725 2.38000
v -1.33534 2.18899 2.38000
v -1.40000 2.35000 2.34000
v -1.46466 2.18899 2.34000
v -1.63776 2.17725 2.34000
v -1.50462 2.06601 2.34000
v -1.54695 1.89775 2.34000
v -1.40000 1.99000 2.34000
v -1.25305 1.89775 2.34000
v -1.29538 2.06601 2.34000
v -1.16224 2.17725 2.34000
v -1.33534 2.18899 2.34000
v -0.97500 1.50000 2.38000
v -0.92500 1.55000 2.38000
v -0.95000 1.55000 2.42330
v -1.00000 1.55000 2.42330
v -1.02500 1.55000 2.38000
v -1.00000 1.55000 2.33670
v -0.95000 1.55000 2.33670
v -0.97500 1.60000 2.38000
vn -0.0000 1.0000 0.0000
vn 0.0000 1.0000 0.0000
vn 0.0000 0.0000 -1.0000
vn 0.0000 0.0000 -1.0000
vn 1.0000 0.0000 -0.0000
vn 1.0000 0.0000 0.0000
vn 0.0000 0.0000 1.0000
vn 0.0000 0.0000 1.0000
vn -1.0000 0.0000 -0.0000
vn -1.0000 -0.0000 0.0000
vn 0.0000 -1.0000 0.0000
vn 0.0000 -1.0000 0.0000
vn -0.0000 1.0000 0.0000
vn 0.0000 1.0000 0.0000
vn 0.0000 0.0000 -1.0000
vn 0.0000 0.0000 -1.0000
vn 1.0000 0.0000 -0.0000
vn 1.0000 0.0000 0.0000
vn 0.0000 0.0000 1.0000
vn 0.0000 0.0000 1.0000
vn -1.0000 0.0000 -0.0000
vn -1.0000 -0.0000 0.0000
vn 0.0000 -1.0000 0.0000
vn 0.0000 -1.0000 0.0000
vn 0.0000 0.0000 1.0000
vn 0.0000 0.0000 1.0000
vn 0.0000 0.0000 1.0000
vn 0.0000 0.0000 1.0000
vn 0.0000 0.0000 1.0000
vn 0.0000 0.0000 1.0000
vn 0.0000 0.0000 1.0000
vn 0.0000 -0.0000 1.0000
vn 0.0000 0.0000 -1.0000
vn 0.0000 0.0000 -1.0000
vn 0.0000 0.0000 -1.0000
vn 0.0000 0.0000 -1.0000
vn -0.0000 0.0000 -1.0000
vn 0.0000 0.0000 -1.0000
vn -0.0000 -0.0000 -1.0000
vn 0.0000 0.0000 -1.0000
vn -0.9280 0.3726 0.0000
vn -0.9280 0.3726 0.0000
vn -0.0676 0.9977 0.0000
vn -0.0676 0.9977 0.0000
vn -0.6412 -0.7674 -0.0000
vn -0.6412 -0.7674 0.0000
vn -0.9698 0.2440 0.0000
vn -0.9698 0.2440 0.0000
vn 0.5317 -0.8469 0.0000
vn 0.5317 -0.8469 0.0000
vn -0.5317 -0.8469 -0.0000
vn -0.5317 -0.8469 0.0000
vn 0.9698 0.2440 0.0000
vn 0.9698 0.2440 0.0000
vn 0.6412 -0.7674 0.0000
vn 0.6412 -0.7674 0.0000
vn 0.0676 0.9977 0.0000
vn 0.0676 0.9977 0.0000
vn 0.9280 0.3726 0.0000
vn 0.9280 0.3726 0.0000
vn 0.6547 -0.6547 0.3780
vn 0.0000 -0.6547 0.7559
vn -0.6547 -0.6547 0.3780
vn -0.6547 -0.6547 -0.3780
vn 0.0000 -0.6547 -0.7559
vn 0.6547 -0.6547 -0.3780
vn 0.6547 0.6547 0.3780
vn 0.0000 0.6547 0.7559
vn -0.6547 0.6547 0.3780
vn -0.6547 0.6547 -0.3780
vn 0.0000 0.6547 -0.7559
vn 0.6547 0.6547 -0.3780
usemtl Mat_PaintedWood
f 3200//4661 3199//4661 3198//4661
f 3200//4662 3198//4662 3197//4662
f 3197//4663 3198//4663 3194//4663
f 3197//4664 3194//4664 3193//4664
f 3198//4665 3199//4665 3195//4665
f 3198//4666 3195//4666 3194//4666
f 3199//4667 3200//4667 3196//4667
f 3199//4668 3196//4668 3195//4668
f 3200//4669 3197//4669 3193//4669
f 3200//4670 3193//4670 3196//4670
f 3194//4671 3195//4671 3196//4671
f 3194//4672 3196//4672 3193//4672
usemtl Mat_PaintedWoodDark
f 3208//4673 3207//4673 3206//4673
f 3208//4674 3206//4674 3205//4674
f 3205//4675 3206//4675 3202//4675
f 3205//4676 3202//4676 3201//4676
f 3206//4677 3207//4677 3203//4677
f 3206//4678 3203//4678 3202//4678
f 3207//4679 3208//4679 3204//4679
f 3207//4680 3204//4680 3203//4680
f 3208//4681 3205//4681 3201//4681
f 3208//4682 3201//4682 3204//4682
f 3202//4683 3203//4683 3204//4683
f 3202//4684 3204//4684 3201//4684
usemtl Mat_NeonAmber
f 3218//4685 3209//4685 3210//4685
f 3218//4686 3210//4686 3211//4686
f 3218//4687 3211//4687 3212//4687
f 3218//4688 3212//4688 3213//4688
f 3218//4689 3213//4689 3214//4689
f 3218//4690 3214//4690 3215//4690
f 3218//4691 3215//4691 3216//4691
f 3216//4692 3217//4692 3218//4692
f 3220//4693 3219//4693 3228//4693
f 3221//4694 3220//4694 3228//4694
f 3222//4695 3221//4695 3228//4695
f 3223//4696 3222//4696 3228//4696
f 3224//4697 3223//4697 3228//4697
f 3225//4698 3224//4698 3228//4698
f 3226//4699 3225//4699 3228//4699
f 3228//4700 3227//4700 3226//4700
f 3209//4701 3219//4701 3220//4701
f 3209//4702 3220//4702 3210//4702
f 3210//4703 3220//4703 3221//4703
f 3210//4704 3221//4704 3211//4704
f 3211//4705 3221//4705 3222//4705
f 3211//4706 3222//4706 3212//4706
f 3212//4707 3222//4707 3223//4707
f 3212//4708 3223//4708 3213//4708
f 3213//4709 3223//4709 3224//4709
f 3213//4710 3224//4710 3214//4710
f 3214//4711 3224//4711 3225//4711
f 3214//4712 3225//4712 3215//4712
f 3215//4713 3225//4713 3226//4713
f 3215//4714 3226//4714 3216//4714
f 3216//4715 3226//4715 3227//4715
f 3216//4716 3227//4716 3217//4716
f 3217//4717 3227//4717 3228//4717
f 3217//4718 3228//4718 3218//4718
f 3218//4719 3228//4719 3219//4719
f 3218//4720 3219//4720 3209//4720
usemtl Mat_Brass
f 3230//4721 3231//4721 3229//4721
f 3231//4722 3232//4722 3229//4722
f 3232//4723 3233//4723 3229//4723
f 3233//4724 3234//4724 3229//4724
f 3234//4725 3235//4725 3229//4725
f 3235//4726 3230//4726 3229//4726
f 3236//4727 3231//4727 3230//4727
f 3236//4728 3232//4728 3231//4728
f 3236//4729 3233//4729 3232//4729
f 3236//4730 3234//4730 3233//4730
f 3236//4731 3235//4731 3234//4731
f 3236//4732 3230//4732 3235//4732
o Bldg_Sheriff_Star
v -1.69575 9.22152 2.23000
v -1.91195 8.17740 2.23000
v -2.93845 7.88890 2.23000
v -2.01223 7.36063 2.23000
v -2.05506 6.29522 2.23000
v -1.26643 7.01286 2.23000
v -0.26640 6.64290 2.23000
v -0.70522 7.61469 2.23000
v -0.04434 8.45145 2.23000
v -1.10417 8.33442 2.23000
v -1.69575 9.22152 1.97000
v -1.91195 8.17740 1.97000
v -2.93845 7.88890 1.97000
v -2.01223 7.36063 1.97000
v -2.05506 6.29522 1.97000
v -1.26643 7.01286 1.97000
v -0.26640 6.64290 1.97000
v -0.70522 7.61469 1.97000
v -0.04434 8.45145 1.97000
v -1.10417 8.33442 1.97000
v -1.62897 8.87795 2.28000
v -1.80224 8.07510 2.28000
v -2.59106 7.84624 2.28000
v -1.88104 7.43335 2.28000
v -1.90714 6.61243 2.28000
v -1.29506 7.16011 2.28000
v -0.52238 6.88160 2.28000
v -0.85410 7.63297 2.28000
v -0.35046 8.28177 2.28000
v -1.16756 8.19847 2.28000
v -1.62897 8.87795 2.22000
v -1.80224 8.07510 2.22000
v -2.59106 7.84624 2.22000
v -1.88104 7.43335 2.22000
v -1.90714 6.61243 2.22000
v -1.29506 7.16011 2.22000
v -0.52238 6.88160 2.22000
v -0.85410 7.63297 2.22000
v -0.35046 8.28177 2.22000
v -1.16756 8.19847 2.22000
v -0.86011 7.80494 2.20000
v -0.87996 7.52094 2.20000
v -1.03917 7.28491 2.20000
v -1.29506 7.16011 2.20000
v -1.57906 7.17996 2.20000
v -1.81509 7.33917 2.20000
v -1.93989 7.59506 2.20000
v -1.92004 7.87906 2.20000
v -1.76083 8.11509 2.20000
v -1.50494 8.23989 2.20000
v -1.22094 8.22004 2.20000
v -0.98491 8.06083 2.20000
v -0.90919 7.79540 2.40000
v -0.92724 7.53722 2.40000
v -1.07197 7.32265 2.40000
v -1.30460 7.20919 2.40000
v -1.56278 7.22724 2.40000
v -1.77735 7.37197 2.40000
v -1.89081 7.60460 2.40000
v -1.87276 7.86278 2.40000
v -1.72803 8.07735 2.40000
v -1.49540 8.19081 2.40000
v -1.23722 8.17276 2.40000
v -1.02265 8.02803 2.40000
v -0.82540 7.81169 2.43536
v -0.89481 7.79820 2.43536
v -0.89481 7.79820 2.36464
v -0.82540 7.81169 2.36464
v -0.84654 7.50943 2.43536
v -0.91339 7.53245 2.43536
v -0.91339 7.53245 2.36464
v -0.84654 7.50943 2.36464
v -1.01597 7.25823 2.43536
v -1.06236 7.31159 2.43536
v -1.06236 7.31159 2.36464
v -1.01597 7.25823 2.36464
v -1.28831 7.12540 2.43536
v -1.30180 7.19481 2.43536
v -1.30180 7.19481 2.36464
v -1.28831 7.12540 2.36464
v -1.59057 7.14654 2.43536
v -1.56755 7.21339 2.43536
v -1.56755 7.21339 2.36464
v -1.59057 7.14654 2.36464
v -1.84177 7.31597 2.43536
v -1.78841 7.36236 2.43536
v -1.78841 7.36236 2.36464
v -1.84177 7.31597 2.36464
v -1.97460 7.58831 2.43536
v -1.90519 7.60180 2.43536
v -1.90519 7.60180 2.36464
v -1.97460 7.58831 2.36464
v -1.95346 7.89057 2.43536
v -1.88661 7.86755 2.43536
v -1.88661 7.86755 2.36464
v -1.95346 7.89057 2.36464
v -1.78403 8.14177 2.43536
v -1.73764 8.08841 2.43536
v -1.73764 8.08841 2.36464
v -1.78403 8.14177 2.36464
v -1.51169 8.27460 2.43536
v -1.49820 8.20519 2.43536
v -1.49820 8.20519 2.36464
v -1.51169 8.27460 2.36464
v -1.20943 8.25346 2.43536
v -1.23245 8.18661 2.43536
v -1.23245 8.18661 2.36464
v -1.20943 8.25346 2.36464
v -0.95823 8.08403 2.43536
v -1.01159 8.03764 2.43536
v -1.01159 8.03764 2.36464
v -0.95823 8.08403 2.36464
v -1.52299 7.44179 2.41000
v -1.61076 7.89334 2.41000
v -1.68929 7.87807 2.41000
v -1.60152 7.42652 2.41000
v -1.33746 7.47785 2.41000
v -1.42524 7.92940 2.41000
v -1.50377 7.91413 2.41000
v -1.41599 7.46259 2.41000
v -1.43261 7.65291 2.41000
v -1.16659 7.70462 2.41000
v -1.18186 7.78315 2.41000
v -1.44788 7.73144 2.41000
v -1.23694 7.75207 2.41000
v -1.18924 7.50666 2.41000
v -1.11071 7.52193 2.41000
v -1.15841 7.76733 2.41000
v -1.72240 9.35860 2.28828
v -1.72240 9.35860 2.23172
v -1.69582 9.22187 2.23172
v -1.69582 9.22187 2.28828
v -1.97972 8.24060 2.28828
v -1.97972 8.24060 2.23172
v -1.93193 8.19604 2.23172
v -1.93193 8.19604 2.28828
v -3.07705 7.90592 2.28828
v -3.07705 7.90592 2.23172
v -2.93880 7.88894 2.23172
v -2.93880 7.88894 2.28828
v -2.09329 7.31570 2.28828
v -2.09329 7.31570 2.23172
v -2.03614 7.34738 2.23172
v -2.03614 7.34738 2.28828
v -2.11407 6.16866 2.28828
v -2.11407 6.16866 2.23172
v -2.05521 6.29490 2.23172
v -2.05521 6.29490 2.28828
v -1.24875 6.92189 2.28828
v -1.24875 6.92189 2.23172
v -1.26122 6.98604 2.23172
v -1.26122 6.98604 2.28828
v -0.16427 6.54767 2.28828
v -0.16427 6.54767 2.23172
v -0.26614 6.64266 2.23172
v -0.26614 6.64266 2.28828
v -0.61324 7.60340 2.28828
v -0.61324 7.60340 2.23172
v -0.67809 7.61136 2.23172
v -0.67809 7.61136 2.28828
v 0.07780 8.51916 2.28828
v 0.07780 8.51916 2.23172
v -0.04403 8.45163 2.23172
v -0.04403 8.45163 2.28828
v -1.06500 8.41841 2.28828
v -1.06500 8.41841 2.23172
v -1.09262 8.35918 2.23172
v -1.09262 8.35918 2.28828
v -1.67877 9.13416 2.10000
v -1.58821 9.21288 2.10000
v -1.63921 9.20297 2.19000
v -1.74123 9.18314 2.19000
v -1.79223 9.17323 2.10000
v -1.74123 9.18314 2.01000
v -1.63921 9.20297 2.01000
v -1.61110 9.33068 2.10000
v -1.66211 9.32076 2.19000
v -1.76412 9.30094 2.19000
v -1.81513 9.29102 2.10000
v -1.76412 9.30094 2.01000
v -1.66211 9.32076 2.01000
v -1.72457 9.36975 2.10000
v -2.94632 7.77488 2.10000
v -2.85575 7.85361 2.10000
v -2.90676 7.84369 2.19000
v -3.00877 7.82386 2.19000
v -3.05978 7.81395 2.10000
v -3.00877 7.82386 2.01000
v -2.90676 7.84369 2.01000
v -2.87865 7.97140 2.10000
v -2.92966 7.96149 2.19000
v -3.03167 7.94166 2.19000
v -3.08268 7.93174 2.10000
v -3.03167 7.94166 2.01000
v -2.92966 7.96149 2.01000
v -2.99211 8.01047 2.10000
v -2.04526 6.14933 2.10000
v -1.95470 6.22806 2.10000
v -2.00570 6.21814 2.19000
v -2.10772 6.19832 2.19000
v -2.15872 6.18840 2.10000
v -2.10772 6.19832 2.01000
v -2.00570 6.21814 2.01000
v -1.97759 6.34585 2.10000
v -2.02860 6.33594 2.19000
v -2.13061 6.31611 2.19000
v -2.18162 6.30620 2.10000
v -2.13061 6.31611 2.01000
v -2.02860 6.33594 2.01000
v -2.09106 6.38492 2.10000
v -0.22083 6.50397 2.10000
v -0.13027 6.58269 2.10000
v -0.18127 6.57278 2.19000
v -0.28329 6.55295 2.19000
v -0.33429 6.54303 2.10000
v -0.28329 6.55295 2.01000
v -0.18127 6.57278 2.01000
v -0.15316 6.70049 2.10000
v -0.20417 6.69057 2.19000
v -0.30619 6.67074 2.19000
v -0.35719 6.66083 2.10000
v -0.30619 6.67074 2.01000
v -0.20417 6.69057 2.01000
v -0.26663 6.73956 2.10000
v 0.00567 8.34869 2.10000
v 0.09624 8.42742 2.10000
v 0.04523 8.41750 2.19000
v -0.05678 8.39767 2.19000
v -0.10779 8.38776 2.10000
v -0.05678 8.39767 2.01000
v 0.04523 8.41750 2.01000
v 0.07334 8.54521 2.10000
v 0.02233 8.53530 2.19000
v -0.07968 8.51547 2.19000
v -0.13069 8.50555 2.10000
v -0.07968 8.51547 2.01000
v 0.02233 8.53530 2.01000
v -0.04012 8.58428 2.10000
v -1.12725 9.07058 2.05000
v -1.15724 9.07152 2.08000
v -1.18722 9.07246 2.05000
v -1.15724 9.07152 2.02000
v -1.09174 10.19807 2.05000
v -1.12172 10.19901 2.08000
v -1.15171 10.19996 2.05000
v -1.12172 10.19901 2.02000
v -1.10236 10.15184 2.05000
v -1.02689 10.21744 2.05000
v -1.06940 10.20918 2.12500
v -1.15441 10.19266 2.12500
v -1.19692 10.18440 2.05000
v -1.15441 10.19266 1.97500
v -1.06940 10.20918 1.97500
v -1.04597 10.31561 2.05000
v -1.08848 10.30735 2.12500
v -1.17349 10.29082 2.12500
v -1.21600 10.28256 2.05000
v -1.17349 10.29082 1.97500
v -1.08848 10.30735 1.97500
v -1.14053 10.34816 2.05000
vn 0.0000 0.0000 1.0000
vn 0.0000 0.0000 1.0000
vn 0.0000 0.0000 1.0000
vn 0.0000 0.0000 1.0000
vn 0.0000 0.0000 1.0000
vn 0.0000 0.0000 1.0000
vn 0.0000 0.0000 1.0000
vn 0.0000 -0.0000 1.0000
vn 0.0000 0.0000 -1.0000
vn 0.0000 0.0000 -1.0000
vn 0.0000 0.0000 -1.0000
vn 0.0000 0.0000 -1.0000
vn -0.0000 0.0000 -1.0000
vn 0.0000 0.0000 -1.0000
vn -0.0000 -0.0000 -1.0000
vn 0.0000 0.0000 -1.0000
vn -0.9792 0.2028 0.0000
vn -0.9792 0.2028 0.0000
vn -0.2706 0.9627 0.0000
vn -0.2706 0.9627 0.0000
vn -0.4954 -0.8686 -0.0000
vn -0.4954 -0.8686 0.0000
vn -0.9992 0.0402 0.0000
vn -0.9992 0.0402 0.0000
vn 0.6730 -0.7396 0.0000
vn 0.6730 -0.7396 0.0000
vn -0.3470 -0.9379 -0.0000
vn -0.3470 -0.9379 0.0000
vn 0.9114 0.4115 0.0000
vn 0.9114 0.4115 0.0000
vn 0.7848 -0.6198 0.0000
vn 0.7848 -0.6198 0.0000
vn -0.1098 0.9940 0.0000
vn -0.1098 0.9940 0.0000
vn 0.8320 0.5548 0.0000
vn 0.8320 0.5548 0.0000
vn 0.0000 0.0000 1.0000
vn 0.0000 0.0000 1.0000
vn 0.0000 0.0000 1.0000
vn 0.0000 0.0000 1.0000
vn 0.0000 0.0000 1.0000
vn 0.0000 0.0000 1.0000
vn 0.0000 0.0000 1.0000
vn 0.0000 -0.0000 1.0000
vn 0.0000 0.0000 -1.0000
vn 0.0000 0.0000 -1.0000
vn 0.0000 0.0000 -1.0000
vn 0.0000 0.0000 -1.0000
vn -0.0000 0.0000 -1.0000
vn 0.0000 0.0000 -1.0000
vn -0.0000 -0.0000 -1.0000
vn 0.0000 0.0000 -1.0000
vn -0.9775 0.2110 0.0000
vn -0.9775 0.2110 0.0000
vn -0.2786 0.9604 0.0000
vn -0.2786 0.9604 0.0000
vn -0.5027 -0.8645 -0.0000
vn -0.5027 -0.8645 0.0000
vn -0.9995 0.0318 0.0000
vn -0.9995 0.0318 0.0000
vn 0.6668 -0.7452 0.0000
vn 0.6668 -0.7452 0.0000
vn -0.3391 -0.9408 -0.0000
vn -0.3391 -0.9408 0.0000
vn 0.9148 0.4039 0.0000
vn 0.9148 0.4039 0.0000
vn 0.7899 -0.6132 0.0000
vn 0.7899 -0.6132 0.0000
vn -0.1014 0.9948 0.0000
vn -0.1014 0.9948 0.0000
vn 0.8273 0.5618 0.0000
vn 0.8273 0.5618 0.0000
vn 0.9697 -0.0678 0.2347
vn 0.9697 -0.0678 0.2347
vn 0.8059 -0.5436 0.2347
vn 0.8059 -0.5436 0.2347
vn 0.4261 -0.8737 0.2347
vn 0.4261 -0.8737 0.2347
vn -0.0678 -0.9697 0.2347
vn -0.0678 -0.9697 0.2347
vn -0.5436 -0.8059 0.2347
vn -0.5436 -0.8059 0.2347
vn -0.8737 -0.4261 0.2347
vn -0.8737 -0.4261 0.2347
vn -0.9697 0.0678 0.2347
vn -0.9697 0.0678 0.2347
vn -0.8059 0.5436 0.2347
vn -0.8059 0.5436 0.2347
vn -0.4261 0.8737 0.2347
vn -0.4261 0.8737 0.2347
vn 0.0678 0.9697 0.2347
vn 0.0678 0.9697 0.2347
vn 0.5436 0.8059 0.2347
vn 0.5436 0.8059 0.2347
vn 0.8737 0.4261 0.2347
vn 0.8737 0.4261 0.2347
vn 0.0000 0.0000 1.0000
vn 0.0000 0.0000 1.0000
vn 0.0000 0.0000 1.0000
vn -0.0000 0.0000 1.0000
vn 0.0000 0.0000 1.0000
vn 0.0000 0.0000 1.0000
vn 0.0000 0.0000 1.0000
vn -0.0000 0.0000 1.0000
vn -0.0000 0.0000 1.0000
vn -0.0000 0.0000 1.0000
vn 0.0000 0.0000 1.0000
vn 0.0000 0.0000 1.0000
vn -0.9976 0.0698 0.0000
vn -0.9976 0.0698 0.0000
vn 0.0000 0.0000 -1.0000
vn 0.0000 -0.0000 -1.0000
vn 0.9976 -0.0698 0.0000
vn 0.9976 -0.0698 0.0000
vn 0.0000 0.0000 1.0000
vn 0.0000 0.0000 1.0000
vn -0.8290 0.5592 0.0000
vn -0.8290 0.5592 0.0000
vn 0.0000 -0.0000 -1.0000
vn 0.0000 0.0000 -1.0000
vn 0.8290 -0.5592 0.0000
vn 0.8290 -0.5592 0.0000
vn 0.0000 0.0000 1.0000
vn 0.0000 0.0000 1.0000
vn -0.4384 0.8988 0.0000
vn -0.4384 0.8988 0.0000
vn 0.0000 -0.0000 -1.0000
vn 0.0000 0.0000 -1.0000
vn 0.4384 -0.8988 0.0000
vn 0.4384 -0.8988 0.0000
vn 0.0000 0.0000 1.0000
vn 0.0000 0.0000 1.0000
vn 0.0698 0.9976 0.0000
vn 0.0698 0.9976 0.0000
vn 0.0000 -0.0000 -1.0000
vn -0.0000 0.0000 -1.0000
vn -0.0698 -0.9976 0.0000
vn -0.0698 -0.9976 0.0000
vn 0.0000 -0.0000 1.0000
vn 0.0000 0.0000 1.0000
vn 0.5592 0.8290 0.0000
vn 0.5592 0.8290 0.0000
vn -0.0000 0.0000 -1.0000
vn 0.0000 0.0000 -1.0000
vn -0.5592 -0.8290 0.0000
vn -0.5592 -0.8290 0.0000
vn 0.0000 -0.0000 1.0000
vn 0.0000 0.0000 1.0000
vn 0.8988 0.4384 0.0000
vn 0.8988 0.4384 0.0000
vn -0.0000 0.0000 -1.0000
vn 0.0000 0.0000 -1.0000
vn -0.8988 -0.4384 0.0000
vn -0.8988 -0.4384 0.0000
vn 0.0000 0.0000 1.0000
vn 0.0000 0.0000 1.0000
vn 0.9976 -0.0698 0.0000
vn 0.9976 -0.0698 0.0000
vn -0.0000 0.0000 -1.0000
vn 0.0000 0.0000 -1.0000
vn -0.9976 0.0698 0.0000
vn -0.9976 0.0698 0.0000
vn -0.0000 0.0000 1.0000
vn 0.0000 0.0000 1.0000
vn 0.8290 -0.5592 0.0000
vn 0.8290 -0.5592 0.0000
vn 0.0000 0.0000 -1.0000
vn 0.0000 0.0000 -1.0000
vn -0.8290 0.5592 0.0000
vn -0.8290 0.5592 0.0000
vn -0.0000 0.0000 1.0000
vn 0.0000 0.0000 1.0000
vn 0.4384 -0.8988 0.0000
vn 0.4384 -0.8988 0.0000
vn 0.0000 0.0000 -1.0000
vn 0.0000 0.0000 -1.0000
vn -0.4384 0.8988 0.0000
vn -0.4384 0.8988 0.0000
vn 0.0000 0.0000 1.0000
vn 0.0000 0.0000 1.0000
vn -0.0698 -0.9976 -0.0000
vn -0.0698 -0.9976 0.0000
vn 0.0000 0.0000 -1.0000
vn 0.0000 0.0000 -1.0000
vn 0.0698 0.9976 -0.0000
vn 0.0698 0.9976 0.0000
vn 0.0000 0.0000 1.0000
vn 0.0000 0.0000 1.0000
vn -0.5592 -0.8290 -0.0000
vn -0.5592 -0.8290 0.0000
vn 0.0000 0.0000 -1.0000
vn 0.0000 0.0000 -1.0000
vn 0.5592 0.8290 -0.0000
vn 0.5592 0.8290 0.0000
vn 0.0000 0.0000 1.0000
vn 0.0000 0.0000 1.0000
vn -0.8988 -0.4384 -0.0000
vn -0.8988 -0.4384 0.0000
vn 0.0000 0.0000 -1.0000
vn 0.0000 0.0000 -1.0000
vn 0.8988 0.4384 -0.0000
vn 0.8988 0.4384 0.0000
vn 0.0000 0.0000 1.0000
vn 0.0000 0.0000 1.0000
vn 0.0000 0.0000 1.0000
vn 0.0000 0.0000 1.0000
vn 0.0000 0.0000 1.0000
vn 0.0000 -0.0000 1.0000
vn 0.0000 0.0000 1.0000
vn -0.0000 0.0000 1.0000
vn -0.9745 0.2243 0.0000
vn -0.9745 0.2243 0.0000
vn 0.0000 -0.0000 -1.0000
vn 0.0000 0.0000 -1.0000
vn 0.9745 -0.2243 0.0000
vn 0.9745 -0.2243 0.0000
vn 0.0000 0.0000 1.0000
vn 0.0000 0.0000 1.0000
vn -0.2917 0.9565 0.0000
vn -0.2917 0.9565 0.0000
vn 0.0000 -0.0000 -1.0000
vn 0.0000 0.0000 -1.0000
vn 0.2917 -0.9565 0.0000
vn 0.2917 -0.9565 0.0000
vn 0.0000 0.0000 1.0000
vn 0.0000 0.0000 1.0000
vn -0.5145 -0.8575 -0.0000
vn -0.5145 -0.8575 0.0000
vn 0.0000 0.0000 -1.0000
vn 0.0000 0.0000 -1.0000
vn 0.5145 0.8575 -0.0000
vn 0.5145 0.8575 0.0000
vn 0.0000 0.0000 1.0000
vn 0.0000 0.0000 1.0000
vn -0.9998 0.0181 0.0000
vn -0.9998 0.0181 0.0000
vn 0.0000 0.0000 -1.0000
vn 0.0000 -0.0000 -1.0000
vn 0.9998 -0.0181 0.0000
vn 0.9998 -0.0181 0.0000
vn 0.0000 0.0000 1.0000
vn 0.0000 0.0000 1.0000
vn 0.6566 -0.7543 0.0000
vn 0.6566 -0.7543 0.0000
vn 0.0000 0.0000 -1.0000
vn 0.0000 0.0000 -1.0000
vn -0.6566 0.7543 0.0000
vn -0.6566 0.7543 0.0000
vn -0.0000 0.0000 1.0000
vn 0.0000 0.0000 1.0000
vn -0.3262 -0.9453 -0.0000
vn -0.3262 -0.9453 0.0000
vn 0.0000 0.0000 -1.0000
vn 0.0000 0.0000 -1.0000
vn 0.3262 0.9453 -0.0000
vn 0.3262 0.9453 0.0000
vn 0.0000 0.0000 1.0000
vn 0.0000 0.0000 1.0000
vn 0.9202 0.3913 0.0000
vn 0.9202 0.3913 0.0000
vn 0.0000 0.0000 -1.0000
vn 0.0000 0.0000 -1.0000
vn -0.9202 -0.3913 0.0000
vn -0.9202 -0.3913 0.0000
vn -0.0000 -0.0000 1.0000
vn 0.0000 0.0000 1.0000
vn 0.7982 -0.6023 0.0000
vn 0.7982 -0.6023 0.0000
vn 0.0000 0.0000 -1.0000
vn 0.0000 0.0000 -1.0000
vn -0.7982 0.6023 0.0000
vn -0.7982 0.6023 0.0000
vn -0.0000 0.0000 1.0000
vn 0.0000 0.0000 1.0000
vn -0.0878 0.9961 0.0000
vn -0.0878 0.9961 0.0000
vn 0.0000 0.0000 -1.0000
vn 0.0000 0.0000 -1.0000
vn 0.0878 -0.9961 0.0000
vn 0.0878 -0.9961 0.0000
vn 0.0000 -0.0000 1.0000
vn 0.0000 0.0000 1.0000
vn 0.8195 0.5730 0.0000
vn 0.8195 0.5730 0.0000
vn -0.0000 0.0000 -1.0000
vn 0.0000 0.0000 -1.0000
vn -0.8195 -0.5730 0.0000
vn -0.8195 -0.5730 0.0000
vn 0.0000 -0.0000 1.0000
vn 0.0000 0.0000 1.0000
vn 0.6303 -0.7251 0.2774
vn 0.1588 -0.8168 0.5547
vn -0.3128 -0.9084 0.2774
vn -0.3128 -0.9084 -0.2774
vn 0.1588 -0.8168 -0.5547
vn 0.6303 -0.7251 -0.2774
vn 0.8501 0.1652 0.5000
vn 0.8501 0.1652 0.5000
vn 0.0000 0.0000 1.0000
vn 0.0000 0.0000 1.0000
vn -0.8501 -0.1652 0.5000
vn -0.8501 -0.1652 0.5000
vn -0.8501 -0.1652 -0.5000
vn -0.8501 -0.1652 -0.5000
vn 0.0000 0.0000 -1.0000
vn 0.0000 0.0000 -1.0000
vn 0.8501 0.1652 -0.5000
vn 0.8501 0.1652 -0.5000
vn 0.3128 0.9084 0.2774
vn -0.1588 0.8168 0.5547
vn -0.6303 0.7251 0.2774
vn -0.6303 0.7251 -0.2774
vn -0.1588 0.8168 -0.5547
vn 0.3128 0.9084 -0.2774
vn 0.6303 -0.7251 0.2774
vn 0.1588 -0.8168 0.5547
vn -0.3128 -0.9084 0.2774
vn -0.3128 -0.9084 -0.2774
vn 0.1588 -0.8168 -0.5547
vn 0.6303 -0.7251 -0.2774
vn 0.8501 0.1652 0.5000
vn 0.8501 0.1652 0.5000
vn 0.0000 0.0000 1.0000
vn 0.0000 0.0000 1.0000
vn -0.8501 -0.1652 0.5000
vn -0.8501 -0.1652 0.5000
vn -0.8501 -0.1652 -0.5000
vn -0.8501 -0.1652 -0.5000
vn 0.0000 0.0000 -1.0000
vn 0.0000 0.0000 -1.0000
vn 0.8501 0.1652 -0.5000
vn 0.8501 0.1652 -0.5000
vn 0.3128 0.9084 0.2774
vn -0.1588 0.8168 0.5547
vn -0.6303 0.7251 0.2774
vn -0.6303 0.7251 -0.2774
vn -0.1588 0.8168 -0.5547
vn 0.3128 0.9084 -0.2774
vn 0.6303 -0.7251 0.2774
vn 0.1588 -0.8168 0.5547
vn -0.3128 -0.9084 0.2774
vn -0.3128 -0.9084 -0.2774
vn 0.1588 -0.8168 -0.5547
vn 0.6303 -0.7251 -0.2774
vn 0.8501 0.1652 0.5000
vn 0.8501 0.1652 0.5000
vn 0.0000 0.0000 1.0000
vn 0.0000 0.0000 1.0000
vn -0.8501 -0.1652 0.5000
vn -0.8501 -0.1652 0.5000
vn -0.8501 -0.1652 -0.5000
vn -0.8501 -0.1652 -0.5000
vn 0.0000 0.0000 -1.0000
vn 0.0000 0.0000 -1.0000
vn 0.8501 0.1652 -0.5000
vn 0.8501 0.1652 -0.5000
vn 0.3128 0.9084 0.2774
vn -0.1588 0.8168 0.5547
vn -0.6303 0.7251 0.2774
vn -0.6303 0.7251 -0.2774
vn -0.1588 0.8168 -0.5547
vn 0.3128 0.9084 -0.2774
vn 0.6303 -0.7251 0.2774
vn 0.1588 -0.8168 0.5547
vn -0.3128 -0.9084 0.2774
vn -0.3128 -0.9084 -0.2774
vn 0.1588 -0.8168 -0.5547
vn 0.6303 -0.7251 -0.2774
vn 0.8501 0.1652 0.5000
vn 0.8501 0.1652 0.5000
vn 0.0000 0.0000 1.0000
vn 0.0000 0.0000 1.0000
vn -0.8501 -0.1652 0.5000
vn -0.8501 -0.1652 0.5000
vn -0.8501 -0.1652 -0.5000
vn -0.8501 -0.1652 -0.5000
vn 0.0000 0.0000 -1.0000
vn 0.0000 0.0000 -1.0000
vn 0.8501 0.1652 -0.5000
vn 0.8501 0.1652 -0.5000
vn 0.3128 0.9084 0.2774
vn -0.1588 0.8168 0.5547
vn -0.6303 0.7251 0.2774
vn -0.6303 0.7251 -0.2774
vn -0.1588 0.8168 -0.5547
vn 0.3128 0.9084 -0.2774
vn 0.6303 -0.7251 0.2774
vn 0.1588 -0.8168 0.5547
vn -0.3128 -0.9084 0.2774
vn -0.3128 -0.9084 -0.2774
vn 0.1588 -0.8168 -0.5547
vn 0.6303 -0.7251 -0.2774
vn 0.8501 0.1652 0.5000
vn 0.8501 0.1652 0.5000
vn 0.0000 0.0000 1.0000
vn 0.0000 0.0000 1.0000
vn -0.8501 -0.1652 0.5000
vn -0.8501 -0.1652 0.5000
vn -0.8501 -0.1652 -0.5000
vn -0.8501 -0.1652 -0.5000
vn 0.0000 0.0000 -1.0000
vn 0.0000 0.0000 -1.0000
vn 0.8501 0.1652 -0.5000
vn 0.8501 0.1652 -0.5000
vn 0.3128 0.9084 0.2774
vn -0.1588 0.8168 0.5547
vn -0.6303 0.7251 0.2774
vn -0.6303 0.7251 -0.2774
vn -0.1588 0.8168 -0.5547
vn 0.3128 0.9084 -0.2774
vn 0.7068 -0.0223 0.7071
vn 0.7068 -0.0223 0.7071
vn -0.7068 0.0223 0.7071
vn -0.7068 0.0223 0.7071
vn -0.7068 0.0223 -0.7071
vn -0.7068 0.0223 -0.7071
vn 0.7068 -0.0223 -0.7071
vn 0.7068 -0.0223 -0.7071
vn 0.0315 0.9995 -0.0000
vn 0.0315 0.9995 -0.0000
vn -0.0315 -0.9995 0.0000
vn -0.0315 -0.9995 -0.0000
vn 0.6303 -0.7251 0.2774
vn 0.1588 -0.8168 0.5547
vn -0.3128 -0.9084 0.2774
vn -0.3128 -0.9084 -0.2774
vn 0.1588 -0.8168 -0.5547
vn 0.6303 -0.7251 -0.2774
vn 0.8501 0.1652 0.5000
vn 0.8501 0.1652 0.5000
vn 0.0000 0.0000 1.0000
vn 0.0000 0.0000 1.0000
vn -0.8501 -0.1652 0.5000
vn -0.8501 -0.1652 0.5000
vn -0.8501 -0.1652 -0.5000
vn -0.8501 -0.1652 -0.5000
vn 0.0000 0.0000 -1.0000
vn 0.0000 0.0000 -1.0000
vn 0.8501 0.1652 -0.5000
vn 0.8501 0.1652 -0.5000
vn 0.3128 0.9084 0.2774
vn -0.1588 0.8168 0.5547
vn -0.6303 0.7251 0.2774
vn -0.6303 0.7251 -0.2774
vn -0.1588 0.8168 -0.5547
vn 0.3128 0.9084 -0.2774
usemtl Mat_Brass
f 3246//4733 3237//4733 3238//4733
f 3246//4734 3238//4734 3239//4734
f 3246//4735 3239//4735 3240//4735
f 3246//4736 3240//4736 3241//4736
f 3246//4737 3241//4737 3242//4737
f 3246//4738 3242//4738 3243//4738
f 3246//4739 3243//4739 3244//4739
f 3244//4740 3245//4740 3246//4740
f 3248//4741 3247//4741 3256//4741
f 3249//4742 3248//4742 3256//4742
f 3250//4743 3249//4743 3256//4743
f 3251//4744 3250//4744 3256//4744
f 3252//4745 3251//4745 3256//4745
f 3253//4746 3252//4746 3256//4746
f 3254//4747 3253//4747 3256//4747
f 3256//4748 3255//4748 3254//4748
f 3237//4749 3247//4749 3248//4749
f 3237//4750 3248//4750 3238//4750
f 3238//4751 3248//4751 3249//4751
f 3238//4752 3249//4752 3239//4752
f 3239//4753 3249//4753 3250//4753
f 3239//4754 3250//4754 3240//4754
f 3240//4755 3250//4755 3251//4755
f 3240//4756 3251//4756 3241//4756
f 3241//4757 3251//4757 3252//4757
f 3241//4758 3252//4758 3242//4758
f 3242//4759 3252//4759 3253//4759
f 3242//4760 3253//4760 3243//4760
f 3243//4761 3253//4761 3254//4761
f 3243//4762 3254//4762 3244//4762
f 3244//4763 3254//4763 3255//4763
f 3244//4764 3255//4764 3245//4764
f 3245//4765 3255//4765 3256//4765
f 3245//4766 3256//4766 3246//4766
f 3246//4767 3256//4767 3247//4767
f 3246//4768 3247//4768 3237//4768
usemtl Mat_DarkMetal
f 3266//4769 3257//4769 3258//4769
f 3266//4770 3258//4770 3259//4770
f 3266//4771 3259//4771 3260//4771
f 3266//4772 3260//4772 3261//4772
f 3266//4773 3261//4773 3262//4773
f 3266//4774 3262//4774 3263//4774
f 3266//4775 3263//4775 3264//4775
f 3264//4776 3265//4776 3266//4776
f 3268//4777 3267//4777 3276//4777
f 3269//4778 3268//4778 3276//4778
f 3270//4779 3269//4779 3276//4779
f 3271//4780 3270//4780 3276//4780
f 3272//4781 3271//4781 3276//4781
f 3273//4782 3272//4782 3276//4782
f 3274//4783 3273//4783 3276//4783
f 3276//4784 3275//4784 3274//4784
f 3257//4785 3267//4785 3268//4785
f 3257//4786 3268//4786 3258//4786
f 3258//4787 3268//4787 3269//4787
f 3258//4788 3269//4788 3259//4788
f 3259//4789 3269//4789 3270//4789
f 3259//4790 3270//4790 3260//4790
f 3260//4791 3270//4791 3271//4791
f 3260//4792 3271//4792 3261//4792
f 3261//4793 3271//4793 3272//4793
f 3261//4794 3272//4794 3262//4794
f 3262//4795 3272//4795 3273//4795
f 3262//4796 3273//4796 3263//4796
f 3263//4797 3273//4797 3274//4797
f 3263//4798 3274//4798 3264//4798
f 3264//4799 3274//4799 3275//4799
f 3264//4800 3275//4800 3265//4800
f 3265//4801 3275//4801 3276//4801
f 3265//4802 3276//4802 3266//4802
f 3266//4803 3276//4803 3267//4803
f 3266//4804 3267//4804 3257//4804
usemtl Mat_Brass
f 3289//4805 3290//4805 3278//4805
f 3289//4806 3278//4806 3277//4806
f 3290//4807 3291//4807 3279//4807
f 3290//4808 3279//4808 3278//4808
f 3291//4809 3292//4809 3280//4809
f 3291//4810 3280//4810 3279//4810
f 3292//4811 3293//4811 3281//4811
f 3292//4812 3281//4812 3280//4812
f 3293//4813 3294//4813 3282//4813
f 3293//4814 3282//4814 3281//4814
f 3294//4815 3295//4815 3283//4815
f 3294//4816 3283//4816 3282//4816
f 3295//4817 3296//4817 3284//4817
f 3295//4818 3284//4818 3283//4818
f 3296//4819 3297//4819 3285//4819
f 3296//4820 3285//4820 3284//4820
f 3297//4821 3298//4821 3286//4821
f 3297//4822 3286//4822 3285//4822
f 3298//4823 3299//4823 3287//4823
f 3298//4824 3287//4824 3286//4824
f 3299//4825 3300//4825 3288//4825
f 3299//4826 3288//4826 3287//4826
f 3300//4827 3289//4827 3277//4827
f 3300//4828 3277//4828 3288//4828
f 3300//4829 3299//4829 3298//4829
f 3300//4830 3298//4830 3297//4830
f 3300//4831 3297//4831 3296//4831
f 3300//4832 3296//4832 3295//4832
f 3300//4833 3295//4833 3294//4833
f 3300//4834 3294//4834 3293//4834
f 3300//4835 3293//4835 3292//4835
f 3300//4836 3292//4836 3291//4836
f 3300//4837 3291//4837 3290//4837
f 3300//4838 3290//4838 3289//4838
usemtl Mat_NeonAmber
f 3301//4839 3302//4839 3306//4839
f 3301//4840 3306//4840 3305//4840
f 3302//4841 3303//4841 3307//4841
f 3302//4842 3307//4842 3306//4842
f 3303//4843 3304//4843 3308//4843
f 3303//4844 3308//4844 3307//4844
f 3304//4845 3301//4845 3305//4845
f 3304//4846 3305//4846 3308//4846
f 3305//4847 3306//4847 3310//4847
f 3305//4848 3310//4848 3309//4848
f 3306//4849 3307//4849 3311//4849
f 3306//4850 3311//4850 3310//4850
f 3307//4851 3308//4851 3312//4851
f 3307//4852 3312//4852 3311//4852
f 3308//4853 3305//4853 3309//4853
f 3308//4854 3309//4854 3312//4854
f 3309//4855 3310//4855 3314//4855
f 3309//4856 3314//4856 3313//4856
f 3310//4857 3311//4857 3315//4857
f 3310//4858 3315//4858 3314//4858
f 3311//4859 3312//4859 3316//4859
f 3311//4860 3316//4860 3315//4860
f 3312//4861 3309//4861 3313//4861
f 3312//4862 3313//4862 3316//4862
f 3313//4863 3314//4863 3318//4863
f 3313//4864 3318//4864 3317//4864
f 3314//4865 3315//4865 3319//4865
f 3314//4866 3319//4866 3318//4866
f 3315//4867 3316//4867 3320//4867
f 3315//4868 3320//4868 3319//4868
f 3316//4869 3313//4869 3317//4869
f 3316//4870 3317//4870 3320//4870
f 3317//4871 3318//4871 3322//4871
f 3317//4872 3322//4872 3321//4872
f 3318//4873 3319//4873 3323//4873
f 3318//4874 3323//4874 3322//4874
f 3319//4875 3320//4875 3324//4875
f 3319//4876 3324//4876 3323//4876
f 3320//4877 3317//4877 3321//4877
f 3320//4878 3321//4878 3324//4878
f 3321//4879 3322//4879 3326//4879
f 3321//4880 3326//4880 3325//4880
f 3322//4881 3323//4881 3327//4881
f 3322//4882 3327//4882 3326//4882
f 3323//4883 3324//4883 3328//4883
f 3323//4884 3328//4884 3327//4884
f 3324//4885 3321//4885 3325//4885
f 3324//4886 3325//4886 3328//4886
f 3325//4887 3326//4887 3330//4887
f 3325//4888 3330//4888 3329//4888
f 3326//4889 3327//4889 3331//4889
f 3326//4890 3331//4890 3330//4890
f 3327//4891 3328//4891 3332//4891
f 3327//4892 3332//4892 3331//4892
f 3328//4893 3325//4893 3329//4893
f 3328//4894 3329//4894 3332//4894
f 3329//4895 3330//4895 3334//4895
f 3329//4896 3334//4896 3333//4896
f 3330//4897 3331//4897 3335//4897
f 3330//4898 3335//4898 3334//4898
f 3331//4899 3332//4899 3336//4899
f 3331//4900 3336//4900 3335//4900
f 3332//4901 3329//4901 3333//4901
f 3332//4902 3333//4902 3336//4902
f 3333//4903 3334//4903 3338//4903
f 3333//4904 3338//4904 3337//4904
f 3334//4905 3335//4905 3339//4905
f 3334//4906 3339//4906 3338//4906
f 3335//4907 3336//4907 3340//4907
f 3335//4908 3340//4908 3339//4908
f 3336//4909 3333//4909 3337//4909
f 3336//4910 3337//4910 3340//4910
f 3337//4911 3338//4911 3342//4911
f 3337//4912 3342//4912 3341//4912
f 3338//4913 3339//4913 3343//4913
f 3338//4914 3343//4914 3342//4914
f 3339//4915 3340//4915 3344//4915
f 3339//4916 3344//4916 3343//4916
f 3340//4917 3337//4917 3341//4917
f 3340//4918 3341//4918 3344//4918
f 3341//4919 3342//4919 3346//4919
f 3341//4920 3346//4920 3345//4920
f 3342//4921 3343//4921 3347//4921
f 3342//4922 3347//4922 3346//4922
f 3343//4923 3344//4923 3348//4923
f 3343//4924 3348//4924 3347//4924
f 3344//4925 3341//4925 3345//4925
f 3344//4926 3345//4926 3348//4926
f 3345//4927 3346//4927 3302//4927
f 3345//4928 3302//4928 3301//4928
f 3346//4929 3347//4929 3303//4929
f 3346//4930 3303//4930 3302//4930
f 3347//4931 3348//4931 3304//4931
f 3347//4932 3304//4932 3303//4932
f 3348//4933 3345//4933 3301//4933
f 3348//4934 3301//4934 3304//4934
usemtl Mat_Void
f 3349//4935 3350//4935 3351//4935
f 3349//4936 3351//4936 3352//4936
f 3353//4937 3354//4937 3355//4937
f 3353//4938 3355//4938 3356//4938
f 3357//4939 3358//4939 3359//4939
f 3357//4940 3359//4940 3360//4940
f 3361//4941 3362//4941 3363//4941
f 3361//4942 3363//4942 3364//4942
usemtl Mat_NeonAmber
f 3365//4943 3366//4943 3370//4943
f 3365//4944 3370//4944 3369//4944
f 3366//4945 3367//4945 3371//4945
f 3366//4946 3371//4946 3370//4946
f 3367//4947 3368//4947 3372//4947
f 3367//4948 3372//4948 3371//4948
f 3368//4949 3365//4949 3369//4949
f 3368//4950 3369//4950 3372//4950
f 3369//4951 3370//4951 3374//4951
f 3369//4952 3374//4952 3373//4952
f 3370//4953 3371//4953 3375//4953
f 3370//4954 3375//4954 3374//4954
f 3371//4955 3372//4955 3376//4955
f 3371//4956 3376//4956 3375//4956
f 3372//4957 3369//4957 3373//4957
f 3372//4958 3373//4958 3376//4958
f 3373//4959 3374//4959 3378//4959
f 3373//4960 3378//4960 3377//4960
f 3374//4961 3375//4961 3379//4961
f 3374//4962 3379//4962 3378//4962
f 3375//4963 3376//4963 3380//4963
f 3375//4964 3380//4964 3379//4964
f 3376//4965 3373//4965 3377//4965
f 3376//4966 3377//4966 3380//4966
f 3377//4967 3378//4967 3382//4967
f 3377//4968 3382//4968 3381//4968
f 3378//4969 3379//4969 3383//4969
f 3378//4970 3383//4970 3382//4970
f 3379//4971 3380//4971 3384//4971
f 3379//4972 3384//4972 3383//4972
f 3380//4973 3377//4973 3381//4973
f 3380//4974 3381//4974 3384//4974
f 3381//4975 3382//4975 3386//4975
f 3381//4976 3386//4976 3385//4976
f 3382//4977 3383//4977 3387//4977
f 3382//4978 3387//4978 3386//4978
f 3383//4979 3384//4979 3388//4979
f 3383//4980 3388//4980 3387//4980
f 3384//4981 3381//4981 3385//4981
f 3384//4982 3385//4982 3388//4982
f 3385//4983 3386//4983 3390//4983
f 3385//4984 3390//4984 3389//4984
f 3386//4985 3387//4985 3391//4985
f 3386//4986 3391//4986 3390//4986
f 3387//4987 3388//4987 3392//4987
f 3387//4988 3392//4988 3391//4988
f 3388//4989 3385//4989 3389//4989
f 3388//4990 3389//4990 3392//4990
f 3389//4991 3390//4991 3394//4991
f 3389//4992 3394//4992 3393//4992
f 3390//4993 3391//4993 3395//4993
f 3390//4994 3395//4994 3394//4994
f 3391//4995 3392//4995 3396//4995
f 3391//4996 3396//4996 3395//4996
f 3392//4997 3389//4997 3393//4997
f 3392//4998 3393//4998 3396//4998
f 3393//4999 3394//4999 3398//4999
f 3393//5000 3398//5000 3397//5000
f 3394//5001 3395//5001 3399//5001
f 3394//5002 3399//5002 3398//5002
f 3395//5003 3396//5003 3400//5003
f 3395//5004 3400//5004 3399//5004
f 3396//5005 3393//5005 3397//5005
f 3396//5006 3397//5006 3400//5006
f 3397//5007 3398//5007 3402//5007
f 3397//5008 3402//5008 3401//5008
f 3398//5009 3399//5009 3403//5009
f 3398//5010 3403//5010 3402//5010
f 3399//5011 3400//5011 3404//5011
f 3399//5012 3404//5012 3403//5012
f 3400//5013 3397//5013 3401//5013
f 3400//5014 3401//5014 3404//5014
f 3401//5015 3402//5015 3366//5015
f 3401//5016 3366//5016 3365//5016
f 3402//5017 3403//5017 3367//5017
f 3402//5018 3367//5018 3366//5018
f 3403//5019 3404//5019 3368//5019
f 3403//5020 3368//5020 3367//5020
f 3404//5021 3401//5021 3365//5021
f 3404//5022 3365//5022 3368//5022
usemtl Mat_Brass
f 3406//5023 3407//5023 3405//5023
f 3407//5024 3408//5024 3405//5024
f 3408//5025 3409//5025 3405//5025
f 3409//5026 3410//5026 3405//5026
f 3410//5027 3411//5027 3405//5027
f 3411//5028 3406//5028 3405//5028
f 3412//5029 3413//5029 3407//5029
f 3412//5030 3407//5030 3406//5030
f 3413//5031 3414//5031 3408//5031
f 3413//5032 3408//5032 3407//5032
f 3414//5033 3415//5033 3409//5033
f 3414//5034 3409//5034 3408//5034
f 3415//5035 3416//5035 3410//5035
f 3415//5036 3410//5036 3409//5036
f 3416//5037 3417//5037 3411//5037
f 3416//5038 3411//5038 3410//5038
f 3417//5039 3412//5039 3406//5039
f 3417//5040 3406//5040 3411//5040
f 3418//5041 3413//5041 3412//5041
f 3418//5042 3414//5042 3413//5042
f 3418//5043 3415//5043 3414//5043
f 3418//5044 3416//5044 3415//5044
f 3418//5045 3417//5045 3416//5045
f 3418//5046 3412//5046 3417//5046
f 3420//5047 3421//5047 3419//5047
f 3421//5048 3422//5048 3419//5048
f 3422//5049 3423//5049 3419//5049
f 3423//5050 3424//5050 3419//5050
f 3424//5051 3425//5051 3419//5051
f 3425//5052 3420//5052 3419//5052
f 3426//5053 3427//5053 3421//5053
f 3426//5054 3421//5054 3420//5054
f 3427//5055 3428//5055 3422//5055
f 3427//5056 3422//5056 3421//5056
f 3428//5057 3429//5057 3423//5057
f 3428//5058 3423//5058 3422//5058
f 3429//5059 3430//5059 3424//5059
f 3429//5060 3424//5060 3423//5060
f 3430//5061 3431//5061 3425//5061
f 3430//5062 3425//5062 3424//5062
f 3431//5063 3426//5063 3420//5063
f 3431//5064 3420//5064 3425//5064
f 3432//5065 3427//5065 3426//5065
f 3432//5066 3428//5066 3427//5066
f 3432//5067 3429//5067 3428//5067
f 3432//5068 3430//5068 3429//5068
f 3432//5069 3431//5069 3430//5069
f 3432//5070 3426//5070 3431//5070
f 3434//5071 3435//5071 3433//5071
f 3435//5072 3436//5072 3433//5072
f 3436//5073 3437//5073 3433//5073
f 3437//5074 3438//5074 3433//5074
f 3438//5075 3439//5075 3433//5075
f 3439//5076 3434//5076 3433//5076
f 3440//5077 3441//5077 3435//5077
f 3440//5078 3435//5078 3434//5078
f 3441//5079 3442//5079 3436//5079
f 3441//5080 3436//5080 3435//5080
f 3442//5081 3443//5081 3437//5081
f 3442//5082 3437//5082 3436//5082
f 3443//5083 3444//5083 3438//5083
f 3443//5084 3438//5084 3437//5084
f 3444//5085 3445//5085 3439//5085
f 3444//5086 3439//5086 3438//5086
f 3445//5087 3440//5087 3434//5087
f 3445//5088 3434//5088 3439//5088
f 3446//5089 3441//5089 3440//5089
f 3446//5090 3442//5090 3441//5090
f 3446//5091 3443//5091 3442//5091
f 3446//5092 3444//5092 3443//5092
f 3446//5093 3445//5093 3444//5093
f 3446//5094 3440//5094 3445//5094
f 3448//5095 3449//5095 3447//5095
f 3449//5096 3450//5096 3447//5096
f 3450//5097 3451//5097 3447//5097
f 3451//5098 3452//5098 3447//5098
f 3452//5099 3453//5099 3447//5099
f 3453//5100 3448//5100 3447//5100
f 3454//5101 3455//5101 3449//5101
f 3454//5102 3449//5102 3448//5102
f 3455//5103 3456//5103 3450//5103
f 3455//5104 3450//5104 3449//5104
f 3456//5105 3457//5105 3451//5105
f 3456//5106 3451//5106 3450//5106
f 3457//5107 3458//5107 3452//5107
f 3457//5108 3452//5108 3451//5108
f 3458//5109 3459//5109 3453//5109
f 3458//5110 3453//5110 3452//5110
f 3459//5111 3454//5111 3448//5111
f 3459//5112 3448//5112 3453//5112
f 3460//5113 3455//5113 3454//5113
f 3460//5114 3456//5114 3455//5114
f 3460//5115 3457//5115 3456//5115
f 3460//5116 3458//5116 3457//5116
f 3460//5117 3459//5117 3458//5117
f 3460//5118 3454//5118 3459//5118
f 3462//5119 3463//5119 3461//5119
f 3463//5120 3464//5120 3461//5120
f 3464//5121 3465//5121 3461//5121
f 3465//5122 3466//5122 3461//5122
f 3466//5123 3467//5123 3461//5123
f 3467//5124 3462//5124 3461//5124
f 3468//5125 3469//5125 3463//5125
f 3468//5126 3463//5126 3462//5126
f 3469//5127 3470//5127 3464//5127
f 3469//5128 3464//5128 3463//5128
f 3470//5129 3471//5129 3465//5129
f 3470//5130 3465//5130 3464//5130
f 3471//5131 3472//5131 3466//5131
f 3471//5132 3466//5132 3465//5132
f 3472//5133 3473//5133 3467//5133
f 3472//5134 3467//5134 3466//5134
f 3473//5135 3468//5135 3462//5135
f 3473//5136 3462//5136 3467//5136
f 3474//5137 3469//5137 3468//5137
f 3474//5138 3470//5138 3469//5138
f 3474//5139 3471//5139 3470//5139
f 3474//5140 3472//5140 3471//5140
f 3474//5141 3473//5141 3472//5141
f 3474//5142 3468//5142 3473//5142
usemtl Mat_DarkMetal
f 3479//5143 3480//5143 3476//5143
f 3479//5144 3476//5144 3475//5144
f 3480//5145 3481//5145 3477//5145
f 3480//5146 3477//5146 3476//5146
f 3481//5147 3482//5147 3478//5147
f 3481//5148 3478//5148 3477//5148
f 3482//5149 3479//5149 3475//5149
f 3482//5150 3475//5150 3478//5150
f 3482//5151 3481//5151 3480//5151
f 3482//5152 3480//5152 3479//5152
f 3475//5153 3476//5153 3477//5153
f 3475//5154 3477//5154 3478//5154
usemtl Mat_NeonLaser
f 3484//5155 3485//5155 3483//5155
f 3485//5156 3486//5156 3483//5156
f 3486//5157 3487//5157 3483//5157
f 3487//5158 3488//5158 3483//5158
f 3488//5159 3489//5159 3483//5159
f 3489//5160 3484//5160 3483//5160
f 3490//5161 3491//5161 3485//5161
f 3490//5162 3485//5162 3484//5162
f 3491//5163 3492//5163 3486//5163
f 3491//5164 3486//5164 3485//5164
f 3492//5165 3493//5165 3487//5165
f 3492//5166 3487//5166 3486//5166
f 3493//5167 3494//5167 3488//5167
f 3493//5168 3488//5168 3487//5168
f 3494//5169 3495//5169 3489//5169
f 3494//5170 3489//5170 3488//5170
f 3495//5171 3490//5171 3484//5171
f 3495//5172 3484//5172 3489//5172
f 3496//5173 3491//5173 3490//5173
f 3496//5174 3492//5174 3491//5174
f 3496//5175 3493//5175 3492//5175
f 3496//5176 3494//5176 3493//5176
f 3496//5177 3495//5177 3494//5177
f 3496//5178 3490//5178 3495//5178
o Bldg_Sheriff_Laser_Bars
v 2.63536 0.45000 2.38536
v 2.63536 0.45000 2.31464
v 2.56464 0.45000 2.31464
v 2.56464 0.45000 2.38536
v 2.63536 3.35000 2.38536
v 2.63536 3.35000 2.31464
v 2.56464 3.35000 2.31464
v 2.56464 3.35000 2.38536
v 3.13536 0.45000 2.38536
v 3.13536 0.45000 2.31464
v 3.06464 0.45000 2.31464
v 3.06464 0.45000 2.38536
v 3.13536 3.35000 2.38536
v 3.13536 3.35000 2.31464
v 3.06464 3.35000 2.31464
v 3.06464 3.35000 2.38536
v 3.63536 0.45000 2.38536
v 3.63536 0.45000 2.31464
v 3.56464 0.45000 2.31464
v 3.56464 0.45000 2.38536
v 3.63536 3.35000 2.38536
v 3.63536 3.35000 2.31464
v 3.56464 3.35000 2.31464
v 3.56464 3.35000 2.38536
v 4.13536 0.45000 2.38536
v 4.13536 0.45000 2.31464
v 4.06464 0.45000 2.31464
v 4.06464 0.45000 2.38536
v 4.13536 3.35000 2.38536
v 4.13536 3.35000 2.31464
v 4.06464 3.35000 2.31464
v 4.06464 3.35000 2.38536
v 4.63536 0.45000 2.38536
v 4.63536 0.45000 2.31464
v 4.56464 0.45000 2.31464
v 4.56464 0.45000 2.38536
v 4.63536 3.35000 2.38536
v 4.63536 3.35000 2.31464
v 4.56464 3.35000 2.31464
v 4.56464 3.35000 2.38536
v 5.13536 0.45000 2.38536
v 5.13536 0.45000 2.31464
v 5.06464 0.45000 2.31464
v 5.06464 0.45000 2.38536
v 5.13536 3.35000 2.38536
v 5.13536 3.35000 2.31464
v 5.06464 3.35000 2.31464
v 5.06464 3.35000 2.38536
v 5.63536 0.45000 2.38536
v 5.63536 0.45000 2.31464
v 5.56464 0.45000 2.31464
v 5.56464 0.45000 2.38536
v 5.63536 3.35000 2.38536
v 5.63536 3.35000 2.31464
v 5.56464 3.35000 2.31464
v 5.56464 3.35000 2.38536
vn 1.0000 0.0000 0.0000
vn 1.0000 -0.0000 0.0000
vn 0.0000 0.0000 -1.0000
vn 0.0000 0.0000 -1.0000
vn -1.0000 0.0000 0.0000
vn -1.0000 0.0000 0.0000
vn 0.0000 0.0000 1.0000
vn 0.0000 0.0000 1.0000
vn 0.0000 -1.0000 0.0000
vn 0.0000 -1.0000 0.0000
vn 0.0000 1.0000 0.0000
vn 0.0000 1.0000 0.0000
vn 1.0000 0.0000 0.0000
vn 1.0000 -0.0000 0.0000
vn 0.0000 0.0000 -1.0000
vn 0.0000 0.0000 -1.0000
vn -1.0000 0.0000 0.0000
vn -1.0000 0.0000 0.0000
vn 0.0000 0.0000 1.0000
vn 0.0000 0.0000 1.0000
vn 0.0000 -1.0000 0.0000
vn 0.0000 -1.0000 0.0000
vn 0.0000 1.0000 0.0000
vn 0.0000 1.0000 0.0000
vn 1.0000 0.0000 0.0000
vn 1.0000 -0.0000 0.0000
vn 0.0000 0.0000 -1.0000
vn 0.0000 0.0000 -1.0000
vn -1.0000 0.0000 0.0000
vn -1.0000 0.0000 0.0000
vn 0.0000 0.0000 1.0000
vn 0.0000 0.0000 1.0000
vn 0.0000 -1.0000 0.0000
vn 0.0000 -1.0000 0.0000
vn 0.0000 1.0000 0.0000
vn 0.0000 1.0000 0.0000
vn 1.0000 0.0000 0.0000
vn 1.0000 -0.0000 0.0000
vn 0.0000 0.0000 -1.0000
vn 0.0000 0.0000 -1.0000
vn -1.0000 0.0000 0.0000
vn -1.0000 0.0000 0.0000
vn 0.0000 0.0000 1.0000
vn 0.0000 0.0000 1.0000
vn 0.0000 -1.0000 0.0000
vn 0.0000 -1.0000 0.0000
vn 0.0000 1.0000 0.0000
vn 0.0000 1.0000 0.0000
vn 1.0000 0.0000 0.0000
vn 1.0000 -0.0000 0.0000
vn 0.0000 0.0000 -1.0000
vn 0.0000 0.0000 -1.0000
vn -1.0000 0.0000 0.0000
vn -1.0000 0.0000 0.0000
vn 0.0000 0.0000 1.0000
vn 0.0000 0.0000 1.0000
vn 0.0000 -1.0000 0.0000
vn 0.0000 -1.0000 0.0000
vn 0.0000 1.0000 0.0000
vn 0.0000 1.0000 0.0000
vn 1.0000 0.0000 0.0000
vn 1.0000 -0.0000 0.0000
vn 0.0000 0.0000 -1.0000
vn 0.0000 0.0000 -1.0000
vn -1.0000 0.0000 0.0000
vn -1.0000 0.0000 0.0000
vn 0.0000 0.0000 1.0000
vn 0.0000 0.0000 1.0000
vn 0.0000 -1.0000 0.0000
vn 0.0000 -1.0000 0.0000
vn 0.0000 1.0000 0.0000
vn 0.0000 1.0000 0.0000
vn 1.0000 0.0000 0.0000
vn 1.0000 -0.0000 0.0000
vn 0.0000 0.0000 -1.0000
vn 0.0000 0.0000 -1.0000
vn -1.0000 0.0000 0.0000
vn -1.0000 0.0000 0.0000
vn 0.0000 0.0000 1.0000
vn 0.0000 0.0000 1.0000
vn 0.0000 -1.0000 0.0000
vn 0.0000 -1.0000 0.0000
vn 0.0000 1.0000 0.0000
vn 0.0000 1.0000 0.0000
usemtl Mat_NeonLaser
f 3497//5179 3498//5179 3502//5179
f 3497//5180 3502//5180 3501//5180
f 3498//5181 3499//5181 3503//5181
f 3498//5182 3503//5182 3502//5182
f 3499//5183 3500//5183 3504//5183
f 3499//5184 3504//5184 3503//5184
f 3500//5185 3497//5185 3501//5185
f 3500//5186 3501//5186 3504//5186
f 3500//5187 3499//5187 3498//5187
f 3500//5188 3498//5188 3497//5188
f 3501//5189 3502//5189 3503//5189
f 3501//5190 3503//5190 3504//5190
f 3505//5191 3506//5191 3510//5191
f 3505//5192 3510//5192 3509//5192
f 3506//5193 3507//5193 3511//5193
f 3506//5194 3511//5194 3510//5194
f 3507//5195 3508//5195 3512//5195
f 3507//5196 3512//5196 3511//5196
f 3508//5197 3505//5197 3509//5197
f 3508//5198 3509//5198 3512//5198
f 3508//5199 3507//5199 3506//5199
f 3508//5200 3506//5200 3505//5200
f 3509//5201 3510//5201 3511//5201
f 3509//5202 3511//5202 3512//5202
f 3513//5203 3514//5203 3518//5203
f 3513//5204 3518//5204 3517//5204
f 3514//5205 3515//5205 3519//5205
f 3514//5206 3519//5206 3518//5206
f 3515//5207 3516//5207 3520//5207
f 3515//5208 3520//5208 3519//5208
f 3516//5209 3513//5209 3517//5209
f 3516//5210 3517//5210 3520//5210
f 3516//5211 3515//5211 3514//5211
f 3516//5212 3514//5212 3513//5212
f 3517//5213 3518//5213 3519//5213
f 3517//5214 3519//5214 3520//5214
f 3521//5215 3522//5215 3526//5215
f 3521//5216 3526//5216 3525//5216
f 3522//5217 3523//5217 3527//5217
f 3522//5218 3527//5218 3526//5218
f 3523//5219 3524//5219 3528//5219
f 3523//5220 3528//5220 3527//5220
f 3524//5221 3521//5221 3525//5221
f 3524//5222 3525//5222 3528//5222
f 3524//5223 3523//5223 3522//5223
f 3524//5224 3522//5224 3521//5224
f 3525//5225 3526//5225 3527//5225
f 3525//5226 3527//5226 3528//5226
f 3529//5227 3530//5227 3534//5227
f 3529//5228 3534//5228 3533//5228
f 3530//5229 3531//5229 3535//5229
f 3530//5230 3535//5230 3534//5230
f 3531//5231 3532//5231 3536//5231
f 3531//5232 3536//5232 3535//5232
f 3532//5233 3529//5233 3533//5233
f 3532//5234 3533//5234 3536//5234
f 3532//5235 3531//5235 3530//5235
f 3532//5236 3530//5236 3529//5236
f 3533//5237 3534//5237 3535//5237
f 3533//5238 3535//5238 3536//5238
f 3537//5239 3538//5239 3542//5239
f 3537//5240 3542//5240 3541//5240
f 3538//5241 3539//5241 3543//5241
f 3538//5242 3543//5242 3542//5242
f 3539//5243 3540//5243 3544//5243
f 3539//5244 3544//5244 3543//5244
f 3540//5245 3537//5245 3541//5245
f 3540//5246 3541//5246 3544//5246
f 3540//5247 3539//5247 3538//5247
f 3540//5248 3538//5248 3537//5248
f 3541//5249 3542//5249 3543//5249
f 3541//5250 3543//5250 3544//5250
f 3545//5251 3546//5251 3550//5251
f 3545//5252 3550//5252 3549//5252
f 3546//5253 3547//5253 3551//5253
f 3546//5254 3551//5254 3550//5254
f 3547//5255 3548//5255 3552//5255
f 3547//5256 3552//5256 3551//5256
f 3548//5257 3545//5257 3549//5257
f 3548//5258 3549//5258 3552//5258
f 3548//5259 3547//5259 3546//5259
f 3548//5260 3546//5260 3545//5260
f 3549//5261 3550//5261 3551//5261
f 3549//5262 3551//5262 3552//5262
o Bldg_Sheriff_Posters
v -6.68322 2.31140 4.07585
v -6.55406 2.59000 4.02366
v -6.58856 2.60860 4.03760
v -6.71772 2.33000 4.08978
v -6.59719 2.59000 4.04109
v -6.46803 2.31140 3.98890
v -6.43353 2.33000 3.97496
v -6.56269 2.60860 4.02715
v -6.44545 2.35080 3.97978
v -6.70580 2.35080 4.08497
v -6.70580 2.30920 4.08497
v -6.44545 2.30920 3.97978
v -6.54477 2.41320 4.01991
v -6.57562 2.44648 4.03237
v -6.60648 2.41320 4.04484
v -6.57562 2.37992 4.03237
v -6.35625 2.56920 3.94374
v -6.09590 2.56920 3.83855
v -6.09590 2.61080 3.83855
v -6.35625 2.61080 3.94374
v -6.12483 2.60040 3.85024
v -6.12483 2.39760 3.85024
v -6.08626 2.39760 3.83466
v -6.08626 2.60040 3.83466
v -6.10554 2.43126 3.84245
v -6.26743 2.34395 3.90786
v -6.25018 2.30674 3.90089
v -6.08829 2.39405 3.83548
v -6.24343 2.47300 3.89816
v -6.27429 2.50628 3.91063
v -6.30515 2.47300 3.92309
v -6.27429 2.43972 3.91063
v -5.97778 2.31960 3.79083
v -5.97778 2.60040 3.79083
v -6.01635 2.60040 3.80641
v -6.01635 2.31960 3.80641
v -5.86929 2.31960 3.74700
v -5.86929 2.60040 3.74700
v -5.90787 2.60040 3.76258
v -5.90787 2.31960 3.76258
v -5.89822 2.43920 3.75869
v -5.74635 2.43920 3.69733
v -5.74635 2.48080 3.69733
v -5.89822 2.48080 3.75869
v -5.77528 2.47040 3.70901
v -5.77528 2.31960 3.70901
v -5.73671 2.31960 3.69343
v -5.73671 2.47040 3.69343
v -5.66229 2.57307 3.66336
v -5.40275 2.48909 3.55850
v -5.39167 2.52893 3.55402
v -5.65121 2.61291 3.65889
v -5.40371 2.53507 3.55889
v -5.66298 2.43720 3.66364
v -5.65024 2.39793 3.65850
v -5.39097 2.49580 3.55374
v -5.66298 2.40480 3.66364
v -5.40371 2.30693 3.55889
v -5.39097 2.34620 3.55374
v -5.65024 2.44407 3.65850
v -7.19346 1.01848 4.23886
v -6.56384 0.98289 3.98447
v -6.55635 0.98289 4.00302
v -7.18597 1.01848 4.25740
v -7.14251 2.06704 4.21827
v -6.51289 2.03145 3.96389
v -6.50540 2.03145 3.98243
v -7.13502 2.06704 4.23681
v -7.04713 1.12000 4.21209
v -6.63917 1.12000 4.04726
v -6.71335 1.50000 4.07723
v -6.97296 1.50000 4.18212
v -6.67453 1.80500 4.06155
v -6.84315 1.91000 4.12968
v -7.01178 1.80500 4.19781
v -7.01178 1.59500 4.19781
v -6.84315 1.49000 4.12968
v -6.67453 1.59500 4.06155
v -6.80419 1.72000 4.11933
v -6.84128 1.76000 4.13431
v -6.87837 1.72000 4.14930
v -6.84128 1.68000 4.13431
v -6.82925 1.07250 4.12406
v -6.82925 1.17550 4.12406
v -6.85706 1.17550 4.13530
v -6.85706 1.07250 4.13530
v -6.93180 1.23387 4.16549
v -6.84729 1.15183 4.13135
v -6.82868 1.17413 4.12383
v -6.91319 1.25617 4.15798
v -6.83902 1.15183 4.12801
v -6.75451 1.23387 4.09386
v -6.77311 1.25617 4.10138
v -6.85763 1.17413 4.13552
v -6.82090 1.22400 4.12069
v -6.84315 1.24800 4.12968
v -6.86541 1.22400 4.13867
v -6.84315 1.20000 4.12968
v -6.36516 0.98844 3.90420
v -5.73506 1.01217 3.64962
v -5.72756 1.01217 3.66816
v -6.35766 0.98844 3.92274
v -6.39913 2.03780 3.91793
v -5.76903 2.06153 3.66335
v -5.76154 2.06153 3.68189
v -6.39164 2.03780 3.93647
v -6.25903 1.12000 3.89368
v -5.85107 1.12000 3.72885
v -5.92524 1.50000 3.75882
v -6.18485 1.50000 3.86371
v -5.88642 1.80500 3.74313
v -6.05505 1.91000 3.81126
v -6.22367 1.80500 3.87939
v -6.22367 1.59500 3.87939
v -6.05505 1.49000 3.81126
v -5.88642 1.59500 3.74313
v -6.09026 1.72000 3.83088
v -6.12735 1.76000 3.84587
v -6.16444 1.72000 3.86085
v -6.12735 1.68000 3.84587
v -6.01609 1.75000 3.80091
v -6.05317 1.79000 3.81590
v -6.09026 1.75000 3.83088
v -6.05317 1.71000 3.81590
v -5.94191 1.72000 3.77095
v -5.97900 1.76000 3.78593
v -6.01609 1.72000 3.80091
v -5.97900 1.68000 3.78593
v -6.12430 1.14409 3.83924
v -6.04030 1.23470 3.80530
v -6.05996 1.25591 3.81325
v -6.14397 1.16530 3.84719
v -6.06980 1.23470 3.81722
v -5.98579 1.14409 3.78328
v -5.96612 1.16530 3.77533
v -6.05013 1.25591 3.80928
v -5.98579 1.17591 3.78328
v -6.06980 1.08530 3.81722
v -6.05013 1.06409 3.80928
v -5.96612 1.15470 3.77533
v -6.04030 1.08530 3.80530
v -6.12430 1.17591 3.83924
v -6.14397 1.15470 3.84719
v -6.05996 1.06409 3.81325
v -6.03279 1.16000 3.80227
v -6.05505 1.18400 3.81126
v -6.07730 1.16000 3.82025
v -6.05505 1.13600 3.81126
v -5.60941 1.01217 3.59886
v -4.97931 0.98844 3.34428
v -4.97182 0.98844 3.36282
v -5.60192 1.01217 3.61740
v -5.57543 2.06153 3.58513
v -4.94533 2.03780 3.33055
v -4.93784 2.03780 3.34910
v -5.56794 2.06153 3.60367
v -5.47092 1.12000 3.57526
v -5.06296 1.12000 3.41043
v -5.13714 1.50000 3.44040
v -5.39675 1.50000 3.54529
v -5.09832 1.80500 3.42472
v -5.26694 1.91000 3.49285
v -5.43556 1.80500 3.56097
v -5.43556 1.59500 3.56097
v -5.26694 1.49000 3.49285
v -5.09832 1.59500 3.42472
v -5.37633 1.72000 3.54244
v -5.41342 1.76000 3.55742
v -5.45050 1.72000 3.57240
v -5.41342 1.68000 3.55742
v -5.30216 1.75000 3.51247
v -5.33924 1.79000 3.52745
v -5.37633 1.75000 3.54244
v -5.33924 1.71000 3.52745
v -5.22798 1.72000 3.48250
v -5.26507 1.76000 3.49748
v -5.30216 1.72000 3.51247
v -5.26507 1.68000 3.49748
v -5.15381 1.75000 3.45253
v -5.19089 1.79000 3.46751
v -5.22798 1.75000 3.48250
v -5.19089 1.71000 3.46751
v -5.07963 1.72000 3.42256
v -5.11672 1.76000 3.43755
v -5.15381 1.72000 3.45253
v -5.11672 1.68000 3.43755
v -5.34807 1.22500 3.52562
v -5.18581 1.22500 3.46007
v -5.18581 1.25500 3.46007
v -5.34807 1.25500 3.52562
v -5.20667 1.24750 3.46850
v -5.20667 1.12050 3.46850
v -5.17886 1.12050 3.45726
v -5.17886 1.24750 3.45726
v -5.19277 1.14477 3.46288
v -5.29422 1.09006 3.50387
v -5.28178 1.06323 3.49884
v -5.18033 1.11794 3.45785
v -5.27436 1.16800 3.49584
v -5.29661 1.19200 3.50483
v -5.31886 1.16800 3.51382
v -5.29661 1.14400 3.50483
vn 0.3746 0.0000 0.9272
vn 0.3746 0.0000 0.9272
vn 0.3746 0.0000 0.9272
vn 0.3746 0.0000 0.9272
vn 0.3746 0.0000 0.9272
vn 0.3746 0.0000 0.9272
vn 0.3746 0.0000 0.9272
vn 0.3746 -0.0000 0.9272
vn 0.3746 0.0000 0.9272
vn 0.3746 -0.0000 0.9272
vn 0.3746 0.0000 0.9272
vn 0.3746 0.0000 0.9272
vn 0.3746 -0.0000 0.9272
vn 0.3746 0.0000 0.9272
vn 0.3746 -0.0000 0.9272
vn 0.3746 0.0000 0.9272
vn 0.3746 -0.0000 0.9272
vn 0.3746 0.0000 0.9272
vn 0.3746 -0.0000 0.9272
vn 0.3746 0.0000 0.9272
vn 0.3746 0.0000 0.9272
vn 0.3746 -0.0000 0.9272
vn 0.3746 0.0000 0.9272
vn 0.3746 0.0000 0.9272
vn 0.3746 -0.0000 0.9272
vn 0.3746 -0.0000 0.9272
vn 0.3746 0.0000 0.9272
vn 0.3746 0.0000 0.9272
vn 0.3746 -0.0000 0.9272
vn 0.3746 -0.0000 0.9272
vn 0.0485 0.9986 -0.0196
vn 0.0485 0.9986 -0.0196
vn 0.9259 -0.0523 -0.3741
vn 0.9259 -0.0523 -0.3741
vn 0.3746 0.0000 0.9272
vn 0.3746 -0.0000 0.9272
vn -0.9259 0.0523 0.3741
vn -0.9259 0.0523 0.3741
vn -0.0485 -0.9986 0.0196
vn -0.0485 -0.9986 0.0196
vn 0.3746 0.0000 0.9272
vn 0.3746 -0.0000 0.9272
vn 0.3746 -0.0000 0.9272
vn 0.3746 0.0000 0.9272
vn 0.3746 0.0000 0.9272
vn 0.3746 -0.0000 0.9272
vn 0.3746 0.0000 0.9272
vn 0.3746 -0.0000 0.9272
vn 0.3746 -0.0000 0.9272
vn 0.3746 0.0000 0.9272
vn 0.3746 -0.0000 0.9272
vn 0.3746 -0.0000 0.9272
vn 0.3746 0.0000 0.9272
vn 0.3746 -0.0000 0.9272
vn 0.3746 -0.0000 0.9272
vn 0.3746 0.0000 0.9272
vn -0.0324 0.9994 0.0131
vn -0.0324 0.9994 0.0131
vn 0.9266 0.0349 -0.3744
vn 0.9266 0.0349 -0.3744
vn 0.3746 0.0000 0.9272
vn 0.3746 0.0000 0.9272
vn -0.9266 -0.0349 0.3744
vn -0.9266 -0.0349 0.3744
vn 0.0324 -0.9994 -0.0131
vn 0.0324 -0.9994 -0.0131
vn 0.3746 0.0000 0.9272
vn 0.3746 -0.0000 0.9272
vn 0.3746 0.0000 0.9272
vn 0.3746 0.0000 0.9272
vn 0.3746 -0.0000 0.9272
vn 0.3746 0.0000 0.9272
vn 0.3746 -0.0000 0.9272
vn 0.3746 0.0000 0.9272
vn 0.3746 -0.0000 0.9272
vn 0.3746 0.0000 0.9272
vn 0.3746 0.0000 0.9272
vn 0.3746 -0.0000 0.9272
vn 0.3746 -0.0000 0.9272
vn 0.3746 -0.0000 0.9272
vn 0.3746 0.0000 0.9272
vn 0.3746 0.0000 0.9272
vn 0.3746 -0.0000 0.9272
vn 0.3746 -0.0000 0.9272
vn 0.3746 0.0000 0.9272
vn 0.3746 0.0000 0.9272
vn 0.3746 0.0000 0.9272
vn 0.3746 -0.0000 0.9272
vn 0.0324 0.9994 -0.0131
vn 0.0324 0.9994 -0.0131
vn 0.9266 -0.0349 -0.3744
vn 0.9266 -0.0349 -0.3744
vn 0.3746 -0.0000 0.9272
vn 0.3746 0.0000 0.9272
vn -0.9266 0.0349 0.3744
vn -0.9266 0.0349 0.3744
vn -0.0324 -0.9994 0.0131
vn -0.0324 -0.9994 0.0131
vn 0.3746 0.0000 0.9272
vn 0.3746 0.0000 0.9272
vn 0.3746 0.0000 0.9272
vn 0.3746 0.0000 0.9272
vn 0.3746 -0.0000 0.9272
vn 0.3746 0.0000 0.9272
vn 0.3746 -0.0000 0.9272
vn 0.3746 0.0000 0.9272
vn 0.3746 0.0000 0.9272
vn 0.3746 -0.0000 0.9272
vn 0.3746 0.0000 0.9272
vn 0.3746 -0.0000 0.9272
vn 0.3746 -0.0000 0.9272
vn 0.3746 0.0000 0.9272
vn 0.3746 0.0000 0.9272
vn 0.3746 -0.0000 0.9272
vn 0.3746 0.0000 0.9272
vn 0.3746 -0.0000 0.9272
vn 0.3746 0.0000 0.9272
vn 0.3746 0.0000 0.9272
vn 0.3746 0.0000 0.9272
vn 0.3746 0.0000 0.9272
vn 0.3746 -0.0000 0.9272
vn 0.3746 0.0000 0.9272
usemtl Mat_NeonAmber
f 3553//5263 3554//5263 3555//5263
f 3553//5264 3555//5264 3556//5264
f 3557//5265 3558//5265 3559//5265
f 3557//5266 3559//5266 3560//5266
f 3561//5267 3562//5267 3563//5267
f 3561//5268 3563//5268 3564//5268
f 3565//5269 3566//5269 3567//5269
f 3565//5270 3567//5270 3568//5270
f 3569//5271 3570//5271 3571//5271
f 3569//5272 3571//5272 3572//5272
f 3573//5273 3574//5273 3575//5273
f 3573//5274 3575//5274 3576//5274
f 3577//5275 3578//5275 3579//5275
f 3577//5276 3579//5276 3580//5276
f 3581//5277 3582//5277 3583//5277
f 3581//5278 3583//5278 3584//5278
f 3585//5279 3586//5279 3587//5279
f 3585//5280 3587//5280 3588//5280
f 3589//5281 3590//5281 3591//5281
f 3589//5282 3591//5282 3592//5282
f 3593//5283 3594//5283 3595//5283
f 3593//5284 3595//5284 3596//5284
f 3597//5285 3598//5285 3599//5285
f 3597//5286 3599//5286 3600//5286
f 3601//5287 3602//5287 3603//5287
f 3601//5288 3603//5288 3604//5288
f 3605//5289 3606//5289 3607//5289
f 3605//5290 3607//5290 3608//5290
f 3609//5291 3610//5291 3611//5291
f 3609//5292 3611//5292 3612//5292
usemtl Mat_Bone
f 3620//5293 3619//5293 3618//5293
f 3620//5294 3618//5294 3617//5294
f 3618//5295 3619//5295 3615//5295
f 3618//5296 3615//5296 3614//5296
f 3619//5297 3620//5297 3616//5297
f 3619//5298 3616//5298 3615//5298
f 3620//5299 3617//5299 3613//5299
f 3620//5300 3613//5300 3616//5300
f 3614//5301 3615//5301 3616//5301
f 3614//5302 3616//5302 3613//5302
usemtl Mat_Void
f 3621//5303 3622//5303 3623//5303
f 3621//5304 3623//5304 3624//5304
f 3625//5305 3626//5305 3627//5305
f 3625//5306 3627//5306 3628//5306
f 3625//5307 3628//5307 3629//5307
f 3625//5308 3629//5308 3630//5308
usemtl Mat_NeonGreen
f 3631//5309 3632//5309 3633//5309
f 3631//5310 3633//5310 3634//5310
usemtl Mat_Void
f 3635//5311 3636//5311 3637//5311
f 3635//5312 3637//5312 3638//5312
f 3639//5313 3640//5313 3641//5313
f 3639//5314 3641//5314 3642//5314
f 3643//5315 3644//5315 3645//5315
f 3643//5316 3645//5316 3646//5316
f 3647//5317 3648//5317 3649//5317
f 3647//5318 3649//5318 3650//5318
usemtl Mat_Bone
f 3658//5319 3657//5319 3656//5319
f 3658//5320 3656//5320 3655//5320
f 3656//5321 3657//5321 3653//5321
f 3656//5322 3653//5322 3652//5322
f 3657//5323 3658//5323 3654//5323
f 3657//5324 3654//5324 3653//5324
f 3658//5325 3655//5325 3651//5325
f 3658//5326 3651//5326 3654//5326
f 3652//5327 3653//5327 3654//5327
f 3652//5328 3654//5328 3651//5328
usemtl Mat_Void
f 3659//5329 3660//5329 3661//5329
f 3659//5330 3661//5330 3662//5330
f 3663//5331 3664//5331 3665//5331
f 3663//5332 3665//5332 3666//5332
f 3663//5333 3666//5333 3667//5333
f 3663//5334 3667//5334 3668//5334
usemtl Mat_NeonGreen
f 3669//5335 3670//5335 3671//5335
f 3669//5336 3671//5336 3672//5336
f 3673//5337 3674//5337 3675//5337
f 3673//5338 3675//5338 3676//5338
f 3677//5339 3678//5339 3679//5339
f 3677//5340 3679//5340 3680//5340
usemtl Mat_Void
f 3681//5341 3682//5341 3683//5341
f 3681//5342 3683//5342 3684//5342
f 3685//5343 3686//5343 3687//5343
f 3685//5344 3687//5344 3688//5344
f 3689//5345 3690//5345 3691//5345
f 3689//5346 3691//5346 3692//5346
f 3693//5347 3694//5347 3695//5347
f 3693//5348 3695//5348 3696//5348
f 3697//5349 3698//5349 3699//5349
f 3697//5350 3699//5350 3700//5350
usemtl Mat_Bone
f 3708//5351 3707//5351 3706//5351
f 3708//5352 3706//5352 3705//5352
f 3706//5353 3707//5353 3703//5353
f 3706//5354 3703//5354 3702//5354
f 3707//5355 3708//5355 3704//5355
f 3707//5356 3704//5356 3703//5356
f 3708//5357 3705//5357 3701//5357
f 3708//5358 3701//5358 3704//5358
f 3702//5359 3703//5359 3704//5359
f 3702//5360 3704//5360 3701//5360
usemtl Mat_Void
f 3709//5361 3710//5361 3711//5361
f 3709//5362 3711//5362 3712//5362
f 3713//5363 3714//5363 3715//5363
f 3713//5364 3715//5364 3716//5364
f 3713//5365 3716//5365 3717//5365
f 3713//5366 3717//5366 3718//5366
usemtl Mat_NeonGreen
f 3719//5367 3720//5367 3721//5367
f 3719//5368 3721//5368 3722//5368
f 3723//5369 3724//5369 3725//5369
f 3723//5370 3725//5370 3726//5370
f 3727//5371 3728//5371 3729//5371
f 3727//5372 3729//5372 3730//5372
f 3731//5373 3732//5373 3733//5373
f 3731//5374 3733//5374 3734//5374
f 3735//5375 3736//5375 3737//5375
f 3735//5376 3737//5376 3738//5376
usemtl Mat_Void
f 3739//5377 3740//5377 3741//5377
f 3739//5378 3741//5378 3742//5378
f 3743//5379 3744//5379 3745//5379
f 3743//5380 3745//5380 3746//5380
f 3747//5381 3748//5381 3749//5381
f 3747//5382 3749//5382 3750//5382
f 3751//5383 3752//5383 3753//5383
f 3751//5384 3753//5384 3754//5384
