# Alien Wild West asset pack - OBJ fallback. Y up, 1 unit = 1 m.
mtllib AlienWildWest.mtl
o Bldg_Bank_Body
v -4.20000 0.00000 -4.00000
v 4.20000 0.00000 -4.00000
v 4.20000 0.00000 4.00000
v -4.20000 0.00000 4.00000
v -4.20000 0.60000 -4.00000
v 4.20000 0.60000 -4.00000
v 4.20000 0.60000 4.00000
v -4.20000 0.60000 4.00000
v -4.30000 0.48000 -4.10000
v 4.30000 0.48000 -4.10000
v 4.30000 0.48000 4.10000
v -4.30000 0.48000 4.10000
v -4.30000 0.60000 -4.10000
v 4.30000 0.60000 -4.10000
v 4.30000 0.60000 4.10000
v -4.30000 0.60000 4.10000
v -2.70000 0.00000 3.97500
v 2.70000 0.00000 3.97500
v 2.70000 0.00000 4.42500
v -2.70000 0.00000 4.42500
v -2.70000 0.60000 3.97500
v 2.70000 0.60000 3.97500
v 2.70000 0.60000 4.42500
v -2.70000 0.60000 4.42500
v -2.45000 0.00000 4.39500
v 2.45000 0.00000 4.39500
v 2.45000 0.00000 4.84500
v -2.45000 0.00000 4.84500
v -2.45000 0.40000 4.39500
v 2.45000 0.40000 4.39500
v 2.45000 0.40000 4.84500
v -2.45000 0.40000 4.84500
v -2.20000 0.00000 4.81500
v 2.20000 0.00000 4.81500
v 2.20000 0.00000 5.26500
v -2.20000 0.00000 5.26500
v -2.20000 0.20000 4.81500
v 2.20000 0.20000 4.81500
v 2.20000 0.20000 5.26500
v -2.20000 0.20000 5.26500
v -3.70000 0.60000 -3.50000
v 3.70000 0.60000 -3.50000
v 3.70000 0.60000 3.50000
v -3.70000 0.60000 3.50000
v -3.25600 5.80000 -3.08000
v 3.25600 5.80000 -3.08000
v 3.25600 5.80000 3.08000
v -3.25600 5.80000 3.08000
v -3.15570 0.65059 3.50490
v -3.10584 0.64694 3.50520
v -3.10584 0.64941 3.53510
v -3.15570 0.65306 3.53480
v -2.78001 5.75059 3.08490
v -2.73014 5.74694 3.08520
v -2.73014 5.74941 3.11510
v -2.78001 5.75306 3.11480
v -2.58649 0.65026 3.50493
v -2.53658 0.64727 3.50517
v -2.53658 0.64974 3.53507
v -2.58649 0.65273 3.53483
v -2.27911 5.75026 3.08493
v -2.22920 5.74727 3.08517
v -2.22920 5.74974 3.11507
v -2.27911 5.75273 3.11483
v -2.01728 0.64993 3.50495
v -1.96733 0.64761 3.50515
v -1.96733 0.65007 3.53505
v -2.01728 0.65239 3.53485
v -1.77820 5.74993 3.08495
v -1.72826 5.74761 3.08515
v -1.72826 5.75007 3.11505
v -1.77820 5.75239 3.11485
v -1.44806 0.64960 3.50498
v -1.39809 0.64794 3.50512
v -1.39809 0.65040 3.53502
v -1.44806 0.65206 3.53488
v -1.27729 5.74960 3.08498
v -1.22732 5.74794 3.08512
v -1.22732 5.75040 3.11502
v -1.27729 5.75206 3.11488
v -0.87884 0.64927 3.50501
v -0.82885 0.64827 3.50509
v -0.82885 0.65073 3.53499
v -0.87884 0.65173 3.53491
v -0.77638 5.74927 3.08501
v -0.72639 5.74827 3.08509
v -0.72639 5.75073 3.11499
v -0.77638 5.75173 3.11491
v -0.30961 0.64894 3.50504
v -0.25962 0.64860 3.50506
v -0.25962 0.65106 3.53496
v -0.30961 0.65140 3.53494
v -0.27546 5.74894 3.08504
v -0.22546 5.74860 3.08506
v -0.22546 5.75106 3.11496
v -0.27546 5.75140 3.11494
v 0.25962 0.64860 3.50506
v 0.30961 0.64894 3.50504
v 0.30961 0.65140 3.53494
v 0.25962 0.65106 3.53496
v 0.22546 5.74860 3.08506
v 0.27546 5.74894 3.08504
v 0.27546 5.75140 3.11494
v 0.22546 5.75106 3.11496
v 0.82885 0.64827 3.50509
v 0.87884 0.64927 3.50501
v 0.87884 0.65173 3.53491
v 0.82885 0.65073 3.53499
v 0.72639 5.74827 3.08509
v 0.77638 5.74927 3.08501
v 0.77638 5.75173 3.11491
v 0.72639 5.75073 3.11499
v 1.39809 0.64794 3.50512
v 1.44806 0.64960 3.50498
v 1.44806 0.65206 3.53488
v 1.39809 0.65040 3.53502
v 1.22732 5.74794 3.08512
v 1.27729 5.74960 3.08498
v 1.27729 5.75206 3.11488
v 1.22732 5.75040 3.11502
v 1.96733 0.64761 3.50515
v 2.01728 0.64993 3.50495
v 2.01728 0.65239 3.53485
v 1.96733 0.65007 3.53505
v 1.72826 5.74761 3.08515
v 1.77820 5.74993 3.08495
v 1.77820 5.75239 3.11485
v 1.72826 5.75007 3.11505
v 2.53658 0.64727 3.50517
v 2.58649 0.65026 3.50493
v 2.58649 0.65273 3.53483
v 2.53658 0.64974 3.53507
v 2.22920 5.74727 3.08517
v 2.27911 5.75026 3.08493
v 2.27911 5.75273 3.11483
v 2.22920 5.74974 3.11507
v 3.10584 0.64694 3.50520
v 3.15570 0.65059 3.50490
v 3.15570 0.65306 3.53480
v 3.10584 0.64941 3.53510
v 2.73014 5.74694 3.08520
v 2.78001 5.75059 3.08490
v 2.78001 5.75306 3.11480
v 2.73014 5.74941 3.11510
v 3.15570 0.65059 -3.50490
v 3.10584 0.64694 -3.50520
v 3.10584 0.64941 -3.53510
v 3.15570 0.65306 -3.53480
v 2.78001 5.75059 -3.08490
v 2.73014 5.74694 -3.08520
v 2.73014 5.74941 -3.11510
v 2.78001 5.75306 -3.11480
v 2.58649 0.65026 -3.50493
v 2.53658 0.64727 -3.50517
v 2.53658 0.64974 -3.53507
v 2.58649 0.65273 -3.53483
v 2.27911 5.75026 -3.08493
v 2.22920 5.74727 -3.08517
v 2.22920 5.74974 -3.11507
v 2.27911 5.75273 -3.11483
v 2.01728 0.64993 -3.50495
v 1.96733 0.64761 -3.50515
v 1.96733 0.65007 -3.53505
v 2.01728 0.65239 -3.53485
v 1.77820 5.74993 -3.08495
v 1.72826 5.74761 -3.08515
v 1.72826 5.75007 -3.11505
v 1.77820 5.75239 -3.11485
v 1.44806 0.64960 -3.50498
v 1.39809 0.64794 -3.50512
v 1.39809 0.65040 -3.53502
v 1.44806 0.65206 -3.53488
v 1.27729 5.74960 -3.08498
v 1.22732 5.74794 -3.08512
v 1.22732 5.75040 -3.11502
v 1.27729 5.75206 -3.11488
v 0.87884 0.64927 -3.50501
v 0.82885 0.64827 -3.50509
v 0.82885 0.65073 -3.53499
v 0.87884 0.65173 -3.53491
v 0.77638 5.74927 -3.08501
v 0.72639 5.74827 -3.08509
v 0.72639 5.75073 -3.11499
v 0.77638 5.75173 -3.11491
v 0.30961 0.64894 -3.50504
v 0.25962 0.64860 -3.50506
v 0.25962 0.65106 -3.53496
v 0.30961 0.65140 -3.53494
v 0.27546 5.74894 -3.08504
v 0.22546 5.74860 -3.08506
v 0.22546 5.75106 -3.11496
v 0.27546 5.75140 -3.11494
v -0.25962 0.64860 -3.50506
v -0.30961 0.64894 -3.50504
v -0.30961 0.65140 -3.53494
v -0.25962 0.65106 -3.53496
v -0.22546 5.74860 -3.08506
v -0.27546 5.74894 -3.08504
v -0.27546 5.75140 -3.11494
v -0.22546 5.75106 -3.11496
v -0.82885 0.64827 -3.50509
v -0.87884 0.64927 -3.50501
v -0.87884 0.65173 -3.53491
v -0.82885 0.65073 -3.53499
v -0.72639 5.74827 -3.08509
v -0.77638 5.74927 -3.08501
v -0.77638 5.75173 -3.11491
v -0.72639 5.75073 -3.11499
v -1.39809 0.64794 -3.50512
v -1.44806 0.64960 -3.50498
v -1.44806 0.65206 -3.53488
v -1.39809 0.65040 -3.53502
v -1.22732 5.74794 -3.08512
v -1.27729 5.74960 -3.08498
v -1.27729 5.75206 -3.11488
v -1.22732 5.75040 -3.11502
v -1.96733 0.64761 -3.50515
v -2.01728 0.64993 -3.50495
v -2.01728 0.65239 -3.53485
v -1.96733 0.65007 -3.53505
v -1.72826 5.74761 -3.08515
v -1.77820 5.74993 -3.08495
v -1.77820 5.75239 -3.11485
v -1.72826 5.75007 -3.11505
v -2.53658 0.64727 -3.50517
v -2.58649 0.65026 -3.50493
v -2.58649 0.65273 -3.53483
v -2.53658 0.64974 -3.53507
v -2.22920 5.74727 -3.08517
v -2.27911 5.75026 -3.08493
v -2.27911 5.75273 -3.11483
v -2.22920 5.74974 -3.11507
v -3.10584 0.64694 -3.50520
v -3.15570 0.65059 -3.50490
v -3.15570 0.65306 -3.53480
v -3.10584 0.64941 -3.53510
v -2.73014 5.74694 -3.08520
v -2.78001 5.75059 -3.08490
v -2.78001 5.75306 -3.11480
v -2.73014 5.74941 -3.11510
v 3.70491 0.65040 2.94161
v 3.70520 0.64700 2.89172
v 3.73509 0.64960 2.89172
v 3.73480 0.65300 2.94161
v 3.26091 5.75040 2.59161
v 3.26120 5.74700 2.54172
v 3.29109 5.74960 2.54172
v 3.29080 5.75300 2.59161
v 3.70494 0.65006 2.35830
v 3.70517 0.64734 2.30837
v 3.73506 0.64994 2.30837
v 3.73483 0.65266 2.35830
v 3.26094 5.75006 2.07830
v 3.26117 5.74734 2.02837
v 3.29106 5.74994 2.02837
v 3.29083 5.75266 2.07830
v 3.70497 0.64972 1.77498
v 3.70515 0.64768 1.72502
v 3.73503 0.65028 1.72502
v 3.73485 0.65232 1.77498
v 3.26097 5.74972 1.56498
v 3.26115 5.74768 1.51502
v 3.29103 5.75028 1.51502
v 3.29085 5.75232 1.56498
v 3.70500 0.64938 1.19166
v 3.70512 0.64802 1.14168
v 3.73500 0.65062 1.14168
v 3.73488 0.65198 1.19166
v 3.26100 5.74938 1.05166
v 3.26112 5.74802 1.00168
v 3.29100 5.75062 1.00168
v 3.29088 5.75198 1.05166
v 3.70503 0.64904 0.60833
v 3.70509 0.64836 0.55834
v 3.73497 0.65096 0.55834
v 3.73491 0.65164 0.60833
v 3.26103 5.74904 0.53833
v 3.26109 5.74836 0.48834
v 3.29097 5.75096 0.48834
v 3.29091 5.75164 0.53833
v 3.70506 0.64870 0.02500
v 3.70506 0.64870 -0.02500
v 3.73494 0.65130 -0.02500
v 3.73494 0.65130 0.02500
v 3.26106 5.74870 0.02500
v 3.26106 5.74870 -0.02500
v 3.29094 5.75130 -0.02500
v 3.29094 5.75130 0.02500
v 3.70509 0.64836 -0.55834
v 3.70503 0.64904 -0.60833
v 3.73491 0.65164 -0.60833
v 3.73497 0.65096 -0.55834
v 3.26109 5.74836 -0.48834
v 3.26103 5.74904 -0.53833
v 3.29091 5.75164 -0.53833
v 3.29097 5.75096 -0.48834
v 3.70512 0.64802 -1.14168
v 3.70500 0.64938 -1.19166
v 3.73488 0.65198 -1.19166
v 3.73500 0.65062 -1.14168
v 3.26112 5.74802 -1.00168
v 3.26100 5.74938 -1.05166
v 3.29088 5.75198 -1.05166
v 3.29100 5.75062 -1.00168
v 3.70515 0.64768 -1.72502
v 3.70497 0.64972 -1.77498
v 3.73485 0.65232 -1.77498
v 3.73503 0.65028 -1.72502
v 3.26115 5.74768 -1.51502
v 3.26097 5.74972 -1.56498
v 3.29085 5.75232 -1.56498
v 3.29103 5.75028 -1.51502
v 3.70517 0.64734 -2.30837
v 3.70494 0.65006 -2.35830
v 3.73483 0.65266 -2.35830
v 3.73506 0.64994 -2.30837
v 3.26117 5.74734 -2.02837
v 3.26094 5.75006 -2.07830
v 3.29083 5.75266 -2.07830
v 3.29106 5.74994 -2.02837
v 3.70520 0.64700 -2.89172
v 3.70491 0.65040 -2.94161
v 3.73480 0.65300 -2.94161
v 3.73509 0.64960 -2.89172
v 3.26120 5.74700 -2.54172
v 3.26091 5.75040 -2.59161
v 3.29080 5.75300 -2.59161
v 3.29109 5.74960 -2.54172
v -3.70491 0.65040 -2.94161
v -3.70520 0.64700 -2.89172
v -3.73509 0.64960 -2.89172
v -3.73480 0.65300 -2.94161
v -3.26091 5.75040 -2.59161
v -3.26120 5.74700 -2.54172
v -3.29109 5.74960 -2.54172
v -3.29080 5.75300 -2.59161
v -3.70494 0.65006 -2.35830
v -3.70517 0.64734 -2.30837
v -3.73506 0.64994 -2.30837
v -3.73483 0.65266 -2.35830
v -3.26094 5.75006 -2.07830
v -3.26117 5.74734 -2.02837
v -3.29106 5.74994 -2.02837
v -3.29083 5.75266 -2.07830
v -3.70497 0.64972 -1.77498
v -3.70515 0.64768 -1.72502
v -3.73503 0.65028 -1.72502
v -3.73485 0.65232 -1.77498
v -3.26097 5.74972 -1.56498
v -3.26115 5.74768 -1.51502
v -3.29103 5.75028 -1.51502
v -3.29085 5.75232 -1.56498
v -3.70500 0.64938 -1.19166
v -3.70512 0.64802 -1.14168
v -3.73500 0.65062 -1.14168
v -3.73488 0.65198 -1.19166
v -3.26100 5.74938 -1.05166
v -3.26112 5.74802 -1.00168
v -3.29100 5.75062 -1.00168
v -3.29088 5.75198 -1.05166
v -3.70503 0.64904 -0.60833
v -3.70509 0.64836 -0.55834
v -3.73497 0.65096 -0.55834
v -3.73491 0.65164 -0.60833
v -3.26103 5.74904 -0.53833
v -3.26109 5.74836 -0.48834
v -3.29097 5.75096 -0.48834
v -3.29091 5.75164 -0.53833
v -3.70506 0.64870 -0.02500
v -3.70506 0.64870 0.02500
v -3.73494 0.65130 0.02500
v -3.73494 0.65130 -0.02500
v -3.26106 5.74870 -0.02500
v -3.26106 5.74870 0.02500
v -3.29094 5.75130 0.02500
v -3.29094 5.75130 -0.02500
v -3.70509 0.64836 0.55834
v -3.70503 0.64904 0.60833
v -3.73491 0.65164 0.60833
v -3.73497 0.65096 0.55834
v -3.26109 5.74836 0.48834
v -3.26103 5.74904 0.53833
v -3.29091 5.75164 0.53833
v -3.29097 5.75096 0.48834
v -3.70512 0.64802 1.14168
v -3.70500 0.64938 1.19166
v -3.73488 0.65198 1.19166
v -3.73500 0.65062 1.14168
v -3.26112 5.74802 1.00168
v -3.26100 5.74938 1.05166
v -3.29088 5.75198 1.05166
v -3.29100 5.75062 1.00168
v -3.70515 0.64768 1.72502
v -3.70497 0.64972 1.77498
v -3.73485 0.65232 1.77498
v -3.73503 0.65028 1.72502
v -3.26115 5.74768 1.51502
v -3.26097 5.74972 1.56498
v -3.29085 5.75232 1.56498
v -3.29103 5.75028 1.51502
v -3.70517 0.64734 2.30837
v -3.70494 0.65006 2.35830
v -3.73483 0.65266 2.35830
v -3.73506 0.64994 2.30837
v -3.26117 5.74734 2.02837
v -3.26094 5.75006 2.07830
v -3.29083 5.75266 2.07830
v -3.29106 5.74994 2.02837
v -3.70520 0.64700 2.89172
v -3.70491 0.65040 2.94161
v -3.73480 0.65300 2.94161
v -3.73509 0.64960 2.89172
v -3.26120 5.74700 2.54172
v -3.26091 5.75040 2.59161
v -3.29080 5.75300 2.59161
v -3.29109 5.74960 2.54172
v -3.76000 0.60000 -3.56000
v 3.76000 0.60000 -3.56000
v 3.76000 0.60000 3.56000
v -3.76000 0.60000 3.56000
v -3.73438 0.90000 -3.53577
v 3.73438 0.90000 -3.53577
v 3.73438 0.90000 3.53577
v -3.73438 0.90000 3.53577
v -3.38719 0.70000 3.56788
v -3.33719 0.75000 3.56788
v -3.38719 0.75000 3.61788
v -3.43719 0.75000 3.56788
v -3.38719 0.75000 3.51788
v -3.38719 0.80000 3.56788
v -2.78719 0.70000 3.56788
v -2.73719 0.75000 3.56788
v -2.78719 0.75000 3.61788
v -2.83719 0.75000 3.56788
v -2.78719 0.75000 3.51788
v -2.78719 0.80000 3.56788
v -2.18719 0.70000 3.56788
v -2.13719 0.75000 3.56788
v -2.18719 0.75000 3.61788
v -2.23719 0.75000 3.56788
v -2.18719 0.75000 3.51788
v -2.18719 0.80000 3.56788
v -1.58719 0.70000 3.56788
v -1.53719 0.75000 3.56788
v -1.58719 0.75000 3.61788
v -1.63719 0.75000 3.56788
v -1.58719 0.75000 3.51788
v -1.58719 0.80000 3.56788
v -0.98719 0.70000 3.56788
v -0.93719 0.75000 3.56788
v -0.98719 0.75000 3.61788
v -1.03719 0.75000 3.56788
v -0.98719 0.75000 3.51788
v -0.98719 0.80000 3.56788
v -0.38719 0.70000 3.56788
v -0.33719 0.75000 3.56788
v -0.38719 0.75000 3.61788
v -0.43719 0.75000 3.56788
v -0.38719 0.75000 3.51788
v -0.38719 0.80000 3.56788
v 0.21281 0.70000 3.56788
v 0.26281 0.75000 3.56788
v 0.21281 0.75000 3.61788
v 0.16281 0.75000 3.56788
v 0.21281 0.75000 3.51788
v 0.21281 0.80000 3.56788
v 0.81281 0.70000 3.56788
v 0.86281 0.75000 3.56788
v 0.81281 0.75000 3.61788
v 0.76281 0.75000 3.56788
v 0.81281 0.75000 3.51788
v 0.81281 0.80000 3.56788
v 1.41281 0.70000 3.56788
v 1.46281 0.75000 3.56788
v 1.41281 0.75000 3.61788
v 1.36281 0.75000 3.56788
v 1.41281 0.75000 3.51788
v 1.41281 0.80000 3.56788
v 2.01281 0.70000 3.56788
v 2.06281 0.75000 3.56788
v 2.01281 0.75000 3.61788
v 1.96281 0.75000 3.56788
v 2.01281 0.75000 3.51788
v 2.01281 0.80000 3.56788
v 2.61281 0.70000 3.56788
v 2.66281 0.75000 3.56788
v 2.61281 0.75000 3.61788
v 2.56281 0.75000 3.56788
v 2.61281 0.75000 3.51788
v 2.61281 0.80000 3.56788
v 3.21281 0.70000 3.56788
v 3.26281 0.75000 3.56788
v 3.21281 0.75000 3.61788
v 3.16281 0.75000 3.56788
v 3.21281 0.75000 3.51788
v 3.21281 0.80000 3.56788
v 3.38719 0.70000 -3.56788
v 3.33719 0.75000 -3.56788
v 3.38719 0.75000 -3.61788
v 3.43719 0.75000 -3.56788
v 3.38719 0.75000 -3.51788
v 3.38719 0.80000 -3.56788
v 2.78719 0.70000 -3.56788
v 2.73719 0.75000 -3.56788
v 2.78719 0.75000 -3.61788
v 2.83719 0.75000 -3.56788
v 2.78719 0.75000 -3.51788
v 2.78719 0.80000 -3.56788
v 2.18719 0.70000 -3.56788
v 2.13719 0.75000 -3.56788
v 2.18719 0.75000 -3.61788
v 2.23719 0.75000 -3.56788
v 2.18719 0.75000 -3.51788
v 2.18719 0.80000 -3.56788
v 1.58719 0.70000 -3.56788
v 1.53719 0.75000 -3.56788
v 1.58719 0.75000 -3.61788
v 1.63719 0.75000 -3.56788
v 1.58719 0.75000 -3.51788
v 1.58719 0.80000 -3.56788
v 0.98719 0.70000 -3.56788
v 0.93719 0.75000 -3.56788
v 0.98719 0.75000 -3.61788
v 1.03719 0.75000 -3.56788
v 0.98719 0.75000 -3.51788
v 0.98719 0.80000 -3.56788
v 0.38719 0.70000 -3.56788
v 0.33719 0.75000 -3.56788
v 0.38719 0.75000 -3.61788
v 0.43719 0.75000 -3.56788
v 0.38719 0.75000 -3.51788
v 0.38719 0.80000 -3.56788
v -0.21281 0.70000 -3.56788
v -0.26281 0.75000 -3.56788
v -0.21281 0.75000 -3.61788
v -0.16281 0.75000 -3.56788
v -0.21281 0.75000 -3.51788
v -0.21281 0.80000 -3.56788
v -0.81281 0.70000 -3.56788
v -0.86281 0.75000 -3.56788
v -0.81281 0.75000 -3.61788
v -0.76281 0.75000 -3.56788
v -0.81281 0.75000 -3.51788
v -0.81281 0.80000 -3.56788
v -1.41281 0.70000 -3.56788
v -1.46281 0.75000 -3.56788
v -1.41281 0.75000 -3.61788
v -1.36281 0.75000 -3.56788
v -1.41281 0.75000 -3.51788
v -1.41281 0.80000 -3.56788
v -2.01281 0.70000 -3.56788
v -2.06281 0.75000 -3.56788
v -2.01281 0.75000 -3.61788
v -1.96281 0.75000 -3.56788
v -2.01281 0.75000 -3.51788
v -2.01281 0.80000 -3.56788
v -2.61281 0.70000 -3.56788
v -2.66281 0.75000 -3.56788
v -2.61281 0.75000 -3.61788
v -2.56281 0.75000 -3.56788
v -2.61281 0.75000 -3.51788
v -2.61281 0.80000 -3.56788
v -3.21281 0.70000 -3.56788
v -3.26281 0.75000 -3.56788
v -3.21281 0.75000 -3.61788
v -3.16281 0.75000 -3.56788
v -3.21281 0.75000 -3.51788
v -3.21281 0.80000 -3.56788
v 3.76719 0.70000 3.18788
v 3.76719 0.75000 3.13788
v 3.81719 0.75000 3.18788
v 3.76719 0.75000 3.23788
v 3.71719 0.75000 3.18788
v 3.76719 0.80000 3.18788
v 3.76719 0.70000 2.58788
v 3.76719 0.75000 2.53788
v 3.81719 0.75000 2.58788
v 3.76719 0.75000 2.63788
v 3.71719 0.75000 2.58788
v 3.76719 0.80000 2.58788
v 3.76719 0.70000 1.98788
v 3.76719 0.75000 1.93788
v 3.81719 0.75000 1.98788
v 3.76719 0.75000 2.03788
v 3.71719 0.75000 1.98788
v 3.76719 0.80000 1.98788
v 3.76719 0.70000 1.38788
v 3.76719 0.75000 1.33788
v 3.81719 0.75000 1.38788
v 3.76719 0.75000 1.43788
v 3.71719 0.75000 1.38788
v 3.76719 0.80000 1.38788
v 3.76719 0.70000 0.78788
v 3.76719 0.75000 0.73788
v 3.81719 0.75000 0.78788
v 3.76719 0.75000 0.83788
v 3.71719 0.75000 0.78788
v 3.76719 0.80000 0.78788
v 3.76719 0.70000 0.18788
v 3.76719 0.75000 0.13788
v 3.81719 0.75000 0.18788
v 3.76719 0.75000 0.23788
v 3.71719 0.75000 0.18788
v 3.76719 0.80000 0.18788
v 3.76719 0.70000 -0.41212
v 3.76719 0.75000 -0.46212
v 3.81719 0.75000 -0.41212
v 3.76719 0.75000 -0.36212
v 3.71719 0.75000 -0.41212
v 3.76719 0.80000 -0.41212
v 3.76719 0.70000 -1.01212
v 3.76719 0.75000 -1.06212
v 3.81719 0.75000 -1.01212
v 3.76719 0.75000 -0.96212
v 3.71719 0.75000 -1.01212
v 3.76719 0.80000 -1.01212
v 3.76719 0.70000 -1.61212
v 3.76719 0.75000 -1.66212
v 3.81719 0.75000 -1.61212
v 3.76719 0.75000 -1.56212
v 3.71719 0.75000 -1.61212
v 3.76719 0.80000 -1.61212
v 3.76719 0.70000 -2.21212
v 3.76719 0.75000 -2.26212
v 3.81719 0.75000 -2.21212
v 3.76719 0.75000 -2.16212
v 3.71719 0.75000 -2.21212
v 3.76719 0.80000 -2.21212
v 3.76719 0.70000 -2.81212
v 3.76719 0.75000 -2.86212
v 3.81719 0.75000 -2.81212
v 3.76719 0.75000 -2.76212
v 3.71719 0.75000 -2.81212
v 3.76719 0.80000 -2.81212
v -3.76719 0.70000 -3.18788
v -3.76719 0.75000 -3.13788
v -3.81719 0.75000 -3.18788
v -3.76719 0.75000 -3.23788
v -3.71719 0.75000 -3.18788
v -3.76719 0.80000 -3.18788
v -3.76719 0.70000 -2.58788
v -3.76719 0.75000 -2.53788
v -3.81719 0.75000 -2.58788
v -3.76719 0.75000 -2.63788
v -3.71719 0.75000 -2.58788
v -3.76719 0.80000 -2.58788
v -3.76719 0.70000 -1.98788
v -3.76719 0.75000 -1.93788
v -3.81719 0.75000 -1.98788
v -3.76719 0.75000 -2.03788
v -3.71719 0.75000 -1.98788
v -3.76719 0.80000 -1.98788
v -3.76719 0.70000 -1.38788
v -3.76719 0.75000 -1.33788
v -3.81719 0.75000 -1.38788
v -3.76719 0.75000 -1.43788
v -3.71719 0.75000 -1.38788
v -3.76719 0.80000 -1.38788
v -3.76719 0.70000 -0.78788
v -3.76719 0.75000 -0.73788
v -3.81719 0.75000 -0.78788
v -3.76719 0.75000 -0.83788
v -3.71719 0.75000 -0.78788
v -3.76719 0.80000 -0.78788
v -3.76719 0.70000 -0.18788
v -3.76719 0.75000 -0.13788
v -3.81719 0.75000 -0.18788
v -3.76719 0.75000 -0.23788
v -3.71719 0.75000 -0.18788
v -3.76719 0.80000 -0.18788
v -3.76719 0.70000 0.41212
v -3.76719 0.75000 0.46212
v -3.81719 0.75000 0.41212
v -3.76719 0.75000 0.36212
v -3.71719 0.75000 0.41212
v -3.76719 0.80000 0.41212
v -3.76719 0.70000 1.01212
v -3.76719 0.75000 1.06212
v -3.81719 0.75000 1.01212
v -3.76719 0.75000 0.96212
v -3.71719 0.75000 1.01212
v -3.76719 0.80000 1.01212
v -3.76719 0.70000 1.61212
v -3.76719 0.75000 1.66212
v -3.81719 0.75000 1.61212
v -3.76719 0.75000 1.56212
v -3.71719 0.75000 1.61212
v -3.76719 0.80000 1.61212
v -3.76719 0.70000 2.21212
v -3.76719 0.75000 2.26212
v -3.81719 0.75000 2.21212
v -3.76719 0.75000 2.16212
v -3.71719 0.75000 2.21212
v -3.76719 0.80000 2.21212
v -3.76719 0.70000 2.81212
v -3.76719 0.75000 2.86212
v -3.81719 0.75000 2.81212
v -3.76719 0.75000 2.76212
v -3.71719 0.75000 2.81212
v -3.76719 0.80000 2.81212
v -3.57215 2.80000 -3.38231
v 3.57215 2.80000 -3.38231
v 3.57215 2.80000 3.38231
v -3.57215 2.80000 3.38231
v -3.54654 3.10000 -3.35808
v 3.54654 3.10000 -3.35808
v 3.54654 3.10000 3.35808
v -3.54654 3.10000 3.35808
v -3.19935 2.90000 3.39019
v -3.14935 2.95000 3.39019
v -3.19935 2.95000 3.44019
v -3.24935 2.95000 3.39019
v -3.19935 2.95000 3.34019
v -3.19935 3.00000 3.39019
v -2.59935 2.90000 3.39019
v -2.54935 2.95000 3.39019
v -2.59935 2.95000 3.44019
v -2.64935 2.95000 3.39019
v -2.59935 2.95000 3.34019
v -2.59935 3.00000 3.39019
v -1.99935 2.90000 3.39019
v -1.94935 2.95000 3.39019
v -1.99935 2.95000 3.44019
v -2.04935 2.95000 3.39019
v -1.99935 2.95000 3.34019
v -1.99935 3.00000 3.39019
v -1.39935 2.90000 3.39019
v -1.34935 2.95000 3.39019
v -1.39935 2.95000 3.44019
v -1.44935 2.95000 3.39019
v -1.39935 2.95000 3.34019
v -1.39935 3.00000 3.39019
v -0.79935 2.90000 3.39019
v -0.74935 2.95000 3.39019
v -0.79935 2.95000 3.44019
v -0.84935 2.95000 3.39019
v -0.79935 2.95000 3.34019
v -0.79935 3.00000 3.39019
v -0.19935 2.90000 3.39019
v -0.14935 2.95000 3.39019
v -0.19935 2.95000 3.44019
v -0.24935 2.95000 3.39019
v -0.19935 2.95000 3.34019
v -0.19935 3.00000 3.39019
v 0.40065 2.90000 3.39019
v 0.45065 2.95000 3.39019
v 0.40065 2.95000 3.44019
v 0.35065 2.95000 3.39019
v 0.40065 2.95000 3.34019
v 0.40065 3.00000 3.39019
v 1.00065 2.90000 3.39019
v 1.05065 2.95000 3.39019
v 1.00065 2.95000 3.44019
v 0.95065 2.95000 3.39019
v 1.00065 2.95000 3.34019
v 1.00065 3.00000 3.39019
v 1.60065 2.90000 3.39019
v 1.65065 2.95000 3.39019
v 1.60065 2.95000 3.44019
v 1.55065 2.95000 3.39019
v 1.60065 2.95000 3.34019
v 1.60065 3.00000 3.39019
v 2.20065 2.90000 3.39019
v 2.25065 2.95000 3.39019
v 2.20065 2.95000 3.44019
v 2.15065 2.95000 3.39019
v 2.20065 2.95000 3.34019
v 2.20065 3.00000 3.39019
v 2.80065 2.90000 3.39019
v 2.85065 2.95000 3.39019
v 2.80065 2.95000 3.44019
v 2.75065 2.95000 3.39019
v 2.80065 2.95000 3.34019
v 2.80065 3.00000 3.39019
v 3.19935 2.90000 -3.39019
v 3.14935 2.95000 -3.39019
v 3.19935 2.95000 -3.44019
v 3.24935 2.95000 -3.39019
v 3.19935 2.95000 -3.34019
v 3.19935 3.00000 -3.39019
v 2.59935 2.90000 -3.39019
v 2.54935 2.95000 -3.39019
v 2.59935 2.95000 -3.44019
v 2.64935 2.95000 -3.39019
v 2.59935 2.95000 -3.34019
v 2.59935 3.00000 -3.39019
v 1.99935 2.90000 -3.39019
v 1.94935 2.95000 -3.39019
v 1.99935 2.95000 -3.44019
v 2.04935 2.95000 -3.39019
v 1.99935 2.95000 -3.34019
v 1.99935 3.00000 -3.39019
v 1.39935 2.90000 -3.39019
v 1.34935 2.95000 -3.39019
v 1.39935 2.95000 -3.44019
v 1.44935 2.95000 -3.39019
v 1.39935 2.95000 -3.34019
v 1.39935 3.00000 -3.39019
v 0.79935 2.90000 -3.39019
v 0.74935 2.95000 -3.39019
v 0.79935 2.95000 -3.44019
v 0.84935 2.95000 -3.39019
v 0.79935 2.95000 -3.34019
v 0.79935 3.00000 -3.39019
v 0.19935 2.90000 -3.39019
v 0.14935 2.95000 -3.39019
v 0.19935 2.95000 -3.44019
v 0.24935 2.95000 -3.39019
v 0.19935 2.95000 -3.34019
v 0.19935 3.00000 -3.39019
v -0.40065 2.90000 -3.39019
v -0.45065 2.95000 -3.39019
v -0.40065 2.95000 -3.44019
v -0.35065 2.95000 -3.39019
v -0.40065 2.95000 -3.34019
v -0.40065 3.00000 -3.39019
v -1.00065 2.90000 -3.39019
v -1.05065 2.95000 -3.39019
v -1.00065 2.95000 -3.44019
v -0.95065 2.95000 -3.39019
v -1.00065 2.95000 -3.34019
v -1.00065 3.00000 -3.39019
v -1.60065 2.90000 -3.39019
v -1.65065 2.95000 -3.39019
v -1.60065 2.95000 -3.44019
v -1.55065 2.95000 -3.39019
v -1.60065 2.95000 -3.34019
v -1.60065 3.00000 -3.39019
v -2.20065 2.90000 -3.39019
v -2.25065 2.95000 -3.39019
v -2.20065 2.95000 -3.44019
v -2.15065 2.95000 -3.39019
v -2.20065 2.95000 -3.34019
v -2.20065 3.00000 -3.39019
v -2.80065 2.90000 -3.39019
v -2.85065 2.95000 -3.39019
v -2.80065 2.95000 -3.44019
v -2.75065 2.95000 -3.39019
v -2.80065 2.95000 -3.34019
v -2.80065 3.00000 -3.39019
v 3.57935 2.90000 3.01019
v 3.57935 2.95000 2.96019
v 3.62935 2.95000 3.01019
v 3.57935 2.95000 3.06019
v 3.52935 2.95000 3.01019
v 3.57935 3.00000 3.01019
v 3.57935 2.90000 2.41019
v 3.57935 2.95000 2.36019
v 3.62935 2.95000 2.41019
v 3.57935 2.95000 2.46019
v 3.52935 2.95000 2.41019
v 3.57935 3.00000 2.41019
v 3.57935 2.90000 1.81019
v 3.57935 2.95000 1.76019
v 3.62935 2.95000 1.81019
v 3.57935 2.95000 1.86019
v 3.52935 2.95000 1.81019
v 3.57935 3.00000 1.81019
v 3.57935 2.90000 1.21019
v 3.57935 2.95000 1.16019
v 3.62935 2.95000 1.21019
v 3.57935 2.95000 1.26019
v 3.52935 2.95000 1.21019
v 3.57935 3.00000 1.21019
v 3.57935 2.90000 0.61019
v 3.57935 2.95000 0.56019
v 3.62935 2.95000 0.61019
v 3.57935 2.95000 0.66019
v 3.52935 2.95000 0.61019
v 3.57935 3.00000 0.61019
v 3.57935 2.90000 0.01019
v 3.57935 2.95000 -0.03981
v 3.62935 2.95000 0.01019
v 3.57935 2.95000 0.06019
v 3.52935 2.95000 0.01019
v 3.57935 3.00000 0.01019
v 3.57935 2.90000 -0.58981
v 3.57935 2.95000 -0.63981
v 3.62935 2.95000 -0.58981
v 3.57935 2.95000 -0.53981
v 3.52935 2.95000 -0.58981
v 3.57935 3.00000 -0.58981
v 3.57935 2.90000 -1.18981
v 3.57935 2.95000 -1.23981
v 3.62935 2.95000 -1.18981
v 3.57935 2.95000 -1.13981
v 3.52935 2.95000 -1.18981
v 3.57935 3.00000 -1.18981
v 3.57935 2.90000 -1.78981
v 3.57935 2.95000 -1.83981
v 3.62935 2.95000 -1.78981
v 3.57935 2.95000 -1.73981
v 3.52935 2.95000 -1.78981
v 3.57935 3.00000 -1.78981
v 3.57935 2.90000 -2.38981
v 3.57935 2.95000 -2.43981
v 3.62935 2.95000 -2.38981
v 3.57935 2.95000 -2.33981
v 3.52935 2.95000 -2.38981
v 3.57935 3.00000 -2.38981
v 3.57935 2.90000 -2.98981
v 3.57935 2.95000 -3.03981
v 3.62935 2.95000 -2.98981
v 3.57935 2.95000 -2.93981
v 3.52935 2.95000 -2.98981
v 3.57935 3.00000 -2.98981
v -3.57935 2.90000 -3.01019
v -3.57935 2.95000 -2.96019
v -3.62935 2.95000 -3.01019
v -3.57935 2.95000 -3.06019
v -3.52935 2.95000 -3.01019
v -3.57935 3.00000 -3.01019
v -3.57935 2.90000 -2.41019
v -3.57935 2.95000 -2.36019
v -3.62935 2.95000 -2.41019
v -3.57935 2.95000 -2.46019
v -3.52935 2.95000 -2.41019
v -3.57935 3.00000 -2.41019
v -3.57935 2.90000 -1.81019
v -3.57935 2.95000 -1.76019
v -3.62935 2.95000 -1.81019
v -3.57935 2.95000 -1.86019
v -3.52935 2.95000 -1.81019
v -3.57935 3.00000 -1.81019
v -3.57935 2.90000 -1.21019
v -3.57935 2.95000 -1.16019
v -3.62935 2.95000 -1.21019
v -3.57935 2.95000 -1.26019
v -3.52935 2.95000 -1.21019
v -3.57935 3.00000 -1.21019
v -3.57935 2.90000 -0.61019
v -3.57935 2.95000 -0.56019
v -3.62935 2.95000 -0.61019
v -3.57935 2.95000 -0.66019
v -3.52935 2.95000 -0.61019
v -3.57935 3.00000 -0.61019
v -3.57935 2.90000 -0.01019
v -3.57935 2.95000 0.03981
v -3.62935 2.95000 -0.01019
v -3.57935 2.95000 -0.06019
v -3.52935 2.95000 -0.01019
v -3.57935 3.00000 -0.01019
v -3.57935 2.90000 0.58981
v -3.57935 2.95000 0.63981
v -3.62935 2.95000 0.58981
v -3.57935 2.95000 0.53981
v -3.52935 2.95000 0.58981
v -3.57935 3.00000 0.58981
v -3.57935 2.90000 1.18981
v -3.57935 2.95000 1.23981
v -3.62935 2.95000 1.18981
v -3.57935 2.95000 1.13981
v -3.52935 2.95000 1.18981
v -3.57935 3.00000 1.18981
v -3.57935 2.90000 1.78981
v -3.57935 2.95000 1.83981
v -3.62935 2.95000 1.78981
v -3.57935 2.95000 1.73981
v -3.52935 2.95000 1.78981
v -3.57935 3.00000 1.78981
v -3.57935 2.90000 2.38981
v -3.57935 2.95000 2.43981
v -3.62935 2.95000 2.38981
v -3.57935 2.95000 2.33981
v -3.52935 2.95000 2.38981
v -3.57935 3.00000 2.38981
v -3.57935 2.90000 2.98981
v -3.57935 2.95000 3.03981
v -3.62935 2.95000 2.98981
v -3.57935 2.95000 2.93981
v -3.52935 2.95000 2.98981
v -3.57935 3.00000 2.98981
v -3.36723 5.20000 -3.18846
v 3.36723 5.20000 -3.18846
v 3.36723 5.20000 3.18846
v -3.36723 5.20000 3.18846
v -3.34162 5.50000 -3.16423
v 3.34162 5.50000 -3.16423
v 3.34162 5.50000 3.16423
v -3.34162 5.50000 3.16423
v -2.99442 5.30000 3.19635
v -2.94442 5.35000 3.19635
v -2.99442 5.35000 3.24635
v -3.04442 5.35000 3.19635
v -2.99442 5.35000 3.14635
v -2.99442 5.40000 3.19635
v -2.39442 5.30000 3.19635
v -2.34442 5.35000 3.19635
v -2.39442 5.35000 3.24635
v -2.44442 5.35000 3.19635
v -2.39442 5.35000 3.14635
v -2.39442 5.40000 3.19635
v -1.79442 5.30000 3.19635
v -1.74442 5.35000 3.19635
v -1.79442 5.35000 3.24635
v -1.84442 5.35000 3.19635
v -1.79442 5.35000 3.14635
v -1.79442 5.40000 3.19635
v -1.19442 5.30000 3.19635
v -1.14442 5.35000 3.19635
v -1.19442 5.35000 3.24635
v -1.24442 5.35000 3.19635
v -1.19442 5.35000 3.14635
v -1.19442 5.40000 3.19635
v -0.59442 5.30000 3.19635
v -0.54442 5.35000 3.19635
v -0.59442 5.35000 3.24635
v -0.64442 5.35000 3.19635
v -0.59442 5.35000 3.14635
v -0.59442 5.40000 3.19635
v 0.00558 5.30000 3.19635
v 0.05558 5.35000 3.19635
v 0.00558 5.35000 3.24635
v -0.04442 5.35000 3.19635
v 0.00558 5.35000 3.14635
v 0.00558 5.40000 3.19635
v 0.60558 5.30000 3.19635
v 0.65558 5.35000 3.19635
v 0.60558 5.35000 3.24635
v 0.55558 5.35000 3.19635
v 0.60558 5.35000 3.14635
v 0.60558 5.40000 3.19635
v 1.20558 5.30000 3.19635
v 1.25558 5.35000 3.19635
v 1.20558 5.35000 3.24635
v 1.15558 5.35000 3.19635
v 1.20558 5.35000 3.14635
v 1.20558 5.40000 3.19635
v 1.80558 5.30000 3.19635
v 1.85558 5.35000 3.19635
v 1.80558 5.35000 3.24635
v 1.75558 5.35000 3.19635
v 1.80558 5.35000 3.14635
v 1.80558 5.40000 3.19635
v 2.40558 5.30000 3.19635
v 2.45558 5.35000 3.19635
v 2.40558 5.35000 3.24635
v 2.35558 5.35000 3.19635
v 2.40558 5.35000 3.14635
v 2.40558 5.40000 3.19635
v 2.99442 5.30000 -3.19635
v 2.94442 5.35000 -3.19635
v 2.99442 5.35000 -3.24635
v 3.04442 5.35000 -3.19635
v 2.99442 5.35000 -3.14635
v 2.99442 5.40000 -3.19635
v 2.39442 5.30000 -3.19635
v 2.34442 5.35000 -3.19635
v 2.39442 5.35000 -3.24635
v 2.44442 5.35000 -3.19635
v 2.39442 5.35000 -3.14635
v 2.39442 5.40000 -3.19635
v 1.79442 5.30000 -3.19635
v 1.74442 5.35000 -3.19635
v 1.79442 5.35000 -3.24635
v 1.84442 5.35000 -3.19635
v 1.79442 5.35000 -3.14635
v 1.79442 5.40000 -3.19635
v 1.19442 5.30000 -3.19635
v 1.14442 5.35000 -3.19635
v 1.19442 5.35000 -3.24635
v 1.24442 5.35000 -3.19635
v 1.19442 5.35000 -3.14635
v 1.19442 5.40000 -3.19635
v 0.59442 5.30000 -3.19635
v 0.54442 5.35000 -3.19635
v 0.59442 5.35000 -3.24635
v 0.64442 5.35000 -3.19635
v 0.59442 5.35000 -3.14635
v 0.59442 5.40000 -3.19635
v -0.00558 5.30000 -3.19635
v -0.05558 5.35000 -3.19635
v -0.00558 5.35000 -3.24635
v 0.04442 5.35000 -3.19635
v -0.00558 5.35000 -3.14635
v -0.00558 5.40000 -3.19635
v -0.60558 5.30000 -3.19635
v -0.65558 5.35000 -3.19635
v -0.60558 5.35000 -3.24635
v -0.55558 5.35000 -3.19635
v -0.60558 5.35000 -3.14635
v -0.60558 5.40000 -3.19635
v -1.20558 5.30000 -3.19635
v -1.25558 5.35000 -3.19635
v -1.20558 5.35000 -3.24635
v -1.15558 5.35000 -3.19635
v -1.20558 5.35000 -3.14635
v -1.20558 5.40000 -3.19635
v -1.80558 5.30000 -3.19635
v -1.85558 5.35000 -3.19635
v -1.80558 5.35000 -3.24635
v -1.75558 5.35000 -3.19635
v -1.80558 5.35000 -3.14635
v -1.80558 5.40000 -3.19635
v -2.40558 5.30000 -3.19635
v -2.45558 5.35000 -3.19635
v -2.40558 5.35000 -3.24635
v -2.35558 5.35000 -3.19635
v -2.40558 5.35000 -3.14635
v -2.40558 5.40000 -3.19635
v 3.37442 5.30000 2.81635
v 3.37442 5.35000 2.76635
v 3.42442 5.35000 2.81635
v 3.37442 5.35000 2.86635
v 3.32442 5.35000 2.81635
v 3.37442 5.40000 2.81635
v 3.37442 5.30000 2.21635
v 3.37442 5.35000 2.16635
v 3.42442 5.35000 2.21635
v 3.37442 5.35000 2.26635
v 3.32442 5.35000 2.21635
v 3.37442 5.40000 2.21635
v 3.37442 5.30000 1.61635
v 3.37442 5.35000 1.56635
v 3.42442 5.35000 1.61635
v 3.37442 5.35000 1.66635
v 3.32442 5.35000 1.61635
v 3.37442 5.40000 1.61635
v 3.37442 5.30000 1.01635
v 3.37442 5.35000 0.96635
v 3.42442 5.35000 1.01635
v 3.37442 5.35000 1.06635
v 3.32442 5.35000 1.01635
v 3.37442 5.40000 1.01635
v 3.37442 5.30000 0.41635
v 3.37442 5.35000 0.36635
v 3.42442 5.35000 0.41635
v 3.37442 5.35000 0.46635
v 3.32442 5.35000 0.41635
v 3.37442 5.40000 0.41635
v 3.37442 5.30000 -0.18365
v 3.37442 5.35000 -0.23365
v 3.42442 5.35000 -0.18365
v 3.37442 5.35000 -0.13365
v 3.32442 5.35000 -0.18365
v 3.37442 5.40000 -0.18365
v 3.37442 5.30000 -0.78365
v 3.37442 5.35000 -0.83365
v 3.42442 5.35000 -0.78365
v 3.37442 5.35000 -0.73365
v 3.32442 5.35000 -0.78365
v 3.37442 5.40000 -0.78365
v 3.37442 5.30000 -1.38365
v 3.37442 5.35000 -1.43365
v 3.42442 5.35000 -1.38365
v 3.37442 5.35000 -1.33365
v 3.32442 5.35000 -1.38365
v 3.37442 5.40000 -1.38365
v 3.37442 5.30000 -1.98365
v 3.37442 5.35000 -2.03365
v 3.42442 5.35000 -1.98365
v 3.37442 5.35000 -1.93365
v 3.32442 5.35000 -1.98365
v 3.37442 5.40000 -1.98365
v 3.37442 5.30000 -2.58365
v 3.37442 5.35000 -2.63365
v 3.42442 5.35000 -2.58365
v 3.37442 5.35000 -2.53365
v 3.32442 5.35000 -2.58365
v 3.37442 5.40000 -2.58365
v -3.37442 5.30000 -2.81635
v -3.37442 5.35000 -2.76635
v -3.42442 5.35000 -2.81635
v -3.37442 5.35000 -2.86635
v -3.32442 5.35000 -2.81635
v -3.37442 5.40000 -2.81635
v -3.37442 5.30000 -2.21635
v -3.37442 5.35000 -2.16635
v -3.42442 5.35000 -2.21635
v -3.37442 5.35000 -2.26635
v -3.32442 5.35000 -2.21635
v -3.37442 5.40000 -2.21635
v -3.37442 5.30000 -1.61635
v -3.37442 5.35000 -1.56635
v -3.42442 5.35000 -1.61635
v -3.37442 5.35000 -1.66635
v -3.32442 5.35000 -1.61635
v -3.37442 5.40000 -1.61635
v -3.37442 5.30000 -1.01635
v -3.37442 5.35000 -0.96635
v -3.42442 5.35000 -1.01635
v -3.37442 5.35000 -1.06635
v -3.32442 5.35000 -1.01635
v -3.37442 5.40000 -1.01635
v -3.37442 5.30000 -0.41635
v -3.37442 5.35000 -0.36635
v -3.42442 5.35000 -0.41635
v -3.37442 5.35000 -0.46635
v -3.32442 5.35000 -0.41635
v -3.37442 5.40000 -0.41635
v -3.37442 5.30000 0.18365
v -3.37442 5.35000 0.23365
v -3.42442 5.35000 0.18365
v -3.37442 5.35000 0.13365
v -3.32442 5.35000 0.18365
v -3.37442 5.40000 0.18365
v -3.37442 5.30000 0.78365
v -3.37442 5.35000 0.83365
v -3.42442 5.35000 0.78365
v -3.37442 5.35000 0.73365
v -3.32442 5.35000 0.78365
v -3.37442 5.40000 0.78365
v -3.37442 5.30000 1.38365
v -3.37442 5.35000 1.43365
v -3.42442 5.35000 1.38365
v -3.37442 5.35000 1.33365
v -3.32442 5.35000 1.38365
v -3.37442 5.40000 1.38365
v -3.37442 5.30000 1.98365
v -3.37442 5.35000 2.03365
v -3.42442 5.35000 1.98365
v -3.37442 5.35000 1.93365
v -3.32442 5.35000 1.98365
v -3.37442 5.40000 1.98365
v -3.37442 5.30000 2.58365
v -3.37442 5.35000 2.63365
v -3.42442 5.35000 2.58365
v -3.37442 5.35000 2.53365
v -3.32442 5.35000 2.58365
v -3.37442 5.40000 2.58365
v -3.92419 0.63713 -3.72273
v -3.47581 0.59910 -3.72581
v -3.47581 0.56287 -3.27727
v -3.92419 0.60090 -3.27419
v -3.48019 5.83713 -3.30273
v -3.03181 5.79910 -3.30581
v -3.03181 5.76287 -2.85727
v -3.48019 5.80090 -2.85419
v -3.66300 0.96333 -3.71500
v -3.59300 1.03333 -3.71500
v -3.64137 1.03333 -3.64843
v -3.71963 1.03333 -3.67386
v -3.71963 1.03333 -3.75614
v -3.64137 1.03333 -3.78157
v -3.66300 1.10333 -3.71500
v -3.58900 1.83000 -3.64500
v -3.51900 1.90000 -3.64500
v -3.56737 1.90000 -3.57843
v -3.64563 1.90000 -3.60386
v -3.64563 1.90000 -3.68614
v -3.56737 1.90000 -3.71157
v -3.58900 1.97000 -3.64500
v -3.51500 2.69667 -3.57500
v -3.44500 2.76667 -3.57500
v -3.49337 2.76667 -3.50843
v -3.57163 2.76667 -3.53386
v -3.57163 2.76667 -3.61614
v -3.49337 2.76667 -3.64157
v -3.51500 2.83667 -3.57500
v -3.44100 3.56333 -3.50500
v -3.37100 3.63333 -3.50500
v -3.41937 3.63333 -3.43843
v -3.49763 3.63333 -3.46386
v -3.49763 3.63333 -3.54614
v -3.41937 3.63333 -3.57157
v -3.44100 3.70333 -3.50500
v -3.36700 4.43000 -3.43500
v -3.29700 4.50000 -3.43500
v -3.34537 4.50000 -3.36843
v -3.42363 4.50000 -3.39386
v -3.42363 4.50000 -3.47614
v -3.34537 4.50000 -3.50157
v -3.36700 4.57000 -3.43500
v -3.29300 5.29667 -3.36500
v -3.22300 5.36667 -3.36500
v -3.27137 5.36667 -3.29843
v -3.34963 5.36667 -3.32386
v -3.34963 5.36667 -3.40614
v -3.27137 5.36667 -3.43157
v -3.29300 5.43667 -3.36500
v -3.92419 0.60090 3.27419
v -3.47581 0.56287 3.27727
v -3.47581 0.59910 3.72581
v -3.92419 0.63713 3.72273
v -3.48019 5.80090 2.85419
v -3.03181 5.76287 2.85727
v -3.03181 5.79910 3.30581
v -3.48019 5.83713 3.30273
v -3.66300 0.96333 3.71500
v -3.59300 1.03333 3.71500
v -3.64137 1.03333 3.78157
v -3.71963 1.03333 3.75614
v -3.71963 1.03333 3.67386
v -3.64137 1.03333 3.64843
v -3.66300 1.10333 3.71500
v -3.58900 1.83000 3.64500
v -3.51900 1.90000 3.64500
v -3.56737 1.90000 3.71157
v -3.64563 1.90000 3.68614
v -3.64563 1.90000 3.60386
v -3.56737 1.90000 3.57843
v -3.58900 1.97000 3.64500
v -3.51500 2.69667 3.57500
v -3.44500 2.76667 3.57500
v -3.49337 2.76667 3.64157
v -3.57163 2.76667 3.61614
v -3.57163 2.76667 3.53386
v -3.49337 2.76667 3.50843
v -3.51500 2.83667 3.57500
v -3.44100 3.56333 3.50500
v -3.37100 3.63333 3.50500
v -3.41937 3.63333 3.57157
v -3.49763 3.63333 3.54614
v -3.49763 3.63333 3.46386
v -3.41937 3.63333 3.43843
v -3.44100 3.70333 3.50500
v -3.36700 4.43000 3.43500
v -3.29700 4.50000 3.43500
v -3.34537 4.50000 3.50157
v -3.42363 4.50000 3.47614
v -3.42363 4.50000 3.39386
v -3.34537 4.50000 3.36843
v -3.36700 4.57000 3.43500
v -3.29300 5.29667 3.36500
v -3.22300 5.36667 3.36500
v -3.27137 5.36667 3.43157
v -3.34963 5.36667 3.40614
v -3.34963 5.36667 3.32386
v -3.27137 5.36667 3.29843
v -3.29300 5.43667 3.36500
v 3.47581 0.59910 -3.72581
v 3.92419 0.63713 -3.72273
v 3.92419 0.60090 -3.27419
v 3.47581 0.56287 -3.27727
v 3.03181 5.79910 -3.30581
v 3.48019 5.83713 -3.30273
v 3.48019 5.80090 -2.85419
v 3.03181 5.76287 -2.85727
v 3.66300 0.96333 -3.71500
v 3.73300 1.03333 -3.71500
v 3.68463 1.03333 -3.64843
v 3.60637 1.03333 -3.67386
v 3.60637 1.03333 -3.75614
v 3.68463 1.03333 -3.78157
v 3.66300 1.10333 -3.71500
v 3.58900 1.83000 -3.64500
v 3.65900 1.90000 -3.64500
v 3.61063 1.90000 -3.57843
v 3.53237 1.90000 -3.60386
v 3.53237 1.90000 -3.68614
v 3.61063 1.90000 -3.71157
v 3.58900 1.97000 -3.64500
v 3.51500 2.69667 -3.57500
v 3.58500 2.76667 -3.57500
v 3.53663 2.76667 -3.50843
v 3.45837 2.76667 -3.53386
v 3.45837 2.76667 -3.61614
v 3.53663 2.76667 -3.64157
v 3.51500 2.83667 -3.57500
v 3.44100 3.56333 -3.50500
v 3.51100 3.63333 -3.50500
v 3.46263 3.63333 -3.43843
v 3.38437 3.63333 -3.46386
v 3.38437 3.63333 -3.54614
v 3.46263 3.63333 -3.57157
v 3.44100 3.70333 -3.50500
v 3.36700 4.43000 -3.43500
v 3.43700 4.50000 -3.43500
v 3.38863 4.50000 -3.36843
v 3.31037 4.50000 -3.39386
v 3.31037 4.50000 -3.47614
v 3.38863 4.50000 -3.50157
v 3.36700 4.57000 -3.43500
v 3.29300 5.29667 -3.36500
v 3.36300 5.36667 -3.36500
v 3.31463 5.36667 -3.29843
v 3.23637 5.36667 -3.32386
v 3.23637 5.36667 -3.40614
v 3.31463 5.36667 -3.43157
v 3.29300 5.43667 -3.36500
v 3.47581 0.56287 3.27727
v 3.92419 0.60090 3.27419
v 3.92419 0.63713 3.72273
v 3.47581 0.59910 3.72581
v 3.03181 5.76287 2.85727
v 3.48019 5.80090 2.85419
v 3.48019 5.83713 3.30273
v 3.03181 5.79910 3.30581
v 3.66300 0.96333 3.71500
v 3.73300 1.03333 3.71500
v 3.68463 1.03333 3.78157
v 3.60637 1.03333 3.75614
v 3.60637 1.03333 3.67386
v 3.68463 1.03333 3.64843
v 3.66300 1.10333 3.71500
v 3.58900 1.83000 3.64500
v 3.65900 1.90000 3.64500
v 3.61063 1.90000 3.71157
v 3.53237 1.90000 3.68614
v 3.53237 1.90000 3.60386
v 3.61063 1.90000 3.57843
v 3.58900 1.97000 3.64500
v 3.51500 2.69667 3.57500
v 3.58500 2.76667 3.57500
v 3.53663 2.76667 3.64157
v 3.45837 2.76667 3.61614
v 3.45837 2.76667 3.53386
v 3.53663 2.76667 3.50843
v 3.51500 2.83667 3.57500
v 3.44100 3.56333 3.50500
v 3.51100 3.63333 3.50500
v 3.46263 3.63333 3.57157
v 3.38437 3.63333 3.54614
v 3.38437 3.63333 3.46386
v 3.46263 3.63333 3.43843
v 3.44100 3.70333 3.50500
v 3.36700 4.43000 3.43500
v 3.43700 4.50000 3.43500
v 3.38863 4.50000 3.50157
v 3.31037 4.50000 3.47614
v 3.31037 4.50000 3.39386
v 3.38863 4.50000 3.36843
v 3.36700 4.57000 3.43500
v 3.29300 5.29667 3.36500
v 3.36300 5.36667 3.36500
v 3.31463 5.36667 3.43157
v 3.23637 5.36667 3.40614
v 3.23637 5.36667 3.32386
v 3.31463 5.36667 3.29843
v 3.29300 5.43667 3.36500
v -3.60600 5.80000 -3.43000
v 3.60600 5.80000 -3.43000
v 3.60600 5.80000 3.43000
v -3.60600 5.80000 3.43000
v -3.60600 6.15000 -3.43000
v 3.60600 6.15000 -3.43000
v 3.60600 6.15000 3.43000
v -3.60600 6.15000 3.43000
v -3.45600 6.15000 -3.28000
v 3.45600 6.15000 -3.28000
v 3.45600 6.15000 3.28000
v -3.45600 6.15000 3.28000
v -3.45600 6.85000 -3.28000
v 3.45600 6.85000 -3.28000
v 3.45600 6.85000 3.28000
v -3.45600 6.85000 3.28000
v -3.55600 6.85000 -3.38000
v 3.55600 6.85000 -3.38000
v 3.55600 6.85000 3.38000
v -3.55600 6.85000 3.38000
v -3.55600 6.99000 -3.38000
v 3.55600 6.99000 -3.38000
v 3.55600 6.99000 3.38000
v -3.55600 6.99000 3.38000
v -3.20600 6.35000 3.23000
v -3.00600 6.35000 3.23000
v -3.00600 6.35000 3.43000
v -3.20600 6.35000 3.43000
v -3.20600 6.55000 3.23000
v -3.00600 6.55000 3.23000
v -3.00600 6.55000 3.43000
v -3.20600 6.55000 3.43000
v -2.50600 6.35000 3.23000
v -2.30600 6.35000 3.23000
v -2.30600 6.35000 3.43000
v -2.50600 6.35000 3.43000
v -2.50600 6.55000 3.23000
v -2.30600 6.55000 3.23000
v -2.30600 6.55000 3.43000
v -2.50600 6.55000 3.43000
v -1.80600 6.35000 3.23000
v -1.60600 6.35000 3.23000
v -1.60600 6.35000 3.43000
v -1.80600 6.35000 3.43000
v -1.80600 6.55000 3.23000
v -1.60600 6.55000 3.23000
v -1.60600 6.55000 3.43000
v -1.80600 6.55000 3.43000
v -1.10600 6.35000 3.23000
v -0.90600 6.35000 3.23000
v -0.90600 6.35000 3.43000
v -1.10600 6.35000 3.43000
v -1.10600 6.55000 3.23000
v -0.90600 6.55000 3.23000
v -0.90600 6.55000 3.43000
v -1.10600 6.55000 3.43000
v -0.40600 6.35000 3.23000
v -0.20600 6.35000 3.23000
v -0.20600 6.35000 3.43000
v -0.40600 6.35000 3.43000
v -0.40600 6.55000 3.23000
v -0.20600 6.55000 3.23000
v -0.20600 6.55000 3.43000
v -0.40600 6.55000 3.43000
v 0.29400 6.35000 3.23000
v 0.49400 6.35000 3.23000
v 0.49400 6.35000 3.43000
v 0.29400 6.35000 3.43000
v 0.29400 6.55000 3.23000
v 0.49400 6.55000 3.23000
v 0.49400 6.55000 3.43000
v 0.29400 6.55000 3.43000
v 0.99400 6.35000 3.23000
v 1.19400 6.35000 3.23000
v 1.19400 6.35000 3.43000
v 0.99400 6.35000 3.43000
v 0.99400 6.55000 3.23000
v 1.19400 6.55000 3.23000
v 1.19400 6.55000 3.43000
v 0.99400 6.55000 3.43000
v 1.69400 6.35000 3.23000
v 1.89400 6.35000 3.23000
v 1.89400 6.35000 3.43000
v 1.69400 6.35000 3.43000
v 1.69400 6.55000 3.23000
v 1.89400 6.55000 3.23000
v 1.89400 6.55000 3.43000
v 1.69400 6.55000 3.43000
v 2.39400 6.35000 3.23000
v 2.59400 6.35000 3.23000
v 2.59400 6.35000 3.43000
v 2.39400 6.35000 3.43000
v 2.39400 6.55000 3.23000
v 2.59400 6.55000 3.23000
v 2.59400 6.55000 3.43000
v 2.39400 6.55000 3.43000
v 0.70000 6.99000 -0.40000
v 0.58582 6.99000 0.17403
v 0.26066 6.99000 0.66066
v -0.22597 6.99000 0.98582
v -0.80000 6.99000 1.10000
v -1.37403 6.99000 0.98582
v -1.86066 6.99000 0.66066
v -2.18582 6.99000 0.17403
v -2.30000 6.99000 -0.40000
v -2.18582 6.99000 -0.97403
v -1.86066 6.99000 -1.46066
v -1.37403 6.99000 -1.78582
v -0.80000 6.99000 -1.90000
v -0.22597 6.99000 -1.78582
v 0.26066 6.99000 -1.46066
v 0.58582 6.99000 -0.97403
v 0.70000 7.29000 -0.40000
v 0.58582 7.29000 0.17403
v 0.26066 7.29000 0.66066
v -0.22597 7.29000 0.98582
v -0.80000 7.29000 1.10000
v -1.37403 7.29000 0.98582
v -1.86066 7.29000 0.66066
v -2.18582 7.29000 0.17403
v -2.30000 7.29000 -0.40000
v -2.18582 7.29000 -0.97403
v -1.86066 7.29000 -1.46066
v -1.37403 7.29000 -1.78582
v -0.80000 7.29000 -1.90000
v -0.22597 7.29000 -1.78582
v 0.26066 7.29000 -1.46066
v 0.58582 7.29000 -0.97403
v 0.43000 7.29000 -0.40000
v 0.33637 7.29000 0.07070
v 0.06974 7.29000 0.46974
v -0.32930 7.29000 0.73637
v -0.80000 7.29000 0.83000
v -1.27070 7.29000 0.73637
v -1.66974 7.29000 0.46974
v -1.93637 7.29000 0.07070
v -2.03000 7.29000 -0.40000
v -1.93637 7.29000 -0.87070
v -1.66974 7.29000 -1.26974
v -1.27070 7.29000 -1.53637
v -0.80000 7.29000 -1.63000
v -0.32930 7.29000 -1.53637
v 0.06974 7.29000 -1.26974
v 0.33637 7.29000 -0.87070
v 0.43000 7.31000 -0.40000
v 0.33637 7.31000 0.07070
v 0.06974 7.31000 0.46974
v -0.32930 7.31000 0.73637
v -0.80000 7.31000 0.83000
v -1.27070 7.31000 0.73637
v -1.66974 7.31000 0.46974
v -1.93637 7.31000 0.07070
v -2.03000 7.31000 -0.40000
v -1.93637 7.31000 -0.87070
v -1.66974 7.31000 -1.26974
v -1.27070 7.31000 -1.53637
v -0.80000 7.31000 -1.63000
v -0.32930 7.31000 -1.53637
v 0.06974 7.31000 -1.26974
v 0.33637 7.31000 -0.87070
v 0.37000 7.29000 -0.40000
v 0.28094 7.29000 0.04774
v 0.02731 7.29000 0.42731
v -0.35226 7.29000 0.68094
v -0.80000 7.29000 0.77000
v -1.24774 7.29000 0.68094
v -1.62731 7.29000 0.42731
v -1.88094 7.29000 0.04774
v -1.97000 7.29000 -0.40000
v -1.88094 7.29000 -0.84774
v -1.62731 7.29000 -1.22731
v -1.24774 7.29000 -1.48094
v -0.80000 7.29000 -1.57000
v -0.35226 7.29000 -1.48094
v 0.02731 7.29000 -1.22731
v 0.28094 7.29000 -0.84774
v 0.37000 7.32000 -0.40000
v 0.28094 7.32000 0.04774
v 0.02731 7.32000 0.42731
v -0.35226 7.32000 0.68094
v -0.80000 7.32000 0.77000
v -1.24774 7.32000 0.68094
v -1.62731 7.32000 0.42731
v -1.88094 7.32000 0.04774
v -1.97000 7.32000 -0.40000
v -1.88094 7.32000 -0.84774
v -1.62731 7.32000 -1.22731
v -1.24774 7.32000 -1.48094
v -0.80000 7.32000 -1.57000
v -0.35226 7.32000 -1.48094
v 0.02731 7.32000 -1.22731
v 0.28094 7.32000 -0.84774
v 0.73284 7.31000 -0.80618
v 0.75011 7.31000 -0.24068
v 0.54967 7.31000 0.28838
v 0.16202 7.31000 0.70047
v -0.35382 7.31000 0.93284
v -0.91932 7.31000 0.95011
v -1.44838 7.31000 0.74967
v -1.86047 7.31000 0.36202
v -2.09284 7.31000 -0.15382
v -2.11011 7.31000 -0.71932
v -1.90967 7.31000 -1.24838
v -1.52202 7.31000 -1.66047
v -1.00618 7.31000 -1.89284
v -0.44068 7.31000 -1.91011
v 0.08838 7.31000 -1.70967
v 0.50047 7.31000 -1.32202
v 0.73284 7.61000 -0.80618
v 0.75011 7.61000 -0.24068
v 0.54967 7.61000 0.28838
v 0.16202 7.61000 0.70047
v -0.35382 7.61000 0.93284
v -0.91932 7.61000 0.95011
v -1.44838 7.61000 0.74967
v -1.86047 7.61000 0.36202
v -2.09284 7.61000 -0.15382
v -2.11011 7.61000 -0.71932
v -1.90967 7.61000 -1.24838
v -1.52202 7.61000 -1.66047
v -1.00618 7.61000 -1.89284
v -0.44068 7.61000 -1.91011
v 0.08838 7.61000 -1.70967
v 0.50047 7.61000 -1.32202
v 0.47853 7.61000 -0.74747
v 0.49269 7.61000 -0.28376
v 0.32833 7.61000 0.15007
v 0.01046 7.61000 0.48798
v -0.41253 7.61000 0.67853
v -0.87624 7.61000 0.69269
v -1.31007 7.61000 0.52833
v -1.64798 7.61000 0.21046
v -1.83853 7.61000 -0.21253
v -1.85269 7.61000 -0.67624
v -1.68833 7.61000 -1.11007
v -1.37046 7.61000 -1.44798
v -0.94747 7.61000 -1.63853
v -0.48376 7.61000 -1.65269
v -0.04993 7.61000 -1.48833
v 0.28798 7.61000 -1.17046
v 0.47853 7.63000 -0.74747
v 0.49269 7.63000 -0.28376
v 0.32833 7.63000 0.15007
v 0.01046 7.63000 0.48798
v -0.41253 7.63000 0.67853
v -0.87624 7.63000 0.69269
v -1.31007 7.63000 0.52833
v -1.64798 7.63000 0.21046
v -1.83853 7.63000 -0.21253
v -1.85269 7.63000 -0.67624
v -1.68833 7.63000 -1.11007
v -1.37046 7.63000 -1.44798
v -0.94747 7.63000 -1.63853
v -0.48376 7.63000 -1.65269
v -0.04993 7.63000 -1.48833
v 0.28798 7.63000 -1.17046
v 0.42201 7.61000 -0.73442
v 0.43549 7.61000 -0.29333
v 0.27914 7.61000 0.11934
v -0.02322 7.61000 0.44076
v -0.42558 7.61000 0.62201
v -0.86667 7.61000 0.63549
v -1.27934 7.61000 0.47914
v -1.60076 7.61000 0.17678
v -1.78201 7.61000 -0.22558
v -1.79549 7.61000 -0.66667
v -1.63914 7.61000 -1.07934
v -1.33678 7.61000 -1.40076
v -0.93442 7.61000 -1.58201
v -0.49333 7.61000 -1.59549
v -0.08066 7.61000 -1.43914
v 0.24076 7.61000 -1.13678
v 0.42201 7.64000 -0.73442
v 0.43549 7.64000 -0.29333
v 0.27914 7.64000 0.11934
v -0.02322 7.64000 0.44076
v -0.42558 7.64000 0.62201
v -0.86667 7.64000 0.63549
v -1.27934 7.64000 0.47914
v -1.60076 7.64000 0.17678
v -1.78201 7.64000 -0.22558
v -1.79549 7.64000 -0.66667
v -1.63914 7.64000 -1.07934
v -1.33678 7.64000 -1.40076
v -0.93442 7.64000 -1.58201
v -0.49333 7.64000 -1.59549
v -0.08066 7.64000 -1.43914
v 0.24076 7.64000 -1.13678
v 0.43022 7.63000 -0.98879
v 0.57724 7.63000 -0.43035
v 0.49937 7.63000 0.14184
v 0.20845 7.63000 0.64068
v -0.25121 7.63000 0.99022
v -0.80965 7.63000 1.13724
v -1.38184 7.63000 1.05937
v -1.88068 7.63000 0.76845
v -2.23022 7.63000 0.30879
v -2.37724 7.63000 -0.24965
v -2.29937 7.63000 -0.82184
v -2.00845 7.63000 -1.32068
v -1.54879 7.63000 -1.67022
v -0.99035 7.63000 -1.81724
v -0.41816 7.63000 -1.73937
v 0.08068 7.63000 -1.44845
v 0.43022 7.93000 -0.98879
v 0.57724 7.93000 -0.43035
v 0.49937 7.93000 0.14184
v 0.20845 7.93000 0.64068
v -0.25121 7.93000 0.99022
v -0.80965 7.93000 1.13724
v -1.38184 7.93000 1.05937
v -1.88068 7.93000 0.76845
v -2.23022 7.93000 0.30879
v -2.37724 7.93000 -0.24965
v -2.29937 7.93000 -0.82184
v -2.00845 7.93000 -1.32068
v -1.54879 7.93000 -1.67022
v -0.99035 7.93000 -1.81724
v -0.41816 7.93000 -1.73937
v 0.08068 7.93000 -1.44845
v 0.19078 7.93000 -0.87201
v 0.31134 7.93000 -0.41409
v 0.24748 7.93000 0.05511
v 0.00893 7.93000 0.46416
v -0.36799 7.93000 0.75078
v -0.82591 7.93000 0.87134
v -1.29511 7.93000 0.80748
v -1.70416 7.93000 0.56893
v -1.99078 7.93000 0.19201
v -2.11134 7.93000 -0.26591
v -2.04748 7.93000 -0.73511
v -1.80893 7.93000 -1.14416
v -1.43201 7.93000 -1.43078
v -0.97409 7.93000 -1.55134
v -0.50489 7.93000 -1.48748
v -0.09584 7.93000 -1.24893
v 0.19078 7.95000 -0.87201
v 0.31134 7.95000 -0.41409
v 0.24748 7.95000 0.05511
v 0.00893 7.95000 0.46416
v -0.36799 7.95000 0.75078
v -0.82591 7.95000 0.87134
v -1.29511 7.95000 0.80748
v -1.70416 7.95000 0.56893
v -1.99078 7.95000 0.19201
v -2.11134 7.95000 -0.26591
v -2.04748 7.95000 -0.73511
v -1.80893 7.95000 -1.14416
v -1.43201 7.95000 -1.43078
v -0.97409 7.95000 -1.55134
v -0.50489 7.95000 -1.48748
v -0.09584 7.95000 -1.24893
v 0.13757 7.93000 -0.84606
v 0.25225 7.93000 -0.41047
v 0.19151 7.93000 0.03584
v -0.03541 7.93000 0.42493
v -0.39394 7.93000 0.69757
v -0.82953 7.93000 0.81225
v -1.27584 7.93000 0.75151
v -1.66493 7.93000 0.52459
v -1.93757 7.93000 0.16606
v -2.05225 7.93000 -0.26953
v -1.99151 7.93000 -0.71584
v -1.76459 7.93000 -1.10493
v -1.40606 7.93000 -1.37757
v -0.97047 7.93000 -1.49225
v -0.52416 7.93000 -1.43151
v -0.13507 7.93000 -1.20459
v 0.13757 7.96000 -0.84606
v 0.25225 7.96000 -0.41047
v 0.19151 7.96000 0.03584
v -0.03541 7.96000 0.42493
v -0.39394 7.96000 0.69757
v -0.82953 7.96000 0.81225
v -1.27584 7.96000 0.75151
v -1.66493 7.96000 0.52459
v -1.93757 7.96000 0.16606
v -2.05225 7.96000 -0.26953
v -1.99151 7.96000 -0.71584
v -1.76459 7.96000 -1.10493
v -1.40606 7.96000 -1.37757
v -0.97047 7.96000 -1.49225
v -0.52416 7.96000 -1.43151
v -0.13507 7.96000 -1.20459
v 0.38355 7.95000 -1.19363
v 0.64152 7.95000 -0.70330
v 0.69222 7.95000 -0.15157
v 0.52792 7.95000 0.37757
v 0.17363 7.95000 0.80355
v -0.31670 7.95000 1.06152
v -0.86843 7.95000 1.11222
v -1.39757 7.95000 0.94792
v -1.82355 7.95000 0.59363
v -2.08152 7.95000 0.10330
v -2.13222 7.95000 -0.44843
v -1.96792 7.95000 -0.97757
v -1.61363 7.95000 -1.40355
v -1.12330 7.95000 -1.66152
v -0.57157 7.95000 -1.71222
v -0.04243 7.95000 -1.54792
v 0.38355 8.25000 -1.19363
v 0.64152 8.25000 -0.70330
v 0.69222 8.25000 -0.15157
v 0.52792 8.25000 0.37757
v 0.17363 8.25000 0.80355
v -0.31670 8.25000 1.06152
v -0.86843 8.25000 1.11222
v -1.39757 8.25000 0.94792
v -1.82355 8.25000 0.59363
v -2.08152 8.25000 0.10330
v -2.13222 8.25000 -0.44843
v -1.96792 8.25000 -0.97757
v -1.61363 8.25000 -1.40355
v -1.12330 8.25000 -1.66152
v -0.57157 8.25000 -1.71222
v -0.04243 8.25000 -1.54792
v 0.18491 8.25000 -1.03278
v 0.39645 8.25000 -0.63071
v 0.43802 8.25000 -0.17829
v 0.30329 8.25000 0.25560
v 0.01278 8.25000 0.60491
v -0.38929 8.25000 0.81645
v -0.84171 8.25000 0.85802
v -1.27560 8.25000 0.72329
v -1.62491 8.25000 0.43278
v -1.83645 8.25000 0.03071
v -1.87802 8.25000 -0.42171
v -1.74329 8.25000 -0.85560
v -1.45278 8.25000 -1.20491
v -1.05071 8.25000 -1.41645
v -0.59829 8.25000 -1.45802
v -0.16440 8.25000 -1.32329
v 0.18491 8.27000 -1.03278
v 0.39645 8.27000 -0.63071
v 0.43802 8.27000 -0.17829
v 0.30329 8.27000 0.25560
v 0.01278 8.27000 0.60491
v -0.38929 8.27000 0.81645
v -0.84171 8.27000 0.85802
v -1.27560 8.27000 0.72329
v -1.62491 8.27000 0.43278
v -1.83645 8.27000 0.03071
v -1.87802 8.27000 -0.42171
v -1.74329 8.27000 -0.85560
v -1.45278 8.27000 -1.20491
v -1.05071 8.27000 -1.41645
v -0.59829 8.27000 -1.45802
v -0.16440 8.27000 -1.32329
v 0.14077 8.25000 -0.99704
v 0.34199 8.25000 -0.61458
v 0.38153 8.25000 -0.18422
v 0.25338 8.25000 0.22850
v -0.02296 8.25000 0.56077
v -0.40542 8.25000 0.76199
v -0.83578 8.25000 0.80153
v -1.24850 8.25000 0.67338
v -1.58077 8.25000 0.39704
v -1.78199 8.25000 0.01458
v -1.82153 8.25000 -0.41578
v -1.69338 8.25000 -0.82850
v -1.41704 8.25000 -1.16077
v -1.03458 8.25000 -1.36199
v -0.60422 8.25000 -1.40153
v -0.19150 8.25000 -1.27338
v 0.14077 8.28000 -0.99704
v 0.34199 8.28000 -0.61458
v 0.38153 8.28000 -0.18422
v 0.25338 8.28000 0.22850
v -0.02296 8.28000 0.56077
v -0.40542 8.28000 0.76199
v -0.83578 8.28000 0.80153
v -1.24850 8.28000 0.67338
v -1.58077 8.28000 0.39704
v -1.78199 8.28000 0.01458
v -1.82153 8.28000 -0.41578
v -1.69338 8.28000 -0.82850
v -1.41704 8.28000 -1.16077
v -1.03458 8.28000 -1.36199
v -0.60422 8.28000 -1.40153
v -0.19150 8.28000 -1.27338
v 0.04887 8.27000 -1.60050
v 0.42072 8.27000 -1.16894
v 0.59912 8.27000 -0.62793
v 0.55690 8.27000 -0.05983
v 0.30050 8.27000 0.44887
v -0.13106 8.27000 0.82072
v -0.67207 8.27000 0.99912
v -1.24017 8.27000 0.95690
v -1.74887 8.27000 0.70050
v -2.12072 8.27000 0.26894
v -2.29912 8.27000 -0.27207
v -2.25690 8.27000 -0.84017
v -2.00050 8.27000 -1.34887
v -1.56894 8.27000 -1.72072
v -1.02793 8.27000 -1.89912
v -0.45983 8.27000 -1.85690
v 0.04887 8.57000 -1.60050
v 0.42072 8.57000 -1.16894
v 0.59912 8.57000 -0.62793
v 0.55690 8.57000 -0.05983
v 0.30050 8.57000 0.44887
v -0.13106 8.57000 0.82072
v -0.67207 8.57000 0.99912
v -1.24017 8.57000 0.95690
v -1.74887 8.57000 0.70050
v -2.12072 8.57000 0.26894
v -2.29912 8.57000 -0.27207
v -2.25690 8.57000 -0.84017
v -2.00050 8.57000 -1.34887
v -1.56894 8.57000 -1.72072
v -1.02793 8.57000 -1.89912
v -0.45983 8.57000 -1.85690
v -0.11293 8.57000 -1.39341
v 0.19199 8.57000 -1.03953
v 0.33828 8.57000 -0.59590
v 0.30366 8.57000 -0.13006
v 0.09341 8.57000 0.28707
v -0.26047 8.57000 0.59199
v -0.70410 8.57000 0.73828
v -1.16994 8.57000 0.70366
v -1.58707 8.57000 0.49341
v -1.89199 8.57000 0.13953
v -2.03828 8.57000 -0.30410
v -2.00366 8.57000 -0.76994
v -1.79341 8.57000 -1.18707
v -1.43953 8.57000 -1.49199
v -0.99590 8.57000 -1.63828
v -0.53006 8.57000 -1.60366
v -0.11293 8.59000 -1.39341
v 0.19199 8.59000 -1.03953
v 0.33828 8.59000 -0.59590
v 0.30366 8.59000 -0.13006
v 0.09341 8.59000 0.28707
v -0.26047 8.59000 0.59199
v -0.70410 8.59000 0.73828
v -1.16994 8.59000 0.70366
v -1.58707 8.59000 0.49341
v -1.89199 8.59000 0.13953
v -2.03828 8.59000 -0.30410
v -2.00366 8.59000 -0.76994
v -1.79341 8.59000 -1.18707
v -1.43953 8.59000 -1.49199
v -0.99590 8.59000 -1.63828
v -0.53006 8.59000 -1.60366
v -0.14888 8.57000 -1.34739
v 0.14116 8.57000 -1.01077
v 0.28031 8.57000 -0.58878
v 0.24738 8.57000 -0.14567
v 0.04739 8.57000 0.25112
v -0.28923 8.57000 0.54116
v -0.71122 8.57000 0.68031
v -1.15433 8.57000 0.64738
v -1.55112 8.57000 0.44739
v -1.84116 8.57000 0.11077
v -1.98031 8.57000 -0.31122
v -1.94738 8.57000 -0.75433
v -1.74739 8.57000 -1.15112
v -1.41077 8.57000 -1.44116
v -0.98878 8.57000 -1.58031
v -0.54567 8.57000 -1.54738
v -0.14888 8.60000 -1.34739
v 0.14116 8.60000 -1.01077
v 0.28031 8.60000 -0.58878
v 0.24738 8.60000 -0.14567
v 0.04739 8.60000 0.25112
v -0.28923 8.60000 0.54116
v -0.71122 8.60000 0.68031
v -1.15433 8.60000 0.64738
v -1.55112 8.60000 0.44739
v -1.84116 8.60000 0.11077
v -1.98031 8.60000 -0.31122
v -1.94738 8.60000 -0.75433
v -1.74739 8.60000 -1.15112
v -1.41077 8.60000 -1.44116
v -0.98878 8.60000 -1.58031
v -0.54567 8.60000 -1.54738
v 2.50000 6.99000 1.00000
v 2.43149 6.99000 1.34442
v 2.23640 6.99000 1.63640
v 1.94442 6.99000 1.83149
v 1.60000 6.99000 1.90000
v 1.25558 6.99000 1.83149
v 0.96360 6.99000 1.63640
v 0.76851 6.99000 1.34442
v 0.70000 6.99000 1.00000
v 0.76851 6.99000 0.65558
v 0.96360 6.99000 0.36360
v 1.25558 6.99000 0.16851
v 1.60000 6.99000 0.10000
v 1.94442 6.99000 0.16851
v 2.23640 6.99000 0.36360
v 2.43149 6.99000 0.65558
v 2.50000 7.27000 1.00000
v 2.43149 7.27000 1.34442
v 2.23640 7.27000 1.63640
v 1.94442 7.27000 1.83149
v 1.60000 7.27000 1.90000
v 1.25558 7.27000 1.83149
v 0.96360 7.27000 1.63640
v 0.76851 7.27000 1.34442
v 0.70000 7.27000 1.00000
v 0.76851 7.27000 0.65558
v 0.96360 7.27000 0.36360
v 1.25558 7.27000 0.16851
v 1.60000 7.27000 0.10000
v 1.94442 7.27000 0.16851
v 2.23640 7.27000 0.36360
v 2.43149 7.27000 0.65558
v 2.33800 7.27000 1.00000
v 2.28182 7.27000 1.28242
v 2.12184 7.27000 1.52184
v 1.88242 7.27000 1.68182
v 1.60000 7.27000 1.73800
v 1.31758 7.27000 1.68182
v 1.07816 7.27000 1.52184
v 0.91818 7.27000 1.28242
v 0.86200 7.27000 1.00000
v 0.91818 7.27000 0.71758
v 1.07816 7.27000 0.47816
v 1.31758 7.27000 0.31818
v 1.60000 7.27000 0.26200
v 1.88242 7.27000 0.31818
v 2.12184 7.27000 0.47816
v 2.28182 7.27000 0.71758
v 2.33800 7.29000 1.00000
v 2.28182 7.29000 1.28242
v 2.12184 7.29000 1.52184
v 1.88242 7.29000 1.68182
v 1.60000 7.29000 1.73800
v 1.31758 7.29000 1.68182
v 1.07816 7.29000 1.52184
v 0.91818 7.29000 1.28242
v 0.86200 7.29000 1.00000
v 0.91818 7.29000 0.71758
v 1.07816 7.29000 0.47816
v 1.31758 7.29000 0.31818
v 1.60000 7.29000 0.26200
v 1.88242 7.29000 0.31818
v 2.12184 7.29000 0.47816
v 2.28182 7.29000 0.71758
v 2.30200 7.27000 1.00000
v 2.24856 7.27000 1.26864
v 2.09639 7.27000 1.49639
v 1.86864 7.27000 1.64856
v 1.60000 7.27000 1.70200
v 1.33136 7.27000 1.64856
v 1.10361 7.27000 1.49639
v 0.95144 7.27000 1.26864
v 0.89800 7.27000 1.00000
v 0.95144 7.27000 0.73136
v 1.10361 7.27000 0.50361
v 1.33136 7.27000 0.35144
v 1.60000 7.27000 0.29800
v 1.86864 7.27000 0.35144
v 2.09639 7.27000 0.50361
v 2.24856 7.27000 0.73136
v 2.30200 7.30000 1.00000
v 2.24856 7.30000 1.26864
v 2.09639 7.30000 1.49639
v 1.86864 7.30000 1.64856
v 1.60000 7.30000 1.70200
v 1.33136 7.30000 1.64856
v 1.10361 7.30000 1.49639
v 0.95144 7.30000 1.26864
v 0.89800 7.30000 1.00000
v 0.95144 7.30000 0.73136
v 1.10361 7.30000 0.50361
v 1.33136 7.30000 0.35144
v 1.60000 7.30000 0.29800
v 1.86864 7.30000 0.35144
v 2.09639 7.30000 0.50361
v 2.24856 7.30000 0.73136
v 2.70000 7.29000 0.95000
v 2.63149 7.29000 1.29442
v 2.43640 7.29000 1.58640
v 2.14442 7.29000 1.78149
v 1.80000 7.29000 1.85000
v 1.45558 7.29000 1.78149
v 1.16360 7.29000 1.58640
v 0.96851 7.29000 1.29442
v 0.90000 7.29000 0.95000
v 0.96851 7.29000 0.60558
v 1.16360 7.29000 0.31360
v 1.45558 7.29000 0.11851
v 1.80000 7.29000 0.05000
v 2.14442 7.29000 0.11851
v 2.43640 7.29000 0.31360
v 2.63149 7.29000 0.60558
v 2.70000 7.57000 0.95000
v 2.63149 7.57000 1.29442
v 2.43640 7.57000 1.58640
v 2.14442 7.57000 1.78149
v 1.80000 7.57000 1.85000
v 1.45558 7.57000 1.78149
v 1.16360 7.57000 1.58640
v 0.96851 7.57000 1.29442
v 0.90000 7.57000 0.95000
v 0.96851 7.57000 0.60558
v 1.16360 7.57000 0.31360
v 1.45558 7.57000 0.11851
v 1.80000 7.57000 0.05000
v 2.14442 7.57000 0.11851
v 2.43640 7.57000 0.31360
v 2.63149 7.57000 0.60558
v 2.53800 7.57000 0.95000
v 2.48182 7.57000 1.23242
v 2.32184 7.57000 1.47184
v 2.08242 7.57000 1.63182
v 1.80000 7.57000 1.68800
v 1.51758 7.57000 1.63182
v 1.27816 7.57000 1.47184
v 1.11818 7.57000 1.23242
v 1.06200 7.57000 0.95000
v 1.11818 7.57000 0.66758
v 1.27816 7.57000 0.42816
v 1.51758 7.57000 0.26818
v 1.80000 7.57000 0.21200
v 2.08242 7.57000 0.26818
v 2.32184 7.57000 0.42816
v 2.48182 7.57000 0.66758
v 2.53800 7.59000 0.95000
v 2.48182 7.59000 1.23242
v 2.32184 7.59000 1.47184
v 2.08242 7.59000 1.63182
v 1.80000 7.59000 1.68800
v 1.51758 7.59000 1.63182
v 1.27816 7.59000 1.47184
v 1.11818 7.59000 1.23242
v 1.06200 7.59000 0.95000
v 1.11818 7.59000 0.66758
v 1.27816 7.59000 0.42816
v 1.51758 7.59000 0.26818
v 1.80000 7.59000 0.21200
v 2.08242 7.59000 0.26818
v 2.32184 7.59000 0.42816
v 2.48182 7.59000 0.66758
v 2.50200 7.57000 0.95000
v 2.44856 7.57000 1.21864
v 2.29639 7.57000 1.44639
v 2.06864 7.57000 1.59856
v 1.80000 7.57000 1.65200
v 1.53136 7.57000 1.59856
v 1.30361 7.57000 1.44639
v 1.15144 7.57000 1.21864
v 1.09800 7.57000 0.95000
v 1.15144 7.57000 0.68136
v 1.30361 7.57000 0.45361
v 1.53136 7.57000 0.30144
v 1.80000 7.57000 0.24800
v 2.06864 7.57000 0.30144
v 2.29639 7.57000 0.45361
v 2.44856 7.57000 0.68136
v 2.50200 7.60000 0.95000
v 2.44856 7.60000 1.21864
v 2.29639 7.60000 1.44639
v 2.06864 7.60000 1.59856
v 1.80000 7.60000 1.65200
v 1.53136 7.60000 1.59856
v 1.30361 7.60000 1.44639
v 1.15144 7.60000 1.21864
v 1.09800 7.60000 0.95000
v 1.15144 7.60000 0.68136
v 1.30361 7.60000 0.45361
v 1.53136 7.60000 0.30144
v 1.80000 7.60000 0.24800
v 2.06864 7.60000 0.30144
v 2.29639 7.60000 0.45361
v 2.44856 7.60000 0.68136
v -1.10000 8.59000 -0.70000
v -0.50000 8.59000 -0.70000
v -0.50000 8.59000 -0.10000
v -1.10000 8.59000 -0.10000
v -1.10000 8.74000 -0.70000
v -0.50000 8.74000 -0.70000
v -0.50000 8.74000 -0.10000
v -1.10000 8.74000 -0.10000
v -0.71000 8.59000 -0.40000
v -0.75500 8.59000 -0.32206
v -0.84500 8.59000 -0.32206
v -0.89000 8.59000 -0.40000
v -0.84500 8.59000 -0.47794
v -0.75500 8.59000 -0.47794
v -0.71000 8.94000 -0.40000
v -0.75500 8.94000 -0.32206
v -0.84500 8.94000 -0.32206
v -0.89000 8.94000 -0.40000
v -0.84500 8.94000 -0.47794
v -0.75500 8.94000 -0.47794
v 2.01061 2.40006 3.45000
v 1.70451 1.66108 3.45000
v 1.13892 1.09549 3.45000
v 0.39994 0.78939 3.45000
v -0.39994 0.78939 3.45000
v -1.13892 1.09549 3.45000
v -1.70451 1.66108 3.45000
v -2.01061 2.40006 3.45000
v -2.01061 3.19994 3.45000
v -1.70451 3.93892 3.45000
v -1.13892 4.50451 3.45000
v -0.39994 4.81061 3.45000
v 0.39994 4.81061 3.45000
v 1.13892 4.50451 3.45000
v 1.70451 3.93892 3.45000
v 2.01061 3.19994 3.45000
v 2.01061 2.40006 3.80000
v 1.70451 1.66108 3.80000
v 1.13892 1.09549 3.80000
v 0.39994 0.78939 3.80000
v -0.39994 0.78939 3.80000
v -1.13892 1.09549 3.80000
v -1.70451 1.66108 3.80000
v -2.01061 2.40006 3.80000
v -2.01061 3.19994 3.80000
v -1.70451 3.93892 3.80000
v -1.13892 4.50451 3.80000
v -0.39994 4.81061 3.80000
v 0.39994 4.81061 3.80000
v 1.13892 4.50451 3.80000
v 1.70451 3.93892 3.80000
v 2.01061 3.19994 3.80000
v 1.75000 2.80000 3.77000
v 1.61679 2.13030 3.77000
v 1.23744 1.56256 3.77000
v 0.66970 1.18321 3.77000
v 0.00000 1.05000 3.77000
v -0.66970 1.18321 3.77000
v -1.23744 1.56256 3.77000
v -1.61679 2.13030 3.77000
v -1.75000 2.80000 3.77000
v -1.61679 3.46970 3.77000
v -1.23744 4.03744 3.77000
v -0.66970 4.41679 3.77000
v -0.00000 4.55000 3.77000
v 0.66970 4.41679 3.77000
v 1.23744 4.03744 3.77000
v 1.61679 3.46970 3.77000
v 1.75000 2.80000 3.82000
v 1.61679 2.13030 3.82000
v 1.23744 1.56256 3.82000
v 0.66970 1.18321 3.82000
v 0.00000 1.05000 3.82000
v -0.66970 1.18321 3.82000
v -1.23744 1.56256 3.82000
v -1.61679 2.13030 3.82000
v -1.75000 2.80000 3.82000
v -1.61679 3.46970 3.82000
v -1.23744 4.03744 3.82000
v -0.66970 4.41679 3.82000
v -0.00000 4.55000 3.82000
v 0.66970 4.41679 3.82000
v 1.23744 4.03744 3.82000
v 1.61679 3.46970 3.82000
v 1.98000 2.80000 3.80000
v 1.94000 2.73072 3.80000
v 1.86000 2.73072 3.80000
v 1.82000 2.80000 3.80000
v 1.86000 2.86928 3.80000
v 1.94000 2.86928 3.80000
v 1.96000 2.80000 3.90000
v 1.93000 2.74804 3.90000
v 1.87000 2.74804 3.90000
v 1.84000 2.80000 3.90000
v 1.87000 2.85196 3.90000
v 1.93000 2.85196 3.90000
v 1.83537 3.52710 3.80000
v 1.79537 3.45782 3.80000
v 1.71537 3.45782 3.80000
v 1.67537 3.52710 3.80000
v 1.71537 3.59638 3.80000
v 1.79537 3.59638 3.80000
v 1.81537 3.52710 3.90000
v 1.78537 3.47514 3.90000
v 1.72537 3.47514 3.90000
v 1.69537 3.52710 3.90000
v 1.72537 3.57906 3.90000
v 1.78537 3.57906 3.90000
v 1.42350 4.14350 3.80000
v 1.38350 4.07422 3.80000
v 1.30350 4.07422 3.80000
v 1.26350 4.14350 3.80000
v 1.30350 4.21278 3.80000
v 1.38350 4.21278 3.80000
v 1.40350 4.14350 3.90000
v 1.37350 4.09154 3.90000
v 1.31350 4.09154 3.90000
v 1.28350 4.14350 3.90000
v 1.31350 4.19546 3.90000
v 1.37350 4.19546 3.90000
v 0.80710 4.55537 3.80000
v 0.76710 4.48609 3.80000
v 0.68710 4.48609 3.80000
v 0.64710 4.55537 3.80000
v 0.68710 4.62465 3.80000
v 0.76710 4.62465 3.80000
v 0.78710 4.55537 3.90000
v 0.75710 4.50341 3.90000
v 0.69710 4.50341 3.90000
v 0.66710 4.55537 3.90000
v 0.69710 4.60733 3.90000
v 0.75710 4.60733 3.90000
v 0.08000 4.70000 3.80000
v 0.04000 4.63072 3.80000
v -0.04000 4.63072 3.80000
v -0.08000 4.70000 3.80000
v -0.04000 4.76928 3.80000
v 0.04000 4.76928 3.80000
v 0.06000 4.70000 3.90000
v 0.03000 4.64804 3.90000
v -0.03000 4.64804 3.90000
v -0.06000 4.70000 3.90000
v -0.03000 4.75196 3.90000
v 0.03000 4.75196 3.90000
v -0.64710 4.55537 3.80000
v -0.68710 4.48609 3.80000
v -0.76710 4.48609 3.80000
v -0.80710 4.55537 3.80000
v -0.76710 4.62465 3.80000
v -0.68710 4.62465 3.80000
v -0.66710 4.55537 3.90000
v -0.69710 4.50341 3.90000
v -0.75710 4.50341 3.90000
v -0.78710 4.55537 3.90000
v -0.75710 4.60733 3.90000
v -0.69710 4.60733 3.90000
v -1.26350 4.14350 3.80000
v -1.30350 4.07422 3.80000
v -1.38350 4.07422 3.80000
v -1.42350 4.14350 3.80000
v -1.38350 4.21278 3.80000
v -1.30350 4.21278 3.80000
v -1.28350 4.14350 3.90000
v -1.31350 4.09154 3.90000
v -1.37350 4.09154 3.90000
v -1.40350 4.14350 3.90000
v -1.37350 4.19546 3.90000
v -1.31350 4.19546 3.90000
v -1.67537 3.52710 3.80000
v -1.71537 3.45782 3.80000
v -1.79537 3.45782 3.80000
v -1.83537 3.52710 3.80000
v -1.79537 3.59638 3.80000
v -1.71537 3.59638 3.80000
v -1.69537 3.52710 3.90000
v -1.72537 3.47514 3.90000
v -1.78537 3.47514 3.90000
v -1.81537 3.52710 3.90000
v -1.78537 3.57906 3.90000
v -1.72537 3.57906 3.90000
v -1.82000 2.80000 3.80000
v -1.86000 2.73072 3.80000
v -1.94000 2.73072 3.80000
v -1.98000 2.80000 3.80000
v -1.94000 2.86928 3.80000
v -1.86000 2.86928 3.80000
v -1.84000 2.80000 3.90000
v -1.87000 2.74804 3.90000
v -1.93000 2.74804 3.90000
v -1.96000 2.80000 3.90000
v -1.93000 2.85196 3.90000
v -1.87000 2.85196 3.90000
v -1.67537 2.07290 3.80000
v -1.71537 2.00362 3.80000
v -1.79537 2.00362 3.80000
v -1.83537 2.07290 3.80000
v -1.79537 2.14218 3.80000
v -1.71537 2.14218 3.80000
v -1.69537 2.07290 3.90000
v -1.72537 2.02094 3.90000
v -1.78537 2.02094 3.90000
v -1.81537 2.07290 3.90000
v -1.78537 2.12486 3.90000
v -1.72537 2.12486 3.90000
v -1.26350 1.45650 3.80000
v -1.30350 1.38722 3.80000
v -1.38350 1.38722 3.80000
v -1.42350 1.45650 3.80000
v -1.38350 1.52578 3.80000
v -1.30350 1.52578 3.80000
v -1.28350 1.45650 3.90000
v -1.31350 1.40454 3.90000
v -1.37350 1.40454 3.90000
v -1.40350 1.45650 3.90000
v -1.37350 1.50846 3.90000
v -1.31350 1.50846 3.90000
v -0.64710 1.04463 3.80000
v -0.68710 0.97535 3.80000
v -0.76710 0.97535 3.80000
v -0.80710 1.04463 3.80000
v -0.76710 1.11391 3.80000
v -0.68710 1.11391 3.80000
v -0.66710 1.04463 3.90000
v -0.69710 0.99267 3.90000
v -0.75710 0.99267 3.90000
v -0.78710 1.04463 3.90000
v -0.75710 1.09659 3.90000
v -0.69710 1.09659 3.90000
v 0.08000 0.90000 3.80000
v 0.04000 0.83072 3.80000
v -0.04000 0.83072 3.80000
v -0.08000 0.90000 3.80000
v -0.04000 0.96928 3.80000
v 0.04000 0.96928 3.80000
v 0.06000 0.90000 3.90000
v 0.03000 0.84804 3.90000
v -0.03000 0.84804 3.90000
v -0.06000 0.90000 3.90000
v -0.03000 0.95196 3.90000
v 0.03000 0.95196 3.90000
v 0.80710 1.04463 3.80000
v 0.76710 0.97535 3.80000
v 0.68710 0.97535 3.80000
v 0.64710 1.04463 3.80000
v 0.68710 1.11391 3.80000
v 0.76710 1.11391 3.80000
v 0.78710 1.04463 3.90000
v 0.75710 0.99267 3.90000
v 0.69710 0.99267 3.90000
v 0.66710 1.04463 3.90000
v 0.69710 1.09659 3.90000
v 0.75710 1.09659 3.90000
v 1.42350 1.45650 3.80000
v 1.38350 1.38722 3.80000
v 1.30350 1.38722 3.80000
v 1.26350 1.45650 3.80000
v 1.30350 1.52578 3.80000
v 1.38350 1.52578 3.80000
v 1.40350 1.45650 3.90000
v 1.37350 1.40454 3.90000
v 1.31350 1.40454 3.90000
v 1.28350 1.45650 3.90000
v 1.31350 1.50846 3.90000
v 1.37350 1.50846 3.90000
v 1.83537 2.07290 3.80000
v 1.79537 2.00362 3.80000
v 1.71537 2.00362 3.80000
v 1.67537 2.07290 3.80000
v 1.71537 2.14218 3.80000
v 1.79537 2.14218 3.80000
v 1.81537 2.07290 3.90000
v 1.78537 2.02094 3.90000
v 1.72537 2.02094 3.90000
v 1.69537 2.07290 3.90000
v 1.72537 2.12486 3.90000
v 1.78537 2.12486 3.90000
v -1.89000 1.60000 4.00000
v -1.93686 1.60000 4.11314
v -2.05000 1.60000 4.16000
v -2.16314 1.60000 4.11314
v -2.21000 1.60000 4.00000
v -2.16314 1.60000 3.88686
v -2.05000 1.60000 3.84000
v -1.93686 1.60000 3.88686
v -1.89000 2.20000 4.00000
v -1.93686 2.20000 4.11314
v -2.05000 2.20000 4.16000
v -2.16314 2.20000 4.11314
v -2.21000 2.20000 4.00000
v -2.16314 2.20000 3.88686
v -2.05000 2.20000 3.84000
v -1.93686 2.20000 3.88686
v -1.89000 3.40000 4.00000
v -1.93686 3.40000 4.11314
v -2.05000 3.40000 4.16000
v -2.16314 3.40000 4.11314
v -2.21000 3.40000 4.00000
v -2.16314 3.40000 3.88686
v -2.05000 3.40000 3.84000
v -1.93686 3.40000 3.88686
v -1.89000 4.00000 4.00000
v -1.93686 4.00000 4.11314
v -2.05000 4.00000 4.16000
v -2.16314 4.00000 4.11314
v -2.21000 4.00000 4.00000
v -2.16314 4.00000 3.88686
v -2.05000 4.00000 3.84000
v -1.93686 4.00000 3.88686
v -0.25000 1.10000 4.03000
v 0.25000 1.10000 4.03000
v 0.25000 1.10000 4.33000
v -0.25000 1.10000 4.33000
v -0.25000 1.18000 4.03000
v 0.25000 1.18000 4.03000
v 0.25000 1.18000 4.33000
v -0.25000 1.18000 4.33000
v 0.55000 0.60000 4.29500
v 0.85000 0.60000 4.29500
v 0.85000 0.60000 4.54500
v 0.55000 0.60000 4.54500
v 0.55000 0.85000 4.29500
v 0.85000 0.85000 4.29500
v 0.85000 0.85000 4.54500
v 0.55000 0.85000 4.54500
v 0.47000 0.60000 4.52000
v 0.43485 0.60000 4.60485
v 0.35000 0.60000 4.64000
v 0.26515 0.60000 4.60485
v 0.23000 0.60000 4.52000
v 0.26515 0.60000 4.43515
v 0.35000 0.60000 4.40000
v 0.43485 0.60000 4.43515
v 0.47000 0.66000 4.52000
v 0.43485 0.66000 4.60485
v 0.35000 0.66000 4.64000
v 0.26515 0.66000 4.60485
v 0.23000 0.66000 4.52000
v 0.26515 0.66000 4.43515
v 0.35000 0.66000 4.40000
v 0.43485 0.66000 4.43515
v -2.10000 4.95000 3.38000
v 2.10000 4.95000 3.38000
v 2.10000 4.95000 3.52000
v -2.10000 4.95000 3.52000
v -2.10000 5.85000 3.38000
v 2.10000 5.85000 3.38000
v 2.10000 5.85000 3.52000
v -2.10000 5.85000 3.52000
v -1.19370 5.15160 3.53000
v -1.19370 5.64840 3.53000
v -1.26730 5.64840 3.53000
v -1.26730 5.15160 3.53000
v -1.24890 5.59320 3.53000
v -0.75210 5.59320 3.53000
v -0.75210 5.66680 3.53000
v -1.24890 5.66680 3.53000
v -1.06490 5.13320 3.53000
v -0.75210 5.13320 3.53000
v -0.75210 5.20680 3.53000
v -1.06490 5.20680 3.53000
v -0.73370 5.15160 3.53000
v -0.73370 5.46440 3.53000
v -0.80730 5.46440 3.53000
v -0.80730 5.15160 3.53000
v -0.75210 5.48280 3.53000
v -1.06490 5.48280 3.53000
v -1.06490 5.40920 3.53000
v -0.75210 5.40920 3.53000
v -0.55049 5.36097 3.53000
v -0.29447 5.61699 3.53000
v -0.34651 5.66903 3.53000
v -0.60253 5.41301 3.53000
v -0.37253 5.61699 3.53000
v -0.11651 5.36097 3.53000
v -0.06447 5.41301 3.53000
v -0.32049 5.66903 3.53000
v -0.11651 5.43903 3.53000
v -0.37253 5.18301 3.53000
v -0.32049 5.13097 3.53000
v -0.06447 5.38699 3.53000
v -0.29447 5.18301 3.53000
v -0.55049 5.43903 3.53000
v -0.60253 5.38699 3.53000
v -0.34651 5.13097 3.53000
v -0.27462 5.40000 3.53000
v -0.33350 5.45888 3.53000
v -0.39238 5.40000 3.53000
v -0.33350 5.34112 3.53000
v 0.11651 5.13097 3.53000
v 0.60253 5.61699 3.53000
v 0.55049 5.66903 3.53000
v 0.06447 5.18301 3.53000
v 0.06447 5.61699 3.53000
v 0.55049 5.13097 3.53000
v 0.60253 5.18301 3.53000
v 0.11651 5.66903 3.53000
v 0.39238 5.63000 3.53000
v 0.33350 5.68888 3.53000
v 0.27462 5.63000 3.53000
v 0.33350 5.57112 3.53000
v 0.79519 5.13709 3.53000
v 1.04164 5.63000 3.53000
v 0.97581 5.66291 3.53000
v 0.72936 5.17000 3.53000
v 0.95936 5.63000 3.53000
v 1.20581 5.13709 3.53000
v 1.27164 5.17000 3.53000
v 1.02519 5.66291 3.53000
v 1.24890 5.20680 3.53000
v 0.75210 5.20680 3.53000
v 0.75210 5.13320 3.53000
v 1.24890 5.13320 3.53000
v 1.05938 5.31720 3.53000
v 1.00050 5.37608 3.53000
v 0.94162 5.31720 3.53000
v 1.00050 5.25832 3.53000
v -2.20000 4.90000 3.39000
v 2.20000 4.90000 3.39000
v 2.20000 4.90000 3.57000
v -2.20000 4.90000 3.57000
v -2.20000 4.98000 3.39000
v 2.20000 4.98000 3.39000
v 2.20000 4.98000 3.57000
v -2.20000 4.98000 3.57000
v -2.20000 5.85000 3.39000
v 2.20000 5.85000 3.39000
v 2.20000 5.85000 3.57000
v -2.20000 5.85000 3.57000
v -2.20000 5.93000 3.39000
v 2.20000 5.93000 3.39000
v 2.20000 5.93000 3.57000
v -2.20000 5.93000 3.57000
v -2.20000 4.90000 3.39000
v -2.12000 4.90000 3.39000
v -2.12000 4.90000 3.57000
v -2.20000 4.90000 3.57000
v -2.20000 5.93000 3.39000
v -2.12000 5.93000 3.39000
v -2.12000 5.93000 3.57000
v -2.20000 5.93000 3.57000
v 2.12000 4.90000 3.39000
v 2.20000 4.90000 3.39000
v 2.20000 4.90000 3.57000
v 2.12000 4.90000 3.57000
v 2.12000 5.93000 3.39000
v 2.20000 5.93000 3.39000
v 2.20000 5.93000 3.57000
v 2.12000 5.93000 3.57000
v -3.10000 3.20242 3.33183
v -2.40000 3.20242 3.33183
v -2.40000 3.20564 3.37170
v -3.10000 3.20564 3.37170
v -3.10000 4.14933 3.25534
v -2.40000 4.14933 3.25534
v -2.40000 4.15255 3.29521
v -3.10000 4.15255 3.29521
v -3.23000 3.07042 3.31239
v -3.10000 3.07042 3.31239
v -3.10000 3.08330 3.47187
v -3.23000 3.08330 3.47187
v -3.23000 4.27649 3.21498
v -3.10000 4.27649 3.21498
v -3.10000 4.28938 3.37446
v -3.23000 4.28938 3.37446
v -2.40000 3.07042 3.31239
v -2.27000 3.07042 3.31239
v -2.27000 3.08330 3.47187
v -2.40000 3.08330 3.47187
v -2.40000 4.27649 3.21498
v -2.27000 4.27649 3.21498
v -2.27000 4.28938 3.37446
v -2.40000 4.28938 3.37446
v -3.10000 4.14692 3.22544
v -2.40000 4.14692 3.22544
v -2.40000 4.15980 3.38492
v -3.10000 4.15980 3.38492
v -3.10000 4.27649 3.21498
v -2.40000 4.27649 3.21498
v -2.40000 4.28938 3.37446
v -3.10000 4.28938 3.37446
v -3.10000 3.07042 3.31239
v -2.40000 3.07042 3.31239
v -2.40000 3.08330 3.47187
v -3.10000 3.08330 3.47187
v -3.10000 3.20000 3.30192
v -2.40000 3.20000 3.30192
v -2.40000 3.21288 3.46140
v -3.10000 3.21288 3.46140
v -3.35000 2.98071 3.31963
v -2.15000 2.98071 3.31963
v -2.15000 3.00487 3.61866
v -3.35000 3.00487 3.61866
v -3.35000 3.07042 3.31239
v -2.15000 3.07042 3.31239
v -2.15000 3.09457 3.61142
v -3.35000 3.09457 3.61142
v -3.32000 4.27649 3.21498
v -2.18000 4.27649 3.21498
v -2.18000 4.29582 3.45420
v -3.32000 4.29582 3.45420
v -3.32000 4.41604 3.20370
v -2.18000 4.41604 3.20370
v -2.18000 4.43536 3.44293
v -3.32000 4.43536 3.44293
v -2.95000 3.21409 3.47636
v -2.90000 3.21409 3.47636
v -2.90000 3.21811 3.52619
v -2.95000 3.21811 3.52619
v -2.95000 4.16101 3.39987
v -2.90000 4.16101 3.39987
v -2.90000 4.16503 3.44971
v -2.95000 4.16503 3.44971
v -2.77500 3.21409 3.47636
v -2.72500 3.21409 3.47636
v -2.72500 3.21811 3.52619
v -2.77500 3.21811 3.52619
v -2.77500 4.16101 3.39987
v -2.72500 4.16101 3.39987
v -2.72500 4.16503 3.44971
v -2.77500 4.16503 3.44971
v -2.60000 3.21409 3.47636
v -2.55000 3.21409 3.47636
v -2.55000 3.21811 3.52619
v -2.60000 3.21811 3.52619
v -2.60000 4.16101 3.39987
v -2.55000 4.16101 3.39987
v -2.55000 4.16503 3.44971
v -2.60000 4.16503 3.44971
v 2.40000 3.20242 3.33183
v 3.10000 3.20242 3.33183
v 3.10000 3.20564 3.37170
v 2.40000 3.20564 3.37170
v 2.40000 4.14933 3.25534
v 3.10000 4.14933 3.25534
v 3.10000 4.15255 3.29521
v 2.40000 4.15255 3.29521
v 2.27000 3.07042 3.31239
v 2.40000 3.07042 3.31239
v 2.40000 3.08330 3.47187
v 2.27000 3.08330 3.47187
v 2.27000 4.27649 3.21498
v 2.40000 4.27649 3.21498
v 2.40000 4.28938 3.37446
v 2.27000 4.28938 3.37446
v 3.10000 3.07042 3.31239
v 3.23000 3.07042 3.31239
v 3.23000 3.08330 3.47187
v 3.10000 3.08330 3.47187
v 3.10000 4.27649 3.21498
v 3.23000 4.27649 3.21498
v 3.23000 4.28938 3.37446
v 3.10000 4.28938 3.37446
v 2.40000 4.14692 3.22544
v 3.10000 4.14692 3.22544
v 3.10000 4.15980 3.38492
v 2.40000 4.15980 3.38492
v 2.40000 4.27649 3.21498
v 3.10000 4.27649 3.21498
v 3.10000 4.28938 3.37446
v 2.40000 4.28938 3.37446
v 2.40000 3.07042 3.31239
v 3.10000 3.07042 3.31239
v 3.10000 3.08330 3.47187
v 2.40000 3.08330 3.47187
v 2.40000 3.20000 3.30192
v 3.10000 3.20000 3.30192
v 3.10000 3.21288 3.46140
v 2.40000 3.21288 3.46140
v 2.15000 2.98071 3.31963
v 3.35000 2.98071 3.31963
v 3.35000 3.00487 3.61866
v 2.15000 3.00487 3.61866
v 2.15000 3.07042 3.31239
v 3.35000 3.07042 3.31239
v 3.35000 3.09457 3.61142
v 2.15000 3.09457 3.61142
v 2.18000 4.27649 3.21498
v 3.32000 4.27649 3.21498
v 3.32000 4.29582 3.45420
v 2.18000 4.29582 3.45420
v 2.18000 4.41604 3.20370
v 3.32000 4.41604 3.20370
v 3.32000 4.43536 3.44293
v 2.18000 4.43536 3.44293
v 2.55000 3.21409 3.47636
v 2.60000 3.21409 3.47636
v 2.60000 3.21811 3.52619
v 2.55000 3.21811 3.52619
v 2.55000 4.16101 3.39987
v 2.60000 4.16101 3.39987
v 2.60000 4.16503 3.44971
v 2.55000 4.16503 3.44971
v 2.72500 3.21409 3.47636
v 2.77500 3.21409 3.47636
v 2.77500 3.21811 3.52619
v 2.72500 3.21811 3.52619
v 2.72500 4.16101 3.39987
v 2.77500 4.16101 3.39987
v 2.77500 4.16503 3.44971
v 2.72500 4.16503 3.44971
v 2.90000 3.21409 3.47636
v 2.95000 3.21409 3.47636
v 2.95000 3.21811 3.52619
v 2.90000 3.21811 3.52619
v 2.90000 4.16101 3.39987
v 2.95000 4.16101 3.39987
v 2.95000 4.16503 3.44971
v 2.90000 4.16503 3.44971
v -3.54497 2.90255 -1.95000
v -3.54497 2.90255 -1.25000
v -3.58482 2.90596 -1.25000
v -3.58482 2.90596 -1.95000
v -3.46415 3.84911 -1.95000
v -3.46415 3.84911 -1.25000
v -3.50400 3.85251 -1.25000
v -3.50400 3.85251 -1.95000
v -3.52614 2.77047 -2.08000
v -3.52614 2.77047 -1.95000
v -3.68556 2.78408 -1.95000
v -3.68556 2.78408 -2.08000
v -3.42320 3.97608 -2.08000
v -3.42320 3.97608 -1.95000
v -3.58262 3.98970 -1.95000
v -3.58262 3.98970 -2.08000
v -3.52614 2.77047 -1.25000
v -3.52614 2.77047 -1.12000
v -3.68556 2.78408 -1.12000
v -3.68556 2.78408 -1.25000
v -3.42320 3.97608 -1.25000
v -3.42320 3.97608 -1.12000
v -3.58262 3.98970 -1.12000
v -3.58262 3.98970 -1.25000
v -3.43426 3.84656 -1.95000
v -3.43426 3.84656 -1.25000
v -3.59368 3.86017 -1.25000
v -3.59368 3.86017 -1.95000
v -3.42320 3.97608 -1.95000
v -3.42320 3.97608 -1.25000
v -3.58262 3.98970 -1.25000
v -3.58262 3.98970 -1.95000
v -3.52614 2.77047 -1.95000
v -3.52614 2.77047 -1.25000
v -3.68556 2.78408 -1.25000
v -3.68556 2.78408 -1.95000
v -3.51508 2.90000 -1.95000
v -3.51508 2.90000 -1.25000
v -3.67450 2.91361 -1.25000
v -3.67450 2.91361 -1.95000
v -3.53379 2.68080 -2.20000
v -3.53379 2.68080 -1.00000
v -3.83271 2.70632 -1.00000
v -3.83271 2.70632 -2.20000
v -3.52614 2.77047 -2.20000
v -3.52614 2.77047 -1.00000
v -3.82505 2.79599 -1.00000
v -3.82505 2.79599 -2.20000
v -3.42320 3.97608 -2.17000
v -3.42320 3.97608 -1.03000
v -3.66233 3.99650 -1.03000
v -3.66233 3.99650 -2.17000
v -3.41129 4.11558 -2.17000
v -3.41129 4.11558 -1.03000
v -3.65042 4.13599 -1.03000
v -3.65042 4.13599 -2.17000
v -3.68944 2.91489 -1.80000
v -3.68944 2.91489 -1.75000
v -3.73926 2.91914 -1.75000
v -3.73926 2.91914 -1.80000
v -3.60862 3.86144 -1.80000
v -3.60862 3.86144 -1.75000
v -3.65844 3.86570 -1.75000
v -3.65844 3.86570 -1.80000
v -3.68944 2.91489 -1.62500
v -3.68944 2.91489 -1.57500
v -3.73926 2.91914 -1.57500
v -3.73926 2.91914 -1.62500
v -3.60862 3.86144 -1.62500
v -3.60862 3.86144 -1.57500
v -3.65844 3.86570 -1.57500
v -3.65844 3.86570 -1.62500
v -3.68944 2.91489 -1.45000
v -3.68944 2.91489 -1.40000
v -3.73926 2.91914 -1.40000
v -3.73926 2.91914 -1.45000
v -3.60862 3.86144 -1.45000
v -3.60862 3.86144 -1.40000
v -3.65844 3.86570 -1.40000
v -3.65844 3.86570 -1.45000
v -3.54497 2.90255 1.05000
v -3.54497 2.90255 1.75000
v -3.58482 2.90596 1.75000
v -3.58482 2.90596 1.05000
v -3.46415 3.84911 1.05000
v -3.46415 3.84911 1.75000
v -3.50400 3.85251 1.75000
v -3.50400 3.85251 1.05000
v -3.52614 2.77047 0.92000
v -3.52614 2.77047 1.05000
v -3.68556 2.78408 1.05000
v -3.68556 2.78408 0.92000
v -3.42320 3.97608 0.92000
v -3.42320 3.97608 1.05000
v -3.58262 3.98970 1.05000
v -3.58262 3.98970 0.92000
v -3.52614 2.77047 1.75000
v -3.52614 2.77047 1.88000
v -3.68556 2.78408 1.88000
v -3.68556 2.78408 1.75000
v -3.42320 3.97608 1.75000
v -3.42320 3.97608 1.88000
v -3.58262 3.98970 1.88000
v -3.58262 3.98970 1.75000
v -3.43426 3.84656 1.05000
v -3.43426 3.84656 1.75000
v -3.59368 3.86017 1.75000
v -3.59368 3.86017 1.05000
v -3.42320 3.97608 1.05000
v -3.42320 3.97608 1.75000
v -3.58262 3.98970 1.75000
v -3.58262 3.98970 1.05000
v -3.52614 2.77047 1.05000
v -3.52614 2.77047 1.75000
v -3.68556 2.78408 1.75000
v -3.68556 2.78408 1.05000
v -3.51508 2.90000 1.05000
v -3.51508 2.90000 1.75000
v -3.67450 2.91361 1.75000
v -3.67450 2.91361 1.05000
v -3.53379 2.68080 0.80000
v -3.53379 2.68080 2.00000
v -3.83271 2.70632 2.00000
v -3.83271 2.70632 0.80000
v -3.52614 2.77047 0.80000
v -3.52614 2.77047 2.00000
v -3.82505 2.79599 2.00000
v -3.82505 2.79599 0.80000
v -3.42320 3.97608 0.83000
v -3.42320 3.97608 1.97000
v -3.66233 3.99650 1.97000
v -3.66233 3.99650 0.83000
v -3.41129 4.11558 0.83000
v -3.41129 4.11558 1.97000
v -3.65042 4.13599 1.97000
v -3.65042 4.13599 0.83000
v -3.68944 2.91489 1.20000
v -3.68944 2.91489 1.25000
v -3.73926 2.91914 1.25000
v -3.73926 2.91914 1.20000
v -3.60862 3.86144 1.20000
v -3.60862 3.86144 1.25000
v -3.65844 3.86570 1.25000
v -3.65844 3.86570 1.20000
v -3.68944 2.91489 1.37500
v -3.68944 2.91489 1.42500
v -3.73926 2.91914 1.42500
v -3.73926 2.91914 1.37500
v -3.60862 3.86144 1.37500
v -3.60862 3.86144 1.42500
v -3.65844 3.86570 1.42500
v -3.65844 3.86570 1.37500
v -3.68944 2.91489 1.55000
v -3.68944 2.91489 1.60000
v -3.73926 2.91914 1.60000
v -3.73926 2.91914 1.55000
v -3.60862 3.86144 1.55000
v -3.60862 3.86144 1.60000
v -3.65844 3.86570 1.60000
v -3.65844 3.86570 1.55000
v 3.54497 2.90255 -1.25000
v 3.54497 2.90255 -1.95000
v 3.58482 2.90596 -1.95000
v 3.58482 2.90596 -1.25000
v 3.46415 3.84911 -1.25000
v 3.46415 3.84911 -1.95000
v 3.50400 3.85251 -1.95000
v 3.50400 3.85251 -1.25000
v 3.52614 2.77047 -1.12000
v 3.52614 2.77047 -1.25000
v 3.68556 2.78408 -1.25000
v 3.68556 2.78408 -1.12000
v 3.42320 3.97608 -1.12000
v 3.42320 3.97608 -1.25000
v 3.58262 3.98970 -1.25000
v 3.58262 3.98970 -1.12000
v 3.52614 2.77047 -1.95000
v 3.52614 2.77047 -2.08000
v 3.68556 2.78408 -2.08000
v 3.68556 2.78408 -1.95000
v 3.42320 3.97608 -1.95000
v 3.42320 3.97608 -2.08000
v 3.58262 3.98970 -2.08000
v 3.58262 3.98970 -1.95000
v 3.43426 3.84656 -1.25000
v 3.43426 3.84656 -1.95000
v 3.59368 3.86017 -1.95000
v 3.59368 3.86017 -1.25000
v 3.42320 3.97608 -1.25000
v 3.42320 3.97608 -1.95000
v 3.58262 3.98970 -1.95000
v 3.58262 3.98970 -1.25000
v 3.52614 2.77047 -1.25000
v 3.52614 2.77047 -1.95000
v 3.68556 2.78408 -1.95000
v 3.68556 2.78408 -1.25000
v 3.51508 2.90000 -1.25000
v 3.51508 2.90000 -1.95000
v 3.67450 2.91361 -1.95000
v 3.67450 2.91361 -1.25000
v 3.53379 2.68080 -1.00000
v 3.53379 2.68080 -2.20000
v 3.83271 2.70632 -2.20000
v 3.83271 2.70632 -1.00000
v 3.52614 2.77047 -1.00000
v 3.52614 2.77047 -2.20000
v 3.82505 2.79599 -2.20000
v 3.82505 2.79599 -1.00000
v 3.42320 3.97608 -1.03000
v 3.42320 3.97608 -2.17000
v 3.66233 3.99650 -2.17000
v 3.66233 3.99650 -1.03000
v 3.41129 4.11558 -1.03000
v 3.41129 4.11558 -2.17000
v 3.65042 4.13599 -2.17000
v 3.65042 4.13599 -1.03000
v 3.68944 2.91489 -1.40000
v 3.68944 2.91489 -1.45000
v 3.73926 2.91914 -1.45000
v 3.73926 2.91914 -1.40000
v 3.60862 3.86144 -1.40000
v 3.60862 3.86144 -1.45000
v 3.65844 3.86570 -1.45000
v 3.65844 3.86570 -1.40000
v 3.68944 2.91489 -1.57500
v 3.68944 2.91489 -1.62500
v 3.73926 2.91914 -1.62500
v 3.73926 2.91914 -1.57500
v 3.60862 3.86144 -1.57500
v 3.60862 3.86144 -1.62500
v 3.65844 3.86570 -1.62500
v 3.65844 3.86570 -1.57500
v 3.68944 2.91489 -1.75000
v 3.68944 2.91489 -1.80000
v 3.73926 2.91914 -1.80000
v 3.73926 2.91914 -1.75000
v 3.60862 3.86144 -1.75000
v 3.60862 3.86144 -1.80000
v 3.65844 3.86570 -1.80000
v 3.65844 3.86570 -1.75000
v 3.54497 2.90255 1.75000
v 3.54497 2.90255 1.05000
v 3.58482 2.90596 1.05000
v 3.58482 2.90596 1.75000
v 3.46415 3.84911 1.75000
v 3.46415 3.84911 1.05000
v 3.50400 3.85251 1.05000
v 3.50400 3.85251 1.75000
v 3.52614 2.77047 1.88000
v 3.52614 2.77047 1.75000
v 3.68556 2.78408 1.75000
v 3.68556 2.78408 1.88000
v 3.42320 3.97608 1.88000
v 3.42320 3.97608 1.75000
v 3.58262 3.98970 1.75000
v 3.58262 3.98970 1.88000
v 3.52614 2.77047 1.05000
v 3.52614 2.77047 0.92000
v 3.68556 2.78408 0.92000
v 3.68556 2.78408 1.05000
v 3.42320 3.97608 1.05000
v 3.42320 3.97608 0.92000
v 3.58262 3.98970 0.92000
v 3.58262 3.98970 1.05000
v 3.43426 3.84656 1.75000
v 3.43426 3.84656 1.05000
v 3.59368 3.86017 1.05000
v 3.59368 3.86017 1.75000
v 3.42320 3.97608 1.75000
v 3.42320 3.97608 1.05000
v 3.58262 3.98970 1.05000
v 3.58262 3.98970 1.75000
v 3.52614 2.77047 1.75000
v 3.52614 2.77047 1.05000
v 3.68556 2.78408 1.05000
v 3.68556 2.78408 1.75000
v 3.51508 2.90000 1.75000
v 3.51508 2.90000 1.05000
v 3.67450 2.91361 1.05000
v 3.67450 2.91361 1.75000
v 3.53379 2.68080 2.00000
v 3.53379 2.68080 0.80000
v 3.83271 2.70632 0.80000
v 3.83271 2.70632 2.00000
v 3.52614 2.77047 2.00000
v 3.52614 2.77047 0.80000
v 3.82505 2.79599 0.80000
v 3.82505 2.79599 2.00000
v 3.42320 3.97608 1.97000
v 3.42320 3.97608 0.83000
v 3.66233 3.99650 0.83000
v 3.66233 3.99650 1.97000
v 3.41129 4.11558 1.97000
v 3.41129 4.11558 0.83000
v 3.65042 4.13599 0.83000
v 3.65042 4.13599 1.97000
v 3.68944 2.91489 1.60000
v 3.68944 2.91489 1.55000
v 3.73926 2.91914 1.55000
v 3.73926 2.91914 1.60000
v 3.60862 3.86144 1.60000
v 3.60862 3.86144 1.55000
v 3.65844 3.86570 1.55000
v 3.65844 3.86570 1.60000
v 3.68944 2.91489 1.42500
v 3.68944 2.91489 1.37500
v 3.73926 2.91914 1.37500
v 3.73926 2.91914 1.42500
v 3.60862 3.86144 1.42500
v 3.60862 3.86144 1.37500
v 3.65844 3.86570 1.37500
v 3.65844 3.86570 1.42500
v 3.68944 2.91489 1.25000
v 3.68944 2.91489 1.20000
v 3.73926 2.91914 1.20000
v 3.73926 2.91914 1.25000
v 3.60862 3.86144 1.25000
v 3.60862 3.86144 1.20000
v 3.65844 3.86570 1.20000
v 3.65844 3.86570 1.25000
v 3.56349 1.89745 0.70000
v 3.56349 1.89745 -0.70000
v 3.62328 1.90255 -0.70000
v 3.62328 1.90255 0.70000
v 3.46991 2.99346 0.70000
v 3.46991 2.99346 -0.70000
v 3.52969 2.99856 -0.70000
v 3.52969 2.99856 0.70000
v 3.55548 1.75625 0.85000
v 3.55548 1.75625 -0.85000
v 4.05366 1.79879 -0.85000
v 4.05366 1.79879 0.85000
v 3.54357 1.89575 0.85000
v 3.54357 1.89575 -0.85000
v 4.04175 1.93828 -0.85000
v 4.04175 1.93828 0.85000
v 3.47987 2.99431 0.85000
v 3.47987 2.99431 -0.85000
v 3.67915 3.01133 -0.85000
v 3.67915 3.01133 0.85000
v 3.46796 3.13380 0.85000
v 3.46796 3.13380 -0.85000
v 3.66724 3.15082 -0.85000
v 3.66724 3.15082 0.85000
v 3.67309 1.90681 0.62000
v 3.67309 1.90681 0.58000
v 3.71295 1.91021 0.58000
v 3.71295 1.91021 0.62000
v 3.57951 3.00282 0.62000
v 3.57951 3.00282 0.58000
v 3.61937 3.00622 0.58000
v 3.61937 3.00622 0.62000
v 3.67309 1.90681 0.42000
v 3.67309 1.90681 0.38000
v 3.71295 1.91021 0.38000
v 3.71295 1.91021 0.42000
v 3.57951 3.00282 0.42000
v 3.57951 3.00282 0.38000
v 3.61937 3.00622 0.38000
v 3.61937 3.00622 0.42000
v 3.67309 1.90681 0.22000
v 3.67309 1.90681 0.18000
v 3.71295 1.91021 0.18000
v 3.71295 1.91021 0.22000
v 3.57951 3.00282 0.22000
v 3.57951 3.00282 0.18000
v 3.61937 3.00622 0.18000
v 3.61937 3.00622 0.22000
v 3.67309 1.90681 0.02000
v 3.67309 1.90681 -0.02000
v 3.71295 1.91021 -0.02000
v 3.71295 1.91021 0.02000
v 3.57951 3.00282 0.02000
v 3.57951 3.00282 -0.02000
v 3.61937 3.00622 -0.02000
v 3.61937 3.00622 0.02000
v 3.67309 1.90681 -0.18000
v 3.67309 1.90681 -0.22000
v 3.71295 1.91021 -0.22000
v 3.71295 1.91021 -0.18000
v 3.57951 3.00282 -0.18000
v 3.57951 3.00282 -0.22000
v 3.61937 3.00622 -0.22000
v 3.61937 3.00622 -0.18000
v 3.67309 1.90681 -0.38000
v 3.67309 1.90681 -0.42000
v 3.71295 1.91021 -0.42000
v 3.71295 1.91021 -0.38000
v 3.57951 3.00282 -0.38000
v 3.57951 3.00282 -0.42000
v 3.61937 3.00622 -0.42000
v 3.61937 3.00622 -0.38000
v 3.67309 1.90681 -0.58000
v 3.67309 1.90681 -0.62000
v 3.71295 1.91021 -0.62000
v 3.71295 1.91021 -0.58000
v 3.57951 3.00282 -0.58000
v 3.57951 3.00282 -0.62000
v 3.61937 3.00622 -0.62000
v 3.61937 3.00622 -0.58000
v -3.56900 1.90000 -0.05000
v -3.56900 1.90000 0.45000
v -3.76900 1.90000 0.45000
v -3.76900 1.90000 -0.05000
v -3.56900 2.15000 -0.05000
v -3.56900 2.15000 0.45000
v -3.76900 2.15000 0.45000
v -3.76900 2.15000 -0.05000
v -3.75400 2.02000 0.02000
v -3.75400 2.02000 0.38000
v -3.80400 2.02000 0.38000
v -3.80400 2.02000 0.02000
v -3.75400 2.07000 0.02000
v -3.75400 2.07000 0.38000
v -3.80400 2.07000 0.38000
v -3.80400 2.07000 0.02000
v -5.16790 0.56582 1.50000
v -4.54786 0.53776 1.50000
v -5.13579 0.00000 1.50000
v -4.52487 0.00000 1.50000
v -4.85000 0.00000 1.98079
v -4.85000 0.33014 1.98561
v -4.85000 0.00000 1.00010
v -4.85000 0.35681 0.97516
v -4.28971 0.00000 1.15372
v -4.34354 0.00000 1.81301
v -5.41076 0.00000 1.15343
v -5.41067 0.00000 1.84651
v -4.64000 0.60000 1.50000
v -4.74500 0.60000 1.68187
v -4.95500 0.60000 1.68187
v -5.06000 0.60000 1.50000
v -4.95500 0.60000 1.31813
v -4.74500 0.60000 1.31813
v -4.70000 0.84000 1.50000
v -4.77500 0.84000 1.62990
v -4.92500 0.84000 1.62990
v -5.00000 0.84000 1.50000
v -4.92500 0.84000 1.37010
v -4.77500 0.84000 1.37010
v -4.64879 0.65121 1.50000
v -4.69898 0.63776 1.50000
v -4.66224 0.60102 1.50000
v -4.74939 0.65121 1.67426
v -4.77449 0.63776 1.63079
v -4.75612 0.60102 1.66261
v -4.95061 0.65121 1.67426
v -4.92551 0.63776 1.63079
v -4.94388 0.60102 1.66261
v -5.05121 0.65121 1.50000
v -5.00102 0.63776 1.50000
v -5.03776 0.60102 1.50000
v -4.95061 0.65121 1.32574
v -4.92551 0.63776 1.36921
v -4.94388 0.60102 1.33739
v -4.74939 0.65121 1.32574
v -4.77449 0.63776 1.36921
v -4.75612 0.60102 1.33739
v -4.47200 0.13200 1.89118
v -4.47200 0.64800 1.89118
v -4.50800 0.64800 1.82882
v -4.50800 0.13200 1.82882
v -4.49900 0.59400 1.84441
v -4.24100 0.59400 2.29128
v -4.24100 0.66600 2.29128
v -4.49900 0.66600 1.84441
v -4.40300 0.11400 2.01069
v -4.24100 0.11400 2.29128
v -4.24100 0.18600 2.29128
v -4.40300 0.18600 2.01069
v -4.23200 0.13200 2.30687
v -4.23200 0.45600 2.30687
v -4.26800 0.45600 2.24452
v -4.26800 0.13200 2.24452
v -4.24100 0.47400 2.29128
v -4.40300 0.47400 2.01069
v -4.40300 0.40200 2.01069
v -4.24100 0.40200 2.29128
v -5.14671 0.43911 2.65000
v -4.64781 0.44885 2.65000
v -5.16752 0.00000 2.65000
v -4.61657 0.00000 2.65000
v -4.90000 0.00000 3.06037
v -4.90000 0.27741 3.05805
v -4.90000 0.00000 2.23139
v -4.90000 0.31621 2.18487
v -4.48886 0.00000 2.39590
v -4.43637 0.00000 2.93654
v -5.35668 0.00000 2.36775
v -5.31019 0.00000 2.90351
v -4.71800 0.52000 2.65000
v -4.80900 0.52000 2.80762
v -4.99100 0.52000 2.80762
v -5.08200 0.52000 2.65000
v -4.99100 0.52000 2.49238
v -4.80900 0.52000 2.49238
v -4.77000 0.72800 2.65000
v -4.83500 0.72800 2.76258
v -4.96500 0.72800 2.76258
v -5.03000 0.72800 2.65000
v -4.96500 0.72800 2.53742
v -4.83500 0.72800 2.53742
v -4.72279 0.56721 2.65000
v -4.77298 0.55376 2.65000
v -4.73624 0.51702 2.65000
v -4.81139 0.56721 2.80347
v -4.83649 0.55376 2.76000
v -4.81812 0.51702 2.79182
v -4.98861 0.56721 2.80347
v -4.96351 0.55376 2.76000
v -4.98188 0.51702 2.79182
v -5.07721 0.56721 2.65000
v -5.02702 0.55376 2.65000
v -5.06376 0.51702 2.65000
v -4.98861 0.56721 2.49653
v -4.96351 0.55376 2.54000
v -4.98188 0.51702 2.50818
v -4.81139 0.56721 2.49653
v -4.83649 0.55376 2.54000
v -4.81812 0.51702 2.50818
v -4.57240 0.11440 2.98902
v -4.57240 0.56160 2.98902
v -4.60360 0.56160 2.93498
v -4.60360 0.11440 2.93498
v -4.59580 0.51480 2.94849
v -4.37220 0.51480 3.33578
v -4.37220 0.57720 3.33578
v -4.59580 0.57720 2.94849
v -4.51260 0.09880 3.09260
v -4.37220 0.09880 3.33578
v -4.37220 0.16120 3.33578
v -4.51260 0.16120 3.09260
v -4.36440 0.11440 3.34929
v -4.36440 0.39520 3.34929
v -4.39560 0.39520 3.29525
v -4.39560 0.11440 3.29525
v -4.37220 0.41080 3.33578
v -4.51260 0.41080 3.09260
v -4.51260 0.34840 3.09260
v -4.37220 0.34840 3.33578
v -5.87140 0.39405 2.10000
v -5.42202 0.40578 2.10000
v -5.88231 0.00000 2.10000
v -5.38881 0.00000 2.10000
v -5.65000 0.00000 2.49101
v -5.65000 0.27774 2.50854
v -5.65000 0.00000 1.73999
v -5.65000 0.26649 1.70800
v -5.23185 0.00000 1.84157
v -5.25692 0.00000 2.34294
v -6.07610 0.00000 1.83665
v -6.07118 0.00000 2.36030
v -5.48900 0.46000 2.10000
v -5.56950 0.46000 2.23943
v -5.73050 0.46000 2.23943
v -5.81100 0.46000 2.10000
v -5.73050 0.46000 1.96057
v -5.56950 0.46000 1.96057
v -5.53500 0.64400 2.10000
v -5.59250 0.64400 2.19959
v -5.70750 0.64400 2.19959
v -5.76500 0.64400 2.10000
v -5.70750 0.64400 2.00041
v -5.59250 0.64400 2.00041
v -5.49079 0.50421 2.10000
v -5.54098 0.49076 2.10000
v -5.50424 0.45402 2.10000
v -5.57039 0.50421 2.23788
v -5.59549 0.49076 2.19442
v -5.57712 0.45402 2.22624
v -5.72961 0.50421 2.23788
v -5.70451 0.49076 2.19442
v -5.72288 0.45402 2.22624
v -5.80921 0.50421 2.10000
v -5.75902 0.49076 2.10000
v -5.79576 0.45402 2.10000
v -5.72961 0.50421 1.96212
v -5.70451 0.49076 2.00558
v -5.72288 0.45402 1.97376
v -5.57039 0.50421 1.96212
v -5.59549 0.49076 2.00558
v -5.57712 0.45402 1.97376
v -5.36020 0.10120 2.39990
v -5.36020 0.49680 2.39990
v -5.38780 0.49680 2.35210
v -5.38780 0.10120 2.35210
v -5.38090 0.45540 2.36405
v -5.18310 0.45540 2.70665
v -5.18310 0.51060 2.70665
v -5.38090 0.51060 2.36405
v -5.30730 0.08740 2.49153
v -5.18310 0.08740 2.70665
v -5.18310 0.14260 2.70665
v -5.30730 0.14260 2.49153
v -5.17620 0.10120 2.71860
v -5.17620 0.34960 2.71860
v -5.20380 0.34960 2.67080
v -5.20380 0.10120 2.67080
v -5.18310 0.36340 2.70665
v -5.30730 0.36340 2.49153
v -5.30730 0.30820 2.49153
v -5.18310 0.30820 2.70665
v 3.38100 5.50000 3.20500
v 3.53100 5.50000 3.20500
v 3.53100 5.50000 3.35500
v 3.38100 5.50000 3.35500
v 3.38100 5.90000 3.20500
v 3.53100 5.90000 3.20500
v 3.53100 5.90000 3.35500
v 3.38100 5.90000 3.35500
v 3.42364 5.30000 3.30925
v 3.81336 5.30000 3.53425
v 3.68836 5.30000 3.75075
v 3.29864 5.30000 3.52575
v 3.42364 5.52000 3.30925
v 3.81336 5.52000 3.53425
v 3.68836 5.52000 3.75075
v 3.29864 5.52000 3.52575
v 3.76662 5.40000 3.73500
v 3.74887 5.35050 3.72475
v 3.70600 5.33000 3.70000
v 3.66313 5.35050 3.67525
v 3.64538 5.40000 3.66500
v 3.66313 5.44950 3.67525
v 3.70600 5.47000 3.70000
v 3.74887 5.44950 3.72475
v 3.73662 5.40000 3.78696
v 3.71887 5.35050 3.77671
v 3.67600 5.33000 3.75196
v 3.63313 5.35050 3.72721
v 3.61538 5.40000 3.71696
v 3.63313 5.44950 3.72721
v 3.67600 5.47000 3.75196
v 3.71887 5.44950 3.77671
v -3.40000 0.00000 5.00000
v -3.00000 0.00000 5.00000
v -3.00000 0.00000 5.40000
v -3.40000 0.00000 5.40000
v -3.40000 0.40000 5.00000
v -3.00000 0.40000 5.00000
v -3.00000 0.40000 5.40000
v -3.40000 0.40000 5.40000
v -3.13000 0.40000 5.20000
v -3.16500 0.40000 5.26062
v -3.23500 0.40000 5.26062
v -3.27000 0.40000 5.20000
v -3.23500 0.40000 5.13938
v -3.16500 0.40000 5.13938
v -3.13000 3.20000 5.20000
v -3.16500 3.20000 5.26062
v -3.23500 3.20000 5.26062
v -3.27000 3.20000 5.20000
v -3.23500 3.20000 5.13938
v -3.16500 3.20000 5.13938
v -3.20000 3.13000 5.20000
v -2.97373 3.22373 5.20000
v -3.04000 3.22373 5.36000
v -3.20000 3.22373 5.42627
v -3.36000 3.22373 5.36000
v -3.42627 3.22373 5.20000
v -3.36000 3.22373 5.04000
v -3.20000 3.22373 4.97373
v -3.04000 3.22373 5.04000
v -2.88000 3.45000 5.20000
v -2.97373 3.45000 5.42627
v -3.20000 3.45000 5.52000
v -3.42627 3.45000 5.42627
v -3.52000 3.45000 5.20000
v -3.42627 3.45000 4.97373
v -3.20000 3.45000 4.88000
v -2.97373 3.45000 4.97373
v -2.97373 3.67627 5.20000
v -3.04000 3.67627 5.36000
v -3.20000 3.67627 5.42627
v -3.36000 3.67627 5.36000
v -3.42627 3.67627 5.20000
v -3.36000 3.67627 5.04000
v -3.20000 3.67627 4.97373
v -3.04000 3.67627 5.04000
v -3.20000 3.77000 5.20000
v -2.88000 3.70000 5.20000
v -2.97373 3.70000 5.42627
v -3.20000 3.70000 5.52000
v -3.42627 3.70000 5.42627
v -3.52000 3.70000 5.20000
v -3.42627 3.70000 4.97373
v -3.20000 3.70000 4.88000
v -2.97373 3.70000 4.97373
v -3.15000 3.90000 5.20000
v -3.16464 3.90000 5.23536
v -3.20000 3.90000 5.25000
v -3.23536 3.90000 5.23536
v -3.25000 3.90000 5.20000
v -3.23536 3.90000 5.16464
v -3.20000 3.90000 5.15000
v -3.16464 3.90000 5.16464
v 3.00000 0.00000 5.00000
v 3.40000 0.00000 5.00000
v 3.40000 0.00000 5.40000
v 3.00000 0.00000 5.40000
v 3.00000 0.40000 5.00000
v 3.40000 0.40000 5.00000
v 3.40000 0.40000 5.40000
v 3.00000 0.40000 5.40000
v 3.27000 0.40000 5.20000
v 3.23500 0.40000 5.26062
v 3.16500 0.40000 5.26062
v 3.13000 0.40000 5.20000
v 3.16500 0.40000 5.13938
v 3.23500 0.40000 5.13938
v 3.27000 3.20000 5.20000
v 3.23500 3.20000 5.26062
v 3.16500 3.20000 5.26062
v 3.13000 3.20000 5.20000
v 3.16500 3.20000 5.13938
v 3.23500 3.20000 5.13938
v 3.20000 3.13000 5.20000
v 3.42627 3.22373 5.20000
v 3.36000 3.22373 5.36000
v 3.20000 3.22373 5.42627
v 3.04000 3.22373 5.36000
v 2.97373 3.22373 5.20000
v 3.04000 3.22373 5.04000
v 3.20000 3.22373 4.97373
v 3.36000 3.22373 5.04000
v 3.52000 3.45000 5.20000
v 3.42627 3.45000 5.42627
v 3.20000 3.45000 5.52000
v 2.97373 3.45000 5.42627
v 2.88000 3.45000 5.20000
v 2.97373 3.45000 4.97373
v 3.20000 3.45000 4.88000
v 3.42627 3.45000 4.97373
v 3.42627 3.67627 5.20000
v 3.36000 3.67627 5.36000
v 3.20000 3.67627 5.42627
v 3.04000 3.67627 5.36000
v 2.97373 3.67627 5.20000
v 3.04000 3.67627 5.04000
v 3.20000 3.67627 4.97373
v 3.36000 3.67627 5.04000
v 3.20000 3.77000 5.20000
v 3.52000 3.70000 5.20000
v 3.42627 3.70000 5.42627
v 3.20000 3.70000 5.52000
v 2.97373 3.70000 5.42627
v 2.88000 3.70000 5.20000
v 2.97373 3.70000 4.97373
v 3.20000 3.70000 4.88000
v 3.42627 3.70000 4.97373
v 3.25000 3.90000 5.20000
v 3.23536 3.90000 5.23536
v 3.20000 3.90000 5.25000
v 3.16464 3.90000 5.23536
v 3.15000 3.90000 5.20000
v 3.16464 3.90000 5.16464
v 3.20000 3.90000 5.15000
v 3.23536 3.90000 5.16464
vn -0.0000 1.0000 0.0000
vn 0.0000 1.0000 0.0000
vn 0.0000 0.0000 -1.0000
vn 0.0000 0.0000 -1.0000
vn 1.0000 0.0000 -0.0000
vn 1.0000 0.0000 0.0000
vn 0.0000 0.0000 1.0000
vn 0.0000 0.0000 1.0000
vn -1.0000 0.0000 -0.0000
vn -1.0000 -0.0000 0.0000
vn 0.0000 -1.0000 0.0000
vn 0.0000 -1.0000 0.0000
vn -0.0000 1.0000 0.0000
vn 0.0000 1.0000 0.0000
vn 0.0000 0.0000 -1.0000
vn 0.0000 0.0000 -1.0000
vn 1.0000 0.0000 -0.0000
vn 1.0000 0.0000 0.0000
vn 0.0000 0.0000 1.0000
vn 0.0000 0.0000 1.0000
vn -1.0000 0.0000 -0.0000
vn -1.0000 -0.0000 0.0000
vn 0.0000 -1.0000 0.0000
vn 0.0000 -1.0000 0.0000
vn -0.0000 1.0000 0.0000
vn 0.0000 1.0000 0.0000
vn 0.0000 0.0000 -1.0000
vn 0.0000 0.0000 -1.0000
vn 1.0000 0.0000 -0.0000
vn 1.0000 0.0000 0.0000
vn 0.0000 0.0000 1.0000
vn 0.0000 0.0000 1.0000
vn -1.0000 0.0000 -0.0000
vn -1.0000 -0.0000 0.0000
vn 0.0000 -1.0000 0.0000
vn 0.0000 -1.0000 0.0000
vn -0.0000 1.0000 0.0000
vn 0.0000 1.0000 0.0000
vn 0.0000 0.0000 -1.0000
vn 0.0000 0.0000 -1.0000
vn 1.0000 0.0000 -0.0000
vn 1.0000 0.0000 0.0000
vn 0.0000 0.0000 1.0000
vn 0.0000 0.0000 1.0000
vn -1.0000 0.0000 -0.0000
vn -1.0000 -0.0000 0.0000
vn 0.0000 -1.0000 0.0000
vn 0.0000 -1.0000 0.0000
vn -0.0000 1.0000 0.0000
vn 0.0000 1.0000 0.0000
vn 0.0000 0.0000 -1.0000
vn 0.0000 0.0000 -1.0000
vn 1.0000 0.0000 -0.0000
vn 1.0000 0.0000 0.0000
vn 0.0000 0.0000 1.0000
vn 0.0000 0.0000 1.0000
vn -1.0000 0.0000 -0.0000
vn -1.0000 -0.0000 0.0000
vn 0.0000 -1.0000 0.0000
vn 0.0000 -1.0000 0.0000
vn -0.0000 1.0000 0.0000
vn 0.0000 1.0000 0.0000
vn 0.0000 0.0805 -0.9968
vn 0.0000 0.0805 -0.9968
vn 0.9964 0.0851 -0.0000
vn 0.9964 0.0851 0.0000
vn 0.0000 0.0805 0.9968
vn 0.0000 0.0805 0.9968
vn -0.9964 0.0851 0.0000
vn -0.9964 0.0851 0.0000
vn 0.0732 0.9940 -0.0819
vn 0.0732 0.9940 -0.0819
vn -0.0000 -0.0821 -0.9966
vn -0.0000 -0.0821 -0.9966
vn 0.9973 -0.0730 0.0060
vn 0.9973 -0.0730 0.0060
vn 0.0000 0.0821 0.9966
vn 0.0000 0.0821 0.9966
vn -0.9973 0.0730 -0.0060
vn -0.9973 0.0730 -0.0060
vn -0.0732 -0.9940 0.0819
vn -0.0732 -0.9940 0.0819
vn 0.0600 0.9948 -0.0819
vn 0.0600 0.9948 -0.0819
vn 0.0000 -0.0821 -0.9966
vn 0.0000 -0.0821 -0.9966
vn 0.9982 -0.0598 0.0049
vn 0.9982 -0.0598 0.0049
vn -0.0000 0.0821 0.9966
vn -0.0000 0.0821 0.9966
vn -0.9982 0.0598 -0.0049
vn -0.9982 0.0598 -0.0049
vn -0.0600 -0.9948 0.0819
vn -0.0600 -0.9948 0.0819
vn 0.0467 0.9955 -0.0820
vn 0.0467 0.9955 -0.0820
vn -0.0000 -0.0821 -0.9966
vn 0.0000 -0.0821 -0.9966
vn 0.9989 -0.0465 0.0038
vn 0.9989 -0.0465 0.0038
vn 0.0000 0.0821 0.9966
vn 0.0000 0.0821 0.9966
vn -0.9989 0.0465 -0.0038
vn -0.9989 0.0465 -0.0038
vn -0.0467 -0.9955 0.0820
vn -0.0467 -0.9955 0.0820
vn 0.0334 0.9961 -0.0820
vn 0.0334 0.9961 -0.0820
vn 0.0000 -0.0821 -0.9966
vn 0.0000 -0.0821 -0.9966
vn 0.9994 -0.0332 0.0027
vn 0.9994 -0.0332 0.0027
vn -0.0000 0.0821 0.9966
vn 0.0000 0.0821 0.9966
vn -0.9994 0.0332 -0.0027
vn -0.9994 0.0332 -0.0027
vn -0.0334 -0.9961 0.0820
vn -0.0334 -0.9961 0.0820
vn 0.0200 0.9964 -0.0821
vn 0.0200 0.9964 -0.0821
vn -0.0000 -0.0821 -0.9966
vn -0.0000 -0.0821 -0.9966
vn 0.9998 -0.0200 0.0016
vn 0.9998 -0.0200 0.0016
vn 0.0000 0.0821 0.9966
vn 0.0000 0.0821 0.9966
vn -0.9998 0.0200 -0.0016
vn -0.9998 0.0200 -0.0016
vn -0.0200 -0.9964 0.0821
vn -0.0200 -0.9964 0.0821
vn 0.0067 0.9966 -0.0821
vn 0.0067 0.9966 -0.0821
vn 0.0000 -0.0821 -0.9966
vn 0.0000 -0.0821 -0.9966
vn 1.0000 -0.0067 0.0005
vn 1.0000 -0.0067 0.0005
vn -0.0000 0.0821 0.9966
vn -0.0000 0.0821 0.9966
vn -1.0000 0.0067 -0.0005
vn -1.0000 0.0067 -0.0005
vn -0.0067 -0.9966 0.0821
vn -0.0067 -0.9966 0.0821
vn -0.0067 0.9966 -0.0821
vn -0.0067 0.9966 -0.0821
vn -0.0000 -0.0821 -0.9966
vn -0.0000 -0.0821 -0.9966
vn 1.0000 0.0067 -0.0005
vn 1.0000 0.0067 -0.0005
vn 0.0000 0.0821 0.9966
vn 0.0000 0.0821 0.9966
vn -1.0000 -0.0067 0.0005
vn -1.0000 -0.0067 0.0005
vn 0.0067 -0.9966 0.0821
vn 0.0067 -0.9966 0.0821
vn -0.0200 0.9964 -0.0821
vn -0.0200 0.9964 -0.0821
vn 0.0000 -0.0821 -0.9966
vn 0.0000 -0.0821 -0.9966
vn 0.9998 0.0200 -0.0016
vn 0.9998 0.0200 -0.0016
vn -0.0000 0.0821 0.9966
vn -0.0000 0.0821 0.9966
vn -0.9998 -0.0200 0.0016
vn -0.9998 -0.0200 0.0016
vn 0.0200 -0.9964 0.0821
vn 0.0200 -0.9964 0.0821
vn -0.0334 0.9961 -0.0820
vn -0.0334 0.9961 -0.0820
vn -0.0000 -0.0821 -0.9966
vn 0.0000 -0.0821 -0.9966
vn 0.9994 0.0332 -0.0027
vn 0.9994 0.0332 -0.0027
vn 0.0000 0.0821 0.9966
vn 0.0000 0.0821 0.9966
vn -0.9994 -0.0332 0.0027
vn -0.9994 -0.0332 0.0027
vn 0.0334 -0.9961 0.0820
vn 0.0334 -0.9961 0.0820
vn -0.0467 0.9955 -0.0820
vn -0.0467 0.9955 -0.0820
vn 0.0000 -0.0821 -0.9966
vn 0.0000 -0.0821 -0.9966
vn 0.9989 0.0465 -0.0038
vn 0.9989 0.0465 -0.0038
vn -0.0000 0.0821 0.9966
vn -0.0000 0.0821 0.9966
vn -0.9989 -0.0465 0.0038
vn -0.9989 -0.0465 0.0038
vn 0.0467 -0.9955 0.0820
vn 0.0467 -0.9955 0.0820
vn -0.0600 0.9948 -0.0819
vn -0.0600 0.9948 -0.0819
vn -0.0000 -0.0821 -0.9966
vn -0.0000 -0.0821 -0.9966
vn 0.9982 0.0598 -0.0049
vn 0.9982 0.0598 -0.0049
vn 0.0000 0.0821 0.9966
vn 0.0000 0.0821 0.9966
vn -0.9982 -0.0598 0.0049
vn -0.9982 -0.0598 0.0049
vn 0.0600 -0.9948 0.0819
vn 0.0600 -0.9948 0.0819
vn -0.0732 0.9940 -0.0819
vn -0.0732 0.9940 -0.0819
vn 0.0000 -0.0821 -0.9966
vn 0.0000 -0.0821 -0.9966
vn 0.9973 0.0730 -0.0060
vn 0.9973 0.0730 -0.0060
vn -0.0000 0.0821 0.9966
vn -0.0000 0.0821 0.9966
vn -0.9973 -0.0730 0.0060
vn -0.9973 -0.0730 0.0060
vn 0.0732 -0.9940 0.0819
vn 0.0732 -0.9940 0.0819
vn -0.0732 0.9940 0.0819
vn -0.0732 0.9940 0.0819
vn 0.0000 -0.0821 0.9966
vn 0.0000 -0.0821 0.9966
vn -0.9973 -0.0730 -0.0060
vn -0.9973 -0.0730 -0.0060
vn -0.0000 0.0821 -0.9966
vn -0.0000 0.0821 -0.9966
vn 0.9973 0.0730 0.0060
vn 0.9973 0.0730 0.0060
vn 0.0732 -0.9940 -0.0819
vn 0.0732 -0.9940 -0.0819
vn -0.0600 0.9948 0.0819
vn -0.0600 0.9948 0.0819
vn -0.0000 -0.0821 0.9966
vn -0.0000 -0.0821 0.9966
vn -0.9982 -0.0598 -0.0049
vn -0.9982 -0.0598 -0.0049
vn 0.0000 0.0821 -0.9966
vn 0.0000 0.0821 -0.9966
vn 0.9982 0.0598 0.0049
vn 0.9982 0.0598 0.0049
vn 0.0600 -0.9948 -0.0819
vn 0.0600 -0.9948 -0.0819
vn -0.0467 0.9955 0.0820
vn -0.0467 0.9955 0.0820
vn 0.0000 -0.0821 0.9966
vn 0.0000 -0.0821 0.9966
vn -0.9989 -0.0465 -0.0038
vn -0.9989 -0.0465 -0.0038
vn -0.0000 0.0821 -0.9966
vn -0.0000 0.0821 -0.9966
vn 0.9989 0.0465 0.0038
vn 0.9989 0.0465 0.0038
vn 0.0467 -0.9955 -0.0820
vn 0.0467 -0.9955 -0.0820
vn -0.0334 0.9961 0.0820
vn -0.0334 0.9961 0.0820
vn -0.0000 -0.0821 0.9966
vn 0.0000 -0.0821 0.9966
vn -0.9994 -0.0332 -0.0027
vn -0.9994 -0.0332 -0.0027
vn 0.0000 0.0821 -0.9966
vn 0.0000 0.0821 -0.9966
vn 0.9994 0.0332 0.0027
vn 0.9994 0.0332 0.0027
vn 0.0334 -0.9961 -0.0820
vn 0.0334 -0.9961 -0.0820
vn -0.0200 0.9964 0.0821
vn -0.0200 0.9964 0.0821
vn 0.0000 -0.0821 0.9966
vn 0.0000 -0.0821 0.9966
vn -0.9998 -0.0200 -0.0016
vn -0.9998 -0.0200 -0.0016
vn -0.0000 0.0821 -0.9966
vn -0.0000 0.0821 -0.9966
vn 0.9998 0.0200 0.0016
vn 0.9998 0.0200 0.0016
vn 0.0200 -0.9964 -0.0821
vn 0.0200 -0.9964 -0.0821
vn -0.0067 0.9966 0.0821
vn -0.0067 0.9966 0.0821
vn -0.0000 -0.0821 0.9966
vn -0.0000 -0.0821 0.9966
vn -1.0000 -0.0067 -0.0005
vn -1.0000 -0.0067 -0.0005
vn 0.0000 0.0821 -0.9966
vn 0.0000 0.0821 -0.9966
vn 1.0000 0.0067 0.0005
vn 1.0000 0.0067 0.0005
vn 0.0067 -0.9966 -0.0821
vn 0.0067 -0.9966 -0.0821
vn 0.0067 0.9966 0.0821
vn 0.0067 0.9966 0.0821
vn 0.0000 -0.0821 0.9966
vn 0.0000 -0.0821 0.9966
vn -1.0000 0.0067 0.0005
vn -1.0000 0.0067 0.0005
vn -0.0000 0.0821 -0.9966
vn -0.0000 0.0821 -0.9966
vn 1.0000 -0.0067 -0.0005
vn 1.0000 -0.0067 -0.0005
vn -0.0067 -0.9966 -0.0821
vn -0.0067 -0.9966 -0.0821
vn 0.0200 0.9964 0.0821
vn 0.0200 0.9964 0.0821
vn -0.0000 -0.0821 0.9966
vn -0.0000 -0.0821 0.9966
vn -0.9998 0.0200 0.0016
vn -0.9998 0.0200 0.0016
vn 0.0000 0.0821 -0.9966
vn 0.0000 0.0821 -0.9966
vn 0.9998 -0.0200 -0.0016
vn 0.9998 -0.0200 -0.0016
vn -0.0200 -0.9964 -0.0821
vn -0.0200 -0.9964 -0.0821
vn 0.0334 0.9961 0.0820
vn 0.0334 0.9961 0.0820
vn 0.0000 -0.0821 0.9966
vn 0.0000 -0.0821 0.9966
vn -0.9994 0.0332 0.0027
vn -0.9994 0.0332 0.0027
vn -0.0000 0.0821 -0.9966
vn -0.0000 0.0821 -0.9966
vn 0.9994 -0.0332 -0.0027
vn 0.9994 -0.0332 -0.0027
vn -0.0334 -0.9961 -0.0820
vn -0.0334 -0.9961 -0.0820
vn 0.0467 0.9955 0.0820
vn 0.0467 0.9955 0.0820
vn -0.0000 -0.0821 0.9966
vn -0.0000 -0.0821 0.9966
vn -0.9989 0.0465 0.0038
vn -0.9989 0.0465 0.0038
vn 0.0000 0.0821 -0.9966
vn 0.0000 0.0821 -0.9966
vn 0.9989 -0.0465 -0.0038
vn 0.9989 -0.0465 -0.0038
vn -0.0467 -0.9955 -0.0820
vn -0.0467 -0.9955 -0.0820
vn 0.0600 0.9948 0.0819
vn 0.0600 0.9948 0.0819
vn 0.0000 -0.0821 0.9966
vn 0.0000 -0.0821 0.9966
vn -0.9982 0.0598 0.0049
vn -0.9982 0.0598 0.0049
vn -0.0000 0.0821 -0.9966
vn -0.0000 0.0821 -0.9966
vn 0.9982 -0.0598 -0.0049
vn 0.9982 -0.0598 -0.0049
vn -0.0600 -0.9948 -0.0819
vn -0.0600 -0.9948 -0.0819
vn 0.0732 0.9940 0.0819
vn 0.0732 0.9940 0.0819
vn -0.0000 -0.0821 0.9966
vn -0.0000 -0.0821 0.9966
vn -0.9973 0.0730 0.0060
vn -0.9973 0.0730 0.0060
vn 0.0000 0.0821 -0.9966
vn 0.0000 0.0821 -0.9966
vn 0.9973 -0.0730 -0.0060
vn 0.9973 -0.0730 -0.0060
vn -0.0732 -0.9940 -0.0819
vn -0.0732 -0.9940 -0.0819
vn -0.0865 0.9939 -0.0682
vn -0.0865 0.9939 -0.0682
vn -0.9962 -0.0867 0.0000
vn -0.9962 -0.0867 0.0000
vn 0.0059 -0.0680 -0.9977
vn 0.0059 -0.0680 -0.9977
vn 0.9962 0.0867 -0.0000
vn 0.9962 0.0867 -0.0000
vn -0.0059 0.0680 0.9977
vn -0.0059 0.0680 0.9977
vn 0.0865 -0.9939 0.0682
vn 0.0865 -0.9939 0.0682
vn -0.0866 0.9947 -0.0546
vn -0.0866 0.9947 -0.0546
vn -0.9962 -0.0867 0.0000
vn -0.9962 -0.0867 0.0000
vn 0.0047 -0.0544 -0.9985
vn 0.0047 -0.0544 -0.9985
vn 0.9962 0.0867 -0.0000
vn 0.9962 0.0867 -0.0000
vn -0.0047 0.0544 0.9985
vn -0.0047 0.0544 0.9985
vn 0.0866 -0.9947 0.0546
vn 0.0866 -0.9947 0.0546
vn -0.0867 0.9954 -0.0410
vn -0.0867 0.9954 -0.0410
vn -0.9962 -0.0867 -0.0000
vn -0.9962 -0.0867 -0.0000
vn 0.0036 -0.0408 -0.9992
vn 0.0036 -0.0408 -0.9992
vn 0.9962 0.0867 0.0000
vn 0.9962 0.0867 0.0000
vn -0.0036 0.0408 0.9992
vn -0.0036 0.0408 0.9992
vn 0.0867 -0.9954 0.0410
vn 0.0867 -0.9954 0.0410
vn -0.0867 0.9959 -0.0273
vn -0.0867 0.9959 -0.0273
vn -0.9962 -0.0867 0.0000
vn -0.9962 -0.0867 0.0000
vn 0.0024 -0.0272 -0.9996
vn 0.0024 -0.0272 -0.9996
vn 0.9962 0.0867 -0.0000
vn 0.9962 0.0867 -0.0000
vn -0.0024 0.0272 0.9996
vn -0.0024 0.0272 0.9996
vn 0.0867 -0.9959 0.0273
vn 0.0867 -0.9959 0.0273
vn -0.0867 0.9961 -0.0137
vn -0.0867 0.9961 -0.0137
vn -0.9962 -0.0867 0.0000
vn -0.9962 -0.0867 0.0000
vn 0.0012 -0.0136 -0.9999
vn 0.0012 -0.0136 -0.9999
vn 0.9962 0.0867 -0.0000
vn 0.9962 0.0867 -0.0000
vn -0.0012 0.0136 0.9999
vn -0.0012 0.0136 0.9999
vn 0.0867 -0.9961 0.0137
vn 0.0867 -0.9961 0.0137
vn -0.0867 0.9962 0.0000
vn -0.0867 0.9962 0.0000
vn -0.9962 -0.0867 -0.0000
vn -0.9962 -0.0867 0.0000
vn 0.0000 -0.0000 -1.0000
vn 0.0000 0.0000 -1.0000
vn 0.9962 0.0867 -0.0000
vn 0.9962 0.0867 0.0000
vn -0.0000 0.0000 1.0000
vn -0.0000 -0.0000 1.0000
vn 0.0867 -0.9962 0.0000
vn 0.0867 -0.9962 0.0000
vn -0.0867 0.9961 0.0137
vn -0.0867 0.9961 0.0137
vn -0.9962 -0.0867 -0.0000
vn -0.9962 -0.0867 0.0000
vn -0.0012 0.0136 -0.9999
vn -0.0012 0.0136 -0.9999
vn 0.9962 0.0867 0.0000
vn 0.9962 0.0867 0.0000
vn 0.0012 -0.0136 0.9999
vn 0.0012 -0.0136 0.9999
vn 0.0867 -0.9961 -0.0137
vn 0.0867 -0.9961 -0.0137
vn -0.0867 0.9959 0.0273
vn -0.0867 0.9959 0.0273
vn -0.9962 -0.0867 -0.0000
vn -0.9962 -0.0867 -0.0000
vn -0.0024 0.0272 -0.9996
vn -0.0024 0.0272 -0.9996
vn 0.9962 0.0867 0.0000
vn 0.9962 0.0867 0.0000
vn 0.0024 -0.0272 0.9996
vn 0.0024 -0.0272 0.9996
vn 0.0867 -0.9959 -0.0273
vn 0.0867 -0.9959 -0.0273
vn -0.0867 0.9954 0.0410
vn -0.0867 0.9954 0.0410
vn -0.9962 -0.0867 0.0000
vn -0.9962 -0.0867 0.0000
vn -0.0036 0.0408 -0.9992
vn -0.0036 0.0408 -0.9992
vn 0.9962 0.0867 -0.0000
vn 0.9962 0.0867 -0.0000
vn 0.0036 -0.0408 0.9992
vn 0.0036 -0.0408 0.9992
vn 0.0867 -0.9954 -0.0410
vn 0.0867 -0.9954 -0.0410
vn -0.0866 0.9947 0.0546
vn -0.0866 0.9947 0.0546
vn -0.9962 -0.0867 -0.0000
vn -0.9962 -0.0867 -0.0000
vn -0.0047 0.0544 -0.9985
vn -0.0047 0.0544 -0.9985
vn 0.9962 0.0867 0.0000
vn 0.9962 0.0867 0.0000
vn 0.0047 -0.0544 0.9985
vn 0.0047 -0.0544 0.9985
vn 0.0866 -0.9947 -0.0546
vn 0.0866 -0.9947 -0.0546
vn -0.0865 0.9939 0.0682
vn -0.0865 0.9939 0.0682
vn -0.9962 -0.0867 -0.0000
vn -0.9962 -0.0867 -0.0000
vn -0.0059 0.0680 -0.9977
vn -0.0059 0.0680 -0.9977
vn 0.9962 0.0867 0.0000
vn 0.9962 0.0867 0.0000
vn 0.0059 -0.0680 0.9977
vn 0.0059 -0.0680 0.9977
vn 0.0865 -0.9939 -0.0682
vn 0.0865 -0.9939 -0.0682
vn 0.0865 0.9939 0.0682
vn 0.0865 0.9939 0.0682
vn 0.9962 -0.0867 -0.0000
vn 0.9962 -0.0867 -0.0000
vn -0.0059 -0.0680 0.9977
vn -0.0059 -0.0680 0.9977
vn -0.9962 0.0867 0.0000
vn -0.9962 0.0867 0.0000
vn 0.0059 0.0680 -0.9977
vn 0.0059 0.0680 -0.9977
vn -0.0865 -0.9939 -0.0682
vn -0.0865 -0.9939 -0.0682
vn 0.0866 0.9947 0.0546
vn 0.0866 0.9947 0.0546
vn 0.9962 -0.0867 -0.0000
vn 0.9962 -0.0867 0.0000
vn -0.0047 -0.0544 0.9985
vn -0.0047 -0.0544 0.9985
vn -0.9962 0.0867 0.0000
vn -0.9962 0.0867 0.0000
vn 0.0047 0.0544 -0.9985
vn 0.0047 0.0544 -0.9985
vn -0.0866 -0.9947 -0.0546
vn -0.0866 -0.9947 -0.0546
vn 0.0867 0.9954 0.0410
vn 0.0867 0.9954 0.0410
vn 0.9962 -0.0867 0.0000
vn 0.9962 -0.0867 0.0000
vn -0.0036 -0.0408 0.9992
vn -0.0036 -0.0408 0.9992
vn -0.9962 0.0867 -0.0000
vn -0.9962 0.0867 -0.0000
vn 0.0036 0.0408 -0.9992
vn 0.0036 0.0408 -0.9992
vn -0.0867 -0.9954 -0.0410
vn -0.0867 -0.9954 -0.0410
vn 0.0867 0.9959 0.0273
vn 0.0867 0.9959 0.0273
vn 0.9962 -0.0867 -0.0000
vn 0.9962 -0.0867 -0.0000
vn -0.0024 -0.0272 0.9996
vn -0.0024 -0.0272 0.9996
vn -0.9962 0.0867 0.0000
vn -0.9962 0.0867 0.0000
vn 0.0024 0.0272 -0.9996
vn 0.0024 0.0272 -0.9996
vn -0.0867 -0.9959 -0.0273
vn -0.0867 -0.9959 -0.0273
vn 0.0867 0.9961 0.0137
vn 0.0867 0.9961 0.0137
vn 0.9962 -0.0867 -0.0000
vn 0.9962 -0.0867 0.0000
vn -0.0012 -0.0136 0.9999
vn -0.0012 -0.0136 0.9999
vn -0.9962 0.0867 0.0000
vn -0.9962 0.0867 0.0000
vn 0.0012 0.0136 -0.9999
vn 0.0012 0.0136 -0.9999
vn -0.0867 -0.9961 -0.0137
vn -0.0867 -0.9961 -0.0137
vn 0.0867 0.9962 -0.0000
vn 0.0867 0.9962 0.0000
vn 0.9962 -0.0867 0.0000
vn 0.9962 -0.0867 0.0000
vn 0.0000 0.0000 1.0000
vn 0.0000 -0.0000 1.0000
vn -0.9962 0.0867 0.0000
vn -0.9962 0.0867 0.0000
vn -0.0000 -0.0000 -1.0000
vn -0.0000 0.0000 -1.0000
vn -0.0867 -0.9962 0.0000
vn -0.0867 -0.9962 -0.0000
vn 0.0867 0.9961 -0.0137
vn 0.0867 0.9961 -0.0137
vn 0.9962 -0.0867 0.0000
vn 0.9962 -0.0867 0.0000
vn 0.0012 0.0136 0.9999
vn 0.0012 0.0136 0.9999
vn -0.9962 0.0867 -0.0000
vn -0.9962 0.0867 -0.0000
vn -0.0012 -0.0136 -0.9999
vn -0.0012 -0.0136 -0.9999
vn -0.0867 -0.9961 0.0137
vn -0.0867 -0.9961 0.0137
vn 0.0867 0.9959 -0.0273
vn 0.0867 0.9959 -0.0273
vn 0.9962 -0.0867 0.0000
vn 0.9962 -0.0867 0.0000
vn 0.0024 0.0272 0.9996
vn 0.0024 0.0272 0.9996
vn -0.9962 0.0867 -0.0000
vn -0.9962 0.0867 -0.0000
vn -0.0024 -0.0272 -0.9996
vn -0.0024 -0.0272 -0.9996
vn -0.0867 -0.9959 0.0273
vn -0.0867 -0.9959 0.0273
vn 0.0867 0.9954 -0.0410
vn 0.0867 0.9954 -0.0410
vn 0.9962 -0.0867 -0.0000
vn 0.9962 -0.0867 -0.0000
vn 0.0036 0.0408 0.9992
vn 0.0036 0.0408 0.9992
vn -0.9962 0.0867 0.0000
vn -0.9962 0.0867 0.0000
vn -0.0036 -0.0408 -0.9992
vn -0.0036 -0.0408 -0.9992
vn -0.0867 -0.9954 0.0410
vn -0.0867 -0.9954 0.0410
vn 0.0866 0.9947 -0.0546
vn 0.0866 0.9947 -0.0546
vn 0.9962 -0.0867 0.0000
vn 0.9962 -0.0867 0.0000
vn 0.0047 0.0544 0.9985
vn 0.0047 0.0544 0.9985
vn -0.9962 0.0867 -0.0000
vn -0.9962 0.0867 -0.0000
vn -0.0047 -0.0544 -0.9985
vn -0.0047 -0.0544 -0.9985
vn -0.0866 -0.9947 0.0546
vn -0.0866 -0.9947 0.0546
vn 0.0865 0.9939 -0.0682
vn 0.0865 0.9939 -0.0682
vn 0.9962 -0.0867 0.0000
vn 0.9962 -0.0867 0.0000
vn 0.0059 0.0680 0.9977
vn 0.0059 0.0680 0.9977
vn -0.9962 0.0867 -0.0000
vn -0.9962 0.0867 -0.0000
vn -0.0059 -0.0680 -0.9977
vn -0.0059 -0.0680 -0.9977
vn -0.0865 -0.9939 0.0682
vn -0.0865 -0.9939 0.0682
vn -0.0000 1.0000 0.0000
vn 0.0000 1.0000 0.0000
vn 0.0000 0.0805 -0.9968
vn 0.0000 0.0805 -0.9968
vn 0.9964 0.0851 -0.0000
vn 0.9964 0.0851 0.0000
vn 0.0000 0.0805 0.9968
vn 0.0000 0.0805 0.9968
vn -0.9964 0.0851 0.0000
vn -0.9964 0.0851 0.0000
vn 0.0000 -1.0000 0.0000
vn 0.0000 -1.0000 0.0000
vn 0.5774 -0.5774 0.5774
vn -0.5774 -0.5774 0.5774
vn -0.5774 -0.5774 -0.5774
vn 0.5774 -0.5774 -0.5774
vn 0.5774 0.5774 0.5774
vn -0.5774 0.5774 0.5774
vn -0.5774 0.5774 -0.5774
vn 0.5774 0.5774 -0.5774
vn 0.5774 -0.5774 0.5774
vn -0.5774 -0.5774 0.5774
vn -0.5774 -0.5774 -0.5774
vn 0.5774 -0.5774 -0.5774
vn 0.5774 0.5774 0.5774
vn -0.5774 0.5774 0.5774
vn -0.5774 0.5774 -0.5774
vn 0.5774 0.5774 -0.5774
vn 0.5774 -0.5774 0.5774
vn -0.5774 -0.5774 0.5774
vn -0.5774 -0.5774 -0.5774
vn 0.5774 -0.5774 -0.5774
vn 0.5774 0.5774 0.5774
vn -0.5774 0.5774 0.5774
vn -0.5774 0.5774 -0.5774
vn 0.5774 0.5774 -0.5774
vn 0.5774 -0.5774 0.5774
vn -0.5774 -0.5774 0.5774
vn -0.5774 -0.5774 -0.5774
vn 0.5774 -0.5774 -0.5774
vn 0.5774 0.5774 0.5774
vn -0.5774 0.5774 0.5774
vn -0.5774 0.5774 -0.5774
vn 0.5774 0.5774 -0.5774
vn 0.5774 -0.5774 0.5774
vn -0.5774 -0.5774 0.5774
vn -0.5774 -0.5774 -0.5774
vn 0.5774 -0.5774 -0.5774
vn 0.5774 0.5774 0.5774
vn -0.5774 0.5774 0.5774
vn -0.5774 0.5774 -0.5774
vn 0.5774 0.5774 -0.5774
vn 0.5774 -0.5774 0.5774
vn -0.5774 -0.5774 0.5774
vn -0.5774 -0.5774 -0.5774
vn 0.5774 -0.5774 -0.5774
vn 0.5774 0.5774 0.5774
vn -0.5774 0.5774 0.5774
vn -0.5774 0.5774 -0.5774
vn 0.5774 0.5774 -0.5774
vn 0.5774 -0.5774 0.5774
vn -0.5774 -0.5774 0.5774
vn -0.5774 -0.5774 -0.5774
vn 0.5774 -0.5774 -0.5774
vn 0.5774 0.5774 0.5774
vn -0.5774 0.5774 0.5774
vn -0.5774 0.5774 -0.5774
vn 0.5774 0.5774 -0.5774
vn 0.5774 -0.5774 0.5774
vn -0.5774 -0.5774 0.5774
vn -0.5774 -0.5774 -0.5774
vn 0.5774 -0.5774 -0.5774
vn 0.5774 0.5774 0.5774
vn -0.5774 0.5774 0.5774
vn -0.5774 0.5774 -0.5774
vn 0.5774 0.5774 -0.5774
vn 0.5774 -0.5774 0.5774
vn -0.5774 -0.5774 0.5774
vn -0.5774 -0.5774 -0.5774
vn 0.5774 -0.5774 -0.5774
vn 0.5774 0.5774 0.5774
vn -0.5774 0.5774 0.5774
vn -0.5774 0.5774 -0.5774
vn 0.5774 0.5774 -0.5774
vn 0.5774 -0.5774 0.5774
vn -0.5774 -0.5774 0.5774
vn -0.5774 -0.5774 -0.5774
vn 0.5774 -0.5774 -0.5774
vn 0.5774 0.5774 0.5774
vn -0.5774 0.5774 0.5774
vn -0.5774 0.5774 -0.5774
vn 0.5774 0.5774 -0.5774
vn 0.5774 -0.5774 0.5774
vn -0.5774 -0.5774 0.5774
vn -0.5774 -0.5774 -0.5774
vn 0.5774 -0.5774 -0.5774
vn 0.5774 0.5774 0.5774
vn -0.5774 0.5774 0.5774
vn -0.5774 0.5774 -0.5774
vn 0.5774 0.5774 -0.5774
vn 0.5774 -0.5774 0.5774
vn -0.5774 -0.5774 0.5774
vn -0.5774 -0.5774 -0.5774
vn 0.5774 -0.5774 -0.5774
vn 0.5774 0.5774 0.5774
vn -0.5774 0.5774 0.5774
vn -0.5774 0.5774 -0.5774
vn 0.5774 0.5774 -0.5774
vn -0.5774 -0.5774 -0.5774
vn 0.5774 -0.5774 -0.5774
vn 0.5774 -0.5774 0.5774
vn -0.5774 -0.5774 0.5774
vn -0.5774 0.5774 -0.5774
vn 0.5774 0.5774 -0.5774
vn 0.5774 0.5774 0.5774
vn -0.5774 0.5774 0.5774
vn -0.5774 -0.5774 -0.5774
vn 0.5774 -0.5774 -0.5774
vn 0.5774 -0.5774 0.5774
vn -0.5774 -0.5774 0.5774
vn -0.5774 0.5774 -0.5774
vn 0.5774 0.5774 -0.5774
vn 0.5774 0.5774 0.5774
vn -0.5774 0.5774 0.5774
vn -0.5774 -0.5774 -0.5774
vn 0.5774 -0.5774 -0.5774
vn 0.5774 -0.5774 0.5774
vn -0.5774 -0.5774 0.5774
vn -0.5774 0.5774 -0.5774
vn 0.5774 0.5774 -0.5774
vn 0.5774 0.5774 0.5774
vn -0.5774 0.5774 0.5774
vn -0.5774 -0.5774 -0.5774
vn 0.5774 -0.5774 -0.5774
vn 0.5774 -0.5774 0.5774
vn -0.5774 -0.5774 0.5774
vn -0.5774 0.5774 -0.5774
vn 0.5774 0.5774 -0.5774
vn 0.5774 0.5774 0.5774
vn -0.5774 0.5774 0.5774
vn -0.5774 -0.5774 -0.5774
vn 0.5774 -0.5774 -0.5774
vn 0.5774 -0.5774 0.5774
vn -0.5774 -0.5774 0.5774
vn -0.5774 0.5774 -0.5774
vn 0.5774 0.5774 -0.5774
vn 0.5774 0.5774 0.5774
vn -0.5774 0.5774 0.5774
vn -0.5774 -0.5774 -0.5774
vn 0.5774 -0.5774 -0.5774
vn 0.5774 -0.5774 0.5774
vn -0.5774 -0.5774 0.5774
vn -0.5774 0.5774 -0.5774
vn 0.5774 0.5774 -0.5774
vn 0.5774 0.5774 0.5774
vn -0.5774 0.5774 0.5774
vn -0.5774 -0.5774 -0.5774
vn 0.5774 -0.5774 -0.5774
vn 0.5774 -0.5774 0.5774
vn -0.5774 -0.5774 0.5774
vn -0.5774 0.5774 -0.5774
vn 0.5774 0.5774 -0.5774
vn 0.5774 0.5774 0.5774
vn -0.5774 0.5774 0.5774
vn -0.5774 -0.5774 -0.5774
vn 0.5774 -0.5774 -0.5774
vn 0.5774 -0.5774 0.5774
vn -0.5774 -0.5774 0.5774
vn -0.5774 0.5774 -0.5774
vn 0.5774 0.5774 -0.5774
vn 0.5774 0.5774 0.5774
vn -0.5774 0.5774 0.5774
vn -0.5774 -0.5774 -0.5774
vn 0.5774 -0.5774 -0.5774
vn 0.5774 -0.5774 0.5774
vn -0.5774 -0.5774 0.5774
vn -0.5774 0.5774 -0.5774
vn 0.5774 0.5774 -0.5774
vn 0.5774 0.5774 0.5774
vn -0.5774 0.5774 0.5774
vn -0.5774 -0.5774 -0.5774
vn 0.5774 -0.5774 -0.5774
vn 0.5774 -0.5774 0.5774
vn -0.5774 -0.5774 0.5774
vn -0.5774 0.5774 -0.5774
vn 0.5774 0.5774 -0.5774
vn 0.5774 0.5774 0.5774
vn -0.5774 0.5774 0.5774
vn -0.5774 -0.5774 -0.5774
vn 0.5774 -0.5774 -0.5774
vn 0.5774 -0.5774 0.5774
vn -0.5774 -0.5774 0.5774
vn -0.5774 0.5774 -0.5774
vn 0.5774 0.5774 -0.5774
vn 0.5774 0.5774 0.5774
vn -0.5774 0.5774 0.5774
vn -0.5774 -0.5774 -0.5774
vn 0.5774 -0.5774 -0.5774
vn 0.5774 -0.5774 0.5774
vn -0.5774 -0.5774 0.5774
vn -0.5774 0.5774 -0.5774
vn 0.5774 0.5774 -0.5774
vn 0.5774 0.5774 0.5774
vn -0.5774 0.5774 0.5774
vn 0.5774 -0.5774 -0.5774
vn 0.5774 -0.5774 0.5774
vn -0.5774 -0.5774 0.5774
vn -0.5774 -0.5774 -0.5774
vn 0.5774 0.5774 -0.5774
vn 0.5774 0.5774 0.5774
vn -0.5774 0.5774 0.5774
vn -0.5774 0.5774 -0.5774
vn 0.5774 -0.5774 -0.5774
vn 0.5774 -0.5774 0.5774
vn -0.5774 -0.5774 0.5774
vn -0.5774 -0.5774 -0.5774
vn 0.5774 0.5774 -0.5774
vn 0.5774 0.5774 0.5774
vn -0.5774 0.5774 0.5774
vn -0.5774 0.5774 -0.5774
vn 0.5774 -0.5774 -0.5774
vn 0.5774 -0.5774 0.5774
vn -0.5774 -0.5774 0.5774
vn -0.5774 -0.5774 -0.5774
vn 0.5774 0.5774 -0.5774
vn 0.5774 0.5774 0.5774
vn -0.5774 0.5774 0.5774
vn -0.5774 0.5774 -0.5774
vn 0.5774 -0.5774 -0.5774
vn 0.5774 -0.5774 0.5774
vn -0.5774 -0.5774 0.5774
vn -0.5774 -0.5774 -0.5774
vn 0.5774 0.5774 -0.5774
vn 0.5774 0.5774 0.5774
vn -0.5774 0.5774 0.5774
vn -0.5774 0.5774 -0.5774
vn 0.5774 -0.5774 -0.5774
vn 0.5774 -0.5774 0.5774
vn -0.5774 -0.5774 0.5774
vn -0.5774 -0.5774 -0.5774
vn 0.5774 0.5774 -0.5774
vn 0.5774 0.5774 0.5774
vn -0.5774 0.5774 0.5774
vn -0.5774 0.5774 -0.5774
vn 0.5774 -0.5774 -0.5774
vn 0.5774 -0.5774 0.5774
vn -0.5774 -0.5774 0.5774
vn -0.5774 -0.5774 -0.5774
vn 0.5774 0.5774 -0.5774
vn 0.5774 0.5774 0.5774
vn -0.5774 0.5774 0.5774
vn -0.5774 0.5774 -0.5774
vn 0.5774 -0.5774 -0.5774
vn 0.5774 -0.5774 0.5774
vn -0.5774 -0.5774 0.5774
vn -0.5774 -0.5774 -0.5774
vn 0.5774 0.5774 -0.5774
vn 0.5774 0.5774 0.5774
vn -0.5774 0.5774 0.5774
vn -0.5774 0.5774 -0.5774
vn 0.5774 -0.5774 -0.5774
vn 0.5774 -0.5774 0.5774
vn -0.5774 -0.5774 0.5774
vn -0.5774 -0.5774 -0.5774
vn 0.5774 0.5774 -0.5774
vn 0.5774 0.5774 0.5774
vn -0.5774 0.5774 0.5774
vn -0.5774 0.5774 -0.5774
vn 0.5774 -0.5774 -0.5774
vn 0.5774 -0.5774 0.5774
vn -0.5774 -0.5774 0.5774
vn -0.5774 -0.5774 -0.5774
vn 0.5774 0.5774 -0.5774
vn 0.5774 0.5774 0.5774
vn -0.5774 0.5774 0.5774
vn -0.5774 0.5774 -0.5774
vn 0.5774 -0.5774 -0.5774
vn 0.5774 -0.5774 0.5774
vn -0.5774 -0.5774 0.5774
vn -0.5774 -0.5774 -0.5774
vn 0.5774 0.5774 -0.5774
vn 0.5774 0.5774 0.5774
vn -0.5774 0.5774 0.5774
vn -0.5774 0.5774 -0.5774
vn 0.5774 -0.5774 -0.5774
vn 0.5774 -0.5774 0.5774
vn -0.5774 -0.5774 0.5774
vn -0.5774 -0.5774 -0.5774
vn 0.5774 0.5774 -0.5774
vn 0.5774 0.5774 0.5774
vn -0.5774 0.5774 0.5774
vn -0.5774 0.5774 -0.5774
vn -0.5774 -0.5774 0.5774
vn -0.5774 -0.5774 -0.5774
vn 0.5774 -0.5774 -0.5774
vn 0.5774 -0.5774 0.5774
vn -0.5774 0.5774 0.5774
vn -0.5774 0.5774 -0.5774
vn 0.5774 0.5774 -0.5774
vn 0.5774 0.5774 0.5774
vn -0.5774 -0.5774 0.5774
vn -0.5774 -0.5774 -0.5774
vn 0.5774 -0.5774 -0.5774
vn 0.5774 -0.5774 0.5774
vn -0.5774 0.5774 0.5774
vn -0.5774 0.5774 -0.5774
vn 0.5774 0.5774 -0.5774
vn 0.5774 0.5774 0.5774
vn -0.5774 -0.5774 0.5774
vn -0.5774 -0.5774 -0.5774
vn 0.5774 -0.5774 -0.5774
vn 0.5774 -0.5774 0.5774
vn -0.5774 0.5774 0.5774
vn -0.5774 0.5774 -0.5774
vn 0.5774 0.5774 -0.5774
vn 0.5774 0.5774 0.5774
vn -0.5774 -0.5774 0.5774
vn -0.5774 -0.5774 -0.5774
vn 0.5774 -0.5774 -0.5774
vn 0.5774 -0.5774 0.5774
vn -0.5774 0.5774 0.5774
vn -0.5774 0.5774 -0.5774
vn 0.5774 0.5774 -0.5774
vn 0.5774 0.5774 0.5774
vn -0.5774 -0.5774 0.5774
vn -0.5774 -0.5774 -0.5774
vn 0.5774 -0.5774 -0.5774
vn 0.5774 -0.5774 0.5774
vn -0.5774 0.5774 0.5774
vn -0.5774 0.5774 -0.5774
vn 0.5774 0.5774 -0.5774
vn 0.5774 0.5774 0.5774
vn -0.5774 -0.5774 0.5774
vn -0.5774 -0.5774 -0.5774
vn 0.5774 -0.5774 -0.5774
vn 0.5774 -0.5774 0.5774
vn -0.5774 0.5774 0.5774
vn -0.5774 0.5774 -0.5774
vn 0.5774 0.5774 -0.5774
vn 0.5774 0.5774 0.5774
vn -0.5774 -0.5774 0.5774
vn -0.5774 -0.5774 -0.5774
vn 0.5774 -0.5774 -0.5774
vn 0.5774 -0.5774 0.5774
vn -0.5774 0.5774 0.5774
vn -0.5774 0.5774 -0.5774
vn 0.5774 0.5774 -0.5774
vn 0.5774 0.5774 0.5774
vn -0.5774 -0.5774 0.5774
vn -0.5774 -0.5774 -0.5774
vn 0.5774 -0.5774 -0.5774
vn 0.5774 -0.5774 0.5774
vn -0.5774 0.5774 0.5774
vn -0.5774 0.5774 -0.5774
vn 0.5774 0.5774 -0.5774
vn 0.5774 0.5774 0.5774
vn -0.5774 -0.5774 0.5774
vn -0.5774 -0.5774 -0.5774
vn 0.5774 -0.5774 -0.5774
vn 0.5774 -0.5774 0.5774
vn -0.5774 0.5774 0.5774
vn -0.5774 0.5774 -0.5774
vn 0.5774 0.5774 -0.5774
vn 0.5774 0.5774 0.5774
vn -0.5774 -0.5774 0.5774
vn -0.5774 -0.5774 -0.5774
vn 0.5774 -0.5774 -0.5774
vn 0.5774 -0.5774 0.5774
vn -0.5774 0.5774 0.5774
vn -0.5774 0.5774 -0.5774
vn 0.5774 0.5774 -0.5774
vn 0.5774 0.5774 0.5774
vn -0.5774 -0.5774 0.5774
vn -0.5774 -0.5774 -0.5774
vn 0.5774 -0.5774 -0.5774
vn 0.5774 -0.5774 0.5774
vn -0.5774 0.5774 0.5774
vn -0.5774 0.5774 -0.5774
vn 0.5774 0.5774 -0.5774
vn 0.5774 0.5774 0.5774
vn -0.0000 1.0000 0.0000
vn 0.0000 1.0000 0.0000
vn 0.0000 0.0805 -0.9968
vn 0.0000 0.0805 -0.9968
vn 0.9964 0.0851 -0.0000
vn 0.9964 0.0851 0.0000
vn 0.0000 0.0805 0.9968
vn 0.0000 0.0805 0.9968
vn -0.9964 0.0851 0.0000
vn -0.9964 0.0851 0.0000
vn 0.0000 -1.0000 0.0000
vn 0.0000 -1.0000 0.0000
vn 0.5774 -0.5774 0.5774
vn -0.5774 -0.5774 0.5774
vn -0.5774 -0.5774 -0.5774
vn 0.5774 -0.5774 -0.5774
vn 0.5774 0.5774 0.5774
vn -0.5774 0.5774 0.5774
vn -0.5774 0.5774 -0.5774
vn 0.5774 0.5774 -0.5774
vn 0.5774 -0.5774 0.5774
vn -0.5774 -0.5774 0.5774
vn -0.5774 -0.5774 -0.5774
vn 0.5774 -0.5774 -0.5774
vn 0.5774 0.5774 0.5774
vn -0.5774 0.5774 0.5774
vn -0.5774 0.5774 -0.5774
vn 0.5774 0.5774 -0.5774
vn 0.5774 -0.5774 0.5774
vn -0.5774 -0.5774 0.5774
vn -0.5774 -0.5774 -0.5774
vn 0.5774 -0.5774 -0.5774
vn 0.5774 0.5774 0.5774
vn -0.5774 0.5774 0.5774
vn -0.5774 0.5774 -0.5774
vn 0.5774 0.5774 -0.5774
vn 0.5774 -0.5774 0.5774
vn -0.5774 -0.5774 0.5774
vn -0.5774 -0.5774 -0.5774
vn 0.5774 -0.5774 -0.5774
vn 0.5774 0.5774 0.5774
vn -0.5774 0.5774 0.5774
vn -0.5774 0.5774 -0.5774
vn 0.5774 0.5774 -0.5774
vn 0.5774 -0.5774 0.5774
vn -0.5774 -0.5774 0.5774
vn -0.5774 -0.5774 -0.5774
vn 0.5774 -0.5774 -0.5774
vn 0.5774 0.5774 0.5774
vn -0.5774 0.5774 0.5774
vn -0.5774 0.5774 -0.5774
vn 0.5774 0.5774 -0.5774
vn 0.5774 -0.5774 0.5774
vn -0.5774 -0.5774 0.5774
vn -0.5774 -0.5774 -0.5774
vn 0.5774 -0.5774 -0.5774
vn 0.5774 0.5774 0.5774
vn -0.5774 0.5774 0.5774
vn -0.5774 0.5774 -0.5774
vn 0.5774 0.5774 -0.5774
vn 0.5774 -0.5774 0.5774
vn -0.5774 -0.5774 0.5774
vn -0.5774 -0.5774 -0.5774
vn 0.5774 -0.5774 -0.5774
vn 0.5774 0.5774 0.5774
vn -0.5774 0.5774 0.5774
vn -0.5774 0.5774 -0.5774
vn 0.5774 0.5774 -0.5774
vn 0.5774 -0.5774 0.5774
vn -0.5774 -0.5774 0.5774
vn -0.5774 -0.5774 -0.5774
vn 0.5774 -0.5774 -0.5774
vn 0.5774 0.5774 0.5774
vn -0.5774 0.5774 0.5774
vn -0.5774 0.5774 -0.5774
vn 0.5774 0.5774 -0.5774
vn 0.5774 -0.5774 0.5774
vn -0.5774 -0.5774 0.5774
vn -0.5774 -0.5774 -0.5774
vn 0.5774 -0.5774 -0.5774
vn 0.5774 0.5774 0.5774
vn -0.5774 0.5774 0.5774
vn -0.5774 0.5774 -0.5774
vn 0.5774 0.5774 -0.5774
vn 0.5774 -0.5774 0.5774
vn -0.5774 -0.5774 0.5774
vn -0.5774 -0.5774 -0.5774
vn 0.5774 -0.5774 -0.5774
vn 0.5774 0.5774 0.5774
vn -0.5774 0.5774 0.5774
vn -0.5774 0.5774 -0.5774
vn 0.5774 0.5774 -0.5774
vn 0.5774 -0.5774 0.5774
vn -0.5774 -0.5774 0.5774
vn -0.5774 -0.5774 -0.5774
vn 0.5774 -0.5774 -0.5774
vn 0.5774 0.5774 0.5774
vn -0.5774 0.5774 0.5774
vn -0.5774 0.5774 -0.5774
vn 0.5774 0.5774 -0.5774
vn -0.5774 -0.5774 -0.5774
vn 0.5774 -0.5774 -0.5774
vn 0.5774 -0.5774 0.5774
vn -0.5774 -0.5774 0.5774
vn -0.5774 0.5774 -0.5774
vn 0.5774 0.5774 -0.5774
vn 0.5774 0.5774 0.5774
vn -0.5774 0.5774 0.5774
vn -0.5774 -0.5774 -0.5774
vn 0.5774 -0.5774 -0.5774
vn 0.5774 -0.5774 0.5774
vn -0.5774 -0.5774 0.5774
vn -0.5774 0.5774 -0.5774
vn 0.5774 0.5774 -0.5774
vn 0.5774 0.5774 0.5774
vn -0.5774 0.5774 0.5774
vn -0.5774 -0.5774 -0.5774
vn 0.5774 -0.5774 -0.5774
vn 0.5774 -0.5774 0.5774
vn -0.5774 -0.5774 0.5774
vn -0.5774 0.5774 -0.5774
vn 0.5774 0.5774 -0.5774
vn 0.5774 0.5774 0.5774
vn -0.5774 0.5774 0.5774
vn -0.5774 -0.5774 -0.5774
vn 0.5774 -0.5774 -0.5774
vn 0.5774 -0.5774 0.5774
vn -0.5774 -0.5774 0.5774
vn -0.5774 0.5774 -0.5774
vn 0.5774 0.5774 -0.5774
vn 0.5774 0.5774 0.5774
vn -0.5774 0.5774 0.5774
vn -0.5774 -0.5774 -0.5774
vn 0.5774 -0.5774 -0.5774
vn 0.5774 -0.5774 0.5774
vn -0.5774 -0.5774 0.5774
vn -0.5774 0.5774 -0.5774
vn 0.5774 0.5774 -0.5774
vn 0.5774 0.5774 0.5774
vn -0.5774 0.5774 0.5774
vn -0.5774 -0.5774 -0.5774
vn 0.5774 -0.5774 -0.5774
vn 0.5774 -0.5774 0.5774
vn -0.5774 -0.5774 0.5774
vn -0.5774 0.5774 -0.5774
vn 0.5774 0.5774 -0.5774
vn 0.5774 0.5774 0.5774
vn -0.5774 0.5774 0.5774
vn -0.5774 -0.5774 -0.5774
vn 0.5774 -0.5774 -0.5774
vn 0.5774 -0.5774 0.5774
vn -0.5774 -0.5774 0.5774
vn -0.5774 0.5774 -0.5774
vn 0.5774 0.5774 -0.5774
vn 0.5774 0.5774 0.5774
vn -0.5774 0.5774 0.5774
vn -0.5774 -0.5774 -0.5774
vn 0.5774 -0.5774 -0.5774
vn 0.5774 -0.5774 0.5774
vn -0.5774 -0.5774 0.5774
vn -0.5774 0.5774 -0.5774
vn 0.5774 0.5774 -0.5774
vn 0.5774 0.5774 0.5774
vn -0.5774 0.5774 0.5774
vn -0.5774 -0.5774 -0.5774
vn 0.5774 -0.5774 -0.5774
vn 0.5774 -0.5774 0.5774
vn -0.5774 -0.5774 0.5774
vn -0.5774 0.5774 -0.5774
vn 0.5774 0.5774 -0.5774
vn 0.5774 0.5774 0.5774
vn -0.5774 0.5774 0.5774
vn -0.5774 -0.5774 -0.5774
vn 0.5774 -0.5774 -0.5774
vn 0.5774 -0.5774 0.5774
vn -0.5774 -0.5774 0.5774
vn -0.5774 0.5774 -0.5774
vn 0.5774 0.5774 -0.5774
vn 0.5774 0.5774 0.5774
vn -0.5774 0.5774 0.5774
vn -0.5774 -0.5774 -0.5774
vn 0.5774 -0.5774 -0.5774
vn 0.5774 -0.5774 0.5774
vn -0.5774 -0.5774 0.5774
vn -0.5774 0.5774 -0.5774
vn 0.5774 0.5774 -0.5774
vn 0.5774 0.5774 0.5774
vn -0.5774 0.5774 0.5774
vn 0.5774 -0.5774 -0.5774
vn 0.5774 -0.5774 0.5774
vn -0.5774 -0.5774 0.5774
vn -0.5774 -0.5774 -0.5774
vn 0.5774 0.5774 -0.5774
vn 0.5774 0.5774 0.5774
vn -0.5774 0.5774 0.5774
vn -0.5774 0.5774 -0.5774
vn 0.5774 -0.5774 -0.5774
vn 0.5774 -0.5774 0.5774
vn -0.5774 -0.5774 0.5774
vn -0.5774 -0.5774 -0.5774
vn 0.5774 0.5774 -0.5774
vn 0.5774 0.5774 0.5774
vn -0.5774 0.5774 0.5774
vn -0.5774 0.5774 -0.5774
vn 0.5774 -0.5774 -0.5774
vn 0.5774 -0.5774 0.5774
vn -0.5774 -0.5774 0.5774
vn -0.5774 -0.5774 -0.5774
vn 0.5774 0.5774 -0.5774
vn 0.5774 0.5774 0.5774
vn -0.5774 0.5774 0.5774
vn -0.5774 0.5774 -0.5774
vn 0.5774 -0.5774 -0.5774
vn 0.5774 -0.5774 0.5774
vn -0.5774 -0.5774 0.5774
vn -0.5774 -0.5774 -0.5774
vn 0.5774 0.5774 -0.5774
vn 0.5774 0.5774 0.5774
vn -0.5774 0.5774 0.5774
vn -0.5774 0.5774 -0.5774
vn 0.5774 -0.5774 -0.5774
vn 0.5774 -0.5774 0.5774
vn -0.5774 -0.5774 0.5774
vn -0.5774 -0.5774 -0.5774
vn 0.5774 0.5774 -0.5774
vn 0.5774 0.5774 0.5774
vn -0.5774 0.5774 0.5774
vn -0.5774 0.5774 -0.5774
vn 0.5774 -0.5774 -0.5774
vn 0.5774 -0.5774 0.5774
vn -0.5774 -0.5774 0.5774
vn -0.5774 -0.5774 -0.5774
vn 0.5774 0.5774 -0.5774
vn 0.5774 0.5774 0.5774
vn -0.5774 0.5774 0.5774
vn -0.5774 0.5774 -0.5774
vn 0.5774 -0.5774 -0.5774
vn 0.5774 -0.5774 0.5774
vn -0.5774 -0.5774 0.5774
vn -0.5774 -0.5774 -0.5774
vn 0.5774 0.5774 -0.5774
vn 0.5774 0.5774 0.5774
vn -0.5774 0.5774 0.5774
vn -0.5774 0.5774 -0.5774
vn 0.5774 -0.5774 -0.5774
vn 0.5774 -0.5774 0.5774
vn -0.5774 -0.5774 0.5774
vn -0.5774 -0.5774 -0.5774
vn 0.5774 0.5774 -0.5774
vn 0.5774 0.5774 0.5774
vn -0.5774 0.5774 0.5774
vn -0.5774 0.5774 -0.5774
vn 0.5774 -0.5774 -0.5774
vn 0.5774 -0.5774 0.5774
vn -0.5774 -0.5774 0.5774
vn -0.5774 -0.5774 -0.5774
vn 0.5774 0.5774 -0.5774
vn 0.5774 0.5774 0.5774
vn -0.5774 0.5774 0.5774
vn -0.5774 0.5774 -0.5774
vn 0.5774 -0.5774 -0.5774
vn 0.5774 -0.5774 0.5774
vn -0.5774 -0.5774 0.5774
vn -0.5774 -0.5774 -0.5774
vn 0.5774 0.5774 -0.5774
vn 0.5774 0.5774 0.5774
vn -0.5774 0.5774 0.5774
vn -0.5774 0.5774 -0.5774
vn 0.5774 -0.5774 -0.5774
vn 0.5774 -0.5774 0.5774
vn -0.5774 -0.5774 0.5774
vn -0.5774 -0.5774 -0.5774
vn 0.5774 0.5774 -0.5774
vn 0.5774 0.5774 0.5774
vn -0.5774 0.5774 0.5774
vn -0.5774 0.5774 -0.5774
vn -0.5774 -0.5774 0.5774
vn -0.5774 -0.5774 -0.5774
vn 0.5774 -0.5774 -0.5774
vn 0.5774 -0.5774 0.5774
vn -0.5774 0.5774 0.5774
vn -0.5774 0.5774 -0.5774
vn 0.5774 0.5774 -0.5774
vn 0.5774 0.5774 0.5774
vn -0.5774 -0.5774 0.5774
vn -0.5774 -0.5774 -0.5774
vn 0.5774 -0.5774 -0.5774
vn 0.5774 -0.5774 0.5774
vn -0.5774 0.5774 0.5774
vn -0.5774 0.5774 -0.5774
vn 0.5774 0.5774 -0.5774
vn 0.5774 0.5774 0.5774
vn -0.5774 -0.5774 0.5774
vn -0.5774 -0.5774 -0.5774
vn 0.5774 -0.5774 -0.5774
vn 0.5774 -0.5774 0.5774
vn -0.5774 0.5774 0.5774
vn -0.5774 0.5774 -0.5774
vn 0.5774 0.5774 -0.5774
vn 0.5774 0.5774 0.5774
vn -0.5774 -0.5774 0.5774
vn -0.5774 -0.5774 -0.5774
vn 0.5774 -0.5774 -0.5774
vn 0.5774 -0.5774 0.5774
vn -0.5774 0.5774 0.5774
vn -0.5774 0.5774 -0.5774
vn 0.5774 0.5774 -0.5774
vn 0.5774 0.5774 0.5774
vn -0.5774 -0.5774 0.5774
vn -0.5774 -0.5774 -0.5774
vn 0.5774 -0.5774 -0.5774
vn 0.5774 -0.5774 0.5774
vn -0.5774 0.5774 0.5774
vn -0.5774 0.5774 -0.5774
vn 0.5774 0.5774 -0.5774
vn 0.5774 0.5774 0.5774
vn -0.5774 -0.5774 0.5774
vn -0.5774 -0.5774 -0.5774
vn 0.5774 -0.5774 -0.5774
vn 0.5774 -0.5774 0.5774
vn -0.5774 0.5774 0.5774
vn -0.5774 0.5774 -0.5774
vn 0.5774 0.5774 -0.5774
vn 0.5774 0.5774 0.5774
vn -0.5774 -0.5774 0.5774
vn -0.5774 -0.5774 -0.5774
vn 0.5774 -0.5774 -0.5774
vn 0.5774 -0.5774 0.5774
vn -0.5774 0.5774 0.5774
vn -0.5774 0.5774 -0.5774
vn 0.5774 0.5774 -0.5774
vn 0.5774 0.5774 0.5774
vn -0.5774 -0.5774 0.5774
vn -0.5774 -0.5774 -0.5774
vn 0.5774 -0.5774 -0.5774
vn 0.5774 -0.5774 0.5774
vn -0.5774 0.5774 0.5774
vn -0.5774 0.5774 -0.5774
vn 0.5774 0.5774 -0.5774
vn 0.5774 0.5774 0.5774
vn -0.5774 -0.5774 0.5774
vn -0.5774 -0.5774 -0.5774
vn 0.5774 -0.5774 -0.5774
vn 0.5774 -0.5774 0.5774
vn -0.5774 0.5774 0.5774
vn -0.5774 0.5774 -0.5774
vn 0.5774 0.5774 -0.5774
vn 0.5774 0.5774 0.5774
vn -0.5774 -0.5774 0.5774
vn -0.5774 -0.5774 -0.5774
vn 0.5774 -0.5774 -0.5774
vn 0.5774 -0.5774 0.5774
vn -0.5774 0.5774 0.5774
vn -0.5774 0.5774 -0.5774
vn 0.5774 0.5774 -0.5774
vn 0.5774 0.5774 0.5774
vn -0.5774 -0.5774 0.5774
vn -0.5774 -0.5774 -0.5774
vn 0.5774 -0.5774 -0.5774
vn 0.5774 -0.5774 0.5774
vn -0.5774 0.5774 0.5774
vn -0.5774 0.5774 -0.5774
vn 0.5774 0.5774 -0.5774
vn 0.5774 0.5774 0.5774
vn -0.0000 1.0000 0.0000
vn 0.0000 1.0000 0.0000
vn 0.0000 0.0805 -0.9968
vn 0.0000 0.0805 -0.9968
vn 0.9964 0.0851 -0.0000
vn 0.9964 0.0851 0.0000
vn 0.0000 0.0805 0.9968
vn 0.0000 0.0805 0.9968
vn -0.9964 0.0851 0.0000
vn -0.9964 0.0851 0.0000
vn 0.0000 -1.0000 0.0000
vn 0.0000 -1.0000 0.0000
vn 0.5774 -0.5774 0.5774
vn -0.5774 -0.5774 0.5774
vn -0.5774 -0.5774 -0.5774
vn 0.5774 -0.5774 -0.5774
vn 0.5774 0.5774 0.5774
vn -0.5774 0.5774 0.5774
vn -0.5774 0.5774 -0.5774
vn 0.5774 0.5774 -0.5774
vn 0.5774 -0.5774 0.5774
vn -0.5774 -0.5774 0.5774
vn -0.5774 -0.5774 -0.5774
vn 0.5774 -0.5774 -0.5774
vn 0.5774 0.5774 0.5774
vn -0.5774 0.5774 0.5774
vn -0.5774 0.5774 -0.5774
vn 0.5774 0.5774 -0.5774
vn 0.5774 -0.5774 0.5774
vn -0.5774 -0.5774 0.5774
vn -0.5774 -0.5774 -0.5774
vn 0.5774 -0.5774 -0.5774
vn 0.5774 0.5774 0.5774
vn -0.5774 0.5774 0.5774
vn -0.5774 0.5774 -0.5774
vn 0.5774 0.5774 -0.5774
vn 0.5774 -0.5774 0.5774
vn -0.5774 -0.5774 0.5774
vn -0.5774 -0.5774 -0.5774
vn 0.5774 -0.5774 -0.5774
vn 0.5774 0.5774 0.5774
vn -0.5774 0.5774 0.5774
vn -0.5774 0.5774 -0.5774
vn 0.5774 0.5774 -0.5774
vn 0.5774 -0.5774 0.5774
vn -0.5774 -0.5774 0.5774
vn -0.5774 -0.5774 -0.5774
vn 0.5774 -0.5774 -0.5774
vn 0.5774 0.5774 0.5774
vn -0.5774 0.5774 0.5774
vn -0.5774 0.5774 -0.5774
vn 0.5774 0.5774 -0.5774
vn 0.5774 -0.5774 0.5774
vn -0.5774 -0.5774 0.5774
vn -0.5774 -0.5774 -0.5774
vn 0.5774 -0.5774 -0.5774
vn 0.5774 0.5774 0.5774
vn -0.5774 0.5774 0.5774
vn -0.5774 0.5774 -0.5774
vn 0.5774 0.5774 -0.5774
vn 0.5774 -0.5774 0.5774
vn -0.5774 -0.5774 0.5774
vn -0.5774 -0.5774 -0.5774
vn 0.5774 -0.5774 -0.5774
vn 0.5774 0.5774 0.5774
vn -0.5774 0.5774 0.5774
vn -0.5774 0.5774 -0.5774
vn 0.5774 0.5774 -0.5774
vn 0.5774 -0.5774 0.5774
vn -0.5774 -0.5774 0.5774
vn -0.5774 -0.5774 -0.5774
vn 0.5774 -0.5774 -0.5774
vn 0.5774 0.5774 0.5774
vn -0.5774 0.5774 0.5774
vn -0.5774 0.5774 -0.5774
vn 0.5774 0.5774 -0.5774
vn 0.5774 -0.5774 0.5774
vn -0.5774 -0.5774 0.5774
vn -0.5774 -0.5774 -0.5774
vn 0.5774 -0.5774 -0.5774
vn 0.5774 0.5774 0.5774
vn -0.5774 0.5774 0.5774
vn -0.5774 0.5774 -0.5774
vn 0.5774 0.5774 -0.5774
vn 0.5774 -0.5774 0.5774
vn -0.5774 -0.5774 0.5774
vn -0.5774 -0.5774 -0.5774
vn 0.5774 -0.5774 -0.5774
vn 0.5774 0.5774 0.5774
vn -0.5774 0.5774 0.5774
vn -0.5774 0.5774 -0.5774
vn 0.5774 0.5774 -0.5774
vn -0.5774 -0.5774 -0.5774
vn 0.5774 -0.5774 -0.5774
vn 0.5774 -0.5774 0.5774
vn -0.5774 -0.5774 0.5774
vn -0.5774 0.5774 -0.5774
vn 0.5774 0.5774 -0.5774
vn 0.5774 0.5774 0.5774
vn -0.5774 0.5774 0.5774
vn -0.5774 -0.5774 -0.5774
vn 0.5774 -0.5774 -0.5774
vn 0.5774 -0.5774 0.5774
vn -0.5774 -0.5774 0.5774
vn -0.5774 0.5774 -0.5774
vn 0.5774 0.5774 -0.5774
vn 0.5774 0.5774 0.5774
vn -0.5774 0.5774 0.5774
vn -0.5774 -0.5774 -0.5774
vn 0.5774 -0.5774 -0.5774
vn 0.5774 -0.5774 0.5774
vn -0.5774 -0.5774 0.5774
vn -0.5774 0.5774 -0.5774
vn 0.5774 0.5774 -0.5774
vn 0.5774 0.5774 0.5774
vn -0.5774 0.5774 0.5774
vn -0.5774 -0.5774 -0.5774
vn 0.5774 -0.5774 -0.5774
vn 0.5774 -0.5774 0.5774
vn -0.5774 -0.5774 0.5774
vn -0.5774 0.5774 -0.5774
vn 0.5774 0.5774 -0.5774
vn 0.5774 0.5774 0.5774
vn -0.5774 0.5774 0.5774
vn -0.5774 -0.5774 -0.5774
vn 0.5774 -0.5774 -0.5774
vn 0.5774 -0.5774 0.5774
vn -0.5774 -0.5774 0.5774
vn -0.5774 0.5774 -0.5774
vn 0.5774 0.5774 -0.5774
vn 0.5774 0.5774 0.5774
vn -0.5774 0.5774 0.5774
vn -0.5774 -0.5774 -0.5774
vn 0.5774 -0.5774 -0.5774
vn 0.5774 -0.5774 0.5774
vn -0.5774 -0.5774 0.5774
vn -0.5774 0.5774 -0.5774
vn 0.5774 0.5774 -0.5774
vn 0.5774 0.5774 0.5774
vn -0.5774 0.5774 0.5774
vn -0.5774 -0.5774 -0.5774
vn 0.5774 -0.5774 -0.5774
vn 0.5774 -0.5774 0.5774
vn -0.5774 -0.5774 0.5774
vn -0.5774 0.5774 -0.5774
vn 0.5774 0.5774 -0.5774
vn 0.5774 0.5774 0.5774
vn -0.5774 0.5774 0.5774
vn -0.5774 -0.5774 -0.5774
vn 0.5774 -0.5774 -0.5774
vn 0.5774 -0.5774 0.5774
vn -0.5774 -0.5774 0.5774
vn -0.5774 0.5774 -0.5774
vn 0.5774 0.5774 -0.5774
vn 0.5774 0.5774 0.5774
vn -0.5774 0.5774 0.5774
vn -0.5774 -0.5774 -0.5774
vn 0.5774 -0.5774 -0.5774
vn 0.5774 -0.5774 0.5774
vn -0.5774 -0.5774 0.5774
vn -0.5774 0.5774 -0.5774
vn 0.5774 0.5774 -0.5774
vn 0.5774 0.5774 0.5774
vn -0.5774 0.5774 0.5774
vn -0.5774 -0.5774 -0.5774
vn 0.5774 -0.5774 -0.5774
vn 0.5774 -0.5774 0.5774
vn -0.5774 -0.5774 0.5774
vn -0.5774 0.5774 -0.5774
vn 0.5774 0.5774 -0.5774
vn 0.5774 0.5774 0.5774
vn -0.5774 0.5774 0.5774
vn 0.5774 -0.5774 -0.5774
vn 0.5774 -0.5774 0.5774
vn -0.5774 -0.5774 0.5774
vn -0.5774 -0.5774 -0.5774
vn 0.5774 0.5774 -0.5774
vn 0.5774 0.5774 0.5774
vn -0.5774 0.5774 0.5774
vn -0.5774 0.5774 -0.5774
vn 0.5774 -0.5774 -0.5774
vn 0.5774 -0.5774 0.5774
vn -0.5774 -0.5774 0.5774
vn -0.5774 -0.5774 -0.5774
vn 0.5774 0.5774 -0.5774
vn 0.5774 0.5774 0.5774
vn -0.5774 0.5774 0.5774
vn -0.5774 0.5774 -0.5774
vn 0.5774 -0.5774 -0.5774
vn 0.5774 -0.5774 0.5774
vn -0.5774 -0.5774 0.5774
vn -0.5774 -0.5774 -0.5774
vn 0.5774 0.5774 -0.5774
vn 0.5774 0.5774 0.5774
vn -0.5774 0.5774 0.5774
vn -0.5774 0.5774 -0.5774
vn 0.5774 -0.5774 -0.5774
vn 0.5774 -0.5774 0.5774
vn -0.5774 -0.5774 0.5774
vn -0.5774 -0.5774 -0.5774
vn 0.5774 0.5774 -0.5774
vn 0.5774 0.5774 0.5774
vn -0.5774 0.5774 0.5774
vn -0.5774 0.5774 -0.5774
vn 0.5774 -0.5774 -0.5774
vn 0.5774 -0.5774 0.5774
vn -0.5774 -0.5774 0.5774
vn -0.5774 -0.5774 -0.5774
vn 0.5774 0.5774 -0.5774
vn 0.5774 0.5774 0.5774
vn -0.5774 0.5774 0.5774
vn -0.5774 0.5774 -0.5774
vn 0.5774 -0.5774 -0.5774
vn 0.5774 -0.5774 0.5774
vn -0.5774 -0.5774 0.5774
vn -0.5774 -0.5774 -0.5774
vn 0.5774 0.5774 -0.5774
vn 0.5774 0.5774 0.5774
vn -0.5774 0.5774 0.5774
vn -0.5774 0.5774 -0.5774
vn 0.5774 -0.5774 -0.5774
vn 0.5774 -0.5774 0.5774
vn -0.5774 -0.5774 0.5774
vn -0.5774 -0.5774 -0.5774
vn 0.5774 0.5774 -0.5774
vn 0.5774 0.5774 0.5774
vn -0.5774 0.5774 0.5774
vn -0.5774 0.5774 -0.5774
vn 0.5774 -0.5774 -0.5774
vn 0.5774 -0.5774 0.5774
vn -0.5774 -0.5774 0.5774
vn -0.5774 -0.5774 -0.5774
vn 0.5774 0.5774 -0.5774
vn 0.5774 0.5774 0.5774
vn -0.5774 0.5774 0.5774
vn -0.5774 0.5774 -0.5774
vn 0.5774 -0.5774 -0.5774
vn 0.5774 -0.5774 0.5774
vn -0.5774 -0.5774 0.5774
vn -0.5774 -0.5774 -0.5774
vn 0.5774 0.5774 -0.5774
vn 0.5774 0.5774 0.5774
vn -0.5774 0.5774 0.5774
vn -0.5774 0.5774 -0.5774
vn 0.5774 -0.5774 -0.5774
vn 0.5774 -0.5774 0.5774
vn -0.5774 -0.5774 0.5774
vn -0.5774 -0.5774 -0.5774
vn 0.5774 0.5774 -0.5774
vn 0.5774 0.5774 0.5774
vn -0.5774 0.5774 0.5774
vn -0.5774 0.5774 -0.5774
vn -0.5774 -0.5774 0.5774
vn -0.5774 -0.5774 -0.5774
vn 0.5774 -0.5774 -0.5774
vn 0.5774 -0.5774 0.5774
vn -0.5774 0.5774 0.5774
vn -0.5774 0.5774 -0.5774
vn 0.5774 0.5774 -0.5774
vn 0.5774 0.5774 0.5774
vn -0.5774 -0.5774 0.5774
vn -0.5774 -0.5774 -0.5774
vn 0.5774 -0.5774 -0.5774
vn 0.5774 -0.5774 0.5774
vn -0.5774 0.5774 0.5774
vn -0.5774 0.5774 -0.5774
vn 0.5774 0.5774 -0.5774
vn 0.5774 0.5774 0.5774
vn -0.5774 -0.5774 0.5774
vn -0.5774 -0.5774 -0.5774
vn 0.5774 -0.5774 -0.5774
vn 0.5774 -0.5774 0.5774
vn -0.5774 0.5774 0.5774
vn -0.5774 0.5774 -0.5774
vn 0.5774 0.5774 -0.5774
vn 0.5774 0.5774 0.5774
vn -0.5774 -0.5774 0.5774
vn -0.5774 -0.5774 -0.5774
vn 0.5774 -0.5774 -0.5774
vn 0.5774 -0.5774 0.5774
vn -0.5774 0.5774 0.5774
vn -0.5774 0.5774 -0.5774
vn 0.5774 0.5774 -0.5774
vn 0.5774 0.5774 0.5774
vn -0.5774 -0.5774 0.5774
vn -0.5774 -0.5774 -0.5774
vn 0.5774 -0.5774 -0.5774
vn 0.5774 -0.5774 0.5774
vn -0.5774 0.5774 0.5774
vn -0.5774 0.5774 -0.5774
vn 0.5774 0.5774 -0.5774
vn 0.5774 0.5774 0.5774
vn -0.5774 -0.5774 0.5774
vn -0.5774 -0.5774 -0.5774
vn 0.5774 -0.5774 -0.5774
vn 0.5774 -0.5774 0.5774
vn -0.5774 0.5774 0.5774
vn -0.5774 0.5774 -0.5774
vn 0.5774 0.5774 -0.5774
vn 0.5774 0.5774 0.5774
vn -0.5774 -0.5774 0.5774
vn -0.5774 -0.5774 -0.5774
vn 0.5774 -0.5774 -0.5774
vn 0.5774 -0.5774 0.5774
vn -0.5774 0.5774 0.5774
vn -0.5774 0.5774 -0.5774
vn 0.5774 0.5774 -0.5774
vn 0.5774 0.5774 0.5774
vn -0.5774 -0.5774 0.5774
vn -0.5774 -0.5774 -0.5774
vn 0.5774 -0.5774 -0.5774
vn 0.5774 -0.5774 0.5774
vn -0.5774 0.5774 0.5774
vn -0.5774 0.5774 -0.5774
vn 0.5774 0.5774 -0.5774
vn 0.5774 0.5774 0.5774
vn -0.5774 -0.5774 0.5774
vn -0.5774 -0.5774 -0.5774
vn 0.5774 -0.5774 -0.5774
vn 0.5774 -0.5774 0.5774
vn -0.5774 0.5774 0.5774
vn -0.5774 0.5774 -0.5774
vn 0.5774 0.5774 -0.5774
vn 0.5774 0.5774 0.5774
vn -0.5774 -0.5774 0.5774
vn -0.5774 -0.5774 -0.5774
vn 0.5774 -0.5774 -0.5774
vn 0.5774 -0.5774 0.5774
vn -0.5774 0.5774 0.5774
vn -0.5774 0.5774 -0.5774
vn 0.5774 0.5774 -0.5774
vn 0.5774 0.5774 0.5774
vn 0.0848 0.9932 0.0802
vn 0.0848 0.9932 0.0802
vn -0.0000 0.0805 -0.9968
vn 0.0000 0.0805 -0.9968
vn 0.9964 -0.0845 -0.0068
vn 0.9964 -0.0845 -0.0068
vn 0.0000 -0.0805 0.9968
vn 0.0000 -0.0805 0.9968
vn -0.9964 0.0845 0.0068
vn -0.9964 0.0845 0.0068
vn -0.0848 -0.9932 -0.0802
vn -0.0848 -0.9932 -0.0802
vn 0.6290 -0.6290 0.4570
vn -0.2402 -0.6290 0.7394
vn -0.7774 -0.6290 -0.0000
vn -0.2402 -0.6290 -0.7394
vn 0.6290 -0.6290 -0.4570
vn 0.6290 0.6290 0.4570
vn -0.2402 0.6290 0.7394
vn -0.7774 0.6290 0.0000
vn -0.2402 0.6290 -0.7394
vn 0.6290 0.6290 -0.4570
vn 0.6290 -0.6290 0.4570
vn -0.2402 -0.6290 0.7394
vn -0.7774 -0.6290 -0.0000
vn -0.2402 -0.6290 -0.7394
vn 0.6290 -0.6290 -0.4570
vn 0.6290 0.6290 0.4570
vn -0.2402 0.6290 0.7394
vn -0.7774 0.6290 0.0000
vn -0.2402 0.6290 -0.7394
vn 0.6290 0.6290 -0.4570
vn 0.6290 -0.6290 0.4570
vn -0.2402 -0.6290 0.7394
vn -0.7774 -0.6290 -0.0000
vn -0.2402 -0.6290 -0.7394
vn 0.6290 -0.6290 -0.4570
vn 0.6290 0.6290 0.4570
vn -0.2402 0.6290 0.7394
vn -0.7774 0.6290 0.0000
vn -0.2402 0.6290 -0.7394
vn 0.6290 0.6290 -0.4570
vn 0.6290 -0.6290 0.4570
vn -0.2402 -0.6290 0.7394
vn -0.7774 -0.6290 -0.0000
vn -0.2402 -0.6290 -0.7394
vn 0.6290 -0.6290 -0.4570
vn 0.6290 0.6290 0.4570
vn -0.2402 0.6290 0.7394
vn -0.7774 0.6290 0.0000
vn -0.2402 0.6290 -0.7394
vn 0.6290 0.6290 -0.4570
vn 0.6290 -0.6290 0.4570
vn -0.2402 -0.6290 0.7394
vn -0.7774 -0.6290 -0.0000
vn -0.2402 -0.6290 -0.7394
vn 0.6290 -0.6290 -0.4570
vn 0.6290 0.6290 0.4570
vn -0.2402 0.6290 0.7394
vn -0.7774 0.6290 0.0000
vn -0.2402 0.6290 -0.7394
vn 0.6290 0.6290 -0.4570
vn 0.6290 -0.6290 0.4570
vn -0.2402 -0.6290 0.7394
vn -0.7774 -0.6290 -0.0000
vn -0.2402 -0.6290 -0.7394
vn 0.6290 -0.6290 -0.4570
vn 0.6290 0.6290 0.4570
vn -0.2402 0.6290 0.7394
vn -0.7774 0.6290 0.0000
vn -0.2402 0.6290 -0.7394
vn 0.6290 0.6290 -0.4570
vn 0.0848 0.9932 -0.0802
vn 0.0848 0.9932 -0.0802
vn 0.0000 -0.0805 -0.9968
vn 0.0000 -0.0805 -0.9968
vn 0.9964 -0.0845 0.0068
vn 0.9964 -0.0845 0.0068
vn -0.0000 0.0805 0.9968
vn 0.0000 0.0805 0.9968
vn -0.9964 0.0845 -0.0068
vn -0.9964 0.0845 -0.0068
vn -0.0848 -0.9932 0.0802
vn -0.0848 -0.9932 0.0802
vn 0.6290 -0.6290 0.4570
vn -0.2402 -0.6290 0.7394
vn -0.7774 -0.6290 -0.0000
vn -0.2402 -0.6290 -0.7394
vn 0.6290 -0.6290 -0.4570
vn 0.6290 0.6290 0.4570
vn -0.2402 0.6290 0.7394
vn -0.7774 0.6290 0.0000
vn -0.2402 0.6290 -0.7394
vn 0.6290 0.6290 -0.4570
vn 0.6290 -0.6290 0.4570
vn -0.2402 -0.6290 0.7394
vn -0.7774 -0.6290 -0.0000
vn -0.2402 -0.6290 -0.7394
vn 0.6290 -0.6290 -0.4570
vn 0.6290 0.6290 0.4570
vn -0.2402 0.6290 0.7394
vn -0.7774 0.6290 0.0000
vn -0.2402 0.6290 -0.7394
vn 0.6290 0.6290 -0.4570
vn 0.6290 -0.6290 0.4570
vn -0.2402 -0.6290 0.7394
vn -0.7774 -0.6290 -0.0000
vn -0.2402 -0.6290 -0.7394
vn 0.6290 -0.6290 -0.4570
vn 0.6290 0.6290 0.4570
vn -0.2402 0.6290 0.7394
vn -0.7774 0.6290 0.0000
vn -0.2402 0.6290 -0.7394
vn 0.6290 0.6290 -0.4570
vn 0.6290 -0.6290 0.4570
vn -0.2402 -0.6290 0.7394
vn -0.7774 -0.6290 -0.0000
vn -0.2402 -0.6290 -0.7394
vn 0.6290 -0.6290 -0.4570
vn 0.6290 0.6290 0.4570
vn -0.2402 0.6290 0.7394
vn -0.7774 0.6290 0.0000
vn -0.2402 0.6290 -0.7394
vn 0.6290 0.6290 -0.4570
vn 0.6290 -0.6290 0.4570
vn -0.2402 -0.6290 0.7394
vn -0.7774 -0.6290 -0.0000
vn -0.2402 -0.6290 -0.7394
vn 0.6290 -0.6290 -0.4570
vn 0.6290 0.6290 0.4570
vn -0.2402 0.6290 0.7394
vn -0.7774 0.6290 0.0000
vn -0.2402 0.6290 -0.7394
vn 0.6290 0.6290 -0.4570
vn 0.6290 -0.6290 0.4570
vn -0.2402 -0.6290 0.7394
vn -0.7774 -0.6290 -0.0000
vn -0.2402 -0.6290 -0.7394
vn 0.6290 -0.6290 -0.4570
vn 0.6290 0.6290 0.4570
vn -0.2402 0.6290 0.7394
vn -0.7774 0.6290 0.0000
vn -0.2402 0.6290 -0.7394
vn 0.6290 0.6290 -0.4570
vn -0.0848 0.9932 0.0802
vn -0.0848 0.9932 0.0802
vn 0.0000 0.0805 -0.9968
vn 0.0000 0.0805 -0.9968
vn 0.9964 0.0845 0.0068
vn 0.9964 0.0845 0.0068
vn -0.0000 -0.0805 0.9968
vn 0.0000 -0.0805 0.9968
vn -0.9964 -0.0845 -0.0068
vn -0.9964 -0.0845 -0.0068
vn 0.0848 -0.9932 -0.0802
vn 0.0848 -0.9932 -0.0802
vn 0.6290 -0.6290 0.4570
vn -0.2402 -0.6290 0.7394
vn -0.7774 -0.6290 -0.0000
vn -0.2402 -0.6290 -0.7394
vn 0.6290 -0.6290 -0.4570
vn 0.6290 0.6290 0.4570
vn -0.2402 0.6290 0.7394
vn -0.7774 0.6290 0.0000
vn -0.2402 0.6290 -0.7394
vn 0.6290 0.6290 -0.4570
vn 0.6290 -0.6290 0.4570
vn -0.2402 -0.6290 0.7394
vn -0.7774 -0.6290 -0.0000
vn -0.2402 -0.6290 -0.7394
vn 0.6290 -0.6290 -0.4570
vn 0.6290 0.6290 0.4570
vn -0.2402 0.6290 0.7394
vn -0.7774 0.6290 0.0000
vn -0.2402 0.6290 -0.7394
vn 0.6290 0.6290 -0.4570
vn 0.6290 -0.6290 0.4570
vn -0.2402 -0.6290 0.7394
vn -0.7774 -0.6290 -0.0000
vn -0.2402 -0.6290 -0.7394
vn 0.6290 -0.6290 -0.4570
vn 0.6290 0.6290 0.4570
vn -0.2402 0.6290 0.7394
vn -0.7774 0.6290 0.0000
vn -0.2402 0.6290 -0.7394
vn 0.6290 0.6290 -0.4570
vn 0.6290 -0.6290 0.4570
vn -0.2402 -0.6290 0.7394
vn -0.7774 -0.6290 -0.0000
vn -0.2402 -0.6290 -0.7394
vn 0.6290 -0.6290 -0.4570
vn 0.6290 0.6290 0.4570
vn -0.2402 0.6290 0.7394
vn -0.7774 0.6290 0.0000
vn -0.2402 0.6290 -0.7394
vn 0.6290 0.6290 -0.4570
vn 0.6290 -0.6290 0.4570
vn -0.2402 -0.6290 0.7394
vn -0.7774 -0.6290 -0.0000
vn -0.2402 -0.6290 -0.7394
vn 0.6290 -0.6290 -0.4570
vn 0.6290 0.6290 0.4570
vn -0.2402 0.6290 0.7394
vn -0.7774 0.6290 0.0000
vn -0.2402 0.6290 -0.7394
vn 0.6290 0.6290 -0.4570
vn 0.6290 -0.6290 0.4570
vn -0.2402 -0.6290 0.7394
vn -0.7774 -0.6290 -0.0000
vn -0.2402 -0.6290 -0.7394
vn 0.6290 -0.6290 -0.4570
vn 0.6290 0.6290 0.4570
vn -0.2402 0.6290 0.7394
vn -0.7774 0.6290 0.0000
vn -0.2402 0.6290 -0.7394
vn 0.6290 0.6290 -0.4570
vn -0.0848 0.9932 -0.0802
vn -0.0848 0.9932 -0.0802
vn -0.0000 -0.0805 -0.9968
vn 0.0000 -0.0805 -0.9968
vn 0.9964 0.0845 -0.0068
vn 0.9964 0.0845 -0.0068
vn 0.0000 0.0805 0.9968
vn -0.0000 0.0805 0.9968
vn -0.9964 -0.0845 0.0068
vn -0.9964 -0.0845 0.0068
vn 0.0848 -0.9932 0.0802
vn 0.0848 -0.9932 0.0802
vn 0.6290 -0.6290 0.4570
vn -0.2402 -0.6290 0.7394
vn -0.7774 -0.6290 -0.0000
vn -0.2402 -0.6290 -0.7394
vn 0.6290 -0.6290 -0.4570
vn 0.6290 0.6290 0.4570
vn -0.2402 0.6290 0.7394
vn -0.7774 0.6290 0.0000
vn -0.2402 0.6290 -0.7394
vn 0.6290 0.6290 -0.4570
vn 0.6290 -0.6290 0.4570
vn -0.2402 -0.6290 0.7394
vn -0.7774 -0.6290 -0.0000
vn -0.2402 -0.6290 -0.7394
vn 0.6290 -0.6290 -0.4570
vn 0.6290 0.6290 0.4570
vn -0.2402 0.6290 0.7394
vn -0.7774 0.6290 0.0000
vn -0.2402 0.6290 -0.7394
vn 0.6290 0.6290 -0.4570
vn 0.6290 -0.6290 0.4570
vn -0.2402 -0.6290 0.7394
vn -0.7774 -0.6290 -0.0000
vn -0.2402 -0.6290 -0.7394
vn 0.6290 -0.6290 -0.4570
vn 0.6290 0.6290 0.4570
vn -0.2402 0.6290 0.7394
vn -0.7774 0.6290 0.0000
vn -0.2402 0.6290 -0.7394
vn 0.6290 0.6290 -0.4570
vn 0.6290 -0.6290 0.4570
vn -0.2402 -0.6290 0.7394
vn -0.7774 -0.6290 -0.0000
vn -0.2402 -0.6290 -0.7394
vn 0.6290 -0.6290 -0.4570
vn 0.6290 0.6290 0.4570
vn -0.2402 0.6290 0.7394
vn -0.7774 0.6290 0.0000
vn -0.2402 0.6290 -0.7394
vn 0.6290 0.6290 -0.4570
vn 0.6290 -0.6290 0.4570
vn -0.2402 -0.6290 0.7394
vn -0.7774 -0.6290 -0.0000
vn -0.2402 -0.6290 -0.7394
vn 0.6290 -0.6290 -0.4570
vn 0.6290 0.6290 0.4570
vn -0.2402 0.6290 0.7394
vn -0.7774 0.6290 0.0000
vn -0.2402 0.6290 -0.7394
vn 0.6290 0.6290 -0.4570
vn 0.6290 -0.6290 0.4570
vn -0.2402 -0.6290 0.7394
vn -0.7774 -0.6290 -0.0000
vn -0.2402 -0.6290 -0.7394
vn 0.6290 -0.6290 -0.4570
vn 0.6290 0.6290 0.4570
vn -0.2402 0.6290 0.7394
vn -0.7774 0.6290 0.0000
vn -0.2402 0.6290 -0.7394
vn 0.6290 0.6290 -0.4570
vn -0.0000 1.0000 0.0000
vn 0.0000 1.0000 0.0000
vn 0.0000 0.0000 -1.0000
vn 0.0000 0.0000 -1.0000
vn 1.0000 0.0000 -0.0000
vn 1.0000 0.0000 0.0000
vn 0.0000 0.0000 1.0000
vn 0.0000 0.0000 1.0000
vn -1.0000 0.0000 -0.0000
vn -1.0000 -0.0000 0.0000
vn 0.0000 -1.0000 0.0000
vn 0.0000 -1.0000 0.0000
vn -0.0000 1.0000 0.0000
vn 0.0000 1.0000 0.0000
vn 0.0000 0.0000 -1.0000
vn 0.0000 0.0000 -1.0000
vn 1.0000 0.0000 -0.0000
vn 1.0000 0.0000 0.0000
vn 0.0000 0.0000 1.0000
vn 0.0000 0.0000 1.0000
vn -1.0000 0.0000 -0.0000
vn -1.0000 -0.0000 0.0000
vn -0.0000 1.0000 0.0000
vn 0.0000 1.0000 0.0000
vn 0.0000 0.0000 -1.0000
vn 0.0000 0.0000 -1.0000
vn 1.0000 0.0000 -0.0000
vn 1.0000 0.0000 0.0000
vn 0.0000 0.0000 1.0000
vn 0.0000 0.0000 1.0000
vn -1.0000 0.0000 -0.0000
vn -1.0000 -0.0000 0.0000
vn 0.0000 -1.0000 0.0000
vn 0.0000 -1.0000 0.0000
vn -0.0000 1.0000 0.0000
vn 0.0000 1.0000 0.0000
vn 0.0000 0.0000 -1.0000
vn 0.0000 0.0000 -1.0000
vn 1.0000 0.0000 -0.0000
vn 1.0000 0.0000 0.0000
vn 0.0000 0.0000 1.0000
vn 0.0000 0.0000 1.0000
vn -1.0000 0.0000 -0.0000
vn -1.0000 -0.0000 0.0000
vn 0.0000 -1.0000 0.0000
vn 0.0000 -1.0000 0.0000
vn -0.0000 1.0000 0.0000
vn 0.0000 1.0000 0.0000
vn 0.0000 0.0000 -1.0000
vn 0.0000 0.0000 -1.0000
vn 1.0000 0.0000 -0.0000
vn 1.0000 0.0000 0.0000
vn 0.0000 0.0000 1.0000
vn 0.0000 0.0000 1.0000
vn -1.0000 0.0000 -0.0000
vn -1.0000 -0.0000 0.0000
vn 0.0000 -1.0000 0.0000
vn 0.0000 -1.0000 0.0000
vn -0.0000 1.0000 0.0000
vn 0.0000 1.0000 0.0000
vn 0.0000 0.0000 -1.0000
vn 0.0000 0.0000 -1.0000
vn 1.0000 0.0000 -0.0000
vn 1.0000 0.0000 0.0000
vn 0.0000 0.0000 1.0000
vn 0.0000 0.0000 1.0000
vn -1.0000 0.0000 -0.0000
vn -1.0000 -0.0000 0.0000
vn 0.0000 -1.0000 0.0000
vn 0.0000 -1.0000 0.0000
vn -0.0000 1.0000 0.0000
vn 0.0000 1.0000 0.0000
vn 0.0000 0.0000 -1.0000
vn 0.0000 0.0000 -1.0000
vn 1.0000 0.0000 -0.0000
vn 1.0000 0.0000 0.0000
vn 0.0000 0.0000 1.0000
vn 0.0000 0.0000 1.0000
vn -1.0000 0.0000 -0.0000
vn -1.0000 -0.0000 0.0000
vn 0.0000 -1.0000 0.0000
vn 0.0000 -1.0000 0.0000
vn -0.0000 1.0000 0.0000
vn 0.0000 1.0000 0.0000
vn 0.0000 0.0000 -1.0000
vn 0.0000 0.0000 -1.0000
vn 1.0000 0.0000 -0.0000
vn 1.0000 0.0000 0.0000
vn 0.0000 0.0000 1.0000
vn 0.0000 0.0000 1.0000
vn -1.0000 0.0000 -0.0000
vn -1.0000 -0.0000 0.0000
vn 0.0000 -1.0000 0.0000
vn 0.0000 -1.0000 0.0000
vn -0.0000 1.0000 0.0000
vn 0.0000 1.0000 0.0000
vn 0.0000 0.0000 -1.0000
vn 0.0000 0.0000 -1.0000
vn 1.0000 0.0000 -0.0000
vn 1.0000 0.0000 0.0000
vn 0.0000 0.0000 1.0000
vn 0.0000 0.0000 1.0000
vn -1.0000 0.0000 -0.0000
vn -1.0000 -0.0000 0.0000
vn 0.0000 -1.0000 0.0000
vn 0.0000 -1.0000 0.0000
vn -0.0000 1.0000 0.0000
vn 0.0000 1.0000 0.0000
vn 0.0000 0.0000 -1.0000
vn 0.0000 0.0000 -1.0000
vn 1.0000 0.0000 -0.0000
vn 1.0000 0.0000 0.0000
vn 0.0000 0.0000 1.0000
vn 0.0000 0.0000 1.0000
vn -1.0000 0.0000 -0.0000
vn -1.0000 -0.0000 0.0000
vn 0.0000 -1.0000 0.0000
vn 0.0000 -1.0000 0.0000
vn -0.0000 1.0000 0.0000
vn 0.0000 1.0000 0.0000
vn 0.0000 0.0000 -1.0000
vn 0.0000 0.0000 -1.0000
vn 1.0000 0.0000 -0.0000
vn 1.0000 0.0000 0.0000
vn 0.0000 0.0000 1.0000
vn 0.0000 0.0000 1.0000
vn -1.0000 0.0000 -0.0000
vn -1.0000 -0.0000 0.0000
vn 0.0000 -1.0000 0.0000
vn 0.0000 -1.0000 0.0000
vn -0.0000 1.0000 0.0000
vn 0.0000 1.0000 0.0000
vn 0.0000 0.0000 -1.0000
vn 0.0000 0.0000 -1.0000
vn 1.0000 0.0000 -0.0000
vn 1.0000 0.0000 0.0000
vn 0.0000 0.0000 1.0000
vn 0.0000 0.0000 1.0000
vn -1.0000 0.0000 -0.0000
vn -1.0000 -0.0000 0.0000
vn 0.0000 -1.0000 0.0000
vn 0.0000 -1.0000 0.0000
vn 0.9808 0.0000 0.1951
vn 0.9808 0.0000 0.1951
vn 0.8315 0.0000 0.5556
vn 0.8315 0.0000 0.5556
vn 0.5556 0.0000 0.8315
vn 0.5556 0.0000 0.8315
vn 0.1951 0.0000 0.9808
vn 0.1951 0.0000 0.9808
vn -0.1951 0.0000 0.9808
vn -0.1951 0.0000 0.9808
vn -0.5556 0.0000 0.8315
vn -0.5556 0.0000 0.8315
vn -0.8315 0.0000 0.5556
vn -0.8315 0.0000 0.5556
vn -0.9808 0.0000 0.1951
vn -0.9808 0.0000 0.1951
vn -0.9808 0.0000 -0.1951
vn -0.9808 -0.0000 -0.1951
vn -0.8315 0.0000 -0.5556
vn -0.8315 -0.0000 -0.5556
vn -0.5556 0.0000 -0.8315
vn -0.5556 -0.0000 -0.8315
vn -0.1951 0.0000 -0.9808
vn -0.1951 -0.0000 -0.9808
vn 0.1951 0.0000 -0.9808
vn 0.1951 0.0000 -0.9808
vn 0.5556 0.0000 -0.8315
vn 0.5556 0.0000 -0.8315
vn 0.8315 0.0000 -0.5556
vn 0.8315 0.0000 -0.5556
vn 0.9808 0.0000 -0.1951
vn 0.9808 0.0000 -0.1951
vn 0.0000 1.0000 0.0000
vn 0.0000 1.0000 0.0000
vn 0.0000 1.0000 0.0000
vn 0.0000 1.0000 0.0000
vn 0.0000 1.0000 0.0000
vn 0.0000 1.0000 0.0000
vn 0.0000 1.0000 0.0000
vn 0.0000 1.0000 0.0000
vn 0.0000 1.0000 0.0000
vn 0.0000 1.0000 0.0000
vn 0.0000 1.0000 0.0000
vn 0.0000 1.0000 0.0000
vn 0.0000 1.0000 -0.0000
vn 0.0000 1.0000 0.0000
vn 0.0000 -1.0000 0.0000
vn 0.0000 -1.0000 0.0000
vn 0.0000 -1.0000 0.0000
vn 0.0000 -1.0000 0.0000
vn 0.0000 -1.0000 0.0000
vn 0.0000 -1.0000 0.0000
vn 0.0000 -1.0000 0.0000
vn -0.0000 -1.0000 0.0000
vn 0.0000 -1.0000 0.0000
vn 0.0000 -1.0000 0.0000
vn 0.0000 -1.0000 0.0000
vn 0.0000 -1.0000 0.0000
vn 0.0000 -1.0000 0.0000
vn 0.0000 -1.0000 0.0000
vn 0.9808 0.0000 0.1951
vn 0.9808 0.0000 0.1951
vn 0.8315 0.0000 0.5556
vn 0.8315 0.0000 0.5556
vn 0.5556 0.0000 0.8315
vn 0.5556 0.0000 0.8315
vn 0.1951 0.0000 0.9808
vn 0.1951 0.0000 0.9808
vn -0.1951 0.0000 0.9808
vn -0.1951 0.0000 0.9808
vn -0.5556 0.0000 0.8315
vn -0.5556 0.0000 0.8315
vn -0.8315 0.0000 0.5556
vn -0.8315 0.0000 0.5556
vn -0.9808 0.0000 0.1951
vn -0.9808 0.0000 0.1951
vn -0.9808 0.0000 -0.1951
vn -0.9808 -0.0000 -0.1951
vn -0.8315 0.0000 -0.5556
vn -0.8315 -0.0000 -0.5556
vn -0.5556 0.0000 -0.8315
vn -0.5556 -0.0000 -0.8315
vn -0.1951 0.0000 -0.9808
vn -0.1951 -0.0000 -0.9808
vn 0.1951 0.0000 -0.9808
vn 0.1951 0.0000 -0.9808
vn 0.5556 0.0000 -0.8315
vn 0.5556 0.0000 -0.8315
vn 0.8315 0.0000 -0.5556
vn 0.8315 0.0000 -0.5556
vn 0.9808 0.0000 -0.1951
vn 0.9808 0.0000 -0.1951
vn 0.0000 1.0000 0.0000
vn 0.0000 1.0000 0.0000
vn 0.0000 1.0000 0.0000
vn 0.0000 1.0000 0.0000
vn 0.0000 1.0000 0.0000
vn 0.0000 1.0000 0.0000
vn 0.0000 1.0000 0.0000
vn 0.0000 1.0000 0.0000
vn 0.0000 1.0000 0.0000
vn 0.0000 1.0000 0.0000
vn 0.0000 1.0000 0.0000
vn 0.0000 1.0000 0.0000
vn 0.0000 1.0000 -0.0000
vn 0.0000 1.0000 0.0000
vn 0.9808 0.0000 0.1951
vn 0.9808 0.0000 0.1951
vn 0.8315 0.0000 0.5556
vn 0.8315 0.0000 0.5556
vn 0.5556 0.0000 0.8315
vn 0.5556 0.0000 0.8315
vn 0.1951 0.0000 0.9808
vn 0.1951 0.0000 0.9808
vn -0.1951 0.0000 0.9808
vn -0.1951 0.0000 0.9808
vn -0.5556 0.0000 0.8315
vn -0.5556 0.0000 0.8315
vn -0.8315 0.0000 0.5556
vn -0.8315 0.0000 0.5556
vn -0.9808 0.0000 0.1951
vn -0.9808 0.0000 0.1951
vn -0.9808 0.0000 -0.1951
vn -0.9808 -0.0000 -0.1951
vn -0.8315 0.0000 -0.5556
vn -0.8315 -0.0000 -0.5556
vn -0.5556 0.0000 -0.8315
vn -0.5556 -0.0000 -0.8315
vn -0.1951 0.0000 -0.9808
vn -0.1951 -0.0000 -0.9808
vn 0.1951 0.0000 -0.9808
vn 0.1951 0.0000 -0.9808
vn 0.5556 0.0000 -0.8315
vn 0.5556 0.0000 -0.8315
vn 0.8315 0.0000 -0.5556
vn 0.8315 0.0000 -0.5556
vn 0.9808 0.0000 -0.1951
vn 0.9808 0.0000 -0.1951
vn 0.0000 1.0000 0.0000
vn 0.0000 1.0000 0.0000
vn 0.0000 1.0000 0.0000
vn 0.0000 1.0000 0.0000
vn 0.0000 1.0000 0.0000
vn 0.0000 1.0000 0.0000
vn 0.0000 1.0000 0.0000
vn 0.0000 1.0000 0.0000
vn 0.0000 1.0000 0.0000
vn 0.0000 1.0000 0.0000
vn 0.0000 1.0000 0.0000
vn 0.0000 1.0000 0.0000
vn 0.0000 1.0000 -0.0000
vn 0.0000 1.0000 0.0000
vn 0.9995 0.0000 -0.0305
vn 0.9995 0.0000 -0.0305
vn 0.9351 0.0000 0.3543
vn 0.9351 0.0000 0.3543
vn 0.7284 0.0000 0.6852
vn 0.7284 0.0000 0.6852
vn 0.4107 0.0000 0.9118
vn 0.4107 0.0000 0.9118
vn 0.0305 0.0000 0.9995
vn 0.0305 0.0000 0.9995
vn -0.3543 0.0000 0.9351
vn -0.3543 0.0000 0.9351
vn -0.6852 0.0000 0.7284
vn -0.6852 0.0000 0.7284
vn -0.9118 0.0000 0.4107
vn -0.9118 0.0000 0.4107
vn -0.9995 0.0000 0.0305
vn -0.9995 0.0000 0.0305
vn -0.9351 0.0000 -0.3543
vn -0.9351 -0.0000 -0.3543
vn -0.7284 0.0000 -0.6852
vn -0.7284 -0.0000 -0.6852
vn -0.4107 0.0000 -0.9118
vn -0.4107 -0.0000 -0.9118
vn -0.0305 0.0000 -0.9995
vn -0.0305 -0.0000 -0.9995
vn 0.3543 0.0000 -0.9351
vn 0.3543 0.0000 -0.9351
vn 0.6852 0.0000 -0.7284
vn 0.6852 0.0000 -0.7284
vn 0.9118 0.0000 -0.4107
vn 0.9118 0.0000 -0.4107
vn 0.0000 1.0000 0.0000
vn 0.0000 1.0000 0.0000
vn 0.0000 1.0000 0.0000
vn 0.0000 1.0000 0.0000
vn 0.0000 1.0000 0.0000
vn 0.0000 1.0000 0.0000
vn 0.0000 1.0000 0.0000
vn 0.0000 1.0000 0.0000
vn 0.0000 1.0000 0.0000
vn 0.0000 1.0000 0.0000
vn 0.0000 1.0000 0.0000
vn 0.0000 1.0000 -0.0000
vn 0.0000 1.0000 0.0000
vn 0.0000 1.0000 0.0000
vn 0.0000 -1.0000 0.0000
vn 0.0000 -1.0000 0.0000
vn 0.0000 -1.0000 0.0000
vn 0.0000 -1.0000 0.0000
vn 0.0000 -1.0000 0.0000
vn 0.0000 -1.0000 0.0000
vn 0.0000 -1.0000 0.0000
vn 0.0000 -1.0000 0.0000
vn -0.0000 -1.0000 0.0000
vn 0.0000 -1.0000 0.0000
vn 0.0000 -1.0000 0.0000
vn 0.0000 -1.0000 0.0000
vn 0.0000 -1.0000 0.0000
vn 0.0000 -1.0000 0.0000
vn 0.9995 0.0000 -0.0305
vn 0.9995 0.0000 -0.0305
vn 0.9351 0.0000 0.3543
vn 0.9351 0.0000 0.3543
vn 0.7284 0.0000 0.6852
vn 0.7284 0.0000 0.6852
vn 0.4107 0.0000 0.9118
vn 0.4107 0.0000 0.9118
vn 0.0305 0.0000 0.9995
vn 0.0305 0.0000 0.9995
vn -0.3543 0.0000 0.9351
vn -0.3543 0.0000 0.9351
vn -0.6852 0.0000 0.7284
vn -0.6852 0.0000 0.7284
vn -0.9118 0.0000 0.4107
vn -0.9118 0.0000 0.4107
vn -0.9995 0.0000 0.0305
vn -0.9995 0.0000 0.0305
vn -0.9351 0.0000 -0.3543
vn -0.9351 -0.0000 -0.3543
vn -0.7284 0.0000 -0.6852
vn -0.7284 -0.0000 -0.6852
vn -0.4107 0.0000 -0.9118
vn -0.4107 -0.0000 -0.9118
vn -0.0305 0.0000 -0.9995
vn -0.0305 -0.0000 -0.9995
vn 0.3543 0.0000 -0.9351
vn 0.3543 0.0000 -0.9351
vn 0.6852 0.0000 -0.7284
vn 0.6852 0.0000 -0.7284
vn 0.9118 0.0000 -0.4107
vn 0.9118 0.0000 -0.4107
vn 0.0000 1.0000 0.0000
vn 0.0000 1.0000 0.0000
vn 0.0000 1.0000 0.0000
vn 0.0000 1.0000 0.0000
vn 0.0000 1.0000 0.0000
vn 0.0000 1.0000 0.0000
vn 0.0000 1.0000 0.0000
vn 0.0000 1.0000 0.0000
vn 0.0000 1.0000 0.0000
vn 0.0000 1.0000 0.0000
vn 0.0000 1.0000 0.0000
vn 0.0000 1.0000 -0.0000
vn 0.0000 1.0000 0.0000
vn 0.0000 1.0000 0.0000
vn 0.9995 0.0000 -0.0305
vn 0.9995 0.0000 -0.0305
vn 0.9351 0.0000 0.3543
vn 0.9351 0.0000 0.3543
vn 0.7284 0.0000 0.6852
vn 0.7284 0.0000 0.6852
vn 0.4107 0.0000 0.9118
vn 0.4107 0.0000 0.9118
vn 0.0305 0.0000 0.9995
vn 0.0305 0.0000 0.9995
vn -0.3543 0.0000 0.9351
vn -0.3543 0.0000 0.9351
vn -0.6852 0.0000 0.7284
vn -0.6852 0.0000 0.7284
vn -0.9118 0.0000 0.4107
vn -0.9118 0.0000 0.4107
vn -0.9995 0.0000 0.0305
vn -0.9995 0.0000 0.0305
vn -0.9351 0.0000 -0.3543
vn -0.9351 -0.0000 -0.3543
vn -0.7284 0.0000 -0.6852
vn -0.7284 -0.0000 -0.6852
vn -0.4107 0.0000 -0.9118
vn -0.4107 -0.0000 -0.9118
vn -0.0305 0.0000 -0.9995
vn -0.0305 -0.0000 -0.9995
vn 0.3543 0.0000 -0.9351
vn 0.3543 0.0000 -0.9351
vn 0.6852 0.0000 -0.7284
vn 0.6852 0.0000 -0.7284
vn 0.9118 0.0000 -0.4107
vn 0.9118 0.0000 -0.4107
vn 0.0000 1.0000 0.0000
vn 0.0000 1.0000 0.0000
vn 0.0000 1.0000 0.0000
vn 0.0000 1.0000 0.0000
vn 0.0000 1.0000 0.0000
vn 0.0000 1.0000 0.0000
vn 0.0000 1.0000 0.0000
vn 0.0000 1.0000 0.0000
vn 0.0000 1.0000 0.0000
vn 0.0000 1.0000 0.0000
vn 0.0000 1.0000 0.0000
vn 0.0000 1.0000 -0.0000
vn 0.0000 1.0000 0.0000
vn 0.0000 1.0000 0.0000
vn 0.9670 0.0000 -0.2546
vn 0.9670 0.0000 -0.2546
vn 0.9909 0.0000 0.1349
vn 0.9909 0.0000 0.1349
vn 0.8638 0.0000 0.5038
vn 0.8638 0.0000 0.5038
vn 0.6053 0.0000 0.7960
vn 0.6053 0.0000 0.7960
vn 0.2546 0.0000 0.9670
vn 0.2546 0.0000 0.9670
vn -0.1349 0.0000 0.9909
vn -0.1349 0.0000 0.9909
vn -0.5038 0.0000 0.8638
vn -0.5038 0.0000 0.8638
vn -0.7960 0.0000 0.6053
vn -0.7960 0.0000 0.6053
vn -0.9670 0.0000 0.2546
vn -0.9670 0.0000 0.2546
vn -0.9909 0.0000 -0.1349
vn -0.9909 -0.0000 -0.1349
vn -0.8638 0.0000 -0.5038
vn -0.8638 -0.0000 -0.5038
vn -0.6053 0.0000 -0.7960
vn -0.6053 -0.0000 -0.7960
vn -0.2546 0.0000 -0.9670
vn -0.2546 -0.0000 -0.9670
vn 0.1349 0.0000 -0.9909
vn 0.1349 0.0000 -0.9909
vn 0.5038 0.0000 -0.8638
vn 0.5038 0.0000 -0.8638
vn 0.7960 0.0000 -0.6053
vn 0.7960 0.0000 -0.6053
vn 0.0000 1.0000 0.0000
vn 0.0000 1.0000 0.0000
vn 0.0000 1.0000 0.0000
vn 0.0000 1.0000 0.0000
vn 0.0000 1.0000 0.0000
vn 0.0000 1.0000 0.0000
vn 0.0000 1.0000 0.0000
vn 0.0000 1.0000 0.0000
vn 0.0000 1.0000 0.0000
vn 0.0000 1.0000 0.0000
vn 0.0000 1.0000 -0.0000
vn 0.0000 1.0000 0.0000
vn 0.0000 1.0000 0.0000
vn 0.0000 1.0000 0.0000
vn 0.0000 -1.0000 0.0000
vn 0.0000 -1.0000 0.0000
vn 0.0000 -1.0000 0.0000
vn 0.0000 -1.0000 0.0000
vn 0.0000 -1.0000 0.0000
vn 0.0000 -1.0000 0.0000
vn 0.0000 -1.0000 0.0000
vn 0.0000 -1.0000 0.0000
vn 0.0000 -1.0000 0.0000
vn -0.0000 -1.0000 0.0000
vn 0.0000 -1.0000 0.0000
vn 0.0000 -1.0000 0.0000
vn 0.0000 -1.0000 0.0000
vn 0.0000 -1.0000 0.0000
vn 0.9670 0.0000 -0.2546
vn 0.9670 0.0000 -0.2546
vn 0.9909 0.0000 0.1349
vn 0.9909 0.0000 0.1349
vn 0.8638 0.0000 0.5038
vn 0.8638 0.0000 0.5038
vn 0.6053 0.0000 0.7960
vn 0.6053 0.0000 0.7960
vn 0.2546 0.0000 0.9670
vn 0.2546 0.0000 0.9670
vn -0.1349 0.0000 0.9909
vn -0.1349 0.0000 0.9909
vn -0.5038 0.0000 0.8638
vn -0.5038 0.0000 0.8638
vn -0.7960 0.0000 0.6053
vn -0.7960 0.0000 0.6053
vn -0.9670 0.0000 0.2546
vn -0.9670 0.0000 0.2546
vn -0.9909 0.0000 -0.1349
vn -0.9909 -0.0000 -0.1349
vn -0.8638 0.0000 -0.5038
vn -0.8638 -0.0000 -0.5038
vn -0.6053 0.0000 -0.7960
vn -0.6053 -0.0000 -0.7960
vn -0.2546 0.0000 -0.9670
vn -0.2546 -0.0000 -0.9670
vn 0.1349 0.0000 -0.9909
vn 0.1349 0.0000 -0.9909
vn 0.5038 0.0000 -0.8638
vn 0.5038 0.0000 -0.8638
vn 0.7960 0.0000 -0.6053
vn 0.7960 0.0000 -0.6053
vn 0.0000 1.0000 0.0000
vn 0.0000 1.0000 0.0000
vn 0.0000 1.0000 0.0000
vn 0.0000 1.0000 0.0000
vn 0.0000 1.0000 0.0000
vn 0.0000 1.0000 0.0000
vn 0.0000 1.0000 0.0000
vn 0.0000 1.0000 0.0000
vn 0.0000 1.0000 0.0000
vn 0.0000 1.0000 0.0000
vn 0.0000 1.0000 -0.0000
vn 0.0000 1.0000 0.0000
vn 0.0000 1.0000 0.0000
vn 0.0000 1.0000 0.0000
vn 0.9670 0.0000 -0.2546
vn 0.9670 0.0000 -0.2546
vn 0.9909 0.0000 0.1349
vn 0.9909 0.0000 0.1349
vn 0.8638 0.0000 0.5038
vn 0.8638 0.0000 0.5038
vn 0.6053 0.0000 0.7960
vn 0.6053 0.0000 0.7960
vn 0.2546 0.0000 0.9670
vn 0.2546 0.0000 0.9670
vn -0.1349 0.0000 0.9909
vn -0.1349 0.0000 0.9909
vn -0.5038 0.0000 0.8638
vn -0.5038 0.0000 0.8638
vn -0.7960 0.0000 0.6053
vn -0.7960 0.0000 0.6053
vn -0.9670 0.0000 0.2546
vn -0.9670 0.0000 0.2546
vn -0.9909 0.0000 -0.1349
vn -0.9909 -0.0000 -0.1349
vn -0.8638 0.0000 -0.5038
vn -0.8638 -0.0000 -0.5038
vn -0.6053 0.0000 -0.7960
vn -0.6053 -0.0000 -0.7960
vn -0.2546 0.0000 -0.9670
vn -0.2546 -0.0000 -0.9670
vn 0.1349 0.0000 -0.9909
vn 0.1349 0.0000 -0.9909
vn 0.5038 0.0000 -0.8638
vn 0.5038 0.0000 -0.8638
vn 0.7960 0.0000 -0.6053
vn 0.7960 0.0000 -0.6053
vn 0.0000 1.0000 0.0000
vn 0.0000 1.0000 0.0000
vn 0.0000 1.0000 0.0000
vn 0.0000 1.0000 0.0000
vn 0.0000 1.0000 0.0000
vn 0.0000 1.0000 0.0000
vn 0.0000 1.0000 0.0000
vn 0.0000 1.0000 0.0000
vn 0.0000 1.0000 0.0000
vn 0.0000 1.0000 0.0000
vn 0.0000 1.0000 -0.0000
vn 0.0000 1.0000 0.0000
vn 0.0000 1.0000 0.0000
vn 0.0000 1.0000 0.0000
vn 0.8850 0.0000 -0.4656
vn 0.8850 0.0000 -0.4656
vn 0.9958 0.0000 -0.0915
vn 0.9958 0.0000 -0.0915
vn 0.9550 0.0000 0.2965
vn 0.9550 0.0000 0.2965
vn 0.7688 0.0000 0.6394
vn 0.7688 0.0000 0.6394
vn 0.4656 0.0000 0.8850
vn 0.4656 0.0000 0.8850
vn 0.0915 0.0000 0.9958
vn 0.0915 0.0000 0.9958
vn -0.2965 0.0000 0.9550
vn -0.2965 0.0000 0.9550
vn -0.6394 0.0000 0.7688
vn -0.6394 0.0000 0.7688
vn -0.8850 0.0000 0.4656
vn -0.8850 0.0000 0.4656
vn -0.9958 0.0000 0.0915
vn -0.9958 0.0000 0.0915
vn -0.9550 0.0000 -0.2965
vn -0.9550 -0.0000 -0.2965
vn -0.7688 0.0000 -0.6394
vn -0.7688 -0.0000 -0.6394
vn -0.4656 0.0000 -0.8850
vn -0.4656 -0.0000 -0.8850
vn -0.0915 0.0000 -0.9958
vn -0.0915 -0.0000 -0.9958
vn 0.2965 0.0000 -0.9550
vn 0.2965 0.0000 -0.9550
vn 0.6394 0.0000 -0.7688
vn 0.6394 0.0000 -0.7688
vn 0.0000 1.0000 0.0000
vn 0.0000 1.0000 0.0000
vn 0.0000 1.0000 0.0000
vn 0.0000 1.0000 0.0000
vn 0.0000 1.0000 0.0000
vn 0.0000 1.0000 0.0000
vn 0.0000 1.0000 0.0000
vn 0.0000 1.0000 0.0000
vn 0.0000 1.0000 0.0000
vn 0.0000 1.0000 -0.0000
vn 0.0000 1.0000 0.0000
vn 0.0000 1.0000 0.0000
vn 0.0000 1.0000 0.0000
vn 0.0000 1.0000 0.0000
vn 0.0000 -1.0000 0.0000
vn 0.0000 -1.0000 0.0000
vn 0.0000 -1.0000 0.0000
vn 0.0000 -1.0000 0.0000
vn 0.0000 -1.0000 0.0000
vn 0.0000 -1.0000 0.0000
vn 0.0000 -1.0000 0.0000
vn 0.0000 -1.0000 0.0000
vn 0.0000 -1.0000 0.0000
vn 0.0000 -1.0000 0.0000
vn -0.0000 -1.0000 0.0000
vn 0.0000 -1.0000 0.0000
vn 0.0000 -1.0000 0.0000
vn 0.0000 -1.0000 0.0000
vn 0.8850 0.0000 -0.4656
vn 0.8850 0.0000 -0.4656
vn 0.9958 0.0000 -0.0915
vn 0.9958 0.0000 -0.0915
vn 0.9550 0.0000 0.2965
vn 0.9550 0.0000 0.2965
vn 0.7688 0.0000 0.6394
vn 0.7688 0.0000 0.6394
vn 0.4656 0.0000 0.8850
vn 0.4656 0.0000 0.8850
vn 0.0915 0.0000 0.9958
vn 0.0915 0.0000 0.9958
vn -0.2965 0.0000 0.9550
vn -0.2965 0.0000 0.9550
vn -0.6394 0.0000 0.7688
vn -0.6394 0.0000 0.7688
vn -0.8850 0.0000 0.4656
vn -0.8850 0.0000 0.4656
vn -0.9958 0.0000 0.0915
vn -0.9958 0.0000 0.0915
vn -0.9550 0.0000 -0.2965
vn -0.9550 -0.0000 -0.2965
vn -0.7688 0.0000 -0.6394
vn -0.7688 -0.0000 -0.6394
vn -0.4656 0.0000 -0.8850
vn -0.4656 -0.0000 -0.8850
vn -0.0915 0.0000 -0.9958
vn -0.0915 -0.0000 -0.9958
vn 0.2965 0.0000 -0.9550
vn 0.2965 0.0000 -0.9550
vn 0.6394 0.0000 -0.7688
vn 0.6394 0.0000 -0.7688
vn 0.0000 1.0000 0.0000
vn 0.0000 1.0000 0.0000
vn 0.0000 1.0000 0.0000
vn 0.0000 1.0000 0.0000
vn 0.0000 1.0000 0.0000
vn 0.0000 1.0000 0.0000
vn 0.0000 1.0000 0.0000
vn 0.0000 1.0000 0.0000
vn 0.0000 1.0000 0.0000
vn 0.0000 1.0000 -0.0000
vn 0.0000 1.0000 0.0000
vn 0.0000 1.0000 0.0000
vn 0.0000 1.0000 0.0000
vn 0.0000 1.0000 0.0000
vn 0.8850 0.0000 -0.4656
vn 0.8850 0.0000 -0.4656
vn 0.9958 0.0000 -0.0915
vn 0.9958 0.0000 -0.0915
vn 0.9550 0.0000 0.2965
vn 0.9550 0.0000 0.2965
vn 0.7688 0.0000 0.6394
vn 0.7688 0.0000 0.6394
vn 0.4656 0.0000 0.8850
vn 0.4656 0.0000 0.8850
vn 0.0915 0.0000 0.9958
vn 0.0915 0.0000 0.9958
vn -0.2965 0.0000 0.9550
vn -0.2965 0.0000 0.9550
vn -0.6394 0.0000 0.7688
vn -0.6394 0.0000 0.7688
vn -0.8850 0.0000 0.4656
vn -0.8850 0.0000 0.4656
vn -0.9958 0.0000 0.0915
vn -0.9958 0.0000 0.0915
vn -0.9550 0.0000 -0.2965
vn -0.9550 -0.0000 -0.2965
vn -0.7688 0.0000 -0.6394
vn -0.7688 -0.0000 -0.6394
vn -0.4656 0.0000 -0.8850
vn -0.4656 -0.0000 -0.8850
vn -0.0915 0.0000 -0.9958
vn -0.0915 -0.0000 -0.9958
vn 0.2965 0.0000 -0.9550
vn 0.2965 0.0000 -0.9550
vn 0.6394 0.0000 -0.7688
vn 0.6394 0.0000 -0.7688
vn 0.0000 1.0000 0.0000
vn 0.0000 1.0000 0.0000
vn 0.0000 1.0000 0.0000
vn 0.0000 1.0000 0.0000
vn 0.0000 1.0000 0.0000
vn 0.0000 1.0000 0.0000
vn 0.0000 1.0000 0.0000
vn 0.0000 1.0000 0.0000
vn 0.0000 1.0000 0.0000
vn 0.0000 1.0000 -0.0000
vn 0.0000 1.0000 0.0000
vn 0.0000 1.0000 0.0000
vn 0.0000 1.0000 0.0000
vn 0.0000 1.0000 0.0000
vn 0.7576 0.0000 -0.6528
vn 0.7576 0.0000 -0.6528
vn 0.9497 0.0000 -0.3132
vn 0.9497 0.0000 -0.3132
vn 0.9973 0.0000 0.0741
vn 0.9973 0.0000 0.0741
vn 0.8930 0.0000 0.4501
vn 0.8930 0.0000 0.4501
vn 0.6528 0.0000 0.7576
vn 0.6528 0.0000 0.7576
vn 0.3132 0.0000 0.9497
vn 0.3132 0.0000 0.9497
vn -0.0741 0.0000 0.9973
vn -0.0741 0.0000 0.9973
vn -0.4501 0.0000 0.8930
vn -0.4501 0.0000 0.8930
vn -0.7576 0.0000 0.6528
vn -0.7576 0.0000 0.6528
vn -0.9497 0.0000 0.3132
vn -0.9497 0.0000 0.3132
vn -0.9973 0.0000 -0.0741
vn -0.9973 -0.0000 -0.0741
vn -0.8930 0.0000 -0.4501
vn -0.8930 -0.0000 -0.4501
vn -0.6528 0.0000 -0.7576
vn -0.6528 -0.0000 -0.7576
vn -0.3132 0.0000 -0.9497
vn -0.3132 -0.0000 -0.9497
vn 0.0741 0.0000 -0.9973
vn 0.0741 0.0000 -0.9973
vn 0.4501 0.0000 -0.8930
vn 0.4501 0.0000 -0.8930
vn 0.0000 1.0000 0.0000
vn 0.0000 1.0000 0.0000
vn 0.0000 1.0000 0.0000
vn 0.0000 1.0000 0.0000
vn 0.0000 1.0000 0.0000
vn 0.0000 1.0000 0.0000
vn 0.0000 1.0000 0.0000
vn 0.0000 1.0000 0.0000
vn 0.0000 1.0000 -0.0000
vn 0.0000 1.0000 0.0000
vn 0.0000 1.0000 0.0000
vn 0.0000 1.0000 0.0000
vn 0.0000 1.0000 0.0000
vn 0.0000 1.0000 0.0000
vn 0.0000 -1.0000 0.0000
vn 0.0000 -1.0000 0.0000
vn 0.0000 -1.0000 0.0000
vn 0.0000 -1.0000 0.0000
vn 0.0000 -1.0000 0.0000
vn 0.0000 -1.0000 0.0000
vn 0.0000 -1.0000 0.0000
vn 0.0000 -1.0000 0.0000
vn 0.0000 -1.0000 0.0000
vn 0.0000 -1.0000 0.0000
vn 0.0000 -1.0000 0.0000
vn -0.0000 -1.0000 0.0000
vn 0.0000 -1.0000 0.0000
vn 0.0000 -1.0000 0.0000
vn 0.7576 0.0000 -0.6528
vn 0.7576 0.0000 -0.6528
vn 0.9497 0.0000 -0.3132
vn 0.9497 0.0000 -0.3132
vn 0.9973 0.0000 0.0741
vn 0.9973 0.0000 0.0741
vn 0.8930 0.0000 0.4501
vn 0.8930 0.0000 0.4501
vn 0.6528 0.0000 0.7576
vn 0.6528 0.0000 0.7576
vn 0.3132 0.0000 0.9497
vn 0.3132 0.0000 0.9497
vn -0.0741 0.0000 0.9973
vn -0.0741 0.0000 0.9973
vn -0.4501 0.0000 0.8930
vn -0.4501 0.0000 0.8930
vn -0.7576 0.0000 0.6528
vn -0.7576 0.0000 0.6528
vn -0.9497 0.0000 0.3132
vn -0.9497 0.0000 0.3132
vn -0.9973 0.0000 -0.0741
vn -0.9973 -0.0000 -0.0741
vn -0.8930 0.0000 -0.4501
vn -0.8930 -0.0000 -0.4501
vn -0.6528 0.0000 -0.7576
vn -0.6528 -0.0000 -0.7576
vn -0.3132 0.0000 -0.9497
vn -0.3132 -0.0000 -0.9497
vn 0.0741 0.0000 -0.9973
vn 0.0741 0.0000 -0.9973
vn 0.4501 0.0000 -0.8930
vn 0.4501 0.0000 -0.8930
vn 0.0000 1.0000 0.0000
vn 0.0000 1.0000 0.0000
vn 0.0000 1.0000 0.0000
vn 0.0000 1.0000 0.0000
vn 0.0000 1.0000 0.0000
vn 0.0000 1.0000 0.0000
vn 0.0000 1.0000 0.0000
vn 0.0000 1.0000 0.0000
vn 0.0000 1.0000 -0.0000
vn 0.0000 1.0000 0.0000
vn 0.0000 1.0000 0.0000
vn 0.0000 1.0000 0.0000
vn 0.0000 1.0000 0.0000
vn 0.0000 1.0000 0.0000
vn 0.7576 0.0000 -0.6528
vn 0.7576 0.0000 -0.6528
vn 0.9497 0.0000 -0.3132
vn 0.9497 0.0000 -0.3132
vn 0.9973 0.0000 0.0741
vn 0.9973 0.0000 0.0741
vn 0.8930 0.0000 0.4501
vn 0.8930 0.0000 0.4501
vn 0.6528 0.0000 0.7576
vn 0.6528 0.0000 0.7576
vn 0.3132 0.0000 0.9497
vn 0.3132 0.0000 0.9497
vn -0.0741 0.0000 0.9973
vn -0.0741 0.0000 0.9973
vn -0.4501 0.0000 0.8930
vn -0.4501 0.0000 0.8930
vn -0.7576 0.0000 0.6528
vn -0.7576 0.0000 0.6528
vn -0.9497 0.0000 0.3132
vn -0.9497 0.0000 0.3132
vn -0.9973 0.0000 -0.0741
vn -0.9973 -0.0000 -0.0741
vn -0.8930 0.0000 -0.4501
vn -0.8930 -0.0000 -0.4501
vn -0.6528 0.0000 -0.7576
vn -0.6528 -0.0000 -0.7576
vn -0.3132 0.0000 -0.9497
vn -0.3132 -0.0000 -0.9497
vn 0.0741 0.0000 -0.9973
vn 0.0741 0.0000 -0.9973
vn 0.4501 0.0000 -0.8930
vn 0.4501 0.0000 -0.8930
vn 0.0000 1.0000 0.0000
vn 0.0000 1.0000 0.0000
vn 0.0000 1.0000 0.0000
vn 0.0000 1.0000 0.0000
vn 0.0000 1.0000 0.0000
vn 0.0000 1.0000 0.0000
vn 0.0000 1.0000 0.0000
vn 0.0000 1.0000 0.0000
vn 0.0000 1.0000 -0.0000
vn 0.0000 1.0000 0.0000
vn 0.0000 1.0000 0.0000
vn 0.0000 1.0000 0.0000
vn 0.0000 1.0000 0.0000
vn 0.0000 1.0000 0.0000
vn 0.9808 0.0000 0.1951
vn 0.9808 0.0000 0.1951
vn 0.8315 0.0000 0.5556
vn 0.8315 0.0000 0.5556
vn 0.5556 0.0000 0.8315
vn 0.5556 0.0000 0.8315
vn 0.1951 0.0000 0.9808
vn 0.1951 0.0000 0.9808
vn -0.1951 0.0000 0.9808
vn -0.1951 0.0000 0.9808
vn -0.5556 0.0000 0.8315
vn -0.5556 0.0000 0.8315
vn -0.8315 0.0000 0.5556
vn -0.8315 0.0000 0.5556
vn -0.9808 0.0000 0.1951
vn -0.9808 0.0000 0.1951
vn -0.9808 0.0000 -0.1951
vn -0.9808 -0.0000 -0.1951
vn -0.8315 0.0000 -0.5556
vn -0.8315 -0.0000 -0.5556
vn -0.5556 0.0000 -0.8315
vn -0.5556 -0.0000 -0.8315
vn -0.1951 0.0000 -0.9808
vn -0.1951 -0.0000 -0.9808
vn 0.1951 0.0000 -0.9808
vn 0.1951 0.0000 -0.9808
vn 0.5556 0.0000 -0.8315
vn 0.5556 0.0000 -0.8315
vn 0.8315 0.0000 -0.5556
vn 0.8315 0.0000 -0.5556
vn 0.9808 0.0000 -0.1951
vn 0.9808 0.0000 -0.1951
vn 0.0000 1.0000 0.0000
vn 0.0000 1.0000 0.0000
vn 0.0000 1.0000 0.0000
vn 0.0000 1.0000 0.0000
vn 0.0000 1.0000 0.0000
vn 0.0000 1.0000 0.0000
vn 0.0000 1.0000 0.0000
vn 0.0000 1.0000 0.0000
vn 0.0000 1.0000 0.0000
vn 0.0000 1.0000 0.0000
vn 0.0000 1.0000 0.0000
vn 0.0000 1.0000 0.0000
vn 0.0000 1.0000 -0.0000
vn 0.0000 1.0000 0.0000
vn 0.0000 -1.0000 0.0000
vn 0.0000 -1.0000 0.0000
vn 0.0000 -1.0000 0.0000
vn 0.0000 -1.0000 0.0000
vn 0.0000 -1.0000 0.0000
vn 0.0000 -1.0000 0.0000
vn 0.0000 -1.0000 0.0000
vn -0.0000 -1.0000 0.0000
vn 0.0000 -1.0000 0.0000
vn 0.0000 -1.0000 0.0000
vn 0.0000 -1.0000 0.0000
vn 0.0000 -1.0000 0.0000
vn 0.0000 -1.0000 0.0000
vn 0.0000 -1.0000 0.0000
vn 0.9808 0.0000 0.1951
vn 0.9808 0.0000 0.1951
vn 0.8315 0.0000 0.5556
vn 0.8315 0.0000 0.5556
vn 0.5556 0.0000 0.8315
vn 0.5556 0.0000 0.8315
vn 0.1951 0.0000 0.9808
vn 0.1951 0.0000 0.9808
vn -0.1951 0.0000 0.9808
vn -0.1951 0.0000 0.9808
vn -0.5556 0.0000 0.8315
vn -0.5556 0.0000 0.8315
vn -0.8315 0.0000 0.5556
vn -0.8315 0.0000 0.5556
vn -0.9808 0.0000 0.1951
vn -0.9808 0.0000 0.1951
vn -0.9808 0.0000 -0.1951
vn -0.9808 -0.0000 -0.1951
vn -0.8315 0.0000 -0.5556
vn -0.8315 -0.0000 -0.5556
vn -0.5556 0.0000 -0.8315
vn -0.5556 -0.0000 -0.8315
vn -0.1951 0.0000 -0.9808
vn -0.1951 -0.0000 -0.9808
vn 0.1951 0.0000 -0.9808
vn 0.1951 0.0000 -0.9808
vn 0.5556 0.0000 -0.8315
vn 0.5556 0.0000 -0.8315
vn 0.8315 0.0000 -0.5556
vn 0.8315 0.0000 -0.5556
vn 0.9808 0.0000 -0.1951
vn 0.9808 0.0000 -0.1951
vn 0.0000 1.0000 0.0000
vn 0.0000 1.0000 0.0000
vn 0.0000 1.0000 0.0000
vn 0.0000 1.0000 0.0000
vn 0.0000 1.0000 0.0000
vn 0.0000 1.0000 0.0000
vn 0.0000 1.0000 0.0000
vn 0.0000 1.0000 0.0000
vn 0.0000 1.0000 0.0000
vn 0.0000 1.0000 0.0000
vn 0.0000 1.0000 0.0000
vn 0.0000 1.0000 0.0000
vn 0.0000 1.0000 -0.0000
vn 0.0000 1.0000 0.0000
vn 0.9808 0.0000 0.1951
vn 0.9808 0.0000 0.1951
vn 0.8315 0.0000 0.5556
vn 0.8315 0.0000 0.5556
vn 0.5556 0.0000 0.8315
vn 0.5556 0.0000 0.8315
vn 0.1951 0.0000 0.9808
vn 0.1951 0.0000 0.9808
vn -0.1951 0.0000 0.9808
vn -0.1951 0.0000 0.9808
vn -0.5556 0.0000 0.8315
vn -0.5556 0.0000 0.8315
vn -0.8315 0.0000 0.5556
vn -0.8315 0.0000 0.5556
vn -0.9808 0.0000 0.1951
vn -0.9808 0.0000 0.1951
vn -0.9808 0.0000 -0.1951
vn -0.9808 -0.0000 -0.1951
vn -0.8315 0.0000 -0.5556
vn -0.8315 -0.0000 -0.5556
vn -0.5556 0.0000 -0.8315
vn -0.5556 -0.0000 -0.8315
vn -0.1951 0.0000 -0.9808
vn -0.1951 -0.0000 -0.9808
vn 0.1951 0.0000 -0.9808
vn 0.1951 0.0000 -0.9808
vn 0.5556 0.0000 -0.8315
vn 0.5556 0.0000 -0.8315
vn 0.8315 0.0000 -0.5556
vn 0.8315 0.0000 -0.5556
vn 0.9808 0.0000 -0.1951
vn 0.9808 0.0000 -0.1951
vn 0.0000 1.0000 0.0000
vn 0.0000 1.0000 0.0000
vn 0.0000 1.0000 0.0000
vn 0.0000 1.0000 0.0000
vn 0.0000 1.0000 0.0000
vn 0.0000 1.0000 0.0000
vn 0.0000 1.0000 0.0000
vn 0.0000 1.0000 0.0000
vn 0.0000 1.0000 0.0000
vn 0.0000 1.0000 0.0000
vn 0.0000 1.0000 0.0000
vn 0.0000 1.0000 0.0000
vn 0.0000 1.0000 -0.0000
vn 0.0000 1.0000 0.0000
vn 0.9808 0.0000 0.1951
vn 0.9808 0.0000 0.1951
vn 0.8315 0.0000 0.5556
vn 0.8315 0.0000 0.5556
vn 0.5556 0.0000 0.8315
vn 0.5556 0.0000 0.8315
vn 0.1951 0.0000 0.9808
vn 0.1951 0.0000 0.9808
vn -0.1951 0.0000 0.9808
vn -0.1951 0.0000 0.9808
vn -0.5556 0.0000 0.8315
vn -0.5556 0.0000 0.8315
vn -0.8315 0.0000 0.5556
vn -0.8315 0.0000 0.5556
vn -0.9808 0.0000 0.1951
vn -0.9808 0.0000 0.1951
vn -0.9808 0.0000 -0.1951
vn -0.9808 -0.0000 -0.1951
vn -0.8315 0.0000 -0.5556
vn -0.8315 -0.0000 -0.5556
vn -0.5556 0.0000 -0.8315
vn -0.5556 -0.0000 -0.8315
vn -0.1951 0.0000 -0.9808
vn -0.1951 -0.0000 -0.9808
vn 0.1951 0.0000 -0.9808
vn 0.1951 0.0000 -0.9808
vn 0.5556 0.0000 -0.8315
vn 0.5556 0.0000 -0.8315
vn 0.8315 0.0000 -0.5556
vn 0.8315 0.0000 -0.5556
vn 0.9808 0.0000 -0.1951
vn 0.9808 0.0000 -0.1951
vn 0.0000 1.0000 0.0000
vn 0.0000 1.0000 0.0000
vn 0.0000 1.0000 0.0000
vn 0.0000 1.0000 0.0000
vn 0.0000 1.0000 0.0000
vn 0.0000 1.0000 0.0000
vn 0.0000 1.0000 0.0000
vn 0.0000 1.0000 0.0000
vn 0.0000 1.0000 0.0000
vn 0.0000 1.0000 0.0000
vn 0.0000 1.0000 0.0000
vn 0.0000 1.0000 0.0000
vn 0.0000 1.0000 -0.0000
vn 0.0000 1.0000 0.0000
vn 0.0000 -1.0000 0.0000
vn 0.0000 -1.0000 0.0000
vn 0.0000 -1.0000 0.0000
vn 0.0000 -1.0000 0.0000
vn 0.0000 -1.0000 0.0000
vn 0.0000 -1.0000 0.0000
vn 0.0000 -1.0000 0.0000
vn -0.0000 -1.0000 0.0000
vn 0.0000 -1.0000 0.0000
vn 0.0000 -1.0000 0.0000
vn 0.0000 -1.0000 0.0000
vn 0.0000 -1.0000 0.0000
vn 0.0000 -1.0000 0.0000
vn 0.0000 -1.0000 0.0000
vn 0.9808 0.0000 0.1951
vn 0.9808 0.0000 0.1951
vn 0.8315 0.0000 0.5556
vn 0.8315 0.0000 0.5556
vn 0.5556 0.0000 0.8315
vn 0.5556 0.0000 0.8315
vn 0.1951 0.0000 0.9808
vn 0.1951 0.0000 0.9808
vn -0.1951 0.0000 0.9808
vn -0.1951 0.0000 0.9808
vn -0.5556 0.0000 0.8315
vn -0.5556 0.0000 0.8315
vn -0.8315 0.0000 0.5556
vn -0.8315 0.0000 0.5556
vn -0.9808 0.0000 0.1951
vn -0.9808 0.0000 0.1951
vn -0.9808 0.0000 -0.1951
vn -0.9808 -0.0000 -0.1951
vn -0.8315 0.0000 -0.5556
vn -0.8315 -0.0000 -0.5556
vn -0.5556 0.0000 -0.8315
vn -0.5556 -0.0000 -0.8315
vn -0.1951 0.0000 -0.9808
vn -0.1951 -0.0000 -0.9808
vn 0.1951 0.0000 -0.9808
vn 0.1951 0.0000 -0.9808
vn 0.5556 0.0000 -0.8315
vn 0.5556 0.0000 -0.8315
vn 0.8315 0.0000 -0.5556
vn 0.8315 0.0000 -0.5556
vn 0.9808 0.0000 -0.1951
vn 0.9808 0.0000 -0.1951
vn 0.0000 1.0000 0.0000
vn 0.0000 1.0000 0.0000
vn 0.0000 1.0000 0.0000
vn 0.0000 1.0000 0.0000
vn 0.0000 1.0000 0.0000
vn 0.0000 1.0000 0.0000
vn 0.0000 1.0000 0.0000
vn 0.0000 1.0000 0.0000
vn 0.0000 1.0000 0.0000
vn 0.0000 1.0000 0.0000
vn 0.0000 1.0000 0.0000
vn 0.0000 1.0000 0.0000
vn 0.0000 1.0000 -0.0000
vn 0.0000 1.0000 0.0000
vn 0.9808 0.0000 0.1951
vn 0.9808 0.0000 0.1951
vn 0.8315 0.0000 0.5556
vn 0.8315 0.0000 0.5556
vn 0.5556 0.0000 0.8315
vn 0.5556 0.0000 0.8315
vn 0.1951 0.0000 0.9808
vn 0.1951 0.0000 0.9808
vn -0.1951 0.0000 0.9808
vn -0.1951 0.0000 0.9808
vn -0.5556 0.0000 0.8315
vn -0.5556 0.0000 0.8315
vn -0.8315 0.0000 0.5556
vn -0.8315 0.0000 0.5556
vn -0.9808 0.0000 0.1951
vn -0.9808 0.0000 0.1951
vn -0.9808 0.0000 -0.1951
vn -0.9808 -0.0000 -0.1951
vn -0.8315 0.0000 -0.5556
vn -0.8315 -0.0000 -0.5556
vn -0.5556 0.0000 -0.8315
vn -0.5556 -0.0000 -0.8315
vn -0.1951 0.0000 -0.9808
vn -0.1951 -0.0000 -0.9808
vn 0.1951 0.0000 -0.9808
vn 0.1951 0.0000 -0.9808
vn 0.5556 0.0000 -0.8315
vn 0.5556 0.0000 -0.8315
vn 0.8315 0.0000 -0.5556
vn 0.8315 0.0000 -0.5556
vn 0.9808 0.0000 -0.1951
vn 0.9808 0.0000 -0.1951
vn 0.0000 1.0000 0.0000
vn 0.0000 1.0000 0.0000
vn 0.0000 1.0000 0.0000
vn 0.0000 1.0000 0.0000
vn 0.0000 1.0000 0.0000
vn 0.0000 1.0000 0.0000
vn 0.0000 1.0000 0.0000
vn 0.0000 1.0000 0.0000
vn 0.0000 1.0000 0.0000
vn 0.0000 1.0000 0.0000
vn 0.0000 1.0000 0.0000
vn 0.0000 1.0000 0.0000
vn 0.0000 1.0000 -0.0000
vn 0.0000 1.0000 0.0000
vn -0.0000 1.0000 0.0000
vn 0.0000 1.0000 0.0000
vn 0.0000 0.0000 -1.0000
vn 0.0000 0.0000 -1.0000
vn 1.0000 0.0000 -0.0000
vn 1.0000 0.0000 0.0000
vn 0.0000 0.0000 1.0000
vn 0.0000 0.0000 1.0000
vn -1.0000 0.0000 -0.0000
vn -1.0000 -0.0000 0.0000
vn 0.0000 -1.0000 0.0000
vn 0.0000 -1.0000 0.0000
vn 0.8660 0.0000 0.5000
vn 0.8660 0.0000 0.5000
vn 0.0000 0.0000 1.0000
vn 0.0000 0.0000 1.0000
vn -0.8660 0.0000 0.5000
vn -0.8660 0.0000 0.5000
vn -0.8660 0.0000 -0.5000
vn -0.8660 -0.0000 -0.5000
vn 0.0000 0.0000 -1.0000
vn 0.0000 0.0000 -1.0000
vn 0.8660 0.0000 -0.5000
vn 0.8660 0.0000 -0.5000
vn 0.0000 1.0000 0.0000
vn 0.0000 1.0000 0.0000
vn 0.0000 1.0000 -0.0000
vn 0.0000 1.0000 0.0000
vn 0.0000 -1.0000 0.0000
vn 0.0000 -1.0000 0.0000
vn -0.0000 -1.0000 0.0000
vn 0.0000 -1.0000 0.0000
vn 0.9239 -0.3827 0.0000
vn 0.9239 -0.3827 0.0000
vn 0.7071 -0.7071 0.0000
vn 0.7071 -0.7071 0.0000
vn 0.3827 -0.9239 0.0000
vn 0.3827 -0.9239 0.0000
vn -0.0000 -1.0000 0.0000
vn 0.0000 -1.0000 -0.0000
vn -0.3827 -0.9239 0.0000
vn -0.3827 -0.9239 -0.0000
vn -0.7071 -0.7071 0.0000
vn -0.7071 -0.7071 -0.0000
vn -0.9239 -0.3827 0.0000
vn -0.9239 -0.3827 -0.0000
vn -1.0000 0.0000 0.0000
vn -1.0000 0.0000 0.0000
vn -0.9239 0.3827 0.0000
vn -0.9239 0.3827 0.0000
vn -0.7071 0.7071 0.0000
vn -0.7071 0.7071 0.0000
vn -0.3827 0.9239 0.0000
vn -0.3827 0.9239 0.0000
vn -0.0000 1.0000 0.0000
vn 0.0000 1.0000 0.0000
vn 0.3827 0.9239 0.0000
vn 0.3827 0.9239 0.0000
vn 0.7071 0.7071 0.0000
vn 0.7071 0.7071 0.0000
vn 0.9239 0.3827 0.0000
vn 0.9239 0.3827 0.0000
vn 1.0000 0.0000 0.0000
vn 1.0000 0.0000 0.0000
vn 0.0000 0.0000 1.0000
vn 0.0000 0.0000 1.0000
vn 0.0000 0.0000 1.0000
vn 0.0000 0.0000 1.0000
vn 0.0000 0.0000 1.0000
vn 0.0000 0.0000 1.0000
vn 0.0000 0.0000 1.0000
vn 0.0000 0.0000 1.0000
vn 0.0000 0.0000 1.0000
vn 0.0000 0.0000 1.0000
vn 0.0000 0.0000 1.0000
vn 0.0000 0.0000 1.0000
vn 0.0000 0.0000 1.0000
vn 0.0000 0.0000 1.0000
vn 0.9808 -0.1951 0.0000
vn 0.9808 -0.1951 0.0000
vn 0.8315 -0.5556 0.0000
vn 0.8315 -0.5556 0.0000
vn 0.5556 -0.8315 0.0000
vn 0.5556 -0.8315 0.0000
vn 0.1951 -0.9808 0.0000
vn 0.1951 -0.9808 0.0000
vn -0.1951 -0.9808 0.0000
vn -0.1951 -0.9808 -0.0000
vn -0.5556 -0.8315 0.0000
vn -0.5556 -0.8315 -0.0000
vn -0.8315 -0.5556 0.0000
vn -0.8315 -0.5556 -0.0000
vn -0.9808 -0.1951 0.0000
vn -0.9808 -0.1951 -0.0000
vn -0.9808 0.1951 0.0000
vn -0.9808 0.1951 0.0000
vn -0.8315 0.5556 0.0000
vn -0.8315 0.5556 0.0000
vn -0.5556 0.8315 0.0000
vn -0.5556 0.8315 0.0000
vn -0.1951 0.9808 0.0000
vn -0.1951 0.9808 0.0000
vn 0.1951 0.9808 0.0000
vn 0.1951 0.9808 0.0000
vn 0.5556 0.8315 0.0000
vn 0.5556 0.8315 0.0000
vn 0.8315 0.5556 0.0000
vn 0.8315 0.5556 0.0000
vn 0.9808 0.1951 0.0000
vn 0.9808 0.1951 0.0000
vn 0.0000 0.0000 1.0000
vn 0.0000 0.0000 1.0000
vn 0.0000 0.0000 1.0000
vn 0.0000 0.0000 1.0000
vn 0.0000 0.0000 1.0000
vn 0.0000 0.0000 1.0000
vn -0.0000 0.0000 1.0000
vn 0.0000 0.0000 1.0000
vn 0.0000 0.0000 1.0000
vn 0.0000 0.0000 1.0000
vn -0.0000 0.0000 1.0000
vn -0.0000 0.0000 1.0000
vn -0.0000 0.0000 1.0000
vn 0.0000 0.0000 1.0000
vn 0.8533 -0.4927 0.1707
vn 0.8533 -0.4927 0.1707
vn 0.0000 -0.9853 0.1707
vn 0.0000 -0.9853 0.1707
vn -0.8533 -0.4927 0.1707
vn -0.8533 -0.4927 0.1707
vn -0.8533 0.4927 0.1707
vn -0.8533 0.4927 0.1707
vn -0.0000 0.9853 0.1707
vn 0.0000 0.9853 0.1707
vn 0.8533 0.4927 0.1707
vn 0.8533 0.4927 0.1707
vn 0.0000 0.0000 1.0000
vn 0.0000 0.0000 1.0000
vn 0.0000 0.0000 1.0000
vn 0.0000 0.0000 1.0000
vn 0.8533 -0.4927 0.1707
vn 0.8533 -0.4927 0.1707
vn 0.0000 -0.9853 0.1707
vn 0.0000 -0.9853 0.1707
vn -0.8533 -0.4927 0.1707
vn -0.8533 -0.4927 0.1707
vn -0.8533 0.4927 0.1707
vn -0.8533 0.4927 0.1707
vn -0.0000 0.9853 0.1707
vn 0.0000 0.9853 0.1707
vn 0.8533 0.4927 0.1707
vn 0.8533 0.4927 0.1707
vn 0.0000 0.0000 1.0000
vn 0.0000 0.0000 1.0000
vn 0.0000 0.0000 1.0000
vn 0.0000 0.0000 1.0000
vn 0.8533 -0.4927 0.1707
vn 0.8533 -0.4927 0.1707
vn 0.0000 -0.9853 0.1707
vn 0.0000 -0.9853 0.1707
vn -0.8533 -0.4927 0.1707
vn -0.8533 -0.4927 0.1707
vn -0.8533 0.4927 0.1707
vn -0.8533 0.4927 0.1707
vn -0.0000 0.9853 0.1707
vn 0.0000 0.9853 0.1707
vn 0.8533 0.4927 0.1707
vn 0.8533 0.4927 0.1707
vn 0.0000 0.0000 1.0000
vn 0.0000 0.0000 1.0000
vn 0.0000 0.0000 1.0000
vn 0.0000 0.0000 1.0000
vn 0.8533 -0.4927 0.1707
vn 0.8533 -0.4927 0.1707
vn 0.0000 -0.9853 0.1707
vn 0.0000 -0.9853 0.1707
vn -0.8533 -0.4927 0.1707
vn -0.8533 -0.4927 0.1707
vn -0.8533 0.4927 0.1707
vn -0.8533 0.4927 0.1707
vn -0.0000 0.9853 0.1707
vn 0.0000 0.9853 0.1707
vn 0.8533 0.4927 0.1707
vn 0.8533 0.4927 0.1707
vn 0.0000 0.0000 1.0000
vn 0.0000 0.0000 1.0000
vn 0.0000 0.0000 1.0000
vn 0.0000 0.0000 1.0000
vn 0.8533 -0.4927 0.1707
vn 0.8533 -0.4927 0.1707
vn 0.0000 -0.9853 0.1707
vn 0.0000 -0.9853 0.1707
vn -0.8533 -0.4927 0.1707
vn -0.8533 -0.4927 0.1707
vn -0.8533 0.4927 0.1707
vn -0.8533 0.4927 0.1707
vn -0.0000 0.9853 0.1707
vn 0.0000 0.9853 0.1707
vn 0.8533 0.4927 0.1707
vn 0.8533 0.4927 0.1707
vn 0.0000 0.0000 1.0000
vn 0.0000 0.0000 1.0000
vn 0.0000 0.0000 1.0000
vn 0.0000 0.0000 1.0000
vn 0.8533 -0.4927 0.1707
vn 0.8533 -0.4927 0.1707
vn 0.0000 -0.9853 0.1707
vn 0.0000 -0.9853 0.1707
vn -0.8533 -0.4927 0.1707
vn -0.8533 -0.4927 0.1707
vn -0.8533 0.4927 0.1707
vn -0.8533 0.4927 0.1707
vn -0.0000 0.9853 0.1707
vn 0.0000 0.9853 0.1707
vn 0.8533 0.4927 0.1707
vn 0.8533 0.4927 0.1707
vn 0.0000 0.0000 1.0000
vn 0.0000 0.0000 1.0000
vn 0.0000 0.0000 1.0000
vn 0.0000 0.0000 1.0000
vn 0.8533 -0.4927 0.1707
vn 0.8533 -0.4927 0.1707
vn 0.0000 -0.9853 0.1707
vn 0.0000 -0.9853 0.1707
vn -0.8533 -0.4927 0.1707
vn -0.8533 -0.4927 0.1707
vn -0.8533 0.4927 0.1707
vn -0.8533 0.4927 0.1707
vn -0.0000 0.9853 0.1707
vn 0.0000 0.9853 0.1707
vn 0.8533 0.4927 0.1707
vn 0.8533 0.4927 0.1707
vn 0.0000 0.0000 1.0000
vn 0.0000 0.0000 1.0000
vn 0.0000 0.0000 1.0000
vn 0.0000 0.0000 1.0000
vn 0.8533 -0.4927 0.1707
vn 0.8533 -0.4927 0.1707
vn 0.0000 -0.9853 0.1707
vn 0.0000 -0.9853 0.1707
vn -0.8533 -0.4927 0.1707
vn -0.8533 -0.4927 0.1707
vn -0.8533 0.4927 0.1707
vn -0.8533 0.4927 0.1707
vn -0.0000 0.9853 0.1707
vn 0.0000 0.9853 0.1707
vn 0.8533 0.4927 0.1707
vn 0.8533 0.4927 0.1707
vn 0.0000 0.0000 1.0000
vn 0.0000 0.0000 1.0000
vn 0.0000 0.0000 1.0000
vn 0.0000 0.0000 1.0000
vn 0.8533 -0.4927 0.1707
vn 0.8533 -0.4927 0.1707
vn 0.0000 -0.9853 0.1707
vn 0.0000 -0.9853 0.1707
vn -0.8533 -0.4927 0.1707
vn -0.8533 -0.4927 0.1707
vn -0.8533 0.4927 0.1707
vn -0.8533 0.4927 0.1707
vn -0.0000 0.9853 0.1707
vn 0.0000 0.9853 0.1707
vn 0.8533 0.4927 0.1707
vn 0.8533 0.4927 0.1707
vn 0.0000 0.0000 1.0000
vn 0.0000 0.0000 1.0000
vn 0.0000 0.0000 1.0000
vn 0.0000 0.0000 1.0000
vn 0.8533 -0.4927 0.1707
vn 0.8533 -0.4927 0.1707
vn 0.0000 -0.9853 0.1707
vn 0.0000 -0.9853 0.1707
vn -0.8533 -0.4927 0.1707
vn -0.8533 -0.4927 0.1707
vn -0.8533 0.4927 0.1707
vn -0.8533 0.4927 0.1707
vn -0.0000 0.9853 0.1707
vn 0.0000 0.9853 0.1707
vn 0.8533 0.4927 0.1707
vn 0.8533 0.4927 0.1707
vn 0.0000 0.0000 1.0000
vn 0.0000 0.0000 1.0000
vn 0.0000 0.0000 1.0000
vn 0.0000 0.0000 1.0000
vn 0.8533 -0.4927 0.1707
vn 0.8533 -0.4927 0.1707
vn 0.0000 -0.9853 0.1707
vn 0.0000 -0.9853 0.1707
vn -0.8533 -0.4927 0.1707
vn -0.8533 -0.4927 0.1707
vn -0.8533 0.4927 0.1707
vn -0.8533 0.4927 0.1707
vn -0.0000 0.9853 0.1707
vn -0.0000 0.9853 0.1707
vn 0.8533 0.4927 0.1707
vn 0.8533 0.4927 0.1707
vn 0.0000 0.0000 1.0000
vn 0.0000 0.0000 1.0000
vn 0.0000 0.0000 1.0000
vn 0.0000 0.0000 1.0000
vn 0.8533 -0.4927 0.1707
vn 0.8533 -0.4927 0.1707
vn 0.0000 -0.9853 0.1707
vn 0.0000 -0.9853 0.1707
vn -0.8533 -0.4927 0.1707
vn -0.8533 -0.4927 0.1707
vn -0.8533 0.4927 0.1707
vn -0.8533 0.4927 0.1707
vn -0.0000 0.9853 0.1707
vn 0.0000 0.9853 0.1707
vn 0.8533 0.4927 0.1707
vn 0.8533 0.4927 0.1707
vn 0.0000 0.0000 1.0000
vn 0.0000 0.0000 1.0000
vn 0.0000 0.0000 1.0000
vn 0.0000 0.0000 1.0000
vn 0.8533 -0.4927 0.1707
vn 0.8533 -0.4927 0.1707
vn 0.0000 -0.9853 0.1707
vn 0.0000 -0.9853 0.1707
vn -0.8533 -0.4927 0.1707
vn -0.8533 -0.4927 0.1707
vn -0.8533 0.4927 0.1707
vn -0.8533 0.4927 0.1707
vn -0.0000 0.9853 0.1707
vn 0.0000 0.9853 0.1707
vn 0.8533 0.4927 0.1707
vn 0.8533 0.4927 0.1707
vn 0.0000 0.0000 1.0000
vn 0.0000 0.0000 1.0000
vn 0.0000 0.0000 1.0000
vn 0.0000 0.0000 1.0000
vn 0.8533 -0.4927 0.1707
vn 0.8533 -0.4927 0.1707
vn 0.0000 -0.9853 0.1707
vn 0.0000 -0.9853 0.1707
vn -0.8533 -0.4927 0.1707
vn -0.8533 -0.4927 0.1707
vn -0.8533 0.4927 0.1707
vn -0.8533 0.4927 0.1707
vn -0.0000 0.9853 0.1707
vn -0.0000 0.9853 0.1707
vn 0.8533 0.4927 0.1707
vn 0.8533 0.4927 0.1707
vn 0.0000 0.0000 1.0000
vn 0.0000 0.0000 1.0000
vn 0.0000 0.0000 1.0000
vn 0.0000 0.0000 1.0000
vn 0.8533 -0.4927 0.1707
vn 0.8533 -0.4927 0.1707
vn 0.0000 -0.9853 0.1707
vn 0.0000 -0.9853 0.1707
vn -0.8533 -0.4927 0.1707
vn -0.8533 -0.4927 0.1707
vn -0.8533 0.4927 0.1707
vn -0.8533 0.4927 0.1707
vn -0.0000 0.9853 0.1707
vn -0.0000 0.9853 0.1707
vn 0.8533 0.4927 0.1707
vn 0.8533 0.4927 0.1707
vn 0.0000 0.0000 1.0000
vn 0.0000 0.0000 1.0000
vn 0.0000 0.0000 1.0000
vn 0.0000 0.0000 1.0000
vn 0.8533 -0.4927 0.1707
vn 0.8533 -0.4927 0.1707
vn 0.0000 -0.9853 0.1707
vn 0.0000 -0.9853 0.1707
vn -0.8533 -0.4927 0.1707
vn -0.8533 -0.4927 0.1707
vn -0.8533 0.4927 0.1707
vn -0.8533 0.4927 0.1707
vn -0.0000 0.9853 0.1707
vn 0.0000 0.9853 0.1707
vn 0.8533 0.4927 0.1707
vn 0.8533 0.4927 0.1707
vn 0.0000 0.0000 1.0000
vn 0.0000 0.0000 1.0000
vn 0.0000 0.0000 1.0000
vn 0.0000 0.0000 1.0000
vn 0.9239 0.0000 0.3827
vn 0.9239 0.0000 0.3827
vn 0.3827 0.0000 0.9239
vn 0.3827 0.0000 0.9239
vn -0.3827 0.0000 0.9239
vn -0.3827 0.0000 0.9239
vn -0.9239 0.0000 0.3827
vn -0.9239 0.0000 0.3827
vn -0.9239 0.0000 -0.3827
vn -0.9239 -0.0000 -0.3827
vn -0.3827 0.0000 -0.9239
vn -0.3827 -0.0000 -0.9239
vn 0.3827 0.0000 -0.9239
vn 0.3827 0.0000 -0.9239
vn 0.9239 0.0000 -0.3827
vn 0.9239 0.0000 -0.3827
vn 0.0000 1.0000 0.0000
vn 0.0000 1.0000 0.0000
vn 0.0000 1.0000 0.0000
vn 0.0000 1.0000 0.0000
vn 0.0000 1.0000 -0.0000
vn 0.0000 1.0000 0.0000
vn 0.0000 -1.0000 0.0000
vn 0.0000 -1.0000 0.0000
vn 0.0000 -1.0000 0.0000
vn -0.0000 -1.0000 0.0000
vn 0.0000 -1.0000 0.0000
vn 0.0000 -1.0000 0.0000
vn 0.9239 0.0000 0.3827
vn 0.9239 0.0000 0.3827
vn 0.3827 0.0000 0.9239
vn 0.3827 0.0000 0.9239
vn -0.3827 0.0000 0.9239
vn -0.3827 0.0000 0.9239
vn -0.9239 0.0000 0.3827
vn -0.9239 0.0000 0.3827
vn -0.9239 0.0000 -0.3827
vn -0.9239 -0.0000 -0.3827
vn -0.3827 0.0000 -0.9239
vn -0.3827 -0.0000 -0.9239
vn 0.3827 0.0000 -0.9239
vn 0.3827 0.0000 -0.9239
vn 0.9239 0.0000 -0.3827
vn 0.9239 0.0000 -0.3827
vn 0.0000 1.0000 0.0000
vn 0.0000 1.0000 0.0000
vn 0.0000 1.0000 0.0000
vn 0.0000 1.0000 0.0000
vn 0.0000 1.0000 -0.0000
vn 0.0000 1.0000 0.0000
vn 0.0000 -1.0000 0.0000
vn 0.0000 -1.0000 0.0000
vn 0.0000 -1.0000 0.0000
vn -0.0000 -1.0000 0.0000
vn 0.0000 -1.0000 0.0000
vn 0.0000 -1.0000 0.0000
vn -0.0000 1.0000 0.0000
vn 0.0000 1.0000 0.0000
vn 0.0000 0.0000 -1.0000
vn 0.0000 0.0000 -1.0000
vn 1.0000 0.0000 -0.0000
vn 1.0000 0.0000 0.0000
vn 0.0000 0.0000 1.0000
vn 0.0000 0.0000 1.0000
vn -1.0000 0.0000 -0.0000
vn -1.0000 -0.0000 0.0000
vn 0.0000 -1.0000 0.0000
vn 0.0000 -1.0000 0.0000
vn -0.0000 1.0000 0.0000
vn 0.0000 1.0000 0.0000
vn 0.0000 0.0000 -1.0000
vn 0.0000 0.0000 -1.0000
vn 1.0000 0.0000 -0.0000
vn 1.0000 0.0000 0.0000
vn 0.0000 0.0000 1.0000
vn 0.0000 0.0000 1.0000
vn -1.0000 0.0000 -0.0000
vn -1.0000 -0.0000 0.0000
vn 0.0000 -1.0000 0.0000
vn 0.0000 -1.0000 0.0000
vn 0.9239 0.0000 0.3827
vn 0.9239 0.0000 0.3827
vn 0.3827 0.0000 0.9239
vn 0.3827 0.0000 0.9239
vn -0.3827 0.0000 0.9239
vn -0.3827 0.0000 0.9239
vn -0.9239 0.0000 0.3827
vn -0.9239 0.0000 0.3827
vn -0.9239 0.0000 -0.3827
vn -0.9239 -0.0000 -0.3827
vn -0.3827 0.0000 -0.9239
vn -0.3827 -0.0000 -0.9239
vn 0.3827 0.0000 -0.9239
vn 0.3827 0.0000 -0.9239
vn 0.9239 0.0000 -0.3827
vn 0.9239 0.0000 -0.3827
vn 0.0000 1.0000 0.0000
vn 0.0000 1.0000 0.0000
vn 0.0000 1.0000 0.0000
vn 0.0000 1.0000 0.0000
vn 0.0000 1.0000 -0.0000
vn 0.0000 1.0000 0.0000
vn 0.0000 -1.0000 0.0000
vn 0.0000 -1.0000 0.0000
vn 0.0000 -1.0000 0.0000
vn -0.0000 -1.0000 0.0000
vn 0.0000 -1.0000 0.0000
vn 0.0000 -1.0000 0.0000
vn -0.0000 1.0000 0.0000
vn 0.0000 1.0000 0.0000
vn 0.0000 0.0000 -1.0000
vn 0.0000 0.0000 -1.0000
vn 1.0000 0.0000 -0.0000
vn 1.0000 0.0000 0.0000
vn 0.0000 0.0000 1.0000
vn 0.0000 0.0000 1.0000
vn -1.0000 0.0000 -0.0000
vn -1.0000 -0.0000 0.0000
vn 0.0000 -1.0000 0.0000
vn 0.0000 -1.0000 0.0000
vn 0.0000 -0.0000 1.0000
vn 0.0000 0.0000 1.0000
vn 0.0000 0.0000 1.0000
vn 0.0000 0.0000 1.0000
vn 0.0000 0.0000 1.0000
vn 0.0000 0.0000 1.0000
vn 0.0000 -0.0000 1.0000
vn 0.0000 0.0000 1.0000
vn 0.0000 0.0000 1.0000
vn 0.0000 0.0000 1.0000
vn 0.0000 0.0000 1.0000
vn 0.0000 -0.0000 1.0000
vn 0.0000 0.0000 1.0000
vn -0.0000 0.0000 1.0000
vn 0.0000 0.0000 1.0000
vn 0.0000 0.0000 1.0000
vn 0.0000 0.0000 1.0000
vn 0.0000 0.0000 1.0000
vn 0.0000 0.0000 1.0000
vn 0.0000 0.0000 1.0000
vn 0.0000 0.0000 1.0000
vn 0.0000 -0.0000 1.0000
vn 0.0000 0.0000 1.0000
vn -0.0000 0.0000 1.0000
vn 0.0000 0.0000 1.0000
vn 0.0000 0.0000 1.0000
vn 0.0000 0.0000 1.0000
vn 0.0000 -0.0000 1.0000
vn 0.0000 0.0000 1.0000
vn -0.0000 0.0000 1.0000
vn 0.0000 0.0000 1.0000
vn 0.0000 0.0000 1.0000
vn 0.0000 0.0000 1.0000
vn 0.0000 0.0000 1.0000
vn -0.0000 1.0000 0.0000
vn 0.0000 1.0000 0.0000
vn 0.0000 0.0000 -1.0000
vn 0.0000 0.0000 -1.0000
vn 1.0000 0.0000 -0.0000
vn 1.0000 0.0000 0.0000
vn 0.0000 0.0000 1.0000
vn 0.0000 0.0000 1.0000
vn -1.0000 0.0000 -0.0000
vn -1.0000 -0.0000 0.0000
vn 0.0000 -1.0000 0.0000
vn 0.0000 -1.0000 0.0000
vn -0.0000 1.0000 0.0000
vn 0.0000 1.0000 0.0000
vn 0.0000 0.0000 -1.0000
vn 0.0000 0.0000 -1.0000
vn 1.0000 0.0000 -0.0000
vn 1.0000 0.0000 0.0000
vn 0.0000 0.0000 1.0000
vn 0.0000 0.0000 1.0000
vn -1.0000 0.0000 -0.0000
vn -1.0000 -0.0000 0.0000
vn 0.0000 -1.0000 0.0000
vn 0.0000 -1.0000 0.0000
vn -0.0000 1.0000 0.0000
vn 0.0000 1.0000 0.0000
vn 0.0000 0.0000 -1.0000
vn 0.0000 0.0000 -1.0000
vn 1.0000 0.0000 -0.0000
vn 1.0000 0.0000 0.0000
vn 0.0000 0.0000 1.0000
vn 0.0000 0.0000 1.0000
vn -1.0000 0.0000 -0.0000
vn -1.0000 -0.0000 0.0000
vn 0.0000 -1.0000 0.0000
vn 0.0000 -1.0000 0.0000
vn -0.0000 1.0000 0.0000
vn 0.0000 1.0000 0.0000
vn 0.0000 0.0000 -1.0000
vn 0.0000 0.0000 -1.0000
vn 1.0000 0.0000 -0.0000
vn 1.0000 0.0000 0.0000
vn 0.0000 0.0000 1.0000
vn 0.0000 0.0000 1.0000
vn -1.0000 0.0000 -0.0000
vn -1.0000 -0.0000 0.0000
vn 0.0000 -1.0000 0.0000
vn 0.0000 -1.0000 0.0000
vn 0.0000 0.9968 -0.0805
vn 0.0000 0.9968 -0.0805
vn 1.0000 0.0000 -0.0000
vn 1.0000 0.0000 0.0000
vn 0.0000 0.0805 0.9968
vn 0.0000 0.0805 0.9968
vn -1.0000 -0.0000 0.0000
vn -1.0000 0.0000 0.0000
vn 0.0000 -0.9968 0.0805
vn 0.0000 -0.9968 0.0805
vn 0.0000 0.9968 -0.0805
vn 0.0000 0.9968 -0.0805
vn 0.0000 -0.0805 -0.9968
vn 0.0000 -0.0805 -0.9968
vn 1.0000 0.0000 -0.0000
vn 1.0000 0.0000 0.0000
vn 0.0000 0.0805 0.9968
vn 0.0000 0.0805 0.9968
vn -1.0000 0.0000 0.0000
vn -1.0000 -0.0000 0.0000
vn 0.0000 -0.9968 0.0805
vn 0.0000 -0.9968 0.0805
vn 0.0000 0.9968 -0.0805
vn 0.0000 0.9968 -0.0805
vn 0.0000 -0.0805 -0.9968
vn 0.0000 -0.0805 -0.9968
vn 1.0000 0.0000 -0.0000
vn 1.0000 0.0000 0.0000
vn 0.0000 0.0805 0.9968
vn 0.0000 0.0805 0.9968
vn -1.0000 0.0000 0.0000
vn -1.0000 -0.0000 0.0000
vn 0.0000 -0.9968 0.0805
vn 0.0000 -0.9968 0.0805
vn 0.0000 0.9968 -0.0805
vn 0.0000 0.9968 -0.0805
vn 0.0000 -0.0805 -0.9968
vn 0.0000 -0.0805 -0.9968
vn 1.0000 0.0000 -0.0000
vn 1.0000 0.0000 0.0000
vn 0.0000 0.0805 0.9968
vn 0.0000 0.0805 0.9968
vn -1.0000 0.0000 0.0000
vn -1.0000 -0.0000 0.0000
vn 0.0000 -0.9968 0.0805
vn 0.0000 -0.9968 0.0805
vn 0.0000 0.9968 -0.0805
vn 0.0000 0.9968 -0.0805
vn 0.0000 -0.0805 -0.9968
vn 0.0000 -0.0805 -0.9968
vn 1.0000 0.0000 -0.0000
vn 1.0000 0.0000 0.0000
vn 0.0000 0.0805 0.9968
vn 0.0000 0.0805 0.9968
vn -1.0000 0.0000 0.0000
vn -1.0000 -0.0000 0.0000
vn 0.0000 -0.9968 0.0805
vn 0.0000 -0.9968 0.0805
vn 0.0000 0.9968 -0.0805
vn 0.0000 0.9968 -0.0805
vn 0.0000 -0.0805 -0.9968
vn 0.0000 -0.0805 -0.9968
vn 1.0000 0.0000 -0.0000
vn 1.0000 0.0000 0.0000
vn 0.0000 0.0805 0.9968
vn 0.0000 0.0805 0.9968
vn -1.0000 0.0000 0.0000
vn -1.0000 -0.0000 0.0000
vn 0.0000 -0.9968 0.0805
vn 0.0000 -0.9968 0.0805
vn 0.0000 0.9968 -0.0805
vn 0.0000 0.9968 -0.0805
vn 0.0000 -0.0805 -0.9968
vn 0.0000 -0.0805 -0.9968
vn 1.0000 0.0000 -0.0000
vn 1.0000 0.0000 0.0000
vn 0.0000 0.0805 0.9968
vn 0.0000 0.0805 0.9968
vn -1.0000 0.0000 0.0000
vn -1.0000 -0.0000 0.0000
vn 0.0000 -0.9968 0.0805
vn 0.0000 -0.9968 0.0805
vn 0.0000 0.9968 -0.0805
vn 0.0000 0.9968 -0.0805
vn 0.0000 -0.0805 -0.9968
vn 0.0000 -0.0805 -0.9968
vn 1.0000 0.0000 -0.0000
vn 1.0000 0.0000 0.0000
vn 0.0000 0.0805 0.9968
vn 0.0000 0.0805 0.9968
vn -1.0000 -0.0000 0.0000
vn -1.0000 0.0000 0.0000
vn 0.0000 -0.9968 0.0805
vn 0.0000 -0.9968 0.0805
vn 0.0000 0.9968 -0.0805
vn 0.0000 0.9968 -0.0805
vn 0.0000 -0.0805 -0.9968
vn 0.0000 -0.0805 -0.9968
vn 1.0000 0.0000 -0.0000
vn 1.0000 0.0000 0.0000
vn 0.0000 0.0805 0.9968
vn 0.0000 0.0805 0.9968
vn -1.0000 -0.0000 0.0000
vn -1.0000 0.0000 0.0000
vn 0.0000 -0.9968 0.0805
vn 0.0000 -0.9968 0.0805
vn 0.0000 0.9968 -0.0805
vn 0.0000 0.9968 -0.0805
vn 0.0000 -0.0805 -0.9968
vn 0.0000 -0.0805 -0.9968
vn 1.0000 0.0000 -0.0000
vn 1.0000 0.0000 0.0000
vn 0.0000 0.0805 0.9968
vn 0.0000 0.0805 0.9968
vn -1.0000 -0.0000 0.0000
vn -1.0000 0.0000 0.0000
vn 0.0000 -0.9968 0.0805
vn 0.0000 -0.9968 0.0805
vn 0.0000 0.9968 -0.0805
vn 0.0000 0.9968 -0.0805
vn 1.0000 0.0000 -0.0000
vn 1.0000 0.0000 0.0000
vn 0.0000 0.0805 0.9968
vn 0.0000 0.0805 0.9968
vn -1.0000 -0.0000 0.0000
vn -1.0000 0.0000 0.0000
vn 0.0000 -0.9968 0.0805
vn 0.0000 -0.9968 0.0805
vn 0.0000 0.9968 -0.0805
vn 0.0000 0.9968 -0.0805
vn 0.0000 -0.0805 -0.9968
vn 0.0000 -0.0805 -0.9968
vn 1.0000 0.0000 -0.0000
vn 1.0000 0.0000 0.0000
vn 0.0000 0.0805 0.9968
vn 0.0000 0.0805 0.9968
vn -1.0000 0.0000 0.0000
vn -1.0000 -0.0000 0.0000
vn 0.0000 -0.9968 0.0805
vn 0.0000 -0.9968 0.0805
vn 0.0000 0.9968 -0.0805
vn 0.0000 0.9968 -0.0805
vn 0.0000 -0.0805 -0.9968
vn 0.0000 -0.0805 -0.9968
vn 1.0000 0.0000 -0.0000
vn 1.0000 0.0000 0.0000
vn 0.0000 0.0805 0.9968
vn 0.0000 0.0805 0.9968
vn -1.0000 0.0000 0.0000
vn -1.0000 -0.0000 0.0000
vn 0.0000 -0.9968 0.0805
vn 0.0000 -0.9968 0.0805
vn 0.0000 0.9968 -0.0805
vn 0.0000 0.9968 -0.0805
vn 0.0000 -0.0805 -0.9968
vn 0.0000 -0.0805 -0.9968
vn 1.0000 0.0000 -0.0000
vn 1.0000 0.0000 0.0000
vn 0.0000 0.0805 0.9968
vn 0.0000 0.0805 0.9968
vn -1.0000 0.0000 0.0000
vn -1.0000 -0.0000 0.0000
vn 0.0000 -0.9968 0.0805
vn 0.0000 -0.9968 0.0805
vn 0.0000 0.9968 -0.0805
vn 0.0000 0.9968 -0.0805
vn 0.0000 -0.0805 -0.9968
vn 0.0000 -0.0805 -0.9968
vn 1.0000 0.0000 -0.0000
vn 1.0000 0.0000 0.0000
vn 0.0000 0.0805 0.9968
vn 0.0000 0.0805 0.9968
vn -1.0000 0.0000 0.0000
vn -1.0000 -0.0000 0.0000
vn 0.0000 -0.9968 0.0805
vn 0.0000 -0.9968 0.0805
vn 0.0000 0.9968 -0.0805
vn 0.0000 0.9968 -0.0805
vn 0.0000 -0.0805 -0.9968
vn 0.0000 -0.0805 -0.9968
vn 1.0000 0.0000 -0.0000
vn 1.0000 0.0000 0.0000
vn 0.0000 0.0805 0.9968
vn 0.0000 0.0805 0.9968
vn -1.0000 0.0000 0.0000
vn -1.0000 -0.0000 0.0000
vn 0.0000 -0.9968 0.0805
vn 0.0000 -0.9968 0.0805
vn 0.0000 0.9968 -0.0805
vn 0.0000 0.9968 -0.0805
vn 0.0000 -0.0805 -0.9968
vn 0.0000 -0.0805 -0.9968
vn 1.0000 0.0000 -0.0000
vn 1.0000 0.0000 0.0000
vn 0.0000 0.0805 0.9968
vn 0.0000 0.0805 0.9968
vn -1.0000 0.0000 0.0000
vn -1.0000 -0.0000 0.0000
vn 0.0000 -0.9968 0.0805
vn 0.0000 -0.9968 0.0805
vn 0.0000 0.9968 -0.0805
vn 0.0000 0.9968 -0.0805
vn 0.0000 -0.0805 -0.9968
vn 0.0000 -0.0805 -0.9968
vn 1.0000 0.0000 -0.0000
vn 1.0000 0.0000 0.0000
vn 0.0000 0.0805 0.9968
vn 0.0000 0.0805 0.9968
vn -1.0000 -0.0000 0.0000
vn -1.0000 0.0000 0.0000
vn 0.0000 -0.9968 0.0805
vn 0.0000 -0.9968 0.0805
vn 0.0000 0.9968 -0.0805
vn 0.0000 0.9968 -0.0805
vn 0.0000 -0.0805 -0.9968
vn 0.0000 -0.0805 -0.9968
vn 1.0000 0.0000 -0.0000
vn 1.0000 0.0000 0.0000
vn 0.0000 0.0805 0.9968
vn 0.0000 0.0805 0.9968
vn -1.0000 -0.0000 0.0000
vn -1.0000 0.0000 0.0000
vn 0.0000 -0.9968 0.0805
vn 0.0000 -0.9968 0.0805
vn 0.0000 0.9968 -0.0805
vn 0.0000 0.9968 -0.0805
vn 0.0000 -0.0805 -0.9968
vn 0.0000 -0.0805 -0.9968
vn 1.0000 0.0000 -0.0000
vn 1.0000 0.0000 0.0000
vn 0.0000 0.0805 0.9968
vn 0.0000 0.0805 0.9968
vn -1.0000 -0.0000 0.0000
vn -1.0000 0.0000 0.0000
vn 0.0000 -0.9968 0.0805
vn 0.0000 -0.9968 0.0805
vn 0.0851 0.9964 -0.0000
vn 0.0851 0.9964 -0.0000
vn 0.0000 0.0000 1.0000
vn 0.0000 0.0000 1.0000
vn -0.9964 0.0851 0.0000
vn -0.9964 0.0851 0.0000
vn 0.0000 -0.0000 -1.0000
vn 0.0000 0.0000 -1.0000
vn -0.0851 -0.9964 0.0000
vn -0.0851 -0.9964 0.0000
vn 0.0851 0.9964 -0.0000
vn 0.0851 0.9964 0.0000
vn 0.9964 -0.0851 0.0000
vn 0.9964 -0.0851 0.0000
vn 0.0000 0.0000 1.0000
vn 0.0000 0.0000 1.0000
vn -0.9964 0.0851 0.0000
vn -0.9964 0.0851 0.0000
vn 0.0000 0.0000 -1.0000
vn 0.0000 -0.0000 -1.0000
vn -0.0851 -0.9964 0.0000
vn -0.0851 -0.9964 -0.0000
vn 0.0851 0.9964 -0.0000
vn 0.0851 0.9964 0.0000
vn 0.9964 -0.0851 0.0000
vn 0.9964 -0.0851 0.0000
vn 0.0000 0.0000 1.0000
vn 0.0000 0.0000 1.0000
vn -0.9964 0.0851 0.0000
vn -0.9964 0.0851 0.0000
vn 0.0000 0.0000 -1.0000
vn 0.0000 -0.0000 -1.0000
vn -0.0851 -0.9964 0.0000
vn -0.0851 -0.9964 -0.0000
vn 0.0851 0.9964 -0.0000
vn 0.0851 0.9964 -0.0000
vn 0.9964 -0.0851 -0.0000
vn 0.9964 -0.0851 0.0000
vn 0.0000 0.0000 1.0000
vn 0.0000 0.0000 1.0000
vn -0.9964 0.0851 0.0000
vn -0.9964 0.0851 0.0000
vn 0.0000 0.0000 -1.0000
vn 0.0000 -0.0000 -1.0000
vn -0.0851 -0.9964 0.0000
vn -0.0851 -0.9964 -0.0000
vn 0.0851 0.9964 -0.0000
vn 0.0851 0.9964 0.0000
vn 0.9964 -0.0851 0.0000
vn 0.9964 -0.0851 -0.0000
vn 0.0000 0.0000 1.0000
vn 0.0000 0.0000 1.0000
vn -0.9964 0.0851 0.0000
vn -0.9964 0.0851 0.0000
vn 0.0000 0.0000 -1.0000
vn 0.0000 -0.0000 -1.0000
vn -0.0851 -0.9964 0.0000
vn -0.0851 -0.9964 0.0000
vn 0.0851 0.9964 -0.0000
vn 0.0851 0.9964 -0.0000
vn 0.9964 -0.0851 -0.0000
vn 0.9964 -0.0851 -0.0000
vn 0.0000 0.0000 1.0000
vn 0.0000 0.0000 1.0000
vn -0.9964 0.0851 0.0000
vn -0.9964 0.0851 0.0000
vn 0.0000 0.0000 -1.0000
vn 0.0000 -0.0000 -1.0000
vn -0.0851 -0.9964 0.0000
vn -0.0851 -0.9964 0.0000
vn 0.0851 0.9964 -0.0000
vn 0.0851 0.9964 0.0000
vn 0.9964 -0.0851 0.0000
vn 0.9964 -0.0851 -0.0000
vn 0.0000 0.0000 1.0000
vn 0.0000 0.0000 1.0000
vn -0.9964 0.0851 0.0000
vn -0.9964 0.0851 0.0000
vn 0.0000 0.0000 -1.0000
vn 0.0000 -0.0000 -1.0000
vn -0.0851 -0.9964 0.0000
vn -0.0851 -0.9964 0.0000
vn 0.0851 0.9964 -0.0000
vn 0.0851 0.9964 0.0000
vn 0.9964 -0.0851 0.0000
vn 0.9964 -0.0851 0.0000
vn 0.0000 0.0000 1.0000
vn 0.0000 0.0000 1.0000
vn -0.9964 0.0851 0.0000
vn -0.9964 0.0851 0.0000
vn 0.0000 -0.0000 -1.0000
vn 0.0000 0.0000 -1.0000
vn -0.0851 -0.9964 0.0000
vn -0.0851 -0.9964 -0.0000
vn 0.0851 0.9964 -0.0000
vn 0.0851 0.9964 0.0000
vn 0.9964 -0.0851 0.0000
vn 0.9964 -0.0851 0.0000
vn 0.0000 0.0000 1.0000
vn 0.0000 0.0000 1.0000
vn -0.9964 0.0851 0.0000
vn -0.9964 0.0851 0.0000
vn 0.0000 -0.0000 -1.0000
vn 0.0000 0.0000 -1.0000
vn -0.0851 -0.9964 0.0000
vn -0.0851 -0.9964 -0.0000
vn 0.0851 0.9964 -0.0000
vn 0.0851 0.9964 0.0000
vn 0.9964 -0.0851 0.0000
vn 0.9964 -0.0851 0.0000
vn 0.0000 0.0000 1.0000
vn 0.0000 0.0000 1.0000
vn -0.9964 0.0851 0.0000
vn -0.9964 0.0851 0.0000
vn 0.0000 -0.0000 -1.0000
vn 0.0000 0.0000 -1.0000
vn -0.0851 -0.9964 0.0000
vn -0.0851 -0.9964 -0.0000
vn 0.0851 0.9964 -0.0000
vn 0.0851 0.9964 -0.0000
vn 0.0000 0.0000 1.0000
vn 0.0000 0.0000 1.0000
vn -0.9964 0.0851 0.0000
vn -0.9964 0.0851 0.0000
vn 0.0000 -0.0000 -1.0000
vn 0.0000 0.0000 -1.0000
vn -0.0851 -0.9964 0.0000
vn -0.0851 -0.9964 0.0000
vn 0.0851 0.9964 -0.0000
vn 0.0851 0.9964 0.0000
vn 0.9964 -0.0851 0.0000
vn 0.9964 -0.0851 0.0000
vn 0.0000 0.0000 1.0000
vn 0.0000 0.0000 1.0000
vn -0.9964 0.0851 0.0000
vn -0.9964 0.0851 0.0000
vn 0.0000 0.0000 -1.0000
vn 0.0000 -0.0000 -1.0000
vn -0.0851 -0.9964 0.0000
vn -0.0851 -0.9964 -0.0000
vn 0.0851 0.9964 -0.0000
vn 0.0851 0.9964 0.0000
vn 0.9964 -0.0851 0.0000
vn 0.9964 -0.0851 0.0000
vn 0.0000 0.0000 1.0000
vn 0.0000 0.0000 1.0000
vn -0.9964 0.0851 0.0000
vn -0.9964 0.0851 0.0000
vn 0.0000 0.0000 -1.0000
vn 0.0000 -0.0000 -1.0000
vn -0.0851 -0.9964 0.0000
vn -0.0851 -0.9964 -0.0000
vn 0.0851 0.9964 -0.0000
vn 0.0851 0.9964 -0.0000
vn 0.9964 -0.0851 -0.0000
vn 0.9964 -0.0851 0.0000
vn 0.0000 0.0000 1.0000
vn 0.0000 0.0000 1.0000
vn -0.9964 0.0851 0.0000
vn -0.9964 0.0851 0.0000
vn 0.0000 0.0000 -1.0000
vn 0.0000 -0.0000 -1.0000
vn -0.0851 -0.9964 0.0000
vn -0.0851 -0.9964 -0.0000
vn 0.0851 0.9964 -0.0000
vn 0.0851 0.9964 0.0000
vn 0.9964 -0.0851 0.0000
vn 0.9964 -0.0851 -0.0000
vn 0.0000 0.0000 1.0000
vn 0.0000 0.0000 1.0000
vn -0.9964 0.0851 0.0000
vn -0.9964 0.0851 0.0000
vn 0.0000 0.0000 -1.0000
vn 0.0000 -0.0000 -1.0000
vn -0.0851 -0.9964 0.0000
vn -0.0851 -0.9964 0.0000
vn 0.0851 0.9964 -0.0000
vn 0.0851 0.9964 -0.0000
vn 0.9964 -0.0851 -0.0000
vn 0.9964 -0.0851 -0.0000
vn 0.0000 0.0000 1.0000
vn 0.0000 0.0000 1.0000
vn -0.9964 0.0851 0.0000
vn -0.9964 0.0851 0.0000
vn 0.0000 0.0000 -1.0000
vn 0.0000 -0.0000 -1.0000
vn -0.0851 -0.9964 0.0000
vn -0.0851 -0.9964 0.0000
vn 0.0851 0.9964 -0.0000
vn 0.0851 0.9964 0.0000
vn 0.9964 -0.0851 0.0000
vn 0.9964 -0.0851 -0.0000
vn 0.0000 0.0000 1.0000
vn 0.0000 0.0000 1.0000
vn -0.9964 0.0851 0.0000
vn -0.9964 0.0851 0.0000
vn 0.0000 0.0000 -1.0000
vn 0.0000 -0.0000 -1.0000
vn -0.0851 -0.9964 0.0000
vn -0.0851 -0.9964 0.0000
vn 0.0851 0.9964 -0.0000
vn 0.0851 0.9964 0.0000
vn 0.9964 -0.0851 0.0000
vn 0.9964 -0.0851 0.0000
vn 0.0000 0.0000 1.0000
vn 0.0000 0.0000 1.0000
vn -0.9964 0.0851 0.0000
vn -0.9964 0.0851 0.0000
vn 0.0000 -0.0000 -1.0000
vn 0.0000 0.0000 -1.0000
vn -0.0851 -0.9964 0.0000
vn -0.0851 -0.9964 -0.0000
vn 0.0851 0.9964 -0.0000
vn 0.0851 0.9964 0.0000
vn 0.9964 -0.0851 0.0000
vn 0.9964 -0.0851 0.0000
vn 0.0000 0.0000 1.0000
vn 0.0000 0.0000 1.0000
vn -0.9964 0.0851 0.0000
vn -0.9964 0.0851 0.0000
vn 0.0000 -0.0000 -1.0000
vn 0.0000 0.0000 -1.0000
vn -0.0851 -0.9964 0.0000
vn -0.0851 -0.9964 -0.0000
vn 0.0851 0.9964 -0.0000
vn 0.0851 0.9964 0.0000
vn 0.9964 -0.0851 0.0000
vn 0.9964 -0.0851 0.0000
vn 0.0000 0.0000 1.0000
vn 0.0000 0.0000 1.0000
vn -0.9964 0.0851 0.0000
vn -0.9964 0.0851 0.0000
vn 0.0000 -0.0000 -1.0000
vn 0.0000 0.0000 -1.0000
vn -0.0851 -0.9964 0.0000
vn -0.0851 -0.9964 -0.0000
vn -0.0851 0.9964 0.0000
vn -0.0851 0.9964 -0.0000
vn 0.0000 0.0000 -1.0000
vn 0.0000 0.0000 -1.0000
vn 0.9964 0.0851 -0.0000
vn 0.9964 0.0851 0.0000
vn 0.0000 0.0000 1.0000
vn 0.0000 0.0000 1.0000
vn 0.0851 -0.9964 0.0000
vn 0.0851 -0.9964 0.0000
vn -0.0851 0.9964 0.0000
vn -0.0851 0.9964 0.0000
vn -0.9964 -0.0851 -0.0000
vn -0.9964 -0.0851 0.0000
vn 0.0000 0.0000 -1.0000
vn 0.0000 0.0000 -1.0000
vn 0.9964 0.0851 -0.0000
vn 0.9964 0.0851 0.0000
vn 0.0000 0.0000 1.0000
vn 0.0000 0.0000 1.0000
vn 0.0851 -0.9964 0.0000
vn 0.0851 -0.9964 0.0000
vn -0.0851 0.9964 0.0000
vn -0.0851 0.9964 0.0000
vn -0.9964 -0.0851 -0.0000
vn -0.9964 -0.0851 0.0000
vn 0.0000 0.0000 -1.0000
vn 0.0000 0.0000 -1.0000
vn 0.9964 0.0851 -0.0000
vn 0.9964 0.0851 0.0000
vn 0.0000 0.0000 1.0000
vn 0.0000 0.0000 1.0000
vn 0.0851 -0.9964 0.0000
vn 0.0851 -0.9964 0.0000
vn -0.0851 0.9964 0.0000
vn -0.0851 0.9964 -0.0000
vn -0.9964 -0.0851 -0.0000
vn -0.9964 -0.0851 0.0000
vn 0.0000 0.0000 -1.0000
vn 0.0000 0.0000 -1.0000
vn 0.9964 0.0851 -0.0000
vn 0.9964 0.0851 0.0000
vn 0.0000 0.0000 1.0000
vn 0.0000 0.0000 1.0000
vn 0.0851 -0.9964 0.0000
vn 0.0851 -0.9964 0.0000
vn -0.0851 0.9964 0.0000
vn -0.0851 0.9964 0.0000
vn -0.9964 -0.0851 -0.0000
vn -0.9964 -0.0851 -0.0000
vn 0.0000 0.0000 -1.0000
vn 0.0000 0.0000 -1.0000
vn 0.9964 0.0851 -0.0000
vn 0.9964 0.0851 0.0000
vn 0.0000 0.0000 1.0000
vn 0.0000 0.0000 1.0000
vn 0.0851 -0.9964 0.0000
vn 0.0851 -0.9964 0.0000
vn -0.0851 0.9964 0.0000
vn -0.0851 0.9964 -0.0000
vn -0.9964 -0.0851 -0.0000
vn -0.9964 -0.0851 -0.0000
vn 0.0000 0.0000 -1.0000
vn 0.0000 0.0000 -1.0000
vn 0.9964 0.0851 -0.0000
vn 0.9964 0.0851 0.0000
vn 0.0000 0.0000 1.0000
vn 0.0000 0.0000 1.0000
vn 0.0851 -0.9964 0.0000
vn 0.0851 -0.9964 0.0000
vn -0.0851 0.9964 0.0000
vn -0.0851 0.9964 0.0000
vn -0.9964 -0.0851 -0.0000
vn -0.9964 -0.0851 -0.0000
vn 0.0000 0.0000 -1.0000
vn 0.0000 0.0000 -1.0000
vn 0.9964 0.0851 -0.0000
vn 0.9964 0.0851 0.0000
vn 0.0000 0.0000 1.0000
vn 0.0000 0.0000 1.0000
vn 0.0851 -0.9964 0.0000
vn 0.0851 -0.9964 0.0000
vn -0.0851 0.9964 0.0000
vn -0.0851 0.9964 0.0000
vn -0.9964 -0.0851 -0.0000
vn -0.9964 -0.0851 0.0000
vn 0.0000 0.0000 -1.0000
vn 0.0000 0.0000 -1.0000
vn 0.9964 0.0851 -0.0000
vn 0.9964 0.0851 0.0000
vn 0.0000 0.0000 1.0000
vn 0.0000 0.0000 1.0000
vn 0.0851 -0.9964 0.0000
vn 0.0851 -0.9964 0.0000
vn -0.0851 0.9964 0.0000
vn -0.0851 0.9964 0.0000
vn -0.9964 -0.0851 -0.0000
vn -0.9964 -0.0851 0.0000
vn 0.0000 0.0000 -1.0000
vn 0.0000 0.0000 -1.0000
vn 0.9964 0.0851 -0.0000
vn 0.9964 0.0851 0.0000
vn 0.0000 0.0000 1.0000
vn 0.0000 0.0000 1.0000
vn 0.0851 -0.9964 0.0000
vn 0.0851 -0.9964 0.0000
vn -0.0851 0.9964 0.0000
vn -0.0851 0.9964 0.0000
vn -0.9964 -0.0851 -0.0000
vn -0.9964 -0.0851 0.0000
vn 0.0000 0.0000 -1.0000
vn 0.0000 0.0000 -1.0000
vn 0.9964 0.0851 -0.0000
vn 0.9964 0.0851 0.0000
vn 0.0000 0.0000 1.0000
vn 0.0000 0.0000 1.0000
vn 0.0851 -0.9964 0.0000
vn 0.0851 -0.9964 0.0000
vn -0.0851 0.9964 0.0000
vn -0.0851 0.9964 -0.0000
vn 0.0000 0.0000 -1.0000
vn 0.0000 0.0000 -1.0000
vn 0.9964 0.0851 -0.0000
vn 0.9964 0.0851 0.0000
vn 0.0000 0.0000 1.0000
vn 0.0000 0.0000 1.0000
vn 0.0851 -0.9964 0.0000
vn 0.0851 -0.9964 0.0000
vn -0.0851 0.9964 0.0000
vn -0.0851 0.9964 0.0000
vn -0.9964 -0.0851 -0.0000
vn -0.9964 -0.0851 0.0000
vn 0.0000 0.0000 -1.0000
vn 0.0000 0.0000 -1.0000
vn 0.9964 0.0851 -0.0000
vn 0.9964 0.0851 0.0000
vn 0.0000 0.0000 1.0000
vn 0.0000 0.0000 1.0000
vn 0.0851 -0.9964 0.0000
vn 0.0851 -0.9964 0.0000
vn -0.0851 0.9964 0.0000
vn -0.0851 0.9964 0.0000
vn -0.9964 -0.0851 -0.0000
vn -0.9964 -0.0851 0.0000
vn 0.0000 0.0000 -1.0000
vn 0.0000 0.0000 -1.0000
vn 0.9964 0.0851 -0.0000
vn 0.9964 0.0851 0.0000
vn 0.0000 0.0000 1.0000
vn 0.0000 0.0000 1.0000
vn 0.0851 -0.9964 0.0000
vn 0.0851 -0.9964 0.0000
vn -0.0851 0.9964 0.0000
vn -0.0851 0.9964 -0.0000
vn -0.9964 -0.0851 -0.0000
vn -0.9964 -0.0851 0.0000
vn 0.0000 0.0000 -1.0000
vn 0.0000 0.0000 -1.0000
vn 0.9964 0.0851 -0.0000
vn 0.9964 0.0851 0.0000
vn 0.0000 0.0000 1.0000
vn 0.0000 0.0000 1.0000
vn 0.0851 -0.9964 0.0000
vn 0.0851 -0.9964 0.0000
vn -0.0851 0.9964 0.0000
vn -0.0851 0.9964 0.0000
vn -0.9964 -0.0851 -0.0000
vn -0.9964 -0.0851 -0.0000
vn 0.0000 0.0000 -1.0000
vn 0.0000 0.0000 -1.0000
vn 0.9964 0.0851 -0.0000
vn 0.9964 0.0851 0.0000
vn 0.0000 0.0000 1.0000
vn 0.0000 0.0000 1.0000
vn 0.0851 -0.9964 0.0000
vn 0.0851 -0.9964 0.0000
vn -0.0851 0.9964 0.0000
vn -0.0851 0.9964 -0.0000
vn -0.9964 -0.0851 -0.0000
vn -0.9964 -0.0851 -0.0000
vn 0.0000 0.0000 -1.0000
vn 0.0000 0.0000 -1.0000
vn 0.9964 0.0851 -0.0000
vn 0.9964 0.0851 0.0000
vn 0.0000 0.0000 1.0000
vn 0.0000 0.0000 1.0000
vn 0.0851 -0.9964 0.0000
vn 0.0851 -0.9964 0.0000
vn -0.0851 0.9964 0.0000
vn -0.0851 0.9964 0.0000
vn -0.9964 -0.0851 -0.0000
vn -0.9964 -0.0851 -0.0000
vn 0.0000 0.0000 -1.0000
vn 0.0000 0.0000 -1.0000
vn 0.9964 0.0851 -0.0000
vn 0.9964 0.0851 0.0000
vn 0.0000 0.0000 1.0000
vn 0.0000 0.0000 1.0000
vn 0.0851 -0.9964 0.0000
vn 0.0851 -0.9964 0.0000
vn -0.0851 0.9964 0.0000
vn -0.0851 0.9964 0.0000
vn -0.9964 -0.0851 -0.0000
vn -0.9964 -0.0851 0.0000
vn 0.0000 0.0000 -1.0000
vn 0.0000 0.0000 -1.0000
vn 0.9964 0.0851 -0.0000
vn 0.9964 0.0851 0.0000
vn 0.0000 0.0000 1.0000
vn 0.0000 0.0000 1.0000
vn 0.0851 -0.9964 0.0000
vn 0.0851 -0.9964 0.0000
vn -0.0851 0.9964 0.0000
vn -0.0851 0.9964 0.0000
vn -0.9964 -0.0851 -0.0000
vn -0.9964 -0.0851 0.0000
vn 0.0000 0.0000 -1.0000
vn 0.0000 0.0000 -1.0000
vn 0.9964 0.0851 -0.0000
vn 0.9964 0.0851 0.0000
vn 0.0000 0.0000 1.0000
vn 0.0000 0.0000 1.0000
vn 0.0851 -0.9964 0.0000
vn 0.0851 -0.9964 0.0000
vn -0.0851 0.9964 0.0000
vn -0.0851 0.9964 0.0000
vn -0.9964 -0.0851 -0.0000
vn -0.9964 -0.0851 0.0000
vn 0.0000 0.0000 -1.0000
vn 0.0000 0.0000 -1.0000
vn 0.9964 0.0851 -0.0000
vn 0.9964 0.0851 0.0000
vn 0.0000 0.0000 1.0000
vn 0.0000 0.0000 1.0000
vn 0.0851 -0.9964 0.0000
vn 0.0851 -0.9964 0.0000
vn -0.0851 0.9964 0.0000
vn -0.0851 0.9964 0.0000
vn -0.9964 -0.0851 -0.0000
vn -0.9964 -0.0851 -0.0000
vn 0.0000 0.0000 -1.0000
vn 0.0000 0.0000 -1.0000
vn 0.9964 0.0851 -0.0000
vn 0.9964 0.0851 0.0000
vn 0.0000 0.0000 1.0000
vn 0.0000 0.0000 1.0000
vn 0.0851 -0.9964 0.0000
vn 0.0851 -0.9964 0.0000
vn -0.0851 0.9964 0.0000
vn -0.0851 0.9964 0.0000
vn -0.9964 -0.0851 -0.0000
vn -0.9964 -0.0851 0.0000
vn 0.0000 0.0000 -1.0000
vn 0.0000 0.0000 -1.0000
vn 0.9964 0.0851 -0.0000
vn 0.9964 0.0851 0.0000
vn 0.0000 0.0000 1.0000
vn 0.0000 0.0000 1.0000
vn 0.0851 -0.9964 0.0000
vn 0.0851 -0.9964 0.0000
vn -0.0851 0.9964 0.0000
vn -0.0851 0.9964 0.0000
vn -0.9964 -0.0851 -0.0000
vn -0.9964 -0.0851 0.0000
vn 0.0000 0.0000 -1.0000
vn 0.0000 0.0000 -1.0000
vn 0.9964 0.0851 -0.0000
vn 0.9964 0.0851 0.0000
vn 0.0000 0.0000 1.0000
vn 0.0000 0.0000 1.0000
vn 0.0851 -0.9964 0.0000
vn 0.0851 -0.9964 0.0000
vn -0.0851 0.9964 0.0000
vn -0.0851 0.9964 0.0000
vn -0.9964 -0.0851 -0.0000
vn -0.9964 -0.0851 0.0000
vn 0.0000 0.0000 -1.0000
vn 0.0000 0.0000 -1.0000
vn 0.9964 0.0851 -0.0000
vn 0.9964 0.0851 0.0000
vn 0.0000 0.0000 1.0000
vn 0.0000 0.0000 1.0000
vn 0.0851 -0.9964 0.0000
vn 0.0851 -0.9964 0.0000
vn -0.0851 0.9964 0.0000
vn -0.0851 0.9964 0.0000
vn -0.9964 -0.0851 -0.0000
vn -0.9964 -0.0851 0.0000
vn 0.0000 0.0000 -1.0000
vn 0.0000 0.0000 -1.0000
vn 0.9964 0.0851 -0.0000
vn 0.9964 0.0851 0.0000
vn 0.0000 0.0000 1.0000
vn 0.0000 0.0000 1.0000
vn 0.0851 -0.9964 0.0000
vn 0.0851 -0.9964 0.0000
vn -0.0851 0.9964 0.0000
vn -0.0851 0.9964 0.0000
vn -0.9964 -0.0851 -0.0000
vn -0.9964 -0.0851 0.0000
vn 0.0000 0.0000 -1.0000
vn 0.0000 0.0000 -1.0000
vn 0.9964 0.0851 -0.0000
vn 0.9964 0.0851 0.0000
vn 0.0000 0.0000 1.0000
vn 0.0000 0.0000 1.0000
vn 0.0851 -0.9964 0.0000
vn 0.0851 -0.9964 0.0000
vn -0.0851 0.9964 0.0000
vn -0.0851 0.9964 0.0000
vn -0.9964 -0.0851 -0.0000
vn -0.9964 -0.0851 0.0000
vn 0.0000 -0.0000 -1.0000
vn 0.0000 0.0000 -1.0000
vn 0.9964 0.0851 -0.0000
vn 0.9964 0.0851 0.0000
vn -0.0000 0.0000 1.0000
vn -0.0000 -0.0000 1.0000
vn 0.0851 -0.9964 0.0000
vn 0.0851 -0.9964 0.0000
vn -0.0851 0.9964 0.0000
vn -0.0851 0.9964 0.0000
vn -0.9964 -0.0851 -0.0000
vn -0.9964 -0.0851 0.0000
vn 0.0000 0.0000 -1.0000
vn 0.0000 0.0000 -1.0000
vn 0.9964 0.0851 -0.0000
vn 0.9964 0.0851 0.0000
vn 0.0000 0.0000 1.0000
vn 0.0000 0.0000 1.0000
vn 0.0851 -0.9964 0.0000
vn 0.0851 -0.9964 0.0000
vn -0.0851 0.9964 0.0000
vn -0.0851 0.9964 0.0000
vn -0.9964 -0.0851 -0.0000
vn -0.9964 -0.0851 0.0000
vn 0.0000 0.0000 -1.0000
vn 0.0000 0.0000 -1.0000
vn 0.9964 0.0851 -0.0000
vn 0.9964 0.0851 0.0000
vn 0.0000 0.0000 1.0000
vn 0.0000 0.0000 1.0000
vn 0.0851 -0.9964 0.0000
vn 0.0851 -0.9964 0.0000
vn -0.0851 0.9964 0.0000
vn -0.0851 0.9964 0.0000
vn -0.9964 -0.0851 -0.0000
vn -0.9964 -0.0851 0.0000
vn 0.0000 0.0000 -1.0000
vn 0.0000 0.0000 -1.0000
vn 0.9964 0.0851 -0.0000
vn 0.9964 0.0851 0.0000
vn 0.0000 0.0000 1.0000
vn 0.0000 0.0000 1.0000
vn 0.0851 -0.9964 0.0000
vn 0.0851 -0.9964 0.0000
vn 0.0000 1.0000 0.0000
vn 0.0000 1.0000 0.0000
vn 1.0000 0.0000 -0.0000
vn 1.0000 0.0000 0.0000
vn 0.0000 0.0000 1.0000
vn 0.0000 0.0000 1.0000
vn -1.0000 0.0000 -0.0000
vn -1.0000 -0.0000 0.0000
vn 0.0000 0.0000 -1.0000
vn 0.0000 0.0000 -1.0000
vn -0.0000 -1.0000 0.0000
vn 0.0000 -1.0000 -0.0000
vn 0.0000 1.0000 0.0000
vn 0.0000 1.0000 0.0000
vn 1.0000 0.0000 -0.0000
vn 1.0000 0.0000 0.0000
vn 0.0000 0.0000 1.0000
vn 0.0000 0.0000 1.0000
vn -1.0000 0.0000 -0.0000
vn -1.0000 -0.0000 0.0000
vn 0.0000 0.0000 -1.0000
vn 0.0000 0.0000 -1.0000
vn -0.0000 -1.0000 0.0000
vn 0.0000 -1.0000 -0.0000
vn -0.5062 0.5978 0.6215
vn 0.0411 0.9092 0.4143
vn 0.0424 0.9368 -0.3474
vn -0.5612 0.5940 -0.5764
vn -0.9190 0.3944 0.0001
vn 0.5710 0.5641 0.5964
vn -0.2329 -0.0142 0.9724
vn 0.0000 -1.0000 -0.0000
vn -0.2631 -0.0673 -0.9624
vn 0.5677 0.6207 -0.5408
vn 0.0000 -1.0000 0.0000
vn 0.0000 -1.0000 0.0000
vn -0.0000 -1.0000 0.0000
vn 0.0000 -1.0000 -0.0000
vn 0.0000 -1.0000 0.0000
vn 0.3144 -0.0139 0.9492
vn 0.0000 -1.0000 0.0000
vn 0.0000 -1.0000 0.0000
vn 0.2638 -0.0673 -0.9622
vn 0.9169 0.3920 0.0749
vn 0.8464 0.2116 0.4887
vn 0.8464 0.2116 0.4887
vn 0.0000 0.2116 0.9774
vn 0.0000 0.2116 0.9774
vn -0.8464 0.2116 0.4887
vn -0.8464 0.2116 0.4887
vn -0.8464 0.2116 -0.4887
vn -0.8464 0.2116 -0.4887
vn 0.0000 0.2116 -0.9774
vn 0.0000 0.2116 -0.9774
vn 0.8464 0.2116 -0.4887
vn 0.8464 0.2116 -0.4887
vn 0.0000 1.0000 0.0000
vn 0.0000 1.0000 0.0000
vn 0.0000 1.0000 -0.0000
vn 0.0000 1.0000 0.0000
vn 0.0000 -1.0000 0.0000
vn 0.0000 -1.0000 0.0000
vn -0.0000 -1.0000 0.0000
vn 0.0000 -1.0000 0.0000
vn -0.2560 0.9553 -0.1478
vn -0.2560 0.9553 -0.1478
vn -0.6547 -0.6547 -0.3780
vn -0.6547 -0.6547 -0.3780
vn 0.8436 -0.2260 0.4871
vn 0.8436 -0.2260 0.4871
vn 0.0000 0.9553 -0.2956
vn 0.0000 0.9553 -0.2956
vn 0.0000 -0.6547 -0.7559
vn -0.0000 -0.6547 -0.7559
vn 0.0000 -0.2260 0.9741
vn 0.0000 -0.2260 0.9741
vn 0.2560 0.9553 -0.1478
vn 0.2560 0.9553 -0.1478
vn 0.6547 -0.6547 -0.3780
vn 0.6547 -0.6547 -0.3780
vn -0.8436 -0.2260 0.4871
vn -0.8436 -0.2260 0.4871
vn 0.2560 0.9553 0.1478
vn 0.2560 0.9553 0.1478
vn 0.6547 -0.6547 0.3780
vn 0.6547 -0.6547 0.3780
vn -0.8436 -0.2260 -0.4871
vn -0.8436 -0.2260 -0.4871
vn 0.0000 0.9553 0.2956
vn -0.0000 0.9553 0.2956
vn 0.0000 -0.6547 0.7559
vn 0.0000 -0.6547 0.7559
vn 0.0000 -0.2260 -0.9741
vn 0.0000 -0.2260 -0.9741
vn -0.2560 0.9553 0.1478
vn -0.2560 0.9553 0.1478
vn -0.6547 -0.6547 0.3780
vn -0.6547 -0.6547 0.3780
vn 0.8436 -0.2260 -0.4871
vn 0.8436 -0.2260 -0.4871
vn -0.8660 0.0000 0.5000
vn -0.8660 0.0000 0.5000
vn -0.8660 0.0000 0.5000
vn -0.8660 0.0000 0.5000
vn -0.8660 0.0000 0.5000
vn -0.8660 0.0000 0.5000
vn -0.8660 0.0000 0.5000
vn -0.8660 0.0000 0.5000
vn -0.8660 0.0000 0.5000
vn -0.8660 0.0000 0.5000
vn -0.5949 0.5564 0.5801
vn -0.0181 0.9257 0.3778
vn -0.0188 0.9641 -0.2647
vn -0.6202 0.6120 -0.4907
vn -0.9183 0.3879 0.0797
vn 0.5240 0.6198 0.5842
vn -0.3572 0.0078 0.9340
vn 0.0000 -1.0000 -0.0000
vn -0.2833 -0.1396 -0.9488
vn 0.6727 0.5303 -0.5160
vn 0.0000 -1.0000 0.0000
vn 0.0000 -1.0000 0.0000
vn -0.0000 -1.0000 0.0000
vn 0.0000 -1.0000 -0.0000
vn 0.0000 -1.0000 0.0000
vn 0.2580 0.0081 0.9661
vn 0.0000 -1.0000 0.0000
vn 0.0000 -1.0000 0.0000
vn 0.3681 -0.1353 -0.9199
vn 0.9218 0.3771 -0.0895
vn 0.8464 0.2116 0.4887
vn 0.8464 0.2116 0.4887
vn 0.0000 0.2116 0.9774
vn 0.0000 0.2116 0.9774
vn -0.8464 0.2116 0.4887
vn -0.8464 0.2116 0.4887
vn -0.8464 0.2116 -0.4887
vn -0.8464 0.2116 -0.4887
vn 0.0000 0.2116 -0.9774
vn 0.0000 0.2116 -0.9774
vn 0.8464 0.2116 -0.4887
vn 0.8464 0.2116 -0.4887
vn 0.0000 1.0000 0.0000
vn 0.0000 1.0000 0.0000
vn 0.0000 1.0000 -0.0000
vn 0.0000 1.0000 0.0000
vn 0.0000 -1.0000 0.0000
vn 0.0000 -1.0000 0.0000
vn -0.0000 -1.0000 0.0000
vn 0.0000 -1.0000 0.0000
vn -0.2560 0.9553 -0.1478
vn -0.2560 0.9553 -0.1478
vn -0.6547 -0.6547 -0.3780
vn -0.6547 -0.6547 -0.3780
vn 0.8436 -0.2260 0.4871
vn 0.8436 -0.2260 0.4871
vn -0.0000 0.9553 -0.2956
vn 0.0000 0.9553 -0.2956
vn 0.0000 -0.6547 -0.7559
vn -0.0000 -0.6547 -0.7559
vn 0.0000 -0.2260 0.9741
vn 0.0000 -0.2260 0.9741
vn 0.2560 0.9553 -0.1478
vn 0.2560 0.9553 -0.1478
vn 0.6547 -0.6547 -0.3780
vn 0.6547 -0.6547 -0.3780
vn -0.8436 -0.2260 0.4871
vn -0.8436 -0.2260 0.4871
vn 0.2560 0.9553 0.1478
vn 0.2560 0.9553 0.1478
vn 0.6547 -0.6547 0.3780
vn 0.6547 -0.6547 0.3780
vn -0.8436 -0.2260 -0.4871
vn -0.8436 -0.2260 -0.4871
vn 0.0000 0.9553 0.2956
vn -0.0000 0.9553 0.2956
vn 0.0000 -0.6547 0.7559
vn 0.0000 -0.6547 0.7559
vn 0.0000 -0.2260 -0.9741
vn 0.0000 -0.2260 -0.9741
vn -0.2560 0.9553 0.1478
vn -0.2560 0.9553 0.1478
vn -0.6547 -0.6547 0.3780
vn -0.6547 -0.6547 0.3780
vn 0.8436 -0.2260 -0.4871
vn 0.8436 -0.2260 -0.4871
vn -0.8660 0.0000 0.5000
vn -0.8660 0.0000 0.5000
vn -0.8660 0.0000 0.5000
vn -0.8660 0.0000 0.5000
vn -0.8660 0.0000 0.5000
vn -0.8660 0.0000 0.5000
vn -0.8660 0.0000 0.5000
vn -0.8660 0.0000 0.5000
vn -0.8660 0.0000 0.5000
vn -0.8660 0.0000 0.5000
vn -0.5924 0.6311 0.5007
vn -0.0250 0.9578 0.2862
vn -0.0247 0.9464 -0.3219
vn -0.5596 0.6414 -0.5248
vn -0.8896 0.4566 0.0084
vn 0.6269 0.5719 0.5291
vn -0.2958 -0.0602 0.9533
vn 0.0000 -1.0000 -0.0000
vn -0.2197 -0.1163 -0.9686
vn 0.5670 0.6148 -0.5482
vn 0.0000 -1.0000 0.0000
vn 0.0000 -1.0000 0.0000
vn -0.0000 -1.0000 0.0000
vn 0.0000 -1.0000 -0.0000
vn 0.0000 -1.0000 0.0000
vn 0.3519 -0.0590 0.9342
vn 0.0000 -1.0000 0.0000
vn 0.0000 -1.0000 0.0000
vn 0.2345 -0.1158 -0.9652
vn 0.9154 0.3999 0.0458
vn 0.8464 0.2116 0.4887
vn 0.8464 0.2116 0.4887
vn 0.0000 0.2116 0.9774
vn 0.0000 0.2116 0.9774
vn -0.8464 0.2116 0.4887
vn -0.8464 0.2116 0.4887
vn -0.8464 0.2116 -0.4887
vn -0.8464 0.2116 -0.4887
vn 0.0000 0.2116 -0.9774
vn 0.0000 0.2116 -0.9774
vn 0.8464 0.2116 -0.4887
vn 0.8464 0.2116 -0.4887
vn 0.0000 1.0000 0.0000
vn 0.0000 1.0000 0.0000
vn 0.0000 1.0000 -0.0000
vn 0.0000 1.0000 0.0000
vn 0.0000 -1.0000 0.0000
vn 0.0000 -1.0000 0.0000
vn -0.0000 -1.0000 0.0000
vn 0.0000 -1.0000 0.0000
vn -0.2560 0.9553 -0.1478
vn -0.2560 0.9553 -0.1478
vn -0.6547 -0.6547 -0.3780
vn -0.6547 -0.6547 -0.3780
vn 0.8436 -0.2260 0.4871
vn 0.8436 -0.2260 0.4871
vn 0.0000 0.9553 -0.2956
vn 0.0000 0.9553 -0.2956
vn 0.0000 -0.6547 -0.7559
vn -0.0000 -0.6547 -0.7559
vn 0.0000 -0.2260 0.9741
vn 0.0000 -0.2260 0.9741
vn 0.2560 0.9553 -0.1478
vn 0.2560 0.9553 -0.1478
vn 0.6547 -0.6547 -0.3780
vn 0.6547 -0.6547 -0.3780
vn -0.8436 -0.2260 0.4871
vn -0.8436 -0.2260 0.4871
vn 0.2560 0.9553 0.1478
vn 0.2560 0.9553 0.1478
vn 0.6547 -0.6547 0.3780
vn 0.6547 -0.6547 0.3780
vn -0.8436 -0.2260 -0.4871
vn -0.8436 -0.2260 -0.4871
vn 0.0000 0.9553 0.2956
vn -0.0000 0.9553 0.2956
vn 0.0000 -0.6547 0.7559
vn 0.0000 -0.6547 0.7559
vn 0.0000 -0.2260 -0.9741
vn 0.0000 -0.2260 -0.9741
vn -0.2560 0.9553 0.1478
vn -0.2560 0.9553 0.1478
vn -0.6547 -0.6547 0.3780
vn -0.6547 -0.6547 0.3780
vn 0.8436 -0.2260 -0.4871
vn 0.8436 -0.2260 -0.4871
vn -0.8660 0.0000 0.5000
vn -0.8660 0.0000 0.5000
vn -0.8660 0.0000 0.5000
vn -0.8660 0.0000 0.5000
vn -0.8660 0.0000 0.5000
vn -0.8660 0.0000 0.5000
vn -0.8660 0.0000 0.5000
vn -0.8660 0.0000 0.5000
vn -0.8660 0.0000 0.5000
vn -0.8660 0.0000 0.5000
vn -0.0000 1.0000 0.0000
vn 0.0000 1.0000 0.0000
vn 0.0000 0.0000 -1.0000
vn 0.0000 0.0000 -1.0000
vn 1.0000 0.0000 -0.0000
vn 1.0000 0.0000 0.0000
vn 0.0000 0.0000 1.0000
vn 0.0000 0.0000 1.0000
vn -1.0000 0.0000 -0.0000
vn -1.0000 -0.0000 0.0000
vn 0.0000 -1.0000 0.0000
vn 0.0000 -1.0000 0.0000
vn 0.0000 1.0000 0.0000
vn -0.0000 1.0000 0.0000
vn 0.5000 0.0000 -0.8660
vn 0.5000 0.0000 -0.8660
vn 0.8660 0.0000 0.5000
vn 0.8660 0.0000 0.5000
vn -0.5000 0.0000 0.8660
vn -0.5000 0.0000 0.8660
vn -0.8660 0.0000 -0.5000
vn -0.8660 -0.0000 -0.5000
vn -0.0000 -1.0000 0.0000
vn 0.0000 -1.0000 0.0000
vn 0.8001 -0.3827 0.4619
vn 0.8001 -0.3827 0.4619
vn 0.3314 -0.9239 0.1913
vn 0.3314 -0.9239 0.1913
vn -0.3314 -0.9239 -0.1913
vn -0.3314 -0.9239 -0.1913
vn -0.8001 -0.3827 -0.4619
vn -0.8001 -0.3827 -0.4619
vn -0.8001 0.3827 -0.4619
vn -0.8001 0.3827 -0.4619
vn -0.3314 0.9239 -0.1913
vn -0.3314 0.9239 -0.1913
vn 0.3314 0.9239 0.1913
vn 0.3314 0.9239 0.1913
vn 0.8001 0.3827 0.4619
vn 0.8001 0.3827 0.4619
vn -0.5000 0.0000 0.8660
vn -0.5000 -0.0000 0.8660
vn -0.5000 -0.0000 0.8660
vn -0.5000 -0.0000 0.8660
vn -0.5000 0.0000 0.8660
vn -0.5000 0.0000 0.8660
vn -0.0000 1.0000 0.0000
vn 0.0000 1.0000 0.0000
vn 0.0000 0.0000 -1.0000
vn 0.0000 0.0000 -1.0000
vn 1.0000 0.0000 -0.0000
vn 1.0000 0.0000 0.0000
vn 0.0000 0.0000 1.0000
vn 0.0000 0.0000 1.0000
vn -1.0000 0.0000 -0.0000
vn -1.0000 -0.0000 0.0000
vn 0.0000 -1.0000 0.0000
vn 0.0000 -1.0000 0.0000
vn 0.8660 0.0000 0.5000
vn 0.8660 0.0000 0.5000
vn 0.0000 0.0000 1.0000
vn 0.0000 0.0000 1.0000
vn -0.8660 0.0000 0.5000
vn -0.8660 0.0000 0.5000
vn -0.8660 0.0000 -0.5000
vn -0.8660 -0.0000 -0.5000
vn 0.0000 0.0000 -1.0000
vn 0.0000 0.0000 -1.0000
vn 0.8660 0.0000 -0.5000
vn 0.8660 0.0000 -0.5000
vn 0.0000 1.0000 0.0000
vn 0.0000 1.0000 0.0000
vn 0.0000 1.0000 -0.0000
vn 0.0000 1.0000 0.0000
vn 0.0000 -1.0000 0.0000
vn 0.0000 -1.0000 0.0000
vn -0.0000 -1.0000 0.0000
vn 0.0000 -1.0000 0.0000
vn 0.3780 -0.9125 0.1566
vn 0.1566 -0.9125 0.3780
vn -0.1566 -0.9125 0.3780
vn -0.3780 -0.9125 0.1566
vn -0.3780 -0.9125 -0.1566
vn -0.1566 -0.9125 -0.3780
vn 0.1566 -0.9125 -0.3780
vn 0.3780 -0.9125 -0.1566
vn 0.8629 -0.3574 0.3574
vn 0.8629 -0.3574 0.3574
vn 0.3574 -0.3574 0.8629
vn 0.3574 -0.3574 0.8629
vn -0.3574 -0.3574 0.8629
vn -0.3574 -0.3574 0.8629
vn -0.8629 -0.3574 0.3574
vn -0.8629 -0.3574 0.3574
vn -0.8629 -0.3574 -0.3574
vn -0.8629 -0.3574 -0.3574
vn -0.3574 -0.3574 -0.8629
vn -0.3574 -0.3574 -0.8629
vn 0.3574 -0.3574 -0.8629
vn 0.3574 -0.3574 -0.8629
vn 0.8629 -0.3574 -0.3574
vn 0.8629 -0.3574 -0.3574
vn 0.8629 0.3574 0.3574
vn 0.8629 0.3574 0.3574
vn 0.3574 0.3574 0.8629
vn 0.3574 0.3574 0.8629
vn -0.3574 0.3574 0.8629
vn -0.3574 0.3574 0.8629
vn -0.8629 0.3574 0.3574
vn -0.8629 0.3574 0.3574
vn -0.8629 0.3574 -0.3574
vn -0.8629 0.3574 -0.3574
vn -0.3574 0.3574 -0.8629
vn -0.3574 0.3574 -0.8629
vn 0.3574 0.3574 -0.8629
vn 0.3574 0.3574 -0.8629
vn 0.8629 0.3574 -0.3574
vn 0.8629 0.3574 -0.3574
vn 0.3780 0.9125 0.1566
vn 0.1566 0.9125 0.3780
vn -0.1566 0.9125 0.3780
vn -0.3780 0.9125 0.1566
vn -0.3780 0.9125 -0.1566
vn -0.1566 0.9125 -0.3780
vn 0.1566 0.9125 -0.3780
vn 0.3780 0.9125 -0.1566
vn 0.5779 0.7802 0.2394
vn 0.5779 0.7802 0.2394
vn 0.2394 0.7802 0.5779
vn 0.2394 0.7802 0.5779
vn -0.2394 0.7802 0.5779
vn -0.2394 0.7802 0.5779
vn -0.5779 0.7802 0.2394
vn -0.5779 0.7802 0.2394
vn -0.5779 0.7802 -0.2394
vn -0.5779 0.7802 -0.2394
vn -0.2394 0.7802 -0.5779
vn -0.2394 0.7802 -0.5779
vn 0.2394 0.7802 -0.5779
vn 0.2394 0.7802 -0.5779
vn 0.5779 0.7802 -0.2394
vn 0.5779 0.7802 -0.2394
vn 0.0000 1.0000 0.0000
vn 0.0000 1.0000 0.0000
vn 0.0000 1.0000 0.0000
vn 0.0000 1.0000 0.0000
vn 0.0000 1.0000 -0.0000
vn 0.0000 1.0000 0.0000
vn 0.0000 -1.0000 0.0000
vn 0.0000 -1.0000 0.0000
vn 0.0000 -1.0000 0.0000
vn -0.0000 -1.0000 0.0000
vn 0.0000 -1.0000 0.0000
vn 0.0000 -1.0000 0.0000
vn -0.0000 1.0000 0.0000
vn 0.0000 1.0000 0.0000
vn 0.0000 0.0000 -1.0000
vn 0.0000 0.0000 -1.0000
vn 1.0000 0.0000 -0.0000
vn 1.0000 0.0000 0.0000
vn 0.0000 0.0000 1.0000
vn 0.0000 0.0000 1.0000
vn -1.0000 0.0000 -0.0000
vn -1.0000 -0.0000 0.0000
vn 0.0000 -1.0000 0.0000
vn 0.0000 -1.0000 0.0000
vn 0.8660 0.0000 0.5000
vn 0.8660 0.0000 0.5000
vn 0.0000 0.0000 1.0000
vn 0.0000 0.0000 1.0000
vn -0.8660 0.0000 0.5000
vn -0.8660 0.0000 0.5000
vn -0.8660 0.0000 -0.5000
vn -0.8660 -0.0000 -0.5000
vn 0.0000 0.0000 -1.0000
vn 0.0000 0.0000 -1.0000
vn 0.8660 0.0000 -0.5000
vn 0.8660 0.0000 -0.5000
vn 0.0000 1.0000 0.0000
vn 0.0000 1.0000 0.0000
vn 0.0000 1.0000 -0.0000
vn 0.0000 1.0000 0.0000
vn 0.0000 -1.0000 0.0000
vn 0.0000 -1.0000 0.0000
vn -0.0000 -1.0000 0.0000
vn 0.0000 -1.0000 0.0000
vn 0.3780 -0.9125 0.1566
vn 0.1566 -0.9125 0.3780
vn -0.1566 -0.9125 0.3780
vn -0.3780 -0.9125 0.1566
vn -0.3780 -0.9125 -0.1566
vn -0.1566 -0.9125 -0.3780
vn 0.1566 -0.9125 -0.3780
vn 0.3780 -0.9125 -0.1566
vn 0.8629 -0.3574 0.3574
vn 0.8629 -0.3574 0.3574
vn 0.3574 -0.3574 0.8629
vn 0.3574 -0.3574 0.8629
vn -0.3574 -0.3574 0.8629
vn -0.3574 -0.3574 0.8629
vn -0.8629 -0.3574 0.3574
vn -0.8629 -0.3574 0.3574
vn -0.8629 -0.3574 -0.3574
vn -0.8629 -0.3574 -0.3574
vn -0.3574 -0.3574 -0.8629
vn -0.3574 -0.3574 -0.8629
vn 0.3574 -0.3574 -0.8629
vn 0.3574 -0.3574 -0.8629
vn 0.8629 -0.3574 -0.3574
vn 0.8629 -0.3574 -0.3574
vn 0.8629 0.3574 0.3574
vn 0.8629 0.3574 0.3574
vn 0.3574 0.3574 0.8629
vn 0.3574 0.3574 0.8629
vn -0.3574 0.3574 0.8629
vn -0.3574 0.3574 0.8629
vn -0.8629 0.3574 0.3574
vn -0.8629 0.3574 0.3574
vn -0.8629 0.3574 -0.3574
vn -0.8629 0.3574 -0.3574
vn -0.3574 0.3574 -0.8629
vn -0.3574 0.3574 -0.8629
vn 0.3574 0.3574 -0.8629
vn 0.3574 0.3574 -0.8629
vn 0.8629 0.3574 -0.3574
vn 0.8629 0.3574 -0.3574
vn 0.3780 0.9125 0.1566
vn 0.1566 0.9125 0.3780
vn -0.1566 0.9125 0.3780
vn -0.3780 0.9125 0.1566
vn -0.3780 0.9125 -0.1566
vn -0.1566 0.9125 -0.3780
vn 0.1566 0.9125 -0.3780
vn 0.3780 0.9125 -0.1566
vn 0.5779 0.7802 0.2394
vn 0.5779 0.7802 0.2394
vn 0.2394 0.7802 0.5779
vn 0.2394 0.7802 0.5779
vn -0.2394 0.7802 0.5779
vn -0.2394 0.7802 0.5779
vn -0.5779 0.7802 0.2394
vn -0.5779 0.7802 0.2394
vn -0.5779 0.7802 -0.2394
vn -0.5779 0.7802 -0.2394
vn -0.2394 0.7802 -0.5779
vn -0.2394 0.7802 -0.5779
vn 0.2394 0.7802 -0.5779
vn 0.2394 0.7802 -0.5779
vn 0.5779 0.7802 -0.2394
vn 0.5779 0.7802 -0.2394
vn 0.0000 1.0000 0.0000
vn 0.0000 1.0000 0.0000
vn 0.0000 1.0000 0.0000
vn 0.0000 1.0000 0.0000
vn 0.0000 1.0000 -0.0000
vn 0.0000 1.0000 0.0000
vn 0.0000 -1.0000 0.0000
vn 0.0000 -1.0000 0.0000
vn 0.0000 -1.0000 0.0000
vn -0.0000 -1.0000 0.0000
vn 0.0000 -1.0000 0.0000
vn 0.0000 -1.0000 0.0000
usemtl Mat_AdobeDark
f 8//1 7//1 6//1
f 8//2 6//2 5//2
f 5//3 6//3 2//3
f 5//4 2//4 1//4
f 6//5 7//5 3//5
f 6//6 3//6 2//6
f 7//7 8//7 4//7
f 7//8 4//8 3//8
f 8//9 5//9 1//9
f 8//10 1//10 4//10
f 2//11 3//11 4//11
f 2//12 4//12 1//12
usemtl Mat_Sand
f 16//13 15//13 14//13
f 16//14 14//14 13//14
f 13//15 14//15 10//15
f 13//16 10//16 9//16
f 14//17 15//17 11//17
f 14//18 11//18 10//18
f 15//19 16//19 12//19
f 15//20 12//20 11//20
f 16//21 13//21 9//21
f 16//22 9//22 12//22
f 10//23 11//23 12//23
f 10//24 12//24 9//24
f 24//25 23//25 22//25
f 24//26 22//26 21//26
f 21//27 22//27 18//27
f 21//28 18//28 17//28
f 22//29 23//29 19//29
f 22//30 19//30 18//30
f 23//31 24//31 20//31
f 23//32 20//32 19//32
f 24//33 21//33 17//33
f 24//34 17//34 20//34
f 18//35 19//35 20//35
f 18//36 20//36 17//36
usemtl Mat_AdobeDark
f 32//37 31//37 30//37
f 32//38 30//38 29//38
f 29//39 30//39 26//39
f 29//40 26//40 25//40
f 30//41 31//41 27//41
f 30//42 27//42 26//42
f 31//43 32//43 28//43
f 31//44 28//44 27//44
f 32//45 29//45 25//45
f 32//46 25//46 28//46
f 26//47 27//47 28//47
f 26//48 28//48 25//48
usemtl Mat_Sand
f 40//49 39//49 38//49
f 40//50 38//50 37//50
f 37//51 38//51 34//51
f 37//52 34//52 33//52
f 38//53 39//53 35//53
f 38//54 35//54 34//54
f 39//55 40//55 36//55
f 39//56 36//56 35//56
f 40//57 37//57 33//57
f 40//58 33//58 36//58
f 34//59 35//59 36//59
f 34//60 36//60 33//60
usemtl Mat_DarkWood
f 48//61 47//61 46//61
f 48//62 46//62 45//62
f 45//63 46//63 42//63
f 45//64 42//64 41//64
f 46//65 47//65 43//65
f 46//66 43//66 42//66
f 47//67 48//67 44//67
f 47//68 44//68 43//68
f 48//69 45//69 41//69
f 48//70 41//70 44//70
usemtl Mat_Void
f 56//71 55//71 54//71
f 56//72 54//72 53//72
f 53//73 54//73 50//73
f 53//74 50//74 49//74
f 54//75 55//75 51//75
f 54//76 51//76 50//76
f 55//77 56//77 52//77
f 55//78 52//78 51//78
f 56//79 53//79 49//79
f 56//80 49//80 52//80
f 50//81 51//81 52//81
f 50//82 52//82 49//82
f 64//83 63//83 62//83
f 64//84 62//84 61//84
f 61//85 62//85 58//85
f 61//86 58//86 57//86
f 62//87 63//87 59//87
f 62//88 59//88 58//88
f 63//89 64//89 60//89
f 63//90 60//90 59//90
f 64//91 61//91 57//91
f 64//92 57//92 60//92
f 58//93 59//93 60//93
f 58//94 60//94 57//94
f 72//95 71//95 70//95
f 72//96 70//96 69//96
f 69//97 70//97 66//97
f 69//98 66//98 65//98
f 70//99 71//99 67//99
f 70//100 67//100 66//100
f 71//101 72//101 68//101
f 71//102 68//102 67//102
f 72//103 69//103 65//103
f 72//104 65//104 68//104
f 66//105 67//105 68//105
f 66//106 68//106 65//106
f 80//107 79//107 78//107
f 80//108 78//108 77//108
f 77//109 78//109 74//109
f 77//110 74//110 73//110
f 78//111 79//111 75//111
f 78//112 75//112 74//112
f 79//113 80//113 76//113
f 79//114 76//114 75//114
f 80//115 77//115 73//115
f 80//116 73//116 76//116
f 74//117 75//117 76//117
f 74//118 76//118 73//118
f 88//119 87//119 86//119
f 88//120 86//120 85//120
f 85//121 86//121 82//121
f 85//122 82//122 81//122
f 86//123 87//123 83//123
f 86//124 83//124 82//124
f 87//125 88//125 84//125
f 87//126 84//126 83//126
f 88//127 85//127 81//127
f 88//128 81//128 84//128
f 82//129 83//129 84//129
f 82//130 84//130 81//130
f 96//131 95//131 94//131
f 96//132 94//132 93//132
f 93//133 94//133 90//133
f 93//134 90//134 89//134
f 94//135 95//135 91//135
f 94//136 91//136 90//136
f 95//137 96//137 92//137
f 95//138 92//138 91//138
f 96//139 93//139 89//139
f 96//140 89//140 92//140
f 90//141 91//141 92//141
f 90//142 92//142 89//142
f 104//143 103//143 102//143
f 104//144 102//144 101//144
f 101//145 102//145 98//145
f 101//146 98//146 97//146
f 102//147 103//147 99//147
f 102//148 99//148 98//148
f 103//149 104//149 100//149
f 103//150 100//150 99//150
f 104//151 101//151 97//151
f 104//152 97//152 100//152
f 98//153 99//153 100//153
f 98//154 100//154 97//154
f 112//155 111//155 110//155
f 112//156 110//156 109//156
f 109//157 110//157 106//157
f 109//158 106//158 105//158
f 110//159 111//159 107//159
f 110//160 107//160 106//160
f 111//161 112//161 108//161
f 111//162 108//162 107//162
f 112//163 109//163 105//163
f 112//164 105//164 108//164
f 106//165 107//165 108//165
f 106//166 108//166 105//166
f 120//167 119//167 118//167
f 120//168 118//168 117//168
f 117//169 118//169 114//169
f 117//170 114//170 113//170
f 118//171 119//171 115//171
f 118//172 115//172 114//172
f 119//173 120//173 116//173
f 119//174 116//174 115//174
f 120//175 117//175 113//175
f 120//176 113//176 116//176
f 114//177 115//177 116//177
f 114//178 116//178 113//178
f 128//179 127//179 126//179
f 128//180 126//180 125//180
f 125//181 126//181 122//181
f 125//182 122//182 121//182
f 126//183 127//183 123//183
f 126//184 123//184 122//184
f 127//185 128//185 124//185
f 127//186 124//186 123//186
f 128//187 125//187 121//187
f 128//188 121//188 124//188
f 122//189 123//189 124//189
f 122//190 124//190 121//190
f 136//191 135//191 134//191
f 136//192 134//192 133//192
f 133//193 134//193 130//193
f 133//194 130//194 129//194
f 134//195 135//195 131//195
f 134//196 131//196 130//196
f 135//197 136//197 132//197
f 135//198 132//198 131//198
f 136//199 133//199 129//199
f 136//200 129//200 132//200
f 130//201 131//201 132//201
f 130//202 132//202 129//202
f 144//203 143//203 142//203
f 144//204 142//204 141//204
f 141//205 142//205 138//205
f 141//206 138//206 137//206
f 142//207 143//207 139//207
f 142//208 139//208 138//208
f 143//209 144//209 140//209
f 143//210 140//210 139//210
f 144//211 141//211 137//211
f 144//212 137//212 140//212
f 138//213 139//213 140//213
f 138//214 140//214 137//214
f 152//215 151//215 150//215
f 152//216 150//216 149//216
f 149//217 150//217 146//217
f 149//218 146//218 145//218
f 150//219 151//219 147//219
f 150//220 147//220 146//220
f 151//221 152//221 148//221
f 151//222 148//222 147//222
f 152//223 149//223 145//223
f 152//224 145//224 148//224
f 146//225 147//225 148//225
f 146//226 148//226 145//226
f 160//227 159//227 158//227
f 160//228 158//228 157//228
f 157//229 158//229 154//229
f 157//230 154//230 153//230
f 158//231 159//231 155//231
f 158//232 155//232 154//232
f 159//233 160//233 156//233
f 159//234 156//234 155//234
f 160//235 157//235 153//235
f 160//236 153//236 156//236
f 154//237 155//237 156//237
f 154//238 156//238 153//238
f 168//239 167//239 166//239
f 168//240 166//240 165//240
f 165//241 166//241 162//241
f 165//242 162//242 161//242
f 166//243 167//243 163//243
f 166//244 163//244 162//244
f 167//245 168//245 164//245
f 167//246 164//246 163//246
f 168//247 165//247 161//247
f 168//248 161//248 164//248
f 162//249 163//249 164//249
f 162//250 164//250 161//250
f 176//251 175//251 174//251
f 176//252 174//252 173//252
f 173//253 174//253 170//253
f 173//254 170//254 169//254
f 174//255 175//255 171//255
f 174//256 171//256 170//256
f 175//257 176//257 172//257
f 175//258 172//258 171//258
f 176//259 173//259 169//259
f 176//260 169//260 172//260
f 170//261 171//261 172//261
f 170//262 172//262 169//262
f 184//263 183//263 182//263
f 184//264 182//264 181//264
f 181//265 182//265 178//265
f 181//266 178//266 177//266
f 182//267 183//267 179//267
f 182//268 179//268 178//268
f 183//269 184//269 180//269
f 183//270 180//270 179//270
f 184//271 181//271 177//271
f 184//272 177//272 180//272
f 178//273 179//273 180//273
f 178//274 180//274 177//274
f 192//275 191//275 190//275
f 192//276 190//276 189//276
f 189//277 190//277 186//277
f 189//278 186//278 185//278
f 190//279 191//279 187//279
f 190//280 187//280 186//280
f 191//281 192//281 188//281
f 191//282 188//282 187//282
f 192//283 189//283 185//283
f 192//284 185//284 188//284
f 186//285 187//285 188//285
f 186//286 188//286 185//286
f 200//287 199//287 198//287
f 200//288 198//288 197//288
f 197//289 198//289 194//289
f 197//290 194//290 193//290
f 198//291 199//291 195//291
f 198//292 195//292 194//292
f 199//293 200//293 196//293
f 199//294 196//294 195//294
f 200//295 197//295 193//295
f 200//296 193//296 196//296
f 194//297 195//297 196//297
f 194//298 196//298 193//298
f 208//299 207//299 206//299
f 208//300 206//300 205//300
f 205//301 206//301 202//301
f 205//302 202//302 201//302
f 206//303 207//303 203//303
f 206//304 203//304 202//304
f 207//305 208//305 204//305
f 207//306 204//306 203//306
f 208//307 205//307 201//307
f 208//308 201//308 204//308
f 202//309 203//309 204//309
f 202//310 204//310 201//310
f 216//311 215//311 214//311
f 216//312 214//312 213//312
f 213//313 214//313 210//313
f 213//314 210//314 209//314
f 214//315 215//315 211//315
f 214//316 211//316 210//316
f 215//317 216//317 212//317
f 215//318 212//318 211//318
f 216//319 213//319 209//319
f 216//320 209//320 212//320
f 210//321 211//321 212//321
f 210//322 212//322 209//322
f 224//323 223//323 222//323
f 224//324 222//324 221//324
f 221//325 222//325 218//325
f 221//326 218//326 217//326
f 222//327 223//327 219//327
f 222//328 219//328 218//328
f 223//329 224//329 220//329
f 223//330 220//330 219//330
f 224//331 221//331 217//331
f 224//332 217//332 220//332
f 218//333 219//333 220//333
f 218//334 220//334 217//334
f 232//335 231//335 230//335
f 232//336 230//336 229//336
f 229//337 230//337 226//337
f 229//338 226//338 225//338
f 230//339 231//339 227//339
f 230//340 227//340 226//340
f 231//341 232//341 228//341
f 231//342 228//342 227//342
f 232//343 229//343 225//343
f 232//344 225//344 228//344
f 226//345 227//345 228//345
f 226//346 228//346 225//346
f 240//347 239//347 238//347
f 240//348 238//348 237//348
f 237//349 238//349 234//349
f 237//350 234//350 233//350
f 238//351 239//351 235//351
f 238//352 235//352 234//352
f 239//353 240//353 236//353
f 239//354 236//354 235//354
f 240//355 237//355 233//355
f 240//356 233//356 236//356
f 234//357 235//357 236//357
f 234//358 236//358 233//358
f 248//359 247//359 246//359
f 248//360 246//360 245//360
f 245//361 246//361 242//361
f 245//362 242//362 241//362
f 246//363 247//363 243//363
f 246//364 243//364 242//364
f 247//365 248//365 244//365
f 247//366 244//366 243//366
f 248//367 245//367 241//367
f 248//368 241//368 244//368
f 242//369 243//369 244//369
f 242//370 244//370 241//370
f 256//371 255//371 254//371
f 256//372 254//372 253//372
f 253//373 254//373 250//373
f 253//374 250//374 249//374
f 254//375 255//375 251//375
f 254//376 251//376 250//376
f 255//377 256//377 252//377
f 255//378 252//378 251//378
f 256//379 253//379 249//379
f 256//380 249//380 252//380
f 250//381 251//381 252//381
f 250//382 252//382 249//382
f 264//383 263//383 262//383
f 264//384 262//384 261//384
f 261//385 262//385 258//385
f 261//386 258//386 257//386
f 262//387 263//387 259//387
f 262//388 259//388 258//388
f 263//389 264//389 260//389
f 263//390 260//390 259//390
f 264//391 261//391 257//391
f 264//392 257//392 260//392
f 258//393 259//393 260//393
f 258//394 260//394 257//394
f 272//395 271//395 270//395
f 272//396 270//396 269//396
f 269//397 270//397 266//397
f 269//398 266//398 265//398
f 270//399 271//399 267//399
f 270//400 267//400 266//400
f 271//401 272//401 268//401
f 271//402 268//402 267//402
f 272//403 269//403 265//403
f 272//404 265//404 268//404
f 266//405 267//405 268//405
f 266//406 268//406 265//406
f 280//407 279//407 278//407
f 280//408 278//408 277//408
f 277//409 278//409 274//409
f 277//410 274//410 273//410
f 278//411 279//411 275//411
f 278//412 275//412 274//412
f 279//413 280//413 276//413
f 279//414 276//414 275//414
f 280//415 277//415 273//415
f 280//416 273//416 276//416
f 274//417 275//417 276//417
f 274//418 276//418 273//418
f 288//419 287//419 286//419
f 288//420 286//420 285//420
f 285//421 286//421 282//421
f 285//422 282//422 281//422
f 286//423 287//423 283//423
f 286//424 283//424 282//424
f 287//425 288//425 284//425
f 287//426 284//426 283//426
f 288//427 285//427 281//427
f 288//428 281//428 284//428
f 282//429 283//429 284//429
f 282//430 284//430 281//430
f 296//431 295//431 294//431
f 296//432 294//432 293//432
f 293//433 294//433 290//433
f 293//434 290//434 289//434
f 294//435 295//435 291//435
f 294//436 291//436 290//436
f 295//437 296//437 292//437
f 295//438 292//438 291//438
f 296//439 293//439 289//439
f 296//440 289//440 292//440
f 290//441 291//441 292//441
f 290//442 292//442 289//442
f 304//443 303//443 302//443
f 304//444 302//444 301//444
f 301//445 302//445 298//445
f 301//446 298//446 297//446
f 302//447 303//447 299//447
f 302//448 299//448 298//448
f 303//449 304//449 300//449
f 303//450 300//450 299//450
f 304//451 301//451 297//451
f 304//452 297//452 300//452
f 298//453 299//453 300//453
f 298//454 300//454 297//454
f 312//455 311//455 310//455
f 312//456 310//456 309//456
f 309//457 310//457 306//457
f 309//458 306//458 305//458
f 310//459 311//459 307//459
f 310//460 307//460 306//460
f 311//461 312//461 308//461
f 311//462 308//462 307//462
f 312//463 309//463 305//463
f 312//464 305//464 308//464
f 306//465 307//465 308//465
f 306//466 308//466 305//466
f 320//467 319//467 318//467
f 320//468 318//468 317//468
f 317//469 318//469 314//469
f 317//470 314//470 313//470
f 318//471 319//471 315//471
f 318//472 315//472 314//472
f 319//473 320//473 316//473
f 319//474 316//474 315//474
f 320//475 317//475 313//475
f 320//476 313//476 316//476
f 314//477 315//477 316//477
f 314//478 316//478 313//478
f 328//479 327//479 326//479
f 328//480 326//480 325//480
f 325//481 326//481 322//481
f 325//482 322//482 321//482
f 326//483 327//483 323//483
f 326//484 323//484 322//484
f 327//485 328//485 324//485
f 327//486 324//486 323//486
f 328//487 325//487 321//487
f 328//488 321//488 324//488
f 322//489 323//489 324//489
f 322//490 324//490 321//490
f 336//491 335//491 334//491
f 336//492 334//492 333//492
f 333//493 334//493 330//493
f 333//494 330//494 329//494
f 334//495 335//495 331//495
f 334//496 331//496 330//496
f 335//497 336//497 332//497
f 335//498 332//498 331//498
f 336//499 333//499 329//499
f 336//500 329//500 332//500
f 330//501 331//501 332//501
f 330//502 332//502 329//502
f 344//503 343//503 342//503
f 344//504 342//504 341//504
f 341//505 342//505 338//505
f 341//506 338//506 337//506
f 342//507 343//507 339//507
f 342//508 339//508 338//508
f 343//509 344//509 340//509
f 343//510 340//510 339//510
f 344//511 341//511 337//511
f 344//512 337//512 340//512
f 338//513 339//513 340//513
f 338//514 340//514 337//514
f 352//515 351//515 350//515
f 352//516 350//516 349//516
f 349//517 350//517 346//517
f 349//518 346//518 345//518
f 350//519 351//519 347//519
f 350//520 347//520 346//520
f 351//521 352//521 348//521
f 351//522 348//522 347//522
f 352//523 349//523 345//523
f 352//524 345//524 348//524
f 346//525 347//525 348//525
f 346//526 348//526 345//526
f 360//527 359//527 358//527
f 360//528 358//528 357//528
f 357//529 358//529 354//529
f 357//530 354//530 353//530
f 358//531 359//531 355//531
f 358//532 355//532 354//532
f 359//533 360//533 356//533
f 359//534 356//534 355//534
f 360//535 357//535 353//535
f 360//536 353//536 356//536
f 354//537 355//537 356//537
f 354//538 356//538 353//538
f 368//539 367//539 366//539
f 368//540 366//540 365//540
f 365//541 366//541 362//541
f 365//542 362//542 361//542
f 366//543 367//543 363//543
f 366//544 363//544 362//544
f 367//545 368//545 364//545
f 367//546 364//546 363//546
f 368//547 365//547 361//547
f 368//548 361//548 364//548
f 362//549 363//549 364//549
f 362//550 364//550 361//550
f 376//551 375//551 374//551
f 376//552 374//552 373//552
f 373//553 374//553 370//553
f 373//554 370//554 369//554
f 374//555 375//555 371//555
f 374//556 371//556 370//556
f 375//557 376//557 372//557
f 375//558 372//558 371//558
f 376//559 373//559 369//559
f 376//560 369//560 372//560
f 370//561 371//561 372//561
f 370//562 372//562 369//562
f 384//563 383//563 382//563
f 384//564 382//564 381//564
f 381//565 382//565 378//565
f 381//566 378//566 377//566
f 382//567 383//567 379//567
f 382//568 379//568 378//568
f 383//569 384//569 380//569
f 383//570 380//570 379//570
f 384//571 381//571 377//571
f 384//572 377//572 380//572
f 378//573 379//573 380//573
f 378//574 380//574 377//574
f 392//575 391//575 390//575
f 392//576 390//576 389//576
f 389//577 390//577 386//577
f 389//578 386//578 385//578
f 390//579 391//579 387//579
f 390//580 387//580 386//580
f 391//581 392//581 388//581
f 391//582 388//582 387//582
f 392//583 389//583 385//583
f 392//584 385//584 388//584
f 386//585 387//585 388//585
f 386//586 388//586 385//586
f 400//587 399//587 398//587
f 400//588 398//588 397//588
f 397//589 398//589 394//589
f 397//590 394//590 393//590
f 398//591 399//591 395//591
f 398//592 395//592 394//592
f 399//593 400//593 396//593
f 399//594 396//594 395//594
f 400//595 397//595 393//595
f 400//596 393//596 396//596
f 394//597 395//597 396//597
f 394//598 396//598 393//598
f 408//599 407//599 406//599
f 408//600 406//600 405//600
f 405//601 406//601 402//601
f 405//602 402//602 401//602
f 406//603 407//603 403//603
f 406//604 403//604 402//604
f 407//605 408//605 404//605
f 407//606 404//606 403//606
f 408//607 405//607 401//607
f 408//608 401//608 404//608
f 402//609 403//609 404//609
f 402//610 404//610 401//610
f 416//611 415//611 414//611
f 416//612 414//612 413//612
f 413//613 414//613 410//613
f 413//614 410//614 409//614
f 414//615 415//615 411//615
f 414//616 411//616 410//616
f 415//617 416//617 412//617
f 415//618 412//618 411//618
f 416//619 413//619 409//619
f 416//620 409//620 412//620
f 410//621 411//621 412//621
f 410//622 412//622 409//622
usemtl Mat_Metal
f 424//623 423//623 422//623
f 424//624 422//624 421//624
f 421//625 422//625 418//625
f 421//626 418//626 417//626
f 422//627 423//627 419//627
f 422//628 419//628 418//628
f 423//629 424//629 420//629
f 423//630 420//630 419//630
f 424//631 421//631 417//631
f 424//632 417//632 420//632
f 418//633 419//633 420//633
f 418//634 420//634 417//634
usemtl Mat_Brass
f 426//635 427//635 425//635
f 427//636 428//636 425//636
f 428//637 429//637 425//637
f 429//638 426//638 425//638
f 430//639 427//639 426//639
f 430//640 428//640 427//640
f 430//641 429//641 428//641
f 430//642 426//642 429//642
f 432//643 433//643 431//643
f 433//644 434//644 431//644
f 434//645 435//645 431//645
f 435//646 432//646 431//646
f 436//647 433//647 432//647
f 436//648 434//648 433//648
f 436//649 435//649 434//649
f 436//650 432//650 435//650
f 438//651 439//651 437//651
f 439//652 440//652 437//652
f 440//653 441//653 437//653
f 441//654 438//654 437//654
f 442//655 439//655 438//655
f 442//656 440//656 439//656
f 442//657 441//657 440//657
f 442//658 438//658 441//658
f 444//659 445//659 443//659
f 445//660 446//660 443//660
f 446//661 447//661 443//661
f 447//662 444//662 443//662
f 448//663 445//663 444//663
f 448//664 446//664 445//664
f 448//665 447//665 446//665
f 448//666 444//666 447//666
f 450//667 451//667 449//667
f 451//668 452//668 449//668
f 452//669 453//669 449//669
f 453//670 450//670 449//670
f 454//671 451//671 450//671
f 454//672 452//672 451//672
f 454//673 453//673 452//673
f 454//674 450//674 453//674
f 456//675 457//675 455//675
f 457//676 458//676 455//676
f 458//677 459//677 455//677
f 459//678 456//678 455//678
f 460//679 457//679 456//679
f 460//680 458//680 457//680
f 460//681 459//681 458//681
f 460//682 456//682 459//682
f 462//683 463//683 461//683
f 463//684 464//684 461//684
f 464//685 465//685 461//685
f 465//686 462//686 461//686
f 466//687 463//687 462//687
f 466//688 464//688 463//688
f 466//689 465//689 464//689
f 466//690 462//690 465//690
f 468//691 469//691 467//691
f 469//692 470//692 467//692
f 470//693 471//693 467//693
f 471//694 468//694 467//694
f 472//695 469//695 468//695
f 472//696 470//696 469//696
f 472//697 471//697 470//697
f 472//698 468//698 471//698
f 474//699 475//699 473//699
f 475//700 476//700 473//700
f 476//701 477//701 473//701
f 477//702 474//702 473//702
f 478//703 475//703 474//703
f 478//704 476//704 475//704
f 478//705 477//705 476//705
f 478//706 474//706 477//706
f 480//707 481//707 479//707
f 481//708 482//708 479//708
f 482//709 483//709 479//709
f 483//710 480//710 479//710
f 484//711 481//711 480//711
f 484//712 482//712 481//712
f 484//713 483//713 482//713
f 484//714 480//714 483//714
f 486//715 487//715 485//715
f 487//716 488//716 485//716
f 488//717 489//717 485//717
f 489//718 486//718 485//718
f 490//719 487//719 486//719
f 490//720 488//720 487//720
f 490//721 489//721 488//721
f 490//722 486//722 489//722
f 492//723 493//723 491//723
f 493//724 494//724 491//724
f 494//725 495//725 491//725
f 495//726 492//726 491//726
f 496//727 493//727 492//727
f 496//728 494//728 493//728
f 496//729 495//729 494//729
f 496//730 492//730 495//730
f 498//731 499//731 497//731
f 499//732 500//732 497//732
f 500//733 501//733 497//733
f 501//734 498//734 497//734
f 502//735 499//735 498//735
f 502//736 500//736 499//736
f 502//737 501//737 500//737
f 502//738 498//738 501//738
f 504//739 505//739 503//739
f 505//740 506//740 503//740
f 506//741 507//741 503//741
f 507//742 504//742 503//742
f 508//743 505//743 504//743
f 508//744 506//744 505//744
f 508//745 507//745 506//745
f 508//746 504//746 507//746
f 510//747 511//747 509//747
f 511//748 512//748 509//748
f 512//749 513//749 509//749
f 513//750 510//750 509//750
f 514//751 511//751 510//751
f 514//752 512//752 511//752
f 514//753 513//753 512//753
f 514//754 510//754 513//754
f 516//755 517//755 515//755
f 517//756 518//756 515//756
f 518//757 519//757 515//757
f 519//758 516//758 515//758
f 520//759 517//759 516//759
f 520//760 518//760 517//760
f 520//761 519//761 518//761
f 520//762 516//762 519//762
f 522//763 523//763 521//763
f 523//764 524//764 521//764
f 524//765 525//765 521//765
f 525//766 522//766 521//766
f 526//767 523//767 522//767
f 526//768 524//768 523//768
f 526//769 525//769 524//769
f 526//770 522//770 525//770
f 528//771 529//771 527//771
f 529//772 530//772 527//772
f 530//773 531//773 527//773
f 531//774 528//774 527//774
f 532//775 529//775 528//775
f 532//776 530//776 529//776
f 532//777 531//777 530//777
f 532//778 528//778 531//778
f 534//779 535//779 533//779
f 535//780 536//780 533//780
f 536//781 537//781 533//781
f 537//782 534//782 533//782
f 538//783 535//783 534//783
f 538//784 536//784 535//784
f 538//785 537//785 536//785
f 538//786 534//786 537//786
f 540//787 541//787 539//787
f 541//788 542//788 539//788
f 542//789 543//789 539//789
f 543//790 540//790 539//790
f 544//791 541//791 540//791
f 544//792 542//792 541//792
f 544//793 543//793 542//793
f 544//794 540//794 543//794
f 546//795 547//795 545//795
f 547//796 548//796 545//796
f 548//797 549//797 545//797
f 549//798 546//798 545//798
f 550//799 547//799 546//799
f 550//800 548//800 547//800
f 550//801 549//801 548//801
f 550//802 546//802 549//802
f 552//803 553//803 551//803
f 553//804 554//804 551//804
f 554//805 555//805 551//805
f 555//806 552//806 551//806
f 556//807 553//807 552//807
f 556//808 554//808 553//808
f 556//809 555//809 554//809
f 556//810 552//810 555//810
f 558//811 559//811 557//811
f 559//812 560//812 557//812
f 560//813 561//813 557//813
f 561//814 558//814 557//814
f 562//815 559//815 558//815
f 562//816 560//816 559//816
f 562//817 561//817 560//817
f 562//818 558//818 561//818
f 564//819 565//819 563//819
f 565//820 566//820 563//820
f 566//821 567//821 563//821
f 567//822 564//822 563//822
f 568//823 565//823 564//823
f 568//824 566//824 565//824
f 568//825 567//825 566//825
f 568//826 564//826 567//826
f 570//827 571//827 569//827
f 571//828 572//828 569//828
f 572//829 573//829 569//829
f 573//830 570//830 569//830
f 574//831 571//831 570//831
f 574//832 572//832 571//832
f 574//833 573//833 572//833
f 574//834 570//834 573//834
f 576//835 577//835 575//835
f 577//836 578//836 575//836
f 578//837 579//837 575//837
f 579//838 576//838 575//838
f 580//839 577//839 576//839
f 580//840 578//840 577//840
f 580//841 579//841 578//841
f 580//842 576//842 579//842
f 582//843 583//843 581//843
f 583//844 584//844 581//844
f 584//845 585//845 581//845
f 585//846 582//846 581//846
f 586//847 583//847 582//847
f 586//848 584//848 583//848
f 586//849 585//849 584//849
f 586//850 582//850 585//850
f 588//851 589//851 587//851
f 589//852 590//852 587//852
f 590//853 591//853 587//853
f 591//854 588//854 587//854
f 592//855 589//855 588//855
f 592//856 590//856 589//856
f 592//857 591//857 590//857
f 592//858 588//858 591//858
f 594//859 595//859 593//859
f 595//860 596//860 593//860
f 596//861 597//861 593//861
f 597//862 594//862 593//862
f 598//863 595//863 594//863
f 598//864 596//864 595//864
f 598//865 597//865 596//865
f 598//866 594//866 597//866
f 600//867 601//867 599//867
f 601//868 602//868 599//868
f 602//869 603//869 599//869
f 603//870 600//870 599//870
f 604//871 601//871 600//871
f 604//872 602//872 601//872
f 604//873 603//873 602//873
f 604//874 600//874 603//874
f 606//875 607//875 605//875
f 607//876 608//876 605//876
f 608//877 609//877 605//877
f 609//878 606//878 605//878
f 610//879 607//879 606//879
f 610//880 608//880 607//880
f 610//881 609//881 608//881
f 610//882 606//882 609//882
f 612//883 613//883 611//883
f 613//884 614//884 611//884
f 614//885 615//885 611//885
f 615//886 612//886 611//886
f 616//887 613//887 612//887
f 616//888 614//888 613//888
f 616//889 615//889 614//889
f 616//890 612//890 615//890
f 618//891 619//891 617//891
f 619//892 620//892 617//892
f 620//893 621//893 617//893
f 621//894 618//894 617//894
f 622//895 619//895 618//895
f 622//896 620//896 619//896
f 622//897 621//897 620//897
f 622//898 618//898 621//898
f 624//899 625//899 623//899
f 625//900 626//900 623//900
f 626//901 627//901 623//901
f 627//902 624//902 623//902
f 628//903 625//903 624//903
f 628//904 626//904 625//904
f 628//905 627//905 626//905
f 628//906 624//906 627//906
f 630//907 631//907 629//907
f 631//908 632//908 629//908
f 632//909 633//909 629//909
f 633//910 630//910 629//910
f 634//911 631//911 630//911
f 634//912 632//912 631//912
f 634//913 633//913 632//913
f 634//914 630//914 633//914
f 636//915 637//915 635//915
f 637//916 638//916 635//916
f 638//917 639//917 635//917
f 639//918 636//918 635//918
f 640//919 637//919 636//919
f 640//920 638//920 637//920
f 640//921 639//921 638//921
f 640//922 636//922 639//922
f 642//923 643//923 641//923
f 643//924 644//924 641//924
f 644//925 645//925 641//925
f 645//926 642//926 641//926
f 646//927 643//927 642//927
f 646//928 644//928 643//928
f 646//929 645//929 644//929
f 646//930 642//930 645//930
f 648//931 649//931 647//931
f 649//932 650//932 647//932
f 650//933 651//933 647//933
f 651//934 648//934 647//934
f 652//935 649//935 648//935
f 652//936 650//936 649//936
f 652//937 651//937 650//937
f 652//938 648//938 651//938
f 654//939 655//939 653//939
f 655//940 656//940 653//940
f 656//941 657//941 653//941
f 657//942 654//942 653//942
f 658//943 655//943 654//943
f 658//944 656//944 655//944
f 658//945 657//945 656//945
f 658//946 654//946 657//946
f 660//947 661//947 659//947
f 661//948 662//948 659//948
f 662//949 663//949 659//949
f 663//950 660//950 659//950
f 664//951 661//951 660//951
f 664//952 662//952 661//952
f 664//953 663//953 662//953
f 664//954 660//954 663//954
f 666//955 667//955 665//955
f 667//956 668//956 665//956
f 668//957 669//957 665//957
f 669//958 666//958 665//958
f 670//959 667//959 666//959
f 670//960 668//960 667//960
f 670//961 669//961 668//961
f 670//962 666//962 669//962
f 672//963 673//963 671//963
f 673//964 674//964 671//964
f 674//965 675//965 671//965
f 675//966 672//966 671//966
f 676//967 673//967 672//967
f 676//968 674//968 673//968
f 676//969 675//969 674//969
f 676//970 672//970 675//970
f 678//971 679//971 677//971
f 679//972 680//972 677//972
f 680//973 681//973 677//973
f 681//974 678//974 677//974
f 682//975 679//975 678//975
f 682//976 680//976 679//976
f 682//977 681//977 680//977
f 682//978 678//978 681//978
f 684//979 685//979 683//979
f 685//980 686//980 683//980
f 686//981 687//981 683//981
f 687//982 684//982 683//982
f 688//983 685//983 684//983
f 688//984 686//984 685//984
f 688//985 687//985 686//985
f 688//986 684//986 687//986
f 690//987 691//987 689//987
f 691//988 692//988 689//988
f 692//989 693//989 689//989
f 693//990 690//990 689//990
f 694//991 691//991 690//991
f 694//992 692//992 691//992
f 694//993 693//993 692//993
f 694//994 690//994 693//994
f 696//995 697//995 695//995
f 697//996 698//996 695//996
f 698//997 699//997 695//997
f 699//998 696//998 695//998
f 700//999 697//999 696//999
f 700//1000 698//1000 697//1000
f 700//1001 699//1001 698//1001
f 700//1002 696//1002 699//1002
usemtl Mat_Metal
f 708//1003 707//1003 706//1003
f 708//1004 706//1004 705//1004
f 705//1005 706//1005 702//1005
f 705//1006 702//1006 701//1006
f 706//1007 707//1007 703//1007
f 706//1008 703//1008 702//1008
f 707//1009 708//1009 704//1009
f 707//1010 704//1010 703//1010
f 708//1011 705//1011 701//1011
f 708//1012 701//1012 704//1012
f 702//1013 703//1013 704//1013
f 702//1014 704//1014 701//1014
usemtl Mat_Brass
f 710//1015 711//1015 709//1015
f 711//1016 712//1016 709//1016
f 712//1017 713//1017 709//1017
f 713//1018 710//1018 709//1018
f 714//1019 711//1019 710//1019
f 714//1020 712//1020 711//1020
f 714//1021 713//1021 712//1021
f 714//1022 710//1022 713//1022
f 716//1023 717//1023 715//1023
f 717//1024 718//1024 715//1024
f 718//1025 719//1025 715//1025
f 719//1026 716//1026 715//1026
f 720//1027 717//1027 716//1027
f 720//1028 718//1028 717//1028
f 720//1029 719//1029 718//1029
f 720//1030 716//1030 719//1030
f 722//1031 723//1031 721//1031
f 723//1032 724//1032 721//1032
f 724//1033 725//1033 721//1033
f 725//1034 722//1034 721//1034
f 726//1035 723//1035 722//1035
f 726//1036 724//1036 723//1036
f 726//1037 725//1037 724//1037
f 726//1038 722//1038 725//1038
f 728//1039 729//1039 727//1039
f 729//1040 730//1040 727//1040
f 730//1041 731//1041 727//1041
f 731//1042 728//1042 727//1042
f 732//1043 729//1043 728//1043
f 732//1044 730//1044 729//1044
f 732//1045 731//1045 730//1045
f 732//1046 728//1046 731//1046
f 734//1047 735//1047 733//1047
f 735//1048 736//1048 733//1048
f 736//1049 737//1049 733//1049
f 737//1050 734//1050 733//1050
f 738//1051 735//1051 734//1051
f 738//1052 736//1052 735//1052
f 738//1053 737//1053 736//1053
f 738//1054 734//1054 737//1054
f 740//1055 741//1055 739//1055
f 741//1056 742//1056 739//1056
f 742//1057 743//1057 739//1057
f 743//1058 740//1058 739//1058
f 744//1059 741//1059 740//1059
f 744//1060 742//1060 741//1060
f 744//1061 743//1061 742//1061
f 744//1062 740//1062 743//1062
f 746//1063 747//1063 745//1063
f 747//1064 748//1064 745//1064
f 748//1065 749//1065 745//1065
f 749//1066 746//1066 745//1066
f 750//1067 747//1067 746//1067
f 750//1068 748//1068 747//1068
f 750//1069 749//1069 748//1069
f 750//1070 746//1070 749//1070
f 752//1071 753//1071 751//1071
f 753//1072 754//1072 751//1072
f 754//1073 755//1073 751//1073
f 755//1074 752//1074 751//1074
f 756//1075 753//1075 752//1075
f 756//1076 754//1076 753//1076
f 756//1077 755//1077 754//1077
f 756//1078 752//1078 755//1078
f 758//1079 759//1079 757//1079
f 759//1080 760//1080 757//1080
f 760//1081 761//1081 757//1081
f 761//1082 758//1082 757//1082
f 762//1083 759//1083 758//1083
f 762//1084 760//1084 759//1084
f 762//1085 761//1085 760//1085
f 762//1086 758//1086 761//1086
f 764//1087 765//1087 763//1087
f 765//1088 766//1088 763//1088
f 766//1089 767//1089 763//1089
f 767//1090 764//1090 763//1090
f 768//1091 765//1091 764//1091
f 768//1092 766//1092 765//1092
f 768//1093 767//1093 766//1093
f 768//1094 764//1094 767//1094
f 770//1095 771//1095 769//1095
f 771//1096 772//1096 769//1096
f 772//1097 773//1097 769//1097
f 773//1098 770//1098 769//1098
f 774//1099 771//1099 770//1099
f 774//1100 772//1100 771//1100
f 774//1101 773//1101 772//1101
f 774//1102 770//1102 773//1102
f 776//1103 777//1103 775//1103
f 777//1104 778//1104 775//1104
f 778//1105 779//1105 775//1105
f 779//1106 776//1106 775//1106
f 780//1107 777//1107 776//1107
f 780//1108 778//1108 777//1108
f 780//1109 779//1109 778//1109
f 780//1110 776//1110 779//1110
f 782//1111 783//1111 781//1111
f 783//1112 784//1112 781//1112
f 784//1113 785//1113 781//1113
f 785//1114 782//1114 781//1114
f 786//1115 783//1115 782//1115
f 786//1116 784//1116 783//1116
f 786//1117 785//1117 784//1117
f 786//1118 782//1118 785//1118
f 788//1119 789//1119 787//1119
f 789//1120 790//1120 787//1120
f 790//1121 791//1121 787//1121
f 791//1122 788//1122 787//1122
f 792//1123 789//1123 788//1123
f 792//1124 790//1124 789//1124
f 792//1125 791//1125 790//1125
f 792//1126 788//1126 791//1126
f 794//1127 795//1127 793//1127
f 795//1128 796//1128 793//1128
f 796//1129 797//1129 793//1129
f 797//1130 794//1130 793//1130
f 798//1131 795//1131 794//1131
f 798//1132 796//1132 795//1132
f 798//1133 797//1133 796//1133
f 798//1134 794//1134 797//1134
f 800//1135 801//1135 799//1135
f 801//1136 802//1136 799//1136
f 802//1137 803//1137 799//1137
f 803//1138 800//1138 799//1138
f 804//1139 801//1139 800//1139
f 804//1140 802//1140 801//1140
f 804//1141 803//1141 802//1141
f 804//1142 800//1142 803//1142
f 806//1143 807//1143 805//1143
f 807//1144 808//1144 805//1144
f 808//1145 809//1145 805//1145
f 809//1146 806//1146 805//1146
f 810//1147 807//1147 806//1147
f 810//1148 808//1148 807//1148
f 810//1149 809//1149 808//1149
f 810//1150 806//1150 809//1150
f 812//1151 813//1151 811//1151
f 813//1152 814//1152 811//1152
f 814//1153 815//1153 811//1153
f 815//1154 812//1154 811//1154
f 816//1155 813//1155 812//1155
f 816//1156 814//1156 813//1156
f 816//1157 815//1157 814//1157
f 816//1158 812//1158 815//1158
f 818//1159 819//1159 817//1159
f 819//1160 820//1160 817//1160
f 820//1161 821//1161 817//1161
f 821//1162 818//1162 817//1162
f 822//1163 819//1163 818//1163
f 822//1164 820//1164 819//1164
f 822//1165 821//1165 820//1165
f 822//1166 818//1166 821//1166
f 824//1167 825//1167 823//1167
f 825//1168 826//1168 823//1168
f 826//1169 827//1169 823//1169
f 827//1170 824//1170 823//1170
f 828//1171 825//1171 824//1171
f 828//1172 826//1172 825//1172
f 828//1173 827//1173 826//1173
f 828//1174 824//1174 827//1174
f 830//1175 831//1175 829//1175
f 831//1176 832//1176 829//1176
f 832//1177 833//1177 829//1177
f 833//1178 830//1178 829//1178
f 834//1179 831//1179 830//1179
f 834//1180 832//1180 831//1180
f 834//1181 833//1181 832//1181
f 834//1182 830//1182 833//1182
f 836//1183 837//1183 835//1183
f 837//1184 838//1184 835//1184
f 838//1185 839//1185 835//1185
f 839//1186 836//1186 835//1186
f 840//1187 837//1187 836//1187
f 840//1188 838//1188 837//1188
f 840//1189 839//1189 838//1189
f 840//1190 836//1190 839//1190
f 842//1191 843//1191 841//1191
f 843//1192 844//1192 841//1192
f 844//1193 845//1193 841//1193
f 845//1194 842//1194 841//1194
f 846//1195 843//1195 842//1195
f 846//1196 844//1196 843//1196
f 846//1197 845//1197 844//1197
f 846//1198 842//1198 845//1198
f 848//1199 849//1199 847//1199
f 849//1200 850//1200 847//1200
f 850//1201 851//1201 847//1201
f 851//1202 848//1202 847//1202
f 852//1203 849//1203 848//1203
f 852//1204 850//1204 849//1204
f 852//1205 851//1205 850//1205
f 852//1206 848//1206 851//1206
f 854//1207 855//1207 853//1207
f 855//1208 856//1208 853//1208
f 856//1209 857//1209 853//1209
f 857//1210 854//1210 853//1210
f 858//1211 855//1211 854//1211
f 858//1212 856//1212 855//1212
f 858//1213 857//1213 856//1213
f 858//1214 854//1214 857//1214
f 860//1215 861//1215 859//1215
f 861//1216 862//1216 859//1216
f 862//1217 863//1217 859//1217
f 863//1218 860//1218 859//1218
f 864//1219 861//1219 860//1219
f 864//1220 862//1220 861//1220
f 864//1221 863//1221 862//1221
f 864//1222 860//1222 863//1222
f 866//1223 867//1223 865//1223
f 867//1224 868//1224 865//1224
f 868//1225 869//1225 865//1225
f 869//1226 866//1226 865//1226
f 870//1227 867//1227 866//1227
f 870//1228 868//1228 867//1228
f 870//1229 869//1229 868//1229
f 870//1230 866//1230 869//1230
f 872//1231 873//1231 871//1231
f 873//1232 874//1232 871//1232
f 874//1233 875//1233 871//1233
f 875//1234 872//1234 871//1234
f 876//1235 873//1235 872//1235
f 876//1236 874//1236 873//1236
f 876//1237 875//1237 874//1237
f 876//1238 872//1238 875//1238
f 878//1239 879//1239 877//1239
f 879//1240 880//1240 877//1240
f 880//1241 881//1241 877//1241
f 881//1242 878//1242 877//1242
f 882//1243 879//1243 878//1243
f 882//1244 880//1244 879//1244
f 882//1245 881//1245 880//1245
f 882//1246 878//1246 881//1246
f 884//1247 885//1247 883//1247
f 885//1248 886//1248 883//1248
f 886//1249 887//1249 883//1249
f 887//1250 884//1250 883//1250
f 888//1251 885//1251 884//1251
f 888//1252 886//1252 885//1252
f 888//1253 887//1253 886//1253
f 888//1254 884//1254 887//1254
f 890//1255 891//1255 889//1255
f 891//1256 892//1256 889//1256
f 892//1257 893//1257 889//1257
f 893//1258 890//1258 889//1258
f 894//1259 891//1259 890//1259
f 894//1260 892//1260 891//1260
f 894//1261 893//1261 892//1261
f 894//1262 890//1262 893//1262
f 896//1263 897//1263 895//1263
f 897//1264 898//1264 895//1264
f 898//1265 899//1265 895//1265
f 899//1266 896//1266 895//1266
f 900//1267 897//1267 896//1267
f 900//1268 898//1268 897//1268
f 900//1269 899//1269 898//1269
f 900//1270 896//1270 899//1270
f 902//1271 903//1271 901//1271
f 903//1272 904//1272 901//1272
f 904//1273 905//1273 901//1273
f 905//1274 902//1274 901//1274
f 906//1275 903//1275 902//1275
f 906//1276 904//1276 903//1276
f 906//1277 905//1277 904//1277
f 906//1278 902//1278 905//1278
f 908//1279 909//1279 907//1279
f 909//1280 910//1280 907//1280
f 910//1281 911//1281 907//1281
f 911//1282 908//1282 907//1282
f 912//1283 909//1283 908//1283
f 912//1284 910//1284 909//1284
f 912//1285 911//1285 910//1285
f 912//1286 908//1286 911//1286
f 914//1287 915//1287 913//1287
f 915//1288 916//1288 913//1288
f 916//1289 917//1289 913//1289
f 917//1290 914//1290 913//1290
f 918//1291 915//1291 914//1291
f 918//1292 916//1292 915//1292
f 918//1293 917//1293 916//1293
f 918//1294 914//1294 917//1294
f 920//1295 921//1295 919//1295
f 921//1296 922//1296 919//1296
f 922//1297 923//1297 919//1297
f 923//1298 920//1298 919//1298
f 924//1299 921//1299 920//1299
f 924//1300 922//1300 921//1300
f 924//1301 923//1301 922//1301
f 924//1302 920//1302 923//1302
f 926//1303 927//1303 925//1303
f 927//1304 928//1304 925//1304
f 928//1305 929//1305 925//1305
f 929//1306 926//1306 925//1306
f 930//1307 927//1307 926//1307
f 930//1308 928//1308 927//1308
f 930//1309 929//1309 928//1309
f 930//1310 926//1310 929//1310
f 932//1311 933//1311 931//1311
f 933//1312 934//1312 931//1312
f 934//1313 935//1313 931//1313
f 935//1314 932//1314 931//1314
f 936//1315 933//1315 932//1315
f 936//1316 934//1316 933//1316
f 936//1317 935//1317 934//1317
f 936//1318 932//1318 935//1318
f 938//1319 939//1319 937//1319
f 939//1320 940//1320 937//1320
f 940//1321 941//1321 937//1321
f 941//1322 938//1322 937//1322
f 942//1323 939//1323 938//1323
f 942//1324 940//1324 939//1324
f 942//1325 941//1325 940//1325
f 942//1326 938//1326 941//1326
f 944//1327 945//1327 943//1327
f 945//1328 946//1328 943//1328
f 946//1329 947//1329 943//1329
f 947//1330 944//1330 943//1330
f 948//1331 945//1331 944//1331
f 948//1332 946//1332 945//1332
f 948//1333 947//1333 946//1333
f 948//1334 944//1334 947//1334
f 950//1335 951//1335 949//1335
f 951//1336 952//1336 949//1336
f 952//1337 953//1337 949//1337
f 953//1338 950//1338 949//1338
f 954//1339 951//1339 950//1339
f 954//1340 952//1340 951//1340
f 954//1341 953//1341 952//1341
f 954//1342 950//1342 953//1342
f 956//1343 957//1343 955//1343
f 957//1344 958//1344 955//1344
f 958//1345 959//1345 955//1345
f 959//1346 956//1346 955//1346
f 960//1347 957//1347 956//1347
f 960//1348 958//1348 957//1348
f 960//1349 959//1349 958//1349
f 960//1350 956//1350 959//1350
f 962//1351 963//1351 961//1351
f 963//1352 964//1352 961//1352
f 964//1353 965//1353 961//1353
f 965//1354 962//1354 961//1354
f 966//1355 963//1355 962//1355
f 966//1356 964//1356 963//1356
f 966//1357 965//1357 964//1357
f 966//1358 962//1358 965//1358
f 968//1359 969//1359 967//1359
f 969//1360 970//1360 967//1360
f 970//1361 971//1361 967//1361
f 971//1362 968//1362 967//1362
f 972//1363 969//1363 968//1363
f 972//1364 970//1364 969//1364
f 972//1365 971//1365 970//1365
f 972//1366 968//1366 971//1366
usemtl Mat_Metal
f 980//1367 979//1367 978//1367
f 980//1368 978//1368 977//1368
f 977//1369 978//1369 974//1369
f 977//1370 974//1370 973//1370
f 978//1371 979//1371 975//1371
f 978//1372 975//1372 974//1372
f 979//1373 980//1373 976//1373
f 979//1374 976//1374 975//1374
f 980//1375 977//1375 973//1375
f 980//1376 973//1376 976//1376
f 974//1377 975//1377 976//1377
f 974//1378 976//1378 973//1378
usemtl Mat_Brass
f 982//1379 983//1379 981//1379
f 983//1380 984//1380 981//1380
f 984//1381 985//1381 981//1381
f 985//1382 982//1382 981//1382
f 986//1383 983//1383 982//1383
f 986//1384 984//1384 983//1384
f 986//1385 985//1385 984//1385
f 986//1386 982//1386 985//1386
f 988//1387 989//1387 987//1387
f 989//1388 990//1388 987//1388
f 990//1389 991//1389 987//1389
f 991//1390 988//1390 987//1390
f 992//1391 989//1391 988//1391
f 992//1392 990//1392 989//1392
f 992//1393 991//1393 990//1393
f 992//1394 988//1394 991//1394
f 994//1395 995//1395 993//1395
f 995//1396 996//1396 993//1396
f 996//1397 997//1397 993//1397
f 997//1398 994//1398 993//1398
f 998//1399 995//1399 994//1399
f 998//1400 996//1400 995//1400
f 998//1401 997//1401 996//1401
f 998//1402 994//1402 997//1402
f 1000//1403 1001//1403 999//1403
f 1001//1404 1002//1404 999//1404
f 1002//1405 1003//1405 999//1405
f 1003//1406 1000//1406 999//1406
f 1004//1407 1001//1407 1000//1407
f 1004//1408 1002//1408 1001//1408
f 1004//1409 1003//1409 1002//1409
f 1004//1410 1000//1410 1003//1410
f 1006//1411 1007//1411 1005//1411
f 1007//1412 1008//1412 1005//1412
f 1008//1413 1009//1413 1005//1413
f 1009//1414 1006//1414 1005//1414
f 1010//1415 1007//1415 1006//1415
f 1010//1416 1008//1416 1007//1416
f 1010//1417 1009//1417 1008//1417
f 1010//1418 1006//1418 1009//1418
f 1012//1419 1013//1419 1011//1419
f 1013//1420 1014//1420 1011//1420
f 1014//1421 1015//1421 1011//1421
f 1015//1422 1012//1422 1011//1422
f 1016//1423 1013//1423 1012//1423
f 1016//1424 1014//1424 1013//1424
f 1016//1425 1015//1425 1014//1425
f 1016//1426 1012//1426 1015//1426
f 1018//1427 1019//1427 1017//1427
f 1019//1428 1020//1428 1017//1428
f 1020//1429 1021//1429 1017//1429
f 1021//1430 1018//1430 1017//1430
f 1022//1431 1019//1431 1018//1431
f 1022//1432 1020//1432 1019//1432
f 1022//1433 1021//1433 1020//1433
f 1022//1434 1018//1434 1021//1434
f 1024//1435 1025//1435 1023//1435
f 1025//1436 1026//1436 1023//1436
f 1026//1437 1027//1437 1023//1437
f 1027//1438 1024//1438 1023//1438
f 1028//1439 1025//1439 1024//1439
f 1028//1440 1026//1440 1025//1440
f 1028//1441 1027//1441 1026//1441
f 1028//1442 1024//1442 1027//1442
f 1030//1443 1031//1443 1029//1443
f 1031//1444 1032//1444 1029//1444
f 1032//1445 1033//1445 1029//1445
f 1033//1446 1030//1446 1029//1446
f 1034//1447 1031//1447 1030//1447
f 1034//1448 1032//1448 1031//1448
f 1034//1449 1033//1449 1032//1449
f 1034//1450 1030//1450 1033//1450
f 1036//1451 1037//1451 1035//1451
f 1037//1452 1038//1452 1035//1452
f 1038//1453 1039//1453 1035//1453
f 1039//1454 1036//1454 1035//1454
f 1040//1455 1037//1455 1036//1455
f 1040//1456 1038//1456 1037//1456
f 1040//1457 1039//1457 1038//1457
f 1040//1458 1036//1458 1039//1458
f 1042//1459 1043//1459 1041//1459
f 1043//1460 1044//1460 1041//1460
f 1044//1461 1045//1461 1041//1461
f 1045//1462 1042//1462 1041//1462
f 1046//1463 1043//1463 1042//1463
f 1046//1464 1044//1464 1043//1464
f 1046//1465 1045//1465 1044//1465
f 1046//1466 1042//1466 1045//1466
f 1048//1467 1049//1467 1047//1467
f 1049//1468 1050//1468 1047//1468
f 1050//1469 1051//1469 1047//1469
f 1051//1470 1048//1470 1047//1470
f 1052//1471 1049//1471 1048//1471
f 1052//1472 1050//1472 1049//1472
f 1052//1473 1051//1473 1050//1473
f 1052//1474 1048//1474 1051//1474
f 1054//1475 1055//1475 1053//1475
f 1055//1476 1056//1476 1053//1476
f 1056//1477 1057//1477 1053//1477
f 1057//1478 1054//1478 1053//1478
f 1058//1479 1055//1479 1054//1479
f 1058//1480 1056//1480 1055//1480
f 1058//1481 1057//1481 1056//1481
f 1058//1482 1054//1482 1057//1482
f 1060//1483 1061//1483 1059//1483
f 1061//1484 1062//1484 1059//1484
f 1062//1485 1063//1485 1059//1485
f 1063//1486 1060//1486 1059//1486
f 1064//1487 1061//1487 1060//1487
f 1064//1488 1062//1488 1061//1488
f 1064//1489 1063//1489 1062//1489
f 1064//1490 1060//1490 1063//1490
f 1066//1491 1067//1491 1065//1491
f 1067//1492 1068//1492 1065//1492
f 1068//1493 1069//1493 1065//1493
f 1069//1494 1066//1494 1065//1494
f 1070//1495 1067//1495 1066//1495
f 1070//1496 1068//1496 1067//1496
f 1070//1497 1069//1497 1068//1497
f 1070//1498 1066//1498 1069//1498
f 1072//1499 1073//1499 1071//1499
f 1073//1500 1074//1500 1071//1500
f 1074//1501 1075//1501 1071//1501
f 1075//1502 1072//1502 1071//1502
f 1076//1503 1073//1503 1072//1503
f 1076//1504 1074//1504 1073//1504
f 1076//1505 1075//1505 1074//1505
f 1076//1506 1072//1506 1075//1506
f 1078//1507 1079//1507 1077//1507
f 1079//1508 1080//1508 1077//1508
f 1080//1509 1081//1509 1077//1509
f 1081//1510 1078//1510 1077//1510
f 1082//1511 1079//1511 1078//1511
f 1082//1512 1080//1512 1079//1512
f 1082//1513 1081//1513 1080//1513
f 1082//1514 1078//1514 1081//1514
f 1084//1515 1085//1515 1083//1515
f 1085//1516 1086//1516 1083//1516
f 1086//1517 1087//1517 1083//1517
f 1087//1518 1084//1518 1083//1518
f 1088//1519 1085//1519 1084//1519
f 1088//1520 1086//1520 1085//1520
f 1088//1521 1087//1521 1086//1521
f 1088//1522 1084//1522 1087//1522
f 1090//1523 1091//1523 1089//1523
f 1091//1524 1092//1524 1089//1524
f 1092//1525 1093//1525 1089//1525
f 1093//1526 1090//1526 1089//1526
f 1094//1527 1091//1527 1090//1527
f 1094//1528 1092//1528 1091//1528
f 1094//1529 1093//1529 1092//1529
f 1094//1530 1090//1530 1093//1530
f 1096//1531 1097//1531 1095//1531
f 1097//1532 1098//1532 1095//1532
f 1098//1533 1099//1533 1095//1533
f 1099//1534 1096//1534 1095//1534
f 1100//1535 1097//1535 1096//1535
f 1100//1536 1098//1536 1097//1536
f 1100//1537 1099//1537 1098//1537
f 1100//1538 1096//1538 1099//1538
f 1102//1539 1103//1539 1101//1539
f 1103//1540 1104//1540 1101//1540
f 1104//1541 1105//1541 1101//1541
f 1105//1542 1102//1542 1101//1542
f 1106//1543 1103//1543 1102//1543
f 1106//1544 1104//1544 1103//1544
f 1106//1545 1105//1545 1104//1545
f 1106//1546 1102//1546 1105//1546
f 1108//1547 1109//1547 1107//1547
f 1109//1548 1110//1548 1107//1548
f 1110//1549 1111//1549 1107//1549
f 1111//1550 1108//1550 1107//1550
f 1112//1551 1109//1551 1108//1551
f 1112//1552 1110//1552 1109//1552
f 1112//1553 1111//1553 1110//1553
f 1112//1554 1108//1554 1111//1554
f 1114//1555 1115//1555 1113//1555
f 1115//1556 1116//1556 1113//1556
f 1116//1557 1117//1557 1113//1557
f 1117//1558 1114//1558 1113//1558
f 1118//1559 1115//1559 1114//1559
f 1118//1560 1116//1560 1115//1560
f 1118//1561 1117//1561 1116//1561
f 1118//1562 1114//1562 1117//1562
f 1120//1563 1121//1563 1119//1563
f 1121//1564 1122//1564 1119//1564
f 1122//1565 1123//1565 1119//1565
f 1123//1566 1120//1566 1119//1566
f 1124//1567 1121//1567 1120//1567
f 1124//1568 1122//1568 1121//1568
f 1124//1569 1123//1569 1122//1569
f 1124//1570 1120//1570 1123//1570
f 1126//1571 1127//1571 1125//1571
f 1127//1572 1128//1572 1125//1572
f 1128//1573 1129//1573 1125//1573
f 1129//1574 1126//1574 1125//1574
f 1130//1575 1127//1575 1126//1575
f 1130//1576 1128//1576 1127//1576
f 1130//1577 1129//1577 1128//1577
f 1130//1578 1126//1578 1129//1578
f 1132//1579 1133//1579 1131//1579
f 1133//1580 1134//1580 1131//1580
f 1134//1581 1135//1581 1131//1581
f 1135//1582 1132//1582 1131//1582
f 1136//1583 1133//1583 1132//1583
f 1136//1584 1134//1584 1133//1584
f 1136//1585 1135//1585 1134//1585
f 1136//1586 1132//1586 1135//1586
f 1138//1587 1139//1587 1137//1587
f 1139//1588 1140//1588 1137//1588
f 1140//1589 1141//1589 1137//1589
f 1141//1590 1138//1590 1137//1590
f 1142//1591 1139//1591 1138//1591
f 1142//1592 1140//1592 1139//1592
f 1142//1593 1141//1593 1140//1593
f 1142//1594 1138//1594 1141//1594
f 1144//1595 1145//1595 1143//1595
f 1145//1596 1146//1596 1143//1596
f 1146//1597 1147//1597 1143//1597
f 1147//1598 1144//1598 1143//1598
f 1148//1599 1145//1599 1144//1599
f 1148//1600 1146//1600 1145//1600
f 1148//1601 1147//1601 1146//1601
f 1148//1602 1144//1602 1147//1602
f 1150//1603 1151//1603 1149//1603
f 1151//1604 1152//1604 1149//1604
f 1152//1605 1153//1605 1149//1605
f 1153//1606 1150//1606 1149//1606
f 1154//1607 1151//1607 1150//1607
f 1154//1608 1152//1608 1151//1608
f 1154//1609 1153//1609 1152//1609
f 1154//1610 1150//1610 1153//1610
f 1156//1611 1157//1611 1155//1611
f 1157//1612 1158//1612 1155//1612
f 1158//1613 1159//1613 1155//1613
f 1159//1614 1156//1614 1155//1614
f 1160//1615 1157//1615 1156//1615
f 1160//1616 1158//1616 1157//1616
f 1160//1617 1159//1617 1158//1617
f 1160//1618 1156//1618 1159//1618
f 1162//1619 1163//1619 1161//1619
f 1163//1620 1164//1620 1161//1620
f 1164//1621 1165//1621 1161//1621
f 1165//1622 1162//1622 1161//1622
f 1166//1623 1163//1623 1162//1623
f 1166//1624 1164//1624 1163//1624
f 1166//1625 1165//1625 1164//1625
f 1166//1626 1162//1626 1165//1626
f 1168//1627 1169//1627 1167//1627
f 1169//1628 1170//1628 1167//1628
f 1170//1629 1171//1629 1167//1629
f 1171//1630 1168//1630 1167//1630
f 1172//1631 1169//1631 1168//1631
f 1172//1632 1170//1632 1169//1632
f 1172//1633 1171//1633 1170//1633
f 1172//1634 1168//1634 1171//1634
f 1174//1635 1175//1635 1173//1635
f 1175//1636 1176//1636 1173//1636
f 1176//1637 1177//1637 1173//1637
f 1177//1638 1174//1638 1173//1638
f 1178//1639 1175//1639 1174//1639
f 1178//1640 1176//1640 1175//1640
f 1178//1641 1177//1641 1176//1641
f 1178//1642 1174//1642 1177//1642
f 1180//1643 1181//1643 1179//1643
f 1181//1644 1182//1644 1179//1644
f 1182//1645 1183//1645 1179//1645
f 1183//1646 1180//1646 1179//1646
f 1184//1647 1181//1647 1180//1647
f 1184//1648 1182//1648 1181//1648
f 1184//1649 1183//1649 1182//1649
f 1184//1650 1180//1650 1183//1650
f 1186//1651 1187//1651 1185//1651
f 1187//1652 1188//1652 1185//1652
f 1188//1653 1189//1653 1185//1653
f 1189//1654 1186//1654 1185//1654
f 1190//1655 1187//1655 1186//1655
f 1190//1656 1188//1656 1187//1656
f 1190//1657 1189//1657 1188//1657
f 1190//1658 1186//1658 1189//1658
f 1192//1659 1193//1659 1191//1659
f 1193//1660 1194//1660 1191//1660
f 1194//1661 1195//1661 1191//1661
f 1195//1662 1192//1662 1191//1662
f 1196//1663 1193//1663 1192//1663
f 1196//1664 1194//1664 1193//1664
f 1196//1665 1195//1665 1194//1665
f 1196//1666 1192//1666 1195//1666
f 1198//1667 1199//1667 1197//1667
f 1199//1668 1200//1668 1197//1668
f 1200//1669 1201//1669 1197//1669
f 1201//1670 1198//1670 1197//1670
f 1202//1671 1199//1671 1198//1671
f 1202//1672 1200//1672 1199//1672
f 1202//1673 1201//1673 1200//1673
f 1202//1674 1198//1674 1201//1674
f 1204//1675 1205//1675 1203//1675
f 1205//1676 1206//1676 1203//1676
f 1206//1677 1207//1677 1203//1677
f 1207//1678 1204//1678 1203//1678
f 1208//1679 1205//1679 1204//1679
f 1208//1680 1206//1680 1205//1680
f 1208//1681 1207//1681 1206//1681
f 1208//1682 1204//1682 1207//1682
f 1210//1683 1211//1683 1209//1683
f 1211//1684 1212//1684 1209//1684
f 1212//1685 1213//1685 1209//1685
f 1213//1686 1210//1686 1209//1686
f 1214//1687 1211//1687 1210//1687
f 1214//1688 1212//1688 1211//1688
f 1214//1689 1213//1689 1212//1689
f 1214//1690 1210//1690 1213//1690
f 1216//1691 1217//1691 1215//1691
f 1217//1692 1218//1692 1215//1692
f 1218//1693 1219//1693 1215//1693
f 1219//1694 1216//1694 1215//1694
f 1220//1695 1217//1695 1216//1695
f 1220//1696 1218//1696 1217//1696
f 1220//1697 1219//1697 1218//1697
f 1220//1698 1216//1698 1219//1698
usemtl Mat_Metal
f 1228//1699 1227//1699 1226//1699
f 1228//1700 1226//1700 1225//1700
f 1225//1701 1226//1701 1222//1701
f 1225//1702 1222//1702 1221//1702
f 1226//1703 1227//1703 1223//1703
f 1226//1704 1223//1704 1222//1704
f 1227//1705 1228//1705 1224//1705
f 1227//1706 1224//1706 1223//1706
f 1228//1707 1225//1707 1221//1707
f 1228//1708 1221//1708 1224//1708
f 1222//1709 1223//1709 1224//1709
f 1222//1710 1224//1710 1221//1710
usemtl Mat_Brass
f 1230//1711 1231//1711 1229//1711
f 1231//1712 1232//1712 1229//1712
f 1232//1713 1233//1713 1229//1713
f 1233//1714 1234//1714 1229//1714
f 1234//1715 1230//1715 1229//1715
f 1235//1716 1231//1716 1230//1716
f 1235//1717 1232//1717 1231//1717
f 1235//1718 1233//1718 1232//1718
f 1235//1719 1234//1719 1233//1719
f 1235//1720 1230//1720 1234//1720
f 1237//1721 1238//1721 1236//1721
f 1238//1722 1239//1722 1236//1722
f 1239//1723 1240//1723 1236//1723
f 1240//1724 1241//1724 1236//1724
f 1241//1725 1237//1725 1236//1725
f 1242//1726 1238//1726 1237//1726
f 1242//1727 1239//1727 1238//1727
f 1242//1728 1240//1728 1239//1728
f 1242//1729 1241//1729 1240//1729
f 1242//1730 1237//1730 1241//1730
f 1244//1731 1245//1731 1243//1731
f 1245//1732 1246//1732 1243//1732
f 1246//1733 1247//1733 1243//1733
f 1247//1734 1248//1734 1243//1734
f 1248//1735 1244//1735 1243//1735
f 1249//1736 1245//1736 1244//1736
f 1249//1737 1246//1737 1245//1737
f 1249//1738 1247//1738 1246//1738
f 1249//1739 1248//1739 1247//1739
f 1249//1740 1244//1740 1248//1740
f 1251//1741 1252//1741 1250//1741
f 1252//1742 1253//1742 1250//1742
f 1253//1743 1254//1743 1250//1743
f 1254//1744 1255//1744 1250//1744
f 1255//1745 1251//1745 1250//1745
f 1256//1746 1252//1746 1251//1746
f 1256//1747 1253//1747 1252//1747
f 1256//1748 1254//1748 1253//1748
f 1256//1749 1255//1749 1254//1749
f 1256//1750 1251//1750 1255//1750
f 1258//1751 1259//1751 1257//1751
f 1259//1752 1260//1752 1257//1752
f 1260//1753 1261//1753 1257//1753
f 1261//1754 1262//1754 1257//1754
f 1262//1755 1258//1755 1257//1755
f 1263//1756 1259//1756 1258//1756
f 1263//1757 1260//1757 1259//1757
f 1263//1758 1261//1758 1260//1758
f 1263//1759 1262//1759 1261//1759
f 1263//1760 1258//1760 1262//1760
f 1265//1761 1266//1761 1264//1761
f 1266//1762 1267//1762 1264//1762
f 1267//1763 1268//1763 1264//1763
f 1268//1764 1269//1764 1264//1764
f 1269//1765 1265//1765 1264//1765
f 1270//1766 1266//1766 1265//1766
f 1270//1767 1267//1767 1266//1767
f 1270//1768 1268//1768 1267//1768
f 1270//1769 1269//1769 1268//1769
f 1270//1770 1265//1770 1269//1770
usemtl Mat_Metal
f 1278//1771 1277//1771 1276//1771
f 1278//1772 1276//1772 1275//1772
f 1275//1773 1276//1773 1272//1773
f 1275//1774 1272//1774 1271//1774
f 1276//1775 1277//1775 1273//1775
f 1276//1776 1273//1776 1272//1776
f 1277//1777 1278//1777 1274//1777
f 1277//1778 1274//1778 1273//1778
f 1278//1779 1275//1779 1271//1779
f 1278//1780 1271//1780 1274//1780
f 1272//1781 1273//1781 1274//1781
f 1272//1782 1274//1782 1271//1782
usemtl Mat_Brass
f 1280//1783 1281//1783 1279//1783
f 1281//1784 1282//1784 1279//1784
f 1282//1785 1283//1785 1279//1785
f 1283//1786 1284//1786 1279//1786
f 1284//1787 1280//1787 1279//1787
f 1285//1788 1281//1788 1280//1788
f 1285//1789 1282//1789 1281//1789
f 1285//1790 1283//1790 1282//1790
f 1285//1791 1284//1791 1283//1791
f 1285//1792 1280//1792 1284//1792
f 1287//1793 1288//1793 1286//1793
f 1288//1794 1289//1794 1286//1794
f 1289//1795 1290//1795 1286//1795
f 1290//1796 1291//1796 1286//1796
f 1291//1797 1287//1797 1286//1797
f 1292//1798 1288//1798 1287//1798
f 1292//1799 1289//1799 1288//1799
f 1292//1800 1290//1800 1289//1800
f 1292//1801 1291//1801 1290//1801
f 1292//1802 1287//1802 1291//1802
f 1294//1803 1295//1803 1293//1803
f 1295//1804 1296//1804 1293//1804
f 1296//1805 1297//1805 1293//1805
f 1297//1806 1298//1806 1293//1806
f 1298//1807 1294//1807 1293//1807
f 1299//1808 1295//1808 1294//1808
f 1299//1809 1296//1809 1295//1809
f 1299//1810 1297//1810 1296//1810
f 1299//1811 1298//1811 1297//1811
f 1299//1812 1294//1812 1298//1812
f 1301//1813 1302//1813 1300//1813
f 1302//1814 1303//1814 1300//1814
f 1303//1815 1304//1815 1300//1815
f 1304//1816 1305//1816 1300//1816
f 1305//1817 1301//1817 1300//1817
f 1306//1818 1302//1818 1301//1818
f 1306//1819 1303//1819 1302//1819
f 1306//1820 1304//1820 1303//1820
f 1306//1821 1305//1821 1304//1821
f 1306//1822 1301//1822 1305//1822
f 1308//1823 1309//1823 1307//1823
f 1309//1824 1310//1824 1307//1824
f 1310//1825 1311//1825 1307//1825
f 1311//1826 1312//1826 1307//1826
f 1312//1827 1308//1827 1307//1827
f 1313//1828 1309//1828 1308//1828
f 1313//1829 1310//1829 1309//1829
f 1313//1830 1311//1830 1310//1830
f 1313//1831 1312//1831 1311//1831
f 1313//1832 1308//1832 1312//1832
f 1315//1833 1316//1833 1314//1833
f 1316//1834 1317//1834 1314//1834
f 1317//1835 1318//1835 1314//1835
f 1318//1836 1319//1836 1314//1836
f 1319//1837 1315//1837 1314//1837
f 1320//1838 1316//1838 1315//1838
f 1320//1839 1317//1839 1316//1839
f 1320//1840 1318//1840 1317//1840
f 1320//1841 1319//1841 1318//1841
f 1320//1842 1315//1842 1319//1842
usemtl Mat_Metal
f 1328//1843 1327//1843 1326//1843
f 1328//1844 1326//1844 1325//1844
f 1325//1845 1326//1845 1322//1845
f 1325//1846 1322//1846 1321//1846
f 1326//1847 1327//1847 1323//1847
f 1326//1848 1323//1848 1322//1848
f 1327//1849 1328//1849 1324//1849
f 1327//1850 1324//1850 1323//1850
f 1328//1851 1325//1851 1321//1851
f 1328//1852 1321//1852 1324//1852
f 1322//1853 1323//1853 1324//1853
f 1322//1854 1324//1854 1321//1854
usemtl Mat_Brass
f 1330//1855 1331//1855 1329//1855
f 1331//1856 1332//1856 1329//1856
f 1332//1857 1333//1857 1329//1857
f 1333//1858 1334//1858 1329//1858
f 1334//1859 1330//1859 1329//1859
f 1335//1860 1331//1860 1330//1860
f 1335//1861 1332//1861 1331//1861
f 1335//1862 1333//1862 1332//1862
f 1335//1863 1334//1863 1333//1863
f 1335//1864 1330//1864 1334//1864
f 1337//1865 1338//1865 1336//1865
f 1338//1866 1339//1866 1336//1866
f 1339//1867 1340//1867 1336//1867
f 1340//1868 1341//1868 1336//1868
f 1341//1869 1337//1869 1336//1869
f 1342//1870 1338//1870 1337//1870
f 1342//1871 1339//1871 1338//1871
f 1342//1872 1340//1872 1339//1872
f 1342//1873 1341//1873 1340//1873
f 1342//1874 1337//1874 1341//1874
f 1344//1875 1345//1875 1343//1875
f 1345//1876 1346//1876 1343//1876
f 1346//1877 1347//1877 1343//1877
f 1347//1878 1348//1878 1343//1878
f 1348//1879 1344//1879 1343//1879
f 1349//1880 1345//1880 1344//1880
f 1349//1881 1346//1881 1345//1881
f 1349//1882 1347//1882 1346//1882
f 1349//1883 1348//1883 1347//1883
f 1349//1884 1344//1884 1348//1884
f 1351//1885 1352//1885 1350//1885
f 1352//1886 1353//1886 1350//1886
f 1353//1887 1354//1887 1350//1887
f 1354//1888 1355//1888 1350//1888
f 1355//1889 1351//1889 1350//1889
f 1356//1890 1352//1890 1351//1890
f 1356//1891 1353//1891 1352//1891
f 1356//1892 1354//1892 1353//1892
f 1356//1893 1355//1893 1354//1893
f 1356//1894 1351//1894 1355//1894
f 1358//1895 1359//1895 1357//1895
f 1359//1896 1360//1896 1357//1896
f 1360//1897 1361//1897 1357//1897
f 1361//1898 1362//1898 1357//1898
f 1362//1899 1358//1899 1357//1899
f 1363//1900 1359//1900 1358//1900
f 1363//1901 1360//1901 1359//1901
f 1363//1902 1361//1902 1360//1902
f 1363//1903 1362//1903 1361//1903
f 1363//1904 1358//1904 1362//1904
f 1365//1905 1366//1905 1364//1905
f 1366//1906 1367//1906 1364//1906
f 1367//1907 1368//1907 1364//1907
f 1368//1908 1369//1908 1364//1908
f 1369//1909 1365//1909 1364//1909
f 1370//1910 1366//1910 1365//1910
f 1370//1911 1367//1911 1366//1911
f 1370//1912 1368//1912 1367//1912
f 1370//1913 1369//1913 1368//1913
f 1370//1914 1365//1914 1369//1914
usemtl Mat_Metal
f 1378//1915 1377//1915 1376//1915
f 1378//1916 1376//1916 1375//1916
f 1375//1917 1376//1917 1372//1917
f 1375//1918 1372//1918 1371//1918
f 1376//1919 1377//1919 1373//1919
f 1376//1920 1373//1920 1372//1920
f 1377//1921 1378//1921 1374//1921
f 1377//1922 1374//1922 1373//1922
f 1378//1923 1375//1923 1371//1923
f 1378//1924 1371//1924 1374//1924
f 1372//1925 1373//1925 1374//1925
f 1372//1926 1374//1926 1371//1926
usemtl Mat_Brass
f 1380//1927 1381//1927 1379//1927
f 1381//1928 1382//1928 1379//1928
f 1382//1929 1383//1929 1379//1929
f 1383//1930 1384//1930 1379//1930
f 1384//1931 1380//1931 1379//1931
f 1385//1932 1381//1932 1380//1932
f 1385//1933 1382//1933 1381//1933
f 1385//1934 1383//1934 1382//1934
f 1385//1935 1384//1935 1383//1935
f 1385//1936 1380//1936 1384//1936
f 1387//1937 1388//1937 1386//1937
f 1388//1938 1389//1938 1386//1938
f 1389//1939 1390//1939 1386//1939
f 1390//1940 1391//1940 1386//1940
f 1391//1941 1387//1941 1386//1941
f 1392//1942 1388//1942 1387//1942
f 1392//1943 1389//1943 1388//1943
f 1392//1944 1390//1944 1389//1944
f 1392//1945 1391//1945 1390//1945
f 1392//1946 1387//1946 1391//1946
f 1394//1947 1395//1947 1393//1947
f 1395//1948 1396//1948 1393//1948
f 1396//1949 1397//1949 1393//1949
f 1397//1950 1398//1950 1393//1950
f 1398//1951 1394//1951 1393//1951
f 1399//1952 1395//1952 1394//1952
f 1399//1953 1396//1953 1395//1953
f 1399//1954 1397//1954 1396//1954
f 1399//1955 1398//1955 1397//1955
f 1399//1956 1394//1956 1398//1956
f 1401//1957 1402//1957 1400//1957
f 1402//1958 1403//1958 1400//1958
f 1403//1959 1404//1959 1400//1959
f 1404//1960 1405//1960 1400//1960
f 1405//1961 1401//1961 1400//1961
f 1406//1962 1402//1962 1401//1962
f 1406//1963 1403//1963 1402//1963
f 1406//1964 1404//1964 1403//1964
f 1406//1965 1405//1965 1404//1965
f 1406//1966 1401//1966 1405//1966
f 1408//1967 1409//1967 1407//1967
f 1409//1968 1410//1968 1407//1968
f 1410//1969 1411//1969 1407//1969
f 1411//1970 1412//1970 1407//1970
f 1412//1971 1408//1971 1407//1971
f 1413//1972 1409//1972 1408//1972
f 1413//1973 1410//1973 1409//1973
f 1413//1974 1411//1974 1410//1974
f 1413//1975 1412//1975 1411//1975
f 1413//1976 1408//1976 1412//1976
f 1415//1977 1416//1977 1414//1977
f 1416//1978 1417//1978 1414//1978
f 1417//1979 1418//1979 1414//1979
f 1418//1980 1419//1980 1414//1980
f 1419//1981 1415//1981 1414//1981
f 1420//1982 1416//1982 1415//1982
f 1420//1983 1417//1983 1416//1983
f 1420//1984 1418//1984 1417//1984
f 1420//1985 1419//1985 1418//1985
f 1420//1986 1415//1986 1419//1986
usemtl Mat_Metal
f 1428//1987 1427//1987 1426//1987
f 1428//1988 1426//1988 1425//1988
f 1425//1989 1426//1989 1422//1989
f 1425//1990 1422//1990 1421//1990
f 1426//1991 1427//1991 1423//1991
f 1426//1992 1423//1992 1422//1992
f 1427//1993 1428//1993 1424//1993
f 1427//1994 1424//1994 1423//1994
f 1428//1995 1425//1995 1421//1995
f 1428//1996 1421//1996 1424//1996
f 1422//1997 1423//1997 1424//1997
f 1422//1998 1424//1998 1421//1998
usemtl Mat_DarkWood
f 1436//1999 1435//1999 1434//1999
f 1436//2000 1434//2000 1433//2000
f 1433//2001 1434//2001 1430//2001
f 1433//2002 1430//2002 1429//2002
f 1434//2003 1435//2003 1431//2003
f 1434//2004 1431//2004 1430//2004
f 1435//2005 1436//2005 1432//2005
f 1435//2006 1432//2006 1431//2006
f 1436//2007 1433//2007 1429//2007
f 1436//2008 1429//2008 1432//2008
usemtl Mat_Metal
f 1444//2009 1443//2009 1442//2009
f 1444//2010 1442//2010 1441//2010
f 1441//2011 1442//2011 1438//2011
f 1441//2012 1438//2012 1437//2012
f 1442//2013 1443//2013 1439//2013
f 1442//2014 1439//2014 1438//2014
f 1443//2015 1444//2015 1440//2015
f 1443//2016 1440//2016 1439//2016
f 1444//2017 1441//2017 1437//2017
f 1444//2018 1437//2018 1440//2018
f 1438//2019 1439//2019 1440//2019
f 1438//2020 1440//2020 1437//2020
f 1452//2021 1451//2021 1450//2021
f 1452//2022 1450//2022 1449//2022
f 1449//2023 1450//2023 1446//2023
f 1449//2024 1446//2024 1445//2024
f 1450//2025 1451//2025 1447//2025
f 1450//2026 1447//2026 1446//2026
f 1451//2027 1452//2027 1448//2027
f 1451//2028 1448//2028 1447//2028
f 1452//2029 1449//2029 1445//2029
f 1452//2030 1445//2030 1448//2030
f 1446//2031 1447//2031 1448//2031
f 1446//2032 1448//2032 1445//2032
f 1460//2033 1459//2033 1458//2033
f 1460//2034 1458//2034 1457//2034
f 1457//2035 1458//2035 1454//2035
f 1457//2036 1454//2036 1453//2036
f 1458//2037 1459//2037 1455//2037
f 1458//2038 1455//2038 1454//2038
f 1459//2039 1460//2039 1456//2039
f 1459//2040 1456//2040 1455//2040
f 1460//2041 1457//2041 1453//2041
f 1460//2042 1453//2042 1456//2042
f 1454//2043 1455//2043 1456//2043
f 1454//2044 1456//2044 1453//2044
f 1468//2045 1467//2045 1466//2045
f 1468//2046 1466//2046 1465//2046
f 1465//2047 1466//2047 1462//2047
f 1465//2048 1462//2048 1461//2048
f 1466//2049 1467//2049 1463//2049
f 1466//2050 1463//2050 1462//2050
f 1467//2051 1468//2051 1464//2051
f 1467//2052 1464//2052 1463//2052
f 1468//2053 1465//2053 1461//2053
f 1468//2054 1461//2054 1464//2054
f 1462//2055 1463//2055 1464//2055
f 1462//2056 1464//2056 1461//2056
f 1476//2057 1475//2057 1474//2057
f 1476//2058 1474//2058 1473//2058
f 1473//2059 1474//2059 1470//2059
f 1473//2060 1470//2060 1469//2060
f 1474//2061 1475//2061 1471//2061
f 1474//2062 1471//2062 1470//2062
f 1475//2063 1476//2063 1472//2063
f 1475//2064 1472//2064 1471//2064
f 1476//2065 1473//2065 1469//2065
f 1476//2066 1469//2066 1472//2066
f 1470//2067 1471//2067 1472//2067
f 1470//2068 1472//2068 1469//2068
f 1484//2069 1483//2069 1482//2069
f 1484//2070 1482//2070 1481//2070
f 1481//2071 1482//2071 1478//2071
f 1481//2072 1478//2072 1477//2072
f 1482//2073 1483//2073 1479//2073
f 1482//2074 1479//2074 1478//2074
f 1483//2075 1484//2075 1480//2075
f 1483//2076 1480//2076 1479//2076
f 1484//2077 1481//2077 1477//2077
f 1484//2078 1477//2078 1480//2078
f 1478//2079 1479//2079 1480//2079
f 1478//2080 1480//2080 1477//2080
f 1492//2081 1491//2081 1490//2081
f 1492//2082 1490//2082 1489//2082
f 1489//2083 1490//2083 1486//2083
f 1489//2084 1486//2084 1485//2084
f 1490//2085 1491//2085 1487//2085
f 1490//2086 1487//2086 1486//2086
f 1491//2087 1492//2087 1488//2087
f 1491//2088 1488//2088 1487//2088
f 1492//2089 1489//2089 1485//2089
f 1492//2090 1485//2090 1488//2090
f 1486//2091 1487//2091 1488//2091
f 1486//2092 1488//2092 1485//2092
f 1500//2093 1499//2093 1498//2093
f 1500//2094 1498//2094 1497//2094
f 1497//2095 1498//2095 1494//2095
f 1497//2096 1494//2096 1493//2096
f 1498//2097 1499//2097 1495//2097
f 1498//2098 1495//2098 1494//2098
f 1499//2099 1500//2099 1496//2099
f 1499//2100 1496//2100 1495//2100
f 1500//2101 1497//2101 1493//2101
f 1500//2102 1493//2102 1496//2102
f 1494//2103 1495//2103 1496//2103
f 1494//2104 1496//2104 1493//2104
f 1508//2105 1507//2105 1506//2105
f 1508//2106 1506//2106 1505//2106
f 1505//2107 1506//2107 1502//2107
f 1505//2108 1502//2108 1501//2108
f 1506//2109 1507//2109 1503//2109
f 1506//2110 1503//2110 1502//2110
f 1507//2111 1508//2111 1504//2111
f 1507//2112 1504//2112 1503//2112
f 1508//2113 1505//2113 1501//2113
f 1508//2114 1501//2114 1504//2114
f 1502//2115 1503//2115 1504//2115
f 1502//2116 1504//2116 1501//2116
f 1516//2117 1515//2117 1514//2117
f 1516//2118 1514//2118 1513//2118
f 1513//2119 1514//2119 1510//2119
f 1513//2120 1510//2120 1509//2120
f 1514//2121 1515//2121 1511//2121
f 1514//2122 1511//2122 1510//2122
f 1515//2123 1516//2123 1512//2123
f 1515//2124 1512//2124 1511//2124
f 1516//2125 1513//2125 1509//2125
f 1516//2126 1509//2126 1512//2126
f 1510//2127 1511//2127 1512//2127
f 1510//2128 1512//2128 1509//2128
usemtl Mat_Brass
f 1533//2129 1534//2129 1518//2129
f 1533//2130 1518//2130 1517//2130
f 1534//2131 1535//2131 1519//2131
f 1534//2132 1519//2132 1518//2132
f 1535//2133 1536//2133 1520//2133
f 1535//2134 1520//2134 1519//2134
f 1536//2135 1537//2135 1521//2135
f 1536//2136 1521//2136 1520//2136
f 1537//2137 1538//2137 1522//2137
f 1537//2138 1522//2138 1521//2138
f 1538//2139 1539//2139 1523//2139
f 1538//2140 1523//2140 1522//2140
f 1539//2141 1540//2141 1524//2141
f 1539//2142 1524//2142 1523//2142
f 1540//2143 1541//2143 1525//2143
f 1540//2144 1525//2144 1524//2144
f 1541//2145 1542//2145 1526//2145
f 1541//2146 1526//2146 1525//2146
f 1542//2147 1543//2147 1527//2147
f 1542//2148 1527//2148 1526//2148
f 1543//2149 1544//2149 1528//2149
f 1543//2150 1528//2150 1527//2150
f 1544//2151 1545//2151 1529//2151
f 1544//2152 1529//2152 1528//2152
f 1545//2153 1546//2153 1530//2153
f 1545//2154 1530//2154 1529//2154
f 1546//2155 1547//2155 1531//2155
f 1546//2156 1531//2156 1530//2156
f 1547//2157 1548//2157 1532//2157
f 1547//2158 1532//2158 1531//2158
f 1548//2159 1533//2159 1517//2159
f 1548//2160 1517//2160 1532//2160
f 1548//2161 1547//2161 1546//2161
f 1548//2162 1546//2162 1545//2162
f 1548//2163 1545//2163 1544//2163
f 1548//2164 1544//2164 1543//2164
f 1548//2165 1543//2165 1542//2165
f 1548//2166 1542//2166 1541//2166
f 1548//2167 1541//2167 1540//2167
f 1548//2168 1540//2168 1539//2168
f 1548//2169 1539//2169 1538//2169
f 1548//2170 1538//2170 1537//2170
f 1548//2171 1537//2171 1536//2171
f 1548//2172 1536//2172 1535//2172
f 1548//2173 1535//2173 1534//2173
f 1548//2174 1534//2174 1533//2174
f 1517//2175 1518//2175 1519//2175
f 1517//2176 1519//2176 1520//2176
f 1517//2177 1520//2177 1521//2177
f 1517//2178 1521//2178 1522//2178
f 1517//2179 1522//2179 1523//2179
f 1517//2180 1523//2180 1524//2180
f 1517//2181 1524//2181 1525//2181
f 1517//2182 1525//2182 1526//2182
f 1517//2183 1526//2183 1527//2183
f 1517//2184 1527//2184 1528//2184
f 1517//2185 1528//2185 1529//2185
f 1517//2186 1529//2186 1530//2186
f 1517//2187 1530//2187 1531//2187
f 1517//2188 1531//2188 1532//2188
usemtl Mat_DarkWood
f 1565//2189 1566//2189 1550//2189
f 1565//2190 1550//2190 1549//2190
f 1566//2191 1567//2191 1551//2191
f 1566//2192 1551//2192 1550//2192
f 1567//2193 1568//2193 1552//2193
f 1567//2194 1552//2194 1551//2194
f 1568//2195 1569//2195 1553//2195
f 1568//2196 1553//2196 1552//2196
f 1569//2197 1570//2197 1554//2197
f 1569//2198 1554//2198 1553//2198
f 1570//2199 1571//2199 1555//2199
f 1570//2200 1555//2200 1554//2200
f 1571//2201 1572//2201 1556//2201
f 1571//2202 1556//2202 1555//2202
f 1572//2203 1573//2203 1557//2203
f 1572//2204 1557//2204 1556//2204
f 1573//2205 1574//2205 1558//2205
f 1573//2206 1558//2206 1557//2206
f 1574//2207 1575//2207 1559//2207
f 1574//2208 1559//2208 1558//2208
f 1575//2209 1576//2209 1560//2209
f 1575//2210 1560//2210 1559//2210
f 1576//2211 1577//2211 1561//2211
f 1576//2212 1561//2212 1560//2212
f 1577//2213 1578//2213 1562//2213
f 1577//2214 1562//2214 1561//2214
f 1578//2215 1579//2215 1563//2215
f 1578//2216 1563//2216 1562//2216
f 1579//2217 1580//2217 1564//2217
f 1579//2218 1564//2218 1563//2218
f 1580//2219 1565//2219 1549//2219
f 1580//2220 1549//2220 1564//2220
f 1580//2221 1579//2221 1578//2221
f 1580//2222 1578//2222 1577//2222
f 1580//2223 1577//2223 1576//2223
f 1580//2224 1576//2224 1575//2224
f 1580//2225 1575//2225 1574//2225
f 1580//2226 1574//2226 1573//2226
f 1580//2227 1573//2227 1572//2227
f 1580//2228 1572//2228 1571//2228
f 1580//2229 1571//2229 1570//2229
f 1580//2230 1570//2230 1569//2230
f 1580//2231 1569//2231 1568//2231
f 1580//2232 1568//2232 1567//2232
f 1580//2233 1567//2233 1566//2233
f 1580//2234 1566//2234 1565//2234
usemtl Mat_Brass
f 1597//2235 1598//2235 1582//2235
f 1597//2236 1582//2236 1581//2236
f 1598//2237 1599//2237 1583//2237
f 1598//2238 1583//2238 1582//2238
f 1599//2239 1600//2239 1584//2239
f 1599//2240 1584//2240 1583//2240
f 1600//2241 1601//2241 1585//2241
f 1600//2242 1585//2242 1584//2242
f 1601//2243 1602//2243 1586//2243
f 1601//2244 1586//2244 1585//2244
f 1602//2245 1603//2245 1587//2245
f 1602//2246 1587//2246 1586//2246
f 1603//2247 1604//2247 1588//2247
f 1603//2248 1588//2248 1587//2248
f 1604//2249 1605//2249 1589//2249
f 1604//2250 1589//2250 1588//2250
f 1605//2251 1606//2251 1590//2251
f 1605//2252 1590//2252 1589//2252
f 1606//2253 1607//2253 1591//2253
f 1606//2254 1591//2254 1590//2254
f 1607//2255 1608//2255 1592//2255
f 1607//2256 1592//2256 1591//2256
f 1608//2257 1609//2257 1593//2257
f 1608//2258 1593//2258 1592//2258
f 1609//2259 1610//2259 1594//2259
f 1609//2260 1594//2260 1593//2260
f 1610//2261 1611//2261 1595//2261
f 1610//2262 1595//2262 1594//2262
f 1611//2263 1612//2263 1596//2263
f 1611//2264 1596//2264 1595//2264
f 1612//2265 1597//2265 1581//2265
f 1612//2266 1581//2266 1596//2266
f 1612//2267 1611//2267 1610//2267
f 1612//2268 1610//2268 1609//2268
f 1612//2269 1609//2269 1608//2269
f 1612//2270 1608//2270 1607//2270
f 1612//2271 1607//2271 1606//2271
f 1612//2272 1606//2272 1605//2272
f 1612//2273 1605//2273 1604//2273
f 1612//2274 1604//2274 1603//2274
f 1612//2275 1603//2275 1602//2275
f 1612//2276 1602//2276 1601//2276
f 1612//2277 1601//2277 1600//2277
f 1612//2278 1600//2278 1599//2278
f 1612//2279 1599//2279 1598//2279
f 1612//2280 1598//2280 1597//2280
f 1629//2281 1630//2281 1614//2281
f 1629//2282 1614//2282 1613//2282
f 1630//2283 1631//2283 1615//2283
f 1630//2284 1615//2284 1614//2284
f 1631//2285 1632//2285 1616//2285
f 1631//2286 1616//2286 1615//2286
f 1632//2287 1633//2287 1617//2287
f 1632//2288 1617//2288 1616//2288
f 1633//2289 1634//2289 1618//2289
f 1633//2290 1618//2290 1617//2290
f 1634//2291 1635//2291 1619//2291
f 1634//2292 1619//2292 1618//2292
f 1635//2293 1636//2293 1620//2293
f 1635//2294 1620//2294 1619//2294
f 1636//2295 1637//2295 1621//2295
f 1636//2296 1621//2296 1620//2296
f 1637//2297 1638//2297 1622//2297
f 1637//2298 1622//2298 1621//2298
f 1638//2299 1639//2299 1623//2299
f 1638//2300 1623//2300 1622//2300
f 1639//2301 1640//2301 1624//2301
f 1639//2302 1624//2302 1623//2302
f 1640//2303 1641//2303 1625//2303
f 1640//2304 1625//2304 1624//2304
f 1641//2305 1642//2305 1626//2305
f 1641//2306 1626//2306 1625//2306
f 1642//2307 1643//2307 1627//2307
f 1642//2308 1627//2308 1626//2308
f 1643//2309 1644//2309 1628//2309
f 1643//2310 1628//2310 1627//2310
f 1644//2311 1629//2311 1613//2311
f 1644//2312 1613//2312 1628//2312
f 1644//2313 1643//2313 1642//2313
f 1644//2314 1642//2314 1641//2314
f 1644//2315 1641//2315 1640//2315
f 1644//2316 1640//2316 1639//2316
f 1644//2317 1639//2317 1638//2317
f 1644//2318 1638//2318 1637//2318
f 1644//2319 1637//2319 1636//2319
f 1644//2320 1636//2320 1635//2320
f 1644//2321 1635//2321 1634//2321
f 1644//2322 1634//2322 1633//2322
f 1644//2323 1633//2323 1632//2323
f 1644//2324 1632//2324 1631//2324
f 1644//2325 1631//2325 1630//2325
f 1644//2326 1630//2326 1629//2326
f 1613//2327 1614//2327 1615//2327
f 1613//2328 1615//2328 1616//2328
f 1613//2329 1616//2329 1617//2329
f 1613//2330 1617//2330 1618//2330
f 1613//2331 1618//2331 1619//2331
f 1613//2332 1619//2332 1620//2332
f 1613//2333 1620//2333 1621//2333
f 1613//2334 1621//2334 1622//2334
f 1613//2335 1622//2335 1623//2335
f 1613//2336 1623//2336 1624//2336
f 1613//2337 1624//2337 1625//2337
f 1613//2338 1625//2338 1626//2338
f 1613//2339 1626//2339 1627//2339
f 1613//2340 1627//2340 1628//2340
usemtl Mat_DarkWood
f 1661//2341 1662//2341 1646//2341
f 1661//2342 1646//2342 1645//2342
f 1662//2343 1663//2343 1647//2343
f 1662//2344 1647//2344 1646//2344
f 1663//2345 1664//2345 1648//2345
f 1663//2346 1648//2346 1647//2346
f 1664//2347 1665//2347 1649//2347
f 1664//2348 1649//2348 1648//2348
f 1665//2349 1666//2349 1650//2349
f 1665//2350 1650//2350 1649//2350
f 1666//2351 1667//2351 1651//2351
f 1666//2352 1651//2352 1650//2352
f 1667//2353 1668//2353 1652//2353
f 1667//2354 1652//2354 1651//2354
f 1668//2355 1669//2355 1653//2355
f 1668//2356 1653//2356 1652//2356
f 1669//2357 1670//2357 1654//2357
f 1669//2358 1654//2358 1653//2358
f 1670//2359 1671//2359 1655//2359
f 1670//2360 1655//2360 1654//2360
f 1671//2361 1672//2361 1656//2361
f 1671//2362 1656//2362 1655//2362
f 1672//2363 1673//2363 1657//2363
f 1672//2364 1657//2364 1656//2364
f 1673//2365 1674//2365 1658//2365
f 1673//2366 1658//2366 1657//2366
f 1674//2367 1675//2367 1659//2367
f 1674//2368 1659//2368 1658//2368
f 1675//2369 1676//2369 1660//2369
f 1675//2370 1660//2370 1659//2370
f 1676//2371 1661//2371 1645//2371
f 1676//2372 1645//2372 1660//2372
f 1676//2373 1675//2373 1674//2373
f 1676//2374 1674//2374 1673//2374
f 1676//2375 1673//2375 1672//2375
f 1676//2376 1672//2376 1671//2376
f 1676//2377 1671//2377 1670//2377
f 1676//2378 1670//2378 1669//2378
f 1676//2379 1669//2379 1668//2379
f 1676//2380 1668//2380 1667//2380
f 1676//2381 1667//2381 1666//2381
f 1676//2382 1666//2382 1665//2382
f 1676//2383 1665//2383 1664//2383
f 1676//2384 1664//2384 1663//2384
f 1676//2385 1663//2385 1662//2385
f 1676//2386 1662//2386 1661//2386
usemtl Mat_Brass
f 1693//2387 1694//2387 1678//2387
f 1693//2388 1678//2388 1677//2388
f 1694//2389 1695//2389 1679//2389
f 1694//2390 1679//2390 1678//2390
f 1695//2391 1696//2391 1680//2391
f 1695//2392 1680//2392 1679//2392
f 1696//2393 1697//2393 1681//2393
f 1696//2394 1681//2394 1680//2394
f 1697//2395 1698//2395 1682//2395
f 1697//2396 1682//2396 1681//2396
f 1698//2397 1699//2397 1683//2397
f 1698//2398 1683//2398 1682//2398
f 1699//2399 1700//2399 1684//2399
f 1699//2400 1684//2400 1683//2400
f 1700//2401 1701//2401 1685//2401
f 1700//2402 1685//2402 1684//2402
f 1701//2403 1702//2403 1686//2403
f 1701//2404 1686//2404 1685//2404
f 1702//2405 1703//2405 1687//2405
f 1702//2406 1687//2406 1686//2406
f 1703//2407 1704//2407 1688//2407
f 1703//2408 1688//2408 1687//2408
f 1704//2409 1705//2409 1689//2409
f 1704//2410 1689//2410 1688//2410
f 1705//2411 1706//2411 1690//2411
f 1705//2412 1690//2412 1689//2412
f 1706//2413 1707//2413 1691//2413
f 1706//2414 1691//2414 1690//2414
f 1707//2415 1708//2415 1692//2415
f 1707//2416 1692//2416 1691//2416
f 1708//2417 1693//2417 1677//2417
f 1708//2418 1677//2418 1692//2418
f 1708//2419 1707//2419 1706//2419
f 1708//2420 1706//2420 1705//2420
f 1708//2421 1705//2421 1704//2421
f 1708//2422 1704//2422 1703//2422
f 1708//2423 1703//2423 1702//2423
f 1708//2424 1702//2424 1701//2424
f 1708//2425 1701//2425 1700//2425
f 1708//2426 1700//2426 1699//2426
f 1708//2427 1699//2427 1698//2427
f 1708//2428 1698//2428 1697//2428
f 1708//2429 1697//2429 1696//2429
f 1708//2430 1696//2430 1695//2430
f 1708//2431 1695//2431 1694//2431
f 1708//2432 1694//2432 1693//2432
f 1725//2433 1726//2433 1710//2433
f 1725//2434 1710//2434 1709//2434
f 1726//2435 1727//2435 1711//2435
f 1726//2436 1711//2436 1710//2436
f 1727//2437 1728//2437 1712//2437
f 1727//2438 1712//2438 1711//2438
f 1728//2439 1729//2439 1713//2439
f 1728//2440 1713//2440 1712//2440
f 1729//2441 1730//2441 1714//2441
f 1729//2442 1714//2442 1713//2442
f 1730//2443 1731//2443 1715//2443
f 1730//2444 1715//2444 1714//2444
f 1731//2445 1732//2445 1716//2445
f 1731//2446 1716//2446 1715//2446
f 1732//2447 1733//2447 1717//2447
f 1732//2448 1717//2448 1716//2448
f 1733//2449 1734//2449 1718//2449
f 1733//2450 1718//2450 1717//2450
f 1734//2451 1735//2451 1719//2451
f 1734//2452 1719//2452 1718//2452
f 1735//2453 1736//2453 1720//2453
f 1735//2454 1720//2454 1719//2454
f 1736//2455 1737//2455 1721//2455
f 1736//2456 1721//2456 1720//2456
f 1737//2457 1738//2457 1722//2457
f 1737//2458 1722//2458 1721//2458
f 1738//2459 1739//2459 1723//2459
f 1738//2460 1723//2460 1722//2460
f 1739//2461 1740//2461 1724//2461
f 1739//2462 1724//2462 1723//2462
f 1740//2463 1725//2463 1709//2463
f 1740//2464 1709//2464 1724//2464
f 1740//2465 1739//2465 1738//2465
f 1740//2466 1738//2466 1737//2466
f 1740//2467 1737//2467 1736//2467
f 1740//2468 1736//2468 1735//2468
f 1740//2469 1735//2469 1734//2469
f 1740//2470 1734//2470 1733//2470
f 1740//2471 1733//2471 1732//2471
f 1740//2472 1732//2472 1731//2472
f 1740//2473 1731//2473 1730//2473
f 1740//2474 1730//2474 1729//2474
f 1740//2475 1729//2475 1728//2475
f 1740//2476 1728//2476 1727//2476
f 1740//2477 1727//2477 1726//2477
f 1740//2478 1726//2478 1725//2478
f 1709//2479 1710//2479 1711//2479
f 1709//2480 1711//2480 1712//2480
f 1709//2481 1712//2481 1713//2481
f 1709//2482 1713//2482 1714//2482
f 1709//2483 1714//2483 1715//2483
f 1709//2484 1715//2484 1716//2484
f 1709//2485 1716//2485 1717//2485
f 1709//2486 1717//2486 1718//2486
f 1709//2487 1718//2487 1719//2487
f 1709//2488 1719//2488 1720//2488
f 1709//2489 1720//2489 1721//2489
f 1709//2490 1721//2490 1722//2490
f 1709//2491 1722//2491 1723//2491
f 1709//2492 1723//2492 1724//2492
usemtl Mat_DarkWood
f 1757//2493 1758//2493 1742//2493
f 1757//2494 1742//2494 1741//2494
f 1758//2495 1759//2495 1743//2495
f 1758//2496 1743//2496 1742//2496
f 1759//2497 1760//2497 1744//2497
f 1759//2498 1744//2498 1743//2498
f 1760//2499 1761//2499 1745//2499
f 1760//2500 1745//2500 1744//2500
f 1761//2501 1762//2501 1746//2501
f 1761//2502 1746//2502 1745//2502
f 1762//2503 1763//2503 1747//2503
f 1762//2504 1747//2504 1746//2504
f 1763//2505 1764//2505 1748//2505
f 1763//2506 1748//2506 1747//2506
f 1764//2507 1765//2507 1749//2507
f 1764//2508 1749//2508 1748//2508
f 1765//2509 1766//2509 1750//2509
f 1765//2510 1750//2510 1749//2510
f 1766//2511 1767//2511 1751//2511
f 1766//2512 1751//2512 1750//2512
f 1767//2513 1768//2513 1752//2513
f 1767//2514 1752//2514 1751//2514
f 1768//2515 1769//2515 1753//2515
f 1768//2516 1753//2516 1752//2516
f 1769//2517 1770//2517 1754//2517
f 1769//2518 1754//2518 1753//2518
f 1770//2519 1771//2519 1755//2519
f 1770//2520 1755//2520 1754//2520
f 1771//2521 1772//2521 1756//2521
f 1771//2522 1756//2522 1755//2522
f 1772//2523 1757//2523 1741//2523
f 1772//2524 1741//2524 1756//2524
f 1772//2525 1771//2525 1770//2525
f 1772//2526 1770//2526 1769//2526
f 1772//2527 1769//2527 1768//2527
f 1772//2528 1768//2528 1767//2528
f 1772//2529 1767//2529 1766//2529
f 1772//2530 1766//2530 1765//2530
f 1772//2531 1765//2531 1764//2531
f 1772//2532 1764//2532 1763//2532
f 1772//2533 1763//2533 1762//2533
f 1772//2534 1762//2534 1761//2534
f 1772//2535 1761//2535 1760//2535
f 1772//2536 1760//2536 1759//2536
f 1772//2537 1759//2537 1758//2537
f 1772//2538 1758//2538 1757//2538
usemtl Mat_Brass
f 1789//2539 1790//2539 1774//2539
f 1789//2540 1774//2540 1773//2540
f 1790//2541 1791//2541 1775//2541
f 1790//2542 1775//2542 1774//2542
f 1791//2543 1792//2543 1776//2543
f 1791//2544 1776//2544 1775//2544
f 1792//2545 1793//2545 1777//2545
f 1792//2546 1777//2546 1776//2546
f 1793//2547 1794//2547 1778//2547
f 1793//2548 1778//2548 1777//2548
f 1794//2549 1795//2549 1779//2549
f 1794//2550 1779//2550 1778//2550
f 1795//2551 1796//2551 1780//2551
f 1795//2552 1780//2552 1779//2552
f 1796//2553 1797//2553 1781//2553
f 1796//2554 1781//2554 1780//2554
f 1797//2555 1798//2555 1782//2555
f 1797//2556 1782//2556 1781//2556
f 1798//2557 1799//2557 1783//2557
f 1798//2558 1783//2558 1782//2558
f 1799//2559 1800//2559 1784//2559
f 1799//2560 1784//2560 1783//2560
f 1800//2561 1801//2561 1785//2561
f 1800//2562 1785//2562 1784//2562
f 1801//2563 1802//2563 1786//2563
f 1801//2564 1786//2564 1785//2564
f 1802//2565 1803//2565 1787//2565
f 1802//2566 1787//2566 1786//2566
f 1803//2567 1804//2567 1788//2567
f 1803//2568 1788//2568 1787//2568
f 1804//2569 1789//2569 1773//2569
f 1804//2570 1773//2570 1788//2570
f 1804//2571 1803//2571 1802//2571
f 1804//2572 1802//2572 1801//2572
f 1804//2573 1801//2573 1800//2573
f 1804//2574 1800//2574 1799//2574
f 1804//2575 1799//2575 1798//2575
f 1804//2576 1798//2576 1797//2576
f 1804//2577 1797//2577 1796//2577
f 1804//2578 1796//2578 1795//2578
f 1804//2579 1795//2579 1794//2579
f 1804//2580 1794//2580 1793//2580
f 1804//2581 1793//2581 1792//2581
f 1804//2582 1792//2582 1791//2582
f 1804//2583 1791//2583 1790//2583
f 1804//2584 1790//2584 1789//2584
f 1821//2585 1822//2585 1806//2585
f 1821//2586 1806//2586 1805//2586
f 1822//2587 1823//2587 1807//2587
f 1822//2588 1807//2588 1806//2588
f 1823//2589 1824//2589 1808//2589
f 1823//2590 1808//2590 1807//2590
f 1824//2591 1825//2591 1809//2591
f 1824//2592 1809//2592 1808//2592
f 1825//2593 1826//2593 1810//2593
f 1825//2594 1810//2594 1809//2594
f 1826//2595 1827//2595 1811//2595
f 1826//2596 1811//2596 1810//2596
f 1827//2597 1828//2597 1812//2597
f 1827//2598 1812//2598 1811//2598
f 1828//2599 1829//2599 1813//2599
f 1828//2600 1813//2600 1812//2600
f 1829//2601 1830//2601 1814//2601
f 1829//2602 1814//2602 1813//2602
f 1830//2603 1831//2603 1815//2603
f 1830//2604 1815//2604 1814//2604
f 1831//2605 1832//2605 1816//2605
f 1831//2606 1816//2606 1815//2606
f 1832//2607 1833//2607 1817//2607
f 1832//2608 1817//2608 1816//2608
f 1833//2609 1834//2609 1818//2609
f 1833//2610 1818//2610 1817//2610
f 1834//2611 1835//2611 1819//2611
f 1834//2612 1819//2612 1818//2612
f 1835//2613 1836//2613 1820//2613
f 1835//2614 1820//2614 1819//2614
f 1836//2615 1821//2615 1805//2615
f 1836//2616 1805//2616 1820//2616
f 1836//2617 1835//2617 1834//2617
f 1836//2618 1834//2618 1833//2618
f 1836//2619 1833//2619 1832//2619
f 1836//2620 1832//2620 1831//2620
f 1836//2621 1831//2621 1830//2621
f 1836//2622 1830//2622 1829//2622
f 1836//2623 1829//2623 1828//2623
f 1836//2624 1828//2624 1827//2624
f 1836//2625 1827//2625 1826//2625
f 1836//2626 1826//2626 1825//2626
f 1836//2627 1825//2627 1824//2627
f 1836//2628 1824//2628 1823//2628
f 1836//2629 1823//2629 1822//2629
f 1836//2630 1822//2630 1821//2630
f 1805//2631 1806//2631 1807//2631
f 1805//2632 1807//2632 1808//2632
f 1805//2633 1808//2633 1809//2633
f 1805//2634 1809//2634 1810//2634
f 1805//2635 1810//2635 1811//2635
f 1805//2636 1811//2636 1812//2636
f 1805//2637 1812//2637 1813//2637
f 1805//2638 1813//2638 1814//2638
f 1805//2639 1814//2639 1815//2639
f 1805//2640 1815//2640 1816//2640
f 1805//2641 1816//2641 1817//2641
f 1805//2642 1817//2642 1818//2642
f 1805//2643 1818//2643 1819//2643
f 1805//2644 1819//2644 1820//2644
usemtl Mat_DarkWood
f 1853//2645 1854//2645 1838//2645
f 1853//2646 1838//2646 1837//2646
f 1854//2647 1855//2647 1839//2647
f 1854//2648 1839//2648 1838//2648
f 1855//2649 1856//2649 1840//2649
f 1855//2650 1840//2650 1839//2650
f 1856//2651 1857//2651 1841//2651
f 1856//2652 1841//2652 1840//2652
f 1857//2653 1858//2653 1842//2653
f 1857//2654 1842//2654 1841//2654
f 1858//2655 1859//2655 1843//2655
f 1858//2656 1843//2656 1842//2656
f 1859//2657 1860//2657 1844//2657
f 1859//2658 1844//2658 1843//2658
f 1860//2659 1861//2659 1845//2659
f 1860//2660 1845//2660 1844//2660
f 1861//2661 1862//2661 1846//2661
f 1861//2662 1846//2662 1845//2662
f 1862//2663 1863//2663 1847//2663
f 1862//2664 1847//2664 1846//2664
f 1863//2665 1864//2665 1848//2665
f 1863//2666 1848//2666 1847//2666
f 1864//2667 1865//2667 1849//2667
f 1864//2668 1849//2668 1848//2668
f 1865//2669 1866//2669 1850//2669
f 1865//2670 1850//2670 1849//2670
f 1866//2671 1867//2671 1851//2671
f 1866//2672 1851//2672 1850//2672
f 1867//2673 1868//2673 1852//2673
f 1867//2674 1852//2674 1851//2674
f 1868//2675 1853//2675 1837//2675
f 1868//2676 1837//2676 1852//2676
f 1868//2677 1867//2677 1866//2677
f 1868//2678 1866//2678 1865//2678
f 1868//2679 1865//2679 1864//2679
f 1868//2680 1864//2680 1863//2680
f 1868//2681 1863//2681 1862//2681
f 1868//2682 1862//2682 1861//2682
f 1868//2683 1861//2683 1860//2683
f 1868//2684 1860//2684 1859//2684
f 1868//2685 1859//2685 1858//2685
f 1868//2686 1858//2686 1857//2686
f 1868//2687 1857//2687 1856//2687
f 1868//2688 1856//2688 1855//2688
f 1868//2689 1855//2689 1854//2689
f 1868//2690 1854//2690 1853//2690
usemtl Mat_Brass
f 1885//2691 1886//2691 1870//2691
f 1885//2692 1870//2692 1869//2692
f 1886//2693 1887//2693 1871//2693
f 1886//2694 1871//2694 1870//2694
f 1887//2695 1888//2695 1872//2695
f 1887//2696 1872//2696 1871//2696
f 1888//2697 1889//2697 1873//2697
f 1888//2698 1873//2698 1872//2698
f 1889//2699 1890//2699 1874//2699
f 1889//2700 1874//2700 1873//2700
f 1890//2701 1891//2701 1875//2701
f 1890//2702 1875//2702 1874//2702
f 1891//2703 1892//2703 1876//2703
f 1891//2704 1876//2704 1875//2704
f 1892//2705 1893//2705 1877//2705
f 1892//2706 1877//2706 1876//2706
f 1893//2707 1894//2707 1878//2707
f 1893//2708 1878//2708 1877//2708
f 1894//2709 1895//2709 1879//2709
f 1894//2710 1879//2710 1878//2710
f 1895//2711 1896//2711 1880//2711
f 1895//2712 1880//2712 1879//2712
f 1896//2713 1897//2713 1881//2713
f 1896//2714 1881//2714 1880//2714
f 1897//2715 1898//2715 1882//2715
f 1897//2716 1882//2716 1881//2716
f 1898//2717 1899//2717 1883//2717
f 1898//2718 1883//2718 1882//2718
f 1899//2719 1900//2719 1884//2719
f 1899//2720 1884//2720 1883//2720
f 1900//2721 1885//2721 1869//2721
f 1900//2722 1869//2722 1884//2722
f 1900//2723 1899//2723 1898//2723
f 1900//2724 1898//2724 1897//2724
f 1900//2725 1897//2725 1896//2725
f 1900//2726 1896//2726 1895//2726
f 1900//2727 1895//2727 1894//2727
f 1900//2728 1894//2728 1893//2728
f 1900//2729 1893//2729 1892//2729
f 1900//2730 1892//2730 1891//2730
f 1900//2731 1891//2731 1890//2731
f 1900//2732 1890//2732 1889//2732
f 1900//2733 1889//2733 1888//2733
f 1900//2734 1888//2734 1887//2734
f 1900//2735 1887//2735 1886//2735
f 1900//2736 1886//2736 1885//2736
f 1917//2737 1918//2737 1902//2737
f 1917//2738 1902//2738 1901//2738
f 1918//2739 1919//2739 1903//2739
f 1918//2740 1903//2740 1902//2740
f 1919//2741 1920//2741 1904//2741
f 1919//2742 1904//2742 1903//2742
f 1920//2743 1921//2743 1905//2743
f 1920//2744 1905//2744 1904//2744
f 1921//2745 1922//2745 1906//2745
f 1921//2746 1906//2746 1905//2746
f 1922//2747 1923//2747 1907//2747
f 1922//2748 1907//2748 1906//2748
f 1923//2749 1924//2749 1908//2749
f 1923//2750 1908//2750 1907//2750
f 1924//2751 1925//2751 1909//2751
f 1924//2752 1909//2752 1908//2752
f 1925//2753 1926//2753 1910//2753
f 1925//2754 1910//2754 1909//2754
f 1926//2755 1927//2755 1911//2755
f 1926//2756 1911//2756 1910//2756
f 1927//2757 1928//2757 1912//2757
f 1927//2758 1912//2758 1911//2758
f 1928//2759 1929//2759 1913//2759
f 1928//2760 1913//2760 1912//2760
f 1929//2761 1930//2761 1914//2761
f 1929//2762 1914//2762 1913//2762
f 1930//2763 1931//2763 1915//2763
f 1930//2764 1915//2764 1914//2764
f 1931//2765 1932//2765 1916//2765
f 1931//2766 1916//2766 1915//2766
f 1932//2767 1917//2767 1901//2767
f 1932//2768 1901//2768 1916//2768
f 1932//2769 1931//2769 1930//2769
f 1932//2770 1930//2770 1929//2770
f 1932//2771 1929//2771 1928//2771
f 1932//2772 1928//2772 1927//2772
f 1932//2773 1927//2773 1926//2773
f 1932//2774 1926//2774 1925//2774
f 1932//2775 1925//2775 1924//2775
f 1932//2776 1924//2776 1923//2776
f 1932//2777 1923//2777 1922//2777
f 1932//2778 1922//2778 1921//2778
f 1932//2779 1921//2779 1920//2779
f 1932//2780 1920//2780 1919//2780
f 1932//2781 1919//2781 1918//2781
f 1932//2782 1918//2782 1917//2782
f 1901//2783 1902//2783 1903//2783
f 1901//2784 1903//2784 1904//2784
f 1901//2785 1904//2785 1905//2785
f 1901//2786 1905//2786 1906//2786
f 1901//2787 1906//2787 1907//2787
f 1901//2788 1907//2788 1908//2788
f 1901//2789 1908//2789 1909//2789
f 1901//2790 1909//2790 1910//2790
f 1901//2791 1910//2791 1911//2791
f 1901//2792 1911//2792 1912//2792
f 1901//2793 1912//2793 1913//2793
f 1901//2794 1913//2794 1914//2794
f 1901//2795 1914//2795 1915//2795
f 1901//2796 1915//2796 1916//2796
usemtl Mat_DarkWood
f 1949//2797 1950//2797 1934//2797
f 1949//2798 1934//2798 1933//2798
f 1950//2799 1951//2799 1935//2799
f 1950//2800 1935//2800 1934//2800
f 1951//2801 1952//2801 1936//2801
f 1951//2802 1936//2802 1935//2802
f 1952//2803 1953//2803 1937//2803
f 1952//2804 1937//2804 1936//2804
f 1953//2805 1954//2805 1938//2805
f 1953//2806 1938//2806 1937//2806
f 1954//2807 1955//2807 1939//2807
f 1954//2808 1939//2808 1938//2808
f 1955//2809 1956//2809 1940//2809
f 1955//2810 1940//2810 1939//2810
f 1956//2811 1957//2811 1941//2811
f 1956//2812 1941//2812 1940//2812
f 1957//2813 1958//2813 1942//2813
f 1957//2814 1942//2814 1941//2814
f 1958//2815 1959//2815 1943//2815
f 1958//2816 1943//2816 1942//2816
f 1959//2817 1960//2817 1944//2817
f 1959//2818 1944//2818 1943//2818
f 1960//2819 1961//2819 1945//2819
f 1960//2820 1945//2820 1944//2820
f 1961//2821 1962//2821 1946//2821
f 1961//2822 1946//2822 1945//2822
f 1962//2823 1963//2823 1947//2823
f 1962//2824 1947//2824 1946//2824
f 1963//2825 1964//2825 1948//2825
f 1963//2826 1948//2826 1947//2826
f 1964//2827 1949//2827 1933//2827
f 1964//2828 1933//2828 1948//2828
f 1964//2829 1963//2829 1962//2829
f 1964//2830 1962//2830 1961//2830
f 1964//2831 1961//2831 1960//2831
f 1964//2832 1960//2832 1959//2832
f 1964//2833 1959//2833 1958//2833
f 1964//2834 1958//2834 1957//2834
f 1964//2835 1957//2835 1956//2835
f 1964//2836 1956//2836 1955//2836
f 1964//2837 1955//2837 1954//2837
f 1964//2838 1954//2838 1953//2838
f 1964//2839 1953//2839 1952//2839
f 1964//2840 1952//2840 1951//2840
f 1964//2841 1951//2841 1950//2841
f 1964//2842 1950//2842 1949//2842
usemtl Mat_Brass
f 1981//2843 1982//2843 1966//2843
f 1981//2844 1966//2844 1965//2844
f 1982//2845 1983//2845 1967//2845
f 1982//2846 1967//2846 1966//2846
f 1983//2847 1984//2847 1968//2847
f 1983//2848 1968//2848 1967//2848
f 1984//2849 1985//2849 1969//2849
f 1984//2850 1969//2850 1968//2850
f 1985//2851 1986//2851 1970//2851
f 1985//2852 1970//2852 1969//2852
f 1986//2853 1987//2853 1971//2853
f 1986//2854 1971//2854 1970//2854
f 1987//2855 1988//2855 1972//2855
f 1987//2856 1972//2856 1971//2856
f 1988//2857 1989//2857 1973//2857
f 1988//2858 1973//2858 1972//2858
f 1989//2859 1990//2859 1974//2859
f 1989//2860 1974//2860 1973//2860
f 1990//2861 1991//2861 1975//2861
f 1990//2862 1975//2862 1974//2862
f 1991//2863 1992//2863 1976//2863
f 1991//2864 1976//2864 1975//2864
f 1992//2865 1993//2865 1977//2865
f 1992//2866 1977//2866 1976//2866
f 1993//2867 1994//2867 1978//2867
f 1993//2868 1978//2868 1977//2868
f 1994//2869 1995//2869 1979//2869
f 1994//2870 1979//2870 1978//2870
f 1995//2871 1996//2871 1980//2871
f 1995//2872 1980//2872 1979//2872
f 1996//2873 1981//2873 1965//2873
f 1996//2874 1965//2874 1980//2874
f 1996//2875 1995//2875 1994//2875
f 1996//2876 1994//2876 1993//2876
f 1996//2877 1993//2877 1992//2877
f 1996//2878 1992//2878 1991//2878
f 1996//2879 1991//2879 1990//2879
f 1996//2880 1990//2880 1989//2880
f 1996//2881 1989//2881 1988//2881
f 1996//2882 1988//2882 1987//2882
f 1996//2883 1987//2883 1986//2883
f 1996//2884 1986//2884 1985//2884
f 1996//2885 1985//2885 1984//2885
f 1996//2886 1984//2886 1983//2886
f 1996//2887 1983//2887 1982//2887
f 1996//2888 1982//2888 1981//2888
f 2013//2889 2014//2889 1998//2889
f 2013//2890 1998//2890 1997//2890
f 2014//2891 2015//2891 1999//2891
f 2014//2892 1999//2892 1998//2892
f 2015//2893 2016//2893 2000//2893
f 2015//2894 2000//2894 1999//2894
f 2016//2895 2017//2895 2001//2895
f 2016//2896 2001//2896 2000//2896
f 2017//2897 2018//2897 2002//2897
f 2017//2898 2002//2898 2001//2898
f 2018//2899 2019//2899 2003//2899
f 2018//2900 2003//2900 2002//2900
f 2019//2901 2020//2901 2004//2901
f 2019//2902 2004//2902 2003//2902
f 2020//2903 2021//2903 2005//2903
f 2020//2904 2005//2904 2004//2904
f 2021//2905 2022//2905 2006//2905
f 2021//2906 2006//2906 2005//2906
f 2022//2907 2023//2907 2007//2907
f 2022//2908 2007//2908 2006//2908
f 2023//2909 2024//2909 2008//2909
f 2023//2910 2008//2910 2007//2910
f 2024//2911 2025//2911 2009//2911
f 2024//2912 2009//2912 2008//2912
f 2025//2913 2026//2913 2010//2913
f 2025//2914 2010//2914 2009//2914
f 2026//2915 2027//2915 2011//2915
f 2026//2916 2011//2916 2010//2916
f 2027//2917 2028//2917 2012//2917
f 2027//2918 2012//2918 2011//2918
f 2028//2919 2013//2919 1997//2919
f 2028//2920 1997//2920 2012//2920
f 2028//2921 2027//2921 2026//2921
f 2028//2922 2026//2922 2025//2922
f 2028//2923 2025//2923 2024//2923
f 2028//2924 2024//2924 2023//2924
f 2028//2925 2023//2925 2022//2925
f 2028//2926 2022//2926 2021//2926
f 2028//2927 2021//2927 2020//2927
f 2028//2928 2020//2928 2019//2928
f 2028//2929 2019//2929 2018//2929
f 2028//2930 2018//2930 2017//2930
f 2028//2931 2017//2931 2016//2931
f 2028//2932 2016//2932 2015//2932
f 2028//2933 2015//2933 2014//2933
f 2028//2934 2014//2934 2013//2934
f 1997//2935 1998//2935 1999//2935
f 1997//2936 1999//2936 2000//2936
f 1997//2937 2000//2937 2001//2937
f 1997//2938 2001//2938 2002//2938
f 1997//2939 2002//2939 2003//2939
f 1997//2940 2003//2940 2004//2940
f 1997//2941 2004//2941 2005//2941
f 1997//2942 2005//2942 2006//2942
f 1997//2943 2006//2943 2007//2943
f 1997//2944 2007//2944 2008//2944
f 1997//2945 2008//2945 2009//2945
f 1997//2946 2009//2946 2010//2946
f 1997//2947 2010//2947 2011//2947
f 1997//2948 2011//2948 2012//2948
usemtl Mat_DarkWood
f 2045//2949 2046//2949 2030//2949
f 2045//2950 2030//2950 2029//2950
f 2046//2951 2047//2951 2031//2951
f 2046//2952 2031//2952 2030//2952
f 2047//2953 2048//2953 2032//2953
f 2047//2954 2032//2954 2031//2954
f 2048//2955 2049//2955 2033//2955
f 2048//2956 2033//2956 2032//2956
f 2049//2957 2050//2957 2034//2957
f 2049//2958 2034//2958 2033//2958
f 2050//2959 2051//2959 2035//2959
f 2050//2960 2035//2960 2034//2960
f 2051//2961 2052//2961 2036//2961
f 2051//2962 2036//2962 2035//2962
f 2052//2963 2053//2963 2037//2963
f 2052//2964 2037//2964 2036//2964
f 2053//2965 2054//2965 2038//2965
f 2053//2966 2038//2966 2037//2966
f 2054//2967 2055//2967 2039//2967
f 2054//2968 2039//2968 2038//2968
f 2055//2969 2056//2969 2040//2969
f 2055//2970 2040//2970 2039//2970
f 2056//2971 2057//2971 2041//2971
f 2056//2972 2041//2972 2040//2972
f 2057//2973 2058//2973 2042//2973
f 2057//2974 2042//2974 2041//2974
f 2058//2975 2059//2975 2043//2975
f 2058//2976 2043//2976 2042//2976
f 2059//2977 2060//2977 2044//2977
f 2059//2978 2044//2978 2043//2978
f 2060//2979 2045//2979 2029//2979
f 2060//2980 2029//2980 2044//2980
f 2060//2981 2059//2981 2058//2981
f 2060//2982 2058//2982 2057//2982
f 2060//2983 2057//2983 2056//2983
f 2060//2984 2056//2984 2055//2984
f 2060//2985 2055//2985 2054//2985
f 2060//2986 2054//2986 2053//2986
f 2060//2987 2053//2987 2052//2987
f 2060//2988 2052//2988 2051//2988
f 2060//2989 2051//2989 2050//2989
f 2060//2990 2050//2990 2049//2990
f 2060//2991 2049//2991 2048//2991
f 2060//2992 2048//2992 2047//2992
f 2060//2993 2047//2993 2046//2993
f 2060//2994 2046//2994 2045//2994
usemtl Mat_Brass
f 2077//2995 2078//2995 2062//2995
f 2077//2996 2062//2996 2061//2996
f 2078//2997 2079//2997 2063//2997
f 2078//2998 2063//2998 2062//2998
f 2079//2999 2080//2999 2064//2999
f 2079//3000 2064//3000 2063//3000
f 2080//3001 2081//3001 2065//3001
f 2080//3002 2065//3002 2064//3002
f 2081//3003 2082//3003 2066//3003
f 2081//3004 2066//3004 2065//3004
f 2082//3005 2083//3005 2067//3005
f 2082//3006 2067//3006 2066//3006
f 2083//3007 2084//3007 2068//3007
f 2083//3008 2068//3008 2067//3008
f 2084//3009 2085//3009 2069//3009
f 2084//3010 2069//3010 2068//3010
f 2085//3011 2086//3011 2070//3011
f 2085//3012 2070//3012 2069//3012
f 2086//3013 2087//3013 2071//3013
f 2086//3014 2071//3014 2070//3014
f 2087//3015 2088//3015 2072//3015
f 2087//3016 2072//3016 2071//3016
f 2088//3017 2089//3017 2073//3017
f 2088//3018 2073//3018 2072//3018
f 2089//3019 2090//3019 2074//3019
f 2089//3020 2074//3020 2073//3020
f 2090//3021 2091//3021 2075//3021
f 2090//3022 2075//3022 2074//3022
f 2091//3023 2092//3023 2076//3023
f 2091//3024 2076//3024 2075//3024
f 2092//3025 2077//3025 2061//3025
f 2092//3026 2061//3026 2076//3026
f 2092//3027 2091//3027 2090//3027
f 2092//3028 2090//3028 2089//3028
f 2092//3029 2089//3029 2088//3029
f 2092//3030 2088//3030 2087//3030
f 2092//3031 2087//3031 2086//3031
f 2092//3032 2086//3032 2085//3032
f 2092//3033 2085//3033 2084//3033
f 2092//3034 2084//3034 2083//3034
f 2092//3035 2083//3035 2082//3035
f 2092//3036 2082//3036 2081//3036
f 2092//3037 2081//3037 2080//3037
f 2092//3038 2080//3038 2079//3038
f 2092//3039 2079//3039 2078//3039
f 2092//3040 2078//3040 2077//3040
f 2109//3041 2110//3041 2094//3041
f 2109//3042 2094//3042 2093//3042
f 2110//3043 2111//3043 2095//3043
f 2110//3044 2095//3044 2094//3044
f 2111//3045 2112//3045 2096//3045
f 2111//3046 2096//3046 2095//3046
f 2112//3047 2113//3047 2097//3047
f 2112//3048 2097//3048 2096//3048
f 2113//3049 2114//3049 2098//3049
f 2113//3050 2098//3050 2097//3050
f 2114//3051 2115//3051 2099//3051
f 2114//3052 2099//3052 2098//3052
f 2115//3053 2116//3053 2100//3053
f 2115//3054 2100//3054 2099//3054
f 2116//3055 2117//3055 2101//3055
f 2116//3056 2101//3056 2100//3056
f 2117//3057 2118//3057 2102//3057
f 2117//3058 2102//3058 2101//3058
f 2118//3059 2119//3059 2103//3059
f 2118//3060 2103//3060 2102//3060
f 2119//3061 2120//3061 2104//3061
f 2119//3062 2104//3062 2103//3062
f 2120//3063 2121//3063 2105//3063
f 2120//3064 2105//3064 2104//3064
f 2121//3065 2122//3065 2106//3065
f 2121//3066 2106//3066 2105//3066
f 2122//3067 2123//3067 2107//3067
f 2122//3068 2107//3068 2106//3068
f 2123//3069 2124//3069 2108//3069
f 2123//3070 2108//3070 2107//3070
f 2124//3071 2109//3071 2093//3071
f 2124//3072 2093//3072 2108//3072
f 2124//3073 2123//3073 2122//3073
f 2124//3074 2122//3074 2121//3074
f 2124//3075 2121//3075 2120//3075
f 2124//3076 2120//3076 2119//3076
f 2124//3077 2119//3077 2118//3077
f 2124//3078 2118//3078 2117//3078
f 2124//3079 2117//3079 2116//3079
f 2124//3080 2116//3080 2115//3080
f 2124//3081 2115//3081 2114//3081
f 2124//3082 2114//3082 2113//3082
f 2124//3083 2113//3083 2112//3083
f 2124//3084 2112//3084 2111//3084
f 2124//3085 2111//3085 2110//3085
f 2124//3086 2110//3086 2109//3086
f 2093//3087 2094//3087 2095//3087
f 2093//3088 2095//3088 2096//3088
f 2093//3089 2096//3089 2097//3089
f 2093//3090 2097//3090 2098//3090
f 2093//3091 2098//3091 2099//3091
f 2093//3092 2099//3092 2100//3092
f 2093//3093 2100//3093 2101//3093
f 2093//3094 2101//3094 2102//3094
f 2093//3095 2102//3095 2103//3095
f 2093//3096 2103//3096 2104//3096
f 2093//3097 2104//3097 2105//3097
f 2093//3098 2105//3098 2106//3098
f 2093//3099 2106//3099 2107//3099
f 2093//3100 2107//3100 2108//3100
usemtl Mat_DarkWood
f 2141//3101 2142//3101 2126//3101
f 2141//3102 2126//3102 2125//3102
f 2142//3103 2143//3103 2127//3103
f 2142//3104 2127//3104 2126//3104
f 2143//3105 2144//3105 2128//3105
f 2143//3106 2128//3106 2127//3106
f 2144//3107 2145//3107 2129//3107
f 2144//3108 2129//3108 2128//3108
f 2145//3109 2146//3109 2130//3109
f 2145//3110 2130//3110 2129//3110
f 2146//3111 2147//3111 2131//3111
f 2146//3112 2131//3112 2130//3112
f 2147//3113 2148//3113 2132//3113
f 2147//3114 2132//3114 2131//3114
f 2148//3115 2149//3115 2133//3115
f 2148//3116 2133//3116 2132//3116
f 2149//3117 2150//3117 2134//3117
f 2149//3118 2134//3118 2133//3118
f 2150//3119 2151//3119 2135//3119
f 2150//3120 2135//3120 2134//3120
f 2151//3121 2152//3121 2136//3121
f 2151//3122 2136//3122 2135//3122
f 2152//3123 2153//3123 2137//3123
f 2152//3124 2137//3124 2136//3124
f 2153//3125 2154//3125 2138//3125
f 2153//3126 2138//3126 2137//3126
f 2154//3127 2155//3127 2139//3127
f 2154//3128 2139//3128 2138//3128
f 2155//3129 2156//3129 2140//3129
f 2155//3130 2140//3130 2139//3130
f 2156//3131 2141//3131 2125//3131
f 2156//3132 2125//3132 2140//3132
f 2156//3133 2155//3133 2154//3133
f 2156//3134 2154//3134 2153//3134
f 2156//3135 2153//3135 2152//3135
f 2156//3136 2152//3136 2151//3136
f 2156//3137 2151//3137 2150//3137
f 2156//3138 2150//3138 2149//3138
f 2156//3139 2149//3139 2148//3139
f 2156//3140 2148//3140 2147//3140
f 2156//3141 2147//3141 2146//3141
f 2156//3142 2146//3142 2145//3142
f 2156//3143 2145//3143 2144//3143
f 2156//3144 2144//3144 2143//3144
f 2156//3145 2143//3145 2142//3145
f 2156//3146 2142//3146 2141//3146
usemtl Mat_Brass
f 2173//3147 2174//3147 2158//3147
f 2173//3148 2158//3148 2157//3148
f 2174//3149 2175//3149 2159//3149
f 2174//3150 2159//3150 2158//3150
f 2175//3151 2176//3151 2160//3151
f 2175//3152 2160//3152 2159//3152
f 2176//3153 2177//3153 2161//3153
f 2176//3154 2161//3154 2160//3154
f 2177//3155 2178//3155 2162//3155
f 2177//3156 2162//3156 2161//3156
f 2178//3157 2179//3157 2163//3157
f 2178//3158 2163//3158 2162//3158
f 2179//3159 2180//3159 2164//3159
f 2179//3160 2164//3160 2163//3160
f 2180//3161 2181//3161 2165//3161
f 2180//3162 2165//3162 2164//3162
f 2181//3163 2182//3163 2166//3163
f 2181//3164 2166//3164 2165//3164
f 2182//3165 2183//3165 2167//3165
f 2182//3166 2167//3166 2166//3166
f 2183//3167 2184//3167 2168//3167
f 2183//3168 2168//3168 2167//3168
f 2184//3169 2185//3169 2169//3169
f 2184//3170 2169//3170 2168//3170
f 2185//3171 2186//3171 2170//3171
f 2185//3172 2170//3172 2169//3172
f 2186//3173 2187//3173 2171//3173
f 2186//3174 2171//3174 2170//3174
f 2187//3175 2188//3175 2172//3175
f 2187//3176 2172//3176 2171//3176
f 2188//3177 2173//3177 2157//3177
f 2188//3178 2157//3178 2172//3178
f 2188//3179 2187//3179 2186//3179
f 2188//3180 2186//3180 2185//3180
f 2188//3181 2185//3181 2184//3181
f 2188//3182 2184//3182 2183//3182
f 2188//3183 2183//3183 2182//3183
f 2188//3184 2182//3184 2181//3184
f 2188//3185 2181//3185 2180//3185
f 2188//3186 2180//3186 2179//3186
f 2188//3187 2179//3187 2178//3187
f 2188//3188 2178//3188 2177//3188
f 2188//3189 2177//3189 2176//3189
f 2188//3190 2176//3190 2175//3190
f 2188//3191 2175//3191 2174//3191
f 2188//3192 2174//3192 2173//3192
usemtl Mat_DarkMetal
f 2196//3193 2195//3193 2194//3193
f 2196//3194 2194//3194 2193//3194
f 2193//3195 2194//3195 2190//3195
f 2193//3196 2190//3196 2189//3196
f 2194//3197 2195//3197 2191//3197
f 2194//3198 2191//3198 2190//3198
f 2195//3199 2196//3199 2192//3199
f 2195//3200 2192//3200 2191//3200
f 2196//3201 2193//3201 2189//3201
f 2196//3202 2189//3202 2192//3202
f 2190//3203 2191//3203 2192//3203
f 2190//3204 2192//3204 2189//3204
f 2203//3205 2204//3205 2198//3205
f 2203//3206 2198//3206 2197//3206
f 2204//3207 2205//3207 2199//3207
f 2204//3208 2199//3208 2198//3208
f 2205//3209 2206//3209 2200//3209
f 2205//3210 2200//3210 2199//3210
f 2206//3211 2207//3211 2201//3211
f 2206//3212 2201//3212 2200//3212
f 2207//3213 2208//3213 2202//3213
f 2207//3214 2202//3214 2201//3214
f 2208//3215 2203//3215 2197//3215
f 2208//3216 2197//3216 2202//3216
f 2208//3217 2207//3217 2206//3217
f 2208//3218 2206//3218 2205//3218
f 2208//3219 2205//3219 2204//3219
f 2208//3220 2204//3220 2203//3220
f 2197//3221 2198//3221 2199//3221
f 2197//3222 2199//3222 2200//3222
f 2197//3223 2200//3223 2201//3223
f 2197//3224 2201//3224 2202//3224
usemtl Mat_Metal
f 2225//3225 2226//3225 2210//3225
f 2225//3226 2210//3226 2209//3226
f 2226//3227 2227//3227 2211//3227
f 2226//3228 2211//3228 2210//3228
f 2227//3229 2228//3229 2212//3229
f 2227//3230 2212//3230 2211//3230
f 2228//3231 2229//3231 2213//3231
f 2228//3232 2213//3232 2212//3232
f 2229//3233 2230//3233 2214//3233
f 2229//3234 2214//3234 2213//3234
f 2230//3235 2231//3235 2215//3235
f 2230//3236 2215//3236 2214//3236
f 2231//3237 2232//3237 2216//3237
f 2231//3238 2216//3238 2215//3238
f 2232//3239 2233//3239 2217//3239
f 2232//3240 2217//3240 2216//3240
f 2233//3241 2234//3241 2218//3241
f 2233//3242 2218//3242 2217//3242
f 2234//3243 2235//3243 2219//3243
f 2234//3244 2219//3244 2218//3244
f 2235//3245 2236//3245 2220//3245
f 2235//3246 2220//3246 2219//3246
f 2236//3247 2237//3247 2221//3247
f 2236//3248 2221//3248 2220//3248
f 2237//3249 2238//3249 2222//3249
f 2237//3250 2222//3250 2221//3250
f 2238//3251 2239//3251 2223//3251
f 2238//3252 2223//3252 2222//3252
f 2239//3253 2240//3253 2224//3253
f 2239//3254 2224//3254 2223//3254
f 2240//3255 2225//3255 2209//3255
f 2240//3256 2209//3256 2224//3256
f 2240//3257 2239//3257 2238//3257
f 2240//3258 2238//3258 2237//3258
f 2240//3259 2237//3259 2236//3259
f 2240//3260 2236//3260 2235//3260
f 2240//3261 2235//3261 2234//3261
f 2240//3262 2234//3262 2233//3262
f 2240//3263 2233//3263 2232//3263
f 2240//3264 2232//3264 2231//3264
f 2240//3265 2231//3265 2230//3265
f 2240//3266 2230//3266 2229//3266
f 2240//3267 2229//3267 2228//3267
f 2240//3268 2228//3268 2227//3268
f 2240//3269 2227//3269 2226//3269
f 2240//3270 2226//3270 2225//3270
usemtl Mat_Void
f 2257//3271 2258//3271 2242//3271
f 2257//3272 2242//3272 2241//3272
f 2258//3273 2259//3273 2243//3273
f 2258//3274 2243//3274 2242//3274
f 2259//3275 2260//3275 2244//3275
f 2259//3276 2244//3276 2243//3276
f 2260//3277 2261//3277 2245//3277
f 2260//3278 2245//3278 2244//3278
f 2261//3279 2262//3279 2246//3279
f 2261//3280 2246//3280 2245//3280
f 2262//3281 2263//3281 2247//3281
f 2262//3282 2247//3282 2246//3282
f 2263//3283 2264//3283 2248//3283
f 2263//3284 2248//3284 2247//3284
f 2264//3285 2265//3285 2249//3285
f 2264//3286 2249//3286 2248//3286
f 2265//3287 2266//3287 2250//3287
f 2265//3288 2250//3288 2249//3288
f 2266//3289 2267//3289 2251//3289
f 2266//3290 2251//3290 2250//3290
f 2267//3291 2268//3291 2252//3291
f 2267//3292 2252//3292 2251//3292
f 2268//3293 2269//3293 2253//3293
f 2268//3294 2253//3294 2252//3294
f 2269//3295 2270//3295 2254//3295
f 2269//3296 2254//3296 2253//3296
f 2270//3297 2271//3297 2255//3297
f 2270//3298 2255//3298 2254//3298
f 2271//3299 2272//3299 2256//3299
f 2271//3300 2256//3300 2255//3300
f 2272//3301 2257//3301 2241//3301
f 2272//3302 2241//3302 2256//3302
f 2272//3303 2271//3303 2270//3303
f 2272//3304 2270//3304 2269//3304
f 2272//3305 2269//3305 2268//3305
f 2272//3306 2268//3306 2267//3306
f 2272//3307 2267//3307 2266//3307
f 2272//3308 2266//3308 2265//3308
f 2272//3309 2265//3309 2264//3309
f 2272//3310 2264//3310 2263//3310
f 2272//3311 2263//3311 2262//3311
f 2272//3312 2262//3312 2261//3312
f 2272//3313 2261//3313 2260//3313
f 2272//3314 2260//3314 2259//3314
f 2272//3315 2259//3315 2258//3315
f 2272//3316 2258//3316 2257//3316
usemtl Mat_Brass
f 2279//3317 2280//3317 2274//3317
f 2279//3318 2274//3318 2273//3318
f 2280//3319 2281//3319 2275//3319
f 2280//3320 2275//3320 2274//3320
f 2281//3321 2282//3321 2276//3321
f 2281//3322 2276//3322 2275//3322
f 2282//3323 2283//3323 2277//3323
f 2282//3324 2277//3324 2276//3324
f 2283//3325 2284//3325 2278//3325
f 2283//3326 2278//3326 2277//3326
f 2284//3327 2279//3327 2273//3327
f 2284//3328 2273//3328 2278//3328
f 2284//3329 2283//3329 2282//3329
f 2284//3330 2282//3330 2281//3330
f 2284//3331 2281//3331 2280//3331
f 2284//3332 2280//3332 2279//3332
f 2291//3333 2292//3333 2286//3333
f 2291//3334 2286//3334 2285//3334
f 2292//3335 2293//3335 2287//3335
f 2292//3336 2287//3336 2286//3336
f 2293//3337 2294//3337 2288//3337
f 2293//3338 2288//3338 2287//3338
f 2294//3339 2295//3339 2289//3339
f 2294//3340 2289//3340 2288//3340
f 2295//3341 2296//3341 2290//3341
f 2295//3342 2290//3342 2289//3342
f 2296//3343 2291//3343 2285//3343
f 2296//3344 2285//3344 2290//3344
f 2296//3345 2295//3345 2294//3345
f 2296//3346 2294//3346 2293//3346
f 2296//3347 2293//3347 2292//3347
f 2296//3348 2292//3348 2291//3348
f 2303//3349 2304//3349 2298//3349
f 2303//3350 2298//3350 2297//3350
f 2304//3351 2305//3351 2299//3351
f 2304//3352 2299//3352 2298//3352
f 2305//3353 2306//3353 2300//3353
f 2305//3354 2300//3354 2299//3354
f 2306//3355 2307//3355 2301//3355
f 2306//3356 2301//3356 2300//3356
f 2307//3357 2308//3357 2302//3357
f 2307//3358 2302//3358 2301//3358
f 2308//3359 2303//3359 2297//3359
f 2308//3360 2297//3360 2302//3360
f 2308//3361 2307//3361 2306//3361
f 2308//3362 2306//3362 2305//3362
f 2308//3363 2305//3363 2304//3363
f 2308//3364 2304//3364 2303//3364
f 2315//3365 2316//3365 2310//3365
f 2315//3366 2310//3366 2309//3366
f 2316//3367 2317//3367 2311//3367
f 2316//3368 2311//3368 2310//3368
f 2317//3369 2318//3369 2312//3369
f 2317//3370 2312//3370 2311//3370
f 2318//3371 2319//3371 2313//3371
f 2318//3372 2313//3372 2312//3372
f 2319//3373 2320//3373 2314//3373
f 2319//3374 2314//3374 2313//3374
f 2320//3375 2315//3375 2309//3375
f 2320//3376 2309//3376 2314//3376
f 2320//3377 2319//3377 2318//3377
f 2320//3378 2318//3378 2317//3378
f 2320//3379 2317//3379 2316//3379
f 2320//3380 2316//3380 2315//3380
f 2327//3381 2328//3381 2322//3381
f 2327//3382 2322//3382 2321//3382
f 2328//3383 2329//3383 2323//3383
f 2328//3384 2323//3384 2322//3384
f 2329//3385 2330//3385 2324//3385
f 2329//3386 2324//3386 2323//3386
f 2330//3387 2331//3387 2325//3387
f 2330//3388 2325//3388 2324//3388
f 2331//3389 2332//3389 2326//3389
f 2331//3390 2326//3390 2325//3390
f 2332//3391 2327//3391 2321//3391
f 2332//3392 2321//3392 2326//3392
f 2332//3393 2331//3393 2330//3393
f 2332//3394 2330//3394 2329//3394
f 2332//3395 2329//3395 2328//3395
f 2332//3396 2328//3396 2327//3396
f 2339//3397 2340//3397 2334//3397
f 2339//3398 2334//3398 2333//3398
f 2340//3399 2341//3399 2335//3399
f 2340//3400 2335//3400 2334//3400
f 2341//3401 2342//3401 2336//3401
f 2341//3402 2336//3402 2335//3402
f 2342//3403 2343//3403 2337//3403
f 2342//3404 2337//3404 2336//3404
f 2343//3405 2344//3405 2338//3405
f 2343//3406 2338//3406 2337//3406
f 2344//3407 2339//3407 2333//3407
f 2344//3408 2333//3408 2338//3408
f 2344//3409 2343//3409 2342//3409
f 2344//3410 2342//3410 2341//3410
f 2344//3411 2341//3411 2340//3411
f 2344//3412 2340//3412 2339//3412
f 2351//3413 2352//3413 2346//3413
f 2351//3414 2346//3414 2345//3414
f 2352//3415 2353//3415 2347//3415
f 2352//3416 2347//3416 2346//3416
f 2353//3417 2354//3417 2348//3417
f 2353//3418 2348//3418 2347//3418
f 2354//3419 2355//3419 2349//3419
f 2354//3420 2349//3420 2348//3420
f 2355//3421 2356//3421 2350//3421
f 2355//3422 2350//3422 2349//3422
f 2356//3423 2351//3423 2345//3423
f 2356//3424 2345//3424 2350//3424
f 2356//3425 2355//3425 2354//3425
f 2356//3426 2354//3426 2353//3426
f 2356//3427 2353//3427 2352//3427
f 2356//3428 2352//3428 2351//3428
f 2363//3429 2364//3429 2358//3429
f 2363//3430 2358//3430 2357//3430
f 2364//3431 2365//3431 2359//3431
f 2364//3432 2359//3432 2358//3432
f 2365//3433 2366//3433 2360//3433
f 2365//3434 2360//3434 2359//3434
f 2366//3435 2367//3435 2361//3435
f 2366//3436 2361//3436 2360//3436
f 2367//3437 2368//3437 2362//3437
f 2367//3438 2362//3438 2361//3438
f 2368//3439 2363//3439 2357//3439
f 2368//3440 2357//3440 2362//3440
f 2368//3441 2367//3441 2366//3441
f 2368//3442 2366//3442 2365//3442
f 2368//3443 2365//3443 2364//3443
f 2368//3444 2364//3444 2363//3444
f 2375//3445 2376//3445 2370//3445
f 2375//3446 2370//3446 2369//3446
f 2376//3447 2377//3447 2371//3447
f 2376//3448 2371//3448 2370//3448
f 2377//3449 2378//3449 2372//3449
f 2377//3450 2372//3450 2371//3450
f 2378//3451 2379//3451 2373//3451
f 2378//3452 2373//3452 2372//3452
f 2379//3453 2380//3453 2374//3453
f 2379//3454 2374//3454 2373//3454
f 2380//3455 2375//3455 2369//3455
f 2380//3456 2369//3456 2374//3456
f 2380//3457 2379//3457 2378//3457
f 2380//3458 2378//3458 2377//3458
f 2380//3459 2377//3459 2376//3459
f 2380//3460 2376//3460 2375//3460
f 2387//3461 2388//3461 2382//3461
f 2387//3462 2382//3462 2381//3462
f 2388//3463 2389//3463 2383//3463
f 2388//3464 2383//3464 2382//3464
f 2389//3465 2390//3465 2384//3465
f 2389//3466 2384//3466 2383//3466
f 2390//3467 2391//3467 2385//3467
f 2390//3468 2385//3468 2384//3468
f 2391//3469 2392//3469 2386//3469
f 2391//3470 2386//3470 2385//3470
f 2392//3471 2387//3471 2381//3471
f 2392//3472 2381//3472 2386//3472
f 2392//3473 2391//3473 2390//3473
f 2392//3474 2390//3474 2389//3474
f 2392//3475 2389//3475 2388//3475
f 2392//3476 2388//3476 2387//3476
f 2399//3477 2400//3477 2394//3477
f 2399//3478 2394//3478 2393//3478
f 2400//3479 2401//3479 2395//3479
f 2400//3480 2395//3480 2394//3480
f 2401//3481 2402//3481 2396//3481
f 2401//3482 2396//3482 2395//3482
f 2402//3483 2403//3483 2397//3483
f 2402//3484 2397//3484 2396//3484
f 2403//3485 2404//3485 2398//3485
f 2403//3486 2398//3486 2397//3486
f 2404//3487 2399//3487 2393//3487
f 2404//3488 2393//3488 2398//3488
f 2404//3489 2403//3489 2402//3489
f 2404//3490 2402//3490 2401//3490
f 2404//3491 2401//3491 2400//3491
f 2404//3492 2400//3492 2399//3492
f 2411//3493 2412//3493 2406//3493
f 2411//3494 2406//3494 2405//3494
f 2412//3495 2413//3495 2407//3495
f 2412//3496 2407//3496 2406//3496
f 2413//3497 2414//3497 2408//3497
f 2413//3498 2408//3498 2407//3498
f 2414//3499 2415//3499 2409//3499
f 2414//3500 2409//3500 2408//3500
f 2415//3501 2416//3501 2410//3501
f 2415//3502 2410//3502 2409//3502
f 2416//3503 2411//3503 2405//3503
f 2416//3504 2405//3504 2410//3504
f 2416//3505 2415//3505 2414//3505
f 2416//3506 2414//3506 2413//3506
f 2416//3507 2413//3507 2412//3507
f 2416//3508 2412//3508 2411//3508
f 2423//3509 2424//3509 2418//3509
f 2423//3510 2418//3510 2417//3510
f 2424//3511 2425//3511 2419//3511
f 2424//3512 2419//3512 2418//3512
f 2425//3513 2426//3513 2420//3513
f 2425//3514 2420//3514 2419//3514
f 2426//3515 2427//3515 2421//3515
f 2426//3516 2421//3516 2420//3516
f 2427//3517 2428//3517 2422//3517
f 2427//3518 2422//3518 2421//3518
f 2428//3519 2423//3519 2417//3519
f 2428//3520 2417//3520 2422//3520
f 2428//3521 2427//3521 2426//3521
f 2428//3522 2426//3522 2425//3522
f 2428//3523 2425//3523 2424//3523
f 2428//3524 2424//3524 2423//3524
f 2435//3525 2436//3525 2430//3525
f 2435//3526 2430//3526 2429//3526
f 2436//3527 2437//3527 2431//3527
f 2436//3528 2431//3528 2430//3528
f 2437//3529 2438//3529 2432//3529
f 2437//3530 2432//3530 2431//3530
f 2438//3531 2439//3531 2433//3531
f 2438//3532 2433//3532 2432//3532
f 2439//3533 2440//3533 2434//3533
f 2439//3534 2434//3534 2433//3534
f 2440//3535 2435//3535 2429//3535
f 2440//3536 2429//3536 2434//3536
f 2440//3537 2439//3537 2438//3537
f 2440//3538 2438//3538 2437//3538
f 2440//3539 2437//3539 2436//3539
f 2440//3540 2436//3540 2435//3540
f 2447//3541 2448//3541 2442//3541
f 2447//3542 2442//3542 2441//3542
f 2448//3543 2449//3543 2443//3543
f 2448//3544 2443//3544 2442//3544
f 2449//3545 2450//3545 2444//3545
f 2449//3546 2444//3546 2443//3546
f 2450//3547 2451//3547 2445//3547
f 2450//3548 2445//3548 2444//3548
f 2451//3549 2452//3549 2446//3549
f 2451//3550 2446//3550 2445//3550
f 2452//3551 2447//3551 2441//3551
f 2452//3552 2441//3552 2446//3552
f 2452//3553 2451//3553 2450//3553
f 2452//3554 2450//3554 2449//3554
f 2452//3555 2449//3555 2448//3555
f 2452//3556 2448//3556 2447//3556
f 2459//3557 2460//3557 2454//3557
f 2459//3558 2454//3558 2453//3558
f 2460//3559 2461//3559 2455//3559
f 2460//3560 2455//3560 2454//3560
f 2461//3561 2462//3561 2456//3561
f 2461//3562 2456//3562 2455//3562
f 2462//3563 2463//3563 2457//3563
f 2462//3564 2457//3564 2456//3564
f 2463//3565 2464//3565 2458//3565
f 2463//3566 2458//3566 2457//3566
f 2464//3567 2459//3567 2453//3567
f 2464//3568 2453//3568 2458//3568
f 2464//3569 2463//3569 2462//3569
f 2464//3570 2462//3570 2461//3570
f 2464//3571 2461//3571 2460//3571
f 2464//3572 2460//3572 2459//3572
usemtl Mat_DarkMetal
f 2473//3573 2474//3573 2466//3573
f 2473//3574 2466//3574 2465//3574
f 2474//3575 2475//3575 2467//3575
f 2474//3576 2467//3576 2466//3576
f 2475//3577 2476//3577 2468//3577
f 2475//3578 2468//3578 2467//3578
f 2476//3579 2477//3579 2469//3579
f 2476//3580 2469//3580 2468//3580
f 2477//3581 2478//3581 2470//3581
f 2477//3582 2470//3582 2469//3582
f 2478//3583 2479//3583 2471//3583
f 2478//3584 2471//3584 2470//3584
f 2479//3585 2480//3585 2472//3585
f 2479//3586 2472//3586 2471//3586
f 2480//3587 2473//3587 2465//3587
f 2480//3588 2465//3588 2472//3588
f 2480//3589 2479//3589 2478//3589
f 2480//3590 2478//3590 2477//3590
f 2480//3591 2477//3591 2476//3591
f 2480//3592 2476//3592 2475//3592
f 2480//3593 2475//3593 2474//3593
f 2480//3594 2474//3594 2473//3594
f 2465//3595 2466//3595 2467//3595
f 2465//3596 2467//3596 2468//3596
f 2465//3597 2468//3597 2469//3597
f 2465//3598 2469//3598 2470//3598
f 2465//3599 2470//3599 2471//3599
f 2465//3600 2471//3600 2472//3600
f 2489//3601 2490//3601 2482//3601
f 2489//3602 2482//3602 2481//3602
f 2490//3603 2491//3603 2483//3603
f 2490//3604 2483//3604 2482//3604
f 2491//3605 2492//3605 2484//3605
f 2491//3606 2484//3606 2483//3606
f 2492//3607 2493//3607 2485//3607
f 2492//3608 2485//3608 2484//3608
f 2493//3609 2494//3609 2486//3609
f 2493//3610 2486//3610 2485//3610
f 2494//3611 2495//3611 2487//3611
f 2494//3612 2487//3612 2486//3612
f 2495//3613 2496//3613 2488//3613
f 2495//3614 2488//3614 2487//3614
f 2496//3615 2489//3615 2481//3615
f 2496//3616 2481//3616 2488//3616
f 2496//3617 2495//3617 2494//3617
f 2496//3618 2494//3618 2493//3618
f 2496//3619 2493//3619 2492//3619
f 2496//3620 2492//3620 2491//3620
f 2496//3621 2491//3621 2490//3621
f 2496//3622 2490//3622 2489//3622
f 2481//3623 2482//3623 2483//3623
f 2481//3624 2483//3624 2484//3624
f 2481//3625 2484//3625 2485//3625
f 2481//3626 2485//3626 2486//3626
f 2481//3627 2486//3627 2487//3627
f 2481//3628 2487//3628 2488//3628
usemtl Mat_Brass
f 2504//3629 2503//3629 2502//3629
f 2504//3630 2502//3630 2501//3630
f 2501//3631 2502//3631 2498//3631
f 2501//3632 2498//3632 2497//3632
f 2502//3633 2503//3633 2499//3633
f 2502//3634 2499//3634 2498//3634
f 2503//3635 2504//3635 2500//3635
f 2503//3636 2500//3636 2499//3636
f 2504//3637 2501//3637 2497//3637
f 2504//3638 2497//3638 2500//3638
f 2498//3639 2499//3639 2500//3639
f 2498//3640 2500//3640 2497//3640
usemtl Mat_Metal
f 2512//3641 2511//3641 2510//3641
f 2512//3642 2510//3642 2509//3642
f 2509//3643 2510//3643 2506//3643
f 2509//3644 2506//3644 2505//3644
f 2510//3645 2511//3645 2507//3645
f 2510//3646 2507//3646 2506//3646
f 2511//3647 2512//3647 2508//3647
f 2511//3648 2508//3648 2507//3648
f 2512//3649 2509//3649 2505//3649
f 2512//3650 2505//3650 2508//3650
f 2506//3651 2507//3651 2508//3651
f 2506//3652 2508//3652 2505//3652
usemtl Mat_Bone
f 2521//3653 2522//3653 2514//3653
f 2521//3654 2514//3654 2513//3654
f 2522//3655 2523//3655 2515//3655
f 2522//3656 2515//3656 2514//3656
f 2523//3657 2524//3657 2516//3657
f 2523//3658 2516//3658 2515//3658
f 2524//3659 2525//3659 2517//3659
f 2524//3660 2517//3660 2516//3660
f 2525//3661 2526//3661 2518//3661
f 2525//3662 2518//3662 2517//3662
f 2526//3663 2527//3663 2519//3663
f 2526//3664 2519//3664 2518//3664
f 2527//3665 2528//3665 2520//3665
f 2527//3666 2520//3666 2519//3666
f 2528//3667 2521//3667 2513//3667
f 2528//3668 2513//3668 2520//3668
f 2528//3669 2527//3669 2526//3669
f 2528//3670 2526//3670 2525//3670
f 2528//3671 2525//3671 2524//3671
f 2528//3672 2524//3672 2523//3672
f 2528//3673 2523//3673 2522//3673
f 2528//3674 2522//3674 2521//3674
f 2513//3675 2514//3675 2515//3675
f 2513//3676 2515//3676 2516//3676
f 2513//3677 2516//3677 2517//3677
f 2513//3678 2517//3678 2518//3678
f 2513//3679 2518//3679 2519//3679
f 2513//3680 2519//3680 2520//3680
usemtl Mat_DarkWood
f 2536//3681 2535//3681 2534//3681
f 2536//3682 2534//3682 2533//3682
f 2533//3683 2534//3683 2530//3683
f 2533//3684 2530//3684 2529//3684
f 2534//3685 2535//3685 2531//3685
f 2534//3686 2531//3686 2530//3686
f 2535//3687 2536//3687 2532//3687
f 2535//3688 2532//3688 2531//3688
f 2536//3689 2533//3689 2529//3689
f 2536//3690 2529//3690 2532//3690
f 2530//3691 2531//3691 2532//3691
f 2530//3692 2532//3692 2529//3692
usemtl Mat_NeonAmber
f 2537//3693 2538//3693 2539//3693
f 2537//3694 2539//3694 2540//3694
f 2541//3695 2542//3695 2543//3695
f 2541//3696 2543//3696 2544//3696
f 2545//3697 2546//3697 2547//3697
f 2545//3698 2547//3698 2548//3698
f 2549//3699 2550//3699 2551//3699
f 2549//3700 2551//3700 2552//3700
f 2553//3701 2554//3701 2555//3701
f 2553//3702 2555//3702 2556//3702
f 2557//3703 2558//3703 2559//3703
f 2557//3704 2559//3704 2560//3704
f 2561//3705 2562//3705 2563//3705
f 2561//3706 2563//3706 2564//3706
f 2565//3707 2566//3707 2567//3707
f 2565//3708 2567//3708 2568//3708
f 2569//3709 2570//3709 2571//3709
f 2569//3710 2571//3710 2572//3710
f 2573//3711 2574//3711 2575//3711
f 2573//3712 2575//3712 2576//3712
f 2577//3713 2578//3713 2579//3713
f 2577//3714 2579//3714 2580//3714
f 2581//3715 2582//3715 2583//3715
f 2581//3716 2583//3716 2584//3716
f 2585//3717 2586//3717 2587//3717
f 2585//3718 2587//3718 2588//3718
f 2589//3719 2590//3719 2591//3719
f 2589//3720 2591//3720 2592//3720
f 2593//3721 2594//3721 2595//3721
f 2593//3722 2595//3722 2596//3722
f 2597//3723 2598//3723 2599//3723
f 2597//3724 2599//3724 2600//3724
f 2601//3725 2602//3725 2603//3725
f 2601//3726 2603//3726 2604//3726
usemtl Mat_Brass
f 2612//3727 2611//3727 2610//3727
f 2612//3728 2610//3728 2609//3728
f 2609//3729 2610//3729 2606//3729
f 2609//3730 2606//3730 2605//3730
f 2610//3731 2611//3731 2607//3731
f 2610//3732 2607//3732 2606//3732
f 2611//3733 2612//3733 2608//3733
f 2611//3734 2608//3734 2607//3734
f 2612//3735 2609//3735 2605//3735
f 2612//3736 2605//3736 2608//3736
f 2606//3737 2607//3737 2608//3737
f 2606//3738 2608//3738 2605//3738
f 2620//3739 2619//3739 2618//3739
f 2620//3740 2618//3740 2617//3740
f 2617//3741 2618//3741 2614//3741
f 2617//3742 2614//3742 2613//3742
f 2618//3743 2619//3743 2615//3743
f 2618//3744 2615//3744 2614//3744
f 2619//3745 2620//3745 2616//3745
f 2619//3746 2616//3746 2615//3746
f 2620//3747 2617//3747 2613//3747
f 2620//3748 2613//3748 2616//3748
f 2614//3749 2615//3749 2616//3749
f 2614//3750 2616//3750 2613//3750
f 2628//3751 2627//3751 2626//3751
f 2628//3752 2626//3752 2625//3752
f 2625//3753 2626//3753 2622//3753
f 2625//3754 2622//3754 2621//3754
f 2626//3755 2627//3755 2623//3755
f 2626//3756 2623//3756 2622//3756
f 2627//3757 2628//3757 2624//3757
f 2627//3758 2624//3758 2623//3758
f 2628//3759 2625//3759 2621//3759
f 2628//3760 2621//3760 2624//3760
f 2622//3761 2623//3761 2624//3761
f 2622//3762 2624//3762 2621//3762
f 2636//3763 2635//3763 2634//3763
f 2636//3764 2634//3764 2633//3764
f 2633//3765 2634//3765 2630//3765
f 2633//3766 2630//3766 2629//3766
f 2634//3767 2635//3767 2631//3767
f 2634//3768 2631//3768 2630//3768
f 2635//3769 2636//3769 2632//3769
f 2635//3770 2632//3770 2631//3770
f 2636//3771 2633//3771 2629//3771
f 2636//3772 2629//3772 2632//3772
f 2630//3773 2631//3773 2632//3773
f 2630//3774 2632//3774 2629//3774
usemtl Mat_NeonAmber
f 2644//3775 2643//3775 2642//3775
f 2644//3776 2642//3776 2641//3776
f 2642//3777 2643//3777 2639//3777
f 2642//3778 2639//3778 2638//3778
f 2643//3779 2644//3779 2640//3779
f 2643//3780 2640//3780 2639//3780
f 2644//3781 2641//3781 2637//3781
f 2644//3782 2637//3782 2640//3782
f 2638//3783 2639//3783 2640//3783
f 2638//3784 2640//3784 2637//3784
usemtl Mat_Metal
f 2652//3785 2651//3785 2650//3785
f 2652//3786 2650//3786 2649//3786
f 2649//3787 2650//3787 2646//3787
f 2649//3788 2646//3788 2645//3788
f 2650//3789 2651//3789 2647//3789
f 2650//3790 2647//3790 2646//3790
f 2651//3791 2652//3791 2648//3791
f 2651//3792 2648//3792 2647//3792
f 2652//3793 2649//3793 2645//3793
f 2652//3794 2645//3794 2648//3794
f 2646//3795 2647//3795 2648//3795
f 2646//3796 2648//3796 2645//3796
f 2660//3797 2659//3797 2658//3797
f 2660//3798 2658//3798 2657//3798
f 2657//3799 2658//3799 2654//3799
f 2657//3800 2654//3800 2653//3800
f 2658//3801 2659//3801 2655//3801
f 2658//3802 2655//3802 2654//3802
f 2659//3803 2660//3803 2656//3803
f 2659//3804 2656//3804 2655//3804
f 2660//3805 2657//3805 2653//3805
f 2660//3806 2653//3806 2656//3806
f 2654//3807 2655//3807 2656//3807
f 2654//3808 2656//3808 2653//3808
f 2668//3809 2667//3809 2666//3809
f 2668//3810 2666//3810 2665//3810
f 2665//3811 2666//3811 2662//3811
f 2665//3812 2662//3812 2661//3812
f 2666//3813 2667//3813 2663//3813
f 2666//3814 2663//3814 2662//3814
f 2667//3815 2668//3815 2664//3815
f 2667//3816 2664//3816 2663//3816
f 2668//3817 2665//3817 2661//3817
f 2668//3818 2661//3818 2664//3818
f 2662//3819 2663//3819 2664//3819
f 2662//3820 2664//3820 2661//3820
f 2676//3821 2675//3821 2674//3821
f 2676//3822 2674//3822 2673//3822
f 2673//3823 2674//3823 2670//3823
f 2673//3824 2670//3824 2669//3824
f 2674//3825 2675//3825 2671//3825
f 2674//3826 2671//3826 2670//3826
f 2675//3827 2676//3827 2672//3827
f 2675//3828 2672//3828 2671//3828
f 2676//3829 2673//3829 2669//3829
f 2676//3830 2669//3830 2672//3830
f 2670//3831 2671//3831 2672//3831
f 2670//3832 2672//3832 2669//3832
f 2684//3833 2683//3833 2682//3833
f 2684//3834 2682//3834 2681//3834
f 2681//3835 2682//3835 2678//3835
f 2681//3836 2678//3836 2677//3836
f 2682//3837 2683//3837 2679//3837
f 2682//3838 2679//3838 2678//3838
f 2683//3839 2684//3839 2680//3839
f 2683//3840 2680//3840 2679//3840
f 2684//3841 2681//3841 2677//3841
f 2684//3842 2677//3842 2680//3842
f 2678//3843 2679//3843 2680//3843
f 2678//3844 2680//3844 2677//3844
f 2692//3845 2691//3845 2690//3845
f 2692//3846 2690//3846 2689//3846
f 2689//3847 2690//3847 2686//3847
f 2689//3848 2686//3848 2685//3848
f 2690//3849 2691//3849 2687//3849
f 2690//3850 2687//3850 2686//3850
f 2691//3851 2692//3851 2688//3851
f 2691//3852 2688//3852 2687//3852
f 2692//3853 2689//3853 2685//3853
f 2692//3854 2685//3854 2688//3854
f 2686//3855 2687//3855 2688//3855
f 2686//3856 2688//3856 2685//3856
usemtl Mat_DarkMetal
f 2700//3857 2699//3857 2698//3857
f 2700//3858 2698//3858 2697//3858
f 2697//3859 2698//3859 2694//3859
f 2697//3860 2694//3860 2693//3860
f 2698//3861 2699//3861 2695//3861
f 2698//3862 2695//3862 2694//3862
f 2699//3863 2700//3863 2696//3863
f 2699//3864 2696//3864 2695//3864
f 2700//3865 2697//3865 2693//3865
f 2700//3866 2693//3866 2696//3866
f 2694//3867 2695//3867 2696//3867
f 2694//3868 2696//3868 2693//3868
f 2708//3869 2707//3869 2706//3869
f 2708//3870 2706//3870 2705//3870
f 2705//3871 2706//3871 2702//3871
f 2705//3872 2702//3872 2701//3872
f 2706//3873 2707//3873 2703//3873
f 2706//3874 2703//3874 2702//3874
f 2707//3875 2708//3875 2704//3875
f 2707//3876 2704//3876 2703//3876
f 2708//3877 2705//3877 2701//3877
f 2708//3878 2701//3878 2704//3878
f 2702//3879 2703//3879 2704//3879
f 2702//3880 2704//3880 2701//3880
f 2716//3881 2715//3881 2714//3881
f 2716//3882 2714//3882 2713//3882
f 2713//3883 2714//3883 2710//3883
f 2713//3884 2710//3884 2709//3884
f 2714//3885 2715//3885 2711//3885
f 2714//3886 2711//3886 2710//3886
f 2715//3887 2716//3887 2712//3887
f 2715//3888 2712//3888 2711//3888
f 2716//3889 2713//3889 2709//3889
f 2716//3890 2709//3890 2712//3890
f 2710//3891 2711//3891 2712//3891
f 2710//3892 2712//3892 2709//3892
usemtl Mat_NeonAmber
f 2724//3893 2723//3893 2722//3893
f 2724//3894 2722//3894 2721//3894
f 2722//3895 2723//3895 2719//3895
f 2722//3896 2719//3896 2718//3896
f 2723//3897 2724//3897 2720//3897
f 2723//3898 2720//3898 2719//3898
f 2724//3899 2721//3899 2717//3899
f 2724//3900 2717//3900 2720//3900
f 2718//3901 2719//3901 2720//3901
f 2718//3902 2720//3902 2717//3902
usemtl Mat_Metal
f 2732//3903 2731//3903 2730//3903
f 2732//3904 2730//3904 2729//3904
f 2729//3905 2730//3905 2726//3905
f 2729//3906 2726//3906 2725//3906
f 2730//3907 2731//3907 2727//3907
f 2730//3908 2727//3908 2726//3908
f 2731//3909 2732//3909 2728//3909
f 2731//3910 2728//3910 2727//3910
f 2732//3911 2729//3911 2725//3911
f 2732//3912 2725//3912 2728//3912
f 2726//3913 2727//3913 2728//3913
f 2726//3914 2728//3914 2725//3914
f 2740//3915 2739//3915 2738//3915
f 2740//3916 2738//3916 2737//3916
f 2737//3917 2738//3917 2734//3917
f 2737//3918 2734//3918 2733//3918
f 2738//3919 2739//3919 2735//3919
f 2738//3920 2735//3920 2734//3920
f 2739//3921 2740//3921 2736//3921
f 2739//3922 2736//3922 2735//3922
f 2740//3923 2737//3923 2733//3923
f 2740//3924 2733//3924 2736//3924
f 2734//3925 2735//3925 2736//3925
f 2734//3926 2736//3926 2733//3926
f 2748//3927 2747//3927 2746//3927
f 2748//3928 2746//3928 2745//3928
f 2745//3929 2746//3929 2742//3929
f 2745//3930 2742//3930 2741//3930
f 2746//3931 2747//3931 2743//3931
f 2746//3932 2743//3932 2742//3932
f 2747//3933 2748//3933 2744//3933
f 2747//3934 2744//3934 2743//3934
f 2748//3935 2745//3935 2741//3935
f 2748//3936 2741//3936 2744//3936
f 2742//3937 2743//3937 2744//3937
f 2742//3938 2744//3938 2741//3938
f 2756//3939 2755//3939 2754//3939
f 2756//3940 2754//3940 2753//3940
f 2753//3941 2754//3941 2750//3941
f 2753//3942 2750//3942 2749//3942
f 2754//3943 2755//3943 2751//3943
f 2754//3944 2751//3944 2750//3944
f 2755//3945 2756//3945 2752//3945
f 2755//3946 2752//3946 2751//3946
f 2756//3947 2753//3947 2749//3947
f 2756//3948 2749//3948 2752//3948
f 2750//3949 2751//3949 2752//3949
f 2750//3950 2752//3950 2749//3950
f 2764//3951 2763//3951 2762//3951
f 2764//3952 2762//3952 2761//3952
f 2761//3953 2762//3953 2758//3953
f 2761//3954 2758//3954 2757//3954
f 2762//3955 2763//3955 2759//3955
f 2762//3956 2759//3956 2758//3956
f 2763//3957 2764//3957 2760//3957
f 2763//3958 2760//3958 2759//3958
f 2764//3959 2761//3959 2757//3959
f 2764//3960 2757//3960 2760//3960
f 2758//3961 2759//3961 2760//3961
f 2758//3962 2760//3962 2757//3962
f 2772//3963 2771//3963 2770//3963
f 2772//3964 2770//3964 2769//3964
f 2769//3965 2770//3965 2766//3965
f 2769//3966 2766//3966 2765//3966
f 2770//3967 2771//3967 2767//3967
f 2770//3968 2767//3968 2766//3968
f 2771//3969 2772//3969 2768//3969
f 2771//3970 2768//3970 2767//3970
f 2772//3971 2769//3971 2765//3971
f 2772//3972 2765//3972 2768//3972
f 2766//3973 2767//3973 2768//3973
f 2766//3974 2768//3974 2765//3974
usemtl Mat_DarkMetal
f 2780//3975 2779//3975 2778//3975
f 2780//3976 2778//3976 2777//3976
f 2777//3977 2778//3977 2774//3977
f 2777//3978 2774//3978 2773//3978
f 2778//3979 2779//3979 2775//3979
f 2778//3980 2775//3980 2774//3980
f 2779//3981 2780//3981 2776//3981
f 2779//3982 2776//3982 2775//3982
f 2780//3983 2777//3983 2773//3983
f 2780//3984 2773//3984 2776//3984
f 2774//3985 2775//3985 2776//3985
f 2774//3986 2776//3986 2773//3986
f 2788//3987 2787//3987 2786//3987
f 2788//3988 2786//3988 2785//3988
f 2785//3989 2786//3989 2782//3989
f 2785//3990 2782//3990 2781//3990
f 2786//3991 2787//3991 2783//3991
f 2786//3992 2783//3992 2782//3992
f 2787//3993 2788//3993 2784//3993
f 2787//3994 2784//3994 2783//3994
f 2788//3995 2785//3995 2781//3995
f 2788//3996 2781//3996 2784//3996
f 2782//3997 2783//3997 2784//3997
f 2782//3998 2784//3998 2781//3998
f 2796//3999 2795//3999 2794//3999
f 2796//4000 2794//4000 2793//4000
f 2793//4001 2794//4001 2790//4001
f 2793//4002 2790//4002 2789//4002
f 2794//4003 2795//4003 2791//4003
f 2794//4004 2791//4004 2790//4004
f 2795//4005 2796//4005 2792//4005
f 2795//4006 2792//4006 2791//4006
f 2796//4007 2793//4007 2789//4007
f 2796//4008 2789//4008 2792//4008
f 2790//4009 2791//4009 2792//4009
f 2790//4010 2792//4010 2789//4010
usemtl Mat_NeonAmber
f 2804//4011 2803//4011 2802//4011
f 2804//4012 2802//4012 2801//4012
f 2802//4013 2803//4013 2799//4013
f 2802//4014 2799//4014 2798//4014
f 2803//4015 2804//4015 2800//4015
f 2803//4016 2800//4016 2799//4016
f 2804//4017 2801//4017 2797//4017
f 2804//4018 2797//4018 2800//4018
f 2798//4019 2799//4019 2800//4019
f 2798//4020 2800//4020 2797//4020
usemtl Mat_Metal
f 2812//4021 2811//4021 2810//4021
f 2812//4022 2810//4022 2809//4022
f 2809//4023 2810//4023 2806//4023
f 2809//4024 2806//4024 2805//4024
f 2810//4025 2811//4025 2807//4025
f 2810//4026 2807//4026 2806//4026
f 2811//4027 2812//4027 2808//4027
f 2811//4028 2808//4028 2807//4028
f 2812//4029 2809//4029 2805//4029
f 2812//4030 2805//4030 2808//4030
f 2806//4031 2807//4031 2808//4031
f 2806//4032 2808//4032 2805//4032
f 2820//4033 2819//4033 2818//4033
f 2820//4034 2818//4034 2817//4034
f 2817//4035 2818//4035 2814//4035
f 2817//4036 2814//4036 2813//4036
f 2818//4037 2819//4037 2815//4037
f 2818//4038 2815//4038 2814//4038
f 2819//4039 2820//4039 2816//4039
f 2819//4040 2816//4040 2815//4040
f 2820//4041 2817//4041 2813//4041
f 2820//4042 2813//4042 2816//4042
f 2814//4043 2815//4043 2816//4043
f 2814//4044 2816//4044 2813//4044
f 2828//4045 2827//4045 2826//4045
f 2828//4046 2826//4046 2825//4046
f 2825//4047 2826//4047 2822//4047
f 2825//4048 2822//4048 2821//4048
f 2826//4049 2827//4049 2823//4049
f 2826//4050 2823//4050 2822//4050
f 2827//4051 2828//4051 2824//4051
f 2827//4052 2824//4052 2823//4052
f 2828//4053 2825//4053 2821//4053
f 2828//4054 2821//4054 2824//4054
f 2822//4055 2823//4055 2824//4055
f 2822//4056 2824//4056 2821//4056
f 2836//4057 2835//4057 2834//4057
f 2836//4058 2834//4058 2833//4058
f 2833//4059 2834//4059 2830//4059
f 2833//4060 2830//4060 2829//4060
f 2834//4061 2835//4061 2831//4061
f 2834//4062 2831//4062 2830//4062
f 2835//4063 2836//4063 2832//4063
f 2835//4064 2832//4064 2831//4064
f 2836//4065 2833//4065 2829//4065
f 2836//4066 2829//4066 2832//4066
f 2830//4067 2831//4067 2832//4067
f 2830//4068 2832//4068 2829//4068
f 2844//4069 2843//4069 2842//4069
f 2844//4070 2842//4070 2841//4070
f 2841//4071 2842//4071 2838//4071
f 2841//4072 2838//4072 2837//4072
f 2842//4073 2843//4073 2839//4073
f 2842//4074 2839//4074 2838//4074
f 2843//4075 2844//4075 2840//4075
f 2843//4076 2840//4076 2839//4076
f 2844//4077 2841//4077 2837//4077
f 2844//4078 2837//4078 2840//4078
f 2838//4079 2839//4079 2840//4079
f 2838//4080 2840//4080 2837//4080
f 2852//4081 2851//4081 2850//4081
f 2852//4082 2850//4082 2849//4082
f 2849//4083 2850//4083 2846//4083
f 2849//4084 2846//4084 2845//4084
f 2850//4085 2851//4085 2847//4085
f 2850//4086 2847//4086 2846//4086
f 2851//4087 2852//4087 2848//4087
f 2851//4088 2848//4088 2847//4088
f 2852//4089 2849//4089 2845//4089
f 2852//4090 2845//4090 2848//4090
f 2846//4091 2847//4091 2848//4091
f 2846//4092 2848//4092 2845//4092
usemtl Mat_DarkMetal
f 2860//4093 2859//4093 2858//4093
f 2860//4094 2858//4094 2857//4094
f 2857//4095 2858//4095 2854//4095
f 2857//4096 2854//4096 2853//4096
f 2858//4097 2859//4097 2855//4097
f 2858//4098 2855//4098 2854//4098
f 2859//4099 2860//4099 2856//4099
f 2859//4100 2856//4100 2855//4100
f 2860//4101 2857//4101 2853//4101
f 2860//4102 2853//4102 2856//4102
f 2854//4103 2855//4103 2856//4103
f 2854//4104 2856//4104 2853//4104
f 2868//4105 2867//4105 2866//4105
f 2868//4106 2866//4106 2865//4106
f 2865//4107 2866//4107 2862//4107
f 2865//4108 2862//4108 2861//4108
f 2866//4109 2867//4109 2863//4109
f 2866//4110 2863//4110 2862//4110
f 2867//4111 2868//4111 2864//4111
f 2867//4112 2864//4112 2863//4112
f 2868//4113 2865//4113 2861//4113
f 2868//4114 2861//4114 2864//4114
f 2862//4115 2863//4115 2864//4115
f 2862//4116 2864//4116 2861//4116
f 2876//4117 2875//4117 2874//4117
f 2876//4118 2874//4118 2873//4118
f 2873//4119 2874//4119 2870//4119
f 2873//4120 2870//4120 2869//4120
f 2874//4121 2875//4121 2871//4121
f 2874//4122 2871//4122 2870//4122
f 2875//4123 2876//4123 2872//4123
f 2875//4124 2872//4124 2871//4124
f 2876//4125 2873//4125 2869//4125
f 2876//4126 2869//4126 2872//4126
f 2870//4127 2871//4127 2872//4127
f 2870//4128 2872//4128 2869//4128
usemtl Mat_NeonAmber
f 2884//4129 2883//4129 2882//4129
f 2884//4130 2882//4130 2881//4130
f 2882//4131 2883//4131 2879//4131
f 2882//4132 2879//4132 2878//4132
f 2883//4133 2884//4133 2880//4133
f 2883//4134 2880//4134 2879//4134
f 2884//4135 2881//4135 2877//4135
f 2884//4136 2877//4136 2880//4136
f 2878//4137 2879//4137 2880//4137
f 2878//4138 2880//4138 2877//4138
usemtl Mat_Metal
f 2892//4139 2891//4139 2890//4139
f 2892//4140 2890//4140 2889//4140
f 2889//4141 2890//4141 2886//4141
f 2889//4142 2886//4142 2885//4142
f 2890//4143 2891//4143 2887//4143
f 2890//4144 2887//4144 2886//4144
f 2891//4145 2892//4145 2888//4145
f 2891//4146 2888//4146 2887//4146
f 2892//4147 2889//4147 2885//4147
f 2892//4148 2885//4148 2888//4148
f 2886//4149 2887//4149 2888//4149
f 2886//4150 2888//4150 2885//4150
f 2900//4151 2899//4151 2898//4151
f 2900//4152 2898//4152 2897//4152
f 2897//4153 2898//4153 2894//4153
f 2897//4154 2894//4154 2893//4154
f 2898//4155 2899//4155 2895//4155
f 2898//4156 2895//4156 2894//4156
f 2899//4157 2900//4157 2896//4157
f 2899//4158 2896//4158 2895//4158
f 2900//4159 2897//4159 2893//4159
f 2900//4160 2893//4160 2896//4160
f 2894//4161 2895//4161 2896//4161
f 2894//4162 2896//4162 2893//4162
f 2908//4163 2907//4163 2906//4163
f 2908//4164 2906//4164 2905//4164
f 2905//4165 2906//4165 2902//4165
f 2905//4166 2902//4166 2901//4166
f 2906//4167 2907//4167 2903//4167
f 2906//4168 2903//4168 2902//4168
f 2907//4169 2908//4169 2904//4169
f 2907//4170 2904//4170 2903//4170
f 2908//4171 2905//4171 2901//4171
f 2908//4172 2901//4172 2904//4172
f 2902//4173 2903//4173 2904//4173
f 2902//4174 2904//4174 2901//4174
f 2916//4175 2915//4175 2914//4175
f 2916//4176 2914//4176 2913//4176
f 2913//4177 2914//4177 2910//4177
f 2913//4178 2910//4178 2909//4178
f 2914//4179 2915//4179 2911//4179
f 2914//4180 2911//4180 2910//4180
f 2915//4181 2916//4181 2912//4181
f 2915//4182 2912//4182 2911//4182
f 2916//4183 2913//4183 2909//4183
f 2916//4184 2909//4184 2912//4184
f 2910//4185 2911//4185 2912//4185
f 2910//4186 2912//4186 2909//4186
f 2924//4187 2923//4187 2922//4187
f 2924//4188 2922//4188 2921//4188
f 2921//4189 2922//4189 2918//4189
f 2921//4190 2918//4190 2917//4190
f 2922//4191 2923//4191 2919//4191
f 2922//4192 2919//4192 2918//4192
f 2923//4193 2924//4193 2920//4193
f 2923//4194 2920//4194 2919//4194
f 2924//4195 2921//4195 2917//4195
f 2924//4196 2917//4196 2920//4196
f 2918//4197 2919//4197 2920//4197
f 2918//4198 2920//4198 2917//4198
f 2932//4199 2931//4199 2930//4199
f 2932//4200 2930//4200 2929//4200
f 2929//4201 2930//4201 2926//4201
f 2929//4202 2926//4202 2925//4202
f 2930//4203 2931//4203 2927//4203
f 2930//4204 2927//4204 2926//4204
f 2931//4205 2932//4205 2928//4205
f 2931//4206 2928//4206 2927//4206
f 2932//4207 2929//4207 2925//4207
f 2932//4208 2925//4208 2928//4208
f 2926//4209 2927//4209 2928//4209
f 2926//4210 2928//4210 2925//4210
usemtl Mat_DarkMetal
f 2940//4211 2939//4211 2938//4211
f 2940//4212 2938//4212 2937//4212
f 2937//4213 2938//4213 2934//4213
f 2937//4214 2934//4214 2933//4214
f 2938//4215 2939//4215 2935//4215
f 2938//4216 2935//4216 2934//4216
f 2939//4217 2940//4217 2936//4217
f 2939//4218 2936//4218 2935//4218
f 2940//4219 2937//4219 2933//4219
f 2940//4220 2933//4220 2936//4220
f 2934//4221 2935//4221 2936//4221
f 2934//4222 2936//4222 2933//4222
f 2948//4223 2947//4223 2946//4223
f 2948//4224 2946//4224 2945//4224
f 2945//4225 2946//4225 2942//4225
f 2945//4226 2942//4226 2941//4226
f 2946//4227 2947//4227 2943//4227
f 2946//4228 2943//4228 2942//4228
f 2947//4229 2948//4229 2944//4229
f 2947//4230 2944//4230 2943//4230
f 2948//4231 2945//4231 2941//4231
f 2948//4232 2941//4232 2944//4232
f 2942//4233 2943//4233 2944//4233
f 2942//4234 2944//4234 2941//4234
f 2956//4235 2955//4235 2954//4235
f 2956//4236 2954//4236 2953//4236
f 2953//4237 2954//4237 2950//4237
f 2953//4238 2950//4238 2949//4238
f 2954//4239 2955//4239 2951//4239
f 2954//4240 2951//4240 2950//4240
f 2955//4241 2956//4241 2952//4241
f 2955//4242 2952//4242 2951//4242
f 2956//4243 2953//4243 2949//4243
f 2956//4244 2949//4244 2952//4244
f 2950//4245 2951//4245 2952//4245
f 2950//4246 2952//4246 2949//4246
usemtl Mat_NeonAmber
f 2964//4247 2963//4247 2962//4247
f 2964//4248 2962//4248 2961//4248
f 2962//4249 2963//4249 2959//4249
f 2962//4250 2959//4250 2958//4250
f 2963//4251 2964//4251 2960//4251
f 2963//4252 2960//4252 2959//4252
f 2964//4253 2961//4253 2957//4253
f 2964//4254 2957//4254 2960//4254
f 2958//4255 2959//4255 2960//4255
f 2958//4256 2960//4256 2957//4256
usemtl Mat_Metal
f 2972//4257 2971//4257 2970//4257
f 2972//4258 2970//4258 2969//4258
f 2969//4259 2970//4259 2966//4259
f 2969//4260 2966//4260 2965//4260
f 2970//4261 2971//4261 2967//4261
f 2970//4262 2967//4262 2966//4262
f 2971//4263 2972//4263 2968//4263
f 2971//4264 2968//4264 2967//4264
f 2972//4265 2969//4265 2965//4265
f 2972//4266 2965//4266 2968//4266
f 2966//4267 2967//4267 2968//4267
f 2966//4268 2968//4268 2965//4268
f 2980//4269 2979//4269 2978//4269
f 2980//4270 2978//4270 2977//4270
f 2977//4271 2978//4271 2974//4271
f 2977//4272 2974//4272 2973//4272
f 2978//4273 2979//4273 2975//4273
f 2978//4274 2975//4274 2974//4274
f 2979//4275 2980//4275 2976//4275
f 2979//4276 2976//4276 2975//4276
f 2980//4277 2977//4277 2973//4277
f 2980//4278 2973//4278 2976//4278
f 2974//4279 2975//4279 2976//4279
f 2974//4280 2976//4280 2973//4280
f 2988//4281 2987//4281 2986//4281
f 2988//4282 2986//4282 2985//4282
f 2985//4283 2986//4283 2982//4283
f 2985//4284 2982//4284 2981//4284
f 2986//4285 2987//4285 2983//4285
f 2986//4286 2983//4286 2982//4286
f 2987//4287 2988//4287 2984//4287
f 2987//4288 2984//4288 2983//4288
f 2988//4289 2985//4289 2981//4289
f 2988//4290 2981//4290 2984//4290
f 2982//4291 2983//4291 2984//4291
f 2982//4292 2984//4292 2981//4292
f 2996//4293 2995//4293 2994//4293
f 2996//4294 2994//4294 2993//4294
f 2993//4295 2994//4295 2990//4295
f 2993//4296 2990//4296 2989//4296
f 2994//4297 2995//4297 2991//4297
f 2994//4298 2991//4298 2990//4298
f 2995//4299 2996//4299 2992//4299
f 2995//4300 2992//4300 2991//4300
f 2996//4301 2993//4301 2989//4301
f 2996//4302 2989//4302 2992//4302
f 2990//4303 2991//4303 2992//4303
f 2990//4304 2992//4304 2989//4304
f 3004//4305 3003//4305 3002//4305
f 3004//4306 3002//4306 3001//4306
f 3001//4307 3002//4307 2998//4307
f 3001//4308 2998//4308 2997//4308
f 3002//4309 3003//4309 2999//4309
f 3002//4310 2999//4310 2998//4310
f 3003//4311 3004//4311 3000//4311
f 3003//4312 3000//4312 2999//4312
f 3004//4313 3001//4313 2997//4313
f 3004//4314 2997//4314 3000//4314
f 2998//4315 2999//4315 3000//4315
f 2998//4316 3000//4316 2997//4316
f 3012//4317 3011//4317 3010//4317
f 3012//4318 3010//4318 3009//4318
f 3009//4319 3010//4319 3006//4319
f 3009//4320 3006//4320 3005//4320
f 3010//4321 3011//4321 3007//4321
f 3010//4322 3007//4322 3006//4322
f 3011//4323 3012//4323 3008//4323
f 3011//4324 3008//4324 3007//4324
f 3012//4325 3009//4325 3005//4325
f 3012//4326 3005//4326 3008//4326
f 3006//4327 3007//4327 3008//4327
f 3006//4328 3008//4328 3005//4328
usemtl Mat_DarkMetal
f 3020//4329 3019//4329 3018//4329
f 3020//4330 3018//4330 3017//4330
f 3017//4331 3018//4331 3014//4331
f 3017//4332 3014//4332 3013//4332
f 3018//4333 3019//4333 3015//4333
f 3018//4334 3015//4334 3014//4334
f 3019//4335 3020//4335 3016//4335
f 3019//4336 3016//4336 3015//4336
f 3020//4337 3017//4337 3013//4337
f 3020//4338 3013//4338 3016//4338
f 3014//4339 3015//4339 3016//4339
f 3014//4340 3016//4340 3013//4340
f 3028//4341 3027//4341 3026//4341
f 3028//4342 3026//4342 3025//4342
f 3025//4343 3026//4343 3022//4343
f 3025//4344 3022//4344 3021//4344
f 3026//4345 3027//4345 3023//4345
f 3026//4346 3023//4346 3022//4346
f 3027//4347 3028//4347 3024//4347
f 3027//4348 3024//4348 3023//4348
f 3028//4349 3025//4349 3021//4349
f 3028//4350 3021//4350 3024//4350
f 3022//4351 3023//4351 3024//4351
f 3022//4352 3024//4352 3021//4352
f 3036//4353 3035//4353 3034//4353
f 3036//4354 3034//4354 3033//4354
f 3033//4355 3034//4355 3030//4355
f 3033//4356 3030//4356 3029//4356
f 3034//4357 3035//4357 3031//4357
f 3034//4358 3031//4358 3030//4358
f 3035//4359 3036//4359 3032//4359
f 3035//4360 3032//4360 3031//4360
f 3036//4361 3033//4361 3029//4361
f 3036//4362 3029//4362 3032//4362
f 3030//4363 3031//4363 3032//4363
f 3030//4364 3032//4364 3029//4364
usemtl Mat_NeonAmber
f 3044//4365 3043//4365 3042//4365
f 3044//4366 3042//4366 3041//4366
f 3042//4367 3043//4367 3039//4367
f 3042//4368 3039//4368 3038//4368
f 3043//4369 3044//4369 3040//4369
f 3043//4370 3040//4370 3039//4370
f 3044//4371 3041//4371 3037//4371
f 3044//4372 3037//4372 3040//4372
f 3038//4373 3039//4373 3040//4373
f 3038//4374 3040//4374 3037//4374
usemtl Mat_Metal
f 3052//4375 3051//4375 3050//4375
f 3052//4376 3050//4376 3049//4376
f 3049//4377 3050//4377 3046//4377
f 3049//4378 3046//4378 3045//4378
f 3050//4379 3051//4379 3047//4379
f 3050//4380 3047//4380 3046//4380
f 3051//4381 3052//4381 3048//4381
f 3051//4382 3048//4382 3047//4382
f 3052//4383 3049//4383 3045//4383
f 3052//4384 3045//4384 3048//4384
f 3046//4385 3047//4385 3048//4385
f 3046//4386 3048//4386 3045//4386
f 3060//4387 3059//4387 3058//4387
f 3060//4388 3058//4388 3057//4388
f 3057//4389 3058//4389 3054//4389
f 3057//4390 3054//4390 3053//4390
f 3058//4391 3059//4391 3055//4391
f 3058//4392 3055//4392 3054//4392
f 3059//4393 3060//4393 3056//4393
f 3059//4394 3056//4394 3055//4394
f 3060//4395 3057//4395 3053//4395
f 3060//4396 3053//4396 3056//4396
f 3054//4397 3055//4397 3056//4397
f 3054//4398 3056//4398 3053//4398
f 3068//4399 3067//4399 3066//4399
f 3068//4400 3066//4400 3065//4400
f 3065//4401 3066//4401 3062//4401
f 3065//4402 3062//4402 3061//4402
f 3066//4403 3067//4403 3063//4403
f 3066//4404 3063//4404 3062//4404
f 3067//4405 3068//4405 3064//4405
f 3067//4406 3064//4406 3063//4406
f 3068//4407 3065//4407 3061//4407
f 3068//4408 3061//4408 3064//4408
f 3062//4409 3063//4409 3064//4409
f 3062//4410 3064//4410 3061//4410
f 3076//4411 3075//4411 3074//4411
f 3076//4412 3074//4412 3073//4412
f 3073//4413 3074//4413 3070//4413
f 3073//4414 3070//4414 3069//4414
f 3074//4415 3075//4415 3071//4415
f 3074//4416 3071//4416 3070//4416
f 3075//4417 3076//4417 3072//4417
f 3075//4418 3072//4418 3071//4418
f 3076//4419 3073//4419 3069//4419
f 3076//4420 3069//4420 3072//4420
f 3070//4421 3071//4421 3072//4421
f 3070//4422 3072//4422 3069//4422
f 3084//4423 3083//4423 3082//4423
f 3084//4424 3082//4424 3081//4424
f 3081//4425 3082//4425 3078//4425
f 3081//4426 3078//4426 3077//4426
f 3082//4427 3083//4427 3079//4427
f 3082//4428 3079//4428 3078//4428
f 3083//4429 3084//4429 3080//4429
f 3083//4430 3080//4430 3079//4430
f 3084//4431 3081//4431 3077//4431
f 3084//4432 3077//4432 3080//4432
f 3078//4433 3079//4433 3080//4433
f 3078//4434 3080//4434 3077//4434
f 3092//4435 3091//4435 3090//4435
f 3092//4436 3090//4436 3089//4436
f 3089//4437 3090//4437 3086//4437
f 3089//4438 3086//4438 3085//4438
f 3090//4439 3091//4439 3087//4439
f 3090//4440 3087//4440 3086//4440
f 3091//4441 3092//4441 3088//4441
f 3091//4442 3088//4442 3087//4442
f 3092//4443 3089//4443 3085//4443
f 3092//4444 3085//4444 3088//4444
f 3086//4445 3087//4445 3088//4445
f 3086//4446 3088//4446 3085//4446
usemtl Mat_DarkMetal
f 3100//4447 3099//4447 3098//4447
f 3100//4448 3098//4448 3097//4448
f 3097//4449 3098//4449 3094//4449
f 3097//4450 3094//4450 3093//4450
f 3098//4451 3099//4451 3095//4451
f 3098//4452 3095//4452 3094//4452
f 3099//4453 3100//4453 3096//4453
f 3099//4454 3096//4454 3095//4454
f 3100//4455 3097//4455 3093//4455
f 3100//4456 3093//4456 3096//4456
f 3094//4457 3095//4457 3096//4457
f 3094//4458 3096//4458 3093//4458
f 3108//4459 3107//4459 3106//4459
f 3108//4460 3106//4460 3105//4460
f 3105//4461 3106//4461 3102//4461
f 3105//4462 3102//4462 3101//4462
f 3106//4463 3107//4463 3103//4463
f 3106//4464 3103//4464 3102//4464
f 3107//4465 3108//4465 3104//4465
f 3107//4466 3104//4466 3103//4466
f 3108//4467 3105//4467 3101//4467
f 3108//4468 3101//4468 3104//4468
f 3102//4469 3103//4469 3104//4469
f 3102//4470 3104//4470 3101//4470
f 3116//4471 3115//4471 3114//4471
f 3116//4472 3114//4472 3113//4472
f 3113//4473 3114//4473 3110//4473
f 3113//4474 3110//4474 3109//4474
f 3114//4475 3115//4475 3111//4475
f 3114//4476 3111//4476 3110//4476
f 3115//4477 3116//4477 3112//4477
f 3115//4478 3112//4478 3111//4478
f 3116//4479 3113//4479 3109//4479
f 3116//4480 3109//4480 3112//4480
f 3110//4481 3111//4481 3112//4481
f 3110//4482 3112//4482 3109//4482
usemtl Mat_NeonAmber
f 3124//4483 3123//4483 3122//4483
f 3124//4484 3122//4484 3121//4484
f 3121//4485 3122//4485 3118//4485
f 3121//4486 3118//4486 3117//4486
f 3122//4487 3123//4487 3119//4487
f 3122//4488 3119//4488 3118//4488
f 3123//4489 3124//4489 3120//4489
f 3123//4490 3120//4490 3119//4490
f 3124//4491 3121//4491 3117//4491
f 3124//4492 3117//4492 3120//4492
f 3118//4493 3119//4493 3120//4493
f 3118//4494 3120//4494 3117//4494
usemtl Mat_Brass
f 3132//4495 3131//4495 3130//4495
f 3132//4496 3130//4496 3129//4496
f 3129//4497 3130//4497 3126//4497
f 3129//4498 3126//4498 3125//4498
f 3130//4499 3131//4499 3127//4499
f 3130//4500 3127//4500 3126//4500
f 3131//4501 3132//4501 3128//4501
f 3131//4502 3128//4502 3127//4502
f 3132//4503 3129//4503 3125//4503
f 3132//4504 3125//4504 3128//4504
f 3126//4505 3127//4505 3128//4505
f 3126//4506 3128//4506 3125//4506
usemtl Mat_Metal
f 3140//4507 3139//4507 3138//4507
f 3140//4508 3138//4508 3137//4508
f 3137//4509 3138//4509 3134//4509
f 3137//4510 3134//4510 3133//4510
f 3138//4511 3139//4511 3135//4511
f 3138//4512 3135//4512 3134//4512
f 3139//4513 3140//4513 3136//4513
f 3139//4514 3136//4514 3135//4514
f 3140//4515 3137//4515 3133//4515
f 3140//4516 3133//4516 3136//4516
f 3134//4517 3135//4517 3136//4517
f 3134//4518 3136//4518 3133//4518
usemtl Mat_Brass
f 3148//4519 3147//4519 3146//4519
f 3148//4520 3146//4520 3145//4520
f 3145//4521 3146//4521 3142//4521
f 3145//4522 3142//4522 3141//4522
f 3146//4523 3147//4523 3143//4523
f 3146//4524 3143//4524 3142//4524
f 3147//4525 3148//4525 3144//4525
f 3147//4526 3144//4526 3143//4526
f 3148//4527 3145//4527 3141//4527
f 3148//4528 3141//4528 3144//4528
f 3142//4529 3143//4529 3144//4529
f 3142//4530 3144//4530 3141//4530
f 3156//4531 3155//4531 3154//4531
f 3156//4532 3154//4532 3153//4532
f 3153//4533 3154//4533 3150//4533
f 3153//4534 3150//4534 3149//4534
f 3154//4535 3155//4535 3151//4535
f 3154//4536 3151//4536 3150//4536
f 3155//4537 3156//4537 3152//4537
f 3155//4538 3152//4538 3151//4538
f 3156//4539 3153//4539 3149//4539
f 3156//4540 3149//4540 3152//4540
f 3150//4541 3151//4541 3152//4541
f 3150//4542 3152//4542 3149//4542
f 3164//4543 3163//4543 3162//4543
f 3164//4544 3162//4544 3161//4544
f 3161//4545 3162//4545 3158//4545
f 3161//4546 3158//4546 3157//4546
f 3162//4547 3163//4547 3159//4547
f 3162//4548 3159//4548 3158//4548
f 3163//4549 3164//4549 3160//4549
f 3163//4550 3160//4550 3159//4550
f 3164//4551 3161//4551 3157//4551
f 3164//4552 3157//4552 3160//4552
f 3158//4553 3159//4553 3160//4553
f 3158//4554 3160//4554 3157//4554
f 3172//4555 3171//4555 3170//4555
f 3172//4556 3170//4556 3169//4556
f 3169//4557 3170//4557 3166//4557
f 3169//4558 3166//4558 3165//4558
f 3170//4559 3171//4559 3167//4559
f 3170//4560 3167//4560 3166//4560
f 3171//4561 3172//4561 3168//4561
f 3171//4562 3168//4562 3167//4562
f 3172//4563 3169//4563 3165//4563
f 3172//4564 3165//4564 3168//4564
f 3166//4565 3167//4565 3168//4565
f 3166//4566 3168//4566 3165//4566
f 3180//4567 3179//4567 3178//4567
f 3180//4568 3178//4568 3177//4568
f 3177//4569 3178//4569 3174//4569
f 3177//4570 3174//4570 3173//4570
f 3178//4571 3179//4571 3175//4571
f 3178//4572 3175//4572 3174//4572
f 3179//4573 3180//4573 3176//4573
f 3179//4574 3176//4574 3175//4574
f 3180//4575 3177//4575 3173//4575
f 3180//4576 3173//4576 3176//4576
f 3174//4577 3175//4577 3176//4577
f 3174//4578 3176//4578 3173//4578
f 3188//4579 3187//4579 3186//4579
f 3188//4580 3186//4580 3185//4580
f 3185//4581 3186//4581 3182//4581
f 3185//4582 3182//4582 3181//4582
f 3186//4583 3187//4583 3183//4583
f 3186//4584 3183//4584 3182//4584
f 3187//4585 3188//4585 3184//4585
f 3187//4586 3184//4586 3183//4586
f 3188//4587 3185//4587 3181//4587
f 3188//4588 3181//4588 3184//4588
f 3182//4589 3183//4589 3184//4589
f 3182//4590 3184//4590 3181//4590
f 3196//4591 3195//4591 3194//4591
f 3196//4592 3194//4592 3193//4592
f 3193//4593 3194//4593 3190//4593
f 3193//4594 3190//4594 3189//4594
f 3194//4595 3195//4595 3191//4595
f 3194//4596 3191//4596 3190//4596
f 3195//4597 3196//4597 3192//4597
f 3195//4598 3192//4598 3191//4598
f 3196//4599 3193//4599 3189//4599
f 3196//4600 3189//4600 3192//4600
f 3190//4601 3191//4601 3192//4601
f 3190//4602 3192//4602 3189//4602
usemtl Mat_DarkMetal
f 3204//4603 3203//4603 3202//4603
f 3204//4604 3202//4604 3201//4604
f 3201//4605 3202//4605 3198//4605
f 3201//4606 3198//4606 3197//4606
f 3202//4607 3203//4607 3199//4607
f 3202//4608 3199//4608 3198//4608
f 3203//4609 3204//4609 3200//4609
f 3203//4610 3200//4610 3199//4610
f 3204//4611 3201//4611 3197//4611
f 3204//4612 3197//4612 3200//4612
f 3198//4613 3199//4613 3200//4613
f 3198//4614 3200//4614 3197//4614
usemtl Mat_Void
f 3212//4615 3211//4615 3210//4615
f 3212//4616 3210//4616 3209//4616
f 3209//4617 3210//4617 3206//4617
f 3209//4618 3206//4618 3205//4618
f 3210//4619 3211//4619 3207//4619
f 3210//4620 3207//4620 3206//4620
f 3211//4621 3212//4621 3208//4621
f 3211//4622 3208//4622 3207//4622
f 3212//4623 3209//4623 3205//4623
f 3212//4624 3205//4624 3208//4624
f 3206//4625 3207//4625 3208//4625
f 3206//4626 3208//4626 3205//4626
usemtl Mat_Bone
f 3213//4627 3224//4627 3218//4627
f 3213//4628 3218//4628 3214//4628
f 3213//4629 3214//4629 3220//4629
f 3213//4630 3220//4630 3223//4630
f 3213//4631 3223//4631 3224//4631
f 3214//4632 3218//4632 3222//4632
f 3218//4633 3224//4633 3217//4633
f 3224//4634 3223//4634 3215//4634
f 3223//4635 3220//4635 3219//4635
f 3220//4636 3214//4636 3221//4636
f 3216//4637 3222//4637 3217//4637
f 3216//4638 3217//4638 3215//4638
f 3216//4639 3215//4639 3219//4639
f 3216//4640 3219//4640 3221//4640
f 3216//4641 3221//4641 3222//4641
f 3217//4642 3222//4642 3218//4642
f 3215//4643 3217//4643 3224//4643
f 3219//4644 3215//4644 3223//4644
f 3221//4645 3219//4645 3220//4645
f 3222//4646 3221//4646 3214//4646
f 3231//4647 3232//4647 3226//4647
f 3231//4648 3226//4648 3225//4648
f 3232//4649 3233//4649 3227//4649
f 3232//4650 3227//4650 3226//4650
f 3233//4651 3234//4651 3228//4651
f 3233//4652 3228//4652 3227//4652
f 3234//4653 3235//4653 3229//4653
f 3234//4654 3229//4654 3228//4654
f 3235//4655 3236//4655 3230//4655
f 3235//4656 3230//4656 3229//4656
f 3236//4657 3231//4657 3225//4657
f 3236//4658 3225//4658 3230//4658
f 3236//4659 3235//4659 3234//4659
f 3236//4660 3234//4660 3233//4660
f 3236//4661 3233//4661 3232//4661
f 3236//4662 3232//4662 3231//4662
f 3225//4663 3226//4663 3227//4663
f 3225//4664 3227//4664 3228//4664
f 3225//4665 3228//4665 3229//4665
f 3225//4666 3229//4666 3230//4666
usemtl Mat_DarkWood
f 3237//4667 3238//4667 3241//4667
f 3237//4668 3241//4668 3240//4668
f 3238//4669 3239//4669 3242//4669
f 3238//4670 3242//4670 3241//4670
f 3239//4671 3237//4671 3240//4671
f 3239//4672 3240//4672 3242//4672
f 3240//4673 3241//4673 3244//4673
f 3240//4674 3244//4674 3243//4674
f 3241//4675 3242//4675 3245//4675
f 3241//4676 3245//4676 3244//4676
f 3242//4677 3240//4677 3243//4677
f 3242//4678 3243//4678 3245//4678
f 3243//4679 3244//4679 3247//4679
f 3243//4680 3247//4680 3246//4680
f 3244//4681 3245//4681 3248//4681
f 3244//4682 3248//4682 3247//4682
f 3245//4683 3243//4683 3246//4683
f 3245//4684 3246//4684 3248//4684
f 3246//4685 3247//4685 3250//4685
f 3246//4686 3250//4686 3249//4686
f 3247//4687 3248//4687 3251//4687
f 3247//4688 3251//4688 3250//4688
f 3248//4689 3246//4689 3249//4689
f 3248//4690 3249//4690 3251//4690
f 3249//4691 3250//4691 3253//4691
f 3249//4692 3253//4692 3252//4692
f 3250//4693 3251//4693 3254//4693
f 3250//4694 3254//4694 3253//4694
f 3251//4695 3249//4695 3252//4695
f 3251//4696 3252//4696 3254//4696
f 3252//4697 3253//4697 3238//4697
f 3252//4698 3238//4698 3237//4698
f 3253//4699 3254//4699 3239//4699
f 3253//4700 3239//4700 3238//4700
f 3254//4701 3252//4701 3237//4701
f 3254//4702 3237//4702 3239//4702
usemtl Mat_Void
f 3255//4703 3256//4703 3257//4703
f 3255//4704 3257//4704 3258//4704
f 3259//4705 3260//4705 3261//4705
f 3259//4706 3261//4706 3262//4706
f 3263//4707 3264//4707 3265//4707
f 3263//4708 3265//4708 3266//4708
f 3267//4709 3268//4709 3269//4709
f 3267//4710 3269//4710 3270//4710
f 3271//4711 3272//4711 3273//4711
f 3271//4712 3273//4712 3274//4712
usemtl Mat_Bone
f 3275//4713 3286//4713 3280//4713
f 3275//4714 3280//4714 3276//4714
f 3275//4715 3276//4715 3282//4715
f 3275//4716 3282//4716 3285//4716
f 3275//4717 3285//4717 3286//4717
f 3276//4718 3280//4718 3284//4718
f 3280//4719 3286//4719 3279//4719
f 3286//4720 3285//4720 3277//4720
f 3285//4721 3282//4721 3281//4721
f 3282//4722 3276//4722 3283//4722
f 3278//4723 3284//4723 3279//4723
f 3278//4724 3279//4724 3277//4724
f 3278//4725 3277//4725 3281//4725
f 3278//4726 3281//4726 3283//4726
f 3278//4727 3283//4727 3284//4727
f 3279//4728 3284//4728 3280//4728
f 3277//4729 3279//4729 3286//4729
f 3281//4730 3277//4730 3285//4730
f 3283//4731 3281//4731 3282//4731
f 3284//4732 3283//4732 3276//4732
f 3293//4733 3294//4733 3288//4733
f 3293//4734 3288//4734 3287//4734
f 3294//4735 3295//4735 3289//4735
f 3294//4736 3289//4736 3288//4736
f 3295//4737 3296//4737 3290//4737
f 3295//4738 3290//4738 3289//4738
f 3296//4739 3297//4739 3291//4739
f 3296//4740 3291//4740 3290//4740
f 3297//4741 3298//4741 3292//4741
f 3297//4742 3292//4742 3291//4742
f 3298//4743 3293//4743 3287//4743
f 3298//4744 3287//4744 3292//4744
f 3298//4745 3297//4745 3296//4745
f 3298//4746 3296//4746 3295//4746
f 3298//4747 3295//4747 3294//4747
f 3298//4748 3294//4748 3293//4748
f 3287//4749 3288//4749 3289//4749
f 3287//4750 3289//4750 3290//4750
f 3287//4751 3290//4751 3291//4751
f 3287//4752 3291//4752 3292//4752
usemtl Mat_DarkWood
f 3299//4753 3300//4753 3303//4753
f 3299//4754 3303//4754 3302//4754
f 3300//4755 3301//4755 3304//4755
f 3300//4756 3304//4756 3303//4756
f 3301//4757 3299//4757 3302//4757
f 3301//4758 3302//4758 3304//4758
f 3302//4759 3303//4759 3306//4759
f 3302//4760 3306//4760 3305//4760
f 3303//4761 3304//4761 3307//4761
f 3303//4762 3307//4762 3306//4762
f 3304//4763 3302//4763 3305//4763
f 3304//4764 3305//4764 3307//4764
f 3305//4765 3306//4765 3309//4765
f 3305//4766 3309//4766 3308//4766
f 3306//4767 3307//4767 3310//4767
f 3306//4768 3310//4768 3309//4768
f 3307//4769 3305//4769 3308//4769
f 3307//4770 3308//4770 3310//4770
f 3308//4771 3309//4771 3312//4771
f 3308//4772 3312//4772 3311//4772
f 3309//4773 3310//4773 3313//4773
f 3309//4774 3313//4774 3312//4774
f 3310//4775 3308//4775 3311//4775
f 3310//4776 3311//4776 3313//4776
f 3311//4777 3312//4777 3315//4777
f 3311//4778 3315//4778 3314//4778
f 3312//4779 3313//4779 3316//4779
f 3312//4780 3316//4780 3315//4780
f 3313//4781 3311//4781 3314//4781
f 3313//4782 3314//4782 3316//4782
f 3314//4783 3315//4783 3300//4783
f 3314//4784 3300//4784 3299//4784
f 3315//4785 3316//4785 3301//4785
f 3315//4786 3301//4786 3300//4786
f 3316//4787 3314//4787 3299//4787
f 3316//4788 3299//4788 3301//4788
usemtl Mat_Void
f 3317//4789 3318//4789 3319//4789
f 3317//4790 3319//4790 3320//4790
f 3321//4791 3322//4791 3323//4791
f 3321//4792 3323//4792 3324//4792
f 3325//4793 3326//4793 3327//4793
f 3325//4794 3327//4794 3328//4794
f 3329//4795 3330//4795 3331//4795
f 3329//4796 3331//4796 3332//4796
f 3333//4797 3334//4797 3335//4797
f 3333//4798 3335//4798 3336//4798
usemtl Mat_Bone
f 3337//4799 3348//4799 3342//4799
f 3337//4800 3342//4800 3338//4800
f 3337//4801 3338//4801 3344//4801
f 3337//4802 3344//4802 3347//4802
f 3337//4803 3347//4803 3348//4803
f 3338//4804 3342//4804 3346//4804
f 3342//4805 3348//4805 3341//4805
f 3348//4806 3347//4806 3339//4806
f 3347//4807 3344//4807 3343//4807
f 3344//4808 3338//4808 3345//4808
f 3340//4809 3346//4809 3341//4809
f 3340//4810 3341//4810 3339//4810
f 3340//4811 3339//4811 3343//4811
f 3340//4812 3343//4812 3345//4812
f 3340//4813 3345//4813 3346//4813
f 3341//4814 3346//4814 3342//4814
f 3339//4815 3341//4815 3348//4815
f 3343//4816 3339//4816 3347//4816
f 3345//4817 3343//4817 3344//4817
f 3346//4818 3345//4818 3338//4818
f 3355//4819 3356//4819 3350//4819
f 3355//4820 3350//4820 3349//4820
f 3356//4821 3357//4821 3351//4821
f 3356//4822 3351//4822 3350//4822
f 3357//4823 3358//4823 3352//4823
f 3357//4824 3352//4824 3351//4824
f 3358//4825 3359//4825 3353//4825
f 3358//4826 3353//4826 3352//4826
f 3359//4827 3360//4827 3354//4827
f 3359//4828 3354//4828 3353//4828
f 3360//4829 3355//4829 3349//4829
f 3360//4830 3349//4830 3354//4830
f 3360//4831 3359//4831 3358//4831
f 3360//4832 3358//4832 3357//4832
f 3360//4833 3357//4833 3356//4833
f 3360//4834 3356//4834 3355//4834
f 3349//4835 3350//4835 3351//4835
f 3349//4836 3351//4836 3352//4836
f 3349//4837 3352//4837 3353//4837
f 3349//4838 3353//4838 3354//4838
usemtl Mat_DarkWood
f 3361//4839 3362//4839 3365//4839
f 3361//4840 3365//4840 3364//4840
f 3362//4841 3363//4841 3366//4841
f 3362//4842 3366//4842 3365//4842
f 3363//4843 3361//4843 3364//4843
f 3363//4844 3364//4844 3366//4844
f 3364//4845 3365//4845 3368//4845
f 3364//4846 3368//4846 3367//4846
f 3365//4847 3366//4847 3369//4847
f 3365//4848 3369//4848 3368//4848
f 3366//4849 3364//4849 3367//4849
f 3366//4850 3367//4850 3369//4850
f 3367//4851 3368//4851 3371//4851
f 3367//4852 3371//4852 3370//4852
f 3368//4853 3369//4853 3372//4853
f 3368//4854 3372//4854 3371//4854
f 3369//4855 3367//4855 3370//4855
f 3369//4856 3370//4856 3372//4856
f 3370//4857 3371//4857 3374//4857
f 3370//4858 3374//4858 3373//4858
f 3371//4859 3372//4859 3375//4859
f 3371//4860 3375//4860 3374//4860
f 3372//4861 3370//4861 3373//4861
f 3372//4862 3373//4862 3375//4862
f 3373//4863 3374//4863 3377//4863
f 3373//4864 3377//4864 3376//4864
f 3374//4865 3375//4865 3378//4865
f 3374//4866 3378//4866 3377//4866
f 3375//4867 3373//4867 3376//4867
f 3375//4868 3376//4868 3378//4868
f 3376//4869 3377//4869 3362//4869
f 3376//4870 3362//4870 3361//4870
f 3377//4871 3378//4871 3363//4871
f 3377//4872 3363//4872 3362//4872
f 3378//4873 3376//4873 3361//4873
f 3378//4874 3361//4874 3363//4874
usemtl Mat_Void
f 3379//4875 3380//4875 3381//4875
f 3379//4876 3381//4876 3382//4876
f 3383//4877 3384//4877 3385//4877
f 3383//4878 3385//4878 3386//4878
f 3387//4879 3388//4879 3389//4879
f 3387//4880 3389//4880 3390//4880
f 3391//4881 3392//4881 3393//4881
f 3391//4882 3393//4882 3394//4882
f 3395//4883 3396//4883 3397//4883
f 3395//4884 3397//4884 3398//4884
usemtl Mat_DarkMetal
f 3406//4885 3405//4885 3404//4885
f 3406//4886 3404//4886 3403//4886
f 3403//4887 3404//4887 3400//4887
f 3403//4888 3400//4888 3399//4888
f 3404//4889 3405//4889 3401//4889
f 3404//4890 3401//4890 3400//4890
f 3405//4891 3406//4891 3402//4891
f 3405//4892 3402//4892 3401//4892
f 3406//4893 3403//4893 3399//4893
f 3406//4894 3399//4894 3402//4894
f 3400//4895 3401//4895 3402//4895
f 3400//4896 3402//4896 3399//4896
usemtl Mat_Metal
f 3414//4897 3413//4897 3412//4897
f 3414//4898 3412//4898 3411//4898
f 3411//4899 3412//4899 3408//4899
f 3411//4900 3408//4900 3407//4900
f 3412//4901 3413//4901 3409//4901
f 3412//4902 3409//4902 3408//4902
f 3413//4903 3414//4903 3410//4903
f 3413//4904 3410//4904 3409//4904
f 3414//4905 3411//4905 3407//4905
f 3414//4906 3407//4906 3410//4906
f 3408//4907 3409//4907 3410//4907
f 3408//4908 3410//4908 3407//4908
usemtl Mat_HeroRed
f 3423//4909 3424//4909 3416//4909
f 3423//4910 3416//4910 3415//4910
f 3424//4911 3425//4911 3417//4911
f 3424//4912 3417//4912 3416//4912
f 3425//4913 3426//4913 3418//4913
f 3425//4914 3418//4914 3417//4914
f 3426//4915 3427//4915 3419//4915
f 3426//4916 3419//4916 3418//4916
f 3427//4917 3428//4917 3420//4917
f 3427//4918 3420//4918 3419//4918
f 3428//4919 3429//4919 3421//4919
f 3428//4920 3421//4920 3420//4920
f 3429//4921 3430//4921 3422//4921
f 3429//4922 3422//4922 3421//4922
f 3430//4923 3423//4923 3415//4923
f 3430//4924 3415//4924 3422//4924
f 3430//4925 3429//4925 3428//4925
f 3430//4926 3428//4926 3427//4926
f 3430//4927 3427//4927 3426//4927
f 3430//4928 3426//4928 3425//4928
f 3430//4929 3425//4929 3424//4929
f 3430//4930 3424//4930 3423//4930
usemtl Mat_Sand
f 3438//4931 3437//4931 3436//4931
f 3438//4932 3436//4932 3435//4932
f 3435//4933 3436//4933 3432//4933
f 3435//4934 3432//4934 3431//4934
f 3436//4935 3437//4935 3433//4935
f 3436//4936 3433//4936 3432//4936
f 3437//4937 3438//4937 3434//4937
f 3437//4938 3434//4938 3433//4938
f 3438//4939 3435//4939 3431//4939
f 3438//4940 3431//4940 3434//4940
f 3432//4941 3433//4941 3434//4941
f 3432//4942 3434//4942 3431//4942
usemtl Mat_DarkMetal
f 3445//4943 3446//4943 3440//4943
f 3445//4944 3440//4944 3439//4944
f 3446//4945 3447//4945 3441//4945
f 3446//4946 3441//4946 3440//4946
f 3447//4947 3448//4947 3442//4947
f 3447//4948 3442//4948 3441//4948
f 3448//4949 3449//4949 3443//4949
f 3448//4950 3443//4950 3442//4950
f 3449//4951 3450//4951 3444//4951
f 3449//4952 3444//4952 3443//4952
f 3450//4953 3445//4953 3439//4953
f 3450//4954 3439//4954 3444//4954
f 3450//4955 3449//4955 3448//4955
f 3450//4956 3448//4956 3447//4956
f 3450//4957 3447//4957 3446//4957
f 3450//4958 3446//4958 3445//4958
f 3439//4959 3440//4959 3441//4959
f 3439//4960 3441//4960 3442//4960
f 3439//4961 3442//4961 3443//4961
f 3439//4962 3443//4962 3444//4962
usemtl Mat_NeonAmber
f 3452//4963 3453//4963 3451//4963
f 3453//4964 3454//4964 3451//4964
f 3454//4965 3455//4965 3451//4965
f 3455//4966 3456//4966 3451//4966
f 3456//4967 3457//4967 3451//4967
f 3457//4968 3458//4968 3451//4968
f 3458//4969 3459//4969 3451//4969
f 3459//4970 3452//4970 3451//4970
f 3460//4971 3461//4971 3453//4971
f 3460//4972 3453//4972 3452//4972
f 3461//4973 3462//4973 3454//4973
f 3461//4974 3454//4974 3453//4974
f 3462//4975 3463//4975 3455//4975
f 3462//4976 3455//4976 3454//4976
f 3463//4977 3464//4977 3456//4977
f 3463//4978 3456//4978 3455//4978
f 3464//4979 3465//4979 3457//4979
f 3464//4980 3457//4980 3456//4980
f 3465//4981 3466//4981 3458//4981
f 3465//4982 3458//4982 3457//4982
f 3466//4983 3467//4983 3459//4983
f 3466//4984 3459//4984 3458//4984
f 3467//4985 3460//4985 3452//4985
f 3467//4986 3452//4986 3459//4986
f 3468//4987 3469//4987 3461//4987
f 3468//4988 3461//4988 3460//4988
f 3469//4989 3470//4989 3462//4989
f 3469//4990 3462//4990 3461//4990
f 3470//4991 3471//4991 3463//4991
f 3470//4992 3463//4992 3462//4992
f 3471//4993 3472//4993 3464//4993
f 3471//4994 3464//4994 3463//4994
f 3472//4995 3473//4995 3465//4995
f 3472//4996 3465//4996 3464//4996
f 3473//4997 3474//4997 3466//4997
f 3473//4998 3466//4998 3465//4998
f 3474//4999 3475//4999 3467//4999
f 3474//5000 3467//5000 3466//5000
f 3475//5001 3468//5001 3460//5001
f 3475//5002 3460//5002 3467//5002
f 3476//5003 3469//5003 3468//5003
f 3476//5004 3470//5004 3469//5004
f 3476//5005 3471//5005 3470//5005
f 3476//5006 3472//5006 3471//5006
f 3476//5007 3473//5007 3472//5007
f 3476//5008 3474//5008 3473//5008
f 3476//5009 3475//5009 3474//5009
f 3476//5010 3468//5010 3475//5010
usemtl Mat_DarkMetal
f 3485//5011 3486//5011 3478//5011
f 3485//5012 3478//5012 3477//5012
f 3486//5013 3487//5013 3479//5013
f 3486//5014 3479//5014 3478//5014
f 3487//5015 3488//5015 3480//5015
f 3487//5016 3480//5016 3479//5016
f 3488//5017 3489//5017 3481//5017
f 3488//5018 3481//5018 3480//5018
f 3489//5019 3490//5019 3482//5019
f 3489//5020 3482//5020 3481//5020
f 3490//5021 3491//5021 3483//5021
f 3490//5022 3483//5022 3482//5022
f 3491//5023 3492//5023 3484//5023
f 3491//5024 3484//5024 3483//5024
f 3492//5025 3485//5025 3477//5025
f 3492//5026 3477//5026 3484//5026
f 3492//5027 3491//5027 3490//5027
f 3492//5028 3490//5028 3489//5028
f 3492//5029 3489//5029 3488//5029
f 3492//5030 3488//5030 3487//5030
f 3492//5031 3487//5031 3486//5031
f 3492//5032 3486//5032 3485//5032
f 3477//5033 3478//5033 3479//5033
f 3477//5034 3479//5034 3480//5034
f 3477//5035 3480//5035 3481//5035
f 3477//5036 3481//5036 3482//5036
f 3477//5037 3482//5037 3483//5037
f 3477//5038 3483//5038 3484//5038
usemtl Mat_Sand
f 3500//5039 3499//5039 3498//5039
f 3500//5040 3498//5040 3497//5040
f 3497//5041 3498//5041 3494//5041
f 3497//5042 3494//5042 3493//5042
f 3498//5043 3499//5043 3495//5043
f 3498//5044 3495//5044 3494//5044
f 3499//5045 3500//5045 3496//5045
f 3499//5046 3496//5046 3495//5046
f 3500//5047 3497//5047 3493//5047
f 3500//5048 3493//5048 3496//5048
f 3494//5049 3495//5049 3496//5049
f 3494//5050 3496//5050 3493//5050
usemtl Mat_DarkMetal
f 3507//5051 3508//5051 3502//5051
f 3507//5052 3502//5052 3501//5052
f 3508//5053 3509//5053 3503//5053
f 3508//5054 3503//5054 3502//5054
f 3509//5055 3510//5055 3504//5055
f 3509//5056 3504//5056 3503//5056
f 3510//5057 3511//5057 3505//5057
f 3510//5058 3505//5058 3504//5058
f 3511//5059 3512//5059 3506//5059
f 3511//5060 3506//5060 3505//5060
f 3512//5061 3507//5061 3501//5061
f 3512//5062 3501//5062 3506//5062
f 3512//5063 3511//5063 3510//5063
f 3512//5064 3510//5064 3509//5064
f 3512//5065 3509//5065 3508//5065
f 3512//5066 3508//5066 3507//5066
f 3501//5067 3502//5067 3503//5067
f 3501//5068 3503//5068 3504//5068
f 3501//5069 3504//5069 3505//5069
f 3501//5070 3505//5070 3506//5070
usemtl Mat_NeonAmber
f 3514//5071 3515//5071 3513//5071
f 3515//5072 3516//5072 3513//5072
f 3516//5073 3517//5073 3513//5073
f 3517//5074 3518//5074 3513//5074
f 3518//5075 3519//5075 3513//5075
f 3519//5076 3520//5076 3513//5076
f 3520//5077 3521//5077 3513//5077
f 3521//5078 3514//5078 3513//5078
f 3522//5079 3523//5079 3515//5079
f 3522//5080 3515//5080 3514//5080
f 3523//5081 3524//5081 3516//5081
f 3523//5082 3516//5082 3515//5082
f 3524//5083 3525//5083 3517//5083
f 3524//5084 3517//5084 3516//5084
f 3525//5085 3526//5085 3518//5085
f 3525//5086 3518//5086 3517//5086
f 3526//5087 3527//5087 3519//5087
f 3526//5088 3519//5088 3518//5088
f 3527//5089 3528//5089 3520//5089
f 3527//5090 3520//5090 3519//5090
f 3528//5091 3529//5091 3521//5091
f 3528//5092 3521//5092 3520//5092
f 3529//5093 3522//5093 3514//5093
f 3529//5094 3514//5094 3521//5094
f 3530//5095 3531//5095 3523//5095
f 3530//5096 3523//5096 3522//5096
f 3531//5097 3532//5097 3524//5097
f 3531//5098 3524//5098 3523//5098
f 3532//5099 3533//5099 3525//5099
f 3532//5100 3525//5100 3524//5100
f 3533//5101 3534//5101 3526//5101
f 3533//5102 3526//5102 3525//5102
f 3534//5103 3535//5103 3527//5103
f 3534//5104 3527//5104 3526//5104
f 3535//5105 3536//5105 3528//5105
f 3535//5106 3528//5106 3527//5106
f 3536//5107 3537//5107 3529//5107
f 3536//5108 3529//5108 3528//5108
f 3537//5109 3530//5109 3522//5109
f 3537//5110 3522//5110 3529//5110
f 3538//5111 3531//5111 3530//5111
f 3538//5112 3532//5112 3531//5112
f 3538//5113 3533//5113 3532//5113
f 3538//5114 3534//5114 3533//5114
f 3538//5115 3535//5115 3534//5115
f 3538//5116 3536//5116 3535//5116
f 3538//5117 3537//5117 3536//5117
f 3538//5118 3530//5118 3537//5118
usemtl Mat_DarkMetal
f 3547//5119 3548//5119 3540//5119
f 3547//5120 3540//5120 3539//5120
f 3548//5121 3549//5121 3541//5121
f 3548//5122 3541//5122 3540//5122
f 3549//5123 3550//5123 3542//5123
f 3549//5124 3542//5124 3541//5124
f 3550//5125 3551//5125 3543//5125
f 3550//5126 3543//5126 3542//5126
f 3551//5127 3552//5127 3544//5127
f 3551//5128 3544//5128 3543//5128
f 3552//5129 3553//5129 3545//5129
f 3552//5130 3545//5130 3544//5130
f 3553//5131 3554//5131 3546//5131
f 3553//5132 3546//5132 3545//5132
f 3554//5133 3547//5133 3539//5133
f 3554//5134 3539//5134 3546//5134
f 3554//5135 3553//5135 3552//5135
f 3554//5136 3552//5136 3551//5136
f 3554//5137 3551//5137 3550//5137
f 3554//5138 3550//5138 3549//5138
f 3554//5139 3549//5139 3548//5139
f 3554//5140 3548//5140 3547//5140
f 3539//5141 3540//5141 3541//5141
f 3539//5142 3541//5142 3542//5142
f 3539//5143 3542//5143 3543//5143
f 3539//5144 3543//5144 3544//5144
f 3539//5145 3544//5145 3545//5145
f 3539//5146 3545//5146 3546//5146
o Bldg_Bank_Vault_Door
v 1.66733 2.46835 3.82000
v 1.41350 1.85553 3.82000
v 0.94447 1.38650 3.82000
v 0.33165 1.13267 3.82000
v -0.33165 1.13267 3.82000
v -0.94447 1.38650 3.82000
v -1.41350 1.85553 3.82000
v -1.66733 2.46835 3.82000
v -1.66733 3.13165 3.82000
v -1.41350 3.74447 3.82000
v -0.94447 4.21350 3.82000
v -0.33165 4.46733 3.82000
v 0.33165 4.46733 3.82000
v 0.94447 4.21350 3.82000
v 1.41350 3.74447 3.82000
v 1.66733 3.13165 3.82000
v 1.60849 2.48005 4.17000
v 1.36361 1.88886 4.17000
v 0.91114 1.43639 4.17000
v 0.31995 1.19151 4.17000
v -0.31995 1.19151 4.17000
v -0.91114 1.43639 4.17000
v -1.36361 1.88886 4.17000
v -1.60849 2.48005 4.17000
v -1.60849 3.11995 4.17000
v -1.36361 3.71114 4.17000
v -0.91114 4.16361 4.17000
v -0.31995 4.40849 4.17000
v 0.31995 4.40849 4.17000
v 0.91114 4.16361 4.17000
v 1.36361 3.71114 4.17000
v 1.60849 3.11995 4.17000
v 1.45000 2.80000 4.17000
v 1.33963 2.24511 4.17000
v 1.02530 1.77470 4.17000
v 0.55489 1.46037 4.17000
v 0.00000 1.35000 4.17000
v -0.55489 1.46037 4.17000
v -1.02530 1.77470 4.17000
v -1.33963 2.24511 4.17000
v -1.45000 2.80000 4.17000
v -1.33963 3.35489 4.17000
v -1.02530 3.82530 4.17000
v -0.55489 4.13963 4.17000
v -0.00000 4.25000 4.17000
v 0.55489 4.13963 4.17000
v 1.02530 3.82530 4.17000
v 1.33963 3.35489 4.17000
v 1.45000 2.80000 4.21000
v 1.33963 2.24511 4.21000
v 1.02530 1.77470 4.21000
v 0.55489 1.46037 4.21000
v 0.00000 1.35000 4.21000
v -0.55489 1.46037 4.21000
v -1.02530 1.77470 4.21000
v -1.33963 2.24511 4.21000
v -1.45000 2.80000 4.21000
v -1.33963 3.35489 4.21000
v -1.02530 3.82530 4.21000
v -0.55489 4.13963 4.21000
v -0.00000 4.25000 4.21000
v 0.55489 4.13963 4.21000
v 1.02530 3.82530 4.21000
v 1.33963 3.35489 4.21000
v 1.63000 2.80000 4.18000
v 1.55000 2.72000 4.18000
v 1.47000 2.80000 4.18000
v 1.55000 2.88000 4.18000
v 1.61000 2.80000 4.26000
v 1.55000 2.74000 4.26000
v 1.49000 2.80000 4.26000
v 1.55000 2.86000 4.26000
v 1.42234 3.57500 4.18000
v 1.34234 3.49500 4.18000
v 1.26234 3.57500 4.18000
v 1.34234 3.65500 4.18000
v 1.40234 3.57500 4.26000
v 1.34234 3.51500 4.26000
v 1.28234 3.57500 4.26000
v 1.34234 3.63500 4.26000
v 0.85500 4.14234 4.18000
v 0.77500 4.06234 4.18000
v 0.69500 4.14234 4.18000
v 0.77500 4.22234 4.18000
v 0.83500 4.14234 4.26000
v 0.77500 4.08234 4.26000
v 0.71500 4.14234 4.26000
v 0.77500 4.20234 4.26000
v 0.08000 4.35000 4.18000
v 0.00000 4.27000 4.18000
v -0.08000 4.35000 4.18000
v 0.00000 4.43000 4.18000
v 0.06000 4.35000 4.26000
v 0.00000 4.29000 4.26000
v -0.06000 4.35000 4.26000
v 0.00000 4.41000 4.26000
v -0.69500 4.14234 4.18000
v -0.77500 4.06234 4.18000
v -0.85500 4.14234 4.18000
v -0.77500 4.22234 4.18000
v -0.71500 4.14234 4.26000
v -0.77500 4.08234 4.26000
v -0.83500 4.14234 4.26000
v -0.77500 4.20234 4.26000
v -1.26234 3.57500 4.18000
v -1.34234 3.49500 4.18000
v -1.42234 3.57500 4.18000
v -1.34234 3.65500 4.18000
v -1.28234 3.57500 4.26000
v -1.34234 3.51500 4.26000
v -1.40234 3.57500 4.26000
v -1.34234 3.63500 4.26000
v -1.47000 2.80000 4.18000
v -1.55000 2.72000 4.18000
v -1.63000 2.80000 4.18000
v -1.55000 2.88000 4.18000
v -1.49000 2.80000 4.26000
v -1.55000 2.74000 4.26000
v -1.61000 2.80000 4.26000
v -1.55000 2.86000 4.26000
v -1.26234 2.02500 4.18000
v -1.34234 1.94500 4.18000
v -1.42234 2.02500 4.18000
v -1.34234 2.10500 4.18000
v -1.28234 2.02500 4.26000
v -1.34234 1.96500 4.26000
v -1.40234 2.02500 4.26000
v -1.34234 2.08500 4.26000
v -0.69500 1.45766 4.18000
v -0.77500 1.37766 4.18000
v -0.85500 1.45766 4.18000
v -0.77500 1.53766 4.18000
v -0.71500 1.45766 4.26000
v -0.77500 1.39766 4.26000
v -0.83500 1.45766 4.26000
v -0.77500 1.51766 4.26000
v 0.08000 1.25000 4.18000
v -0.00000 1.17000 4.18000
v -0.08000 1.25000 4.18000
v -0.00000 1.33000 4.18000
v 0.06000 1.25000 4.26000
v -0.00000 1.19000 4.26000
v -0.06000 1.25000 4.26000
v -0.00000 1.31000 4.26000
v 0.85500 1.45766 4.18000
v 0.77500 1.37766 4.18000
v 0.69500 1.45766 4.18000
v 0.77500 1.53766 4.18000
v 0.83500 1.45766 4.26000
v 0.77500 1.39766 4.26000
v 0.71500 1.45766 4.26000
v 0.77500 1.51766 4.26000
v 1.42234 2.02500 4.18000
v 1.34234 1.94500 4.18000
v 1.26234 2.02500 4.18000
v 1.34234 2.10500 4.18000
v 1.40234 2.02500 4.26000
v 1.34234 1.96500 4.26000
v 1.28234 2.02500 4.26000
v 1.34234 2.08500 4.26000
v 0.96246 3.13009 4.22000
v 1.16246 3.13009 4.22000
v 1.16246 3.17009 4.22000
v 0.96246 3.17009 4.22000
v 1.17246 3.14009 4.22000
v 1.17246 3.34009 4.22000
v 1.13246 3.34009 4.22000
v 1.13246 3.14009 4.22000
v 1.16246 3.35009 4.22000
v 1.00746 3.35009 4.22000
v 1.00746 3.31009 4.22000
v 1.16246 3.31009 4.22000
v 0.99746 3.34009 4.22000
v 0.99746 3.21209 4.22000
v 1.03746 3.21209 4.22000
v 1.03746 3.34009 4.22000
v 1.00746 3.20209 4.22000
v 1.10846 3.20209 4.22000
v 1.10846 3.24209 4.22000
v 1.00746 3.24209 4.22000
v 0.36350 3.75457 4.22000
v 0.46245 3.95246 4.22000
v 0.42667 3.97035 4.22000
v 0.32773 3.77246 4.22000
v 0.41773 3.95246 4.22000
v 0.51667 3.75457 4.22000
v 0.55245 3.77246 4.22000
v 0.45350 3.97035 4.22000
v 0.54009 3.79246 4.22000
v 0.34009 3.79246 4.22000
v 0.34009 3.75246 4.22000
v 0.54009 3.75246 4.22000
v 0.47209 3.83006 4.22000
v 0.44009 3.86206 4.22000
v 0.40809 3.83006 4.22000
v 0.44009 3.79806 4.22000
v -0.54541 3.93618 4.22000
v -0.34625 3.87643 4.22000
v -0.33476 3.91474 4.22000
v -0.53392 3.97449 4.22000
v -0.34725 3.92064 4.22000
v -0.54613 3.85104 4.22000
v -0.53292 3.81328 4.22000
v -0.33404 3.88289 4.22000
v -0.54613 3.81989 4.22000
v -0.34725 3.75028 4.22000
v -0.33404 3.78804 4.22000
v -0.53292 3.85764 4.22000
v -1.04246 3.14009 4.22000
v -1.04246 3.25909 4.22000
v -1.08246 3.25909 4.22000
v -1.08246 3.14009 4.22000
v -1.17327 3.32191 4.22000
v -1.06841 3.22753 4.22000
v -1.04165 3.25726 4.22000
v -1.14652 3.35164 4.22000
v -1.05652 3.22753 4.22000
v -0.95165 3.32191 4.22000
v -0.97841 3.35164 4.22000
v -1.08327 3.25726 4.22000
v -1.03046 3.31209 4.22000
v -1.06246 3.34409 4.22000
v -1.09446 3.31209 4.22000
v -1.06246 3.28009 4.22000
v -1.14539 2.33870 4.22000
v -1.04125 2.44284 4.22000
v -1.06953 2.47113 4.22000
v -1.17367 2.36699 4.22000
v -1.08367 2.44284 4.22000
v -0.97953 2.33870 4.22000
v -0.95125 2.36699 4.22000
v -1.05539 2.47113 4.22000
v -0.97953 2.38113 4.22000
v -1.08367 2.27699 4.22000
v -1.05539 2.24870 4.22000
v -0.95125 2.35284 4.22000
v -1.04125 2.27699 4.22000
v -1.14539 2.38113 4.22000
v -1.17367 2.35284 4.22000
v -1.06953 2.24870 4.22000
v -1.03046 2.35991 4.22000
v -1.06246 2.39191 4.22000
v -1.09446 2.35991 4.22000
v -1.06246 2.32791 4.22000
v -0.54009 1.80754 4.22000
v -0.34009 1.80754 4.22000
v -0.34009 1.84754 4.22000
v -0.54009 1.84754 4.22000
v -0.37009 1.83754 4.22000
v -0.37009 1.69154 4.22000
v -0.33009 1.69154 4.22000
v -0.33009 1.83754 4.22000
v -0.35009 1.72390 4.22000
v -0.47597 1.66095 4.22000
v -0.45809 1.62518 4.22000
v -0.33220 1.68812 4.22000
v -0.44409 1.74654 4.22000
v -0.47609 1.77854 4.22000
v -0.50809 1.74654 4.22000
v -0.47609 1.71454 4.22000
v 0.35716 1.62633 4.22000
v 0.55130 1.82047 4.22000
v 0.52301 1.84875 4.22000
v 0.32887 1.65461 4.22000
v 0.32887 1.82047 4.22000
v 0.52301 1.62633 4.22000
v 0.55130 1.65461 4.22000
v 0.35716 1.84875 4.22000
v 0.47209 1.82754 4.22000
v 0.44009 1.85954 4.22000
v 0.40809 1.82754 4.22000
v 0.44009 1.79554 4.22000
v 0.99246 2.25991 4.22000
v 0.99246 2.45991 4.22000
v 0.95246 2.45991 4.22000
v 0.95246 2.25991 4.22000
v 1.07346 2.25991 4.22000
v 1.07346 2.45991 4.22000
v 1.03346 2.45991 4.22000
v 1.03346 2.25991 4.22000
v 1.04346 2.33991 4.22000
v 1.16246 2.33991 4.22000
v 1.16246 2.37991 4.22000
v 1.04346 2.37991 4.22000
v 1.13246 2.36991 4.22000
v 1.13246 2.25991 4.22000
v 1.17246 2.25991 4.22000
v 1.17246 2.36991 4.22000
v -2.05000 1.75000 3.82000
v -1.55000 1.75000 3.82000
v -1.55000 1.75000 4.02000
v -2.05000 1.75000 4.02000
v -2.05000 2.05000 3.82000
v -1.55000 2.05000 3.82000
v -1.55000 2.05000 4.02000
v -2.05000 2.05000 4.02000
v -2.05000 3.55000 3.82000
v -1.55000 3.55000 3.82000
v -1.55000 3.55000 4.02000
v -2.05000 3.55000 4.02000
v -2.05000 3.85000 3.82000
v -1.55000 3.85000 3.82000
v -1.55000 3.85000 4.02000
v -2.05000 3.85000 4.02000
vn 0.9111 -0.3774 0.1658
vn 0.9111 -0.3774 0.1658
vn 0.6973 -0.6973 0.1658
vn 0.6973 -0.6973 0.1658
vn 0.3774 -0.9111 0.1658
vn 0.3774 -0.9111 0.1658
vn 0.0000 -0.9862 0.1658
vn 0.0000 -0.9862 0.1658
vn -0.3774 -0.9111 0.1658
vn -0.3774 -0.9111 0.1658
vn -0.6973 -0.6973 0.1658
vn -0.6973 -0.6973 0.1658
vn -0.9111 -0.3774 0.1658
vn -0.9111 -0.3774 0.1658
vn -0.9862 0.0000 0.1658
vn -0.9862 0.0000 0.1658
vn -0.9111 0.3774 0.1658
vn -0.9111 0.3774 0.1658
vn -0.6973 0.6973 0.1658
vn -0.6973 0.6973 0.1658
vn -0.3774 0.9111 0.1658
vn -0.3774 0.9111 0.1658
vn -0.0000 0.9862 0.1658
vn 0.0000 0.9862 0.1658
vn 0.3774 0.9111 0.1658
vn 0.3774 0.9111 0.1658
vn 0.6973 0.6973 0.1658
vn 0.6973 0.6973 0.1658
vn 0.9111 0.3774 0.1658
vn 0.9111 0.3774 0.1658
vn 0.9862 0.0000 0.1658
vn 0.9862 0.0000 0.1658
vn 0.0000 0.0000 1.0000
vn 0.0000 0.0000 1.0000
vn 0.0000 0.0000 1.0000
vn 0.0000 0.0000 1.0000
vn 0.0000 0.0000 1.0000
vn 0.0000 0.0000 1.0000
vn 0.0000 0.0000 1.0000
vn 0.0000 0.0000 1.0000
vn 0.0000 0.0000 1.0000
vn 0.0000 0.0000 1.0000
vn 0.0000 0.0000 1.0000
vn 0.0000 0.0000 1.0000
vn 0.0000 0.0000 1.0000
vn 0.0000 0.0000 1.0000
vn 0.9808 -0.1951 0.0000
vn 0.9808 -0.1951 0.0000
vn 0.8315 -0.5556 0.0000
vn 0.8315 -0.5556 0.0000
vn 0.5556 -0.8315 0.0000
vn 0.5556 -0.8315 0.0000
vn 0.1951 -0.9808 0.0000
vn 0.1951 -0.9808 0.0000
vn -0.1951 -0.9808 0.0000
vn -0.1951 -0.9808 -0.0000
vn -0.5556 -0.8315 0.0000
vn -0.5556 -0.8315 -0.0000
vn -0.8315 -0.5556 0.0000
vn -0.8315 -0.5556 -0.0000
vn -0.9808 -0.1951 0.0000
vn -0.9808 -0.1951 -0.0000
vn -0.9808 0.1951 0.0000
vn -0.9808 0.1951 0.0000
vn -0.8315 0.5556 0.0000
vn -0.8315 0.5556 0.0000
vn -0.5556 0.8315 0.0000
vn -0.5556 0.8315 0.0000
vn -0.1951 0.9808 0.0000
vn -0.1951 0.9808 0.0000
vn 0.1951 0.9808 0.0000
vn 0.1951 0.9808 0.0000
vn 0.5556 0.8315 0.0000
vn 0.5556 0.8315 0.0000
vn 0.8315 0.5556 0.0000
vn 0.8315 0.5556 0.0000
vn 0.9808 0.1951 0.0000
vn 0.9808 0.1951 0.0000
vn 0.0000 0.0000 1.0000
vn 0.0000 0.0000 1.0000
vn 0.0000 0.0000 1.0000
vn 0.0000 0.0000 1.0000
vn 0.0000 0.0000 1.0000
vn 0.0000 0.0000 1.0000
vn 0.0000 0.0000 1.0000
vn 0.0000 0.0000 1.0000
vn 0.0000 0.0000 1.0000
vn 0.0000 0.0000 1.0000
vn 0.0000 0.0000 1.0000
vn 0.0000 0.0000 1.0000
vn 0.0000 0.0000 1.0000
vn 0.0000 0.0000 1.0000
vn 0.6963 -0.6963 0.1741
vn 0.6963 -0.6963 0.1741
vn -0.6963 -0.6963 0.1741
vn -0.6963 -0.6963 0.1741
vn -0.6963 0.6963 0.1741
vn -0.6963 0.6963 0.1741
vn 0.6963 0.6963 0.1741
vn 0.6963 0.6963 0.1741
vn 0.0000 0.0000 1.0000
vn 0.0000 0.0000 1.0000
vn 0.6963 -0.6963 0.1741
vn 0.6963 -0.6963 0.1741
vn -0.6963 -0.6963 0.1741
vn -0.6963 -0.6963 0.1741
vn -0.6963 0.6963 0.1741
vn -0.6963 0.6963 0.1741
vn 0.6963 0.6963 0.1741
vn 0.6963 0.6963 0.1741
vn 0.0000 0.0000 1.0000
vn 0.0000 0.0000 1.0000
vn 0.6963 -0.6963 0.1741
vn 0.6963 -0.6963 0.1741
vn -0.6963 -0.6963 0.1741
vn -0.6963 -0.6963 0.1741
vn -0.6963 0.6963 0.1741
vn -0.6963 0.6963 0.1741
vn 0.6963 0.6963 0.1741
vn 0.6963 0.6963 0.1741
vn 0.0000 0.0000 1.0000
vn 0.0000 0.0000 1.0000
vn 0.6963 -0.6963 0.1741
vn 0.6963 -0.6963 0.1741
vn -0.6963 -0.6963 0.1741
vn -0.6963 -0.6963 0.1741
vn -0.6963 0.6963 0.1741
vn -0.6963 0.6963 0.1741
vn 0.6963 0.6963 0.1741
vn 0.6963 0.6963 0.1741
vn 0.0000 0.0000 1.0000
vn 0.0000 0.0000 1.0000
vn 0.6963 -0.6963 0.1741
vn 0.6963 -0.6963 0.1741
vn -0.6963 -0.6963 0.1741
vn -0.6963 -0.6963 0.1741
vn -0.6963 0.6963 0.1741
vn -0.6963 0.6963 0.1741
vn 0.6963 0.6963 0.1741
vn 0.6963 0.6963 0.1741
vn 0.0000 0.0000 1.0000
vn 0.0000 0.0000 1.0000
vn 0.6963 -0.6963 0.1741
vn 0.6963 -0.6963 0.1741
vn -0.6963 -0.6963 0.1741
vn -0.6963 -0.6963 0.1741
vn -0.6963 0.6963 0.1741
vn -0.6963 0.6963 0.1741
vn 0.6963 0.6963 0.1741
vn 0.6963 0.6963 0.1741
vn 0.0000 0.0000 1.0000
vn 0.0000 0.0000 1.0000
vn 0.6963 -0.6963 0.1741
vn 0.6963 -0.6963 0.1741
vn -0.6963 -0.6963 0.1741
vn -0.6963 -0.6963 0.1741
vn -0.6963 0.6963 0.1741
vn -0.6963 0.6963 0.1741
vn 0.6963 0.6963 0.1741
vn 0.6963 0.6963 0.1741
vn 0.0000 0.0000 1.0000
vn 0.0000 0.0000 1.0000
vn 0.6963 -0.6963 0.1741
vn 0.6963 -0.6963 0.1741
vn -0.6963 -0.6963 0.1741
vn -0.6963 -0.6963 0.1741
vn -0.6963 0.6963 0.1741
vn -0.6963 0.6963 0.1741
vn 0.6963 0.6963 0.1741
vn 0.6963 0.6963 0.1741
vn 0.0000 0.0000 1.0000
vn 0.0000 0.0000 1.0000
vn 0.6963 -0.6963 0.1741
vn 0.6963 -0.6963 0.1741
vn -0.6963 -0.6963 0.1741
vn -0.6963 -0.6963 0.1741
vn -0.6963 0.6963 0.1741
vn -0.6963 0.6963 0.1741
vn 0.6963 0.6963 0.1741
vn 0.6963 0.6963 0.1741
vn 0.0000 0.0000 1.0000
vn 0.0000 0.0000 1.0000
vn 0.6963 -0.6963 0.1741
vn 0.6963 -0.6963 0.1741
vn -0.6963 -0.6963 0.1741
vn -0.6963 -0.6963 0.1741
vn -0.6963 0.6963 0.1741
vn -0.6963 0.6963 0.1741
vn 0.6963 0.6963 0.1741
vn 0.6963 0.6963 0.1741
vn 0.0000 0.0000 1.0000
vn 0.0000 0.0000 1.0000
vn 0.6963 -0.6963 0.1741
vn 0.6963 -0.6963 0.1741
vn -0.6963 -0.6963 0.1741
vn -0.6963 -0.6963 0.1741
vn -0.6963 0.6963 0.1741
vn -0.6963 0.6963 0.1741
vn 0.6963 0.6963 0.1741
vn 0.6963 0.6963 0.1741
vn 0.0000 0.0000 1.0000
vn 0.0000 0.0000 1.0000
vn 0.6963 -0.6963 0.1741
vn 0.6963 -0.6963 0.1741
vn -0.6963 -0.6963 0.1741
vn -0.6963 -0.6963 0.1741
vn -0.6963 0.6963 0.1741
vn -0.6963 0.6963 0.1741
vn 0.6963 0.6963 0.1741
vn 0.6963 0.6963 0.1741
vn 0.0000 0.0000 1.0000
vn 0.0000 0.0000 1.0000
vn 0.0000 0.0000 1.0000
vn 0.0000 0.0000 1.0000
vn 0.0000 -0.0000 1.0000
vn 0.0000 0.0000 1.0000
vn 0.0000 0.0000 1.0000
vn 0.0000 0.0000 1.0000
vn 0.0000 0.0000 1.0000
vn -0.0000 0.0000 1.0000
vn 0.0000 0.0000 1.0000
vn 0.0000 0.0000 1.0000
vn 0.0000 0.0000 1.0000
vn 0.0000 -0.0000 1.0000
vn 0.0000 0.0000 1.0000
vn -0.0000 0.0000 1.0000
vn 0.0000 0.0000 1.0000
vn 0.0000 0.0000 1.0000
vn 0.0000 0.0000 1.0000
vn 0.0000 0.0000 1.0000
vn 0.0000 0.0000 1.0000
vn -0.0000 0.0000 1.0000
vn 0.0000 0.0000 1.0000
vn 0.0000 0.0000 1.0000
vn 0.0000 0.0000 1.0000
vn -0.0000 0.0000 1.0000
vn 0.0000 -0.0000 1.0000
vn 0.0000 0.0000 1.0000
vn 0.0000 0.0000 1.0000
vn -0.0000 0.0000 1.0000
vn 0.0000 0.0000 1.0000
vn 0.0000 -0.0000 1.0000
vn 0.0000 0.0000 1.0000
vn 0.0000 0.0000 1.0000
vn 0.0000 0.0000 1.0000
vn 0.0000 -0.0000 1.0000
vn 0.0000 0.0000 1.0000
vn -0.0000 0.0000 1.0000
vn 0.0000 0.0000 1.0000
vn 0.0000 0.0000 1.0000
vn 0.0000 0.0000 1.0000
vn 0.0000 0.0000 1.0000
vn 0.0000 0.0000 1.0000
vn 0.0000 0.0000 1.0000
vn 0.0000 0.0000 1.0000
vn 0.0000 0.0000 1.0000
vn 0.0000 0.0000 1.0000
vn -0.0000 0.0000 1.0000
vn 0.0000 0.0000 1.0000
vn 0.0000 0.0000 1.0000
vn 0.0000 0.0000 1.0000
vn 0.0000 0.0000 1.0000
vn 0.0000 0.0000 1.0000
vn 0.0000 -0.0000 1.0000
vn 0.0000 0.0000 1.0000
vn -0.0000 0.0000 1.0000
vn 0.0000 0.0000 1.0000
vn 0.0000 0.0000 1.0000
vn 0.0000 -0.0000 1.0000
vn 0.0000 0.0000 1.0000
vn 0.0000 -0.0000 1.0000
vn 0.0000 0.0000 1.0000
vn 0.0000 0.0000 1.0000
vn 0.0000 0.0000 1.0000
vn 0.0000 0.0000 1.0000
vn -0.0000 0.0000 1.0000
vn -0.0000 1.0000 0.0000
vn 0.0000 1.0000 0.0000
vn 0.0000 0.0000 -1.0000
vn 0.0000 0.0000 -1.0000
vn 1.0000 0.0000 -0.0000
vn 1.0000 0.0000 0.0000
vn 0.0000 0.0000 1.0000
vn 0.0000 0.0000 1.0000
vn -1.0000 0.0000 -0.0000
vn -1.0000 -0.0000 0.0000
vn 0.0000 -1.0000 0.0000
vn 0.0000 -1.0000 0.0000
vn -0.0000 1.0000 0.0000
vn 0.0000 1.0000 0.0000
vn 0.0000 0.0000 -1.0000
vn 0.0000 0.0000 -1.0000
vn 1.0000 0.0000 -0.0000
vn 1.0000 0.0000 0.0000
vn 0.0000 0.0000 1.0000
vn 0.0000 0.0000 1.0000
vn -1.0000 0.0000 -0.0000
vn -1.0000 -0.0000 0.0000
vn 0.0000 -1.0000 0.0000
vn 0.0000 -1.0000 0.0000
usemtl Mat_DarkMetal
f 3571//5147 3572//5147 3556//5147
f 3571//5148 3556//5148 3555//5148
f 3572//5149 3573//5149 3557//5149
f 3572//5150 3557//5150 3556//5150
f 3573//5151 3574//5151 3558//5151
f 3573//5152 3558//5152 3557//5152
f 3574//5153 3575//5153 3559//5153
f 3574//5154 3559//5154 3558//5154
f 3575//5155 3576//5155 3560//5155
f 3575//5156 3560//5156 3559//5156
f 3576//5157 3577//5157 3561//5157
f 3576//5158 3561//5158 3560//5158
f 3577//5159 3578//5159 3562//5159
f 3577//5160 3562//5160 3561//5160
f 3578//5161 3579//5161 3563//5161
f 3578//5162 3563//5162 3562//5162
f 3579//5163 3580//5163 3564//5163
f 3579//5164 3564//5164 3563//5164
f 3580//5165 3581//5165 3565//5165
f 3580//5166 3565//5166 3564//5166
f 3581//5167 3582//5167 3566//5167
f 3581//5168 3566//5168 3565//5168
f 3582//5169 3583//5169 3567//5169
f 3582//5170 3567//5170 3566//5170
f 3583//5171 3584//5171 3568//5171
f 3583//5172 3568//5172 3567//5172
f 3584//5173 3585//5173 3569//5173
f 3584//5174 3569//5174 3568//5174
f 3585//5175 3586//5175 3570//5175
f 3585//5176 3570//5176 3569//5176
f 3586//5177 3571//5177 3555//5177
f 3586//5178 3555//5178 3570//5178
f 3586//5179 3585//5179 3584//5179
f 3586//5180 3584//5180 3583//5180
f 3586//5181 3583//5181 3582//5181
f 3586//5182 3582//5182 3581//5182
f 3586//5183 3581//5183 3580//5183
f 3586//5184 3580//5184 3579//5184
f 3586//5185 3579//5185 3578//5185
f 3586//5186 3578//5186 3577//5186
f 3586//5187 3577//5187 3576//5187
f 3586//5188 3576//5188 3575//5188
f 3586//5189 3575//5189 3574//5189
f 3586//5190 3574//5190 3573//5190
f 3586//5191 3573//5191 3572//5191
f 3586//5192 3572//5192 3571//5192
usemtl Mat_Metal
f 3603//5193 3604//5193 3588//5193
f 3603//5194 3588//5194 3587//5194
f 3604//5195 3605//5195 3589//5195
f 3604//5196 3589//5196 3588//5196
f 3605//5197 3606//5197 3590//5197
f 3605//5198 3590//5198 3589//5198
f 3606//5199 3607//5199 3591//5199
f 3606//5200 3591//5200 3590//5200
f 3607//5201 3608//5201 3592//5201
f 3607//5202 3592//5202 3591//5202
f 3608//5203 3609//5203 3593//5203
f 3608//5204 3593//5204 3592//5204
f 3609//5205 3610//5205 3594//5205
f 3609//5206 3594//5206 3593//5206
f 3610//5207 3611//5207 3595//5207
f 3610//5208 3595//5208 3594//5208
f 3611//5209 3612//5209 3596//5209
f 3611//5210 3596//5210 3595//5210
f 3612//5211 3613//5211 3597//5211
f 3612//5212 3597//5212 3596//5212
f 3613//5213 3614//5213 3598//5213
f 3613//5214 3598//5214 3597//5214
f 3614//5215 3615//5215 3599//5215
f 3614//5216 3599//5216 3598//5216
f 3615//5217 3616//5217 3600//5217
f 3615//5218 3600//5218 3599//5218
f 3616//5219 3617//5219 3601//5219
f 3616//5220 3601//5220 3600//5220
f 3617//5221 3618//5221 3602//5221
f 3617//5222 3602//5222 3601//5222
f 3618//5223 3603//5223 3587//5223
f 3618//5224 3587//5224 3602//5224
f 3618//5225 3617//5225 3616//5225
f 3618//5226 3616//5226 3615//5226
f 3618//5227 3615//5227 3614//5227
f 3618//5228 3614//5228 3613//5228
f 3618//5229 3613//5229 3612//5229
f 3618//5230 3612//5230 3611//5230
f 3618//5231 3611//5231 3610//5231
f 3618//5232 3610//5232 3609//5232
f 3618//5233 3609//5233 3608//5233
f 3618//5234 3608//5234 3607//5234
f 3618//5235 3607//5235 3606//5235
f 3618//5236 3606//5236 3605//5236
f 3618//5237 3605//5237 3604//5237
f 3618//5238 3604//5238 3603//5238
f 3623//5239 3624//5239 3620//5239
f 3623//5240 3620//5240 3619//5240
f 3624//5241 3625//5241 3621//5241
f 3624//5242 3621//5242 3620//5242
f 3625//5243 3626//5243 3622//5243
f 3625//5244 3622//5244 3621//5244
f 3626//5245 3623//5245 3619//5245
f 3626//5246 3619//5246 3622//5246
f 3626//5247 3625//5247 3624//5247
f 3626//5248 3624//5248 3623//5248
f 3631//5249 3632//5249 3628//5249
f 3631//5250 3628//5250 3627//5250
f 3632//5251 3633//5251 3629//5251
f 3632//5252 3629//5252 3628//5252
f 3633//5253 3634//5253 3630//5253
f 3633//5254 3630//5254 3629//5254
f 3634//5255 3631//5255 3627//5255
f 3634//5256 3627//5256 3630//5256
f 3634//5257 3633//5257 3632//5257
f 3634//5258 3632//5258 3631//5258
f 3639//5259 3640//5259 3636//5259
f 3639//5260 3636//5260 3635//5260
f 3640//5261 3641//5261 3637//5261
f 3640//5262 3637//5262 3636//5262
f 3641//5263 3642//5263 3638//5263
f 3641//5264 3638//5264 3637//5264
f 3642//5265 3639//5265 3635//5265
f 3642//5266 3635//5266 3638//5266
f 3642//5267 3641//5267 3640//5267
f 3642//5268 3640//5268 3639//5268
f 3647//5269 3648//5269 3644//5269
f 3647//5270 3644//5270 3643//5270
f 3648//5271 3649//5271 3645//5271
f 3648//5272 3645//5272 3644//5272
f 3649//5273 3650//5273 3646//5273
f 3649//5274 3646//5274 3645//5274
f 3650//5275 3647//5275 3643//5275
f 3650//5276 3643//5276 3646//5276
f 3650//5277 3649//5277 3648//5277
f 3650//5278 3648//5278 3647//5278
f 3655//5279 3656//5279 3652//5279
f 3655//5280 3652//5280 3651//5280
f 3656//5281 3657//5281 3653//5281
f 3656//5282 3653//5282 3652//5282
f 3657//5283 3658//5283 3654//5283
f 3657//5284 3654//5284 3653//5284
f 3658//5285 3655//5285 3651//5285
f 3658//5286 3651//5286 3654//5286
f 3658//5287 3657//5287 3656//5287
f 3658//5288 3656//5288 3655//5288
f 3663//5289 3664//5289 3660//5289
f 3663//5290 3660//5290 3659//5290
f 3664//5291 3665//5291 3661//5291
f 3664//5292 3661//5292 3660//5292
f 3665//5293 3666//5293 3662//5293
f 3665//5294 3662//5294 3661//5294
f 3666//5295 3663//5295 3659//5295
f 3666//5296 3659//5296 3662//5296
f 3666//5297 3665//5297 3664//5297
f 3666//5298 3664//5298 3663//5298
f 3671//5299 3672//5299 3668//5299
f 3671//5300 3668//5300 3667//5300
f 3672//5301 3673//5301 3669//5301
f 3672//5302 3669//5302 3668//5302
f 3673//5303 3674//5303 3670//5303
f 3673//5304 3670//5304 3669//5304
f 3674//5305 3671//5305 3667//5305
f 3674//5306 3667//5306 3670//5306
f 3674//5307 3673//5307 3672//5307
f 3674//5308 3672//5308 3671//5308
f 3679//5309 3680//5309 3676//5309
f 3679//5310 3676//5310 3675//5310
f 3680//5311 3681//5311 3677//5311
f 3680//5312 3677//5312 3676//5312
f 3681//5313 3682//5313 3678//5313
f 3681//5314 3678//5314 3677//5314
f 3682//5315 3679//5315 3675//5315
f 3682//5316 3675//5316 3678//5316
f 3682//5317 3681//5317 3680//5317
f 3682//5318 3680//5318 3679//5318
f 3687//5319 3688//5319 3684//5319
f 3687//5320 3684//5320 3683//5320
f 3688//5321 3689//5321 3685//5321
f 3688//5322 3685//5322 3684//5322
f 3689//5323 3690//5323 3686//5323
f 3689//5324 3686//5324 3685//5324
f 3690//5325 3687//5325 3683//5325
f 3690//5326 3683//5326 3686//5326
f 3690//5327 3689//5327 3688//5327
f 3690//5328 3688//5328 3687//5328
f 3695//5329 3696//5329 3692//5329
f 3695//5330 3692//5330 3691//5330
f 3696//5331 3697//5331 3693//5331
f 3696//5332 3693//5332 3692//5332
f 3697//5333 3698//5333 3694//5333
f 3697//5334 3694//5334 3693//5334
f 3698//5335 3695//5335 3691//5335
f 3698//5336 3691//5336 3694//5336
f 3698//5337 3697//5337 3696//5337
f 3698//5338 3696//5338 3695//5338
f 3703//5339 3704//5339 3700//5339
f 3703//5340 3700//5340 3699//5340
f 3704//5341 3705//5341 3701//5341
f 3704//5342 3701//5342 3700//5342
f 3705//5343 3706//5343 3702//5343
f 3705//5344 3702//5344 3701//5344
f 3706//5345 3703//5345 3699//5345
f 3706//5346 3699//5346 3702//5346
f 3706//5347 3705//5347 3704//5347
f 3706//5348 3704//5348 3703//5348
f 3711//5349 3712//5349 3708//5349
f 3711//5350 3708//5350 3707//5350
f 3712//5351 3713//5351 3709//5351
f 3712//5352 3709//5352 3708//5352
f 3713//5353 3714//5353 3710//5353
f 3713//5354 3710//5354 3709//5354
f 3714//5355 3711//5355 3707//5355
f 3714//5356 3707//5356 3710//5356
f 3714//5357 3713//5357 3712//5357
f 3714//5358 3712//5358 3711//5358
usemtl Mat_Brass
f 3715//5359 3716//5359 3717//5359
f 3715//5360 3717//5360 3718//5360
f 3719//5361 3720//5361 3721//5361
f 3719//5362 3721//5362 3722//5362
f 3723//5363 3724//5363 3725//5363
f 3723//5364 3725//5364 3726//5364
f 3727//5365 3728//5365 3729//5365
f 3727//5366 3729//5366 3730//5366
f 3731//5367 3732//5367 3733//5367
f 3731//5368 3733//5368 3734//5368
f 3735//5369 3736//5369 3737//5369
f 3735//5370 3737//5370 3738//5370
f 3739//5371 3740//5371 3741//5371
f 3739//5372 3741//5372 3742//5372
f 3743//5373 3744//5373 3745//5373
f 3743//5374 3745//5374 3746//5374
f 3747//5375 3748//5375 3749//5375
f 3747//5376 3749//5376 3750//5376
f 3751//5377 3752//5377 3753//5377
f 3751//5378 3753//5378 3754//5378
f 3755//5379 3756//5379 3757//5379
f 3755//5380 3757//5380 3758//5380
f 3759//5381 3760//5381 3761//5381
f 3759//5382 3761//5382 3762//5382
f 3763//5383 3764//5383 3765//5383
f 3763//5384 3765//5384 3766//5384
f 3767//5385 3768//5385 3769//5385
f 3767//5386 3769//5386 3770//5386
f 3771//5387 3772//5387 3773//5387
f 3771//5388 3773//5388 3774//5388
f 3775//5389 3776//5389 3777//5389
f 3775//5390 3777//5390 3778//5390
f 3779//5391 3780//5391 3781//5391
f 3779//5392 3781//5392 3782//5392
f 3783//5393 3784//5393 3785//5393
f 3783//5394 3785//5394 3786//5394
f 3787//5395 3788//5395 3789//5395
f 3787//5396 3789//5396 3790//5396
f 3791//5397 3792//5397 3793//5397
f 3791//5398 3793//5398 3794//5398
f 3795//5399 3796//5399 3797//5399
f 3795//5400 3797//5400 3798//5400
f 3799//5401 3800//5401 3801//5401
f 3799//5402 3801//5402 3802//5402
f 3803//5403 3804//5403 3805//5403
f 3803//5404 3805//5404 3806//5404
f 3807//5405 3808//5405 3809//5405
f 3807//5406 3809//5406 3810//5406
f 3811//5407 3812//5407 3813//5407
f 3811//5408 3813//5408 3814//5408
f 3815//5409 3816//5409 3817//5409
f 3815//5410 3817//5410 3818//5410
f 3819//5411 3820//5411 3821//5411
f 3819//5412 3821//5412 3822//5412
f 3823//5413 3824//5413 3825//5413
f 3823//5414 3825//5414 3826//5414
f 3827//5415 3828//5415 3829//5415
f 3827//5416 3829//5416 3830//5416
f 3831//5417 3832//5417 3833//5417
f 3831//5418 3833//5418 3834//5418
f 3835//5419 3836//5419 3837//5419
f 3835//5420 3837//5420 3838//5420
f 3839//5421 3840//5421 3841//5421
f 3839//5422 3841//5422 3842//5422
usemtl Mat_DarkMetal
f 3850//5423 3849//5423 3848//5423
f 3850//5424 3848//5424 3847//5424
f 3847//5425 3848//5425 3844//5425
f 3847//5426 3844//5426 3843//5426
f 3848//5427 3849//5427 3845//5427
f 3848//5428 3845//5428 3844//5428
f 3849//5429 3850//5429 3846//5429
f 3849//5430 3846//5430 3845//5430
f 3850//5431 3847//5431 3843//5431
f 3850//5432 3843//5432 3846//5432
f 3844//5433 3845//5433 3846//5433
f 3844//5434 3846//5434 3843//5434
f 3858//5435 3857//5435 3856//5435
f 3858//5436 3856//5436 3855//5436
f 3855//5437 3856//5437 3852//5437
f 3855//5438 3852//5438 3851//5438
f 3856//5439 3857//5439 3853//5439
f 3856//5440 3853//5440 3852//5440
f 3857//5441 3858//5441 3854//5441
f 3857//5442 3854//5442 3853//5442
f 3858//5443 3855//5443 3851//5443
f 3858//5444 3851//5444 3854//5444
f 3852//5445 3853//5445 3854//5445
f 3852//5446 3854//5446 3851//5446
o Bldg_Bank_Dial
v 0.79071 2.80000 4.41071
v 0.64929 2.80000 4.41071
v 0.64929 2.80000 4.26929
v 0.79071 2.80000 4.26929
v 0.68478 2.40464 4.41071
v 0.56230 2.47536 4.41071
v 0.56230 2.47536 4.26929
v 0.68478 2.40464 4.26929
v 0.39536 2.11522 4.41071
v 0.32464 2.23770 4.41071
v 0.32464 2.23770 4.26929
v 0.39536 2.11522 4.26929
v 0.00000 2.00929 4.41071
v 0.00000 2.15071 4.41071
v 0.00000 2.15071 4.26929
v 0.00000 2.00929 4.26929
v -0.39536 2.11522 4.41071
v -0.32464 2.23770 4.41071
v -0.32464 2.23770 4.26929
v -0.39536 2.11522 4.26929
v -0.68478 2.40464 4.41071
v -0.56230 2.47536 4.41071
v -0.56230 2.47536 4.26929
v -0.68478 2.40464 4.26929
v -0.79071 2.80000 4.41071
v -0.64929 2.80000 4.41071
v -0.64929 2.80000 4.26929
v -0.79071 2.80000 4.26929
v -0.68478 3.19536 4.41071
v -0.56230 3.12464 4.41071
v -0.56230 3.12464 4.26929
v -0.68478 3.19536 4.26929
v -0.39536 3.48478 4.41071
v -0.32464 3.36230 4.41071
v -0.32464 3.36230 4.26929
v -0.39536 3.48478 4.26929
v -0.00000 3.59071 4.41071
v -0.00000 3.44929 4.41071
v -0.00000 3.44929 4.26929
v -0.00000 3.59071 4.26929
v 0.39536 3.48478 4.41071
v 0.32464 3.36230 4.41071
v 0.32464 3.36230 4.26929
v 0.39536 3.48478 4.26929
v 0.68478 3.19536 4.41071
v 0.56230 3.12464 4.41071
v 0.56230 3.12464 4.26929
v 0.68478 3.19536 4.26929
v 0.24000 2.80000 4.22000
v 0.19416 2.65893 4.22000
v 0.07416 2.57175 4.22000
v -0.07416 2.57175 4.22000
v -0.19416 2.65893 4.22000
v -0.24000 2.80000 4.22000
v -0.19416 2.94107 4.22000
v -0.07416 3.02825 4.22000
v 0.07416 3.02825 4.22000
v 0.19416 2.94107 4.22000
v 0.20000 2.80000 4.47000
v 0.16180 2.68244 4.47000
v 0.06180 2.60979 4.47000
v -0.06180 2.60979 4.47000
v -0.16180 2.68244 4.47000
v -0.20000 2.80000 4.47000
v -0.16180 2.91756 4.47000
v -0.06180 2.99021 4.47000
v 0.06180 2.99021 4.47000
v 0.16180 2.91756 4.47000
v 0.15000 2.80000 4.47000
v 0.07500 2.67010 4.47000
v -0.07500 2.67010 4.47000
v -0.15000 2.80000 4.47000
v -0.07500 2.92990 4.47000
v 0.07500 2.92990 4.47000
v 0.10607 2.80000 4.57607
v 0.05303 2.70814 4.57607
v -0.05303 2.70814 4.57607
v -0.10607 2.80000 4.57607
v -0.05303 2.89186 4.57607
v 0.05303 2.89186 4.57607
v 0.00000 2.80000 4.62000
v 0.06000 2.80000 4.34000
v 0.00000 2.80000 4.40000
v -0.06000 2.80000 4.34000
v -0.00000 2.80000 4.28000
v 0.06000 3.75000 4.34000
v 0.00000 3.75000 4.40000
v -0.06000 3.75000 4.34000
v 0.00000 3.75000 4.28000
v 0.00000 3.63000 4.34000
v 0.10392 3.69000 4.34000
v 0.05196 3.69000 4.43000
v -0.05196 3.69000 4.43000
v -0.10392 3.69000 4.34000
v -0.05196 3.69000 4.25000
v 0.05196 3.69000 4.25000
v 0.10392 3.81000 4.34000
v 0.05196 3.81000 4.43000
v -0.05196 3.81000 4.43000
v -0.10392 3.81000 4.34000
v -0.05196 3.81000 4.25000
v 0.05196 3.81000 4.25000
v 0.00000 3.87000 4.34000
v -0.03000 2.85196 4.34000
v -0.00000 2.80000 4.40000
v 0.03000 2.74804 4.34000
v 0.00000 2.80000 4.28000
v -0.85272 2.37696 4.34000
v -0.82272 2.32500 4.40000
v -0.79272 2.27304 4.34000
v -0.82272 2.32500 4.28000
v -0.82272 2.20500 4.34000
v -0.71880 2.26500 4.34000
v -0.77076 2.26500 4.43000
v -0.87469 2.26500 4.43000
v -0.92665 2.26500 4.34000
v -0.87469 2.26500 4.25000
v -0.77076 2.26500 4.25000
v -0.71880 2.38500 4.34000
v -0.77076 2.38500 4.43000
v -0.87469 2.38500 4.43000
v -0.92665 2.38500 4.34000
v -0.87469 2.38500 4.25000
v -0.77076 2.38500 4.25000
v -0.82272 2.44500 4.34000
v 0.03000 2.85196 4.34000
v 0.00000 2.80000 4.28000
v -0.03000 2.74804 4.34000
v -0.00000 2.80000 4.40000
v 0.85272 2.37696 4.34000
v 0.82272 2.32500 4.28000
v 0.79272 2.27304 4.34000
v 0.82272 2.32500 4.40000
v 0.82272 2.20500 4.34000
v 0.92665 2.26500 4.34000
v 0.87469 2.26500 4.43000
v 0.77076 2.26500 4.43000
v 0.71880 2.26500 4.34000
v 0.77076 2.26500 4.25000
v 0.87469 2.26500 4.25000
v 0.92665 2.38500 4.34000
v 0.87469 2.38500 4.43000
v 0.77076 2.38500 4.43000
v 0.71880 2.38500 4.34000
v 0.77076 2.38500 4.25000
v 0.87469 2.38500 4.25000
v 0.82272 2.44500 4.34000
vn 0.0000 0.0000 1.0000
vn 0.0000 0.0000 1.0000
vn -0.9659 0.2588 0.0000
vn -0.9659 0.2588 0.0000
vn 0.0000 0.0000 -1.0000
vn 0.0000 -0.0000 -1.0000
vn 0.9659 -0.2588 0.0000
vn 0.9659 -0.2588 0.0000
vn 0.0000 0.0000 1.0000
vn 0.0000 0.0000 1.0000
vn -0.7071 0.7071 0.0000
vn -0.7071 0.7071 0.0000
vn 0.0000 -0.0000 -1.0000
vn 0.0000 0.0000 -1.0000
vn 0.7071 -0.7071 0.0000
vn 0.7071 -0.7071 0.0000
vn 0.0000 0.0000 1.0000
vn 0.0000 0.0000 1.0000
vn -0.2588 0.9659 0.0000
vn -0.2588 0.9659 0.0000
vn 0.0000 -0.0000 -1.0000
vn 0.0000 0.0000 -1.0000
vn 0.2588 -0.9659 0.0000
vn 0.2588 -0.9659 0.0000
vn 0.0000 0.0000 1.0000
vn 0.0000 0.0000 1.0000
vn 0.2588 0.9659 0.0000
vn 0.2588 0.9659 0.0000
vn 0.0000 -0.0000 -1.0000
vn -0.0000 0.0000 -1.0000
vn -0.2588 -0.9659 0.0000
vn -0.2588 -0.9659 0.0000
vn 0.0000 -0.0000 1.0000
vn 0.0000 0.0000 1.0000
vn 0.7071 0.7071 0.0000
vn 0.7071 0.7071 0.0000
vn -0.0000 0.0000 -1.0000
vn 0.0000 0.0000 -1.0000
vn -0.7071 -0.7071 0.0000
vn -0.7071 -0.7071 0.0000
vn 0.0000 0.0000 1.0000
vn 0.0000 -0.0000 1.0000
vn 0.9659 0.2588 0.0000
vn 0.9659 0.2588 0.0000
vn -0.0000 0.0000 -1.0000
vn 0.0000 0.0000 -1.0000
vn -0.9659 -0.2588 0.0000
vn -0.9659 -0.2588 0.0000
vn 0.0000 0.0000 1.0000
vn 0.0000 0.0000 1.0000
vn 0.9659 -0.2588 0.0000
vn 0.9659 -0.2588 0.0000
vn 0.0000 0.0000 -1.0000
vn 0.0000 0.0000 -1.0000
vn -0.9659 0.2588 0.0000
vn -0.9659 0.2588 0.0000
vn -0.0000 0.0000 1.0000
vn 0.0000 0.0000 1.0000
vn 0.7071 -0.7071 0.0000
vn 0.7071 -0.7071 0.0000
vn 0.0000 0.0000 -1.0000
vn 0.0000 0.0000 -1.0000
vn -0.7071 0.7071 0.0000
vn -0.7071 0.7071 0.0000
vn 0.0000 0.0000 1.0000
vn -0.0000 0.0000 1.0000
vn 0.2588 -0.9659 0.0000
vn 0.2588 -0.9659 0.0000
vn 0.0000 0.0000 -1.0000
vn 0.0000 0.0000 -1.0000
vn -0.2588 0.9659 0.0000
vn -0.2588 0.9659 0.0000
vn 0.0000 0.0000 1.0000
vn 0.0000 0.0000 1.0000
vn -0.2588 -0.9659 -0.0000
vn -0.2588 -0.9659 0.0000
vn 0.0000 0.0000 -1.0000
vn 0.0000 0.0000 -1.0000
vn 0.2588 0.9659 -0.0000
vn 0.2588 0.9659 0.0000
vn 0.0000 0.0000 1.0000
vn 0.0000 0.0000 1.0000
vn -0.7071 -0.7071 -0.0000
vn -0.7071 -0.7071 0.0000
vn 0.0000 0.0000 -1.0000
vn 0.0000 0.0000 -1.0000
vn 0.7071 0.7071 -0.0000
vn 0.7071 0.7071 0.0000
vn 0.0000 0.0000 1.0000
vn 0.0000 0.0000 1.0000
vn -0.9659 -0.2588 -0.0000
vn -0.9659 -0.2588 0.0000
vn 0.0000 0.0000 -1.0000
vn 0.0000 0.0000 -1.0000
vn 0.9659 0.2588 -0.0000
vn 0.9659 0.2588 0.0000
vn 0.9402 -0.3055 0.1504
vn 0.9402 -0.3055 0.1504
vn 0.5811 -0.7998 0.1504
vn 0.5811 -0.7998 0.1504
vn 0.0000 -0.9886 0.1504
vn 0.0000 -0.9886 0.1504
vn -0.5811 -0.7998 0.1504
vn -0.5811 -0.7998 0.1504
vn -0.9402 -0.3055 0.1504
vn -0.9402 -0.3055 0.1504
vn -0.9402 0.3055 0.1504
vn -0.9402 0.3055 0.1504
vn -0.5811 0.7998 0.1504
vn -0.5811 0.7998 0.1504
vn -0.0000 0.9886 0.1504
vn 0.0000 0.9886 0.1504
vn 0.5811 0.7998 0.1504
vn 0.5811 0.7998 0.1504
vn 0.9402 0.3055 0.1504
vn 0.9402 0.3055 0.1504
vn 0.0000 0.0000 1.0000
vn 0.0000 0.0000 1.0000
vn 0.0000 0.0000 1.0000
vn 0.0000 0.0000 1.0000
vn 0.0000 0.0000 1.0000
vn 0.0000 0.0000 1.0000
vn 0.0000 0.0000 1.0000
vn 0.0000 0.0000 1.0000
vn 0.8152 -0.4706 0.3377
vn 0.8152 -0.4706 0.3377
vn 0.0000 -0.9413 0.3377
vn 0.0000 -0.9413 0.3377
vn -0.8152 -0.4706 0.3377
vn -0.8152 -0.4706 0.3377
vn -0.8152 0.4706 0.3377
vn -0.8152 0.4706 0.3377
vn -0.0000 0.9413 0.3377
vn -0.0000 0.9413 0.3377
vn 0.8152 0.4706 0.3377
vn 0.8152 0.4706 0.3377
vn 0.3737 -0.2157 0.9021
vn 0.0000 -0.4315 0.9021
vn -0.3737 -0.2157 0.9021
vn -0.3737 0.2157 0.9021
vn 0.0000 0.4315 0.9021
vn 0.3737 0.2157 0.9021
vn 0.7071 -0.0000 0.7071
vn 0.7071 -0.0000 0.7071
vn -0.7071 0.0000 0.7071
vn -0.7071 0.0000 0.7071
vn -0.7071 0.0000 -0.7071
vn -0.7071 0.0000 -0.7071
vn 0.7071 -0.0000 -0.7071
vn 0.7071 -0.0000 -0.7071
vn 0.0000 1.0000 -0.0000
vn 0.0000 1.0000 0.0000
vn 0.0000 -1.0000 0.0000
vn -0.0000 -1.0000 0.0000
vn 0.4804 -0.8321 0.2774
vn 0.0000 -0.8321 0.5547
vn -0.4804 -0.8321 0.2774
vn -0.4804 -0.8321 -0.2774
vn 0.0000 -0.8321 -0.5547
vn 0.4804 -0.8321 -0.2774
vn 0.8660 -0.0000 0.5000
vn 0.8660 -0.0000 0.5000
vn 0.0000 0.0000 1.0000
vn 0.0000 0.0000 1.0000
vn -0.8660 -0.0000 0.5000
vn -0.8660 -0.0000 0.5000
vn -0.8660 -0.0000 -0.5000
vn -0.8660 -0.0000 -0.5000
vn 0.0000 0.0000 -1.0000
vn 0.0000 0.0000 -1.0000
vn 0.8660 -0.0000 -0.5000
vn 0.8660 -0.0000 -0.5000
vn 0.4804 0.8321 0.2774
vn 0.0000 0.8321 0.5547
vn -0.4804 0.8321 0.2774
vn -0.4804 0.8321 -0.2774
vn 0.0000 0.8321 -0.5547
vn 0.4804 0.8321 -0.2774
vn -0.3536 0.6124 0.7071
vn -0.3536 0.6124 0.7071
vn 0.3536 -0.6124 0.7071
vn 0.3536 -0.6124 0.7071
vn 0.3536 -0.6124 -0.7071
vn 0.3536 -0.6124 -0.7071
vn -0.3536 0.6124 -0.7071
vn -0.3536 0.6124 -0.7071
vn -0.8660 -0.5000 0.0000
vn -0.8660 -0.5000 0.0000
vn 0.8660 0.5000 0.0000
vn 0.8660 0.5000 0.0000
vn 0.4804 -0.8321 0.2774
vn 0.0000 -0.8321 0.5547
vn -0.4804 -0.8321 0.2774
vn -0.4804 -0.8321 -0.2774
vn 0.0000 -0.8321 -0.5547
vn 0.4804 -0.8321 -0.2774
vn 0.8660 0.0000 0.5000
vn 0.8660 -0.0000 0.5000
vn 0.0000 0.0000 1.0000
vn 0.0000 0.0000 1.0000
vn -0.8660 -0.0000 0.5000
vn -0.8660 0.0000 0.5000
vn -0.8660 0.0000 -0.5000
vn -0.8660 -0.0000 -0.5000
vn 0.0000 0.0000 -1.0000
vn 0.0000 0.0000 -1.0000
vn 0.8660 -0.0000 -0.5000
vn 0.8660 0.0000 -0.5000
vn 0.4804 0.8321 0.2774
vn 0.0000 0.8321 0.5547
vn -0.4804 0.8321 0.2774
vn -0.4804 0.8321 -0.2774
vn 0.0000 0.8321 -0.5547
vn 0.4804 0.8321 -0.2774
vn 0.3536 0.6124 -0.7071
vn 0.3536 0.6124 -0.7071
vn -0.3536 -0.6124 -0.7071
vn -0.3536 -0.6124 -0.7071
vn -0.3536 -0.6124 0.7071
vn -0.3536 -0.6124 0.7071
vn 0.3536 0.6124 0.7071
vn 0.3536 0.6124 0.7071
vn 0.8660 -0.5000 0.0000
vn 0.8660 -0.5000 0.0000
vn -0.8660 0.5000 0.0000
vn -0.8660 0.5000 -0.0000
vn 0.4804 -0.8321 0.2774
vn 0.0000 -0.8321 0.5547
vn -0.4804 -0.8321 0.2774
vn -0.4804 -0.8321 -0.2774
vn 0.0000 -0.8321 -0.5547
vn 0.4804 -0.8321 -0.2774
vn 0.8660 0.0000 0.5000
vn 0.8660 -0.0000 0.5000
vn 0.0000 0.0000 1.0000
vn 0.0000 0.0000 1.0000
vn -0.8660 -0.0000 0.5000
vn -0.8660 0.0000 0.5000
vn -0.8660 0.0000 -0.5000
vn -0.8660 -0.0000 -0.5000
vn 0.0000 0.0000 -1.0000
vn 0.0000 0.0000 -1.0000
vn 0.8660 -0.0000 -0.5000
vn 0.8660 0.0000 -0.5000
vn 0.4804 0.8321 0.2774
vn 0.0000 0.8321 0.5547
vn -0.4804 0.8321 0.2774
vn -0.4804 0.8321 -0.2774
vn 0.0000 0.8321 -0.5547
vn 0.4804 0.8321 -0.2774
usemtl Mat_Brass
f 3859//5447 3860//5447 3864//5447
f 3859//5448 3864//5448 3863//5448
f 3860//5449 3861//5449 3865//5449
f 3860//5450 3865//5450 3864//5450
f 3861//5451 3862//5451 3866//5451
f 3861//5452 3866//5452 3865//5452
f 3862//5453 3859//5453 3863//5453
f 3862//5454 3863//5454 3866//5454
f 3863//5455 3864//5455 3868//5455
f 3863//5456 3868//5456 3867//5456
f 3864//5457 3865//5457 3869//5457
f 3864//5458 3869//5458 3868//5458
f 3865//5459 3866//5459 3870//5459
f 3865//5460 3870//5460 3869//5460
f 3866//5461 3863//5461 3867//5461
f 3866//5462 3867//5462 3870//5462
f 3867//5463 3868//5463 3872//5463
f 3867//5464 3872//5464 3871//5464
f 3868//5465 3869//5465 3873//5465
f 3868//5466 3873//5466 3872//5466
f 3869//5467 3870//5467 3874//5467
f 3869//5468 3874//5468 3873//5468
f 3870//5469 3867//5469 3871//5469
f 3870//5470 3871//5470 3874//5470
f 3871//5471 3872//5471 3876//5471
f 3871//5472 3876//5472 3875//5472
f 3872//5473 3873//5473 3877//5473
f 3872//5474 3877//5474 3876//5474
f 3873//5475 3874//5475 3878//5475
f 3873//5476 3878//5476 3877//5476
f 3874//5477 3871//5477 3875//5477
f 3874//5478 3875//5478 3878//5478
f 3875//5479 3876//5479 3880//5479
f 3875//5480 3880//5480 3879//5480
f 3876//5481 3877//5481 3881//5481
f 3876//5482 3881//5482 3880//5482
f 3877//5483 3878//5483 3882//5483
f 3877//5484 3882//5484 3881//5484
f 3878//5485 3875//5485 3879//5485
f 3878//5486 3879//5486 3882//5486
f 3879//5487 3880//5487 3884//5487
f 3879//5488 3884//5488 3883//5488
f 3880//5489 3881//5489 3885//5489
f 3880//5490 3885//5490 3884//5490
f 3881//5491 3882//5491 3886//5491
f 3881//5492 3886//5492 3885//5492
f 3882//5493 3879//5493 3883//5493
f 3882//5494 3883//5494 3886//5494
f 3883//5495 3884//5495 3888//5495
f 3883//5496 3888//5496 3887//5496
f 3884//5497 3885//5497 3889//5497
f 3884//5498 3889//5498 3888//5498
f 3885//5499 3886//5499 3890//5499
f 3885//5500 3890//5500 3889//5500
f 3886//5501 3883//5501 3887//5501
f 3886//5502 3887//5502 3890//5502
f 3887//5503 3888//5503 3892//5503
f 3887//5504 3892//5504 3891//5504
f 3888//5505 3889//5505 3893//5505
f 3888//5506 3893//5506 3892//5506
f 3889//5507 3890//5507 3894//5507
f 3889//5508 3894//5508 3893//5508
f 3890//5509 3887//5509 3891//5509
f 3890//5510 3891//5510 3894//5510
f 3891//5511 3892//5511 3896//5511
f 3891//5512 3896//5512 3895//5512
f 3892//5513 3893//5513 3897//5513
f 3892//5514 3897//5514 3896//5514
f 3893//5515 3894//5515 3898//5515
f 3893//5516 3898//5516 3897//5516
f 3894//5517 3891//5517 3895//5517
f 3894//5518 3895//5518 3898//5518
f 3895//5519 3896//5519 3900//5519
f 3895//5520 3900//5520 3899//5520
f 3896//5521 3897//5521 3901//5521
f 3896//5522 3901//5522 3900//5522
f 3897//5523 3898//5523 3902//5523
f 3897//5524 3902//5524 3901//5524
f 3898//5525 3895//5525 3899//5525
f 3898//5526 3899//5526 3902//5526
f 3899//5527 3900//5527 3904//5527
f 3899//5528 3904//5528 3903//5528
f 3900//5529 3901//5529 3905//5529
f 3900//5530 3905//5530 3904//5530
f 3901//5531 3902//5531 3906//5531
f 3901//5532 3906//5532 3905//5532
f 3902//5533 3899//5533 3903//5533
f 3902//5534 3903//5534 3906//5534
f 3903//5535 3904//5535 3860//5535
f 3903//5536 3860//5536 3859//5536
f 3904//5537 3905//5537 3861//5537
f 3904//5538 3861//5538 3860//5538
f 3905//5539 3906//5539 3862//5539
f 3905//5540 3862//5540 3861//5540
f 3906//5541 3903//5541 3859//5541
f 3906//5542 3859//5542 3862//5542
f 3917//5543 3918//5543 3908//5543
f 3917//5544 3908//5544 3907//5544
f 3918//5545 3919//5545 3909//5545
f 3918//5546 3909//5546 3908//5546
f 3919//5547 3920//5547 3910//5547
f 3919//5548 3910//5548 3909//5548
f 3920//5549 3921//5549 3911//5549
f 3920//5550 3911//5550 3910//5550
f 3921//5551 3922//5551 3912//5551
f 3921//5552 3912//5552 3911//5552
f 3922//5553 3923//5553 3913//5553
f 3922//5554 3913//5554 3912//5554
f 3923//5555 3924//5555 3914//5555
f 3923//5556 3914//5556 3913//5556
f 3924//5557 3925//5557 3915//5557
f 3924//5558 3915//5558 3914//5558
f 3925//5559 3926//5559 3916//5559
f 3925//5560 3916//5560 3915//5560
f 3926//5561 3917//5561 3907//5561
f 3926//5562 3907//5562 3916//5562
f 3926//5563 3925//5563 3924//5563
f 3926//5564 3924//5564 3923//5564
f 3926//5565 3923//5565 3922//5565
f 3926//5566 3922//5566 3921//5566
f 3926//5567 3921//5567 3920//5567
f 3926//5568 3920//5568 3919//5568
f 3926//5569 3919//5569 3918//5569
f 3926//5570 3918//5570 3917//5570
usemtl Mat_NeonCyan
f 3933//5571 3934//5571 3928//5571
f 3933//5572 3928//5572 3927//5572
f 3934//5573 3935//5573 3929//5573
f 3934//5574 3929//5574 3928//5574
f 3935//5575 3936//5575 3930//5575
f 3935//5576 3930//5576 3929//5576
f 3936//5577 3937//5577 3931//5577
f 3936//5578 3931//5578 3930//5578
f 3937//5579 3938//5579 3932//5579
f 3937//5580 3932//5580 3931//5580
f 3938//5581 3933//5581 3927//5581
f 3938//5582 3927//5582 3932//5582
f 3939//5583 3934//5583 3933//5583
f 3939//5584 3935//5584 3934//5584
f 3939//5585 3936//5585 3935//5585
f 3939//5586 3937//5586 3936//5586
f 3939//5587 3938//5587 3937//5587
f 3939//5588 3933//5588 3938//5588
usemtl Mat_Brass
f 3944//5589 3945//5589 3941//5589
f 3944//5590 3941//5590 3940//5590
f 3945//5591 3946//5591 3942//5591
f 3945//5592 3942//5592 3941//5592
f 3946//5593 3947//5593 3943//5593
f 3946//5594 3943//5594 3942//5594
f 3947//5595 3944//5595 3940//5595
f 3947//5596 3940//5596 3943//5596
f 3947//5597 3946//5597 3945//5597
f 3947//5598 3945//5598 3944//5598
f 3940//5599 3941//5599 3942//5599
f 3940//5600 3942//5600 3943//5600
f 3949//5601 3950//5601 3948//5601
f 3950//5602 3951//5602 3948//5602
f 3951//5603 3952//5603 3948//5603
f 3952//5604 3953//5604 3948//5604
f 3953//5605 3954//5605 3948//5605
f 3954//5606 3949//5606 3948//5606
f 3955//5607 3956//5607 3950//5607
f 3955//5608 3950//5608 3949//5608
f 3956//5609 3957//5609 3951//5609
f 3956//5610 3951//5610 3950//5610
f 3957//5611 3958//5611 3952//5611
f 3957//5612 3952//5612 3951//5612
f 3958//5613 3959//5613 3953//5613
f 3958//5614 3953//5614 3952//5614
f 3959//5615 3960//5615 3954//5615
f 3959//5616 3954//5616 3953//5616
f 3960//5617 3955//5617 3949//5617
f 3960//5618 3949//5618 3954//5618
f 3961//5619 3956//5619 3955//5619
f 3961//5620 3957//5620 3956//5620
f 3961//5621 3958//5621 3957//5621
f 3961//5622 3959//5622 3958//5622
f 3961//5623 3960//5623 3959//5623
f 3961//5624 3955//5624 3960//5624
f 3966//5625 3967//5625 3963//5625
f 3966//5626 3963//5626 3962//5626
f 3967//5627 3968//5627 3964//5627
f 3967//5628 3964//5628 3963//5628
f 3968//5629 3969//5629 3965//5629
f 3968//5630 3965//5630 3964//5630
f 3969//5631 3966//5631 3962//5631
f 3969//5632 3962//5632 3965//5632
f 3969//5633 3968//5633 3967//5633
f 3969//5634 3967//5634 3966//5634
f 3962//5635 3963//5635 3964//5635
f 3962//5636 3964//5636 3965//5636
f 3971//5637 3972//5637 3970//5637
f 3972//5638 3973//5638 3970//5638
f 3973//5639 3974//5639 3970//5639
f 3974//5640 3975//5640 3970//5640
f 3975//5641 3976//5641 3970//5641
f 3976//5642 3971//5642 3970//5642
f 3977//5643 3978//5643 3972//5643
f 3977//5644 3972//5644 3971//5644
f 3978//5645 3979//5645 3973//5645
f 3978//5646 3973//5646 3972//5646
f 3979//5647 3980//5647 3974//5647
f 3979//5648 3974//5648 3973//5648
f 3980//5649 3981//5649 3975//5649
f 3980//5650 3975//5650 3974//5650
f 3981//5651 3982//5651 3976//5651
f 3981//5652 3976//5652 3975//5652
f 3982//5653 3977//5653 3971//5653
f 3982//5654 3971//5654 3976//5654
f 3983//5655 3978//5655 3977//5655
f 3983//5656 3979//5656 3978//5656
f 3983//5657 3980//5657 3979//5657
f 3983//5658 3981//5658 3980//5658
f 3983//5659 3982//5659 3981//5659
f 3983//5660 3977//5660 3982//5660
f 3988//5661 3989//5661 3985//5661
f 3988//5662 3985//5662 3984//5662
f 3989//5663 3990//5663 3986//5663
f 3989//5664 3986//5664 3985//5664
f 3990//5665 3991//5665 3987//5665
f 3990//5666 3987//5666 3986//5666
f 3991//5667 3988//5667 3984//5667
f 3991//5668 3984//5668 3987//5668
f 3991//5669 3990//5669 3989//5669
f 3991//5670 3989//5670 3988//5670
f 3984//5671 3985//5671 3986//5671
f 3984//5672 3986//5672 3987//5672
f 3993//5673 3994//5673 3992//5673
f 3994//5674 3995//5674 3992//5674
f 3995//5675 3996//5675 3992//5675
f 3996//5676 3997//5676 3992//5676
f 3997//5677 3998//5677 3992//5677
f 3998//5678 3993//5678 3992//5678
f 3999//5679 4000//5679 3994//5679
f 3999//5680 3994//5680 3993//5680
f 4000//5681 4001//5681 3995//5681
f 4000//5682 3995//5682 3994//5682
f 4001//5683 4002//5683 3996//5683
f 4001//5684 3996//5684 3995//5684
f 4002//5685 4003//5685 3997//5685
f 4002//5686 3997//5686 3996//5686
f 4003//5687 4004//5687 3998//5687
f 4003//5688 3998//5688 3997//5688
f 4004//5689 3999//5689 3993//5689
f 4004//5690 3993//5690 3998//5690
f 4005//5691 4000//5691 3999//5691
f 4005//5692 4001//5692 4000//5692
f 4005//5693 4002//5693 4001//5693
f 4005//5694 4003//5694 4002//5694
f 4005//5695 4004//5695 4003//5695
f 4005//5696 3999//5696 4004//5696
o Bldg_Bank_Pet_Flap
v -0.21000 1.13000 4.19500
v 0.21000 1.13000 4.19500
v 0.21000 1.13000 4.24500
v -0.21000 1.13000 4.24500
v -0.21000 1.55000 4.19500
v 0.21000 1.55000 4.19500
v 0.21000 1.55000 4.24500
v -0.21000 1.55000 4.24500
v -0.25000 1.52000 4.18000
v 0.25000 1.52000 4.18000
v 0.25000 1.52000 4.26000
v -0.25000 1.52000 4.26000
v -0.25000 1.58000 4.18000
v 0.25000 1.58000 4.18000
v 0.25000 1.58000 4.26000
v -0.25000 1.58000 4.26000
v 0.00000 1.21000 4.26000
v 0.04000 1.25000 4.26000
v 0.00000 1.25000 4.30000
v -0.04000 1.25000 4.26000
v -0.00000 1.25000 4.22000
v 0.00000 1.29000 4.26000
vn -0.0000 1.0000 0.0000
vn 0.0000 1.0000 0.0000
vn 0.0000 0.0000 -1.0000
vn 0.0000 0.0000 -1.0000
vn 1.0000 0.0000 -0.0000
vn 1.0000 0.0000 0.0000
vn 0.0000 0.0000 1.0000
vn 0.0000 0.0000 1.0000
vn -1.0000 0.0000 -0.0000
vn -1.0000 -0.0000 0.0000
vn 0.0000 -1.0000 0.0000
vn 0.0000 -1.0000 0.0000
vn -0.0000 1.0000 0.0000
vn 0.0000 1.0000 0.0000
vn 0.0000 0.0000 -1.0000
vn 0.0000 0.0000 -1.0000
vn 1.0000 0.0000 -0.0000
vn 1.0000 0.0000 0.0000
vn 0.0000 0.0000 1.0000
vn 0.0000 0.0000 1.0000
vn -1.0000 0.0000 -0.0000
vn -1.0000 -0.0000 0.0000
vn 0.0000 -1.0000 0.0000
vn 0.0000 -1.0000 0.0000
vn 0.5774 -0.5774 0.5774
vn -0.5774 -0.5774 0.5774
vn -0.5774 -0.5774 -0.5774
vn 0.5774 -0.5774 -0.5774
vn 0.5774 0.5774 0.5774
vn -0.5774 0.5774 0.5774
vn -0.5774 0.5774 -0.5774
vn 0.5774 0.5774 -0.5774
usemtl Mat_Metal
f 4013//5697 4012//5697 4011//5697
f 4013//5698 4011//5698 4010//5698
f 4010//5699 4011//5699 4007//5699
f 4010//5700 4007//5700 4006//5700
f 4011//5701 4012//5701 4008//5701
f 4011//5702 4008//5702 4007//5702
f 4012//5703 4013//5703 4009//5703
f 4012//5704 4009//5704 4008//5704
f 4013//5705 4010//5705 4006//5705
f 4013//5706 4006//5706 4009//5706
f 4007//5707 4008//5707 4009//5707
f 4007//5708 4009//5708 4006//5708
usemtl Mat_Brass
f 4021//5709 4020//5709 4019//5709
f 4021//5710 4019//5710 4018//5710
f 4018//5711 4019//5711 4015//5711
f 4018//5712 4015//5712 4014//5712
f 4019//5713 4020//5713 4016//5713
f 4019//5714 4016//5714 4015//5714
f 4020//5715 4021//5715 4017//5715
f 4020//5716 4017//5716 4016//5716
f 4021//5717 4018//5717 4014//5717
f 4021//5718 4014//5718 4017//5718
f 4015//5719 4016//5719 4017//5719
f 4015//5720 4017//5720 4014//5720
f 4023//5721 4024//5721 4022//5721
f 4024//5722 4025//5722 4022//5722
f 4025//5723 4026//5723 4022//5723
f 4026//5724 4023//5724 4022//5724
f 4027//5725 4024//5725 4023//5725
f 4027//5726 4025//5726 4024//5726
f 4027//5727 4026//5727 4025//5727
f 4027//5728 4023//5728 4026//5728
o Bldg_Bank_Coin
v 0.45000 9.94000 -0.56000
v 0.37462 9.51247 -0.56000
v 0.15756 9.13652 -0.56000
v -0.17500 8.85747 -0.56000
v -0.58294 8.70899 -0.56000
v -1.01706 8.70899 -0.56000
v -1.42500 8.85747 -0.56000
v -1.75756 9.13652 -0.56000
v -1.97462 9.51247 -0.56000
v -2.05000 9.94000 -0.56000
v -1.97462 10.36753 -0.56000
v -1.75756 10.74348 -0.56000
v -1.42500 11.02253 -0.56000
v -1.01706 11.17101 -0.56000
v -0.58294 11.17101 -0.56000
v -0.17500 11.02253 -0.56000
v 0.15756 10.74348 -0.56000
v 0.37462 10.36753 -0.56000
v 0.45000 9.94000 -0.24000
v 0.37462 9.51247 -0.24000
v 0.15756 9.13652 -0.24000
v -0.17500 8.85747 -0.24000
v -0.58294 8.70899 -0.24000
v -1.01706 8.70899 -0.24000
v -1.42500 8.85747 -0.24000
v -1.75756 9.13652 -0.24000
v -1.97462 9.51247 -0.24000
v -2.05000 9.94000 -0.24000
v -1.97462 10.36753 -0.24000
v -1.75756 10.74348 -0.24000
v -1.42500 11.02253 -0.24000
v -1.01706 11.17101 -0.24000
v -0.58294 11.17101 -0.24000
v -0.17500 11.02253 -0.24000
v 0.15756 10.74348 -0.24000
v 0.37462 10.36753 -0.24000
v 0.20000 9.94000 -0.24000
v 0.13969 9.59798 -0.24000
v -0.03396 9.29721 -0.24000
v -0.30000 9.07397 -0.24000
v -0.62635 8.95519 -0.24000
v -0.97365 8.95519 -0.24000
v -1.30000 9.07397 -0.24000
v -1.56604 9.29721 -0.24000
v -1.73969 9.59798 -0.24000
v -1.80000 9.94000 -0.24000
v -1.73969 10.28202 -0.24000
v -1.56604 10.58279 -0.24000
v -1.30000 10.80603 -0.24000
v -0.97365 10.92481 -0.24000
v -0.62635 10.92481 -0.24000
v -0.30000 10.80603 -0.24000
v -0.03396 10.58279 -0.24000
v 0.13969 10.28202 -0.24000
v 0.20000 9.94000 -0.20000
v 0.13969 9.59798 -0.20000
v -0.03396 9.29721 -0.20000
v -0.30000 9.07397 -0.20000
v -0.62635 8.95519 -0.20000
v -0.97365 8.95519 -0.20000
v -1.30000 9.07397 -0.20000
v -1.56604 9.29721 -0.20000
v -1.73969 9.59798 -0.20000
v -1.80000 9.94000 -0.20000
v -1.73969 10.28202 -0.20000
v -1.56604 10.58279 -0.20000
v -1.30000 10.80603 -0.20000
v -0.97365 10.92481 -0.20000
v -0.62635 10.92481 -0.20000
v -0.30000 10.80603 -0.20000
v -0.03396 10.58279 -0.20000
v 0.13969 10.28202 -0.20000
v -1.80000 9.94000 -0.24000
v -1.73969 9.59798 -0.24000
v -1.56604 9.29721 -0.24000
v -1.30000 9.07397 -0.24000
v -0.97365 8.95519 -0.24000
v -0.62635 8.95519 -0.24000
v -0.30000 9.07397 -0.24000
v -0.03396 9.29721 -0.24000
v 0.13969 9.59798 -0.24000
v 0.20000 9.94000 -0.24000
v 0.13969 10.28202 -0.24000
v -0.03396 10.58279 -0.24000
v -0.30000 10.80603 -0.24000
v -0.62635 10.92481 -0.24000
v -0.97365 10.92481 -0.24000
v -1.30000 10.80603 -0.24000
v -1.56604 10.58279 -0.24000
v -1.73969 10.28202 -0.24000
v -1.80000 9.94000 -0.28000
v -1.73969 9.59798 -0.28000
v -1.56604 9.29721 -0.28000
v -1.30000 9.07397 -0.28000
v -0.97365 8.95519 -0.28000
v -0.62635 8.95519 -0.28000
v -0.30000 9.07397 -0.28000
v -0.03396 9.29721 -0.28000
v 0.13969 9.59798 -0.28000
v 0.20000 9.94000 -0.28000
v 0.13969 10.28202 -0.28000
v -0.03396 10.58279 -0.28000
v -0.30000 10.80603 -0.28000
v -0.62635 10.92481 -0.28000
v -0.97365 10.92481 -0.28000
v -1.30000 10.80603 -0.28000
v -1.56604 10.58279 -0.28000
v -1.73969 10.28202 -0.28000
v -0.98000 10.06000 -0.22000
v -1.03858 9.91858 -0.22000
v -1.18000 9.86000 -0.22000
v -1.32142 9.91858 -0.22000
v -1.38000 10.06000 -0.22000
v -1.32142 10.20142 -0.22000
v -1.18000 10.26000 -0.22000
v -1.03858 10.20142 -0.22000
v -0.98000 10.06000 -0.16000
v -1.03858 9.91858 -0.16000
v -1.18000 9.86000 -0.16000
v -1.32142 9.91858 -0.16000
v -1.38000 10.06000 -0.16000
v -1.32142 10.20142 -0.16000
v -1.18000 10.26000 -0.16000
v -1.03858 10.20142 -0.16000
v -1.10000 10.06000 -0.21000
v -1.14000 9.99072 -0.21000
v -1.22000 9.99072 -0.21000
v -1.26000 10.06000 -0.21000
v -1.22000 10.12928 -0.21000
v -1.14000 10.12928 -0.21000
v -1.10000 10.06000 -0.13000
v -1.14000 9.99072 -0.13000
v -1.22000 9.99072 -0.13000
v -1.26000 10.06000 -0.13000
v -1.22000 10.12928 -0.13000
v -1.14000 10.12928 -0.13000
v -0.22000 10.06000 -0.22000
v -0.27858 9.91858 -0.22000
v -0.42000 9.86000 -0.22000
v -0.56142 9.91858 -0.22000
v -0.62000 10.06000 -0.22000
v -0.56142 10.20142 -0.22000
v -0.42000 10.26000 -0.22000
v -0.27858 10.20142 -0.22000
v -0.22000 10.06000 -0.16000
v -0.27858 9.91858 -0.16000
v -0.42000 9.86000 -0.16000
v -0.56142 9.91858 -0.16000
v -0.62000 10.06000 -0.16000
v -0.56142 10.20142 -0.16000
v -0.42000 10.26000 -0.16000
v -0.27858 10.20142 -0.16000
v -0.34000 10.06000 -0.21000
v -0.38000 9.99072 -0.21000
v -0.46000 9.99072 -0.21000
v -0.50000 10.06000 -0.21000
v -0.46000 10.12928 -0.21000
v -0.38000 10.12928 -0.21000
v -0.34000 10.06000 -0.13000
v -0.38000 9.99072 -0.13000
v -0.46000 9.99072 -0.13000
v -0.50000 10.06000 -0.13000
v -0.46000 10.12928 -0.13000
v -0.38000 10.12928 -0.13000
v -0.60000 10.42000 -0.22000
v -0.65858 10.27858 -0.22000
v -0.80000 10.22000 -0.22000
v -0.94142 10.27858 -0.22000
v -1.00000 10.42000 -0.22000
v -0.94142 10.56142 -0.22000
v -0.80000 10.62000 -0.22000
v -0.65858 10.56142 -0.22000
v -0.60000 10.42000 -0.16000
v -0.65858 10.27858 -0.16000
v -0.80000 10.22000 -0.16000
v -0.94142 10.27858 -0.16000
v -1.00000 10.42000 -0.16000
v -0.94142 10.56142 -0.16000
v -0.80000 10.62000 -0.16000
v -0.65858 10.56142 -0.16000
v -0.72000 10.42000 -0.21000
v -0.76000 10.35072 -0.21000
v -0.84000 10.35072 -0.21000
v -0.88000 10.42000 -0.21000
v -0.84000 10.48928 -0.21000
v -0.76000 10.48928 -0.21000
v -0.72000 10.42000 -0.13000
v -0.76000 10.35072 -0.13000
v -0.84000 10.35072 -0.13000
v -0.88000 10.42000 -0.13000
v -0.84000 10.48928 -0.13000
v -0.76000 10.48928 -0.13000
v -1.18419 9.62162 -0.23536
v -1.18419 9.62162 -0.16464
v -1.21581 9.55838 -0.16464
v -1.21581 9.55838 -0.23536
v -0.80000 9.42953 -0.23536
v -0.80000 9.42953 -0.16464
v -0.80000 9.35047 -0.16464
v -0.80000 9.35047 -0.23536
v -0.41581 9.62162 -0.23536
v -0.41581 9.62162 -0.16464
v -0.38419 9.55838 -0.16464
v -0.38419 9.55838 -0.23536
v -0.62000 10.06000 -0.58000
v -0.56142 9.91858 -0.58000
v -0.42000 9.86000 -0.58000
v -0.27858 9.91858 -0.58000
v -0.22000 10.06000 -0.58000
v -0.27858 10.20142 -0.58000
v -0.42000 10.26000 -0.58000
v -0.56142 10.20142 -0.58000
v -0.62000 10.06000 -0.64000
v -0.56142 9.91858 -0.64000
v -0.42000 9.86000 -0.64000
v -0.27858 9.91858 -0.64000
v -0.22000 10.06000 -0.64000
v -0.27858 10.20142 -0.64000
v -0.42000 10.26000 -0.64000
v -0.56142 10.20142 -0.64000
v -0.50000 10.06000 -0.59000
v -0.46000 9.99072 -0.59000
v -0.38000 9.99072 -0.59000
v -0.34000 10.06000 -0.59000
v -0.38000 10.12928 -0.59000
v -0.46000 10.12928 -0.59000
v -0.50000 10.06000 -0.67000
v -0.46000 9.99072 -0.67000
v -0.38000 9.99072 -0.67000
v -0.34000 10.06000 -0.67000
v -0.38000 10.12928 -0.67000
v -0.46000 10.12928 -0.67000
v -1.38000 10.06000 -0.58000
v -1.32142 9.91858 -0.58000
v -1.18000 9.86000 -0.58000
v -1.03858 9.91858 -0.58000
v -0.98000 10.06000 -0.58000
v -1.03858 10.20142 -0.58000
v -1.18000 10.26000 -0.58000
v -1.32142 10.20142 -0.58000
v -1.38000 10.06000 -0.64000
v -1.32142 9.91858 -0.64000
v -1.18000 9.86000 -0.64000
v -1.03858 9.91858 -0.64000
v -0.98000 10.06000 -0.64000
v -1.03858 10.20142 -0.64000
v -1.18000 10.26000 -0.64000
v -1.32142 10.20142 -0.64000
v -1.26000 10.06000 -0.59000
v -1.22000 9.99072 -0.59000
v -1.14000 9.99072 -0.59000
v -1.10000 10.06000 -0.59000
v -1.14000 10.12928 -0.59000
v -1.22000 10.12928 -0.59000
v -1.26000 10.06000 -0.67000
v -1.22000 9.99072 -0.67000
v -1.14000 9.99072 -0.67000
v -1.10000 10.06000 -0.67000
v -1.14000 10.12928 -0.67000
v -1.22000 10.12928 -0.67000
v -1.00000 10.42000 -0.58000
v -0.94142 10.27858 -0.58000
v -0.80000 10.22000 -0.58000
v -0.65858 10.27858 -0.58000
v -0.60000 10.42000 -0.58000
v -0.65858 10.56142 -0.58000
v -0.80000 10.62000 -0.58000
v -0.94142 10.56142 -0.58000
v -1.00000 10.42000 -0.64000
v -0.94142 10.27858 -0.64000
v -0.80000 10.22000 -0.64000
v -0.65858 10.27858 -0.64000
v -0.60000 10.42000 -0.64000
v -0.65858 10.56142 -0.64000
v -0.80000 10.62000 -0.64000
v -0.94142 10.56142 -0.64000
v -0.88000 10.42000 -0.59000
v -0.84000 10.35072 -0.59000
v -0.76000 10.35072 -0.59000
v -0.72000 10.42000 -0.59000
v -0.76000 10.48928 -0.59000
v -0.84000 10.48928 -0.59000
v -0.88000 10.42000 -0.67000
v -0.84000 10.35072 -0.67000
v -0.76000 10.35072 -0.67000
v -0.72000 10.42000 -0.67000
v -0.76000 10.48928 -0.67000
v -0.84000 10.48928 -0.67000
v -1.18419 9.62162 -0.63536
v -1.18419 9.62162 -0.56464
v -1.21581 9.55838 -0.56464
v -1.21581 9.55838 -0.63536
v -0.80000 9.42953 -0.63536
v -0.80000 9.42953 -0.56464
v -0.80000 9.35047 -0.56464
v -0.80000 9.35047 -0.63536
v -0.41581 9.62162 -0.63536
v -0.41581 9.62162 -0.56464
v -0.38419 9.55838 -0.56464
v -0.38419 9.55838 -0.63536
v 0.49243 9.94000 -0.35757
v 0.40757 9.94000 -0.35757
v 0.40757 9.94000 -0.44243
v 0.49243 9.94000 -0.44243
v 0.41448 9.49796 -0.35757
v 0.33475 9.52699 -0.35757
v 0.33475 9.52699 -0.44243
v 0.41448 9.49796 -0.44243
v 0.19006 9.10924 -0.35757
v 0.12506 9.16379 -0.35757
v 0.12506 9.16379 -0.44243
v 0.19006 9.10924 -0.44243
v -0.15379 8.82073 -0.35757
v -0.19621 8.89421 -0.35757
v -0.19621 8.89421 -0.44243
v -0.15379 8.82073 -0.44243
v -0.57557 8.66721 -0.35757
v -0.59031 8.75077 -0.35757
v -0.59031 8.75077 -0.44243
v -0.57557 8.66721 -0.44243
v -1.02443 8.66721 -0.35757
v -1.00969 8.75077 -0.35757
v -1.00969 8.75077 -0.44243
v -1.02443 8.66721 -0.44243
v -1.44621 8.82073 -0.35757
v -1.40379 8.89421 -0.35757
v -1.40379 8.89421 -0.44243
v -1.44621 8.82073 -0.44243
v -1.79006 9.10924 -0.35757
v -1.72506 9.16379 -0.35757
v -1.72506 9.16379 -0.44243
v -1.79006 9.10924 -0.44243
v -2.01448 9.49796 -0.35757
v -1.93475 9.52699 -0.35757
v -1.93475 9.52699 -0.44243
v -2.01448 9.49796 -0.44243
v -2.09243 9.94000 -0.35757
v -2.00757 9.94000 -0.35757
v -2.00757 9.94000 -0.44243
v -2.09243 9.94000 -0.44243
v -2.01448 10.38204 -0.35757
v -1.93475 10.35301 -0.35757
v -1.93475 10.35301 -0.44243
v -2.01448 10.38204 -0.44243
v -1.79006 10.77076 -0.35757
v -1.72506 10.71621 -0.35757
v -1.72506 10.71621 -0.44243
v -1.79006 10.77076 -0.44243
v -1.44621 11.05927 -0.35757
v -1.40379 10.98579 -0.35757
v -1.40379 10.98579 -0.44243
v -1.44621 11.05927 -0.44243
v -1.02443 11.21279 -0.35757
v -1.00969 11.12923 -0.35757
v -1.00969 11.12923 -0.44243
v -1.02443 11.21279 -0.44243
v -0.57557 11.21279 -0.35757
v -0.59031 11.12923 -0.35757
v -0.59031 11.12923 -0.44243
v -0.57557 11.21279 -0.44243
v -0.15379 11.05927 -0.35757
v -0.19621 10.98579 -0.35757
v -0.19621 10.98579 -0.44243
v -0.15379 11.05927 -0.44243
v 0.19006 10.77076 -0.35757
v 0.12506 10.71621 -0.35757
v 0.12506 10.71621 -0.44243
v 0.19006 10.77076 -0.44243
v 0.41448 10.38204 -0.35757
v 0.33475 10.35301 -0.35757
v 0.33475 10.35301 -0.44243
v 0.41448 10.38204 -0.44243
vn 0.9848 -0.1736 0.0000
vn 0.9848 -0.1736 0.0000
vn 0.8660 -0.5000 0.0000
vn 0.8660 -0.5000 0.0000
vn 0.6428 -0.7660 0.0000
vn 0.6428 -0.7660 0.0000
vn 0.3420 -0.9397 0.0000
vn 0.3420 -0.9397 0.0000
vn -0.0000 -1.0000 0.0000
vn 0.0000 -1.0000 -0.0000
vn -0.3420 -0.9397 0.0000
vn -0.3420 -0.9397 -0.0000
vn -0.6428 -0.7660 0.0000
vn -0.6428 -0.7660 -0.0000
vn -0.8660 -0.5000 0.0000
vn -0.8660 -0.5000 -0.0000
vn -0.9848 -0.1736 0.0000
vn -0.9848 -0.1736 -0.0000
vn -0.9848 0.1736 0.0000
vn -0.9848 0.1736 0.0000
vn -0.8660 0.5000 0.0000
vn -0.8660 0.5000 0.0000
vn -0.6428 0.7660 0.0000
vn -0.6428 0.7660 0.0000
vn -0.3420 0.9397 0.0000
vn -0.3420 0.9397 0.0000
vn -0.0000 1.0000 0.0000
vn 0.0000 1.0000 0.0000
vn 0.3420 0.9397 0.0000
vn 0.3420 0.9397 0.0000
vn 0.6428 0.7660 0.0000
vn 0.6428 0.7660 0.0000
vn 0.8660 0.5000 0.0000
vn 0.8660 0.5000 0.0000
vn 0.9848 0.1736 0.0000
vn 0.9848 0.1736 0.0000
vn 0.0000 0.0000 1.0000
vn 0.0000 0.0000 1.0000
vn 0.0000 0.0000 1.0000
vn -0.0000 0.0000 1.0000
vn -0.0000 0.0000 1.0000
vn 0.0000 0.0000 1.0000
vn 0.0000 0.0000 1.0000
vn 0.0000 0.0000 1.0000
vn -0.0000 0.0000 1.0000
vn 0.0000 0.0000 1.0000
vn 0.0000 0.0000 1.0000
vn 0.0000 0.0000 1.0000
vn -0.0000 0.0000 1.0000
vn -0.0000 0.0000 1.0000
vn 0.0000 0.0000 1.0000
vn 0.0000 0.0000 1.0000
vn -0.0000 0.0000 -1.0000
vn 0.0000 -0.0000 -1.0000
vn 0.0000 -0.0000 -1.0000
vn 0.0000 -0.0000 -1.0000
vn -0.0000 -0.0000 -1.0000
vn -0.0000 -0.0000 -1.0000
vn 0.0000 -0.0000 -1.0000
vn -0.0000 0.0000 -1.0000
vn 0.0000 0.0000 -1.0000
vn 0.0000 0.0000 -1.0000
vn 0.0000 0.0000 -1.0000
vn 0.0000 0.0000 -1.0000
vn 0.0000 0.0000 -1.0000
vn 0.0000 0.0000 -1.0000
vn 0.0000 0.0000 -1.0000
vn 0.0000 0.0000 -1.0000
vn 0.9848 -0.1736 0.0000
vn 0.9848 -0.1736 0.0000
vn 0.8660 -0.5000 0.0000
vn 0.8660 -0.5000 0.0000
vn 0.6428 -0.7660 0.0000
vn 0.6428 -0.7660 0.0000
vn 0.3420 -0.9397 0.0000
vn 0.3420 -0.9397 0.0000
vn -0.0000 -1.0000 0.0000
vn 0.0000 -1.0000 -0.0000
vn -0.3420 -0.9397 0.0000
vn -0.3420 -0.9397 -0.0000
vn -0.6428 -0.7660 0.0000
vn -0.6428 -0.7660 -0.0000
vn -0.8660 -0.5000 0.0000
vn -0.8660 -0.5000 -0.0000
vn -0.9848 -0.1736 0.0000
vn -0.9848 -0.1736 -0.0000
vn -0.9848 0.1736 0.0000
vn -0.9848 0.1736 0.0000
vn -0.8660 0.5000 0.0000
vn -0.8660 0.5000 0.0000
vn -0.6428 0.7660 0.0000
vn -0.6428 0.7660 0.0000
vn -0.3420 0.9397 0.0000
vn -0.3420 0.9397 0.0000
vn -0.0000 1.0000 0.0000
vn 0.0000 1.0000 0.0000
vn 0.3420 0.9397 0.0000
vn 0.3420 0.9397 0.0000
vn 0.6428 0.7660 0.0000
vn 0.6428 0.7660 0.0000
vn 0.8660 0.5000 0.0000
vn 0.8660 0.5000 0.0000
vn 0.9848 0.1736 0.0000
vn 0.9848 0.1736 0.0000
vn 0.0000 0.0000 1.0000
vn 0.0000 0.0000 1.0000
vn 0.0000 0.0000 1.0000
vn -0.0000 0.0000 1.0000
vn -0.0000 0.0000 1.0000
vn 0.0000 0.0000 1.0000
vn 0.0000 0.0000 1.0000
vn 0.0000 0.0000 1.0000
vn -0.0000 0.0000 1.0000
vn -0.0000 0.0000 1.0000
vn 0.0000 0.0000 1.0000
vn 0.0000 0.0000 1.0000
vn -0.0000 0.0000 1.0000
vn 0.0000 0.0000 1.0000
vn 0.0000 0.0000 1.0000
vn -0.0000 0.0000 1.0000
vn -0.9848 -0.1736 0.0000
vn -0.9848 -0.1736 0.0000
vn -0.8660 -0.5000 0.0000
vn -0.8660 -0.5000 0.0000
vn -0.6428 -0.7660 0.0000
vn -0.6428 -0.7660 0.0000
vn -0.3420 -0.9397 0.0000
vn -0.3420 -0.9397 0.0000
vn 0.0000 -1.0000 0.0000
vn 0.0000 -1.0000 0.0000
vn 0.3420 -0.9397 0.0000
vn 0.3420 -0.9397 0.0000
vn 0.6428 -0.7660 0.0000
vn 0.6428 -0.7660 0.0000
vn 0.8660 -0.5000 0.0000
vn 0.8660 -0.5000 0.0000
vn 0.9848 -0.1736 0.0000
vn 0.9848 -0.1736 0.0000
vn 0.9848 0.1736 0.0000
vn 0.9848 0.1736 -0.0000
vn 0.8660 0.5000 0.0000
vn 0.8660 0.5000 -0.0000
vn 0.6428 0.7660 0.0000
vn 0.6428 0.7660 -0.0000
vn 0.3420 0.9397 0.0000
vn 0.3420 0.9397 -0.0000
vn 0.0000 1.0000 0.0000
vn 0.0000 1.0000 -0.0000
vn -0.3420 0.9397 0.0000
vn -0.3420 0.9397 0.0000
vn -0.6428 0.7660 0.0000
vn -0.6428 0.7660 0.0000
vn -0.8660 0.5000 0.0000
vn -0.8660 0.5000 0.0000
vn -0.9848 0.1736 0.0000
vn -0.9848 0.1736 0.0000
vn 0.0000 0.0000 -1.0000
vn 0.0000 0.0000 -1.0000
vn 0.0000 0.0000 -1.0000
vn 0.0000 0.0000 -1.0000
vn 0.0000 -0.0000 -1.0000
vn 0.0000 0.0000 -1.0000
vn 0.0000 0.0000 -1.0000
vn 0.0000 -0.0000 -1.0000
vn 0.0000 0.0000 -1.0000
vn 0.0000 0.0000 -1.0000
vn 0.0000 -0.0000 -1.0000
vn 0.0000 0.0000 -1.0000
vn 0.0000 0.0000 -1.0000
vn 0.0000 0.0000 -1.0000
vn 0.0000 -0.0000 -1.0000
vn 0.0000 0.0000 -1.0000
vn 0.9239 -0.3827 0.0000
vn 0.9239 -0.3827 0.0000
vn 0.3827 -0.9239 0.0000
vn 0.3827 -0.9239 0.0000
vn -0.3827 -0.9239 0.0000
vn -0.3827 -0.9239 -0.0000
vn -0.9239 -0.3827 0.0000
vn -0.9239 -0.3827 -0.0000
vn -0.9239 0.3827 0.0000
vn -0.9239 0.3827 0.0000
vn -0.3827 0.9239 0.0000
vn -0.3827 0.9239 0.0000
vn 0.3827 0.9239 0.0000
vn 0.3827 0.9239 0.0000
vn 0.9239 0.3827 0.0000
vn 0.9239 0.3827 0.0000
vn 0.0000 0.0000 1.0000
vn 0.0000 0.0000 1.0000
vn 0.0000 0.0000 1.0000
vn 0.0000 0.0000 1.0000
vn 0.0000 0.0000 1.0000
vn 0.0000 0.0000 1.0000
vn 0.8660 -0.5000 0.0000
vn 0.8660 -0.5000 0.0000
vn -0.0000 -1.0000 0.0000
vn 0.0000 -1.0000 -0.0000
vn -0.8660 -0.5000 0.0000
vn -0.8660 -0.5000 -0.0000
vn -0.8660 0.5000 0.0000
vn -0.8660 0.5000 0.0000
vn -0.0000 1.0000 0.0000
vn 0.0000 1.0000 0.0000
vn 0.8660 0.5000 0.0000
vn 0.8660 0.5000 0.0000
vn 0.0000 0.0000 1.0000
vn 0.0000 0.0000 1.0000
vn 0.0000 0.0000 1.0000
vn 0.0000 0.0000 1.0000
vn 0.9239 -0.3827 0.0000
vn 0.9239 -0.3827 0.0000
vn 0.3827 -0.9239 0.0000
vn 0.3827 -0.9239 0.0000
vn -0.3827 -0.9239 0.0000
vn -0.3827 -0.9239 -0.0000
vn -0.9239 -0.3827 0.0000
vn -0.9239 -0.3827 -0.0000
vn -0.9239 0.3827 0.0000
vn -0.9239 0.3827 0.0000
vn -0.3827 0.9239 0.0000
vn -0.3827 0.9239 0.0000
vn 0.3827 0.9239 0.0000
vn 0.3827 0.9239 0.0000
vn 0.9239 0.3827 0.0000
vn 0.9239 0.3827 0.0000
vn 0.0000 0.0000 1.0000
vn 0.0000 0.0000 1.0000
vn 0.0000 0.0000 1.0000
vn 0.0000 0.0000 1.0000
vn 0.0000 0.0000 1.0000
vn 0.0000 0.0000 1.0000
vn 0.8660 -0.5000 0.0000
vn 0.8660 -0.5000 0.0000
vn -0.0000 -1.0000 0.0000
vn 0.0000 -1.0000 -0.0000
vn -0.8660 -0.5000 0.0000
vn -0.8660 -0.5000 -0.0000
vn -0.8660 0.5000 0.0000
vn -0.8660 0.5000 0.0000
vn -0.0000 1.0000 0.0000
vn 0.0000 1.0000 0.0000
vn 0.8660 0.5000 0.0000
vn 0.8660 0.5000 0.0000
vn 0.0000 0.0000 1.0000
vn 0.0000 0.0000 1.0000
vn 0.0000 0.0000 1.0000
vn 0.0000 0.0000 1.0000
vn 0.9239 -0.3827 0.0000
vn 0.9239 -0.3827 0.0000
vn 0.3827 -0.9239 0.0000
vn 0.3827 -0.9239 0.0000
vn -0.3827 -0.9239 0.0000
vn -0.3827 -0.9239 -0.0000
vn -0.9239 -0.3827 0.0000
vn -0.9239 -0.3827 -0.0000
vn -0.9239 0.3827 0.0000
vn -0.9239 0.3827 0.0000
vn -0.3827 0.9239 0.0000
vn -0.3827 0.9239 0.0000
vn 0.3827 0.9239 0.0000
vn 0.3827 0.9239 0.0000
vn 0.9239 0.3827 0.0000
vn 0.9239 0.3827 0.0000
vn 0.0000 0.0000 1.0000
vn 0.0000 0.0000 1.0000
vn 0.0000 0.0000 1.0000
vn 0.0000 0.0000 1.0000
vn 0.0000 0.0000 1.0000
vn 0.0000 0.0000 1.0000
vn 0.8660 -0.5000 0.0000
vn 0.8660 -0.5000 0.0000
vn -0.0000 -1.0000 0.0000
vn 0.0000 -1.0000 -0.0000
vn -0.8660 -0.5000 0.0000
vn -0.8660 -0.5000 -0.0000
vn -0.8660 0.5000 0.0000
vn -0.8660 0.5000 0.0000
vn -0.0000 1.0000 0.0000
vn 0.0000 1.0000 0.0000
vn 0.8660 0.5000 0.0000
vn 0.8660 0.5000 0.0000
vn 0.0000 0.0000 1.0000
vn 0.0000 0.0000 1.0000
vn 0.0000 0.0000 1.0000
vn 0.0000 0.0000 1.0000
vn 0.4472 0.8944 -0.0000
vn 0.4472 0.8944 0.0000
vn 0.0000 0.0000 1.0000
vn 0.0000 0.0000 1.0000
vn -0.4472 -0.8944 -0.0000
vn -0.4472 -0.8944 0.0000
vn -0.0000 -0.0000 -1.0000
vn -0.0000 -0.0000 -1.0000
vn -0.4472 0.8944 0.0000
vn -0.4472 0.8944 0.0000
vn -0.0000 0.0000 1.0000
vn -0.0000 0.0000 1.0000
vn 0.4472 -0.8944 0.0000
vn 0.4472 -0.8944 0.0000
vn 0.0000 -0.0000 -1.0000
vn 0.0000 -0.0000 -1.0000
vn -0.8944 0.4472 0.0000
vn -0.8944 0.4472 0.0000
vn 0.8944 0.4472 -0.0000
vn 0.8944 0.4472 0.0000
vn -0.9239 -0.3827 0.0000
vn -0.9239 -0.3827 0.0000
vn -0.3827 -0.9239 -0.0000
vn -0.3827 -0.9239 0.0000
vn 0.3827 -0.9239 0.0000
vn 0.3827 -0.9239 0.0000
vn 0.9239 -0.3827 0.0000
vn 0.9239 -0.3827 0.0000
vn 0.9239 0.3827 0.0000
vn 0.9239 0.3827 -0.0000
vn 0.3827 0.9239 0.0000
vn 0.3827 0.9239 -0.0000
vn -0.3827 0.9239 0.0000
vn -0.3827 0.9239 -0.0000
vn -0.9239 0.3827 0.0000
vn -0.9239 0.3827 0.0000
vn 0.0000 0.0000 -1.0000
vn 0.0000 0.0000 -1.0000
vn 0.0000 -0.0000 -1.0000
vn 0.0000 -0.0000 -1.0000
vn 0.0000 -0.0000 -1.0000
vn 0.0000 0.0000 -1.0000
vn -0.8660 -0.5000 -0.0000
vn -0.8660 -0.5000 0.0000
vn 0.0000 -1.0000 0.0000
vn 0.0000 -1.0000 0.0000
vn 0.8660 -0.5000 0.0000
vn 0.8660 -0.5000 0.0000
vn 0.8660 0.5000 0.0000
vn 0.8660 0.5000 0.0000
vn 0.0000 1.0000 0.0000
vn 0.0000 1.0000 0.0000
vn -0.8660 0.5000 0.0000
vn -0.8660 0.5000 -0.0000
vn 0.0000 0.0000 -1.0000
vn 0.0000 0.0000 -1.0000
vn 0.0000 0.0000 -1.0000
vn 0.0000 -0.0000 -1.0000
vn -0.9239 -0.3827 0.0000
vn -0.9239 -0.3827 0.0000
vn -0.3827 -0.9239 -0.0000
vn -0.3827 -0.9239 0.0000
vn 0.3827 -0.9239 0.0000
vn 0.3827 -0.9239 0.0000
vn 0.9239 -0.3827 0.0000
vn 0.9239 -0.3827 0.0000
vn 0.9239 0.3827 0.0000
vn 0.9239 0.3827 -0.0000
vn 0.3827 0.9239 0.0000
vn 0.3827 0.9239 -0.0000
vn -0.3827 0.9239 0.0000
vn -0.3827 0.9239 0.0000
vn -0.9239 0.3827 0.0000
vn -0.9239 0.3827 0.0000
vn 0.0000 -0.0000 -1.0000
vn 0.0000 0.0000 -1.0000
vn 0.0000 -0.0000 -1.0000
vn 0.0000 0.0000 -1.0000
vn 0.0000 -0.0000 -1.0000
vn 0.0000 0.0000 -1.0000
vn -0.8660 -0.5000 -0.0000
vn -0.8660 -0.5000 0.0000
vn 0.0000 -1.0000 0.0000
vn 0.0000 -1.0000 0.0000
vn 0.8660 -0.5000 0.0000
vn 0.8660 -0.5000 0.0000
vn 0.8660 0.5000 0.0000
vn 0.8660 0.5000 -0.0000
vn 0.0000 1.0000 0.0000
vn 0.0000 1.0000 0.0000
vn -0.8660 0.5000 0.0000
vn -0.8660 0.5000 -0.0000
vn 0.0000 0.0000 -1.0000
vn 0.0000 0.0000 -1.0000
vn 0.0000 0.0000 -1.0000
vn 0.0000 -0.0000 -1.0000
vn -0.9239 -0.3827 0.0000
vn -0.9239 -0.3827 0.0000
vn -0.3827 -0.9239 0.0000
vn -0.3827 -0.9239 0.0000
vn 0.3827 -0.9239 0.0000
vn 0.3827 -0.9239 0.0000
vn 0.9239 -0.3827 0.0000
vn 0.9239 -0.3827 0.0000
vn 0.9239 0.3827 0.0000
vn 0.9239 0.3827 -0.0000
vn 0.3827 0.9239 0.0000
vn 0.3827 0.9239 -0.0000
vn -0.3827 0.9239 0.0000
vn -0.3827 0.9239 0.0000
vn -0.9239 0.3827 0.0000
vn -0.9239 0.3827 0.0000
vn 0.0000 0.0000 -1.0000
vn 0.0000 0.0000 -1.0000
vn 0.0000 0.0000 -1.0000
vn 0.0000 0.0000 -1.0000
vn 0.0000 0.0000 -1.0000
vn 0.0000 -0.0000 -1.0000
vn -0.8660 -0.5000 -0.0000
vn -0.8660 -0.5000 0.0000
vn 0.0000 -1.0000 0.0000
vn 0.0000 -1.0000 0.0000
vn 0.8660 -0.5000 0.0000
vn 0.8660 -0.5000 0.0000
vn 0.8660 0.5000 0.0000
vn 0.8660 0.5000 -0.0000
vn 0.0000 1.0000 0.0000
vn 0.0000 1.0000 -0.0000
vn -0.8660 0.5000 0.0000
vn -0.8660 0.5000 -0.0000
vn 0.0000 0.0000 -1.0000
vn 0.0000 0.0000 -1.0000
vn 0.0000 0.0000 -1.0000
vn 0.0000 -0.0000 -1.0000
vn 0.4472 0.8944 -0.0000
vn 0.4472 0.8944 0.0000
vn 0.0000 0.0000 1.0000
vn 0.0000 0.0000 1.0000
vn -0.4472 -0.8944 -0.0000
vn -0.4472 -0.8944 0.0000
vn 0.0000 0.0000 -1.0000
vn 0.0000 0.0000 -1.0000
vn -0.4472 0.8944 0.0000
vn -0.4472 0.8944 0.0000
vn -0.0000 0.0000 1.0000
vn 0.0000 0.0000 1.0000
vn 0.4472 -0.8944 0.0000
vn 0.4472 -0.8944 0.0000
vn 0.0000 0.0000 -1.0000
vn 0.0000 0.0000 -1.0000
vn -0.8944 0.4472 0.0000
vn -0.8944 0.4472 0.0000
vn 0.8944 0.4472 -0.0000
vn 0.8944 0.4472 0.0000
vn 0.0000 0.0000 1.0000
vn 0.0000 0.0000 1.0000
vn -0.9848 0.1736 0.0000
vn -0.9848 0.1736 0.0000
vn 0.0000 -0.0000 -1.0000
vn -0.0000 -0.0000 -1.0000
vn 0.9848 -0.1736 0.0000
vn 0.9848 -0.1736 0.0000
vn 0.0000 0.0000 1.0000
vn 0.0000 0.0000 1.0000
vn -0.8660 0.5000 0.0000
vn -0.8660 0.5000 0.0000
vn 0.0000 -0.0000 -1.0000
vn 0.0000 0.0000 -1.0000
vn 0.8660 -0.5000 0.0000
vn 0.8660 -0.5000 0.0000
vn 0.0000 0.0000 1.0000
vn 0.0000 0.0000 1.0000
vn -0.6428 0.7660 0.0000
vn -0.6428 0.7660 0.0000
vn 0.0000 -0.0000 -1.0000
vn 0.0000 0.0000 -1.0000
vn 0.6428 -0.7660 0.0000
vn 0.6428 -0.7660 0.0000
vn 0.0000 0.0000 1.0000
vn 0.0000 0.0000 1.0000
vn -0.3420 0.9397 0.0000
vn -0.3420 0.9397 0.0000
vn 0.0000 -0.0000 -1.0000
vn -0.0000 0.0000 -1.0000
vn 0.3420 -0.9397 0.0000
vn 0.3420 -0.9397 0.0000
vn 0.0000 0.0000 1.0000
vn 0.0000 0.0000 1.0000
vn 0.0000 1.0000 0.0000
vn 0.0000 1.0000 0.0000
vn 0.0000 0.0000 -1.0000
vn 0.0000 0.0000 -1.0000
vn 0.0000 -1.0000 0.0000
vn 0.0000 -1.0000 0.0000
vn 0.0000 -0.0000 1.0000
vn 0.0000 0.0000 1.0000
vn 0.3420 0.9397 0.0000
vn 0.3420 0.9397 0.0000
vn 0.0000 0.0000 -1.0000
vn 0.0000 -0.0000 -1.0000
vn -0.3420 -0.9397 0.0000
vn -0.3420 -0.9397 0.0000
vn 0.0000 -0.0000 1.0000
vn 0.0000 0.0000 1.0000
vn 0.6428 0.7660 0.0000
vn 0.6428 0.7660 0.0000
vn -0.0000 0.0000 -1.0000
vn 0.0000 0.0000 -1.0000
vn -0.6428 -0.7660 0.0000
vn -0.6428 -0.7660 0.0000
vn -0.0000 0.0000 1.0000
vn -0.0000 0.0000 1.0000
vn 0.8660 0.5000 0.0000
vn 0.8660 0.5000 0.0000
vn -0.0000 0.0000 -1.0000
vn 0.0000 0.0000 -1.0000
vn -0.8660 -0.5000 0.0000
vn -0.8660 -0.5000 0.0000
vn 0.0000 0.0000 1.0000
vn 0.0000 -0.0000 1.0000
vn 0.9848 0.1736 0.0000
vn 0.9848 0.1736 0.0000
vn 0.0000 -0.0000 -1.0000
vn 0.0000 -0.0000 -1.0000
vn -0.9848 -0.1736 0.0000
vn -0.9848 -0.1736 0.0000
vn -0.0000 0.0000 1.0000
vn 0.0000 0.0000 1.0000
vn 0.9848 -0.1736 0.0000
vn 0.9848 -0.1736 0.0000
vn 0.0000 0.0000 -1.0000
vn 0.0000 0.0000 -1.0000
vn -0.9848 0.1736 0.0000
vn -0.9848 0.1736 0.0000
vn -0.0000 0.0000 1.0000
vn 0.0000 0.0000 1.0000
vn 0.8660 -0.5000 0.0000
vn 0.8660 -0.5000 0.0000
vn -0.0000 -0.0000 -1.0000
vn -0.0000 -0.0000 -1.0000
vn -0.8660 0.5000 0.0000
vn -0.8660 0.5000 0.0000
vn -0.0000 0.0000 1.0000
vn -0.0000 0.0000 1.0000
vn 0.6428 -0.7660 0.0000
vn 0.6428 -0.7660 0.0000
vn 0.0000 0.0000 -1.0000
vn 0.0000 0.0000 -1.0000
vn -0.6428 0.7660 0.0000
vn -0.6428 0.7660 0.0000
vn -0.0000 0.0000 1.0000
vn -0.0000 0.0000 1.0000
vn 0.3420 -0.9397 0.0000
vn 0.3420 -0.9397 0.0000
vn 0.0000 0.0000 -1.0000
vn 0.0000 0.0000 -1.0000
vn -0.3420 0.9397 0.0000
vn -0.3420 0.9397 0.0000
vn 0.0000 0.0000 1.0000
vn -0.0000 0.0000 1.0000
vn 0.0000 -1.0000 0.0000
vn 0.0000 -1.0000 0.0000
vn 0.0000 0.0000 -1.0000
vn 0.0000 0.0000 -1.0000
vn 0.0000 1.0000 0.0000
vn 0.0000 1.0000 0.0000
vn 0.0000 0.0000 1.0000
vn 0.0000 0.0000 1.0000
vn -0.3420 -0.9397 -0.0000
vn -0.3420 -0.9397 0.0000
vn 0.0000 0.0000 -1.0000
vn 0.0000 0.0000 -1.0000
vn 0.3420 0.9397 -0.0000
vn 0.3420 0.9397 0.0000
vn 0.0000 0.0000 1.0000
vn -0.0000 0.0000 1.0000
vn -0.6428 -0.7660 -0.0000
vn -0.6428 -0.7660 0.0000
vn 0.0000 0.0000 -1.0000
vn 0.0000 0.0000 -1.0000
vn 0.6428 0.7660 -0.0000
vn 0.6428 0.7660 0.0000
vn 0.0000 0.0000 1.0000
vn 0.0000 0.0000 1.0000
vn -0.8660 -0.5000 -0.0000
vn -0.8660 -0.5000 0.0000
vn 0.0000 -0.0000 -1.0000
vn 0.0000 -0.0000 -1.0000
vn 0.8660 0.5000 -0.0000
vn 0.8660 0.5000 0.0000
vn -0.0000 0.0000 1.0000
vn 0.0000 0.0000 1.0000
vn -0.9848 -0.1736 -0.0000
vn -0.9848 -0.1736 0.0000
vn 0.0000 0.0000 -1.0000
vn 0.0000 0.0000 -1.0000
vn 0.9848 0.1736 -0.0000
vn 0.9848 0.1736 0.0000
usemtl Mat_Brass
f 4046//5729 4047//5729 4029//5729
f 4046//5730 4029//5730 4028//5730
f 4047//5731 4048//5731 4030//5731
f 4047//5732 4030//5732 4029//5732
f 4048//5733 4049//5733 4031//5733
f 4048//5734 4031//5734 4030//5734
f 4049//5735 4050//5735 4032//5735
f 4049//5736 4032//5736 4031//5736
f 4050//5737 4051//5737 4033//5737
f 4050//5738 4033//5738 4032//5738
f 4051//5739 4052//5739 4034//5739
f 4051//5740 4034//5740 4033//5740
f 4052//5741 4053//5741 4035//5741
f 4052//5742 4035//5742 4034//5742
f 4053//5743 4054//5743 4036//5743
f 4053//5744 4036//5744 4035//5744
f 4054//5745 4055//5745 4037//5745
f 4054//5746 4037//5746 4036//5746
f 4055//5747 4056//5747 4038//5747
f 4055//5748 4038//5748 4037//5748
f 4056//5749 4057//5749 4039//5749
f 4056//5750 4039//5750 4038//5750
f 4057//5751 4058//5751 4040//5751
f 4057//5752 4040//5752 4039//5752
f 4058//5753 4059//5753 4041//5753
f 4058//5754 4041//5754 4040//5754
f 4059//5755 4060//5755 4042//5755
f 4059//5756 4042//5756 4041//5756
f 4060//5757 4061//5757 4043//5757
f 4060//5758 4043//5758 4042//5758
f 4061//5759 4062//5759 4044//5759
f 4061//5760 4044//5760 4043//5760
f 4062//5761 4063//5761 4045//5761
f 4062//5762 4045//5762 4044//5762
f 4063//5763 4046//5763 4028//5763
f 4063//5764 4028//5764 4045//5764
f 4063//5765 4062//5765 4061//5765
f 4063//5766 4061//5766 4060//5766
f 4063//5767 4060//5767 4059//5767
f 4063//5768 4059//5768 4058//5768
f 4063//5769 4058//5769 4057//5769
f 4063//5770 4057//5770 4056//5770
f 4063//5771 4056//5771 4055//5771
f 4063//5772 4055//5772 4054//5772
f 4063//5773 4054//5773 4053//5773
f 4063//5774 4053//5774 4052//5774
f 4063//5775 4052//5775 4051//5775
f 4063//5776 4051//5776 4050//5776
f 4063//5777 4050//5777 4049//5777
f 4063//5778 4049//5778 4048//5778
f 4063//5779 4048//5779 4047//5779
f 4063//5780 4047//5780 4046//5780
f 4028//5781 4029//5781 4030//5781
f 4028//5782 4030//5782 4031//5782
f 4028//5783 4031//5783 4032//5783
f 4028//5784 4032//5784 4033//5784
f 4028//5785 4033//5785 4034//5785
f 4028//5786 4034//5786 4035//5786
f 4028//5787 4035//5787 4036//5787
f 4028//5788 4036//5788 4037//5788
f 4028//5789 4037//5789 4038//5789
f 4028//5790 4038//5790 4039//5790
f 4028//5791 4039//5791 4040//5791
f 4028//5792 4040//5792 4041//5792
f 4028//5793 4041//5793 4042//5793
f 4028//5794 4042//5794 4043//5794
f 4028//5795 4043//5795 4044//5795
f 4028//5796 4044//5796 4045//5796
usemtl Mat_DarkWood
f 4082//5797 4083//5797 4065//5797
f 4082//5798 4065//5798 4064//5798
f 4083//5799 4084//5799 4066//5799
f 4083//5800 4066//5800 4065//5800
f 4084//5801 4085//5801 4067//5801
f 4084//5802 4067//5802 4066//5802
f 4085//5803 4086//5803 4068//5803
f 4085//5804 4068//5804 4067//5804
f 4086//5805 4087//5805 4069//5805
f 4086//5806 4069//5806 4068//5806
f 4087//5807 4088//5807 4070//5807
f 4087//5808 4070//5808 4069//5808
f 4088//5809 4089//5809 4071//5809
f 4088//5810 4071//5810 4070//5810
f 4089//5811 4090//5811 4072//5811
f 4089//5812 4072//5812 4071//5812
f 4090//5813 4091//5813 4073//5813
f 4090//5814 4073//5814 4072//5814
f 4091//5815 4092//5815 4074//5815
f 4091//5816 4074//5816 4073//5816
f 4092//5817 4093//5817 4075//5817
f 4092//5818 4075//5818 4074//5818
f 4093//5819 4094//5819 4076//5819
f 4093//5820 4076//5820 4075//5820
f 4094//5821 4095//5821 4077//5821
f 4094//5822 4077//5822 4076//5822
f 4095//5823 4096//5823 4078//5823
f 4095//5824 4078//5824 4077//5824
f 4096//5825 4097//5825 4079//5825
f 4096//5826 4079//5826 4078//5826
f 4097//5827 4098//5827 4080//5827
f 4097//5828 4080//5828 4079//5828
f 4098//5829 4099//5829 4081//5829
f 4098//5830 4081//5830 4080//5830
f 4099//5831 4082//5831 4064//5831
f 4099//5832 4064//5832 4081//5832
f 4099//5833 4098//5833 4097//5833
f 4099//5834 4097//5834 4096//5834
f 4099//5835 4096//5835 4095//5835
f 4099//5836 4095//5836 4094//5836
f 4099//5837 4094//5837 4093//5837
f 4099//5838 4093//5838 4092//5838
f 4099//5839 4092//5839 4091//5839
f 4099//5840 4091//5840 4090//5840
f 4099//5841 4090//5841 4089//5841
f 4099//5842 4089//5842 4088//5842
f 4099//5843 4088//5843 4087//5843
f 4099//5844 4087//5844 4086//5844
f 4099//5845 4086//5845 4085//5845
f 4099//5846 4085//5846 4084//5846
f 4099//5847 4084//5847 4083//5847
f 4099//5848 4083//5848 4082//5848
f 4118//5849 4119//5849 4101//5849
f 4118//5850 4101//5850 4100//5850
f 4119//5851 4120//5851 4102//5851
f 4119//5852 4102//5852 4101//5852
f 4120//5853 4121//5853 4103//5853
f 4120//5854 4103//5854 4102//5854
f 4121//5855 4122//5855 4104//5855
f 4121//5856 4104//5856 4103//5856
f 4122//5857 4123//5857 4105//5857
f 4122//5858 4105//5858 4104//5858
f 4123//5859 4124//5859 4106//5859
f 4123//5860 4106//5860 4105//5860
f 4124//5861 4125//5861 4107//5861
f 4124//5862 4107//5862 4106//5862
f 4125//5863 4126//5863 4108//5863
f 4125//5864 4108//5864 4107//5864
f 4126//5865 4127//5865 4109//5865
f 4126//5866 4109//5866 4108//5866
f 4127//5867 4128//5867 4110//5867
f 4127//5868 4110//5868 4109//5868
f 4128//5869 4129//5869 4111//5869
f 4128//5870 4111//5870 4110//5870
f 4129//5871 4130//5871 4112//5871
f 4129//5872 4112//5872 4111//5872
f 4130//5873 4131//5873 4113//5873
f 4130//5874 4113//5874 4112//5874
f 4131//5875 4132//5875 4114//5875
f 4131//5876 4114//5876 4113//5876
f 4132//5877 4133//5877 4115//5877
f 4132//5878 4115//5878 4114//5878
f 4133//5879 4134//5879 4116//5879
f 4133//5880 4116//5880 4115//5880
f 4134//5881 4135//5881 4117//5881
f 4134//5882 4117//5882 4116//5882
f 4135//5883 4118//5883 4100//5883
f 4135//5884 4100//5884 4117//5884
f 4135//5885 4134//5885 4133//5885
f 4135//5886 4133//5886 4132//5886
f 4135//5887 4132//5887 4131//5887
f 4135//5888 4131//5888 4130//5888
f 4135//5889 4130//5889 4129//5889
f 4135//5890 4129//5890 4128//5890
f 4135//5891 4128//5891 4127//5891
f 4135//5892 4127//5892 4126//5892
f 4135//5893 4126//5893 4125//5893
f 4135//5894 4125//5894 4124//5894
f 4135//5895 4124//5895 4123//5895
f 4135//5896 4123//5896 4122//5896
f 4135//5897 4122//5897 4121//5897
f 4135//5898 4121//5898 4120//5898
f 4135//5899 4120//5899 4119//5899
f 4135//5900 4119//5900 4118//5900
usemtl Mat_NeonAmber
f 4144//5901 4145//5901 4137//5901
f 4144//5902 4137//5902 4136//5902
f 4145//5903 4146//5903 4138//5903
f 4145//5904 4138//5904 4137//5904
f 4146//5905 4147//5905 4139//5905
f 4146//5906 4139//5906 4138//5906
f 4147//5907 4148//5907 4140//5907
f 4147//5908 4140//5908 4139//5908
f 4148//5909 4149//5909 4141//5909
f 4148//5910 4141//5910 4140//5910
f 4149//5911 4150//5911 4142//5911
f 4149//5912 4142//5912 4141//5912
f 4150//5913 4151//5913 4143//5913
f 4150//5914 4143//5914 4142//5914
f 4151//5915 4144//5915 4136//5915
f 4151//5916 4136//5916 4143//5916
f 4151//5917 4150//5917 4149//5917
f 4151//5918 4149//5918 4148//5918
f 4151//5919 4148//5919 4147//5919
f 4151//5920 4147//5920 4146//5920
f 4151//5921 4146//5921 4145//5921
f 4151//5922 4145//5922 4144//5922
usemtl Mat_Void
f 4158//5923 4159//5923 4153//5923
f 4158//5924 4153//5924 4152//5924
f 4159//5925 4160//5925 4154//5925
f 4159//5926 4154//5926 4153//5926
f 4160//5927 4161//5927 4155//5927
f 4160//5928 4155//5928 4154//5928
f 4161//5929 4162//5929 4156//5929
f 4161//5930 4156//5930 4155//5930
f 4162//5931 4163//5931 4157//5931
f 4162//5932 4157//5932 4156//5932
f 4163//5933 4158//5933 4152//5933
f 4163//5934 4152//5934 4157//5934
f 4163//5935 4162//5935 4161//5935
f 4163//5936 4161//5936 4160//5936
f 4163//5937 4160//5937 4159//5937
f 4163//5938 4159//5938 4158//5938
usemtl Mat_NeonAmber
f 4172//5939 4173//5939 4165//5939
f 4172//5940 4165//5940 4164//5940
f 4173//5941 4174//5941 4166//5941
f 4173//5942 4166//5942 4165//5942
f 4174//5943 4175//5943 4167//5943
f 4174//5944 4167//5944 4166//5944
f 4175//5945 4176//5945 4168//5945
f 4175//5946 4168//5946 4167//5946
f 4176//5947 4177//5947 4169//5947
f 4176//5948 4169//5948 4168//5948
f 4177//5949 4178//5949 4170//5949
f 4177//5950 4170//5950 4169//5950
f 4178//5951 4179//5951 4171//5951
f 4178//5952 4171//5952 4170//5952
f 4179//5953 4172//5953 4164//5953
f 4179//5954 4164//5954 4171//5954
f 4179//5955 4178//5955 4177//5955
f 4179//5956 4177//5956 4176//5956
f 4179//5957 4176//5957 4175//5957
f 4179//5958 4175//5958 4174//5958
f 4179//5959 4174//5959 4173//5959
f 4179//5960 4173//5960 4172//5960
usemtl Mat_Void
f 4186//5961 4187//5961 4181//5961
f 4186//5962 4181//5962 4180//5962
f 4187//5963 4188//5963 4182//5963
f 4187//5964 4182//5964 4181//5964
f 4188//5965 4189//5965 4183//5965
f 4188//5966 4183//5966 4182//5966
f 4189//5967 4190//5967 4184//5967
f 4189//5968 4184//5968 4183//5968
f 4190//5969 4191//5969 4185//5969
f 4190//5970 4185//5970 4184//5970
f 4191//5971 4186//5971 4180//5971
f 4191//5972 4180//5972 4185//5972
f 4191//5973 4190//5973 4189//5973
f 4191//5974 4189//5974 4188//5974
f 4191//5975 4188//5975 4187//5975
f 4191//5976 4187//5976 4186//5976
usemtl Mat_NeonAmber
f 4200//5977 4201//5977 4193//5977
f 4200//5978 4193//5978 4192//5978
f 4201//5979 4202//5979 4194//5979
f 4201//5980 4194//5980 4193//5980
f 4202//5981 4203//5981 4195//5981
f 4202//5982 4195//5982 4194//5982
f 4203//5983 4204//5983 4196//5983
f 4203//5984 4196//5984 4195//5984
f 4204//5985 4205//5985 4197//5985
f 4204//5986 4197//5986 4196//5986
f 4205//5987 4206//5987 4198//5987
f 4205//5988 4198//5988 4197//5988
f 4206//5989 4207//5989 4199//5989
f 4206//5990 4199//5990 4198//5990
f 4207//5991 4200//5991 4192//5991
f 4207//5992 4192//5992 4199//5992
f 4207//5993 4206//5993 4205//5993
f 4207//5994 4205//5994 4204//5994
f 4207//5995 4204//5995 4203//5995
f 4207//5996 4203//5996 4202//5996
f 4207//5997 4202//5997 4201//5997
f 4207//5998 4201//5998 4200//5998
usemtl Mat_Void
f 4214//5999 4215//5999 4209//5999
f 4214//6000 4209//6000 4208//6000
f 4215//6001 4216//6001 4210//6001
f 4215//6002 4210//6002 4209//6002
f 4216//6003 4217//6003 4211//6003
f 4216//6004 4211//6004 4210//6004
f 4217//6005 4218//6005 4212//6005
f 4217//6006 4212//6006 4211//6006
f 4218//6007 4219//6007 4213//6007
f 4218//6008 4213//6008 4212//6008
f 4219//6009 4214//6009 4208//6009
f 4219//6010 4208//6010 4213//6010
f 4219//6011 4218//6011 4217//6011
f 4219//6012 4217//6012 4216//6012
f 4219//6013 4216//6013 4215//6013
f 4219//6014 4215//6014 4214//6014
usemtl Mat_NeonAmber
f 4220//6015 4221//6015 4225//6015
f 4220//6016 4225//6016 4224//6016
f 4221//6017 4222//6017 4226//6017
f 4221//6018 4226//6018 4225//6018
f 4222//6019 4223//6019 4227//6019
f 4222//6020 4227//6020 4226//6020
f 4223//6021 4220//6021 4224//6021
f 4223//6022 4224//6022 4227//6022
f 4224//6023 4225//6023 4229//6023
f 4224//6024 4229//6024 4228//6024
f 4225//6025 4226//6025 4230//6025
f 4225//6026 4230//6026 4229//6026
f 4226//6027 4227//6027 4231//6027
f 4226//6028 4231//6028 4230//6028
f 4227//6029 4224//6029 4228//6029
f 4227//6030 4228//6030 4231//6030
f 4223//6031 4222//6031 4221//6031
f 4223//6032 4221//6032 4220//6032
f 4228//6033 4229//6033 4230//6033
f 4228//6034 4230//6034 4231//6034
f 4240//6035 4241//6035 4233//6035
f 4240//6036 4233//6036 4232//6036
f 4241//6037 4242//6037 4234//6037
f 4241//6038 4234//6038 4233//6038
f 4242//6039 4243//6039 4235//6039
f 4242//6040 4235//6040 4234//6040
f 4243//6041 4244//6041 4236//6041
f 4243//6042 4236//6042 4235//6042
f 4244//6043 4245//6043 4237//6043
f 4244//6044 4237//6044 4236//6044
f 4245//6045 4246//6045 4238//6045
f 4245//6046 4238//6046 4237//6046
f 4246//6047 4247//6047 4239//6047
f 4246//6048 4239//6048 4238//6048
f 4247//6049 4240//6049 4232//6049
f 4247//6050 4232//6050 4239//6050
f 4247//6051 4246//6051 4245//6051
f 4247//6052 4245//6052 4244//6052
f 4247//6053 4244//6053 4243//6053
f 4247//6054 4243//6054 4242//6054
f 4247//6055 4242//6055 4241//6055
f 4247//6056 4241//6056 4240//6056
usemtl Mat_Void
f 4254//6057 4255//6057 4249//6057
f 4254//6058 4249//6058 4248//6058
f 4255//6059 4256//6059 4250//6059
f 4255//6060 4250//6060 4249//6060
f 4256//6061 4257//6061 4251//6061
f 4256//6062 4251//6062 4250//6062
f 4257//6063 4258//6063 4252//6063
f 4257//6064 4252//6064 4251//6064
f 4258//6065 4259//6065 4253//6065
f 4258//6066 4253//6066 4252//6066
f 4259//6067 4254//6067 4248//6067
f 4259//6068 4248//6068 4253//6068
f 4259//6069 4258//6069 4257//6069
f 4259//6070 4257//6070 4256//6070
f 4259//6071 4256//6071 4255//6071
f 4259//6072 4255//6072 4254//6072
usemtl Mat_NeonAmber
f 4268//6073 4269//6073 4261//6073
f 4268//6074 4261//6074 4260//6074
f 4269//6075 4270//6075 4262//6075
f 4269//6076 4262//6076 4261//6076
f 4270//6077 4271//6077 4263//6077
f 4270//6078 4263//6078 4262//6078
f 4271//6079 4272//6079 4264//6079
f 4271//6080 4264//6080 4263//6080
f 4272//6081 4273//6081 4265//6081
f 4272//6082 4265//6082 4264//6082
f 4273//6083 4274//6083 4266//6083
f 4273//6084 4266//6084 4265//6084
f 4274//6085 4275//6085 4267//6085
f 4274//6086 4267//6086 4266//6086
f 4275//6087 4268//6087 4260//6087
f 4275//6088 4260//6088 4267//6088
f 4275//6089 4274//6089 4273//6089
f 4275//6090 4273//6090 4272//6090
f 4275//6091 4272//6091 4271//6091
f 4275//6092 4271//6092 4270//6092
f 4275//6093 4270//6093 4269//6093
f 4275//6094 4269//6094 4268//6094
usemtl Mat_Void
f 4282//6095 4283//6095 4277//6095
f 4282//6096 4277//6096 4276//6096
f 4283//6097 4284//6097 4278//6097
f 4283//6098 4278//6098 4277//6098
f 4284//6099 4285//6099 4279//6099
f 4284//6100 4279//6100 4278//6100
f 4285//6101 4286//6101 4280//6101
f 4285//6102 4280//6102 4279//6102
f 4286//6103 4287//6103 4281//6103
f 4286//6104 4281//6104 4280//6104
f 4287//6105 4282//6105 4276//6105
f 4287//6106 4276//6106 4281//6106
f 4287//6107 4286//6107 4285//6107
f 4287//6108 4285//6108 4284//6108
f 4287//6109 4284//6109 4283//6109
f 4287//6110 4283//6110 4282//6110
usemtl Mat_NeonAmber
f 4296//6111 4297//6111 4289//6111
f 4296//6112 4289//6112 4288//6112
f 4297//6113 4298//6113 4290//6113
f 4297//6114 4290//6114 4289//6114
f 4298//6115 4299//6115 4291//6115
f 4298//6116 4291//6116 4290//6116
f 4299//6117 4300//6117 4292//6117
f 4299//6118 4292//6118 4291//6118
f 4300//6119 4301//6119 4293//6119
f 4300//6120 4293//6120 4292//6120
f 4301//6121 4302//6121 4294//6121
f 4301//6122 4294//6122 4293//6122
f 4302//6123 4303//6123 4295//6123
f 4302//6124 4295//6124 4294//6124
f 4303//6125 4296//6125 4288//6125
f 4303//6126 4288//6126 4295//6126
f 4303//6127 4302//6127 4301//6127
f 4303//6128 4301//6128 4300//6128
f 4303//6129 4300//6129 4299//6129
f 4303//6130 4299//6130 4298//6130
f 4303//6131 4298//6131 4297//6131
f 4303//6132 4297//6132 4296//6132
usemtl Mat_Void
f 4310//6133 4311//6133 4305//6133
f 4310//6134 4305//6134 4304//6134
f 4311//6135 4312//6135 4306//6135
f 4311//6136 4306//6136 4305//6136
f 4312//6137 4313//6137 4307//6137
f 4312//6138 4307//6138 4306//6138
f 4313//6139 4314//6139 4308//6139
f 4313//6140 4308//6140 4307//6140
f 4314//6141 4315//6141 4309//6141
f 4314//6142 4309//6142 4308//6142
f 4315//6143 4310//6143 4304//6143
f 4315//6144 4304//6144 4309//6144
f 4315//6145 4314//6145 4313//6145
f 4315//6146 4313//6146 4312//6146
f 4315//6147 4312//6147 4311//6147
f 4315//6148 4311//6148 4310//6148
usemtl Mat_NeonAmber
f 4316//6149 4317//6149 4321//6149
f 4316//6150 4321//6150 4320//6150
f 4317//6151 4318//6151 4322//6151
f 4317//6152 4322//6152 4321//6152
f 4318//6153 4319//6153 4323//6153
f 4318//6154 4323//6154 4322//6154
f 4319//6155 4316//6155 4320//6155
f 4319//6156 4320//6156 4323//6156
f 4320//6157 4321//6157 4325//6157
f 4320//6158 4325//6158 4324//6158
f 4321//6159 4322//6159 4326//6159
f 4321//6160 4326//6160 4325//6160
f 4322//6161 4323//6161 4327//6161
f 4322//6162 4327//6162 4326//6162
f 4323//6163 4320//6163 4324//6163
f 4323//6164 4324//6164 4327//6164
f 4319//6165 4318//6165 4317//6165
f 4319//6166 4317//6166 4316//6166
f 4324//6167 4325//6167 4326//6167
f 4324//6168 4326//6168 4327//6168
f 4328//6169 4329//6169 4333//6169
f 4328//6170 4333//6170 4332//6170
f 4329//6171 4330//6171 4334//6171
f 4329//6172 4334//6172 4333//6172
f 4330//6173 4331//6173 4335//6173
f 4330//6174 4335//6174 4334//6174
f 4331//6175 4328//6175 4332//6175
f 4331//6176 4332//6176 4335//6176
f 4332//6177 4333//6177 4337//6177
f 4332//6178 4337//6178 4336//6178
f 4333//6179 4334//6179 4338//6179
f 4333//6180 4338//6180 4337//6180
f 4334//6181 4335//6181 4339//6181
f 4334//6182 4339//6182 4338//6182
f 4335//6183 4332//6183 4336//6183
f 4335//6184 4336//6184 4339//6184
f 4336//6185 4337//6185 4341//6185
f 4336//6186 4341//6186 4340//6186
f 4337//6187 4338//6187 4342//6187
f 4337//6188 4342//6188 4341//6188
f 4338//6189 4339//6189 4343//6189
f 4338//6190 4343//6190 4342//6190
f 4339//6191 4336//6191 4340//6191
f 4339//6192 4340//6192 4343//6192
f 4340//6193 4341//6193 4345//6193
f 4340//6194 4345//6194 4344//6194
f 4341//6195 4342//6195 4346//6195
f 4341//6196 4346//6196 4345//6196
f 4342//6197 4343//6197 4347//6197
f 4342//6198 4347//6198 4346//6198
f 4343//6199 4340//6199 4344//6199
f 4343//6200 4344//6200 4347//6200
f 4344//6201 4345//6201 4349//6201
f 4344//6202 4349//6202 4348//6202
f 4345//6203 4346//6203 4350//6203
f 4345//6204 4350//6204 4349//6204
f 4346//6205 4347//6205 4351//6205
f 4346//6206 4351//6206 4350//6206
f 4347//6207 4344//6207 4348//6207
f 4347//6208 4348//6208 4351//6208
f 4348//6209 4349//6209 4353//6209
f 4348//6210 4353//6210 4352//6210
f 4349//6211 4350//6211 4354//6211
f 4349//6212 4354//6212 4353//6212
f 4350//6213 4351//6213 4355//6213
f 4350//6214 4355//6214 4354//6214
f 4351//6215 4348//6215 4352//6215
f 4351//6216 4352//6216 4355//6216
f 4352//6217 4353//6217 4357//6217
f 4352//6218 4357//6218 4356//6218
f 4353//6219 4354//6219 4358//6219
f 4353//6220 4358//6220 4357//6220
f 4354//6221 4355//6221 4359//6221
f 4354//6222 4359//6222 4358//6222
f 4355//6223 4352//6223 4356//6223
f 4355//6224 4356//6224 4359//6224
f 4356//6225 4357//6225 4361//6225
f 4356//6226 4361//6226 4360//6226
f 4357//6227 4358//6227 4362//6227
f 4357//6228 4362//6228 4361//6228
f 4358//6229 4359//6229 4363//6229
f 4358//6230 4363//6230 4362//6230
f 4359//6231 4356//6231 4360//6231
f 4359//6232 4360//6232 4363//6232
f 4360//6233 4361//6233 4365//6233
f 4360//6234 4365//6234 4364//6234
f 4361//6235 4362//6235 4366//6235
f 4361//6236 4366//6236 4365//6236
f 4362//6237 4363//6237 4367//6237
f 4362//6238 4367//6238 4366//6238
f 4363//6239 4360//6239 4364//6239
f 4363//6240 4364//6240 4367//6240
f 4364//6241 4365//6241 4369//6241
f 4364//6242 4369//6242 4368//6242
f 4365//6243 4366//6243 4370//6243
f 4365//6244 4370//6244 4369//6244
f 4366//6245 4367//6245 4371//6245
f 4366//6246 4371//6246 4370//6246
f 4367//6247 4364//6247 4368//6247
f 4367//6248 4368//6248 4371//6248
f 4368//6249 4369//6249 4373//6249
f 4368//6250 4373//6250 4372//6250
f 4369//6251 4370//6251 4374//6251
f 4369//6252 4374//6252 4373//6252
f 4370//6253 4371//6253 4375//6253
f 4370//6254 4375//6254 4374//6254
f 4371//6255 4368//6255 4372//6255
f 4371//6256 4372//6256 4375//6256
f 4372//6257 4373//6257 4377//6257
f 4372//6258 4377//6258 4376//6258
f 4373//6259 4374//6259 4378//6259
f 4373//6260 4378//6260 4377//6260
f 4374//6261 4375//6261 4379//6261
f 4374//6262 4379//6262 4378//6262
f 4375//6263 4372//6263 4376//6263
f 4375//6264 4376//6264 4379//6264
f 4376//6265 4377//6265 4381//6265
f 4376//6266 4381//6266 4380//6266
f 4377//6267 4378//6267 4382//6267
f 4377//6268 4382//6268 4381//6268
f 4378//6269 4379//6269 4383//6269
f 4378//6270 4383//6270 4382//6270
f 4379//6271 4376//6271 4380//6271
f 4379//6272 4380//6272 4383//6272
f 4380//6273 4381//6273 4385//6273
f 4380//6274 4385//6274 4384//6274
f 4381//6275 4382//6275 4386//6275
f 4381//6276 4386//6276 4385//6276
f 4382//6277 4383//6277 4387//6277
f 4382//6278 4387//6278 4386//6278
f 4383//6279 4380//6279 4384//6279
f 4383//6280 4384//6280 4387//6280
f 4384//6281 4385//6281 4389//6281
f 4384//6282 4389//6282 4388//6282
f 4385//6283 4386//6283 4390//6283
f 4385//6284 4390//6284 4389//6284
f 4386//6285 4387//6285 4391//6285
f 4386//6286 4391//6286 4390//6286
f 4387//6287 4384//6287 4388//6287
f 4387//6288 4388//6288 4391//6288
f 4388//6289 4389//6289 4393//6289
f 4388//6290 4393//6290 4392//6290
f 4389//6291 4390//6291 4394//6291
f 4389//6292 4394//6292 4393//6292
f 4390//6293 4391//6293 4395//6293
f 4390//6294 4395//6294 4394//6294
f 4391//6295 4388//6295 4392//6295
f 4391//6296 4392//6296 4395//6296
f 4392//6297 4393//6297 4397//6297
f 4392//6298 4397//6298 4396//6298
f 4393//6299 4394//6299 4398//6299
f 4393//6300 4398//6300 4397//6300
f 4394//6301 4395//6301 4399//6301
f 4394//6302 4399//6302 4398//6302
f 4395//6303 4392//6303 4396//6303
f 4395//6304 4396//6304 4399//6304
f 4396//6305 4397//6305 4329//6305
f 4396//6306 4329//6306 4328//6306
f 4397//6307 4398//6307 4330//6307
f 4397//6308 4330//6308 4329//6308
f 4398//6309 4399//6309 4331//6309
f 4398//6310 4331//6310 4330//6310
f 4399//6311 4396//6311 4328//6311
f 4399//6312 4328//6312 4331//6312
