# Alien Wild West asset pack - OBJ fallback. Y up, 1 unit = 1 m.
mtllib AlienWildWest.mtl
o Bldg_GeneralStore_Body
v 4.15000 0.00000 -0.60000
v 4.00859 0.00000 0.47410
v 3.59401 0.00000 1.47500
v 2.93449 0.00000 2.33449
v 2.07500 0.00000 2.99401
v 1.07410 0.00000 3.40859
v 0.00000 0.00000 3.55000
v -1.07410 0.00000 3.40859
v -2.07500 0.00000 2.99401
v -2.93449 0.00000 2.33449
v -3.59401 0.00000 1.47500
v -4.00859 0.00000 0.47410
v -4.15000 0.00000 -0.60000
v -4.00859 0.00000 -1.67410
v -3.59401 0.00000 -2.67500
v -2.93449 0.00000 -3.53449
v -2.07500 0.00000 -4.19401
v -1.07410 0.00000 -4.60859
v -0.00000 0.00000 -4.75000
v 1.07410 0.00000 -4.60859
v 2.07500 0.00000 -4.19401
v 2.93449 0.00000 -3.53449
v 3.59401 0.00000 -2.67500
v 4.00859 0.00000 -1.67410
v 4.15000 0.35000 -0.60000
v 4.00859 0.35000 0.47410
v 3.59401 0.35000 1.47500
v 2.93449 0.35000 2.33449
v 2.07500 0.35000 2.99401
v 1.07410 0.35000 3.40859
v 0.00000 0.35000 3.55000
v -1.07410 0.35000 3.40859
v -2.07500 0.35000 2.99401
v -2.93449 0.35000 2.33449
v -3.59401 0.35000 1.47500
v -4.00859 0.35000 0.47410
v -4.15000 0.35000 -0.60000
v -4.00859 0.35000 -1.67410
v -3.59401 0.35000 -2.67500
v -2.93449 0.35000 -3.53449
v -2.07500 0.35000 -4.19401
v -1.07410 0.35000 -4.60859
v -0.00000 0.35000 -4.75000
v 1.07410 0.35000 -4.60859
v 2.07500 0.35000 -4.19401
v 2.93449 0.35000 -3.53449
v 3.59401 0.35000 -2.67500
v 4.00859 0.35000 -1.67410
v 4.00000 0.00000 -0.60000
v 3.86370 0.00000 0.43528
v 3.46410 0.00000 1.40000
v 2.82843 0.00000 2.22843
v 2.00000 0.00000 2.86410
v 1.03528 0.00000 3.26370
v 0.00000 0.00000 3.40000
v -1.03528 0.00000 3.26370
v -2.00000 0.00000 2.86410
v -2.82843 0.00000 2.22843
v -3.46410 0.00000 1.40000
v -3.86370 0.00000 0.43528
v -4.00000 0.00000 -0.60000
v -3.86370 0.00000 -1.63528
v -3.46410 0.00000 -2.60000
v -2.82843 0.00000 -3.42843
v -2.00000 0.00000 -4.06410
v -1.03528 0.00000 -4.46370
v -0.00000 0.00000 -4.60000
v 1.03528 0.00000 -4.46370
v 2.00000 0.00000 -4.06410
v 2.82843 0.00000 -3.42843
v 3.46410 0.00000 -2.60000
v 3.86370 0.00000 -1.63528
v 4.00000 6.60000 -0.60000
v 3.86370 6.60000 0.43528
v 3.46410 6.60000 1.40000
v 2.82843 6.60000 2.22843
v 2.00000 6.60000 2.86410
v 1.03528 6.60000 3.26370
v 0.00000 6.60000 3.40000
v -1.03528 6.60000 3.26370
v -2.00000 6.60000 2.86410
v -2.82843 6.60000 2.22843
v -3.46410 6.60000 1.40000
v -3.86370 6.60000 0.43528
v -4.00000 6.60000 -0.60000
v -3.86370 6.60000 -1.63528
v -3.46410 6.60000 -2.60000
v -2.82843 6.60000 -3.42843
v -2.00000 6.60000 -4.06410
v -1.03528 6.60000 -4.46370
v -0.00000 6.60000 -4.60000
v 1.03528 6.60000 -4.46370
v 2.00000 6.60000 -4.06410
v 2.82843 6.60000 -3.42843
v 3.46410 6.60000 -2.60000
v 3.86370 6.60000 -1.63528
v 4.07000 0.70000 -0.60000
v 3.93132 0.70000 0.45339
v 3.52472 0.70000 1.43500
v 2.87792 0.70000 2.27792
v 2.03500 0.70000 2.92472
v 1.05339 0.70000 3.33132
v 0.00000 0.70000 3.47000
v -1.05339 0.70000 3.33132
v -2.03500 0.70000 2.92472
v -2.87792 0.70000 2.27792
v -3.52472 0.70000 1.43500
v -3.93132 0.70000 0.45339
v -4.07000 0.70000 -0.60000
v -3.93132 0.70000 -1.65339
v -3.52472 0.70000 -2.63500
v -2.87792 0.70000 -3.47792
v -2.03500 0.70000 -4.12472
v -1.05339 0.70000 -4.53132
v -0.00000 0.70000 -4.67000
v 1.05339 0.70000 -4.53132
v 2.03500 0.70000 -4.12472
v 2.87792 0.70000 -3.47792
v 3.52472 0.70000 -2.63500
v 3.93132 0.70000 -1.65339
v 4.07000 0.84000 -0.60000
v 3.93132 0.84000 0.45339
v 3.52472 0.84000 1.43500
v 2.87792 0.84000 2.27792
v 2.03500 0.84000 2.92472
v 1.05339 0.84000 3.33132
v 0.00000 0.84000 3.47000
v -1.05339 0.84000 3.33132
v -2.03500 0.84000 2.92472
v -2.87792 0.84000 2.27792
v -3.52472 0.84000 1.43500
v -3.93132 0.84000 0.45339
v -4.07000 0.84000 -0.60000
v -3.93132 0.84000 -1.65339
v -3.52472 0.84000 -2.63500
v -2.87792 0.84000 -3.47792
v -2.03500 0.84000 -4.12472
v -1.05339 0.84000 -4.53132
v -0.00000 0.84000 -4.67000
v 1.05339 0.84000 -4.53132
v 2.03500 0.84000 -4.12472
v 2.87792 0.84000 -3.47792
v 3.52472 0.84000 -2.63500
v 3.93132 0.84000 -1.65339
v 4.07000 1.15000 -0.60000
v 3.93132 1.15000 0.45339
v 3.52472 1.15000 1.43500
v 2.87792 1.15000 2.27792
v 2.03500 1.15000 2.92472
v 1.05339 1.15000 3.33132
v 0.00000 1.15000 3.47000
v -1.05339 1.15000 3.33132
v -2.03500 1.15000 2.92472
v -2.87792 1.15000 2.27792
v -3.52472 1.15000 1.43500
v -3.93132 1.15000 0.45339
v -4.07000 1.15000 -0.60000
v -3.93132 1.15000 -1.65339
v -3.52472 1.15000 -2.63500
v -2.87792 1.15000 -3.47792
v -2.03500 1.15000 -4.12472
v -1.05339 1.15000 -4.53132
v -0.00000 1.15000 -4.67000
v 1.05339 1.15000 -4.53132
v 2.03500 1.15000 -4.12472
v 2.87792 1.15000 -3.47792
v 3.52472 1.15000 -2.63500
v 3.93132 1.15000 -1.65339
v 4.07000 1.29000 -0.60000
v 3.93132 1.29000 0.45339
v 3.52472 1.29000 1.43500
v 2.87792 1.29000 2.27792
v 2.03500 1.29000 2.92472
v 1.05339 1.29000 3.33132
v 0.00000 1.29000 3.47000
v -1.05339 1.29000 3.33132
v -2.03500 1.29000 2.92472
v -2.87792 1.29000 2.27792
v -3.52472 1.29000 1.43500
v -3.93132 1.29000 0.45339
v -4.07000 1.29000 -0.60000
v -3.93132 1.29000 -1.65339
v -3.52472 1.29000 -2.63500
v -2.87792 1.29000 -3.47792
v -2.03500 1.29000 -4.12472
v -1.05339 1.29000 -4.53132
v -0.00000 1.29000 -4.67000
v 1.05339 1.29000 -4.53132
v 2.03500 1.29000 -4.12472
v 2.87792 1.29000 -3.47792
v 3.52472 1.29000 -2.63500
v 3.93132 1.29000 -1.65339
v 4.07000 1.60000 -0.60000
v 3.93132 1.60000 0.45339
v 3.52472 1.60000 1.43500
v 2.87792 1.60000 2.27792
v 2.03500 1.60000 2.92472
v 1.05339 1.60000 3.33132
v 0.00000 1.60000 3.47000
v -1.05339 1.60000 3.33132
v -2.03500 1.60000 2.92472
v -2.87792 1.60000 2.27792
v -3.52472 1.60000 1.43500
v -3.93132 1.60000 0.45339
v -4.07000 1.60000 -0.60000
v -3.93132 1.60000 -1.65339
v -3.52472 1.60000 -2.63500
v -2.87792 1.60000 -3.47792
v -2.03500 1.60000 -4.12472
v -1.05339 1.60000 -4.53132
v -0.00000 1.60000 -4.67000
v 1.05339 1.60000 -4.53132
v 2.03500 1.60000 -4.12472
v 2.87792 1.60000 -3.47792
v 3.52472 1.60000 -2.63500
v 3.93132 1.60000 -1.65339
v 4.07000 1.74000 -0.60000
v 3.93132 1.74000 0.45339
v 3.52472 1.74000 1.43500
v 2.87792 1.74000 2.27792
v 2.03500 1.74000 2.92472
v 1.05339 1.74000 3.33132
v 0.00000 1.74000 3.47000
v -1.05339 1.74000 3.33132
v -2.03500 1.74000 2.92472
v -2.87792 1.74000 2.27792
v -3.52472 1.74000 1.43500
v -3.93132 1.74000 0.45339
v -4.07000 1.74000 -0.60000
v -3.93132 1.74000 -1.65339
v -3.52472 1.74000 -2.63500
v -2.87792 1.74000 -3.47792
v -2.03500 1.74000 -4.12472
v -1.05339 1.74000 -4.53132
v -0.00000 1.74000 -4.67000
v 1.05339 1.74000 -4.53132
v 2.03500 1.74000 -4.12472
v 2.87792 1.74000 -3.47792
v 3.52472 1.74000 -2.63500
v 3.93132 1.74000 -1.65339
v 4.07000 6.00000 -0.60000
v 3.93132 6.00000 0.45339
v 3.52472 6.00000 1.43500
v 2.87792 6.00000 2.27792
v 2.03500 6.00000 2.92472
v 1.05339 6.00000 3.33132
v 0.00000 6.00000 3.47000
v -1.05339 6.00000 3.33132
v -2.03500 6.00000 2.92472
v -2.87792 6.00000 2.27792
v -3.52472 6.00000 1.43500
v -3.93132 6.00000 0.45339
v -4.07000 6.00000 -0.60000
v -3.93132 6.00000 -1.65339
v -3.52472 6.00000 -2.63500
v -2.87792 6.00000 -3.47792
v -2.03500 6.00000 -4.12472
v -1.05339 6.00000 -4.53132
v -0.00000 6.00000 -4.67000
v 1.05339 6.00000 -4.53132
v 2.03500 6.00000 -4.12472
v 2.87792 6.00000 -3.47792
v 3.52472 6.00000 -2.63500
v 3.93132 6.00000 -1.65339
v 4.07000 6.14000 -0.60000
v 3.93132 6.14000 0.45339
v 3.52472 6.14000 1.43500
v 2.87792 6.14000 2.27792
v 2.03500 6.14000 2.92472
v 1.05339 6.14000 3.33132
v 0.00000 6.14000 3.47000
v -1.05339 6.14000 3.33132
v -2.03500 6.14000 2.92472
v -2.87792 6.14000 2.27792
v -3.52472 6.14000 1.43500
v -3.93132 6.14000 0.45339
v -4.07000 6.14000 -0.60000
v -3.93132 6.14000 -1.65339
v -3.52472 6.14000 -2.63500
v -2.87792 6.14000 -3.47792
v -2.03500 6.14000 -4.12472
v -1.05339 6.14000 -4.53132
v -0.00000 6.14000 -4.67000
v 1.05339 6.14000 -4.53132
v 2.03500 6.14000 -4.12472
v 2.87792 6.14000 -3.47792
v 3.52472 6.14000 -2.63500
v 3.93132 6.14000 -1.65339
v 4.18000 6.50000 -0.60000
v 4.03757 6.50000 0.48186
v 3.61999 6.50000 1.49000
v 2.95571 6.50000 2.35571
v 2.09000 6.50000 3.01999
v 1.08186 6.50000 3.43757
v 0.00000 6.50000 3.58000
v -1.08186 6.50000 3.43757
v -2.09000 6.50000 3.01999
v -2.95571 6.50000 2.35571
v -3.61999 6.50000 1.49000
v -4.03757 6.50000 0.48186
v -4.18000 6.50000 -0.60000
v -4.03757 6.50000 -1.68186
v -3.61999 6.50000 -2.69000
v -2.95571 6.50000 -3.55571
v -2.09000 6.50000 -4.21999
v -1.08186 6.50000 -4.63757
v -0.00000 6.50000 -4.78000
v 1.08186 6.50000 -4.63757
v 2.09000 6.50000 -4.21999
v 2.95571 6.50000 -3.55571
v 3.61999 6.50000 -2.69000
v 4.03757 6.50000 -1.68186
v 4.18000 6.82000 -0.60000
v 4.03757 6.82000 0.48186
v 3.61999 6.82000 1.49000
v 2.95571 6.82000 2.35571
v 2.09000 6.82000 3.01999
v 1.08186 6.82000 3.43757
v 0.00000 6.82000 3.58000
v -1.08186 6.82000 3.43757
v -2.09000 6.82000 3.01999
v -2.95571 6.82000 2.35571
v -3.61999 6.82000 1.49000
v -4.03757 6.82000 0.48186
v -4.18000 6.82000 -0.60000
v -4.03757 6.82000 -1.68186
v -3.61999 6.82000 -2.69000
v -2.95571 6.82000 -3.55571
v -2.09000 6.82000 -4.21999
v -1.08186 6.82000 -4.63757
v -0.00000 6.82000 -4.78000
v 1.08186 6.82000 -4.63757
v 2.09000 6.82000 -4.21999
v 2.95571 6.82000 -3.55571
v 3.61999 6.82000 -2.69000
v 4.03757 6.82000 -1.68186
v 4.05000 3.35000 -0.60000
v 3.91200 3.35000 0.44822
v 3.50740 3.35000 1.42500
v 2.86378 3.35000 2.26378
v 2.02500 3.35000 2.90740
v 1.04822 3.35000 3.31200
v 0.00000 3.35000 3.45000
v -1.04822 3.35000 3.31200
v -2.02500 3.35000 2.90740
v -2.86378 3.35000 2.26378
v -3.50740 3.35000 1.42500
v -3.91200 3.35000 0.44822
v -4.05000 3.35000 -0.60000
v -3.91200 3.35000 -1.64822
v -3.50740 3.35000 -2.62500
v -2.86378 3.35000 -3.46378
v -2.02500 3.35000 -4.10740
v -1.04822 3.35000 -4.51200
v -0.00000 3.35000 -4.65000
v 1.04822 3.35000 -4.51200
v 2.02500 3.35000 -4.10740
v 2.86378 3.35000 -3.46378
v 3.50740 3.35000 -2.62500
v 3.91200 3.35000 -1.64822
v 4.05000 5.85000 -0.60000
v 3.91200 5.85000 0.44822
v 3.50740 5.85000 1.42500
v 2.86378 5.85000 2.26378
v 2.02500 5.85000 2.90740
v 1.04822 5.85000 3.31200
v 0.00000 5.85000 3.45000
v -1.04822 5.85000 3.31200
v -2.02500 5.85000 2.90740
v -2.86378 5.85000 2.26378
v -3.50740 5.85000 1.42500
v -3.91200 5.85000 0.44822
v -4.05000 5.85000 -0.60000
v -3.91200 5.85000 -1.64822
v -3.50740 5.85000 -2.62500
v -2.86378 5.85000 -3.46378
v -2.02500 5.85000 -4.10740
v -1.04822 5.85000 -4.51200
v -0.00000 5.85000 -4.65000
v 1.04822 5.85000 -4.51200
v 2.02500 5.85000 -4.10740
v 2.86378 5.85000 -3.46378
v 3.50740 5.85000 -2.62500
v 3.91200 5.85000 -1.64822
v 4.07000 3.35000 -0.60000
v 3.93132 3.35000 0.45339
v 3.52472 3.35000 1.43500
v 2.87792 3.35000 2.27792
v 2.03500 3.35000 2.92472
v 1.05339 3.35000 3.33132
v 0.00000 3.35000 3.47000
v -1.05339 3.35000 3.33132
v -2.03500 3.35000 2.92472
v -2.87792 3.35000 2.27792
v -3.52472 3.35000 1.43500
v -3.93132 3.35000 0.45339
v -4.07000 3.35000 -0.60000
v -3.93132 3.35000 -1.65339
v -3.52472 3.35000 -2.63500
v -2.87792 3.35000 -3.47792
v -2.03500 3.35000 -4.12472
v -1.05339 3.35000 -4.53132
v -0.00000 3.35000 -4.67000
v 1.05339 3.35000 -4.53132
v 2.03500 3.35000 -4.12472
v 2.87792 3.35000 -3.47792
v 3.52472 3.35000 -2.63500
v 3.93132 3.35000 -1.65339
v 4.07000 3.53000 -0.60000
v 3.93132 3.53000 0.45339
v 3.52472 3.53000 1.43500
v 2.87792 3.53000 2.27792
v 2.03500 3.53000 2.92472
v 1.05339 3.53000 3.33132
v 0.00000 3.53000 3.47000
v -1.05339 3.53000 3.33132
v -2.03500 3.53000 2.92472
v -2.87792 3.53000 2.27792
v -3.52472 3.53000 1.43500
v -3.93132 3.53000 0.45339
v -4.07000 3.53000 -0.60000
v -3.93132 3.53000 -1.65339
v -3.52472 3.53000 -2.63500
v -2.87792 3.53000 -3.47792
v -2.03500 3.53000 -4.12472
v -1.05339 3.53000 -4.53132
v -0.00000 3.53000 -4.67000
v 1.05339 3.53000 -4.53132
v 2.03500 3.53000 -4.12472
v 2.87792 3.53000 -3.47792
v 3.52472 3.53000 -2.63500
v 3.93132 3.53000 -1.65339
v 4.07000 5.67000 -0.60000
v 3.93132 5.67000 0.45339
v 3.52472 5.67000 1.43500
v 2.87792 5.67000 2.27792
v 2.03500 5.67000 2.92472
v 1.05339 5.67000 3.33132
v 0.00000 5.67000 3.47000
v -1.05339 5.67000 3.33132
v -2.03500 5.67000 2.92472
v -2.87792 5.67000 2.27792
v -3.52472 5.67000 1.43500
v -3.93132 5.67000 0.45339
v -4.07000 5.67000 -0.60000
v -3.93132 5.67000 -1.65339
v -3.52472 5.67000 -2.63500
v -2.87792 5.67000 -3.47792
v -2.03500 5.67000 -4.12472
v -1.05339 5.67000 -4.53132
v -0.00000 5.67000 -4.67000
v 1.05339 5.67000 -4.53132
v 2.03500 5.67000 -4.12472
v 2.87792 5.67000 -3.47792
v 3.52472 5.67000 -2.63500
v 3.93132 5.67000 -1.65339
v 4.07000 5.85000 -0.60000
v 3.93132 5.85000 0.45339
v 3.52472 5.85000 1.43500
v 2.87792 5.85000 2.27792
v 2.03500 5.85000 2.92472
v 1.05339 5.85000 3.33132
v 0.00000 5.85000 3.47000
v -1.05339 5.85000 3.33132
v -2.03500 5.85000 2.92472
v -2.87792 5.85000 2.27792
v -3.52472 5.85000 1.43500
v -3.93132 5.85000 0.45339
v -4.07000 5.85000 -0.60000
v -3.93132 5.85000 -1.65339
v -3.52472 5.85000 -2.63500
v -2.87792 5.85000 -3.47792
v -2.03500 5.85000 -4.12472
v -1.05339 5.85000 -4.53132
v -0.00000 5.85000 -4.67000
v 1.05339 5.85000 -4.53132
v 2.03500 5.85000 -4.12472
v 2.87792 5.85000 -3.47792
v 3.52472 5.85000 -2.63500
v 3.93132 5.85000 -1.65339
v 1.47354 5.48894 3.22137
v 2.24687 5.22739 2.81880
v 2.28510 5.37106 2.79890
v 1.51177 5.63261 3.20147
v 2.24354 5.39318 2.82053
v 1.47114 5.08840 3.22262
v 1.51509 4.94682 3.19974
v 2.28749 5.25160 2.79765
v 1.47114 4.97160 3.22262
v 2.24354 4.66682 2.82053
v 2.28749 4.80840 2.79765
v 1.51509 5.11318 3.19974
v 0.81230 4.87720 3.40419
v 1.23572 5.53960 3.27876
v 1.11605 5.62280 3.31421
v 0.69264 4.96040 3.43963
v 1.07616 5.53960 3.32603
v 1.49958 4.87720 3.20061
v 1.61925 4.96040 3.16516
v 1.19583 5.62280 3.29058
v 0.85152 4.67500 3.39257
v 1.46037 4.67500 3.21222
v 1.46037 4.82500 3.21222
v 0.85152 4.82500 3.39257
v -0.04539 5.47500 3.49320
v 0.82558 5.47500 3.40933
v 0.82558 5.62500 3.40933
v -0.04539 5.62500 3.49320
v 0.71360 5.58750 3.42011
v 0.71360 4.95250 3.42011
v 0.86291 4.95250 3.40574
v 0.86291 5.58750 3.40574
v 0.78825 5.07385 3.41292
v 0.24369 4.80031 3.46536
v 0.31046 4.66615 3.45893
v 0.85502 4.93969 3.40649
v 0.35028 5.19000 3.45510
v 0.23083 5.31000 3.46660
v 0.11138 5.19000 3.47810
v 0.23083 5.07000 3.46660
v -0.82558 4.67500 3.40933
v 0.04539 4.67500 3.49320
v 0.04539 4.82500 3.49320
v -0.82558 4.82500 3.40933
v 0.08272 4.71250 3.49679
v 0.08272 5.58750 3.49679
v -0.06659 5.58750 3.48241
v -0.06659 4.71250 3.48241
v 0.04539 5.62500 3.49320
v -0.62650 5.62500 3.42850
v -0.62650 5.47500 3.42850
v 0.04539 5.47500 3.49320
v -0.66383 5.58750 3.42490
v -0.66383 5.03250 3.42490
v -0.51452 5.03250 3.43928
v -0.51452 5.58750 3.43928
v -0.62650 4.99500 3.42850
v -0.19350 4.99500 3.47019
v -0.19350 5.14500 3.47019
v -0.62650 5.14500 3.42850
v -1.46756 4.71250 3.21009
v -1.46756 5.58750 3.21009
v -1.61138 5.58750 3.16749
v -1.61138 4.71250 3.16749
v -1.57543 5.47500 3.17814
v -0.73646 5.47500 3.42665
v -0.73646 5.62500 3.42665
v -1.57543 5.62500 3.17814
v -1.26860 4.67500 3.26902
v -0.73646 4.67500 3.42665
v -0.73646 4.82500 3.42665
v -1.26860 4.82500 3.26902
v -0.70050 4.71250 3.43730
v -0.70050 5.26750 3.43730
v -0.84433 5.26750 3.39470
v -0.84433 4.71250 3.39470
v -0.73646 5.30500 3.42665
v -1.26860 5.30500 3.26902
v -1.26860 5.15500 3.26902
v -0.73646 5.15500 3.42665
v -1.81279 4.71250 3.04477
v -1.81279 5.22750 3.04477
v -1.94584 5.22750 2.97550
v -1.94584 4.71250 2.97550
v -2.30335 5.51934 2.78940
v -1.89910 5.10917 2.99984
v -1.81009 5.22066 3.04617
v -2.21434 5.63083 2.83573
v -1.85954 5.10917 3.02043
v -1.45528 5.51934 3.23087
v -1.54429 5.63083 3.18454
v -1.94854 5.22066 2.97410
v -1.77288 5.47000 3.06554
v -1.87932 5.59000 3.01013
v -1.98576 5.47000 2.95472
v -1.87932 5.35000 3.01013
v -3.71692 5.16950 1.30211
v -3.50241 5.18741 1.67364
v -3.71835 4.02278 1.29963
v -3.50177 4.00910 1.67476
v -3.79595 4.23402 1.59159
v -3.78573 4.94574 1.58569
v -3.43787 4.25616 1.38486
v -3.42284 4.97364 1.37618
v -3.33013 4.60000 1.71808
v -3.55023 4.60000 1.84414
v -3.67720 4.60000 1.09777
v -3.89860 4.60000 1.24689
v -3.87685 4.77000 1.46510
v -3.82056 4.83500 1.56260
v -3.93314 4.83500 1.56260
v -3.98943 4.83500 1.46510
v -3.93314 4.83500 1.36760
v -3.82056 4.83500 1.36760
v -3.76427 4.83500 1.46510
v -3.82056 4.96500 1.56260
v -3.93314 4.96500 1.56260
v -3.98943 4.96500 1.46510
v -3.93314 4.96500 1.36760
v -3.82056 4.96500 1.36760
v -3.76427 4.96500 1.46510
v -3.87685 5.03000 1.46510
v -3.72685 4.77000 1.72490
v -3.67056 4.83500 1.82240
v -3.78314 4.83500 1.82240
v -3.83943 4.83500 1.72490
v -3.78314 4.83500 1.62740
v -3.67056 4.83500 1.62740
v -3.61427 4.83500 1.72490
v -3.67056 4.96500 1.82240
v -3.78314 4.96500 1.82240
v -3.83943 4.96500 1.72490
v -3.78314 4.96500 1.62740
v -3.67056 4.96500 1.62740
v -3.61427 4.96500 1.72490
v -3.72685 5.03000 1.72490
v -3.97211 4.84000 1.52010
v -3.94211 4.90000 1.57206
v -4.02408 4.90000 1.55010
v -4.00211 4.90000 1.46813
v -3.92015 4.90000 1.49010
v -3.97211 4.96000 1.52010
v -3.82211 4.84000 1.77990
v -3.79211 4.90000 1.83187
v -3.87408 4.90000 1.80990
v -3.85211 4.90000 1.72794
v -3.77015 4.90000 1.74990
v -3.82211 4.96000 1.77990
v -3.87036 4.56776 1.47929
v -3.91055 4.56776 1.49289
v -3.91799 4.53224 1.47090
v -3.87780 4.53224 1.45730
v -3.82642 4.47812 1.60918
v -3.86389 4.47257 1.63082
v -3.86389 4.42188 1.63082
v -3.82642 4.42743 1.60918
v -3.73590 4.56776 1.71218
v -3.76777 4.56776 1.74019
v -3.75244 4.53224 1.75763
v -3.72058 4.53224 1.72962
v -3.58633 5.22000 1.52830
v -3.38399 5.24802 1.87875
v -3.64149 5.21722 1.88502
v -3.86328 5.22000 1.68820
v -3.91124 5.33189 1.41780
v -3.76547 5.41019 1.21802
v -3.51956 5.33189 1.19167
v -3.30937 5.22000 1.36840
v -3.24982 5.21722 1.65888
v -3.36435 5.28855 1.91278
v -3.64214 5.25086 1.91869
v -3.88147 5.24934 1.70590
v -3.93263 5.37436 1.41554
v -3.77517 5.46320 1.20121
v -3.51083 5.37436 1.17201
v -3.28495 5.24934 1.36150
v -3.22033 5.25086 1.67516
v -3.58321 5.24934 1.53370
v -3.58477 5.23467 1.53100
v -3.48573 5.19257 1.70254
v -3.62014 5.20490 1.71315
v -3.73383 5.23467 1.61706
v -3.76020 5.26444 1.47056
v -3.68380 5.27677 1.35946
v -3.54939 5.26444 1.34885
v -3.43570 5.23467 1.44494
v -3.40933 5.20490 1.59144
v -3.46436 5.32150 1.73955
v -3.60873 5.33475 1.75095
v -3.73084 5.36672 1.64775
v -3.75916 5.39870 1.49039
v -3.67711 5.41194 1.37107
v -3.53274 5.39870 1.35967
v -3.41063 5.36672 1.46287
v -3.38230 5.33475 1.62023
v -3.47178 5.43200 1.72669
v -3.59126 5.44296 1.73613
v -3.69232 5.46943 1.65072
v -3.71576 5.49589 1.52049
v -3.64785 5.50685 1.42174
v -3.52837 5.49589 1.41230
v -3.42732 5.46943 1.49772
v -3.40388 5.44296 1.62794
v -3.51892 5.42137 1.64505
v -3.57866 5.42685 1.64977
v -3.62919 5.44008 1.60706
v -3.64091 5.45331 1.54195
v -3.60695 5.45880 1.49257
v -3.54721 5.45331 1.48786
v -3.49668 5.44008 1.53056
v -3.48496 5.42685 1.59568
v -3.56294 5.44008 1.56881
v -3.47867 5.20490 1.71477
v -3.62055 5.21792 1.72597
v -3.74055 5.24934 1.62455
v -3.76839 5.28077 1.46990
v -3.68775 5.29379 1.35264
v -3.54587 5.28077 1.34143
v -3.42586 5.24934 1.44286
v -3.39803 5.21792 1.59750
v -3.46954 5.25470 1.73058
v -3.61640 5.26817 1.74217
v -3.74062 5.30070 1.63719
v -3.76943 5.33322 1.47712
v -3.68596 5.34670 1.35573
v -3.53910 5.33322 1.34414
v -3.41488 5.30070 1.44912
v -3.38607 5.26817 1.60919
v 3.31387 4.46515 1.80022
v 3.56715 4.97172 1.36152
v 3.51058 5.08485 1.45949
v 3.25730 4.57828 1.89820
v 3.48230 4.97172 1.50848
v 3.73558 4.46515 1.06978
v 3.79215 4.57828 0.97180
v 3.53887 5.08485 1.41051
v 3.73558 4.63485 1.06978
v 3.48230 4.12828 1.50848
v 3.53887 4.01515 1.41051
v 3.79215 4.52172 0.97180
v 3.56715 4.12828 1.36152
v 3.31387 4.63485 1.80022
v 3.25730 4.52172 1.89820
v 3.51058 4.01515 1.45949
v 3.58872 4.55000 1.32415
v 3.52472 4.67800 1.43500
v 3.46072 4.55000 1.54585
v 3.52472 4.42200 1.43500
v 3.99637 5.20000 0.66808
v 3.95817 5.00517 0.73425
v 3.85372 4.99271 0.91517
v 3.93456 4.85983 0.77515
v 3.90821 4.65729 0.82079
v 3.99637 4.77000 0.66808
v 4.08454 4.65729 0.51537
v 4.05819 4.85983 0.56100
v 4.13903 4.99271 0.42099
v 4.03458 5.00517 0.60190
v 3.95307 5.20000 0.64308
v 3.91487 5.00517 0.70925
v 3.81041 4.99271 0.89017
v 3.89125 4.85983 0.75015
v 3.86490 4.65729 0.79579
v 3.95307 4.77000 0.64308
v 4.04124 4.65729 0.49037
v 4.01489 4.85983 0.53600
v 4.09573 4.99271 0.39599
v 3.99128 5.00517 0.57690
v 3.09637 5.65000 2.22692
v 3.06698 5.48090 2.27783
v 2.97749 5.47725 2.43283
v 3.04882 5.36910 2.30929
v 3.02290 5.19775 2.35418
v 3.09637 5.30000 2.22692
v 3.16985 5.19775 2.09966
v 3.14393 5.36910 2.14456
v 3.21526 5.47725 2.02101
v 3.12576 5.48090 2.17602
v 3.05307 5.65000 2.20192
v 3.02368 5.48090 2.25283
v 2.93419 5.47725 2.40783
v 3.00552 5.36910 2.28429
v 2.97960 5.19775 2.32918
v 3.05307 5.30000 2.20192
v 3.12655 5.19775 2.07466
v 3.10063 5.36910 2.11956
v 3.17195 5.47725 1.99601
v 3.08246 5.48090 2.15102
v 0.42172 4.46515 -4.67000
v -0.08485 4.97172 -4.67000
v 0.02828 5.08485 -4.67000
v 0.53485 4.57828 -4.67000
v 0.08485 4.97172 -4.67000
v -0.42172 4.46515 -4.67000
v -0.53485 4.57828 -4.67000
v -0.02828 5.08485 -4.67000
v -0.42172 4.63485 -4.67000
v 0.08485 4.12828 -4.67000
v -0.02828 4.01515 -4.67000
v -0.53485 4.52172 -4.67000
v -0.08485 4.12828 -4.67000
v 0.42172 4.63485 -4.67000
v 0.53485 4.52172 -4.67000
v 0.02828 4.01515 -4.67000
v -0.12800 4.55000 -4.67000
v 0.00000 4.67800 -4.67000
v 0.12800 4.55000 -4.67000
v 0.00000 4.42200 -4.67000
v -0.90000 5.20000 -4.69500
v -0.82359 5.00517 -4.69500
v -0.61468 4.99271 -4.69500
v -0.77636 4.85983 -4.69500
v -0.72366 4.65729 -4.69500
v -0.90000 4.77000 -4.69500
v -1.07634 4.65729 -4.69500
v -1.02364 4.85983 -4.69500
v -1.18532 4.99271 -4.69500
v -0.97641 5.00517 -4.69500
v -0.90000 5.20000 -4.64500
v -0.82359 5.00517 -4.64500
v -0.61468 4.99271 -4.64500
v -0.77636 4.85983 -4.64500
v -0.72366 4.65729 -4.64500
v -0.90000 4.77000 -4.64500
v -1.07634 4.65729 -4.64500
v -1.02364 4.85983 -4.64500
v -1.18532 4.99271 -4.64500
v -0.97641 5.00517 -4.64500
v 0.90000 5.65000 -4.69500
v 0.95878 5.48090 -4.69500
v 1.13776 5.47725 -4.69500
v 0.99511 5.36910 -4.69500
v 1.04695 5.19775 -4.69500
v 0.90000 5.30000 -4.69500
v 0.75305 5.19775 -4.69500
v 0.80489 5.36910 -4.69500
v 0.66224 5.47725 -4.69500
v 0.84122 5.48090 -4.69500
v 0.90000 5.65000 -4.64500
v 0.95878 5.48090 -4.64500
v 1.13776 5.47725 -4.64500
v 0.99511 5.36910 -4.64500
v 1.04695 5.19775 -4.64500
v 0.90000 5.30000 -4.64500
v 0.75305 5.19775 -4.64500
v 0.80489 5.36910 -4.64500
v 0.66224 5.47725 -4.64500
v 0.84122 5.48090 -4.64500
v -3.31387 4.46515 -3.00022
v -3.56715 4.97172 -2.56152
v -3.51058 5.08485 -2.65949
v -3.25730 4.57828 -3.09820
v -3.48230 4.97172 -2.70848
v -3.73558 4.46515 -2.26978
v -3.79215 4.57828 -2.17180
v -3.53887 5.08485 -2.61051
v -3.73558 4.63485 -2.26978
v -3.48230 4.12828 -2.70848
v -3.53887 4.01515 -2.61051
v -3.79215 4.52172 -2.17180
v -3.56715 4.12828 -2.56152
v -3.31387 4.63485 -3.00022
v -3.25730 4.52172 -3.09820
v -3.51058 4.01515 -2.65949
v -3.58872 4.55000 -2.52415
v -3.52472 4.67800 -2.63500
v -3.46072 4.55000 -2.74585
v -3.52472 4.42200 -2.63500
v -3.99637 5.20000 -1.86808
v -3.95817 5.00517 -1.93425
v -3.85372 4.99271 -2.11517
v -3.93456 4.85983 -1.97515
v -3.90821 4.65729 -2.02079
v -3.99637 4.77000 -1.86808
v -4.08454 4.65729 -1.71537
v -4.05819 4.85983 -1.76100
v -4.13903 4.99271 -1.62099
v -4.03458 5.00517 -1.80190
v -3.95307 5.20000 -1.84308
v -3.91487 5.00517 -1.90925
v -3.81041 4.99271 -2.09017
v -3.89125 4.85983 -1.95015
v -3.86490 4.65729 -1.99579
v -3.95307 4.77000 -1.84308
v -4.04124 4.65729 -1.69037
v -4.01489 4.85983 -1.73600
v -4.09573 4.99271 -1.59599
v -3.99128 5.00517 -1.77690
v -3.09637 5.65000 -3.42692
v -3.06698 5.48090 -3.47783
v -2.97749 5.47725 -3.63283
v -3.04882 5.36910 -3.50929
v -3.02290 5.19775 -3.55418
v -3.09637 5.30000 -3.42692
v -3.16985 5.19775 -3.29966
v -3.14393 5.36910 -3.34456
v -3.21526 5.47725 -3.22101
v -3.12576 5.48090 -3.37602
v -3.05307 5.65000 -3.40192
v -3.02368 5.48090 -3.45283
v -2.93419 5.47725 -3.60783
v -3.00552 5.36910 -3.48429
v -2.97960 5.19775 -3.52918
v -3.05307 5.30000 -3.40192
v -3.12655 5.19775 -3.27466
v -3.10063 5.36910 -3.31956
v -3.17195 5.47725 -3.19601
v -3.08246 5.48090 -3.35102
v 3.92000 6.80000 -0.60000
v 3.78643 6.80000 0.41457
v 3.39482 6.80000 1.36000
v 2.77186 6.80000 2.17186
v 1.96000 6.80000 2.79482
v 1.01457 6.80000 3.18643
v 0.00000 6.80000 3.32000
v -1.01457 6.80000 3.18643
v -1.96000 6.80000 2.79482
v -2.77186 6.80000 2.17186
v -3.39482 6.80000 1.36000
v -3.78643 6.80000 0.41457
v -3.92000 6.80000 -0.60000
v -3.78643 6.80000 -1.61457
v -3.39482 6.80000 -2.56000
v -2.77186 6.80000 -3.37186
v -1.96000 6.80000 -3.99482
v -1.01457 6.80000 -4.38643
v -0.00000 6.80000 -4.52000
v 1.01457 6.80000 -4.38643
v 1.96000 6.80000 -3.99482
v 2.77186 6.80000 -3.37186
v 3.39482 6.80000 -2.56000
v 3.78643 6.80000 -1.61457
v 3.92000 6.90000 -0.60000
v 3.78643 6.90000 0.41457
v 3.39482 6.90000 1.36000
v 2.77186 6.90000 2.17186
v 1.96000 6.90000 2.79482
v 1.01457 6.90000 3.18643
v 0.00000 6.90000 3.32000
v -1.01457 6.90000 3.18643
v -1.96000 6.90000 2.79482
v -2.77186 6.90000 2.17186
v -3.39482 6.90000 1.36000
v -3.78643 6.90000 0.41457
v -3.92000 6.90000 -0.60000
v -3.78643 6.90000 -1.61457
v -3.39482 6.90000 -2.56000
v -2.77186 6.90000 -3.37186
v -1.96000 6.90000 -3.99482
v -1.01457 6.90000 -4.38643
v -0.00000 6.90000 -4.52000
v 1.01457 6.90000 -4.38643
v 1.96000 6.90000 -3.99482
v 2.77186 6.90000 -3.37186
v 3.39482 6.90000 -2.56000
v 3.78643 6.90000 -1.61457
v 4.03455 6.82000 0.27387
v 4.09012 6.82000 -0.04127
v 4.06580 7.14000 0.09660
v 3.98531 6.82000 0.26519
v 4.04088 6.82000 -0.04995
v 4.01656 7.14000 0.08792
v 3.75555 6.82000 1.11379
v 3.87701 6.82000 0.81774
v 3.82387 7.14000 0.94727
v 3.70929 6.82000 1.09482
v 3.83075 6.82000 0.79876
v 3.77761 7.14000 0.92829
v 3.30392 6.82000 1.87494
v 3.48570 6.82000 1.61159
v 3.40617 7.14000 1.72681
v 3.26277 6.82000 1.84654
v 3.44455 6.82000 1.58319
v 3.36502 7.14000 1.69840
v 2.70042 6.82000 2.52233
v 2.93416 6.82000 2.30378
v 2.83190 7.14000 2.39939
v 2.66627 6.82000 2.48581
v 2.90001 6.82000 2.26726
v 2.79775 7.14000 2.36287
v 1.97280 6.82000 3.02620
v 2.24775 6.82000 2.86249
v 2.12746 7.14000 2.93411
v 1.94722 6.82000 2.98323
v 2.22217 6.82000 2.81953
v 2.10188 7.14000 2.89115
v 1.15449 6.82000 3.36338
v 1.45802 6.82000 3.26205
v 1.32523 7.14000 3.30638
v 1.13866 6.82000 3.31595
v 1.44219 6.82000 3.21462
v 1.30939 7.14000 3.25895
v 0.28312 6.82000 3.51838
v 0.60127 6.82000 3.48408
v 0.46208 7.14000 3.49909
v 0.27776 6.82000 3.46867
v 0.59591 6.82000 3.43437
v 0.45672 7.14000 3.44937
v -0.60127 6.82000 3.48408
v -0.28312 6.82000 3.51838
v -0.42231 7.14000 3.50337
v -0.59591 6.82000 3.43437
v -0.27776 6.82000 3.46867
v -0.41695 7.14000 3.45366
v -1.45802 6.82000 3.26205
v -1.15449 6.82000 3.36338
v -1.28728 7.14000 3.31905
v -1.44219 6.82000 3.21462
v -1.13866 6.82000 3.31595
v -1.27145 7.14000 3.27162
v -2.24775 6.82000 2.86249
v -1.97280 6.82000 3.02620
v -2.09309 7.14000 2.95457
v -2.22217 6.82000 2.81953
v -1.94722 6.82000 2.98323
v -2.06751 7.14000 2.91161
v -2.93416 6.82000 2.30378
v -2.70042 6.82000 2.52233
v -2.80268 7.14000 2.42671
v -2.90001 6.82000 2.26726
v -2.66627 6.82000 2.48581
v -2.76853 7.14000 2.39019
v -3.48570 6.82000 1.61159
v -3.30392 6.82000 1.87494
v -3.38345 7.14000 1.75973
v -3.44455 6.82000 1.58319
v -3.26277 6.82000 1.84654
v -3.34230 7.14000 1.73132
v -3.87701 6.82000 0.81774
v -3.75555 6.82000 1.11379
v -3.80869 7.14000 0.98427
v -3.83075 6.82000 0.79876
v -3.70929 6.82000 1.09482
v -3.76243 7.14000 0.96529
v -4.09012 6.82000 -0.04127
v -4.03455 6.82000 0.27387
v -4.05886 7.14000 0.13599
v -4.04088 6.82000 -0.04995
v -3.98531 6.82000 0.26519
v -4.00962 7.14000 0.12731
v 2.43495 7.22234 -2.01092
v 1.95105 7.32477 -2.43147
v 2.34868 6.69545 -1.99751
v 1.84184 6.79568 -2.43685
v 2.31205 6.81031 -2.45459
v 2.36996 7.13925 -2.44769
v 1.91532 6.88622 -1.97959
v 1.98468 7.21576 -1.98577
v 1.64847 7.11181 -2.41349
v 1.86658 7.06944 -2.70586
v 2.41545 6.96284 -1.74989
v 2.68940 6.90963 -2.00485
v 3.39697 7.36272 -0.31707
v 2.85660 7.23844 -0.66590
v 3.52087 6.82619 -0.31029
v 2.94760 6.70669 -0.67876
v 3.36777 6.91186 -0.75108
v 3.30223 7.23874 -0.75612
v 3.05542 6.85041 -0.24519
v 2.98903 7.16536 -0.24501
v 2.64581 6.92862 -0.61876
v 2.82333 6.96597 -0.94770
v 3.51214 7.11091 -0.06341
v 3.74324 7.15954 -0.36238
v -0.54491 7.31255 1.47126
v -0.08902 7.30760 1.00136
v -0.56525 6.79532 1.47178
v -0.10768 6.76321 0.99906
v -0.11874 6.86997 1.45558
v -0.11092 7.20099 1.45085
v -0.55933 6.88671 1.02796
v -0.54540 7.22067 1.02905
v -0.10519 7.03696 0.75005
v 0.17648 7.02616 0.98708
v -0.84604 7.06538 1.49894
v -0.57118 7.05484 1.75825
v 2.77959 7.42163 -0.46108
v 2.24448 7.36182 -0.87143
v 2.82001 6.86845 -0.46631
v 2.28326 6.82213 -0.87703
v 2.72042 6.97328 -0.90613
v 2.69069 7.29141 -0.90282
v 2.35742 6.93580 -0.42752
v 2.33841 7.26202 -0.43913
v 1.99683 7.07288 -0.84509
v 2.20511 7.09069 -1.16415
v 2.85134 7.14595 -0.17969
v 3.04600 7.16259 -0.50255
v 1.04523 7.20400 1.05819
v 0.81761 7.27654 0.41090
v 0.86918 6.67823 1.05111
v 0.65603 6.76272 0.43091
v 1.05861 6.73306 0.62981
v 1.17288 7.04491 0.62578
v 0.51126 6.90517 0.84155
v 0.63540 7.20991 0.83324
v 0.51156 7.08478 0.30999
v 0.83422 6.97843 0.14298
v 0.85222 6.97250 1.27924
v 1.19236 6.86039 1.17776
v -2.07915 7.35400 0.00259
v -2.72263 7.28156 -0.16979
v -2.03204 6.80217 0.00184
v -2.69283 6.73806 -0.17492
v -2.29391 6.89219 -0.37380
v -2.32032 7.22370 -0.38719
v -2.44676 6.87799 0.20275
v -2.47453 7.19970 0.19774
v -2.94021 6.99688 -0.04304
v -2.86432 7.00375 -0.41313
v -1.93372 7.08793 0.22215
v -1.81207 7.09894 -0.13002
v -0.23447 7.41314 1.80887
v 0.43316 7.27275 1.78358
v -0.32468 6.89178 1.80802
v 0.31547 6.72678 1.78353
v 0.01234 6.90434 2.10956
v 0.08165 7.22614 2.08636
v -0.01028 6.90952 1.48357
v 0.06246 7.24300 1.48363
v 0.53774 6.96468 1.59541
v 0.59244 6.95275 1.97195
v -0.48540 7.18784 1.63092
v -0.47649 7.18589 2.00273
v -1.41312 7.17371 0.51692
v -0.77585 7.33242 0.50921
v -1.31279 6.64077 0.51720
v -0.64953 6.80501 0.50918
v -0.99799 6.83303 0.81626
v -1.07291 7.15212 0.81099
v -1.00610 6.83700 0.22046
v -1.08256 7.16158 0.19432
v -0.50643 7.11815 0.31424
v -0.52845 7.11299 0.68998
v -1.56801 6.86912 0.33003
v -1.56963 6.86874 0.71114
v 1.23223 7.31882 -1.48249
v 1.20810 7.33177 -2.14282
v 1.36165 6.79847 -1.45767
v 1.33843 6.80641 -2.12857
v 1.61157 6.98000 -1.81045
v 1.53181 7.29247 -1.81037
v 1.04039 6.84214 -1.79237
v 0.95976 7.15137 -1.79224
v 1.09242 7.01844 -2.31541
v 1.45663 7.10848 -2.36190
v 1.12366 7.02616 -1.27664
v 1.47661 7.11342 -1.28785
v 2.49791 7.36297 1.31343
v 2.41362 7.36733 0.66511
v 2.50194 6.83172 1.32222
v 2.41799 6.84321 0.67686
v 2.75969 6.93670 0.95307
v 2.77153 7.27557 0.95129
v 2.15545 6.93242 1.03161
v 2.15497 7.26498 1.03144
v 2.19499 7.09928 0.47027
v 2.57405 7.10133 0.43931
v 2.34317 7.10008 1.53536
v 2.72143 7.10213 1.51666
v -1.98356 7.32380 -1.71828
v -1.32527 7.25737 -1.84285
v -2.02349 6.76906 -1.71897
v -1.37105 6.73320 -1.84200
v -1.62391 6.84926 -1.48434
v -1.59944 7.17551 -1.49056
v -1.73619 6.85709 -2.08193
v -1.70811 7.18075 -2.06800
v -1.18057 6.98023 -2.06351
v -1.11752 6.97527 -1.69855
v -2.20081 7.06043 -1.86358
v -2.17277 7.05822 -1.48967
v 0.32322 7.27842 -1.48707
v 0.56045 7.34337 -2.10377
v 0.50445 6.75222 -1.48352
v 0.73693 6.84567 -2.11243
v 0.85105 6.99527 -1.69374
v 0.74818 7.31042 -1.69127
v 0.32826 6.81772 -1.91345
v 0.22242 7.12042 -1.91372
v 0.55574 7.06623 -2.36776
v 0.87587 7.17740 -2.22183
v 0.17555 6.93421 -1.36903
v 0.51121 7.05077 -1.24230
v -1.47788 7.25359 -2.33531
v -1.81755 7.34318 -2.90269
v -1.60556 6.73031 -2.33141
v -1.94985 6.81375 -2.90363
v -1.49225 6.80404 -2.78268
v -1.41345 7.13690 -2.78027
v -1.99206 6.94099 -2.46194
v -1.91603 7.25286 -2.46101
v -2.13799 7.14218 -2.97165
v -1.82890 7.06529 -3.16476
v -1.58692 7.00511 -2.03628
v -1.27290 6.92699 -2.25137
v -1.72872 7.14749 0.45133
v -1.14029 7.37049 0.25418
v -1.57961 6.63918 0.45819
v -0.99478 6.85720 0.26260
v -1.22163 6.87391 0.64813
v -1.32945 7.18339 0.63911
v -1.39568 6.80915 0.05607
v -1.50560 7.13447 0.05688
v -0.93890 7.14540 0.02423
v -0.81869 7.18612 0.37586
v -1.89875 6.82027 0.33814
v -1.78324 6.85939 0.68890
v -0.60182 7.28273 2.17234
v -1.18865 7.21213 1.92551
v -0.52863 6.75420 2.17776
v -1.13450 6.69668 1.92365
v -0.73146 6.83654 1.76430
v -0.77394 7.16135 1.77749
v -0.97038 6.80343 2.34171
v -1.00548 7.14371 2.33314
v -1.41975 6.92700 2.01537
v -1.26931 6.94411 1.68487
v -0.43449 7.03906 2.44053
v -0.28251 7.05635 2.08267
v 3.25524 7.28605 -1.55734
v 2.62149 7.23643 -1.75518
v 3.25661 6.74932 -1.56504
v 2.64934 6.71977 -1.75435
v 3.04116 6.82671 -1.95703
v 3.02548 7.16770 -1.96003
v 2.85427 6.81367 -1.35550
v 2.84044 7.15571 -1.36457
v 2.36568 6.96382 -1.63954
v 2.47655 6.96922 -2.00456
v 3.39499 7.01396 -1.32176
v 3.50989 7.01956 -1.67967
v 1.45690 7.35995 -0.91555
v 1.34764 7.37864 -1.58280
v 1.33462 6.82323 -0.91879
v 1.23455 6.86553 -1.56349
v 1.60045 6.87151 -1.30322
v 1.67778 7.20012 -1.30368
v 1.01301 7.00755 -1.20320
v 1.08604 7.33001 -1.20318
v 1.08183 7.16142 -1.73812
v 1.43533 7.08125 -1.80704
v 1.24533 7.12434 -0.68872
v 1.61699 7.04006 -0.73664
v -2.57217 7.27400 -1.45626
v -2.32922 7.25685 -2.05103
v -2.60687 6.74888 -1.45137
v -2.36146 6.74008 -2.05085
v -2.19869 6.82488 -1.64080
v -2.18672 7.14809 -1.64413
v -2.75794 6.85769 -1.87020
v -2.73837 7.18988 -1.87065
v -2.43748 7.00413 -2.31330
v -2.07865 6.98179 -2.19282
v -2.82481 7.02823 -1.34987
v -2.49710 7.00784 -1.16078
v 0.42928 7.29064 -0.72894
v 0.49640 7.27871 -1.38445
v 0.44898 6.76019 -0.74911
v 0.51442 6.75531 -1.39038
v 0.78829 6.85869 -1.03385
v 0.76322 7.19044 -1.03527
v 0.16470 6.83599 -1.09733
v 0.16181 7.17547 -1.09647
v 0.34007 7.01392 -1.61799
v 0.71602 7.02642 -1.58513
v 0.23009 7.01026 -0.54768
v 0.60522 7.02274 -0.51232
v 2.87242 7.29639 0.18249
v 3.11239 7.19364 -0.43048
v 2.69545 6.77042 0.17815
v 2.94663 6.69192 -0.44142
v 3.13164 6.72983 -0.01101
v 3.22989 7.05556 -0.01605
v 2.59440 6.92212 -0.25327
v 2.70781 7.22485 -0.24907
v 2.94472 6.97670 -0.69794
v 3.28887 6.85964 -0.57478
v 2.53063 7.11756 0.30515
v 2.87635 6.99996 0.41727
v -1.90978 7.36801 -3.07437
v -1.76374 7.36169 -3.71045
v -1.90394 6.81959 -3.06023
v -1.75163 6.83062 -3.72487
v -1.52980 6.93880 -3.32917
v -1.52506 7.27892 -3.32679
v -2.11240 6.93740 -3.46281
v -2.13862 7.26630 -3.46757
v -1.89253 7.09990 -3.94637
v -1.53599 7.10581 -3.86610
v -2.12848 7.09599 -2.92590
v -1.76657 7.10199 -2.81986
v -1.48403 7.28600 -1.40580
v -1.83633 7.33505 -1.95183
v -1.53106 6.76598 -1.39719
v -1.89763 6.78918 -1.96101
v -1.44304 6.85528 -1.83950
v -1.41177 7.18729 -1.83798
v -1.96400 6.90265 -1.49899
v -1.91373 7.23419 -1.50980
v -2.14525 7.09476 -2.03075
v -1.81562 7.06137 -2.21915
v -1.54552 7.03401 -1.11069
v -1.21393 7.00043 -1.30894
v 2.14157 7.13894 -2.05512
v 2.70633 7.31768 -2.35944
v 2.30561 6.63400 -2.05826
v 2.87960 6.79556 -2.36448
v 2.68900 6.85137 -1.93029
v 2.58829 7.17542 -1.92945
v 2.42023 6.77218 -2.47561
v 2.31509 7.09142 -2.48580
v 2.88489 7.08999 -2.62809
v 3.04487 7.13993 -2.28529
v 1.98726 6.80978 -2.13174
v 2.13171 6.85487 -1.79684
v 0.82248 7.36411 -3.20774
v 1.39791 7.33244 -3.47181
v 0.78230 6.84412 -3.20284
v 1.36942 6.81889 -3.47209
v 1.21678 6.91287 -3.05238
v 1.22457 7.24316 -3.07620
v 0.95900 6.93353 -3.61661
v 0.98020 7.26189 -3.61098
v 1.51790 7.06833 -3.74727
v 1.64043 7.06138 -3.39035
v 0.53987 7.12376 -3.28778
v 0.69359 7.11505 -2.95221
v -0.00768 7.36167 -0.68364
v -0.54822 7.34571 -1.09486
v -0.02344 6.82190 -0.69935
v -0.55423 6.79596 -1.10322
v -0.09711 6.91632 -1.13307
v -0.09332 7.25095 -1.14205
v -0.45468 6.91944 -0.66299
v -0.46003 7.23732 -0.65976
v -0.84632 7.07374 -1.07662
v -0.60368 7.07595 -1.38215
v 0.01706 7.08158 -0.44223
v 0.25785 7.08377 -0.71880
v 0.43606 7.32550 1.24706
v 0.70294 7.24614 0.64125
v 0.31414 6.78418 1.24429
v 0.58788 6.73580 0.63889
v 0.75213 6.79388 1.06356
v 0.81557 7.12062 1.05867
v 0.20502 6.92062 0.80600
v 0.27915 7.24721 0.80591
v 0.56316 7.01077 0.39662
v 0.90642 6.93263 0.51654
v 0.14331 7.10634 1.32873
v 0.46271 7.03363 1.49957
v -3.08113 7.40480 -1.77963
v -2.76379 7.35389 -2.36456
v -3.16454 6.87463 -1.78300
v -2.84880 6.81871 -2.36650
v -2.72958 6.90761 -1.92618
v -2.67709 7.23371 -1.92617
v -3.24454 6.99573 -2.21324
v -3.19317 7.31103 -2.21289
v -2.87182 7.09775 -2.63915
v -2.56535 7.04845 -2.43569
v -3.38992 7.18110 -1.68605
v -3.05814 7.12773 -1.50977
v 2.26121 7.36043 -0.56277
v 2.22922 7.37548 -1.21344
v 2.26981 6.83508 -0.54558
v 2.23788 6.84710 -1.19604
v 2.54094 6.95095 -0.89263
v 2.56366 7.28204 -0.89398
v 1.95150 6.93597 -0.86385
v 1.94998 7.26235 -0.86401
v 2.03243 7.10127 -1.41348
v 2.41790 7.10697 -1.44658
v 2.09132 7.10214 -0.34444
v 2.47278 7.10778 -0.32865
v -2.71124 7.28119 -1.68554
v -2.55897 7.30283 -2.33615
v -2.56509 6.75301 -1.69936
v -2.42426 6.80156 -2.33284
v -2.24885 6.95293 -1.95609
v -2.32817 7.26057 -1.95522
v -2.80752 6.79145 -2.09250
v -2.88245 7.11240 -2.08982
v -2.62120 7.01574 -2.59629
v -2.26116 7.11307 -2.51126
v -2.85816 6.95168 -1.54068
v -2.50628 7.04681 -1.48205
v 2.88979 7.38188 1.09274
v 3.03687 7.38914 0.43437
v 2.89931 6.84986 1.08258
v 3.04516 6.83543 0.43106
v 3.27653 6.94481 0.83554
v 3.27381 7.28999 0.83598
v 2.66841 6.94079 0.69960
v 2.67284 7.27144 0.70160
v 2.89797 7.11171 0.18472
v 3.25474 7.11657 0.30337
v 2.66484 7.10853 1.25111
v 3.03018 7.11351 1.31017
v 0.71962 7.35623 -1.91673
v 0.37946 7.29760 -2.47411
v 0.80540 6.82014 -1.91051
v 0.45162 6.76457 -2.48887
v 0.87182 6.93788 -2.36111
v 0.80668 7.25744 -2.35112
v 0.36321 6.86702 -2.04318
v 0.31175 7.18715 -2.04160
v 0.13002 6.99458 -2.57272
v 0.46440 7.04565 -2.76211
v 0.70895 7.08300 -1.64285
v 1.03152 7.13226 -1.83598
v -1.70954 7.25601 2.61779
v -1.50251 7.22489 1.98623
v -1.81428 6.74675 2.61063
v -1.61810 6.70001 2.00142
v -1.41844 6.75861 2.40352
v -1.33501 7.08436 2.40833
v -1.97518 6.87648 2.21520
v -1.91410 7.20111 2.21285
v -1.67298 6.97955 1.76410
v -1.33576 6.90859 1.87410
v -2.00963 7.05039 2.76792
v -1.65409 6.97557 2.87990
v 1.70099 7.23959 -1.23664
v 1.14646 7.39328 -1.55259
v 1.56910 6.71140 -1.22891
v 0.98730 6.87278 -1.56041
v 1.44739 6.86575 -1.65572
v 1.54424 7.18528 -1.67013
v 1.15909 6.93453 -1.11626
v 1.25286 7.26589 -1.11952
v 0.83861 7.20317 -1.48363
v 0.96950 7.16686 -1.83738
v 1.70951 6.96158 -0.98237
v 1.90853 6.90638 -1.29845
v -1.75585 7.35819 -1.62865
v -2.07043 7.40060 -2.20916
v -1.82458 6.81959 -1.62065
v -2.14873 6.86254 -2.21864
v -1.71140 6.91747 -2.06242
v -1.66164 7.24302 -2.06542
v -2.23902 6.98441 -1.77162
v -2.19605 7.31834 -1.77033
v -2.38601 7.17352 -2.31635
v -2.04307 7.12694 -2.49300
v -1.85423 7.10130 -1.33787
v -1.52447 7.05652 -1.53270
v -2.60000 0.35000 2.00000
v 2.60000 0.35000 2.00000
v 2.60000 0.35000 3.85000
v -2.60000 0.35000 3.85000
v -2.60000 3.85000 2.00000
v 2.60000 3.85000 2.00000
v 2.60000 3.85000 3.85000
v -2.60000 3.85000 3.85000
v -2.80000 3.85000 1.80000
v 2.80000 3.85000 1.80000
v 2.80000 3.85000 4.05000
v -2.80000 3.85000 4.05000
v -2.80000 4.15000 1.80000
v 2.80000 4.15000 1.80000
v 2.80000 4.15000 4.05000
v -2.80000 4.15000 4.05000
v -2.59000 0.35000 3.85000
v -2.17667 0.35000 3.85000
v -2.17667 0.35000 3.91000
v -2.59000 0.35000 3.91000
v -2.59000 3.85000 3.85000
v -2.17667 3.85000 3.85000
v -2.17667 3.85000 3.91000
v -2.59000 3.85000 3.91000
v -2.15667 0.35000 3.85000
v -1.74333 0.35000 3.85000
v -1.74333 0.35000 3.91000
v -2.15667 0.35000 3.91000
v -2.15667 3.85000 3.85000
v -1.74333 3.85000 3.85000
v -1.74333 3.85000 3.91000
v -2.15667 3.85000 3.91000
v -2.20167 0.35000 3.91000
v -2.13167 0.35000 3.91000
v -2.13167 0.35000 3.95000
v -2.20167 0.35000 3.95000
v -2.20167 3.85000 3.91000
v -2.13167 3.85000 3.91000
v -2.13167 3.85000 3.95000
v -2.20167 3.85000 3.95000
v -1.72333 0.35000 3.85000
v -1.31000 0.35000 3.85000
v -1.31000 0.35000 3.91000
v -1.72333 0.35000 3.91000
v -1.72333 3.85000 3.85000
v -1.31000 3.85000 3.85000
v -1.31000 3.85000 3.91000
v -1.72333 3.85000 3.91000
v -1.76833 0.35000 3.91000
v -1.69833 0.35000 3.91000
v -1.69833 0.35000 3.95000
v -1.76833 0.35000 3.95000
v -1.76833 3.85000 3.91000
v -1.69833 3.85000 3.91000
v -1.69833 3.85000 3.95000
v -1.76833 3.85000 3.95000
v -1.29000 0.35000 3.85000
v -0.87667 0.35000 3.85000
v -0.87667 0.35000 3.91000
v -1.29000 0.35000 3.91000
v -1.29000 3.85000 3.85000
v -0.87667 3.85000 3.85000
v -0.87667 3.85000 3.91000
v -1.29000 3.85000 3.91000
v -1.33500 0.35000 3.91000
v -1.26500 0.35000 3.91000
v -1.26500 0.35000 3.95000
v -1.33500 0.35000 3.95000
v -1.33500 3.85000 3.91000
v -1.26500 3.85000 3.91000
v -1.26500 3.85000 3.95000
v -1.33500 3.85000 3.95000
v -0.85667 0.35000 3.85000
v -0.44333 0.35000 3.85000
v -0.44333 0.35000 3.91000
v -0.85667 0.35000 3.91000
v -0.85667 3.85000 3.85000
v -0.44333 3.85000 3.85000
v -0.44333 3.85000 3.91000
v -0.85667 3.85000 3.91000
v -0.90167 0.35000 3.91000
v -0.83167 0.35000 3.91000
v -0.83167 0.35000 3.95000
v -0.90167 0.35000 3.95000
v -0.90167 3.85000 3.91000
v -0.83167 3.85000 3.91000
v -0.83167 3.85000 3.95000
v -0.90167 3.85000 3.95000
v -0.42333 0.35000 3.85000
v -0.01000 0.35000 3.85000
v -0.01000 0.35000 3.91000
v -0.42333 0.35000 3.91000
v -0.42333 3.85000 3.85000
v -0.01000 3.85000 3.85000
v -0.01000 3.85000 3.91000
v -0.42333 3.85000 3.91000
v -0.46833 0.35000 3.91000
v -0.39833 0.35000 3.91000
v -0.39833 0.35000 3.95000
v -0.46833 0.35000 3.95000
v -0.46833 3.85000 3.91000
v -0.39833 3.85000 3.91000
v -0.39833 3.85000 3.95000
v -0.46833 3.85000 3.95000
v 0.01000 0.35000 3.85000
v 0.42333 0.35000 3.85000
v 0.42333 0.35000 3.91000
v 0.01000 0.35000 3.91000
v 0.01000 3.85000 3.85000
v 0.42333 3.85000 3.85000
v 0.42333 3.85000 3.91000
v 0.01000 3.85000 3.91000
v -0.03500 0.35000 3.91000
v 0.03500 0.35000 3.91000
v 0.03500 0.35000 3.95000
v -0.03500 0.35000 3.95000
v -0.03500 3.85000 3.91000
v 0.03500 3.85000 3.91000
v 0.03500 3.85000 3.95000
v -0.03500 3.85000 3.95000
v 0.44333 0.35000 3.85000
v 0.85667 0.35000 3.85000
v 0.85667 0.35000 3.91000
v 0.44333 0.35000 3.91000
v 0.44333 3.85000 3.85000
v 0.85667 3.85000 3.85000
v 0.85667 3.85000 3.91000
v 0.44333 3.85000 3.91000
v 0.39833 0.35000 3.91000
v 0.46833 0.35000 3.91000
v 0.46833 0.35000 3.95000
v 0.39833 0.35000 3.95000
v 0.39833 3.85000 3.91000
v 0.46833 3.85000 3.91000
v 0.46833 3.85000 3.95000
v 0.39833 3.85000 3.95000
v 0.87667 0.35000 3.85000
v 1.29000 0.35000 3.85000
v 1.29000 0.35000 3.91000
v 0.87667 0.35000 3.91000
v 0.87667 3.85000 3.85000
v 1.29000 3.85000 3.85000
v 1.29000 3.85000 3.91000
v 0.87667 3.85000 3.91000
v 0.83167 0.35000 3.91000
v 0.90167 0.35000 3.91000
v 0.90167 0.35000 3.95000
v 0.83167 0.35000 3.95000
v 0.83167 3.85000 3.91000
v 0.90167 3.85000 3.91000
v 0.90167 3.85000 3.95000
v 0.83167 3.85000 3.95000
v 1.31000 0.35000 3.85000
v 1.72333 0.35000 3.85000
v 1.72333 0.35000 3.91000
v 1.31000 0.35000 3.91000
v 1.31000 3.85000 3.85000
v 1.72333 3.85000 3.85000
v 1.72333 3.85000 3.91000
v 1.31000 3.85000 3.91000
v 1.26500 0.35000 3.91000
v 1.33500 0.35000 3.91000
v 1.33500 0.35000 3.95000
v 1.26500 0.35000 3.95000
v 1.26500 3.85000 3.91000
v 1.33500 3.85000 3.91000
v 1.33500 3.85000 3.95000
v 1.26500 3.85000 3.95000
v 1.74333 0.35000 3.85000
v 2.15667 0.35000 3.85000
v 2.15667 0.35000 3.91000
v 1.74333 0.35000 3.91000
v 1.74333 3.85000 3.85000
v 2.15667 3.85000 3.85000
v 2.15667 3.85000 3.91000
v 1.74333 3.85000 3.91000
v 1.69833 0.35000 3.91000
v 1.76833 0.35000 3.91000
v 1.76833 0.35000 3.95000
v 1.69833 0.35000 3.95000
v 1.69833 3.85000 3.91000
v 1.76833 3.85000 3.91000
v 1.76833 3.85000 3.95000
v 1.69833 3.85000 3.95000
v 2.17667 0.35000 3.85000
v 2.59000 0.35000 3.85000
v 2.59000 0.35000 3.91000
v 2.17667 0.35000 3.91000
v 2.17667 3.85000 3.85000
v 2.59000 3.85000 3.85000
v 2.59000 3.85000 3.91000
v 2.17667 3.85000 3.91000
v 2.13167 0.35000 3.91000
v 2.20167 0.35000 3.91000
v 2.20167 0.35000 3.95000
v 2.13167 0.35000 3.95000
v 2.13167 3.85000 3.91000
v 2.20167 3.85000 3.91000
v 2.20167 3.85000 3.95000
v 2.13167 3.85000 3.95000
v -2.60000 0.35000 2.01000
v -2.60000 0.35000 2.45250
v -2.66000 0.35000 2.45250
v -2.66000 0.35000 2.01000
v -2.60000 3.85000 2.01000
v -2.60000 3.85000 2.45250
v -2.66000 3.85000 2.45250
v -2.66000 3.85000 2.01000
v -2.60000 0.35000 2.47250
v -2.60000 0.35000 2.91500
v -2.66000 0.35000 2.91500
v -2.66000 0.35000 2.47250
v -2.60000 3.85000 2.47250
v -2.60000 3.85000 2.91500
v -2.66000 3.85000 2.91500
v -2.66000 3.85000 2.47250
v -2.66000 0.35000 2.42750
v -2.66000 0.35000 2.49750
v -2.70000 0.35000 2.49750
v -2.70000 0.35000 2.42750
v -2.66000 3.85000 2.42750
v -2.66000 3.85000 2.49750
v -2.70000 3.85000 2.49750
v -2.70000 3.85000 2.42750
v -2.60000 0.35000 2.93500
v -2.60000 0.35000 3.37750
v -2.66000 0.35000 3.37750
v -2.66000 0.35000 2.93500
v -2.60000 3.85000 2.93500
v -2.60000 3.85000 3.37750
v -2.66000 3.85000 3.37750
v -2.66000 3.85000 2.93500
v -2.66000 0.35000 2.89000
v -2.66000 0.35000 2.96000
v -2.70000 0.35000 2.96000
v -2.70000 0.35000 2.89000
v -2.66000 3.85000 2.89000
v -2.66000 3.85000 2.96000
v -2.70000 3.85000 2.96000
v -2.70000 3.85000 2.89000
v -2.60000 0.35000 3.39750
v -2.60000 0.35000 3.84000
v -2.66000 0.35000 3.84000
v -2.66000 0.35000 3.39750
v -2.60000 3.85000 3.39750
v -2.60000 3.85000 3.84000
v -2.66000 3.85000 3.84000
v -2.66000 3.85000 3.39750
v -2.66000 0.35000 3.35250
v -2.66000 0.35000 3.42250
v -2.70000 0.35000 3.42250
v -2.70000 0.35000 3.35250
v -2.66000 3.85000 3.35250
v -2.66000 3.85000 3.42250
v -2.70000 3.85000 3.42250
v -2.70000 3.85000 3.35250
v -2.75000 0.35000 3.76000
v -2.51000 0.35000 3.76000
v -2.51000 0.35000 4.00000
v -2.75000 0.35000 4.00000
v -2.75000 3.85000 3.76000
v -2.51000 3.85000 3.76000
v -2.51000 3.85000 4.00000
v -2.75000 3.85000 4.00000
v 2.60000 0.35000 3.84000
v 2.60000 0.35000 3.39750
v 2.66000 0.35000 3.39750
v 2.66000 0.35000 3.84000
v 2.60000 3.85000 3.84000
v 2.60000 3.85000 3.39750
v 2.66000 3.85000 3.39750
v 2.66000 3.85000 3.84000
v 2.60000 0.35000 3.37750
v 2.60000 0.35000 2.93500
v 2.66000 0.35000 2.93500
v 2.66000 0.35000 3.37750
v 2.60000 3.85000 3.37750
v 2.60000 3.85000 2.93500
v 2.66000 3.85000 2.93500
v 2.66000 3.85000 3.37750
v 2.66000 0.35000 3.42250
v 2.66000 0.35000 3.35250
v 2.70000 0.35000 3.35250
v 2.70000 0.35000 3.42250
v 2.66000 3.85000 3.42250
v 2.66000 3.85000 3.35250
v 2.70000 3.85000 3.35250
v 2.70000 3.85000 3.42250
v 2.60000 0.35000 2.91500
v 2.60000 0.35000 2.47250
v 2.66000 0.35000 2.47250
v 2.66000 0.35000 2.91500
v 2.60000 3.85000 2.91500
v 2.60000 3.85000 2.47250
v 2.66000 3.85000 2.47250
v 2.66000 3.85000 2.91500
v 2.66000 0.35000 2.96000
v 2.66000 0.35000 2.89000
v 2.70000 0.35000 2.89000
v 2.70000 0.35000 2.96000
v 2.66000 3.85000 2.96000
v 2.66000 3.85000 2.89000
v 2.70000 3.85000 2.89000
v 2.70000 3.85000 2.96000
v 2.60000 0.35000 2.45250
v 2.60000 0.35000 2.01000
v 2.66000 0.35000 2.01000
v 2.66000 0.35000 2.45250
v 2.60000 3.85000 2.45250
v 2.60000 3.85000 2.01000
v 2.66000 3.85000 2.01000
v 2.66000 3.85000 2.45250
v 2.66000 0.35000 2.49750
v 2.66000 0.35000 2.42750
v 2.70000 0.35000 2.42750
v 2.70000 0.35000 2.49750
v 2.66000 3.85000 2.49750
v 2.66000 3.85000 2.42750
v 2.70000 3.85000 2.42750
v 2.70000 3.85000 2.49750
v 2.51000 0.35000 3.76000
v 2.75000 0.35000 3.76000
v 2.75000 0.35000 4.00000
v 2.51000 0.35000 4.00000
v 2.51000 3.85000 3.76000
v 2.75000 3.85000 3.76000
v 2.75000 3.85000 4.00000
v 2.51000 3.85000 4.00000
v -0.70000 0.35000 3.88000
v 0.70000 0.35000 3.88000
v 0.70000 0.35000 3.94000
v -0.70000 0.35000 3.94000
v -0.70000 2.85000 3.88000
v 0.70000 2.85000 3.88000
v 0.70000 2.85000 3.94000
v -0.70000 2.85000 3.94000
v -0.90000 2.85000 3.82000
v 0.90000 2.85000 3.82000
v 0.90000 2.85000 4.08000
v -0.90000 2.85000 4.08000
v -0.90000 3.05000 3.82000
v 0.90000 3.05000 3.82000
v 0.90000 3.05000 4.08000
v -0.90000 3.05000 4.08000
v -0.86000 0.35000 3.82000
v -0.68000 0.35000 3.82000
v -0.68000 0.35000 4.08000
v -0.86000 0.35000 4.08000
v -0.86000 2.85000 3.82000
v -0.68000 2.85000 3.82000
v -0.68000 2.85000 4.08000
v -0.86000 2.85000 4.08000
v 0.68000 0.35000 3.82000
v 0.86000 0.35000 3.82000
v 0.86000 0.35000 4.08000
v 0.68000 0.35000 4.08000
v 0.68000 2.85000 3.82000
v 0.86000 2.85000 3.82000
v 0.86000 2.85000 4.08000
v 0.68000 2.85000 4.08000
v -2.42500 1.35000 3.92000
v -1.07500 1.35000 3.92000
v -1.07500 1.35000 3.96000
v -2.42500 1.35000 3.96000
v -2.42500 2.70000 3.92000
v -1.07500 2.70000 3.92000
v -1.07500 2.70000 3.96000
v -2.42500 2.70000 3.96000
v -2.55500 1.22000 3.89000
v -2.42500 1.22000 3.89000
v -2.42500 1.22000 4.05000
v -2.55500 1.22000 4.05000
v -2.55500 2.83000 3.89000
v -2.42500 2.83000 3.89000
v -2.42500 2.83000 4.05000
v -2.55500 2.83000 4.05000
v -1.07500 1.22000 3.89000
v -0.94500 1.22000 3.89000
v -0.94500 1.22000 4.05000
v -1.07500 1.22000 4.05000
v -1.07500 2.83000 3.89000
v -0.94500 2.83000 3.89000
v -0.94500 2.83000 4.05000
v -1.07500 2.83000 4.05000
v -2.42500 2.70000 3.89000
v -1.07500 2.70000 3.89000
v -1.07500 2.70000 4.05000
v -2.42500 2.70000 4.05000
v -2.42500 2.83000 3.89000
v -1.07500 2.83000 3.89000
v -1.07500 2.83000 4.05000
v -2.42500 2.83000 4.05000
v -2.42500 1.22000 3.89000
v -1.07500 1.22000 3.89000
v -1.07500 1.22000 4.05000
v -2.42500 1.22000 4.05000
v -2.42500 1.35000 3.89000
v -1.07500 1.35000 3.89000
v -1.07500 1.35000 4.05000
v -2.42500 1.35000 4.05000
v -2.67500 1.13000 3.89000
v -0.82500 1.13000 3.89000
v -0.82500 1.13000 4.19000
v -2.67500 1.13000 4.19000
v -2.67500 1.22000 3.89000
v -0.82500 1.22000 3.89000
v -0.82500 1.22000 4.19000
v -2.67500 1.22000 4.19000
v -2.64500 2.83000 3.89000
v -0.85500 2.83000 3.89000
v -0.85500 2.83000 4.13000
v -2.64500 2.83000 4.13000
v -2.64500 2.97000 3.89000
v -0.85500 2.97000 3.89000
v -0.85500 2.97000 4.13000
v -2.64500 2.97000 4.13000
v -1.78000 1.35000 3.96000
v -1.72000 1.35000 3.96000
v -1.72000 1.35000 4.01000
v -1.78000 1.35000 4.01000
v -1.78000 2.70000 3.96000
v -1.72000 2.70000 3.96000
v -1.72000 2.70000 4.01000
v -1.78000 2.70000 4.01000
v -2.42500 1.99500 3.96000
v -1.07500 1.99500 3.96000
v -1.07500 1.99500 4.01000
v -2.42500 1.99500 4.01000
v -2.42500 2.05500 3.96000
v -1.07500 2.05500 3.96000
v -1.07500 2.05500 4.01000
v -2.42500 2.05500 4.01000
v -2.52500 0.95000 3.99000
v -0.97500 0.95000 3.99000
v -0.97500 0.95000 4.31000
v -2.52500 0.95000 4.31000
v -2.52500 1.25000 3.99000
v -0.97500 1.25000 3.99000
v -0.97500 1.25000 4.31000
v -2.52500 1.25000 4.31000
v -2.30000 1.22000 4.15000
v -2.20474 1.27500 4.15000
v -2.25237 1.27500 4.23250
v -2.34763 1.27500 4.23250
v -2.39526 1.27500 4.15000
v -2.34763 1.27500 4.06750
v -2.25237 1.27500 4.06750
v -2.20474 1.38500 4.15000
v -2.25237 1.38500 4.23250
v -2.34763 1.38500 4.23250
v -2.39526 1.38500 4.15000
v -2.34763 1.38500 4.06750
v -2.25237 1.38500 4.06750
v -2.30000 1.44000 4.15000
v -2.08000 1.22000 4.15000
v -1.98474 1.27500 4.15000
v -2.03237 1.27500 4.23250
v -2.12763 1.27500 4.23250
v -2.17526 1.27500 4.15000
v -2.12763 1.27500 4.06750
v -2.03237 1.27500 4.06750
v -1.98474 1.38500 4.15000
v -2.03237 1.38500 4.23250
v -2.12763 1.38500 4.23250
v -2.17526 1.38500 4.15000
v -2.12763 1.38500 4.06750
v -2.03237 1.38500 4.06750
v -2.08000 1.44000 4.15000
v -1.86000 1.22000 4.15000
v -1.76474 1.27500 4.15000
v -1.81237 1.27500 4.23250
v -1.90763 1.27500 4.23250
v -1.95526 1.27500 4.15000
v -1.90763 1.27500 4.06750
v -1.81237 1.27500 4.06750
v -1.76474 1.38500 4.15000
v -1.81237 1.38500 4.23250
v -1.90763 1.38500 4.23250
v -1.95526 1.38500 4.15000
v -1.90763 1.38500 4.06750
v -1.81237 1.38500 4.06750
v -1.86000 1.44000 4.15000
v -1.64000 1.22000 4.15000
v -1.54474 1.27500 4.15000
v -1.59237 1.27500 4.23250
v -1.68763 1.27500 4.23250
v -1.73526 1.27500 4.15000
v -1.68763 1.27500 4.06750
v -1.59237 1.27500 4.06750
v -1.54474 1.38500 4.15000
v -1.59237 1.38500 4.23250
v -1.68763 1.38500 4.23250
v -1.73526 1.38500 4.15000
v -1.68763 1.38500 4.06750
v -1.59237 1.38500 4.06750
v -1.64000 1.44000 4.15000
v -1.42000 1.22000 4.15000
v -1.32474 1.27500 4.15000
v -1.37237 1.27500 4.23250
v -1.46763 1.27500 4.23250
v -1.51526 1.27500 4.15000
v -1.46763 1.27500 4.06750
v -1.37237 1.27500 4.06750
v -1.32474 1.38500 4.15000
v -1.37237 1.38500 4.23250
v -1.46763 1.38500 4.23250
v -1.51526 1.38500 4.15000
v -1.46763 1.38500 4.06750
v -1.37237 1.38500 4.06750
v -1.42000 1.44000 4.15000
v -1.20000 1.22000 4.15000
v -1.10474 1.27500 4.15000
v -1.15237 1.27500 4.23250
v -1.24763 1.27500 4.23250
v -1.29526 1.27500 4.15000
v -1.24763 1.27500 4.06750
v -1.15237 1.27500 4.06750
v -1.10474 1.38500 4.15000
v -1.15237 1.38500 4.23250
v -1.24763 1.38500 4.23250
v -1.29526 1.38500 4.15000
v -1.24763 1.38500 4.06750
v -1.15237 1.38500 4.06750
v -1.20000 1.44000 4.15000
v 1.07500 1.35000 3.92000
v 2.42500 1.35000 3.92000
v 2.42500 1.35000 3.96000
v 1.07500 1.35000 3.96000
v 1.07500 2.70000 3.92000
v 2.42500 2.70000 3.92000
v 2.42500 2.70000 3.96000
v 1.07500 2.70000 3.96000
v 0.94500 1.22000 3.89000
v 1.07500 1.22000 3.89000
v 1.07500 1.22000 4.05000
v 0.94500 1.22000 4.05000
v 0.94500 2.83000 3.89000
v 1.07500 2.83000 3.89000
v 1.07500 2.83000 4.05000
v 0.94500 2.83000 4.05000
v 2.42500 1.22000 3.89000
v 2.55500 1.22000 3.89000
v 2.55500 1.22000 4.05000
v 2.42500 1.22000 4.05000
v 2.42500 2.83000 3.89000
v 2.55500 2.83000 3.89000
v 2.55500 2.83000 4.05000
v 2.42500 2.83000 4.05000
v 1.07500 2.70000 3.89000
v 2.42500 2.70000 3.89000
v 2.42500 2.70000 4.05000
v 1.07500 2.70000 4.05000
v 1.07500 2.83000 3.89000
v 2.42500 2.83000 3.89000
v 2.42500 2.83000 4.05000
v 1.07500 2.83000 4.05000
v 1.07500 1.22000 3.89000
v 2.42500 1.22000 3.89000
v 2.42500 1.22000 4.05000
v 1.07500 1.22000 4.05000
v 1.07500 1.35000 3.89000
v 2.42500 1.35000 3.89000
v 2.42500 1.35000 4.05000
v 1.07500 1.35000 4.05000
v 0.82500 1.13000 3.89000
v 2.67500 1.13000 3.89000
v 2.67500 1.13000 4.19000
v 0.82500 1.13000 4.19000
v 0.82500 1.22000 3.89000
v 2.67500 1.22000 3.89000
v 2.67500 1.22000 4.19000
v 0.82500 1.22000 4.19000
v 0.85500 2.83000 3.89000
v 2.64500 2.83000 3.89000
v 2.64500 2.83000 4.13000
v 0.85500 2.83000 4.13000
v 0.85500 2.97000 3.89000
v 2.64500 2.97000 3.89000
v 2.64500 2.97000 4.13000
v 0.85500 2.97000 4.13000
v 1.72000 1.35000 3.96000
v 1.78000 1.35000 3.96000
v 1.78000 1.35000 4.01000
v 1.72000 1.35000 4.01000
v 1.72000 2.70000 3.96000
v 1.78000 2.70000 3.96000
v 1.78000 2.70000 4.01000
v 1.72000 2.70000 4.01000
v 1.07500 1.99500 3.96000
v 2.42500 1.99500 3.96000
v 2.42500 1.99500 4.01000
v 1.07500 1.99500 4.01000
v 1.07500 2.05500 3.96000
v 2.42500 2.05500 3.96000
v 2.42500 2.05500 4.01000
v 1.07500 2.05500 4.01000
v 0.97500 0.95000 3.99000
v 2.52500 0.95000 3.99000
v 2.52500 0.95000 4.31000
v 0.97500 0.95000 4.31000
v 0.97500 1.25000 3.99000
v 2.52500 1.25000 3.99000
v 2.52500 1.25000 4.31000
v 0.97500 1.25000 4.31000
v 1.20000 1.22000 4.15000
v 1.29526 1.27500 4.15000
v 1.24763 1.27500 4.23250
v 1.15237 1.27500 4.23250
v 1.10474 1.27500 4.15000
v 1.15237 1.27500 4.06750
v 1.24763 1.27500 4.06750
v 1.29526 1.38500 4.15000
v 1.24763 1.38500 4.23250
v 1.15237 1.38500 4.23250
v 1.10474 1.38500 4.15000
v 1.15237 1.38500 4.06750
v 1.24763 1.38500 4.06750
v 1.20000 1.44000 4.15000
v 1.42000 1.22000 4.15000
v 1.51526 1.27500 4.15000
v 1.46763 1.27500 4.23250
v 1.37237 1.27500 4.23250
v 1.32474 1.27500 4.15000
v 1.37237 1.27500 4.06750
v 1.46763 1.27500 4.06750
v 1.51526 1.38500 4.15000
v 1.46763 1.38500 4.23250
v 1.37237 1.38500 4.23250
v 1.32474 1.38500 4.15000
v 1.37237 1.38500 4.06750
v 1.46763 1.38500 4.06750
v 1.42000 1.44000 4.15000
v 1.64000 1.22000 4.15000
v 1.73526 1.27500 4.15000
v 1.68763 1.27500 4.23250
v 1.59237 1.27500 4.23250
v 1.54474 1.27500 4.15000
v 1.59237 1.27500 4.06750
v 1.68763 1.27500 4.06750
v 1.73526 1.38500 4.15000
v 1.68763 1.38500 4.23250
v 1.59237 1.38500 4.23250
v 1.54474 1.38500 4.15000
v 1.59237 1.38500 4.06750
v 1.68763 1.38500 4.06750
v 1.64000 1.44000 4.15000
v 1.86000 1.22000 4.15000
v 1.95526 1.27500 4.15000
v 1.90763 1.27500 4.23250
v 1.81237 1.27500 4.23250
v 1.76474 1.27500 4.15000
v 1.81237 1.27500 4.06750
v 1.90763 1.27500 4.06750
v 1.95526 1.38500 4.15000
v 1.90763 1.38500 4.23250
v 1.81237 1.38500 4.23250
v 1.76474 1.38500 4.15000
v 1.81237 1.38500 4.06750
v 1.90763 1.38500 4.06750
v 1.86000 1.44000 4.15000
v 2.08000 1.22000 4.15000
v 2.17526 1.27500 4.15000
v 2.12763 1.27500 4.23250
v 2.03237 1.27500 4.23250
v 1.98474 1.27500 4.15000
v 2.03237 1.27500 4.06750
v 2.12763 1.27500 4.06750
v 2.17526 1.38500 4.15000
v 2.12763 1.38500 4.23250
v 2.03237 1.38500 4.23250
v 1.98474 1.38500 4.15000
v 2.03237 1.38500 4.06750
v 2.12763 1.38500 4.06750
v 2.08000 1.44000 4.15000
v 2.30000 1.22000 4.15000
v 2.39526 1.27500 4.15000
v 2.34763 1.27500 4.23250
v 2.25237 1.27500 4.23250
v 2.20474 1.27500 4.15000
v 2.25237 1.27500 4.06750
v 2.34763 1.27500 4.06750
v 2.39526 1.38500 4.15000
v 2.34763 1.38500 4.23250
v 2.25237 1.38500 4.23250
v 2.20474 1.38500 4.15000
v 2.25237 1.38500 4.06750
v 2.34763 1.38500 4.06750
v 2.30000 1.44000 4.15000
v -2.80000 3.20000 3.95000
v -2.10000 3.20000 3.95000
v -2.10000 2.73647 5.37658
v -2.80000 2.73647 5.37658
v -2.80000 3.27608 3.97472
v -2.10000 3.27608 3.97472
v -2.10000 2.81256 5.40131
v -2.80000 2.81256 5.40131
v -2.10000 3.20000 3.95000
v -1.40000 3.20000 3.95000
v -1.40000 2.73647 5.37658
v -2.10000 2.73647 5.37658
v -2.10000 3.27608 3.97472
v -1.40000 3.27608 3.97472
v -1.40000 2.81256 5.40131
v -2.10000 2.81256 5.40131
v -1.40000 3.20000 3.95000
v -0.70000 3.20000 3.95000
v -0.70000 2.73647 5.37658
v -1.40000 2.73647 5.37658
v -1.40000 3.27608 3.97472
v -0.70000 3.27608 3.97472
v -0.70000 2.81256 5.40131
v -1.40000 2.81256 5.40131
v -0.70000 3.20000 3.95000
v -0.00000 3.20000 3.95000
v -0.00000 2.73647 5.37658
v -0.70000 2.73647 5.37658
v -0.70000 3.27608 3.97472
v -0.00000 3.27608 3.97472
v -0.00000 2.81256 5.40131
v -0.70000 2.81256 5.40131
v 0.00000 3.20000 3.95000
v 0.70000 3.20000 3.95000
v 0.70000 2.73647 5.37658
v 0.00000 2.73647 5.37658
v 0.00000 3.27608 3.97472
v 0.70000 3.27608 3.97472
v 0.70000 2.81256 5.40131
v 0.00000 2.81256 5.40131
v 0.70000 3.20000 3.95000
v 1.40000 3.20000 3.95000
v 1.40000 2.73647 5.37658
v 0.70000 2.73647 5.37658
v 0.70000 3.27608 3.97472
v 1.40000 3.27608 3.97472
v 1.40000 2.81256 5.40131
v 0.70000 2.81256 5.40131
v 1.40000 3.20000 3.95000
v 2.10000 3.20000 3.95000
v 2.10000 2.73647 5.37658
v 1.40000 2.73647 5.37658
v 1.40000 3.27608 3.97472
v 2.10000 3.27608 3.97472
v 2.10000 2.81256 5.40131
v 1.40000 2.81256 5.40131
v 2.10000 3.20000 3.95000
v 2.80000 3.20000 3.95000
v 2.80000 2.73647 5.37658
v 2.10000 2.73647 5.37658
v 2.10000 3.27608 3.97472
v 2.80000 3.27608 3.97472
v 2.80000 2.81256 5.40131
v 2.10000 2.81256 5.40131
v -2.80000 2.53497 5.28482
v -2.10000 2.53497 5.28482
v -2.10000 2.51952 5.33238
v -2.80000 2.51952 5.33238
v -2.80000 2.74420 5.35281
v -2.10000 2.74420 5.35281
v -2.10000 2.72875 5.40036
v -2.80000 2.72875 5.40036
v -2.10000 2.53497 5.28482
v -1.40000 2.53497 5.28482
v -1.40000 2.51952 5.33238
v -2.10000 2.51952 5.33238
v -2.10000 2.74420 5.35281
v -1.40000 2.74420 5.35281
v -1.40000 2.72875 5.40036
v -2.10000 2.72875 5.40036
v -1.40000 2.53497 5.28482
v -0.70000 2.53497 5.28482
v -0.70000 2.51952 5.33238
v -1.40000 2.51952 5.33238
v -1.40000 2.74420 5.35281
v -0.70000 2.74420 5.35281
v -0.70000 2.72875 5.40036
v -1.40000 2.72875 5.40036
v -0.70000 2.53497 5.28482
v -0.00000 2.53497 5.28482
v -0.00000 2.51952 5.33238
v -0.70000 2.51952 5.33238
v -0.70000 2.74420 5.35281
v -0.00000 2.74420 5.35281
v -0.00000 2.72875 5.40036
v -0.70000 2.72875 5.40036
v 0.00000 2.53497 5.28482
v 0.70000 2.53497 5.28482
v 0.70000 2.51952 5.33238
v 0.00000 2.51952 5.33238
v 0.00000 2.74420 5.35281
v 0.70000 2.74420 5.35281
v 0.70000 2.72875 5.40036
v 0.00000 2.72875 5.40036
v 0.70000 2.53497 5.28482
v 1.40000 2.53497 5.28482
v 1.40000 2.51952 5.33238
v 0.70000 2.51952 5.33238
v 0.70000 2.74420 5.35281
v 1.40000 2.74420 5.35281
v 1.40000 2.72875 5.40036
v 0.70000 2.72875 5.40036
v 1.40000 2.53497 5.28482
v 2.10000 2.53497 5.28482
v 2.10000 2.51952 5.33238
v 1.40000 2.51952 5.33238
v 1.40000 2.74420 5.35281
v 2.10000 2.74420 5.35281
v 2.10000 2.72875 5.40036
v 1.40000 2.72875 5.40036
v 2.10000 2.53497 5.28482
v 2.80000 2.53497 5.28482
v 2.80000 2.51952 5.33238
v 2.10000 2.51952 5.33238
v 2.10000 2.74420 5.35281
v 2.80000 2.74420 5.35281
v 2.80000 2.72875 5.40036
v 2.10000 2.72875 5.40036
v -1.60000 3.95000 3.91000
v 1.60000 3.95000 3.91000
v 1.60000 3.95000 4.03000
v -1.60000 3.95000 4.03000
v -1.60000 4.55000 3.91000
v 1.60000 4.55000 3.91000
v 1.60000 4.55000 4.03000
v -1.60000 4.55000 4.03000
v -0.93034 4.39786 4.04000
v -0.56429 4.28804 4.04000
v -0.54866 4.34014 4.04000
v -0.91471 4.44996 4.04000
v -0.56565 4.34817 4.04000
v -0.93132 4.22018 4.04000
v -0.91335 4.16883 4.04000
v -0.54768 4.29682 4.04000
v -0.93132 4.17782 4.04000
v -0.56565 4.04983 4.04000
v -0.54768 4.10118 4.04000
v -0.91335 4.22917 4.04000
v -0.40141 4.13860 4.04000
v -0.21632 4.41623 4.04000
v -0.26159 4.44640 4.04000
v -0.44668 4.16877 4.04000
v -0.27668 4.41623 4.04000
v -0.09159 4.13860 4.04000
v -0.04632 4.16877 4.04000
v -0.23141 4.44640 4.04000
v -0.37910 4.05280 4.04000
v -0.11390 4.05280 4.04000
v -0.11390 4.10720 4.04000
v -0.37910 4.10720 4.04000
v 0.06290 4.39280 4.04000
v 0.43010 4.39280 4.04000
v 0.43010 4.44720 4.04000
v 0.06290 4.44720 4.04000
v 0.38930 4.43360 4.04000
v 0.38930 4.16840 4.04000
v 0.44370 4.16840 4.04000
v 0.44370 4.43360 4.04000
v 0.41650 4.21241 4.04000
v 0.18817 4.09825 4.04000
v 0.21250 4.04959 4.04000
v 0.44083 4.16375 4.04000
v 0.22202 4.26700 4.04000
v 0.17850 4.31052 4.04000
v 0.13498 4.26700 4.04000
v 0.17850 4.22348 4.04000
v 0.55590 4.05280 4.04000
v 0.92310 4.05280 4.04000
v 0.92310 4.10720 4.04000
v 0.55590 4.10720 4.04000
v 0.93670 4.06640 4.04000
v 0.93670 4.43360 4.04000
v 0.88230 4.43360 4.04000
v 0.88230 4.06640 4.04000
v 0.92310 4.44720 4.04000
v 0.64090 4.44720 4.04000
v 0.64090 4.39280 4.04000
v 0.92310 4.39280 4.04000
v 0.62730 4.43360 4.04000
v 0.62730 4.20240 4.04000
v 0.68170 4.20240 4.04000
v 0.68170 4.43360 4.04000
v 0.64090 4.18880 4.04000
v 0.82110 4.18880 4.04000
v 0.82110 4.24320 4.04000
v 0.64090 4.24320 4.04000
v -4.40000 0.00000 3.80000
v 4.40000 0.00000 3.80000
v 4.40000 0.00000 6.05000
v -4.40000 0.00000 6.05000
v -4.40000 0.35000 3.80000
v 4.40000 0.35000 3.80000
v 4.40000 0.35000 6.05000
v -4.40000 0.35000 6.05000
v -4.40000 0.35000 3.81500
v 4.40000 0.35000 3.81500
v 4.40000 0.35000 4.23500
v -4.40000 0.35000 4.23500
v -4.40000 0.40000 3.81500
v 4.40000 0.40000 3.81500
v 4.40000 0.40000 4.23500
v -4.40000 0.40000 4.23500
v -4.40000 0.35000 4.26500
v 4.40000 0.35000 4.26500
v 4.40000 0.35000 4.68500
v -4.40000 0.35000 4.68500
v -4.40000 0.40000 4.26500
v 4.40000 0.40000 4.26500
v 4.40000 0.40000 4.68500
v -4.40000 0.40000 4.68500
v -4.40000 0.35000 4.71500
v 4.40000 0.35000 4.71500
v 4.40000 0.35000 5.13500
v -4.40000 0.35000 5.13500
v -4.40000 0.40000 4.71500
v 4.40000 0.40000 4.71500
v 4.40000 0.40000 5.13500
v -4.40000 0.40000 5.13500
v -4.40000 0.35000 5.16500
v 4.40000 0.35000 5.16500
v 4.40000 0.35000 5.58500
v -4.40000 0.35000 5.58500
v -4.40000 0.40000 5.16500
v 4.40000 0.40000 5.16500
v 4.40000 0.40000 5.58500
v -4.40000 0.40000 5.58500
v -4.40000 0.35000 5.61500
v 4.40000 0.35000 5.61500
v 4.40000 0.35000 6.03500
v -4.40000 0.35000 6.03500
v -4.40000 0.40000 5.61500
v 4.40000 0.40000 5.61500
v 4.40000 0.40000 6.03500
v -4.40000 0.40000 6.03500
v -1.10000 0.00000 6.05000
v 1.10000 0.00000 6.05000
v 1.10000 0.00000 6.45000
v -1.10000 0.00000 6.45000
v -1.10000 0.18000 6.05000
v 1.10000 0.18000 6.05000
v 1.10000 0.18000 6.45000
v -1.10000 0.18000 6.45000
v -3.59131 0.35000 4.05722
v -2.74597 0.35000 4.14607
v -2.80869 0.35000 4.74278
v -3.65403 0.35000 4.65393
v -3.59131 0.80000 4.05722
v -2.74597 0.80000 4.14607
v -2.80869 0.80000 4.74278
v -3.65403 0.80000 4.65393
v -3.46000 0.72000 4.30000
v -3.34742 0.78500 4.30000
v -3.40371 0.78500 4.39750
v -3.51629 0.78500 4.39750
v -3.57258 0.78500 4.30000
v -3.51629 0.78500 4.20250
v -3.40371 0.78500 4.20250
v -3.34742 0.91500 4.30000
v -3.40371 0.91500 4.39750
v -3.51629 0.91500 4.39750
v -3.57258 0.91500 4.30000
v -3.51629 0.91500 4.20250
v -3.40371 0.91500 4.20250
v -3.46000 0.98000 4.30000
v -3.33000 0.76000 4.52000
v -3.21742 0.82500 4.52000
v -3.27371 0.82500 4.61750
v -3.38629 0.82500 4.61750
v -3.44258 0.82500 4.52000
v -3.38629 0.82500 4.42250
v -3.27371 0.82500 4.42250
v -3.21742 0.95500 4.52000
v -3.27371 0.95500 4.61750
v -3.38629 0.95500 4.61750
v -3.44258 0.95500 4.52000
v -3.38629 0.95500 4.42250
v -3.27371 0.95500 4.42250
v -3.33000 1.02000 4.52000
v -3.20000 0.72000 4.30000
v -3.08742 0.78500 4.30000
v -3.14371 0.78500 4.39750
v -3.25629 0.78500 4.39750
v -3.31258 0.78500 4.30000
v -3.25629 0.78500 4.20250
v -3.14371 0.78500 4.20250
v -3.08742 0.91500 4.30000
v -3.14371 0.91500 4.39750
v -3.25629 0.91500 4.39750
v -3.31258 0.91500 4.30000
v -3.25629 0.91500 4.20250
v -3.14371 0.91500 4.20250
v -3.20000 0.98000 4.30000
v -3.07000 0.76000 4.52000
v -2.95742 0.82500 4.52000
v -3.01371 0.82500 4.61750
v -3.12629 0.82500 4.61750
v -3.18258 0.82500 4.52000
v -3.12629 0.82500 4.42250
v -3.01371 0.82500 4.42250
v -2.95742 0.95500 4.52000
v -3.01371 0.95500 4.61750
v -3.12629 0.95500 4.61750
v -3.18258 0.95500 4.52000
v -3.12629 0.95500 4.42250
v -3.01371 0.95500 4.42250
v -3.07000 1.02000 4.52000
v -2.94000 0.72000 4.30000
v -2.82742 0.78500 4.30000
v -2.88371 0.78500 4.39750
v -2.99629 0.78500 4.39750
v -3.05258 0.78500 4.30000
v -2.99629 0.78500 4.20250
v -2.88371 0.78500 4.20250
v -2.82742 0.91500 4.30000
v -2.88371 0.91500 4.39750
v -2.99629 0.91500 4.39750
v -3.05258 0.91500 4.30000
v -2.99629 0.91500 4.20250
v -2.88371 0.91500 4.20250
v -2.94000 0.98000 4.30000
v -2.73521 0.35000 4.81502
v -1.88573 0.35000 4.78535
v -1.86479 0.35000 5.38498
v -2.71427 0.35000 5.41465
v -2.73521 0.80000 4.81502
v -1.88573 0.80000 4.78535
v -1.86479 0.80000 5.38498
v -2.71427 0.80000 5.41465
v -2.56000 0.72000 5.00000
v -2.44742 0.78500 5.00000
v -2.50371 0.78500 5.09750
v -2.61629 0.78500 5.09750
v -2.67258 0.78500 5.00000
v -2.61629 0.78500 4.90250
v -2.50371 0.78500 4.90250
v -2.44742 0.91500 5.00000
v -2.50371 0.91500 5.09750
v -2.61629 0.91500 5.09750
v -2.67258 0.91500 5.00000
v -2.61629 0.91500 4.90250
v -2.50371 0.91500 4.90250
v -2.56000 0.98000 5.00000
v -2.43000 0.76000 5.22000
v -2.31742 0.82500 5.22000
v -2.37371 0.82500 5.31750
v -2.48629 0.82500 5.31750
v -2.54258 0.82500 5.22000
v -2.48629 0.82500 5.12250
v -2.37371 0.82500 5.12250
v -2.31742 0.95500 5.22000
v -2.37371 0.95500 5.31750
v -2.48629 0.95500 5.31750
v -2.54258 0.95500 5.22000
v -2.48629 0.95500 5.12250
v -2.37371 0.95500 5.12250
v -2.43000 1.02000 5.22000
v -2.30000 0.72000 5.00000
v -2.18742 0.78500 5.00000
v -2.24371 0.78500 5.09750
v -2.35629 0.78500 5.09750
v -2.41258 0.78500 5.00000
v -2.35629 0.78500 4.90250
v -2.24371 0.78500 4.90250
v -2.18742 0.91500 5.00000
v -2.24371 0.91500 5.09750
v -2.35629 0.91500 5.09750
v -2.41258 0.91500 5.00000
v -2.35629 0.91500 4.90250
v -2.24371 0.91500 4.90250
v -2.30000 0.98000 5.00000
v -2.17000 0.76000 5.22000
v -2.05742 0.82500 5.22000
v -2.11371 0.82500 5.31750
v -2.22629 0.82500 5.31750
v -2.28258 0.82500 5.22000
v -2.22629 0.82500 5.12250
v -2.11371 0.82500 5.12250
v -2.05742 0.95500 5.22000
v -2.11371 0.95500 5.31750
v -2.22629 0.95500 5.31750
v -2.28258 0.95500 5.22000
v -2.22629 0.95500 5.12250
v -2.11371 0.95500 5.12250
v -2.17000 1.02000 5.22000
v -2.04000 0.72000 5.00000
v -1.92742 0.78500 5.00000
v -1.98371 0.78500 5.09750
v -2.09629 0.78500 5.09750
v -2.15258 0.78500 5.00000
v -2.09629 0.78500 4.90250
v -1.98371 0.78500 4.90250
v -1.92742 0.91500 5.00000
v -1.98371 0.91500 5.09750
v -2.09629 0.91500 5.09750
v -2.15258 0.91500 5.00000
v -2.09629 0.91500 4.90250
v -1.98371 0.91500 4.90250
v -2.04000 0.98000 5.00000
v 2.02936 0.35000 4.77836
v 2.86645 0.35000 4.63076
v 2.97064 0.35000 5.22164
v 2.13355 0.35000 5.36924
v 2.02936 0.80000 4.77836
v 2.86645 0.80000 4.63076
v 2.97064 0.80000 5.22164
v 2.13355 0.80000 5.36924
v 2.24000 0.72000 4.90000
v 2.35258 0.78500 4.90000
v 2.29629 0.78500 4.99750
v 2.18371 0.78500 4.99750
v 2.12742 0.78500 4.90000
v 2.18371 0.78500 4.80250
v 2.29629 0.78500 4.80250
v 2.35258 0.91500 4.90000
v 2.29629 0.91500 4.99750
v 2.18371 0.91500 4.99750
v 2.12742 0.91500 4.90000
v 2.18371 0.91500 4.80250
v 2.29629 0.91500 4.80250
v 2.24000 0.98000 4.90000
v 2.37000 0.76000 5.12000
v 2.48258 0.82500 5.12000
v 2.42629 0.82500 5.21750
v 2.31371 0.82500 5.21750
v 2.25742 0.82500 5.12000
v 2.31371 0.82500 5.02250
v 2.42629 0.82500 5.02250
v 2.48258 0.95500 5.12000
v 2.42629 0.95500 5.21750
v 2.31371 0.95500 5.21750
v 2.25742 0.95500 5.12000
v 2.31371 0.95500 5.02250
v 2.42629 0.95500 5.02250
v 2.37000 1.02000 5.12000
v 2.50000 0.72000 4.90000
v 2.61258 0.78500 4.90000
v 2.55629 0.78500 4.99750
v 2.44371 0.78500 4.99750
v 2.38742 0.78500 4.90000
v 2.44371 0.78500 4.80250
v 2.55629 0.78500 4.80250
v 2.61258 0.91500 4.90000
v 2.55629 0.91500 4.99750
v 2.44371 0.91500 4.99750
v 2.38742 0.91500 4.90000
v 2.44371 0.91500 4.80250
v 2.55629 0.91500 4.80250
v 2.50000 0.98000 4.90000
v 2.63000 0.76000 5.12000
v 2.74258 0.82500 5.12000
v 2.68629 0.82500 5.21750
v 2.57371 0.82500 5.21750
v 2.51742 0.82500 5.12000
v 2.57371 0.82500 5.02250
v 2.68629 0.82500 5.02250
v 2.74258 0.95500 5.12000
v 2.68629 0.95500 5.21750
v 2.57371 0.95500 5.21750
v 2.51742 0.95500 5.12000
v 2.57371 0.95500 5.02250
v 2.68629 0.95500 5.02250
v 2.63000 1.02000 5.12000
v 2.76000 0.72000 4.90000
v 2.87258 0.78500 4.90000
v 2.81629 0.78500 4.99750
v 2.70371 0.78500 4.99750
v 2.64742 0.78500 4.90000
v 2.70371 0.78500 4.80250
v 2.81629 0.78500 4.80250
v 2.87258 0.91500 4.90000
v 2.81629 0.91500 4.99750
v 2.70371 0.91500 4.99750
v 2.64742 0.91500 4.90000
v 2.70371 0.91500 4.80250
v 2.81629 0.91500 4.80250
v 2.76000 0.98000 4.90000
v 3.40000 0.35000 4.35000
v 3.71920 0.35000 4.35000
v 3.62571 0.35000 4.57571
v 3.40000 0.35000 4.66920
v 3.17429 0.35000 4.57571
v 3.08080 0.35000 4.35000
v 3.17429 0.35000 4.12429
v 3.40000 0.35000 4.03080
v 3.62571 0.35000 4.12429
v 3.78000 0.66350 4.35000
v 3.66870 0.66350 4.61870
v 3.40000 0.66350 4.73000
v 3.13130 0.66350 4.61870
v 3.02000 0.66350 4.35000
v 3.13130 0.66350 4.08130
v 3.40000 0.66350 3.97000
v 3.66870 0.66350 4.08130
v 3.78000 0.98650 4.35000
v 3.66870 0.98650 4.61870
v 3.40000 0.98650 4.73000
v 3.13130 0.98650 4.61870
v 3.02000 0.98650 4.35000
v 3.13130 0.98650 4.08130
v 3.40000 0.98650 3.97000
v 3.66870 0.98650 4.08130
v 3.71920 1.30000 4.35000
v 3.62571 1.30000 4.57571
v 3.40000 1.30000 4.66920
v 3.17429 1.30000 4.57571
v 3.08080 1.30000 4.35000
v 3.17429 1.30000 4.12429
v 3.40000 1.30000 4.03080
v 3.62571 1.30000 4.12429
v 3.40000 1.30000 4.35000
v 3.76400 0.46400 4.35000
v 3.65739 0.46400 4.60739
v 3.40000 0.46400 4.71400
v 3.14261 0.46400 4.60739
v 3.03600 0.46400 4.35000
v 3.14261 0.46400 4.09261
v 3.40000 0.46400 3.98600
v 3.65739 0.46400 4.09261
v 3.78553 0.54950 4.35000
v 3.67261 0.54950 4.62261
v 3.40000 0.54950 4.73553
v 3.12739 0.54950 4.62261
v 3.01447 0.54950 4.35000
v 3.12739 0.54950 4.07739
v 3.40000 0.54950 3.96447
v 3.67261 0.54950 4.07739
v 3.78553 1.10050 4.35000
v 3.67261 1.10050 4.62261
v 3.40000 1.10050 4.73553
v 3.12739 1.10050 4.62261
v 3.01447 1.10050 4.35000
v 3.12739 1.10050 4.07739
v 3.40000 1.10050 3.96447
v 3.67261 1.10050 4.07739
v 3.76400 1.18600 4.35000
v 3.65739 1.18600 4.60739
v 3.40000 1.18600 4.71400
v 3.14261 1.18600 4.60739
v 3.03600 1.18600 4.35000
v 3.14261 1.18600 4.09261
v 3.40000 1.18600 3.98600
v 3.65739 1.18600 4.09261
v 3.70000 1.29000 4.35000
v 3.61213 1.29000 4.56213
v 3.40000 1.29000 4.65000
v 3.18787 1.29000 4.56213
v 3.10000 1.29000 4.35000
v 3.18787 1.29000 4.13787
v 3.40000 1.29000 4.05000
v 3.61213 1.29000 4.13787
v 3.70000 1.31000 4.35000
v 3.61213 1.31000 4.56213
v 3.40000 1.31000 4.65000
v 3.18787 1.31000 4.56213
v 3.10000 1.31000 4.35000
v 3.18787 1.31000 4.13787
v 3.40000 1.31000 4.05000
v 3.61213 1.31000 4.13787
v 3.34236 1.24517 4.34222
v 3.35786 1.24759 4.28431
v 3.31550 1.25242 4.24209
v 3.25764 1.25483 4.25778
v 3.24214 1.25241 4.31569
v 3.28450 1.24758 4.35791
v 3.36236 1.59517 4.36222
v 3.37786 1.59759 4.30431
v 3.33550 1.60242 4.26209
v 3.27764 1.60483 4.27778
v 3.26214 1.60241 4.33569
v 3.30450 1.59758 4.37791
v 3.44236 1.24517 4.34222
v 3.45786 1.24759 4.28431
v 3.41550 1.25242 4.24209
v 3.35764 1.25483 4.25778
v 3.34214 1.25241 4.31569
v 3.38450 1.24758 4.35791
v 3.46236 1.59517 4.36222
v 3.47786 1.59759 4.30431
v 3.43550 1.60242 4.26209
v 3.37764 1.60483 4.27778
v 3.36214 1.60241 4.33569
v 3.40450 1.59758 4.37791
v 3.54236 1.24517 4.34222
v 3.55786 1.24759 4.28431
v 3.51550 1.25242 4.24209
v 3.45764 1.25483 4.25778
v 3.44214 1.25241 4.31569
v 3.48450 1.24758 4.35791
v 3.56236 1.59517 4.36222
v 3.57786 1.59759 4.30431
v 3.53550 1.60242 4.26209
v 3.47764 1.60483 4.27778
v 3.46214 1.60241 4.33569
v 3.50450 1.59758 4.37791
v -4.26817 0.70373 5.40000
v -3.93806 0.69063 5.40000
v -4.27193 0.35000 5.40000
v -3.93870 0.35000 5.40000
v -4.10000 0.35000 5.67104
v -4.10000 0.58516 5.69269
v -4.10000 0.35000 5.14586
v -4.10000 0.56231 5.13575
v -3.82011 0.35000 5.22702
v -3.84586 0.35000 5.55707
v -4.35711 0.35000 5.24110
v -4.38638 0.35000 5.57699
v -4.23000 0.77000 5.70000
v -3.97000 0.77000 5.70000
v -3.97000 0.81000 5.70000
v -4.23000 0.81000 5.70000
v -4.00000 0.80000 5.70000
v -4.00000 0.61200 5.70000
v -3.96000 0.61200 5.70000
v -3.96000 0.80000 5.70000
v -3.98000 0.64436 5.70000
v -4.14189 0.56342 5.70000
v -4.12400 0.52764 5.70000
v -3.96211 0.60858 5.70000
v -4.11600 0.68200 5.70000
v -4.14800 0.71400 5.70000
v -4.18000 0.68200 5.70000
v -4.14800 0.65000 5.70000
v -3.91133 0.68935 5.70000
v -3.58171 0.70400 5.70000
v -3.90913 0.35000 5.70000
v -3.57312 0.35000 5.70000
v -3.75000 0.35000 5.96051
v -3.75000 0.57054 5.97449
v -3.75000 0.35000 5.40922
v -3.75000 0.56511 5.43226
v -3.45741 0.35000 5.51917
v -3.46771 0.35000 5.87446
v -4.02430 0.35000 5.53047
v -4.02782 0.35000 5.87170
v -3.88000 0.77000 6.00000
v -3.62000 0.77000 6.00000
v -3.62000 0.81000 6.00000
v -3.88000 0.81000 6.00000
v -3.65000 0.80000 6.00000
v -3.65000 0.61200 6.00000
v -3.61000 0.61200 6.00000
v -3.61000 0.80000 6.00000
v -3.63000 0.64436 6.00000
v -3.79189 0.56342 6.00000
v -3.77400 0.52764 6.00000
v -3.61211 0.60858 6.00000
v -3.76600 0.68200 6.00000
v -3.79800 0.71400 6.00000
v -3.83000 0.68200 6.00000
v -3.79800 0.65000 6.00000
v -4.36823 0.35000 3.88899
v -3.45060 0.35000 4.13487
v -3.63177 0.35000 4.81101
v -4.54940 0.35000 4.56513
v -4.36823 2.35000 3.88899
v -3.45060 2.35000 4.13487
v -3.63177 2.35000 4.81101
v -4.54940 2.35000 4.56513
v -4.46342 1.07000 4.57265
v -3.70999 1.07000 4.77452
v -3.71776 1.07000 4.80350
v -4.47118 1.07000 4.60162
v -4.46342 2.22000 4.57265
v -3.70999 2.22000 4.77452
v -3.71776 2.22000 4.80350
v -4.47118 2.22000 4.60162
v -4.37519 0.60000 4.59111
v -3.79563 0.60000 4.74640
v -3.80599 0.60000 4.78504
v -4.38554 0.60000 4.62975
v -4.37519 0.78000 4.59111
v -3.79563 0.78000 4.74640
v -3.80599 0.78000 4.78504
v -4.38554 0.78000 4.62975
v -4.36305 2.35000 3.86967
v -3.44542 2.35000 4.11555
v -3.63695 2.35000 4.83033
v -4.55458 2.35000 4.58445
v -4.36305 2.43000 3.86967
v -3.44542 2.43000 4.11555
v -3.63695 2.43000 4.83033
v -4.55458 2.43000 4.58445
v -4.44280 1.13000 4.57299
v -3.72802 1.13000 4.76452
v -3.74872 1.13000 4.84179
v -4.46351 1.13000 4.65027
v -4.44280 1.16000 4.57299
v -3.72802 1.16000 4.76452
v -3.74872 1.16000 4.84179
v -4.46351 1.16000 4.65027
v -4.39485 1.16000 4.60655
v -4.24996 1.16000 4.64537
v -4.26549 1.16000 4.70332
v -4.41038 1.16000 4.66450
v -4.39485 1.38000 4.60655
v -4.24996 1.38000 4.64537
v -4.26549 1.38000 4.70332
v -4.41038 1.38000 4.66450
v -4.16303 1.16000 4.66866
v -4.01814 1.16000 4.70749
v -4.03367 1.16000 4.76544
v -4.17856 1.16000 4.72662
v -4.16303 1.38000 4.66866
v -4.01814 1.38000 4.70749
v -4.03367 1.38000 4.76544
v -4.17856 1.38000 4.72662
v -3.93121 1.16000 4.73078
v -3.78632 1.16000 4.76960
v -3.80185 1.16000 4.82756
v -3.94674 1.16000 4.78873
v -3.93121 1.38000 4.73078
v -3.78632 1.38000 4.76960
v -3.80185 1.38000 4.82756
v -3.94674 1.38000 4.78873
v -4.44280 1.49000 4.57299
v -3.72802 1.49000 4.76452
v -3.74872 1.49000 4.84179
v -4.46351 1.49000 4.65027
v -4.44280 1.52000 4.57299
v -3.72802 1.52000 4.76452
v -3.74872 1.52000 4.84179
v -4.46351 1.52000 4.65027
v -4.39485 1.52000 4.60655
v -4.24996 1.52000 4.64537
v -4.26549 1.52000 4.70332
v -4.41038 1.52000 4.66450
v -4.39485 1.74000 4.60655
v -4.24996 1.74000 4.64537
v -4.26549 1.74000 4.70332
v -4.41038 1.74000 4.66450
v -4.16303 1.52000 4.66866
v -4.01814 1.52000 4.70749
v -4.03367 1.52000 4.76544
v -4.17856 1.52000 4.72662
v -4.16303 1.74000 4.66866
v -4.01814 1.74000 4.70749
v -4.03367 1.74000 4.76544
v -4.17856 1.74000 4.72662
v -3.93121 1.52000 4.73078
v -3.78632 1.52000 4.76960
v -3.80185 1.52000 4.82756
v -3.94674 1.52000 4.78873
v -3.93121 1.74000 4.73078
v -3.78632 1.74000 4.76960
v -3.80185 1.74000 4.82756
v -3.94674 1.74000 4.78873
v -4.44280 1.85000 4.57299
v -3.72802 1.85000 4.76452
v -3.74872 1.85000 4.84179
v -4.46351 1.85000 4.65027
v -4.44280 1.88000 4.57299
v -3.72802 1.88000 4.76452
v -3.74872 1.88000 4.84179
v -4.46351 1.88000 4.65027
v -4.39485 1.88000 4.60655
v -4.24996 1.88000 4.64537
v -4.26549 1.88000 4.70332
v -4.41038 1.88000 4.66450
v -4.39485 2.10000 4.60655
v -4.24996 2.10000 4.64537
v -4.26549 2.10000 4.70332
v -4.41038 2.10000 4.66450
v -4.16303 1.88000 4.66866
v -4.01814 1.88000 4.70749
v -4.03367 1.88000 4.76544
v -4.17856 1.88000 4.72662
v -4.16303 2.10000 4.66866
v -4.01814 2.10000 4.70749
v -4.03367 2.10000 4.76544
v -4.17856 2.10000 4.72662
v -3.93121 1.88000 4.73078
v -3.78632 1.88000 4.76960
v -3.80185 1.88000 4.82756
v -3.94674 1.88000 4.78873
v -3.93121 2.10000 4.73078
v -3.78632 2.10000 4.76960
v -3.80185 2.10000 4.82756
v -3.94674 2.10000 4.78873
v -3.97102 2.43000 4.35776
v -3.36973 2.69373 4.51888
v -3.63886 2.57827 4.83695
v -4.10897 2.43000 4.87260
v -4.52016 2.46624 4.60081
v -4.61608 2.53530 4.18492
v -4.32507 2.46624 3.87272
v -3.83307 2.43000 3.84293
v -3.44377 2.57827 4.10886
v -3.33118 2.77893 4.52921
v -3.62010 2.64695 4.87199
v -4.12547 2.47963 4.91063
v -4.56919 2.52630 4.61768
v -4.67340 2.60831 4.16956
v -4.35909 2.52630 3.83358
v -3.82835 2.47963 3.80175
v -3.41000 2.64695 4.08789
v -3.97691 2.47963 4.35619
v -3.97397 2.45481 4.35698
v -3.65040 2.49594 4.44368
v -3.79767 2.48390 4.61422
v -4.04821 2.45481 4.63408
v -4.25527 2.42573 4.49161
v -4.29754 2.41368 4.27028
v -4.15026 2.42573 4.09973
v -3.89972 2.45481 4.07988
v -3.69266 2.48390 4.22234
v -3.65291 2.72231 4.44300
v -3.81110 2.70937 4.62618
v -4.08020 2.67814 4.64750
v -4.30259 2.64690 4.49448
v -4.34799 2.63396 4.25676
v -4.18981 2.64690 4.07358
v -3.92070 2.67814 4.05225
v -3.69831 2.70937 4.20527
v -3.73343 2.88839 4.42143
v -3.86434 2.87768 4.57302
v -4.08705 2.85183 4.59067
v -4.27110 2.82598 4.46403
v -4.30867 2.81527 4.26729
v -4.17776 2.82598 4.11570
v -3.95505 2.85183 4.09805
v -3.77101 2.87768 4.22469
v -3.87136 2.82049 4.38447
v -3.93681 2.81513 4.46027
v -4.04817 2.80220 4.46909
v -4.14019 2.78928 4.40577
v -4.15897 2.78392 4.30740
v -4.09352 2.78928 4.23160
v -3.98217 2.80220 4.22278
v -3.89014 2.81513 4.28610
v -4.01517 2.80220 4.34594
v -3.63536 2.52304 4.44770
v -3.79082 2.51033 4.62772
v -4.05528 2.47963 4.64868
v -4.27384 2.44893 4.49830
v -4.31845 2.43621 4.26467
v -4.16300 2.44893 4.08465
v -3.89853 2.47963 4.06369
v -3.67998 2.51033 4.21407
v -3.63368 2.61141 4.44816
v -3.79459 2.59825 4.63449
v -4.06833 2.56648 4.65618
v -4.29455 2.53470 4.50053
v -4.34074 2.52154 4.25870
v -4.17983 2.53470 4.07236
v -3.90608 2.56648 4.05067
v -3.67986 2.59825 4.20633
v 4.40000 0.00000 0.80000
v 4.35798 0.00000 0.92931
v 4.24798 0.00000 1.00923
v 4.11202 0.00000 1.00923
v 4.00202 0.00000 0.92931
v 3.96000 0.00000 0.80000
v 4.00202 0.00000 0.67069
v 4.11202 0.00000 0.59077
v 4.24798 0.00000 0.59077
v 4.35798 0.00000 0.67069
v 4.40000 0.42000 0.80000
v 4.35798 0.42000 0.92931
v 4.24798 0.42000 1.00923
v 4.11202 0.42000 1.00923
v 4.00202 0.42000 0.92931
v 3.96000 0.42000 0.80000
v 4.00202 0.42000 0.67069
v 4.11202 0.42000 0.59077
v 4.24798 0.42000 0.59077
v 4.35798 0.42000 0.67069
v 4.41000 0.08400 0.80000
v 4.36607 0.08400 0.93519
v 4.25107 0.08400 1.01874
v 4.10893 0.08400 1.01874
v 3.99393 0.08400 0.93519
v 3.95000 0.08400 0.80000
v 3.99393 0.08400 0.66481
v 4.10893 0.08400 0.58126
v 4.25107 0.08400 0.58126
v 4.36607 0.08400 0.66481
v 4.41000 0.31500 0.80000
v 4.36607 0.31500 0.93519
v 4.25107 0.31500 1.01874
v 4.10893 0.31500 1.01874
v 3.99393 0.31500 0.93519
v 3.95000 0.31500 0.80000
v 3.99393 0.31500 0.66481
v 4.10893 0.31500 0.58126
v 4.25107 0.31500 0.58126
v 4.36607 0.31500 0.66481
v 4.41500 0.20160 0.80000
v 4.37012 0.20160 0.93813
v 4.25262 0.20160 1.02350
v 4.10738 0.20160 1.02350
v 3.98988 0.20160 0.93813
v 3.94500 0.20160 0.80000
v 3.98988 0.20160 0.66187
v 4.10738 0.20160 0.57650
v 4.25262 0.20160 0.57650
v 4.37012 0.20160 0.66187
v 4.41500 0.24160 0.80000
v 4.37012 0.24160 0.93813
v 4.25262 0.24160 1.02350
v 4.10738 0.24160 1.02350
v 3.98988 0.24160 0.93813
v 3.94500 0.24160 0.80000
v 3.98988 0.24160 0.66187
v 4.10738 0.24160 0.57650
v 4.25262 0.24160 0.57650
v 4.37012 0.24160 0.66187
v 4.88000 0.00000 0.80000
v 4.83798 0.00000 0.92931
v 4.72798 0.00000 1.00923
v 4.59202 0.00000 1.00923
v 4.48202 0.00000 0.92931
v 4.44000 0.00000 0.80000
v 4.48202 0.00000 0.67069
v 4.59202 0.00000 0.59077
v 4.72798 0.00000 0.59077
v 4.83798 0.00000 0.67069
v 4.88000 0.42000 0.80000
v 4.83798 0.42000 0.92931
v 4.72798 0.42000 1.00923
v 4.59202 0.42000 1.00923
v 4.48202 0.42000 0.92931
v 4.44000 0.42000 0.80000
v 4.48202 0.42000 0.67069
v 4.59202 0.42000 0.59077
v 4.72798 0.42000 0.59077
v 4.83798 0.42000 0.67069
v 4.89000 0.08400 0.80000
v 4.84607 0.08400 0.93519
v 4.73107 0.08400 1.01874
v 4.58893 0.08400 1.01874
v 4.47393 0.08400 0.93519
v 4.43000 0.08400 0.80000
v 4.47393 0.08400 0.66481
v 4.58893 0.08400 0.58126
v 4.73107 0.08400 0.58126
v 4.84607 0.08400 0.66481
v 4.89000 0.31500 0.80000
v 4.84607 0.31500 0.93519
v 4.73107 0.31500 1.01874
v 4.58893 0.31500 1.01874
v 4.47393 0.31500 0.93519
v 4.43000 0.31500 0.80000
v 4.47393 0.31500 0.66481
v 4.58893 0.31500 0.58126
v 4.73107 0.31500 0.58126
v 4.84607 0.31500 0.66481
v 4.89500 0.20160 0.80000
v 4.85012 0.20160 0.93813
v 4.73262 0.20160 1.02350
v 4.58738 0.20160 1.02350
v 4.46988 0.20160 0.93813
v 4.42500 0.20160 0.80000
v 4.46988 0.20160 0.66187
v 4.58738 0.20160 0.57650
v 4.73262 0.20160 0.57650
v 4.85012 0.20160 0.66187
v 4.89500 0.24160 0.80000
v 4.85012 0.24160 0.93813
v 4.73262 0.24160 1.02350
v 4.58738 0.24160 1.02350
v 4.46988 0.24160 0.93813
v 4.42500 0.24160 0.80000
v 4.46988 0.24160 0.66187
v 4.58738 0.24160 0.57650
v 4.73262 0.24160 0.57650
v 4.85012 0.24160 0.66187
v 5.36000 0.00000 0.80000
v 5.31798 0.00000 0.92931
v 5.20798 0.00000 1.00923
v 5.07202 0.00000 1.00923
v 4.96202 0.00000 0.92931
v 4.92000 0.00000 0.80000
v 4.96202 0.00000 0.67069
v 5.07202 0.00000 0.59077
v 5.20798 0.00000 0.59077
v 5.31798 0.00000 0.67069
v 5.36000 0.42000 0.80000
v 5.31798 0.42000 0.92931
v 5.20798 0.42000 1.00923
v 5.07202 0.42000 1.00923
v 4.96202 0.42000 0.92931
v 4.92000 0.42000 0.80000
v 4.96202 0.42000 0.67069
v 5.07202 0.42000 0.59077
v 5.20798 0.42000 0.59077
v 5.31798 0.42000 0.67069
v 5.37000 0.08400 0.80000
v 5.32607 0.08400 0.93519
v 5.21107 0.08400 1.01874
v 5.06893 0.08400 1.01874
v 4.95393 0.08400 0.93519
v 4.91000 0.08400 0.80000
v 4.95393 0.08400 0.66481
v 5.06893 0.08400 0.58126
v 5.21107 0.08400 0.58126
v 5.32607 0.08400 0.66481
v 5.37000 0.31500 0.80000
v 5.32607 0.31500 0.93519
v 5.21107 0.31500 1.01874
v 5.06893 0.31500 1.01874
v 4.95393 0.31500 0.93519
v 4.91000 0.31500 0.80000
v 4.95393 0.31500 0.66481
v 5.06893 0.31500 0.58126
v 5.21107 0.31500 0.58126
v 5.32607 0.31500 0.66481
v 5.37500 0.20160 0.80000
v 5.33012 0.20160 0.93813
v 5.21262 0.20160 1.02350
v 5.06738 0.20160 1.02350
v 4.94988 0.20160 0.93813
v 4.90500 0.20160 0.80000
v 4.94988 0.20160 0.66187
v 5.06738 0.20160 0.57650
v 5.21262 0.20160 0.57650
v 5.33012 0.20160 0.66187
v 5.37500 0.24160 0.80000
v 5.33012 0.24160 0.93813
v 5.21262 0.24160 1.02350
v 5.06738 0.24160 1.02350
v 4.94988 0.24160 0.93813
v 4.90500 0.24160 0.80000
v 4.94988 0.24160 0.66187
v 5.06738 0.24160 0.57650
v 5.21262 0.24160 0.57650
v 5.33012 0.24160 0.66187
v 5.84000 0.00000 0.80000
v 5.79798 0.00000 0.92931
v 5.68798 0.00000 1.00923
v 5.55202 0.00000 1.00923
v 5.44202 0.00000 0.92931
v 5.40000 0.00000 0.80000
v 5.44202 0.00000 0.67069
v 5.55202 0.00000 0.59077
v 5.68798 0.00000 0.59077
v 5.79798 0.00000 0.67069
v 5.84000 0.42000 0.80000
v 5.79798 0.42000 0.92931
v 5.68798 0.42000 1.00923
v 5.55202 0.42000 1.00923
v 5.44202 0.42000 0.92931
v 5.40000 0.42000 0.80000
v 5.44202 0.42000 0.67069
v 5.55202 0.42000 0.59077
v 5.68798 0.42000 0.59077
v 5.79798 0.42000 0.67069
v 5.85000 0.08400 0.80000
v 5.80607 0.08400 0.93519
v 5.69107 0.08400 1.01874
v 5.54893 0.08400 1.01874
v 5.43393 0.08400 0.93519
v 5.39000 0.08400 0.80000
v 5.43393 0.08400 0.66481
v 5.54893 0.08400 0.58126
v 5.69107 0.08400 0.58126
v 5.80607 0.08400 0.66481
v 5.85000 0.31500 0.80000
v 5.80607 0.31500 0.93519
v 5.69107 0.31500 1.01874
v 5.54893 0.31500 1.01874
v 5.43393 0.31500 0.93519
v 5.39000 0.31500 0.80000
v 5.43393 0.31500 0.66481
v 5.54893 0.31500 0.58126
v 5.69107 0.31500 0.58126
v 5.80607 0.31500 0.66481
v 5.85500 0.20160 0.80000
v 5.81012 0.20160 0.93813
v 5.69262 0.20160 1.02350
v 5.54738 0.20160 1.02350
v 5.42988 0.20160 0.93813
v 5.38500 0.20160 0.80000
v 5.42988 0.20160 0.66187
v 5.54738 0.20160 0.57650
v 5.69262 0.20160 0.57650
v 5.81012 0.20160 0.66187
v 5.85500 0.24160 0.80000
v 5.81012 0.24160 0.93813
v 5.69262 0.24160 1.02350
v 5.54738 0.24160 1.02350
v 5.42988 0.24160 0.93813
v 5.38500 0.24160 0.80000
v 5.42988 0.24160 0.66187
v 5.54738 0.24160 0.57650
v 5.69262 0.24160 0.57650
v 5.81012 0.24160 0.66187
v 4.64000 0.42000 0.80000
v 4.59798 0.42000 0.92931
v 4.48798 0.42000 1.00923
v 4.35202 0.42000 1.00923
v 4.24202 0.42000 0.92931
v 4.20000 0.42000 0.80000
v 4.24202 0.42000 0.67069
v 4.35202 0.42000 0.59077
v 4.48798 0.42000 0.59077
v 4.59798 0.42000 0.67069
v 4.64000 0.84000 0.80000
v 4.59798 0.84000 0.92931
v 4.48798 0.84000 1.00923
v 4.35202 0.84000 1.00923
v 4.24202 0.84000 0.92931
v 4.20000 0.84000 0.80000
v 4.24202 0.84000 0.67069
v 4.35202 0.84000 0.59077
v 4.48798 0.84000 0.59077
v 4.59798 0.84000 0.67069
v 4.65000 0.50400 0.80000
v 4.60607 0.50400 0.93519
v 4.49107 0.50400 1.01874
v 4.34893 0.50400 1.01874
v 4.23393 0.50400 0.93519
v 4.19000 0.50400 0.80000
v 4.23393 0.50400 0.66481
v 4.34893 0.50400 0.58126
v 4.49107 0.50400 0.58126
v 4.60607 0.50400 0.66481
v 4.65000 0.73500 0.80000
v 4.60607 0.73500 0.93519
v 4.49107 0.73500 1.01874
v 4.34893 0.73500 1.01874
v 4.23393 0.73500 0.93519
v 4.19000 0.73500 0.80000
v 4.23393 0.73500 0.66481
v 4.34893 0.73500 0.58126
v 4.49107 0.73500 0.58126
v 4.60607 0.73500 0.66481
v 4.65500 0.62160 0.80000
v 4.61012 0.62160 0.93813
v 4.49262 0.62160 1.02350
v 4.34738 0.62160 1.02350
v 4.22988 0.62160 0.93813
v 4.18500 0.62160 0.80000
v 4.22988 0.62160 0.66187
v 4.34738 0.62160 0.57650
v 4.49262 0.62160 0.57650
v 4.61012 0.62160 0.66187
v 4.65500 0.66160 0.80000
v 4.61012 0.66160 0.93813
v 4.49262 0.66160 1.02350
v 4.34738 0.66160 1.02350
v 4.22988 0.66160 0.93813
v 4.18500 0.66160 0.80000
v 4.22988 0.66160 0.66187
v 4.34738 0.66160 0.57650
v 4.49262 0.66160 0.57650
v 4.61012 0.66160 0.66187
v 5.12000 0.42000 0.80000
v 5.07798 0.42000 0.92931
v 4.96798 0.42000 1.00923
v 4.83202 0.42000 1.00923
v 4.72202 0.42000 0.92931
v 4.68000 0.42000 0.80000
v 4.72202 0.42000 0.67069
v 4.83202 0.42000 0.59077
v 4.96798 0.42000 0.59077
v 5.07798 0.42000 0.67069
v 5.12000 0.84000 0.80000
v 5.07798 0.84000 0.92931
v 4.96798 0.84000 1.00923
v 4.83202 0.84000 1.00923
v 4.72202 0.84000 0.92931
v 4.68000 0.84000 0.80000
v 4.72202 0.84000 0.67069
v 4.83202 0.84000 0.59077
v 4.96798 0.84000 0.59077
v 5.07798 0.84000 0.67069
v 5.13000 0.50400 0.80000
v 5.08607 0.50400 0.93519
v 4.97107 0.50400 1.01874
v 4.82893 0.50400 1.01874
v 4.71393 0.50400 0.93519
v 4.67000 0.50400 0.80000
v 4.71393 0.50400 0.66481
v 4.82893 0.50400 0.58126
v 4.97107 0.50400 0.58126
v 5.08607 0.50400 0.66481
v 5.13000 0.73500 0.80000
v 5.08607 0.73500 0.93519
v 4.97107 0.73500 1.01874
v 4.82893 0.73500 1.01874
v 4.71393 0.73500 0.93519
v 4.67000 0.73500 0.80000
v 4.71393 0.73500 0.66481
v 4.82893 0.73500 0.58126
v 4.97107 0.73500 0.58126
v 5.08607 0.73500 0.66481
v 5.13500 0.62160 0.80000
v 5.09012 0.62160 0.93813
v 4.97262 0.62160 1.02350
v 4.82738 0.62160 1.02350
v 4.70988 0.62160 0.93813
v 4.66500 0.62160 0.80000
v 4.70988 0.62160 0.66187
v 4.82738 0.62160 0.57650
v 4.97262 0.62160 0.57650
v 5.09012 0.62160 0.66187
v 5.13500 0.66160 0.80000
v 5.09012 0.66160 0.93813
v 4.97262 0.66160 1.02350
v 4.82738 0.66160 1.02350
v 4.70988 0.66160 0.93813
v 4.66500 0.66160 0.80000
v 4.70988 0.66160 0.66187
v 4.82738 0.66160 0.57650
v 4.97262 0.66160 0.57650
v 5.09012 0.66160 0.66187
v 5.60000 0.42000 0.80000
v 5.55798 0.42000 0.92931
v 5.44798 0.42000 1.00923
v 5.31202 0.42000 1.00923
v 5.20202 0.42000 0.92931
v 5.16000 0.42000 0.80000
v 5.20202 0.42000 0.67069
v 5.31202 0.42000 0.59077
v 5.44798 0.42000 0.59077
v 5.55798 0.42000 0.67069
v 5.60000 0.84000 0.80000
v 5.55798 0.84000 0.92931
v 5.44798 0.84000 1.00923
v 5.31202 0.84000 1.00923
v 5.20202 0.84000 0.92931
v 5.16000 0.84000 0.80000
v 5.20202 0.84000 0.67069
v 5.31202 0.84000 0.59077
v 5.44798 0.84000 0.59077
v 5.55798 0.84000 0.67069
v 5.61000 0.50400 0.80000
v 5.56607 0.50400 0.93519
v 5.45107 0.50400 1.01874
v 5.30893 0.50400 1.01874
v 5.19393 0.50400 0.93519
v 5.15000 0.50400 0.80000
v 5.19393 0.50400 0.66481
v 5.30893 0.50400 0.58126
v 5.45107 0.50400 0.58126
v 5.56607 0.50400 0.66481
v 5.61000 0.73500 0.80000
v 5.56607 0.73500 0.93519
v 5.45107 0.73500 1.01874
v 5.30893 0.73500 1.01874
v 5.19393 0.73500 0.93519
v 5.15000 0.73500 0.80000
v 5.19393 0.73500 0.66481
v 5.30893 0.73500 0.58126
v 5.45107 0.73500 0.58126
v 5.56607 0.73500 0.66481
v 5.61500 0.62160 0.80000
v 5.57012 0.62160 0.93813
v 5.45262 0.62160 1.02350
v 5.30738 0.62160 1.02350
v 5.18988 0.62160 0.93813
v 5.14500 0.62160 0.80000
v 5.18988 0.62160 0.66187
v 5.30738 0.62160 0.57650
v 5.45262 0.62160 0.57650
v 5.57012 0.62160 0.66187
v 5.61500 0.66160 0.80000
v 5.57012 0.66160 0.93813
v 5.45262 0.66160 1.02350
v 5.30738 0.66160 1.02350
v 5.18988 0.66160 0.93813
v 5.14500 0.66160 0.80000
v 5.18988 0.66160 0.66187
v 5.30738 0.66160 0.57650
v 5.45262 0.66160 0.57650
v 5.57012 0.66160 0.66187
v 4.88000 0.84000 0.80000
v 4.83798 0.84000 0.92931
v 4.72798 0.84000 1.00923
v 4.59202 0.84000 1.00923
v 4.48202 0.84000 0.92931
v 4.44000 0.84000 0.80000
v 4.48202 0.84000 0.67069
v 4.59202 0.84000 0.59077
v 4.72798 0.84000 0.59077
v 4.83798 0.84000 0.67069
v 4.88000 1.26000 0.80000
v 4.83798 1.26000 0.92931
v 4.72798 1.26000 1.00923
v 4.59202 1.26000 1.00923
v 4.48202 1.26000 0.92931
v 4.44000 1.26000 0.80000
v 4.48202 1.26000 0.67069
v 4.59202 1.26000 0.59077
v 4.72798 1.26000 0.59077
v 4.83798 1.26000 0.67069
v 4.89000 0.92400 0.80000
v 4.84607 0.92400 0.93519
v 4.73107 0.92400 1.01874
v 4.58893 0.92400 1.01874
v 4.47393 0.92400 0.93519
v 4.43000 0.92400 0.80000
v 4.47393 0.92400 0.66481
v 4.58893 0.92400 0.58126
v 4.73107 0.92400 0.58126
v 4.84607 0.92400 0.66481
v 4.89000 1.15500 0.80000
v 4.84607 1.15500 0.93519
v 4.73107 1.15500 1.01874
v 4.58893 1.15500 1.01874
v 4.47393 1.15500 0.93519
v 4.43000 1.15500 0.80000
v 4.47393 1.15500 0.66481
v 4.58893 1.15500 0.58126
v 4.73107 1.15500 0.58126
v 4.84607 1.15500 0.66481
v 4.89500 1.04160 0.80000
v 4.85012 1.04160 0.93813
v 4.73262 1.04160 1.02350
v 4.58738 1.04160 1.02350
v 4.46988 1.04160 0.93813
v 4.42500 1.04160 0.80000
v 4.46988 1.04160 0.66187
v 4.58738 1.04160 0.57650
v 4.73262 1.04160 0.57650
v 4.85012 1.04160 0.66187
v 4.89500 1.08160 0.80000
v 4.85012 1.08160 0.93813
v 4.73262 1.08160 1.02350
v 4.58738 1.08160 1.02350
v 4.46988 1.08160 0.93813
v 4.42500 1.08160 0.80000
v 4.46988 1.08160 0.66187
v 4.58738 1.08160 0.57650
v 4.73262 1.08160 0.57650
v 4.85012 1.08160 0.66187
v 5.36000 0.84000 0.80000
v 5.31798 0.84000 0.92931
v 5.20798 0.84000 1.00923
v 5.07202 0.84000 1.00923
v 4.96202 0.84000 0.92931
v 4.92000 0.84000 0.80000
v 4.96202 0.84000 0.67069
v 5.07202 0.84000 0.59077
v 5.20798 0.84000 0.59077
v 5.31798 0.84000 0.67069
v 5.36000 1.26000 0.80000
v 5.31798 1.26000 0.92931
v 5.20798 1.26000 1.00923
v 5.07202 1.26000 1.00923
v 4.96202 1.26000 0.92931
v 4.92000 1.26000 0.80000
v 4.96202 1.26000 0.67069
v 5.07202 1.26000 0.59077
v 5.20798 1.26000 0.59077
v 5.31798 1.26000 0.67069
v 5.37000 0.92400 0.80000
v 5.32607 0.92400 0.93519
v 5.21107 0.92400 1.01874
v 5.06893 0.92400 1.01874
v 4.95393 0.92400 0.93519
v 4.91000 0.92400 0.80000
v 4.95393 0.92400 0.66481
v 5.06893 0.92400 0.58126
v 5.21107 0.92400 0.58126
v 5.32607 0.92400 0.66481
v 5.37000 1.15500 0.80000
v 5.32607 1.15500 0.93519
v 5.21107 1.15500 1.01874
v 5.06893 1.15500 1.01874
v 4.95393 1.15500 0.93519
v 4.91000 1.15500 0.80000
v 4.95393 1.15500 0.66481
v 5.06893 1.15500 0.58126
v 5.21107 1.15500 0.58126
v 5.32607 1.15500 0.66481
v 5.37500 1.04160 0.80000
v 5.33012 1.04160 0.93813
v 5.21262 1.04160 1.02350
v 5.06738 1.04160 1.02350
v 4.94988 1.04160 0.93813
v 4.90500 1.04160 0.80000
v 4.94988 1.04160 0.66187
v 5.06738 1.04160 0.57650
v 5.21262 1.04160 0.57650
v 5.33012 1.04160 0.66187
v 5.37500 1.08160 0.80000
v 5.33012 1.08160 0.93813
v 5.21262 1.08160 1.02350
v 5.06738 1.08160 1.02350
v 4.94988 1.08160 0.93813
v 4.90500 1.08160 0.80000
v 4.94988 1.08160 0.66187
v 5.06738 1.08160 0.57650
v 5.21262 1.08160 0.57650
v 5.33012 1.08160 0.66187
v 5.12000 1.26000 0.80000
v 5.07798 1.26000 0.92931
v 4.96798 1.26000 1.00923
v 4.83202 1.26000 1.00923
v 4.72202 1.26000 0.92931
v 4.68000 1.26000 0.80000
v 4.72202 1.26000 0.67069
v 4.83202 1.26000 0.59077
v 4.96798 1.26000 0.59077
v 5.07798 1.26000 0.67069
v 5.12000 1.68000 0.80000
v 5.07798 1.68000 0.92931
v 4.96798 1.68000 1.00923
v 4.83202 1.68000 1.00923
v 4.72202 1.68000 0.92931
v 4.68000 1.68000 0.80000
v 4.72202 1.68000 0.67069
v 4.83202 1.68000 0.59077
v 4.96798 1.68000 0.59077
v 5.07798 1.68000 0.67069
v 5.13000 1.34400 0.80000
v 5.08607 1.34400 0.93519
v 4.97107 1.34400 1.01874
v 4.82893 1.34400 1.01874
v 4.71393 1.34400 0.93519
v 4.67000 1.34400 0.80000
v 4.71393 1.34400 0.66481
v 4.82893 1.34400 0.58126
v 4.97107 1.34400 0.58126
v 5.08607 1.34400 0.66481
v 5.13000 1.57500 0.80000
v 5.08607 1.57500 0.93519
v 4.97107 1.57500 1.01874
v 4.82893 1.57500 1.01874
v 4.71393 1.57500 0.93519
v 4.67000 1.57500 0.80000
v 4.71393 1.57500 0.66481
v 4.82893 1.57500 0.58126
v 4.97107 1.57500 0.58126
v 5.08607 1.57500 0.66481
v 5.13500 1.46160 0.80000
v 5.09012 1.46160 0.93813
v 4.97262 1.46160 1.02350
v 4.82738 1.46160 1.02350
v 4.70988 1.46160 0.93813
v 4.66500 1.46160 0.80000
v 4.70988 1.46160 0.66187
v 4.82738 1.46160 0.57650
v 4.97262 1.46160 0.57650
v 5.09012 1.46160 0.66187
v 5.13500 1.50160 0.80000
v 5.09012 1.50160 0.93813
v 4.97262 1.50160 1.02350
v 4.82738 1.50160 1.02350
v 4.70988 1.50160 0.93813
v 4.66500 1.50160 0.80000
v 4.70988 1.50160 0.66187
v 4.82738 1.50160 0.57650
v 4.97262 1.50160 0.57650
v 5.09012 1.50160 0.66187
v 4.97065 0.01041 -1.82882
v 5.02935 -0.00192 -1.83058
v 5.02935 -0.01041 -1.77118
v 4.97065 0.00192 -1.76942
v 5.27065 1.41041 -1.62882
v 5.32935 1.39808 -1.63058
v 5.32935 1.38959 -1.57118
v 5.27065 1.40192 -1.56942
v 4.97065 0.00192 -2.33058
v 5.02935 -0.01041 -2.32882
v 5.02935 -0.00192 -2.26942
v 4.97065 0.01041 -2.27118
v 5.27065 1.40192 -2.53058
v 5.32935 1.38959 -2.52882
v 5.32935 1.39808 -2.46942
v 5.27065 1.41041 -2.47118
v 4.85000 0.00000 -2.35000
v 5.05000 0.00000 -2.35000
v 5.05000 0.00000 -1.75000
v 4.85000 0.00000 -1.75000
v 4.85000 0.05000 -2.35000
v 5.05000 0.05000 -2.35000
v 5.05000 0.05000 -1.75000
v 4.85000 0.05000 -1.75000
v 4.90000 0.15000 -1.80000
v 4.90000 0.04393 -1.75607
v 4.90000 0.00000 -1.65000
v 4.90000 0.04393 -1.54393
v 4.90000 0.15000 -1.50000
v 4.90000 0.25607 -1.54393
v 4.90000 0.30000 -1.65000
v 4.90000 0.25607 -1.75607
v 4.96000 0.15000 -1.80000
v 4.96000 0.04393 -1.75607
v 4.96000 0.00000 -1.65000
v 4.96000 0.04393 -1.54393
v 4.96000 0.15000 -1.50000
v 4.96000 0.25607 -1.54393
v 4.96000 0.30000 -1.65000
v 4.96000 0.25607 -1.75607
v 5.39000 0.05000 -2.05000
v 5.34416 0.05000 -1.90893
v 5.22416 0.05000 -1.82175
v 5.07584 0.05000 -1.82175
v 4.95584 0.05000 -1.90893
v 4.91000 0.05000 -2.05000
v 4.95584 0.05000 -2.19107
v 5.07584 0.05000 -2.27825
v 5.22416 0.05000 -2.27825
v 5.34416 0.05000 -2.19107
v 5.39000 0.50000 -2.05000
v 5.34416 0.50000 -1.90893
v 5.22416 0.50000 -1.82175
v 5.07584 0.50000 -1.82175
v 4.95584 0.50000 -1.90893
v 4.91000 0.50000 -2.05000
v 4.95584 0.50000 -2.19107
v 5.07584 0.50000 -2.27825
v 5.22416 0.50000 -2.27825
v 5.34416 0.50000 -2.19107
v 5.40000 0.14000 -2.05000
v 5.35225 0.14000 -1.90305
v 5.22725 0.14000 -1.81224
v 5.07275 0.14000 -1.81224
v 4.94775 0.14000 -1.90305
v 4.90000 0.14000 -2.05000
v 4.94775 0.14000 -2.19695
v 5.07275 0.14000 -2.28776
v 5.22725 0.14000 -2.28776
v 5.35225 0.14000 -2.19695
v 5.40000 0.38750 -2.05000
v 5.35225 0.38750 -1.90305
v 5.22725 0.38750 -1.81224
v 5.07275 0.38750 -1.81224
v 4.94775 0.38750 -1.90305
v 4.90000 0.38750 -2.05000
v 4.94775 0.38750 -2.19695
v 5.07275 0.38750 -2.28776
v 5.22725 0.38750 -2.28776
v 5.35225 0.38750 -2.19695
v 5.40500 0.26600 -2.05000
v 5.35630 0.26600 -1.90011
v 5.22880 0.26600 -1.80748
v 5.07120 0.26600 -1.80748
v 4.94370 0.26600 -1.90011
v 4.89500 0.26600 -2.05000
v 4.94370 0.26600 -2.19989
v 5.07120 0.26600 -2.29252
v 5.22880 0.26600 -2.29252
v 5.35630 0.26600 -2.19989
v 5.40500 0.30600 -2.05000
v 5.35630 0.30600 -1.90011
v 5.22880 0.30600 -1.80748
v 5.07120 0.30600 -1.80748
v 4.94370 0.30600 -1.90011
v 4.89500 0.30600 -2.05000
v 4.94370 0.30600 -2.19989
v 5.07120 0.30600 -2.29252
v 5.22880 0.30600 -2.29252
v 5.35630 0.30600 -2.19989
v 0.60000 0.35000 -4.45000
v -0.60000 0.35000 -4.45000
v -0.60000 0.35000 -4.65000
v 0.60000 0.35000 -4.65000
v 0.60000 2.65000 -4.45000
v -0.60000 2.65000 -4.45000
v -0.60000 2.65000 -4.65000
v 0.60000 2.65000 -4.65000
v 0.75000 2.65000 -4.42000
v -0.75000 2.65000 -4.42000
v -0.75000 2.65000 -4.72000
v 0.75000 2.65000 -4.72000
v 0.75000 2.85000 -4.42000
v -0.75000 2.85000 -4.42000
v -0.75000 2.85000 -4.72000
v 0.75000 2.85000 -4.72000
v -0.40000 1.40000 -4.67000
v -0.45000 1.45000 -4.67000
v -0.42500 1.45000 -4.71330
v -0.37500 1.45000 -4.71330
v -0.35000 1.45000 -4.67000
v -0.37500 1.45000 -4.62670
v -0.42500 1.45000 -4.62670
v -0.40000 1.50000 -4.67000
v 0.70000 0.00000 -4.50000
v -0.70000 0.00000 -4.50000
v -0.70000 0.00000 -5.30000
v 0.70000 0.00000 -5.30000
v 0.70000 0.35000 -4.50000
v -0.70000 0.35000 -4.50000
v -0.70000 0.35000 -5.30000
v 0.70000 0.35000 -5.30000
vn 0.9914 0.0000 0.1305
vn 0.9914 0.0000 0.1305
vn 0.9239 0.0000 0.3827
vn 0.9239 0.0000 0.3827
vn 0.7934 0.0000 0.6088
vn 0.7934 0.0000 0.6088
vn 0.6088 0.0000 0.7934
vn 0.6088 0.0000 0.7934
vn 0.3827 0.0000 0.9239
vn 0.3827 0.0000 0.9239
vn 0.1305 0.0000 0.9914
vn 0.1305 0.0000 0.9914
vn -0.1305 0.0000 0.9914
vn -0.1305 0.0000 0.9914
vn -0.3827 0.0000 0.9239
vn -0.3827 0.0000 0.9239
vn -0.6088 0.0000 0.7934
vn -0.6088 0.0000 0.7934
vn -0.7934 0.0000 0.6088
vn -0.7934 0.0000 0.6088
vn -0.9239 0.0000 0.3827
vn -0.9239 0.0000 0.3827
vn -0.9914 0.0000 0.1305
vn -0.9914 0.0000 0.1305
vn -0.9914 0.0000 -0.1305
vn -0.9914 -0.0000 -0.1305
vn -0.9239 0.0000 -0.3827
vn -0.9239 -0.0000 -0.3827
vn -0.7934 0.0000 -0.6088
vn -0.7934 -0.0000 -0.6088
vn -0.6088 0.0000 -0.7934
vn -0.6088 -0.0000 -0.7934
vn -0.3827 0.0000 -0.9239
vn -0.3827 -0.0000 -0.9239
vn -0.1305 0.0000 -0.9914
vn -0.1305 -0.0000 -0.9914
vn 0.1305 0.0000 -0.9914
vn 0.1305 0.0000 -0.9914
vn 0.3827 0.0000 -0.9239
vn 0.3827 0.0000 -0.9239
vn 0.6088 0.0000 -0.7934
vn 0.6088 0.0000 -0.7934
vn 0.7934 0.0000 -0.6088
vn 0.7934 0.0000 -0.6088
vn 0.9239 0.0000 -0.3827
vn 0.9239 0.0000 -0.3827
vn 0.9914 0.0000 -0.1305
vn 0.9914 0.0000 -0.1305
vn 0.0000 1.0000 0.0000
vn 0.0000 1.0000 0.0000
vn 0.0000 1.0000 0.0000
vn 0.0000 1.0000 0.0000
vn 0.0000 1.0000 0.0000
vn 0.0000 1.0000 0.0000
vn 0.0000 1.0000 0.0000
vn 0.0000 1.0000 0.0000
vn 0.0000 1.0000 0.0000
vn 0.0000 1.0000 0.0000
vn 0.0000 1.0000 0.0000
vn 0.0000 1.0000 0.0000
vn 0.0000 1.0000 0.0000
vn 0.0000 1.0000 0.0000
vn 0.0000 1.0000 0.0000
vn 0.0000 1.0000 0.0000
vn 0.0000 1.0000 0.0000
vn 0.0000 1.0000 0.0000
vn 0.0000 1.0000 0.0000
vn 0.0000 1.0000 0.0000
vn 0.0000 1.0000 -0.0000
vn 0.0000 1.0000 0.0000
vn 0.0000 -1.0000 0.0000
vn 0.0000 -1.0000 0.0000
vn 0.0000 -1.0000 0.0000
vn 0.0000 -1.0000 0.0000
vn 0.0000 -1.0000 0.0000
vn 0.0000 -1.0000 0.0000
vn 0.0000 -1.0000 0.0000
vn 0.0000 -1.0000 0.0000
vn 0.0000 -1.0000 0.0000
vn 0.0000 -1.0000 0.0000
vn 0.0000 -1.0000 0.0000
vn -0.0000 -1.0000 0.0000
vn 0.0000 -1.0000 0.0000
vn 0.0000 -1.0000 0.0000
vn 0.0000 -1.0000 0.0000
vn 0.0000 -1.0000 0.0000
vn 0.0000 -1.0000 0.0000
vn 0.0000 -1.0000 0.0000
vn 0.0000 -1.0000 0.0000
vn 0.0000 -1.0000 0.0000
vn 0.0000 -1.0000 0.0000
vn 0.0000 -1.0000 0.0000
vn 0.9914 0.0000 0.1305
vn 0.9914 0.0000 0.1305
vn 0.9239 0.0000 0.3827
vn 0.9239 0.0000 0.3827
vn 0.7934 0.0000 0.6088
vn 0.7934 0.0000 0.6088
vn 0.6088 0.0000 0.7934
vn 0.6088 0.0000 0.7934
vn 0.3827 0.0000 0.9239
vn 0.3827 0.0000 0.9239
vn 0.1305 0.0000 0.9914
vn 0.1305 0.0000 0.9914
vn -0.1305 0.0000 0.9914
vn -0.1305 0.0000 0.9914
vn -0.3827 0.0000 0.9239
vn -0.3827 0.0000 0.9239
vn -0.6088 0.0000 0.7934
vn -0.6088 0.0000 0.7934
vn -0.7934 0.0000 0.6088
vn -0.7934 0.0000 0.6088
vn -0.9239 0.0000 0.3827
vn -0.9239 0.0000 0.3827
vn -0.9914 0.0000 0.1305
vn -0.9914 0.0000 0.1305
vn -0.9914 0.0000 -0.1305
vn -0.9914 -0.0000 -0.1305
vn -0.9239 0.0000 -0.3827
vn -0.9239 -0.0000 -0.3827
vn -0.7934 0.0000 -0.6088
vn -0.7934 -0.0000 -0.6088
vn -0.6088 0.0000 -0.7934
vn -0.6088 -0.0000 -0.7934
vn -0.3827 0.0000 -0.9239
vn -0.3827 -0.0000 -0.9239
vn -0.1305 0.0000 -0.9914
vn -0.1305 -0.0000 -0.9914
vn 0.1305 0.0000 -0.9914
vn 0.1305 0.0000 -0.9914
vn 0.3827 0.0000 -0.9239
vn 0.3827 0.0000 -0.9239
vn 0.6088 0.0000 -0.7934
vn 0.6088 0.0000 -0.7934
vn 0.7934 0.0000 -0.6088
vn 0.7934 0.0000 -0.6088
vn 0.9239 0.0000 -0.3827
vn 0.9239 0.0000 -0.3827
vn 0.9914 0.0000 -0.1305
vn 0.9914 0.0000 -0.1305
vn 0.0000 1.0000 0.0000
vn 0.0000 1.0000 0.0000
vn 0.0000 1.0000 0.0000
vn 0.0000 1.0000 0.0000
vn 0.0000 1.0000 0.0000
vn 0.0000 1.0000 0.0000
vn 0.0000 1.0000 0.0000
vn 0.0000 1.0000 0.0000
vn 0.0000 1.0000 0.0000
vn 0.0000 1.0000 0.0000
vn 0.0000 1.0000 0.0000
vn 0.0000 1.0000 0.0000
vn 0.0000 1.0000 0.0000
vn 0.0000 1.0000 0.0000
vn 0.0000 1.0000 0.0000
vn 0.0000 1.0000 0.0000
vn 0.0000 1.0000 0.0000
vn 0.0000 1.0000 0.0000
vn 0.0000 1.0000 0.0000
vn 0.0000 1.0000 0.0000
vn 0.0000 1.0000 -0.0000
vn 0.0000 1.0000 0.0000
vn 0.0000 -1.0000 0.0000
vn 0.0000 -1.0000 0.0000
vn 0.0000 -1.0000 0.0000
vn 0.0000 -1.0000 0.0000
vn 0.0000 -1.0000 0.0000
vn 0.0000 -1.0000 0.0000
vn 0.0000 -1.0000 0.0000
vn 0.0000 -1.0000 0.0000
vn 0.0000 -1.0000 0.0000
vn 0.0000 -1.0000 0.0000
vn 0.0000 -1.0000 0.0000
vn -0.0000 -1.0000 0.0000
vn 0.0000 -1.0000 0.0000
vn 0.0000 -1.0000 0.0000
vn 0.0000 -1.0000 0.0000
vn 0.0000 -1.0000 0.0000
vn 0.0000 -1.0000 0.0000
vn 0.0000 -1.0000 0.0000
vn 0.0000 -1.0000 0.0000
vn 0.0000 -1.0000 0.0000
vn 0.0000 -1.0000 0.0000
vn 0.0000 -1.0000 0.0000
vn 0.9914 0.0000 0.1305
vn 0.9914 0.0000 0.1305
vn 0.9239 0.0000 0.3827
vn 0.9239 0.0000 0.3827
vn 0.7934 0.0000 0.6088
vn 0.7934 0.0000 0.6088
vn 0.6088 0.0000 0.7934
vn 0.6088 0.0000 0.7934
vn 0.3827 0.0000 0.9239
vn 0.3827 0.0000 0.9239
vn 0.1305 0.0000 0.9914
vn 0.1305 0.0000 0.9914
vn -0.1305 0.0000 0.9914
vn -0.1305 0.0000 0.9914
vn -0.3827 0.0000 0.9239
vn -0.3827 0.0000 0.9239
vn -0.6088 0.0000 0.7934
vn -0.6088 0.0000 0.7934
vn -0.7934 0.0000 0.6088
vn -0.7934 0.0000 0.6088
vn -0.9239 0.0000 0.3827
vn -0.9239 0.0000 0.3827
vn -0.9914 0.0000 0.1305
vn -0.9914 0.0000 0.1305
vn -0.9914 0.0000 -0.1305
vn -0.9914 -0.0000 -0.1305
vn -0.9239 0.0000 -0.3827
vn -0.9239 -0.0000 -0.3827
vn -0.7934 0.0000 -0.6088
vn -0.7934 -0.0000 -0.6088
vn -0.6088 0.0000 -0.7934
vn -0.6088 -0.0000 -0.7934
vn -0.3827 0.0000 -0.9239
vn -0.3827 -0.0000 -0.9239
vn -0.1305 0.0000 -0.9914
vn -0.1305 -0.0000 -0.9914
vn 0.1305 0.0000 -0.9914
vn 0.1305 0.0000 -0.9914
vn 0.3827 0.0000 -0.9239
vn 0.3827 0.0000 -0.9239
vn 0.6088 0.0000 -0.7934
vn 0.6088 0.0000 -0.7934
vn 0.7934 0.0000 -0.6088
vn 0.7934 0.0000 -0.6088
vn 0.9239 0.0000 -0.3827
vn 0.9239 0.0000 -0.3827
vn 0.9914 0.0000 -0.1305
vn 0.9914 0.0000 -0.1305
vn 0.9914 0.0000 0.1305
vn 0.9914 0.0000 0.1305
vn 0.9239 0.0000 0.3827
vn 0.9239 0.0000 0.3827
vn 0.7934 0.0000 0.6088
vn 0.7934 0.0000 0.6088
vn 0.6088 0.0000 0.7934
vn 0.6088 0.0000 0.7934
vn 0.3827 0.0000 0.9239
vn 0.3827 0.0000 0.9239
vn 0.1305 0.0000 0.9914
vn 0.1305 0.0000 0.9914
vn -0.1305 0.0000 0.9914
vn -0.1305 0.0000 0.9914
vn -0.3827 0.0000 0.9239
vn -0.3827 0.0000 0.9239
vn -0.6088 0.0000 0.7934
vn -0.6088 0.0000 0.7934
vn -0.7934 0.0000 0.6088
vn -0.7934 0.0000 0.6088
vn -0.9239 0.0000 0.3827
vn -0.9239 0.0000 0.3827
vn -0.9914 0.0000 0.1305
vn -0.9914 0.0000 0.1305
vn -0.9914 0.0000 -0.1305
vn -0.9914 -0.0000 -0.1305
vn -0.9239 0.0000 -0.3827
vn -0.9239 -0.0000 -0.3827
vn -0.7934 0.0000 -0.6088
vn -0.7934 -0.0000 -0.6088
vn -0.6088 0.0000 -0.7934
vn -0.6088 -0.0000 -0.7934
vn -0.3827 0.0000 -0.9239
vn -0.3827 -0.0000 -0.9239
vn -0.1305 0.0000 -0.9914
vn -0.1305 -0.0000 -0.9914
vn 0.1305 0.0000 -0.9914
vn 0.1305 0.0000 -0.9914
vn 0.3827 0.0000 -0.9239
vn 0.3827 0.0000 -0.9239
vn 0.6088 0.0000 -0.7934
vn 0.6088 0.0000 -0.7934
vn 0.7934 0.0000 -0.6088
vn 0.7934 0.0000 -0.6088
vn 0.9239 0.0000 -0.3827
vn 0.9239 0.0000 -0.3827
vn 0.9914 0.0000 -0.1305
vn 0.9914 0.0000 -0.1305
vn 0.9914 0.0000 0.1305
vn 0.9914 0.0000 0.1305
vn 0.9239 0.0000 0.3827
vn 0.9239 0.0000 0.3827
vn 0.7934 0.0000 0.6088
vn 0.7934 0.0000 0.6088
vn 0.6088 0.0000 0.7934
vn 0.6088 0.0000 0.7934
vn 0.3827 0.0000 0.9239
vn 0.3827 0.0000 0.9239
vn 0.1305 0.0000 0.9914
vn 0.1305 0.0000 0.9914
vn -0.1305 0.0000 0.9914
vn -0.1305 0.0000 0.9914
vn -0.3827 0.0000 0.9239
vn -0.3827 0.0000 0.9239
vn -0.6088 0.0000 0.7934
vn -0.6088 0.0000 0.7934
vn -0.7934 0.0000 0.6088
vn -0.7934 0.0000 0.6088
vn -0.9239 0.0000 0.3827
vn -0.9239 0.0000 0.3827
vn -0.9914 0.0000 0.1305
vn -0.9914 0.0000 0.1305
vn -0.9914 0.0000 -0.1305
vn -0.9914 -0.0000 -0.1305
vn -0.9239 0.0000 -0.3827
vn -0.9239 -0.0000 -0.3827
vn -0.7934 0.0000 -0.6088
vn -0.7934 -0.0000 -0.6088
vn -0.6088 0.0000 -0.7934
vn -0.6088 -0.0000 -0.7934
vn -0.3827 0.0000 -0.9239
vn -0.3827 -0.0000 -0.9239
vn -0.1305 0.0000 -0.9914
vn -0.1305 -0.0000 -0.9914
vn 0.1305 0.0000 -0.9914
vn 0.1305 0.0000 -0.9914
vn 0.3827 0.0000 -0.9239
vn 0.3827 0.0000 -0.9239
vn 0.6088 0.0000 -0.7934
vn 0.6088 0.0000 -0.7934
vn 0.7934 0.0000 -0.6088
vn 0.7934 0.0000 -0.6088
vn 0.9239 0.0000 -0.3827
vn 0.9239 0.0000 -0.3827
vn 0.9914 0.0000 -0.1305
vn 0.9914 0.0000 -0.1305
vn 0.9914 0.0000 0.1305
vn 0.9914 0.0000 0.1305
vn 0.9239 0.0000 0.3827
vn 0.9239 0.0000 0.3827
vn 0.7934 0.0000 0.6088
vn 0.7934 0.0000 0.6088
vn 0.6088 0.0000 0.7934
vn 0.6088 0.0000 0.7934
vn 0.3827 0.0000 0.9239
vn 0.3827 0.0000 0.9239
vn 0.1305 0.0000 0.9914
vn 0.1305 0.0000 0.9914
vn -0.1305 0.0000 0.9914
vn -0.1305 0.0000 0.9914
vn -0.3827 0.0000 0.9239
vn -0.3827 0.0000 0.9239
vn -0.6088 0.0000 0.7934
vn -0.6088 0.0000 0.7934
vn -0.7934 0.0000 0.6088
vn -0.7934 0.0000 0.6088
vn -0.9239 0.0000 0.3827
vn -0.9239 0.0000 0.3827
vn -0.9914 0.0000 0.1305
vn -0.9914 0.0000 0.1305
vn -0.9914 0.0000 -0.1305
vn -0.9914 -0.0000 -0.1305
vn -0.9239 0.0000 -0.3827
vn -0.9239 -0.0000 -0.3827
vn -0.7934 0.0000 -0.6088
vn -0.7934 -0.0000 -0.6088
vn -0.6088 0.0000 -0.7934
vn -0.6088 -0.0000 -0.7934
vn -0.3827 0.0000 -0.9239
vn -0.3827 -0.0000 -0.9239
vn -0.1305 0.0000 -0.9914
vn -0.1305 -0.0000 -0.9914
vn 0.1305 0.0000 -0.9914
vn 0.1305 0.0000 -0.9914
vn 0.3827 0.0000 -0.9239
vn 0.3827 0.0000 -0.9239
vn 0.6088 0.0000 -0.7934
vn 0.6088 0.0000 -0.7934
vn 0.7934 0.0000 -0.6088
vn 0.7934 0.0000 -0.6088
vn 0.9239 0.0000 -0.3827
vn 0.9239 0.0000 -0.3827
vn 0.9914 0.0000 -0.1305
vn 0.9914 0.0000 -0.1305
vn 0.9914 0.0000 0.1305
vn 0.9914 0.0000 0.1305
vn 0.9239 0.0000 0.3827
vn 0.9239 0.0000 0.3827
vn 0.7934 0.0000 0.6088
vn 0.7934 0.0000 0.6088
vn 0.6088 0.0000 0.7934
vn 0.6088 0.0000 0.7934
vn 0.3827 0.0000 0.9239
vn 0.3827 0.0000 0.9239
vn 0.1305 0.0000 0.9914
vn 0.1305 0.0000 0.9914
vn -0.1305 0.0000 0.9914
vn -0.1305 0.0000 0.9914
vn -0.3827 0.0000 0.9239
vn -0.3827 0.0000 0.9239
vn -0.6088 0.0000 0.7934
vn -0.6088 0.0000 0.7934
vn -0.7934 0.0000 0.6088
vn -0.7934 0.0000 0.6088
vn -0.9239 0.0000 0.3827
vn -0.9239 0.0000 0.3827
vn -0.9914 0.0000 0.1305
vn -0.9914 0.0000 0.1305
vn -0.9914 0.0000 -0.1305
vn -0.9914 -0.0000 -0.1305
vn -0.9239 0.0000 -0.3827
vn -0.9239 -0.0000 -0.3827
vn -0.7934 0.0000 -0.6088
vn -0.7934 -0.0000 -0.6088
vn -0.6088 0.0000 -0.7934
vn -0.6088 -0.0000 -0.7934
vn -0.3827 0.0000 -0.9239
vn -0.3827 -0.0000 -0.9239
vn -0.1305 0.0000 -0.9914
vn -0.1305 -0.0000 -0.9914
vn 0.1305 0.0000 -0.9914
vn 0.1305 0.0000 -0.9914
vn 0.3827 0.0000 -0.9239
vn 0.3827 0.0000 -0.9239
vn 0.6088 0.0000 -0.7934
vn 0.6088 0.0000 -0.7934
vn 0.7934 0.0000 -0.6088
vn 0.7934 0.0000 -0.6088
vn 0.9239 0.0000 -0.3827
vn 0.9239 0.0000 -0.3827
vn 0.9914 0.0000 -0.1305
vn 0.9914 0.0000 -0.1305
vn 0.0000 1.0000 0.0000
vn 0.0000 1.0000 0.0000
vn 0.0000 1.0000 0.0000
vn 0.0000 1.0000 0.0000
vn 0.0000 1.0000 0.0000
vn 0.0000 1.0000 0.0000
vn 0.0000 1.0000 0.0000
vn 0.0000 1.0000 0.0000
vn 0.0000 1.0000 0.0000
vn 0.0000 1.0000 0.0000
vn 0.0000 1.0000 0.0000
vn 0.0000 1.0000 0.0000
vn 0.0000 1.0000 0.0000
vn 0.0000 1.0000 0.0000
vn 0.0000 1.0000 0.0000
vn 0.0000 1.0000 0.0000
vn 0.0000 1.0000 0.0000
vn 0.0000 1.0000 0.0000
vn 0.0000 1.0000 0.0000
vn 0.0000 1.0000 0.0000
vn 0.0000 1.0000 -0.0000
vn 0.0000 1.0000 0.0000
vn 0.0000 -1.0000 0.0000
vn 0.0000 -1.0000 0.0000
vn 0.0000 -1.0000 0.0000
vn 0.0000 -1.0000 0.0000
vn 0.0000 -1.0000 0.0000
vn 0.0000 -1.0000 0.0000
vn 0.0000 -1.0000 0.0000
vn 0.0000 -1.0000 0.0000
vn 0.0000 -1.0000 0.0000
vn 0.0000 -1.0000 0.0000
vn 0.0000 -1.0000 0.0000
vn -0.0000 -1.0000 0.0000
vn 0.0000 -1.0000 0.0000
vn 0.0000 -1.0000 0.0000
vn 0.0000 -1.0000 0.0000
vn 0.0000 -1.0000 0.0000
vn 0.0000 -1.0000 0.0000
vn 0.0000 -1.0000 0.0000
vn 0.0000 -1.0000 0.0000
vn 0.0000 -1.0000 0.0000
vn 0.0000 -1.0000 0.0000
vn 0.0000 -1.0000 0.0000
vn 0.9914 0.0000 0.1305
vn 0.9914 0.0000 0.1305
vn 0.9239 0.0000 0.3827
vn 0.9239 0.0000 0.3827
vn 0.7934 0.0000 0.6088
vn 0.7934 0.0000 0.6088
vn 0.6088 0.0000 0.7934
vn 0.6088 0.0000 0.7934
vn 0.3827 0.0000 0.9239
vn 0.3827 0.0000 0.9239
vn 0.1305 0.0000 0.9914
vn 0.1305 0.0000 0.9914
vn -0.1305 0.0000 0.9914
vn -0.1305 0.0000 0.9914
vn -0.3827 0.0000 0.9239
vn -0.3827 0.0000 0.9239
vn -0.6088 0.0000 0.7934
vn -0.6088 0.0000 0.7934
vn -0.7934 0.0000 0.6088
vn -0.7934 0.0000 0.6088
vn -0.9239 0.0000 0.3827
vn -0.9239 0.0000 0.3827
vn -0.9914 0.0000 0.1305
vn -0.9914 0.0000 0.1305
vn -0.9914 0.0000 -0.1305
vn -0.9914 -0.0000 -0.1305
vn -0.9239 0.0000 -0.3827
vn -0.9239 -0.0000 -0.3827
vn -0.7934 0.0000 -0.6088
vn -0.7934 -0.0000 -0.6088
vn -0.6088 0.0000 -0.7934
vn -0.6088 -0.0000 -0.7934
vn -0.3827 0.0000 -0.9239
vn -0.3827 -0.0000 -0.9239
vn -0.1305 0.0000 -0.9914
vn -0.1305 -0.0000 -0.9914
vn 0.1305 0.0000 -0.9914
vn 0.1305 0.0000 -0.9914
vn 0.3827 0.0000 -0.9239
vn 0.3827 0.0000 -0.9239
vn 0.6088 0.0000 -0.7934
vn 0.6088 0.0000 -0.7934
vn 0.7934 0.0000 -0.6088
vn 0.7934 0.0000 -0.6088
vn 0.9239 0.0000 -0.3827
vn 0.9239 0.0000 -0.3827
vn 0.9914 0.0000 -0.1305
vn 0.9914 0.0000 -0.1305
vn 0.9914 0.0000 0.1305
vn 0.9914 0.0000 0.1305
vn 0.9239 0.0000 0.3827
vn 0.9239 0.0000 0.3827
vn 0.7934 0.0000 0.6088
vn 0.7934 0.0000 0.6088
vn 0.6088 0.0000 0.7934
vn 0.6088 0.0000 0.7934
vn 0.3827 0.0000 0.9239
vn 0.3827 0.0000 0.9239
vn 0.1305 0.0000 0.9914
vn 0.1305 0.0000 0.9914
vn -0.1305 0.0000 0.9914
vn -0.1305 0.0000 0.9914
vn -0.3827 0.0000 0.9239
vn -0.3827 0.0000 0.9239
vn -0.6088 0.0000 0.7934
vn -0.6088 0.0000 0.7934
vn -0.7934 0.0000 0.6088
vn -0.7934 0.0000 0.6088
vn -0.9239 0.0000 0.3827
vn -0.9239 0.0000 0.3827
vn -0.9914 0.0000 0.1305
vn -0.9914 0.0000 0.1305
vn -0.9914 0.0000 -0.1305
vn -0.9914 -0.0000 -0.1305
vn -0.9239 0.0000 -0.3827
vn -0.9239 -0.0000 -0.3827
vn -0.7934 0.0000 -0.6088
vn -0.7934 -0.0000 -0.6088
vn -0.6088 0.0000 -0.7934
vn -0.6088 -0.0000 -0.7934
vn -0.3827 0.0000 -0.9239
vn -0.3827 -0.0000 -0.9239
vn -0.1305 0.0000 -0.9914
vn -0.1305 -0.0000 -0.9914
vn 0.1305 0.0000 -0.9914
vn 0.1305 0.0000 -0.9914
vn 0.3827 0.0000 -0.9239
vn 0.3827 0.0000 -0.9239
vn 0.6088 0.0000 -0.7934
vn 0.6088 0.0000 -0.7934
vn 0.7934 0.0000 -0.6088
vn 0.7934 0.0000 -0.6088
vn 0.9239 0.0000 -0.3827
vn 0.9239 0.0000 -0.3827
vn 0.9914 0.0000 -0.1305
vn 0.9914 0.0000 -0.1305
vn 0.9914 0.0000 0.1305
vn 0.9914 0.0000 0.1305
vn 0.9239 0.0000 0.3827
vn 0.9239 0.0000 0.3827
vn 0.7934 0.0000 0.6088
vn 0.7934 0.0000 0.6088
vn 0.6088 0.0000 0.7934
vn 0.6088 0.0000 0.7934
vn 0.3827 0.0000 0.9239
vn 0.3827 0.0000 0.9239
vn 0.1305 0.0000 0.9914
vn 0.1305 0.0000 0.9914
vn -0.1305 0.0000 0.9914
vn -0.1305 0.0000 0.9914
vn -0.3827 0.0000 0.9239
vn -0.3827 0.0000 0.9239
vn -0.6088 0.0000 0.7934
vn -0.6088 0.0000 0.7934
vn -0.7934 0.0000 0.6088
vn -0.7934 0.0000 0.6088
vn -0.9239 0.0000 0.3827
vn -0.9239 0.0000 0.3827
vn -0.9914 0.0000 0.1305
vn -0.9914 0.0000 0.1305
vn -0.9914 0.0000 -0.1305
vn -0.9914 -0.0000 -0.1305
vn -0.9239 0.0000 -0.3827
vn -0.9239 -0.0000 -0.3827
vn -0.7934 0.0000 -0.6088
vn -0.7934 -0.0000 -0.6088
vn -0.6088 0.0000 -0.7934
vn -0.6088 -0.0000 -0.7934
vn -0.3827 0.0000 -0.9239
vn -0.3827 -0.0000 -0.9239
vn -0.1305 0.0000 -0.9914
vn -0.1305 -0.0000 -0.9914
vn 0.1305 0.0000 -0.9914
vn 0.1305 0.0000 -0.9914
vn 0.3827 0.0000 -0.9239
vn 0.3827 0.0000 -0.9239
vn 0.6088 0.0000 -0.7934
vn 0.6088 0.0000 -0.7934
vn 0.7934 0.0000 -0.6088
vn 0.7934 0.0000 -0.6088
vn 0.9239 0.0000 -0.3827
vn 0.9239 0.0000 -0.3827
vn 0.9914 0.0000 -0.1305
vn 0.9914 0.0000 -0.1305
vn 0.4617 0.0000 0.8870
vn 0.4617 -0.0000 0.8870
vn 0.4617 0.0000 0.8870
vn 0.4617 0.0000 0.8870
vn 0.4617 -0.0000 0.8870
vn 0.4617 -0.0000 0.8870
vn 0.2840 0.0000 0.9588
vn 0.2840 -0.0000 0.9588
vn 0.2840 0.0000 0.9588
vn 0.2840 -0.0000 0.9588
vn 0.2840 0.0000 0.9588
vn 0.2840 -0.0000 0.9588
vn 0.0958 0.0000 0.9954
vn 0.0958 -0.0000 0.9954
vn 0.0958 0.0000 0.9954
vn 0.0958 0.0000 0.9954
vn 0.0958 -0.0000 0.9954
vn 0.0958 -0.0000 0.9954
vn 0.0958 0.0000 0.9954
vn 0.0958 -0.0000 0.9954
vn -0.0958 0.0000 0.9954
vn -0.0958 0.0000 0.9954
vn -0.0958 0.0000 0.9954
vn -0.0958 0.0000 0.9954
vn -0.0958 0.0000 0.9954
vn -0.0958 0.0000 0.9954
vn -0.0958 0.0000 0.9954
vn -0.0958 0.0000 0.9954
vn -0.0958 0.0000 0.9954
vn -0.0958 0.0000 0.9954
vn -0.2840 0.0000 0.9588
vn -0.2840 0.0000 0.9588
vn -0.2840 0.0000 0.9588
vn -0.2840 0.0000 0.9588
vn -0.2840 0.0000 0.9588
vn -0.2840 0.0000 0.9588
vn -0.2840 0.0000 0.9588
vn -0.2840 0.0000 0.9588
vn -0.2840 0.0000 0.9588
vn -0.2840 0.0000 0.9588
vn -0.4617 0.0000 0.8870
vn -0.4617 0.0000 0.8870
vn -0.4617 0.0000 0.8870
vn -0.4617 -0.0000 0.8870
vn -0.4617 -0.0000 0.8870
vn -0.4617 -0.0000 0.8870
vn -0.4617 0.0000 0.8870
vn -0.4617 0.0000 0.8870
vn -0.9529 0.3032 0.0080
vn -0.6681 0.6544 0.3542
vn 0.5778 0.7281 -0.3687
vn 0.4319 0.3311 -0.8390
vn -0.5408 0.2504 -0.8030
vn -0.4938 0.2792 0.8235
vn -0.9535 0.0162 0.3011
vn -0.5419 -0.2428 -0.8046
vn 0.7537 -0.0237 -0.6568
vn 0.9572 0.2847 0.0515
vn -0.4532 -0.2798 0.8464
vn -0.6301 -0.6990 0.3383
vn 0.6548 -0.6404 -0.4014
vn 0.9605 -0.2772 -0.0245
vn 0.4866 -0.2036 0.8496
vn -0.7282 0.0161 0.6851
vn -0.9530 -0.3009 -0.0356
vn 0.5070 -0.3165 -0.8017
vn 0.9581 -0.0235 -0.2855
vn 0.4863 0.2068 0.8490
vn 0.0000 -0.8321 0.5547
vn -0.4804 -0.8321 0.2774
vn -0.4804 -0.8321 -0.2774
vn 0.0000 -0.8321 -0.5547
vn 0.4804 -0.8321 -0.2774
vn 0.4804 -0.8321 0.2774
vn 0.0000 0.0000 1.0000
vn 0.0000 0.0000 1.0000
vn -0.8660 0.0000 0.5000
vn -0.8660 0.0000 0.5000
vn -0.8660 0.0000 -0.5000
vn -0.8660 -0.0000 -0.5000
vn 0.0000 0.0000 -1.0000
vn 0.0000 0.0000 -1.0000
vn 0.8660 0.0000 -0.5000
vn 0.8660 0.0000 -0.5000
vn 0.8660 0.0000 0.5000
vn 0.8660 0.0000 0.5000
vn 0.0000 0.8321 0.5547
vn -0.4804 0.8321 0.2774
vn -0.4804 0.8321 -0.2774
vn 0.0000 0.8321 -0.5547
vn 0.4804 0.8321 -0.2774
vn 0.4804 0.8321 0.2774
vn 0.0000 -0.8321 0.5547
vn -0.4804 -0.8321 0.2774
vn -0.4804 -0.8321 -0.2774
vn 0.0000 -0.8321 -0.5547
vn 0.4804 -0.8321 -0.2774
vn 0.4804 -0.8321 0.2774
vn 0.0000 0.0000 1.0000
vn 0.0000 0.0000 1.0000
vn -0.8660 0.0000 0.5000
vn -0.8660 0.0000 0.5000
vn -0.8660 0.0000 -0.5000
vn -0.8660 -0.0000 -0.5000
vn 0.0000 0.0000 -1.0000
vn 0.0000 0.0000 -1.0000
vn 0.8660 0.0000 -0.5000
vn 0.8660 0.0000 -0.5000
vn 0.8660 0.0000 0.5000
vn 0.8660 0.0000 0.5000
vn 0.0000 0.8321 0.5547
vn -0.4804 0.8321 0.2774
vn -0.4804 0.8321 -0.2774
vn 0.0000 0.8321 -0.5547
vn 0.4804 0.8321 -0.2774
vn 0.4804 0.8321 0.2774
vn -0.2113 -0.5774 0.7887
vn -0.7887 -0.5774 -0.2113
vn 0.2113 -0.5774 -0.7887
vn 0.7887 -0.5774 0.2113
vn -0.2113 0.5774 0.7887
vn -0.7887 0.5774 -0.2113
vn 0.2113 0.5774 -0.7887
vn 0.7887 0.5774 0.2113
vn -0.2113 -0.5774 0.7887
vn -0.7887 -0.5774 -0.2113
vn 0.2113 -0.5774 -0.7887
vn 0.7887 -0.5774 0.2113
vn -0.2113 0.5774 0.7887
vn -0.7887 0.5774 -0.2113
vn 0.2113 0.5774 -0.7887
vn 0.7887 0.5774 0.2113
vn 0.1753 0.8370 0.5183
vn 0.1753 0.8370 0.5183
vn -0.9473 -0.0000 0.3204
vn -0.9473 0.0000 0.3204
vn -0.1753 -0.8370 -0.5183
vn -0.1753 -0.8370 -0.5183
vn 0.9473 0.0000 -0.3204
vn 0.9473 0.0000 -0.3204
vn -0.3612 0.8370 -0.4110
vn -0.3612 0.8370 -0.4110
vn -0.7511 0.0000 0.6601
vn -0.7511 -0.0000 0.6601
vn 0.3612 -0.8370 0.4110
vn 0.3612 -0.8370 0.4110
vn 0.7511 0.0000 -0.6601
vn 0.7511 -0.0000 -0.6601
vn -0.2682 0.5472 -0.7929
vn -0.2682 0.5472 -0.7929
vn 0.5525 0.5472 0.6287
vn 0.5525 0.5472 0.6287
vn 0.1190 -0.9928 0.0107
vn -0.0049 -1.0000 -0.0086
vn -0.1988 -0.9175 -0.3444
vn -0.1487 -0.8790 -0.4530
vn -0.3180 -0.8790 -0.3552
vn -0.1988 -0.9175 -0.3444
vn -0.0049 -1.0000 -0.0086
vn -0.0503 -0.9928 0.1084
vn 0.1102 -0.7020 0.7036
vn 0.0978 -0.6672 0.7385
vn -0.5009 -0.6531 0.5680
vn -0.5335 -0.6033 0.5927
vn -0.8917 -0.4512 -0.0371
vn -0.8632 -0.5020 -0.0546
vn -0.6901 -0.3304 -0.6439
vn -0.6736 -0.3734 -0.6378
vn -0.2243 -0.3710 -0.9011
vn -0.2037 -0.3295 -0.9219
vn 0.3785 -0.4984 -0.7800
vn 0.4215 -0.4509 -0.7868
vn 0.7793 -0.6066 -0.1576
vn 0.7404 -0.6534 -0.1580
vn 0.5839 -0.6690 0.4600
vn 0.5593 -0.7028 0.4397
vn -0.1349 0.9906 -0.0246
vn -0.0025 1.0000 -0.0043
vn 0.2056 0.9115 0.3562
vn 0.1514 0.8688 0.4714
vn 0.3325 0.8688 0.3668
vn 0.2056 0.9115 0.3562
vn -0.0025 1.0000 -0.0043
vn 0.0462 0.9906 -0.1291
vn -0.1040 -0.9781 -0.1801
vn -0.1040 -0.9781 -0.1801
vn -0.1040 -0.9781 -0.1801
vn -0.1040 -0.9781 -0.1801
vn -0.1040 -0.9781 -0.1801
vn -0.1040 -0.9781 -0.1801
vn -0.1040 -0.9781 -0.1801
vn -0.1040 -0.9781 -0.1801
vn 0.0496 -0.2832 0.9578
vn 0.0496 -0.2832 0.9578
vn -0.6611 -0.1556 0.7340
vn -0.6611 -0.1556 0.7340
vn -0.9847 -0.0180 0.1736
vn -0.9847 -0.0180 0.1736
vn -0.8253 0.0888 -0.5577
vn -0.8253 0.0888 -0.5577
vn -0.0703 0.0888 -0.9936
vn -0.0703 0.0888 -0.9936
vn 0.6426 -0.0180 -0.7660
vn 0.6426 -0.0180 -0.7660
vn 0.9662 -0.1556 -0.2055
vn 0.9662 -0.1556 -0.2055
vn 0.8046 -0.2832 0.5219
vn 0.8046 -0.2832 0.5219
vn 0.0892 0.1210 0.9886
vn 0.0892 0.1210 0.9886
vn -0.6006 0.2029 0.7734
vn -0.6006 0.2029 0.7734
vn -0.9128 0.3356 0.2325
vn -0.9128 0.3356 0.2325
vn -0.7480 0.4770 -0.4615
vn -0.7480 0.4770 -0.4615
vn -0.0256 0.4770 -0.8786
vn -0.0256 0.4770 -0.8786
vn 0.6578 0.3356 -0.6743
vn 0.6578 0.3356 -0.6743
vn 0.9701 0.2029 -0.1334
vn 0.9701 0.2029 -0.1334
vn 0.8116 0.1210 0.5715
vn 0.8116 0.1210 0.5715
vn 0.0765 0.9821 -0.1721
vn 0.0765 0.9821 -0.1721
vn 0.3472 0.9297 -0.1228
vn 0.3472 0.9297 -0.1228
vn 0.4719 0.8767 0.0932
vn 0.4719 0.8767 0.0932
vn 0.3822 0.8521 0.3574
vn 0.3822 0.8521 0.3574
vn 0.1184 0.8521 0.5097
vn 0.1184 0.8521 0.5097
vn -0.1553 0.8767 0.4553
vn -0.1553 0.8767 0.4553
vn -0.2800 0.9297 0.2393
vn -0.2800 0.9297 0.2393
vn -0.1873 0.9821 -0.0198
vn -0.1873 0.9821 -0.0198
vn 0.1040 0.9781 0.1801
vn 0.1040 0.9781 0.1801
vn 0.1040 0.9781 0.1801
vn 0.1040 0.9781 0.1801
vn 0.1040 0.9781 0.1801
vn 0.1040 0.9781 0.1801
vn 0.1040 0.9781 0.1801
vn 0.1040 0.9781 0.1801
vn 0.0465 -0.3100 0.9496
vn 0.0465 -0.3100 0.9496
vn -0.6620 -0.1799 0.7276
vn -0.6620 -0.1799 0.7276
vn -0.9848 -0.0427 0.1686
vn -0.9848 -0.0427 0.1686
vn -0.8256 0.0608 -0.5610
vn -0.8256 0.0608 -0.5610
vn -0.0730 0.0608 -0.9955
vn -0.0730 0.0608 -0.9955
vn 0.6384 -0.0427 -0.7685
vn 0.6384 -0.0427 -0.7685
vn 0.9611 -0.1799 -0.2096
vn 0.9611 -0.1799 -0.2096
vn 0.7991 -0.3100 0.5151
vn 0.7991 -0.3100 0.5151
vn 0.8660 0.0000 0.5000
vn 0.8660 0.0000 0.5000
vn 0.8660 -0.0000 0.5000
vn 0.8660 -0.0000 0.5000
vn 0.8660 0.0000 0.5000
vn 0.8660 0.0000 0.5000
vn 0.8660 -0.0000 0.5000
vn 0.8660 -0.0000 0.5000
vn 0.8660 0.0000 0.5000
vn 0.8660 0.0000 0.5000
vn 0.8660 0.0000 0.5000
vn 0.8660 0.0000 0.5000
vn 0.8660 -0.0000 0.5000
vn 0.8660 0.0000 0.5000
vn 0.8660 -0.0000 0.5000
vn 0.8660 -0.0000 0.5000
vn 0.8660 0.0000 0.5000
vn 0.8660 -0.0000 0.5000
vn -0.8660 0.0000 -0.5000
vn -0.8660 -0.0000 -0.5000
vn -0.8660 -0.0000 -0.5000
vn -0.8660 0.0000 -0.5000
vn -0.8660 -0.0000 -0.5000
vn -0.8660 0.0000 -0.5000
vn -0.8660 0.0000 -0.5000
vn -0.8660 -0.0000 -0.5000
vn -0.4655 0.3651 0.8062
vn -0.4655 0.3651 0.8062
vn -0.0298 0.9982 0.0516
vn -0.0298 0.9982 0.0516
vn -0.3175 -0.7726 0.5499
vn -0.3175 -0.7726 0.5499
vn -0.4839 0.2518 0.8381
vn -0.4839 0.2518 0.8381
vn 0.2693 -0.8426 -0.4664
vn 0.2693 -0.8426 -0.4664
vn -0.2693 -0.8426 0.4664
vn -0.2693 -0.8426 0.4664
vn 0.4839 0.2518 -0.8381
vn 0.4839 0.2518 -0.8381
vn 0.3175 -0.7726 -0.5499
vn 0.3175 -0.7726 -0.5499
vn 0.0298 0.9982 -0.0516
vn 0.0298 0.9982 -0.0516
vn 0.4655 0.3651 -0.8062
vn 0.4655 0.3651 -0.8062
vn 0.8660 0.0000 0.5000
vn 0.8660 0.0000 0.5000
vn 0.8660 -0.0000 0.5000
vn 0.8660 0.0000 0.5000
vn 0.8660 -0.0000 0.5000
vn 0.8660 -0.0000 0.5000
vn 0.8660 -0.0000 0.5000
vn 0.8660 0.0000 0.5000
vn -0.8660 0.0000 -0.5000
vn -0.8660 0.0000 -0.5000
vn -0.8660 -0.0000 -0.5000
vn -0.8660 0.0000 -0.5000
vn -0.8660 -0.0000 -0.5000
vn -0.8660 -0.0000 -0.5000
vn -0.8660 -0.0000 -0.5000
vn -0.8660 0.0000 -0.5000
vn -0.4723 0.3283 0.8180
vn -0.4723 0.3283 0.8180
vn -0.0102 0.9998 0.0176
vn -0.0102 0.9998 0.0176
vn -0.3021 -0.7969 0.5232
vn -0.3021 -0.7969 0.5232
vn -0.4786 0.2896 0.8289
vn -0.4786 0.2896 0.8289
vn 0.2856 -0.8208 -0.4947
vn 0.2856 -0.8208 -0.4947
vn -0.2856 -0.8208 0.4947
vn -0.2856 -0.8208 0.4947
vn 0.4786 0.2896 -0.8289
vn 0.4786 0.2896 -0.8289
vn 0.3021 -0.7969 -0.5232
vn 0.3021 -0.7969 -0.5232
vn 0.0102 0.9998 -0.0176
vn 0.0102 0.9998 -0.0176
vn 0.4723 0.3283 -0.8180
vn 0.4723 0.3283 -0.8180
vn 0.0000 0.0000 -1.0000
vn 0.0000 0.0000 -1.0000
vn 0.0000 0.0000 -1.0000
vn -0.0000 0.0000 -1.0000
vn 0.0000 0.0000 -1.0000
vn 0.0000 -0.0000 -1.0000
vn 0.0000 0.0000 -1.0000
vn 0.0000 0.0000 -1.0000
vn 0.0000 0.0000 -1.0000
vn 0.0000 0.0000 -1.0000
vn 0.0000 0.0000 -1.0000
vn 0.0000 0.0000 -1.0000
vn 0.0000 0.0000 -1.0000
vn 0.0000 0.0000 -1.0000
vn 0.0000 0.0000 -1.0000
vn 0.0000 -0.0000 -1.0000
vn 0.0000 0.0000 -1.0000
vn 0.0000 0.0000 -1.0000
vn 0.0000 0.0000 1.0000
vn 0.0000 0.0000 1.0000
vn -0.0000 -0.0000 1.0000
vn 0.0000 0.0000 1.0000
vn -0.0000 -0.0000 1.0000
vn 0.0000 0.0000 1.0000
vn -0.0000 0.0000 1.0000
vn 0.0000 0.0000 1.0000
vn 0.9310 0.3651 -0.0000
vn 0.9310 0.3651 0.0000
vn 0.0596 0.9982 -0.0000
vn 0.0596 0.9982 0.0000
vn 0.6349 -0.7726 0.0000
vn 0.6349 -0.7726 0.0000
vn 0.9678 0.2518 -0.0000
vn 0.9678 0.2518 0.0000
vn -0.5385 -0.8426 0.0000
vn -0.5385 -0.8426 0.0000
vn 0.5385 -0.8426 0.0000
vn 0.5385 -0.8426 0.0000
vn -0.9678 0.2518 0.0000
vn -0.9678 0.2518 0.0000
vn -0.6349 -0.7726 0.0000
vn -0.6349 -0.7726 0.0000
vn -0.0596 0.9982 0.0000
vn -0.0596 0.9982 0.0000
vn -0.9310 0.3651 0.0000
vn -0.9310 0.3651 0.0000
vn 0.0000 0.0000 -1.0000
vn 0.0000 0.0000 -1.0000
vn 0.0000 0.0000 -1.0000
vn 0.0000 0.0000 -1.0000
vn 0.0000 0.0000 -1.0000
vn 0.0000 -0.0000 -1.0000
vn 0.0000 0.0000 -1.0000
vn 0.0000 -0.0000 -1.0000
vn 0.0000 0.0000 1.0000
vn 0.0000 0.0000 1.0000
vn 0.0000 -0.0000 1.0000
vn 0.0000 0.0000 1.0000
vn -0.0000 -0.0000 1.0000
vn 0.0000 0.0000 1.0000
vn -0.0000 0.0000 1.0000
vn 0.0000 0.0000 1.0000
vn 0.9446 0.3283 -0.0000
vn 0.9446 0.3283 0.0000
vn 0.0204 0.9998 -0.0000
vn 0.0204 0.9998 0.0000
vn 0.6041 -0.7969 0.0000
vn 0.6041 -0.7969 0.0000
vn 0.9572 0.2896 -0.0000
vn 0.9572 0.2896 0.0000
vn -0.5712 -0.8208 0.0000
vn -0.5712 -0.8208 0.0000
vn 0.5712 -0.8208 0.0000
vn 0.5712 -0.8208 0.0000
vn -0.9572 0.2896 0.0000
vn -0.9572 0.2896 0.0000
vn -0.6041 -0.7969 0.0000
vn -0.6041 -0.7969 0.0000
vn -0.0204 0.9998 0.0000
vn -0.0204 0.9998 0.0000
vn -0.9446 0.3283 0.0000
vn -0.9446 0.3283 0.0000
vn -0.8660 0.0000 -0.5000
vn -0.8660 0.0000 -0.5000
vn -0.8660 -0.0000 -0.5000
vn -0.8660 -0.0000 -0.5000
vn -0.8660 0.0000 -0.5000
vn -0.8660 0.0000 -0.5000
vn -0.8660 -0.0000 -0.5000
vn -0.8660 -0.0000 -0.5000
vn -0.8660 0.0000 -0.5000
vn -0.8660 0.0000 -0.5000
vn -0.8660 -0.0000 -0.5000
vn -0.8660 -0.0000 -0.5000
vn -0.8660 0.0000 -0.5000
vn -0.8660 0.0000 -0.5000
vn -0.8660 0.0000 -0.5000
vn -0.8660 0.0000 -0.5000
vn -0.8660 0.0000 -0.5000
vn -0.8660 -0.0000 -0.5000
vn 0.8660 -0.0000 0.5000
vn 0.8660 -0.0000 0.5000
vn 0.8660 0.0000 0.5000
vn 0.8660 -0.0000 0.5000
vn 0.8660 0.0000 0.5000
vn 0.8660 0.0000 0.5000
vn 0.8660 -0.0000 0.5000
vn 0.8660 0.0000 0.5000
vn 0.4655 0.3651 -0.8062
vn 0.4655 0.3651 -0.8062
vn 0.0298 0.9982 -0.0516
vn 0.0298 0.9982 -0.0516
vn 0.3175 -0.7726 -0.5499
vn 0.3175 -0.7726 -0.5499
vn 0.4839 0.2518 -0.8381
vn 0.4839 0.2518 -0.8381
vn -0.2693 -0.8426 0.4664
vn -0.2693 -0.8426 0.4664
vn 0.2693 -0.8426 -0.4664
vn 0.2693 -0.8426 -0.4664
vn -0.4839 0.2518 0.8381
vn -0.4839 0.2518 0.8381
vn -0.3175 -0.7726 0.5499
vn -0.3175 -0.7726 0.5499
vn -0.0298 0.9982 0.0516
vn -0.0298 0.9982 0.0516
vn -0.4655 0.3651 0.8062
vn -0.4655 0.3651 0.8062
vn -0.8660 -0.0000 -0.5000
vn -0.8660 0.0000 -0.5000
vn -0.8660 -0.0000 -0.5000
vn -0.8660 0.0000 -0.5000
vn -0.8660 0.0000 -0.5000
vn -0.8660 0.0000 -0.5000
vn -0.8660 -0.0000 -0.5000
vn -0.8660 0.0000 -0.5000
vn 0.8660 -0.0000 0.5000
vn 0.8660 -0.0000 0.5000
vn 0.8660 -0.0000 0.5000
vn 0.8660 0.0000 0.5000
vn 0.8660 0.0000 0.5000
vn 0.8660 0.0000 0.5000
vn 0.8660 0.0000 0.5000
vn 0.8660 -0.0000 0.5000
vn 0.4723 0.3283 -0.8180
vn 0.4723 0.3283 -0.8180
vn 0.0102 0.9998 -0.0176
vn 0.0102 0.9998 -0.0176
vn 0.3021 -0.7969 -0.5232
vn 0.3021 -0.7969 -0.5232
vn 0.4786 0.2896 -0.8289
vn 0.4786 0.2896 -0.8289
vn -0.2856 -0.8208 0.4947
vn -0.2856 -0.8208 0.4947
vn 0.2856 -0.8208 -0.4947
vn 0.2856 -0.8208 -0.4947
vn -0.4786 0.2896 0.8289
vn -0.4786 0.2896 0.8289
vn -0.3021 -0.7969 0.5232
vn -0.3021 -0.7969 0.5232
vn -0.0102 0.9998 0.0176
vn -0.0102 0.9998 0.0176
vn -0.4723 0.3283 0.8180
vn -0.4723 0.3283 0.8180
vn 0.9914 0.0000 0.1305
vn 0.9914 0.0000 0.1305
vn 0.9239 0.0000 0.3827
vn 0.9239 0.0000 0.3827
vn 0.7934 0.0000 0.6088
vn 0.7934 0.0000 0.6088
vn 0.6088 0.0000 0.7934
vn 0.6088 0.0000 0.7934
vn 0.3827 0.0000 0.9239
vn 0.3827 0.0000 0.9239
vn 0.1305 0.0000 0.9914
vn 0.1305 0.0000 0.9914
vn -0.1305 0.0000 0.9914
vn -0.1305 0.0000 0.9914
vn -0.3827 0.0000 0.9239
vn -0.3827 0.0000 0.9239
vn -0.6088 0.0000 0.7934
vn -0.6088 0.0000 0.7934
vn -0.7934 0.0000 0.6088
vn -0.7934 0.0000 0.6088
vn -0.9239 0.0000 0.3827
vn -0.9239 0.0000 0.3827
vn -0.9914 0.0000 0.1305
vn -0.9914 0.0000 0.1305
vn -0.9914 0.0000 -0.1305
vn -0.9914 -0.0000 -0.1305
vn -0.9239 0.0000 -0.3827
vn -0.9239 -0.0000 -0.3827
vn -0.7934 0.0000 -0.6088
vn -0.7934 -0.0000 -0.6088
vn -0.6088 0.0000 -0.7934
vn -0.6088 -0.0000 -0.7934
vn -0.3827 0.0000 -0.9239
vn -0.3827 -0.0000 -0.9239
vn -0.1305 0.0000 -0.9914
vn -0.1305 -0.0000 -0.9914
vn 0.1305 0.0000 -0.9914
vn 0.1305 0.0000 -0.9914
vn 0.3827 0.0000 -0.9239
vn 0.3827 0.0000 -0.9239
vn 0.6088 0.0000 -0.7934
vn 0.6088 0.0000 -0.7934
vn 0.7934 0.0000 -0.6088
vn 0.7934 0.0000 -0.6088
vn 0.9239 0.0000 -0.3827
vn 0.9239 0.0000 -0.3827
vn 0.9914 0.0000 -0.1305
vn 0.9914 0.0000 -0.1305
vn 0.0000 1.0000 0.0000
vn 0.0000 1.0000 0.0000
vn 0.0000 1.0000 0.0000
vn 0.0000 1.0000 0.0000
vn 0.0000 1.0000 0.0000
vn 0.0000 1.0000 0.0000
vn 0.0000 1.0000 0.0000
vn 0.0000 1.0000 0.0000
vn 0.0000 1.0000 0.0000
vn 0.0000 1.0000 0.0000
vn 0.0000 1.0000 0.0000
vn 0.0000 1.0000 0.0000
vn 0.0000 1.0000 0.0000
vn 0.0000 1.0000 0.0000
vn 0.0000 1.0000 0.0000
vn 0.0000 1.0000 0.0000
vn 0.0000 1.0000 0.0000
vn 0.0000 1.0000 0.0000
vn 0.0000 1.0000 0.0000
vn 0.0000 1.0000 0.0000
vn 0.0000 1.0000 -0.0000
vn 0.0000 1.0000 0.0000
vn 0.0000 -1.0000 0.0000
vn 0.0000 -1.0000 0.0000
vn 0.0000 -1.0000 0.0000
vn 0.0000 -1.0000 0.0000
vn 0.0000 -1.0000 0.0000
vn 0.0000 -1.0000 0.0000
vn 0.0000 -1.0000 0.0000
vn 0.0000 -1.0000 0.0000
vn 0.0000 -1.0000 0.0000
vn 0.0000 -1.0000 0.0000
vn 0.0000 -1.0000 0.0000
vn -0.0000 -1.0000 0.0000
vn 0.0000 -1.0000 0.0000
vn 0.0000 -1.0000 0.0000
vn 0.0000 -1.0000 0.0000
vn 0.0000 -1.0000 0.0000
vn 0.0000 -1.0000 0.0000
vn 0.0000 -1.0000 0.0000
vn 0.0000 -1.0000 0.0000
vn 0.0000 -1.0000 0.0000
vn 0.0000 -1.0000 0.0000
vn 0.0000 -1.0000 0.0000
vn 0.9848 0.0000 0.1736
vn -0.9848 -0.0000 -0.1736
vn 0.0000 -1.0000 -0.0000
vn 0.0000 -1.0000 0.0000
vn 0.1591 0.4008 -0.9022
vn 0.1591 0.4008 -0.9022
vn -0.1513 0.4903 0.8583
vn -0.1513 0.4903 0.8583
vn 0.9252 -0.0000 0.3796
vn -0.9252 0.0000 -0.3796
vn 0.0000 -1.0000 -0.0000
vn 0.0000 -1.0000 0.0000
vn 0.3478 0.4008 -0.8476
vn 0.3478 0.4008 -0.8476
vn -0.3308 0.4903 0.8063
vn -0.3308 0.4903 0.8063
vn 0.8230 -0.0000 0.5681
vn -0.8230 -0.0000 -0.5681
vn 0.0000 -1.0000 -0.0000
vn 0.0000 -1.0000 0.0000
vn 0.5204 0.4008 -0.7540
vn 0.5204 0.4008 -0.7540
vn -0.4951 0.4903 0.7173
vn -0.4951 0.4903 0.7173
vn 0.6830 -0.0000 0.7304
vn -0.6830 0.0000 -0.7304
vn 0.0000 -1.0000 -0.0000
vn 0.0000 -1.0000 0.0000
vn 0.6692 0.4008 -0.6257
vn 0.6692 0.4008 -0.6257
vn -0.6366 0.4903 0.5953
vn -0.6366 0.4903 0.5953
vn 0.5116 0.0000 0.8592
vn -0.5116 0.0000 -0.8592
vn 0.0000 -1.0000 -0.0000
vn 0.0000 -1.0000 0.0000
vn 0.7872 0.4008 -0.4687
vn 0.7872 0.4008 -0.4687
vn -0.7489 0.4903 0.4459
vn -0.7489 0.4903 0.4459
vn 0.3167 -0.0000 0.9485
vn -0.3167 -0.0000 -0.9485
vn 0.0000 -1.0000 -0.0000
vn 0.0000 -1.0000 0.0000
vn 0.8690 0.4008 -0.2901
vn 0.8690 0.4008 -0.2901
vn -0.8267 0.4903 0.2760
vn -0.8267 0.4903 0.2760
vn 0.1072 0.0000 0.9942
vn -0.1072 -0.0000 -0.9942
vn 0.0000 -1.0000 -0.0000
vn 0.0000 -1.0000 0.0000
vn 0.9109 0.4008 -0.0982
vn 0.9109 0.4008 -0.0982
vn -0.8666 0.4903 0.0934
vn -0.8666 0.4903 0.0934
vn -0.1072 -0.0000 0.9942
vn 0.1072 0.0000 -0.9942
vn 0.0000 -1.0000 0.0000
vn 0.0000 -1.0000 0.0000
vn 0.9109 0.4008 0.0982
vn 0.9109 0.4008 0.0982
vn -0.8666 0.4903 -0.0934
vn -0.8666 0.4903 -0.0934
vn -0.3167 -0.0000 0.9485
vn 0.3167 -0.0000 -0.9485
vn 0.0000 -1.0000 0.0000
vn 0.0000 -1.0000 0.0000
vn 0.8690 0.4008 0.2901
vn 0.8690 0.4008 0.2901
vn -0.8267 0.4903 -0.2760
vn -0.8267 0.4903 -0.2760
vn -0.5116 0.0000 0.8592
vn 0.5116 0.0000 -0.8592
vn 0.0000 -1.0000 0.0000
vn 0.0000 -1.0000 0.0000
vn 0.7872 0.4008 0.4687
vn 0.7872 0.4008 0.4687
vn -0.7489 0.4903 -0.4459
vn -0.7489 0.4903 -0.4459
vn -0.6830 0.0000 0.7304
vn 0.6830 -0.0000 -0.7304
vn 0.0000 -1.0000 0.0000
vn 0.0000 -1.0000 0.0000
vn 0.6692 0.4008 0.6257
vn 0.6692 0.4008 0.6257
vn -0.6366 0.4903 -0.5953
vn -0.6366 0.4903 -0.5953
vn -0.8230 -0.0000 0.5681
vn 0.8230 -0.0000 -0.5681
vn 0.0000 -1.0000 0.0000
vn 0.0000 -1.0000 0.0000
vn 0.5204 0.4008 0.7540
vn 0.5204 0.4008 0.7540
vn -0.4951 0.4903 -0.7173
vn -0.4951 0.4903 -0.7173
vn -0.9252 0.0000 0.3796
vn 0.9252 -0.0000 -0.3796
vn 0.0000 -1.0000 0.0000
vn 0.0000 -1.0000 0.0000
vn 0.3478 0.4008 0.8476
vn 0.3478 0.4008 0.8476
vn -0.3308 0.4903 -0.8063
vn -0.3308 0.4903 -0.8063
vn -0.9848 -0.0000 0.1736
vn 0.9848 0.0000 -0.1736
vn 0.0000 -1.0000 0.0000
vn 0.0000 -1.0000 0.0000
vn 0.1591 0.4008 0.9022
vn 0.1591 0.4008 0.9022
vn -0.1513 0.4903 -0.8583
vn -0.1513 0.4903 -0.8583
vn 0.7572 0.6117 -0.2290
vn 0.3869 0.8936 -0.2276
vn -0.0009 0.9714 0.2376
vn 0.0291 0.7078 0.7058
vn 0.6321 0.5254 0.5696
vn 0.2667 0.6633 -0.6993
vn 0.7735 -0.1231 -0.6218
vn 0.4331 -0.6683 0.6048
vn -0.4285 0.1070 0.8972
vn -0.5496 0.8010 0.2374
vn -0.0051 -0.7006 -0.7135
vn 0.0209 -0.9692 -0.2452
vn -0.3830 -0.8925 0.2383
vn -0.8214 -0.5198 0.2349
vn -0.7542 -0.4243 -0.5012
vn 0.4624 -0.0628 -0.8845
vn 0.5118 -0.8226 -0.2477
vn -0.2446 -0.6252 0.7411
vn -0.7942 0.1781 0.5810
vn -0.5210 0.6989 -0.4900
vn 0.4450 0.8321 -0.3310
vn -0.0534 0.9639 -0.2607
vn -0.3795 0.8840 0.2729
vn -0.1866 0.6536 0.7335
vn 0.4872 0.7203 0.4938
vn -0.1382 0.7201 -0.6799
vn 0.6732 0.1237 -0.7291
vn 0.7497 -0.4203 0.5112
vn -0.3337 -0.0709 0.9400
vn -0.7544 0.5643 0.3353
vn 0.1967 -0.6588 -0.7261
vn 0.3761 -0.8763 -0.3010
vn -0.0052 -0.9488 0.3158
vn -0.4971 -0.7792 0.3819
vn -0.5933 -0.6988 -0.3995
vn 0.3440 0.0545 -0.9374
vn 0.7463 -0.5552 -0.3671
vn 0.0716 -0.6522 0.7547
vn -0.6817 -0.1441 0.7173
vn -0.7926 0.4825 -0.3729
vn 0.2154 0.7167 0.6633
vn 0.2523 0.9387 0.2349
vn -0.1950 0.9603 -0.1993
vn -0.6352 0.7563 -0.1564
vn -0.4971 0.6677 0.5541
vn 0.7186 0.6680 0.1934
vn 0.5557 -0.0013 0.8314
vn -0.5479 -0.6256 0.5554
vn -0.8473 0.0371 -0.5299
vn -0.1722 0.6758 -0.7167
vn 0.6717 -0.7175 0.1841
vn 0.1686 -0.9589 0.2283
vn -0.2703 -0.9423 -0.1976
vn -0.2252 -0.6545 -0.7218
vn 0.5109 -0.5810 -0.6336
vn 0.8478 -0.0125 0.5301
vn 0.1465 -0.7316 0.6658
vn -0.6926 -0.7046 -0.1543
vn -0.5278 0.0248 -0.8490
vn 0.5498 0.5505 -0.6282
vn 0.6300 0.7013 -0.3335
vn 0.1276 0.9441 -0.3040
vn -0.3146 0.9077 0.2779
vn -0.2077 0.6718 0.7111
vn 0.6626 0.6125 0.4311
vn 0.0668 0.7275 -0.6828
vn 0.7579 0.0776 -0.6478
vn 0.7435 -0.5193 0.4215
vn -0.4503 0.0055 0.8928
vn -0.7103 0.6362 0.3012
vn 0.1922 -0.6901 -0.6978
vn 0.2963 -0.9118 -0.2844
vn -0.1175 -0.9580 0.2616
vn -0.6126 -0.7363 0.2873
vn -0.6187 -0.6507 -0.4402
vn 0.4566 0.0519 -0.8882
vn 0.7350 -0.6029 -0.3101
vn -0.0456 -0.7152 0.6974
vn -0.7601 -0.0212 0.6495
vn -0.7049 0.5651 -0.4286
vn 0.8993 0.4233 0.1098
vn 0.5917 0.7974 -0.1187
vn -0.0578 0.9897 0.1312
vn -0.2943 0.7769 0.5566
vn 0.3878 0.4466 0.8063
vn 0.6640 0.5199 -0.5374
vn 0.9281 -0.3420 -0.1471
vn 0.0345 -0.6111 0.7908
vn -0.7690 0.3282 0.5486
vn -0.5089 0.8567 -0.0844
vn 0.1904 -0.8386 -0.5104
vn -0.0076 -0.9912 -0.1324
vn -0.5681 -0.8187 0.0837
vn -0.8789 -0.4517 -0.1531
vn -0.5225 -0.4950 -0.6942
vn 0.7999 -0.2999 -0.5198
vn 0.4612 -0.8825 0.0925
vn -0.6503 -0.4885 0.5818
vn -0.9174 0.3772 0.1269
vn -0.1664 0.6540 -0.7380
vn 0.4419 0.7322 -0.5182
vn -0.0263 0.9529 -0.3023
vn -0.1938 0.9217 0.3361
vn 0.1044 0.6663 0.7383
vn 0.7318 0.6247 0.2723
vn -0.2546 0.7074 -0.6594
vn 0.4515 -0.0001 -0.8923
vn 0.8270 -0.4929 0.2703
vn -0.0426 0.0119 0.9990
vn -0.5523 0.6529 0.5183
vn -0.0869 -0.6955 -0.7132
vn 0.1822 -0.9198 -0.3474
vn -0.0024 -0.9372 0.3488
vn -0.4447 -0.7059 0.5513
vn -0.7538 -0.6357 -0.1664
vn 0.0619 -0.0353 -0.9975
vn 0.5470 -0.6434 -0.5355
vn 0.2355 -0.6429 0.7288
vn -0.4505 -0.0250 0.8924
vn -0.8172 0.5545 -0.1573
vn -0.1524 0.7304 0.6658
vn 0.2043 0.9037 0.3763
vn 0.1835 0.9299 -0.3189
vn -0.2406 0.7524 -0.6132
vn -0.6758 0.7368 0.0200
vn 0.4694 0.6096 0.6388
vn -0.1547 0.1041 0.9825
vn -0.8833 -0.4684 0.0187
vn -0.2646 0.0579 -0.9626
vn 0.4889 0.5696 -0.6607
vn 0.2085 -0.7644 0.6101
vn -0.2281 -0.9283 0.2935
vn -0.2492 -0.9234 -0.2919
vn 0.2078 -0.7188 -0.6635
vn 0.6757 -0.7271 -0.1212
vn 0.2291 0.0208 0.9732
vn -0.4975 -0.6426 0.5828
vn -0.5413 -0.6282 -0.5589
vn 0.2040 -0.0443 -0.9780
vn 0.9152 0.3844 -0.1208
vn -0.4828 0.6331 0.6050
vn -0.2246 0.9178 0.3273
vn -0.2354 0.9318 -0.2762
vn -0.5348 0.6225 -0.5714
vn -0.8905 0.4549 -0.0033
vn 0.1952 0.7453 0.6375
vn -0.1824 -0.0266 0.9829
vn -0.6653 -0.7465 -0.0036
vn -0.1968 -0.1247 -0.9725
vn 0.1837 0.7779 -0.6010
vn 0.5142 -0.5755 0.6360
vn 0.2296 -0.9106 0.3437
vn 0.2190 -0.9026 -0.3705
vn 0.4642 -0.6112 -0.6410
vn 0.9195 -0.3900 0.0485
vn 0.2211 0.0680 0.9729
vn -0.1660 -0.7408 0.6509
vn -0.1705 -0.7316 -0.6601
vn 0.2014 -0.0314 -0.9790
vn 0.6428 0.7645 0.0482
vn 0.4374 0.8355 0.3325
vn 0.1046 0.9944 0.0157
vn -0.5531 0.8323 0.0365
vn -0.7546 0.5411 0.3713
vn -0.1235 0.6012 0.7895
vn 0.4470 0.8285 -0.3373
vn 0.9524 0.2431 0.1839
vn 0.1534 -0.5118 0.8453
vn -0.9395 -0.2451 0.2391
vn -0.8129 0.4810 -0.3284
vn 0.7546 -0.5598 -0.3424
vn 0.5601 -0.8279 -0.0292
vn -0.1272 -0.9919 -0.0073
vn -0.4643 -0.8243 -0.3240
vn 0.0547 -0.6237 -0.7797
vn 0.9473 0.2419 -0.2098
vn 0.8143 -0.4762 0.3319
vn -0.4856 -0.7956 0.3623
vn -0.9521 -0.2482 -0.1784
vn -0.2357 0.5342 -0.8118
vn 0.6093 0.7413 0.2814
vn 0.2696 0.9625 -0.0286
vn -0.3097 0.9497 0.0467
vn -0.5615 0.7013 0.4392
vn 0.0348 0.6326 0.7737
vn 0.5421 0.7094 -0.4505
vn 0.9964 -0.0344 0.0777
vn 0.0426 -0.6058 0.7945
vn -0.9369 -0.0012 0.3495
vn -0.6485 0.7163 -0.2577
vn 0.5434 -0.7223 -0.4278
vn 0.3059 -0.9504 -0.0567
vn -0.2956 -0.9551 0.0214
vn -0.6112 -0.7459 -0.2648
vn -0.0578 -0.6569 -0.7518
vn 0.9363 -0.0345 -0.3494
vn 0.6537 -0.7130 0.2537
vn -0.5721 -0.6903 0.4429
vn -0.9975 -0.0015 -0.0707
vn -0.0671 0.6219 -0.7802
vn -0.1425 0.7021 0.6977
vn 0.1576 0.9278 0.3383
vn 0.0257 0.9322 -0.3610
vn -0.4168 0.6779 -0.6056
vn -0.7866 0.6143 0.0626
vn 0.5117 0.6589 0.5514
vn -0.0024 0.0192 0.9998
vn -0.8660 -0.4962 0.0620
vn -0.3975 0.0739 -0.9146
vn 0.2648 0.6815 -0.6823
vn 0.4091 -0.7426 0.5302
vn 0.0068 -0.9497 0.3130
vn -0.1115 -0.9419 -0.3167
vn 0.1838 -0.7310 -0.6572
vn 0.7230 -0.6777 -0.1341
vn 0.3921 -0.0119 0.9199
vn -0.2653 -0.6794 0.6841
vn -0.5395 -0.6142 -0.5760
vn 0.0241 0.0409 -0.9989
vn 0.8297 0.5414 -0.1360
vn 0.2150 0.7920 0.5715
vn -0.0301 0.9952 0.0932
vn -0.6014 0.7850 -0.1486
vn -0.9093 0.4115 0.0624
vn -0.4486 0.4560 0.7686
vn 0.4260 0.8964 -0.1222
vn 0.7877 0.2527 0.5619
vn -0.0759 -0.6256 0.7764
vn -0.9266 -0.3241 -0.1906
vn -0.6533 0.5280 -0.5426
vn 0.9056 -0.4122 -0.0996
vn 0.6150 -0.7807 0.1113
vn -0.0048 -0.9889 -0.1487
vn -0.2117 -0.8089 -0.5485
vn 0.4952 -0.4521 -0.7419
vn 0.9403 0.3058 0.1496
vn 0.6751 -0.4728 0.5663
vn -0.4680 -0.8819 0.0574
vn -0.7901 -0.2767 -0.5470
vn 0.0908 0.6860 -0.7219
vn 0.8487 0.5286 -0.0157
vn 0.4860 0.8601 -0.1552
vn -0.0556 0.9806 0.1881
vn -0.1711 0.7876 0.5920
vn 0.5669 0.5200 0.6388
vn 0.4937 0.5859 -0.6426
vn 0.9192 -0.2152 -0.3297
vn 0.2662 -0.7138 0.6478
vn -0.7262 0.1750 0.6648
vn -0.5387 0.8409 0.0519
vn 0.1552 -0.7464 -0.6471
vn 0.0203 -0.9875 -0.1562
vn -0.5187 -0.8335 0.1905
vn -0.8713 -0.4873 0.0571
vn -0.5500 -0.4595 -0.6974
vn 0.6852 -0.1571 -0.7112
vn 0.5111 -0.8595 -0.0121
vn -0.5301 -0.6036 0.5955
vn -0.9110 0.2210 0.3481
vn -0.2686 0.6667 -0.6953
vn -0.3759 0.6308 0.6788
vn -0.2366 0.9145 0.3283
vn -0.4181 0.8688 -0.2652
vn -0.7311 0.5290 -0.4310
vn -0.8917 0.3763 0.2517
vn 0.2657 0.8093 0.5239
vn 0.0709 0.0537 0.9960
vn -0.5499 -0.7906 0.2693
vn -0.4853 -0.1618 -0.8592
vn -0.0549 0.6891 -0.7226
vn 0.7167 -0.5369 0.4450
vn 0.4166 -0.8640 0.2826
vn 0.2533 -0.9272 -0.2760
vn 0.4150 -0.6263 -0.6599
vn 0.8859 -0.3853 -0.2582
vn 0.4497 0.1822 0.8744
vn 0.0701 -0.6899 0.7205
vn -0.2884 -0.8275 -0.4817
vn -0.0572 -0.0168 -0.9982
vn 0.5551 0.7831 -0.2804
vn 0.4373 0.7883 -0.4329
vn 0.0105 0.9545 -0.2980
vn -0.2214 0.9406 0.2574
vn 0.0104 0.7433 0.6689
vn 0.6064 0.7391 0.2932
vn -0.1686 0.6861 -0.7077
vn 0.5407 0.1046 -0.8347
vn 0.7830 -0.5414 0.3064
vn -0.1838 0.0058 0.9829
vn -0.6465 0.6499 0.3996
vn -0.0361 -0.7041 -0.7092
vn 0.2099 -0.9340 -0.2890
vn -0.0141 -0.9675 0.2526
vn -0.4979 -0.7731 0.3929
vn -0.6549 -0.6783 -0.3332
vn 0.1577 0.0607 -0.9856
vn 0.6258 -0.6469 -0.4358
vn 0.1793 -0.6984 0.6929
vn -0.5945 -0.0411 0.8031
vn -0.7817 0.5301 -0.3284
vn 0.5032 0.7082 -0.4952
vn 0.0157 0.9569 -0.2901
vn -0.1634 0.9440 0.2867
vn 0.1193 0.6842 0.7195
vn 0.7548 0.6057 0.2518
vn -0.2091 0.7254 -0.6558
vn 0.5044 0.0156 -0.8633
vn 0.7569 -0.6104 0.2335
vn -0.0710 0.0236 0.9972
vn -0.5467 0.7048 0.4521
vn -0.1335 -0.7464 -0.6519
vn 0.1273 -0.9574 -0.2590
vn -0.0286 -0.9696 0.2430
vn -0.4835 -0.7634 0.4282
vn -0.6858 -0.6942 -0.2186
vn 0.0826 -0.0050 -0.9966
vn 0.5526 -0.7059 -0.4431
vn 0.2261 -0.7207 0.6554
vn -0.5020 0.0026 0.8649
vn -0.7562 0.6160 -0.2206
vn 0.8085 0.5380 0.2385
vn 0.5137 0.8559 -0.0601
vn -0.1165 0.9921 0.0469
vn -0.4096 0.7963 0.4451
vn 0.2296 0.5601 0.7960
vn 0.6916 0.5537 -0.4638
vn 0.9727 -0.2288 0.0397
vn -0.0375 -0.6137 0.7886
vn -0.9086 0.2058 0.3636
vn -0.5192 0.8163 -0.2532
vn 0.3363 -0.8252 -0.4538
vn 0.0705 -0.9946 -0.0762
vn -0.5125 -0.8584 0.0232
vn -0.7857 -0.5603 -0.2623
vn -0.2815 -0.5913 -0.7558
vn 0.8991 -0.2121 -0.3830
vn 0.4921 -0.8382 0.2350
vn -0.7077 -0.5493 0.4443
vn -0.9734 0.2205 -0.0618
vn -0.0206 0.5980 -0.8012
vn 0.4825 0.7082 0.5154
vn 0.3609 0.9247 0.1208
vn -0.2090 0.9713 -0.1134
vn -0.6665 0.7361 0.1179
vn -0.3488 0.6506 0.6746
vn 0.7200 0.6907 -0.0675
vn 0.8446 -0.0258 0.5349
vn -0.4320 -0.5861 0.6855
vn -0.9876 0.0580 -0.1459
vn -0.3688 0.7407 -0.5615
vn 0.6220 -0.7783 -0.0860
vn 0.2304 -0.9670 0.1085
vn -0.3332 -0.9348 -0.1227
vn -0.4597 -0.6891 -0.5602
vn 0.2017 -0.6607 -0.7231
vn 0.9786 -0.0342 0.2031
vn 0.3860 -0.7563 0.5282
vn -0.7638 -0.6360 0.1103
vn -0.8168 0.0474 -0.5750
vn 0.2821 0.6300 -0.7235
vn 0.5814 0.7072 0.4024
vn 0.2985 0.9543 0.0132
vn -0.3346 0.9410 -0.0514
vn -0.6835 0.6711 0.2871
vn -0.0953 0.5873 0.8037
vn 0.6063 0.7463 -0.2747
vn 0.9480 0.0730 0.3098
vn -0.0496 -0.6525 0.7562
vn -0.9926 -0.0088 0.1209
vn -0.5748 0.7053 -0.4149
vn 0.6511 -0.6981 -0.2978
vn 0.3084 -0.9505 0.0387
vn -0.2382 -0.9711 -0.0169
vn -0.5282 -0.7331 -0.4284
vn 0.0886 -0.6238 -0.7766
vn 0.9914 0.0745 -0.1073
vn 0.5604 -0.7132 0.4211
vn -0.5789 -0.7549 0.3082
vn -0.9469 -0.0073 -0.3214
vn 0.0451 0.6457 -0.7623
vn 0.6500 0.4771 0.5915
vn 0.5930 0.7992 0.0982
vn 0.0024 0.9864 -0.1644
vn -0.4560 0.8896 0.0264
vn -0.0432 0.6199 0.7835
vn 0.8663 0.4929 -0.0814
vn 0.7692 -0.2227 0.5990
vn -0.4140 -0.4796 0.7736
vn -0.9115 0.3446 -0.2247
vn -0.1826 0.8165 -0.5478
vn 0.4078 -0.9081 -0.0953
vn -0.0459 -0.9932 0.1072
vn -0.5930 -0.7930 -0.1399
vn -0.6409 -0.5162 -0.5682
vn 0.0383 -0.6686 -0.7426
vn 0.9394 -0.2803 0.1974
vn 0.1888 -0.7759 0.6019
vn -0.8944 -0.4442 0.0533
vn -0.7677 0.2955 -0.5686
vn 0.4405 0.5420 -0.7157
vn 0.4866 0.7264 0.4854
vn 0.2558 0.9655 0.0491
vn -0.2922 0.9533 -0.0766
vn -0.6945 0.6826 0.2276
vn -0.2334 0.6037 0.7623
vn 0.6452 0.7235 -0.2453
vn 0.9048 -0.0156 0.4256
vn -0.2230 -0.5667 0.7932
vn -0.9968 -0.0796 -0.0064
vn -0.5045 0.7016 -0.5032
vn 0.7116 -0.6685 -0.2161
vn 0.3440 -0.9368 0.0633
vn -0.3451 -0.9338 -0.0946
vn -0.5507 -0.6829 -0.4799
vn 0.1905 -0.5623 -0.8047
vn 0.9998 -0.0138 -0.0158
vn 0.5591 -0.6781 0.4772
vn -0.7202 -0.6709 0.1766
vn -0.8974 -0.0778 -0.4342
vn 0.1635 0.6148 -0.7715
vn 0.7317 0.6808 -0.0331
vn 0.3606 0.9206 -0.1500
vn -0.1632 0.9677 0.1922
vn -0.2376 0.7626 0.6017
vn 0.4431 0.6341 0.6337
vn 0.3999 0.6557 -0.6404
vn 0.9230 -0.0852 -0.3753
vn 0.3226 -0.6830 0.6553
vn -0.6959 0.1286 0.7065
vn -0.6234 0.7789 0.0686
vn 0.2772 -0.7038 -0.6541
vn 0.1836 -0.9700 -0.1593
vn -0.3343 -0.9253 0.1792
vn -0.7808 -0.6234 0.0409
vn -0.4596 -0.5343 -0.7094
vn 0.6953 -0.0622 -0.7161
vn 0.6014 -0.7979 -0.0414
vn -0.3648 -0.6890 0.6262
vn -0.9177 0.1511 0.3674
vn -0.3278 0.6473 -0.6881
vn -0.2536 0.6555 0.7113
vn -0.1541 0.9499 0.2720
vn -0.4175 0.8694 -0.2641
vn -0.8029 0.4636 -0.3746
vn -0.8808 0.3350 0.3348
vn 0.3630 0.8503 0.3810
vn 0.2327 0.0698 0.9700
vn -0.5135 -0.7928 0.3282
vn -0.6177 -0.2275 -0.7528
vn -0.1734 0.6915 -0.7013
vn 0.7846 -0.4696 0.4048
vn 0.3983 -0.8713 0.2868
vn 0.1169 -0.9519 -0.2831
vn 0.2091 -0.6544 -0.7267
vn 0.8713 -0.3359 -0.3577
vn 0.6128 0.1884 0.7675
vn 0.1627 -0.6977 0.6977
vn -0.3773 -0.8433 -0.3828
vn -0.2410 -0.1102 -0.9642
vn 0.4944 0.7970 -0.3469
vn -0.0111 0.7189 0.6951
vn 0.1862 0.9378 0.2932
vn -0.0717 0.9598 -0.2714
vn -0.5269 0.7517 -0.3967
vn -0.6646 0.6743 0.3220
vn 0.6104 0.6721 0.4191
vn 0.2119 0.0653 0.9751
vn -0.7601 -0.5576 0.3337
vn -0.6016 0.0525 -0.7971
vn 0.0972 0.7392 -0.6664
vn 0.5555 -0.7452 0.3689
vn 0.0693 -0.9678 0.2419
vn -0.1672 -0.9465 -0.2759
vn 0.0250 -0.7474 -0.6640
vn 0.6865 -0.6832 -0.2489
vn 0.6140 0.0424 0.7882
vn -0.1341 -0.6962 0.7052
vn -0.6238 -0.6654 -0.4101
vn -0.2348 0.0318 -0.9715
vn 0.7578 0.6034 -0.2484
vn 0.6734 0.6801 -0.2900
vn 0.1708 0.9500 -0.2614
vn -0.2407 0.9293 0.2803
vn -0.1360 0.6399 0.7563
vn 0.6347 0.5359 0.5568
vn 0.0782 0.7192 -0.6904
vn 0.7643 -0.0259 -0.6444
vn 0.6015 -0.6075 0.5188
vn -0.4192 -0.0163 0.9077
vn -0.6315 0.7127 0.3055
vn 0.1344 -0.6873 -0.7138
vn 0.2320 -0.9415 -0.2444
vn -0.1857 -0.9344 0.3041
vn -0.6321 -0.6971 0.3385
vn -0.6211 -0.6054 -0.4976
vn 0.4337 -0.0291 -0.9006
vn 0.6470 -0.7147 -0.2655
vn -0.0964 -0.6927 0.7148
vn -0.7296 -0.0192 0.6836
vn -0.6078 0.6341 -0.4781
vn 0.5906 0.5581 0.5828
vn 0.5158 0.8488 0.1160
vn -0.0576 0.9863 -0.1546
vn -0.5863 0.8075 0.0652
vn -0.2562 0.6189 0.7425
vn 0.8274 0.5590 -0.0552
vn 0.7863 -0.1437 0.6009
vn -0.4982 -0.4572 0.7367
vn -0.9574 0.2173 -0.1902
vn -0.2321 0.7638 -0.6023
vn 0.5026 -0.8611 -0.0766
vn 0.0672 -0.9917 0.1096
vn -0.4818 -0.8635 -0.1489
vn -0.5445 -0.5815 -0.6044
vn 0.1140 -0.6510 -0.7505
vn 0.9574 -0.1826 0.2237
vn 0.2614 -0.7620 0.5925
vn -0.8740 -0.4812 0.0678
vn -0.7599 0.1723 -0.6268
vn 0.3844 0.5457 -0.7446
vn 0.4864 0.6300 0.6054
vn 0.4330 0.8875 0.1577
vn -0.1571 0.9729 -0.1699
vn -0.5908 0.8065 -0.0218
vn -0.2663 0.6611 0.7014
vn 0.8368 0.5472 -0.0155
vn 0.7474 -0.1203 0.6533
vn -0.4579 -0.5562 0.6935
vn -0.9375 0.1531 -0.3124
vn -0.2843 0.7543 -0.5918
vn 0.6277 -0.7783 -0.0128
vn 0.1278 -0.9783 0.1629
vn -0.4545 -0.8759 -0.1620
vn -0.5088 -0.6228 -0.5944
vn 0.3512 -0.6393 -0.6840
vn 0.9521 -0.1533 0.2645
vn 0.2554 -0.7569 0.6016
vn -0.8079 -0.5892 -0.0156
vn -0.7613 0.1247 -0.6363
vn 0.5325 0.5043 -0.6799
vn 0.5547 0.7659 0.3252
vn 0.2607 0.9654 0.0095
vn -0.3338 0.9419 0.0382
vn -0.5919 0.7107 0.3802
vn -0.0408 0.6605 0.7497
vn 0.5678 0.7297 -0.3809
vn 0.9881 -0.0673 0.1381
vn -0.0237 -0.6115 0.7909
vn -0.9653 -0.0044 0.2612
vn -0.6569 0.6912 -0.3012
vn 0.5895 -0.7338 -0.3376
vn 0.3549 -0.9343 -0.0347
vn -0.2995 -0.9541 -0.0029
vn -0.5915 -0.7440 -0.3108
vn -0.0533 -0.6737 -0.7371
vn 0.9698 -0.0675 -0.2344
vn 0.6535 -0.7052 0.2751
vn -0.6061 -0.6956 0.3857
vn -0.9891 -0.0047 -0.1470
vn -0.0761 0.6227 -0.7787
vn 0.3917 0.7742 0.4972
vn 0.0919 0.9943 0.0546
vn -0.5623 0.8203 -0.1043
vn -0.8686 0.4639 0.1742
vn -0.2699 0.4858 0.8314
vn 0.4526 0.8739 -0.1773
vn 0.8743 0.2242 0.4304
vn 0.0282 -0.5981 0.8009
vn -0.9736 -0.2271 -0.0234
vn -0.6839 0.5657 -0.4607
vn 0.8288 -0.5325 -0.1720
vn 0.5698 -0.8193 0.0639
vn -0.0251 -0.9963 -0.0819
vn -0.2753 -0.8363 -0.4741
vn 0.3335 -0.5940 -0.7321
vn 0.9671 0.2492 0.0504
vn 0.7137 -0.5033 0.4872
vn -0.4702 -0.8582 0.2060
vn -0.8854 -0.2032 -0.4180
vn -0.0069 0.6723 -0.7403
vn 0.5105 0.6865 0.5178
vn 0.2778 0.9579 0.0726
vn -0.3520 0.9335 -0.0684
vn -0.6995 0.6879 0.1937
vn -0.1378 0.5790 0.8036
vn 0.6967 0.6744 -0.2445
vn 0.8885 0.0064 0.4589
vn -0.1177 -0.6148 0.7799
vn -0.9999 0.0135 -0.0106
vn -0.5592 0.6915 -0.4573
vn 0.7235 -0.6478 -0.2387
vn 0.2967 -0.9510 0.0875
vn -0.2992 -0.9531 -0.0459
vn -0.5324 -0.7035 -0.4709
vn 0.2689 -0.5573 -0.7856
vn 0.9992 0.0079 -0.0384
vn 0.5088 -0.6932 0.5105
vn -0.6484 -0.7295 0.2177
vn -0.9150 0.0147 -0.4031
vn 0.2511 0.5750 -0.7787
vn 0.5929 0.8027 -0.0637
vn 0.1463 0.9705 -0.1914
vn -0.4198 0.8930 0.1623
vn -0.4548 0.6393 0.6200
vn 0.3043 0.6684 0.6787
vn 0.2437 0.7644 -0.5969
vn 0.9151 0.1975 -0.3514
vn 0.4950 -0.5241 0.6930
vn -0.7188 -0.1189 0.6850
vn -0.7776 0.6276 0.0385
vn 0.4521 -0.6322 -0.6292
vn 0.4197 -0.8914 -0.1711
vn -0.1600 -0.9685 0.1909
vn -0.5920 -0.8032 0.0672
vn -0.2914 -0.6599 -0.6925
vn 0.7137 0.1668 -0.6803
vn 0.8130 -0.5814 -0.0321
vn -0.2654 -0.7340 0.6252
vn -0.9177 -0.1493 0.3681
vn -0.4630 0.5950 -0.6570
vn 0.5805 0.6143 0.5345
vn 0.4638 0.8793 0.1087
vn -0.1027 0.9913 -0.0825
vn -0.5099 0.8483 0.1426
vn -0.0909 0.6704 0.7364
vn 0.8464 0.5056 -0.1675
vn 0.8307 -0.2203 0.5113
vn -0.3525 -0.5992 0.7188
vn -0.9760 0.1828 -0.1183
vn -0.3514 0.7507 -0.5595
vn 0.5431 -0.8263 -0.1493
vn 0.0835 -0.9912 0.1029
vn -0.4836 -0.8708 -0.0889
vn -0.6100 -0.5790 -0.5410
vn 0.1182 -0.6291 -0.7683
vn 0.9653 -0.2484 0.0804
vn 0.2923 -0.8075 0.5123
vn -0.8004 -0.5843 0.1340
vn -0.8368 0.1536 -0.5255
vn 0.3616 0.4750 -0.8022
vn 0.7666 0.5415 -0.3451
vn 0.3890 0.8862 -0.2517
vn 0.1223 0.9599 0.2523
vn 0.2258 0.6612 0.7154
vn 0.7998 0.4183 0.4305
vn 0.1740 0.7153 -0.6768
vn 0.6096 -0.2191 -0.7619
vn 0.5123 -0.7313 0.4503
vn -0.2392 0.0772 0.9679
vn -0.4339 0.8299 0.3507
vn -0.1583 -0.6820 -0.7140
vn -0.0804 -0.9445 -0.3186
vn -0.3998 -0.8740 0.2762
vn -0.8093 -0.4515 0.3758
vn -0.8947 -0.3337 -0.2968
vn 0.2809 -0.1280 -0.9512
vn 0.3899 -0.8248 -0.4095
vn -0.1492 -0.6503 0.7449
vn -0.6640 0.1950 0.7219
vn -0.5490 0.7861 -0.2838
vn 0.7919 0.6105 0.0098
vn 0.4015 0.9032 -0.1516
vn -0.1354 0.9801 0.1450
vn -0.2588 0.7657 0.5889
vn 0.4727 0.5749 0.6679
vn 0.4626 0.6601 -0.5918
vn 0.9442 -0.1470 -0.2946
vn 0.3163 -0.6553 0.6860
vn -0.7572 0.0949 0.6462
vn -0.5809 0.8138 -0.0138
vn 0.3063 -0.7416 -0.5968
vn 0.1818 -0.9689 -0.1681
vn -0.4147 -0.8957 0.1604
vn -0.7957 -0.6057 0.0044
vn -0.4389 -0.5566 -0.7054
vn 0.7569 -0.1216 -0.6422
vn 0.6221 -0.7828 -0.0141
vn -0.4747 -0.6479 0.5957
vn -0.9471 0.1207 0.2975
vn -0.2592 0.6827 -0.6832
vn -0.0000 1.0000 0.0000
vn 0.0000 1.0000 0.0000
vn 0.0000 0.0000 -1.0000
vn 0.0000 0.0000 -1.0000
vn 1.0000 0.0000 -0.0000
vn 1.0000 0.0000 0.0000
vn 0.0000 0.0000 1.0000
vn 0.0000 0.0000 1.0000
vn -1.0000 0.0000 -0.0000
vn -1.0000 -0.0000 0.0000
vn 0.0000 -1.0000 0.0000
vn 0.0000 -1.0000 0.0000
vn -0.0000 1.0000 0.0000
vn 0.0000 1.0000 0.0000
vn 0.0000 0.0000 -1.0000
vn 0.0000 0.0000 -1.0000
vn 1.0000 0.0000 -0.0000
vn 1.0000 0.0000 0.0000
vn 0.0000 0.0000 1.0000
vn 0.0000 0.0000 1.0000
vn -1.0000 0.0000 -0.0000
vn -1.0000 -0.0000 0.0000
vn 0.0000 -1.0000 0.0000
vn 0.0000 -1.0000 0.0000
vn -0.0000 1.0000 0.0000
vn 0.0000 1.0000 0.0000
vn 1.0000 0.0000 -0.0000
vn 1.0000 0.0000 0.0000
vn 0.0000 0.0000 1.0000
vn 0.0000 0.0000 1.0000
vn -1.0000 0.0000 -0.0000
vn -1.0000 -0.0000 0.0000
vn 0.0000 -1.0000 0.0000
vn 0.0000 -1.0000 0.0000
vn -0.0000 1.0000 0.0000
vn 0.0000 1.0000 0.0000
vn 1.0000 0.0000 -0.0000
vn 1.0000 0.0000 0.0000
vn 0.0000 0.0000 1.0000
vn 0.0000 0.0000 1.0000
vn -1.0000 0.0000 -0.0000
vn -1.0000 -0.0000 0.0000
vn 0.0000 -1.0000 0.0000
vn 0.0000 -1.0000 0.0000
vn -0.0000 1.0000 0.0000
vn 0.0000 1.0000 0.0000
vn 1.0000 0.0000 -0.0000
vn 1.0000 0.0000 0.0000
vn 0.0000 0.0000 1.0000
vn 0.0000 0.0000 1.0000
vn -1.0000 0.0000 -0.0000
vn -1.0000 -0.0000 0.0000
vn 0.0000 -1.0000 0.0000
vn 0.0000 -1.0000 0.0000
vn -0.0000 1.0000 0.0000
vn 0.0000 1.0000 0.0000
vn 1.0000 0.0000 -0.0000
vn 1.0000 0.0000 0.0000
vn 0.0000 0.0000 1.0000
vn 0.0000 0.0000 1.0000
vn -1.0000 0.0000 -0.0000
vn -1.0000 -0.0000 0.0000
vn 0.0000 -1.0000 0.0000
vn 0.0000 -1.0000 0.0000
vn -0.0000 1.0000 0.0000
vn 0.0000 1.0000 0.0000
vn 1.0000 0.0000 -0.0000
vn 1.0000 0.0000 0.0000
vn 0.0000 0.0000 1.0000
vn 0.0000 0.0000 1.0000
vn -1.0000 0.0000 -0.0000
vn -1.0000 -0.0000 0.0000
vn 0.0000 -1.0000 0.0000
vn 0.0000 -1.0000 0.0000
vn -0.0000 1.0000 0.0000
vn 0.0000 1.0000 0.0000
vn 1.0000 0.0000 -0.0000
vn 1.0000 0.0000 0.0000
vn 0.0000 0.0000 1.0000
vn 0.0000 0.0000 1.0000
vn -1.0000 0.0000 -0.0000
vn -1.0000 -0.0000 0.0000
vn 0.0000 -1.0000 0.0000
vn 0.0000 -1.0000 0.0000
vn -0.0000 1.0000 0.0000
vn 0.0000 1.0000 0.0000
vn 1.0000 0.0000 -0.0000
vn 1.0000 0.0000 0.0000
vn 0.0000 0.0000 1.0000
vn 0.0000 0.0000 1.0000
vn -1.0000 0.0000 -0.0000
vn -1.0000 -0.0000 0.0000
vn 0.0000 -1.0000 0.0000
vn 0.0000 -1.0000 0.0000
vn -0.0000 1.0000 0.0000
vn 0.0000 1.0000 0.0000
vn 1.0000 0.0000 -0.0000
vn 1.0000 0.0000 0.0000
vn 0.0000 0.0000 1.0000
vn 0.0000 0.0000 1.0000
vn -1.0000 0.0000 -0.0000
vn -1.0000 -0.0000 0.0000
vn 0.0000 -1.0000 0.0000
vn 0.0000 -1.0000 0.0000
vn -0.0000 1.0000 0.0000
vn 0.0000 1.0000 0.0000
vn 1.0000 0.0000 -0.0000
vn 1.0000 0.0000 0.0000
vn 0.0000 0.0000 1.0000
vn 0.0000 0.0000 1.0000
vn -1.0000 0.0000 -0.0000
vn -1.0000 -0.0000 0.0000
vn 0.0000 -1.0000 0.0000
vn 0.0000 -1.0000 0.0000
vn -0.0000 1.0000 0.0000
vn 0.0000 1.0000 0.0000
vn 1.0000 0.0000 -0.0000
vn 1.0000 0.0000 0.0000
vn 0.0000 0.0000 1.0000
vn 0.0000 0.0000 1.0000
vn -1.0000 0.0000 -0.0000
vn -1.0000 -0.0000 0.0000
vn 0.0000 -1.0000 0.0000
vn 0.0000 -1.0000 0.0000
vn -0.0000 1.0000 0.0000
vn 0.0000 1.0000 0.0000
vn 1.0000 0.0000 -0.0000
vn 1.0000 0.0000 0.0000
vn 0.0000 0.0000 1.0000
vn 0.0000 0.0000 1.0000
vn -1.0000 0.0000 -0.0000
vn -1.0000 -0.0000 0.0000
vn 0.0000 -1.0000 0.0000
vn 0.0000 -1.0000 0.0000
vn -0.0000 1.0000 0.0000
vn 0.0000 1.0000 0.0000
vn 1.0000 0.0000 -0.0000
vn 1.0000 0.0000 0.0000
vn 0.0000 0.0000 1.0000
vn 0.0000 0.0000 1.0000
vn -1.0000 0.0000 -0.0000
vn -1.0000 -0.0000 0.0000
vn 0.0000 -1.0000 0.0000
vn 0.0000 -1.0000 0.0000
vn -0.0000 1.0000 0.0000
vn 0.0000 1.0000 0.0000
vn 1.0000 0.0000 -0.0000
vn 1.0000 0.0000 0.0000
vn 0.0000 0.0000 1.0000
vn 0.0000 0.0000 1.0000
vn -1.0000 0.0000 -0.0000
vn -1.0000 -0.0000 0.0000
vn 0.0000 -1.0000 0.0000
vn 0.0000 -1.0000 0.0000
vn -0.0000 1.0000 0.0000
vn 0.0000 1.0000 0.0000
vn 1.0000 0.0000 -0.0000
vn 1.0000 0.0000 0.0000
vn 0.0000 0.0000 1.0000
vn 0.0000 0.0000 1.0000
vn -1.0000 0.0000 -0.0000
vn -1.0000 -0.0000 0.0000
vn 0.0000 -1.0000 0.0000
vn 0.0000 -1.0000 0.0000
vn -0.0000 1.0000 0.0000
vn 0.0000 1.0000 0.0000
vn 1.0000 0.0000 -0.0000
vn 1.0000 0.0000 0.0000
vn 0.0000 0.0000 1.0000
vn 0.0000 0.0000 1.0000
vn -1.0000 0.0000 -0.0000
vn -1.0000 -0.0000 0.0000
vn 0.0000 -1.0000 0.0000
vn 0.0000 -1.0000 0.0000
vn -0.0000 1.0000 0.0000
vn 0.0000 1.0000 0.0000
vn 1.0000 0.0000 -0.0000
vn 1.0000 0.0000 0.0000
vn 0.0000 0.0000 1.0000
vn 0.0000 0.0000 1.0000
vn -1.0000 0.0000 -0.0000
vn -1.0000 -0.0000 0.0000
vn 0.0000 -1.0000 0.0000
vn 0.0000 -1.0000 0.0000
vn -0.0000 1.0000 0.0000
vn 0.0000 1.0000 0.0000
vn 1.0000 0.0000 -0.0000
vn 1.0000 0.0000 0.0000
vn 0.0000 0.0000 1.0000
vn 0.0000 0.0000 1.0000
vn -1.0000 0.0000 -0.0000
vn -1.0000 -0.0000 0.0000
vn 0.0000 -1.0000 0.0000
vn 0.0000 -1.0000 0.0000
vn -0.0000 1.0000 0.0000
vn 0.0000 1.0000 0.0000
vn 1.0000 0.0000 -0.0000
vn 1.0000 0.0000 0.0000
vn 0.0000 0.0000 1.0000
vn 0.0000 0.0000 1.0000
vn -1.0000 0.0000 -0.0000
vn -1.0000 -0.0000 0.0000
vn 0.0000 -1.0000 0.0000
vn 0.0000 -1.0000 0.0000
vn -0.0000 1.0000 0.0000
vn 0.0000 1.0000 0.0000
vn 1.0000 0.0000 -0.0000
vn 1.0000 0.0000 0.0000
vn 0.0000 0.0000 1.0000
vn 0.0000 0.0000 1.0000
vn -1.0000 0.0000 -0.0000
vn -1.0000 -0.0000 0.0000
vn 0.0000 -1.0000 0.0000
vn 0.0000 -1.0000 0.0000
vn -0.0000 1.0000 0.0000
vn 0.0000 1.0000 0.0000
vn 1.0000 0.0000 -0.0000
vn 1.0000 0.0000 0.0000
vn 0.0000 0.0000 1.0000
vn 0.0000 0.0000 1.0000
vn -1.0000 0.0000 -0.0000
vn -1.0000 -0.0000 0.0000
vn 0.0000 -1.0000 0.0000
vn 0.0000 -1.0000 0.0000
vn -0.0000 1.0000 0.0000
vn 0.0000 1.0000 0.0000
vn 1.0000 0.0000 -0.0000
vn 1.0000 0.0000 0.0000
vn 0.0000 0.0000 1.0000
vn 0.0000 0.0000 1.0000
vn -1.0000 0.0000 -0.0000
vn -1.0000 -0.0000 0.0000
vn 0.0000 -1.0000 0.0000
vn 0.0000 -1.0000 0.0000
vn -0.0000 1.0000 0.0000
vn 0.0000 1.0000 0.0000
vn 1.0000 0.0000 -0.0000
vn 1.0000 0.0000 0.0000
vn 0.0000 0.0000 1.0000
vn 0.0000 0.0000 1.0000
vn -1.0000 0.0000 -0.0000
vn -1.0000 -0.0000 0.0000
vn 0.0000 -1.0000 0.0000
vn 0.0000 -1.0000 0.0000
vn -0.0000 1.0000 0.0000
vn 0.0000 1.0000 0.0000
vn 1.0000 0.0000 -0.0000
vn 1.0000 0.0000 0.0000
vn 0.0000 0.0000 1.0000
vn 0.0000 0.0000 1.0000
vn -1.0000 0.0000 -0.0000
vn -1.0000 -0.0000 0.0000
vn 0.0000 -1.0000 0.0000
vn 0.0000 -1.0000 0.0000
vn 0.0000 1.0000 0.0000
vn 0.0000 1.0000 0.0000
vn 0.0000 0.0000 1.0000
vn 0.0000 0.0000 1.0000
vn -1.0000 0.0000 -0.0000
vn -1.0000 -0.0000 0.0000
vn 0.0000 0.0000 -1.0000
vn 0.0000 0.0000 -1.0000
vn -0.0000 -1.0000 0.0000
vn 0.0000 -1.0000 -0.0000
vn 0.0000 1.0000 0.0000
vn 0.0000 1.0000 0.0000
vn 0.0000 0.0000 1.0000
vn 0.0000 0.0000 1.0000
vn -1.0000 0.0000 -0.0000
vn -1.0000 -0.0000 0.0000
vn 0.0000 0.0000 -1.0000
vn 0.0000 0.0000 -1.0000
vn -0.0000 -1.0000 0.0000
vn 0.0000 -1.0000 -0.0000
vn 0.0000 1.0000 0.0000
vn 0.0000 1.0000 0.0000
vn 0.0000 0.0000 1.0000
vn 0.0000 0.0000 1.0000
vn -1.0000 0.0000 -0.0000
vn -1.0000 -0.0000 0.0000
vn 0.0000 0.0000 -1.0000
vn 0.0000 0.0000 -1.0000
vn -0.0000 -1.0000 0.0000
vn 0.0000 -1.0000 -0.0000
vn 0.0000 1.0000 0.0000
vn 0.0000 1.0000 0.0000
vn 0.0000 0.0000 1.0000
vn 0.0000 0.0000 1.0000
vn -1.0000 0.0000 -0.0000
vn -1.0000 -0.0000 0.0000
vn 0.0000 0.0000 -1.0000
vn 0.0000 0.0000 -1.0000
vn -0.0000 -1.0000 0.0000
vn 0.0000 -1.0000 -0.0000
vn 0.0000 1.0000 0.0000
vn 0.0000 1.0000 0.0000
vn 0.0000 0.0000 1.0000
vn 0.0000 0.0000 1.0000
vn -1.0000 0.0000 -0.0000
vn -1.0000 -0.0000 0.0000
vn 0.0000 0.0000 -1.0000
vn 0.0000 0.0000 -1.0000
vn -0.0000 -1.0000 0.0000
vn 0.0000 -1.0000 -0.0000
vn 0.0000 1.0000 0.0000
vn 0.0000 1.0000 0.0000
vn 0.0000 0.0000 1.0000
vn 0.0000 0.0000 1.0000
vn -1.0000 0.0000 -0.0000
vn -1.0000 -0.0000 0.0000
vn 0.0000 0.0000 -1.0000
vn 0.0000 0.0000 -1.0000
vn -0.0000 -1.0000 0.0000
vn 0.0000 -1.0000 -0.0000
vn 0.0000 1.0000 0.0000
vn 0.0000 1.0000 0.0000
vn 0.0000 0.0000 1.0000
vn 0.0000 0.0000 1.0000
vn -1.0000 0.0000 -0.0000
vn -1.0000 -0.0000 0.0000
vn 0.0000 0.0000 -1.0000
vn 0.0000 0.0000 -1.0000
vn -0.0000 -1.0000 0.0000
vn 0.0000 -1.0000 -0.0000
vn -0.0000 1.0000 0.0000
vn 0.0000 1.0000 0.0000
vn 0.0000 0.0000 -1.0000
vn 0.0000 0.0000 -1.0000
vn 1.0000 0.0000 -0.0000
vn 1.0000 0.0000 0.0000
vn 0.0000 0.0000 1.0000
vn 0.0000 0.0000 1.0000
vn -1.0000 0.0000 -0.0000
vn -1.0000 -0.0000 0.0000
vn 0.0000 -1.0000 0.0000
vn 0.0000 -1.0000 0.0000
vn 0.0000 1.0000 0.0000
vn 0.0000 1.0000 0.0000
vn 0.0000 0.0000 -1.0000
vn 0.0000 0.0000 -1.0000
vn 1.0000 0.0000 -0.0000
vn 1.0000 0.0000 0.0000
vn 0.0000 0.0000 1.0000
vn 0.0000 0.0000 1.0000
vn 0.0000 -1.0000 0.0000
vn 0.0000 -1.0000 0.0000
vn 0.0000 1.0000 0.0000
vn 0.0000 1.0000 0.0000
vn 0.0000 0.0000 -1.0000
vn 0.0000 0.0000 -1.0000
vn 1.0000 0.0000 -0.0000
vn 1.0000 0.0000 0.0000
vn 0.0000 0.0000 1.0000
vn 0.0000 0.0000 1.0000
vn 0.0000 -1.0000 0.0000
vn 0.0000 -1.0000 0.0000
vn 0.0000 1.0000 0.0000
vn 0.0000 1.0000 0.0000
vn 0.0000 0.0000 -1.0000
vn 0.0000 0.0000 -1.0000
vn 1.0000 0.0000 -0.0000
vn 1.0000 0.0000 0.0000
vn 0.0000 0.0000 1.0000
vn 0.0000 0.0000 1.0000
vn 0.0000 -1.0000 0.0000
vn 0.0000 -1.0000 0.0000
vn 0.0000 1.0000 0.0000
vn 0.0000 1.0000 0.0000
vn 0.0000 0.0000 -1.0000
vn 0.0000 0.0000 -1.0000
vn 1.0000 0.0000 -0.0000
vn 1.0000 0.0000 0.0000
vn 0.0000 0.0000 1.0000
vn 0.0000 0.0000 1.0000
vn 0.0000 -1.0000 0.0000
vn 0.0000 -1.0000 0.0000
vn 0.0000 1.0000 0.0000
vn 0.0000 1.0000 0.0000
vn 0.0000 0.0000 -1.0000
vn 0.0000 0.0000 -1.0000
vn 1.0000 0.0000 -0.0000
vn 1.0000 0.0000 0.0000
vn 0.0000 0.0000 1.0000
vn 0.0000 0.0000 1.0000
vn 0.0000 -1.0000 0.0000
vn 0.0000 -1.0000 0.0000
vn 0.0000 1.0000 0.0000
vn 0.0000 1.0000 0.0000
vn 0.0000 0.0000 -1.0000
vn 0.0000 0.0000 -1.0000
vn 1.0000 0.0000 -0.0000
vn 1.0000 0.0000 0.0000
vn 0.0000 0.0000 1.0000
vn 0.0000 0.0000 1.0000
vn 0.0000 -1.0000 0.0000
vn 0.0000 -1.0000 0.0000
vn 0.0000 1.0000 0.0000
vn 0.0000 1.0000 0.0000
vn 0.0000 0.0000 -1.0000
vn 0.0000 0.0000 -1.0000
vn 1.0000 0.0000 -0.0000
vn 1.0000 0.0000 0.0000
vn 0.0000 0.0000 1.0000
vn 0.0000 0.0000 1.0000
vn 0.0000 -1.0000 0.0000
vn 0.0000 -1.0000 0.0000
vn -0.0000 1.0000 0.0000
vn 0.0000 1.0000 0.0000
vn 0.0000 0.0000 -1.0000
vn 0.0000 0.0000 -1.0000
vn 1.0000 0.0000 -0.0000
vn 1.0000 0.0000 0.0000
vn 0.0000 0.0000 1.0000
vn 0.0000 0.0000 1.0000
vn -1.0000 0.0000 -0.0000
vn -1.0000 -0.0000 0.0000
vn 0.0000 -1.0000 0.0000
vn 0.0000 -1.0000 0.0000
vn -0.0000 1.0000 0.0000
vn 0.0000 1.0000 0.0000
vn 1.0000 0.0000 -0.0000
vn 1.0000 0.0000 0.0000
vn 0.0000 0.0000 1.0000
vn 0.0000 0.0000 1.0000
vn -1.0000 0.0000 -0.0000
vn -1.0000 -0.0000 0.0000
vn 0.0000 -1.0000 0.0000
vn 0.0000 -1.0000 0.0000
vn -0.0000 1.0000 0.0000
vn 0.0000 1.0000 0.0000
vn 0.0000 0.0000 -1.0000
vn 0.0000 0.0000 -1.0000
vn 1.0000 0.0000 -0.0000
vn 1.0000 0.0000 0.0000
vn 0.0000 0.0000 1.0000
vn 0.0000 0.0000 1.0000
vn -1.0000 0.0000 -0.0000
vn -1.0000 -0.0000 0.0000
vn 0.0000 -1.0000 0.0000
vn 0.0000 -1.0000 0.0000
vn -0.0000 1.0000 0.0000
vn 0.0000 1.0000 0.0000
vn 0.0000 0.0000 -1.0000
vn 0.0000 0.0000 -1.0000
vn 1.0000 0.0000 -0.0000
vn 1.0000 0.0000 0.0000
vn 0.0000 0.0000 1.0000
vn 0.0000 0.0000 1.0000
vn -1.0000 0.0000 -0.0000
vn -1.0000 -0.0000 0.0000
vn 0.0000 -1.0000 0.0000
vn 0.0000 -1.0000 0.0000
vn -0.0000 1.0000 0.0000
vn 0.0000 1.0000 0.0000
vn 0.0000 0.0000 -1.0000
vn 0.0000 0.0000 -1.0000
vn 1.0000 0.0000 -0.0000
vn 1.0000 0.0000 0.0000
vn 0.0000 0.0000 1.0000
vn 0.0000 0.0000 1.0000
vn -1.0000 0.0000 -0.0000
vn -1.0000 -0.0000 0.0000
vn 0.0000 -1.0000 0.0000
vn 0.0000 -1.0000 0.0000
vn -0.0000 1.0000 0.0000
vn 0.0000 1.0000 0.0000
vn 1.0000 0.0000 -0.0000
vn 1.0000 0.0000 0.0000
vn 0.0000 0.0000 1.0000
vn 0.0000 0.0000 1.0000
vn -1.0000 0.0000 -0.0000
vn -1.0000 -0.0000 0.0000
vn 0.0000 -1.0000 0.0000
vn 0.0000 -1.0000 0.0000
vn -0.0000 1.0000 0.0000
vn 0.0000 1.0000 0.0000
vn 0.0000 0.0000 -1.0000
vn 0.0000 0.0000 -1.0000
vn 1.0000 0.0000 -0.0000
vn 1.0000 0.0000 0.0000
vn 0.0000 0.0000 1.0000
vn 0.0000 0.0000 1.0000
vn -1.0000 0.0000 -0.0000
vn -1.0000 -0.0000 0.0000
vn 0.0000 -1.0000 0.0000
vn 0.0000 -1.0000 0.0000
vn -0.0000 1.0000 0.0000
vn 0.0000 1.0000 0.0000
vn 0.0000 0.0000 -1.0000
vn 0.0000 0.0000 -1.0000
vn 1.0000 0.0000 -0.0000
vn 1.0000 0.0000 0.0000
vn 0.0000 0.0000 1.0000
vn 0.0000 0.0000 1.0000
vn -1.0000 0.0000 -0.0000
vn -1.0000 -0.0000 0.0000
vn 0.0000 -1.0000 0.0000
vn 0.0000 -1.0000 0.0000
vn -0.0000 1.0000 0.0000
vn 0.0000 1.0000 0.0000
vn 0.0000 0.0000 -1.0000
vn 0.0000 0.0000 -1.0000
vn 1.0000 0.0000 -0.0000
vn 1.0000 0.0000 0.0000
vn 0.0000 0.0000 1.0000
vn 0.0000 0.0000 1.0000
vn -1.0000 0.0000 -0.0000
vn -1.0000 -0.0000 0.0000
vn 0.0000 -1.0000 0.0000
vn 0.0000 -1.0000 0.0000
vn -0.0000 1.0000 0.0000
vn 0.0000 1.0000 0.0000
vn 0.0000 0.0000 -1.0000
vn 0.0000 0.0000 -1.0000
vn 1.0000 0.0000 -0.0000
vn 1.0000 0.0000 0.0000
vn 0.0000 0.0000 1.0000
vn 0.0000 0.0000 1.0000
vn -1.0000 0.0000 -0.0000
vn -1.0000 -0.0000 0.0000
vn 0.0000 -1.0000 0.0000
vn 0.0000 -1.0000 0.0000
vn -0.0000 1.0000 0.0000
vn 0.0000 1.0000 0.0000
vn 0.0000 0.0000 -1.0000
vn 0.0000 0.0000 -1.0000
vn 1.0000 0.0000 -0.0000
vn 1.0000 0.0000 0.0000
vn 0.0000 0.0000 1.0000
vn 0.0000 0.0000 1.0000
vn -1.0000 0.0000 -0.0000
vn -1.0000 -0.0000 0.0000
vn 0.0000 -1.0000 0.0000
vn 0.0000 -1.0000 0.0000
vn -0.0000 1.0000 0.0000
vn 0.0000 1.0000 0.0000
vn 0.0000 0.0000 -1.0000
vn 0.0000 0.0000 -1.0000
vn 1.0000 0.0000 -0.0000
vn 1.0000 0.0000 0.0000
vn 0.0000 0.0000 1.0000
vn 0.0000 0.0000 1.0000
vn -1.0000 0.0000 -0.0000
vn -1.0000 -0.0000 0.0000
vn 0.0000 -1.0000 0.0000
vn 0.0000 -1.0000 0.0000
vn -0.0000 1.0000 0.0000
vn 0.0000 1.0000 0.0000
vn 1.0000 0.0000 -0.0000
vn 1.0000 0.0000 0.0000
vn 0.0000 0.0000 1.0000
vn 0.0000 0.0000 1.0000
vn -1.0000 0.0000 -0.0000
vn -1.0000 -0.0000 0.0000
vn 0.0000 -1.0000 0.0000
vn 0.0000 -1.0000 0.0000
vn -0.0000 1.0000 0.0000
vn 0.0000 1.0000 0.0000
vn 1.0000 0.0000 -0.0000
vn 1.0000 0.0000 0.0000
vn 0.0000 0.0000 1.0000
vn 0.0000 0.0000 1.0000
vn -1.0000 0.0000 -0.0000
vn -1.0000 -0.0000 0.0000
vn 0.0000 -1.0000 0.0000
vn 0.0000 -1.0000 0.0000
vn -0.0000 1.0000 0.0000
vn 0.0000 1.0000 0.0000
vn 0.0000 0.0000 -1.0000
vn 0.0000 0.0000 -1.0000
vn 1.0000 0.0000 -0.0000
vn 1.0000 0.0000 0.0000
vn 0.0000 0.0000 1.0000
vn 0.0000 0.0000 1.0000
vn -1.0000 0.0000 -0.0000
vn -1.0000 -0.0000 0.0000
vn 0.0000 -1.0000 0.0000
vn 0.0000 -1.0000 0.0000
vn 0.4804 -0.8321 0.2774
vn 0.0000 -0.8321 0.5547
vn -0.4804 -0.8321 0.2774
vn -0.4804 -0.8321 -0.2774
vn 0.0000 -0.8321 -0.5547
vn 0.4804 -0.8321 -0.2774
vn 0.8660 0.0000 0.5000
vn 0.8660 0.0000 0.5000
vn 0.0000 0.0000 1.0000
vn 0.0000 0.0000 1.0000
vn -0.8660 0.0000 0.5000
vn -0.8660 0.0000 0.5000
vn -0.8660 0.0000 -0.5000
vn -0.8660 -0.0000 -0.5000
vn 0.0000 0.0000 -1.0000
vn 0.0000 0.0000 -1.0000
vn 0.8660 0.0000 -0.5000
vn 0.8660 0.0000 -0.5000
vn 0.4804 0.8321 0.2774
vn 0.0000 0.8321 0.5547
vn -0.4804 0.8321 0.2774
vn -0.4804 0.8321 -0.2774
vn 0.0000 0.8321 -0.5547
vn 0.4804 0.8321 -0.2774
vn 0.4804 -0.8321 0.2774
vn 0.0000 -0.8321 0.5547
vn -0.4804 -0.8321 0.2774
vn -0.4804 -0.8321 -0.2774
vn 0.0000 -0.8321 -0.5547
vn 0.4804 -0.8321 -0.2774
vn 0.8660 0.0000 0.5000
vn 0.8660 0.0000 0.5000
vn 0.0000 0.0000 1.0000
vn 0.0000 0.0000 1.0000
vn -0.8660 0.0000 0.5000
vn -0.8660 0.0000 0.5000
vn -0.8660 0.0000 -0.5000
vn -0.8660 -0.0000 -0.5000
vn 0.0000 0.0000 -1.0000
vn 0.0000 0.0000 -1.0000
vn 0.8660 0.0000 -0.5000
vn 0.8660 0.0000 -0.5000
vn 0.4804 0.8321 0.2774
vn 0.0000 0.8321 0.5547
vn -0.4804 0.8321 0.2774
vn -0.4804 0.8321 -0.2774
vn 0.0000 0.8321 -0.5547
vn 0.4804 0.8321 -0.2774
vn 0.4804 -0.8321 0.2774
vn 0.0000 -0.8321 0.5547
vn -0.4804 -0.8321 0.2774
vn -0.4804 -0.8321 -0.2774
vn 0.0000 -0.8321 -0.5547
vn 0.4804 -0.8321 -0.2774
vn 0.8660 0.0000 0.5000
vn 0.8660 0.0000 0.5000
vn 0.0000 0.0000 1.0000
vn 0.0000 0.0000 1.0000
vn -0.8660 0.0000 0.5000
vn -0.8660 0.0000 0.5000
vn -0.8660 0.0000 -0.5000
vn -0.8660 -0.0000 -0.5000
vn 0.0000 0.0000 -1.0000
vn 0.0000 0.0000 -1.0000
vn 0.8660 0.0000 -0.5000
vn 0.8660 0.0000 -0.5000
vn 0.4804 0.8321 0.2774
vn 0.0000 0.8321 0.5547
vn -0.4804 0.8321 0.2774
vn -0.4804 0.8321 -0.2774
vn 0.0000 0.8321 -0.5547
vn 0.4804 0.8321 -0.2774
vn 0.4804 -0.8321 0.2774
vn 0.0000 -0.8321 0.5547
vn -0.4804 -0.8321 0.2774
vn -0.4804 -0.8321 -0.2774
vn 0.0000 -0.8321 -0.5547
vn 0.4804 -0.8321 -0.2774
vn 0.8660 0.0000 0.5000
vn 0.8660 0.0000 0.5000
vn 0.0000 0.0000 1.0000
vn 0.0000 0.0000 1.0000
vn -0.8660 0.0000 0.5000
vn -0.8660 0.0000 0.5000
vn -0.8660 0.0000 -0.5000
vn -0.8660 -0.0000 -0.5000
vn 0.0000 0.0000 -1.0000
vn 0.0000 0.0000 -1.0000
vn 0.8660 0.0000 -0.5000
vn 0.8660 0.0000 -0.5000
vn 0.4804 0.8321 0.2774
vn 0.0000 0.8321 0.5547
vn -0.4804 0.8321 0.2774
vn -0.4804 0.8321 -0.2774
vn 0.0000 0.8321 -0.5547
vn 0.4804 0.8321 -0.2774
vn 0.4804 -0.8321 0.2774
vn 0.0000 -0.8321 0.5547
vn -0.4804 -0.8321 0.2774
vn -0.4804 -0.8321 -0.2774
vn 0.0000 -0.8321 -0.5547
vn 0.4804 -0.8321 -0.2774
vn 0.8660 0.0000 0.5000
vn 0.8660 0.0000 0.5000
vn 0.0000 0.0000 1.0000
vn 0.0000 0.0000 1.0000
vn -0.8660 0.0000 0.5000
vn -0.8660 0.0000 0.5000
vn -0.8660 0.0000 -0.5000
vn -0.8660 -0.0000 -0.5000
vn 0.0000 0.0000 -1.0000
vn 0.0000 0.0000 -1.0000
vn 0.8660 0.0000 -0.5000
vn 0.8660 0.0000 -0.5000
vn 0.4804 0.8321 0.2774
vn 0.0000 0.8321 0.5547
vn -0.4804 0.8321 0.2774
vn -0.4804 0.8321 -0.2774
vn 0.0000 0.8321 -0.5547
vn 0.4804 0.8321 -0.2774
vn 0.4804 -0.8321 0.2774
vn 0.0000 -0.8321 0.5547
vn -0.4804 -0.8321 0.2774
vn -0.4804 -0.8321 -0.2774
vn 0.0000 -0.8321 -0.5547
vn 0.4804 -0.8321 -0.2774
vn 0.8660 0.0000 0.5000
vn 0.8660 0.0000 0.5000
vn 0.0000 0.0000 1.0000
vn 0.0000 0.0000 1.0000
vn -0.8660 0.0000 0.5000
vn -0.8660 0.0000 0.5000
vn -0.8660 0.0000 -0.5000
vn -0.8660 -0.0000 -0.5000
vn 0.0000 0.0000 -1.0000
vn 0.0000 0.0000 -1.0000
vn 0.8660 0.0000 -0.5000
vn 0.8660 0.0000 -0.5000
vn 0.4804 0.8321 0.2774
vn 0.0000 0.8321 0.5547
vn -0.4804 0.8321 0.2774
vn -0.4804 0.8321 -0.2774
vn 0.0000 0.8321 -0.5547
vn 0.4804 0.8321 -0.2774
vn -0.0000 1.0000 0.0000
vn 0.0000 1.0000 0.0000
vn 1.0000 0.0000 -0.0000
vn 1.0000 0.0000 0.0000
vn 0.0000 0.0000 1.0000
vn 0.0000 0.0000 1.0000
vn -1.0000 0.0000 -0.0000
vn -1.0000 -0.0000 0.0000
vn 0.0000 -1.0000 0.0000
vn 0.0000 -1.0000 0.0000
vn -0.0000 1.0000 0.0000
vn 0.0000 1.0000 0.0000
vn 0.0000 0.0000 -1.0000
vn 0.0000 0.0000 -1.0000
vn 1.0000 0.0000 -0.0000
vn 1.0000 0.0000 0.0000
vn 0.0000 0.0000 1.0000
vn 0.0000 0.0000 1.0000
vn -1.0000 0.0000 -0.0000
vn -1.0000 -0.0000 0.0000
vn 0.0000 -1.0000 0.0000
vn 0.0000 -1.0000 0.0000
vn -0.0000 1.0000 0.0000
vn 0.0000 1.0000 0.0000
vn 0.0000 0.0000 -1.0000
vn 0.0000 0.0000 -1.0000
vn 1.0000 0.0000 -0.0000
vn 1.0000 0.0000 0.0000
vn 0.0000 0.0000 1.0000
vn 0.0000 0.0000 1.0000
vn -1.0000 0.0000 -0.0000
vn -1.0000 -0.0000 0.0000
vn 0.0000 -1.0000 0.0000
vn 0.0000 -1.0000 0.0000
vn -0.0000 1.0000 0.0000
vn 0.0000 1.0000 0.0000
vn 0.0000 0.0000 -1.0000
vn 0.0000 0.0000 -1.0000
vn 1.0000 0.0000 -0.0000
vn 1.0000 0.0000 0.0000
vn 0.0000 0.0000 1.0000
vn 0.0000 0.0000 1.0000
vn -1.0000 0.0000 -0.0000
vn -1.0000 -0.0000 0.0000
vn 0.0000 -1.0000 0.0000
vn 0.0000 -1.0000 0.0000
vn -0.0000 1.0000 0.0000
vn 0.0000 1.0000 0.0000
vn 0.0000 0.0000 -1.0000
vn 0.0000 0.0000 -1.0000
vn 1.0000 0.0000 -0.0000
vn 1.0000 0.0000 0.0000
vn 0.0000 0.0000 1.0000
vn 0.0000 0.0000 1.0000
vn -1.0000 0.0000 -0.0000
vn -1.0000 -0.0000 0.0000
vn 0.0000 -1.0000 0.0000
vn 0.0000 -1.0000 0.0000
vn -0.0000 1.0000 0.0000
vn 0.0000 1.0000 0.0000
vn 0.0000 0.0000 -1.0000
vn 0.0000 0.0000 -1.0000
vn 1.0000 0.0000 -0.0000
vn 1.0000 0.0000 0.0000
vn 0.0000 0.0000 1.0000
vn 0.0000 0.0000 1.0000
vn -1.0000 0.0000 -0.0000
vn -1.0000 -0.0000 0.0000
vn 0.0000 -1.0000 0.0000
vn 0.0000 -1.0000 0.0000
vn -0.0000 1.0000 0.0000
vn 0.0000 1.0000 0.0000
vn 0.0000 0.0000 -1.0000
vn 0.0000 0.0000 -1.0000
vn 1.0000 0.0000 -0.0000
vn 1.0000 0.0000 0.0000
vn 0.0000 0.0000 1.0000
vn 0.0000 0.0000 1.0000
vn -1.0000 0.0000 -0.0000
vn -1.0000 -0.0000 0.0000
vn 0.0000 -1.0000 0.0000
vn 0.0000 -1.0000 0.0000
vn -0.0000 1.0000 0.0000
vn 0.0000 1.0000 0.0000
vn 1.0000 0.0000 -0.0000
vn 1.0000 0.0000 0.0000
vn 0.0000 0.0000 1.0000
vn 0.0000 0.0000 1.0000
vn -1.0000 0.0000 -0.0000
vn -1.0000 -0.0000 0.0000
vn 0.0000 -1.0000 0.0000
vn 0.0000 -1.0000 0.0000
vn -0.0000 1.0000 0.0000
vn 0.0000 1.0000 0.0000
vn 1.0000 0.0000 -0.0000
vn 1.0000 0.0000 0.0000
vn 0.0000 0.0000 1.0000
vn 0.0000 0.0000 1.0000
vn -1.0000 0.0000 -0.0000
vn -1.0000 -0.0000 0.0000
vn 0.0000 -1.0000 0.0000
vn 0.0000 -1.0000 0.0000
vn -0.0000 1.0000 0.0000
vn 0.0000 1.0000 0.0000
vn 0.0000 0.0000 -1.0000
vn 0.0000 0.0000 -1.0000
vn 1.0000 0.0000 -0.0000
vn 1.0000 0.0000 0.0000
vn 0.0000 0.0000 1.0000
vn 0.0000 0.0000 1.0000
vn -1.0000 0.0000 -0.0000
vn -1.0000 -0.0000 0.0000
vn 0.0000 -1.0000 0.0000
vn 0.0000 -1.0000 0.0000
vn 0.4804 -0.8321 0.2774
vn 0.0000 -0.8321 0.5547
vn -0.4804 -0.8321 0.2774
vn -0.4804 -0.8321 -0.2774
vn 0.0000 -0.8321 -0.5547
vn 0.4804 -0.8321 -0.2774
vn 0.8660 0.0000 0.5000
vn 0.8660 0.0000 0.5000
vn 0.0000 0.0000 1.0000
vn 0.0000 0.0000 1.0000
vn -0.8660 0.0000 0.5000
vn -0.8660 0.0000 0.5000
vn -0.8660 0.0000 -0.5000
vn -0.8660 -0.0000 -0.5000
vn 0.0000 0.0000 -1.0000
vn 0.0000 0.0000 -1.0000
vn 0.8660 0.0000 -0.5000
vn 0.8660 0.0000 -0.5000
vn 0.4804 0.8321 0.2774
vn 0.0000 0.8321 0.5547
vn -0.4804 0.8321 0.2774
vn -0.4804 0.8321 -0.2774
vn 0.0000 0.8321 -0.5547
vn 0.4804 0.8321 -0.2774
vn 0.4804 -0.8321 0.2774
vn 0.0000 -0.8321 0.5547
vn -0.4804 -0.8321 0.2774
vn -0.4804 -0.8321 -0.2774
vn 0.0000 -0.8321 -0.5547
vn 0.4804 -0.8321 -0.2774
vn 0.8660 0.0000 0.5000
vn 0.8660 0.0000 0.5000
vn 0.0000 0.0000 1.0000
vn 0.0000 0.0000 1.0000
vn -0.8660 0.0000 0.5000
vn -0.8660 0.0000 0.5000
vn -0.8660 0.0000 -0.5000
vn -0.8660 -0.0000 -0.5000
vn 0.0000 0.0000 -1.0000
vn 0.0000 0.0000 -1.0000
vn 0.8660 0.0000 -0.5000
vn 0.8660 0.0000 -0.5000
vn 0.4804 0.8321 0.2774
vn 0.0000 0.8321 0.5547
vn -0.4804 0.8321 0.2774
vn -0.4804 0.8321 -0.2774
vn 0.0000 0.8321 -0.5547
vn 0.4804 0.8321 -0.2774
vn 0.4804 -0.8321 0.2774
vn 0.0000 -0.8321 0.5547
vn -0.4804 -0.8321 0.2774
vn -0.4804 -0.8321 -0.2774
vn 0.0000 -0.8321 -0.5547
vn 0.4804 -0.8321 -0.2774
vn 0.8660 0.0000 0.5000
vn 0.8660 0.0000 0.5000
vn 0.0000 0.0000 1.0000
vn 0.0000 0.0000 1.0000
vn -0.8660 0.0000 0.5000
vn -0.8660 0.0000 0.5000
vn -0.8660 0.0000 -0.5000
vn -0.8660 -0.0000 -0.5000
vn 0.0000 0.0000 -1.0000
vn 0.0000 0.0000 -1.0000
vn 0.8660 0.0000 -0.5000
vn 0.8660 0.0000 -0.5000
vn 0.4804 0.8321 0.2774
vn 0.0000 0.8321 0.5547
vn -0.4804 0.8321 0.2774
vn -0.4804 0.8321 -0.2774
vn 0.0000 0.8321 -0.5547
vn 0.4804 0.8321 -0.2774
vn 0.4804 -0.8321 0.2774
vn 0.0000 -0.8321 0.5547
vn -0.4804 -0.8321 0.2774
vn -0.4804 -0.8321 -0.2774
vn 0.0000 -0.8321 -0.5547
vn 0.4804 -0.8321 -0.2774
vn 0.8660 0.0000 0.5000
vn 0.8660 0.0000 0.5000
vn 0.0000 0.0000 1.0000
vn 0.0000 0.0000 1.0000
vn -0.8660 0.0000 0.5000
vn -0.8660 0.0000 0.5000
vn -0.8660 0.0000 -0.5000
vn -0.8660 -0.0000 -0.5000
vn 0.0000 0.0000 -1.0000
vn 0.0000 0.0000 -1.0000
vn 0.8660 0.0000 -0.5000
vn 0.8660 0.0000 -0.5000
vn 0.4804 0.8321 0.2774
vn 0.0000 0.8321 0.5547
vn -0.4804 0.8321 0.2774
vn -0.4804 0.8321 -0.2774
vn 0.0000 0.8321 -0.5547
vn 0.4804 0.8321 -0.2774
vn 0.4804 -0.8321 0.2774
vn 0.0000 -0.8321 0.5547
vn -0.4804 -0.8321 0.2774
vn -0.4804 -0.8321 -0.2774
vn 0.0000 -0.8321 -0.5547
vn 0.4804 -0.8321 -0.2774
vn 0.8660 0.0000 0.5000
vn 0.8660 0.0000 0.5000
vn 0.0000 0.0000 1.0000
vn 0.0000 0.0000 1.0000
vn -0.8660 0.0000 0.5000
vn -0.8660 0.0000 0.5000
vn -0.8660 0.0000 -0.5000
vn -0.8660 -0.0000 -0.5000
vn 0.0000 0.0000 -1.0000
vn 0.0000 0.0000 -1.0000
vn 0.8660 0.0000 -0.5000
vn 0.8660 0.0000 -0.5000
vn 0.4804 0.8321 0.2774
vn 0.0000 0.8321 0.5547
vn -0.4804 0.8321 0.2774
vn -0.4804 0.8321 -0.2774
vn 0.0000 0.8321 -0.5547
vn 0.4804 0.8321 -0.2774
vn 0.4804 -0.8321 0.2774
vn 0.0000 -0.8321 0.5547
vn -0.4804 -0.8321 0.2774
vn -0.4804 -0.8321 -0.2774
vn 0.0000 -0.8321 -0.5547
vn 0.4804 -0.8321 -0.2774
vn 0.8660 0.0000 0.5000
vn 0.8660 0.0000 0.5000
vn 0.0000 0.0000 1.0000
vn 0.0000 0.0000 1.0000
vn -0.8660 0.0000 0.5000
vn -0.8660 0.0000 0.5000
vn -0.8660 0.0000 -0.5000
vn -0.8660 -0.0000 -0.5000
vn 0.0000 0.0000 -1.0000
vn 0.0000 0.0000 -1.0000
vn 0.8660 0.0000 -0.5000
vn 0.8660 0.0000 -0.5000
vn 0.4804 0.8321 0.2774
vn 0.0000 0.8321 0.5547
vn -0.4804 0.8321 0.2774
vn -0.4804 0.8321 -0.2774
vn 0.0000 0.8321 -0.5547
vn 0.4804 0.8321 -0.2774
vn -0.0000 0.9511 0.3090
vn 0.0000 0.9511 0.3090
vn 0.0000 0.3090 -0.9511
vn 0.0000 0.3090 -0.9511
vn 1.0000 0.0000 0.0000
vn 1.0000 0.0000 0.0000
vn 0.0000 -0.3090 0.9511
vn 0.0000 -0.3090 0.9511
vn -1.0000 0.0000 0.0000
vn -1.0000 0.0000 -0.0000
vn 0.0000 -0.9511 -0.3090
vn -0.0000 -0.9511 -0.3090
vn -0.0000 0.9511 0.3090
vn 0.0000 0.9511 0.3090
vn 0.0000 0.3090 -0.9511
vn 0.0000 0.3090 -0.9511
vn 1.0000 0.0000 0.0000
vn 1.0000 0.0000 0.0000
vn 0.0000 -0.3090 0.9511
vn 0.0000 -0.3090 0.9511
vn -1.0000 0.0000 0.0000
vn -1.0000 0.0000 -0.0000
vn 0.0000 -0.9511 -0.3090
vn -0.0000 -0.9511 -0.3090
vn -0.0000 0.9511 0.3090
vn 0.0000 0.9511 0.3090
vn 0.0000 0.3090 -0.9511
vn 0.0000 0.3090 -0.9511
vn 1.0000 0.0000 0.0000
vn 1.0000 0.0000 0.0000
vn 0.0000 -0.3090 0.9511
vn 0.0000 -0.3090 0.9511
vn -1.0000 0.0000 0.0000
vn -1.0000 0.0000 -0.0000
vn 0.0000 -0.9511 -0.3090
vn -0.0000 -0.9511 -0.3090
vn -0.0000 0.9511 0.3090
vn 0.0000 0.9511 0.3090
vn 0.0000 0.3090 -0.9511
vn 0.0000 0.3090 -0.9511
vn 1.0000 0.0000 0.0000
vn 1.0000 0.0000 0.0000
vn 0.0000 -0.3090 0.9511
vn 0.0000 -0.3090 0.9511
vn -1.0000 0.0000 0.0000
vn -1.0000 0.0000 -0.0000
vn 0.0000 -0.9511 -0.3090
vn -0.0000 -0.9511 -0.3090
vn -0.0000 0.9511 0.3090
vn 0.0000 0.9511 0.3090
vn 0.0000 0.3090 -0.9511
vn 0.0000 0.3090 -0.9511
vn 1.0000 0.0000 0.0000
vn 1.0000 0.0000 0.0000
vn 0.0000 -0.3090 0.9511
vn 0.0000 -0.3090 0.9511
vn -1.0000 0.0000 0.0000
vn -1.0000 0.0000 -0.0000
vn 0.0000 -0.9511 -0.3090
vn -0.0000 -0.9511 -0.3090
vn -0.0000 0.9511 0.3090
vn 0.0000 0.9511 0.3090
vn 0.0000 0.3090 -0.9511
vn 0.0000 0.3090 -0.9511
vn 1.0000 0.0000 0.0000
vn 1.0000 0.0000 0.0000
vn 0.0000 -0.3090 0.9511
vn 0.0000 -0.3090 0.9511
vn -1.0000 0.0000 0.0000
vn -1.0000 0.0000 -0.0000
vn 0.0000 -0.9511 -0.3090
vn -0.0000 -0.9511 -0.3090
vn -0.0000 0.9511 0.3090
vn 0.0000 0.9511 0.3090
vn 0.0000 0.3090 -0.9511
vn 0.0000 0.3090 -0.9511
vn 1.0000 0.0000 0.0000
vn 1.0000 0.0000 0.0000
vn 0.0000 -0.3090 0.9511
vn 0.0000 -0.3090 0.9511
vn -1.0000 0.0000 0.0000
vn -1.0000 0.0000 -0.0000
vn 0.0000 -0.9511 -0.3090
vn -0.0000 -0.9511 -0.3090
vn -0.0000 0.9511 0.3090
vn 0.0000 0.9511 0.3090
vn 0.0000 0.3090 -0.9511
vn 0.0000 0.3090 -0.9511
vn 1.0000 0.0000 0.0000
vn 1.0000 0.0000 0.0000
vn 0.0000 -0.3090 0.9511
vn 0.0000 -0.3090 0.9511
vn -1.0000 0.0000 0.0000
vn -1.0000 0.0000 -0.0000
vn 0.0000 -0.9511 -0.3090
vn -0.0000 -0.9511 -0.3090
vn -0.0000 0.9511 0.3090
vn 0.0000 0.9511 0.3090
vn 0.0000 0.3090 -0.9511
vn 0.0000 0.3090 -0.9511
vn 1.0000 0.0000 0.0000
vn 1.0000 0.0000 0.0000
vn 0.0000 -0.3090 0.9511
vn 0.0000 -0.3090 0.9511
vn -1.0000 0.0000 -0.0000
vn -1.0000 0.0000 0.0000
vn 0.0000 -0.9511 -0.3090
vn -0.0000 -0.9511 -0.3090
vn -0.0000 0.9511 0.3090
vn 0.0000 0.9511 0.3090
vn 0.0000 0.3090 -0.9511
vn 0.0000 0.3090 -0.9511
vn 1.0000 0.0000 0.0000
vn 1.0000 0.0000 0.0000
vn 0.0000 -0.3090 0.9511
vn 0.0000 -0.3090 0.9511
vn -1.0000 0.0000 -0.0000
vn -1.0000 0.0000 0.0000
vn 0.0000 -0.9511 -0.3090
vn -0.0000 -0.9511 -0.3090
vn -0.0000 0.9511 0.3090
vn 0.0000 0.9511 0.3090
vn 0.0000 0.3090 -0.9511
vn 0.0000 0.3090 -0.9511
vn 1.0000 0.0000 0.0000
vn 1.0000 0.0000 0.0000
vn 0.0000 -0.3090 0.9511
vn 0.0000 -0.3090 0.9511
vn -1.0000 0.0000 -0.0000
vn -1.0000 0.0000 0.0000
vn 0.0000 -0.9511 -0.3090
vn -0.0000 -0.9511 -0.3090
vn -0.0000 0.9511 0.3090
vn 0.0000 0.9511 0.3090
vn 0.0000 0.3090 -0.9511
vn 0.0000 0.3090 -0.9511
vn 1.0000 0.0000 0.0000
vn 1.0000 0.0000 0.0000
vn 0.0000 -0.3090 0.9511
vn 0.0000 -0.3090 0.9511
vn -1.0000 0.0000 -0.0000
vn -1.0000 0.0000 0.0000
vn 0.0000 -0.9511 -0.3090
vn -0.0000 -0.9511 -0.3090
vn -0.0000 0.9511 0.3090
vn 0.0000 0.9511 0.3090
vn 0.0000 0.3090 -0.9511
vn 0.0000 0.3090 -0.9511
vn 1.0000 0.0000 0.0000
vn 1.0000 0.0000 0.0000
vn 0.0000 -0.3090 0.9511
vn 0.0000 -0.3090 0.9511
vn -1.0000 0.0000 -0.0000
vn -1.0000 0.0000 0.0000
vn 0.0000 -0.9511 -0.3090
vn -0.0000 -0.9511 -0.3090
vn -0.0000 0.9511 0.3090
vn 0.0000 0.9511 0.3090
vn 0.0000 0.3090 -0.9511
vn 0.0000 0.3090 -0.9511
vn 1.0000 0.0000 0.0000
vn 1.0000 0.0000 0.0000
vn 0.0000 -0.3090 0.9511
vn 0.0000 -0.3090 0.9511
vn -1.0000 0.0000 -0.0000
vn -1.0000 0.0000 0.0000
vn 0.0000 -0.9511 -0.3090
vn -0.0000 -0.9511 -0.3090
vn -0.0000 0.9511 0.3090
vn 0.0000 0.9511 0.3090
vn 0.0000 0.3090 -0.9511
vn 0.0000 0.3090 -0.9511
vn 1.0000 0.0000 0.0000
vn 1.0000 0.0000 0.0000
vn 0.0000 -0.3090 0.9511
vn 0.0000 -0.3090 0.9511
vn -1.0000 0.0000 -0.0000
vn -1.0000 0.0000 0.0000
vn 0.0000 -0.9511 -0.3090
vn -0.0000 -0.9511 -0.3090
vn -0.0000 0.9511 0.3090
vn 0.0000 0.9511 0.3090
vn 0.0000 0.3090 -0.9511
vn 0.0000 0.3090 -0.9511
vn 1.0000 0.0000 0.0000
vn 1.0000 0.0000 0.0000
vn 0.0000 -0.3090 0.9511
vn 0.0000 -0.3090 0.9511
vn -1.0000 0.0000 -0.0000
vn -1.0000 0.0000 0.0000
vn 0.0000 -0.9511 -0.3090
vn -0.0000 -0.9511 -0.3090
vn -0.0000 1.0000 0.0000
vn 0.0000 1.0000 0.0000
vn 0.0000 0.0000 -1.0000
vn 0.0000 0.0000 -1.0000
vn 1.0000 0.0000 -0.0000
vn 1.0000 0.0000 0.0000
vn 0.0000 0.0000 1.0000
vn 0.0000 0.0000 1.0000
vn -1.0000 0.0000 -0.0000
vn -1.0000 -0.0000 0.0000
vn 0.0000 -1.0000 0.0000
vn 0.0000 -1.0000 0.0000
vn 0.0000 0.0000 1.0000
vn -0.0000 0.0000 1.0000
vn 0.0000 0.0000 1.0000
vn 0.0000 0.0000 1.0000
vn 0.0000 0.0000 1.0000
vn -0.0000 0.0000 1.0000
vn 0.0000 0.0000 1.0000
vn 0.0000 -0.0000 1.0000
vn 0.0000 0.0000 1.0000
vn -0.0000 0.0000 1.0000
vn 0.0000 0.0000 1.0000
vn 0.0000 0.0000 1.0000
vn 0.0000 0.0000 1.0000
vn 0.0000 0.0000 1.0000
vn 0.0000 0.0000 1.0000
vn -0.0000 0.0000 1.0000
vn 0.0000 0.0000 1.0000
vn 0.0000 0.0000 1.0000
vn 0.0000 0.0000 1.0000
vn 0.0000 0.0000 1.0000
vn 0.0000 0.0000 1.0000
vn 0.0000 0.0000 1.0000
vn 0.0000 -0.0000 1.0000
vn 0.0000 0.0000 1.0000
vn 0.0000 0.0000 1.0000
vn 0.0000 0.0000 1.0000
vn 0.0000 0.0000 1.0000
vn -0.0000 0.0000 1.0000
vn 0.0000 0.0000 1.0000
vn 0.0000 0.0000 1.0000
vn -0.0000 1.0000 0.0000
vn 0.0000 1.0000 0.0000
vn 0.0000 0.0000 -1.0000
vn 0.0000 0.0000 -1.0000
vn 1.0000 0.0000 -0.0000
vn 1.0000 0.0000 0.0000
vn 0.0000 0.0000 1.0000
vn 0.0000 0.0000 1.0000
vn -1.0000 0.0000 -0.0000
vn -1.0000 -0.0000 0.0000
vn 0.0000 -1.0000 0.0000
vn 0.0000 -1.0000 0.0000
vn -0.0000 1.0000 0.0000
vn 0.0000 1.0000 0.0000
vn 0.0000 0.0000 -1.0000
vn 0.0000 0.0000 -1.0000
vn 1.0000 0.0000 -0.0000
vn 1.0000 0.0000 0.0000
vn 0.0000 0.0000 1.0000
vn 0.0000 0.0000 1.0000
vn -1.0000 0.0000 -0.0000
vn -1.0000 -0.0000 0.0000
vn -0.0000 1.0000 0.0000
vn 0.0000 1.0000 0.0000
vn 0.0000 0.0000 -1.0000
vn 0.0000 0.0000 -1.0000
vn 1.0000 0.0000 -0.0000
vn 1.0000 0.0000 0.0000
vn 0.0000 0.0000 1.0000
vn 0.0000 0.0000 1.0000
vn -1.0000 0.0000 -0.0000
vn -1.0000 -0.0000 0.0000
vn -0.0000 1.0000 0.0000
vn 0.0000 1.0000 0.0000
vn 0.0000 0.0000 -1.0000
vn 0.0000 0.0000 -1.0000
vn 1.0000 0.0000 -0.0000
vn 1.0000 0.0000 0.0000
vn 0.0000 0.0000 1.0000
vn 0.0000 0.0000 1.0000
vn -1.0000 0.0000 -0.0000
vn -1.0000 -0.0000 0.0000
vn -0.0000 1.0000 0.0000
vn 0.0000 1.0000 0.0000
vn 0.0000 0.0000 -1.0000
vn 0.0000 0.0000 -1.0000
vn 1.0000 0.0000 -0.0000
vn 1.0000 0.0000 0.0000
vn 0.0000 0.0000 1.0000
vn 0.0000 0.0000 1.0000
vn -1.0000 0.0000 -0.0000
vn -1.0000 -0.0000 0.0000
vn -0.0000 1.0000 0.0000
vn 0.0000 1.0000 0.0000
vn 0.0000 0.0000 -1.0000
vn 0.0000 0.0000 -1.0000
vn 1.0000 0.0000 -0.0000
vn 1.0000 0.0000 0.0000
vn 0.0000 0.0000 1.0000
vn 0.0000 0.0000 1.0000
vn -1.0000 0.0000 -0.0000
vn -1.0000 -0.0000 0.0000
vn -0.0000 1.0000 0.0000
vn 0.0000 1.0000 0.0000
vn 0.0000 0.0000 -1.0000
vn 0.0000 0.0000 -1.0000
vn 1.0000 0.0000 -0.0000
vn 1.0000 0.0000 0.0000
vn 0.0000 0.0000 1.0000
vn 0.0000 0.0000 1.0000
vn -1.0000 0.0000 -0.0000
vn -1.0000 -0.0000 0.0000
vn 0.0000 -1.0000 0.0000
vn 0.0000 -1.0000 0.0000
vn -0.0000 1.0000 0.0000
vn 0.0000 1.0000 0.0000
vn 0.1045 0.0000 -0.9945
vn 0.1045 0.0000 -0.9945
vn 0.9945 0.0000 0.1045
vn 0.9945 0.0000 0.1045
vn -0.1045 0.0000 0.9945
vn -0.1045 0.0000 0.9945
vn -0.9945 0.0000 -0.1045
vn -0.9945 -0.0000 -0.1045
vn 0.0000 -1.0000 0.0000
vn -0.0000 -1.0000 0.0000
vn 0.4804 -0.8321 0.2774
vn 0.0000 -0.8321 0.5547
vn -0.4804 -0.8321 0.2774
vn -0.4804 -0.8321 -0.2774
vn 0.0000 -0.8321 -0.5547
vn 0.4804 -0.8321 -0.2774
vn 0.8660 0.0000 0.5000
vn 0.8660 0.0000 0.5000
vn 0.0000 0.0000 1.0000
vn 0.0000 0.0000 1.0000
vn -0.8660 0.0000 0.5000
vn -0.8660 0.0000 0.5000
vn -0.8660 0.0000 -0.5000
vn -0.8660 -0.0000 -0.5000
vn 0.0000 0.0000 -1.0000
vn 0.0000 0.0000 -1.0000
vn 0.8660 0.0000 -0.5000
vn 0.8660 0.0000 -0.5000
vn 0.4804 0.8321 0.2774
vn 0.0000 0.8321 0.5547
vn -0.4804 0.8321 0.2774
vn -0.4804 0.8321 -0.2774
vn 0.0000 0.8321 -0.5547
vn 0.4804 0.8321 -0.2774
vn 0.4804 -0.8321 0.2774
vn 0.0000 -0.8321 0.5547
vn -0.4804 -0.8321 0.2774
vn -0.4804 -0.8321 -0.2774
vn 0.0000 -0.8321 -0.5547
vn 0.4804 -0.8321 -0.2774
vn 0.8660 0.0000 0.5000
vn 0.8660 0.0000 0.5000
vn 0.0000 0.0000 1.0000
vn 0.0000 0.0000 1.0000
vn -0.8660 0.0000 0.5000
vn -0.8660 0.0000 0.5000
vn -0.8660 0.0000 -0.5000
vn -0.8660 -0.0000 -0.5000
vn 0.0000 0.0000 -1.0000
vn 0.0000 0.0000 -1.0000
vn 0.8660 0.0000 -0.5000
vn 0.8660 0.0000 -0.5000
vn 0.4804 0.8321 0.2774
vn 0.0000 0.8321 0.5547
vn -0.4804 0.8321 0.2774
vn -0.4804 0.8321 -0.2774
vn 0.0000 0.8321 -0.5547
vn 0.4804 0.8321 -0.2774
vn 0.4804 -0.8321 0.2774
vn 0.0000 -0.8321 0.5547
vn -0.4804 -0.8321 0.2774
vn -0.4804 -0.8321 -0.2774
vn 0.0000 -0.8321 -0.5547
vn 0.4804 -0.8321 -0.2774
vn 0.8660 0.0000 0.5000
vn 0.8660 0.0000 0.5000
vn 0.0000 0.0000 1.0000
vn 0.0000 0.0000 1.0000
vn -0.8660 0.0000 0.5000
vn -0.8660 0.0000 0.5000
vn -0.8660 0.0000 -0.5000
vn -0.8660 -0.0000 -0.5000
vn 0.0000 0.0000 -1.0000
vn 0.0000 0.0000 -1.0000
vn 0.8660 0.0000 -0.5000
vn 0.8660 0.0000 -0.5000
vn 0.4804 0.8321 0.2774
vn 0.0000 0.8321 0.5547
vn -0.4804 0.8321 0.2774
vn -0.4804 0.8321 -0.2774
vn 0.0000 0.8321 -0.5547
vn 0.4804 0.8321 -0.2774
vn 0.4804 -0.8321 0.2774
vn 0.0000 -0.8321 0.5547
vn -0.4804 -0.8321 0.2774
vn -0.4804 -0.8321 -0.2774
vn 0.0000 -0.8321 -0.5547
vn 0.4804 -0.8321 -0.2774
vn 0.8660 0.0000 0.5000
vn 0.8660 0.0000 0.5000
vn 0.0000 0.0000 1.0000
vn 0.0000 0.0000 1.0000
vn -0.8660 0.0000 0.5000
vn -0.8660 0.0000 0.5000
vn -0.8660 0.0000 -0.5000
vn -0.8660 -0.0000 -0.5000
vn 0.0000 0.0000 -1.0000
vn 0.0000 0.0000 -1.0000
vn 0.8660 0.0000 -0.5000
vn 0.8660 0.0000 -0.5000
vn 0.4804 0.8321 0.2774
vn 0.0000 0.8321 0.5547
vn -0.4804 0.8321 0.2774
vn -0.4804 0.8321 -0.2774
vn 0.0000 0.8321 -0.5547
vn 0.4804 0.8321 -0.2774
vn 0.4804 -0.8321 0.2774
vn 0.0000 -0.8321 0.5547
vn -0.4804 -0.8321 0.2774
vn -0.4804 -0.8321 -0.2774
vn 0.0000 -0.8321 -0.5547
vn 0.4804 -0.8321 -0.2774
vn 0.8660 0.0000 0.5000
vn 0.8660 0.0000 0.5000
vn 0.0000 0.0000 1.0000
vn 0.0000 0.0000 1.0000
vn -0.8660 0.0000 0.5000
vn -0.8660 0.0000 0.5000
vn -0.8660 0.0000 -0.5000
vn -0.8660 -0.0000 -0.5000
vn 0.0000 0.0000 -1.0000
vn 0.0000 0.0000 -1.0000
vn 0.8660 0.0000 -0.5000
vn 0.8660 0.0000 -0.5000
vn 0.4804 0.8321 0.2774
vn 0.0000 0.8321 0.5547
vn -0.4804 0.8321 0.2774
vn -0.4804 0.8321 -0.2774
vn 0.0000 0.8321 -0.5547
vn 0.4804 0.8321 -0.2774
vn 0.0000 1.0000 0.0000
vn 0.0000 1.0000 0.0000
vn -0.0349 0.0000 -0.9994
vn -0.0349 -0.0000 -0.9994
vn 0.9994 0.0000 -0.0349
vn 0.9994 0.0000 -0.0349
vn 0.0349 0.0000 0.9994
vn 0.0349 0.0000 0.9994
vn -0.9994 0.0000 0.0349
vn -0.9994 0.0000 0.0349
vn 0.0000 -1.0000 0.0000
vn 0.0000 -1.0000 0.0000
vn 0.4804 -0.8321 0.2774
vn 0.0000 -0.8321 0.5547
vn -0.4804 -0.8321 0.2774
vn -0.4804 -0.8321 -0.2774
vn 0.0000 -0.8321 -0.5547
vn 0.4804 -0.8321 -0.2774
vn 0.8660 0.0000 0.5000
vn 0.8660 0.0000 0.5000
vn 0.0000 0.0000 1.0000
vn 0.0000 0.0000 1.0000
vn -0.8660 0.0000 0.5000
vn -0.8660 0.0000 0.5000
vn -0.8660 0.0000 -0.5000
vn -0.8660 -0.0000 -0.5000
vn 0.0000 0.0000 -1.0000
vn 0.0000 0.0000 -1.0000
vn 0.8660 0.0000 -0.5000
vn 0.8660 0.0000 -0.5000
vn 0.4804 0.8321 0.2774
vn 0.0000 0.8321 0.5547
vn -0.4804 0.8321 0.2774
vn -0.4804 0.8321 -0.2774
vn 0.0000 0.8321 -0.5547
vn 0.4804 0.8321 -0.2774
vn 0.4804 -0.8321 0.2774
vn 0.0000 -0.8321 0.5547
vn -0.4804 -0.8321 0.2774
vn -0.4804 -0.8321 -0.2774
vn 0.0000 -0.8321 -0.5547
vn 0.4804 -0.8321 -0.2774
vn 0.8660 0.0000 0.5000
vn 0.8660 0.0000 0.5000
vn 0.0000 0.0000 1.0000
vn 0.0000 0.0000 1.0000
vn -0.8660 0.0000 0.5000
vn -0.8660 0.0000 0.5000
vn -0.8660 0.0000 -0.5000
vn -0.8660 -0.0000 -0.5000
vn 0.0000 0.0000 -1.0000
vn 0.0000 0.0000 -1.0000
vn 0.8660 0.0000 -0.5000
vn 0.8660 0.0000 -0.5000
vn 0.4804 0.8321 0.2774
vn 0.0000 0.8321 0.5547
vn -0.4804 0.8321 0.2774
vn -0.4804 0.8321 -0.2774
vn 0.0000 0.8321 -0.5547
vn 0.4804 0.8321 -0.2774
vn 0.4804 -0.8321 0.2774
vn 0.0000 -0.8321 0.5547
vn -0.4804 -0.8321 0.2774
vn -0.4804 -0.8321 -0.2774
vn 0.0000 -0.8321 -0.5547
vn 0.4804 -0.8321 -0.2774
vn 0.8660 0.0000 0.5000
vn 0.8660 0.0000 0.5000
vn 0.0000 0.0000 1.0000
vn 0.0000 0.0000 1.0000
vn -0.8660 0.0000 0.5000
vn -0.8660 0.0000 0.5000
vn -0.8660 0.0000 -0.5000
vn -0.8660 -0.0000 -0.5000
vn 0.0000 0.0000 -1.0000
vn 0.0000 0.0000 -1.0000
vn 0.8660 0.0000 -0.5000
vn 0.8660 0.0000 -0.5000
vn 0.4804 0.8321 0.2774
vn 0.0000 0.8321 0.5547
vn -0.4804 0.8321 0.2774
vn -0.4804 0.8321 -0.2774
vn 0.0000 0.8321 -0.5547
vn 0.4804 0.8321 -0.2774
vn 0.4804 -0.8321 0.2774
vn 0.0000 -0.8321 0.5547
vn -0.4804 -0.8321 0.2774
vn -0.4804 -0.8321 -0.2774
vn 0.0000 -0.8321 -0.5547
vn 0.4804 -0.8321 -0.2774
vn 0.8660 0.0000 0.5000
vn 0.8660 0.0000 0.5000
vn 0.0000 0.0000 1.0000
vn 0.0000 0.0000 1.0000
vn -0.8660 0.0000 0.5000
vn -0.8660 0.0000 0.5000
vn -0.8660 0.0000 -0.5000
vn -0.8660 -0.0000 -0.5000
vn 0.0000 0.0000 -1.0000
vn 0.0000 0.0000 -1.0000
vn 0.8660 0.0000 -0.5000
vn 0.8660 0.0000 -0.5000
vn 0.4804 0.8321 0.2774
vn 0.0000 0.8321 0.5547
vn -0.4804 0.8321 0.2774
vn -0.4804 0.8321 -0.2774
vn 0.0000 0.8321 -0.5547
vn 0.4804 0.8321 -0.2774
vn 0.4804 -0.8321 0.2774
vn 0.0000 -0.8321 0.5547
vn -0.4804 -0.8321 0.2774
vn -0.4804 -0.8321 -0.2774
vn 0.0000 -0.8321 -0.5547
vn 0.4804 -0.8321 -0.2774
vn 0.8660 0.0000 0.5000
vn 0.8660 0.0000 0.5000
vn 0.0000 0.0000 1.0000
vn 0.0000 0.0000 1.0000
vn -0.8660 0.0000 0.5000
vn -0.8660 0.0000 0.5000
vn -0.8660 0.0000 -0.5000
vn -0.8660 -0.0000 -0.5000
vn 0.0000 0.0000 -1.0000
vn 0.0000 0.0000 -1.0000
vn 0.8660 0.0000 -0.5000
vn 0.8660 0.0000 -0.5000
vn 0.4804 0.8321 0.2774
vn 0.0000 0.8321 0.5547
vn -0.4804 0.8321 0.2774
vn -0.4804 0.8321 -0.2774
vn 0.0000 0.8321 -0.5547
vn 0.4804 0.8321 -0.2774
vn 0.0000 1.0000 0.0000
vn 0.0000 1.0000 0.0000
vn -0.1736 0.0000 -0.9848
vn -0.1736 -0.0000 -0.9848
vn 0.9848 0.0000 -0.1736
vn 0.9848 0.0000 -0.1736
vn 0.1736 0.0000 0.9848
vn 0.1736 0.0000 0.9848
vn -0.9848 0.0000 0.1736
vn -0.9848 0.0000 0.1736
vn 0.0000 -1.0000 0.0000
vn 0.0000 -1.0000 0.0000
vn 0.4804 -0.8321 0.2774
vn 0.0000 -0.8321 0.5547
vn -0.4804 -0.8321 0.2774
vn -0.4804 -0.8321 -0.2774
vn 0.0000 -0.8321 -0.5547
vn 0.4804 -0.8321 -0.2774
vn 0.8660 0.0000 0.5000
vn 0.8660 0.0000 0.5000
vn 0.0000 0.0000 1.0000
vn 0.0000 0.0000 1.0000
vn -0.8660 0.0000 0.5000
vn -0.8660 0.0000 0.5000
vn -0.8660 0.0000 -0.5000
vn -0.8660 -0.0000 -0.5000
vn 0.0000 0.0000 -1.0000
vn 0.0000 0.0000 -1.0000
vn 0.8660 0.0000 -0.5000
vn 0.8660 0.0000 -0.5000
vn 0.4804 0.8321 0.2774
vn 0.0000 0.8321 0.5547
vn -0.4804 0.8321 0.2774
vn -0.4804 0.8321 -0.2774
vn 0.0000 0.8321 -0.5547
vn 0.4804 0.8321 -0.2774
vn 0.4804 -0.8321 0.2774
vn 0.0000 -0.8321 0.5547
vn -0.4804 -0.8321 0.2774
vn -0.4804 -0.8321 -0.2774
vn 0.0000 -0.8321 -0.5547
vn 0.4804 -0.8321 -0.2774
vn 0.8660 0.0000 0.5000
vn 0.8660 0.0000 0.5000
vn 0.0000 0.0000 1.0000
vn 0.0000 0.0000 1.0000
vn -0.8660 0.0000 0.5000
vn -0.8660 0.0000 0.5000
vn -0.8660 0.0000 -0.5000
vn -0.8660 -0.0000 -0.5000
vn 0.0000 0.0000 -1.0000
vn 0.0000 0.0000 -1.0000
vn 0.8660 0.0000 -0.5000
vn 0.8660 0.0000 -0.5000
vn 0.4804 0.8321 0.2774
vn 0.0000 0.8321 0.5547
vn -0.4804 0.8321 0.2774
vn -0.4804 0.8321 -0.2774
vn 0.0000 0.8321 -0.5547
vn 0.4804 0.8321 -0.2774
vn 0.4804 -0.8321 0.2774
vn 0.0000 -0.8321 0.5547
vn -0.4804 -0.8321 0.2774
vn -0.4804 -0.8321 -0.2774
vn 0.0000 -0.8321 -0.5547
vn 0.4804 -0.8321 -0.2774
vn 0.8660 0.0000 0.5000
vn 0.8660 0.0000 0.5000
vn 0.0000 0.0000 1.0000
vn 0.0000 0.0000 1.0000
vn -0.8660 0.0000 0.5000
vn -0.8660 0.0000 0.5000
vn -0.8660 0.0000 -0.5000
vn -0.8660 -0.0000 -0.5000
vn 0.0000 0.0000 -1.0000
vn 0.0000 0.0000 -1.0000
vn 0.8660 0.0000 -0.5000
vn 0.8660 0.0000 -0.5000
vn 0.4804 0.8321 0.2774
vn 0.0000 0.8321 0.5547
vn -0.4804 0.8321 0.2774
vn -0.4804 0.8321 -0.2774
vn 0.0000 0.8321 -0.5547
vn 0.4804 0.8321 -0.2774
vn 0.4804 -0.8321 0.2774
vn 0.0000 -0.8321 0.5547
vn -0.4804 -0.8321 0.2774
vn -0.4804 -0.8321 -0.2774
vn 0.0000 -0.8321 -0.5547
vn 0.4804 -0.8321 -0.2774
vn 0.8660 0.0000 0.5000
vn 0.8660 0.0000 0.5000
vn 0.0000 0.0000 1.0000
vn 0.0000 0.0000 1.0000
vn -0.8660 0.0000 0.5000
vn -0.8660 0.0000 0.5000
vn -0.8660 0.0000 -0.5000
vn -0.8660 -0.0000 -0.5000
vn 0.0000 0.0000 -1.0000
vn 0.0000 0.0000 -1.0000
vn 0.8660 0.0000 -0.5000
vn 0.8660 0.0000 -0.5000
vn 0.4804 0.8321 0.2774
vn 0.0000 0.8321 0.5547
vn -0.4804 0.8321 0.2774
vn -0.4804 0.8321 -0.2774
vn 0.0000 0.8321 -0.5547
vn 0.4804 0.8321 -0.2774
vn 0.4804 -0.8321 0.2774
vn 0.0000 -0.8321 0.5547
vn -0.4804 -0.8321 0.2774
vn -0.4804 -0.8321 -0.2774
vn 0.0000 -0.8321 -0.5547
vn 0.4804 -0.8321 -0.2774
vn 0.8660 0.0000 0.5000
vn 0.8660 0.0000 0.5000
vn 0.0000 0.0000 1.0000
vn 0.0000 0.0000 1.0000
vn -0.8660 0.0000 0.5000
vn -0.8660 0.0000 0.5000
vn -0.8660 0.0000 -0.5000
vn -0.8660 -0.0000 -0.5000
vn 0.0000 0.0000 -1.0000
vn 0.0000 0.0000 -1.0000
vn 0.8660 0.0000 -0.5000
vn 0.8660 0.0000 -0.5000
vn 0.4804 0.8321 0.2774
vn 0.0000 0.8321 0.5547
vn -0.4804 0.8321 0.2774
vn -0.4804 0.8321 -0.2774
vn 0.0000 0.8321 -0.5547
vn 0.4804 0.8321 -0.2774
vn 0.0000 -1.0000 0.0000
vn -0.0000 -1.0000 0.0000
vn 0.0000 -1.0000 -0.0000
vn 0.0000 -1.0000 -0.0000
vn 0.0000 -1.0000 0.0000
vn 0.0000 -1.0000 0.0000
vn 0.0000 -1.0000 0.0000
vn 0.0000 -1.0000 0.0000
vn 0.9094 -0.1764 0.3767
vn 0.9094 -0.1764 0.3767
vn 0.3767 -0.1764 0.9094
vn 0.3767 -0.1764 0.9094
vn -0.3767 -0.1764 0.9094
vn -0.3767 -0.1764 0.9094
vn -0.9094 -0.1764 0.3767
vn -0.9094 -0.1764 0.3767
vn -0.9094 -0.1764 -0.3767
vn -0.9094 -0.1764 -0.3767
vn -0.3767 -0.1764 -0.9094
vn -0.3767 -0.1764 -0.9094
vn 0.3767 -0.1764 -0.9094
vn 0.3767 -0.1764 -0.9094
vn 0.9094 -0.1764 -0.3767
vn 0.9094 -0.1764 -0.3767
vn 0.9239 0.0000 0.3827
vn 0.9239 0.0000 0.3827
vn 0.3827 0.0000 0.9239
vn 0.3827 0.0000 0.9239
vn -0.3827 0.0000 0.9239
vn -0.3827 0.0000 0.9239
vn -0.9239 0.0000 0.3827
vn -0.9239 0.0000 0.3827
vn -0.9239 0.0000 -0.3827
vn -0.9239 -0.0000 -0.3827
vn -0.3827 0.0000 -0.9239
vn -0.3827 -0.0000 -0.9239
vn 0.3827 0.0000 -0.9239
vn 0.3827 0.0000 -0.9239
vn 0.9239 0.0000 -0.3827
vn 0.9239 0.0000 -0.3827
vn 0.9094 0.1764 0.3767
vn 0.9094 0.1764 0.3767
vn 0.3767 0.1764 0.9094
vn 0.3767 0.1764 0.9094
vn -0.3767 0.1764 0.9094
vn -0.3767 0.1764 0.9094
vn -0.9094 0.1764 0.3767
vn -0.9094 0.1764 0.3767
vn -0.9094 0.1764 -0.3767
vn -0.9094 0.1764 -0.3767
vn -0.3767 0.1764 -0.9094
vn -0.3767 0.1764 -0.9094
vn 0.3767 0.1764 -0.9094
vn 0.3767 0.1764 -0.9094
vn 0.9094 0.1764 -0.3767
vn 0.9094 0.1764 -0.3767
vn 0.0000 1.0000 0.0000
vn 0.0000 1.0000 0.0000
vn 0.0000 1.0000 -0.0000
vn 0.0000 1.0000 0.0000
vn 0.0000 1.0000 0.0000
vn 0.0000 1.0000 0.0000
vn 0.0000 1.0000 0.0000
vn -0.0000 1.0000 0.0000
vn 0.8999 -0.2266 0.3727
vn 0.8999 -0.2266 0.3727
vn 0.3727 -0.2266 0.8999
vn 0.3727 -0.2266 0.8999
vn -0.3727 -0.2266 0.8999
vn -0.3727 -0.2266 0.8999
vn -0.8999 -0.2266 0.3727
vn -0.8999 -0.2266 0.3727
vn -0.8999 -0.2266 -0.3727
vn -0.8999 -0.2266 -0.3727
vn -0.3727 -0.2266 -0.8999
vn -0.3727 -0.2266 -0.8999
vn 0.3727 -0.2266 -0.8999
vn 0.3727 -0.2266 -0.8999
vn 0.8999 -0.2266 -0.3727
vn 0.8999 -0.2266 -0.3727
vn 0.8999 0.2266 0.3727
vn 0.8999 0.2266 0.3727
vn 0.3727 0.2266 0.8999
vn 0.3727 0.2266 0.8999
vn -0.3727 0.2266 0.8999
vn -0.3727 0.2266 0.8999
vn -0.8999 0.2266 0.3727
vn -0.8999 0.2266 0.3727
vn -0.8999 0.2266 -0.3727
vn -0.8999 0.2266 -0.3727
vn -0.3727 0.2266 -0.8999
vn -0.3727 0.2266 -0.8999
vn 0.3727 0.2266 -0.8999
vn 0.3727 0.2266 -0.8999
vn 0.8999 0.2266 -0.3727
vn 0.8999 0.2266 -0.3727
vn 0.9239 0.0000 0.3827
vn 0.9239 0.0000 0.3827
vn 0.3827 0.0000 0.9239
vn 0.3827 0.0000 0.9239
vn -0.3827 0.0000 0.9239
vn -0.3827 0.0000 0.9239
vn -0.9239 0.0000 0.3827
vn -0.9239 0.0000 0.3827
vn -0.9239 0.0000 -0.3827
vn -0.9239 -0.0000 -0.3827
vn -0.3827 0.0000 -0.9239
vn -0.3827 -0.0000 -0.9239
vn 0.3827 0.0000 -0.9239
vn 0.3827 0.0000 -0.9239
vn 0.9239 0.0000 -0.3827
vn 0.9239 0.0000 -0.3827
vn 0.0000 1.0000 0.0000
vn 0.0000 1.0000 0.0000
vn 0.0000 1.0000 0.0000
vn 0.0000 1.0000 0.0000
vn 0.0000 1.0000 -0.0000
vn 0.0000 1.0000 0.0000
vn 0.9644 -0.0697 0.2553
vn 0.9644 -0.0697 0.2553
vn 0.7060 0.0001 -0.7083
vn 0.7060 0.0001 -0.7083
vn -0.2584 0.0698 -0.9635
vn -0.2584 0.0698 -0.9635
vn -0.9644 0.0697 -0.2553
vn -0.9644 0.0697 -0.2553
vn -0.7060 -0.0001 0.7083
vn -0.7060 -0.0001 0.7083
vn 0.2584 -0.0698 0.9635
vn 0.2584 -0.0698 0.9635
vn -0.0570 -0.9968 -0.0570
vn -0.0570 -0.9968 -0.0570
vn -0.0570 -0.9968 -0.0570
vn -0.0570 -0.9968 -0.0570
vn 0.0570 0.9968 0.0570
vn 0.0570 0.9968 0.0570
vn 0.0570 0.9968 0.0570
vn 0.0570 0.9968 0.0570
vn 0.9644 -0.0697 0.2553
vn 0.9644 -0.0697 0.2553
vn 0.7060 0.0001 -0.7083
vn 0.7060 0.0001 -0.7083
vn -0.2584 0.0698 -0.9635
vn -0.2584 0.0698 -0.9635
vn -0.9644 0.0697 -0.2553
vn -0.9644 0.0697 -0.2553
vn -0.7060 -0.0001 0.7083
vn -0.7060 -0.0001 0.7083
vn 0.2584 -0.0698 0.9635
vn 0.2584 -0.0698 0.9635
vn -0.0570 -0.9968 -0.0570
vn -0.0570 -0.9968 -0.0570
vn -0.0570 -0.9968 -0.0570
vn -0.0570 -0.9968 -0.0570
vn 0.0570 0.9968 0.0570
vn 0.0570 0.9968 0.0570
vn 0.0570 0.9968 0.0570
vn 0.0570 0.9968 0.0570
vn 0.9644 -0.0697 0.2553
vn 0.9644 -0.0697 0.2553
vn 0.7060 0.0001 -0.7083
vn 0.7060 0.0001 -0.7083
vn -0.2584 0.0698 -0.9635
vn -0.2584 0.0698 -0.9635
vn -0.9644 0.0697 -0.2553
vn -0.9644 0.0697 -0.2553
vn -0.7060 -0.0001 0.7083
vn -0.7060 -0.0001 0.7083
vn 0.2584 -0.0698 0.9635
vn 0.2584 -0.0698 0.9635
vn -0.0570 -0.9968 -0.0570
vn -0.0570 -0.9968 -0.0570
vn -0.0570 -0.9968 -0.0570
vn -0.0570 -0.9968 -0.0570
vn 0.0570 0.9968 0.0570
vn 0.0570 0.9968 0.0570
vn 0.0570 0.9968 0.0570
vn 0.0570 0.9968 0.0570
vn -0.6454 0.5032 0.5747
vn 0.0370 0.9334 0.3568
vn 0.0353 0.8903 -0.4540
vn -0.6286 0.4447 -0.6380
vn -0.9569 0.2781 -0.0834
vn 0.7059 0.4451 0.5510
vn -0.3108 -0.0871 0.9465
vn 0.0000 -1.0000 0.0000
vn -0.3470 -0.0446 -0.9368
vn 0.5938 0.5182 -0.6155
vn 0.0000 -1.0000 0.0000
vn 0.0000 -1.0000 0.0000
vn -0.0000 -1.0000 0.0000
vn 0.0000 -1.0000 -0.0000
vn 0.0000 -1.0000 0.0000
vn 0.4077 -0.0837 0.9092
vn 0.0000 -1.0000 0.0000
vn 0.0000 -1.0000 0.0000
vn 0.2782 -0.0457 -0.9594
vn 0.9534 0.2924 0.0744
vn 0.0000 0.0000 1.0000
vn 0.0000 0.0000 1.0000
vn 0.0000 0.0000 1.0000
vn -0.0000 0.0000 1.0000
vn 0.0000 0.0000 1.0000
vn 0.0000 0.0000 1.0000
vn 0.0000 0.0000 1.0000
vn 0.0000 0.0000 1.0000
vn -0.6248 0.5125 0.5891
vn -0.0404 0.9081 0.4168
vn -0.0399 0.8970 -0.4402
vn -0.6140 0.5067 -0.6051
vn -0.9473 0.3202 -0.0098
vn 0.6087 0.4997 0.6162
vn -0.3039 -0.0603 0.9508
vn 0.0000 -1.0000 0.0000
vn -0.4024 0.0975 -0.9103
vn 0.5723 0.5234 -0.6313
vn 0.0000 -1.0000 0.0000
vn 0.0000 -1.0000 0.0000
vn -0.0000 -1.0000 0.0000
vn 0.0000 -1.0000 -0.0000
vn 0.0000 -1.0000 0.0000
vn 0.2910 -0.0605 0.9548
vn 0.0000 -1.0000 0.0000
vn 0.0000 -1.0000 0.0000
vn 0.3500 0.0998 -0.9314
vn 0.9475 0.3186 0.0275
vn 0.0000 0.0000 1.0000
vn 0.0000 0.0000 1.0000
vn 0.0000 0.0000 1.0000
vn -0.0000 0.0000 1.0000
vn 0.0000 0.0000 1.0000
vn 0.0000 0.0000 1.0000
vn 0.0000 0.0000 1.0000
vn 0.0000 0.0000 1.0000
vn -0.0000 1.0000 0.0000
vn 0.0000 1.0000 0.0000
vn 0.2588 0.0000 -0.9659
vn 0.2588 0.0000 -0.9659
vn 0.9659 0.0000 0.2588
vn 0.9659 0.0000 0.2588
vn -0.2588 0.0000 0.9659
vn -0.2588 0.0000 0.9659
vn -0.9659 0.0000 -0.2588
vn -0.9659 -0.0000 -0.2588
vn 0.0000 -1.0000 0.0000
vn -0.0000 -1.0000 0.0000
vn 0.0000 1.0000 0.0000
vn -0.0000 1.0000 0.0000
vn 0.9659 0.0000 0.2588
vn 0.9659 0.0000 0.2588
vn -0.2588 0.0000 0.9659
vn -0.2588 0.0000 0.9659
vn -0.9659 0.0000 -0.2588
vn -0.9659 -0.0000 -0.2588
vn -0.0000 -1.0000 0.0000
vn 0.0000 -1.0000 0.0000
vn 0.0000 1.0000 0.0000
vn -0.0000 1.0000 0.0000
vn 0.9659 0.0000 0.2588
vn 0.9659 0.0000 0.2588
vn -0.2588 0.0000 0.9659
vn -0.2588 0.0000 0.9659
vn -0.9659 0.0000 -0.2588
vn -0.9659 -0.0000 -0.2588
vn -0.0000 -1.0000 0.0000
vn 0.0000 -1.0000 0.0000
vn -0.0000 1.0000 0.0000
vn 0.0000 1.0000 0.0000
vn 0.2588 0.0000 -0.9659
vn 0.2588 0.0000 -0.9659
vn 0.9659 0.0000 0.2588
vn 0.9659 0.0000 0.2588
vn -0.2588 0.0000 0.9659
vn -0.2588 0.0000 0.9659
vn -0.9659 0.0000 -0.2588
vn -0.9659 -0.0000 -0.2588
vn 0.0000 -1.0000 0.0000
vn -0.0000 -1.0000 0.0000
vn 0.0000 1.0000 0.0000
vn -0.0000 1.0000 0.0000
vn 0.2588 0.0000 -0.9659
vn 0.2588 0.0000 -0.9659
vn 0.9659 0.0000 0.2588
vn 0.9659 0.0000 0.2588
vn -0.2588 0.0000 0.9659
vn -0.2588 0.0000 0.9659
vn -0.9659 0.0000 -0.2588
vn -0.9659 -0.0000 -0.2588
vn -0.0000 -1.0000 0.0000
vn 0.0000 -1.0000 0.0000
vn -0.0000 1.0000 0.0000
vn 0.0000 1.0000 0.0000
vn 0.9659 0.0000 0.2588
vn 0.9659 0.0000 0.2588
vn -0.2588 0.0000 0.9659
vn -0.2588 0.0000 0.9659
vn -0.9659 0.0000 -0.2588
vn -0.9659 -0.0000 -0.2588
vn -0.0000 1.0000 0.0000
vn 0.0000 1.0000 0.0000
vn 0.9659 0.0000 0.2588
vn 0.9659 0.0000 0.2588
vn -0.2588 0.0000 0.9659
vn -0.2588 0.0000 0.9659
vn -0.9659 0.0000 -0.2588
vn -0.9659 -0.0000 -0.2588
vn -0.0000 1.0000 0.0000
vn 0.0000 1.0000 0.0000
vn 0.9659 0.0000 0.2588
vn 0.9659 0.0000 0.2588
vn -0.2588 0.0000 0.9659
vn -0.2588 0.0000 0.9659
vn -0.9659 0.0000 -0.2588
vn -0.9659 -0.0000 -0.2588
vn 0.0000 1.0000 0.0000
vn -0.0000 1.0000 0.0000
vn 0.2588 0.0000 -0.9659
vn 0.2588 0.0000 -0.9659
vn 0.9659 0.0000 0.2588
vn 0.9659 0.0000 0.2588
vn -0.2588 0.0000 0.9659
vn -0.2588 0.0000 0.9659
vn -0.9659 0.0000 -0.2588
vn -0.9659 -0.0000 -0.2588
vn -0.0000 -1.0000 0.0000
vn 0.0000 -1.0000 0.0000
vn -0.0000 1.0000 0.0000
vn 0.0000 1.0000 0.0000
vn 0.9659 0.0000 0.2588
vn 0.9659 0.0000 0.2588
vn -0.2588 0.0000 0.9659
vn -0.2588 0.0000 0.9659
vn -0.9659 0.0000 -0.2588
vn -0.9659 -0.0000 -0.2588
vn -0.0000 1.0000 0.0000
vn 0.0000 1.0000 0.0000
vn 0.9659 0.0000 0.2588
vn 0.9659 0.0000 0.2588
vn -0.2588 0.0000 0.9659
vn -0.2588 0.0000 0.9659
vn -0.9659 0.0000 -0.2588
vn -0.9659 -0.0000 -0.2588
vn -0.0000 1.0000 0.0000
vn 0.0000 1.0000 0.0000
vn 0.9659 0.0000 0.2588
vn 0.9659 0.0000 0.2588
vn -0.2588 0.0000 0.9659
vn -0.2588 0.0000 0.9659
vn -0.9659 0.0000 -0.2588
vn -0.9659 -0.0000 -0.2588
vn 0.0000 1.0000 0.0000
vn -0.0000 1.0000 0.0000
vn 0.2588 0.0000 -0.9659
vn 0.2588 0.0000 -0.9659
vn 0.9659 0.0000 0.2588
vn 0.9659 0.0000 0.2588
vn -0.2588 0.0000 0.9659
vn -0.2588 0.0000 0.9659
vn -0.9659 0.0000 -0.2588
vn -0.9659 -0.0000 -0.2588
vn -0.0000 -1.0000 0.0000
vn 0.0000 -1.0000 0.0000
vn -0.0000 1.0000 0.0000
vn 0.0000 1.0000 0.0000
vn 0.9659 0.0000 0.2588
vn 0.9659 0.0000 0.2588
vn -0.2588 0.0000 0.9659
vn -0.2588 0.0000 0.9659
vn -0.9659 0.0000 -0.2588
vn -0.9659 -0.0000 -0.2588
vn -0.0000 1.0000 0.0000
vn 0.0000 1.0000 0.0000
vn 0.9659 0.0000 0.2588
vn 0.9659 0.0000 0.2588
vn -0.2588 0.0000 0.9659
vn -0.2588 0.0000 0.9659
vn -0.9659 0.0000 -0.2588
vn -0.9659 -0.0000 -0.2588
vn -0.0000 1.0000 0.0000
vn 0.0000 1.0000 0.0000
vn 0.9659 0.0000 0.2588
vn 0.9659 0.0000 0.2588
vn -0.2588 0.0000 0.9659
vn -0.2588 0.0000 0.9659
vn -0.9659 0.0000 -0.2588
vn -0.9659 -0.0000 -0.2588
vn 0.4003 -0.9164 0.0061
vn 0.3054 -0.9487 0.0818
vn -0.0747 -0.9970 -0.0200
vn -0.1244 -0.9831 -0.1345
vn -0.1750 -0.9831 0.0543
vn -0.0747 -0.9970 -0.0200
vn 0.3054 -0.9487 0.0818
vn 0.3497 -0.9164 0.1949
vn 0.7613 -0.4474 0.4694
vn 0.7649 -0.4067 0.4996
vn 0.2401 -0.5389 0.8074
vn 0.2186 -0.4902 0.8437
vn -0.4897 -0.5822 0.6490
vn -0.4659 -0.6305 0.6208
vn -0.7919 -0.6063 0.0732
vn -0.7631 -0.6425 0.0693
vn -0.6321 -0.6414 -0.4348
vn -0.6449 -0.6046 -0.4674
vn -0.1016 -0.6295 -0.7703
vn -0.0917 -0.5796 -0.8097
vn 0.6170 -0.4911 -0.6149
vn 0.6049 -0.5418 -0.5835
vn 0.9122 -0.4078 -0.0410
vn 0.8926 -0.4495 -0.0346
vn -0.4196 0.9077 -0.0042
vn -0.3190 0.9439 -0.0855
vn 0.0890 0.9957 0.0238
vn 0.1417 0.9790 0.1462
vn 0.1958 0.9790 -0.0558
vn 0.0890 0.9957 0.0238
vn -0.3190 0.9439 -0.0855
vn -0.3655 0.9077 -0.2062
vn 0.1177 -0.9925 0.0315
vn 0.1177 -0.9925 0.0315
vn 0.1177 -0.9925 0.0315
vn 0.1177 -0.9925 0.0315
vn 0.1177 -0.9925 0.0315
vn 0.1177 -0.9925 0.0315
vn 0.1177 -0.9925 0.0315
vn 0.1177 -0.9925 0.0315
vn 0.7565 0.0104 0.6540
vn 0.7565 0.0104 0.6540
vn 0.0844 -0.0478 0.9953
vn 0.0844 -0.0478 0.9953
vn -0.5499 -0.1284 0.8253
vn -0.5499 -0.1284 0.8253
vn -0.9587 -0.2077 0.1944
vn -0.9587 -0.2077 0.1944
vn -0.7331 -0.2077 -0.6477
vn -0.7331 -0.2077 -0.6477
vn -0.0635 -0.1284 -0.9897
vn -0.0635 -0.1284 -0.9897
vn 0.5707 -0.0478 -0.8197
vn 0.5707 -0.0478 -0.8197
vn 0.9821 0.0104 -0.1881
vn 0.9821 0.0104 -0.1881
vn 0.6767 0.4077 0.6131
vn 0.6767 0.4077 0.6131
vn 0.0390 0.3121 0.9492
vn 0.0390 0.3121 0.9492
vn -0.5732 0.2343 0.7852
vn -0.5732 0.2343 0.7852
vn -0.9645 0.1991 0.1734
vn -0.9645 0.1991 0.1734
vn -0.7486 0.1991 -0.6324
vn -0.7486 0.1991 -0.6324
vn -0.1038 0.2343 -0.9666
vn -0.1038 0.2343 -0.9666
vn 0.5084 0.3121 -0.8026
vn 0.5084 0.3121 -0.8026
vn 0.8926 0.4077 -0.1926
vn 0.8926 0.4077 -0.1926
vn -0.3706 0.8925 -0.2570
vn -0.3706 0.8925 -0.2570
vn -0.1372 0.9010 -0.4116
vn -0.1372 0.9010 -0.4116
vn 0.1073 0.9320 -0.3461
vn 0.1073 0.9320 -0.3461
vn 0.2287 0.9687 -0.0964
vn 0.2287 0.9687 -0.0964
vn 0.1498 0.9687 0.1978
vn 0.1498 0.9687 0.1978
vn -0.0802 0.9320 0.3534
vn -0.0802 0.9320 0.3534
vn -0.3246 0.9010 0.2879
vn -0.3246 0.9010 0.2879
vn -0.4494 0.8925 0.0373
vn -0.4494 0.8925 0.0373
vn -0.1177 0.9925 -0.0315
vn -0.1177 0.9925 -0.0315
vn -0.1177 0.9925 -0.0315
vn -0.1177 0.9925 -0.0315
vn -0.1177 0.9925 -0.0315
vn -0.1177 0.9925 -0.0315
vn -0.1177 0.9925 -0.0315
vn -0.1177 0.9925 -0.0315
vn 0.7574 -0.0178 0.6528
vn 0.7574 -0.0178 0.6528
vn 0.0872 -0.0727 0.9935
vn 0.0872 -0.0727 0.9935
vn -0.5455 -0.1532 0.8240
vn -0.5455 -0.1532 0.8240
vn -0.9523 -0.2351 0.1947
vn -0.9523 -0.2351 0.1947
vn -0.7274 -0.2351 -0.6447
vn -0.7274 -0.2351 -0.6447
vn -0.0604 -0.1532 -0.9864
vn -0.0604 -0.1532 -0.9864
vn 0.5723 -0.0727 -0.8168
vn 0.5723 -0.0727 -0.8168
vn 0.9823 -0.0178 -0.1866
vn 0.9823 -0.0178 -0.1866
vn 0.9511 0.0000 0.3090
vn 0.9511 0.0000 0.3090
vn 0.5878 0.0000 0.8090
vn 0.5878 0.0000 0.8090
vn 0.0000 0.0000 1.0000
vn 0.0000 0.0000 1.0000
vn -0.5878 0.0000 0.8090
vn -0.5878 0.0000 0.8090
vn -0.9511 0.0000 0.3090
vn -0.9511 0.0000 0.3090
vn -0.9511 0.0000 -0.3090
vn -0.9511 -0.0000 -0.3090
vn -0.5878 0.0000 -0.8090
vn -0.5878 -0.0000 -0.8090
vn 0.0000 0.0000 -1.0000
vn 0.0000 0.0000 -1.0000
vn 0.5878 0.0000 -0.8090
vn 0.5878 0.0000 -0.8090
vn 0.9511 0.0000 -0.3090
vn 0.9511 0.0000 -0.3090
vn 0.0000 1.0000 0.0000
vn 0.0000 1.0000 0.0000
vn 0.0000 1.0000 0.0000
vn 0.0000 1.0000 0.0000
vn 0.0000 1.0000 0.0000
vn 0.0000 1.0000 0.0000
vn 0.0000 1.0000 -0.0000
vn 0.0000 1.0000 0.0000
vn 0.0000 -1.0000 0.0000
vn 0.0000 -1.0000 0.0000
vn 0.0000 -1.0000 0.0000
vn 0.0000 -1.0000 0.0000
vn -0.0000 -1.0000 0.0000
vn 0.0000 -1.0000 0.0000
vn 0.0000 -1.0000 0.0000
vn 0.0000 -1.0000 0.0000
vn 0.9511 0.0000 0.3090
vn 0.9511 0.0000 0.3090
vn 0.5878 0.0000 0.8090
vn 0.5878 0.0000 0.8090
vn 0.0000 0.0000 1.0000
vn 0.0000 0.0000 1.0000
vn -0.5878 0.0000 0.8090
vn -0.5878 0.0000 0.8090
vn -0.9511 0.0000 0.3090
vn -0.9511 0.0000 0.3090
vn -0.9511 0.0000 -0.3090
vn -0.9511 -0.0000 -0.3090
vn -0.5878 0.0000 -0.8090
vn -0.5878 -0.0000 -0.8090
vn 0.0000 0.0000 -1.0000
vn 0.0000 0.0000 -1.0000
vn 0.5878 0.0000 -0.8090
vn 0.5878 0.0000 -0.8090
vn 0.9511 0.0000 -0.3090
vn 0.9511 0.0000 -0.3090
vn 0.9511 0.0000 0.3090
vn 0.9511 0.0000 0.3090
vn 0.5878 0.0000 0.8090
vn 0.5878 0.0000 0.8090
vn 0.0000 0.0000 1.0000
vn 0.0000 0.0000 1.0000
vn -0.5878 0.0000 0.8090
vn -0.5878 0.0000 0.8090
vn -0.9511 0.0000 0.3090
vn -0.9511 0.0000 0.3090
vn -0.9511 0.0000 -0.3090
vn -0.9511 -0.0000 -0.3090
vn -0.5878 0.0000 -0.8090
vn -0.5878 -0.0000 -0.8090
vn -0.0000 0.0000 -1.0000
vn -0.0000 -0.0000 -1.0000
vn 0.5878 0.0000 -0.8090
vn 0.5878 0.0000 -0.8090
vn 0.9511 0.0000 -0.3090
vn 0.9511 0.0000 -0.3090
vn 0.9511 0.0000 0.3090
vn 0.9511 0.0000 0.3090
vn 0.5878 0.0000 0.8090
vn 0.5878 0.0000 0.8090
vn 0.0000 0.0000 1.0000
vn 0.0000 0.0000 1.0000
vn -0.5878 0.0000 0.8090
vn -0.5878 0.0000 0.8090
vn -0.9511 0.0000 0.3090
vn -0.9511 0.0000 0.3090
vn -0.9511 0.0000 -0.3090
vn -0.9511 -0.0000 -0.3090
vn -0.5878 0.0000 -0.8090
vn -0.5878 -0.0000 -0.8090
vn 0.0000 0.0000 -1.0000
vn 0.0000 0.0000 -1.0000
vn 0.5878 0.0000 -0.8090
vn 0.5878 0.0000 -0.8090
vn 0.9511 0.0000 -0.3090
vn 0.9511 0.0000 -0.3090
vn 0.0000 1.0000 0.0000
vn 0.0000 1.0000 0.0000
vn 0.0000 1.0000 0.0000
vn 0.0000 1.0000 0.0000
vn 0.0000 1.0000 0.0000
vn 0.0000 1.0000 0.0000
vn 0.0000 1.0000 -0.0000
vn 0.0000 1.0000 0.0000
vn 0.0000 -1.0000 0.0000
vn 0.0000 -1.0000 0.0000
vn 0.0000 -1.0000 0.0000
vn 0.0000 -1.0000 0.0000
vn -0.0000 -1.0000 0.0000
vn 0.0000 -1.0000 0.0000
vn 0.0000 -1.0000 0.0000
vn 0.0000 -1.0000 0.0000
vn 0.9511 0.0000 0.3090
vn 0.9511 0.0000 0.3090
vn 0.5878 0.0000 0.8090
vn 0.5878 0.0000 0.8090
vn 0.0000 0.0000 1.0000
vn 0.0000 0.0000 1.0000
vn -0.5878 0.0000 0.8090
vn -0.5878 0.0000 0.8090
vn -0.9511 0.0000 0.3090
vn -0.9511 0.0000 0.3090
vn -0.9511 0.0000 -0.3090
vn -0.9511 -0.0000 -0.3090
vn -0.5878 0.0000 -0.8090
vn -0.5878 -0.0000 -0.8090
vn 0.0000 0.0000 -1.0000
vn 0.0000 0.0000 -1.0000
vn 0.5878 0.0000 -0.8090
vn 0.5878 0.0000 -0.8090
vn 0.9511 0.0000 -0.3090
vn 0.9511 0.0000 -0.3090
vn 0.9511 0.0000 0.3090
vn 0.9511 0.0000 0.3090
vn 0.5878 0.0000 0.8090
vn 0.5878 0.0000 0.8090
vn 0.0000 0.0000 1.0000
vn 0.0000 0.0000 1.0000
vn -0.5878 0.0000 0.8090
vn -0.5878 0.0000 0.8090
vn -0.9511 0.0000 0.3090
vn -0.9511 0.0000 0.3090
vn -0.9511 0.0000 -0.3090
vn -0.9511 -0.0000 -0.3090
vn -0.5878 0.0000 -0.8090
vn -0.5878 -0.0000 -0.8090
vn -0.0000 0.0000 -1.0000
vn -0.0000 -0.0000 -1.0000
vn 0.5878 0.0000 -0.8090
vn 0.5878 0.0000 -0.8090
vn 0.9511 0.0000 -0.3090
vn 0.9511 0.0000 -0.3090
vn 0.9511 0.0000 0.3090
vn 0.9511 0.0000 0.3090
vn 0.5878 0.0000 0.8090
vn 0.5878 0.0000 0.8090
vn 0.0000 0.0000 1.0000
vn 0.0000 0.0000 1.0000
vn -0.5878 0.0000 0.8090
vn -0.5878 0.0000 0.8090
vn -0.9511 0.0000 0.3090
vn -0.9511 0.0000 0.3090
vn -0.9511 0.0000 -0.3090
vn -0.9511 -0.0000 -0.3090
vn -0.5878 0.0000 -0.8090
vn -0.5878 -0.0000 -0.8090
vn 0.0000 0.0000 -1.0000
vn 0.0000 0.0000 -1.0000
vn 0.5878 0.0000 -0.8090
vn 0.5878 0.0000 -0.8090
vn 0.9511 0.0000 -0.3090
vn 0.9511 0.0000 -0.3090
vn 0.0000 1.0000 0.0000
vn 0.0000 1.0000 0.0000
vn 0.0000 1.0000 0.0000
vn 0.0000 1.0000 0.0000
vn 0.0000 1.0000 0.0000
vn 0.0000 1.0000 0.0000
vn 0.0000 1.0000 -0.0000
vn 0.0000 1.0000 0.0000
vn 0.0000 -1.0000 0.0000
vn 0.0000 -1.0000 0.0000
vn 0.0000 -1.0000 0.0000
vn 0.0000 -1.0000 0.0000
vn -0.0000 -1.0000 0.0000
vn 0.0000 -1.0000 0.0000
vn 0.0000 -1.0000 0.0000
vn 0.0000 -1.0000 0.0000
vn 0.9511 0.0000 0.3090
vn 0.9511 0.0000 0.3090
vn 0.5878 0.0000 0.8090
vn 0.5878 0.0000 0.8090
vn 0.0000 0.0000 1.0000
vn 0.0000 0.0000 1.0000
vn -0.5878 0.0000 0.8090
vn -0.5878 0.0000 0.8090
vn -0.9511 0.0000 0.3090
vn -0.9511 0.0000 0.3090
vn -0.9511 0.0000 -0.3090
vn -0.9511 -0.0000 -0.3090
vn -0.5878 0.0000 -0.8090
vn -0.5878 -0.0000 -0.8090
vn 0.0000 0.0000 -1.0000
vn 0.0000 0.0000 -1.0000
vn 0.5878 0.0000 -0.8090
vn 0.5878 0.0000 -0.8090
vn 0.9511 0.0000 -0.3090
vn 0.9511 0.0000 -0.3090
vn 0.9511 0.0000 0.3090
vn 0.9511 0.0000 0.3090
vn 0.5878 0.0000 0.8090
vn 0.5878 0.0000 0.8090
vn 0.0000 0.0000 1.0000
vn 0.0000 0.0000 1.0000
vn -0.5878 0.0000 0.8090
vn -0.5878 0.0000 0.8090
vn -0.9511 0.0000 0.3090
vn -0.9511 0.0000 0.3090
vn -0.9511 0.0000 -0.3090
vn -0.9511 -0.0000 -0.3090
vn -0.5878 0.0000 -0.8090
vn -0.5878 -0.0000 -0.8090
vn -0.0000 0.0000 -1.0000
vn -0.0000 -0.0000 -1.0000
vn 0.5878 0.0000 -0.8090
vn 0.5878 0.0000 -0.8090
vn 0.9511 0.0000 -0.3090
vn 0.9511 0.0000 -0.3090
vn 0.9511 0.0000 0.3090
vn 0.9511 0.0000 0.3090
vn 0.5878 0.0000 0.8090
vn 0.5878 0.0000 0.8090
vn 0.0000 0.0000 1.0000
vn 0.0000 0.0000 1.0000
vn -0.5878 0.0000 0.8090
vn -0.5878 0.0000 0.8090
vn -0.9511 0.0000 0.3090
vn -0.9511 0.0000 0.3090
vn -0.9511 0.0000 -0.3090
vn -0.9511 -0.0000 -0.3090
vn -0.5878 0.0000 -0.8090
vn -0.5878 -0.0000 -0.8090
vn 0.0000 0.0000 -1.0000
vn 0.0000 0.0000 -1.0000
vn 0.5878 0.0000 -0.8090
vn 0.5878 0.0000 -0.8090
vn 0.9511 0.0000 -0.3090
vn 0.9511 0.0000 -0.3090
vn 0.0000 1.0000 0.0000
vn 0.0000 1.0000 0.0000
vn 0.0000 1.0000 0.0000
vn 0.0000 1.0000 0.0000
vn 0.0000 1.0000 0.0000
vn 0.0000 1.0000 0.0000
vn 0.0000 1.0000 -0.0000
vn 0.0000 1.0000 0.0000
vn 0.0000 -1.0000 0.0000
vn 0.0000 -1.0000 0.0000
vn 0.0000 -1.0000 0.0000
vn 0.0000 -1.0000 0.0000
vn -0.0000 -1.0000 0.0000
vn 0.0000 -1.0000 0.0000
vn 0.0000 -1.0000 0.0000
vn 0.0000 -1.0000 0.0000
vn 0.9511 0.0000 0.3090
vn 0.9511 0.0000 0.3090
vn 0.5878 0.0000 0.8090
vn 0.5878 0.0000 0.8090
vn 0.0000 0.0000 1.0000
vn 0.0000 0.0000 1.0000
vn -0.5878 0.0000 0.8090
vn -0.5878 0.0000 0.8090
vn -0.9511 0.0000 0.3090
vn -0.9511 0.0000 0.3090
vn -0.9511 0.0000 -0.3090
vn -0.9511 -0.0000 -0.3090
vn -0.5878 0.0000 -0.8090
vn -0.5878 -0.0000 -0.8090
vn 0.0000 0.0000 -1.0000
vn 0.0000 0.0000 -1.0000
vn 0.5878 0.0000 -0.8090
vn 0.5878 0.0000 -0.8090
vn 0.9511 0.0000 -0.3090
vn 0.9511 0.0000 -0.3090
vn 0.9511 0.0000 0.3090
vn 0.9511 0.0000 0.3090
vn 0.5878 0.0000 0.8090
vn 0.5878 0.0000 0.8090
vn 0.0000 0.0000 1.0000
vn 0.0000 0.0000 1.0000
vn -0.5878 0.0000 0.8090
vn -0.5878 0.0000 0.8090
vn -0.9511 0.0000 0.3090
vn -0.9511 0.0000 0.3090
vn -0.9511 0.0000 -0.3090
vn -0.9511 -0.0000 -0.3090
vn -0.5878 0.0000 -0.8090
vn -0.5878 -0.0000 -0.8090
vn -0.0000 0.0000 -1.0000
vn -0.0000 -0.0000 -1.0000
vn 0.5878 0.0000 -0.8090
vn 0.5878 0.0000 -0.8090
vn 0.9511 0.0000 -0.3090
vn 0.9511 0.0000 -0.3090
vn 0.9511 0.0000 0.3090
vn 0.9511 0.0000 0.3090
vn 0.5878 0.0000 0.8090
vn 0.5878 0.0000 0.8090
vn 0.0000 0.0000 1.0000
vn 0.0000 0.0000 1.0000
vn -0.5878 0.0000 0.8090
vn -0.5878 0.0000 0.8090
vn -0.9511 0.0000 0.3090
vn -0.9511 0.0000 0.3090
vn -0.9511 0.0000 -0.3090
vn -0.9511 -0.0000 -0.3090
vn -0.5878 0.0000 -0.8090
vn -0.5878 -0.0000 -0.8090
vn 0.0000 0.0000 -1.0000
vn 0.0000 0.0000 -1.0000
vn 0.5878 0.0000 -0.8090
vn 0.5878 0.0000 -0.8090
vn 0.9511 0.0000 -0.3090
vn 0.9511 0.0000 -0.3090
vn 0.0000 1.0000 0.0000
vn 0.0000 1.0000 0.0000
vn 0.0000 1.0000 0.0000
vn 0.0000 1.0000 0.0000
vn 0.0000 1.0000 0.0000
vn 0.0000 1.0000 0.0000
vn 0.0000 1.0000 -0.0000
vn 0.0000 1.0000 0.0000
vn 0.0000 -1.0000 0.0000
vn 0.0000 -1.0000 0.0000
vn 0.0000 -1.0000 0.0000
vn 0.0000 -1.0000 0.0000
vn -0.0000 -1.0000 0.0000
vn 0.0000 -1.0000 0.0000
vn 0.0000 -1.0000 0.0000
vn 0.0000 -1.0000 0.0000
vn 0.9511 0.0000 0.3090
vn 0.9511 0.0000 0.3090
vn 0.5878 0.0000 0.8090
vn 0.5878 0.0000 0.8090
vn 0.0000 0.0000 1.0000
vn 0.0000 0.0000 1.0000
vn -0.5878 0.0000 0.8090
vn -0.5878 0.0000 0.8090
vn -0.9511 0.0000 0.3090
vn -0.9511 0.0000 0.3090
vn -0.9511 0.0000 -0.3090
vn -0.9511 -0.0000 -0.3090
vn -0.5878 0.0000 -0.8090
vn -0.5878 -0.0000 -0.8090
vn 0.0000 0.0000 -1.0000
vn 0.0000 0.0000 -1.0000
vn 0.5878 0.0000 -0.8090
vn 0.5878 0.0000 -0.8090
vn 0.9511 0.0000 -0.3090
vn 0.9511 0.0000 -0.3090
vn 0.9511 0.0000 0.3090
vn 0.9511 0.0000 0.3090
vn 0.5878 0.0000 0.8090
vn 0.5878 0.0000 0.8090
vn 0.0000 0.0000 1.0000
vn 0.0000 0.0000 1.0000
vn -0.5878 0.0000 0.8090
vn -0.5878 0.0000 0.8090
vn -0.9511 0.0000 0.3090
vn -0.9511 0.0000 0.3090
vn -0.9511 0.0000 -0.3090
vn -0.9511 -0.0000 -0.3090
vn -0.5878 0.0000 -0.8090
vn -0.5878 -0.0000 -0.8090
vn -0.0000 0.0000 -1.0000
vn -0.0000 -0.0000 -1.0000
vn 0.5878 0.0000 -0.8090
vn 0.5878 0.0000 -0.8090
vn 0.9511 0.0000 -0.3090
vn 0.9511 0.0000 -0.3090
vn 0.9511 0.0000 0.3090
vn 0.9511 0.0000 0.3090
vn 0.5878 0.0000 0.8090
vn 0.5878 0.0000 0.8090
vn 0.0000 0.0000 1.0000
vn 0.0000 0.0000 1.0000
vn -0.5878 0.0000 0.8090
vn -0.5878 0.0000 0.8090
vn -0.9511 0.0000 0.3090
vn -0.9511 0.0000 0.3090
vn -0.9511 0.0000 -0.3090
vn -0.9511 -0.0000 -0.3090
vn -0.5878 0.0000 -0.8090
vn -0.5878 -0.0000 -0.8090
vn 0.0000 0.0000 -1.0000
vn 0.0000 0.0000 -1.0000
vn 0.5878 0.0000 -0.8090
vn 0.5878 0.0000 -0.8090
vn 0.9511 0.0000 -0.3090
vn 0.9511 0.0000 -0.3090
vn 0.0000 1.0000 0.0000
vn 0.0000 1.0000 0.0000
vn 0.0000 1.0000 0.0000
vn 0.0000 1.0000 0.0000
vn 0.0000 1.0000 0.0000
vn 0.0000 1.0000 0.0000
vn 0.0000 1.0000 -0.0000
vn 0.0000 1.0000 0.0000
vn 0.0000 -1.0000 0.0000
vn 0.0000 -1.0000 0.0000
vn 0.0000 -1.0000 0.0000
vn 0.0000 -1.0000 0.0000
vn -0.0000 -1.0000 0.0000
vn 0.0000 -1.0000 0.0000
vn 0.0000 -1.0000 0.0000
vn 0.0000 -1.0000 0.0000
vn 0.9511 0.0000 0.3090
vn 0.9511 0.0000 0.3090
vn 0.5878 0.0000 0.8090
vn 0.5878 0.0000 0.8090
vn 0.0000 0.0000 1.0000
vn 0.0000 0.0000 1.0000
vn -0.5878 0.0000 0.8090
vn -0.5878 0.0000 0.8090
vn -0.9511 0.0000 0.3090
vn -0.9511 0.0000 0.3090
vn -0.9511 0.0000 -0.3090
vn -0.9511 -0.0000 -0.3090
vn -0.5878 0.0000 -0.8090
vn -0.5878 -0.0000 -0.8090
vn 0.0000 0.0000 -1.0000
vn 0.0000 0.0000 -1.0000
vn 0.5878 0.0000 -0.8090
vn 0.5878 0.0000 -0.8090
vn 0.9511 0.0000 -0.3090
vn 0.9511 0.0000 -0.3090
vn 0.9511 0.0000 0.3090
vn 0.9511 0.0000 0.3090
vn 0.5878 0.0000 0.8090
vn 0.5878 0.0000 0.8090
vn 0.0000 0.0000 1.0000
vn 0.0000 0.0000 1.0000
vn -0.5878 0.0000 0.8090
vn -0.5878 0.0000 0.8090
vn -0.9511 0.0000 0.3090
vn -0.9511 0.0000 0.3090
vn -0.9511 0.0000 -0.3090
vn -0.9511 -0.0000 -0.3090
vn -0.5878 0.0000 -0.8090
vn -0.5878 -0.0000 -0.8090
vn -0.0000 0.0000 -1.0000
vn -0.0000 -0.0000 -1.0000
vn 0.5878 0.0000 -0.8090
vn 0.5878 0.0000 -0.8090
vn 0.9511 0.0000 -0.3090
vn 0.9511 0.0000 -0.3090
vn 0.9511 0.0000 0.3090
vn 0.9511 0.0000 0.3090
vn 0.5878 0.0000 0.8090
vn 0.5878 0.0000 0.8090
vn 0.0000 0.0000 1.0000
vn 0.0000 0.0000 1.0000
vn -0.5878 0.0000 0.8090
vn -0.5878 0.0000 0.8090
vn -0.9511 0.0000 0.3090
vn -0.9511 0.0000 0.3090
vn -0.9511 0.0000 -0.3090
vn -0.9511 -0.0000 -0.3090
vn -0.5878 0.0000 -0.8090
vn -0.5878 -0.0000 -0.8090
vn 0.0000 0.0000 -1.0000
vn 0.0000 0.0000 -1.0000
vn 0.5878 0.0000 -0.8090
vn 0.5878 0.0000 -0.8090
vn 0.9511 0.0000 -0.3090
vn 0.9511 0.0000 -0.3090
vn 0.0000 1.0000 0.0000
vn 0.0000 1.0000 0.0000
vn 0.0000 1.0000 0.0000
vn 0.0000 1.0000 0.0000
vn 0.0000 1.0000 0.0000
vn 0.0000 1.0000 0.0000
vn 0.0000 1.0000 -0.0000
vn 0.0000 1.0000 0.0000
vn 0.0000 -1.0000 0.0000
vn 0.0000 -1.0000 0.0000
vn 0.0000 -1.0000 0.0000
vn 0.0000 -1.0000 0.0000
vn -0.0000 -1.0000 0.0000
vn 0.0000 -1.0000 0.0000
vn 0.0000 -1.0000 0.0000
vn 0.0000 -1.0000 0.0000
vn 0.9511 0.0000 0.3090
vn 0.9511 0.0000 0.3090
vn 0.5878 0.0000 0.8090
vn 0.5878 0.0000 0.8090
vn 0.0000 0.0000 1.0000
vn 0.0000 0.0000 1.0000
vn -0.5878 0.0000 0.8090
vn -0.5878 0.0000 0.8090
vn -0.9511 0.0000 0.3090
vn -0.9511 0.0000 0.3090
vn -0.9511 0.0000 -0.3090
vn -0.9511 -0.0000 -0.3090
vn -0.5878 0.0000 -0.8090
vn -0.5878 -0.0000 -0.8090
vn 0.0000 0.0000 -1.0000
vn 0.0000 0.0000 -1.0000
vn 0.5878 0.0000 -0.8090
vn 0.5878 0.0000 -0.8090
vn 0.9511 0.0000 -0.3090
vn 0.9511 0.0000 -0.3090
vn 0.9511 0.0000 0.3090
vn 0.9511 0.0000 0.3090
vn 0.5878 0.0000 0.8090
vn 0.5878 0.0000 0.8090
vn 0.0000 0.0000 1.0000
vn 0.0000 0.0000 1.0000
vn -0.5878 0.0000 0.8090
vn -0.5878 0.0000 0.8090
vn -0.9511 0.0000 0.3090
vn -0.9511 0.0000 0.3090
vn -0.9511 0.0000 -0.3090
vn -0.9511 -0.0000 -0.3090
vn -0.5878 0.0000 -0.8090
vn -0.5878 -0.0000 -0.8090
vn -0.0000 0.0000 -1.0000
vn -0.0000 -0.0000 -1.0000
vn 0.5878 0.0000 -0.8090
vn 0.5878 0.0000 -0.8090
vn 0.9511 0.0000 -0.3090
vn 0.9511 0.0000 -0.3090
vn 0.9511 0.0000 0.3090
vn 0.9511 0.0000 0.3090
vn 0.5878 0.0000 0.8090
vn 0.5878 0.0000 0.8090
vn 0.0000 0.0000 1.0000
vn 0.0000 0.0000 1.0000
vn -0.5878 0.0000 0.8090
vn -0.5878 0.0000 0.8090
vn -0.9511 0.0000 0.3090
vn -0.9511 0.0000 0.3090
vn -0.9511 0.0000 -0.3090
vn -0.9511 -0.0000 -0.3090
vn -0.5878 0.0000 -0.8090
vn -0.5878 -0.0000 -0.8090
vn 0.0000 0.0000 -1.0000
vn 0.0000 0.0000 -1.0000
vn 0.5878 0.0000 -0.8090
vn 0.5878 0.0000 -0.8090
vn 0.9511 0.0000 -0.3090
vn 0.9511 0.0000 -0.3090
vn 0.0000 1.0000 0.0000
vn 0.0000 1.0000 0.0000
vn 0.0000 1.0000 0.0000
vn 0.0000 1.0000 0.0000
vn 0.0000 1.0000 0.0000
vn 0.0000 1.0000 0.0000
vn 0.0000 1.0000 -0.0000
vn 0.0000 1.0000 0.0000
vn 0.0000 -1.0000 0.0000
vn 0.0000 -1.0000 0.0000
vn 0.0000 -1.0000 0.0000
vn 0.0000 -1.0000 0.0000
vn -0.0000 -1.0000 0.0000
vn 0.0000 -1.0000 0.0000
vn 0.0000 -1.0000 0.0000
vn 0.0000 -1.0000 0.0000
vn 0.9511 0.0000 0.3090
vn 0.9511 0.0000 0.3090
vn 0.5878 0.0000 0.8090
vn 0.5878 0.0000 0.8090
vn 0.0000 0.0000 1.0000
vn 0.0000 0.0000 1.0000
vn -0.5878 0.0000 0.8090
vn -0.5878 0.0000 0.8090
vn -0.9511 0.0000 0.3090
vn -0.9511 0.0000 0.3090
vn -0.9511 0.0000 -0.3090
vn -0.9511 -0.0000 -0.3090
vn -0.5878 0.0000 -0.8090
vn -0.5878 -0.0000 -0.8090
vn 0.0000 0.0000 -1.0000
vn 0.0000 0.0000 -1.0000
vn 0.5878 0.0000 -0.8090
vn 0.5878 0.0000 -0.8090
vn 0.9511 0.0000 -0.3090
vn 0.9511 0.0000 -0.3090
vn 0.9511 0.0000 0.3090
vn 0.9511 0.0000 0.3090
vn 0.5878 0.0000 0.8090
vn 0.5878 0.0000 0.8090
vn 0.0000 0.0000 1.0000
vn 0.0000 0.0000 1.0000
vn -0.5878 0.0000 0.8090
vn -0.5878 0.0000 0.8090
vn -0.9511 0.0000 0.3090
vn -0.9511 0.0000 0.3090
vn -0.9511 0.0000 -0.3090
vn -0.9511 -0.0000 -0.3090
vn -0.5878 0.0000 -0.8090
vn -0.5878 -0.0000 -0.8090
vn -0.0000 0.0000 -1.0000
vn -0.0000 -0.0000 -1.0000
vn 0.5878 0.0000 -0.8090
vn 0.5878 0.0000 -0.8090
vn 0.9511 0.0000 -0.3090
vn 0.9511 0.0000 -0.3090
vn 0.9511 0.0000 0.3090
vn 0.9511 0.0000 0.3090
vn 0.5878 0.0000 0.8090
vn 0.5878 0.0000 0.8090
vn 0.0000 0.0000 1.0000
vn 0.0000 0.0000 1.0000
vn -0.5878 0.0000 0.8090
vn -0.5878 0.0000 0.8090
vn -0.9511 0.0000 0.3090
vn -0.9511 0.0000 0.3090
vn -0.9511 0.0000 -0.3090
vn -0.9511 -0.0000 -0.3090
vn -0.5878 0.0000 -0.8090
vn -0.5878 -0.0000 -0.8090
vn 0.0000 0.0000 -1.0000
vn 0.0000 0.0000 -1.0000
vn 0.5878 0.0000 -0.8090
vn 0.5878 0.0000 -0.8090
vn 0.9511 0.0000 -0.3090
vn 0.9511 0.0000 -0.3090
vn 0.0000 1.0000 0.0000
vn 0.0000 1.0000 0.0000
vn 0.0000 1.0000 0.0000
vn 0.0000 1.0000 0.0000
vn 0.0000 1.0000 0.0000
vn 0.0000 1.0000 0.0000
vn 0.0000 1.0000 -0.0000
vn 0.0000 1.0000 0.0000
vn 0.0000 -1.0000 0.0000
vn 0.0000 -1.0000 0.0000
vn 0.0000 -1.0000 0.0000
vn 0.0000 -1.0000 0.0000
vn -0.0000 -1.0000 0.0000
vn 0.0000 -1.0000 0.0000
vn 0.0000 -1.0000 0.0000
vn 0.0000 -1.0000 0.0000
vn 0.9511 0.0000 0.3090
vn 0.9511 0.0000 0.3090
vn 0.5878 0.0000 0.8090
vn 0.5878 0.0000 0.8090
vn 0.0000 0.0000 1.0000
vn 0.0000 0.0000 1.0000
vn -0.5878 0.0000 0.8090
vn -0.5878 0.0000 0.8090
vn -0.9511 0.0000 0.3090
vn -0.9511 0.0000 0.3090
vn -0.9511 0.0000 -0.3090
vn -0.9511 -0.0000 -0.3090
vn -0.5878 0.0000 -0.8090
vn -0.5878 -0.0000 -0.8090
vn 0.0000 0.0000 -1.0000
vn 0.0000 0.0000 -1.0000
vn 0.5878 0.0000 -0.8090
vn 0.5878 0.0000 -0.8090
vn 0.9511 0.0000 -0.3090
vn 0.9511 0.0000 -0.3090
vn 0.9511 0.0000 0.3090
vn 0.9511 0.0000 0.3090
vn 0.5878 0.0000 0.8090
vn 0.5878 0.0000 0.8090
vn 0.0000 0.0000 1.0000
vn 0.0000 0.0000 1.0000
vn -0.5878 0.0000 0.8090
vn -0.5878 0.0000 0.8090
vn -0.9511 0.0000 0.3090
vn -0.9511 0.0000 0.3090
vn -0.9511 0.0000 -0.3090
vn -0.9511 -0.0000 -0.3090
vn -0.5878 0.0000 -0.8090
vn -0.5878 -0.0000 -0.8090
vn -0.0000 0.0000 -1.0000
vn -0.0000 -0.0000 -1.0000
vn 0.5878 0.0000 -0.8090
vn 0.5878 0.0000 -0.8090
vn 0.9511 0.0000 -0.3090
vn 0.9511 0.0000 -0.3090
vn 0.9511 0.0000 0.3090
vn 0.9511 0.0000 0.3090
vn 0.5878 0.0000 0.8090
vn 0.5878 0.0000 0.8090
vn 0.0000 0.0000 1.0000
vn 0.0000 0.0000 1.0000
vn -0.5878 0.0000 0.8090
vn -0.5878 0.0000 0.8090
vn -0.9511 0.0000 0.3090
vn -0.9511 0.0000 0.3090
vn -0.9511 0.0000 -0.3090
vn -0.9511 -0.0000 -0.3090
vn -0.5878 0.0000 -0.8090
vn -0.5878 -0.0000 -0.8090
vn 0.0000 0.0000 -1.0000
vn 0.0000 0.0000 -1.0000
vn 0.5878 0.0000 -0.8090
vn 0.5878 0.0000 -0.8090
vn 0.9511 0.0000 -0.3090
vn 0.9511 0.0000 -0.3090
vn 0.0000 1.0000 0.0000
vn 0.0000 1.0000 0.0000
vn 0.0000 1.0000 0.0000
vn 0.0000 1.0000 0.0000
vn 0.0000 1.0000 0.0000
vn 0.0000 1.0000 0.0000
vn 0.0000 1.0000 -0.0000
vn 0.0000 1.0000 0.0000
vn 0.0000 -1.0000 0.0000
vn 0.0000 -1.0000 0.0000
vn 0.0000 -1.0000 0.0000
vn 0.0000 -1.0000 0.0000
vn -0.0000 -1.0000 0.0000
vn 0.0000 -1.0000 0.0000
vn 0.0000 -1.0000 0.0000
vn 0.0000 -1.0000 0.0000
vn 0.9511 0.0000 0.3090
vn 0.9511 0.0000 0.3090
vn 0.5878 0.0000 0.8090
vn 0.5878 0.0000 0.8090
vn 0.0000 0.0000 1.0000
vn 0.0000 0.0000 1.0000
vn -0.5878 0.0000 0.8090
vn -0.5878 0.0000 0.8090
vn -0.9511 0.0000 0.3090
vn -0.9511 0.0000 0.3090
vn -0.9511 0.0000 -0.3090
vn -0.9511 -0.0000 -0.3090
vn -0.5878 0.0000 -0.8090
vn -0.5878 -0.0000 -0.8090
vn 0.0000 0.0000 -1.0000
vn 0.0000 0.0000 -1.0000
vn 0.5878 0.0000 -0.8090
vn 0.5878 0.0000 -0.8090
vn 0.9511 0.0000 -0.3090
vn 0.9511 0.0000 -0.3090
vn 0.9511 0.0000 0.3090
vn 0.9511 0.0000 0.3090
vn 0.5878 0.0000 0.8090
vn 0.5878 0.0000 0.8090
vn 0.0000 0.0000 1.0000
vn 0.0000 0.0000 1.0000
vn -0.5878 0.0000 0.8090
vn -0.5878 0.0000 0.8090
vn -0.9511 0.0000 0.3090
vn -0.9511 0.0000 0.3090
vn -0.9511 0.0000 -0.3090
vn -0.9511 -0.0000 -0.3090
vn -0.5878 0.0000 -0.8090
vn -0.5878 -0.0000 -0.8090
vn -0.0000 0.0000 -1.0000
vn -0.0000 -0.0000 -1.0000
vn 0.5878 0.0000 -0.8090
vn 0.5878 0.0000 -0.8090
vn 0.9511 0.0000 -0.3090
vn 0.9511 0.0000 -0.3090
vn 0.2075 0.9684 0.1383
vn 0.2075 0.9684 0.1383
vn -0.0000 0.1414 -0.9899
vn -0.0000 0.1414 -0.9899
vn 0.9782 -0.2054 -0.0293
vn 0.9782 -0.2054 -0.0293
vn 0.0000 -0.1414 0.9899
vn 0.0000 -0.1414 0.9899
vn -0.9782 0.2054 0.0293
vn -0.9782 0.2054 0.0293
vn -0.2075 -0.9684 -0.1383
vn -0.2075 -0.9684 -0.1383
vn 0.2075 0.9684 -0.1383
vn 0.2075 0.9684 -0.1383
vn 0.0000 -0.1414 -0.9899
vn 0.0000 -0.1414 -0.9899
vn 0.9782 -0.2054 0.0293
vn 0.9782 -0.2054 0.0293
vn -0.0000 0.1414 0.9899
vn -0.0000 0.1414 0.9899
vn -0.9782 0.2054 -0.0293
vn -0.9782 0.2054 -0.0293
vn -0.2075 -0.9684 0.1383
vn -0.2075 -0.9684 0.1383
vn -0.0000 1.0000 0.0000
vn 0.0000 1.0000 0.0000
vn 0.0000 0.0000 -1.0000
vn 0.0000 0.0000 -1.0000
vn 1.0000 0.0000 -0.0000
vn 1.0000 0.0000 0.0000
vn 0.0000 0.0000 1.0000
vn 0.0000 0.0000 1.0000
vn -1.0000 0.0000 -0.0000
vn -1.0000 -0.0000 0.0000
vn 0.0000 -1.0000 0.0000
vn 0.0000 -1.0000 0.0000
vn 0.0000 -0.3827 -0.9239
vn -0.0000 -0.3827 -0.9239
vn 0.0000 -0.9239 -0.3827
vn -0.0000 -0.9239 -0.3827
vn 0.0000 -0.9239 0.3827
vn 0.0000 -0.9239 0.3827
vn 0.0000 -0.3827 0.9239
vn 0.0000 -0.3827 0.9239
vn 0.0000 0.3827 0.9239
vn 0.0000 0.3827 0.9239
vn 0.0000 0.9239 0.3827
vn 0.0000 0.9239 0.3827
vn 0.0000 0.9239 -0.3827
vn 0.0000 0.9239 -0.3827
vn 0.0000 0.3827 -0.9239
vn 0.0000 0.3827 -0.9239
vn 1.0000 0.0000 -0.0000
vn 1.0000 0.0000 0.0000
vn 1.0000 0.0000 0.0000
vn 1.0000 0.0000 0.0000
vn 1.0000 0.0000 0.0000
vn 1.0000 0.0000 0.0000
vn -1.0000 0.0000 0.0000
vn -1.0000 0.0000 0.0000
vn -1.0000 0.0000 0.0000
vn -1.0000 0.0000 0.0000
vn -1.0000 0.0000 0.0000
vn -1.0000 0.0000 0.0000
vn 0.9511 0.0000 0.3090
vn 0.9511 0.0000 0.3090
vn 0.5878 0.0000 0.8090
vn 0.5878 0.0000 0.8090
vn 0.0000 0.0000 1.0000
vn 0.0000 0.0000 1.0000
vn -0.5878 0.0000 0.8090
vn -0.5878 0.0000 0.8090
vn -0.9511 0.0000 0.3090
vn -0.9511 0.0000 0.3090
vn -0.9511 0.0000 -0.3090
vn -0.9511 -0.0000 -0.3090
vn -0.5878 0.0000 -0.8090
vn -0.5878 -0.0000 -0.8090
vn 0.0000 0.0000 -1.0000
vn 0.0000 0.0000 -1.0000
vn 0.5878 0.0000 -0.8090
vn 0.5878 0.0000 -0.8090
vn 0.9511 0.0000 -0.3090
vn 0.9511 0.0000 -0.3090
vn 0.0000 1.0000 0.0000
vn 0.0000 1.0000 0.0000
vn 0.0000 1.0000 0.0000
vn 0.0000 1.0000 0.0000
vn 0.0000 1.0000 0.0000
vn 0.0000 1.0000 0.0000
vn 0.0000 1.0000 -0.0000
vn 0.0000 1.0000 0.0000
vn 0.0000 -1.0000 0.0000
vn 0.0000 -1.0000 0.0000
vn 0.0000 -1.0000 0.0000
vn 0.0000 -1.0000 0.0000
vn -0.0000 -1.0000 0.0000
vn 0.0000 -1.0000 0.0000
vn 0.0000 -1.0000 0.0000
vn 0.0000 -1.0000 0.0000
vn 0.9511 0.0000 0.3090
vn 0.9511 0.0000 0.3090
vn 0.5878 0.0000 0.8090
vn 0.5878 0.0000 0.8090
vn 0.0000 0.0000 1.0000
vn 0.0000 0.0000 1.0000
vn -0.5878 0.0000 0.8090
vn -0.5878 0.0000 0.8090
vn -0.9511 0.0000 0.3090
vn -0.9511 0.0000 0.3090
vn -0.9511 0.0000 -0.3090
vn -0.9511 -0.0000 -0.3090
vn -0.5878 0.0000 -0.8090
vn -0.5878 -0.0000 -0.8090
vn 0.0000 0.0000 -1.0000
vn 0.0000 0.0000 -1.0000
vn 0.5878 0.0000 -0.8090
vn 0.5878 0.0000 -0.8090
vn 0.9511 0.0000 -0.3090
vn 0.9511 0.0000 -0.3090
vn 0.9511 0.0000 0.3090
vn 0.9511 0.0000 0.3090
vn 0.5878 0.0000 0.8090
vn 0.5878 0.0000 0.8090
vn 0.0000 0.0000 1.0000
vn 0.0000 0.0000 1.0000
vn -0.5878 0.0000 0.8090
vn -0.5878 0.0000 0.8090
vn -0.9511 0.0000 0.3090
vn -0.9511 0.0000 0.3090
vn -0.9511 0.0000 -0.3090
vn -0.9511 -0.0000 -0.3090
vn -0.5878 0.0000 -0.8090
vn -0.5878 -0.0000 -0.8090
vn 0.0000 0.0000 -1.0000
vn 0.0000 0.0000 -1.0000
vn 0.5878 0.0000 -0.8090
vn 0.5878 0.0000 -0.8090
vn 0.9511 0.0000 -0.3090
vn 0.9511 0.0000 -0.3090
vn 0.0000 1.0000 0.0000
vn 0.0000 1.0000 -0.0000
vn 0.0000 0.0000 1.0000
vn 0.0000 0.0000 1.0000
vn -1.0000 0.0000 -0.0000
vn -1.0000 -0.0000 0.0000
vn 0.0000 0.0000 -1.0000
vn 0.0000 0.0000 -1.0000
vn 1.0000 0.0000 -0.0000
vn 1.0000 0.0000 0.0000
vn 0.0000 -1.0000 0.0000
vn 0.0000 -1.0000 0.0000
vn 0.0000 1.0000 0.0000
vn 0.0000 1.0000 -0.0000
vn 0.0000 0.0000 1.0000
vn 0.0000 0.0000 1.0000
vn -1.0000 0.0000 -0.0000
vn -1.0000 -0.0000 0.0000
vn 0.0000 0.0000 -1.0000
vn 0.0000 0.0000 -1.0000
vn 1.0000 0.0000 -0.0000
vn 1.0000 0.0000 0.0000
vn 0.0000 -1.0000 0.0000
vn 0.0000 -1.0000 0.0000
vn -0.6547 -0.6547 -0.3780
vn 0.0000 -0.6547 -0.7559
vn 0.6547 -0.6547 -0.3780
vn 0.6547 -0.6547 0.3780
vn 0.0000 -0.6547 0.7559
vn -0.6547 -0.6547 0.3780
vn -0.6547 0.6547 -0.3780
vn 0.0000 0.6547 -0.7559
vn 0.6547 0.6547 -0.3780
vn 0.6547 0.6547 0.3780
vn 0.0000 0.6547 0.7559
vn -0.6547 0.6547 0.3780
vn 0.0000 1.0000 0.0000
vn 0.0000 1.0000 0.0000
vn 0.0000 0.0000 1.0000
vn 0.0000 0.0000 1.0000
vn -1.0000 0.0000 -0.0000
vn -1.0000 -0.0000 -0.0000
vn 0.0000 0.0000 -1.0000
vn 0.0000 0.0000 -1.0000
vn 1.0000 0.0000 0.0000
vn 1.0000 0.0000 0.0000
vn 0.0000 -1.0000 0.0000
vn 0.0000 -1.0000 0.0000
vn -0.9914 0.0000 -0.1305
vn -0.9914 0.0000 -0.1305
vn -0.9239 0.0000 -0.3827
vn -0.9239 0.0000 -0.3827
vn -0.7934 0.0000 -0.6088
vn -0.7934 0.0000 -0.6088
vn -0.6088 0.0000 -0.7934
vn -0.6088 0.0000 -0.7934
vn -0.3827 0.0000 -0.9239
vn -0.3827 0.0000 -0.9239
vn -0.1305 0.0000 -0.9914
vn -0.1305 0.0000 -0.9914
vn 0.1305 0.0000 -0.9914
vn 0.1305 0.0000 -0.9914
vn 0.3827 0.0000 -0.9239
vn 0.3827 0.0000 -0.9239
vn 0.6088 0.0000 -0.7934
vn 0.6088 0.0000 -0.7934
vn 0.7934 0.0000 -0.6088
vn 0.7934 0.0000 -0.6088
vn 0.9239 0.0000 -0.3827
vn 0.9239 0.0000 -0.3827
vn 0.9914 0.0000 -0.1305
vn 0.9914 0.0000 -0.1305
vn 0.9914 -0.0000 0.1305
vn 0.9914 -0.0000 0.1305
vn 0.9239 -0.0000 0.3827
vn 0.9239 -0.0000 0.3827
vn 0.7934 -0.0000 0.6088
vn 0.7934 -0.0000 0.6088
vn 0.6088 -0.0000 0.7934
vn 0.6088 -0.0000 0.7934
vn 0.3827 -0.0000 0.9239
vn 0.3827 -0.0000 0.9239
vn 0.1305 -0.0000 0.9914
vn 0.1305 -0.0000 0.9914
vn -0.1305 0.0000 0.9914
vn -0.1305 0.0000 0.9914
vn -0.3827 0.0000 0.9239
vn -0.3827 0.0000 0.9239
vn -0.6088 0.0000 0.7934
vn -0.6088 0.0000 0.7934
vn -0.7934 0.0000 0.6088
vn -0.7934 0.0000 0.6088
vn -0.9239 0.0000 0.3827
vn -0.9239 0.0000 0.3827
vn -0.9914 0.0000 0.1305
vn -0.9914 0.0000 0.1305
usemtl Mat_Metal
f 25//1 26//1 2//1
f 25//2 2//2 1//2
f 26//3 27//3 3//3
f 26//4 3//4 2//4
f 27//5 28//5 4//5
f 27//6 4//6 3//6
f 28//7 29//7 5//7
f 28//8 5//8 4//8
f 29//9 30//9 6//9
f 29//10 6//10 5//10
f 30//11 31//11 7//11
f 30//12 7//12 6//12
f 31//13 32//13 8//13
f 31//14 8//14 7//14
f 32//15 33//15 9//15
f 32//16 9//16 8//16
f 33//17 34//17 10//17
f 33//18 10//18 9//18
f 34//19 35//19 11//19
f 34//20 11//20 10//20
f 35//21 36//21 12//21
f 35//22 12//22 11//22
f 36//23 37//23 13//23
f 36//24 13//24 12//24
f 37//25 38//25 14//25
f 37//26 14//26 13//26
f 38//27 39//27 15//27
f 38//28 15//28 14//28
f 39//29 40//29 16//29
f 39//30 16//30 15//30
f 40//31 41//31 17//31
f 40//32 17//32 16//32
f 41//33 42//33 18//33
f 41//34 18//34 17//34
f 42//35 43//35 19//35
f 42//36 19//36 18//36
f 43//37 44//37 20//37
f 43//38 20//38 19//38
f 44//39 45//39 21//39
f 44//40 21//40 20//40
f 45//41 46//41 22//41
f 45//42 22//42 21//42
f 46//43 47//43 23//43
f 46//44 23//44 22//44
f 47//45 48//45 24//45
f 47//46 24//46 23//46
f 48//47 25//47 1//47
f 48//48 1//48 24//48
f 48//49 47//49 46//49
f 48//50 46//50 45//50
f 48//51 45//51 44//51
f 48//52 44//52 43//52
f 48//53 43//53 42//53
f 48//54 42//54 41//54
f 48//55 41//55 40//55
f 48//56 40//56 39//56
f 48//57 39//57 38//57
f 48//58 38//58 37//58
f 48//59 37//59 36//59
f 48//60 36//60 35//60
f 48//61 35//61 34//61
f 48//62 34//62 33//62
f 48//63 33//63 32//63
f 48//64 32//64 31//64
f 48//65 31//65 30//65
f 48//66 30//66 29//66
f 48//67 29//67 28//67
f 48//68 28//68 27//68
f 48//69 27//69 26//69
f 48//70 26//70 25//70
f 1//71 2//71 3//71
f 1//72 3//72 4//72
f 1//73 4//73 5//73
f 1//74 5//74 6//74
f 1//75 6//75 7//75
f 1//76 7//76 8//76
f 1//77 8//77 9//77
f 1//78 9//78 10//78
f 1//79 10//79 11//79
f 1//80 11//80 12//80
f 1//81 12//81 13//81
f 1//82 13//82 14//82
f 1//83 14//83 15//83
f 1//84 15//84 16//84
f 1//85 16//85 17//85
f 1//86 17//86 18//86
f 1//87 18//87 19//87
f 1//88 19//88 20//88
f 1//89 20//89 21//89
f 1//90 21//90 22//90
f 1//91 22//91 23//91
f 1//92 23//92 24//92
usemtl Mat_Chrome
f 73//93 74//93 50//93
f 73//94 50//94 49//94
f 74//95 75//95 51//95
f 74//96 51//96 50//96
f 75//97 76//97 52//97
f 75//98 52//98 51//98
f 76//99 77//99 53//99
f 76//100 53//100 52//100
f 77//101 78//101 54//101
f 77//102 54//102 53//102
f 78//103 79//103 55//103
f 78//104 55//104 54//104
f 79//105 80//105 56//105
f 79//106 56//106 55//106
f 80//107 81//107 57//107
f 80//108 57//108 56//108
f 81//109 82//109 58//109
f 81//110 58//110 57//110
f 82//111 83//111 59//111
f 82//112 59//112 58//112
f 83//113 84//113 60//113
f 83//114 60//114 59//114
f 84//115 85//115 61//115
f 84//116 61//116 60//116
f 85//117 86//117 62//117
f 85//118 62//118 61//118
f 86//119 87//119 63//119
f 86//120 63//120 62//120
f 87//121 88//121 64//121
f 87//122 64//122 63//122
f 88//123 89//123 65//123
f 88//124 65//124 64//124
f 89//125 90//125 66//125
f 89//126 66//126 65//126
f 90//127 91//127 67//127
f 90//128 67//128 66//128
f 91//129 92//129 68//129
f 91//130 68//130 67//130
f 92//131 93//131 69//131
f 92//132 69//132 68//132
f 93//133 94//133 70//133
f 93//134 70//134 69//134
f 94//135 95//135 71//135
f 94//136 71//136 70//136
f 95//137 96//137 72//137
f 95//138 72//138 71//138
f 96//139 73//139 49//139
f 96//140 49//140 72//140
f 96//141 95//141 94//141
f 96//142 94//142 93//142
f 96//143 93//143 92//143
f 96//144 92//144 91//144
f 96//145 91//145 90//145
f 96//146 90//146 89//146
f 96//147 89//147 88//147
f 96//148 88//148 87//148
f 96//149 87//149 86//149
f 96//150 86//150 85//150
f 96//151 85//151 84//151
f 96//152 84//152 83//152
f 96//153 83//153 82//153
f 96//154 82//154 81//154
f 96//155 81//155 80//155
f 96//156 80//156 79//156
f 96//157 79//157 78//157
f 96//158 78//158 77//158
f 96//159 77//159 76//159
f 96//160 76//160 75//160
f 96//161 75//161 74//161
f 96//162 74//162 73//162
f 49//163 50//163 51//163
f 49//164 51//164 52//164
f 49//165 52//165 53//165
f 49//166 53//166 54//166
f 49//167 54//167 55//167
f 49//168 55//168 56//168
f 49//169 56//169 57//169
f 49//170 57//170 58//170
f 49//171 58//171 59//171
f 49//172 59//172 60//172
f 49//173 60//173 61//173
f 49//174 61//174 62//174
f 49//175 62//175 63//175
f 49//176 63//176 64//176
f 49//177 64//177 65//177
f 49//178 65//178 66//178
f 49//179 66//179 67//179
f 49//180 67//180 68//180
f 49//181 68//181 69//181
f 49//182 69//182 70//182
f 49//183 70//183 71//183
f 49//184 71//184 72//184
usemtl Mat_Metal
f 121//185 122//185 98//185
f 121//186 98//186 97//186
f 122//187 123//187 99//187
f 122//188 99//188 98//188
f 123//189 124//189 100//189
f 123//190 100//190 99//190
f 124//191 125//191 101//191
f 124//192 101//192 100//192
f 125//193 126//193 102//193
f 125//194 102//194 101//194
f 126//195 127//195 103//195
f 126//196 103//196 102//196
f 127//197 128//197 104//197
f 127//198 104//198 103//198
f 128//199 129//199 105//199
f 128//200 105//200 104//200
f 129//201 130//201 106//201
f 129//202 106//202 105//202
f 130//203 131//203 107//203
f 130//204 107//204 106//204
f 131//205 132//205 108//205
f 131//206 108//206 107//206
f 132//207 133//207 109//207
f 132//208 109//208 108//208
f 133//209 134//209 110//209
f 133//210 110//210 109//210
f 134//211 135//211 111//211
f 134//212 111//212 110//212
f 135//213 136//213 112//213
f 135//214 112//214 111//214
f 136//215 137//215 113//215
f 136//216 113//216 112//216
f 137//217 138//217 114//217
f 137//218 114//218 113//218
f 138//219 139//219 115//219
f 138//220 115//220 114//220
f 139//221 140//221 116//221
f 139//222 116//222 115//222
f 140//223 141//223 117//223
f 140//224 117//224 116//224
f 141//225 142//225 118//225
f 141//226 118//226 117//226
f 142//227 143//227 119//227
f 142//228 119//228 118//228
f 143//229 144//229 120//229
f 143//230 120//230 119//230
f 144//231 121//231 97//231
f 144//232 97//232 120//232
f 169//233 170//233 146//233
f 169//234 146//234 145//234
f 170//235 171//235 147//235
f 170//236 147//236 146//236
f 171//237 172//237 148//237
f 171//238 148//238 147//238
f 172//239 173//239 149//239
f 172//240 149//240 148//240
f 173//241 174//241 150//241
f 173//242 150//242 149//242
f 174//243 175//243 151//243
f 174//244 151//244 150//244
f 175//245 176//245 152//245
f 175//246 152//246 151//246
f 176//247 177//247 153//247
f 176//248 153//248 152//248
f 177//249 178//249 154//249
f 177//250 154//250 153//250
f 178//251 179//251 155//251
f 178//252 155//252 154//252
f 179//253 180//253 156//253
f 179//254 156//254 155//254
f 180//255 181//255 157//255
f 180//256 157//256 156//256
f 181//257 182//257 158//257
f 181//258 158//258 157//258
f 182//259 183//259 159//259
f 182//260 159//260 158//260
f 183//261 184//261 160//261
f 183//262 160//262 159//262
f 184//263 185//263 161//263
f 184//264 161//264 160//264
f 185//265 186//265 162//265
f 185//266 162//266 161//266
f 186//267 187//267 163//267
f 186//268 163//268 162//268
f 187//269 188//269 164//269
f 187//270 164//270 163//270
f 188//271 189//271 165//271
f 188//272 165//272 164//272
f 189//273 190//273 166//273
f 189//274 166//274 165//274
f 190//275 191//275 167//275
f 190//276 167//276 166//276
f 191//277 192//277 168//277
f 191//278 168//278 167//278
f 192//279 169//279 145//279
f 192//280 145//280 168//280
f 217//281 218//281 194//281
f 217//282 194//282 193//282
f 218//283 219//283 195//283
f 218//284 195//284 194//284
f 219//285 220//285 196//285
f 219//286 196//286 195//286
f 220//287 221//287 197//287
f 220//288 197//288 196//288
f 221//289 222//289 198//289
f 221//290 198//290 197//290
f 222//291 223//291 199//291
f 222//292 199//292 198//292
f 223//293 224//293 200//293
f 223//294 200//294 199//294
f 224//295 225//295 201//295
f 224//296 201//296 200//296
f 225//297 226//297 202//297
f 225//298 202//298 201//298
f 226//299 227//299 203//299
f 226//300 203//300 202//300
f 227//301 228//301 204//301
f 227//302 204//302 203//302
f 228//303 229//303 205//303
f 228//304 205//304 204//304
f 229//305 230//305 206//305
f 229//306 206//306 205//306
f 230//307 231//307 207//307
f 230//308 207//308 206//308
f 231//309 232//309 208//309
f 231//310 208//310 207//310
f 232//311 233//311 209//311
f 232//312 209//312 208//312
f 233//313 234//313 210//313
f 233//314 210//314 209//314
f 234//315 235//315 211//315
f 234//316 211//316 210//316
f 235//317 236//317 212//317
f 235//318 212//318 211//318
f 236//319 237//319 213//319
f 236//320 213//320 212//320
f 237//321 238//321 214//321
f 237//322 214//322 213//322
f 238//323 239//323 215//323
f 238//324 215//324 214//324
f 239//325 240//325 216//325
f 239//326 216//326 215//326
f 240//327 217//327 193//327
f 240//328 193//328 216//328
f 265//329 266//329 242//329
f 265//330 242//330 241//330
f 266//331 267//331 243//331
f 266//332 243//332 242//332
f 267//333 268//333 244//333
f 267//334 244//334 243//334
f 268//335 269//335 245//335
f 268//336 245//336 244//336
f 269//337 270//337 246//337
f 269//338 246//338 245//338
f 270//339 271//339 247//339
f 270//340 247//340 246//340
f 271//341 272//341 248//341
f 271//342 248//342 247//342
f 272//343 273//343 249//343
f 272//344 249//344 248//344
f 273//345 274//345 250//345
f 273//346 250//346 249//346
f 274//347 275//347 251//347
f 274//348 251//348 250//348
f 275//349 276//349 252//349
f 275//350 252//350 251//350
f 276//351 277//351 253//351
f 276//352 253//352 252//352
f 277//353 278//353 254//353
f 277//354 254//354 253//354
f 278//355 279//355 255//355
f 278//356 255//356 254//356
f 279//357 280//357 256//357
f 279//358 256//358 255//358
f 280//359 281//359 257//359
f 280//360 257//360 256//360
f 281//361 282//361 258//361
f 281//362 258//362 257//362
f 282//363 283//363 259//363
f 282//364 259//364 258//364
f 283//365 284//365 260//365
f 283//366 260//366 259//366
f 284//367 285//367 261//367
f 284//368 261//368 260//368
f 285//369 286//369 262//369
f 285//370 262//370 261//370
f 286//371 287//371 263//371
f 286//372 263//372 262//372
f 287//373 288//373 264//373
f 287//374 264//374 263//374
f 288//375 265//375 241//375
f 288//376 241//376 264//376
f 313//377 314//377 290//377
f 313//378 290//378 289//378
f 314//379 315//379 291//379
f 314//380 291//380 290//380
f 315//381 316//381 292//381
f 315//382 292//382 291//382
f 316//383 317//383 293//383
f 316//384 293//384 292//384
f 317//385 318//385 294//385
f 317//386 294//386 293//386
f 318//387 319//387 295//387
f 318//388 295//388 294//388
f 319//389 320//389 296//389
f 319//390 296//390 295//390
f 320//391 321//391 297//391
f 320//392 297//392 296//392
f 321//393 322//393 298//393
f 321//394 298//394 297//394
f 322//395 323//395 299//395
f 322//396 299//396 298//396
f 323//397 324//397 300//397
f 323//398 300//398 299//398
f 324//399 325//399 301//399
f 324//400 301//400 300//400
f 325//401 326//401 302//401
f 325//402 302//402 301//402
f 326//403 327//403 303//403
f 326//404 303//404 302//404
f 327//405 328//405 304//405
f 327//406 304//406 303//406
f 328//407 329//407 305//407
f 328//408 305//408 304//408
f 329//409 330//409 306//409
f 329//410 306//410 305//410
f 330//411 331//411 307//411
f 330//412 307//412 306//412
f 331//413 332//413 308//413
f 331//414 308//414 307//414
f 332//415 333//415 309//415
f 332//416 309//416 308//416
f 333//417 334//417 310//417
f 333//418 310//418 309//418
f 334//419 335//419 311//419
f 334//420 311//420 310//420
f 335//421 336//421 312//421
f 335//422 312//422 311//422
f 336//423 313//423 289//423
f 336//424 289//424 312//424
f 336//425 335//425 334//425
f 336//426 334//426 333//426
f 336//427 333//427 332//427
f 336//428 332//428 331//428
f 336//429 331//429 330//429
f 336//430 330//430 329//430
f 336//431 329//431 328//431
f 336//432 328//432 327//432
f 336//433 327//433 326//433
f 336//434 326//434 325//434
f 336//435 325//435 324//435
f 336//436 324//436 323//436
f 336//437 323//437 322//437
f 336//438 322//438 321//438
f 336//439 321//439 320//439
f 336//440 320//440 319//440
f 336//441 319//441 318//441
f 336//442 318//442 317//442
f 336//443 317//443 316//443
f 336//444 316//444 315//444
f 336//445 315//445 314//445
f 336//446 314//446 313//446
f 289//447 290//447 291//447
f 289//448 291//448 292//448
f 289//449 292//449 293//449
f 289//450 293//450 294//450
f 289//451 294//451 295//451
f 289//452 295//452 296//452
f 289//453 296//453 297//453
f 289//454 297//454 298//454
f 289//455 298//455 299//455
f 289//456 299//456 300//456
f 289//457 300//457 301//457
f 289//458 301//458 302//458
f 289//459 302//459 303//459
f 289//460 303//460 304//460
f 289//461 304//461 305//461
f 289//462 305//462 306//462
f 289//463 306//463 307//463
f 289//464 307//464 308//464
f 289//465 308//465 309//465
f 289//466 309//466 310//466
f 289//467 310//467 311//467
f 289//468 311//468 312//468
usemtl Mat_HeroRed
f 361//469 362//469 338//469
f 361//470 338//470 337//470
f 362//471 363//471 339//471
f 362//472 339//472 338//472
f 363//473 364//473 340//473
f 363//474 340//474 339//474
f 364//475 365//475 341//475
f 364//476 341//476 340//476
f 365//477 366//477 342//477
f 365//478 342//478 341//478
f 366//479 367//479 343//479
f 366//480 343//480 342//480
f 367//481 368//481 344//481
f 367//482 344//482 343//482
f 368//483 369//483 345//483
f 368//484 345//484 344//484
f 369//485 370//485 346//485
f 369//486 346//486 345//486
f 370//487 371//487 347//487
f 370//488 347//488 346//488
f 371//489 372//489 348//489
f 371//490 348//490 347//490
f 372//491 373//491 349//491
f 372//492 349//492 348//492
f 373//493 374//493 350//493
f 373//494 350//494 349//494
f 374//495 375//495 351//495
f 374//496 351//496 350//496
f 375//497 376//497 352//497
f 375//498 352//498 351//498
f 376//499 377//499 353//499
f 376//500 353//500 352//500
f 377//501 378//501 354//501
f 377//502 354//502 353//502
f 378//503 379//503 355//503
f 378//504 355//504 354//504
f 379//505 380//505 356//505
f 379//506 356//506 355//506
f 380//507 381//507 357//507
f 380//508 357//508 356//508
f 381//509 382//509 358//509
f 381//510 358//510 357//510
f 382//511 383//511 359//511
f 382//512 359//512 358//512
f 383//513 384//513 360//513
f 383//514 360//514 359//514
f 384//515 361//515 337//515
f 384//516 337//516 360//516
usemtl Mat_HeroYellow
f 409//517 410//517 386//517
f 409//518 386//518 385//518
f 410//519 411//519 387//519
f 410//520 387//520 386//520
f 411//521 412//521 388//521
f 411//522 388//522 387//522
f 412//523 413//523 389//523
f 412//524 389//524 388//524
f 413//525 414//525 390//525
f 413//526 390//526 389//526
f 414//527 415//527 391//527
f 414//528 391//528 390//528
f 415//529 416//529 392//529
f 415//530 392//530 391//530
f 416//531 417//531 393//531
f 416//532 393//532 392//532
f 417//533 418//533 394//533
f 417//534 394//534 393//534
f 418//535 419//535 395//535
f 418//536 395//536 394//536
f 419//537 420//537 396//537
f 419//538 396//538 395//538
f 420//539 421//539 397//539
f 420//540 397//540 396//540
f 421//541 422//541 398//541
f 421//542 398//542 397//542
f 422//543 423//543 399//543
f 422//544 399//544 398//544
f 423//545 424//545 400//545
f 423//546 400//546 399//546
f 424//547 425//547 401//547
f 424//548 401//548 400//548
f 425//549 426//549 402//549
f 425//550 402//550 401//550
f 426//551 427//551 403//551
f 426//552 403//552 402//552
f 427//553 428//553 404//553
f 427//554 404//554 403//554
f 428//555 429//555 405//555
f 428//556 405//556 404//556
f 429//557 430//557 406//557
f 429//558 406//558 405//558
f 430//559 431//559 407//559
f 430//560 407//560 406//560
f 431//561 432//561 408//561
f 431//562 408//562 407//562
f 432//563 409//563 385//563
f 432//564 385//564 408//564
f 457//565 458//565 434//565
f 457//566 434//566 433//566
f 458//567 459//567 435//567
f 458//568 435//568 434//568
f 459//569 460//569 436//569
f 459//570 436//570 435//570
f 460//571 461//571 437//571
f 460//572 437//572 436//572
f 461//573 462//573 438//573
f 461//574 438//574 437//574
f 462//575 463//575 439//575
f 462//576 439//576 438//576
f 463//577 464//577 440//577
f 463//578 440//578 439//578
f 464//579 465//579 441//579
f 464//580 441//580 440//580
f 465//581 466//581 442//581
f 465//582 442//582 441//582
f 466//583 467//583 443//583
f 466//584 443//584 442//584
f 467//585 468//585 444//585
f 467//586 444//586 443//586
f 468//587 469//587 445//587
f 468//588 445//588 444//588
f 469//589 470//589 446//589
f 469//590 446//590 445//590
f 470//591 471//591 447//591
f 470//592 447//592 446//592
f 471//593 472//593 448//593
f 471//594 448//594 447//594
f 472//595 473//595 449//595
f 472//596 449//596 448//596
f 473//597 474//597 450//597
f 473//598 450//598 449//598
f 474//599 475//599 451//599
f 474//600 451//600 450//600
f 475//601 476//601 452//601
f 475//602 452//602 451//602
f 476//603 477//603 453//603
f 476//604 453//604 452//604
f 477//605 478//605 454//605
f 477//606 454//606 453//606
f 478//607 479//607 455//607
f 478//608 455//608 454//608
f 479//609 480//609 456//609
f 479//610 456//610 455//610
f 480//611 457//611 433//611
f 480//612 433//612 456//612
usemtl Mat_Bone
f 481//613 482//613 483//613
f 481//614 483//614 484//614
f 485//615 486//615 487//615
f 485//616 487//616 488//616
f 489//617 490//617 491//617
f 489//618 491//618 492//618
f 493//619 494//619 495//619
f 493//620 495//620 496//620
f 497//621 498//621 499//621
f 497//622 499//622 500//622
f 501//623 502//623 503//623
f 501//624 503//624 504//624
f 505//625 506//625 507//625
f 505//626 507//626 508//626
f 509//627 510//627 511//627
f 509//628 511//628 512//628
f 513//629 514//629 515//629
f 513//630 515//630 516//630
f 517//631 518//631 519//631
f 517//632 519//632 520//632
f 521//633 522//633 523//633
f 521//634 523//634 524//634
f 525//635 526//635 527//635
f 525//636 527//636 528//636
f 529//637 530//637 531//637
f 529//638 531//638 532//638
f 533//639 534//639 535//639
f 533//640 535//640 536//640
f 537//641 538//641 539//641
f 537//642 539//642 540//642
f 541//643 542//643 543//643
f 541//644 543//644 544//644
f 545//645 546//645 547//645
f 545//646 547//646 548//646
f 549//647 550//647 551//647
f 549//648 551//648 552//648
f 553//649 554//649 555//649
f 553//650 555//650 556//650
f 557//651 558//651 559//651
f 557//652 559//652 560//652
f 561//653 562//653 563//653
f 561//654 563//654 564//654
f 565//655 566//655 567//655
f 565//656 567//656 568//656
f 569//657 570//657 571//657
f 569//658 571//658 572//658
f 573//659 574//659 575//659
f 573//660 575//660 576//660
usemtl Mat_Cactus
f 577//661 588//661 582//661
f 577//662 582//662 578//662
f 577//663 578//663 584//663
f 577//664 584//664 587//664
f 577//665 587//665 588//665
f 578//666 582//666 586//666
f 582//667 588//667 581//667
f 588//668 587//668 579//668
f 587//669 584//669 583//669
f 584//670 578//670 585//670
f 580//671 586//671 581//671
f 580//672 581//672 579//672
f 580//673 579//673 583//673
f 580//674 583//674 585//674
f 580//675 585//675 586//675
f 581//676 586//676 582//676
f 579//677 581//677 588//677
f 583//678 579//678 587//678
f 585//679 583//679 584//679
f 586//680 585//680 578//680
usemtl Mat_Bone
f 590//681 591//681 589//681
f 591//682 592//682 589//682
f 592//683 593//683 589//683
f 593//684 594//684 589//684
f 594//685 595//685 589//685
f 595//686 590//686 589//686
f 596//687 597//687 591//687
f 596//688 591//688 590//688
f 597//689 598//689 592//689
f 597//690 592//690 591//690
f 598//691 599//691 593//691
f 598//692 593//692 592//692
f 599//693 600//693 594//693
f 599//694 594//694 593//694
f 600//695 601//695 595//695
f 600//696 595//696 594//696
f 601//697 596//697 590//697
f 601//698 590//698 595//698
f 602//699 597//699 596//699
f 602//700 598//700 597//700
f 602//701 599//701 598//701
f 602//702 600//702 599//702
f 602//703 601//703 600//703
f 602//704 596//704 601//704
f 604//705 605//705 603//705
f 605//706 606//706 603//706
f 606//707 607//707 603//707
f 607//708 608//708 603//708
f 608//709 609//709 603//709
f 609//710 604//710 603//710
f 610//711 611//711 605//711
f 610//712 605//712 604//712
f 611//713 612//713 606//713
f 611//714 606//714 605//714
f 612//715 613//715 607//715
f 612//716 607//716 606//716
f 613//717 614//717 608//717
f 613//718 608//718 607//718
f 614//719 615//719 609//719
f 614//720 609//720 608//720
f 615//721 610//721 604//721
f 615//722 604//722 609//722
f 616//723 611//723 610//723
f 616//724 612//724 611//724
f 616//725 613//725 612//725
f 616//726 614//726 613//726
f 616//727 615//727 614//727
f 616//728 610//728 615//728
usemtl Mat_Void
f 618//729 619//729 617//729
f 619//730 620//730 617//730
f 620//731 621//731 617//731
f 621//732 618//732 617//732
f 622//733 619//733 618//733
f 622//734 620//734 619//734
f 622//735 621//735 620//735
f 622//736 618//736 621//736
f 624//737 625//737 623//737
f 625//738 626//738 623//738
f 626//739 627//739 623//739
f 627//740 624//740 623//740
f 628//741 625//741 624//741
f 628//742 626//742 625//742
f 628//743 627//743 626//743
f 628//744 624//744 627//744
f 629//745 630//745 634//745
f 629//746 634//746 633//746
f 630//747 631//747 635//747
f 630//748 635//748 634//748
f 631//749 632//749 636//749
f 631//750 636//750 635//750
f 632//751 629//751 633//751
f 632//752 633//752 636//752
f 633//753 634//753 638//753
f 633//754 638//754 637//754
f 634//755 635//755 639//755
f 634//756 639//756 638//756
f 635//757 636//757 640//757
f 635//758 640//758 639//758
f 636//759 633//759 637//759
f 636//760 637//760 640//760
f 632//761 631//761 630//761
f 632//762 630//762 629//762
f 637//763 638//763 639//763
f 637//764 639//764 640//764
usemtl Mat_FadedWood
f 642//765 643//765 641//765
f 643//766 644//766 641//766
f 644//767 645//767 641//767
f 645//768 646//768 641//768
f 646//769 647//769 641//769
f 647//770 648//770 641//770
f 648//771 649//771 641//771
f 649//772 642//772 641//772
f 650//773 651//773 643//773
f 650//774 643//774 642//774
f 651//775 652//775 644//775
f 651//776 644//776 643//776
f 652//777 653//777 645//777
f 652//778 645//778 644//778
f 653//779 654//779 646//779
f 653//780 646//780 645//780
f 654//781 655//781 647//781
f 654//782 647//782 646//782
f 655//783 656//783 648//783
f 655//784 648//784 647//784
f 656//785 657//785 649//785
f 656//786 649//786 648//786
f 657//787 650//787 642//787
f 657//788 642//788 649//788
f 658//789 651//789 650//789
f 658//790 652//790 651//790
f 658//791 653//791 652//791
f 658//792 654//792 653//792
f 658//793 655//793 654//793
f 658//794 656//794 655//794
f 658//795 657//795 656//795
f 658//796 650//796 657//796
f 660//797 661//797 659//797
f 661//798 662//798 659//798
f 662//799 663//799 659//799
f 663//800 664//800 659//800
f 664//801 665//801 659//801
f 665//802 666//802 659//802
f 666//803 667//803 659//803
f 667//804 660//804 659//804
f 668//805 669//805 661//805
f 668//806 661//806 660//806
f 669//807 670//807 662//807
f 669//808 662//808 661//808
f 670//809 671//809 663//809
f 670//810 663//810 662//810
f 671//811 672//811 664//811
f 671//812 664//812 663//812
f 672//813 673//813 665//813
f 672//814 665//814 664//814
f 673//815 674//815 666//815
f 673//816 666//816 665//816
f 674//817 675//817 667//817
f 674//818 667//818 666//818
f 675//819 668//819 660//819
f 675//820 660//820 667//820
f 676//821 677//821 669//821
f 676//822 669//822 668//822
f 677//823 678//823 670//823
f 677//824 670//824 669//824
f 678//825 679//825 671//825
f 678//826 671//826 670//826
f 679//827 680//827 672//827
f 679//828 672//828 671//828
f 680//829 681//829 673//829
f 680//830 673//830 672//830
f 681//831 682//831 674//831
f 681//832 674//832 673//832
f 682//833 683//833 675//833
f 682//834 675//834 674//834
f 683//835 676//835 668//835
f 683//836 668//836 675//836
f 684//837 685//837 677//837
f 684//838 677//838 676//838
f 685//839 686//839 678//839
f 685//840 678//840 677//840
f 686//841 687//841 679//841
f 686//842 679//842 678//842
f 687//843 688//843 680//843
f 687//844 680//844 679//844
f 688//845 689//845 681//845
f 688//846 681//846 680//846
f 689//847 690//847 682//847
f 689//848 682//848 681//848
f 690//849 691//849 683//849
f 690//850 683//850 682//850
f 691//851 684//851 676//851
f 691//852 676//852 683//852
f 692//853 685//853 684//853
f 692//854 686//854 685//854
f 692//855 687//855 686//855
f 692//856 688//856 687//856
f 692//857 689//857 688//857
f 692//858 690//858 689//858
f 692//859 691//859 690//859
f 692//860 684//860 691//860
usemtl Mat_Brass
f 701//861 702//861 694//861
f 701//862 694//862 693//862
f 702//863 703//863 695//863
f 702//864 695//864 694//864
f 703//865 704//865 696//865
f 703//866 696//866 695//866
f 704//867 705//867 697//867
f 704//868 697//868 696//868
f 705//869 706//869 698//869
f 705//870 698//870 697//870
f 706//871 707//871 699//871
f 706//872 699//872 698//872
f 707//873 708//873 700//873
f 707//874 700//874 699//874
f 708//875 701//875 693//875
f 708//876 693//876 700//876
usemtl Mat_Bone
f 709//877 710//877 711//877
f 709//878 711//878 712//878
f 713//879 714//879 715//879
f 713//880 715//880 716//880
f 717//881 718//881 719//881
f 717//882 719//882 720//882
f 721//883 722//883 723//883
f 721//884 723//884 724//884
f 725//885 726//885 727//885
f 725//886 727//886 728//886
usemtl Mat_HeroYellow
f 738//887 729//887 730//887
f 738//888 730//888 731//888
f 738//889 731//889 732//889
f 738//890 732//890 733//890
f 738//891 733//891 734//891
f 738//892 734//892 735//892
f 738//893 735//893 736//893
f 736//894 737//894 738//894
f 740//895 739//895 748//895
f 741//896 740//896 748//896
f 742//897 741//897 748//897
f 743//898 742//898 748//898
f 744//899 743//899 748//899
f 745//900 744//900 748//900
f 746//901 745//901 748//901
f 748//902 747//902 746//902
f 729//903 739//903 740//903
f 729//904 740//904 730//904
f 730//905 740//905 741//905
f 730//906 741//906 731//906
f 731//907 741//907 742//907
f 731//908 742//908 732//908
f 732//909 742//909 743//909
f 732//910 743//910 733//910
f 733//911 743//911 744//911
f 733//912 744//912 734//912
f 734//913 744//913 745//913
f 734//914 745//914 735//914
f 735//915 745//915 746//915
f 735//916 746//916 736//916
f 736//917 746//917 747//917
f 736//918 747//918 737//918
f 737//919 747//919 748//919
f 737//920 748//920 738//920
f 738//921 748//921 739//921
f 738//922 739//922 729//922
f 758//923 749//923 750//923
f 758//924 750//924 751//924
f 758//925 751//925 752//925
f 758//926 752//926 753//926
f 758//927 753//927 754//927
f 758//928 754//928 755//928
f 758//929 755//929 756//929
f 756//930 757//930 758//930
f 760//931 759//931 768//931
f 761//932 760//932 768//932
f 762//933 761//933 768//933
f 763//934 762//934 768//934
f 764//935 763//935 768//935
f 765//936 764//936 768//936
f 766//937 765//937 768//937
f 768//938 767//938 766//938
f 749//939 759//939 760//939
f 749//940 760//940 750//940
f 750//941 760//941 761//941
f 750//942 761//942 751//942
f 751//943 761//943 762//943
f 751//944 762//944 752//944
f 752//945 762//945 763//945
f 752//946 763//946 753//946
f 753//947 763//947 764//947
f 753//948 764//948 754//948
f 754//949 764//949 765//949
f 754//950 765//950 755//950
f 755//951 765//951 766//951
f 755//952 766//952 756//952
f 756//953 766//953 767//953
f 756//954 767//954 757//954
f 757//955 767//955 768//955
f 757//956 768//956 758//956
f 758//957 768//957 759//957
f 758//958 759//958 749//958
usemtl Mat_Bone
f 769//959 770//959 771//959
f 769//960 771//960 772//960
f 773//961 774//961 775//961
f 773//962 775//962 776//962
f 777//963 778//963 779//963
f 777//964 779//964 780//964
f 781//965 782//965 783//965
f 781//966 783//966 784//966
f 785//967 786//967 787//967
f 785//968 787//968 788//968
usemtl Mat_HeroYellow
f 798//969 789//969 790//969
f 798//970 790//970 791//970
f 798//971 791//971 792//971
f 798//972 792//972 793//972
f 798//973 793//973 794//973
f 798//974 794//974 795//974
f 798//975 795//975 796//975
f 796//976 797//976 798//976
f 800//977 799//977 808//977
f 801//978 800//978 808//978
f 802//979 801//979 808//979
f 803//980 802//980 808//980
f 804//981 803//981 808//981
f 805//982 804//982 808//982
f 806//983 805//983 808//983
f 808//984 807//984 806//984
f 789//985 799//985 800//985
f 789//986 800//986 790//986
f 790//987 800//987 801//987
f 790//988 801//988 791//988
f 791//989 801//989 802//989
f 791//990 802//990 792//990
f 792//991 802//991 803//991
f 792//992 803//992 793//992
f 793//993 803//993 804//993
f 793//994 804//994 794//994
f 794//995 804//995 805//995
f 794//996 805//996 795//996
f 795//997 805//997 806//997
f 795//998 806//998 796//998
f 796//999 806//999 807//999
f 796//1000 807//1000 797//1000
f 797//1001 807//1001 808//1001
f 797//1002 808//1002 798//1002
f 798//1003 808//1003 799//1003
f 798//1004 799//1004 789//1004
f 818//1005 809//1005 810//1005
f 818//1006 810//1006 811//1006
f 818//1007 811//1007 812//1007
f 818//1008 812//1008 813//1008
f 818//1009 813//1009 814//1009
f 818//1010 814//1010 815//1010
f 818//1011 815//1011 816//1011
f 816//1012 817//1012 818//1012
f 820//1013 819//1013 828//1013
f 821//1014 820//1014 828//1014
f 822//1015 821//1015 828//1015
f 823//1016 822//1016 828//1016
f 824//1017 823//1017 828//1017
f 825//1018 824//1018 828//1018
f 826//1019 825//1019 828//1019
f 828//1020 827//1020 826//1020
f 809//1021 819//1021 820//1021
f 809//1022 820//1022 810//1022
f 810//1023 820//1023 821//1023
f 810//1024 821//1024 811//1024
f 811//1025 821//1025 822//1025
f 811//1026 822//1026 812//1026
f 812//1027 822//1027 823//1027
f 812//1028 823//1028 813//1028
f 813//1029 823//1029 824//1029
f 813//1030 824//1030 814//1030
f 814//1031 824//1031 825//1031
f 814//1032 825//1032 815//1032
f 815//1033 825//1033 826//1033
f 815//1034 826//1034 816//1034
f 816//1035 826//1035 827//1035
f 816//1036 827//1036 817//1036
f 817//1037 827//1037 828//1037
f 817//1038 828//1038 818//1038
f 818//1039 828//1039 819//1039
f 818//1040 819//1040 809//1040
usemtl Mat_Bone
f 829//1041 830//1041 831//1041
f 829//1042 831//1042 832//1042
f 833//1043 834//1043 835//1043
f 833//1044 835//1044 836//1044
f 837//1045 838//1045 839//1045
f 837//1046 839//1046 840//1046
f 841//1047 842//1047 843//1047
f 841//1048 843//1048 844//1048
f 845//1049 846//1049 847//1049
f 845//1050 847//1050 848//1050
usemtl Mat_HeroYellow
f 858//1051 849//1051 850//1051
f 858//1052 850//1052 851//1052
f 858//1053 851//1053 852//1053
f 858//1054 852//1054 853//1054
f 858//1055 853//1055 854//1055
f 858//1056 854//1056 855//1056
f 858//1057 855//1057 856//1057
f 856//1058 857//1058 858//1058
f 860//1059 859//1059 868//1059
f 861//1060 860//1060 868//1060
f 862//1061 861//1061 868//1061
f 863//1062 862//1062 868//1062
f 864//1063 863//1063 868//1063
f 865//1064 864//1064 868//1064
f 866//1065 865//1065 868//1065
f 868//1066 867//1066 866//1066
f 849//1067 859//1067 860//1067
f 849//1068 860//1068 850//1068
f 850//1069 860//1069 861//1069
f 850//1070 861//1070 851//1070
f 851//1071 861//1071 862//1071
f 851//1072 862//1072 852//1072
f 852//1073 862//1073 863//1073
f 852//1074 863//1074 853//1074
f 853//1075 863//1075 864//1075
f 853//1076 864//1076 854//1076
f 854//1077 864//1077 865//1077
f 854//1078 865//1078 855//1078
f 855//1079 865//1079 866//1079
f 855//1080 866//1080 856//1080
f 856//1081 866//1081 867//1081
f 856//1082 867//1082 857//1082
f 857//1083 867//1083 868//1083
f 857//1084 868//1084 858//1084
f 858//1085 868//1085 859//1085
f 858//1086 859//1086 849//1086
f 878//1087 869//1087 870//1087
f 878//1088 870//1088 871//1088
f 878//1089 871//1089 872//1089
f 878//1090 872//1090 873//1090
f 878//1091 873//1091 874//1091
f 878//1092 874//1092 875//1092
f 878//1093 875//1093 876//1093
f 876//1094 877//1094 878//1094
f 880//1095 879//1095 888//1095
f 881//1096 880//1096 888//1096
f 882//1097 881//1097 888//1097
f 883//1098 882//1098 888//1098
f 884//1099 883//1099 888//1099
f 885//1100 884//1100 888//1100
f 886//1101 885//1101 888//1101
f 888//1102 887//1102 886//1102
f 869//1103 879//1103 880//1103
f 869//1104 880//1104 870//1104
f 870//1105 880//1105 881//1105
f 870//1106 881//1106 871//1106
f 871//1107 881//1107 882//1107
f 871//1108 882//1108 872//1108
f 872//1109 882//1109 883//1109
f 872//1110 883//1110 873//1110
f 873//1111 883//1111 884//1111
f 873//1112 884//1112 874//1112
f 874//1113 884//1113 885//1113
f 874//1114 885//1114 875//1114
f 875//1115 885//1115 886//1115
f 875//1116 886//1116 876//1116
f 876//1117 886//1117 887//1117
f 876//1118 887//1118 877//1118
f 877//1119 887//1119 888//1119
f 877//1120 888//1120 878//1120
f 878//1121 888//1121 879//1121
f 878//1122 879//1122 869//1122
usemtl Mat_Terracotta
f 913//1123 914//1123 890//1123
f 913//1124 890//1124 889//1124
f 914//1125 915//1125 891//1125
f 914//1126 891//1126 890//1126
f 915//1127 916//1127 892//1127
f 915//1128 892//1128 891//1128
f 916//1129 917//1129 893//1129
f 916//1130 893//1130 892//1130
f 917//1131 918//1131 894//1131
f 917//1132 894//1132 893//1132
f 918//1133 919//1133 895//1133
f 918//1134 895//1134 894//1134
f 919//1135 920//1135 896//1135
f 919//1136 896//1136 895//1136
f 920//1137 921//1137 897//1137
f 920//1138 897//1138 896//1138
f 921//1139 922//1139 898//1139
f 921//1140 898//1140 897//1140
f 922//1141 923//1141 899//1141
f 922//1142 899//1142 898//1142
f 923//1143 924//1143 900//1143
f 923//1144 900//1144 899//1144
f 924//1145 925//1145 901//1145
f 924//1146 901//1146 900//1146
f 925//1147 926//1147 902//1147
f 925//1148 902//1148 901//1148
f 926//1149 927//1149 903//1149
f 926//1150 903//1150 902//1150
f 927//1151 928//1151 904//1151
f 927//1152 904//1152 903//1152
f 928//1153 929//1153 905//1153
f 928//1154 905//1154 904//1154
f 929//1155 930//1155 906//1155
f 929//1156 906//1156 905//1156
f 930//1157 931//1157 907//1157
f 930//1158 907//1158 906//1158
f 931//1159 932//1159 908//1159
f 931//1160 908//1160 907//1160
f 932//1161 933//1161 909//1161
f 932//1162 909//1162 908//1162
f 933//1163 934//1163 910//1163
f 933//1164 910//1164 909//1164
f 934//1165 935//1165 911//1165
f 934//1166 911//1166 910//1166
f 935//1167 936//1167 912//1167
f 935//1168 912//1168 911//1168
f 936//1169 913//1169 889//1169
f 936//1170 889//1170 912//1170
f 936//1171 935//1171 934//1171
f 936//1172 934//1172 933//1172
f 936//1173 933//1173 932//1173
f 936//1174 932//1174 931//1174
f 936//1175 931//1175 930//1175
f 936//1176 930//1176 929//1176
f 936//1177 929//1177 928//1177
f 936//1178 928//1178 927//1178
f 936//1179 927//1179 926//1179
f 936//1180 926//1180 925//1180
f 936//1181 925//1181 924//1181
f 936//1182 924//1182 923//1182
f 936//1183 923//1183 922//1183
f 936//1184 922//1184 921//1184
f 936//1185 921//1185 920//1185
f 936//1186 920//1186 919//1186
f 936//1187 919//1187 918//1187
f 936//1188 918//1188 917//1188
f 936//1189 917//1189 916//1189
f 936//1190 916//1190 915//1190
f 936//1191 915//1191 914//1191
f 936//1192 914//1192 913//1192
f 889//1193 890//1193 891//1193
f 889//1194 891//1194 892//1194
f 889//1195 892//1195 893//1195
f 889//1196 893//1196 894//1196
f 889//1197 894//1197 895//1197
f 889//1198 895//1198 896//1198
f 889//1199 896//1199 897//1199
f 889//1200 897//1200 898//1200
f 889//1201 898//1201 899//1201
f 889//1202 899//1202 900//1202
f 889//1203 900//1203 901//1203
f 889//1204 901//1204 902//1204
f 889//1205 902//1205 903//1205
f 889//1206 903//1206 904//1206
f 889//1207 904//1207 905//1207
f 889//1208 905//1208 906//1208
f 889//1209 906//1209 907//1209
f 889//1210 907//1210 908//1210
f 889//1211 908//1211 909//1211
f 889//1212 909//1212 910//1212
f 889//1213 910//1213 911//1213
f 889//1214 911//1214 912//1214
usemtl Mat_Chrome
f 937//1215 938//1215 939//1215
f 942//1216 941//1216 940//1216
f 937//1217 940//1217 941//1217
f 937//1218 941//1218 938//1218
f 938//1219 941//1219 942//1219
f 938//1220 942//1220 939//1220
f 939//1221 942//1221 940//1221
f 939//1222 940//1222 937//1222
f 943//1223 944//1223 945//1223
f 948//1224 947//1224 946//1224
f 943//1225 946//1225 947//1225
f 943//1226 947//1226 944//1226
f 944//1227 947//1227 948//1227
f 944//1228 948//1228 945//1228
f 945//1229 948//1229 946//1229
f 945//1230 946//1230 943//1230
f 949//1231 950//1231 951//1231
f 954//1232 953//1232 952//1232
f 949//1233 952//1233 953//1233
f 949//1234 953//1234 950//1234
f 950//1235 953//1235 954//1235
f 950//1236 954//1236 951//1236
f 951//1237 954//1237 952//1237
f 951//1238 952//1238 949//1238
f 955//1239 956//1239 957//1239
f 960//1240 959//1240 958//1240
f 955//1241 958//1241 959//1241
f 955//1242 959//1242 956//1242
f 956//1243 959//1243 960//1243
f 956//1244 960//1244 957//1244
f 957//1245 960//1245 958//1245
f 957//1246 958//1246 955//1246
f 961//1247 962//1247 963//1247
f 966//1248 965//1248 964//1248
f 961//1249 964//1249 965//1249
f 961//1250 965//1250 962//1250
f 962//1251 965//1251 966//1251
f 962//1252 966//1252 963//1252
f 963//1253 966//1253 964//1253
f 963//1254 964//1254 961//1254
f 967//1255 968//1255 969//1255
f 972//1256 971//1256 970//1256
f 967//1257 970//1257 971//1257
f 967//1258 971//1258 968//1258
f 968//1259 971//1259 972//1259
f 968//1260 972//1260 969//1260
f 969//1261 972//1261 970//1261
f 969//1262 970//1262 967//1262
f 973//1263 974//1263 975//1263
f 978//1264 977//1264 976//1264
f 973//1265 976//1265 977//1265
f 973//1266 977//1266 974//1266
f 974//1267 977//1267 978//1267
f 974//1268 978//1268 975//1268
f 975//1269 978//1269 976//1269
f 975//1270 976//1270 973//1270
f 979//1271 980//1271 981//1271
f 984//1272 983//1272 982//1272
f 979//1273 982//1273 983//1273
f 979//1274 983//1274 980//1274
f 980//1275 983//1275 984//1275
f 980//1276 984//1276 981//1276
f 981//1277 984//1277 982//1277
f 981//1278 982//1278 979//1278
f 985//1279 986//1279 987//1279
f 990//1280 989//1280 988//1280
f 985//1281 988//1281 989//1281
f 985//1282 989//1282 986//1282
f 986//1283 989//1283 990//1283
f 986//1284 990//1284 987//1284
f 987//1285 990//1285 988//1285
f 987//1286 988//1286 985//1286
f 991//1287 992//1287 993//1287
f 996//1288 995//1288 994//1288
f 991//1289 994//1289 995//1289
f 991//1290 995//1290 992//1290
f 992//1291 995//1291 996//1291
f 992//1292 996//1292 993//1292
f 993//1293 996//1293 994//1293
f 993//1294 994//1294 991//1294
f 997//1295 998//1295 999//1295
f 1002//1296 1001//1296 1000//1296
f 997//1297 1000//1297 1001//1297
f 997//1298 1001//1298 998//1298
f 998//1299 1001//1299 1002//1299
f 998//1300 1002//1300 999//1300
f 999//1301 1002//1301 1000//1301
f 999//1302 1000//1302 997//1302
f 1003//1303 1004//1303 1005//1303
f 1008//1304 1007//1304 1006//1304
f 1003//1305 1006//1305 1007//1305
f 1003//1306 1007//1306 1004//1306
f 1004//1307 1007//1307 1008//1307
f 1004//1308 1008//1308 1005//1308
f 1005//1309 1008//1309 1006//1309
f 1005//1310 1006//1310 1003//1310
f 1009//1311 1010//1311 1011//1311
f 1014//1312 1013//1312 1012//1312
f 1009//1313 1012//1313 1013//1313
f 1009//1314 1013//1314 1010//1314
f 1010//1315 1013//1315 1014//1315
f 1010//1316 1014//1316 1011//1316
f 1011//1317 1014//1317 1012//1317
f 1011//1318 1012//1318 1009//1318
f 1015//1319 1016//1319 1017//1319
f 1020//1320 1019//1320 1018//1320
f 1015//1321 1018//1321 1019//1321
f 1015//1322 1019//1322 1016//1322
f 1016//1323 1019//1323 1020//1323
f 1016//1324 1020//1324 1017//1324
f 1017//1325 1020//1325 1018//1325
f 1017//1326 1018//1326 1015//1326
usemtl Mat_NeonGreen
f 1021//1327 1032//1327 1026//1327
f 1021//1328 1026//1328 1022//1328
f 1021//1329 1022//1329 1028//1329
f 1021//1330 1028//1330 1031//1330
f 1021//1331 1031//1331 1032//1331
f 1022//1332 1026//1332 1030//1332
f 1026//1333 1032//1333 1025//1333
f 1032//1334 1031//1334 1023//1334
f 1031//1335 1028//1335 1027//1335
f 1028//1336 1022//1336 1029//1336
f 1024//1337 1030//1337 1025//1337
f 1024//1338 1025//1338 1023//1338
f 1024//1339 1023//1339 1027//1339
f 1024//1340 1027//1340 1029//1340
f 1024//1341 1029//1341 1030//1341
f 1025//1342 1030//1342 1026//1342
f 1023//1343 1025//1343 1032//1343
f 1027//1344 1023//1344 1031//1344
f 1029//1345 1027//1345 1028//1345
f 1030//1346 1029//1346 1022//1346
usemtl Mat_Cactus
f 1033//1347 1044//1347 1038//1347
f 1033//1348 1038//1348 1034//1348
f 1033//1349 1034//1349 1040//1349
f 1033//1350 1040//1350 1043//1350
f 1033//1351 1043//1351 1044//1351
f 1034//1352 1038//1352 1042//1352
f 1038//1353 1044//1353 1037//1353
f 1044//1354 1043//1354 1035//1354
f 1043//1355 1040//1355 1039//1355
f 1040//1356 1034//1356 1041//1356
f 1036//1357 1042//1357 1037//1357
f 1036//1358 1037//1358 1035//1358
f 1036//1359 1035//1359 1039//1359
f 1036//1360 1039//1360 1041//1360
f 1036//1361 1041//1361 1042//1361
f 1037//1362 1042//1362 1038//1362
f 1035//1363 1037//1363 1044//1363
f 1039//1364 1035//1364 1043//1364
f 1041//1365 1039//1365 1040//1365
f 1042//1366 1041//1366 1034//1366
f 1045//1367 1056//1367 1050//1367
f 1045//1368 1050//1368 1046//1368
f 1045//1369 1046//1369 1052//1369
f 1045//1370 1052//1370 1055//1370
f 1045//1371 1055//1371 1056//1371
f 1046//1372 1050//1372 1054//1372
f 1050//1373 1056//1373 1049//1373
f 1056//1374 1055//1374 1047//1374
f 1055//1375 1052//1375 1051//1375
f 1052//1376 1046//1376 1053//1376
f 1048//1377 1054//1377 1049//1377
f 1048//1378 1049//1378 1047//1378
f 1048//1379 1047//1379 1051//1379
f 1048//1380 1051//1380 1053//1380
f 1048//1381 1053//1381 1054//1381
f 1049//1382 1054//1382 1050//1382
f 1047//1383 1049//1383 1056//1383
f 1051//1384 1047//1384 1055//1384
f 1053//1385 1051//1385 1052//1385
f 1054//1386 1053//1386 1046//1386
usemtl Mat_RustRock
f 1057//1387 1068//1387 1062//1387
f 1057//1388 1062//1388 1058//1388
f 1057//1389 1058//1389 1064//1389
f 1057//1390 1064//1390 1067//1390
f 1057//1391 1067//1391 1068//1391
f 1058//1392 1062//1392 1066//1392
f 1062//1393 1068//1393 1061//1393
f 1068//1394 1067//1394 1059//1394
f 1067//1395 1064//1395 1063//1395
f 1064//1396 1058//1396 1065//1396
f 1060//1397 1066//1397 1061//1397
f 1060//1398 1061//1398 1059//1398
f 1060//1399 1059//1399 1063//1399
f 1060//1400 1063//1400 1065//1400
f 1060//1401 1065//1401 1066//1401
f 1061//1402 1066//1402 1062//1402
f 1059//1403 1061//1403 1068//1403
f 1063//1404 1059//1404 1067//1404
f 1065//1405 1063//1405 1064//1405
f 1066//1406 1065//1406 1058//1406
usemtl Mat_Cactus
f 1069//1407 1080//1407 1074//1407
f 1069//1408 1074//1408 1070//1408
f 1069//1409 1070//1409 1076//1409
f 1069//1410 1076//1410 1079//1410
f 1069//1411 1079//1411 1080//1411
f 1070//1412 1074//1412 1078//1412
f 1074//1413 1080//1413 1073//1413
f 1080//1414 1079//1414 1071//1414
f 1079//1415 1076//1415 1075//1415
f 1076//1416 1070//1416 1077//1416
f 1072//1417 1078//1417 1073//1417
f 1072//1418 1073//1418 1071//1418
f 1072//1419 1071//1419 1075//1419
f 1072//1420 1075//1420 1077//1420
f 1072//1421 1077//1421 1078//1421
f 1073//1422 1078//1422 1074//1422
f 1071//1423 1073//1423 1080//1423
f 1075//1424 1071//1424 1079//1424
f 1077//1425 1075//1425 1076//1425
f 1078//1426 1077//1426 1070//1426
f 1081//1427 1092//1427 1086//1427
f 1081//1428 1086//1428 1082//1428
f 1081//1429 1082//1429 1088//1429
f 1081//1430 1088//1430 1091//1430
f 1081//1431 1091//1431 1092//1431
f 1082//1432 1086//1432 1090//1432
f 1086//1433 1092//1433 1085//1433
f 1092//1434 1091//1434 1083//1434
f 1091//1435 1088//1435 1087//1435
f 1088//1436 1082//1436 1089//1436
f 1084//1437 1090//1437 1085//1437
f 1084//1438 1085//1438 1083//1438
f 1084//1439 1083//1439 1087//1439
f 1084//1440 1087//1440 1089//1440
f 1084//1441 1089//1441 1090//1441
f 1085//1442 1090//1442 1086//1442
f 1083//1443 1085//1443 1092//1443
f 1087//1444 1083//1444 1091//1444
f 1089//1445 1087//1445 1088//1445
f 1090//1446 1089//1446 1082//1446
usemtl Mat_RustRock
f 1093//1447 1104//1447 1098//1447
f 1093//1448 1098//1448 1094//1448
f 1093//1449 1094//1449 1100//1449
f 1093//1450 1100//1450 1103//1450
f 1093//1451 1103//1451 1104//1451
f 1094//1452 1098//1452 1102//1452
f 1098//1453 1104//1453 1097//1453
f 1104//1454 1103//1454 1095//1454
f 1103//1455 1100//1455 1099//1455
f 1100//1456 1094//1456 1101//1456
f 1096//1457 1102//1457 1097//1457
f 1096//1458 1097//1458 1095//1458
f 1096//1459 1095//1459 1099//1459
f 1096//1460 1099//1460 1101//1460
f 1096//1461 1101//1461 1102//1461
f 1097//1462 1102//1462 1098//1462
f 1095//1463 1097//1463 1104//1463
f 1099//1464 1095//1464 1103//1464
f 1101//1465 1099//1465 1100//1465
f 1102//1466 1101//1466 1094//1466
usemtl Mat_NeonGreen
f 1105//1467 1116//1467 1110//1467
f 1105//1468 1110//1468 1106//1468
f 1105//1469 1106//1469 1112//1469
f 1105//1470 1112//1470 1115//1470
f 1105//1471 1115//1471 1116//1471
f 1106//1472 1110//1472 1114//1472
f 1110//1473 1116//1473 1109//1473
f 1116//1474 1115//1474 1107//1474
f 1115//1475 1112//1475 1111//1475
f 1112//1476 1106//1476 1113//1476
f 1108//1477 1114//1477 1109//1477
f 1108//1478 1109//1478 1107//1478
f 1108//1479 1107//1479 1111//1479
f 1108//1480 1111//1480 1113//1480
f 1108//1481 1113//1481 1114//1481
f 1109//1482 1114//1482 1110//1482
f 1107//1483 1109//1483 1116//1483
f 1111//1484 1107//1484 1115//1484
f 1113//1485 1111//1485 1112//1485
f 1114//1486 1113//1486 1106//1486
usemtl Mat_Cactus
f 1117//1487 1128//1487 1122//1487
f 1117//1488 1122//1488 1118//1488
f 1117//1489 1118//1489 1124//1489
f 1117//1490 1124//1490 1127//1490
f 1117//1491 1127//1491 1128//1491
f 1118//1492 1122//1492 1126//1492
f 1122//1493 1128//1493 1121//1493
f 1128//1494 1127//1494 1119//1494
f 1127//1495 1124//1495 1123//1495
f 1124//1496 1118//1496 1125//1496
f 1120//1497 1126//1497 1121//1497
f 1120//1498 1121//1498 1119//1498
f 1120//1499 1119//1499 1123//1499
f 1120//1500 1123//1500 1125//1500
f 1120//1501 1125//1501 1126//1501
f 1121//1502 1126//1502 1122//1502
f 1119//1503 1121//1503 1128//1503
f 1123//1504 1119//1504 1127//1504
f 1125//1505 1123//1505 1124//1505
f 1126//1506 1125//1506 1118//1506
usemtl Mat_RustRock
f 1129//1507 1140//1507 1134//1507
f 1129//1508 1134//1508 1130//1508
f 1129//1509 1130//1509 1136//1509
f 1129//1510 1136//1510 1139//1510
f 1129//1511 1139//1511 1140//1511
f 1130//1512 1134//1512 1138//1512
f 1134//1513 1140//1513 1133//1513
f 1140//1514 1139//1514 1131//1514
f 1139//1515 1136//1515 1135//1515
f 1136//1516 1130//1516 1137//1516
f 1132//1517 1138//1517 1133//1517
f 1132//1518 1133//1518 1131//1518
f 1132//1519 1131//1519 1135//1519
f 1132//1520 1135//1520 1137//1520
f 1132//1521 1137//1521 1138//1521
f 1133//1522 1138//1522 1134//1522
f 1131//1523 1133//1523 1140//1523
f 1135//1524 1131//1524 1139//1524
f 1137//1525 1135//1525 1136//1525
f 1138//1526 1137//1526 1130//1526
usemtl Mat_Cactus
f 1141//1527 1152//1527 1146//1527
f 1141//1528 1146//1528 1142//1528
f 1141//1529 1142//1529 1148//1529
f 1141//1530 1148//1530 1151//1530
f 1141//1531 1151//1531 1152//1531
f 1142//1532 1146//1532 1150//1532
f 1146//1533 1152//1533 1145//1533
f 1152//1534 1151//1534 1143//1534
f 1151//1535 1148//1535 1147//1535
f 1148//1536 1142//1536 1149//1536
f 1144//1537 1150//1537 1145//1537
f 1144//1538 1145//1538 1143//1538
f 1144//1539 1143//1539 1147//1539
f 1144//1540 1147//1540 1149//1540
f 1144//1541 1149//1541 1150//1541
f 1145//1542 1150//1542 1146//1542
f 1143//1543 1145//1543 1152//1543
f 1147//1544 1143//1544 1151//1544
f 1149//1545 1147//1545 1148//1545
f 1150//1546 1149//1546 1142//1546
f 1153//1547 1164//1547 1158//1547
f 1153//1548 1158//1548 1154//1548
f 1153//1549 1154//1549 1160//1549
f 1153//1550 1160//1550 1163//1550
f 1153//1551 1163//1551 1164//1551
f 1154//1552 1158//1552 1162//1552
f 1158//1553 1164//1553 1157//1553
f 1164//1554 1163//1554 1155//1554
f 1163//1555 1160//1555 1159//1555
f 1160//1556 1154//1556 1161//1556
f 1156//1557 1162//1557 1157//1557
f 1156//1558 1157//1558 1155//1558
f 1156//1559 1155//1559 1159//1559
f 1156//1560 1159//1560 1161//1560
f 1156//1561 1161//1561 1162//1561
f 1157//1562 1162//1562 1158//1562
f 1155//1563 1157//1563 1164//1563
f 1159//1564 1155//1564 1163//1564
f 1161//1565 1159//1565 1160//1565
f 1162//1566 1161//1566 1154//1566
usemtl Mat_RustRock
f 1165//1567 1176//1567 1170//1567
f 1165//1568 1170//1568 1166//1568
f 1165//1569 1166//1569 1172//1569
f 1165//1570 1172//1570 1175//1570
f 1165//1571 1175//1571 1176//1571
f 1166//1572 1170//1572 1174//1572
f 1170//1573 1176//1573 1169//1573
f 1176//1574 1175//1574 1167//1574
f 1175//1575 1172//1575 1171//1575
f 1172//1576 1166//1576 1173//1576
f 1168//1577 1174//1577 1169//1577
f 1168//1578 1169//1578 1167//1578
f 1168//1579 1167//1579 1171//1579
f 1168//1580 1171//1580 1173//1580
f 1168//1581 1173//1581 1174//1581
f 1169//1582 1174//1582 1170//1582
f 1167//1583 1169//1583 1176//1583
f 1171//1584 1167//1584 1175//1584
f 1173//1585 1171//1585 1172//1585
f 1174//1586 1173//1586 1166//1586
usemtl Mat_Cactus
f 1177//1587 1188//1587 1182//1587
f 1177//1588 1182//1588 1178//1588
f 1177//1589 1178//1589 1184//1589
f 1177//1590 1184//1590 1187//1590
f 1177//1591 1187//1591 1188//1591
f 1178//1592 1182//1592 1186//1592
f 1182//1593 1188//1593 1181//1593
f 1188//1594 1187//1594 1179//1594
f 1187//1595 1184//1595 1183//1595
f 1184//1596 1178//1596 1185//1596
f 1180//1597 1186//1597 1181//1597
f 1180//1598 1181//1598 1179//1598
f 1180//1599 1179//1599 1183//1599
f 1180//1600 1183//1600 1185//1600
f 1180//1601 1185//1601 1186//1601
f 1181//1602 1186//1602 1182//1602
f 1179//1603 1181//1603 1188//1603
f 1183//1604 1179//1604 1187//1604
f 1185//1605 1183//1605 1184//1605
f 1186//1606 1185//1606 1178//1606
usemtl Mat_NeonGreen
f 1189//1607 1200//1607 1194//1607
f 1189//1608 1194//1608 1190//1608
f 1189//1609 1190//1609 1196//1609
f 1189//1610 1196//1610 1199//1610
f 1189//1611 1199//1611 1200//1611
f 1190//1612 1194//1612 1198//1612
f 1194//1613 1200//1613 1193//1613
f 1200//1614 1199//1614 1191//1614
f 1199//1615 1196//1615 1195//1615
f 1196//1616 1190//1616 1197//1616
f 1192//1617 1198//1617 1193//1617
f 1192//1618 1193//1618 1191//1618
f 1192//1619 1191//1619 1195//1619
f 1192//1620 1195//1620 1197//1620
f 1192//1621 1197//1621 1198//1621
f 1193//1622 1198//1622 1194//1622
f 1191//1623 1193//1623 1200//1623
f 1195//1624 1191//1624 1199//1624
f 1197//1625 1195//1625 1196//1625
f 1198//1626 1197//1626 1190//1626
usemtl Mat_RustRock
f 1201//1627 1212//1627 1206//1627
f 1201//1628 1206//1628 1202//1628
f 1201//1629 1202//1629 1208//1629
f 1201//1630 1208//1630 1211//1630
f 1201//1631 1211//1631 1212//1631
f 1202//1632 1206//1632 1210//1632
f 1206//1633 1212//1633 1205//1633
f 1212//1634 1211//1634 1203//1634
f 1211//1635 1208//1635 1207//1635
f 1208//1636 1202//1636 1209//1636
f 1204//1637 1210//1637 1205//1637
f 1204//1638 1205//1638 1203//1638
f 1204//1639 1203//1639 1207//1639
f 1204//1640 1207//1640 1209//1640
f 1204//1641 1209//1641 1210//1641
f 1205//1642 1210//1642 1206//1642
f 1203//1643 1205//1643 1212//1643
f 1207//1644 1203//1644 1211//1644
f 1209//1645 1207//1645 1208//1645
f 1210//1646 1209//1646 1202//1646
usemtl Mat_Cactus
f 1213//1647 1224//1647 1218//1647
f 1213//1648 1218//1648 1214//1648
f 1213//1649 1214//1649 1220//1649
f 1213//1650 1220//1650 1223//1650
f 1213//1651 1223//1651 1224//1651
f 1214//1652 1218//1652 1222//1652
f 1218//1653 1224//1653 1217//1653
f 1224//1654 1223//1654 1215//1654
f 1223//1655 1220//1655 1219//1655
f 1220//1656 1214//1656 1221//1656
f 1216//1657 1222//1657 1217//1657
f 1216//1658 1217//1658 1215//1658
f 1216//1659 1215//1659 1219//1659
f 1216//1660 1219//1660 1221//1660
f 1216//1661 1221//1661 1222//1661
f 1217//1662 1222//1662 1218//1662
f 1215//1663 1217//1663 1224//1663
f 1219//1664 1215//1664 1223//1664
f 1221//1665 1219//1665 1220//1665
f 1222//1666 1221//1666 1214//1666
f 1225//1667 1236//1667 1230//1667
f 1225//1668 1230//1668 1226//1668
f 1225//1669 1226//1669 1232//1669
f 1225//1670 1232//1670 1235//1670
f 1225//1671 1235//1671 1236//1671
f 1226//1672 1230//1672 1234//1672
f 1230//1673 1236//1673 1229//1673
f 1236//1674 1235//1674 1227//1674
f 1235//1675 1232//1675 1231//1675
f 1232//1676 1226//1676 1233//1676
f 1228//1677 1234//1677 1229//1677
f 1228//1678 1229//1678 1227//1678
f 1228//1679 1227//1679 1231//1679
f 1228//1680 1231//1680 1233//1680
f 1228//1681 1233//1681 1234//1681
f 1229//1682 1234//1682 1230//1682
f 1227//1683 1229//1683 1236//1683
f 1231//1684 1227//1684 1235//1684
f 1233//1685 1231//1685 1232//1685
f 1234//1686 1233//1686 1226//1686
usemtl Mat_RustRock
f 1237//1687 1248//1687 1242//1687
f 1237//1688 1242//1688 1238//1688
f 1237//1689 1238//1689 1244//1689
f 1237//1690 1244//1690 1247//1690
f 1237//1691 1247//1691 1248//1691
f 1238//1692 1242//1692 1246//1692
f 1242//1693 1248//1693 1241//1693
f 1248//1694 1247//1694 1239//1694
f 1247//1695 1244//1695 1243//1695
f 1244//1696 1238//1696 1245//1696
f 1240//1697 1246//1697 1241//1697
f 1240//1698 1241//1698 1239//1698
f 1240//1699 1239//1699 1243//1699
f 1240//1700 1243//1700 1245//1700
f 1240//1701 1245//1701 1246//1701
f 1241//1702 1246//1702 1242//1702
f 1239//1703 1241//1703 1248//1703
f 1243//1704 1239//1704 1247//1704
f 1245//1705 1243//1705 1244//1705
f 1246//1706 1245//1706 1238//1706
usemtl Mat_Cactus
f 1249//1707 1260//1707 1254//1707
f 1249//1708 1254//1708 1250//1708
f 1249//1709 1250//1709 1256//1709
f 1249//1710 1256//1710 1259//1710
f 1249//1711 1259//1711 1260//1711
f 1250//1712 1254//1712 1258//1712
f 1254//1713 1260//1713 1253//1713
f 1260//1714 1259//1714 1251//1714
f 1259//1715 1256//1715 1255//1715
f 1256//1716 1250//1716 1257//1716
f 1252//1717 1258//1717 1253//1717
f 1252//1718 1253//1718 1251//1718
f 1252//1719 1251//1719 1255//1719
f 1252//1720 1255//1720 1257//1720
f 1252//1721 1257//1721 1258//1721
f 1253//1722 1258//1722 1254//1722
f 1251//1723 1253//1723 1260//1723
f 1255//1724 1251//1724 1259//1724
f 1257//1725 1255//1725 1256//1725
f 1258//1726 1257//1726 1250//1726
f 1261//1727 1272//1727 1266//1727
f 1261//1728 1266//1728 1262//1728
f 1261//1729 1262//1729 1268//1729
f 1261//1730 1268//1730 1271//1730
f 1261//1731 1271//1731 1272//1731
f 1262//1732 1266//1732 1270//1732
f 1266//1733 1272//1733 1265//1733
f 1272//1734 1271//1734 1263//1734
f 1271//1735 1268//1735 1267//1735
f 1268//1736 1262//1736 1269//1736
f 1264//1737 1270//1737 1265//1737
f 1264//1738 1265//1738 1263//1738
f 1264//1739 1263//1739 1267//1739
f 1264//1740 1267//1740 1269//1740
f 1264//1741 1269//1741 1270//1741
f 1265//1742 1270//1742 1266//1742
f 1263//1743 1265//1743 1272//1743
f 1267//1744 1263//1744 1271//1744
f 1269//1745 1267//1745 1268//1745
f 1270//1746 1269//1746 1262//1746
usemtl Mat_NeonGreen
f 1273//1747 1284//1747 1278//1747
f 1273//1748 1278//1748 1274//1748
f 1273//1749 1274//1749 1280//1749
f 1273//1750 1280//1750 1283//1750
f 1273//1751 1283//1751 1284//1751
f 1274//1752 1278//1752 1282//1752
f 1278//1753 1284//1753 1277//1753
f 1284//1754 1283//1754 1275//1754
f 1283//1755 1280//1755 1279//1755
f 1280//1756 1274//1756 1281//1756
f 1276//1757 1282//1757 1277//1757
f 1276//1758 1277//1758 1275//1758
f 1276//1759 1275//1759 1279//1759
f 1276//1760 1279//1760 1281//1760
f 1276//1761 1281//1761 1282//1761
f 1277//1762 1282//1762 1278//1762
f 1275//1763 1277//1763 1284//1763
f 1279//1764 1275//1764 1283//1764
f 1281//1765 1279//1765 1280//1765
f 1282//1766 1281//1766 1274//1766
usemtl Mat_Cactus
f 1285//1767 1296//1767 1290//1767
f 1285//1768 1290//1768 1286//1768
f 1285//1769 1286//1769 1292//1769
f 1285//1770 1292//1770 1295//1770
f 1285//1771 1295//1771 1296//1771
f 1286//1772 1290//1772 1294//1772
f 1290//1773 1296//1773 1289//1773
f 1296//1774 1295//1774 1287//1774
f 1295//1775 1292//1775 1291//1775
f 1292//1776 1286//1776 1293//1776
f 1288//1777 1294//1777 1289//1777
f 1288//1778 1289//1778 1287//1778
f 1288//1779 1287//1779 1291//1779
f 1288//1780 1291//1780 1293//1780
f 1288//1781 1293//1781 1294//1781
f 1289//1782 1294//1782 1290//1782
f 1287//1783 1289//1783 1296//1783
f 1291//1784 1287//1784 1295//1784
f 1293//1785 1291//1785 1292//1785
f 1294//1786 1293//1786 1286//1786
f 1297//1787 1308//1787 1302//1787
f 1297//1788 1302//1788 1298//1788
f 1297//1789 1298//1789 1304//1789
f 1297//1790 1304//1790 1307//1790
f 1297//1791 1307//1791 1308//1791
f 1298//1792 1302//1792 1306//1792
f 1302//1793 1308//1793 1301//1793
f 1308//1794 1307//1794 1299//1794
f 1307//1795 1304//1795 1303//1795
f 1304//1796 1298//1796 1305//1796
f 1300//1797 1306//1797 1301//1797
f 1300//1798 1301//1798 1299//1798
f 1300//1799 1299//1799 1303//1799
f 1300//1800 1303//1800 1305//1800
f 1300//1801 1305//1801 1306//1801
f 1301//1802 1306//1802 1302//1802
f 1299//1803 1301//1803 1308//1803
f 1303//1804 1299//1804 1307//1804
f 1305//1805 1303//1805 1304//1805
f 1306//1806 1305//1806 1298//1806
usemtl Mat_RustRock
f 1309//1807 1320//1807 1314//1807
f 1309//1808 1314//1808 1310//1808
f 1309//1809 1310//1809 1316//1809
f 1309//1810 1316//1810 1319//1810
f 1309//1811 1319//1811 1320//1811
f 1310//1812 1314//1812 1318//1812
f 1314//1813 1320//1813 1313//1813
f 1320//1814 1319//1814 1311//1814
f 1319//1815 1316//1815 1315//1815
f 1316//1816 1310//1816 1317//1816
f 1312//1817 1318//1817 1313//1817
f 1312//1818 1313//1818 1311//1818
f 1312//1819 1311//1819 1315//1819
f 1312//1820 1315//1820 1317//1820
f 1312//1821 1317//1821 1318//1821
f 1313//1822 1318//1822 1314//1822
f 1311//1823 1313//1823 1320//1823
f 1315//1824 1311//1824 1319//1824
f 1317//1825 1315//1825 1316//1825
f 1318//1826 1317//1826 1310//1826
usemtl Mat_Cactus
f 1321//1827 1332//1827 1326//1827
f 1321//1828 1326//1828 1322//1828
f 1321//1829 1322//1829 1328//1829
f 1321//1830 1328//1830 1331//1830
f 1321//1831 1331//1831 1332//1831
f 1322//1832 1326//1832 1330//1832
f 1326//1833 1332//1833 1325//1833
f 1332//1834 1331//1834 1323//1834
f 1331//1835 1328//1835 1327//1835
f 1328//1836 1322//1836 1329//1836
f 1324//1837 1330//1837 1325//1837
f 1324//1838 1325//1838 1323//1838
f 1324//1839 1323//1839 1327//1839
f 1324//1840 1327//1840 1329//1840
f 1324//1841 1329//1841 1330//1841
f 1325//1842 1330//1842 1326//1842
f 1323//1843 1325//1843 1332//1843
f 1327//1844 1323//1844 1331//1844
f 1329//1845 1327//1845 1328//1845
f 1330//1846 1329//1846 1322//1846
f 1333//1847 1344//1847 1338//1847
f 1333//1848 1338//1848 1334//1848
f 1333//1849 1334//1849 1340//1849
f 1333//1850 1340//1850 1343//1850
f 1333//1851 1343//1851 1344//1851
f 1334//1852 1338//1852 1342//1852
f 1338//1853 1344//1853 1337//1853
f 1344//1854 1343//1854 1335//1854
f 1343//1855 1340//1855 1339//1855
f 1340//1856 1334//1856 1341//1856
f 1336//1857 1342//1857 1337//1857
f 1336//1858 1337//1858 1335//1858
f 1336//1859 1335//1859 1339//1859
f 1336//1860 1339//1860 1341//1860
f 1336//1861 1341//1861 1342//1861
f 1337//1862 1342//1862 1338//1862
f 1335//1863 1337//1863 1344//1863
f 1339//1864 1335//1864 1343//1864
f 1341//1865 1339//1865 1340//1865
f 1342//1866 1341//1866 1334//1866
usemtl Mat_RustRock
f 1345//1867 1356//1867 1350//1867
f 1345//1868 1350//1868 1346//1868
f 1345//1869 1346//1869 1352//1869
f 1345//1870 1352//1870 1355//1870
f 1345//1871 1355//1871 1356//1871
f 1346//1872 1350//1872 1354//1872
f 1350//1873 1356//1873 1349//1873
f 1356//1874 1355//1874 1347//1874
f 1355//1875 1352//1875 1351//1875
f 1352//1876 1346//1876 1353//1876
f 1348//1877 1354//1877 1349//1877
f 1348//1878 1349//1878 1347//1878
f 1348//1879 1347//1879 1351//1879
f 1348//1880 1351//1880 1353//1880
f 1348//1881 1353//1881 1354//1881
f 1349//1882 1354//1882 1350//1882
f 1347//1883 1349//1883 1356//1883
f 1351//1884 1347//1884 1355//1884
f 1353//1885 1351//1885 1352//1885
f 1354//1886 1353//1886 1346//1886
usemtl Mat_NeonGreen
f 1357//1887 1368//1887 1362//1887
f 1357//1888 1362//1888 1358//1888
f 1357//1889 1358//1889 1364//1889
f 1357//1890 1364//1890 1367//1890
f 1357//1891 1367//1891 1368//1891
f 1358//1892 1362//1892 1366//1892
f 1362//1893 1368//1893 1361//1893
f 1368//1894 1367//1894 1359//1894
f 1367//1895 1364//1895 1363//1895
f 1364//1896 1358//1896 1365//1896
f 1360//1897 1366//1897 1361//1897
f 1360//1898 1361//1898 1359//1898
f 1360//1899 1359//1899 1363//1899
f 1360//1900 1363//1900 1365//1900
f 1360//1901 1365//1901 1366//1901
f 1361//1902 1366//1902 1362//1902
f 1359//1903 1361//1903 1368//1903
f 1363//1904 1359//1904 1367//1904
f 1365//1905 1363//1905 1364//1905
f 1366//1906 1365//1906 1358//1906
usemtl Mat_Cactus
f 1369//1907 1380//1907 1374//1907
f 1369//1908 1374//1908 1370//1908
f 1369//1909 1370//1909 1376//1909
f 1369//1910 1376//1910 1379//1910
f 1369//1911 1379//1911 1380//1911
f 1370//1912 1374//1912 1378//1912
f 1374//1913 1380//1913 1373//1913
f 1380//1914 1379//1914 1371//1914
f 1379//1915 1376//1915 1375//1915
f 1376//1916 1370//1916 1377//1916
f 1372//1917 1378//1917 1373//1917
f 1372//1918 1373//1918 1371//1918
f 1372//1919 1371//1919 1375//1919
f 1372//1920 1375//1920 1377//1920
f 1372//1921 1377//1921 1378//1921
f 1373//1922 1378//1922 1374//1922
f 1371//1923 1373//1923 1380//1923
f 1375//1924 1371//1924 1379//1924
f 1377//1925 1375//1925 1376//1925
f 1378//1926 1377//1926 1370//1926
usemtl Mat_RustRock
f 1381//1927 1392//1927 1386//1927
f 1381//1928 1386//1928 1382//1928
f 1381//1929 1382//1929 1388//1929
f 1381//1930 1388//1930 1391//1930
f 1381//1931 1391//1931 1392//1931
f 1382//1932 1386//1932 1390//1932
f 1386//1933 1392//1933 1385//1933
f 1392//1934 1391//1934 1383//1934
f 1391//1935 1388//1935 1387//1935
f 1388//1936 1382//1936 1389//1936
f 1384//1937 1390//1937 1385//1937
f 1384//1938 1385//1938 1383//1938
f 1384//1939 1383//1939 1387//1939
f 1384//1940 1387//1940 1389//1940
f 1384//1941 1389//1941 1390//1941
f 1385//1942 1390//1942 1386//1942
f 1383//1943 1385//1943 1392//1943
f 1387//1944 1383//1944 1391//1944
f 1389//1945 1387//1945 1388//1945
f 1390//1946 1389//1946 1382//1946
usemtl Mat_Cactus
f 1393//1947 1404//1947 1398//1947
f 1393//1948 1398//1948 1394//1948
f 1393//1949 1394//1949 1400//1949
f 1393//1950 1400//1950 1403//1950
f 1393//1951 1403//1951 1404//1951
f 1394//1952 1398//1952 1402//1952
f 1398//1953 1404//1953 1397//1953
f 1404//1954 1403//1954 1395//1954
f 1403//1955 1400//1955 1399//1955
f 1400//1956 1394//1956 1401//1956
f 1396//1957 1402//1957 1397//1957
f 1396//1958 1397//1958 1395//1958
f 1396//1959 1395//1959 1399//1959
f 1396//1960 1399//1960 1401//1960
f 1396//1961 1401//1961 1402//1961
f 1397//1962 1402//1962 1398//1962
f 1395//1963 1397//1963 1404//1963
f 1399//1964 1395//1964 1403//1964
f 1401//1965 1399//1965 1400//1965
f 1402//1966 1401//1966 1394//1966
f 1405//1967 1416//1967 1410//1967
f 1405//1968 1410//1968 1406//1968
f 1405//1969 1406//1969 1412//1969
f 1405//1970 1412//1970 1415//1970
f 1405//1971 1415//1971 1416//1971
f 1406//1972 1410//1972 1414//1972
f 1410//1973 1416//1973 1409//1973
f 1416//1974 1415//1974 1407//1974
f 1415//1975 1412//1975 1411//1975
f 1412//1976 1406//1976 1413//1976
f 1408//1977 1414//1977 1409//1977
f 1408//1978 1409//1978 1407//1978
f 1408//1979 1407//1979 1411//1979
f 1408//1980 1411//1980 1413//1980
f 1408//1981 1413//1981 1414//1981
f 1409//1982 1414//1982 1410//1982
f 1407//1983 1409//1983 1416//1983
f 1411//1984 1407//1984 1415//1984
f 1413//1985 1411//1985 1412//1985
f 1414//1986 1413//1986 1406//1986
usemtl Mat_RustRock
f 1417//1987 1428//1987 1422//1987
f 1417//1988 1422//1988 1418//1988
f 1417//1989 1418//1989 1424//1989
f 1417//1990 1424//1990 1427//1990
f 1417//1991 1427//1991 1428//1991
f 1418//1992 1422//1992 1426//1992
f 1422//1993 1428//1993 1421//1993
f 1428//1994 1427//1994 1419//1994
f 1427//1995 1424//1995 1423//1995
f 1424//1996 1418//1996 1425//1996
f 1420//1997 1426//1997 1421//1997
f 1420//1998 1421//1998 1419//1998
f 1420//1999 1419//1999 1423//1999
f 1420//2000 1423//2000 1425//2000
f 1420//2001 1425//2001 1426//2001
f 1421//2002 1426//2002 1422//2002
f 1419//2003 1421//2003 1428//2003
f 1423//2004 1419//2004 1427//2004
f 1425//2005 1423//2005 1424//2005
f 1426//2006 1425//2006 1418//2006
usemtl Mat_FadedWood
f 1436//2007 1435//2007 1434//2007
f 1436//2008 1434//2008 1433//2008
f 1433//2009 1434//2009 1430//2009
f 1433//2010 1430//2010 1429//2010
f 1434//2011 1435//2011 1431//2011
f 1434//2012 1431//2012 1430//2012
f 1435//2013 1436//2013 1432//2013
f 1435//2014 1432//2014 1431//2014
f 1436//2015 1433//2015 1429//2015
f 1436//2016 1429//2016 1432//2016
f 1430//2017 1431//2017 1432//2017
f 1430//2018 1432//2018 1429//2018
usemtl Mat_Bone
f 1444//2019 1443//2019 1442//2019
f 1444//2020 1442//2020 1441//2020
f 1441//2021 1442//2021 1438//2021
f 1441//2022 1438//2022 1437//2022
f 1442//2023 1443//2023 1439//2023
f 1442//2024 1439//2024 1438//2024
f 1443//2025 1444//2025 1440//2025
f 1443//2026 1440//2026 1439//2026
f 1444//2027 1441//2027 1437//2027
f 1444//2028 1437//2028 1440//2028
f 1438//2029 1439//2029 1440//2029
f 1438//2030 1440//2030 1437//2030
usemtl Mat_WoodMid
f 1452//2031 1451//2031 1450//2031
f 1452//2032 1450//2032 1449//2032
f 1450//2033 1451//2033 1447//2033
f 1450//2034 1447//2034 1446//2034
f 1451//2035 1452//2035 1448//2035
f 1451//2036 1448//2036 1447//2036
f 1452//2037 1449//2037 1445//2037
f 1452//2038 1445//2038 1448//2038
f 1446//2039 1447//2039 1448//2039
f 1446//2040 1448//2040 1445//2040
usemtl Mat_FadedWood
f 1460//2041 1459//2041 1458//2041
f 1460//2042 1458//2042 1457//2042
f 1458//2043 1459//2043 1455//2043
f 1458//2044 1455//2044 1454//2044
f 1459//2045 1460//2045 1456//2045
f 1459//2046 1456//2046 1455//2046
f 1460//2047 1457//2047 1453//2047
f 1460//2048 1453//2048 1456//2048
f 1454//2049 1455//2049 1456//2049
f 1454//2050 1456//2050 1453//2050
usemtl Mat_DarkWood
f 1468//2051 1467//2051 1466//2051
f 1468//2052 1466//2052 1465//2052
f 1466//2053 1467//2053 1463//2053
f 1466//2054 1463//2054 1462//2054
f 1467//2055 1468//2055 1464//2055
f 1467//2056 1464//2056 1463//2056
f 1468//2057 1465//2057 1461//2057
f 1468//2058 1461//2058 1464//2058
f 1462//2059 1463//2059 1464//2059
f 1462//2060 1464//2060 1461//2060
usemtl Mat_FadedWood
f 1476//2061 1475//2061 1474//2061
f 1476//2062 1474//2062 1473//2062
f 1474//2063 1475//2063 1471//2063
f 1474//2064 1471//2064 1470//2064
f 1475//2065 1476//2065 1472//2065
f 1475//2066 1472//2066 1471//2066
f 1476//2067 1473//2067 1469//2067
f 1476//2068 1469//2068 1472//2068
f 1470//2069 1471//2069 1472//2069
f 1470//2070 1472//2070 1469//2070
usemtl Mat_DarkWood
f 1484//2071 1483//2071 1482//2071
f 1484//2072 1482//2072 1481//2072
f 1482//2073 1483//2073 1479//2073
f 1482//2074 1479//2074 1478//2074
f 1483//2075 1484//2075 1480//2075
f 1483//2076 1480//2076 1479//2076
f 1484//2077 1481//2077 1477//2077
f 1484//2078 1477//2078 1480//2078
f 1478//2079 1479//2079 1480//2079
f 1478//2080 1480//2080 1477//2080
usemtl Mat_FadedWood
f 1492//2081 1491//2081 1490//2081
f 1492//2082 1490//2082 1489//2082
f 1490//2083 1491//2083 1487//2083
f 1490//2084 1487//2084 1486//2084
f 1491//2085 1492//2085 1488//2085
f 1491//2086 1488//2086 1487//2086
f 1492//2087 1489//2087 1485//2087
f 1492//2088 1485//2088 1488//2088
f 1486//2089 1487//2089 1488//2089
f 1486//2090 1488//2090 1485//2090
usemtl Mat_DarkWood
f 1500//2091 1499//2091 1498//2091
f 1500//2092 1498//2092 1497//2092
f 1498//2093 1499//2093 1495//2093
f 1498//2094 1495//2094 1494//2094
f 1499//2095 1500//2095 1496//2095
f 1499//2096 1496//2096 1495//2096
f 1500//2097 1497//2097 1493//2097
f 1500//2098 1493//2098 1496//2098
f 1494//2099 1495//2099 1496//2099
f 1494//2100 1496//2100 1493//2100
usemtl Mat_WoodMid
f 1508//2101 1507//2101 1506//2101
f 1508//2102 1506//2102 1505//2102
f 1506//2103 1507//2103 1503//2103
f 1506//2104 1503//2104 1502//2104
f 1507//2105 1508//2105 1504//2105
f 1507//2106 1504//2106 1503//2106
f 1508//2107 1505//2107 1501//2107
f 1508//2108 1501//2108 1504//2108
f 1502//2109 1503//2109 1504//2109
f 1502//2110 1504//2110 1501//2110
usemtl Mat_DarkWood
f 1516//2111 1515//2111 1514//2111
f 1516//2112 1514//2112 1513//2112
f 1514//2113 1515//2113 1511//2113
f 1514//2114 1511//2114 1510//2114
f 1515//2115 1516//2115 1512//2115
f 1515//2116 1512//2116 1511//2116
f 1516//2117 1513//2117 1509//2117
f 1516//2118 1509//2118 1512//2118
f 1510//2119 1511//2119 1512//2119
f 1510//2120 1512//2120 1509//2120
usemtl Mat_WoodMid
f 1524//2121 1523//2121 1522//2121
f 1524//2122 1522//2122 1521//2122
f 1522//2123 1523//2123 1519//2123
f 1522//2124 1519//2124 1518//2124
f 1523//2125 1524//2125 1520//2125
f 1523//2126 1520//2126 1519//2126
f 1524//2127 1521//2127 1517//2127
f 1524//2128 1517//2128 1520//2128
f 1518//2129 1519//2129 1520//2129
f 1518//2130 1520//2130 1517//2130
usemtl Mat_DarkWood
f 1532//2131 1531//2131 1530//2131
f 1532//2132 1530//2132 1529//2132
f 1530//2133 1531//2133 1527//2133
f 1530//2134 1527//2134 1526//2134
f 1531//2135 1532//2135 1528//2135
f 1531//2136 1528//2136 1527//2136
f 1532//2137 1529//2137 1525//2137
f 1532//2138 1525//2138 1528//2138
f 1526//2139 1527//2139 1528//2139
f 1526//2140 1528//2140 1525//2140
usemtl Mat_FadedWood
f 1540//2141 1539//2141 1538//2141
f 1540//2142 1538//2142 1537//2142
f 1538//2143 1539//2143 1535//2143
f 1538//2144 1535//2144 1534//2144
f 1539//2145 1540//2145 1536//2145
f 1539//2146 1536//2146 1535//2146
f 1540//2147 1537//2147 1533//2147
f 1540//2148 1533//2148 1536//2148
f 1534//2149 1535//2149 1536//2149
f 1534//2150 1536//2150 1533//2150
usemtl Mat_DarkWood
f 1548//2151 1547//2151 1546//2151
f 1548//2152 1546//2152 1545//2152
f 1546//2153 1547//2153 1543//2153
f 1546//2154 1543//2154 1542//2154
f 1547//2155 1548//2155 1544//2155
f 1547//2156 1544//2156 1543//2156
f 1548//2157 1545//2157 1541//2157
f 1548//2158 1541//2158 1544//2158
f 1542//2159 1543//2159 1544//2159
f 1542//2160 1544//2160 1541//2160
usemtl Mat_FadedWood
f 1556//2161 1555//2161 1554//2161
f 1556//2162 1554//2162 1553//2162
f 1554//2163 1555//2163 1551//2163
f 1554//2164 1551//2164 1550//2164
f 1555//2165 1556//2165 1552//2165
f 1555//2166 1552//2166 1551//2166
f 1556//2167 1553//2167 1549//2167
f 1556//2168 1549//2168 1552//2168
f 1550//2169 1551//2169 1552//2169
f 1550//2170 1552//2170 1549//2170
usemtl Mat_DarkWood
f 1564//2171 1563//2171 1562//2171
f 1564//2172 1562//2172 1561//2172
f 1562//2173 1563//2173 1559//2173
f 1562//2174 1559//2174 1558//2174
f 1563//2175 1564//2175 1560//2175
f 1563//2176 1560//2176 1559//2176
f 1564//2177 1561//2177 1557//2177
f 1564//2178 1557//2178 1560//2178
f 1558//2179 1559//2179 1560//2179
f 1558//2180 1560//2180 1557//2180
usemtl Mat_FadedWood
f 1572//2181 1571//2181 1570//2181
f 1572//2182 1570//2182 1569//2182
f 1570//2183 1571//2183 1567//2183
f 1570//2184 1567//2184 1566//2184
f 1571//2185 1572//2185 1568//2185
f 1571//2186 1568//2186 1567//2186
f 1572//2187 1569//2187 1565//2187
f 1572//2188 1565//2188 1568//2188
f 1566//2189 1567//2189 1568//2189
f 1566//2190 1568//2190 1565//2190
usemtl Mat_DarkWood
f 1580//2191 1579//2191 1578//2191
f 1580//2192 1578//2192 1577//2192
f 1578//2193 1579//2193 1575//2193
f 1578//2194 1575//2194 1574//2194
f 1579//2195 1580//2195 1576//2195
f 1579//2196 1576//2196 1575//2196
f 1580//2197 1577//2197 1573//2197
f 1580//2198 1573//2198 1576//2198
f 1574//2199 1575//2199 1576//2199
f 1574//2200 1576//2200 1573//2200
usemtl Mat_WoodMid
f 1588//2201 1587//2201 1586//2201
f 1588//2202 1586//2202 1585//2202
f 1586//2203 1587//2203 1583//2203
f 1586//2204 1583//2204 1582//2204
f 1587//2205 1588//2205 1584//2205
f 1587//2206 1584//2206 1583//2206
f 1588//2207 1585//2207 1581//2207
f 1588//2208 1581//2208 1584//2208
f 1582//2209 1583//2209 1584//2209
f 1582//2210 1584//2210 1581//2210
usemtl Mat_DarkWood
f 1596//2211 1595//2211 1594//2211
f 1596//2212 1594//2212 1593//2212
f 1594//2213 1595//2213 1591//2213
f 1594//2214 1591//2214 1590//2214
f 1595//2215 1596//2215 1592//2215
f 1595//2216 1592//2216 1591//2216
f 1596//2217 1593//2217 1589//2217
f 1596//2218 1589//2218 1592//2218
f 1590//2219 1591//2219 1592//2219
f 1590//2220 1592//2220 1589//2220
usemtl Mat_WoodMid
f 1604//2221 1603//2221 1602//2221
f 1604//2222 1602//2222 1601//2222
f 1602//2223 1603//2223 1599//2223
f 1602//2224 1599//2224 1598//2224
f 1603//2225 1604//2225 1600//2225
f 1603//2226 1600//2226 1599//2226
f 1604//2227 1601//2227 1597//2227
f 1604//2228 1597//2228 1600//2228
f 1598//2229 1599//2229 1600//2229
f 1598//2230 1600//2230 1597//2230
usemtl Mat_DarkWood
f 1612//2231 1611//2231 1610//2231
f 1612//2232 1610//2232 1609//2232
f 1610//2233 1611//2233 1607//2233
f 1610//2234 1607//2234 1606//2234
f 1611//2235 1612//2235 1608//2235
f 1611//2236 1608//2236 1607//2236
f 1612//2237 1609//2237 1605//2237
f 1612//2238 1605//2238 1608//2238
f 1606//2239 1607//2239 1608//2239
f 1606//2240 1608//2240 1605//2240
usemtl Mat_FadedWood
f 1620//2241 1619//2241 1618//2241
f 1620//2242 1618//2242 1617//2242
f 1618//2243 1619//2243 1615//2243
f 1618//2244 1615//2244 1614//2244
f 1619//2245 1620//2245 1616//2245
f 1619//2246 1616//2246 1615//2246
f 1620//2247 1617//2247 1613//2247
f 1620//2248 1613//2248 1616//2248
f 1614//2249 1615//2249 1616//2249
f 1614//2250 1616//2250 1613//2250
usemtl Mat_DarkWood
f 1628//2251 1627//2251 1626//2251
f 1628//2252 1626//2252 1625//2252
f 1626//2253 1627//2253 1623//2253
f 1626//2254 1623//2254 1622//2254
f 1627//2255 1628//2255 1624//2255
f 1627//2256 1624//2256 1623//2256
f 1628//2257 1625//2257 1621//2257
f 1628//2258 1621//2258 1624//2258
f 1622//2259 1623//2259 1624//2259
f 1622//2260 1624//2260 1621//2260
usemtl Mat_WoodMid
f 1636//2261 1635//2261 1634//2261
f 1636//2262 1634//2262 1633//2262
f 1634//2263 1635//2263 1631//2263
f 1634//2264 1631//2264 1630//2264
f 1635//2265 1636//2265 1632//2265
f 1635//2266 1632//2266 1631//2266
f 1636//2267 1633//2267 1629//2267
f 1636//2268 1629//2268 1632//2268
f 1630//2269 1631//2269 1632//2269
f 1630//2270 1632//2270 1629//2270
usemtl Mat_FadedWood
f 1644//2271 1643//2271 1642//2271
f 1644//2272 1642//2272 1641//2272
f 1642//2273 1643//2273 1639//2273
f 1642//2274 1639//2274 1638//2274
f 1643//2275 1644//2275 1640//2275
f 1643//2276 1640//2276 1639//2276
f 1644//2277 1641//2277 1637//2277
f 1644//2278 1637//2278 1640//2278
f 1638//2279 1639//2279 1640//2279
f 1638//2280 1640//2280 1637//2280
usemtl Mat_DarkWood
f 1652//2281 1651//2281 1650//2281
f 1652//2282 1650//2282 1649//2282
f 1650//2283 1651//2283 1647//2283
f 1650//2284 1647//2284 1646//2284
f 1651//2285 1652//2285 1648//2285
f 1651//2286 1648//2286 1647//2286
f 1652//2287 1649//2287 1645//2287
f 1652//2288 1645//2288 1648//2288
f 1646//2289 1647//2289 1648//2289
f 1646//2290 1648//2290 1645//2290
usemtl Mat_FadedWood
f 1660//2291 1659//2291 1658//2291
f 1660//2292 1658//2292 1657//2292
f 1658//2293 1659//2293 1655//2293
f 1658//2294 1655//2294 1654//2294
f 1659//2295 1660//2295 1656//2295
f 1659//2296 1656//2296 1655//2296
f 1660//2297 1657//2297 1653//2297
f 1660//2298 1653//2298 1656//2298
f 1654//2299 1655//2299 1656//2299
f 1654//2300 1656//2300 1653//2300
usemtl Mat_DarkWood
f 1668//2301 1667//2301 1666//2301
f 1668//2302 1666//2302 1665//2302
f 1666//2303 1667//2303 1663//2303
f 1666//2304 1663//2304 1662//2304
f 1667//2305 1668//2305 1664//2305
f 1667//2306 1664//2306 1663//2306
f 1668//2307 1665//2307 1661//2307
f 1668//2308 1661//2308 1664//2308
f 1662//2309 1663//2309 1664//2309
f 1662//2310 1664//2310 1661//2310
usemtl Mat_FadedWood
f 1676//2311 1675//2311 1674//2311
f 1676//2312 1674//2312 1673//2312
f 1674//2313 1675//2313 1671//2313
f 1674//2314 1671//2314 1670//2314
f 1675//2315 1676//2315 1672//2315
f 1675//2316 1672//2316 1671//2316
f 1676//2317 1673//2317 1669//2317
f 1676//2318 1669//2318 1672//2318
f 1670//2319 1671//2319 1672//2319
f 1670//2320 1672//2320 1669//2320
usemtl Mat_DarkWood
f 1684//2321 1683//2321 1682//2321
f 1684//2322 1682//2322 1681//2322
f 1682//2323 1683//2323 1679//2323
f 1682//2324 1679//2324 1678//2324
f 1683//2325 1684//2325 1680//2325
f 1683//2326 1680//2326 1679//2326
f 1684//2327 1681//2327 1677//2327
f 1684//2328 1677//2328 1680//2328
f 1678//2329 1679//2329 1680//2329
f 1678//2330 1680//2330 1677//2330
usemtl Mat_Bone
f 1692//2331 1691//2331 1690//2331
f 1692//2332 1690//2332 1689//2332
f 1689//2333 1690//2333 1686//2333
f 1689//2334 1686//2334 1685//2334
f 1690//2335 1691//2335 1687//2335
f 1690//2336 1687//2336 1686//2336
f 1691//2337 1692//2337 1688//2337
f 1691//2338 1688//2338 1687//2338
f 1692//2339 1689//2339 1685//2339
f 1692//2340 1685//2340 1688//2340
f 1686//2341 1687//2341 1688//2341
f 1686//2342 1688//2342 1685//2342
usemtl Mat_WoodMid
f 1700//2343 1699//2343 1698//2343
f 1700//2344 1698//2344 1697//2344
f 1698//2345 1699//2345 1695//2345
f 1698//2346 1695//2346 1694//2346
f 1699//2347 1700//2347 1696//2347
f 1699//2348 1696//2348 1695//2348
f 1700//2349 1697//2349 1693//2349
f 1700//2350 1693//2350 1696//2350
f 1694//2351 1695//2351 1696//2351
f 1694//2352 1696//2352 1693//2352
usemtl Mat_FadedWood
f 1708//2353 1707//2353 1706//2353
f 1708//2354 1706//2354 1705//2354
f 1706//2355 1707//2355 1703//2355
f 1706//2356 1703//2356 1702//2356
f 1707//2357 1708//2357 1704//2357
f 1707//2358 1704//2358 1703//2358
f 1708//2359 1705//2359 1701//2359
f 1708//2360 1701//2360 1704//2360
f 1702//2361 1703//2361 1704//2361
f 1702//2362 1704//2362 1701//2362
usemtl Mat_DarkWood
f 1716//2363 1715//2363 1714//2363
f 1716//2364 1714//2364 1713//2364
f 1714//2365 1715//2365 1711//2365
f 1714//2366 1711//2366 1710//2366
f 1715//2367 1716//2367 1712//2367
f 1715//2368 1712//2368 1711//2368
f 1716//2369 1713//2369 1709//2369
f 1716//2370 1709//2370 1712//2370
f 1710//2371 1711//2371 1712//2371
f 1710//2372 1712//2372 1709//2372
usemtl Mat_FadedWood
f 1724//2373 1723//2373 1722//2373
f 1724//2374 1722//2374 1721//2374
f 1722//2375 1723//2375 1719//2375
f 1722//2376 1719//2376 1718//2376
f 1723//2377 1724//2377 1720//2377
f 1723//2378 1720//2378 1719//2378
f 1724//2379 1721//2379 1717//2379
f 1724//2380 1717//2380 1720//2380
f 1718//2381 1719//2381 1720//2381
f 1718//2382 1720//2382 1717//2382
usemtl Mat_DarkWood
f 1732//2383 1731//2383 1730//2383
f 1732//2384 1730//2384 1729//2384
f 1730//2385 1731//2385 1727//2385
f 1730//2386 1727//2386 1726//2386
f 1731//2387 1732//2387 1728//2387
f 1731//2388 1728//2388 1727//2388
f 1732//2389 1729//2389 1725//2389
f 1732//2390 1725//2390 1728//2390
f 1726//2391 1727//2391 1728//2391
f 1726//2392 1728//2392 1725//2392
usemtl Mat_FadedWood
f 1740//2393 1739//2393 1738//2393
f 1740//2394 1738//2394 1737//2394
f 1738//2395 1739//2395 1735//2395
f 1738//2396 1735//2396 1734//2396
f 1739//2397 1740//2397 1736//2397
f 1739//2398 1736//2398 1735//2398
f 1740//2399 1737//2399 1733//2399
f 1740//2400 1733//2400 1736//2400
f 1734//2401 1735//2401 1736//2401
f 1734//2402 1736//2402 1733//2402
usemtl Mat_DarkWood
f 1748//2403 1747//2403 1746//2403
f 1748//2404 1746//2404 1745//2404
f 1746//2405 1747//2405 1743//2405
f 1746//2406 1743//2406 1742//2406
f 1747//2407 1748//2407 1744//2407
f 1747//2408 1744//2408 1743//2408
f 1748//2409 1745//2409 1741//2409
f 1748//2410 1741//2410 1744//2410
f 1742//2411 1743//2411 1744//2411
f 1742//2412 1744//2412 1741//2412
usemtl Mat_Bone
f 1756//2413 1755//2413 1754//2413
f 1756//2414 1754//2414 1753//2414
f 1753//2415 1754//2415 1750//2415
f 1753//2416 1750//2416 1749//2416
f 1754//2417 1755//2417 1751//2417
f 1754//2418 1751//2418 1750//2418
f 1755//2419 1756//2419 1752//2419
f 1755//2420 1752//2420 1751//2420
f 1756//2421 1753//2421 1749//2421
f 1756//2422 1749//2422 1752//2422
f 1750//2423 1751//2423 1752//2423
f 1750//2424 1752//2424 1749//2424
usemtl Mat_Void
f 1764//2425 1763//2425 1762//2425
f 1764//2426 1762//2426 1761//2426
f 1762//2427 1763//2427 1759//2427
f 1762//2428 1759//2428 1758//2428
f 1763//2429 1764//2429 1760//2429
f 1763//2430 1760//2430 1759//2430
f 1764//2431 1761//2431 1757//2431
f 1764//2432 1757//2432 1760//2432
f 1758//2433 1759//2433 1760//2433
f 1758//2434 1760//2434 1757//2434
usemtl Mat_Bone
f 1772//2435 1771//2435 1770//2435
f 1772//2436 1770//2436 1769//2436
f 1769//2437 1770//2437 1766//2437
f 1769//2438 1766//2438 1765//2438
f 1770//2439 1771//2439 1767//2439
f 1770//2440 1767//2440 1766//2440
f 1771//2441 1772//2441 1768//2441
f 1771//2442 1768//2442 1767//2442
f 1772//2443 1769//2443 1765//2443
f 1772//2444 1765//2444 1768//2444
f 1766//2445 1767//2445 1768//2445
f 1766//2446 1768//2446 1765//2446
f 1780//2447 1779//2447 1778//2447
f 1780//2448 1778//2448 1777//2448
f 1777//2449 1778//2449 1774//2449
f 1777//2450 1774//2450 1773//2450
f 1778//2451 1779//2451 1775//2451
f 1778//2452 1775//2452 1774//2452
f 1779//2453 1780//2453 1776//2453
f 1779//2454 1776//2454 1775//2454
f 1780//2455 1777//2455 1773//2455
f 1780//2456 1773//2456 1776//2456
f 1774//2457 1775//2457 1776//2457
f 1774//2458 1776//2458 1773//2458
f 1788//2459 1787//2459 1786//2459
f 1788//2460 1786//2460 1785//2460
f 1785//2461 1786//2461 1782//2461
f 1785//2462 1782//2462 1781//2462
f 1786//2463 1787//2463 1783//2463
f 1786//2464 1783//2464 1782//2464
f 1787//2465 1788//2465 1784//2465
f 1787//2466 1784//2466 1783//2466
f 1788//2467 1785//2467 1781//2467
f 1788//2468 1781//2468 1784//2468
f 1782//2469 1783//2469 1784//2469
f 1782//2470 1784//2470 1781//2470
usemtl Mat_NeonAmber
f 1796//2471 1795//2471 1794//2471
f 1796//2472 1794//2472 1793//2472
f 1794//2473 1795//2473 1791//2473
f 1794//2474 1791//2474 1790//2474
f 1795//2475 1796//2475 1792//2475
f 1795//2476 1792//2476 1791//2476
f 1796//2477 1793//2477 1789//2477
f 1796//2478 1789//2478 1792//2478
f 1790//2479 1791//2479 1792//2479
f 1790//2480 1792//2480 1789//2480
usemtl Mat_Bone
f 1804//2481 1803//2481 1802//2481
f 1804//2482 1802//2482 1801//2482
f 1801//2483 1802//2483 1798//2483
f 1801//2484 1798//2484 1797//2484
f 1802//2485 1803//2485 1799//2485
f 1802//2486 1799//2486 1798//2486
f 1803//2487 1804//2487 1800//2487
f 1803//2488 1800//2488 1799//2488
f 1804//2489 1801//2489 1797//2489
f 1804//2490 1797//2490 1800//2490
f 1798//2491 1799//2491 1800//2491
f 1798//2492 1800//2492 1797//2492
f 1812//2493 1811//2493 1810//2493
f 1812//2494 1810//2494 1809//2494
f 1809//2495 1810//2495 1806//2495
f 1809//2496 1806//2496 1805//2496
f 1810//2497 1811//2497 1807//2497
f 1810//2498 1807//2498 1806//2498
f 1811//2499 1812//2499 1808//2499
f 1811//2500 1808//2500 1807//2500
f 1812//2501 1809//2501 1805//2501
f 1812//2502 1805//2502 1808//2502
f 1806//2503 1807//2503 1808//2503
f 1806//2504 1808//2504 1805//2504
f 1820//2505 1819//2505 1818//2505
f 1820//2506 1818//2506 1817//2506
f 1817//2507 1818//2507 1814//2507
f 1817//2508 1814//2508 1813//2508
f 1818//2509 1819//2509 1815//2509
f 1818//2510 1815//2510 1814//2510
f 1819//2511 1820//2511 1816//2511
f 1819//2512 1816//2512 1815//2512
f 1820//2513 1817//2513 1813//2513
f 1820//2514 1813//2514 1816//2514
f 1814//2515 1815//2515 1816//2515
f 1814//2516 1816//2516 1813//2516
f 1828//2517 1827//2517 1826//2517
f 1828//2518 1826//2518 1825//2518
f 1825//2519 1826//2519 1822//2519
f 1825//2520 1822//2520 1821//2520
f 1826//2521 1827//2521 1823//2521
f 1826//2522 1823//2522 1822//2522
f 1827//2523 1828//2523 1824//2523
f 1827//2524 1824//2524 1823//2524
f 1828//2525 1825//2525 1821//2525
f 1828//2526 1821//2526 1824//2526
f 1822//2527 1823//2527 1824//2527
f 1822//2528 1824//2528 1821//2528
f 1836//2529 1835//2529 1834//2529
f 1836//2530 1834//2530 1833//2530
f 1833//2531 1834//2531 1830//2531
f 1833//2532 1830//2532 1829//2532
f 1834//2533 1835//2533 1831//2533
f 1834//2534 1831//2534 1830//2534
f 1835//2535 1836//2535 1832//2535
f 1835//2536 1832//2536 1831//2536
f 1836//2537 1833//2537 1829//2537
f 1836//2538 1829//2538 1832//2538
f 1830//2539 1831//2539 1832//2539
f 1830//2540 1832//2540 1829//2540
f 1844//2541 1843//2541 1842//2541
f 1844//2542 1842//2542 1841//2542
f 1841//2543 1842//2543 1838//2543
f 1841//2544 1838//2544 1837//2544
f 1842//2545 1843//2545 1839//2545
f 1842//2546 1839//2546 1838//2546
f 1843//2547 1844//2547 1840//2547
f 1843//2548 1840//2548 1839//2548
f 1844//2549 1841//2549 1837//2549
f 1844//2550 1837//2550 1840//2550
f 1838//2551 1839//2551 1840//2551
f 1838//2552 1840//2552 1837//2552
f 1852//2553 1851//2553 1850//2553
f 1852//2554 1850//2554 1849//2554
f 1850//2555 1851//2555 1847//2555
f 1850//2556 1847//2556 1846//2556
f 1851//2557 1852//2557 1848//2557
f 1851//2558 1848//2558 1847//2558
f 1852//2559 1849//2559 1845//2559
f 1852//2560 1845//2560 1848//2560
f 1846//2561 1847//2561 1848//2561
f 1846//2562 1848//2562 1845//2562
f 1860//2563 1859//2563 1858//2563
f 1860//2564 1858//2564 1857//2564
f 1858//2565 1859//2565 1855//2565
f 1858//2566 1855//2566 1854//2566
f 1859//2567 1860//2567 1856//2567
f 1859//2568 1856//2568 1855//2568
f 1860//2569 1857//2569 1853//2569
f 1860//2570 1853//2570 1856//2570
f 1854//2571 1855//2571 1856//2571
f 1854//2572 1856//2572 1853//2572
usemtl Mat_FadedWood
f 1868//2573 1867//2573 1866//2573
f 1868//2574 1866//2574 1865//2574
f 1865//2575 1866//2575 1862//2575
f 1865//2576 1862//2576 1861//2576
f 1866//2577 1867//2577 1863//2577
f 1866//2578 1863//2578 1862//2578
f 1867//2579 1868//2579 1864//2579
f 1867//2580 1864//2580 1863//2580
f 1868//2581 1865//2581 1861//2581
f 1868//2582 1861//2582 1864//2582
f 1862//2583 1863//2583 1864//2583
f 1862//2584 1864//2584 1861//2584
usemtl Mat_NeonGreen
f 1870//2585 1871//2585 1869//2585
f 1871//2586 1872//2586 1869//2586
f 1872//2587 1873//2587 1869//2587
f 1873//2588 1874//2588 1869//2588
f 1874//2589 1875//2589 1869//2589
f 1875//2590 1870//2590 1869//2590
f 1876//2591 1877//2591 1871//2591
f 1876//2592 1871//2592 1870//2592
f 1877//2593 1878//2593 1872//2593
f 1877//2594 1872//2594 1871//2594
f 1878//2595 1879//2595 1873//2595
f 1878//2596 1873//2596 1872//2596
f 1879//2597 1880//2597 1874//2597
f 1879//2598 1874//2598 1873//2598
f 1880//2599 1881//2599 1875//2599
f 1880//2600 1875//2600 1874//2600
f 1881//2601 1876//2601 1870//2601
f 1881//2602 1870//2602 1875//2602
f 1882//2603 1877//2603 1876//2603
f 1882//2604 1878//2604 1877//2604
f 1882//2605 1879//2605 1878//2605
f 1882//2606 1880//2606 1879//2606
f 1882//2607 1881//2607 1880//2607
f 1882//2608 1876//2608 1881//2608
usemtl Mat_NeonAmber
f 1884//2609 1885//2609 1883//2609
f 1885//2610 1886//2610 1883//2610
f 1886//2611 1887//2611 1883//2611
f 1887//2612 1888//2612 1883//2612
f 1888//2613 1889//2613 1883//2613
f 1889//2614 1884//2614 1883//2614
f 1890//2615 1891//2615 1885//2615
f 1890//2616 1885//2616 1884//2616
f 1891//2617 1892//2617 1886//2617
f 1891//2618 1886//2618 1885//2618
f 1892//2619 1893//2619 1887//2619
f 1892//2620 1887//2620 1886//2620
f 1893//2621 1894//2621 1888//2621
f 1893//2622 1888//2622 1887//2622
f 1894//2623 1895//2623 1889//2623
f 1894//2624 1889//2624 1888//2624
f 1895//2625 1890//2625 1884//2625
f 1895//2626 1884//2626 1889//2626
f 1896//2627 1891//2627 1890//2627
f 1896//2628 1892//2628 1891//2628
f 1896//2629 1893//2629 1892//2629
f 1896//2630 1894//2630 1893//2630
f 1896//2631 1895//2631 1894//2631
f 1896//2632 1890//2632 1895//2632
usemtl Mat_NeonCyan
f 1898//2633 1899//2633 1897//2633
f 1899//2634 1900//2634 1897//2634
f 1900//2635 1901//2635 1897//2635
f 1901//2636 1902//2636 1897//2636
f 1902//2637 1903//2637 1897//2637
f 1903//2638 1898//2638 1897//2638
f 1904//2639 1905//2639 1899//2639
f 1904//2640 1899//2640 1898//2640
f 1905//2641 1906//2641 1900//2641
f 1905//2642 1900//2642 1899//2642
f 1906//2643 1907//2643 1901//2643
f 1906//2644 1901//2644 1900//2644
f 1907//2645 1908//2645 1902//2645
f 1907//2646 1902//2646 1901//2646
f 1908//2647 1909//2647 1903//2647
f 1908//2648 1903//2648 1902//2648
f 1909//2649 1904//2649 1898//2649
f 1909//2650 1898//2650 1903//2650
f 1910//2651 1905//2651 1904//2651
f 1910//2652 1906//2652 1905//2652
f 1910//2653 1907//2653 1906//2653
f 1910//2654 1908//2654 1907//2654
f 1910//2655 1909//2655 1908//2655
f 1910//2656 1904//2656 1909//2656
usemtl Mat_NeonGreen
f 1912//2657 1913//2657 1911//2657
f 1913//2658 1914//2658 1911//2658
f 1914//2659 1915//2659 1911//2659
f 1915//2660 1916//2660 1911//2660
f 1916//2661 1917//2661 1911//2661
f 1917//2662 1912//2662 1911//2662
f 1918//2663 1919//2663 1913//2663
f 1918//2664 1913//2664 1912//2664
f 1919//2665 1920//2665 1914//2665
f 1919//2666 1914//2666 1913//2666
f 1920//2667 1921//2667 1915//2667
f 1920//2668 1915//2668 1914//2668
f 1921//2669 1922//2669 1916//2669
f 1921//2670 1916//2670 1915//2670
f 1922//2671 1923//2671 1917//2671
f 1922//2672 1917//2672 1916//2672
f 1923//2673 1918//2673 1912//2673
f 1923//2674 1912//2674 1917//2674
f 1924//2675 1919//2675 1918//2675
f 1924//2676 1920//2676 1919//2676
f 1924//2677 1921//2677 1920//2677
f 1924//2678 1922//2678 1921//2678
f 1924//2679 1923//2679 1922//2679
f 1924//2680 1918//2680 1923//2680
usemtl Mat_NeonAmber
f 1926//2681 1927//2681 1925//2681
f 1927//2682 1928//2682 1925//2682
f 1928//2683 1929//2683 1925//2683
f 1929//2684 1930//2684 1925//2684
f 1930//2685 1931//2685 1925//2685
f 1931//2686 1926//2686 1925//2686
f 1932//2687 1933//2687 1927//2687
f 1932//2688 1927//2688 1926//2688
f 1933//2689 1934//2689 1928//2689
f 1933//2690 1928//2690 1927//2690
f 1934//2691 1935//2691 1929//2691
f 1934//2692 1929//2692 1928//2692
f 1935//2693 1936//2693 1930//2693
f 1935//2694 1930//2694 1929//2694
f 1936//2695 1937//2695 1931//2695
f 1936//2696 1931//2696 1930//2696
f 1937//2697 1932//2697 1926//2697
f 1937//2698 1926//2698 1931//2698
f 1938//2699 1933//2699 1932//2699
f 1938//2700 1934//2700 1933//2700
f 1938//2701 1935//2701 1934//2701
f 1938//2702 1936//2702 1935//2702
f 1938//2703 1937//2703 1936//2703
f 1938//2704 1932//2704 1937//2704
usemtl Mat_NeonCyan
f 1940//2705 1941//2705 1939//2705
f 1941//2706 1942//2706 1939//2706
f 1942//2707 1943//2707 1939//2707
f 1943//2708 1944//2708 1939//2708
f 1944//2709 1945//2709 1939//2709
f 1945//2710 1940//2710 1939//2710
f 1946//2711 1947//2711 1941//2711
f 1946//2712 1941//2712 1940//2712
f 1947//2713 1948//2713 1942//2713
f 1947//2714 1942//2714 1941//2714
f 1948//2715 1949//2715 1943//2715
f 1948//2716 1943//2716 1942//2716
f 1949//2717 1950//2717 1944//2717
f 1949//2718 1944//2718 1943//2718
f 1950//2719 1951//2719 1945//2719
f 1950//2720 1945//2720 1944//2720
f 1951//2721 1946//2721 1940//2721
f 1951//2722 1940//2722 1945//2722
f 1952//2723 1947//2723 1946//2723
f 1952//2724 1948//2724 1947//2724
f 1952//2725 1949//2725 1948//2725
f 1952//2726 1950//2726 1949//2726
f 1952//2727 1951//2727 1950//2727
f 1952//2728 1946//2728 1951//2728
usemtl Mat_NeonAmber
f 1960//2729 1959//2729 1958//2729
f 1960//2730 1958//2730 1957//2730
f 1958//2731 1959//2731 1955//2731
f 1958//2732 1955//2732 1954//2732
f 1959//2733 1960//2733 1956//2733
f 1959//2734 1956//2734 1955//2734
f 1960//2735 1957//2735 1953//2735
f 1960//2736 1953//2736 1956//2736
f 1954//2737 1955//2737 1956//2737
f 1954//2738 1956//2738 1953//2738
usemtl Mat_Bone
f 1968//2739 1967//2739 1966//2739
f 1968//2740 1966//2740 1965//2740
f 1965//2741 1966//2741 1962//2741
f 1965//2742 1962//2742 1961//2742
f 1966//2743 1967//2743 1963//2743
f 1966//2744 1963//2744 1962//2744
f 1967//2745 1968//2745 1964//2745
f 1967//2746 1964//2746 1963//2746
f 1968//2747 1965//2747 1961//2747
f 1968//2748 1961//2748 1964//2748
f 1962//2749 1963//2749 1964//2749
f 1962//2750 1964//2750 1961//2750
f 1976//2751 1975//2751 1974//2751
f 1976//2752 1974//2752 1973//2752
f 1973//2753 1974//2753 1970//2753
f 1973//2754 1970//2754 1969//2754
f 1974//2755 1975//2755 1971//2755
f 1974//2756 1971//2756 1970//2756
f 1975//2757 1976//2757 1972//2757
f 1975//2758 1972//2758 1971//2758
f 1976//2759 1973//2759 1969//2759
f 1976//2760 1969//2760 1972//2760
f 1970//2761 1971//2761 1972//2761
f 1970//2762 1972//2762 1969//2762
f 1984//2763 1983//2763 1982//2763
f 1984//2764 1982//2764 1981//2764
f 1981//2765 1982//2765 1978//2765
f 1981//2766 1978//2766 1977//2766
f 1982//2767 1983//2767 1979//2767
f 1982//2768 1979//2768 1978//2768
f 1983//2769 1984//2769 1980//2769
f 1983//2770 1980//2770 1979//2770
f 1984//2771 1981//2771 1977//2771
f 1984//2772 1977//2772 1980//2772
f 1978//2773 1979//2773 1980//2773
f 1978//2774 1980//2774 1977//2774
f 1992//2775 1991//2775 1990//2775
f 1992//2776 1990//2776 1989//2776
f 1989//2777 1990//2777 1986//2777
f 1989//2778 1986//2778 1985//2778
f 1990//2779 1991//2779 1987//2779
f 1990//2780 1987//2780 1986//2780
f 1991//2781 1992//2781 1988//2781
f 1991//2782 1988//2782 1987//2782
f 1992//2783 1989//2783 1985//2783
f 1992//2784 1985//2784 1988//2784
f 1986//2785 1987//2785 1988//2785
f 1986//2786 1988//2786 1985//2786
f 2000//2787 1999//2787 1998//2787
f 2000//2788 1998//2788 1997//2788
f 1997//2789 1998//2789 1994//2789
f 1997//2790 1994//2790 1993//2790
f 1998//2791 1999//2791 1995//2791
f 1998//2792 1995//2792 1994//2792
f 1999//2793 2000//2793 1996//2793
f 1999//2794 1996//2794 1995//2794
f 2000//2795 1997//2795 1993//2795
f 2000//2796 1993//2796 1996//2796
f 1994//2797 1995//2797 1996//2797
f 1994//2798 1996//2798 1993//2798
f 2008//2799 2007//2799 2006//2799
f 2008//2800 2006//2800 2005//2800
f 2005//2801 2006//2801 2002//2801
f 2005//2802 2002//2802 2001//2802
f 2006//2803 2007//2803 2003//2803
f 2006//2804 2003//2804 2002//2804
f 2007//2805 2008//2805 2004//2805
f 2007//2806 2004//2806 2003//2806
f 2008//2807 2005//2807 2001//2807
f 2008//2808 2001//2808 2004//2808
f 2002//2809 2003//2809 2004//2809
f 2002//2810 2004//2810 2001//2810
f 2016//2811 2015//2811 2014//2811
f 2016//2812 2014//2812 2013//2812
f 2014//2813 2015//2813 2011//2813
f 2014//2814 2011//2814 2010//2814
f 2015//2815 2016//2815 2012//2815
f 2015//2816 2012//2816 2011//2816
f 2016//2817 2013//2817 2009//2817
f 2016//2818 2009//2818 2012//2818
f 2010//2819 2011//2819 2012//2819
f 2010//2820 2012//2820 2009//2820
f 2024//2821 2023//2821 2022//2821
f 2024//2822 2022//2822 2021//2822
f 2022//2823 2023//2823 2019//2823
f 2022//2824 2019//2824 2018//2824
f 2023//2825 2024//2825 2020//2825
f 2023//2826 2020//2826 2019//2826
f 2024//2827 2021//2827 2017//2827
f 2024//2828 2017//2828 2020//2828
f 2018//2829 2019//2829 2020//2829
f 2018//2830 2020//2830 2017//2830
usemtl Mat_FadedWood
f 2032//2831 2031//2831 2030//2831
f 2032//2832 2030//2832 2029//2832
f 2029//2833 2030//2833 2026//2833
f 2029//2834 2026//2834 2025//2834
f 2030//2835 2031//2835 2027//2835
f 2030//2836 2027//2836 2026//2836
f 2031//2837 2032//2837 2028//2837
f 2031//2838 2028//2838 2027//2838
f 2032//2839 2029//2839 2025//2839
f 2032//2840 2025//2840 2028//2840
f 2026//2841 2027//2841 2028//2841
f 2026//2842 2028//2842 2025//2842
usemtl Mat_NeonGreen
f 2034//2843 2035//2843 2033//2843
f 2035//2844 2036//2844 2033//2844
f 2036//2845 2037//2845 2033//2845
f 2037//2846 2038//2846 2033//2846
f 2038//2847 2039//2847 2033//2847
f 2039//2848 2034//2848 2033//2848
f 2040//2849 2041//2849 2035//2849
f 2040//2850 2035//2850 2034//2850
f 2041//2851 2042//2851 2036//2851
f 2041//2852 2036//2852 2035//2852
f 2042//2853 2043//2853 2037//2853
f 2042//2854 2037//2854 2036//2854
f 2043//2855 2044//2855 2038//2855
f 2043//2856 2038//2856 2037//2856
f 2044//2857 2045//2857 2039//2857
f 2044//2858 2039//2858 2038//2858
f 2045//2859 2040//2859 2034//2859
f 2045//2860 2034//2860 2039//2860
f 2046//2861 2041//2861 2040//2861
f 2046//2862 2042//2862 2041//2862
f 2046//2863 2043//2863 2042//2863
f 2046//2864 2044//2864 2043//2864
f 2046//2865 2045//2865 2044//2865
f 2046//2866 2040//2866 2045//2866
usemtl Mat_NeonAmber
f 2048//2867 2049//2867 2047//2867
f 2049//2868 2050//2868 2047//2868
f 2050//2869 2051//2869 2047//2869
f 2051//2870 2052//2870 2047//2870
f 2052//2871 2053//2871 2047//2871
f 2053//2872 2048//2872 2047//2872
f 2054//2873 2055//2873 2049//2873
f 2054//2874 2049//2874 2048//2874
f 2055//2875 2056//2875 2050//2875
f 2055//2876 2050//2876 2049//2876
f 2056//2877 2057//2877 2051//2877
f 2056//2878 2051//2878 2050//2878
f 2057//2879 2058//2879 2052//2879
f 2057//2880 2052//2880 2051//2880
f 2058//2881 2059//2881 2053//2881
f 2058//2882 2053//2882 2052//2882
f 2059//2883 2054//2883 2048//2883
f 2059//2884 2048//2884 2053//2884
f 2060//2885 2055//2885 2054//2885
f 2060//2886 2056//2886 2055//2886
f 2060//2887 2057//2887 2056//2887
f 2060//2888 2058//2888 2057//2888
f 2060//2889 2059//2889 2058//2889
f 2060//2890 2054//2890 2059//2890
usemtl Mat_NeonCyan
f 2062//2891 2063//2891 2061//2891
f 2063//2892 2064//2892 2061//2892
f 2064//2893 2065//2893 2061//2893
f 2065//2894 2066//2894 2061//2894
f 2066//2895 2067//2895 2061//2895
f 2067//2896 2062//2896 2061//2896
f 2068//2897 2069//2897 2063//2897
f 2068//2898 2063//2898 2062//2898
f 2069//2899 2070//2899 2064//2899
f 2069//2900 2064//2900 2063//2900
f 2070//2901 2071//2901 2065//2901
f 2070//2902 2065//2902 2064//2902
f 2071//2903 2072//2903 2066//2903
f 2071//2904 2066//2904 2065//2904
f 2072//2905 2073//2905 2067//2905
f 2072//2906 2067//2906 2066//2906
f 2073//2907 2068//2907 2062//2907
f 2073//2908 2062//2908 2067//2908
f 2074//2909 2069//2909 2068//2909
f 2074//2910 2070//2910 2069//2910
f 2074//2911 2071//2911 2070//2911
f 2074//2912 2072//2912 2071//2912
f 2074//2913 2073//2913 2072//2913
f 2074//2914 2068//2914 2073//2914
usemtl Mat_NeonGreen
f 2076//2915 2077//2915 2075//2915
f 2077//2916 2078//2916 2075//2916
f 2078//2917 2079//2917 2075//2917
f 2079//2918 2080//2918 2075//2918
f 2080//2919 2081//2919 2075//2919
f 2081//2920 2076//2920 2075//2920
f 2082//2921 2083//2921 2077//2921
f 2082//2922 2077//2922 2076//2922
f 2083//2923 2084//2923 2078//2923
f 2083//2924 2078//2924 2077//2924
f 2084//2925 2085//2925 2079//2925
f 2084//2926 2079//2926 2078//2926
f 2085//2927 2086//2927 2080//2927
f 2085//2928 2080//2928 2079//2928
f 2086//2929 2087//2929 2081//2929
f 2086//2930 2081//2930 2080//2930
f 2087//2931 2082//2931 2076//2931
f 2087//2932 2076//2932 2081//2932
f 2088//2933 2083//2933 2082//2933
f 2088//2934 2084//2934 2083//2934
f 2088//2935 2085//2935 2084//2935
f 2088//2936 2086//2936 2085//2936
f 2088//2937 2087//2937 2086//2937
f 2088//2938 2082//2938 2087//2938
usemtl Mat_NeonAmber
f 2090//2939 2091//2939 2089//2939
f 2091//2940 2092//2940 2089//2940
f 2092//2941 2093//2941 2089//2941
f 2093//2942 2094//2942 2089//2942
f 2094//2943 2095//2943 2089//2943
f 2095//2944 2090//2944 2089//2944
f 2096//2945 2097//2945 2091//2945
f 2096//2946 2091//2946 2090//2946
f 2097//2947 2098//2947 2092//2947
f 2097//2948 2092//2948 2091//2948
f 2098//2949 2099//2949 2093//2949
f 2098//2950 2093//2950 2092//2950
f 2099//2951 2100//2951 2094//2951
f 2099//2952 2094//2952 2093//2952
f 2100//2953 2101//2953 2095//2953
f 2100//2954 2095//2954 2094//2954
f 2101//2955 2096//2955 2090//2955
f 2101//2956 2090//2956 2095//2956
f 2102//2957 2097//2957 2096//2957
f 2102//2958 2098//2958 2097//2958
f 2102//2959 2099//2959 2098//2959
f 2102//2960 2100//2960 2099//2960
f 2102//2961 2101//2961 2100//2961
f 2102//2962 2096//2962 2101//2962
usemtl Mat_NeonCyan
f 2104//2963 2105//2963 2103//2963
f 2105//2964 2106//2964 2103//2964
f 2106//2965 2107//2965 2103//2965
f 2107//2966 2108//2966 2103//2966
f 2108//2967 2109//2967 2103//2967
f 2109//2968 2104//2968 2103//2968
f 2110//2969 2111//2969 2105//2969
f 2110//2970 2105//2970 2104//2970
f 2111//2971 2112//2971 2106//2971
f 2111//2972 2106//2972 2105//2972
f 2112//2973 2113//2973 2107//2973
f 2112//2974 2107//2974 2106//2974
f 2113//2975 2114//2975 2108//2975
f 2113//2976 2108//2976 2107//2976
f 2114//2977 2115//2977 2109//2977
f 2114//2978 2109//2978 2108//2978
f 2115//2979 2110//2979 2104//2979
f 2115//2980 2104//2980 2109//2980
f 2116//2981 2111//2981 2110//2981
f 2116//2982 2112//2982 2111//2982
f 2116//2983 2113//2983 2112//2983
f 2116//2984 2114//2984 2113//2984
f 2116//2985 2115//2985 2114//2985
f 2116//2986 2110//2986 2115//2986
usemtl Mat_HeroYellow
f 2124//2987 2123//2987 2122//2987
f 2124//2988 2122//2988 2121//2988
f 2121//2989 2122//2989 2118//2989
f 2121//2990 2118//2990 2117//2990
f 2122//2991 2123//2991 2119//2991
f 2122//2992 2119//2992 2118//2992
f 2123//2993 2124//2993 2120//2993
f 2123//2994 2120//2994 2119//2994
f 2124//2995 2121//2995 2117//2995
f 2124//2996 2117//2996 2120//2996
f 2118//2997 2119//2997 2120//2997
f 2118//2998 2120//2998 2117//2998
usemtl Mat_Bone
f 2132//2999 2131//2999 2130//2999
f 2132//3000 2130//3000 2129//3000
f 2129//3001 2130//3001 2126//3001
f 2129//3002 2126//3002 2125//3002
f 2130//3003 2131//3003 2127//3003
f 2130//3004 2127//3004 2126//3004
f 2131//3005 2132//3005 2128//3005
f 2131//3006 2128//3006 2127//3006
f 2132//3007 2129//3007 2125//3007
f 2132//3008 2125//3008 2128//3008
f 2126//3009 2127//3009 2128//3009
f 2126//3010 2128//3010 2125//3010
usemtl Mat_HeroYellow
f 2140//3011 2139//3011 2138//3011
f 2140//3012 2138//3012 2137//3012
f 2137//3013 2138//3013 2134//3013
f 2137//3014 2134//3014 2133//3014
f 2138//3015 2139//3015 2135//3015
f 2138//3016 2135//3016 2134//3016
f 2139//3017 2140//3017 2136//3017
f 2139//3018 2136//3018 2135//3018
f 2140//3019 2137//3019 2133//3019
f 2140//3020 2133//3020 2136//3020
f 2134//3021 2135//3021 2136//3021
f 2134//3022 2136//3022 2133//3022
usemtl Mat_Bone
f 2148//3023 2147//3023 2146//3023
f 2148//3024 2146//3024 2145//3024
f 2145//3025 2146//3025 2142//3025
f 2145//3026 2142//3026 2141//3026
f 2146//3027 2147//3027 2143//3027
f 2146//3028 2143//3028 2142//3028
f 2147//3029 2148//3029 2144//3029
f 2147//3030 2144//3030 2143//3030
f 2148//3031 2145//3031 2141//3031
f 2148//3032 2141//3032 2144//3032
f 2142//3033 2143//3033 2144//3033
f 2142//3034 2144//3034 2141//3034
usemtl Mat_HeroYellow
f 2156//3035 2155//3035 2154//3035
f 2156//3036 2154//3036 2153//3036
f 2153//3037 2154//3037 2150//3037
f 2153//3038 2150//3038 2149//3038
f 2154//3039 2155//3039 2151//3039
f 2154//3040 2151//3040 2150//3040
f 2155//3041 2156//3041 2152//3041
f 2155//3042 2152//3042 2151//3042
f 2156//3043 2153//3043 2149//3043
f 2156//3044 2149//3044 2152//3044
f 2150//3045 2151//3045 2152//3045
f 2150//3046 2152//3046 2149//3046
usemtl Mat_Bone
f 2164//3047 2163//3047 2162//3047
f 2164//3048 2162//3048 2161//3048
f 2161//3049 2162//3049 2158//3049
f 2161//3050 2158//3050 2157//3050
f 2162//3051 2163//3051 2159//3051
f 2162//3052 2159//3052 2158//3052
f 2163//3053 2164//3053 2160//3053
f 2163//3054 2160//3054 2159//3054
f 2164//3055 2161//3055 2157//3055
f 2164//3056 2157//3056 2160//3056
f 2158//3057 2159//3057 2160//3057
f 2158//3058 2160//3058 2157//3058
usemtl Mat_HeroYellow
f 2172//3059 2171//3059 2170//3059
f 2172//3060 2170//3060 2169//3060
f 2169//3061 2170//3061 2166//3061
f 2169//3062 2166//3062 2165//3062
f 2170//3063 2171//3063 2167//3063
f 2170//3064 2167//3064 2166//3064
f 2171//3065 2172//3065 2168//3065
f 2171//3066 2168//3066 2167//3066
f 2172//3067 2169//3067 2165//3067
f 2172//3068 2165//3068 2168//3068
f 2166//3069 2167//3069 2168//3069
f 2166//3070 2168//3070 2165//3070
usemtl Mat_Bone
f 2180//3071 2179//3071 2178//3071
f 2180//3072 2178//3072 2177//3072
f 2177//3073 2178//3073 2174//3073
f 2177//3074 2174//3074 2173//3074
f 2178//3075 2179//3075 2175//3075
f 2178//3076 2175//3076 2174//3076
f 2179//3077 2180//3077 2176//3077
f 2179//3078 2176//3078 2175//3078
f 2180//3079 2177//3079 2173//3079
f 2180//3080 2173//3080 2176//3080
f 2174//3081 2175//3081 2176//3081
f 2174//3082 2176//3082 2173//3082
usemtl Mat_HeroYellow
f 2188//3083 2187//3083 2186//3083
f 2188//3084 2186//3084 2185//3084
f 2185//3085 2186//3085 2182//3085
f 2185//3086 2182//3086 2181//3086
f 2186//3087 2187//3087 2183//3087
f 2186//3088 2183//3088 2182//3088
f 2187//3089 2188//3089 2184//3089
f 2187//3090 2184//3090 2183//3090
f 2188//3091 2185//3091 2181//3091
f 2188//3092 2181//3092 2184//3092
f 2182//3093 2183//3093 2184//3093
f 2182//3094 2184//3094 2181//3094
usemtl Mat_Bone
f 2196//3095 2195//3095 2194//3095
f 2196//3096 2194//3096 2193//3096
f 2193//3097 2194//3097 2190//3097
f 2193//3098 2190//3098 2189//3098
f 2194//3099 2195//3099 2191//3099
f 2194//3100 2191//3100 2190//3100
f 2195//3101 2196//3101 2192//3101
f 2195//3102 2192//3102 2191//3102
f 2196//3103 2193//3103 2189//3103
f 2196//3104 2189//3104 2192//3104
f 2190//3105 2191//3105 2192//3105
f 2190//3106 2192//3106 2189//3106
usemtl Mat_HeroYellow
f 2204//3107 2203//3107 2202//3107
f 2204//3108 2202//3108 2201//3108
f 2201//3109 2202//3109 2198//3109
f 2201//3110 2198//3110 2197//3110
f 2202//3111 2203//3111 2199//3111
f 2202//3112 2199//3112 2198//3112
f 2203//3113 2204//3113 2200//3113
f 2203//3114 2200//3114 2199//3114
f 2204//3115 2201//3115 2197//3115
f 2204//3116 2197//3116 2200//3116
f 2198//3117 2199//3117 2200//3117
f 2198//3118 2200//3118 2197//3118
usemtl Mat_Bone
f 2212//3119 2211//3119 2210//3119
f 2212//3120 2210//3120 2209//3120
f 2209//3121 2210//3121 2206//3121
f 2209//3122 2206//3122 2205//3122
f 2210//3123 2211//3123 2207//3123
f 2210//3124 2207//3124 2206//3124
f 2211//3125 2212//3125 2208//3125
f 2211//3126 2208//3126 2207//3126
f 2212//3127 2209//3127 2205//3127
f 2212//3128 2205//3128 2208//3128
f 2206//3129 2207//3129 2208//3129
f 2206//3130 2208//3130 2205//3130
usemtl Mat_HeroYellow
f 2220//3131 2219//3131 2218//3131
f 2220//3132 2218//3132 2217//3132
f 2217//3133 2218//3133 2214//3133
f 2217//3134 2214//3134 2213//3134
f 2218//3135 2219//3135 2215//3135
f 2218//3136 2215//3136 2214//3136
f 2219//3137 2220//3137 2216//3137
f 2219//3138 2216//3138 2215//3138
f 2220//3139 2217//3139 2213//3139
f 2220//3140 2213//3140 2216//3140
f 2214//3141 2215//3141 2216//3141
f 2214//3142 2216//3142 2213//3142
usemtl Mat_Bone
f 2228//3143 2227//3143 2226//3143
f 2228//3144 2226//3144 2225//3144
f 2225//3145 2226//3145 2222//3145
f 2225//3146 2222//3146 2221//3146
f 2226//3147 2227//3147 2223//3147
f 2226//3148 2223//3148 2222//3148
f 2227//3149 2228//3149 2224//3149
f 2227//3150 2224//3150 2223//3150
f 2228//3151 2225//3151 2221//3151
f 2228//3152 2221//3152 2224//3152
f 2222//3153 2223//3153 2224//3153
f 2222//3154 2224//3154 2221//3154
usemtl Mat_HeroYellow
f 2236//3155 2235//3155 2234//3155
f 2236//3156 2234//3156 2233//3156
f 2233//3157 2234//3157 2230//3157
f 2233//3158 2230//3158 2229//3158
f 2234//3159 2235//3159 2231//3159
f 2234//3160 2231//3160 2230//3160
f 2235//3161 2236//3161 2232//3161
f 2235//3162 2232//3162 2231//3162
f 2236//3163 2233//3163 2229//3163
f 2236//3164 2229//3164 2232//3164
f 2230//3165 2231//3165 2232//3165
f 2230//3166 2232//3166 2229//3166
usemtl Mat_Bone
f 2244//3167 2243//3167 2242//3167
f 2244//3168 2242//3168 2241//3168
f 2241//3169 2242//3169 2238//3169
f 2241//3170 2238//3170 2237//3170
f 2242//3171 2243//3171 2239//3171
f 2242//3172 2239//3172 2238//3172
f 2243//3173 2244//3173 2240//3173
f 2243//3174 2240//3174 2239//3174
f 2244//3175 2241//3175 2237//3175
f 2244//3176 2237//3176 2240//3176
f 2238//3177 2239//3177 2240//3177
f 2238//3178 2240//3178 2237//3178
usemtl Mat_DarkWood
f 2252//3179 2251//3179 2250//3179
f 2252//3180 2250//3180 2249//3180
f 2249//3181 2250//3181 2246//3181
f 2249//3182 2246//3182 2245//3182
f 2250//3183 2251//3183 2247//3183
f 2250//3184 2247//3184 2246//3184
f 2251//3185 2252//3185 2248//3185
f 2251//3186 2248//3186 2247//3186
f 2252//3187 2249//3187 2245//3187
f 2252//3188 2245//3188 2248//3188
f 2246//3189 2247//3189 2248//3189
f 2246//3190 2248//3190 2245//3190
usemtl Mat_NeonGreen
f 2253//3191 2254//3191 2255//3191
f 2253//3192 2255//3192 2256//3192
f 2257//3193 2258//3193 2259//3193
f 2257//3194 2259//3194 2260//3194
f 2261//3195 2262//3195 2263//3195
f 2261//3196 2263//3196 2264//3196
f 2265//3197 2266//3197 2267//3197
f 2265//3198 2267//3198 2268//3198
f 2269//3199 2270//3199 2271//3199
f 2269//3200 2271//3200 2272//3200
f 2273//3201 2274//3201 2275//3201
f 2273//3202 2275//3202 2276//3202
f 2277//3203 2278//3203 2279//3203
f 2277//3204 2279//3204 2280//3204
f 2281//3205 2282//3205 2283//3205
f 2281//3206 2283//3206 2284//3206
f 2285//3207 2286//3207 2287//3207
f 2285//3208 2287//3208 2288//3208
f 2289//3209 2290//3209 2291//3209
f 2289//3210 2291//3210 2292//3210
f 2293//3211 2294//3211 2295//3211
f 2293//3212 2295//3212 2296//3212
f 2297//3213 2298//3213 2299//3213
f 2297//3214 2299//3214 2300//3214
f 2301//3215 2302//3215 2303//3215
f 2301//3216 2303//3216 2304//3216
f 2305//3217 2306//3217 2307//3217
f 2305//3218 2307//3218 2308//3218
f 2309//3219 2310//3219 2311//3219
f 2309//3220 2311//3220 2312//3220
usemtl Mat_DarkWood
f 2320//3221 2319//3221 2318//3221
f 2320//3222 2318//3222 2317//3222
f 2317//3223 2318//3223 2314//3223
f 2317//3224 2314//3224 2313//3224
f 2318//3225 2319//3225 2315//3225
f 2318//3226 2315//3226 2314//3226
f 2319//3227 2320//3227 2316//3227
f 2319//3228 2316//3228 2315//3228
f 2320//3229 2317//3229 2313//3229
f 2320//3230 2313//3230 2316//3230
f 2314//3231 2315//3231 2316//3231
f 2314//3232 2316//3232 2313//3232
usemtl Mat_FadedWood
f 2328//3233 2327//3233 2326//3233
f 2328//3234 2326//3234 2325//3234
f 2325//3235 2326//3235 2322//3235
f 2325//3236 2322//3236 2321//3236
f 2326//3237 2327//3237 2323//3237
f 2326//3238 2323//3238 2322//3238
f 2327//3239 2328//3239 2324//3239
f 2327//3240 2324//3240 2323//3240
f 2328//3241 2325//3241 2321//3241
f 2328//3242 2321//3242 2324//3242
usemtl Mat_WoodMid
f 2336//3243 2335//3243 2334//3243
f 2336//3244 2334//3244 2333//3244
f 2333//3245 2334//3245 2330//3245
f 2333//3246 2330//3246 2329//3246
f 2334//3247 2335//3247 2331//3247
f 2334//3248 2331//3248 2330//3248
f 2335//3249 2336//3249 2332//3249
f 2335//3250 2332//3250 2331//3250
f 2336//3251 2333//3251 2329//3251
f 2336//3252 2329//3252 2332//3252
usemtl Mat_FadedWood
f 2344//3253 2343//3253 2342//3253
f 2344//3254 2342//3254 2341//3254
f 2341//3255 2342//3255 2338//3255
f 2341//3256 2338//3256 2337//3256
f 2342//3257 2343//3257 2339//3257
f 2342//3258 2339//3258 2338//3258
f 2343//3259 2344//3259 2340//3259
f 2343//3260 2340//3260 2339//3260
f 2344//3261 2341//3261 2337//3261
f 2344//3262 2337//3262 2340//3262
usemtl Mat_WoodMid
f 2352//3263 2351//3263 2350//3263
f 2352//3264 2350//3264 2349//3264
f 2349//3265 2350//3265 2346//3265
f 2349//3266 2346//3266 2345//3266
f 2350//3267 2351//3267 2347//3267
f 2350//3268 2347//3268 2346//3268
f 2351//3269 2352//3269 2348//3269
f 2351//3270 2348//3270 2347//3270
f 2352//3271 2349//3271 2345//3271
f 2352//3272 2345//3272 2348//3272
usemtl Mat_FadedWood
f 2360//3273 2359//3273 2358//3273
f 2360//3274 2358//3274 2357//3274
f 2357//3275 2358//3275 2354//3275
f 2357//3276 2354//3276 2353//3276
f 2358//3277 2359//3277 2355//3277
f 2358//3278 2355//3278 2354//3278
f 2359//3279 2360//3279 2356//3279
f 2359//3280 2356//3280 2355//3280
f 2360//3281 2357//3281 2353//3281
f 2360//3282 2353//3282 2356//3282
usemtl Mat_WoodMid
f 2368//3283 2367//3283 2366//3283
f 2368//3284 2366//3284 2365//3284
f 2365//3285 2366//3285 2362//3285
f 2365//3286 2362//3286 2361//3286
f 2366//3287 2367//3287 2363//3287
f 2366//3288 2363//3288 2362//3288
f 2367//3289 2368//3289 2364//3289
f 2367//3290 2364//3290 2363//3290
f 2368//3291 2365//3291 2361//3291
f 2368//3292 2361//3292 2364//3292
f 2362//3293 2363//3293 2364//3293
f 2362//3294 2364//3294 2361//3294
f 2376//3295 2375//3295 2374//3295
f 2376//3296 2374//3296 2373//3296
f 2373//3297 2374//3297 2370//3297
f 2373//3298 2370//3298 2369//3298
f 2374//3299 2375//3299 2371//3299
f 2374//3300 2371//3300 2370//3300
f 2375//3301 2376//3301 2372//3301
f 2375//3302 2372//3302 2371//3302
f 2376//3303 2373//3303 2369//3303
f 2376//3304 2369//3304 2372//3304
f 2370//3305 2371//3305 2372//3305
f 2370//3306 2372//3306 2369//3306
usemtl Mat_NeonGreen
f 2378//3307 2379//3307 2377//3307
f 2379//3308 2380//3308 2377//3308
f 2380//3309 2381//3309 2377//3309
f 2381//3310 2382//3310 2377//3310
f 2382//3311 2383//3311 2377//3311
f 2383//3312 2378//3312 2377//3312
f 2384//3313 2385//3313 2379//3313
f 2384//3314 2379//3314 2378//3314
f 2385//3315 2386//3315 2380//3315
f 2385//3316 2380//3316 2379//3316
f 2386//3317 2387//3317 2381//3317
f 2386//3318 2381//3318 2380//3318
f 2387//3319 2388//3319 2382//3319
f 2387//3320 2382//3320 2381//3320
f 2388//3321 2389//3321 2383//3321
f 2388//3322 2383//3322 2382//3322
f 2389//3323 2384//3323 2378//3323
f 2389//3324 2378//3324 2383//3324
f 2390//3325 2385//3325 2384//3325
f 2390//3326 2386//3326 2385//3326
f 2390//3327 2387//3327 2386//3327
f 2390//3328 2388//3328 2387//3328
f 2390//3329 2389//3329 2388//3329
f 2390//3330 2384//3330 2389//3330
f 2392//3331 2393//3331 2391//3331
f 2393//3332 2394//3332 2391//3332
f 2394//3333 2395//3333 2391//3333
f 2395//3334 2396//3334 2391//3334
f 2396//3335 2397//3335 2391//3335
f 2397//3336 2392//3336 2391//3336
f 2398//3337 2399//3337 2393//3337
f 2398//3338 2393//3338 2392//3338
f 2399//3339 2400//3339 2394//3339
f 2399//3340 2394//3340 2393//3340
f 2400//3341 2401//3341 2395//3341
f 2400//3342 2395//3342 2394//3342
f 2401//3343 2402//3343 2396//3343
f 2401//3344 2396//3344 2395//3344
f 2402//3345 2403//3345 2397//3345
f 2402//3346 2397//3346 2396//3346
f 2403//3347 2398//3347 2392//3347
f 2403//3348 2392//3348 2397//3348
f 2404//3349 2399//3349 2398//3349
f 2404//3350 2400//3350 2399//3350
f 2404//3351 2401//3351 2400//3351
f 2404//3352 2402//3352 2401//3352
f 2404//3353 2403//3353 2402//3353
f 2404//3354 2398//3354 2403//3354
f 2406//3355 2407//3355 2405//3355
f 2407//3356 2408//3356 2405//3356
f 2408//3357 2409//3357 2405//3357
f 2409//3358 2410//3358 2405//3358
f 2410//3359 2411//3359 2405//3359
f 2411//3360 2406//3360 2405//3360
f 2412//3361 2413//3361 2407//3361
f 2412//3362 2407//3362 2406//3362
f 2413//3363 2414//3363 2408//3363
f 2413//3364 2408//3364 2407//3364
f 2414//3365 2415//3365 2409//3365
f 2414//3366 2409//3366 2408//3366
f 2415//3367 2416//3367 2410//3367
f 2415//3368 2410//3368 2409//3368
f 2416//3369 2417//3369 2411//3369
f 2416//3370 2411//3370 2410//3370
f 2417//3371 2412//3371 2406//3371
f 2417//3372 2406//3372 2411//3372
f 2418//3373 2413//3373 2412//3373
f 2418//3374 2414//3374 2413//3374
f 2418//3375 2415//3375 2414//3375
f 2418//3376 2416//3376 2415//3376
f 2418//3377 2417//3377 2416//3377
f 2418//3378 2412//3378 2417//3378
f 2420//3379 2421//3379 2419//3379
f 2421//3380 2422//3380 2419//3380
f 2422//3381 2423//3381 2419//3381
f 2423//3382 2424//3382 2419//3382
f 2424//3383 2425//3383 2419//3383
f 2425//3384 2420//3384 2419//3384
f 2426//3385 2427//3385 2421//3385
f 2426//3386 2421//3386 2420//3386
f 2427//3387 2428//3387 2422//3387
f 2427//3388 2422//3388 2421//3388
f 2428//3389 2429//3389 2423//3389
f 2428//3390 2423//3390 2422//3390
f 2429//3391 2430//3391 2424//3391
f 2429//3392 2424//3392 2423//3392
f 2430//3393 2431//3393 2425//3393
f 2430//3394 2425//3394 2424//3394
f 2431//3395 2426//3395 2420//3395
f 2431//3396 2420//3396 2425//3396
f 2432//3397 2427//3397 2426//3397
f 2432//3398 2428//3398 2427//3398
f 2432//3399 2429//3399 2428//3399
f 2432//3400 2430//3400 2429//3400
f 2432//3401 2431//3401 2430//3401
f 2432//3402 2426//3402 2431//3402
f 2434//3403 2435//3403 2433//3403
f 2435//3404 2436//3404 2433//3404
f 2436//3405 2437//3405 2433//3405
f 2437//3406 2438//3406 2433//3406
f 2438//3407 2439//3407 2433//3407
f 2439//3408 2434//3408 2433//3408
f 2440//3409 2441//3409 2435//3409
f 2440//3410 2435//3410 2434//3410
f 2441//3411 2442//3411 2436//3411
f 2441//3412 2436//3412 2435//3412
f 2442//3413 2443//3413 2437//3413
f 2442//3414 2437//3414 2436//3414
f 2443//3415 2444//3415 2438//3415
f 2443//3416 2438//3416 2437//3416
f 2444//3417 2445//3417 2439//3417
f 2444//3418 2439//3418 2438//3418
f 2445//3419 2440//3419 2434//3419
f 2445//3420 2434//3420 2439//3420
f 2446//3421 2441//3421 2440//3421
f 2446//3422 2442//3422 2441//3422
f 2446//3423 2443//3423 2442//3423
f 2446//3424 2444//3424 2443//3424
f 2446//3425 2445//3425 2444//3425
f 2446//3426 2440//3426 2445//3426
usemtl Mat_WoodMid
f 2454//3427 2453//3427 2452//3427
f 2454//3428 2452//3428 2451//3428
f 2451//3429 2452//3429 2448//3429
f 2451//3430 2448//3430 2447//3430
f 2452//3431 2453//3431 2449//3431
f 2452//3432 2449//3432 2448//3432
f 2453//3433 2454//3433 2450//3433
f 2453//3434 2450//3434 2449//3434
f 2454//3435 2451//3435 2447//3435
f 2454//3436 2447//3436 2450//3436
f 2448//3437 2449//3437 2450//3437
f 2448//3438 2450//3438 2447//3438
usemtl Mat_NeonAmber
f 2456//3439 2457//3439 2455//3439
f 2457//3440 2458//3440 2455//3440
f 2458//3441 2459//3441 2455//3441
f 2459//3442 2460//3442 2455//3442
f 2460//3443 2461//3443 2455//3443
f 2461//3444 2456//3444 2455//3444
f 2462//3445 2463//3445 2457//3445
f 2462//3446 2457//3446 2456//3446
f 2463//3447 2464//3447 2458//3447
f 2463//3448 2458//3448 2457//3448
f 2464//3449 2465//3449 2459//3449
f 2464//3450 2459//3450 2458//3450
f 2465//3451 2466//3451 2460//3451
f 2465//3452 2460//3452 2459//3452
f 2466//3453 2467//3453 2461//3453
f 2466//3454 2461//3454 2460//3454
f 2467//3455 2462//3455 2456//3455
f 2467//3456 2456//3456 2461//3456
f 2468//3457 2463//3457 2462//3457
f 2468//3458 2464//3458 2463//3458
f 2468//3459 2465//3459 2464//3459
f 2468//3460 2466//3460 2465//3460
f 2468//3461 2467//3461 2466//3461
f 2468//3462 2462//3462 2467//3462
f 2470//3463 2471//3463 2469//3463
f 2471//3464 2472//3464 2469//3464
f 2472//3465 2473//3465 2469//3465
f 2473//3466 2474//3466 2469//3466
f 2474//3467 2475//3467 2469//3467
f 2475//3468 2470//3468 2469//3468
f 2476//3469 2477//3469 2471//3469
f 2476//3470 2471//3470 2470//3470
f 2477//3471 2478//3471 2472//3471
f 2477//3472 2472//3472 2471//3472
f 2478//3473 2479//3473 2473//3473
f 2478//3474 2473//3474 2472//3474
f 2479//3475 2480//3475 2474//3475
f 2479//3476 2474//3476 2473//3476
f 2480//3477 2481//3477 2475//3477
f 2480//3478 2475//3478 2474//3478
f 2481//3479 2476//3479 2470//3479
f 2481//3480 2470//3480 2475//3480
f 2482//3481 2477//3481 2476//3481
f 2482//3482 2478//3482 2477//3482
f 2482//3483 2479//3483 2478//3483
f 2482//3484 2480//3484 2479//3484
f 2482//3485 2481//3485 2480//3485
f 2482//3486 2476//3486 2481//3486
f 2484//3487 2485//3487 2483//3487
f 2485//3488 2486//3488 2483//3488
f 2486//3489 2487//3489 2483//3489
f 2487//3490 2488//3490 2483//3490
f 2488//3491 2489//3491 2483//3491
f 2489//3492 2484//3492 2483//3492
f 2490//3493 2491//3493 2485//3493
f 2490//3494 2485//3494 2484//3494
f 2491//3495 2492//3495 2486//3495
f 2491//3496 2486//3496 2485//3496
f 2492//3497 2493//3497 2487//3497
f 2492//3498 2487//3498 2486//3498
f 2493//3499 2494//3499 2488//3499
f 2493//3500 2488//3500 2487//3500
f 2494//3501 2495//3501 2489//3501
f 2494//3502 2489//3502 2488//3502
f 2495//3503 2490//3503 2484//3503
f 2495//3504 2484//3504 2489//3504
f 2496//3505 2491//3505 2490//3505
f 2496//3506 2492//3506 2491//3506
f 2496//3507 2493//3507 2492//3507
f 2496//3508 2494//3508 2493//3508
f 2496//3509 2495//3509 2494//3509
f 2496//3510 2490//3510 2495//3510
f 2498//3511 2499//3511 2497//3511
f 2499//3512 2500//3512 2497//3512
f 2500//3513 2501//3513 2497//3513
f 2501//3514 2502//3514 2497//3514
f 2502//3515 2503//3515 2497//3515
f 2503//3516 2498//3516 2497//3516
f 2504//3517 2505//3517 2499//3517
f 2504//3518 2499//3518 2498//3518
f 2505//3519 2506//3519 2500//3519
f 2505//3520 2500//3520 2499//3520
f 2506//3521 2507//3521 2501//3521
f 2506//3522 2501//3522 2500//3522
f 2507//3523 2508//3523 2502//3523
f 2507//3524 2502//3524 2501//3524
f 2508//3525 2509//3525 2503//3525
f 2508//3526 2503//3526 2502//3526
f 2509//3527 2504//3527 2498//3527
f 2509//3528 2498//3528 2503//3528
f 2510//3529 2505//3529 2504//3529
f 2510//3530 2506//3530 2505//3530
f 2510//3531 2507//3531 2506//3531
f 2510//3532 2508//3532 2507//3532
f 2510//3533 2509//3533 2508//3533
f 2510//3534 2504//3534 2509//3534
f 2512//3535 2513//3535 2511//3535
f 2513//3536 2514//3536 2511//3536
f 2514//3537 2515//3537 2511//3537
f 2515//3538 2516//3538 2511//3538
f 2516//3539 2517//3539 2511//3539
f 2517//3540 2512//3540 2511//3540
f 2518//3541 2519//3541 2513//3541
f 2518//3542 2513//3542 2512//3542
f 2519//3543 2520//3543 2514//3543
f 2519//3544 2514//3544 2513//3544
f 2520//3545 2521//3545 2515//3545
f 2520//3546 2515//3546 2514//3546
f 2521//3547 2522//3547 2516//3547
f 2521//3548 2516//3548 2515//3548
f 2522//3549 2523//3549 2517//3549
f 2522//3550 2517//3550 2516//3550
f 2523//3551 2518//3551 2512//3551
f 2523//3552 2512//3552 2517//3552
f 2524//3553 2519//3553 2518//3553
f 2524//3554 2520//3554 2519//3554
f 2524//3555 2521//3555 2520//3555
f 2524//3556 2522//3556 2521//3556
f 2524//3557 2523//3557 2522//3557
f 2524//3558 2518//3558 2523//3558
usemtl Mat_WoodMid
f 2532//3559 2531//3559 2530//3559
f 2532//3560 2530//3560 2529//3560
f 2529//3561 2530//3561 2526//3561
f 2529//3562 2526//3562 2525//3562
f 2530//3563 2531//3563 2527//3563
f 2530//3564 2527//3564 2526//3564
f 2531//3565 2532//3565 2528//3565
f 2531//3566 2528//3566 2527//3566
f 2532//3567 2529//3567 2525//3567
f 2532//3568 2525//3568 2528//3568
f 2526//3569 2527//3569 2528//3569
f 2526//3570 2528//3570 2525//3570
usemtl Mat_NeonCyan
f 2534//3571 2535//3571 2533//3571
f 2535//3572 2536//3572 2533//3572
f 2536//3573 2537//3573 2533//3573
f 2537//3574 2538//3574 2533//3574
f 2538//3575 2539//3575 2533//3575
f 2539//3576 2534//3576 2533//3576
f 2540//3577 2541//3577 2535//3577
f 2540//3578 2535//3578 2534//3578
f 2541//3579 2542//3579 2536//3579
f 2541//3580 2536//3580 2535//3580
f 2542//3581 2543//3581 2537//3581
f 2542//3582 2537//3582 2536//3582
f 2543//3583 2544//3583 2538//3583
f 2543//3584 2538//3584 2537//3584
f 2544//3585 2545//3585 2539//3585
f 2544//3586 2539//3586 2538//3586
f 2545//3587 2540//3587 2534//3587
f 2545//3588 2534//3588 2539//3588
f 2546//3589 2541//3589 2540//3589
f 2546//3590 2542//3590 2541//3590
f 2546//3591 2543//3591 2542//3591
f 2546//3592 2544//3592 2543//3592
f 2546//3593 2545//3593 2544//3593
f 2546//3594 2540//3594 2545//3594
f 2548//3595 2549//3595 2547//3595
f 2549//3596 2550//3596 2547//3596
f 2550//3597 2551//3597 2547//3597
f 2551//3598 2552//3598 2547//3598
f 2552//3599 2553//3599 2547//3599
f 2553//3600 2548//3600 2547//3600
f 2554//3601 2555//3601 2549//3601
f 2554//3602 2549//3602 2548//3602
f 2555//3603 2556//3603 2550//3603
f 2555//3604 2550//3604 2549//3604
f 2556//3605 2557//3605 2551//3605
f 2556//3606 2551//3606 2550//3606
f 2557//3607 2558//3607 2552//3607
f 2557//3608 2552//3608 2551//3608
f 2558//3609 2559//3609 2553//3609
f 2558//3610 2553//3610 2552//3610
f 2559//3611 2554//3611 2548//3611
f 2559//3612 2548//3612 2553//3612
f 2560//3613 2555//3613 2554//3613
f 2560//3614 2556//3614 2555//3614
f 2560//3615 2557//3615 2556//3615
f 2560//3616 2558//3616 2557//3616
f 2560//3617 2559//3617 2558//3617
f 2560//3618 2554//3618 2559//3618
f 2562//3619 2563//3619 2561//3619
f 2563//3620 2564//3620 2561//3620
f 2564//3621 2565//3621 2561//3621
f 2565//3622 2566//3622 2561//3622
f 2566//3623 2567//3623 2561//3623
f 2567//3624 2562//3624 2561//3624
f 2568//3625 2569//3625 2563//3625
f 2568//3626 2563//3626 2562//3626
f 2569//3627 2570//3627 2564//3627
f 2569//3628 2564//3628 2563//3628
f 2570//3629 2571//3629 2565//3629
f 2570//3630 2565//3630 2564//3630
f 2571//3631 2572//3631 2566//3631
f 2571//3632 2566//3632 2565//3632
f 2572//3633 2573//3633 2567//3633
f 2572//3634 2567//3634 2566//3634
f 2573//3635 2568//3635 2562//3635
f 2573//3636 2562//3636 2567//3636
f 2574//3637 2569//3637 2568//3637
f 2574//3638 2570//3638 2569//3638
f 2574//3639 2571//3639 2570//3639
f 2574//3640 2572//3640 2571//3640
f 2574//3641 2573//3641 2572//3641
f 2574//3642 2568//3642 2573//3642
f 2576//3643 2577//3643 2575//3643
f 2577//3644 2578//3644 2575//3644
f 2578//3645 2579//3645 2575//3645
f 2579//3646 2580//3646 2575//3646
f 2580//3647 2581//3647 2575//3647
f 2581//3648 2576//3648 2575//3648
f 2582//3649 2583//3649 2577//3649
f 2582//3650 2577//3650 2576//3650
f 2583//3651 2584//3651 2578//3651
f 2583//3652 2578//3652 2577//3652
f 2584//3653 2585//3653 2579//3653
f 2584//3654 2579//3654 2578//3654
f 2585//3655 2586//3655 2580//3655
f 2585//3656 2580//3656 2579//3656
f 2586//3657 2587//3657 2581//3657
f 2586//3658 2581//3658 2580//3658
f 2587//3659 2582//3659 2576//3659
f 2587//3660 2576//3660 2581//3660
f 2588//3661 2583//3661 2582//3661
f 2588//3662 2584//3662 2583//3662
f 2588//3663 2585//3663 2584//3663
f 2588//3664 2586//3664 2585//3664
f 2588//3665 2587//3665 2586//3665
f 2588//3666 2582//3666 2587//3666
f 2590//3667 2591//3667 2589//3667
f 2591//3668 2592//3668 2589//3668
f 2592//3669 2593//3669 2589//3669
f 2593//3670 2594//3670 2589//3670
f 2594//3671 2595//3671 2589//3671
f 2595//3672 2590//3672 2589//3672
f 2596//3673 2597//3673 2591//3673
f 2596//3674 2591//3674 2590//3674
f 2597//3675 2598//3675 2592//3675
f 2597//3676 2592//3676 2591//3676
f 2598//3677 2599//3677 2593//3677
f 2598//3678 2593//3678 2592//3678
f 2599//3679 2600//3679 2594//3679
f 2599//3680 2594//3680 2593//3680
f 2600//3681 2601//3681 2595//3681
f 2600//3682 2595//3682 2594//3682
f 2601//3683 2596//3683 2590//3683
f 2601//3684 2590//3684 2595//3684
f 2602//3685 2597//3685 2596//3685
f 2602//3686 2598//3686 2597//3686
f 2602//3687 2599//3687 2598//3687
f 2602//3688 2600//3688 2599//3688
f 2602//3689 2601//3689 2600//3689
f 2602//3690 2596//3690 2601//3690
usemtl Mat_FadedWood
f 2604//3691 2605//3691 2603//3691
f 2605//3692 2606//3692 2603//3692
f 2606//3693 2607//3693 2603//3693
f 2607//3694 2608//3694 2603//3694
f 2608//3695 2609//3695 2603//3695
f 2609//3696 2610//3696 2603//3696
f 2610//3697 2611//3697 2603//3697
f 2611//3698 2604//3698 2603//3698
f 2612//3699 2613//3699 2605//3699
f 2612//3700 2605//3700 2604//3700
f 2613//3701 2614//3701 2606//3701
f 2613//3702 2606//3702 2605//3702
f 2614//3703 2615//3703 2607//3703
f 2614//3704 2607//3704 2606//3704
f 2615//3705 2616//3705 2608//3705
f 2615//3706 2608//3706 2607//3706
f 2616//3707 2617//3707 2609//3707
f 2616//3708 2609//3708 2608//3708
f 2617//3709 2618//3709 2610//3709
f 2617//3710 2610//3710 2609//3710
f 2618//3711 2619//3711 2611//3711
f 2618//3712 2611//3712 2610//3712
f 2619//3713 2612//3713 2604//3713
f 2619//3714 2604//3714 2611//3714
f 2620//3715 2621//3715 2613//3715
f 2620//3716 2613//3716 2612//3716
f 2621//3717 2622//3717 2614//3717
f 2621//3718 2614//3718 2613//3718
f 2622//3719 2623//3719 2615//3719
f 2622//3720 2615//3720 2614//3720
f 2623//3721 2624//3721 2616//3721
f 2623//3722 2616//3722 2615//3722
f 2624//3723 2625//3723 2617//3723
f 2624//3724 2617//3724 2616//3724
f 2625//3725 2626//3725 2618//3725
f 2625//3726 2618//3726 2617//3726
f 2626//3727 2627//3727 2619//3727
f 2626//3728 2619//3728 2618//3728
f 2627//3729 2620//3729 2612//3729
f 2627//3730 2612//3730 2619//3730
f 2628//3731 2629//3731 2621//3731
f 2628//3732 2621//3732 2620//3732
f 2629//3733 2630//3733 2622//3733
f 2629//3734 2622//3734 2621//3734
f 2630//3735 2631//3735 2623//3735
f 2630//3736 2623//3736 2622//3736
f 2631//3737 2632//3737 2624//3737
f 2631//3738 2624//3738 2623//3738
f 2632//3739 2633//3739 2625//3739
f 2632//3740 2625//3740 2624//3740
f 2633//3741 2634//3741 2626//3741
f 2633//3742 2626//3742 2625//3742
f 2634//3743 2635//3743 2627//3743
f 2634//3744 2627//3744 2626//3744
f 2635//3745 2628//3745 2620//3745
f 2635//3746 2620//3746 2627//3746
f 2636//3747 2629//3747 2628//3747
f 2636//3748 2630//3748 2629//3748
f 2636//3749 2631//3749 2630//3749
f 2636//3750 2632//3750 2631//3750
f 2636//3751 2633//3751 2632//3751
f 2636//3752 2634//3752 2633//3752
f 2636//3753 2635//3753 2634//3753
f 2636//3754 2628//3754 2635//3754
usemtl Mat_Metal
f 2645//3755 2646//3755 2638//3755
f 2645//3756 2638//3756 2637//3756
f 2646//3757 2647//3757 2639//3757
f 2646//3758 2639//3758 2638//3758
f 2647//3759 2648//3759 2640//3759
f 2647//3760 2640//3760 2639//3760
f 2648//3761 2649//3761 2641//3761
f 2648//3762 2641//3762 2640//3762
f 2649//3763 2650//3763 2642//3763
f 2649//3764 2642//3764 2641//3764
f 2650//3765 2651//3765 2643//3765
f 2650//3766 2643//3766 2642//3766
f 2651//3767 2652//3767 2644//3767
f 2651//3768 2644//3768 2643//3768
f 2652//3769 2645//3769 2637//3769
f 2652//3770 2637//3770 2644//3770
f 2661//3771 2662//3771 2654//3771
f 2661//3772 2654//3772 2653//3772
f 2662//3773 2663//3773 2655//3773
f 2662//3774 2655//3774 2654//3774
f 2663//3775 2664//3775 2656//3775
f 2663//3776 2656//3776 2655//3776
f 2664//3777 2665//3777 2657//3777
f 2664//3778 2657//3778 2656//3778
f 2665//3779 2666//3779 2658//3779
f 2665//3780 2658//3780 2657//3780
f 2666//3781 2667//3781 2659//3781
f 2666//3782 2659//3782 2658//3782
f 2667//3783 2668//3783 2660//3783
f 2667//3784 2660//3784 2659//3784
f 2668//3785 2661//3785 2653//3785
f 2668//3786 2653//3786 2660//3786
usemtl Mat_SlimeGreen
f 2677//3787 2678//3787 2670//3787
f 2677//3788 2670//3788 2669//3788
f 2678//3789 2679//3789 2671//3789
f 2678//3790 2671//3790 2670//3790
f 2679//3791 2680//3791 2672//3791
f 2679//3792 2672//3792 2671//3792
f 2680//3793 2681//3793 2673//3793
f 2680//3794 2673//3794 2672//3794
f 2681//3795 2682//3795 2674//3795
f 2681//3796 2674//3796 2673//3796
f 2682//3797 2683//3797 2675//3797
f 2682//3798 2675//3798 2674//3798
f 2683//3799 2684//3799 2676//3799
f 2683//3800 2676//3800 2675//3800
f 2684//3801 2677//3801 2669//3801
f 2684//3802 2669//3802 2676//3802
f 2684//3803 2683//3803 2682//3803
f 2684//3804 2682//3804 2681//3804
f 2684//3805 2681//3805 2680//3805
f 2684//3806 2680//3806 2679//3806
f 2684//3807 2679//3807 2678//3807
f 2684//3808 2678//3808 2677//3808
usemtl Mat_Cactus
f 2685//3809 2686//3809 2692//3809
f 2685//3810 2692//3810 2691//3810
f 2686//3811 2687//3811 2693//3811
f 2686//3812 2693//3812 2692//3812
f 2687//3813 2688//3813 2694//3813
f 2687//3814 2694//3814 2693//3814
f 2688//3815 2689//3815 2695//3815
f 2688//3816 2695//3816 2694//3816
f 2689//3817 2690//3817 2696//3817
f 2689//3818 2696//3818 2695//3818
f 2690//3819 2685//3819 2691//3819
f 2690//3820 2691//3820 2696//3820
f 2690//3821 2689//3821 2688//3821
f 2690//3822 2688//3822 2687//3822
f 2690//3823 2687//3823 2686//3823
f 2690//3824 2686//3824 2685//3824
f 2691//3825 2692//3825 2693//3825
f 2691//3826 2693//3826 2694//3826
f 2691//3827 2694//3827 2695//3827
f 2691//3828 2695//3828 2696//3828
f 2697//3829 2698//3829 2704//3829
f 2697//3830 2704//3830 2703//3830
f 2698//3831 2699//3831 2705//3831
f 2698//3832 2705//3832 2704//3832
f 2699//3833 2700//3833 2706//3833
f 2699//3834 2706//3834 2705//3834
f 2700//3835 2701//3835 2707//3835
f 2700//3836 2707//3836 2706//3836
f 2701//3837 2702//3837 2708//3837
f 2701//3838 2708//3838 2707//3838
f 2702//3839 2697//3839 2703//3839
f 2702//3840 2703//3840 2708//3840
f 2702//3841 2701//3841 2700//3841
f 2702//3842 2700//3842 2699//3842
f 2702//3843 2699//3843 2698//3843
f 2702//3844 2698//3844 2697//3844
f 2703//3845 2704//3845 2705//3845
f 2703//3846 2705//3846 2706//3846
f 2703//3847 2706//3847 2707//3847
f 2703//3848 2707//3848 2708//3848
f 2709//3849 2710//3849 2716//3849
f 2709//3850 2716//3850 2715//3850
f 2710//3851 2711//3851 2717//3851
f 2710//3852 2717//3852 2716//3852
f 2711//3853 2712//3853 2718//3853
f 2711//3854 2718//3854 2717//3854
f 2712//3855 2713//3855 2719//3855
f 2712//3856 2719//3856 2718//3856
f 2713//3857 2714//3857 2720//3857
f 2713//3858 2720//3858 2719//3858
f 2714//3859 2709//3859 2715//3859
f 2714//3860 2715//3860 2720//3860
f 2714//3861 2713//3861 2712//3861
f 2714//3862 2712//3862 2711//3862
f 2714//3863 2711//3863 2710//3863
f 2714//3864 2710//3864 2709//3864
f 2715//3865 2716//3865 2717//3865
f 2715//3866 2717//3866 2718//3866
f 2715//3867 2718//3867 2719//3867
f 2715//3868 2719//3868 2720//3868
usemtl Mat_Bone
f 2721//3869 2732//3869 2726//3869
f 2721//3870 2726//3870 2722//3870
f 2721//3871 2722//3871 2728//3871
f 2721//3872 2728//3872 2731//3872
f 2721//3873 2731//3873 2732//3873
f 2722//3874 2726//3874 2730//3874
f 2726//3875 2732//3875 2725//3875
f 2732//3876 2731//3876 2723//3876
f 2731//3877 2728//3877 2727//3877
f 2728//3878 2722//3878 2729//3878
f 2724//3879 2730//3879 2725//3879
f 2724//3880 2725//3880 2723//3880
f 2724//3881 2723//3881 2727//3881
f 2724//3882 2727//3882 2729//3882
f 2724//3883 2729//3883 2730//3883
f 2725//3884 2730//3884 2726//3884
f 2723//3885 2725//3885 2732//3885
f 2727//3886 2723//3886 2731//3886
f 2729//3887 2727//3887 2728//3887
f 2730//3888 2729//3888 2722//3888
usemtl Mat_Void
f 2733//3889 2734//3889 2735//3889
f 2733//3890 2735//3890 2736//3890
f 2737//3891 2738//3891 2739//3891
f 2737//3892 2739//3892 2740//3892
f 2741//3893 2742//3893 2743//3893
f 2741//3894 2743//3894 2744//3894
f 2745//3895 2746//3895 2747//3895
f 2745//3896 2747//3896 2748//3896
usemtl Mat_Bone
f 2749//3897 2760//3897 2754//3897
f 2749//3898 2754//3898 2750//3898
f 2749//3899 2750//3899 2756//3899
f 2749//3900 2756//3900 2759//3900
f 2749//3901 2759//3901 2760//3901
f 2750//3902 2754//3902 2758//3902
f 2754//3903 2760//3903 2753//3903
f 2760//3904 2759//3904 2751//3904
f 2759//3905 2756//3905 2755//3905
f 2756//3906 2750//3906 2757//3906
f 2752//3907 2758//3907 2753//3907
f 2752//3908 2753//3908 2751//3908
f 2752//3909 2751//3909 2755//3909
f 2752//3910 2755//3910 2757//3910
f 2752//3911 2757//3911 2758//3911
f 2753//3912 2758//3912 2754//3912
f 2751//3913 2753//3913 2760//3913
f 2755//3914 2751//3914 2759//3914
f 2757//3915 2755//3915 2756//3915
f 2758//3916 2757//3916 2750//3916
usemtl Mat_Void
f 2761//3917 2762//3917 2763//3917
f 2761//3918 2763//3918 2764//3918
f 2765//3919 2766//3919 2767//3919
f 2765//3920 2767//3920 2768//3920
f 2769//3921 2770//3921 2771//3921
f 2769//3922 2771//3922 2772//3922
f 2773//3923 2774//3923 2775//3923
f 2773//3924 2775//3924 2776//3924
usemtl Mat_DarkMetal
f 2784//3925 2783//3925 2782//3925
f 2784//3926 2782//3926 2781//3926
f 2781//3927 2782//3927 2778//3927
f 2781//3928 2778//3928 2777//3928
f 2782//3929 2783//3929 2779//3929
f 2782//3930 2779//3930 2778//3930
f 2783//3931 2784//3931 2780//3931
f 2783//3932 2780//3932 2779//3932
f 2784//3933 2781//3933 2777//3933
f 2784//3934 2777//3934 2780//3934
f 2778//3935 2779//3935 2780//3935
f 2778//3936 2780//3936 2777//3936
usemtl Mat_NeonCyan
f 2792//3937 2791//3937 2790//3937
f 2792//3938 2790//3938 2789//3938
f 2790//3939 2791//3939 2787//3939
f 2790//3940 2787//3940 2786//3940
f 2791//3941 2792//3941 2788//3941
f 2791//3942 2788//3942 2787//3942
f 2792//3943 2789//3943 2785//3943
f 2792//3944 2785//3944 2788//3944
f 2786//3945 2787//3945 2788//3945
f 2786//3946 2788//3946 2785//3946
usemtl Mat_Void
f 2800//3947 2799//3947 2798//3947
f 2800//3948 2798//3948 2797//3948
f 2798//3949 2799//3949 2795//3949
f 2798//3950 2795//3950 2794//3950
f 2799//3951 2800//3951 2796//3951
f 2799//3952 2796//3952 2795//3952
f 2800//3953 2797//3953 2793//3953
f 2800//3954 2793//3954 2796//3954
f 2794//3955 2795//3955 2796//3955
f 2794//3956 2796//3956 2793//3956
usemtl Mat_Metal
f 2808//3957 2807//3957 2806//3957
f 2808//3958 2806//3958 2805//3958
f 2805//3959 2806//3959 2802//3959
f 2805//3960 2802//3960 2801//3960
f 2806//3961 2807//3961 2803//3961
f 2806//3962 2803//3962 2802//3962
f 2807//3963 2808//3963 2804//3963
f 2807//3964 2804//3964 2803//3964
f 2808//3965 2805//3965 2801//3965
f 2808//3966 2801//3966 2804//3966
f 2802//3967 2803//3967 2804//3967
f 2802//3968 2804//3968 2801//3968
f 2816//3969 2815//3969 2814//3969
f 2816//3970 2814//3970 2813//3970
f 2813//3971 2814//3971 2810//3971
f 2813//3972 2810//3972 2809//3972
f 2814//3973 2815//3973 2811//3973
f 2814//3974 2811//3974 2810//3974
f 2815//3975 2816//3975 2812//3975
f 2815//3976 2812//3976 2811//3976
f 2816//3977 2813//3977 2809//3977
f 2816//3978 2809//3978 2812//3978
f 2810//3979 2811//3979 2812//3979
f 2810//3980 2812//3980 2809//3980
usemtl Mat_Cactus
f 2824//3981 2823//3981 2822//3981
f 2824//3982 2822//3982 2821//3982
f 2822//3983 2823//3983 2819//3983
f 2822//3984 2819//3984 2818//3984
f 2823//3985 2824//3985 2820//3985
f 2823//3986 2820//3986 2819//3986
f 2824//3987 2821//3987 2817//3987
f 2824//3988 2817//3988 2820//3988
usemtl Mat_NeonGreen
f 2832//3989 2831//3989 2830//3989
f 2832//3990 2830//3990 2829//3990
f 2830//3991 2831//3991 2827//3991
f 2830//3992 2827//3992 2826//3992
f 2831//3993 2832//3993 2828//3993
f 2831//3994 2828//3994 2827//3994
f 2832//3995 2829//3995 2825//3995
f 2832//3996 2825//3996 2828//3996
usemtl Mat_Brass
f 2840//3997 2839//3997 2838//3997
f 2840//3998 2838//3998 2837//3998
f 2838//3999 2839//3999 2835//3999
f 2838//4000 2835//4000 2834//4000
f 2839//4001 2840//4001 2836//4001
f 2839//4002 2836//4002 2835//4002
f 2840//4003 2837//4003 2833//4003
f 2840//4004 2833//4004 2836//4004
usemtl Mat_Metal
f 2848//4005 2847//4005 2846//4005
f 2848//4006 2846//4006 2845//4006
f 2845//4007 2846//4007 2842//4007
f 2845//4008 2842//4008 2841//4008
f 2846//4009 2847//4009 2843//4009
f 2846//4010 2843//4010 2842//4010
f 2847//4011 2848//4011 2844//4011
f 2847//4012 2844//4012 2843//4012
f 2848//4013 2845//4013 2841//4013
f 2848//4014 2841//4014 2844//4014
f 2842//4015 2843//4015 2844//4015
f 2842//4016 2844//4016 2841//4016
usemtl Mat_NeonGreen
f 2856//4017 2855//4017 2854//4017
f 2856//4018 2854//4018 2853//4018
f 2854//4019 2855//4019 2851//4019
f 2854//4020 2851//4020 2850//4020
f 2855//4021 2856//4021 2852//4021
f 2855//4022 2852//4022 2851//4022
f 2856//4023 2853//4023 2849//4023
f 2856//4024 2849//4024 2852//4024
usemtl Mat_Brass
f 2864//4025 2863//4025 2862//4025
f 2864//4026 2862//4026 2861//4026
f 2862//4027 2863//4027 2859//4027
f 2862//4028 2859//4028 2858//4028
f 2863//4029 2864//4029 2860//4029
f 2863//4030 2860//4030 2859//4030
f 2864//4031 2861//4031 2857//4031
f 2864//4032 2857//4032 2860//4032
usemtl Mat_Cactus
f 2872//4033 2871//4033 2870//4033
f 2872//4034 2870//4034 2869//4034
f 2870//4035 2871//4035 2867//4035
f 2870//4036 2867//4036 2866//4036
f 2871//4037 2872//4037 2868//4037
f 2871//4038 2868//4038 2867//4038
f 2872//4039 2869//4039 2865//4039
f 2872//4040 2865//4040 2868//4040
usemtl Mat_Metal
f 2880//4041 2879//4041 2878//4041
f 2880//4042 2878//4042 2877//4042
f 2877//4043 2878//4043 2874//4043
f 2877//4044 2874//4044 2873//4044
f 2878//4045 2879//4045 2875//4045
f 2878//4046 2875//4046 2874//4046
f 2879//4047 2880//4047 2876//4047
f 2879//4048 2876//4048 2875//4048
f 2880//4049 2877//4049 2873//4049
f 2880//4050 2873//4050 2876//4050
f 2874//4051 2875//4051 2876//4051
f 2874//4052 2876//4052 2873//4052
usemtl Mat_Brass
f 2888//4053 2887//4053 2886//4053
f 2888//4054 2886//4054 2885//4054
f 2886//4055 2887//4055 2883//4055
f 2886//4056 2883//4056 2882//4056
f 2887//4057 2888//4057 2884//4057
f 2887//4058 2884//4058 2883//4058
f 2888//4059 2885//4059 2881//4059
f 2888//4060 2881//4060 2884//4060
usemtl Mat_Cactus
f 2896//4061 2895//4061 2894//4061
f 2896//4062 2894//4062 2893//4062
f 2894//4063 2895//4063 2891//4063
f 2894//4064 2891//4064 2890//4064
f 2895//4065 2896//4065 2892//4065
f 2895//4066 2892//4066 2891//4066
f 2896//4067 2893//4067 2889//4067
f 2896//4068 2889//4068 2892//4068
usemtl Mat_NeonGreen
f 2904//4069 2903//4069 2902//4069
f 2904//4070 2902//4070 2901//4070
f 2902//4071 2903//4071 2899//4071
f 2902//4072 2899//4072 2898//4072
f 2903//4073 2904//4073 2900//4073
f 2903//4074 2900//4074 2899//4074
f 2904//4075 2901//4075 2897//4075
f 2904//4076 2897//4076 2900//4076
usemtl Mat_FadedWood
f 2906//4077 2907//4077 2905//4077
f 2907//4078 2908//4078 2905//4078
f 2908//4079 2909//4079 2905//4079
f 2909//4080 2910//4080 2905//4080
f 2910//4081 2911//4081 2905//4081
f 2911//4082 2912//4082 2905//4082
f 2912//4083 2913//4083 2905//4083
f 2913//4084 2906//4084 2905//4084
f 2914//4085 2915//4085 2907//4085
f 2914//4086 2907//4086 2906//4086
f 2915//4087 2916//4087 2908//4087
f 2915//4088 2908//4088 2907//4088
f 2916//4089 2917//4089 2909//4089
f 2916//4090 2909//4090 2908//4090
f 2917//4091 2918//4091 2910//4091
f 2917//4092 2910//4092 2909//4092
f 2918//4093 2919//4093 2911//4093
f 2918//4094 2911//4094 2910//4094
f 2919//4095 2920//4095 2912//4095
f 2919//4096 2912//4096 2911//4096
f 2920//4097 2921//4097 2913//4097
f 2920//4098 2913//4098 2912//4098
f 2921//4099 2914//4099 2906//4099
f 2921//4100 2906//4100 2913//4100
f 2922//4101 2915//4101 2914//4101
f 2922//4102 2916//4102 2915//4102
f 2922//4103 2917//4103 2916//4103
f 2922//4104 2918//4104 2917//4104
f 2922//4105 2919//4105 2918//4105
f 2922//4106 2920//4106 2919//4106
f 2922//4107 2921//4107 2920//4107
f 2922//4108 2914//4108 2921//4108
f 2924//4109 2925//4109 2923//4109
f 2925//4110 2926//4110 2923//4110
f 2926//4111 2927//4111 2923//4111
f 2927//4112 2928//4112 2923//4112
f 2928//4113 2929//4113 2923//4113
f 2929//4114 2930//4114 2923//4114
f 2930//4115 2931//4115 2923//4115
f 2931//4116 2924//4116 2923//4116
f 2932//4117 2933//4117 2925//4117
f 2932//4118 2925//4118 2924//4118
f 2933//4119 2934//4119 2926//4119
f 2933//4120 2926//4120 2925//4120
f 2934//4121 2935//4121 2927//4121
f 2934//4122 2927//4122 2926//4122
f 2935//4123 2936//4123 2928//4123
f 2935//4124 2928//4124 2927//4124
f 2936//4125 2937//4125 2929//4125
f 2936//4126 2929//4126 2928//4126
f 2937//4127 2938//4127 2930//4127
f 2937//4128 2930//4128 2929//4128
f 2938//4129 2939//4129 2931//4129
f 2938//4130 2931//4130 2930//4130
f 2939//4131 2932//4131 2924//4131
f 2939//4132 2924//4132 2931//4132
f 2940//4133 2941//4133 2933//4133
f 2940//4134 2933//4134 2932//4134
f 2941//4135 2942//4135 2934//4135
f 2941//4136 2934//4136 2933//4136
f 2942//4137 2943//4137 2935//4137
f 2942//4138 2935//4138 2934//4138
f 2943//4139 2944//4139 2936//4139
f 2943//4140 2936//4140 2935//4140
f 2944//4141 2945//4141 2937//4141
f 2944//4142 2937//4142 2936//4142
f 2945//4143 2946//4143 2938//4143
f 2945//4144 2938//4144 2937//4144
f 2946//4145 2947//4145 2939//4145
f 2946//4146 2939//4146 2938//4146
f 2947//4147 2940//4147 2932//4147
f 2947//4148 2932//4148 2939//4148
f 2948//4149 2949//4149 2941//4149
f 2948//4150 2941//4150 2940//4150
f 2949//4151 2950//4151 2942//4151
f 2949//4152 2942//4152 2941//4152
f 2950//4153 2951//4153 2943//4153
f 2950//4154 2943//4154 2942//4154
f 2951//4155 2952//4155 2944//4155
f 2951//4156 2944//4156 2943//4156
f 2952//4157 2953//4157 2945//4157
f 2952//4158 2945//4158 2944//4158
f 2953//4159 2954//4159 2946//4159
f 2953//4160 2946//4160 2945//4160
f 2954//4161 2955//4161 2947//4161
f 2954//4162 2947//4162 2946//4162
f 2955//4163 2948//4163 2940//4163
f 2955//4164 2940//4164 2947//4164
f 2956//4165 2949//4165 2948//4165
f 2956//4166 2950//4166 2949//4166
f 2956//4167 2951//4167 2950//4167
f 2956//4168 2952//4168 2951//4168
f 2956//4169 2953//4169 2952//4169
f 2956//4170 2954//4170 2953//4170
f 2956//4171 2955//4171 2954//4171
f 2956//4172 2948//4172 2955//4172
usemtl Mat_NeonLaser
f 2965//4173 2966//4173 2958//4173
f 2965//4174 2958//4174 2957//4174
f 2966//4175 2967//4175 2959//4175
f 2966//4176 2959//4176 2958//4176
f 2967//4177 2968//4177 2960//4177
f 2967//4178 2960//4178 2959//4178
f 2968//4179 2969//4179 2961//4179
f 2968//4180 2961//4180 2960//4180
f 2969//4181 2970//4181 2962//4181
f 2969//4182 2962//4182 2961//4182
f 2970//4183 2971//4183 2963//4183
f 2970//4184 2963//4184 2962//4184
f 2971//4185 2972//4185 2964//4185
f 2971//4186 2964//4186 2963//4186
f 2972//4187 2965//4187 2957//4187
f 2972//4188 2957//4188 2964//4188
usemtl Mat_Chrome
f 2983//4189 2984//4189 2974//4189
f 2983//4190 2974//4190 2973//4190
f 2984//4191 2985//4191 2975//4191
f 2984//4192 2975//4192 2974//4192
f 2985//4193 2986//4193 2976//4193
f 2985//4194 2976//4194 2975//4194
f 2986//4195 2987//4195 2977//4195
f 2986//4196 2977//4196 2976//4196
f 2987//4197 2988//4197 2978//4197
f 2987//4198 2978//4198 2977//4198
f 2988//4199 2989//4199 2979//4199
f 2988//4200 2979//4200 2978//4200
f 2989//4201 2990//4201 2980//4201
f 2989//4202 2980//4202 2979//4202
f 2990//4203 2991//4203 2981//4203
f 2990//4204 2981//4204 2980//4204
f 2991//4205 2992//4205 2982//4205
f 2991//4206 2982//4206 2981//4206
f 2992//4207 2983//4207 2973//4207
f 2992//4208 2973//4208 2982//4208
f 2992//4209 2991//4209 2990//4209
f 2992//4210 2990//4210 2989//4210
f 2992//4211 2989//4211 2988//4211
f 2992//4212 2988//4212 2987//4212
f 2992//4213 2987//4213 2986//4213
f 2992//4214 2986//4214 2985//4214
f 2992//4215 2985//4215 2984//4215
f 2992//4216 2984//4216 2983//4216
f 2973//4217 2974//4217 2975//4217
f 2973//4218 2975//4218 2976//4218
f 2973//4219 2976//4219 2977//4219
f 2973//4220 2977//4220 2978//4220
f 2973//4221 2978//4221 2979//4221
f 2973//4222 2979//4222 2980//4222
f 2973//4223 2980//4223 2981//4223
f 2973//4224 2981//4224 2982//4224
usemtl Mat_HeroRed
f 3003//4225 3004//4225 2994//4225
f 3003//4226 2994//4226 2993//4226
f 3004//4227 3005//4227 2995//4227
f 3004//4228 2995//4228 2994//4228
f 3005//4229 3006//4229 2996//4229
f 3005//4230 2996//4230 2995//4230
f 3006//4231 3007//4231 2997//4231
f 3006//4232 2997//4232 2996//4232
f 3007//4233 3008//4233 2998//4233
f 3007//4234 2998//4234 2997//4234
f 3008//4235 3009//4235 2999//4235
f 3008//4236 2999//4236 2998//4236
f 3009//4237 3010//4237 3000//4237
f 3009//4238 3000//4238 2999//4238
f 3010//4239 3011//4239 3001//4239
f 3010//4240 3001//4240 3000//4240
f 3011//4241 3012//4241 3002//4241
f 3011//4242 3002//4242 3001//4242
f 3012//4243 3003//4243 2993//4243
f 3012//4244 2993//4244 3002//4244
usemtl Mat_HeroYellow
f 3023//4245 3024//4245 3014//4245
f 3023//4246 3014//4246 3013//4246
f 3024//4247 3025//4247 3015//4247
f 3024//4248 3015//4248 3014//4248
f 3025//4249 3026//4249 3016//4249
f 3025//4250 3016//4250 3015//4250
f 3026//4251 3027//4251 3017//4251
f 3026//4252 3017//4252 3016//4252
f 3027//4253 3028//4253 3018//4253
f 3027//4254 3018//4254 3017//4254
f 3028//4255 3029//4255 3019//4255
f 3028//4256 3019//4256 3018//4256
f 3029//4257 3030//4257 3020//4257
f 3029//4258 3020//4258 3019//4258
f 3030//4259 3031//4259 3021//4259
f 3030//4260 3021//4260 3020//4260
f 3031//4261 3032//4261 3022//4261
f 3031//4262 3022//4262 3021//4262
f 3032//4263 3023//4263 3013//4263
f 3032//4264 3013//4264 3022//4264
usemtl Mat_Chrome
f 3043//4265 3044//4265 3034//4265
f 3043//4266 3034//4266 3033//4266
f 3044//4267 3045//4267 3035//4267
f 3044//4268 3035//4268 3034//4268
f 3045//4269 3046//4269 3036//4269
f 3045//4270 3036//4270 3035//4270
f 3046//4271 3047//4271 3037//4271
f 3046//4272 3037//4272 3036//4272
f 3047//4273 3048//4273 3038//4273
f 3047//4274 3038//4274 3037//4274
f 3048//4275 3049//4275 3039//4275
f 3048//4276 3039//4276 3038//4276
f 3049//4277 3050//4277 3040//4277
f 3049//4278 3040//4278 3039//4278
f 3050//4279 3051//4279 3041//4279
f 3050//4280 3041//4280 3040//4280
f 3051//4281 3052//4281 3042//4281
f 3051//4282 3042//4282 3041//4282
f 3052//4283 3043//4283 3033//4283
f 3052//4284 3033//4284 3042//4284
f 3052//4285 3051//4285 3050//4285
f 3052//4286 3050//4286 3049//4286
f 3052//4287 3049//4287 3048//4287
f 3052//4288 3048//4288 3047//4288
f 3052//4289 3047//4289 3046//4289
f 3052//4290 3046//4290 3045//4290
f 3052//4291 3045//4291 3044//4291
f 3052//4292 3044//4292 3043//4292
f 3033//4293 3034//4293 3035//4293
f 3033//4294 3035//4294 3036//4294
f 3033//4295 3036//4295 3037//4295
f 3033//4296 3037//4296 3038//4296
f 3033//4297 3038//4297 3039//4297
f 3033//4298 3039//4298 3040//4298
f 3033//4299 3040//4299 3041//4299
f 3033//4300 3041//4300 3042//4300
usemtl Mat_HeroRed
f 3063//4301 3064//4301 3054//4301
f 3063//4302 3054//4302 3053//4302
f 3064//4303 3065//4303 3055//4303
f 3064//4304 3055//4304 3054//4304
f 3065//4305 3066//4305 3056//4305
f 3065//4306 3056//4306 3055//4306
f 3066//4307 3067//4307 3057//4307
f 3066//4308 3057//4308 3056//4308
f 3067//4309 3068//4309 3058//4309
f 3067//4310 3058//4310 3057//4310
f 3068//4311 3069//4311 3059//4311
f 3068//4312 3059//4312 3058//4312
f 3069//4313 3070//4313 3060//4313
f 3069//4314 3060//4314 3059//4314
f 3070//4315 3071//4315 3061//4315
f 3070//4316 3061//4316 3060//4316
f 3071//4317 3072//4317 3062//4317
f 3071//4318 3062//4318 3061//4318
f 3072//4319 3063//4319 3053//4319
f 3072//4320 3053//4320 3062//4320
usemtl Mat_HeroYellow
f 3083//4321 3084//4321 3074//4321
f 3083//4322 3074//4322 3073//4322
f 3084//4323 3085//4323 3075//4323
f 3084//4324 3075//4324 3074//4324
f 3085//4325 3086//4325 3076//4325
f 3085//4326 3076//4326 3075//4326
f 3086//4327 3087//4327 3077//4327
f 3086//4328 3077//4328 3076//4328
f 3087//4329 3088//4329 3078//4329
f 3087//4330 3078//4330 3077//4330
f 3088//4331 3089//4331 3079//4331
f 3088//4332 3079//4332 3078//4332
f 3089//4333 3090//4333 3080//4333
f 3089//4334 3080//4334 3079//4334
f 3090//4335 3091//4335 3081//4335
f 3090//4336 3081//4336 3080//4336
f 3091//4337 3092//4337 3082//4337
f 3091//4338 3082//4338 3081//4338
f 3092//4339 3083//4339 3073//4339
f 3092//4340 3073//4340 3082//4340
usemtl Mat_Chrome
f 3103//4341 3104//4341 3094//4341
f 3103//4342 3094//4342 3093//4342
f 3104//4343 3105//4343 3095//4343
f 3104//4344 3095//4344 3094//4344
f 3105//4345 3106//4345 3096//4345
f 3105//4346 3096//4346 3095//4346
f 3106//4347 3107//4347 3097//4347
f 3106//4348 3097//4348 3096//4348
f 3107//4349 3108//4349 3098//4349
f 3107//4350 3098//4350 3097//4350
f 3108//4351 3109//4351 3099//4351
f 3108//4352 3099//4352 3098//4352
f 3109//4353 3110//4353 3100//4353
f 3109//4354 3100//4354 3099//4354
f 3110//4355 3111//4355 3101//4355
f 3110//4356 3101//4356 3100//4356
f 3111//4357 3112//4357 3102//4357
f 3111//4358 3102//4358 3101//4358
f 3112//4359 3103//4359 3093//4359
f 3112//4360 3093//4360 3102//4360
f 3112//4361 3111//4361 3110//4361
f 3112//4362 3110//4362 3109//4362
f 3112//4363 3109//4363 3108//4363
f 3112//4364 3108//4364 3107//4364
f 3112//4365 3107//4365 3106//4365
f 3112//4366 3106//4366 3105//4366
f 3112//4367 3105//4367 3104//4367
f 3112//4368 3104//4368 3103//4368
f 3093//4369 3094//4369 3095//4369
f 3093//4370 3095//4370 3096//4370
f 3093//4371 3096//4371 3097//4371
f 3093//4372 3097//4372 3098//4372
f 3093//4373 3098//4373 3099//4373
f 3093//4374 3099//4374 3100//4374
f 3093//4375 3100//4375 3101//4375
f 3093//4376 3101//4376 3102//4376
usemtl Mat_HeroRed
f 3123//4377 3124//4377 3114//4377
f 3123//4378 3114//4378 3113//4378
f 3124//4379 3125//4379 3115//4379
f 3124//4380 3115//4380 3114//4380
f 3125//4381 3126//4381 3116//4381
f 3125//4382 3116//4382 3115//4382
f 3126//4383 3127//4383 3117//4383
f 3126//4384 3117//4384 3116//4384
f 3127//4385 3128//4385 3118//4385
f 3127//4386 3118//4386 3117//4386
f 3128//4387 3129//4387 3119//4387
f 3128//4388 3119//4388 3118//4388
f 3129//4389 3130//4389 3120//4389
f 3129//4390 3120//4390 3119//4390
f 3130//4391 3131//4391 3121//4391
f 3130//4392 3121//4392 3120//4392
f 3131//4393 3132//4393 3122//4393
f 3131//4394 3122//4394 3121//4394
f 3132//4395 3123//4395 3113//4395
f 3132//4396 3113//4396 3122//4396
usemtl Mat_HeroYellow
f 3143//4397 3144//4397 3134//4397
f 3143//4398 3134//4398 3133//4398
f 3144//4399 3145//4399 3135//4399
f 3144//4400 3135//4400 3134//4400
f 3145//4401 3146//4401 3136//4401
f 3145//4402 3136//4402 3135//4402
f 3146//4403 3147//4403 3137//4403
f 3146//4404 3137//4404 3136//4404
f 3147//4405 3148//4405 3138//4405
f 3147//4406 3138//4406 3137//4406
f 3148//4407 3149//4407 3139//4407
f 3148//4408 3139//4408 3138//4408
f 3149//4409 3150//4409 3140//4409
f 3149//4410 3140//4410 3139//4410
f 3150//4411 3151//4411 3141//4411
f 3150//4412 3141//4412 3140//4412
f 3151//4413 3152//4413 3142//4413
f 3151//4414 3142//4414 3141//4414
f 3152//4415 3143//4415 3133//4415
f 3152//4416 3133//4416 3142//4416
usemtl Mat_Chrome
f 3163//4417 3164//4417 3154//4417
f 3163//4418 3154//4418 3153//4418
f 3164//4419 3165//4419 3155//4419
f 3164//4420 3155//4420 3154//4420
f 3165//4421 3166//4421 3156//4421
f 3165//4422 3156//4422 3155//4422
f 3166//4423 3167//4423 3157//4423
f 3166//4424 3157//4424 3156//4424
f 3167//4425 3168//4425 3158//4425
f 3167//4426 3158//4426 3157//4426
f 3168//4427 3169//4427 3159//4427
f 3168//4428 3159//4428 3158//4428
f 3169//4429 3170//4429 3160//4429
f 3169//4430 3160//4430 3159//4430
f 3170//4431 3171//4431 3161//4431
f 3170//4432 3161//4432 3160//4432
f 3171//4433 3172//4433 3162//4433
f 3171//4434 3162//4434 3161//4434
f 3172//4435 3163//4435 3153//4435
f 3172//4436 3153//4436 3162//4436
f 3172//4437 3171//4437 3170//4437
f 3172//4438 3170//4438 3169//4438
f 3172//4439 3169//4439 3168//4439
f 3172//4440 3168//4440 3167//4440
f 3172//4441 3167//4441 3166//4441
f 3172//4442 3166//4442 3165//4442
f 3172//4443 3165//4443 3164//4443
f 3172//4444 3164//4444 3163//4444
f 3153//4445 3154//4445 3155//4445
f 3153//4446 3155//4446 3156//4446
f 3153//4447 3156//4447 3157//4447
f 3153//4448 3157//4448 3158//4448
f 3153//4449 3158//4449 3159//4449
f 3153//4450 3159//4450 3160//4450
f 3153//4451 3160//4451 3161//4451
f 3153//4452 3161//4452 3162//4452
usemtl Mat_HeroRed
f 3183//4453 3184//4453 3174//4453
f 3183//4454 3174//4454 3173//4454
f 3184//4455 3185//4455 3175//4455
f 3184//4456 3175//4456 3174//4456
f 3185//4457 3186//4457 3176//4457
f 3185//4458 3176//4458 3175//4458
f 3186//4459 3187//4459 3177//4459
f 3186//4460 3177//4460 3176//4460
f 3187//4461 3188//4461 3178//4461
f 3187//4462 3178//4462 3177//4462
f 3188//4463 3189//4463 3179//4463
f 3188//4464 3179//4464 3178//4464
f 3189//4465 3190//4465 3180//4465
f 3189//4466 3180//4466 3179//4466
f 3190//4467 3191//4467 3181//4467
f 3190//4468 3181//4468 3180//4468
f 3191//4469 3192//4469 3182//4469
f 3191//4470 3182//4470 3181//4470
f 3192//4471 3183//4471 3173//4471
f 3192//4472 3173//4472 3182//4472
usemtl Mat_HeroYellow
f 3203//4473 3204//4473 3194//4473
f 3203//4474 3194//4474 3193//4474
f 3204//4475 3205//4475 3195//4475
f 3204//4476 3195//4476 3194//4476
f 3205//4477 3206//4477 3196//4477
f 3205//4478 3196//4478 3195//4478
f 3206//4479 3207//4479 3197//4479
f 3206//4480 3197//4480 3196//4480
f 3207//4481 3208//4481 3198//4481
f 3207//4482 3198//4482 3197//4482
f 3208//4483 3209//4483 3199//4483
f 3208//4484 3199//4484 3198//4484
f 3209//4485 3210//4485 3200//4485
f 3209//4486 3200//4486 3199//4486
f 3210//4487 3211//4487 3201//4487
f 3210//4488 3201//4488 3200//4488
f 3211//4489 3212//4489 3202//4489
f 3211//4490 3202//4490 3201//4490
f 3212//4491 3203//4491 3193//4491
f 3212//4492 3193//4492 3202//4492
usemtl Mat_Chrome
f 3223//4493 3224//4493 3214//4493
f 3223//4494 3214//4494 3213//4494
f 3224//4495 3225//4495 3215//4495
f 3224//4496 3215//4496 3214//4496
f 3225//4497 3226//4497 3216//4497
f 3225//4498 3216//4498 3215//4498
f 3226//4499 3227//4499 3217//4499
f 3226//4500 3217//4500 3216//4500
f 3227//4501 3228//4501 3218//4501
f 3227//4502 3218//4502 3217//4502
f 3228//4503 3229//4503 3219//4503
f 3228//4504 3219//4504 3218//4504
f 3229//4505 3230//4505 3220//4505
f 3229//4506 3220//4506 3219//4506
f 3230//4507 3231//4507 3221//4507
f 3230//4508 3221//4508 3220//4508
f 3231//4509 3232//4509 3222//4509
f 3231//4510 3222//4510 3221//4510
f 3232//4511 3223//4511 3213//4511
f 3232//4512 3213//4512 3222//4512
f 3232//4513 3231//4513 3230//4513
f 3232//4514 3230//4514 3229//4514
f 3232//4515 3229//4515 3228//4515
f 3232//4516 3228//4516 3227//4516
f 3232//4517 3227//4517 3226//4517
f 3232//4518 3226//4518 3225//4518
f 3232//4519 3225//4519 3224//4519
f 3232//4520 3224//4520 3223//4520
f 3213//4521 3214//4521 3215//4521
f 3213//4522 3215//4522 3216//4522
f 3213//4523 3216//4523 3217//4523
f 3213//4524 3217//4524 3218//4524
f 3213//4525 3218//4525 3219//4525
f 3213//4526 3219//4526 3220//4526
f 3213//4527 3220//4527 3221//4527
f 3213//4528 3221//4528 3222//4528
usemtl Mat_HeroRed
f 3243//4529 3244//4529 3234//4529
f 3243//4530 3234//4530 3233//4530
f 3244//4531 3245//4531 3235//4531
f 3244//4532 3235//4532 3234//4532
f 3245//4533 3246//4533 3236//4533
f 3245//4534 3236//4534 3235//4534
f 3246//4535 3247//4535 3237//4535
f 3246//4536 3237//4536 3236//4536
f 3247//4537 3248//4537 3238//4537
f 3247//4538 3238//4538 3237//4538
f 3248//4539 3249//4539 3239//4539
f 3248//4540 3239//4540 3238//4540
f 3249//4541 3250//4541 3240//4541
f 3249//4542 3240//4542 3239//4542
f 3250//4543 3251//4543 3241//4543
f 3250//4544 3241//4544 3240//4544
f 3251//4545 3252//4545 3242//4545
f 3251//4546 3242//4546 3241//4546
f 3252//4547 3243//4547 3233//4547
f 3252//4548 3233//4548 3242//4548
usemtl Mat_HeroYellow
f 3263//4549 3264//4549 3254//4549
f 3263//4550 3254//4550 3253//4550
f 3264//4551 3265//4551 3255//4551
f 3264//4552 3255//4552 3254//4552
f 3265//4553 3266//4553 3256//4553
f 3265//4554 3256//4554 3255//4554
f 3266//4555 3267//4555 3257//4555
f 3266//4556 3257//4556 3256//4556
f 3267//4557 3268//4557 3258//4557
f 3267//4558 3258//4558 3257//4558
f 3268//4559 3269//4559 3259//4559
f 3268//4560 3259//4560 3258//4560
f 3269//4561 3270//4561 3260//4561
f 3269//4562 3260//4562 3259//4562
f 3270//4563 3271//4563 3261//4563
f 3270//4564 3261//4564 3260//4564
f 3271//4565 3272//4565 3262//4565
f 3271//4566 3262//4566 3261//4566
f 3272//4567 3263//4567 3253//4567
f 3272//4568 3253//4568 3262//4568
usemtl Mat_Chrome
f 3283//4569 3284//4569 3274//4569
f 3283//4570 3274//4570 3273//4570
f 3284//4571 3285//4571 3275//4571
f 3284//4572 3275//4572 3274//4572
f 3285//4573 3286//4573 3276//4573
f 3285//4574 3276//4574 3275//4574
f 3286//4575 3287//4575 3277//4575
f 3286//4576 3277//4576 3276//4576
f 3287//4577 3288//4577 3278//4577
f 3287//4578 3278//4578 3277//4578
f 3288//4579 3289//4579 3279//4579
f 3288//4580 3279//4580 3278//4580
f 3289//4581 3290//4581 3280//4581
f 3289//4582 3280//4582 3279//4582
f 3290//4583 3291//4583 3281//4583
f 3290//4584 3281//4584 3280//4584
f 3291//4585 3292//4585 3282//4585
f 3291//4586 3282//4586 3281//4586
f 3292//4587 3283//4587 3273//4587
f 3292//4588 3273//4588 3282//4588
f 3292//4589 3291//4589 3290//4589
f 3292//4590 3290//4590 3289//4590
f 3292//4591 3289//4591 3288//4591
f 3292//4592 3288//4592 3287//4592
f 3292//4593 3287//4593 3286//4593
f 3292//4594 3286//4594 3285//4594
f 3292//4595 3285//4595 3284//4595
f 3292//4596 3284//4596 3283//4596
f 3273//4597 3274//4597 3275//4597
f 3273//4598 3275//4598 3276//4598
f 3273//4599 3276//4599 3277//4599
f 3273//4600 3277//4600 3278//4600
f 3273//4601 3278//4601 3279//4601
f 3273//4602 3279//4602 3280//4602
f 3273//4603 3280//4603 3281//4603
f 3273//4604 3281//4604 3282//4604
usemtl Mat_HeroRed
f 3303//4605 3304//4605 3294//4605
f 3303//4606 3294//4606 3293//4606
f 3304//4607 3305//4607 3295//4607
f 3304//4608 3295//4608 3294//4608
f 3305//4609 3306//4609 3296//4609
f 3305//4610 3296//4610 3295//4610
f 3306//4611 3307//4611 3297//4611
f 3306//4612 3297//4612 3296//4612
f 3307//4613 3308//4613 3298//4613
f 3307//4614 3298//4614 3297//4614
f 3308//4615 3309//4615 3299//4615
f 3308//4616 3299//4616 3298//4616
f 3309//4617 3310//4617 3300//4617
f 3309//4618 3300//4618 3299//4618
f 3310//4619 3311//4619 3301//4619
f 3310//4620 3301//4620 3300//4620
f 3311//4621 3312//4621 3302//4621
f 3311//4622 3302//4622 3301//4622
f 3312//4623 3303//4623 3293//4623
f 3312//4624 3293//4624 3302//4624
usemtl Mat_HeroYellow
f 3323//4625 3324//4625 3314//4625
f 3323//4626 3314//4626 3313//4626
f 3324//4627 3325//4627 3315//4627
f 3324//4628 3315//4628 3314//4628
f 3325//4629 3326//4629 3316//4629
f 3325//4630 3316//4630 3315//4630
f 3326//4631 3327//4631 3317//4631
f 3326//4632 3317//4632 3316//4632
f 3327//4633 3328//4633 3318//4633
f 3327//4634 3318//4634 3317//4634
f 3328//4635 3329//4635 3319//4635
f 3328//4636 3319//4636 3318//4636
f 3329//4637 3330//4637 3320//4637
f 3329//4638 3320//4638 3319//4638
f 3330//4639 3331//4639 3321//4639
f 3330//4640 3321//4640 3320//4640
f 3331//4641 3332//4641 3322//4641
f 3331//4642 3322//4642 3321//4642
f 3332//4643 3323//4643 3313//4643
f 3332//4644 3313//4644 3322//4644
usemtl Mat_Chrome
f 3343//4645 3344//4645 3334//4645
f 3343//4646 3334//4646 3333//4646
f 3344//4647 3345//4647 3335//4647
f 3344//4648 3335//4648 3334//4648
f 3345//4649 3346//4649 3336//4649
f 3345//4650 3336//4650 3335//4650
f 3346//4651 3347//4651 3337//4651
f 3346//4652 3337//4652 3336//4652
f 3347//4653 3348//4653 3338//4653
f 3347//4654 3338//4654 3337//4654
f 3348//4655 3349//4655 3339//4655
f 3348//4656 3339//4656 3338//4656
f 3349//4657 3350//4657 3340//4657
f 3349//4658 3340//4658 3339//4658
f 3350//4659 3351//4659 3341//4659
f 3350//4660 3341//4660 3340//4660
f 3351//4661 3352//4661 3342//4661
f 3351//4662 3342//4662 3341//4662
f 3352//4663 3343//4663 3333//4663
f 3352//4664 3333//4664 3342//4664
f 3352//4665 3351//4665 3350//4665
f 3352//4666 3350//4666 3349//4666
f 3352//4667 3349//4667 3348//4667
f 3352//4668 3348//4668 3347//4668
f 3352//4669 3347//4669 3346//4669
f 3352//4670 3346//4670 3345//4670
f 3352//4671 3345//4671 3344//4671
f 3352//4672 3344//4672 3343//4672
f 3333//4673 3334//4673 3335//4673
f 3333//4674 3335//4674 3336//4674
f 3333//4675 3336//4675 3337//4675
f 3333//4676 3337//4676 3338//4676
f 3333//4677 3338//4677 3339//4677
f 3333//4678 3339//4678 3340//4678
f 3333//4679 3340//4679 3341//4679
f 3333//4680 3341//4680 3342//4680
usemtl Mat_HeroRed
f 3363//4681 3364//4681 3354//4681
f 3363//4682 3354//4682 3353//4682
f 3364//4683 3365//4683 3355//4683
f 3364//4684 3355//4684 3354//4684
f 3365//4685 3366//4685 3356//4685
f 3365//4686 3356//4686 3355//4686
f 3366//4687 3367//4687 3357//4687
f 3366//4688 3357//4688 3356//4688
f 3367//4689 3368//4689 3358//4689
f 3367//4690 3358//4690 3357//4690
f 3368//4691 3369//4691 3359//4691
f 3368//4692 3359//4692 3358//4692
f 3369//4693 3370//4693 3360//4693
f 3369//4694 3360//4694 3359//4694
f 3370//4695 3371//4695 3361//4695
f 3370//4696 3361//4696 3360//4696
f 3371//4697 3372//4697 3362//4697
f 3371//4698 3362//4698 3361//4698
f 3372//4699 3363//4699 3353//4699
f 3372//4700 3353//4700 3362//4700
usemtl Mat_HeroYellow
f 3383//4701 3384//4701 3374//4701
f 3383//4702 3374//4702 3373//4702
f 3384//4703 3385//4703 3375//4703
f 3384//4704 3375//4704 3374//4704
f 3385//4705 3386//4705 3376//4705
f 3385//4706 3376//4706 3375//4706
f 3386//4707 3387//4707 3377//4707
f 3386//4708 3377//4708 3376//4708
f 3387//4709 3388//4709 3378//4709
f 3387//4710 3378//4710 3377//4710
f 3388//4711 3389//4711 3379//4711
f 3388//4712 3379//4712 3378//4712
f 3389//4713 3390//4713 3380//4713
f 3389//4714 3380//4714 3379//4714
f 3390//4715 3391//4715 3381//4715
f 3390//4716 3381//4716 3380//4716
f 3391//4717 3392//4717 3382//4717
f 3391//4718 3382//4718 3381//4718
f 3392//4719 3383//4719 3373//4719
f 3392//4720 3373//4720 3382//4720
usemtl Mat_Chrome
f 3403//4721 3404//4721 3394//4721
f 3403//4722 3394//4722 3393//4722
f 3404//4723 3405//4723 3395//4723
f 3404//4724 3395//4724 3394//4724
f 3405//4725 3406//4725 3396//4725
f 3405//4726 3396//4726 3395//4726
f 3406//4727 3407//4727 3397//4727
f 3406//4728 3397//4728 3396//4728
f 3407//4729 3408//4729 3398//4729
f 3407//4730 3398//4730 3397//4730
f 3408//4731 3409//4731 3399//4731
f 3408//4732 3399//4732 3398//4732
f 3409//4733 3410//4733 3400//4733
f 3409//4734 3400//4734 3399//4734
f 3410//4735 3411//4735 3401//4735
f 3410//4736 3401//4736 3400//4736
f 3411//4737 3412//4737 3402//4737
f 3411//4738 3402//4738 3401//4738
f 3412//4739 3403//4739 3393//4739
f 3412//4740 3393//4740 3402//4740
f 3412//4741 3411//4741 3410//4741
f 3412//4742 3410//4742 3409//4742
f 3412//4743 3409//4743 3408//4743
f 3412//4744 3408//4744 3407//4744
f 3412//4745 3407//4745 3406//4745
f 3412//4746 3406//4746 3405//4746
f 3412//4747 3405//4747 3404//4747
f 3412//4748 3404//4748 3403//4748
f 3393//4749 3394//4749 3395//4749
f 3393//4750 3395//4750 3396//4750
f 3393//4751 3396//4751 3397//4751
f 3393//4752 3397//4752 3398//4752
f 3393//4753 3398//4753 3399//4753
f 3393//4754 3399//4754 3400//4754
f 3393//4755 3400//4755 3401//4755
f 3393//4756 3401//4756 3402//4756
usemtl Mat_HeroRed
f 3423//4757 3424//4757 3414//4757
f 3423//4758 3414//4758 3413//4758
f 3424//4759 3425//4759 3415//4759
f 3424//4760 3415//4760 3414//4760
f 3425//4761 3426//4761 3416//4761
f 3425//4762 3416//4762 3415//4762
f 3426//4763 3427//4763 3417//4763
f 3426//4764 3417//4764 3416//4764
f 3427//4765 3428//4765 3418//4765
f 3427//4766 3418//4766 3417//4766
f 3428//4767 3429//4767 3419//4767
f 3428//4768 3419//4768 3418//4768
f 3429//4769 3430//4769 3420//4769
f 3429//4770 3420//4770 3419//4770
f 3430//4771 3431//4771 3421//4771
f 3430//4772 3421//4772 3420//4772
f 3431//4773 3432//4773 3422//4773
f 3431//4774 3422//4774 3421//4774
f 3432//4775 3423//4775 3413//4775
f 3432//4776 3413//4776 3422//4776
usemtl Mat_HeroYellow
f 3443//4777 3444//4777 3434//4777
f 3443//4778 3434//4778 3433//4778
f 3444//4779 3445//4779 3435//4779
f 3444//4780 3435//4780 3434//4780
f 3445//4781 3446//4781 3436//4781
f 3445//4782 3436//4782 3435//4782
f 3446//4783 3447//4783 3437//4783
f 3446//4784 3437//4784 3436//4784
f 3447//4785 3448//4785 3438//4785
f 3447//4786 3438//4786 3437//4786
f 3448//4787 3449//4787 3439//4787
f 3448//4788 3439//4788 3438//4788
f 3449//4789 3450//4789 3440//4789
f 3449//4790 3440//4790 3439//4790
f 3450//4791 3451//4791 3441//4791
f 3450//4792 3441//4792 3440//4792
f 3451//4793 3452//4793 3442//4793
f 3451//4794 3442//4794 3441//4794
f 3452//4795 3443//4795 3433//4795
f 3452//4796 3433//4796 3442//4796
usemtl Mat_Chrome
f 3463//4797 3464//4797 3454//4797
f 3463//4798 3454//4798 3453//4798
f 3464//4799 3465//4799 3455//4799
f 3464//4800 3455//4800 3454//4800
f 3465//4801 3466//4801 3456//4801
f 3465//4802 3456//4802 3455//4802
f 3466//4803 3467//4803 3457//4803
f 3466//4804 3457//4804 3456//4804
f 3467//4805 3468//4805 3458//4805
f 3467//4806 3458//4806 3457//4806
f 3468//4807 3469//4807 3459//4807
f 3468//4808 3459//4808 3458//4808
f 3469//4809 3470//4809 3460//4809
f 3469//4810 3460//4810 3459//4810
f 3470//4811 3471//4811 3461//4811
f 3470//4812 3461//4812 3460//4812
f 3471//4813 3472//4813 3462//4813
f 3471//4814 3462//4814 3461//4814
f 3472//4815 3463//4815 3453//4815
f 3472//4816 3453//4816 3462//4816
f 3472//4817 3471//4817 3470//4817
f 3472//4818 3470//4818 3469//4818
f 3472//4819 3469//4819 3468//4819
f 3472//4820 3468//4820 3467//4820
f 3472//4821 3467//4821 3466//4821
f 3472//4822 3466//4822 3465//4822
f 3472//4823 3465//4823 3464//4823
f 3472//4824 3464//4824 3463//4824
f 3453//4825 3454//4825 3455//4825
f 3453//4826 3455//4826 3456//4826
f 3453//4827 3456//4827 3457//4827
f 3453//4828 3457//4828 3458//4828
f 3453//4829 3458//4829 3459//4829
f 3453//4830 3459//4830 3460//4830
f 3453//4831 3460//4831 3461//4831
f 3453//4832 3461//4832 3462//4832
usemtl Mat_HeroRed
f 3483//4833 3484//4833 3474//4833
f 3483//4834 3474//4834 3473//4834
f 3484//4835 3485//4835 3475//4835
f 3484//4836 3475//4836 3474//4836
f 3485//4837 3486//4837 3476//4837
f 3485//4838 3476//4838 3475//4838
f 3486//4839 3487//4839 3477//4839
f 3486//4840 3477//4840 3476//4840
f 3487//4841 3488//4841 3478//4841
f 3487//4842 3478//4842 3477//4842
f 3488//4843 3489//4843 3479//4843
f 3488//4844 3479//4844 3478//4844
f 3489//4845 3490//4845 3480//4845
f 3489//4846 3480//4846 3479//4846
f 3490//4847 3491//4847 3481//4847
f 3490//4848 3481//4848 3480//4848
f 3491//4849 3492//4849 3482//4849
f 3491//4850 3482//4850 3481//4850
f 3492//4851 3483//4851 3473//4851
f 3492//4852 3473//4852 3482//4852
usemtl Mat_HeroYellow
f 3503//4853 3504//4853 3494//4853
f 3503//4854 3494//4854 3493//4854
f 3504//4855 3505//4855 3495//4855
f 3504//4856 3495//4856 3494//4856
f 3505//4857 3506//4857 3496//4857
f 3505//4858 3496//4858 3495//4858
f 3506//4859 3507//4859 3497//4859
f 3506//4860 3497//4860 3496//4860
f 3507//4861 3508//4861 3498//4861
f 3507//4862 3498//4862 3497//4862
f 3508//4863 3509//4863 3499//4863
f 3508//4864 3499//4864 3498//4864
f 3509//4865 3510//4865 3500//4865
f 3509//4866 3500//4866 3499//4866
f 3510//4867 3511//4867 3501//4867
f 3510//4868 3501//4868 3500//4868
f 3511//4869 3512//4869 3502//4869
f 3511//4870 3502//4870 3501//4870
f 3512//4871 3503//4871 3493//4871
f 3512//4872 3493//4872 3502//4872
usemtl Mat_Chrome
f 3523//4873 3524//4873 3514//4873
f 3523//4874 3514//4874 3513//4874
f 3524//4875 3525//4875 3515//4875
f 3524//4876 3515//4876 3514//4876
f 3525//4877 3526//4877 3516//4877
f 3525//4878 3516//4878 3515//4878
f 3526//4879 3527//4879 3517//4879
f 3526//4880 3517//4880 3516//4880
f 3527//4881 3528//4881 3518//4881
f 3527//4882 3518//4882 3517//4882
f 3528//4883 3529//4883 3519//4883
f 3528//4884 3519//4884 3518//4884
f 3529//4885 3530//4885 3520//4885
f 3529//4886 3520//4886 3519//4886
f 3530//4887 3531//4887 3521//4887
f 3530//4888 3521//4888 3520//4888
f 3531//4889 3532//4889 3522//4889
f 3531//4890 3522//4890 3521//4890
f 3532//4891 3523//4891 3513//4891
f 3532//4892 3513//4892 3522//4892
f 3532//4893 3531//4893 3530//4893
f 3532//4894 3530//4894 3529//4894
f 3532//4895 3529//4895 3528//4895
f 3532//4896 3528//4896 3527//4896
f 3532//4897 3527//4897 3526//4897
f 3532//4898 3526//4898 3525//4898
f 3532//4899 3525//4899 3524//4899
f 3532//4900 3524//4900 3523//4900
f 3513//4901 3514//4901 3515//4901
f 3513//4902 3515//4902 3516//4902
f 3513//4903 3516//4903 3517//4903
f 3513//4904 3517//4904 3518//4904
f 3513//4905 3518//4905 3519//4905
f 3513//4906 3519//4906 3520//4906
f 3513//4907 3520//4907 3521//4907
f 3513//4908 3521//4908 3522//4908
usemtl Mat_HeroRed
f 3543//4909 3544//4909 3534//4909
f 3543//4910 3534//4910 3533//4910
f 3544//4911 3545//4911 3535//4911
f 3544//4912 3535//4912 3534//4912
f 3545//4913 3546//4913 3536//4913
f 3545//4914 3536//4914 3535//4914
f 3546//4915 3547//4915 3537//4915
f 3546//4916 3537//4916 3536//4916
f 3547//4917 3548//4917 3538//4917
f 3547//4918 3538//4918 3537//4918
f 3548//4919 3549//4919 3539//4919
f 3548//4920 3539//4920 3538//4920
f 3549//4921 3550//4921 3540//4921
f 3549//4922 3540//4922 3539//4922
f 3550//4923 3551//4923 3541//4923
f 3550//4924 3541//4924 3540//4924
f 3551//4925 3552//4925 3542//4925
f 3551//4926 3542//4926 3541//4926
f 3552//4927 3543//4927 3533//4927
f 3552//4928 3533//4928 3542//4928
usemtl Mat_HeroYellow
f 3563//4929 3564//4929 3554//4929
f 3563//4930 3554//4930 3553//4930
f 3564//4931 3565//4931 3555//4931
f 3564//4932 3555//4932 3554//4932
f 3565//4933 3566//4933 3556//4933
f 3565//4934 3556//4934 3555//4934
f 3566//4935 3567//4935 3557//4935
f 3566//4936 3557//4936 3556//4936
f 3567//4937 3568//4937 3558//4937
f 3567//4938 3558//4938 3557//4938
f 3568//4939 3569//4939 3559//4939
f 3568//4940 3559//4940 3558//4940
f 3569//4941 3570//4941 3560//4941
f 3569//4942 3560//4942 3559//4942
f 3570//4943 3571//4943 3561//4943
f 3570//4944 3561//4944 3560//4944
f 3571//4945 3572//4945 3562//4945
f 3571//4946 3562//4946 3561//4946
f 3572//4947 3563//4947 3553//4947
f 3572//4948 3553//4948 3562//4948
usemtl Mat_DarkMetal
f 3580//4949 3579//4949 3578//4949
f 3580//4950 3578//4950 3577//4950
f 3577//4951 3578//4951 3574//4951
f 3577//4952 3574//4952 3573//4952
f 3578//4953 3579//4953 3575//4953
f 3578//4954 3575//4954 3574//4954
f 3579//4955 3580//4955 3576//4955
f 3579//4956 3576//4956 3575//4956
f 3580//4957 3577//4957 3573//4957
f 3580//4958 3573//4958 3576//4958
f 3574//4959 3575//4959 3576//4959
f 3574//4960 3576//4960 3573//4960
f 3588//4961 3587//4961 3586//4961
f 3588//4962 3586//4962 3585//4962
f 3585//4963 3586//4963 3582//4963
f 3585//4964 3582//4964 3581//4964
f 3586//4965 3587//4965 3583//4965
f 3586//4966 3583//4966 3582//4966
f 3587//4967 3588//4967 3584//4967
f 3587//4968 3584//4968 3583//4968
f 3588//4969 3585//4969 3581//4969
f 3588//4970 3581//4970 3584//4970
f 3582//4971 3583//4971 3584//4971
f 3582//4972 3584//4972 3581//4972
f 3596//4973 3595//4973 3594//4973
f 3596//4974 3594//4974 3593//4974
f 3593//4975 3594//4975 3590//4975
f 3593//4976 3590//4976 3589//4976
f 3594//4977 3595//4977 3591//4977
f 3594//4978 3591//4978 3590//4978
f 3595//4979 3596//4979 3592//4979
f 3595//4980 3592//4980 3591//4980
f 3596//4981 3593//4981 3589//4981
f 3596//4982 3589//4982 3592//4982
f 3590//4983 3591//4983 3592//4983
f 3590//4984 3592//4984 3589//4984
usemtl Mat_Void
f 3605//4985 3606//4985 3598//4985
f 3605//4986 3598//4986 3597//4986
f 3606//4987 3607//4987 3599//4987
f 3606//4988 3599//4988 3598//4988
f 3607//4989 3608//4989 3600//4989
f 3607//4990 3600//4990 3599//4990
f 3608//4991 3609//4991 3601//4991
f 3608//4992 3601//4992 3600//4992
f 3609//4993 3610//4993 3602//4993
f 3609//4994 3602//4994 3601//4994
f 3610//4995 3611//4995 3603//4995
f 3610//4996 3603//4996 3602//4996
f 3611//4997 3612//4997 3604//4997
f 3611//4998 3604//4998 3603//4998
f 3612//4999 3605//4999 3597//4999
f 3612//5000 3597//5000 3604//5000
f 3612//5001 3611//5001 3610//5001
f 3612//5002 3610//5002 3609//5002
f 3612//5003 3609//5003 3608//5003
f 3612//5004 3608//5004 3607//5004
f 3612//5005 3607//5005 3606//5005
f 3612//5006 3606//5006 3605//5006
f 3597//5007 3598//5007 3599//5007
f 3597//5008 3599//5008 3600//5008
f 3597//5009 3600//5009 3601//5009
f 3597//5010 3601//5010 3602//5010
f 3597//5011 3602//5011 3603//5011
f 3597//5012 3603//5012 3604//5012
usemtl Mat_Chrome
f 3623//5013 3624//5013 3614//5013
f 3623//5014 3614//5014 3613//5014
f 3624//5015 3625//5015 3615//5015
f 3624//5016 3615//5016 3614//5016
f 3625//5017 3626//5017 3616//5017
f 3625//5018 3616//5018 3615//5018
f 3626//5019 3627//5019 3617//5019
f 3626//5020 3617//5020 3616//5020
f 3627//5021 3628//5021 3618//5021
f 3627//5022 3618//5022 3617//5022
f 3628//5023 3629//5023 3619//5023
f 3628//5024 3619//5024 3618//5024
f 3629//5025 3630//5025 3620//5025
f 3629//5026 3620//5026 3619//5026
f 3630//5027 3631//5027 3621//5027
f 3630//5028 3621//5028 3620//5028
f 3631//5029 3632//5029 3622//5029
f 3631//5030 3622//5030 3621//5030
f 3632//5031 3623//5031 3613//5031
f 3632//5032 3613//5032 3622//5032
f 3632//5033 3631//5033 3630//5033
f 3632//5034 3630//5034 3629//5034
f 3632//5035 3629//5035 3628//5035
f 3632//5036 3628//5036 3627//5036
f 3632//5037 3627//5037 3626//5037
f 3632//5038 3626//5038 3625//5038
f 3632//5039 3625//5039 3624//5039
f 3632//5040 3624//5040 3623//5040
f 3613//5041 3614//5041 3615//5041
f 3613//5042 3615//5042 3616//5042
f 3613//5043 3616//5043 3617//5043
f 3613//5044 3617//5044 3618//5044
f 3613//5045 3618//5045 3619//5045
f 3613//5046 3619//5046 3620//5046
f 3613//5047 3620//5047 3621//5047
f 3613//5048 3621//5048 3622//5048
usemtl Mat_PaintedWood
f 3643//5049 3644//5049 3634//5049
f 3643//5050 3634//5050 3633//5050
f 3644//5051 3645//5051 3635//5051
f 3644//5052 3635//5052 3634//5052
f 3645//5053 3646//5053 3636//5053
f 3645//5054 3636//5054 3635//5054
f 3646//5055 3647//5055 3637//5055
f 3646//5056 3637//5056 3636//5056
f 3647//5057 3648//5057 3638//5057
f 3647//5058 3638//5058 3637//5058
f 3648//5059 3649//5059 3639//5059
f 3648//5060 3639//5060 3638//5060
f 3649//5061 3650//5061 3640//5061
f 3649//5062 3640//5062 3639//5062
f 3650//5063 3651//5063 3641//5063
f 3650//5064 3641//5064 3640//5064
f 3651//5065 3652//5065 3642//5065
f 3651//5066 3642//5066 3641//5066
f 3652//5067 3643//5067 3633//5067
f 3652//5068 3633//5068 3642//5068
usemtl Mat_HeroYellow
f 3663//5069 3664//5069 3654//5069
f 3663//5070 3654//5070 3653//5070
f 3664//5071 3665//5071 3655//5071
f 3664//5072 3655//5072 3654//5072
f 3665//5073 3666//5073 3656//5073
f 3665//5074 3656//5074 3655//5074
f 3666//5075 3667//5075 3657//5075
f 3666//5076 3657//5076 3656//5076
f 3667//5077 3668//5077 3658//5077
f 3667//5078 3658//5078 3657//5078
f 3668//5079 3669//5079 3659//5079
f 3668//5080 3659//5080 3658//5080
f 3669//5081 3670//5081 3660//5081
f 3669//5082 3660//5082 3659//5082
f 3670//5083 3671//5083 3661//5083
f 3670//5084 3661//5084 3660//5084
f 3671//5085 3672//5085 3662//5085
f 3671//5086 3662//5086 3661//5086
f 3672//5087 3663//5087 3653//5087
f 3672//5088 3653//5088 3662//5088
usemtl Mat_PaintedWood
f 3680//5089 3679//5089 3678//5089
f 3680//5090 3678//5090 3677//5090
f 3677//5091 3678//5091 3674//5091
f 3677//5092 3674//5092 3673//5092
f 3678//5093 3679//5093 3675//5093
f 3678//5094 3675//5094 3674//5094
f 3679//5095 3680//5095 3676//5095
f 3679//5096 3676//5096 3675//5096
f 3680//5097 3677//5097 3673//5097
f 3680//5098 3673//5098 3676//5098
f 3674//5099 3675//5099 3676//5099
f 3674//5100 3676//5100 3673//5100
usemtl Mat_Bone
f 3688//5101 3687//5101 3686//5101
f 3688//5102 3686//5102 3685//5102
f 3685//5103 3686//5103 3682//5103
f 3685//5104 3682//5104 3681//5104
f 3686//5105 3687//5105 3683//5105
f 3686//5106 3683//5106 3682//5106
f 3687//5107 3688//5107 3684//5107
f 3687//5108 3684//5108 3683//5108
f 3688//5109 3685//5109 3681//5109
f 3688//5110 3681//5110 3684//5110
f 3682//5111 3683//5111 3684//5111
f 3682//5112 3684//5112 3681//5112
usemtl Mat_Brass
f 3690//5113 3691//5113 3689//5113
f 3691//5114 3692//5114 3689//5114
f 3692//5115 3693//5115 3689//5115
f 3693//5116 3694//5116 3689//5116
f 3694//5117 3695//5117 3689//5117
f 3695//5118 3690//5118 3689//5118
f 3696//5119 3691//5119 3690//5119
f 3696//5120 3692//5120 3691//5120
f 3696//5121 3693//5121 3692//5121
f 3696//5122 3694//5122 3693//5122
f 3696//5123 3695//5123 3694//5123
f 3696//5124 3690//5124 3695//5124
usemtl Mat_FadedWood
f 3704//5125 3703//5125 3702//5125
f 3704//5126 3702//5126 3701//5126
f 3701//5127 3702//5127 3698//5127
f 3701//5128 3698//5128 3697//5128
f 3702//5129 3703//5129 3699//5129
f 3702//5130 3699//5130 3698//5130
f 3703//5131 3704//5131 3700//5131
f 3703//5132 3700//5132 3699//5132
f 3704//5133 3701//5133 3697//5133
f 3704//5134 3697//5134 3700//5134
f 3698//5135 3699//5135 3700//5135
f 3698//5136 3700//5136 3697//5136
usemtl Mat_Metal
f 146//5137 170//5137 169//5137
f 145//5138 146//5138 169//5138
f 147//5139 171//5139 170//5139
f 146//5140 147//5140 170//5140
f 148//5141 172//5141 171//5141
f 147//5142 148//5142 171//5142
f 149//5143 173//5143 172//5143
f 148//5144 149//5144 172//5144
f 150//5145 174//5145 173//5145
f 149//5146 150//5146 173//5146
f 151//5147 175//5147 174//5147
f 150//5148 151//5148 174//5148
f 152//5149 176//5149 175//5149
f 151//5150 152//5150 175//5150
f 153//5151 177//5151 176//5151
f 152//5152 153//5152 176//5152
f 154//5153 178//5153 177//5153
f 153//5154 154//5154 177//5154
f 155//5155 179//5155 178//5155
f 154//5156 155//5156 178//5156
f 156//5157 180//5157 179//5157
f 155//5158 156//5158 179//5158
f 157//5159 181//5159 180//5159
f 156//5160 157//5160 180//5160
f 158//5161 182//5161 181//5161
f 157//5162 158//5162 181//5162
f 159//5163 183//5163 182//5163
f 158//5164 159//5164 182//5164
f 160//5165 184//5165 183//5165
f 159//5166 160//5166 183//5166
f 161//5167 185//5167 184//5167
f 160//5168 161//5168 184//5168
f 162//5169 186//5169 185//5169
f 161//5170 162//5170 185//5170
f 163//5171 187//5171 186//5171
f 162//5172 163//5172 186//5172
f 164//5173 188//5173 187//5173
f 163//5174 164//5174 187//5174
f 165//5175 189//5175 188//5175
f 164//5176 165//5176 188//5176
f 166//5177 190//5177 189//5177
f 165//5178 166//5178 189//5178
f 167//5179 191//5179 190//5179
f 166//5180 167//5180 190//5180
f 168//5181 192//5181 191//5181
f 167//5182 168//5182 191//5182
f 145//5183 169//5183 192//5183
f 168//5184 145//5184 192//5184
o Bldg_GeneralStore_Door
v -0.65000 0.35000 3.93000
v 0.65000 0.35000 3.93000
v 0.65000 0.35000 4.03000
v -0.65000 0.35000 4.03000
v -0.65000 2.80000 3.93000
v 0.65000 2.80000 3.93000
v 0.65000 2.80000 4.03000
v -0.65000 2.80000 4.03000
v -0.47000 1.60000 4.02500
v 0.47000 1.60000 4.02500
v 0.47000 1.60000 4.05500
v -0.47000 1.60000 4.05500
v -0.47000 2.60000 4.02500
v 0.47000 2.60000 4.02500
v 0.47000 2.60000 4.05500
v -0.47000 2.60000 4.05500
v -0.47000 0.65000 4.02500
v 0.47000 0.65000 4.02500
v 0.47000 0.65000 4.05500
v -0.47000 0.65000 4.05500
v -0.47000 1.20000 4.02500
v 0.47000 1.20000 4.02500
v 0.47000 1.20000 4.05500
v -0.47000 1.20000 4.05500
v 0.49000 1.40000 4.06000
v 0.54000 1.45000 4.06000
v 0.51500 1.45000 4.10330
v 0.46500 1.45000 4.10330
v 0.44000 1.45000 4.06000
v 0.46500 1.45000 4.01670
v 0.51500 1.45000 4.01670
v 0.49000 1.50000 4.06000
vn -0.0000 1.0000 0.0000
vn 0.0000 1.0000 0.0000
vn 0.0000 0.0000 -1.0000
vn 0.0000 0.0000 -1.0000
vn 1.0000 0.0000 -0.0000
vn 1.0000 0.0000 0.0000
vn 0.0000 0.0000 1.0000
vn 0.0000 0.0000 1.0000
vn -1.0000 0.0000 -0.0000
vn -1.0000 -0.0000 0.0000
vn 0.0000 -1.0000 0.0000
vn 0.0000 -1.0000 0.0000
vn -0.0000 1.0000 0.0000
vn 0.0000 1.0000 0.0000
vn 0.0000 0.0000 -1.0000
vn 0.0000 0.0000 -1.0000
vn 1.0000 0.0000 -0.0000
vn 1.0000 0.0000 0.0000
vn 0.0000 0.0000 1.0000
vn 0.0000 0.0000 1.0000
vn -1.0000 0.0000 -0.0000
vn -1.0000 -0.0000 0.0000
vn 0.0000 -1.0000 0.0000
vn 0.0000 -1.0000 0.0000
vn -0.0000 1.0000 0.0000
vn 0.0000 1.0000 0.0000
vn 0.0000 0.0000 -1.0000
vn 0.0000 0.0000 -1.0000
vn 1.0000 0.0000 -0.0000
vn 1.0000 0.0000 0.0000
vn 0.0000 0.0000 1.0000
vn 0.0000 0.0000 1.0000
vn -1.0000 0.0000 -0.0000
vn -1.0000 -0.0000 0.0000
vn 0.0000 -1.0000 0.0000
vn 0.0000 -1.0000 0.0000
vn 0.6547 -0.6547 0.3780
vn 0.0000 -0.6547 0.7559
vn -0.6547 -0.6547 0.3780
vn -0.6547 -0.6547 -0.3780
vn 0.0000 -0.6547 -0.7559
vn 0.6547 -0.6547 -0.3780
vn 0.6547 0.6547 0.3780
vn 0.0000 0.6547 0.7559
vn -0.6547 0.6547 0.3780
vn -0.6547 0.6547 -0.3780
vn 0.0000 0.6547 -0.7559
vn 0.6547 0.6547 -0.3780
usemtl Mat_PaintedWood
f 3712//5185 3711//5185 3710//5185
f 3712//5186 3710//5186 3709//5186
f 3709//5187 3710//5187 3706//5187
f 3709//5188 3706//5188 3705//5188
f 3710//5189 3711//5189 3707//5189
f 3710//5190 3707//5190 3706//5190
f 3711//5191 3712//5191 3708//5191
f 3711//5192 3708//5192 3707//5192
f 3712//5193 3709//5193 3705//5193
f 3712//5194 3705//5194 3708//5194
f 3706//5195 3707//5195 3708//5195
f 3706//5196 3708//5196 3705//5196
usemtl Mat_NeonAmber
f 3720//5197 3719//5197 3718//5197
f 3720//5198 3718//5198 3717//5198
f 3717//5199 3718//5199 3714//5199
f 3717//5200 3714//5200 3713//5200
f 3718//5201 3719//5201 3715//5201
f 3718//5202 3715//5202 3714//5202
f 3719//5203 3720//5203 3716//5203
f 3719//5204 3716//5204 3715//5204
f 3720//5205 3717//5205 3713//5205
f 3720//5206 3713//5206 3716//5206
f 3714//5207 3715//5207 3716//5207
f 3714//5208 3716//5208 3713//5208
usemtl Mat_PaintedWoodDark
f 3728//5209 3727//5209 3726//5209
f 3728//5210 3726//5210 3725//5210
f 3725//5211 3726//5211 3722//5211
f 3725//5212 3722//5212 3721//5212
f 3726//5213 3727//5213 3723//5213
f 3726//5214 3723//5214 3722//5214
f 3727//5215 3728//5215 3724//5215
f 3727//5216 3724//5216 3723//5216
f 3728//5217 3725//5217 3721//5217
f 3728//5218 3721//5218 3724//5218
f 3722//5219 3723//5219 3724//5219
f 3722//5220 3724//5220 3721//5220
usemtl Mat_Brass
f 3730//5221 3731//5221 3729//5221
f 3731//5222 3732//5222 3729//5222
f 3732//5223 3733//5223 3729//5223
f 3733//5224 3734//5224 3729//5224
f 3734//5225 3735//5225 3729//5225
f 3735//5226 3730//5226 3729//5226
f 3736//5227 3731//5227 3730//5227
f 3736//5228 3732//5228 3731//5228
f 3736//5229 3733//5229 3732//5229
f 3736//5230 3734//5230 3733//5230
f 3736//5231 3735//5231 3734//5231
f 3736//5232 3730//5232 3735//5232
o Bldg_GeneralStore_Lid
v 4.05000 10.71075 -5.17723
v 3.91200 11.74304 -5.35925
v 3.50740 12.70499 -5.52887
v 2.86378 13.53103 -5.67452
v 2.02500 14.16487 -5.78628
v 1.04822 14.56332 -5.85654
v 0.00000 14.69922 -5.88050
v -1.04822 14.56332 -5.85654
v -2.02500 14.16487 -5.78628
v -2.86378 13.53103 -5.67452
v -3.50740 12.70499 -5.52887
v -3.91200 11.74304 -5.35925
v -4.05000 10.71075 -5.17723
v -3.91200 9.67846 -4.99521
v -3.50740 8.71651 -4.82559
v -2.86378 7.89048 -4.67994
v -2.02500 7.25663 -4.56817
v -1.04822 6.85818 -4.49792
v -0.00000 6.72228 -4.47395
v 1.04822 6.85818 -4.49792
v 2.02500 7.25663 -4.56817
v 2.86378 7.89048 -4.67994
v 3.50740 8.71651 -4.82559
v 3.91200 9.67846 -4.99521
v 4.05000 10.69339 -5.27571
v 3.91200 11.72568 -5.45773
v 3.50740 12.68762 -5.62735
v 2.86378 13.51366 -5.77300
v 2.02500 14.14750 -5.88476
v 1.04822 14.54595 -5.95502
v 0.00000 14.68186 -5.97898
v -1.04822 14.54595 -5.95502
v -2.02500 14.14750 -5.88476
v -2.86378 13.51366 -5.77300
v -3.50740 12.68762 -5.62735
v -3.91200 11.72568 -5.45773
v -4.05000 10.69339 -5.27571
v -3.91200 9.66109 -5.09369
v -3.50740 8.69915 -4.92407
v -2.86378 7.87311 -4.77842
v -2.02500 7.23927 -4.66665
v -1.04822 6.84082 -4.59640
v -0.00000 6.70491 -4.57243
v 1.04822 6.84082 -4.59640
v 2.02500 7.23927 -4.66665
v 2.86378 7.87311 -4.77842
v 3.50740 8.69915 -4.92407
v 3.91200 9.66109 -5.09369
v 3.63536 10.68725 -5.31053
v 3.56464 10.68725 -5.31053
v 3.56464 10.69952 -5.24089
v 3.63536 10.69952 -5.24089
v 3.51148 11.61385 -5.47391
v 3.44318 11.59583 -5.47073
v 3.44318 11.60811 -5.40110
v 3.51148 11.62613 -5.40428
v 3.14831 12.47731 -5.62616
v 3.08707 12.44249 -5.62002
v 3.08707 12.45477 -5.55039
v 3.14831 12.48959 -5.55653
v 2.57058 13.21878 -5.75690
v 2.52058 13.16954 -5.74822
v 2.52058 13.18182 -5.67859
v 2.57058 13.23106 -5.68727
v 1.81768 13.78773 -5.85723
v 1.78232 13.72742 -5.84659
v 1.78232 13.73970 -5.77696
v 1.81768 13.80000 -5.78759
v 0.94090 14.14538 -5.92029
v 0.92260 14.07812 -5.90843
v 0.92260 14.09040 -5.83879
v 0.94090 14.15766 -5.85065
v 0.00000 14.26737 -5.94180
v 0.00000 14.19774 -5.92952
v 0.00000 14.21001 -5.85988
v 0.00000 14.27965 -5.87216
v -0.94090 14.14538 -5.92029
v -0.92260 14.07812 -5.90843
v -0.92260 14.09040 -5.83879
v -0.94090 14.15766 -5.85065
v -1.81768 13.78773 -5.85723
v -1.78232 13.72742 -5.84659
v -1.78232 13.73970 -5.77696
v -1.81768 13.80000 -5.78759
v -2.57058 13.21878 -5.75690
v -2.52058 13.16954 -5.74822
v -2.52058 13.18182 -5.67859
v -2.57058 13.23106 -5.68727
v -3.14831 12.47731 -5.62616
v -3.08707 12.44249 -5.62002
v -3.08707 12.45477 -5.55039
v -3.14831 12.48959 -5.55653
v -3.51148 11.61385 -5.47391
v -3.44318 11.59583 -5.47073
v -3.44318 11.60811 -5.40110
v -3.51148 11.62613 -5.40428
v -3.63536 10.68725 -5.31053
v -3.56464 10.68725 -5.31053
v -3.56464 10.69952 -5.24089
v -3.63536 10.69952 -5.24089
v -3.51148 9.76064 -5.14714
v -3.44318 9.77866 -5.15032
v -3.44318 9.79094 -5.08068
v -3.51148 9.77292 -5.07751
v -3.14831 8.89718 -4.99489
v -3.08707 8.93200 -5.00103
v -3.08707 8.94428 -4.93139
v -3.14831 8.90946 -4.92525
v -2.57058 8.15571 -4.86415
v -2.52058 8.20495 -4.87283
v -2.52058 8.21723 -4.80320
v -2.57058 8.16799 -4.79451
v -1.81768 7.58677 -4.76383
v -1.78232 7.64707 -4.77446
v -1.78232 7.65935 -4.70483
v -1.81768 7.59904 -4.69419
v -0.94090 7.22911 -4.70076
v -0.92260 7.29637 -4.71262
v -0.92260 7.30865 -4.64299
v -0.94090 7.24139 -4.63113
v -0.00000 7.10712 -4.67925
v -0.00000 7.17676 -4.69153
v -0.00000 7.18904 -4.62190
v -0.00000 7.11940 -4.60962
v 0.94090 7.22911 -4.70076
v 0.92260 7.29637 -4.71262
v 0.92260 7.30865 -4.64299
v 0.94090 7.24139 -4.63113
v 1.81768 7.58677 -4.76383
v 1.78232 7.64707 -4.77446
v 1.78232 7.65935 -4.70483
v 1.81768 7.59904 -4.69419
v 2.57058 8.15571 -4.86415
v 2.52058 8.20495 -4.87283
v 2.52058 8.21723 -4.80320
v 2.57058 8.16799 -4.79451
v 3.14831 8.89718 -4.99489
v 3.08707 8.93200 -5.00103
v 3.08707 8.94428 -4.93139
v 3.14831 8.90946 -4.92525
v 3.51148 9.76064 -5.14714
v 3.44318 9.77866 -5.15032
v 3.44318 9.79094 -5.08068
v 3.51148 9.77292 -5.07751
v 2.83536 10.68725 -5.31053
v 2.76464 10.68725 -5.31053
v 2.76464 10.69952 -5.24089
v 2.83536 10.69952 -5.24089
v 2.73874 11.40994 -5.43796
v 2.67044 11.39192 -5.43478
v 2.67044 11.40420 -5.36514
v 2.73874 11.42222 -5.36832
v 2.45549 12.08339 -5.55670
v 2.39425 12.04857 -5.55056
v 2.39425 12.06085 -5.48093
v 2.45549 12.09566 -5.48707
v 2.00490 12.66169 -5.65867
v 1.95490 12.61245 -5.64999
v 1.95490 12.62472 -5.58036
v 2.00490 12.67396 -5.58904
v 1.41768 13.10543 -5.73692
v 1.38232 13.04512 -5.72628
v 1.38232 13.05740 -5.65665
v 1.41768 13.11771 -5.66728
v 0.73384 13.38438 -5.78610
v 0.71554 13.31712 -5.77424
v 0.71554 13.32940 -5.70461
v 0.73384 13.39666 -5.71647
v 0.00000 13.47953 -5.80288
v 0.00000 13.40989 -5.79060
v 0.00000 13.42217 -5.72097
v 0.00000 13.49180 -5.73324
v -0.73384 13.38438 -5.78610
v -0.71554 13.31712 -5.77424
v -0.71554 13.32940 -5.70461
v -0.73384 13.39666 -5.71647
v -1.41768 13.10543 -5.73692
v -1.38232 13.04512 -5.72628
v -1.38232 13.05740 -5.65665
v -1.41768 13.11771 -5.66728
v -2.00490 12.66169 -5.65867
v -1.95490 12.61245 -5.64999
v -1.95490 12.62472 -5.58036
v -2.00490 12.67396 -5.58904
v -2.45549 12.08339 -5.55670
v -2.39425 12.04857 -5.55056
v -2.39425 12.06085 -5.48093
v -2.45549 12.09566 -5.48707
v -2.73874 11.40994 -5.43796
v -2.67044 11.39192 -5.43478
v -2.67044 11.40420 -5.36514
v -2.73874 11.42222 -5.36832
v -2.83536 10.68725 -5.31053
v -2.76464 10.68725 -5.31053
v -2.76464 10.69952 -5.24089
v -2.83536 10.69952 -5.24089
v -2.73874 9.96455 -5.18310
v -2.67044 9.98257 -5.18627
v -2.67044 9.99485 -5.11664
v -2.73874 9.97683 -5.11346
v -2.45549 9.29111 -5.06435
v -2.39425 9.32592 -5.07049
v -2.39425 9.33820 -5.00085
v -2.45549 9.30338 -4.99471
v -2.00490 8.71281 -4.96238
v -1.95490 8.76205 -4.97106
v -1.95490 8.77433 -4.90143
v -2.00490 8.72508 -4.89274
v -1.41768 8.26906 -4.88414
v -1.38232 8.32937 -4.89477
v -1.38232 8.34165 -4.82513
v -1.41768 8.28134 -4.81450
v -0.73384 7.99011 -4.83495
v -0.71554 8.05737 -4.84681
v -0.71554 8.06965 -4.77717
v -0.73384 8.00239 -4.76531
v -0.00000 7.89497 -4.81817
v -0.00000 7.96460 -4.83045
v -0.00000 7.97688 -4.76081
v -0.00000 7.90724 -4.74854
v 0.73384 7.99011 -4.83495
v 0.71554 8.05737 -4.84681
v 0.71554 8.06965 -4.77717
v 0.73384 8.00239 -4.76531
v 1.41768 8.26906 -4.88414
v 1.38232 8.32937 -4.89477
v 1.38232 8.34165 -4.82513
v 1.41768 8.28134 -4.81450
v 2.00490 8.71281 -4.96238
v 1.95490 8.76205 -4.97106
v 1.95490 8.77433 -4.90143
v 2.00490 8.72508 -4.89274
v 2.45549 9.29111 -5.06435
v 2.39425 9.32592 -5.07049
v 2.39425 9.33820 -5.00085
v 2.45549 9.30338 -4.99471
v 2.73874 9.96455 -5.18310
v 2.67044 9.98257 -5.18627
v 2.67044 9.99485 -5.11664
v 2.73874 9.97683 -5.11346
v 2.03536 10.68725 -5.31053
v 1.96464 10.68725 -5.31053
v 1.96464 10.69952 -5.24089
v 2.03536 10.69952 -5.24089
v 1.96600 11.20603 -5.40200
v 1.89770 11.18801 -5.39882
v 1.89770 11.20029 -5.32919
v 1.96600 11.21831 -5.33237
v 1.76267 11.68946 -5.48724
v 1.70143 11.65464 -5.48111
v 1.70143 11.66692 -5.41147
v 1.76267 11.70174 -5.41761
v 1.43921 12.10459 -5.56044
v 1.38921 12.05535 -5.55176
v 1.38921 12.06763 -5.48212
v 1.43921 12.11687 -5.49081
v 1.01768 12.42314 -5.61661
v 0.98232 12.36283 -5.60598
v 0.98232 12.37511 -5.53634
v 1.01768 12.43542 -5.54697
v 0.52679 12.62338 -5.65192
v 0.50849 12.55612 -5.64006
v 0.50849 12.56840 -5.57042
v 0.52679 12.63566 -5.58228
v 0.00000 12.69168 -5.66396
v 0.00000 12.62204 -5.65168
v 0.00000 12.63432 -5.58205
v 0.00000 12.70396 -5.59433
v -0.52679 12.62338 -5.65192
v -0.50849 12.55612 -5.64006
v -0.50849 12.56840 -5.57042
v -0.52679 12.63566 -5.58228
v -1.01768 12.42314 -5.61661
v -0.98232 12.36283 -5.60598
v -0.98232 12.37511 -5.53634
v -1.01768 12.43542 -5.54697
v -1.43921 12.10459 -5.56044
v -1.38921 12.05535 -5.55176
v -1.38921 12.06763 -5.48212
v -1.43921 12.11687 -5.49081
v -1.76267 11.68946 -5.48724
v -1.70143 11.65464 -5.48111
v -1.70143 11.66692 -5.41147
v -1.76267 11.70174 -5.41761
v -1.96600 11.20603 -5.40200
v -1.89770 11.18801 -5.39882
v -1.89770 11.20029 -5.32919
v -1.96600 11.21831 -5.33237
v -2.03536 10.68725 -5.31053
v -1.96464 10.68725 -5.31053
v -1.96464 10.69952 -5.24089
v -2.03536 10.69952 -5.24089
v -1.96600 10.16846 -5.21905
v -1.89770 10.18648 -5.22223
v -1.89770 10.19876 -5.15259
v -1.96600 10.18074 -5.14941
v -1.76267 9.68503 -5.13381
v -1.70143 9.71985 -5.13995
v -1.70143 9.73213 -5.07031
v -1.76267 9.69731 -5.06417
v -1.43921 9.26990 -5.06061
v -1.38921 9.31914 -5.06929
v -1.38921 9.33142 -4.99966
v -1.43921 9.28218 -4.99097
v -1.01768 8.95136 -5.00444
v -0.98232 9.01166 -5.01508
v -0.98232 9.02394 -4.94544
v -1.01768 8.96363 -4.93481
v -0.52679 8.75111 -4.96913
v -0.50849 8.81838 -4.98099
v -0.50849 8.83065 -4.91136
v -0.52679 8.76339 -4.89950
v -0.00000 8.68281 -4.95709
v -0.00000 8.75245 -4.96937
v -0.00000 8.76473 -4.89973
v -0.00000 8.69509 -4.88745
v 0.52679 8.75111 -4.96913
v 0.50849 8.81838 -4.98099
v 0.50849 8.83065 -4.91136
v 0.52679 8.76339 -4.89950
v 1.01768 8.95136 -5.00444
v 0.98232 9.01166 -5.01508
v 0.98232 9.02394 -4.94544
v 1.01768 8.96363 -4.93481
v 1.43921 9.26990 -5.06061
v 1.38921 9.31914 -5.06929
v 1.38921 9.33142 -4.99966
v 1.43921 9.28218 -4.99097
v 1.76267 9.68503 -5.13381
v 1.70143 9.71985 -5.13995
v 1.70143 9.73213 -5.07031
v 1.76267 9.69731 -5.06417
v 1.96600 10.16846 -5.21905
v 1.89770 10.18648 -5.22223
v 1.89770 10.19876 -5.15259
v 1.96600 10.18074 -5.14941
v 3.63536 10.70461 -5.21205
v 3.56464 10.70461 -5.21205
v 3.56464 10.71689 -5.14241
v 3.63536 10.71689 -5.14241
v 3.51148 11.63122 -5.37543
v 3.44318 11.61319 -5.37225
v 3.44318 11.62547 -5.30262
v 3.51148 11.64349 -5.30580
v 3.14831 12.49467 -5.52768
v 3.08707 12.45986 -5.52154
v 3.08707 12.47213 -5.45191
v 3.14831 12.50695 -5.45805
v 2.57058 13.23614 -5.65842
v 2.52058 13.18690 -5.64974
v 2.52058 13.19918 -5.58010
v 2.57058 13.24842 -5.58879
v 1.81768 13.80509 -5.75874
v 1.78232 13.74478 -5.74811
v 1.78232 13.75706 -5.67847
v 1.81768 13.81737 -5.68911
v 0.94090 14.16275 -5.82181
v 0.92260 14.09548 -5.80995
v 0.92260 14.10776 -5.74031
v 0.94090 14.17503 -5.75217
v 0.00000 14.28474 -5.84332
v 0.00000 14.21510 -5.83104
v 0.00000 14.22738 -5.76140
v 0.00000 14.29702 -5.77368
v -0.94090 14.16275 -5.82181
v -0.92260 14.09548 -5.80995
v -0.92260 14.10776 -5.74031
v -0.94090 14.17503 -5.75217
v -1.81768 13.80509 -5.75874
v -1.78232 13.74478 -5.74811
v -1.78232 13.75706 -5.67847
v -1.81768 13.81737 -5.68911
v -2.57058 13.23614 -5.65842
v -2.52058 13.18690 -5.64974
v -2.52058 13.19918 -5.58010
v -2.57058 13.24842 -5.58879
v -3.14831 12.49467 -5.52768
v -3.08707 12.45986 -5.52154
v -3.08707 12.47213 -5.45191
v -3.14831 12.50695 -5.45805
v -3.51148 11.63122 -5.37543
v -3.44318 11.61319 -5.37225
v -3.44318 11.62547 -5.30262
v -3.51148 11.64349 -5.30580
v -3.63536 10.70461 -5.21205
v -3.56464 10.70461 -5.21205
v -3.56464 10.71689 -5.14241
v -3.63536 10.71689 -5.14241
v -3.51148 9.77801 -5.04866
v -3.44318 9.79603 -5.05184
v -3.44318 9.80831 -4.98220
v -3.51148 9.79028 -4.97902
v -3.14831 8.91455 -4.89641
v -3.08707 8.94937 -4.90255
v -3.08707 8.96164 -4.83291
v -3.14831 8.92683 -4.82677
v -2.57058 8.17308 -4.76567
v -2.52058 8.22232 -4.77435
v -2.52058 8.23460 -4.70471
v -2.57058 8.18536 -4.69603
v -1.81768 7.60413 -4.66535
v -1.78232 7.66444 -4.67598
v -1.78232 7.67672 -4.60635
v -1.81768 7.61641 -4.59571
v -0.94090 7.24647 -4.60228
v -0.92260 7.31374 -4.61414
v -0.92260 7.32602 -4.54451
v -0.94090 7.25875 -4.53265
v -0.00000 7.12448 -4.58077
v -0.00000 7.19412 -4.59305
v -0.00000 7.20640 -4.52342
v -0.00000 7.13676 -4.51114
v 0.94090 7.24647 -4.60228
v 0.92260 7.31374 -4.61414
v 0.92260 7.32602 -4.54451
v 0.94090 7.25875 -4.53265
v 1.81768 7.60413 -4.66535
v 1.78232 7.66444 -4.67598
v 1.78232 7.67672 -4.60635
v 1.81768 7.61641 -4.59571
v 2.57058 8.17308 -4.76567
v 2.52058 8.22232 -4.77435
v 2.52058 8.23460 -4.70471
v 2.57058 8.18536 -4.69603
v 3.14831 8.91455 -4.89641
v 3.08707 8.94937 -4.90255
v 3.08707 8.96164 -4.83291
v 3.14831 8.92683 -4.82677
v 3.51148 9.77801 -5.04866
v 3.44318 9.79603 -5.05184
v 3.44318 9.80831 -4.98220
v 3.51148 9.79028 -4.97902
v 2.83536 10.70461 -5.21205
v 2.76464 10.70461 -5.21205
v 2.76464 10.71689 -5.14241
v 2.83536 10.71689 -5.14241
v 2.73874 11.42731 -5.33948
v 2.67044 11.40928 -5.33630
v 2.67044 11.42156 -5.26666
v 2.73874 11.43958 -5.26984
v 2.45549 12.10075 -5.45822
v 2.39425 12.06593 -5.45208
v 2.39425 12.07821 -5.38245
v 2.45549 12.11303 -5.38859
v 2.00490 12.67905 -5.56019
v 1.95490 12.62981 -5.55151
v 1.95490 12.64209 -5.48187
v 2.00490 12.69133 -5.49056
v 1.41768 13.12280 -5.63844
v 1.38232 13.06249 -5.62780
v 1.38232 13.07477 -5.55817
v 1.41768 13.13507 -5.56880
v 0.73384 13.40175 -5.68762
v 0.71554 13.33448 -5.67576
v 0.71554 13.34676 -5.60613
v 0.73384 13.41402 -5.61799
v 0.00000 13.49689 -5.70440
v 0.00000 13.42725 -5.69212
v 0.00000 13.43953 -5.62249
v 0.00000 13.50917 -5.63476
v -0.73384 13.40175 -5.68762
v -0.71554 13.33448 -5.67576
v -0.71554 13.34676 -5.60613
v -0.73384 13.41402 -5.61799
v -1.41768 13.12280 -5.63844
v -1.38232 13.06249 -5.62780
v -1.38232 13.07477 -5.55817
v -1.41768 13.13507 -5.56880
v -2.00490 12.67905 -5.56019
v -1.95490 12.62981 -5.55151
v -1.95490 12.64209 -5.48187
v -2.00490 12.69133 -5.49056
v -2.45549 12.10075 -5.45822
v -2.39425 12.06593 -5.45208
v -2.39425 12.07821 -5.38245
v -2.45549 12.11303 -5.38859
v -2.73874 11.42731 -5.33948
v -2.67044 11.40928 -5.33630
v -2.67044 11.42156 -5.26666
v -2.73874 11.43958 -5.26984
v -2.83536 10.70461 -5.21205
v -2.76464 10.70461 -5.21205
v -2.76464 10.71689 -5.14241
v -2.83536 10.71689 -5.14241
v -2.73874 9.98192 -5.08462
v -2.67044 9.99994 -5.08779
v -2.67044 10.01222 -5.01816
v -2.73874 9.99419 -5.01498
v -2.45549 9.30847 -4.96587
v -2.39425 9.34329 -4.97201
v -2.39425 9.35557 -4.90237
v -2.45549 9.32075 -4.89623
v -2.00490 8.73017 -4.86390
v -1.95490 8.77941 -4.87258
v -1.95490 8.79169 -4.80295
v -2.00490 8.74245 -4.79426
v -1.41768 8.28643 -4.78565
v -1.38232 8.34673 -4.79629
v -1.38232 8.35901 -4.72665
v -1.41768 8.29870 -4.71602
v -0.73384 8.00748 -4.73647
v -0.71554 8.07474 -4.74833
v -0.71554 8.08702 -4.67869
v -0.73384 8.01975 -4.66683
v -0.00000 7.91233 -4.71969
v -0.00000 7.98197 -4.73197
v -0.00000 7.99425 -4.66233
v -0.00000 7.92461 -4.65006
v 0.73384 8.00748 -4.73647
v 0.71554 8.07474 -4.74833
v 0.71554 8.08702 -4.67869
v 0.73384 8.01975 -4.66683
v 1.41768 8.28643 -4.78565
v 1.38232 8.34673 -4.79629
v 1.38232 8.35901 -4.72665
v 1.41768 8.29870 -4.71602
v 2.00490 8.73017 -4.86390
v 1.95490 8.77941 -4.87258
v 1.95490 8.79169 -4.80295
v 2.00490 8.74245 -4.79426
v 2.45549 9.30847 -4.96587
v 2.39425 9.34329 -4.97201
v 2.39425 9.35557 -4.90237
v 2.45549 9.32075 -4.89623
v 2.73874 9.98192 -5.08462
v 2.67044 9.99994 -5.08779
v 2.67044 10.01222 -5.01816
v 2.73874 9.99419 -5.01498
v 1.30000 10.71770 -5.13784
v 1.25570 11.04905 -5.19626
v 1.12583 11.35782 -5.25071
v 0.91924 11.62297 -5.29746
v 0.65000 11.82643 -5.33333
v 0.33646 11.95432 -5.35589
v 0.00000 11.99795 -5.36358
v -0.33646 11.95432 -5.35589
v -0.65000 11.82643 -5.33333
v -0.91924 11.62297 -5.29746
v -1.12583 11.35782 -5.25071
v -1.25570 11.04905 -5.19626
v -1.30000 10.71770 -5.13784
v -1.25570 10.38634 -5.07941
v -1.12583 10.07757 -5.02496
v -0.91924 9.81242 -4.97821
v -0.65000 9.60897 -4.94234
v -0.33646 9.48107 -4.91978
v -0.00000 9.43745 -4.91209
v 0.33646 9.48107 -4.91978
v 0.65000 9.60897 -4.94234
v 0.91924 9.81242 -4.97821
v 1.12583 10.07757 -5.02496
v 1.25570 10.38634 -5.07941
v 1.30000 10.71075 -5.17723
v 1.25570 11.04210 -5.23565
v 1.12583 11.35088 -5.29010
v 0.91924 11.61602 -5.33685
v 0.65000 11.81948 -5.37273
v 0.33646 11.94738 -5.39528
v 0.00000 11.99100 -5.40297
v -0.33646 11.94738 -5.39528
v -0.65000 11.81948 -5.37273
v -0.91924 11.61602 -5.33685
v -1.12583 11.35088 -5.29010
v -1.25570 11.04210 -5.23565
v -1.30000 10.71075 -5.17723
v -1.25570 10.37940 -5.11880
v -1.12583 10.07063 -5.06436
v -0.91924 9.80548 -5.01760
v -0.65000 9.60202 -4.98173
v -0.33646 9.47412 -4.95918
v -0.00000 9.43050 -4.95149
v 0.33646 9.47412 -4.95918
v 0.65000 9.60202 -4.98173
v 0.91924 9.80548 -5.01760
v 1.12583 10.07063 -5.06436
v 1.25570 10.37940 -5.11880
v -0.50008 10.36431 -5.05522
v 0.09985 11.25052 -5.21148
v -0.04992 11.34885 -5.22882
v -0.64985 10.46264 -5.07255
v -0.09985 11.25052 -5.21148
v 0.50008 10.36431 -5.05522
v 0.64985 10.46264 -5.07255
v 0.04992 11.34885 -5.22882
v -0.43000 10.09089 -5.00700
v 0.43000 10.09089 -5.00700
v 0.43000 10.26816 -5.03826
v -0.43000 10.26816 -5.03826
v -3.53069 9.46183 -4.98239
v -3.86048 9.49034 -4.98742
v -3.75103 9.19420 -4.93521
v -3.53069 9.45314 -5.03164
v -3.86048 9.48166 -5.03666
v -3.75103 9.18552 -4.98445
v -3.27899 8.91440 -4.88587
v -3.60911 8.88986 -4.88154
v -3.45234 8.61513 -4.83310
v -3.27899 8.90572 -4.93511
v -3.60911 8.88118 -4.93078
v -3.45234 8.60645 -4.88234
v -2.94047 8.41443 -4.79771
v -3.26218 8.33749 -4.78414
v -3.06225 8.09143 -4.74076
v -2.94047 8.40574 -4.84695
v -3.26218 8.32880 -4.83338
v -3.06225 8.08275 -4.79000
v -2.52410 7.97513 -4.72025
v -2.82888 7.84783 -4.69780
v -2.59108 7.63696 -4.66062
v -2.52410 7.96645 -4.76949
v -2.82888 7.83915 -4.74704
v -2.59108 7.62828 -4.70986
v -2.04090 7.60816 -4.65554
v -2.32068 7.43386 -4.62481
v -2.05130 7.26377 -4.59482
v -2.04090 7.59947 -4.70478
v -2.32068 7.42518 -4.67405
v -2.05130 7.25508 -4.64406
v -1.50366 7.32321 -4.60530
v -1.75104 7.10654 -4.56709
v -1.45721 6.98172 -4.54508
v -1.50366 7.31453 -4.65454
v -1.75104 7.09786 -4.61633
v -1.45721 6.97304 -4.59433
v -0.92661 7.12784 -4.57085
v -1.13503 6.87453 -4.52618
v -0.82454 6.79829 -4.51274
v -0.92661 7.11916 -4.62009
v -1.13503 6.86585 -4.57543
v -0.82454 6.78961 -4.56198
v -0.32503 7.02723 -4.55311
v -0.48897 6.74398 -4.50316
v -0.17003 6.71834 -4.49864
v -0.32503 7.01854 -4.60235
v -0.48897 6.73530 -4.55241
v -0.17003 6.70966 -4.54788
v 0.28516 7.02402 -4.55254
v 0.17003 6.71834 -4.49864
v 0.48897 6.74398 -4.50316
v 0.28516 7.01534 -4.60178
v 0.17003 6.70966 -4.54788
v 0.48897 6.73530 -4.55241
v 0.88780 7.11831 -4.56917
v 0.82454 6.79829 -4.51274
v 1.13503 6.87453 -4.52618
v 0.88780 7.10963 -4.61841
v 0.82454 6.78961 -4.56198
v 1.13503 6.86585 -4.57543
v 1.46693 7.30761 -4.60255
v 1.45721 6.98172 -4.54508
v 1.75104 7.10654 -4.56709
v 1.46693 7.29893 -4.65179
v 1.45721 6.97304 -4.59433
v 1.75104 7.09786 -4.61633
v 2.00723 7.58689 -4.65179
v 2.05130 7.26377 -4.59482
v 2.32068 7.43386 -4.62481
v 2.00723 7.57821 -4.70103
v 2.05130 7.25508 -4.64406
v 2.32068 7.42518 -4.67405
v 2.49438 7.94877 -4.71560
v 2.59108 7.63696 -4.66062
v 2.82888 7.84783 -4.69780
v 2.49438 7.94009 -4.76484
v 2.59108 7.62828 -4.70986
v 2.82888 7.83915 -4.74704
v 2.91548 8.38367 -4.79229
v 3.06225 8.09143 -4.74076
v 3.26218 8.33749 -4.78414
v 2.91548 8.37499 -4.84153
v 3.06225 8.08275 -4.79000
v 3.26218 8.32880 -4.83338
v 3.25939 8.88006 -4.87981
v 3.45234 8.61513 -4.83310
v 3.60911 8.88986 -4.88154
v 3.25939 8.87138 -4.92905
v 3.45234 8.60645 -4.88234
v 3.60911 8.88118 -4.93078
v 3.51701 9.42481 -4.97587
v 3.75103 9.19420 -4.93521
v 3.86048 9.49034 -4.98742
v 3.51701 9.41613 -5.02511
v 3.75103 9.18552 -4.98445
v 3.86048 9.48166 -5.03666
vn 0.9914 0.1285 -0.0227
vn 0.9914 0.1285 -0.0227
vn 0.9239 0.3769 -0.0665
vn 0.9239 0.3769 -0.0665
vn 0.7934 0.5995 -0.1057
vn 0.7934 0.5995 -0.1057
vn 0.6088 0.7813 -0.1378
vn 0.6088 0.7813 -0.1378
vn 0.3827 0.9098 -0.1604
vn 0.3827 0.9098 -0.1604
vn 0.1305 0.9764 -0.1722
vn 0.1305 0.9764 -0.1722
vn -0.1305 0.9764 -0.1722
vn -0.1305 0.9764 -0.1722
vn -0.3827 0.9098 -0.1604
vn -0.3827 0.9098 -0.1604
vn -0.6088 0.7813 -0.1378
vn -0.6088 0.7813 -0.1378
vn -0.7934 0.5995 -0.1057
vn -0.7934 0.5995 -0.1057
vn -0.9239 0.3769 -0.0665
vn -0.9239 0.3769 -0.0665
vn -0.9914 0.1285 -0.0227
vn -0.9914 0.1285 -0.0227
vn -0.9914 -0.1285 0.0227
vn -0.9914 -0.1285 0.0227
vn -0.9239 -0.3769 0.0665
vn -0.9239 -0.3769 0.0665
vn -0.7934 -0.5995 0.1057
vn -0.7934 -0.5995 0.1057
vn -0.6088 -0.7813 0.1378
vn -0.6088 -0.7813 0.1378
vn -0.3827 -0.9098 0.1604
vn -0.3827 -0.9098 0.1604
vn -0.1305 -0.9764 0.1722
vn -0.1305 -0.9764 0.1722
vn 0.1305 -0.9764 0.1722
vn 0.1305 -0.9764 0.1722
vn 0.3827 -0.9098 0.1604
vn 0.3827 -0.9098 0.1604
vn 0.6088 -0.7813 0.1378
vn 0.6088 -0.7813 0.1378
vn 0.7934 -0.5995 0.1057
vn 0.7934 -0.5995 0.1057
vn 0.9239 -0.3769 0.0665
vn 0.9239 -0.3769 0.0665
vn 0.9914 -0.1285 0.0227
vn 0.9914 -0.1285 0.0227
vn 0.0000 -0.1736 -0.9848
vn -0.0000 -0.1736 -0.9848
vn -0.0000 -0.1736 -0.9848
vn 0.0000 -0.1736 -0.9848
vn 0.0000 -0.1736 -0.9848
vn -0.0000 -0.1736 -0.9848
vn 0.0000 -0.1736 -0.9848
vn 0.0000 -0.1736 -0.9848
vn -0.0000 -0.1736 -0.9848
vn -0.0000 -0.1736 -0.9848
vn -0.0000 -0.1736 -0.9848
vn 0.0000 -0.1736 -0.9848
vn -0.0000 -0.1736 -0.9848
vn 0.0000 -0.1736 -0.9848
vn 0.0000 -0.1736 -0.9848
vn -0.0000 -0.1736 -0.9848
vn 0.0000 -0.1736 -0.9848
vn -0.0000 -0.1736 -0.9848
vn -0.0000 -0.1736 -0.9848
vn 0.0000 -0.1736 -0.9848
vn 0.0000 -0.1736 -0.9848
vn 0.0000 -0.1736 -0.9848
vn -0.0000 0.1736 0.9848
vn -0.0000 0.1736 0.9848
vn 0.0000 0.1736 0.9848
vn -0.0000 0.1736 0.9848
vn 0.0000 0.1736 0.9848
vn -0.0000 0.1736 0.9848
vn 0.0000 0.1736 0.9848
vn 0.0000 0.1736 0.9848
vn 0.0000 0.1736 0.9848
vn -0.0000 0.1736 0.9848
vn 0.0000 0.1736 0.9848
vn 0.0000 0.1736 0.9848
vn -0.0000 0.1736 0.9848
vn 0.0000 0.1736 0.9848
vn -0.0000 0.1736 0.9848
vn 0.0000 0.1736 0.9848
vn 0.0000 0.1736 0.9848
vn 0.0000 0.1736 0.9848
vn -0.0000 0.1736 0.9848
vn 0.0000 0.1736 0.9848
vn 0.0000 0.1736 0.9848
vn -0.0000 0.1736 0.9848
vn -0.0000 -0.1736 -0.9848
vn 0.0000 -0.1736 -0.9848
vn -0.9914 -0.1285 0.0227
vn -0.9914 -0.1285 0.0227
vn -0.0000 0.1736 0.9848
vn -0.0000 0.1736 0.9848
vn 0.9914 0.1285 -0.0227
vn 0.9914 0.1285 -0.0227
vn 0.0000 -0.1736 -0.9848
vn -0.0000 -0.1736 -0.9848
vn -0.9239 -0.3769 0.0665
vn -0.9239 -0.3769 0.0665
vn -0.0000 0.1736 0.9848
vn 0.0000 0.1736 0.9848
vn 0.9239 0.3769 -0.0665
vn 0.9239 0.3769 -0.0665
vn -0.0000 -0.1736 -0.9848
vn -0.0000 -0.1736 -0.9848
vn -0.7934 -0.5995 0.1057
vn -0.7934 -0.5995 0.1057
vn 0.0000 0.1736 0.9848
vn -0.0000 0.1736 0.9848
vn 0.7934 0.5995 -0.1057
vn 0.7934 0.5995 -0.1057
vn -0.0000 -0.1736 -0.9848
vn -0.0000 -0.1736 -0.9848
vn -0.6088 -0.7813 0.1378
vn -0.6088 -0.7813 0.1378
vn -0.0000 0.1736 0.9848
vn 0.0000 0.1736 0.9848
vn 0.6088 0.7813 -0.1378
vn 0.6088 0.7813 -0.1378
vn -0.0000 -0.1736 -0.9848
vn -0.0000 -0.1736 -0.9848
vn -0.3827 -0.9098 0.1604
vn -0.3827 -0.9098 0.1604
vn -0.0000 0.1736 0.9848
vn -0.0000 0.1736 0.9848
vn 0.3827 0.9098 -0.1604
vn 0.3827 0.9098 -0.1604
vn -0.0000 -0.1736 -0.9848
vn -0.0000 -0.1736 -0.9848
vn -0.1305 -0.9764 0.1722
vn -0.1305 -0.9764 0.1722
vn -0.0000 0.1736 0.9848
vn 0.0000 0.1736 0.9848
vn 0.1305 0.9764 -0.1722
vn 0.1305 0.9764 -0.1722
vn 0.0000 -0.1736 -0.9848
vn 0.0000 -0.1736 -0.9848
vn 0.1305 -0.9764 0.1722
vn 0.1305 -0.9764 0.1722
vn 0.0000 0.1736 0.9848
vn 0.0000 0.1736 0.9848
vn -0.1305 0.9764 -0.1722
vn -0.1305 0.9764 -0.1722
vn 0.0000 -0.1736 -0.9848
vn -0.0000 -0.1736 -0.9848
vn 0.3827 -0.9098 0.1604
vn 0.3827 -0.9098 0.1604
vn 0.0000 0.1736 0.9848
vn -0.0000 0.1736 0.9848
vn -0.3827 0.9098 -0.1604
vn -0.3827 0.9098 -0.1604
vn -0.0000 -0.1736 -0.9848
vn 0.0000 -0.1736 -0.9848
vn 0.6088 -0.7813 0.1378
vn 0.6088 -0.7813 0.1378
vn -0.0000 0.1736 0.9848
vn 0.0000 0.1736 0.9848
vn -0.6088 0.7813 -0.1378
vn -0.6088 0.7813 -0.1378
vn 0.0000 -0.1736 -0.9848
vn 0.0000 -0.1736 -0.9848
vn 0.7934 -0.5995 0.1057
vn 0.7934 -0.5995 0.1057
vn 0.0000 0.1736 0.9848
vn -0.0000 0.1736 0.9848
vn -0.7934 0.5995 -0.1057
vn -0.7934 0.5995 -0.1057
vn 0.0000 -0.1736 -0.9848
vn -0.0000 -0.1736 -0.9848
vn 0.9239 -0.3769 0.0665
vn 0.9239 -0.3769 0.0665
vn -0.0000 0.1736 0.9848
vn 0.0000 0.1736 0.9848
vn -0.9239 0.3769 -0.0665
vn -0.9239 0.3769 -0.0665
vn -0.0000 -0.1736 -0.9848
vn 0.0000 -0.1736 -0.9848
vn 0.9914 -0.1285 0.0227
vn 0.9914 -0.1285 0.0227
vn 0.0000 0.1736 0.9848
vn 0.0000 0.1736 0.9848
vn -0.9914 0.1285 -0.0227
vn -0.9914 0.1285 -0.0227
vn 0.0000 -0.1736 -0.9848
vn 0.0000 -0.1736 -0.9848
vn 0.9914 0.1285 -0.0227
vn 0.9914 0.1285 -0.0227
vn 0.0000 0.1736 0.9848
vn -0.0000 0.1736 0.9848
vn -0.9914 -0.1285 0.0227
vn -0.9914 -0.1285 0.0227
vn 0.0000 -0.1736 -0.9848
vn -0.0000 -0.1736 -0.9848
vn 0.9239 0.3769 -0.0665
vn 0.9239 0.3769 -0.0665
vn -0.0000 0.1736 0.9848
vn 0.0000 0.1736 0.9848
vn -0.9239 -0.3769 0.0665
vn -0.9239 -0.3769 0.0665
vn -0.0000 -0.1736 -0.9848
vn 0.0000 -0.1736 -0.9848
vn 0.7934 0.5995 -0.1057
vn 0.7934 0.5995 -0.1057
vn 0.0000 0.1736 0.9848
vn -0.0000 0.1736 0.9848
vn -0.7934 -0.5995 0.1057
vn -0.7934 -0.5995 0.1057
vn 0.0000 -0.1736 -0.9848
vn -0.0000 -0.1736 -0.9848
vn 0.6088 0.7813 -0.1378
vn 0.6088 0.7813 -0.1378
vn -0.0000 0.1736 0.9848
vn -0.0000 0.1736 0.9848
vn -0.6088 -0.7813 0.1378
vn -0.6088 -0.7813 0.1378
vn 0.0000 -0.1736 -0.9848
vn 0.0000 -0.1736 -0.9848
vn 0.3827 0.9098 -0.1604
vn 0.3827 0.9098 -0.1604
vn -0.0000 0.1736 0.9848
vn 0.0000 0.1736 0.9848
vn -0.3827 -0.9098 0.1604
vn -0.3827 -0.9098 0.1604
vn 0.0000 -0.1736 -0.9848
vn 0.0000 -0.1736 -0.9848
vn 0.1305 0.9764 -0.1722
vn 0.1305 0.9764 -0.1722
vn 0.0000 0.1736 0.9848
vn 0.0000 0.1736 0.9848
vn -0.1305 -0.9764 0.1722
vn -0.1305 -0.9764 0.1722
vn -0.0000 -0.1736 -0.9848
vn -0.0000 -0.1736 -0.9848
vn -0.1305 0.9764 -0.1722
vn -0.1305 0.9764 -0.1722
vn -0.0000 0.1736 0.9848
vn -0.0000 0.1736 0.9848
vn 0.1305 -0.9764 0.1722
vn 0.1305 -0.9764 0.1722
vn -0.0000 -0.1736 -0.9848
vn 0.0000 -0.1736 -0.9848
vn -0.3827 0.9098 -0.1604
vn -0.3827 0.9098 -0.1604
vn -0.0000 0.1736 0.9848
vn -0.0000 0.1736 0.9848
vn 0.3827 -0.9098 0.1604
vn 0.3827 -0.9098 0.1604
vn 0.0000 -0.1736 -0.9848
vn -0.0000 -0.1736 -0.9848
vn -0.6088 0.7813 -0.1378
vn -0.6088 0.7813 -0.1378
vn -0.0000 0.1736 0.9848
vn -0.0000 0.1736 0.9848
vn 0.6088 -0.7813 0.1378
vn 0.6088 -0.7813 0.1378
vn -0.0000 -0.1736 -0.9848
vn 0.0000 -0.1736 -0.9848
vn -0.7934 0.5995 -0.1057
vn -0.7934 0.5995 -0.1057
vn -0.0000 0.1736 0.9848
vn -0.0000 0.1736 0.9848
vn 0.7934 -0.5995 0.1057
vn 0.7934 -0.5995 0.1057
vn 0.0000 -0.1736 -0.9848
vn -0.0000 -0.1736 -0.9848
vn -0.9239 0.3769 -0.0665
vn -0.9239 0.3769 -0.0665
vn -0.0000 0.1736 0.9848
vn -0.0000 0.1736 0.9848
vn 0.9239 -0.3769 0.0665
vn 0.9239 -0.3769 0.0665
vn -0.0000 -0.1736 -0.9848
vn 0.0000 -0.1736 -0.9848
vn -0.9914 0.1285 -0.0227
vn -0.9914 0.1285 -0.0227
vn -0.0000 0.1736 0.9848
vn 0.0000 0.1736 0.9848
vn 0.9914 -0.1285 0.0227
vn 0.9914 -0.1285 0.0227
vn -0.0000 -0.1736 -0.9848
vn 0.0000 -0.1736 -0.9848
vn -0.9914 -0.1285 0.0227
vn -0.9914 -0.1285 0.0227
vn -0.0000 0.1736 0.9848
vn 0.0000 0.1736 0.9848
vn 0.9914 0.1285 -0.0227
vn 0.9914 0.1285 -0.0227
vn 0.0000 -0.1736 -0.9848
vn -0.0000 -0.1736 -0.9848
vn -0.9239 -0.3769 0.0665
vn -0.9239 -0.3769 0.0665
vn 0.0000 0.1736 0.9848
vn -0.0000 0.1736 0.9848
vn 0.9239 0.3769 -0.0665
vn 0.9239 0.3769 -0.0665
vn -0.0000 -0.1736 -0.9848
vn 0.0000 -0.1736 -0.9848
vn -0.7934 -0.5995 0.1057
vn -0.7934 -0.5995 0.1057
vn -0.0000 0.1736 0.9848
vn 0.0000 0.1736 0.9848
vn 0.7934 0.5995 -0.1057
vn 0.7934 0.5995 -0.1057
vn 0.0000 -0.1736 -0.9848
vn 0.0000 -0.1736 -0.9848
vn -0.6088 -0.7813 0.1378
vn -0.6088 -0.7813 0.1378
vn 0.0000 0.1736 0.9848
vn -0.0000 0.1736 0.9848
vn 0.6088 0.7813 -0.1378
vn 0.6088 0.7813 -0.1378
vn 0.0000 -0.1736 -0.9848
vn -0.0000 -0.1736 -0.9848
vn -0.3827 -0.9098 0.1604
vn -0.3827 -0.9098 0.1604
vn 0.0000 0.1736 0.9848
vn -0.0000 0.1736 0.9848
vn 0.3827 0.9098 -0.1604
vn 0.3827 0.9098 -0.1604
vn -0.0000 -0.1736 -0.9848
vn 0.0000 -0.1736 -0.9848
vn -0.1305 -0.9764 0.1722
vn -0.1305 -0.9764 0.1722
vn -0.0000 0.1736 0.9848
vn 0.0000 0.1736 0.9848
vn 0.1305 0.9764 -0.1722
vn 0.1305 0.9764 -0.1722
vn -0.0000 -0.1736 -0.9848
vn 0.0000 -0.1736 -0.9848
vn 0.1305 -0.9764 0.1722
vn 0.1305 -0.9764 0.1722
vn -0.0000 0.1736 0.9848
vn 0.0000 0.1736 0.9848
vn -0.1305 0.9764 -0.1722
vn -0.1305 0.9764 -0.1722
vn 0.0000 -0.1736 -0.9848
vn -0.0000 -0.1736 -0.9848
vn 0.3827 -0.9098 0.1604
vn 0.3827 -0.9098 0.1604
vn 0.0000 0.1736 0.9848
vn 0.0000 0.1736 0.9848
vn -0.3827 0.9098 -0.1604
vn -0.3827 0.9098 -0.1604
vn -0.0000 -0.1736 -0.9848
vn -0.0000 -0.1736 -0.9848
vn 0.6088 -0.7813 0.1378
vn 0.6088 -0.7813 0.1378
vn 0.0000 0.1736 0.9848
vn -0.0000 0.1736 0.9848
vn -0.6088 0.7813 -0.1378
vn -0.6088 0.7813 -0.1378
vn -0.0000 -0.1736 -0.9848
vn 0.0000 -0.1736 -0.9848
vn 0.7934 -0.5995 0.1057
vn 0.7934 -0.5995 0.1057
vn -0.0000 0.1736 0.9848
vn 0.0000 0.1736 0.9848
vn -0.7934 0.5995 -0.1057
vn -0.7934 0.5995 -0.1057
vn 0.0000 -0.1736 -0.9848
vn -0.0000 -0.1736 -0.9848
vn 0.9239 -0.3769 0.0665
vn 0.9239 -0.3769 0.0665
vn 0.0000 0.1736 0.9848
vn -0.0000 0.1736 0.9848
vn -0.9239 0.3769 -0.0665
vn -0.9239 0.3769 -0.0665
vn -0.0000 -0.1736 -0.9848
vn 0.0000 -0.1736 -0.9848
vn 0.9914 -0.1285 0.0227
vn 0.9914 -0.1285 0.0227
vn -0.0000 0.1736 0.9848
vn 0.0000 0.1736 0.9848
vn -0.9914 0.1285 -0.0227
vn -0.9914 0.1285 -0.0227
vn 0.0000 -0.1736 -0.9848
vn 0.0000 -0.1736 -0.9848
vn 0.9914 0.1285 -0.0227
vn 0.9914 0.1285 -0.0227
vn 0.0000 0.1736 0.9848
vn -0.0000 0.1736 0.9848
vn -0.9914 -0.1285 0.0227
vn -0.9914 -0.1285 0.0227
vn 0.0000 -0.1736 -0.9848
vn -0.0000 -0.1736 -0.9848
vn 0.9239 0.3769 -0.0665
vn 0.9239 0.3769 -0.0665
vn -0.0000 0.1736 0.9848
vn -0.0000 0.1736 0.9848
vn -0.9239 -0.3769 0.0665
vn -0.9239 -0.3769 0.0665
vn -0.0000 -0.1736 -0.9848
vn 0.0000 -0.1736 -0.9848
vn 0.7934 0.5995 -0.1057
vn 0.7934 0.5995 -0.1057
vn -0.0000 0.1736 0.9848
vn 0.0000 0.1736 0.9848
vn -0.7934 -0.5995 0.1057
vn -0.7934 -0.5995 0.1057
vn 0.0000 -0.1736 -0.9848
vn 0.0000 -0.1736 -0.9848
vn 0.6088 0.7813 -0.1378
vn 0.6088 0.7813 -0.1378
vn 0.0000 0.1736 0.9848
vn 0.0000 0.1736 0.9848
vn -0.6088 -0.7813 0.1378
vn -0.6088 -0.7813 0.1378
vn 0.0000 -0.1736 -0.9848
vn 0.0000 -0.1736 -0.9848
vn 0.3827 0.9098 -0.1604
vn 0.3827 0.9098 -0.1604
vn 0.0000 0.1736 0.9848
vn 0.0000 0.1736 0.9848
vn -0.3827 -0.9098 0.1604
vn -0.3827 -0.9098 0.1604
vn 0.0000 -0.1736 -0.9848
vn 0.0000 -0.1736 -0.9848
vn 0.1305 0.9764 -0.1722
vn 0.1305 0.9764 -0.1722
vn 0.0000 0.1736 0.9848
vn 0.0000 0.1736 0.9848
vn -0.1305 -0.9764 0.1722
vn -0.1305 -0.9764 0.1722
vn 0.0000 -0.1736 -0.9848
vn -0.0000 -0.1736 -0.9848
vn -0.1305 0.9764 -0.1722
vn -0.1305 0.9764 -0.1722
vn -0.0000 0.1736 0.9848
vn -0.0000 0.1736 0.9848
vn 0.1305 -0.9764 0.1722
vn 0.1305 -0.9764 0.1722
vn -0.0000 -0.1736 -0.9848
vn 0.0000 -0.1736 -0.9848
vn -0.3827 0.9098 -0.1604
vn -0.3827 0.9098 -0.1604
vn -0.0000 0.1736 0.9848
vn 0.0000 0.1736 0.9848
vn 0.3827 -0.9098 0.1604
vn 0.3827 -0.9098 0.1604
vn 0.0000 -0.1736 -0.9848
vn 0.0000 -0.1736 -0.9848
vn -0.6088 0.7813 -0.1378
vn -0.6088 0.7813 -0.1378
vn 0.0000 0.1736 0.9848
vn 0.0000 0.1736 0.9848
vn 0.6088 -0.7813 0.1378
vn 0.6088 -0.7813 0.1378
vn 0.0000 -0.1736 -0.9848
vn 0.0000 -0.1736 -0.9848
vn -0.7934 0.5995 -0.1057
vn -0.7934 0.5995 -0.1057
vn 0.0000 0.1736 0.9848
vn -0.0000 0.1736 0.9848
vn 0.7934 -0.5995 0.1057
vn 0.7934 -0.5995 0.1057
vn 0.0000 -0.1736 -0.9848
vn -0.0000 -0.1736 -0.9848
vn -0.9239 0.3769 -0.0665
vn -0.9239 0.3769 -0.0665
vn -0.0000 0.1736 0.9848
vn 0.0000 0.1736 0.9848
vn 0.9239 -0.3769 0.0665
vn 0.9239 -0.3769 0.0665
vn -0.0000 -0.1736 -0.9848
vn 0.0000 -0.1736 -0.9848
vn -0.9914 0.1285 -0.0227
vn -0.9914 0.1285 -0.0227
vn 0.0000 0.1736 0.9848
vn 0.0000 0.1736 0.9848
vn 0.9914 -0.1285 0.0227
vn 0.9914 -0.1285 0.0227
vn -0.0000 -0.1736 -0.9848
vn -0.0000 -0.1736 -0.9848
vn -0.9914 -0.1285 0.0227
vn -0.9914 -0.1285 0.0227
vn -0.0000 0.1736 0.9848
vn -0.0000 0.1736 0.9848
vn 0.9914 0.1285 -0.0227
vn 0.9914 0.1285 -0.0227
vn -0.0000 -0.1736 -0.9848
vn -0.0000 -0.1736 -0.9848
vn -0.9239 -0.3769 0.0665
vn -0.9239 -0.3769 0.0665
vn -0.0000 0.1736 0.9848
vn 0.0000 0.1736 0.9848
vn 0.9239 0.3769 -0.0665
vn 0.9239 0.3769 -0.0665
vn -0.0000 -0.1736 -0.9848
vn -0.0000 -0.1736 -0.9848
vn -0.7934 -0.5995 0.1057
vn -0.7934 -0.5995 0.1057
vn 0.0000 0.1736 0.9848
vn -0.0000 0.1736 0.9848
vn 0.7934 0.5995 -0.1057
vn 0.7934 0.5995 -0.1057
vn -0.0000 -0.1736 -0.9848
vn 0.0000 -0.1736 -0.9848
vn -0.6088 -0.7813 0.1378
vn -0.6088 -0.7813 0.1378
vn -0.0000 0.1736 0.9848
vn -0.0000 0.1736 0.9848
vn 0.6088 0.7813 -0.1378
vn 0.6088 0.7813 -0.1378
vn -0.0000 -0.1736 -0.9848
vn -0.0000 -0.1736 -0.9848
vn -0.3827 -0.9098 0.1604
vn -0.3827 -0.9098 0.1604
vn -0.0000 0.1736 0.9848
vn 0.0000 0.1736 0.9848
vn 0.3827 0.9098 -0.1604
vn 0.3827 0.9098 -0.1604
vn 0.0000 -0.1736 -0.9848
vn 0.0000 -0.1736 -0.9848
vn -0.1305 -0.9764 0.1722
vn -0.1305 -0.9764 0.1722
vn 0.0000 0.1736 0.9848
vn 0.0000 0.1736 0.9848
vn 0.1305 0.9764 -0.1722
vn 0.1305 0.9764 -0.1722
vn -0.0000 -0.1736 -0.9848
vn -0.0000 -0.1736 -0.9848
vn 0.1305 -0.9764 0.1722
vn 0.1305 -0.9764 0.1722
vn -0.0000 0.1736 0.9848
vn -0.0000 0.1736 0.9848
vn -0.1305 0.9764 -0.1722
vn -0.1305 0.9764 -0.1722
vn 0.0000 -0.1736 -0.9848
vn 0.0000 -0.1736 -0.9848
vn 0.3827 -0.9098 0.1604
vn 0.3827 -0.9098 0.1604
vn -0.0000 0.1736 0.9848
vn 0.0000 0.1736 0.9848
vn -0.3827 0.9098 -0.1604
vn -0.3827 0.9098 -0.1604
vn -0.0000 -0.1736 -0.9848
vn 0.0000 -0.1736 -0.9848
vn 0.6088 -0.7813 0.1378
vn 0.6088 -0.7813 0.1378
vn 0.0000 0.1736 0.9848
vn 0.0000 0.1736 0.9848
vn -0.6088 0.7813 -0.1378
vn -0.6088 0.7813 -0.1378
vn 0.0000 -0.1736 -0.9848
vn 0.0000 -0.1736 -0.9848
vn 0.7934 -0.5995 0.1057
vn 0.7934 -0.5995 0.1057
vn 0.0000 0.1736 0.9848
vn -0.0000 0.1736 0.9848
vn -0.7934 0.5995 -0.1057
vn -0.7934 0.5995 -0.1057
vn 0.0000 -0.1736 -0.9848
vn -0.0000 -0.1736 -0.9848
vn 0.9239 -0.3769 0.0665
vn 0.9239 -0.3769 0.0665
vn -0.0000 0.1736 0.9848
vn -0.0000 0.1736 0.9848
vn -0.9239 0.3769 -0.0665
vn -0.9239 0.3769 -0.0665
vn -0.0000 -0.1736 -0.9848
vn 0.0000 -0.1736 -0.9848
vn 0.9914 -0.1285 0.0227
vn 0.9914 -0.1285 0.0227
vn -0.0000 0.1736 0.9848
vn 0.0000 0.1736 0.9848
vn -0.9914 0.1285 -0.0227
vn -0.9914 0.1285 -0.0227
vn 0.0000 -0.1736 -0.9848
vn 0.0000 -0.1736 -0.9848
vn 0.9914 0.1285 -0.0227
vn 0.9914 0.1285 -0.0227
vn 0.0000 0.1736 0.9848
vn 0.0000 0.1736 0.9848
vn -0.9914 -0.1285 0.0227
vn -0.9914 -0.1285 0.0227
vn 0.0000 -0.1736 -0.9848
vn -0.0000 -0.1736 -0.9848
vn 0.9239 0.3769 -0.0665
vn 0.9239 0.3769 -0.0665
vn 0.0000 0.1736 0.9848
vn -0.0000 0.1736 0.9848
vn -0.9239 -0.3769 0.0665
vn -0.9239 -0.3769 0.0665
vn -0.0000 -0.1736 -0.9848
vn 0.0000 -0.1736 -0.9848
vn 0.7934 0.5995 -0.1057
vn 0.7934 0.5995 -0.1057
vn -0.0000 0.1736 0.9848
vn -0.0000 0.1736 0.9848
vn -0.7934 -0.5995 0.1057
vn -0.7934 -0.5995 0.1057
vn 0.0000 -0.1736 -0.9848
vn -0.0000 -0.1736 -0.9848
vn 0.6088 0.7813 -0.1378
vn 0.6088 0.7813 -0.1378
vn -0.0000 0.1736 0.9848
vn -0.0000 0.1736 0.9848
vn -0.6088 -0.7813 0.1378
vn -0.6088 -0.7813 0.1378
vn 0.0000 -0.1736 -0.9848
vn -0.0000 -0.1736 -0.9848
vn 0.3827 0.9098 -0.1604
vn 0.3827 0.9098 -0.1604
vn 0.0000 0.1736 0.9848
vn 0.0000 0.1736 0.9848
vn -0.3827 -0.9098 0.1604
vn -0.3827 -0.9098 0.1604
vn -0.0000 -0.1736 -0.9848
vn -0.0000 -0.1736 -0.9848
vn 0.1305 0.9764 -0.1722
vn 0.1305 0.9764 -0.1722
vn 0.0000 0.1736 0.9848
vn -0.0000 0.1736 0.9848
vn -0.1305 -0.9764 0.1722
vn -0.1305 -0.9764 0.1722
vn 0.0000 -0.1736 -0.9848
vn 0.0000 -0.1736 -0.9848
vn -0.1305 0.9764 -0.1722
vn -0.1305 0.9764 -0.1722
vn -0.0000 0.1736 0.9848
vn -0.0000 0.1736 0.9848
vn 0.1305 -0.9764 0.1722
vn 0.1305 -0.9764 0.1722
vn 0.0000 -0.1736 -0.9848
vn 0.0000 -0.1736 -0.9848
vn -0.3827 0.9098 -0.1604
vn -0.3827 0.9098 -0.1604
vn -0.0000 0.1736 0.9848
vn -0.0000 0.1736 0.9848
vn 0.3827 -0.9098 0.1604
vn 0.3827 -0.9098 0.1604
vn 0.0000 -0.1736 -0.9848
vn -0.0000 -0.1736 -0.9848
vn -0.6088 0.7813 -0.1378
vn -0.6088 0.7813 -0.1378
vn -0.0000 0.1736 0.9848
vn -0.0000 0.1736 0.9848
vn 0.6088 -0.7813 0.1378
vn 0.6088 -0.7813 0.1378
vn -0.0000 -0.1736 -0.9848
vn 0.0000 -0.1736 -0.9848
vn -0.7934 0.5995 -0.1057
vn -0.7934 0.5995 -0.1057
vn -0.0000 0.1736 0.9848
vn 0.0000 0.1736 0.9848
vn 0.7934 -0.5995 0.1057
vn 0.7934 -0.5995 0.1057
vn 0.0000 -0.1736 -0.9848
vn 0.0000 -0.1736 -0.9848
vn -0.9239 0.3769 -0.0665
vn -0.9239 0.3769 -0.0665
vn 0.0000 0.1736 0.9848
vn 0.0000 0.1736 0.9848
vn 0.9239 -0.3769 0.0665
vn 0.9239 -0.3769 0.0665
vn 0.0000 -0.1736 -0.9848
vn 0.0000 -0.1736 -0.9848
vn -0.9914 0.1285 -0.0227
vn -0.9914 0.1285 -0.0227
vn 0.0000 0.1736 0.9848
vn 0.0000 0.1736 0.9848
vn 0.9914 -0.1285 0.0227
vn 0.9914 -0.1285 0.0227
vn -0.0000 -0.1736 -0.9848
vn 0.0000 -0.1736 -0.9848
vn -0.9914 -0.1285 0.0227
vn -0.9914 -0.1285 0.0227
vn -0.0000 0.1736 0.9848
vn -0.0000 0.1736 0.9848
vn 0.9914 0.1285 -0.0227
vn 0.9914 0.1285 -0.0227
vn 0.0000 -0.1736 -0.9848
vn 0.0000 -0.1736 -0.9848
vn -0.9239 -0.3769 0.0665
vn -0.9239 -0.3769 0.0665
vn -0.0000 0.1736 0.9848
vn -0.0000 0.1736 0.9848
vn 0.9239 0.3769 -0.0665
vn 0.9239 0.3769 -0.0665
vn 0.0000 -0.1736 -0.9848
vn -0.0000 -0.1736 -0.9848
vn -0.7934 -0.5995 0.1057
vn -0.7934 -0.5995 0.1057
vn -0.0000 0.1736 0.9848
vn -0.0000 0.1736 0.9848
vn 0.7934 0.5995 -0.1057
vn 0.7934 0.5995 -0.1057
vn -0.0000 -0.1736 -0.9848
vn 0.0000 -0.1736 -0.9848
vn -0.6088 -0.7813 0.1378
vn -0.6088 -0.7813 0.1378
vn -0.0000 0.1736 0.9848
vn 0.0000 0.1736 0.9848
vn 0.6088 0.7813 -0.1378
vn 0.6088 0.7813 -0.1378
vn 0.0000 -0.1736 -0.9848
vn -0.0000 -0.1736 -0.9848
vn -0.3827 -0.9098 0.1604
vn -0.3827 -0.9098 0.1604
vn 0.0000 0.1736 0.9848
vn 0.0000 0.1736 0.9848
vn 0.3827 0.9098 -0.1604
vn 0.3827 0.9098 -0.1604
vn -0.0000 -0.1736 -0.9848
vn -0.0000 -0.1736 -0.9848
vn -0.1305 -0.9764 0.1722
vn -0.1305 -0.9764 0.1722
vn 0.0000 0.1736 0.9848
vn 0.0000 0.1736 0.9848
vn 0.1305 0.9764 -0.1722
vn 0.1305 0.9764 -0.1722
vn 0.0000 -0.1736 -0.9848
vn 0.0000 -0.1736 -0.9848
vn 0.1305 -0.9764 0.1722
vn 0.1305 -0.9764 0.1722
vn -0.0000 0.1736 0.9848
vn -0.0000 0.1736 0.9848
vn -0.1305 0.9764 -0.1722
vn -0.1305 0.9764 -0.1722
vn 0.0000 -0.1736 -0.9848
vn -0.0000 -0.1736 -0.9848
vn 0.3827 -0.9098 0.1604
vn 0.3827 -0.9098 0.1604
vn -0.0000 0.1736 0.9848
vn -0.0000 0.1736 0.9848
vn -0.3827 0.9098 -0.1604
vn -0.3827 0.9098 -0.1604
vn -0.0000 -0.1736 -0.9848
vn 0.0000 -0.1736 -0.9848
vn 0.6088 -0.7813 0.1378
vn 0.6088 -0.7813 0.1378
vn -0.0000 0.1736 0.9848
vn -0.0000 0.1736 0.9848
vn -0.6088 0.7813 -0.1378
vn -0.6088 0.7813 -0.1378
vn 0.0000 -0.1736 -0.9848
vn -0.0000 -0.1736 -0.9848
vn 0.7934 -0.5995 0.1057
vn 0.7934 -0.5995 0.1057
vn -0.0000 0.1736 0.9848
vn 0.0000 0.1736 0.9848
vn -0.7934 0.5995 -0.1057
vn -0.7934 0.5995 -0.1057
vn -0.0000 -0.1736 -0.9848
vn 0.0000 -0.1736 -0.9848
vn 0.9239 -0.3769 0.0665
vn 0.9239 -0.3769 0.0665
vn 0.0000 0.1736 0.9848
vn -0.0000 0.1736 0.9848
vn -0.9239 0.3769 -0.0665
vn -0.9239 0.3769 -0.0665
vn 0.0000 -0.1736 -0.9848
vn 0.0000 -0.1736 -0.9848
vn 0.9914 -0.1285 0.0227
vn 0.9914 -0.1285 0.0227
vn -0.0000 0.1736 0.9848
vn 0.0000 0.1736 0.9848
vn -0.9914 0.1285 -0.0227
vn -0.9914 0.1285 -0.0227
vn 0.0000 -0.1736 -0.9848
vn 0.0000 -0.1736 -0.9848
vn 0.9914 0.1285 -0.0227
vn 0.9914 0.1285 -0.0227
vn 0.0000 0.1736 0.9848
vn -0.0000 0.1736 0.9848
vn -0.9914 -0.1285 0.0227
vn -0.9914 -0.1285 0.0227
vn 0.0000 -0.1736 -0.9848
vn -0.0000 -0.1736 -0.9848
vn 0.9239 0.3769 -0.0665
vn 0.9239 0.3769 -0.0665
vn -0.0000 0.1736 0.9848
vn 0.0000 0.1736 0.9848
vn -0.9239 -0.3769 0.0665
vn -0.9239 -0.3769 0.0665
vn -0.0000 -0.1736 -0.9848
vn -0.0000 -0.1736 -0.9848
vn 0.7934 0.5995 -0.1057
vn 0.7934 0.5995 -0.1057
vn 0.0000 0.1736 0.9848
vn -0.0000 0.1736 0.9848
vn -0.7934 -0.5995 0.1057
vn -0.7934 -0.5995 0.1057
vn -0.0000 -0.1736 -0.9848
vn 0.0000 -0.1736 -0.9848
vn 0.6088 0.7813 -0.1378
vn 0.6088 0.7813 -0.1378
vn -0.0000 0.1736 0.9848
vn 0.0000 0.1736 0.9848
vn -0.6088 -0.7813 0.1378
vn -0.6088 -0.7813 0.1378
vn 0.0000 -0.1736 -0.9848
vn 0.0000 -0.1736 -0.9848
vn 0.3827 0.9098 -0.1604
vn 0.3827 0.9098 -0.1604
vn 0.0000 0.1736 0.9848
vn 0.0000 0.1736 0.9848
vn -0.3827 -0.9098 0.1604
vn -0.3827 -0.9098 0.1604
vn 0.0000 -0.1736 -0.9848
vn 0.0000 -0.1736 -0.9848
vn 0.1305 0.9764 -0.1722
vn 0.1305 0.9764 -0.1722
vn 0.0000 0.1736 0.9848
vn 0.0000 0.1736 0.9848
vn -0.1305 -0.9764 0.1722
vn -0.1305 -0.9764 0.1722
vn -0.0000 -0.1736 -0.9848
vn -0.0000 -0.1736 -0.9848
vn -0.1305 0.9764 -0.1722
vn -0.1305 0.9764 -0.1722
vn -0.0000 0.1736 0.9848
vn -0.0000 0.1736 0.9848
vn 0.1305 -0.9764 0.1722
vn 0.1305 -0.9764 0.1722
vn -0.0000 -0.1736 -0.9848
vn 0.0000 -0.1736 -0.9848
vn -0.3827 0.9098 -0.1604
vn -0.3827 0.9098 -0.1604
vn -0.0000 0.1736 0.9848
vn -0.0000 0.1736 0.9848
vn 0.3827 -0.9098 0.1604
vn 0.3827 -0.9098 0.1604
vn 0.0000 -0.1736 -0.9848
vn -0.0000 -0.1736 -0.9848
vn -0.6088 0.7813 -0.1378
vn -0.6088 0.7813 -0.1378
vn 0.0000 0.1736 0.9848
vn -0.0000 0.1736 0.9848
vn 0.6088 -0.7813 0.1378
vn 0.6088 -0.7813 0.1378
vn -0.0000 -0.1736 -0.9848
vn 0.0000 -0.1736 -0.9848
vn -0.7934 0.5995 -0.1057
vn -0.7934 0.5995 -0.1057
vn -0.0000 0.1736 0.9848
vn -0.0000 0.1736 0.9848
vn 0.7934 -0.5995 0.1057
vn 0.7934 -0.5995 0.1057
vn 0.0000 -0.1736 -0.9848
vn -0.0000 -0.1736 -0.9848
vn -0.9239 0.3769 -0.0665
vn -0.9239 0.3769 -0.0665
vn -0.0000 0.1736 0.9848
vn -0.0000 0.1736 0.9848
vn 0.9239 -0.3769 0.0665
vn 0.9239 -0.3769 0.0665
vn -0.0000 -0.1736 -0.9848
vn 0.0000 -0.1736 -0.9848
vn -0.9914 0.1285 -0.0227
vn -0.9914 0.1285 -0.0227
vn -0.0000 0.1736 0.9848
vn 0.0000 0.1736 0.9848
vn 0.9914 -0.1285 0.0227
vn 0.9914 -0.1285 0.0227
vn -0.0000 -0.1736 -0.9848
vn 0.0000 -0.1736 -0.9848
vn -0.9914 -0.1285 0.0227
vn -0.9914 -0.1285 0.0227
vn -0.0000 0.1736 0.9848
vn 0.0000 0.1736 0.9848
vn 0.9914 0.1285 -0.0227
vn 0.9914 0.1285 -0.0227
vn 0.0000 -0.1736 -0.9848
vn 0.0000 -0.1736 -0.9848
vn -0.9239 -0.3769 0.0665
vn -0.9239 -0.3769 0.0665
vn 0.0000 0.1736 0.9848
vn -0.0000 0.1736 0.9848
vn 0.9239 0.3769 -0.0665
vn 0.9239 0.3769 -0.0665
vn 0.0000 -0.1736 -0.9848
vn 0.0000 -0.1736 -0.9848
vn -0.7934 -0.5995 0.1057
vn -0.7934 -0.5995 0.1057
vn -0.0000 0.1736 0.9848
vn 0.0000 0.1736 0.9848
vn 0.7934 0.5995 -0.1057
vn 0.7934 0.5995 -0.1057
vn 0.0000 -0.1736 -0.9848
vn -0.0000 -0.1736 -0.9848
vn -0.6088 -0.7813 0.1378
vn -0.6088 -0.7813 0.1378
vn 0.0000 0.1736 0.9848
vn 0.0000 0.1736 0.9848
vn 0.6088 0.7813 -0.1378
vn 0.6088 0.7813 -0.1378
vn -0.0000 -0.1736 -0.9848
vn 0.0000 -0.1736 -0.9848
vn -0.3827 -0.9098 0.1604
vn -0.3827 -0.9098 0.1604
vn 0.0000 0.1736 0.9848
vn -0.0000 0.1736 0.9848
vn 0.3827 0.9098 -0.1604
vn 0.3827 0.9098 -0.1604
vn 0.0000 -0.1736 -0.9848
vn 0.0000 -0.1736 -0.9848
vn -0.1305 -0.9764 0.1722
vn -0.1305 -0.9764 0.1722
vn -0.0000 0.1736 0.9848
vn 0.0000 0.1736 0.9848
vn 0.1305 0.9764 -0.1722
vn 0.1305 0.9764 -0.1722
vn -0.0000 -0.1736 -0.9848
vn -0.0000 -0.1736 -0.9848
vn 0.1305 -0.9764 0.1722
vn 0.1305 -0.9764 0.1722
vn 0.0000 0.1736 0.9848
vn 0.0000 0.1736 0.9848
vn -0.1305 0.9764 -0.1722
vn -0.1305 0.9764 -0.1722
vn -0.0000 -0.1736 -0.9848
vn 0.0000 -0.1736 -0.9848
vn 0.3827 -0.9098 0.1604
vn 0.3827 -0.9098 0.1604
vn 0.0000 0.1736 0.9848
vn -0.0000 0.1736 0.9848
vn -0.3827 0.9098 -0.1604
vn -0.3827 0.9098 -0.1604
vn 0.0000 -0.1736 -0.9848
vn -0.0000 -0.1736 -0.9848
vn 0.6088 -0.7813 0.1378
vn 0.6088 -0.7813 0.1378
vn -0.0000 0.1736 0.9848
vn -0.0000 0.1736 0.9848
vn -0.6088 0.7813 -0.1378
vn -0.6088 0.7813 -0.1378
vn -0.0000 -0.1736 -0.9848
vn -0.0000 -0.1736 -0.9848
vn 0.7934 -0.5995 0.1057
vn 0.7934 -0.5995 0.1057
vn -0.0000 0.1736 0.9848
vn 0.0000 0.1736 0.9848
vn -0.7934 0.5995 -0.1057
vn -0.7934 0.5995 -0.1057
vn -0.0000 -0.1736 -0.9848
vn -0.0000 -0.1736 -0.9848
vn 0.9239 -0.3769 0.0665
vn 0.9239 -0.3769 0.0665
vn 0.0000 0.1736 0.9848
vn 0.0000 0.1736 0.9848
vn -0.9239 0.3769 -0.0665
vn -0.9239 0.3769 -0.0665
vn -0.0000 -0.1736 -0.9848
vn 0.0000 -0.1736 -0.9848
vn 0.9914 -0.1285 0.0227
vn 0.9914 -0.1285 0.0227
vn 0.0000 0.1736 0.9848
vn 0.0000 0.1736 0.9848
vn -0.9914 0.1285 -0.0227
vn -0.9914 0.1285 -0.0227
vn 0.0000 -0.1736 -0.9848
vn 0.0000 -0.1736 -0.9848
vn 0.9914 0.1285 -0.0227
vn 0.9914 0.1285 -0.0227
vn 0.0000 0.1736 0.9848
vn 0.0000 0.1736 0.9848
vn -0.9914 -0.1285 0.0227
vn -0.9914 -0.1285 0.0227
vn 0.0000 -0.1736 -0.9848
vn -0.0000 -0.1736 -0.9848
vn 0.9239 0.3769 -0.0665
vn 0.9239 0.3769 -0.0665
vn 0.0000 0.1736 0.9848
vn -0.0000 0.1736 0.9848
vn -0.9239 -0.3769 0.0665
vn -0.9239 -0.3769 0.0665
vn -0.0000 -0.1736 -0.9848
vn 0.0000 -0.1736 -0.9848
vn 0.7934 0.5995 -0.1057
vn 0.7934 0.5995 -0.1057
vn -0.0000 0.1736 0.9848
vn 0.0000 0.1736 0.9848
vn -0.7934 -0.5995 0.1057
vn -0.7934 -0.5995 0.1057
vn 0.0000 -0.1736 -0.9848
vn 0.0000 -0.1736 -0.9848
vn 0.6088 0.7813 -0.1378
vn 0.6088 0.7813 -0.1378
vn 0.0000 0.1736 0.9848
vn -0.0000 0.1736 0.9848
vn -0.6088 -0.7813 0.1378
vn -0.6088 -0.7813 0.1378
vn 0.0000 -0.1736 -0.9848
vn 0.0000 -0.1736 -0.9848
vn 0.3827 0.9098 -0.1604
vn 0.3827 0.9098 -0.1604
vn -0.0000 0.1736 0.9848
vn 0.0000 0.1736 0.9848
vn -0.3827 -0.9098 0.1604
vn -0.3827 -0.9098 0.1604
vn 0.0000 -0.1736 -0.9848
vn 0.0000 -0.1736 -0.9848
vn 0.1305 0.9764 -0.1722
vn 0.1305 0.9764 -0.1722
vn 0.0000 0.1736 0.9848
vn 0.0000 0.1736 0.9848
vn -0.1305 -0.9764 0.1722
vn -0.1305 -0.9764 0.1722
vn 0.0000 -0.1736 -0.9848
vn -0.0000 -0.1736 -0.9848
vn -0.1305 0.9764 -0.1722
vn -0.1305 0.9764 -0.1722
vn -0.0000 0.1736 0.9848
vn -0.0000 0.1736 0.9848
vn 0.1305 -0.9764 0.1722
vn 0.1305 -0.9764 0.1722
vn -0.0000 -0.1736 -0.9848
vn 0.0000 -0.1736 -0.9848
vn -0.3827 0.9098 -0.1604
vn -0.3827 0.9098 -0.1604
vn -0.0000 0.1736 0.9848
vn -0.0000 0.1736 0.9848
vn 0.3827 -0.9098 0.1604
vn 0.3827 -0.9098 0.1604
vn -0.0000 -0.1736 -0.9848
vn 0.0000 -0.1736 -0.9848
vn -0.6088 0.7813 -0.1378
vn -0.6088 0.7813 -0.1378
vn -0.0000 0.1736 0.9848
vn 0.0000 0.1736 0.9848
vn 0.6088 -0.7813 0.1378
vn 0.6088 -0.7813 0.1378
vn 0.0000 -0.1736 -0.9848
vn -0.0000 -0.1736 -0.9848
vn -0.7934 0.5995 -0.1057
vn -0.7934 0.5995 -0.1057
vn 0.0000 0.1736 0.9848
vn -0.0000 0.1736 0.9848
vn 0.7934 -0.5995 0.1057
vn 0.7934 -0.5995 0.1057
vn -0.0000 -0.1736 -0.9848
vn -0.0000 -0.1736 -0.9848
vn -0.9239 0.3769 -0.0665
vn -0.9239 0.3769 -0.0665
vn -0.0000 0.1736 0.9848
vn 0.0000 0.1736 0.9848
vn 0.9239 -0.3769 0.0665
vn 0.9239 -0.3769 0.0665
vn -0.0000 -0.1736 -0.9848
vn 0.0000 -0.1736 -0.9848
vn -0.9914 0.1285 -0.0227
vn -0.9914 0.1285 -0.0227
vn 0.0000 0.1736 0.9848
vn 0.0000 0.1736 0.9848
vn 0.9914 -0.1285 0.0227
vn 0.9914 -0.1285 0.0227
vn 0.9914 0.1285 -0.0227
vn 0.9914 0.1285 -0.0227
vn 0.9239 0.3769 -0.0665
vn 0.9239 0.3769 -0.0665
vn 0.7934 0.5995 -0.1057
vn 0.7934 0.5995 -0.1057
vn 0.6088 0.7813 -0.1378
vn 0.6088 0.7813 -0.1378
vn 0.3827 0.9098 -0.1604
vn 0.3827 0.9098 -0.1604
vn 0.1305 0.9764 -0.1722
vn 0.1305 0.9764 -0.1722
vn -0.1305 0.9764 -0.1722
vn -0.1305 0.9764 -0.1722
vn -0.3827 0.9098 -0.1604
vn -0.3827 0.9098 -0.1604
vn -0.6088 0.7813 -0.1378
vn -0.6088 0.7813 -0.1378
vn -0.7934 0.5995 -0.1057
vn -0.7934 0.5995 -0.1057
vn -0.9239 0.3769 -0.0665
vn -0.9239 0.3769 -0.0665
vn -0.9914 0.1285 -0.0227
vn -0.9914 0.1285 -0.0227
vn -0.9914 -0.1285 0.0227
vn -0.9914 -0.1285 0.0227
vn -0.9239 -0.3769 0.0665
vn -0.9239 -0.3769 0.0665
vn -0.7934 -0.5995 0.1057
vn -0.7934 -0.5995 0.1057
vn -0.6088 -0.7813 0.1378
vn -0.6088 -0.7813 0.1378
vn -0.3827 -0.9098 0.1604
vn -0.3827 -0.9098 0.1604
vn -0.1305 -0.9764 0.1722
vn -0.1305 -0.9764 0.1722
vn 0.1305 -0.9764 0.1722
vn 0.1305 -0.9764 0.1722
vn 0.3827 -0.9098 0.1604
vn 0.3827 -0.9098 0.1604
vn 0.6088 -0.7813 0.1378
vn 0.6088 -0.7813 0.1378
vn 0.7934 -0.5995 0.1057
vn 0.7934 -0.5995 0.1057
vn 0.9239 -0.3769 0.0665
vn 0.9239 -0.3769 0.0665
vn 0.9914 -0.1285 0.0227
vn 0.9914 -0.1285 0.0227
vn -0.0000 0.1736 0.9848
vn -0.0000 0.1736 0.9848
vn 0.0000 0.1736 0.9848
vn -0.0000 0.1736 0.9848
vn 0.0000 0.1736 0.9848
vn -0.0000 0.1736 0.9848
vn 0.0000 0.1736 0.9848
vn -0.0000 0.1736 0.9848
vn 0.0000 0.1736 0.9848
vn 0.0000 0.1736 0.9848
vn 0.0000 0.1736 0.9848
vn 0.0000 0.1736 0.9848
vn -0.0000 0.1736 0.9848
vn 0.0000 0.1736 0.9848
vn -0.0000 0.1736 0.9848
vn 0.0000 0.1736 0.9848
vn -0.0000 0.1736 0.9848
vn 0.0000 0.1736 0.9848
vn -0.0000 0.1736 0.9848
vn 0.0000 0.1736 0.9848
vn -0.0000 0.1736 0.9848
vn 0.0000 0.1736 0.9848
vn 0.0000 0.1736 0.9848
vn -0.0000 0.1736 0.9848
vn 0.0000 0.1736 0.9848
vn -0.0000 0.1736 0.9848
vn -0.0000 0.1736 0.9848
vn 0.0000 0.1736 0.9848
vn -0.0000 0.1736 0.9848
vn 0.0000 -0.1736 -0.9848
vn 0.0874 0.9810 -0.1730
vn 0.0874 0.9810 -0.1730
vn -0.9397 -0.3368 0.0594
vn -0.9397 -0.3368 0.0594
vn 0.7767 -0.6202 0.1094
vn 0.7767 -0.6202 0.1094
vn -0.0000 0.1736 0.9848
vn 0.0000 -0.1736 -0.9848
vn -0.0753 0.9820 -0.1732
vn -0.0753 0.9820 -0.1732
vn -0.8718 -0.4824 0.0851
vn -0.8718 -0.4824 0.0851
vn 0.8686 -0.4880 0.0860
vn 0.8686 -0.4880 0.0860
vn -0.0000 0.1736 0.9848
vn -0.0000 -0.1736 -0.9848
vn -0.2360 0.9570 -0.1687
vn -0.2360 0.9570 -0.1687
vn -0.7808 -0.6153 0.1085
vn -0.7808 -0.6153 0.1085
vn 0.9375 -0.3428 0.0604
vn 0.9375 -0.3428 0.0604
vn -0.0000 0.1736 0.9848
vn 0.0000 -0.1736 -0.9848
vn -0.3905 0.9066 -0.1599
vn -0.3905 0.9066 -0.1599
vn -0.6691 -0.7319 0.1290
vn -0.6691 -0.7319 0.1290
vn 0.9815 -0.1885 0.0332
vn 0.9815 -0.1885 0.0332
vn -0.0000 0.1736 0.9848
vn 0.0000 -0.1736 -0.9848
vn -0.5346 0.8323 -0.1468
vn -0.5346 0.8323 -0.1468
vn -0.5398 -0.8290 0.1462
vn -0.5398 -0.8290 0.1462
vn 0.9996 -0.0293 0.0052
vn 0.9996 -0.0293 0.0052
vn 0.0000 0.1736 0.9848
vn 0.0000 -0.1736 -0.9848
vn -0.6646 0.7359 -0.1298
vn -0.6646 0.7359 -0.1298
vn -0.3961 -0.9043 0.1594
vn -0.3961 -0.9043 0.1594
vn 0.9911 0.1308 -0.0231
vn 0.9911 0.1308 -0.0231
vn -0.0000 0.1736 0.9848
vn 0.0000 -0.1736 -0.9848
vn -0.7770 0.6200 -0.1093
vn -0.7770 0.6200 -0.1093
vn -0.2419 -0.9556 0.1685
vn -0.2419 -0.9556 0.1685
vn 0.9565 0.2873 -0.0507
vn 0.9565 0.2873 -0.0507
vn -0.0000 0.1736 0.9848
vn 0.0000 -0.1736 -0.9848
vn -0.8688 0.4877 -0.0860
vn -0.8688 0.4877 -0.0860
vn -0.0814 -0.9815 0.1731
vn -0.0814 -0.9815 0.1731
vn 0.8965 0.4363 -0.0769
vn 0.8965 0.4363 -0.0769
vn 0.0000 0.1736 0.9848
vn -0.0000 -0.1736 -0.9848
vn -0.9376 0.3425 -0.0604
vn -0.9376 0.3425 -0.0604
vn 0.0814 -0.9815 0.1731
vn 0.0814 -0.9815 0.1731
vn 0.8128 0.5737 -0.1012
vn 0.8128 0.5737 -0.1012
vn 0.0000 0.1736 0.9848
vn -0.0000 -0.1736 -0.9848
vn -0.9816 0.1882 -0.0332
vn -0.9816 0.1882 -0.0332
vn 0.2419 -0.9556 0.1685
vn 0.2419 -0.9556 0.1685
vn 0.7076 0.6959 -0.1227
vn 0.7076 0.6959 -0.1227
vn -0.0000 0.1736 0.9848
vn -0.0000 -0.1736 -0.9848
vn -0.9996 0.0289 -0.0051
vn -0.9996 0.0289 -0.0051
vn 0.3961 -0.9043 0.1594
vn 0.3961 -0.9043 0.1594
vn 0.5836 0.7997 -0.1410
vn 0.5836 0.7997 -0.1410
vn 0.0000 0.1736 0.9848
vn -0.0000 -0.1736 -0.9848
vn -0.9911 -0.1311 0.0231
vn -0.9911 -0.1311 0.0231
vn 0.5398 -0.8290 0.1462
vn 0.5398 -0.8290 0.1462
vn 0.4442 0.8823 -0.1556
vn 0.4442 0.8823 -0.1556
vn 0.0000 0.1736 0.9848
vn -0.0000 -0.1736 -0.9848
vn -0.9564 -0.2877 0.0507
vn -0.9564 -0.2877 0.0507
vn 0.6691 -0.7319 0.1290
vn 0.6691 -0.7319 0.1290
vn 0.2930 0.9416 -0.1660
vn 0.2930 0.9416 -0.1660
vn -0.0000 0.1736 0.9848
vn 0.0000 -0.1736 -0.9848
vn -0.8964 -0.4366 0.0770
vn -0.8964 -0.4366 0.0770
vn 0.7808 -0.6153 0.1085
vn 0.7808 -0.6153 0.1085
vn 0.1340 0.9759 -0.1721
vn 0.1340 0.9759 -0.1721
vn 0.0000 0.1736 0.9848
vn -0.0000 -0.1736 -0.9848
vn -0.8126 -0.5740 0.1012
vn -0.8126 -0.5740 0.1012
vn 0.8718 -0.4824 0.0851
vn 0.8718 -0.4824 0.0851
vn -0.0285 0.9844 -0.1736
vn -0.0285 0.9844 -0.1736
vn -0.0000 0.1736 0.9848
vn -0.0000 -0.1736 -0.9848
vn -0.7073 -0.6962 0.1228
vn -0.7073 -0.6962 0.1228
vn 0.9397 -0.3368 0.0594
vn 0.9397 -0.3368 0.0594
vn -0.1902 0.9668 -0.1705
vn -0.1902 0.9668 -0.1705
usemtl Mat_Metal
f 3761//5233 3762//5233 3738//5233
f 3761//5234 3738//5234 3737//5234
f 3762//5235 3763//5235 3739//5235
f 3762//5236 3739//5236 3738//5236
f 3763//5237 3764//5237 3740//5237
f 3763//5238 3740//5238 3739//5238
f 3764//5239 3765//5239 3741//5239
f 3764//5240 3741//5240 3740//5240
f 3765//5241 3766//5241 3742//5241
f 3765//5242 3742//5242 3741//5242
f 3766//5243 3767//5243 3743//5243
f 3766//5244 3743//5244 3742//5244
f 3767//5245 3768//5245 3744//5245
f 3767//5246 3744//5246 3743//5246
f 3768//5247 3769//5247 3745//5247
f 3768//5248 3745//5248 3744//5248
f 3769//5249 3770//5249 3746//5249
f 3769//5250 3746//5250 3745//5250
f 3770//5251 3771//5251 3747//5251
f 3770//5252 3747//5252 3746//5252
f 3771//5253 3772//5253 3748//5253
f 3771//5254 3748//5254 3747//5254
f 3772//5255 3773//5255 3749//5255
f 3772//5256 3749//5256 3748//5256
f 3773//5257 3774//5257 3750//5257
f 3773//5258 3750//5258 3749//5258
f 3774//5259 3775//5259 3751//5259
f 3774//5260 3751//5260 3750//5260
f 3775//5261 3776//5261 3752//5261
f 3775//5262 3752//5262 3751//5262
f 3776//5263 3777//5263 3753//5263
f 3776//5264 3753//5264 3752//5264
f 3777//5265 3778//5265 3754//5265
f 3777//5266 3754//5266 3753//5266
f 3778//5267 3779//5267 3755//5267
f 3778//5268 3755//5268 3754//5268
f 3779//5269 3780//5269 3756//5269
f 3779//5270 3756//5270 3755//5270
f 3780//5271 3781//5271 3757//5271
f 3780//5272 3757//5272 3756//5272
f 3781//5273 3782//5273 3758//5273
f 3781//5274 3758//5274 3757//5274
f 3782//5275 3783//5275 3759//5275
f 3782//5276 3759//5276 3758//5276
f 3783//5277 3784//5277 3760//5277
f 3783//5278 3760//5278 3759//5278
f 3784//5279 3761//5279 3737//5279
f 3784//5280 3737//5280 3760//5280
f 3784//5281 3783//5281 3782//5281
f 3784//5282 3782//5282 3781//5282
f 3784//5283 3781//5283 3780//5283
f 3784//5284 3780//5284 3779//5284
f 3784//5285 3779//5285 3778//5285
f 3784//5286 3778//5286 3777//5286
f 3784//5287 3777//5287 3776//5287
f 3784//5288 3776//5288 3775//5288
f 3784//5289 3775//5289 3774//5289
f 3784//5290 3774//5290 3773//5290
f 3784//5291 3773//5291 3772//5291
f 3784//5292 3772//5292 3771//5292
f 3784//5293 3771//5293 3770//5293
f 3784//5294 3770//5294 3769//5294
f 3784//5295 3769//5295 3768//5295
f 3784//5296 3768//5296 3767//5296
f 3784//5297 3767//5297 3766//5297
f 3784//5298 3766//5298 3765//5298
f 3784//5299 3765//5299 3764//5299
f 3784//5300 3764//5300 3763//5300
f 3784//5301 3763//5301 3762//5301
f 3784//5302 3762//5302 3761//5302
f 3737//5303 3738//5303 3739//5303
f 3737//5304 3739//5304 3740//5304
f 3737//5305 3740//5305 3741//5305
f 3737//5306 3741//5306 3742//5306
f 3737//5307 3742//5307 3743//5307
f 3737//5308 3743//5308 3744//5308
f 3737//5309 3744//5309 3745//5309
f 3737//5310 3745//5310 3746//5310
f 3737//5311 3746//5311 3747//5311
f 3737//5312 3747//5312 3748//5312
f 3737//5313 3748//5313 3749//5313
f 3737//5314 3749//5314 3750//5314
f 3737//5315 3750//5315 3751//5315
f 3737//5316 3751//5316 3752//5316
f 3737//5317 3752//5317 3753//5317
f 3737//5318 3753//5318 3754//5318
f 3737//5319 3754//5319 3755//5319
f 3737//5320 3755//5320 3756//5320
f 3737//5321 3756//5321 3757//5321
f 3737//5322 3757//5322 3758//5322
f 3737//5323 3758//5323 3759//5323
f 3737//5324 3759//5324 3760//5324
f 3785//5325 3786//5325 3790//5325
f 3785//5326 3790//5326 3789//5326
f 3786//5327 3787//5327 3791//5327
f 3786//5328 3791//5328 3790//5328
f 3787//5329 3788//5329 3792//5329
f 3787//5330 3792//5330 3791//5330
f 3788//5331 3785//5331 3789//5331
f 3788//5332 3789//5332 3792//5332
f 3789//5333 3790//5333 3794//5333
f 3789//5334 3794//5334 3793//5334
f 3790//5335 3791//5335 3795//5335
f 3790//5336 3795//5336 3794//5336
f 3791//5337 3792//5337 3796//5337
f 3791//5338 3796//5338 3795//5338
f 3792//5339 3789//5339 3793//5339
f 3792//5340 3793//5340 3796//5340
f 3793//5341 3794//5341 3798//5341
f 3793//5342 3798//5342 3797//5342
f 3794//5343 3795//5343 3799//5343
f 3794//5344 3799//5344 3798//5344
f 3795//5345 3796//5345 3800//5345
f 3795//5346 3800//5346 3799//5346
f 3796//5347 3793//5347 3797//5347
f 3796//5348 3797//5348 3800//5348
f 3797//5349 3798//5349 3802//5349
f 3797//5350 3802//5350 3801//5350
f 3798//5351 3799//5351 3803//5351
f 3798//5352 3803//5352 3802//5352
f 3799//5353 3800//5353 3804//5353
f 3799//5354 3804//5354 3803//5354
f 3800//5355 3797//5355 3801//5355
f 3800//5356 3801//5356 3804//5356
f 3801//5357 3802//5357 3806//5357
f 3801//5358 3806//5358 3805//5358
f 3802//5359 3803//5359 3807//5359
f 3802//5360 3807//5360 3806//5360
f 3803//5361 3804//5361 3808//5361
f 3803//5362 3808//5362 3807//5362
f 3804//5363 3801//5363 3805//5363
f 3804//5364 3805//5364 3808//5364
f 3805//5365 3806//5365 3810//5365
f 3805//5366 3810//5366 3809//5366
f 3806//5367 3807//5367 3811//5367
f 3806//5368 3811//5368 3810//5368
f 3807//5369 3808//5369 3812//5369
f 3807//5370 3812//5370 3811//5370
f 3808//5371 3805//5371 3809//5371
f 3808//5372 3809//5372 3812//5372
f 3809//5373 3810//5373 3814//5373
f 3809//5374 3814//5374 3813//5374
f 3810//5375 3811//5375 3815//5375
f 3810//5376 3815//5376 3814//5376
f 3811//5377 3812//5377 3816//5377
f 3811//5378 3816//5378 3815//5378
f 3812//5379 3809//5379 3813//5379
f 3812//5380 3813//5380 3816//5380
f 3813//5381 3814//5381 3818//5381
f 3813//5382 3818//5382 3817//5382
f 3814//5383 3815//5383 3819//5383
f 3814//5384 3819//5384 3818//5384
f 3815//5385 3816//5385 3820//5385
f 3815//5386 3820//5386 3819//5386
f 3816//5387 3813//5387 3817//5387
f 3816//5388 3817//5388 3820//5388
f 3817//5389 3818//5389 3822//5389
f 3817//5390 3822//5390 3821//5390
f 3818//5391 3819//5391 3823//5391
f 3818//5392 3823//5392 3822//5392
f 3819//5393 3820//5393 3824//5393
f 3819//5394 3824//5394 3823//5394
f 3820//5395 3817//5395 3821//5395
f 3820//5396 3821//5396 3824//5396
f 3821//5397 3822//5397 3826//5397
f 3821//5398 3826//5398 3825//5398
f 3822//5399 3823//5399 3827//5399
f 3822//5400 3827//5400 3826//5400
f 3823//5401 3824//5401 3828//5401
f 3823//5402 3828//5402 3827//5402
f 3824//5403 3821//5403 3825//5403
f 3824//5404 3825//5404 3828//5404
f 3825//5405 3826//5405 3830//5405
f 3825//5406 3830//5406 3829//5406
f 3826//5407 3827//5407 3831//5407
f 3826//5408 3831//5408 3830//5408
f 3827//5409 3828//5409 3832//5409
f 3827//5410 3832//5410 3831//5410
f 3828//5411 3825//5411 3829//5411
f 3828//5412 3829//5412 3832//5412
f 3829//5413 3830//5413 3834//5413
f 3829//5414 3834//5414 3833//5414
f 3830//5415 3831//5415 3835//5415
f 3830//5416 3835//5416 3834//5416
f 3831//5417 3832//5417 3836//5417
f 3831//5418 3836//5418 3835//5418
f 3832//5419 3829//5419 3833//5419
f 3832//5420 3833//5420 3836//5420
f 3833//5421 3834//5421 3838//5421
f 3833//5422 3838//5422 3837//5422
f 3834//5423 3835//5423 3839//5423
f 3834//5424 3839//5424 3838//5424
f 3835//5425 3836//5425 3840//5425
f 3835//5426 3840//5426 3839//5426
f 3836//5427 3833//5427 3837//5427
f 3836//5428 3837//5428 3840//5428
f 3837//5429 3838//5429 3842//5429
f 3837//5430 3842//5430 3841//5430
f 3838//5431 3839//5431 3843//5431
f 3838//5432 3843//5432 3842//5432
f 3839//5433 3840//5433 3844//5433
f 3839//5434 3844//5434 3843//5434
f 3840//5435 3837//5435 3841//5435
f 3840//5436 3841//5436 3844//5436
f 3841//5437 3842//5437 3846//5437
f 3841//5438 3846//5438 3845//5438
f 3842//5439 3843//5439 3847//5439
f 3842//5440 3847//5440 3846//5440
f 3843//5441 3844//5441 3848//5441
f 3843//5442 3848//5442 3847//5442
f 3844//5443 3841//5443 3845//5443
f 3844//5444 3845//5444 3848//5444
f 3845//5445 3846//5445 3850//5445
f 3845//5446 3850//5446 3849//5446
f 3846//5447 3847//5447 3851//5447
f 3846//5448 3851//5448 3850//5448
f 3847//5449 3848//5449 3852//5449
f 3847//5450 3852//5450 3851//5450
f 3848//5451 3845//5451 3849//5451
f 3848//5452 3849//5452 3852//5452
f 3849//5453 3850//5453 3854//5453
f 3849//5454 3854//5454 3853//5454
f 3850//5455 3851//5455 3855//5455
f 3850//5456 3855//5456 3854//5456
f 3851//5457 3852//5457 3856//5457
f 3851//5458 3856//5458 3855//5458
f 3852//5459 3849//5459 3853//5459
f 3852//5460 3853//5460 3856//5460
f 3853//5461 3854//5461 3858//5461
f 3853//5462 3858//5462 3857//5462
f 3854//5463 3855//5463 3859//5463
f 3854//5464 3859//5464 3858//5464
f 3855//5465 3856//5465 3860//5465
f 3855//5466 3860//5466 3859//5466
f 3856//5467 3853//5467 3857//5467
f 3856//5468 3857//5468 3860//5468
f 3857//5469 3858//5469 3862//5469
f 3857//5470 3862//5470 3861//5470
f 3858//5471 3859//5471 3863//5471
f 3858//5472 3863//5472 3862//5472
f 3859//5473 3860//5473 3864//5473
f 3859//5474 3864//5474 3863//5474
f 3860//5475 3857//5475 3861//5475
f 3860//5476 3861//5476 3864//5476
f 3861//5477 3862//5477 3866//5477
f 3861//5478 3866//5478 3865//5478
f 3862//5479 3863//5479 3867//5479
f 3862//5480 3867//5480 3866//5480
f 3863//5481 3864//5481 3868//5481
f 3863//5482 3868//5482 3867//5482
f 3864//5483 3861//5483 3865//5483
f 3864//5484 3865//5484 3868//5484
f 3865//5485 3866//5485 3870//5485
f 3865//5486 3870//5486 3869//5486
f 3866//5487 3867//5487 3871//5487
f 3866//5488 3871//5488 3870//5488
f 3867//5489 3868//5489 3872//5489
f 3867//5490 3872//5490 3871//5490
f 3868//5491 3865//5491 3869//5491
f 3868//5492 3869//5492 3872//5492
f 3869//5493 3870//5493 3874//5493
f 3869//5494 3874//5494 3873//5494
f 3870//5495 3871//5495 3875//5495
f 3870//5496 3875//5496 3874//5496
f 3871//5497 3872//5497 3876//5497
f 3871//5498 3876//5498 3875//5498
f 3872//5499 3869//5499 3873//5499
f 3872//5500 3873//5500 3876//5500
f 3873//5501 3874//5501 3878//5501
f 3873//5502 3878//5502 3877//5502
f 3874//5503 3875//5503 3879//5503
f 3874//5504 3879//5504 3878//5504
f 3875//5505 3876//5505 3880//5505
f 3875//5506 3880//5506 3879//5506
f 3876//5507 3873//5507 3877//5507
f 3876//5508 3877//5508 3880//5508
f 3877//5509 3878//5509 3786//5509
f 3877//5510 3786//5510 3785//5510
f 3878//5511 3879//5511 3787//5511
f 3878//5512 3787//5512 3786//5512
f 3879//5513 3880//5513 3788//5513
f 3879//5514 3788//5514 3787//5514
f 3880//5515 3877//5515 3785//5515
f 3880//5516 3785//5516 3788//5516
f 3881//5517 3882//5517 3886//5517
f 3881//5518 3886//5518 3885//5518
f 3882//5519 3883//5519 3887//5519
f 3882//5520 3887//5520 3886//5520
f 3883//5521 3884//5521 3888//5521
f 3883//5522 3888//5522 3887//5522
f 3884//5523 3881//5523 3885//5523
f 3884//5524 3885//5524 3888//5524
f 3885//5525 3886//5525 3890//5525
f 3885//5526 3890//5526 3889//5526
f 3886//5527 3887//5527 3891//5527
f 3886//5528 3891//5528 3890//5528
f 3887//5529 3888//5529 3892//5529
f 3887//5530 3892//5530 3891//5530
f 3888//5531 3885//5531 3889//5531
f 3888//5532 3889//5532 3892//5532
f 3889//5533 3890//5533 3894//5533
f 3889//5534 3894//5534 3893//5534
f 3890//5535 3891//5535 3895//5535
f 3890//5536 3895//5536 3894//5536
f 3891//5537 3892//5537 3896//5537
f 3891//5538 3896//5538 3895//5538
f 3892//5539 3889//5539 3893//5539
f 3892//5540 3893//5540 3896//5540
f 3893//5541 3894//5541 3898//5541
f 3893//5542 3898//5542 3897//5542
f 3894//5543 3895//5543 3899//5543
f 3894//5544 3899//5544 3898//5544
f 3895//5545 3896//5545 3900//5545
f 3895//5546 3900//5546 3899//5546
f 3896//5547 3893//5547 3897//5547
f 3896//5548 3897//5548 3900//5548
f 3897//5549 3898//5549 3902//5549
f 3897//5550 3902//5550 3901//5550
f 3898//5551 3899//5551 3903//5551
f 3898//5552 3903//5552 3902//5552
f 3899//5553 3900//5553 3904//5553
f 3899//5554 3904//5554 3903//5554
f 3900//5555 3897//5555 3901//5555
f 3900//5556 3901//5556 3904//5556
f 3901//5557 3902//5557 3906//5557
f 3901//5558 3906//5558 3905//5558
f 3902//5559 3903//5559 3907//5559
f 3902//5560 3907//5560 3906//5560
f 3903//5561 3904//5561 3908//5561
f 3903//5562 3908//5562 3907//5562
f 3904//5563 3901//5563 3905//5563
f 3904//5564 3905//5564 3908//5564
f 3905//5565 3906//5565 3910//5565
f 3905//5566 3910//5566 3909//5566
f 3906//5567 3907//5567 3911//5567
f 3906//5568 3911//5568 3910//5568
f 3907//5569 3908//5569 3912//5569
f 3907//5570 3912//5570 3911//5570
f 3908//5571 3905//5571 3909//5571
f 3908//5572 3909//5572 3912//5572
f 3909//5573 3910//5573 3914//5573
f 3909//5574 3914//5574 3913//5574
f 3910//5575 3911//5575 3915//5575
f 3910//5576 3915//5576 3914//5576
f 3911//5577 3912//5577 3916//5577
f 3911//5578 3916//5578 3915//5578
f 3912//5579 3909//5579 3913//5579
f 3912//5580 3913//5580 3916//5580
f 3913//5581 3914//5581 3918//5581
f 3913//5582 3918//5582 3917//5582
f 3914//5583 3915//5583 3919//5583
f 3914//5584 3919//5584 3918//5584
f 3915//5585 3916//5585 3920//5585
f 3915//5586 3920//5586 3919//5586
f 3916//5587 3913//5587 3917//5587
f 3916//5588 3917//5588 3920//5588
f 3917//5589 3918//5589 3922//5589
f 3917//5590 3922//5590 3921//5590
f 3918//5591 3919//5591 3923//5591
f 3918//5592 3923//5592 3922//5592
f 3919//5593 3920//5593 3924//5593
f 3919//5594 3924//5594 3923//5594
f 3920//5595 3917//5595 3921//5595
f 3920//5596 3921//5596 3924//5596
f 3921//5597 3922//5597 3926//5597
f 3921//5598 3926//5598 3925//5598
f 3922//5599 3923//5599 3927//5599
f 3922//5600 3927//5600 3926//5600
f 3923//5601 3924//5601 3928//5601
f 3923//5602 3928//5602 3927//5602
f 3924//5603 3921//5603 3925//5603
f 3924//5604 3925//5604 3928//5604
f 3925//5605 3926//5605 3930//5605
f 3925//5606 3930//5606 3929//5606
f 3926//5607 3927//5607 3931//5607
f 3926//5608 3931//5608 3930//5608
f 3927//5609 3928//5609 3932//5609
f 3927//5610 3932//5610 3931//5610
f 3928//5611 3925//5611 3929//5611
f 3928//5612 3929//5612 3932//5612
f 3929//5613 3930//5613 3934//5613
f 3929//5614 3934//5614 3933//5614
f 3930//5615 3931//5615 3935//5615
f 3930//5616 3935//5616 3934//5616
f 3931//5617 3932//5617 3936//5617
f 3931//5618 3936//5618 3935//5618
f 3932//5619 3929//5619 3933//5619
f 3932//5620 3933//5620 3936//5620
f 3933//5621 3934//5621 3938//5621
f 3933//5622 3938//5622 3937//5622
f 3934//5623 3935//5623 3939//5623
f 3934//5624 3939//5624 3938//5624
f 3935//5625 3936//5625 3940//5625
f 3935//5626 3940//5626 3939//5626
f 3936//5627 3933//5627 3937//5627
f 3936//5628 3937//5628 3940//5628
f 3937//5629 3938//5629 3942//5629
f 3937//5630 3942//5630 3941//5630
f 3938//5631 3939//5631 3943//5631
f 3938//5632 3943//5632 3942//5632
f 3939//5633 3940//5633 3944//5633
f 3939//5634 3944//5634 3943//5634
f 3940//5635 3937//5635 3941//5635
f 3940//5636 3941//5636 3944//5636
f 3941//5637 3942//5637 3946//5637
f 3941//5638 3946//5638 3945//5638
f 3942//5639 3943//5639 3947//5639
f 3942//5640 3947//5640 3946//5640
f 3943//5641 3944//5641 3948//5641
f 3943//5642 3948//5642 3947//5642
f 3944//5643 3941//5643 3945//5643
f 3944//5644 3945//5644 3948//5644
f 3945//5645 3946//5645 3950//5645
f 3945//5646 3950//5646 3949//5646
f 3946//5647 3947//5647 3951//5647
f 3946//5648 3951//5648 3950//5648
f 3947//5649 3948//5649 3952//5649
f 3947//5650 3952//5650 3951//5650
f 3948//5651 3945//5651 3949//5651
f 3948//5652 3949//5652 3952//5652
f 3949//5653 3950//5653 3954//5653
f 3949//5654 3954//5654 3953//5654
f 3950//5655 3951//5655 3955//5655
f 3950//5656 3955//5656 3954//5656
f 3951//5657 3952//5657 3956//5657
f 3951//5658 3956//5658 3955//5658
f 3952//5659 3949//5659 3953//5659
f 3952//5660 3953//5660 3956//5660
f 3953//5661 3954//5661 3958//5661
f 3953//5662 3958//5662 3957//5662
f 3954//5663 3955//5663 3959//5663
f 3954//5664 3959//5664 3958//5664
f 3955//5665 3956//5665 3960//5665
f 3955//5666 3960//5666 3959//5666
f 3956//5667 3953//5667 3957//5667
f 3956//5668 3957//5668 3960//5668
f 3957//5669 3958//5669 3962//5669
f 3957//5670 3962//5670 3961//5670
f 3958//5671 3959//5671 3963//5671
f 3958//5672 3963//5672 3962//5672
f 3959//5673 3960//5673 3964//5673
f 3959//5674 3964//5674 3963//5674
f 3960//5675 3957//5675 3961//5675
f 3960//5676 3961//5676 3964//5676
f 3961//5677 3962//5677 3966//5677
f 3961//5678 3966//5678 3965//5678
f 3962//5679 3963//5679 3967//5679
f 3962//5680 3967//5680 3966//5680
f 3963//5681 3964//5681 3968//5681
f 3963//5682 3968//5682 3967//5682
f 3964//5683 3961//5683 3965//5683
f 3964//5684 3965//5684 3968//5684
f 3965//5685 3966//5685 3970//5685
f 3965//5686 3970//5686 3969//5686
f 3966//5687 3967//5687 3971//5687
f 3966//5688 3971//5688 3970//5688
f 3967//5689 3968//5689 3972//5689
f 3967//5690 3972//5690 3971//5690
f 3968//5691 3965//5691 3969//5691
f 3968//5692 3969//5692 3972//5692
f 3969//5693 3970//5693 3974//5693
f 3969//5694 3974//5694 3973//5694
f 3970//5695 3971//5695 3975//5695
f 3970//5696 3975//5696 3974//5696
f 3971//5697 3972//5697 3976//5697
f 3971//5698 3976//5698 3975//5698
f 3972//5699 3969//5699 3973//5699
f 3972//5700 3973//5700 3976//5700
f 3973//5701 3974//5701 3882//5701
f 3973//5702 3882//5702 3881//5702
f 3974//5703 3975//5703 3883//5703
f 3974//5704 3883//5704 3882//5704
f 3975//5705 3976//5705 3884//5705
f 3975//5706 3884//5706 3883//5706
f 3976//5707 3973//5707 3881//5707
f 3976//5708 3881//5708 3884//5708
f 3977//5709 3978//5709 3982//5709
f 3977//5710 3982//5710 3981//5710
f 3978//5711 3979//5711 3983//5711
f 3978//5712 3983//5712 3982//5712
f 3979//5713 3980//5713 3984//5713
f 3979//5714 3984//5714 3983//5714
f 3980//5715 3977//5715 3981//5715
f 3980//5716 3981//5716 3984//5716
f 3981//5717 3982//5717 3986//5717
f 3981//5718 3986//5718 3985//5718
f 3982//5719 3983//5719 3987//5719
f 3982//5720 3987//5720 3986//5720
f 3983//5721 3984//5721 3988//5721
f 3983//5722 3988//5722 3987//5722
f 3984//5723 3981//5723 3985//5723
f 3984//5724 3985//5724 3988//5724
f 3985//5725 3986//5725 3990//5725
f 3985//5726 3990//5726 3989//5726
f 3986//5727 3987//5727 3991//5727
f 3986//5728 3991//5728 3990//5728
f 3987//5729 3988//5729 3992//5729
f 3987//5730 3992//5730 3991//5730
f 3988//5731 3985//5731 3989//5731
f 3988//5732 3989//5732 3992//5732
f 3989//5733 3990//5733 3994//5733
f 3989//5734 3994//5734 3993//5734
f 3990//5735 3991//5735 3995//5735
f 3990//5736 3995//5736 3994//5736
f 3991//5737 3992//5737 3996//5737
f 3991//5738 3996//5738 3995//5738
f 3992//5739 3989//5739 3993//5739
f 3992//5740 3993//5740 3996//5740
f 3993//5741 3994//5741 3998//5741
f 3993//5742 3998//5742 3997//5742
f 3994//5743 3995//5743 3999//5743
f 3994//5744 3999//5744 3998//5744
f 3995//5745 3996//5745 4000//5745
f 3995//5746 4000//5746 3999//5746
f 3996//5747 3993//5747 3997//5747
f 3996//5748 3997//5748 4000//5748
f 3997//5749 3998//5749 4002//5749
f 3997//5750 4002//5750 4001//5750
f 3998//5751 3999//5751 4003//5751
f 3998//5752 4003//5752 4002//5752
f 3999//5753 4000//5753 4004//5753
f 3999//5754 4004//5754 4003//5754
f 4000//5755 3997//5755 4001//5755
f 4000//5756 4001//5756 4004//5756
f 4001//5757 4002//5757 4006//5757
f 4001//5758 4006//5758 4005//5758
f 4002//5759 4003//5759 4007//5759
f 4002//5760 4007//5760 4006//5760
f 4003//5761 4004//5761 4008//5761
f 4003//5762 4008//5762 4007//5762
f 4004//5763 4001//5763 4005//5763
f 4004//5764 4005//5764 4008//5764
f 4005//5765 4006//5765 4010//5765
f 4005//5766 4010//5766 4009//5766
f 4006//5767 4007//5767 4011//5767
f 4006//5768 4011//5768 4010//5768
f 4007//5769 4008//5769 4012//5769
f 4007//5770 4012//5770 4011//5770
f 4008//5771 4005//5771 4009//5771
f 4008//5772 4009//5772 4012//5772
f 4009//5773 4010//5773 4014//5773
f 4009//5774 4014//5774 4013//5774
f 4010//5775 4011//5775 4015//5775
f 4010//5776 4015//5776 4014//5776
f 4011//5777 4012//5777 4016//5777
f 4011//5778 4016//5778 4015//5778
f 4012//5779 4009//5779 4013//5779
f 4012//5780 4013//5780 4016//5780
f 4013//5781 4014//5781 4018//5781
f 4013//5782 4018//5782 4017//5782
f 4014//5783 4015//5783 4019//5783
f 4014//5784 4019//5784 4018//5784
f 4015//5785 4016//5785 4020//5785
f 4015//5786 4020//5786 4019//5786
f 4016//5787 4013//5787 4017//5787
f 4016//5788 4017//5788 4020//5788
f 4017//5789 4018//5789 4022//5789
f 4017//5790 4022//5790 4021//5790
f 4018//5791 4019//5791 4023//5791
f 4018//5792 4023//5792 4022//5792
f 4019//5793 4020//5793 4024//5793
f 4019//5794 4024//5794 4023//5794
f 4020//5795 4017//5795 4021//5795
f 4020//5796 4021//5796 4024//5796
f 4021//5797 4022//5797 4026//5797
f 4021//5798 4026//5798 4025//5798
f 4022//5799 4023//5799 4027//5799
f 4022//5800 4027//5800 4026//5800
f 4023//5801 4024//5801 4028//5801
f 4023//5802 4028//5802 4027//5802
f 4024//5803 4021//5803 4025//5803
f 4024//5804 4025//5804 4028//5804
f 4025//5805 4026//5805 4030//5805
f 4025//5806 4030//5806 4029//5806
f 4026//5807 4027//5807 4031//5807
f 4026//5808 4031//5808 4030//5808
f 4027//5809 4028//5809 4032//5809
f 4027//5810 4032//5810 4031//5810
f 4028//5811 4025//5811 4029//5811
f 4028//5812 4029//5812 4032//5812
f 4029//5813 4030//5813 4034//5813
f 4029//5814 4034//5814 4033//5814
f 4030//5815 4031//5815 4035//5815
f 4030//5816 4035//5816 4034//5816
f 4031//5817 4032//5817 4036//5817
f 4031//5818 4036//5818 4035//5818
f 4032//5819 4029//5819 4033//5819
f 4032//5820 4033//5820 4036//5820
f 4033//5821 4034//5821 4038//5821
f 4033//5822 4038//5822 4037//5822
f 4034//5823 4035//5823 4039//5823
f 4034//5824 4039//5824 4038//5824
f 4035//5825 4036//5825 4040//5825
f 4035//5826 4040//5826 4039//5826
f 4036//5827 4033//5827 4037//5827
f 4036//5828 4037//5828 4040//5828
f 4037//5829 4038//5829 4042//5829
f 4037//5830 4042//5830 4041//5830
f 4038//5831 4039//5831 4043//5831
f 4038//5832 4043//5832 4042//5832
f 4039//5833 4040//5833 4044//5833
f 4039//5834 4044//5834 4043//5834
f 4040//5835 4037//5835 4041//5835
f 4040//5836 4041//5836 4044//5836
f 4041//5837 4042//5837 4046//5837
f 4041//5838 4046//5838 4045//5838
f 4042//5839 4043//5839 4047//5839
f 4042//5840 4047//5840 4046//5840
f 4043//5841 4044//5841 4048//5841
f 4043//5842 4048//5842 4047//5842
f 4044//5843 4041//5843 4045//5843
f 4044//5844 4045//5844 4048//5844
f 4045//5845 4046//5845 4050//5845
f 4045//5846 4050//5846 4049//5846
f 4046//5847 4047//5847 4051//5847
f 4046//5848 4051//5848 4050//5848
f 4047//5849 4048//5849 4052//5849
f 4047//5850 4052//5850 4051//5850
f 4048//5851 4045//5851 4049//5851
f 4048//5852 4049//5852 4052//5852
f 4049//5853 4050//5853 4054//5853
f 4049//5854 4054//5854 4053//5854
f 4050//5855 4051//5855 4055//5855
f 4050//5856 4055//5856 4054//5856
f 4051//5857 4052//5857 4056//5857
f 4051//5858 4056//5858 4055//5858
f 4052//5859 4049//5859 4053//5859
f 4052//5860 4053//5860 4056//5860
f 4053//5861 4054//5861 4058//5861
f 4053//5862 4058//5862 4057//5862
f 4054//5863 4055//5863 4059//5863
f 4054//5864 4059//5864 4058//5864
f 4055//5865 4056//5865 4060//5865
f 4055//5866 4060//5866 4059//5866
f 4056//5867 4053//5867 4057//5867
f 4056//5868 4057//5868 4060//5868
f 4057//5869 4058//5869 4062//5869
f 4057//5870 4062//5870 4061//5870
f 4058//5871 4059//5871 4063//5871
f 4058//5872 4063//5872 4062//5872
f 4059//5873 4060//5873 4064//5873
f 4059//5874 4064//5874 4063//5874
f 4060//5875 4057//5875 4061//5875
f 4060//5876 4061//5876 4064//5876
f 4061//5877 4062//5877 4066//5877
f 4061//5878 4066//5878 4065//5878
f 4062//5879 4063//5879 4067//5879
f 4062//5880 4067//5880 4066//5880
f 4063//5881 4064//5881 4068//5881
f 4063//5882 4068//5882 4067//5882
f 4064//5883 4061//5883 4065//5883
f 4064//5884 4065//5884 4068//5884
f 4065//5885 4066//5885 4070//5885
f 4065//5886 4070//5886 4069//5886
f 4066//5887 4067//5887 4071//5887
f 4066//5888 4071//5888 4070//5888
f 4067//5889 4068//5889 4072//5889
f 4067//5890 4072//5890 4071//5890
f 4068//5891 4065//5891 4069//5891
f 4068//5892 4069//5892 4072//5892
f 4069//5893 4070//5893 3978//5893
f 4069//5894 3978//5894 3977//5894
f 4070//5895 4071//5895 3979//5895
f 4070//5896 3979//5896 3978//5896
f 4071//5897 4072//5897 3980//5897
f 4071//5898 3980//5898 3979//5898
f 4072//5899 4069//5899 3977//5899
f 4072//5900 3977//5900 3980//5900
f 4073//5901 4074//5901 4078//5901
f 4073//5902 4078//5902 4077//5902
f 4074//5903 4075//5903 4079//5903
f 4074//5904 4079//5904 4078//5904
f 4075//5905 4076//5905 4080//5905
f 4075//5906 4080//5906 4079//5906
f 4076//5907 4073//5907 4077//5907
f 4076//5908 4077//5908 4080//5908
f 4077//5909 4078//5909 4082//5909
f 4077//5910 4082//5910 4081//5910
f 4078//5911 4079//5911 4083//5911
f 4078//5912 4083//5912 4082//5912
f 4079//5913 4080//5913 4084//5913
f 4079//5914 4084//5914 4083//5914
f 4080//5915 4077//5915 4081//5915
f 4080//5916 4081//5916 4084//5916
f 4081//5917 4082//5917 4086//5917
f 4081//5918 4086//5918 4085//5918
f 4082//5919 4083//5919 4087//5919
f 4082//5920 4087//5920 4086//5920
f 4083//5921 4084//5921 4088//5921
f 4083//5922 4088//5922 4087//5922
f 4084//5923 4081//5923 4085//5923
f 4084//5924 4085//5924 4088//5924
f 4085//5925 4086//5925 4090//5925
f 4085//5926 4090//5926 4089//5926
f 4086//5927 4087//5927 4091//5927
f 4086//5928 4091//5928 4090//5928
f 4087//5929 4088//5929 4092//5929
f 4087//5930 4092//5930 4091//5930
f 4088//5931 4085//5931 4089//5931
f 4088//5932 4089//5932 4092//5932
f 4089//5933 4090//5933 4094//5933
f 4089//5934 4094//5934 4093//5934
f 4090//5935 4091//5935 4095//5935
f 4090//5936 4095//5936 4094//5936
f 4091//5937 4092//5937 4096//5937
f 4091//5938 4096//5938 4095//5938
f 4092//5939 4089//5939 4093//5939
f 4092//5940 4093//5940 4096//5940
f 4093//5941 4094//5941 4098//5941
f 4093//5942 4098//5942 4097//5942
f 4094//5943 4095//5943 4099//5943
f 4094//5944 4099//5944 4098//5944
f 4095//5945 4096//5945 4100//5945
f 4095//5946 4100//5946 4099//5946
f 4096//5947 4093//5947 4097//5947
f 4096//5948 4097//5948 4100//5948
f 4097//5949 4098//5949 4102//5949
f 4097//5950 4102//5950 4101//5950
f 4098//5951 4099//5951 4103//5951
f 4098//5952 4103//5952 4102//5952
f 4099//5953 4100//5953 4104//5953
f 4099//5954 4104//5954 4103//5954
f 4100//5955 4097//5955 4101//5955
f 4100//5956 4101//5956 4104//5956
f 4101//5957 4102//5957 4106//5957
f 4101//5958 4106//5958 4105//5958
f 4102//5959 4103//5959 4107//5959
f 4102//5960 4107//5960 4106//5960
f 4103//5961 4104//5961 4108//5961
f 4103//5962 4108//5962 4107//5962
f 4104//5963 4101//5963 4105//5963
f 4104//5964 4105//5964 4108//5964
f 4105//5965 4106//5965 4110//5965
f 4105//5966 4110//5966 4109//5966
f 4106//5967 4107//5967 4111//5967
f 4106//5968 4111//5968 4110//5968
f 4107//5969 4108//5969 4112//5969
f 4107//5970 4112//5970 4111//5970
f 4108//5971 4105//5971 4109//5971
f 4108//5972 4109//5972 4112//5972
f 4109//5973 4110//5973 4114//5973
f 4109//5974 4114//5974 4113//5974
f 4110//5975 4111//5975 4115//5975
f 4110//5976 4115//5976 4114//5976
f 4111//5977 4112//5977 4116//5977
f 4111//5978 4116//5978 4115//5978
f 4112//5979 4109//5979 4113//5979
f 4112//5980 4113//5980 4116//5980
f 4113//5981 4114//5981 4118//5981
f 4113//5982 4118//5982 4117//5982
f 4114//5983 4115//5983 4119//5983
f 4114//5984 4119//5984 4118//5984
f 4115//5985 4116//5985 4120//5985
f 4115//5986 4120//5986 4119//5986
f 4116//5987 4113//5987 4117//5987
f 4116//5988 4117//5988 4120//5988
f 4117//5989 4118//5989 4122//5989
f 4117//5990 4122//5990 4121//5990
f 4118//5991 4119//5991 4123//5991
f 4118//5992 4123//5992 4122//5992
f 4119//5993 4120//5993 4124//5993
f 4119//5994 4124//5994 4123//5994
f 4120//5995 4117//5995 4121//5995
f 4120//5996 4121//5996 4124//5996
f 4121//5997 4122//5997 4126//5997
f 4121//5998 4126//5998 4125//5998
f 4122//5999 4123//5999 4127//5999
f 4122//6000 4127//6000 4126//6000
f 4123//6001 4124//6001 4128//6001
f 4123//6002 4128//6002 4127//6002
f 4124//6003 4121//6003 4125//6003
f 4124//6004 4125//6004 4128//6004
f 4125//6005 4126//6005 4130//6005
f 4125//6006 4130//6006 4129//6006
f 4126//6007 4127//6007 4131//6007
f 4126//6008 4131//6008 4130//6008
f 4127//6009 4128//6009 4132//6009
f 4127//6010 4132//6010 4131//6010
f 4128//6011 4125//6011 4129//6011
f 4128//6012 4129//6012 4132//6012
f 4129//6013 4130//6013 4134//6013
f 4129//6014 4134//6014 4133//6014
f 4130//6015 4131//6015 4135//6015
f 4130//6016 4135//6016 4134//6016
f 4131//6017 4132//6017 4136//6017
f 4131//6018 4136//6018 4135//6018
f 4132//6019 4129//6019 4133//6019
f 4132//6020 4133//6020 4136//6020
f 4133//6021 4134//6021 4138//6021
f 4133//6022 4138//6022 4137//6022
f 4134//6023 4135//6023 4139//6023
f 4134//6024 4139//6024 4138//6024
f 4135//6025 4136//6025 4140//6025
f 4135//6026 4140//6026 4139//6026
f 4136//6027 4133//6027 4137//6027
f 4136//6028 4137//6028 4140//6028
f 4137//6029 4138//6029 4142//6029
f 4137//6030 4142//6030 4141//6030
f 4138//6031 4139//6031 4143//6031
f 4138//6032 4143//6032 4142//6032
f 4139//6033 4140//6033 4144//6033
f 4139//6034 4144//6034 4143//6034
f 4140//6035 4137//6035 4141//6035
f 4140//6036 4141//6036 4144//6036
f 4141//6037 4142//6037 4146//6037
f 4141//6038 4146//6038 4145//6038
f 4142//6039 4143//6039 4147//6039
f 4142//6040 4147//6040 4146//6040
f 4143//6041 4144//6041 4148//6041
f 4143//6042 4148//6042 4147//6042
f 4144//6043 4141//6043 4145//6043
f 4144//6044 4145//6044 4148//6044
f 4145//6045 4146//6045 4150//6045
f 4145//6046 4150//6046 4149//6046
f 4146//6047 4147//6047 4151//6047
f 4146//6048 4151//6048 4150//6048
f 4147//6049 4148//6049 4152//6049
f 4147//6050 4152//6050 4151//6050
f 4148//6051 4145//6051 4149//6051
f 4148//6052 4149//6052 4152//6052
f 4149//6053 4150//6053 4154//6053
f 4149//6054 4154//6054 4153//6054
f 4150//6055 4151//6055 4155//6055
f 4150//6056 4155//6056 4154//6056
f 4151//6057 4152//6057 4156//6057
f 4151//6058 4156//6058 4155//6058
f 4152//6059 4149//6059 4153//6059
f 4152//6060 4153//6060 4156//6060
f 4153//6061 4154//6061 4158//6061
f 4153//6062 4158//6062 4157//6062
f 4154//6063 4155//6063 4159//6063
f 4154//6064 4159//6064 4158//6064
f 4155//6065 4156//6065 4160//6065
f 4155//6066 4160//6066 4159//6066
f 4156//6067 4153//6067 4157//6067
f 4156//6068 4157//6068 4160//6068
f 4157//6069 4158//6069 4162//6069
f 4157//6070 4162//6070 4161//6070
f 4158//6071 4159//6071 4163//6071
f 4158//6072 4163//6072 4162//6072
f 4159//6073 4160//6073 4164//6073
f 4159//6074 4164//6074 4163//6074
f 4160//6075 4157//6075 4161//6075
f 4160//6076 4161//6076 4164//6076
f 4161//6077 4162//6077 4166//6077
f 4161//6078 4166//6078 4165//6078
f 4162//6079 4163//6079 4167//6079
f 4162//6080 4167//6080 4166//6080
f 4163//6081 4164//6081 4168//6081
f 4163//6082 4168//6082 4167//6082
f 4164//6083 4161//6083 4165//6083
f 4164//6084 4165//6084 4168//6084
f 4165//6085 4166//6085 4074//6085
f 4165//6086 4074//6086 4073//6086
f 4166//6087 4167//6087 4075//6087
f 4166//6088 4075//6088 4074//6088
f 4167//6089 4168//6089 4076//6089
f 4167//6090 4076//6090 4075//6090
f 4168//6091 4165//6091 4073//6091
f 4168//6092 4073//6092 4076//6092
f 4169//6093 4170//6093 4174//6093
f 4169//6094 4174//6094 4173//6094
f 4170//6095 4171//6095 4175//6095
f 4170//6096 4175//6096 4174//6096
f 4171//6097 4172//6097 4176//6097
f 4171//6098 4176//6098 4175//6098
f 4172//6099 4169//6099 4173//6099
f 4172//6100 4173//6100 4176//6100
f 4173//6101 4174//6101 4178//6101
f 4173//6102 4178//6102 4177//6102
f 4174//6103 4175//6103 4179//6103
f 4174//6104 4179//6104 4178//6104
f 4175//6105 4176//6105 4180//6105
f 4175//6106 4180//6106 4179//6106
f 4176//6107 4173//6107 4177//6107
f 4176//6108 4177//6108 4180//6108
f 4177//6109 4178//6109 4182//6109
f 4177//6110 4182//6110 4181//6110
f 4178//6111 4179//6111 4183//6111
f 4178//6112 4183//6112 4182//6112
f 4179//6113 4180//6113 4184//6113
f 4179//6114 4184//6114 4183//6114
f 4180//6115 4177//6115 4181//6115
f 4180//6116 4181//6116 4184//6116
f 4181//6117 4182//6117 4186//6117
f 4181//6118 4186//6118 4185//6118
f 4182//6119 4183//6119 4187//6119
f 4182//6120 4187//6120 4186//6120
f 4183//6121 4184//6121 4188//6121
f 4183//6122 4188//6122 4187//6122
f 4184//6123 4181//6123 4185//6123
f 4184//6124 4185//6124 4188//6124
f 4185//6125 4186//6125 4190//6125
f 4185//6126 4190//6126 4189//6126
f 4186//6127 4187//6127 4191//6127
f 4186//6128 4191//6128 4190//6128
f 4187//6129 4188//6129 4192//6129
f 4187//6130 4192//6130 4191//6130
f 4188//6131 4185//6131 4189//6131
f 4188//6132 4189//6132 4192//6132
f 4189//6133 4190//6133 4194//6133
f 4189//6134 4194//6134 4193//6134
f 4190//6135 4191//6135 4195//6135
f 4190//6136 4195//6136 4194//6136
f 4191//6137 4192//6137 4196//6137
f 4191//6138 4196//6138 4195//6138
f 4192//6139 4189//6139 4193//6139
f 4192//6140 4193//6140 4196//6140
f 4193//6141 4194//6141 4198//6141
f 4193//6142 4198//6142 4197//6142
f 4194//6143 4195//6143 4199//6143
f 4194//6144 4199//6144 4198//6144
f 4195//6145 4196//6145 4200//6145
f 4195//6146 4200//6146 4199//6146
f 4196//6147 4193//6147 4197//6147
f 4196//6148 4197//6148 4200//6148
f 4197//6149 4198//6149 4202//6149
f 4197//6150 4202//6150 4201//6150
f 4198//6151 4199//6151 4203//6151
f 4198//6152 4203//6152 4202//6152
f 4199//6153 4200//6153 4204//6153
f 4199//6154 4204//6154 4203//6154
f 4200//6155 4197//6155 4201//6155
f 4200//6156 4201//6156 4204//6156
f 4201//6157 4202//6157 4206//6157
f 4201//6158 4206//6158 4205//6158
f 4202//6159 4203//6159 4207//6159
f 4202//6160 4207//6160 4206//6160
f 4203//6161 4204//6161 4208//6161
f 4203//6162 4208//6162 4207//6162
f 4204//6163 4201//6163 4205//6163
f 4204//6164 4205//6164 4208//6164
f 4205//6165 4206//6165 4210//6165
f 4205//6166 4210//6166 4209//6166
f 4206//6167 4207//6167 4211//6167
f 4206//6168 4211//6168 4210//6168
f 4207//6169 4208//6169 4212//6169
f 4207//6170 4212//6170 4211//6170
f 4208//6171 4205//6171 4209//6171
f 4208//6172 4209//6172 4212//6172
f 4209//6173 4210//6173 4214//6173
f 4209//6174 4214//6174 4213//6174
f 4210//6175 4211//6175 4215//6175
f 4210//6176 4215//6176 4214//6176
f 4211//6177 4212//6177 4216//6177
f 4211//6178 4216//6178 4215//6178
f 4212//6179 4209//6179 4213//6179
f 4212//6180 4213//6180 4216//6180
f 4213//6181 4214//6181 4218//6181
f 4213//6182 4218//6182 4217//6182
f 4214//6183 4215//6183 4219//6183
f 4214//6184 4219//6184 4218//6184
f 4215//6185 4216//6185 4220//6185
f 4215//6186 4220//6186 4219//6186
f 4216//6187 4213//6187 4217//6187
f 4216//6188 4217//6188 4220//6188
f 4217//6189 4218//6189 4222//6189
f 4217//6190 4222//6190 4221//6190
f 4218//6191 4219//6191 4223//6191
f 4218//6192 4223//6192 4222//6192
f 4219//6193 4220//6193 4224//6193
f 4219//6194 4224//6194 4223//6194
f 4220//6195 4217//6195 4221//6195
f 4220//6196 4221//6196 4224//6196
f 4221//6197 4222//6197 4226//6197
f 4221//6198 4226//6198 4225//6198
f 4222//6199 4223//6199 4227//6199
f 4222//6200 4227//6200 4226//6200
f 4223//6201 4224//6201 4228//6201
f 4223//6202 4228//6202 4227//6202
f 4224//6203 4221//6203 4225//6203
f 4224//6204 4225//6204 4228//6204
f 4225//6205 4226//6205 4230//6205
f 4225//6206 4230//6206 4229//6206
f 4226//6207 4227//6207 4231//6207
f 4226//6208 4231//6208 4230//6208
f 4227//6209 4228//6209 4232//6209
f 4227//6210 4232//6210 4231//6210
f 4228//6211 4225//6211 4229//6211
f 4228//6212 4229//6212 4232//6212
f 4229//6213 4230//6213 4234//6213
f 4229//6214 4234//6214 4233//6214
f 4230//6215 4231//6215 4235//6215
f 4230//6216 4235//6216 4234//6216
f 4231//6217 4232//6217 4236//6217
f 4231//6218 4236//6218 4235//6218
f 4232//6219 4229//6219 4233//6219
f 4232//6220 4233//6220 4236//6220
f 4233//6221 4234//6221 4238//6221
f 4233//6222 4238//6222 4237//6222
f 4234//6223 4235//6223 4239//6223
f 4234//6224 4239//6224 4238//6224
f 4235//6225 4236//6225 4240//6225
f 4235//6226 4240//6226 4239//6226
f 4236//6227 4233//6227 4237//6227
f 4236//6228 4237//6228 4240//6228
f 4237//6229 4238//6229 4242//6229
f 4237//6230 4242//6230 4241//6230
f 4238//6231 4239//6231 4243//6231
f 4238//6232 4243//6232 4242//6232
f 4239//6233 4240//6233 4244//6233
f 4239//6234 4244//6234 4243//6234
f 4240//6235 4237//6235 4241//6235
f 4240//6236 4241//6236 4244//6236
f 4241//6237 4242//6237 4246//6237
f 4241//6238 4246//6238 4245//6238
f 4242//6239 4243//6239 4247//6239
f 4242//6240 4247//6240 4246//6240
f 4243//6241 4244//6241 4248//6241
f 4243//6242 4248//6242 4247//6242
f 4244//6243 4241//6243 4245//6243
f 4244//6244 4245//6244 4248//6244
f 4245//6245 4246//6245 4250//6245
f 4245//6246 4250//6246 4249//6246
f 4246//6247 4247//6247 4251//6247
f 4246//6248 4251//6248 4250//6248
f 4247//6249 4248//6249 4252//6249
f 4247//6250 4252//6250 4251//6250
f 4248//6251 4245//6251 4249//6251
f 4248//6252 4249//6252 4252//6252
f 4249//6253 4250//6253 4254//6253
f 4249//6254 4254//6254 4253//6254
f 4250//6255 4251//6255 4255//6255
f 4250//6256 4255//6256 4254//6256
f 4251//6257 4252//6257 4256//6257
f 4251//6258 4256//6258 4255//6258
f 4252//6259 4249//6259 4253//6259
f 4252//6260 4253//6260 4256//6260
f 4253//6261 4254//6261 4258//6261
f 4253//6262 4258//6262 4257//6262
f 4254//6263 4255//6263 4259//6263
f 4254//6264 4259//6264 4258//6264
f 4255//6265 4256//6265 4260//6265
f 4255//6266 4260//6266 4259//6266
f 4256//6267 4253//6267 4257//6267
f 4256//6268 4257//6268 4260//6268
f 4257//6269 4258//6269 4262//6269
f 4257//6270 4262//6270 4261//6270
f 4258//6271 4259//6271 4263//6271
f 4258//6272 4263//6272 4262//6272
f 4259//6273 4260//6273 4264//6273
f 4259//6274 4264//6274 4263//6274
f 4260//6275 4257//6275 4261//6275
f 4260//6276 4261//6276 4264//6276
f 4261//6277 4262//6277 4170//6277
f 4261//6278 4170//6278 4169//6278
f 4262//6279 4263//6279 4171//6279
f 4262//6280 4171//6280 4170//6280
f 4263//6281 4264//6281 4172//6281
f 4263//6282 4172//6282 4171//6282
f 4264//6283 4261//6283 4169//6283
f 4264//6284 4169//6284 4172//6284
usemtl Mat_HeroRed
f 4289//6285 4290//6285 4266//6285
f 4289//6286 4266//6286 4265//6286
f 4290//6287 4291//6287 4267//6287
f 4290//6288 4267//6288 4266//6288
f 4291//6289 4292//6289 4268//6289
f 4291//6290 4268//6290 4267//6290
f 4292//6291 4293//6291 4269//6291
f 4292//6292 4269//6292 4268//6292
f 4293//6293 4294//6293 4270//6293
f 4293//6294 4270//6294 4269//6294
f 4294//6295 4295//6295 4271//6295
f 4294//6296 4271//6296 4270//6296
f 4295//6297 4296//6297 4272//6297
f 4295//6298 4272//6298 4271//6298
f 4296//6299 4297//6299 4273//6299
f 4296//6300 4273//6300 4272//6300
f 4297//6301 4298//6301 4274//6301
f 4297//6302 4274//6302 4273//6302
f 4298//6303 4299//6303 4275//6303
f 4298//6304 4275//6304 4274//6304
f 4299//6305 4300//6305 4276//6305
f 4299//6306 4276//6306 4275//6306
f 4300//6307 4301//6307 4277//6307
f 4300//6308 4277//6308 4276//6308
f 4301//6309 4302//6309 4278//6309
f 4301//6310 4278//6310 4277//6310
f 4302//6311 4303//6311 4279//6311
f 4302//6312 4279//6312 4278//6312
f 4303//6313 4304//6313 4280//6313
f 4303//6314 4280//6314 4279//6314
f 4304//6315 4305//6315 4281//6315
f 4304//6316 4281//6316 4280//6316
f 4305//6317 4306//6317 4282//6317
f 4305//6318 4282//6318 4281//6318
f 4306//6319 4307//6319 4283//6319
f 4306//6320 4283//6320 4282//6320
f 4307//6321 4308//6321 4284//6321
f 4307//6322 4284//6322 4283//6322
f 4308//6323 4309//6323 4285//6323
f 4308//6324 4285//6324 4284//6324
f 4309//6325 4310//6325 4286//6325
f 4309//6326 4286//6326 4285//6326
f 4310//6327 4311//6327 4287//6327
f 4310//6328 4287//6328 4286//6328
f 4311//6329 4312//6329 4288//6329
f 4311//6330 4288//6330 4287//6330
f 4312//6331 4289//6331 4265//6331
f 4312//6332 4265//6332 4288//6332
f 4265//6333 4266//6333 4267//6333
f 4265//6334 4267//6334 4268//6334
f 4265//6335 4268//6335 4269//6335
f 4265//6336 4269//6336 4270//6336
f 4265//6337 4270//6337 4271//6337
f 4265//6338 4271//6338 4272//6338
f 4265//6339 4272//6339 4273//6339
f 4265//6340 4273//6340 4274//6340
f 4265//6341 4274//6341 4275//6341
f 4265//6342 4275//6342 4276//6342
f 4265//6343 4276//6343 4277//6343
f 4265//6344 4277//6344 4278//6344
f 4265//6345 4278//6345 4279//6345
f 4265//6346 4279//6346 4280//6346
f 4265//6347 4280//6347 4281//6347
f 4265//6348 4281//6348 4282//6348
f 4265//6349 4282//6349 4283//6349
f 4265//6350 4283//6350 4284//6350
f 4265//6351 4284//6351 4285//6351
f 4265//6352 4285//6352 4286//6352
f 4265//6353 4286//6353 4287//6353
f 4265//6354 4287//6354 4288//6354
usemtl Mat_Bone
f 4313//6355 4314//6355 4315//6355
f 4313//6356 4315//6356 4316//6356
f 4317//6357 4318//6357 4319//6357
f 4317//6358 4319//6358 4320//6358
f 4321//6359 4322//6359 4323//6359
f 4321//6360 4323//6360 4324//6360
usemtl Mat_Chrome
f 4325//6361 4326//6361 4327//6361
f 4330//6362 4329//6362 4328//6362
f 4325//6363 4328//6363 4329//6363
f 4325//6364 4329//6364 4326//6364
f 4326//6365 4329//6365 4330//6365
f 4326//6366 4330//6366 4327//6366
f 4327//6367 4330//6367 4328//6367
f 4327//6368 4328//6368 4325//6368
f 4331//6369 4332//6369 4333//6369
f 4336//6370 4335//6370 4334//6370
f 4331//6371 4334//6371 4335//6371
f 4331//6372 4335//6372 4332//6372
f 4332//6373 4335//6373 4336//6373
f 4332//6374 4336//6374 4333//6374
f 4333//6375 4336//6375 4334//6375
f 4333//6376 4334//6376 4331//6376
f 4337//6377 4338//6377 4339//6377
f 4342//6378 4341//6378 4340//6378
f 4337//6379 4340//6379 4341//6379
f 4337//6380 4341//6380 4338//6380
f 4338//6381 4341//6381 4342//6381
f 4338//6382 4342//6382 4339//6382
f 4339//6383 4342//6383 4340//6383
f 4339//6384 4340//6384 4337//6384
f 4343//6385 4344//6385 4345//6385
f 4348//6386 4347//6386 4346//6386
f 4343//6387 4346//6387 4347//6387
f 4343//6388 4347//6388 4344//6388
f 4344//6389 4347//6389 4348//6389
f 4344//6390 4348//6390 4345//6390
f 4345//6391 4348//6391 4346//6391
f 4345//6392 4346//6392 4343//6392
f 4349//6393 4350//6393 4351//6393
f 4354//6394 4353//6394 4352//6394
f 4349//6395 4352//6395 4353//6395
f 4349//6396 4353//6396 4350//6396
f 4350//6397 4353//6397 4354//6397
f 4350//6398 4354//6398 4351//6398
f 4351//6399 4354//6399 4352//6399
f 4351//6400 4352//6400 4349//6400
f 4355//6401 4356//6401 4357//6401
f 4360//6402 4359//6402 4358//6402
f 4355//6403 4358//6403 4359//6403
f 4355//6404 4359//6404 4356//6404
f 4356//6405 4359//6405 4360//6405
f 4356//6406 4360//6406 4357//6406
f 4357//6407 4360//6407 4358//6407
f 4357//6408 4358//6408 4355//6408
f 4361//6409 4362//6409 4363//6409
f 4366//6410 4365//6410 4364//6410
f 4361//6411 4364//6411 4365//6411
f 4361//6412 4365//6412 4362//6412
f 4362//6413 4365//6413 4366//6413
f 4362//6414 4366//6414 4363//6414
f 4363//6415 4366//6415 4364//6415
f 4363//6416 4364//6416 4361//6416
f 4367//6417 4368//6417 4369//6417
f 4372//6418 4371//6418 4370//6418
f 4367//6419 4370//6419 4371//6419
f 4367//6420 4371//6420 4368//6420
f 4368//6421 4371//6421 4372//6421
f 4368//6422 4372//6422 4369//6422
f 4369//6423 4372//6423 4370//6423
f 4369//6424 4370//6424 4367//6424
f 4373//6425 4374//6425 4375//6425
f 4378//6426 4377//6426 4376//6426
f 4373//6427 4376//6427 4377//6427
f 4373//6428 4377//6428 4374//6428
f 4374//6429 4377//6429 4378//6429
f 4374//6430 4378//6430 4375//6430
f 4375//6431 4378//6431 4376//6431
f 4375//6432 4376//6432 4373//6432
f 4379//6433 4380//6433 4381//6433
f 4384//6434 4383//6434 4382//6434
f 4379//6435 4382//6435 4383//6435
f 4379//6436 4383//6436 4380//6436
f 4380//6437 4383//6437 4384//6437
f 4380//6438 4384//6438 4381//6438
f 4381//6439 4384//6439 4382//6439
f 4381//6440 4382//6440 4379//6440
f 4385//6441 4386//6441 4387//6441
f 4390//6442 4389//6442 4388//6442
f 4385//6443 4388//6443 4389//6443
f 4385//6444 4389//6444 4386//6444
f 4386//6445 4389//6445 4390//6445
f 4386//6446 4390//6446 4387//6446
f 4387//6447 4390//6447 4388//6447
f 4387//6448 4388//6448 4385//6448
f 4391//6449 4392//6449 4393//6449
f 4396//6450 4395//6450 4394//6450
f 4391//6451 4394//6451 4395//6451
f 4391//6452 4395//6452 4392//6452
f 4392//6453 4395//6453 4396//6453
f 4392//6454 4396//6454 4393//6454
f 4393//6455 4396//6455 4394//6455
f 4393//6456 4394//6456 4391//6456
f 4397//6457 4398//6457 4399//6457
f 4402//6458 4401//6458 4400//6458
f 4397//6459 4400//6459 4401//6459
f 4397//6460 4401//6460 4398//6460
f 4398//6461 4401//6461 4402//6461
f 4398//6462 4402//6462 4399//6462
f 4399//6463 4402//6463 4400//6463
f 4399//6464 4400//6464 4397//6464
f 4403//6465 4404//6465 4405//6465
f 4408//6466 4407//6466 4406//6466
f 4403//6467 4406//6467 4407//6467
f 4403//6468 4407//6468 4404//6468
f 4404//6469 4407//6469 4408//6469
f 4404//6470 4408//6470 4405//6470
f 4405//6471 4408//6471 4406//6471
f 4405//6472 4406//6472 4403//6472
f 4409//6473 4410//6473 4411//6473
f 4414//6474 4413//6474 4412//6474
f 4409//6475 4412//6475 4413//6475
f 4409//6476 4413//6476 4410//6476
f 4410//6477 4413//6477 4414//6477
f 4410//6478 4414//6478 4411//6478
f 4411//6479 4414//6479 4412//6479
f 4411//6480 4412//6480 4409//6480
f 4415//6481 4416//6481 4417//6481
f 4420//6482 4419//6482 4418//6482
f 4415//6483 4418//6483 4419//6483
f 4415//6484 4419//6484 4416//6484
f 4416//6485 4419//6485 4420//6485
f 4416//6486 4420//6486 4417//6486
f 4417//6487 4420//6487 4418//6487
f 4417//6488 4418//6488 4415//6488
