# Alien Wild West asset pack - OBJ fallback. Y up, 1 unit = 1 m.
mtllib AlienWildWest.mtl
o Bldg_Saloon_Body
v -5.70000 0.00000 2.52000
v -5.70000 0.00000 -2.52000
v -5.70000 0.47000 2.52000
v -5.70000 0.47000 -2.52000
v -1.00000 0.00000 2.82000
v -1.00000 0.00000 -2.82000
v -1.00000 0.47000 2.82000
v -1.00000 0.47000 -2.82000
v 2.50000 0.00000 2.47000
v 2.50000 0.00000 -2.47000
v 2.50000 0.47000 2.47000
v 2.50000 0.47000 -2.47000
v 5.00000 0.15000 1.82000
v 5.00000 0.15000 -1.82000
v 5.00000 0.47000 1.82000
v 5.00000 0.47000 -1.82000
v 6.60000 0.40000 1.02000
v 6.60000 0.40000 -1.02000
v 6.60000 0.72000 1.02000
v 6.60000 0.72000 -1.02000
v -6.00000 0.00000 2.30000
v -6.00000 0.00000 -2.30000
v -6.00000 0.47000 2.30000
v -6.00000 0.47000 -2.30000
v 7.75000 1.05000 0.00000
v 7.70000 1.40000 0.00000
v -6.20000 0.00000 -2.20000
v -6.20000 0.00000 2.20000
v -6.20000 1.15000 -2.20000
v -6.20000 1.15000 2.20000
v -3.90000 0.00000 -2.20000
v -3.90000 0.00000 2.20000
v -3.90000 1.15000 -2.20000
v -3.90000 1.15000 2.20000
v -6.35000 0.00000 0.00000
v -6.35000 1.15000 0.00000
v -6.25000 0.00000 -2.25000
v -6.25000 0.00000 2.25000
v -6.25000 0.12000 -2.25000
v -6.25000 0.12000 2.25000
v -3.85000 0.00000 -2.25000
v -3.85000 0.00000 2.25000
v -3.85000 0.12000 -2.25000
v -3.85000 0.12000 2.25000
v -1.00246 0.55475 2.80537
v -0.99754 0.55475 2.85463
v -0.99754 0.50525 2.85463
v -1.00246 0.50525 2.80537
v 2.49563 0.55475 2.45556
v 2.50437 0.55475 2.50444
v 2.50437 0.50525 2.50444
v 2.49563 0.50525 2.45556
v 4.98961 0.55475 1.80713
v 5.00744 0.55475 1.85364
v 5.01039 0.50525 1.85287
v 4.99256 0.50525 1.80636
v 6.58582 0.77423 0.97909
v 6.60854 0.77490 1.02307
v 6.61418 0.72577 1.02091
v 6.59146 0.72510 0.97693
v -0.99754 0.55475 -2.85463
v -1.00246 0.55475 -2.80537
v -1.00246 0.50525 -2.80537
v -0.99754 0.50525 -2.85463
v 2.50437 0.55475 -2.50444
v 2.49563 0.55475 -2.45556
v 2.49563 0.50525 -2.45556
v 2.50437 0.50525 -2.50444
v 5.00744 0.55475 -1.85364
v 4.98961 0.55475 -1.80713
v 4.99256 0.50525 -1.80636
v 5.01039 0.50525 -1.85287
v 6.60854 0.77490 -1.02307
v 6.58582 0.77423 -0.97909
v 6.59146 0.72510 -0.97693
v 6.61418 0.72577 -1.02091
v -5.70000 0.45000 2.30000
v -5.70000 3.06250 2.30000
v -5.70000 4.28852 1.88405
v -5.70000 4.99973 0.97202
v -5.70000 0.45000 -2.30000
v -5.70000 3.06250 -2.30000
v -5.70000 4.28852 -1.88405
v -5.70000 4.99973 -0.97202
v -5.70000 5.20000 0.00000
v -1.00000 0.45000 2.60000
v -1.00000 2.84250 2.60000
v -1.00000 3.96528 2.12980
v -1.00000 4.61660 1.09881
v -1.00000 0.45000 -2.60000
v -1.00000 2.84250 -2.60000
v -1.00000 3.96528 -2.12980
v -1.00000 4.61660 -1.09881
v -1.00000 4.80000 0.00000
v 2.50000 0.45000 2.25000
v 2.50000 2.07250 2.25000
v 2.50000 2.83392 1.84309
v 2.50000 0.45000 -2.25000
v 2.50000 2.07250 -2.25000
v 2.50000 2.83392 -1.84309
v 5.00000 0.45000 1.60000
v 5.00000 1.57750 1.60000
v 5.00000 2.10662 1.31064
v 5.00000 2.41357 0.67619
v 5.00000 0.45000 -1.60000
v 5.00000 1.57750 -1.60000
v 5.00000 2.10662 -1.31064
v 5.00000 2.41357 -0.67619
v 6.60000 0.70000 0.80000
v 6.60000 1.36000 0.80000
v 6.60000 1.66973 0.65532
v 6.60000 0.70000 -0.80000
v 6.60000 1.36000 -0.80000
v 6.60000 1.66973 -0.65532
v 7.40000 1.25000 0.00000
v 7.40000 1.70000 0.00000
v 5.60000 0.49375 1.35000
v 5.60000 1.49594 1.35000
v 5.60000 1.99279 1.10586
v 5.60000 2.25201 0.57053
v 5.60000 0.49375 -1.35000
v 5.60000 1.49594 -1.35000
v 5.60000 1.99279 -1.10586
v 5.60000 2.25201 -0.57053
v 5.60000 2.32500 0.00000
v 6.60000 0.65000 0.85000
v 6.60000 1.36000 0.85000
v 6.60000 1.71973 0.69628
v 6.60000 0.65000 -0.85000
v 6.60000 1.36000 -0.85000
v 6.60000 1.71973 -0.69628
v 7.47000 1.22000 0.00000
v 7.47000 1.74000 0.00000
v 0.59175 3.11978 2.29579
v 0.60759 3.11978 2.35010
v 0.60825 3.06322 2.34991
v 0.59241 3.06322 2.29560
v 1.22532 3.12770 2.11100
v 1.24227 3.12772 2.16499
v 1.24135 3.07113 2.16526
v 1.22440 3.07112 2.11127
v 1.85921 3.09690 1.89766
v 1.87811 3.09682 1.95098
v 1.87412 3.04039 1.95228
v 1.85522 3.04047 1.89896
v 2.49165 3.02770 1.66189
v 2.51425 3.02722 1.71384
v 2.50835 2.97099 1.71585
v 2.48575 2.97148 1.66391
v 3.12459 2.94384 1.34365
v 3.14958 2.94303 1.39439
v 3.14208 2.88702 1.39721
v 3.11709 2.88782 1.34646
v 3.75953 2.82635 1.03441
v 3.78358 2.82572 1.08561
v 3.77380 2.77013 1.08954
v 3.74975 2.77076 1.03834
v 4.39372 2.67837 0.74416
v 4.41716 2.67789 0.79564
v 4.40628 2.62255 0.80007
v 4.38284 2.62304 0.74859
v 0.60759 3.11978 -2.35010
v 0.59175 3.11978 -2.29579
v 0.59241 3.06322 -2.29560
v 0.60825 3.06322 -2.34991
v 1.24227 3.12772 -2.16499
v 1.22532 3.12770 -2.11100
v 1.22440 3.07112 -2.11127
v 1.24135 3.07113 -2.16526
v 1.87811 3.09682 -1.95098
v 1.85921 3.09690 -1.89766
v 1.85522 3.04047 -1.89896
v 1.87412 3.04039 -1.95228
v 2.51425 3.02722 -1.71384
v 2.49165 3.02770 -1.66189
v 2.48575 2.97148 -1.66391
v 2.50835 2.97099 -1.71585
v 3.14958 2.94303 -1.39439
v 3.12459 2.94384 -1.34365
v 3.11709 2.88782 -1.34646
v 3.14208 2.88702 -1.39721
v 3.78358 2.82572 -1.08561
v 3.75953 2.82635 -1.03441
v 3.74975 2.77076 -1.03834
v 3.77380 2.77013 -1.08954
v 4.41716 2.67789 -0.79564
v 4.39372 2.67837 -0.74416
v 4.38284 2.62304 -0.74859
v 4.40628 2.62255 -0.80007
v -0.70000 0.45000 0.00000
v -0.70000 10.10000 0.00000
v -0.86283 0.45000 0.87215
v -0.86283 10.20528 0.87215
v -0.98000 0.45000 0.00000
v -0.98000 10.10000 0.00000
v -1.12594 0.45000 0.77639
v -1.12594 10.20528 0.77639
v -0.86283 0.45000 0.87215
v -0.86283 10.20528 0.87215
v -1.33168 0.45000 1.63911
v -1.33168 10.47186 1.63911
v -1.12594 0.45000 0.77639
v -1.12594 10.20528 0.77639
v -1.54617 0.45000 1.45913
v -1.54617 10.47186 1.45913
v -1.33168 0.45000 1.63911
v -1.33168 10.47186 1.63911
v -2.05000 0.45000 2.20836
v -2.05000 10.77500 2.20836
v -1.54617 0.45000 1.45913
v -1.54617 10.47186 1.45913
v -2.19000 0.45000 1.96588
v -2.19000 10.77500 1.96588
v -2.05000 0.45000 2.20836
v -2.05000 10.77500 2.20836
v -2.93115 0.45000 2.51126
v -2.93115 10.97286 2.51126
v -2.19000 0.45000 1.96588
v -2.19000 10.77500 1.96588
v -2.97977 0.45000 2.23551
v -2.97977 10.97286 2.23551
v -2.93115 0.45000 2.51126
v -2.93115 10.97286 2.51126
v -3.86885 0.45000 2.51126
v -3.86885 10.97286 2.51126
v -2.97977 0.45000 2.23551
v -2.97977 10.97286 2.23551
v -3.82023 0.45000 2.23551
v -3.82023 10.97286 2.23551
v -3.86885 0.45000 2.51126
v -3.86885 10.97286 2.51126
v -4.75000 0.45000 2.20836
v -4.75000 10.77500 2.20836
v -3.82023 0.45000 2.23551
v -3.82023 10.97286 2.23551
v -4.61000 0.45000 1.96588
v -4.61000 10.77500 1.96588
v -4.75000 0.45000 2.20836
v -4.75000 10.77500 2.20836
v -5.46832 0.45000 1.63911
v -5.46832 10.47186 1.63911
v -4.61000 0.45000 1.96588
v -4.61000 10.77500 1.96588
v -5.25383 0.45000 1.45913
v -5.25383 10.47186 1.45913
v -5.46832 0.45000 1.63911
v -5.46832 10.47186 1.63911
v -5.93717 0.45000 0.87215
v -5.93717 10.20528 0.87215
v -5.25383 0.45000 1.45913
v -5.25383 10.47186 1.45913
v -5.67406 0.45000 0.77639
v -5.67406 10.20528 0.77639
v -5.93717 0.45000 0.87215
v -5.93717 10.20528 0.87215
v -6.10000 0.45000 0.00000
v -6.10000 10.10000 0.00000
v -5.67406 0.45000 0.77639
v -5.67406 10.20528 0.77639
v -5.82000 0.45000 0.00000
v -5.82000 10.10000 0.00000
v -6.10000 0.45000 0.00000
v -6.10000 10.10000 0.00000
v -5.93717 0.45000 -0.87215
v -5.93717 10.20528 -0.87215
v -5.82000 0.45000 0.00000
v -5.82000 10.10000 0.00000
v -5.67406 0.45000 -0.77639
v -5.67406 10.20528 -0.77639
v -5.93717 0.45000 -0.87215
v -5.93717 10.20528 -0.87215
v -5.46832 0.45000 -1.63911
v -5.46832 10.47186 -1.63911
v -5.67406 0.45000 -0.77639
v -5.67406 10.20528 -0.77639
v -5.25383 0.45000 -1.45913
v -5.25383 10.47186 -1.45913
v -5.46832 0.45000 -1.63911
v -5.46832 10.47186 -1.63911
v -4.75000 0.45000 -2.20836
v -4.75000 10.77500 -2.20836
v -5.25383 0.45000 -1.45913
v -5.25383 10.47186 -1.45913
v -4.61000 0.45000 -1.96588
v -4.61000 10.77500 -1.96588
v -4.75000 0.45000 -2.20836
v -4.75000 10.77500 -2.20836
v -3.86885 0.45000 -2.51126
v -3.86885 10.97286 -2.51126
v -4.61000 0.45000 -1.96588
v -4.61000 10.77500 -1.96588
v -3.82023 0.45000 -2.23551
v -3.82023 10.97286 -2.23551
v -3.86885 0.45000 -2.51126
v -3.86885 10.97286 -2.51126
v -2.93115 0.45000 -2.51126
v -2.93115 10.97286 -2.51126
v -3.82023 0.45000 -2.23551
v -3.82023 10.97286 -2.23551
v -2.97977 0.45000 -2.23551
v -2.97977 10.97286 -2.23551
v -2.93115 0.45000 -2.51126
v -2.93115 10.97286 -2.51126
v -2.05000 0.45000 -2.20836
v -2.05000 10.77500 -2.20836
v -2.97977 0.45000 -2.23551
v -2.97977 10.97286 -2.23551
v -2.19000 0.45000 -1.96588
v -2.19000 10.77500 -1.96588
v -2.05000 0.45000 -2.20836
v -2.05000 10.77500 -2.20836
v -1.33168 0.45000 -1.63911
v -1.33168 10.47186 -1.63911
v -2.19000 0.45000 -1.96588
v -2.19000 10.77500 -1.96588
v -1.54617 0.45000 -1.45913
v -1.54617 10.47186 -1.45913
v -1.33168 0.45000 -1.63911
v -1.33168 10.47186 -1.63911
v -0.86283 0.45000 -0.87215
v -0.86283 10.20528 -0.87215
v -1.54617 0.45000 -1.45913
v -1.54617 10.47186 -1.45913
v -1.12594 0.45000 -0.77639
v -1.12594 10.20528 -0.77639
v -0.86283 0.45000 -0.87215
v -0.86283 10.20528 -0.87215
v -0.70000 0.45000 -0.00000
v -0.70000 10.10000 -0.00000
v -1.12594 0.45000 -0.77639
v -1.12594 10.20528 -0.77639
v -0.98000 0.45000 -0.00000
v -0.98000 10.10000 -0.00000
v -0.61609 10.10340 0.00000
v -0.74391 10.10411 -0.00000
v -0.74391 9.97660 0.00000
v -0.61609 9.97589 0.00000
v -0.65780 10.13079 0.45049
v -0.78347 10.13009 0.42722
v -0.78484 10.00348 0.44206
v -0.65918 10.00418 0.46533
v -0.78180 10.20975 0.88772
v -0.90135 10.20516 0.84291
v -0.90628 10.08081 0.87026
v -0.78672 10.08540 0.91508
v -0.98464 10.33095 1.29873
v -1.09488 10.32079 1.23503
v -1.10418 10.19905 1.27127
v -0.99394 10.20921 1.33497
v -1.26065 10.48000 1.67118
v -1.35895 10.46339 1.59136
v -1.37207 10.34372 1.63275
v -1.27377 10.36033 1.71256
v -1.60204 10.63914 1.99374
v -1.68592 10.61581 1.90030
v -1.70120 10.49714 1.94373
v -1.61732 10.52048 2.03717
v -1.99906 10.78927 2.25641
v -2.06586 10.75948 2.15167
v -2.08094 10.64073 2.19496
v -2.01414 10.67052 2.29970
v -2.44019 10.91217 2.45077
v -2.48704 10.87682 2.33724
v -2.49922 10.75727 2.37925
v -2.45237 10.79262 2.49278
v -2.91213 10.99269 2.57025
v -2.93638 10.95349 2.45100
v -2.94322 10.83303 2.49166
v -2.91897 10.87223 2.61091
v -3.40000 11.02073 2.61058
v -3.40000 10.98013 2.48932
v -3.40000 10.85927 2.52942
v -3.40000 10.89987 2.65068
v -3.88787 10.99269 2.57025
v -3.86362 10.95349 2.45100
v -3.85678 10.83303 2.49166
v -3.88103 10.87223 2.61091
v -4.35981 10.91217 2.45077
v -4.31296 10.87682 2.33724
v -4.30078 10.75727 2.37925
v -4.34763 10.79262 2.49278
v -4.80094 10.78927 2.25641
v -4.73414 10.75948 2.15167
v -4.71906 10.64073 2.19496
v -4.78586 10.67052 2.29970
v -5.19796 10.63914 1.99374
v -5.11408 10.61581 1.90030
v -5.09880 10.49714 1.94373
v -5.18268 10.52048 2.03717
v -5.53935 10.48000 1.67118
v -5.44105 10.46339 1.59136
v -5.42793 10.34372 1.63275
v -5.52623 10.36033 1.71256
v -5.81536 10.33095 1.29873
v -5.70512 10.32079 1.23503
v -5.69582 10.19905 1.27127
v -5.80606 10.20921 1.33497
v -6.01820 10.20975 0.88772
v -5.89865 10.20516 0.84291
v -5.89372 10.08081 0.87026
v -6.01328 10.08540 0.91508
v -6.14220 10.13079 0.45049
v -6.01653 10.13009 0.42722
v -6.01516 10.00348 0.44206
v -6.14082 10.00418 0.46533
v -6.18391 10.10340 0.00000
v -6.05609 10.10411 0.00000
v -6.05609 9.97660 0.00000
v -6.18391 9.97589 0.00000
v -6.14220 10.13079 -0.45049
v -6.01653 10.13009 -0.42722
v -6.01516 10.00348 -0.44206
v -6.14082 10.00418 -0.46533
v -6.01820 10.20975 -0.88772
v -5.89865 10.20516 -0.84291
v -5.89372 10.08081 -0.87026
v -6.01328 10.08540 -0.91508
v -5.81536 10.33095 -1.29873
v -5.70512 10.32079 -1.23503
v -5.69582 10.19905 -1.27127
v -5.80606 10.20921 -1.33497
v -5.53935 10.48000 -1.67118
v -5.44105 10.46339 -1.59136
v -5.42793 10.34372 -1.63275
v -5.52623 10.36033 -1.71256
v -5.19796 10.63914 -1.99374
v -5.11408 10.61581 -1.90030
v -5.09880 10.49714 -1.94373
v -5.18268 10.52048 -2.03717
v -4.80094 10.78927 -2.25641
v -4.73414 10.75948 -2.15167
v -4.71906 10.64073 -2.19496
v -4.78586 10.67052 -2.29970
v -4.35981 10.91217 -2.45077
v -4.31296 10.87682 -2.33724
v -4.30078 10.75727 -2.37925
v -4.34763 10.79262 -2.49278
v -3.88787 10.99269 -2.57025
v -3.86362 10.95349 -2.45100
v -3.85678 10.83303 -2.49166
v -3.88103 10.87223 -2.61091
v -3.40000 11.02073 -2.61058
v -3.40000 10.98013 -2.48932
v -3.40000 10.85927 -2.52942
v -3.40000 10.89987 -2.65068
v -2.91213 10.99269 -2.57025
v -2.93638 10.95349 -2.45100
v -2.94322 10.83303 -2.49166
v -2.91897 10.87223 -2.61091
v -2.44019 10.91217 -2.45077
v -2.48704 10.87682 -2.33724
v -2.49922 10.75727 -2.37925
v -2.45237 10.79262 -2.49278
v -1.99906 10.78927 -2.25641
v -2.06586 10.75948 -2.15167
v -2.08094 10.64073 -2.19496
v -2.01414 10.67052 -2.29970
v -1.60204 10.63914 -1.99374
v -1.68592 10.61581 -1.90030
v -1.70120 10.49714 -1.94373
v -1.61732 10.52048 -2.03717
v -1.26065 10.48000 -1.67118
v -1.35895 10.46339 -1.59136
v -1.37207 10.34372 -1.63275
v -1.27377 10.36033 -1.71256
v -0.98464 10.33095 -1.29873
v -1.09488 10.32079 -1.23503
v -1.10418 10.19905 -1.27127
v -0.99394 10.20921 -1.33497
v -0.78180 10.20975 -0.88772
v -0.90135 10.20516 -0.84291
v -0.90628 10.08081 -0.87026
v -0.78672 10.08540 -0.91508
v -0.65780 10.13079 -0.45049
v -0.78347 10.13009 -0.42722
v -0.78484 10.00348 -0.44206
v -0.65918 10.00418 -0.46533
v -0.63029 4.89950 0.00000
v -0.72971 4.89950 -0.00000
v -0.72971 4.80050 -0.00000
v -0.63029 4.80050 0.00000
v -0.67246 4.89950 0.45539
v -0.77019 4.89950 0.43716
v -0.77019 4.80050 0.43716
v -0.67246 4.80050 0.45539
v -0.79765 4.89950 0.89684
v -0.89042 4.89950 0.86114
v -0.89042 4.80050 0.86114
v -0.79765 4.80050 0.89684
v -1.00199 4.89950 1.31090
v -1.08683 4.89950 1.25910
v -1.08683 4.80050 1.25910
v -1.00199 4.80050 1.31090
v -1.27919 4.89950 1.68494
v -1.35353 4.89950 1.61899
v -1.35353 4.80050 1.61899
v -1.27919 4.80050 1.68494
v -1.62074 4.89950 2.00765
v -1.68250 4.89950 1.92982
v -1.68250 4.80050 1.92982
v -1.62074 4.80050 2.00765
v -2.01620 4.89950 2.26929
v -2.06380 4.89950 2.18208
v -2.06380 4.80050 2.18208
v -2.01620 4.80050 2.26929
v -2.45354 4.89950 2.46198
v -2.48587 4.89950 2.36804
v -2.48587 4.80050 2.36804
v -2.45354 4.80050 2.46198
v -2.91951 4.89950 2.57995
v -2.93585 4.89950 2.48196
v -2.93585 4.80050 2.48196
v -2.91951 4.80050 2.57995
v -3.40000 4.89950 2.61967
v -3.40000 4.89950 2.52033
v -3.40000 4.80050 2.52033
v -3.40000 4.80050 2.61967
v -3.88049 4.89950 2.57995
v -3.86415 4.89950 2.48196
v -3.86415 4.80050 2.48196
v -3.88049 4.80050 2.57995
v -4.34646 4.89950 2.46198
v -4.31413 4.89950 2.36804
v -4.31413 4.80050 2.36804
v -4.34646 4.80050 2.46198
v -4.78380 4.89950 2.26929
v -4.73620 4.89950 2.18208
v -4.73620 4.80050 2.18208
v -4.78380 4.80050 2.26929
v -5.17926 4.89950 2.00765
v -5.11750 4.89950 1.92982
v -5.11750 4.80050 1.92982
v -5.17926 4.80050 2.00765
v -5.52081 4.89950 1.68494
v -5.44647 4.89950 1.61899
v -5.44647 4.80050 1.61899
v -5.52081 4.80050 1.68494
v -5.79801 4.89950 1.31090
v -5.71317 4.89950 1.25910
v -5.71317 4.80050 1.25910
v -5.79801 4.80050 1.31090
v -6.00235 4.89950 0.89684
v -5.90958 4.89950 0.86114
v -5.90958 4.80050 0.86114
v -6.00235 4.80050 0.89684
v -6.12754 4.89950 0.45539
v -6.02981 4.89950 0.43716
v -6.02981 4.80050 0.43716
v -6.12754 4.80050 0.45539
v -6.16971 4.89950 0.00000
v -6.07029 4.89950 0.00000
v -6.07029 4.80050 0.00000
v -6.16971 4.80050 0.00000
v -6.12754 4.89950 -0.45539
v -6.02981 4.89950 -0.43716
v -6.02981 4.80050 -0.43716
v -6.12754 4.80050 -0.45539
v -6.00235 4.89950 -0.89684
v -5.90958 4.89950 -0.86114
v -5.90958 4.80050 -0.86114
v -6.00235 4.80050 -0.89684
v -5.79801 4.89950 -1.31090
v -5.71317 4.89950 -1.25910
v -5.71317 4.80050 -1.25910
v -5.79801 4.80050 -1.31090
v -5.52081 4.89950 -1.68494
v -5.44647 4.89950 -1.61899
v -5.44647 4.80050 -1.61899
v -5.52081 4.80050 -1.68494
v -5.17926 4.89950 -2.00765
v -5.11750 4.89950 -1.92982
v -5.11750 4.80050 -1.92982
v -5.17926 4.80050 -2.00765
v -4.78380 4.89950 -2.26929
v -4.73620 4.89950 -2.18208
v -4.73620 4.80050 -2.18208
v -4.78380 4.80050 -2.26929
v -4.34646 4.89950 -2.46198
v -4.31413 4.89950 -2.36804
v -4.31413 4.80050 -2.36804
v -4.34646 4.80050 -2.46198
v -3.88049 4.89950 -2.57995
v -3.86415 4.89950 -2.48196
v -3.86415 4.80050 -2.48196
v -3.88049 4.80050 -2.57995
v -3.40000 4.89950 -2.61967
v -3.40000 4.89950 -2.52033
v -3.40000 4.80050 -2.52033
v -3.40000 4.80050 -2.61967
v -2.91951 4.89950 -2.57995
v -2.93585 4.89950 -2.48196
v -2.93585 4.80050 -2.48196
v -2.91951 4.80050 -2.57995
v -2.45354 4.89950 -2.46198
v -2.48587 4.89950 -2.36804
v -2.48587 4.80050 -2.36804
v -2.45354 4.80050 -2.46198
v -2.01620 4.89950 -2.26929
v -2.06380 4.89950 -2.18208
v -2.06380 4.80050 -2.18208
v -2.01620 4.80050 -2.26929
v -1.62074 4.89950 -2.00765
v -1.68250 4.89950 -1.92982
v -1.68250 4.80050 -1.92982
v -1.62074 4.80050 -2.00765
v -1.27919 4.89950 -1.68494
v -1.35353 4.89950 -1.61899
v -1.35353 4.80050 -1.61899
v -1.27919 4.80050 -1.68494
v -1.00199 4.89950 -1.31090
v -1.08683 4.89950 -1.25910
v -1.08683 4.80050 -1.25910
v -1.00199 4.80050 -1.31090
v -0.79765 4.89950 -0.89684
v -0.89042 4.89950 -0.86114
v -0.89042 4.80050 -0.86114
v -0.79765 4.80050 -0.89684
v -0.67246 4.89950 -0.45539
v -0.77019 4.89950 -0.43716
v -0.77019 4.80050 -0.43716
v -0.67246 4.80050 -0.45539
v -2.54823 10.50359 2.59073
v -2.54823 10.50614 2.40690
v -2.73182 10.49641 2.40676
v -2.73182 10.49386 2.59059
v -2.60343 11.54505 2.60517
v -2.60402 11.55879 2.42150
v -2.78263 11.45495 2.42006
v -2.78203 11.44121 2.60373
v -3.40000 12.05208 2.70363
v -3.40000 12.06544 2.51988
v -3.40000 11.84792 2.49637
v -3.40000 11.83456 2.68012
v -4.19657 11.54505 2.60517
v -4.19598 11.55879 2.42150
v -4.01737 11.45495 2.42006
v -4.01797 11.44121 2.60373
v -4.25177 10.50359 2.59073
v -4.25177 10.50614 2.40690
v -4.06818 10.49641 2.40676
v -4.06818 10.49386 2.59059
v -4.06818 10.49641 -2.40676
v -4.06818 10.49386 -2.59059
v -4.25177 10.50359 -2.59073
v -4.25177 10.50614 -2.40690
v -4.01737 11.45495 -2.42006
v -4.01797 11.44121 -2.60373
v -4.19657 11.54505 -2.60517
v -4.19598 11.55879 -2.42150
v -3.40000 11.84792 -2.49637
v -3.40000 11.83456 -2.68012
v -3.40000 12.05208 -2.70363
v -3.40000 12.06544 -2.51988
v -2.78263 11.45495 -2.42006
v -2.78203 11.44121 -2.60373
v -2.60343 11.54505 -2.60517
v -2.60402 11.55879 -2.42150
v -2.73182 10.49641 -2.40676
v -2.73182 10.49386 -2.59059
v -2.54823 10.50359 -2.59073
v -2.54823 10.50614 -2.40690
v -1.35239 5.41295 1.77061
v -1.39389 5.41295 1.72237
v -1.43796 5.38705 1.76027
v -1.39646 5.38705 1.80852
v -1.68693 6.40340 2.05837
v -1.72772 6.40130 2.00951
v -1.77142 6.37431 2.04710
v -1.73063 6.37641 2.09596
v -2.06808 7.29960 2.29098
v -2.10680 7.29264 2.24086
v -2.14904 7.26222 2.27756
v -2.11032 7.26918 2.32768
v -2.48662 8.01451 2.46213
v -2.52116 8.00041 2.41030
v -2.55943 7.96320 2.44538
v -2.52489 7.97730 2.49721
v -2.93603 8.48057 2.56758
v -2.95983 8.45533 2.51323
v -2.98660 8.40619 2.54560
v -2.96279 8.43143 2.59995
v -3.41157 8.64600 2.60284
v -3.41135 8.61241 2.54671
v -3.41147 8.55400 2.57711
v -3.41169 8.58759 2.63324
v -3.88678 8.48057 2.56380
v -3.86254 8.45533 2.50964
v -3.83603 8.40619 2.54223
v -3.86027 8.43143 2.59638
v -4.33524 8.01451 2.45479
v -4.30028 8.00041 2.40324
v -4.26229 7.96320 2.43861
v -4.29725 7.97730 2.49016
v -4.75225 7.29960 2.28031
v -4.71313 7.29264 2.23050
v -4.67117 7.26223 2.26754
v -4.71029 7.26918 2.31735
v -5.13132 6.40339 2.04468
v -5.09014 6.40130 1.99615
v -5.04673 6.37432 2.03409
v -5.08791 6.37641 2.08262
v -5.46329 5.41294 1.75428
v -5.42140 5.41295 1.70636
v -5.37763 5.38706 1.74462
v -5.41952 5.38705 1.79254
v -1.99685 5.91330 2.26286
v -2.02430 5.91330 2.20545
v -2.07646 5.88670 2.23039
v -2.04901 5.88670 2.28780
v -2.25398 6.53258 2.38580
v -2.28088 6.53125 2.32813
v -2.33255 6.50349 2.35283
v -2.30565 6.50482 2.41051
v -2.52443 7.09356 2.48300
v -2.54984 7.08913 2.42478
v -2.59969 7.05758 2.44883
v -2.57428 7.06201 2.50705
v -2.80635 7.54221 2.55340
v -2.82887 7.53320 2.49447
v -2.87383 7.49386 2.51729
v -2.85131 7.50287 2.57623
v -3.10101 7.83675 2.59644
v -3.11638 7.82058 2.53645
v -3.14756 7.76747 2.55727
v -3.13219 7.78364 2.61725
v -3.41160 7.94260 2.61063
v -3.41136 7.92111 2.54993
v -3.41144 7.85740 2.56933
v -3.41168 7.87889 2.63002
v -3.72205 7.83675 2.59397
v -3.70621 7.82058 2.53411
v -3.67519 7.76747 2.55518
v -3.69104 7.78365 2.61503
v -4.01632 7.54221 2.54859
v -3.99333 7.53320 2.48984
v -3.94856 7.49386 2.51302
v -3.97155 7.50287 2.57178
v -4.29761 7.09355 2.47595
v -4.27174 7.08913 2.41794
v -4.22208 7.05759 2.44239
v -4.24795 7.06201 2.50040
v -4.56719 6.53257 2.37661
v -4.53983 6.53125 2.31915
v -4.48835 6.50349 2.34427
v -4.51571 6.50482 2.40173
v -4.82321 5.91330 2.25163
v -4.79530 5.91330 2.19444
v -4.74334 5.88670 2.21979
v -4.77125 5.88670 2.27699
v -1.39389 5.41295 -1.72237
v -1.35239 5.41295 -1.77061
v -1.39646 5.38705 -1.80852
v -1.43796 5.38705 -1.76027
v -1.72772 6.40130 -2.00951
v -1.68693 6.40340 -2.05837
v -1.73063 6.37641 -2.09596
v -1.77142 6.37431 -2.04710
v -2.10680 7.29264 -2.24086
v -2.06808 7.29960 -2.29098
v -2.11032 7.26918 -2.32768
v -2.14904 7.26222 -2.27756
v -2.52116 8.00041 -2.41030
v -2.48662 8.01451 -2.46213
v -2.52489 7.97730 -2.49721
v -2.55943 7.96320 -2.44538
v -2.95983 8.45533 -2.51323
v -2.93603 8.48057 -2.56758
v -2.96279 8.43143 -2.59995
v -2.98660 8.40619 -2.54560
v -3.41135 8.61241 -2.54671
v -3.41157 8.64600 -2.60284
v -3.41169 8.58759 -2.63324
v -3.41147 8.55400 -2.57711
v -3.86254 8.45533 -2.50964
v -3.88678 8.48057 -2.56380
v -3.86027 8.43143 -2.59638
v -3.83603 8.40619 -2.54223
v -4.30028 8.00041 -2.40324
v -4.33524 8.01451 -2.45479
v -4.29725 7.97730 -2.49016
v -4.26229 7.96320 -2.43861
v -4.71313 7.29264 -2.23050
v -4.75225 7.29960 -2.28031
v -4.71029 7.26918 -2.31735
v -4.67117 7.26223 -2.26754
v -5.09014 6.40130 -1.99615
v -5.13132 6.40339 -2.04468
v -5.08791 6.37641 -2.08262
v -5.04673 6.37432 -2.03409
v -5.42140 5.41295 -1.70636
v -5.46329 5.41294 -1.75428
v -5.41952 5.38705 -1.79254
v -5.37763 5.38706 -1.74462
v -2.02430 5.91330 -2.20545
v -1.99685 5.91330 -2.26286
v -2.04901 5.88670 -2.28780
v -2.07646 5.88670 -2.23039
v -2.28088 6.53125 -2.32813
v -2.25398 6.53258 -2.38580
v -2.30565 6.50482 -2.41051
v -2.33255 6.50349 -2.35283
v -2.54984 7.08913 -2.42478
v -2.52443 7.09356 -2.48300
v -2.57428 7.06201 -2.50705
v -2.59969 7.05758 -2.44883
v -2.82887 7.53320 -2.49447
v -2.80635 7.54221 -2.55340
v -2.85131 7.50287 -2.57623
v -2.87383 7.49386 -2.51729
v -3.11638 7.82058 -2.53645
v -3.10101 7.83675 -2.59644
v -3.13219 7.78364 -2.61725
v -3.14756 7.76747 -2.55727
v -3.41136 7.92111 -2.54993
v -3.41160 7.94260 -2.61063
v -3.41168 7.87889 -2.63002
v -3.41144 7.85740 -2.56933
v -3.70621 7.82058 -2.53411
v -3.72205 7.83675 -2.59397
v -3.69104 7.78365 -2.61503
v -3.67519 7.76747 -2.55518
v -3.99333 7.53320 -2.48984
v -4.01632 7.54221 -2.54859
v -3.97155 7.50287 -2.57178
v -3.94856 7.49386 -2.51302
v -4.27174 7.08913 -2.41794
v -4.29761 7.09355 -2.47595
v -4.24795 7.06201 -2.50040
v -4.22208 7.05759 -2.44239
v -4.53983 6.53125 -2.31915
v -4.56719 6.53257 -2.37661
v -4.51571 6.50482 -2.40173
v -4.48835 6.50349 -2.34427
v -4.79530 5.91330 -2.19444
v -4.82321 5.91330 -2.25163
v -4.77125 5.88670 -2.27699
v -4.74334 5.88670 -2.21979
v -4.11000 5.48000 2.65000
v -2.69000 5.48000 2.65000
v -2.69000 6.94368 2.65000
v -2.74405 7.17188 2.65000
v -2.89795 7.36534 2.65000
v -3.12829 7.49461 2.65000
v -3.40000 7.54000 2.65000
v -3.67171 7.49461 2.65000
v -3.90205 7.36534 2.65000
v -4.05595 7.17188 2.65000
v -4.11000 6.94368 2.65000
v -4.11000 5.48000 2.53000
v -2.69000 5.48000 2.53000
v -2.69000 6.94368 2.53000
v -2.74405 7.17188 2.53000
v -2.89795 7.36534 2.53000
v -3.12829 7.49461 2.53000
v -3.40000 7.54000 2.53000
v -3.67171 7.49461 2.53000
v -3.90205 7.36534 2.53000
v -4.05595 7.17188 2.53000
v -4.11000 6.94368 2.53000
v -3.95000 5.50000 2.68000
v -2.85000 5.50000 2.68000
v -2.85000 6.85000 2.68000
v -2.89187 7.06048 2.68000
v -3.01109 7.23891 2.68000
v -3.18952 7.35813 2.68000
v -3.40000 7.40000 2.68000
v -3.61048 7.35813 2.68000
v -3.78891 7.23891 2.68000
v -3.90813 7.06048 2.68000
v -3.95000 6.85000 2.68000
v -3.95000 5.50000 2.64000
v -2.85000 5.50000 2.64000
v -2.85000 6.85000 2.64000
v -2.89187 7.06048 2.64000
v -3.01109 7.23891 2.64000
v -3.18952 7.35813 2.64000
v -3.40000 7.40000 2.64000
v -3.61048 7.35813 2.64000
v -3.78891 7.23891 2.64000
v -3.90813 7.06048 2.64000
v -3.95000 6.85000 2.64000
v -3.43500 5.50000 2.66000
v -3.36500 5.50000 2.66000
v -3.36500 5.50000 2.70000
v -3.43500 5.50000 2.70000
v -3.43500 7.35000 2.66000
v -3.36500 7.35000 2.66000
v -3.36500 7.35000 2.70000
v -3.43500 7.35000 2.70000
v -3.95000 6.24250 2.66000
v -2.85000 6.24250 2.66000
v -2.85000 6.24250 2.70000
v -3.95000 6.24250 2.70000
v -3.95000 6.31250 2.66000
v -2.85000 6.31250 2.66000
v -2.85000 6.31250 2.70000
v -3.95000 6.31250 2.70000
v -4.25000 5.38000 2.53000
v -2.55000 5.38000 2.53000
v -2.55000 5.38000 2.85000
v -4.25000 5.38000 2.85000
v -4.25000 5.48000 2.53000
v -2.55000 5.48000 2.53000
v -2.55000 5.48000 2.85000
v -4.25000 5.48000 2.85000
v -3.53000 7.32000 2.58000
v -3.27000 7.32000 2.58000
v -3.27000 7.32000 2.72000
v -3.53000 7.32000 2.72000
v -3.53000 7.62000 2.58000
v -3.27000 7.62000 2.58000
v -3.27000 7.62000 2.72000
v -3.53000 7.62000 2.72000
v -1.95191 6.58000 2.34421
v -1.03597 6.58000 1.53832
v -1.03597 7.84500 1.53832
v -1.07083 8.03443 1.56900
v -1.17011 8.19502 1.65634
v -1.31868 8.30232 1.78707
v -1.49394 8.34000 1.94127
v -1.66920 8.30232 2.09546
v -1.81778 8.19502 2.22619
v -1.91705 8.03443 2.31354
v -1.95191 7.84500 2.34421
v -2.03118 6.58000 2.25411
v -1.11524 6.58000 1.44823
v -1.11524 7.84500 1.44823
v -1.15010 8.03443 1.47890
v -1.24937 8.19502 1.56625
v -1.39795 8.30232 1.69697
v -1.57321 8.34000 1.85117
v -1.74847 8.30232 2.00537
v -1.89704 8.19502 2.13610
v -1.99632 8.03443 2.22344
v -2.03118 7.84500 2.25411
v -1.81197 6.60000 2.26104
v -1.13628 6.60000 1.66654
v -1.13628 7.75000 1.66654
v -1.16199 7.92221 1.68916
v -1.23523 8.06820 1.75360
v -1.34484 8.16575 1.85004
v -1.47412 8.20000 1.96379
v -1.60341 8.16575 2.07754
v -1.71302 8.06820 2.17398
v -1.78625 7.92221 2.23841
v -1.81197 7.75000 2.26104
v -1.83839 6.60000 2.23101
v -1.16270 6.60000 1.63651
v -1.16270 7.75000 1.63651
v -1.18842 7.92221 1.65913
v -1.26165 8.06820 1.72357
v -1.37126 8.16575 1.82000
v -1.50055 8.20000 1.93376
v -1.62984 8.16575 2.04751
v -1.73944 8.06820 2.14395
v -1.81268 7.92221 2.20838
v -1.83839 7.75000 2.23101
v -1.51361 6.60000 1.97189
v -1.46106 6.60000 1.92565
v -1.43464 6.60000 1.95568
v -1.48719 6.60000 2.00192
v -1.51361 8.15000 1.97189
v -1.46106 8.15000 1.92565
v -1.43464 8.15000 1.95568
v -1.48719 8.15000 2.00192
v -1.82518 7.23250 2.24603
v -1.14949 7.23250 1.65152
v -1.12307 7.23250 1.68155
v -1.79876 7.23250 2.27606
v -1.82518 7.30250 2.24603
v -1.14949 7.30250 1.65152
v -1.12307 7.30250 1.68155
v -1.79876 7.30250 2.27606
v -2.13629 6.48000 2.34659
v -1.01013 6.48000 1.35575
v -0.79875 6.48000 1.59600
v -1.92491 6.48000 2.58684
v -2.13629 6.58000 2.34659
v -1.01013 6.58000 1.35575
v -0.79875 6.58000 1.59600
v -1.92491 6.58000 2.58684
v -1.63778 8.12000 1.97458
v -1.44258 8.12000 1.80284
v -1.35010 8.12000 1.90795
v -1.54530 8.12000 2.07969
v -1.63778 8.42000 1.97458
v -1.44258 8.42000 1.80284
v -1.35010 8.42000 1.90795
v -1.54530 8.42000 2.07969
v -5.76403 6.58000 1.53832
v -4.84809 6.58000 2.34421
v -4.84809 7.84500 2.34421
v -4.88295 8.03443 2.31354
v -4.98222 8.19502 2.22619
v -5.13080 8.30232 2.09546
v -5.30606 8.34000 1.94127
v -5.48132 8.30232 1.78707
v -5.62989 8.19502 1.65634
v -5.72917 8.03443 1.56900
v -5.76403 7.84500 1.53832
v -5.68476 6.58000 1.44823
v -4.76882 6.58000 2.25411
v -4.76882 7.84500 2.25411
v -4.80368 8.03443 2.22344
v -4.90296 8.19502 2.13610
v -5.05153 8.30232 2.00537
v -5.22679 8.34000 1.85117
v -5.40205 8.30232 1.69697
v -5.55063 8.19502 1.56625
v -5.64990 8.03443 1.47890
v -5.68476 7.84500 1.44823
v -5.66372 6.60000 1.66654
v -4.98803 6.60000 2.26104
v -4.98803 7.75000 2.26104
v -5.01375 7.92221 2.23841
v -5.08698 8.06820 2.17398
v -5.19659 8.16575 2.07754
v -5.32588 8.20000 1.96379
v -5.45516 8.16575 1.85004
v -5.56477 8.06820 1.75360
v -5.63801 7.92221 1.68916
v -5.66372 7.75000 1.66654
v -5.63730 6.60000 1.63651
v -4.96161 6.60000 2.23101
v -4.96161 7.75000 2.23101
v -4.98732 7.92221 2.20838
v -5.06056 8.06820 2.14395
v -5.17016 8.16575 2.04751
v -5.29945 8.20000 1.93376
v -5.42874 8.16575 1.82000
v -5.53835 8.06820 1.72357
v -5.61158 7.92221 1.65913
v -5.63730 7.75000 1.63651
v -5.33894 6.60000 1.92565
v -5.28639 6.60000 1.97189
v -5.31281 6.60000 2.00192
v -5.36536 6.60000 1.95568
v -5.33894 8.15000 1.92565
v -5.28639 8.15000 1.97189
v -5.31281 8.15000 2.00192
v -5.36536 8.15000 1.95568
v -5.65051 7.23250 1.65152
v -4.97482 7.23250 2.24603
v -5.00124 7.23250 2.27606
v -5.67693 7.23250 1.68155
v -5.65051 7.30250 1.65152
v -4.97482 7.30250 2.24603
v -5.00124 7.30250 2.27606
v -5.67693 7.30250 1.68155
v -5.78987 6.48000 1.35575
v -4.66371 6.48000 2.34659
v -4.87509 6.48000 2.58684
v -6.00125 6.48000 1.59600
v -5.78987 6.58000 1.35575
v -4.66371 6.58000 2.34659
v -4.87509 6.58000 2.58684
v -6.00125 6.58000 1.59600
v -5.35742 8.12000 1.80284
v -5.16222 8.12000 1.97458
v -5.25470 8.12000 2.07969
v -5.44990 8.12000 1.90795
v -5.35742 8.42000 1.80284
v -5.16222 8.42000 1.97458
v -5.25470 8.42000 2.07969
v -5.44990 8.42000 1.90795
v -1.89312 9.00000 2.12248
v -1.95828 8.77958 2.15221
v -2.12886 8.64335 2.23003
v -2.33972 8.64335 2.32623
v -2.51031 8.77958 2.40405
v -2.57546 9.00000 2.43378
v -2.51031 9.22042 2.40405
v -2.33972 9.35665 2.32623
v -2.12886 9.35665 2.23003
v -1.95828 9.22042 2.15221
v -1.85992 9.00000 2.19527
v -1.92507 8.77958 2.22499
v -2.09566 8.64335 2.30282
v -2.30652 8.64335 2.39901
v -2.47710 8.77958 2.47684
v -2.54226 9.00000 2.50656
v -2.47710 9.22042 2.47684
v -2.30652 9.35665 2.39901
v -2.09566 9.35665 2.30282
v -1.92507 9.22042 2.22499
v -1.96135 9.00000 2.15361
v -2.01348 8.82366 2.17739
v -2.14995 8.71468 2.23965
v -2.31863 8.71468 2.31661
v -2.45510 8.82366 2.37887
v -2.50723 9.00000 2.40265
v -2.45510 9.17634 2.37887
v -2.31863 9.28532 2.31661
v -2.14995 9.28532 2.23965
v -2.01348 9.17634 2.17739
v -1.91570 9.00000 2.25369
v -1.96782 8.82366 2.27747
v -2.10429 8.71468 2.33973
v -2.27298 8.71468 2.41669
v -2.40945 8.82366 2.47895
v -2.46157 9.00000 2.50273
v -2.40945 9.17634 2.47895
v -2.27298 9.28532 2.41669
v -2.10429 9.28532 2.33973
v -1.96782 9.17634 2.27747
v -4.22454 9.00000 2.43378
v -4.28969 8.77958 2.40405
v -4.46028 8.64335 2.32623
v -4.67114 8.64335 2.23003
v -4.84172 8.77958 2.15221
v -4.90688 9.00000 2.12248
v -4.84172 9.22042 2.15221
v -4.67114 9.35665 2.23003
v -4.46028 9.35665 2.32623
v -4.28969 9.22042 2.40405
v -4.25774 9.00000 2.50656
v -4.32290 8.77958 2.47684
v -4.49348 8.64335 2.39901
v -4.70434 8.64335 2.30282
v -4.87493 8.77958 2.22499
v -4.94008 9.00000 2.19527
v -4.87493 9.22042 2.22499
v -4.70434 9.35665 2.30282
v -4.49348 9.35665 2.39901
v -4.32290 9.22042 2.47684
v -4.29277 9.00000 2.40265
v -4.34490 8.82366 2.37887
v -4.48137 8.71468 2.31661
v -4.65005 8.71468 2.23965
v -4.78652 8.82366 2.17739
v -4.83865 9.00000 2.15361
v -4.78652 9.17634 2.17739
v -4.65005 9.28532 2.23965
v -4.48137 9.28532 2.31661
v -4.34490 9.17634 2.37887
v -4.33843 9.00000 2.50273
v -4.39055 8.82366 2.47895
v -4.52702 8.71468 2.41669
v -4.69571 8.71468 2.33973
v -4.83218 8.82366 2.27747
v -4.88430 9.00000 2.25369
v -4.83218 9.17634 2.27747
v -4.69571 9.28532 2.33973
v -4.52702 9.28532 2.41669
v -4.39055 9.17634 2.47895
v -2.69000 5.48000 -2.65000
v -4.11000 5.48000 -2.65000
v -4.11000 6.94368 -2.65000
v -4.05595 7.17188 -2.65000
v -3.90205 7.36534 -2.65000
v -3.67171 7.49461 -2.65000
v -3.40000 7.54000 -2.65000
v -3.12829 7.49461 -2.65000
v -2.89795 7.36534 -2.65000
v -2.74405 7.17188 -2.65000
v -2.69000 6.94368 -2.65000
v -2.69000 5.48000 -2.53000
v -4.11000 5.48000 -2.53000
v -4.11000 6.94368 -2.53000
v -4.05595 7.17188 -2.53000
v -3.90205 7.36534 -2.53000
v -3.67171 7.49461 -2.53000
v -3.40000 7.54000 -2.53000
v -3.12829 7.49461 -2.53000
v -2.89795 7.36534 -2.53000
v -2.74405 7.17188 -2.53000
v -2.69000 6.94368 -2.53000
v -2.85000 5.50000 -2.68000
v -3.95000 5.50000 -2.68000
v -3.95000 6.85000 -2.68000
v -3.90813 7.06048 -2.68000
v -3.78891 7.23891 -2.68000
v -3.61048 7.35813 -2.68000
v -3.40000 7.40000 -2.68000
v -3.18952 7.35813 -2.68000
v -3.01109 7.23891 -2.68000
v -2.89187 7.06048 -2.68000
v -2.85000 6.85000 -2.68000
v -2.85000 5.50000 -2.64000
v -3.95000 5.50000 -2.64000
v -3.95000 6.85000 -2.64000
v -3.90813 7.06048 -2.64000
v -3.78891 7.23891 -2.64000
v -3.61048 7.35813 -2.64000
v -3.40000 7.40000 -2.64000
v -3.18952 7.35813 -2.64000
v -3.01109 7.23891 -2.64000
v -2.89187 7.06048 -2.64000
v -2.85000 6.85000 -2.64000
v -3.36500 5.50000 -2.66000
v -3.43500 5.50000 -2.66000
v -3.43500 5.50000 -2.70000
v -3.36500 5.50000 -2.70000
v -3.36500 7.35000 -2.66000
v -3.43500 7.35000 -2.66000
v -3.43500 7.35000 -2.70000
v -3.36500 7.35000 -2.70000
v -2.85000 6.24250 -2.66000
v -3.95000 6.24250 -2.66000
v -3.95000 6.24250 -2.70000
v -2.85000 6.24250 -2.70000
v -2.85000 6.31250 -2.66000
v -3.95000 6.31250 -2.66000
v -3.95000 6.31250 -2.70000
v -2.85000 6.31250 -2.70000
v -2.55000 5.38000 -2.53000
v -4.25000 5.38000 -2.53000
v -4.25000 5.38000 -2.85000
v -2.55000 5.38000 -2.85000
v -2.55000 5.48000 -2.53000
v -4.25000 5.48000 -2.53000
v -4.25000 5.48000 -2.85000
v -2.55000 5.48000 -2.85000
v -3.27000 7.32000 -2.58000
v -3.53000 7.32000 -2.58000
v -3.53000 7.32000 -2.72000
v -3.27000 7.32000 -2.72000
v -3.27000 7.62000 -2.58000
v -3.53000 7.62000 -2.58000
v -3.53000 7.62000 -2.72000
v -3.27000 7.62000 -2.72000
v -1.03597 6.58000 -1.53832
v -1.95191 6.58000 -2.34421
v -1.95191 7.84500 -2.34421
v -1.91705 8.03443 -2.31354
v -1.81778 8.19502 -2.22619
v -1.66920 8.30232 -2.09546
v -1.49394 8.34000 -1.94127
v -1.31868 8.30232 -1.78707
v -1.17011 8.19502 -1.65634
v -1.07083 8.03443 -1.56900
v -1.03597 7.84500 -1.53832
v -1.11524 6.58000 -1.44823
v -2.03118 6.58000 -2.25411
v -2.03118 7.84500 -2.25411
v -1.99632 8.03443 -2.22344
v -1.89704 8.19502 -2.13610
v -1.74847 8.30232 -2.00537
v -1.57321 8.34000 -1.85117
v -1.39795 8.30232 -1.69697
v -1.24937 8.19502 -1.56625
v -1.15010 8.03443 -1.47890
v -1.11524 7.84500 -1.44823
v -1.13628 6.60000 -1.66654
v -1.81197 6.60000 -2.26104
v -1.81197 7.75000 -2.26104
v -1.78625 7.92221 -2.23841
v -1.71302 8.06820 -2.17398
v -1.60341 8.16575 -2.07754
v -1.47412 8.20000 -1.96379
v -1.34484 8.16575 -1.85004
v -1.23523 8.06820 -1.75360
v -1.16199 7.92221 -1.68916
v -1.13628 7.75000 -1.66654
v -1.16270 6.60000 -1.63651
v -1.83839 6.60000 -2.23101
v -1.83839 7.75000 -2.23101
v -1.81268 7.92221 -2.20838
v -1.73944 8.06820 -2.14395
v -1.62984 8.16575 -2.04751
v -1.50055 8.20000 -1.93376
v -1.37126 8.16575 -1.82000
v -1.26165 8.06820 -1.72357
v -1.18842 7.92221 -1.65913
v -1.16270 7.75000 -1.63651
v -1.46106 6.60000 -1.92565
v -1.51361 6.60000 -1.97189
v -1.48719 6.60000 -2.00192
v -1.43464 6.60000 -1.95568
v -1.46106 8.15000 -1.92565
v -1.51361 8.15000 -1.97189
v -1.48719 8.15000 -2.00192
v -1.43464 8.15000 -1.95568
v -1.14949 7.23250 -1.65152
v -1.82518 7.23250 -2.24603
v -1.79876 7.23250 -2.27606
v -1.12307 7.23250 -1.68155
v -1.14949 7.30250 -1.65152
v -1.82518 7.30250 -2.24603
v -1.79876 7.30250 -2.27606
v -1.12307 7.30250 -1.68155
v -1.01013 6.48000 -1.35575
v -2.13629 6.48000 -2.34659
v -1.92491 6.48000 -2.58684
v -0.79875 6.48000 -1.59600
v -1.01013 6.58000 -1.35575
v -2.13629 6.58000 -2.34659
v -1.92491 6.58000 -2.58684
v -0.79875 6.58000 -1.59600
v -1.44258 8.12000 -1.80284
v -1.63778 8.12000 -1.97458
v -1.54530 8.12000 -2.07969
v -1.35010 8.12000 -1.90795
v -1.44258 8.42000 -1.80284
v -1.63778 8.42000 -1.97458
v -1.54530 8.42000 -2.07969
v -1.35010 8.42000 -1.90795
v -4.84809 6.58000 -2.34421
v -5.76403 6.58000 -1.53832
v -5.76403 7.84500 -1.53832
v -5.72917 8.03443 -1.56900
v -5.62989 8.19502 -1.65634
v -5.48132 8.30232 -1.78707
v -5.30606 8.34000 -1.94127
v -5.13080 8.30232 -2.09546
v -4.98222 8.19502 -2.22619
v -4.88295 8.03443 -2.31354
v -4.84809 7.84500 -2.34421
v -4.76882 6.58000 -2.25411
v -5.68476 6.58000 -1.44823
v -5.68476 7.84500 -1.44823
v -5.64990 8.03443 -1.47890
v -5.55063 8.19502 -1.56625
v -5.40205 8.30232 -1.69697
v -5.22679 8.34000 -1.85117
v -5.05153 8.30232 -2.00537
v -4.90296 8.19502 -2.13610
v -4.80368 8.03443 -2.22344
v -4.76882 7.84500 -2.25411
v -4.98803 6.60000 -2.26104
v -5.66372 6.60000 -1.66654
v -5.66372 7.75000 -1.66654
v -5.63801 7.92221 -1.68916
v -5.56477 8.06820 -1.75360
v -5.45516 8.16575 -1.85004
v -5.32588 8.20000 -1.96379
v -5.19659 8.16575 -2.07754
v -5.08698 8.06820 -2.17398
v -5.01375 7.92221 -2.23841
v -4.98803 7.75000 -2.26104
v -4.96161 6.60000 -2.23101
v -5.63730 6.60000 -1.63651
v -5.63730 7.75000 -1.63651
v -5.61158 7.92221 -1.65913
v -5.53835 8.06820 -1.72357
v -5.42874 8.16575 -1.82000
v -5.29945 8.20000 -1.93376
v -5.17016 8.16575 -2.04751
v -5.06056 8.06820 -2.14395
v -4.98732 7.92221 -2.20838
v -4.96161 7.75000 -2.23101
v -5.28639 6.60000 -1.97189
v -5.33894 6.60000 -1.92565
v -5.36536 6.60000 -1.95568
v -5.31281 6.60000 -2.00192
v -5.28639 8.15000 -1.97189
v -5.33894 8.15000 -1.92565
v -5.36536 8.15000 -1.95568
v -5.31281 8.15000 -2.00192
v -4.97482 7.23250 -2.24603
v -5.65051 7.23250 -1.65152
v -5.67693 7.23250 -1.68155
v -5.00124 7.23250 -2.27606
v -4.97482 7.30250 -2.24603
v -5.65051 7.30250 -1.65152
v -5.67693 7.30250 -1.68155
v -5.00124 7.30250 -2.27606
v -4.66371 6.48000 -2.34659
v -5.78987 6.48000 -1.35575
v -6.00125 6.48000 -1.59600
v -4.87509 6.48000 -2.58684
v -4.66371 6.58000 -2.34659
v -5.78987 6.58000 -1.35575
v -6.00125 6.58000 -1.59600
v -4.87509 6.58000 -2.58684
v -5.16222 8.12000 -1.97458
v -5.35742 8.12000 -1.80284
v -5.44990 8.12000 -1.90795
v -5.25470 8.12000 -2.07969
v -5.16222 8.42000 -1.97458
v -5.35742 8.42000 -1.80284
v -5.44990 8.42000 -1.90795
v -5.25470 8.42000 -2.07969
v -2.57546 9.00000 -2.43378
v -2.51031 8.77958 -2.40405
v -2.33972 8.64335 -2.32623
v -2.12886 8.64335 -2.23003
v -1.95828 8.77958 -2.15221
v -1.89312 9.00000 -2.12248
v -1.95828 9.22042 -2.15221
v -2.12886 9.35665 -2.23003
v -2.33972 9.35665 -2.32623
v -2.51031 9.22042 -2.40405
v -2.54226 9.00000 -2.50656
v -2.47710 8.77958 -2.47684
v -2.30652 8.64335 -2.39901
v -2.09566 8.64335 -2.30282
v -1.92507 8.77958 -2.22499
v -1.85992 9.00000 -2.19527
v -1.92507 9.22042 -2.22499
v -2.09566 9.35665 -2.30282
v -2.30652 9.35665 -2.39901
v -2.47710 9.22042 -2.47684
v -2.50723 9.00000 -2.40265
v -2.45510 8.82366 -2.37887
v -2.31863 8.71468 -2.31661
v -2.14995 8.71468 -2.23965
v -2.01348 8.82366 -2.17739
v -1.96135 9.00000 -2.15361
v -2.01348 9.17634 -2.17739
v -2.14995 9.28532 -2.23965
v -2.31863 9.28532 -2.31661
v -2.45510 9.17634 -2.37887
v -2.46157 9.00000 -2.50273
v -2.40945 8.82366 -2.47895
v -2.27298 8.71468 -2.41669
v -2.10429 8.71468 -2.33973
v -1.96782 8.82366 -2.27747
v -1.91570 9.00000 -2.25369
v -1.96782 9.17634 -2.27747
v -2.10429 9.28532 -2.33973
v -2.27298 9.28532 -2.41669
v -2.40945 9.17634 -2.47895
v -4.90688 9.00000 -2.12248
v -4.84172 8.77958 -2.15221
v -4.67114 8.64335 -2.23003
v -4.46028 8.64335 -2.32623
v -4.28969 8.77958 -2.40405
v -4.22454 9.00000 -2.43378
v -4.28969 9.22042 -2.40405
v -4.46028 9.35665 -2.32623
v -4.67114 9.35665 -2.23003
v -4.84172 9.22042 -2.15221
v -4.94008 9.00000 -2.19527
v -4.87493 8.77958 -2.22499
v -4.70434 8.64335 -2.30282
v -4.49348 8.64335 -2.39901
v -4.32290 8.77958 -2.47684
v -4.25774 9.00000 -2.50656
v -4.32290 9.22042 -2.47684
v -4.49348 9.35665 -2.39901
v -4.70434 9.35665 -2.30282
v -4.87493 9.22042 -2.22499
v -4.83865 9.00000 -2.15361
v -4.78652 8.82366 -2.17739
v -4.65005 8.71468 -2.23965
v -4.48137 8.71468 -2.31661
v -4.34490 8.82366 -2.37887
v -4.29277 9.00000 -2.40265
v -4.34490 9.17634 -2.37887
v -4.48137 9.28532 -2.31661
v -4.65005 9.28532 -2.23965
v -4.78652 9.17634 -2.17739
v -4.88430 9.00000 -2.25369
v -4.83218 8.82366 -2.27747
v -4.69571 8.71468 -2.33973
v -4.52702 8.71468 -2.41669
v -4.39055 8.82366 -2.47895
v -4.33843 9.00000 -2.50273
v -4.39055 9.17634 -2.47895
v -4.52702 9.28532 -2.41669
v -4.69571 9.28532 -2.33973
v -4.83218 9.17634 -2.27747
v -0.96000 9.75000 0.00000
v -1.10715 9.75000 0.78280
v -1.53085 9.75000 1.47119
v -2.18000 9.75000 1.98212
v -2.97630 9.75000 2.25399
v -3.82370 9.75000 2.25399
v -4.62000 9.75000 1.98212
v -5.26915 9.75000 1.47119
v -5.69285 9.75000 0.78280
v -5.84000 9.75000 0.00000
v -5.69285 9.75000 -0.78280
v -5.26915 9.75000 -1.47119
v -4.62000 9.75000 -1.98212
v -3.82370 9.75000 -2.25399
v -2.97630 9.75000 -2.25399
v -2.18000 9.75000 -1.98212
v -1.53085 9.75000 -1.47119
v -1.10715 9.75000 -0.78280
v -0.96000 9.90000 0.00000
v -1.10715 9.90000 0.78280
v -1.53085 9.90000 1.47119
v -2.18000 9.90000 1.98212
v -2.97630 9.90000 2.25399
v -3.82370 9.90000 2.25399
v -4.62000 9.90000 1.98212
v -5.26915 9.90000 1.47119
v -5.69285 9.90000 0.78280
v -5.84000 9.90000 0.00000
v -5.69285 9.90000 -0.78280
v -5.26915 9.90000 -1.47119
v -4.62000 9.90000 -1.98212
v -3.82370 9.90000 -2.25399
v -2.97630 9.90000 -2.25399
v -2.18000 9.90000 -1.98212
v -1.53085 9.90000 -1.47119
v -1.10715 9.90000 -0.78280
v -0.98000 9.45000 0.00000
v -1.12594 9.45000 0.77639
v -1.54617 9.45000 1.45913
v -2.19000 9.45000 1.96588
v -2.97977 9.45000 2.23551
v -3.82023 9.45000 2.23551
v -4.61000 9.45000 1.96588
v -5.25383 9.45000 1.45913
v -5.67406 9.45000 0.77639
v -5.82000 9.45000 0.00000
v -5.67406 9.45000 -0.77639
v -5.25383 9.45000 -1.45913
v -4.61000 9.45000 -1.96588
v -3.82023 9.45000 -2.23551
v -2.97977 9.45000 -2.23551
v -2.19000 9.45000 -1.96588
v -1.54617 9.45000 -1.45913
v -1.12594 9.45000 -0.77639
v -0.98000 9.47000 0.00000
v -1.12594 9.47000 0.77639
v -1.54617 9.47000 1.45913
v -2.19000 9.47000 1.96588
v -2.97977 9.47000 2.23551
v -3.82023 9.47000 2.23551
v -4.61000 9.47000 1.96588
v -5.25383 9.47000 1.45913
v -5.67406 9.47000 0.77639
v -5.82000 9.47000 0.00000
v -5.67406 9.47000 -0.77639
v -5.25383 9.47000 -1.45913
v -4.61000 9.47000 -1.96588
v -3.82023 9.47000 -2.23551
v -2.97977 9.47000 -2.23551
v -2.19000 9.47000 -1.96588
v -1.54617 9.47000 -1.45913
v -1.12594 9.47000 -0.77639
v -4.15000 10.70000 1.00000
v -4.28180 10.70000 1.31820
v -4.60000 10.70000 1.45000
v -4.91820 10.70000 1.31820
v -5.05000 10.70000 1.00000
v -4.91820 10.70000 0.68180
v -4.60000 10.70000 0.55000
v -4.28180 10.70000 0.68180
v -4.15000 10.76000 1.00000
v -4.28180 10.76000 1.31820
v -4.60000 10.76000 1.45000
v -4.91820 10.76000 1.31820
v -5.05000 10.76000 1.00000
v -4.91820 10.76000 0.68180
v -4.60000 10.76000 0.55000
v -4.28180 10.76000 0.68180
v -4.55000 9.90000 1.00000
v -4.60000 9.90000 1.05000
v -4.65000 9.90000 1.00000
v -4.60000 9.90000 0.95000
v -4.55000 10.70000 1.00000
v -4.60000 10.70000 1.05000
v -4.65000 10.70000 1.00000
v -4.60000 10.70000 0.95000
v -4.45000 10.76000 1.00000
v -4.37300 10.76000 1.00000
v -4.41150 10.76000 1.06668
v -4.48850 10.76000 1.06668
v -4.52700 10.76000 1.00000
v -4.48850 10.76000 0.93332
v -4.41150 10.76000 0.93332
v -4.37300 10.95250 1.00000
v -4.41150 10.95250 1.06668
v -4.48850 10.95250 1.06668
v -4.52700 10.95250 1.00000
v -4.48850 10.95250 0.93332
v -4.41150 10.95250 0.93332
v -4.41920 11.02250 1.00000
v -4.43460 11.02250 1.02667
v -4.46540 11.02250 1.02667
v -4.48080 11.02250 1.00000
v -4.46540 11.02250 0.97333
v -4.43460 11.02250 0.97333
v -4.45000 11.02250 1.00000
v -4.41920 11.01550 1.00000
v -4.43460 11.01550 1.02667
v -4.46540 11.01550 1.02667
v -4.48080 11.01550 1.00000
v -4.46540 11.01550 0.97333
v -4.43460 11.01550 0.97333
v -4.41920 11.11000 1.00000
v -4.43460 11.11000 1.02667
v -4.46540 11.11000 1.02667
v -4.48080 11.11000 1.00000
v -4.46540 11.11000 0.97333
v -4.43460 11.11000 0.97333
v -3.78100 10.30000 1.42348
v -3.88100 10.30000 1.59669
v -4.08100 10.30000 1.59669
v -4.18100 10.30000 1.42348
v -4.08100 10.30000 1.25028
v -3.88100 10.30000 1.25028
v -3.78100 10.35000 1.42348
v -3.88100 10.35000 1.59669
v -4.08100 10.35000 1.59669
v -4.18100 10.35000 1.42348
v -4.08100 10.35000 1.25028
v -3.88100 10.35000 1.25028
v -3.95100 9.90000 1.42348
v -3.98100 9.90000 1.45348
v -4.01100 9.90000 1.42348
v -3.98100 9.90000 1.39348
v -3.95100 10.30000 1.42348
v -3.98100 10.30000 1.45348
v -4.01100 10.30000 1.42348
v -3.98100 10.30000 1.39348
v -5.01900 10.30000 0.57652
v -5.11900 10.30000 0.74972
v -5.31900 10.30000 0.74972
v -5.41900 10.30000 0.57652
v -5.31900 10.30000 0.40331
v -5.11900 10.30000 0.40331
v -5.01900 10.35000 0.57652
v -5.11900 10.35000 0.74972
v -5.31900 10.35000 0.74972
v -5.41900 10.35000 0.57652
v -5.31900 10.35000 0.40331
v -5.11900 10.35000 0.40331
v -5.18900 9.90000 0.57652
v -5.21900 9.90000 0.60652
v -5.24900 9.90000 0.57652
v -5.21900 9.90000 0.54652
v -5.18900 10.30000 0.57652
v -5.21900 10.30000 0.60652
v -5.24900 10.30000 0.57652
v -5.21900 10.30000 0.54652
v -1.75000 10.70000 -1.00000
v -1.88180 10.70000 -0.68180
v -2.20000 10.70000 -0.55000
v -2.51820 10.70000 -0.68180
v -2.65000 10.70000 -1.00000
v -2.51820 10.70000 -1.31820
v -2.20000 10.70000 -1.45000
v -1.88180 10.70000 -1.31820
v -1.75000 10.76000 -1.00000
v -1.88180 10.76000 -0.68180
v -2.20000 10.76000 -0.55000
v -2.51820 10.76000 -0.68180
v -2.65000 10.76000 -1.00000
v -2.51820 10.76000 -1.31820
v -2.20000 10.76000 -1.45000
v -1.88180 10.76000 -1.31820
v -2.15000 9.90000 -1.00000
v -2.20000 9.90000 -0.95000
v -2.25000 9.90000 -1.00000
v -2.20000 9.90000 -1.05000
v -2.15000 10.70000 -1.00000
v -2.20000 10.70000 -0.95000
v -2.25000 10.70000 -1.00000
v -2.20000 10.70000 -1.05000
v -2.05000 10.76000 -1.00000
v -1.97300 10.76000 -1.00000
v -2.01150 10.76000 -0.93332
v -2.08850 10.76000 -0.93332
v -2.12700 10.76000 -1.00000
v -2.08850 10.76000 -1.06668
v -2.01150 10.76000 -1.06668
v -1.97300 10.95250 -1.00000
v -2.01150 10.95250 -0.93332
v -2.08850 10.95250 -0.93332
v -2.12700 10.95250 -1.00000
v -2.08850 10.95250 -1.06668
v -2.01150 10.95250 -1.06668
v -2.01920 11.02250 -1.00000
v -2.03460 11.02250 -0.97333
v -2.06540 11.02250 -0.97333
v -2.08080 11.02250 -1.00000
v -2.06540 11.02250 -1.02667
v -2.03460 11.02250 -1.02667
v -2.05000 11.02250 -1.00000
v -2.01920 11.01550 -1.00000
v -2.03460 11.01550 -0.97333
v -2.06540 11.01550 -0.97333
v -2.08080 11.01550 -1.00000
v -2.06540 11.01550 -1.02667
v -2.03460 11.01550 -1.02667
v -2.01920 11.11000 -1.00000
v -2.03460 11.11000 -0.97333
v -2.06540 11.11000 -0.97333
v -2.08080 11.11000 -1.00000
v -2.06540 11.11000 -1.02667
v -2.03460 11.11000 -1.02667
v -1.38100 10.30000 -0.57652
v -1.48100 10.30000 -0.40331
v -1.68100 10.30000 -0.40331
v -1.78100 10.30000 -0.57652
v -1.68100 10.30000 -0.74972
v -1.48100 10.30000 -0.74972
v -1.38100 10.35000 -0.57652
v -1.48100 10.35000 -0.40331
v -1.68100 10.35000 -0.40331
v -1.78100 10.35000 -0.57652
v -1.68100 10.35000 -0.74972
v -1.48100 10.35000 -0.74972
v -1.55100 9.90000 -0.57652
v -1.58100 9.90000 -0.54652
v -1.61100 9.90000 -0.57652
v -1.58100 9.90000 -0.60652
v -1.55100 10.30000 -0.57652
v -1.58100 10.30000 -0.54652
v -1.61100 10.30000 -0.57652
v -1.58100 10.30000 -0.60652
v -2.61900 10.30000 -1.42348
v -2.71900 10.30000 -1.25028
v -2.91900 10.30000 -1.25028
v -3.01900 10.30000 -1.42348
v -2.91900 10.30000 -1.59669
v -2.71900 10.30000 -1.59669
v -2.61900 10.35000 -1.42348
v -2.71900 10.35000 -1.25028
v -2.91900 10.35000 -1.25028
v -3.01900 10.35000 -1.42348
v -2.91900 10.35000 -1.59669
v -2.71900 10.35000 -1.59669
v -2.78900 9.90000 -1.42348
v -2.81900 9.90000 -1.39348
v -2.84900 9.90000 -1.42348
v -2.81900 9.90000 -1.45348
v -2.78900 10.30000 -1.42348
v -2.81900 10.30000 -1.39348
v -2.84900 10.30000 -1.42348
v -2.81900 10.30000 -1.45348
v -3.36000 9.90000 -1.50000
v -3.40000 9.90000 -1.46000
v -3.44000 9.90000 -1.50000
v -3.40000 9.90000 -1.54000
v -3.36000 12.35000 -1.50000
v -3.40000 12.35000 -1.46000
v -3.44000 12.35000 -1.50000
v -3.40000 12.35000 -1.54000
v -2.10000 12.25000 -1.50000
v -2.48076 12.25000 -0.58076
v -3.40000 12.25000 -0.20000
v -4.31924 12.25000 -0.58076
v -4.70000 12.25000 -1.50000
v -4.31924 12.25000 -2.41924
v -3.40000 12.25000 -2.80000
v -2.48076 12.25000 -2.41924
v -3.35000 12.70000 -1.50000
v -3.36464 12.70000 -1.46464
v -3.40000 12.70000 -1.45000
v -3.43536 12.70000 -1.46464
v -3.45000 12.70000 -1.50000
v -3.43536 12.70000 -1.53536
v -3.40000 12.70000 -1.55000
v -3.36464 12.70000 -1.53536
v -2.10000 12.22000 -1.50000
v -2.48076 12.22000 -0.58076
v -3.40000 12.22000 -0.20000
v -4.31924 12.22000 -0.58076
v -4.70000 12.22000 -1.50000
v -4.31924 12.22000 -2.41924
v -3.40000 12.22000 -2.80000
v -2.48076 12.22000 -2.41924
v -2.10000 12.28000 -1.50000
v -2.48076 12.28000 -0.58076
v -3.40000 12.28000 -0.20000
v -4.31924 12.28000 -0.58076
v -4.70000 12.28000 -1.50000
v -4.31924 12.28000 -2.41924
v -3.40000 12.28000 -2.80000
v -2.48076 12.28000 -2.41924
v -5.02000 9.90000 0.80000
v -5.06000 9.90000 0.86928
v -5.14000 9.90000 0.86928
v -5.18000 9.90000 0.80000
v -5.14000 9.90000 0.73072
v -5.06000 9.90000 0.73072
v -5.02000 13.00000 0.80000
v -5.06000 13.00000 0.86928
v -5.14000 13.00000 0.86928
v -5.18000 13.00000 0.80000
v -5.14000 13.00000 0.73072
v -5.06000 13.00000 0.73072
v -1.62000 9.90000 0.80000
v -1.66000 9.90000 0.86928
v -1.74000 9.90000 0.86928
v -1.78000 9.90000 0.80000
v -1.74000 9.90000 0.73072
v -1.66000 9.90000 0.73072
v -1.62000 13.00000 0.80000
v -1.66000 13.00000 0.86928
v -1.74000 13.00000 0.86928
v -1.78000 13.00000 0.80000
v -1.74000 13.00000 0.73072
v -1.66000 13.00000 0.73072
v -5.70000 11.40000 0.82000
v -1.10000 11.40000 0.82000
v -1.10000 11.40000 0.98000
v -5.70000 11.40000 0.98000
v -5.70000 12.90000 0.82000
v -1.10000 12.90000 0.82000
v -1.10000 12.90000 0.98000
v -5.70000 12.90000 0.98000
v -5.80000 11.34000 0.77000
v -1.00000 11.34000 0.77000
v -1.00000 11.34000 1.03000
v -5.80000 11.34000 1.03000
v -5.80000 11.46000 0.77000
v -1.00000 11.46000 0.77000
v -1.00000 11.46000 1.03000
v -5.80000 11.46000 1.03000
v -5.80000 12.84000 0.77000
v -1.00000 12.84000 0.77000
v -1.00000 12.84000 1.03000
v -5.80000 12.84000 1.03000
v -5.80000 12.96000 0.77000
v -1.00000 12.96000 0.77000
v -1.00000 12.96000 1.03000
v -5.80000 12.96000 1.03000
v -5.53280 12.41040 1.00000
v -4.86320 12.41040 1.00000
v -4.86320 12.50960 1.00000
v -5.53280 12.50960 1.00000
v -4.93760 12.48480 1.00000
v -4.93760 12.00120 1.00000
v -4.83840 12.00120 1.00000
v -4.83840 12.48480 1.00000
v -4.88800 12.08145 1.00000
v -5.30436 11.87327 1.00000
v -5.26000 11.78455 1.00000
v -4.84364 11.99273 1.00000
v -5.24264 12.18100 1.00000
v -5.32200 12.26036 1.00000
v -5.40136 12.18100 1.00000
v -5.32200 12.10164 1.00000
v -4.63380 11.79040 1.00000
v -3.96420 11.79040 1.00000
v -3.96420 11.88960 1.00000
v -4.63380 11.88960 1.00000
v -3.93940 11.81520 1.00000
v -3.93940 12.48480 1.00000
v -4.03860 12.48480 1.00000
v -4.03860 11.81520 1.00000
v -3.96420 12.50960 1.00000
v -4.47880 12.50960 1.00000
v -4.47880 12.41040 1.00000
v -3.96420 12.41040 1.00000
v -4.50360 12.48480 1.00000
v -4.50360 12.06320 1.00000
v -4.40440 12.06320 1.00000
v -4.40440 12.48480 1.00000
v -4.47880 12.03840 1.00000
v -4.15020 12.03840 1.00000
v -4.15020 12.13760 1.00000
v -4.47880 12.13760 1.00000
v -3.68249 11.94685 1.00000
v -3.34497 12.45312 1.00000
v -3.42751 12.50815 1.00000
v -3.76503 12.00188 1.00000
v -3.45503 12.45312 1.00000
v -3.11751 11.94685 1.00000
v -3.03497 12.00188 1.00000
v -3.37249 12.50815 1.00000
v -3.64180 11.79040 1.00000
v -3.15820 11.79040 1.00000
v -3.15820 11.88960 1.00000
v -3.64180 11.88960 1.00000
v -2.45140 11.81520 1.00000
v -2.45140 12.20580 1.00000
v -2.55060 12.20580 1.00000
v -2.55060 11.81520 1.00000
v -2.86261 12.43972 1.00000
v -2.51575 12.12754 1.00000
v -2.44939 12.20128 1.00000
v -2.79625 12.51346 1.00000
v -2.48625 12.12754 1.00000
v -2.13939 12.43972 1.00000
v -2.20575 12.51346 1.00000
v -2.55261 12.20128 1.00000
v -2.42164 12.39800 1.00000
v -2.50100 12.47736 1.00000
v -2.58036 12.39800 1.00000
v -2.50100 12.31864 1.00000
v -1.89446 11.78739 1.00000
v -1.23939 12.44246 1.00000
v -1.30954 12.51261 1.00000
v -1.96461 11.85754 1.00000
v -1.96461 12.44246 1.00000
v -1.30954 11.78739 1.00000
v -1.23939 11.85754 1.00000
v -1.89446 12.51261 1.00000
v -1.52264 12.46000 1.00000
v -1.60200 12.53936 1.00000
v -1.68136 12.46000 1.00000
v -1.60200 12.38064 1.00000
v -5.63182 12.88182 1.00818
v -5.63182 12.88182 1.07182
v -5.56818 12.81818 1.07182
v -5.56818 12.81818 1.00818
v -1.16818 12.88182 1.00818
v -1.16818 12.88182 1.07182
v -1.23182 12.81818 1.07182
v -1.23182 12.81818 1.00818
v -1.16818 11.41818 1.00818
v -1.16818 11.41818 1.07182
v -1.23182 11.48182 1.07182
v -1.23182 11.48182 1.00818
v -5.63182 11.41818 1.00818
v -5.63182 11.41818 1.07182
v -5.56818 11.48182 1.07182
v -5.56818 11.48182 1.00818
v -1.37910 14.03536 0.86464
v -1.37910 14.03536 0.93536
v -1.22090 13.96464 0.93536
v -1.22090 13.96464 0.86464
v 0.77910 14.03536 0.86464
v 0.77910 14.03536 0.93536
v 0.62090 13.96464 0.93536
v 0.62090 13.96464 0.86464
v -0.20464 12.93649 0.86464
v -0.20464 12.93649 0.93536
v -0.27536 12.96351 0.93536
v -0.27536 12.96351 0.86464
v -0.20464 12.22530 0.86464
v -0.20464 12.22530 0.93536
v -0.27536 12.17470 0.93536
v -0.27536 12.17470 0.86464
v 0.32145 12.04595 0.86464
v 0.32145 12.04595 0.93536
v 0.07855 12.05405 0.93536
v 0.07855 12.05405 0.86464
v -0.91626 12.01464 0.86464
v -0.91626 12.01464 0.93536
v -0.68374 12.08536 0.93536
v -0.68374 12.08536 0.86464
v -0.39536 12.22530 0.86464
v -0.39536 12.22530 0.93536
v -0.32464 12.17470 0.93536
v -0.32464 12.17470 0.86464
v -0.39536 12.93649 0.86464
v -0.39536 12.93649 0.93536
v -0.32464 12.96351 0.93536
v -0.32464 12.96351 0.86464
v -0.30000 13.05000 0.92500
v 0.52000 13.80000 0.92500
v -1.12000 13.80000 0.92500
v -0.30000 13.05000 0.87500
v 0.52000 13.80000 0.87500
v -1.12000 13.80000 0.87500
v 0.43102 14.41627 0.90000
v 0.45000 14.40000 0.92500
v 0.46898 14.38373 0.90000
v 0.45000 14.40000 0.87500
v -0.46898 13.36627 0.90000
v -0.45000 13.35000 0.92500
v -0.43102 13.33373 0.90000
v -0.45000 13.35000 0.87500
v 0.08000 13.74000 0.90000
v 0.22107 13.78584 0.90000
v 0.17975 13.78584 0.99975
v 0.08000 13.78584 1.04107
v -0.01975 13.78584 0.99975
v -0.06107 13.78584 0.90000
v -0.01975 13.78584 0.80025
v 0.08000 13.78584 0.75893
v 0.17975 13.78584 0.80025
v 0.30825 13.90584 0.90000
v 0.24140 13.90584 1.06140
v 0.08000 13.90584 1.12825
v -0.08140 13.90584 1.06140
v -0.14825 13.90584 0.90000
v -0.08140 13.90584 0.73860
v 0.08000 13.90584 0.67175
v 0.24140 13.90584 0.73860
v 0.30825 14.05416 0.90000
v 0.24140 14.05416 1.06140
v 0.08000 14.05416 1.12825
v -0.08140 14.05416 1.06140
v -0.14825 14.05416 0.90000
v -0.08140 14.05416 0.73860
v 0.08000 14.05416 0.67175
v 0.24140 14.05416 0.73860
v 0.22107 14.17416 0.90000
v 0.17975 14.17416 0.99975
v 0.08000 14.17416 1.04107
v -0.01975 14.17416 0.99975
v -0.06107 14.17416 0.90000
v -0.01975 14.17416 0.80025
v 0.08000 14.17416 0.75893
v 0.17975 14.17416 0.80025
v 0.08000 14.22000 0.90000
v 0.20000 13.98000 1.10000
v 0.16485 13.89515 1.10000
v 0.08000 13.86000 1.10000
v -0.00485 13.89515 1.10000
v -0.04000 13.98000 1.10000
v -0.00485 14.06485 1.10000
v 0.08000 14.10000 1.10000
v 0.16485 14.06485 1.10000
v 0.20000 13.98000 1.16000
v 0.16485 13.89515 1.16000
v 0.08000 13.86000 1.16000
v -0.00485 13.89515 1.16000
v -0.04000 13.98000 1.16000
v -0.00485 14.06485 1.16000
v 0.08000 14.10000 1.16000
v 0.16485 14.06485 1.16000
v 0.14000 13.98000 1.11000
v 0.11000 13.92804 1.11000
v 0.05000 13.92804 1.11000
v 0.02000 13.98000 1.11000
v 0.05000 14.03196 1.11000
v 0.11000 14.03196 1.11000
v 0.14000 13.98000 1.19000
v 0.11000 13.92804 1.19000
v 0.05000 13.92804 1.19000
v 0.02000 13.98000 1.19000
v 0.05000 14.03196 1.19000
v 0.11000 14.03196 1.19000
v -0.25000 12.05000 0.80000
v -0.30000 12.05000 0.85000
v -0.35000 12.05000 0.80000
v -0.30000 12.05000 0.75000
v -0.25000 12.90000 0.80000
v -0.30000 12.90000 0.85000
v -0.35000 12.90000 0.80000
v -0.30000 12.90000 0.75000
v -0.35000 0.45000 1.80000
v 2.55000 0.45000 1.80000
v 2.55000 0.45000 3.50000
v -0.35000 0.45000 3.50000
v -0.35000 3.75000 1.80000
v 2.55000 3.75000 1.80000
v 2.55000 3.75000 3.50000
v -0.35000 3.75000 3.50000
v -0.50000 3.75000 1.65000
v 2.70000 3.75000 1.65000
v 2.70000 3.75000 3.65000
v -0.50000 3.75000 3.65000
v -0.50000 4.00000 1.65000
v 2.70000 4.00000 1.65000
v 2.70000 4.00000 3.65000
v -0.50000 4.00000 3.65000
v -0.49000 0.45000 3.38000
v -0.25000 0.45000 3.38000
v -0.25000 0.45000 3.62000
v -0.49000 0.45000 3.62000
v -0.49000 3.75000 3.38000
v -0.25000 3.75000 3.38000
v -0.25000 3.75000 3.62000
v -0.49000 3.75000 3.62000
v 2.45000 0.45000 3.38000
v 2.69000 0.45000 3.38000
v 2.69000 0.45000 3.62000
v 2.45000 0.45000 3.62000
v 2.45000 3.75000 3.38000
v 2.69000 3.75000 3.38000
v 2.69000 3.75000 3.62000
v 2.45000 3.75000 3.62000
v -0.70000 4.00000 4.20000
v 2.90000 4.00000 4.20000
v 1.10000 5.20000 4.20000
v -0.70000 4.00000 1.60000
v 2.90000 4.00000 1.60000
v 1.10000 5.20000 1.60000
v 0.20000 4.10000 4.11000
v 2.00000 4.10000 4.11000
v 2.00000 4.10000 4.21000
v 0.20000 4.10000 4.21000
v 0.20000 4.80000 4.11000
v 2.00000 4.80000 4.11000
v 2.00000 4.80000 4.21000
v 0.20000 4.80000 4.21000
v 0.41616 4.59786 4.22000
v 0.78221 4.48804 4.22000
v 0.79784 4.54014 4.22000
v 0.43179 4.64996 4.22000
v 0.78085 4.54817 4.22000
v 0.41518 4.42018 4.22000
v 0.43315 4.36883 4.22000
v 0.79882 4.49682 4.22000
v 0.41518 4.37782 4.22000
v 0.78085 4.24983 4.22000
v 0.79882 4.30118 4.22000
v 0.43315 4.42917 4.22000
v 0.95720 4.26640 4.22000
v 0.95720 4.63360 4.22000
v 0.90280 4.63360 4.22000
v 0.90280 4.26640 4.22000
v 1.11020 4.26640 4.22000
v 1.11020 4.63360 4.22000
v 1.05580 4.63360 4.22000
v 1.05580 4.26640 4.22000
v 1.06940 4.42280 4.22000
v 1.28360 4.42280 4.22000
v 1.28360 4.47720 4.22000
v 1.06940 4.47720 4.22000
v 1.24280 4.46360 4.22000
v 1.24280 4.26640 4.22000
v 1.29720 4.26640 4.22000
v 1.29720 4.46360 4.22000
v 1.43262 4.42115 4.22000
v 1.62185 4.61038 4.22000
v 1.58338 4.64885 4.22000
v 1.39415 4.45962 4.22000
v 1.56415 4.61038 4.22000
v 1.75338 4.42115 4.22000
v 1.79185 4.45962 4.22000
v 1.60262 4.64885 4.22000
v 1.75338 4.47885 4.22000
v 1.56415 4.28962 4.22000
v 1.60262 4.25115 4.22000
v 1.79185 4.44038 4.22000
v 1.62185 4.28962 4.22000
v 1.43262 4.47885 4.22000
v 1.39415 4.44038 4.22000
v 1.58338 4.25115 4.22000
v 1.63652 4.45000 4.22000
v 1.59300 4.49352 4.22000
v 1.54948 4.45000 4.22000
v 1.59300 4.40648 4.22000
v 0.15000 0.45000 3.47000
v 2.05000 0.45000 3.47000
v 2.05000 0.45000 3.53000
v 0.15000 0.45000 3.53000
v 0.15000 2.95000 3.47000
v 2.05000 2.95000 3.47000
v 2.05000 2.95000 3.53000
v 0.15000 2.95000 3.53000
v 0.00000 2.95000 3.45000
v 2.20000 2.95000 3.45000
v 2.20000 2.95000 3.65000
v 0.00000 2.95000 3.65000
v 0.00000 3.15000 3.45000
v 2.20000 3.15000 3.45000
v 2.20000 3.15000 3.65000
v 0.00000 3.15000 3.65000
v -0.23500 3.70000 3.85000
v -0.25000 3.70000 3.83500
v -0.26500 3.70000 3.85000
v -0.25000 3.70000 3.86500
v -0.23500 3.45000 3.85000
v -0.25000 3.45000 3.83500
v -0.26500 3.45000 3.85000
v -0.25000 3.45000 3.86500
v -0.09000 3.35000 3.85000
v -0.17000 3.35000 3.98856
v -0.33000 3.35000 3.98856
v -0.41000 3.35000 3.85000
v -0.33000 3.35000 3.71144
v -0.17000 3.35000 3.71144
v -0.20000 3.45000 3.85000
v -0.22500 3.45000 3.89330
v -0.27500 3.45000 3.89330
v -0.30000 3.45000 3.85000
v -0.27500 3.45000 3.80670
v -0.22500 3.45000 3.80670
v -0.13000 3.09000 3.85000
v -0.19000 3.09000 3.95392
v -0.31000 3.09000 3.95392
v -0.37000 3.09000 3.85000
v -0.31000 3.09000 3.74608
v -0.19000 3.09000 3.74608
v -0.13000 3.35000 3.85000
v -0.19000 3.35000 3.95392
v -0.31000 3.35000 3.95392
v -0.37000 3.35000 3.85000
v -0.31000 3.35000 3.74608
v -0.19000 3.35000 3.74608
v -0.11000 3.05000 3.85000
v -0.18000 3.05000 3.97124
v -0.32000 3.05000 3.97124
v -0.39000 3.05000 3.85000
v -0.32000 3.05000 3.72876
v -0.18000 3.05000 3.72876
v -0.11000 3.09000 3.85000
v -0.18000 3.09000 3.97124
v -0.32000 3.09000 3.97124
v -0.39000 3.09000 3.85000
v -0.32000 3.09000 3.72876
v -0.18000 3.09000 3.72876
v 2.46500 3.70000 3.85000
v 2.45000 3.70000 3.83500
v 2.43500 3.70000 3.85000
v 2.45000 3.70000 3.86500
v 2.46500 3.45000 3.85000
v 2.45000 3.45000 3.83500
v 2.43500 3.45000 3.85000
v 2.45000 3.45000 3.86500
v 2.61000 3.35000 3.85000
v 2.53000 3.35000 3.98856
v 2.37000 3.35000 3.98856
v 2.29000 3.35000 3.85000
v 2.37000 3.35000 3.71144
v 2.53000 3.35000 3.71144
v 2.50000 3.45000 3.85000
v 2.47500 3.45000 3.89330
v 2.42500 3.45000 3.89330
v 2.40000 3.45000 3.85000
v 2.42500 3.45000 3.80670
v 2.47500 3.45000 3.80670
v 2.57000 3.09000 3.85000
v 2.51000 3.09000 3.95392
v 2.39000 3.09000 3.95392
v 2.33000 3.09000 3.85000
v 2.39000 3.09000 3.74608
v 2.51000 3.09000 3.74608
v 2.57000 3.35000 3.85000
v 2.51000 3.35000 3.95392
v 2.39000 3.35000 3.95392
v 2.33000 3.35000 3.85000
v 2.39000 3.35000 3.74608
v 2.51000 3.35000 3.74608
v 2.59000 3.05000 3.85000
v 2.52000 3.05000 3.97124
v 2.38000 3.05000 3.97124
v 2.31000 3.05000 3.85000
v 2.38000 3.05000 3.72876
v 2.52000 3.05000 3.72876
v 2.59000 3.09000 3.85000
v 2.52000 3.09000 3.97124
v 2.38000 3.09000 3.97124
v 2.31000 3.09000 3.85000
v 2.38000 3.09000 3.72876
v 2.52000 3.09000 3.72876
v -0.20924 1.52838 3.51500
v 0.40924 1.57162 3.51500
v 0.40924 1.57162 3.54500
v -0.20924 1.52838 3.54500
v -0.26505 2.32643 3.51500
v 0.35344 2.36968 3.51500
v 0.35344 2.36968 3.54500
v -0.26505 2.32643 3.54500
v -0.04116 1.97348 3.55000
v 0.27652 2.29116 3.55000
v 0.24116 2.32652 3.55000
v -0.07652 2.00884 3.55000
v -0.07652 2.29116 3.55000
v 0.24116 1.97348 3.55000
v 0.27652 2.00884 3.55000
v -0.04116 2.32652 3.55000
v 0.14000 2.30000 3.55000
v 0.10000 2.34000 3.55000
v 0.06000 2.30000 3.55000
v 0.10000 2.26000 3.55000
v 0.10000 1.72000 3.55000
v 0.21258 1.78500 3.55000
v 0.15629 1.78500 3.56950
v 0.04371 1.78500 3.56950
v -0.01258 1.78500 3.55000
v 0.04371 1.78500 3.53050
v 0.15629 1.78500 3.53050
v 0.21258 1.91500 3.55000
v 0.15629 1.91500 3.56950
v 0.04371 1.91500 3.56950
v -0.01258 1.91500 3.55000
v 0.04371 1.91500 3.53050
v 0.15629 1.91500 3.53050
v 0.10000 1.98000 3.55000
v -1.40000 0.00000 3.40000
v 4.30000 0.00000 3.40000
v 4.30000 0.00000 5.30000
v -1.40000 0.00000 5.30000
v -1.40000 0.45000 3.40000
v 4.30000 0.45000 3.40000
v 4.30000 0.45000 5.30000
v -1.40000 0.45000 5.30000
v -1.40000 0.45000 3.41500
v 4.30000 0.45000 3.41500
v 4.30000 0.45000 3.76500
v -1.40000 0.45000 3.76500
v -1.40000 0.50000 3.41500
v 4.30000 0.50000 3.41500
v 4.30000 0.50000 3.76500
v -1.40000 0.50000 3.76500
v -1.40000 0.45000 3.79500
v 4.30000 0.45000 3.79500
v 4.30000 0.45000 4.14500
v -1.40000 0.45000 4.14500
v -1.40000 0.50000 3.79500
v 4.30000 0.50000 3.79500
v 4.30000 0.50000 4.14500
v -1.40000 0.50000 4.14500
v -1.40000 0.45000 4.17500
v 4.30000 0.45000 4.17500
v 4.30000 0.45000 4.52500
v -1.40000 0.45000 4.52500
v -1.40000 0.50000 4.17500
v 4.30000 0.50000 4.17500
v 4.30000 0.50000 4.52500
v -1.40000 0.50000 4.52500
v -1.40000 0.45000 4.55500
v 4.30000 0.45000 4.55500
v 4.30000 0.45000 4.90500
v -1.40000 0.45000 4.90500
v -1.40000 0.50000 4.55500
v 4.30000 0.50000 4.55500
v 4.30000 0.50000 4.90500
v -1.40000 0.50000 4.90500
v -1.40000 0.45000 4.93500
v 4.30000 0.45000 4.93500
v 4.30000 0.45000 5.28500
v -1.40000 0.45000 5.28500
v -1.40000 0.50000 4.93500
v 4.30000 0.50000 4.93500
v 4.30000 0.50000 5.28500
v -1.40000 0.50000 5.28500
v -0.10000 0.00000 5.29500
v 2.30000 0.00000 5.29500
v 2.30000 0.00000 5.74500
v -0.10000 0.00000 5.74500
v -0.10000 0.22000 5.29500
v 2.30000 0.22000 5.29500
v 2.30000 0.22000 5.74500
v -0.10000 0.22000 5.74500
v 4.92000 0.00000 5.82000
v 5.08000 0.00000 5.82000
v 5.08000 0.00000 5.98000
v 4.92000 0.00000 5.98000
v 4.92000 1.10000 5.82000
v 5.08000 1.10000 5.82000
v 5.08000 1.10000 5.98000
v 4.92000 1.10000 5.98000
v 5.18040 1.15000 5.90000
v 5.12756 1.15000 6.02756
v 5.00000 1.15000 6.08040
v 4.87244 1.15000 6.02756
v 4.81960 1.15000 5.90000
v 4.87244 1.15000 5.77244
v 5.00000 1.15000 5.71960
v 5.12756 1.15000 5.77244
v 5.22000 1.27000 5.90000
v 5.15556 1.27000 6.05556
v 5.00000 1.27000 6.12000
v 4.84444 1.27000 6.05556
v 4.78000 1.27000 5.90000
v 4.84444 1.27000 5.74444
v 5.00000 1.27000 5.68000
v 5.15556 1.27000 5.74444
v 5.15840 1.10000 5.90000
v 5.11201 1.10000 6.01201
v 5.00000 1.10000 6.05840
v 4.88799 1.10000 6.01201
v 4.84160 1.10000 5.90000
v 4.88799 1.10000 5.78799
v 5.00000 1.10000 5.74160
v 5.11201 1.10000 5.78799
v 5.15840 1.15000 5.90000
v 5.11201 1.15000 6.01201
v 5.00000 1.15000 6.05840
v 4.88799 1.15000 6.01201
v 4.84160 1.15000 5.90000
v 4.88799 1.15000 5.78799
v 5.00000 1.15000 5.74160
v 5.11201 1.15000 5.78799
v 7.72000 0.00000 5.82000
v 7.88000 0.00000 5.82000
v 7.88000 0.00000 5.98000
v 7.72000 0.00000 5.98000
v 7.72000 1.10000 5.82000
v 7.88000 1.10000 5.82000
v 7.88000 1.10000 5.98000
v 7.72000 1.10000 5.98000
v 7.98040 1.15000 5.90000
v 7.92756 1.15000 6.02756
v 7.80000 1.15000 6.08040
v 7.67244 1.15000 6.02756
v 7.61960 1.15000 5.90000
v 7.67244 1.15000 5.77244
v 7.80000 1.15000 5.71960
v 7.92756 1.15000 5.77244
v 8.02000 1.27000 5.90000
v 7.95556 1.27000 6.05556
v 7.80000 1.27000 6.12000
v 7.64444 1.27000 6.05556
v 7.58000 1.27000 5.90000
v 7.64444 1.27000 5.74444
v 7.80000 1.27000 5.68000
v 7.95556 1.27000 5.74444
v 7.95840 1.10000 5.90000
v 7.91201 1.10000 6.01201
v 7.80000 1.10000 6.05840
v 7.68799 1.10000 6.01201
v 7.64160 1.10000 5.90000
v 7.68799 1.10000 5.78799
v 7.80000 1.10000 5.74160
v 7.91201 1.10000 5.78799
v 7.95840 1.15000 5.90000
v 7.91201 1.15000 6.01201
v 7.80000 1.15000 6.05840
v 7.68799 1.15000 6.01201
v 7.64160 1.15000 5.90000
v 7.68799 1.15000 5.78799
v 7.80000 1.15000 5.74160
v 7.91201 1.15000 5.78799
v 4.90000 0.95000 5.84000
v 7.90000 0.95000 5.84000
v 7.90000 0.95000 5.96000
v 4.90000 0.95000 5.96000
v 4.90000 1.07000 5.84000
v 7.90000 1.07000 5.84000
v 7.90000 1.07000 5.96000
v 4.90000 1.07000 5.96000
v -1.00000 0.45000 3.90000
v -0.69760 0.45000 3.90000
v -0.78617 0.45000 4.11383
v -1.00000 0.45000 4.20240
v -1.21383 0.45000 4.11383
v -1.30240 0.45000 3.90000
v -1.21383 0.45000 3.68617
v -1.00000 0.45000 3.59760
v -0.78617 0.45000 3.68617
v -0.64000 0.76350 3.90000
v -0.74544 0.76350 4.15456
v -1.00000 0.76350 4.26000
v -1.25456 0.76350 4.15456
v -1.36000 0.76350 3.90000
v -1.25456 0.76350 3.64544
v -1.00000 0.76350 3.54000
v -0.74544 0.76350 3.64544
v -0.64000 1.08650 3.90000
v -0.74544 1.08650 4.15456
v -1.00000 1.08650 4.26000
v -1.25456 1.08650 4.15456
v -1.36000 1.08650 3.90000
v -1.25456 1.08650 3.64544
v -1.00000 1.08650 3.54000
v -0.74544 1.08650 3.64544
v -0.69760 1.40000 3.90000
v -0.78617 1.40000 4.11383
v -1.00000 1.40000 4.20240
v -1.21383 1.40000 4.11383
v -1.30240 1.40000 3.90000
v -1.21383 1.40000 3.68617
v -1.00000 1.40000 3.59760
v -0.78617 1.40000 3.68617
v -1.00000 1.40000 3.90000
v -0.65516 0.56400 3.90000
v -0.75616 0.56400 4.14384
v -1.00000 0.56400 4.24484
v -1.24384 0.56400 4.14384
v -1.34484 0.56400 3.90000
v -1.24384 0.56400 3.65616
v -1.00000 0.56400 3.55516
v -0.75616 0.56400 3.65616
v -0.63476 0.64950 3.90000
v -0.74174 0.64950 4.15826
v -1.00000 0.64950 4.26524
v -1.25826 0.64950 4.15826
v -1.36524 0.64950 3.90000
v -1.25826 0.64950 3.64174
v -1.00000 0.64950 3.53476
v -0.74174 0.64950 3.64174
v -0.63476 1.20050 3.90000
v -0.74174 1.20050 4.15826
v -1.00000 1.20050 4.26524
v -1.25826 1.20050 4.15826
v -1.36524 1.20050 3.90000
v -1.25826 1.20050 3.64174
v -1.00000 1.20050 3.53476
v -0.74174 1.20050 3.64174
v -0.65516 1.28600 3.90000
v -0.75616 1.28600 4.14384
v -1.00000 1.28600 4.24484
v -1.24384 1.28600 4.14384
v -1.34484 1.28600 3.90000
v -1.24384 1.28600 3.65616
v -1.00000 1.28600 3.55516
v -0.75616 1.28600 3.65616
v 3.75000 0.45000 3.85000
v 4.01880 0.45000 3.85000
v 3.94007 0.45000 4.04007
v 3.75000 0.45000 4.11880
v 3.55993 0.45000 4.04007
v 3.48120 0.45000 3.85000
v 3.55993 0.45000 3.65993
v 3.75000 0.45000 3.58120
v 3.94007 0.45000 3.65993
v 4.07000 0.73050 3.85000
v 3.97627 0.73050 4.07627
v 3.75000 0.73050 4.17000
v 3.52373 0.73050 4.07627
v 3.43000 0.73050 3.85000
v 3.52373 0.73050 3.62373
v 3.75000 0.73050 3.53000
v 3.97627 0.73050 3.62373
v 4.07000 1.01950 3.85000
v 3.97627 1.01950 4.07627
v 3.75000 1.01950 4.17000
v 3.52373 1.01950 4.07627
v 3.43000 1.01950 3.85000
v 3.52373 1.01950 3.62373
v 3.75000 1.01950 3.53000
v 3.97627 1.01950 3.62373
v 4.01880 1.30000 3.85000
v 3.94007 1.30000 4.04007
v 3.75000 1.30000 4.11880
v 3.55993 1.30000 4.04007
v 3.48120 1.30000 3.85000
v 3.55993 1.30000 3.65993
v 3.75000 1.30000 3.58120
v 3.94007 1.30000 3.65993
v 3.75000 1.30000 3.85000
v 4.05653 0.55200 3.85000
v 3.96675 0.55200 4.06675
v 3.75000 0.55200 4.15653
v 3.53325 0.55200 4.06675
v 3.44347 0.55200 3.85000
v 3.53325 0.55200 3.63325
v 3.75000 0.55200 3.54347
v 3.96675 0.55200 3.63325
v 4.07466 0.62850 3.85000
v 3.97957 0.62850 4.07957
v 3.75000 0.62850 4.17466
v 3.52043 0.62850 4.07957
v 3.42534 0.62850 3.85000
v 3.52043 0.62850 3.62043
v 3.75000 0.62850 3.52534
v 3.97957 0.62850 3.62043
v 4.07466 1.12150 3.85000
v 3.97957 1.12150 4.07957
v 3.75000 1.12150 4.17466
v 3.52043 1.12150 4.07957
v 3.42534 1.12150 3.85000
v 3.52043 1.12150 3.62043
v 3.75000 1.12150 3.52534
v 3.97957 1.12150 3.62043
v 4.05653 1.19800 3.85000
v 3.96675 1.19800 4.06675
v 3.75000 1.19800 4.15653
v 3.53325 1.19800 4.06675
v 3.44347 1.19800 3.85000
v 3.53325 1.19800 3.63325
v 3.75000 1.19800 3.54347
v 3.96675 1.19800 3.63325
v 4.01000 1.29000 3.85000
v 3.93385 1.29000 4.03385
v 3.75000 1.29000 4.11000
v 3.56615 1.29000 4.03385
v 3.49000 1.29000 3.85000
v 3.56615 1.29000 3.66615
v 3.75000 1.29000 3.59000
v 3.93385 1.29000 3.66615
v 4.01000 1.31000 3.85000
v 3.93385 1.31000 4.03385
v 3.75000 1.31000 4.11000
v 3.56615 1.31000 4.03385
v 3.49000 1.31000 3.85000
v 3.56615 1.31000 3.66615
v 3.75000 1.31000 3.59000
v 3.93385 1.31000 3.66615
v 2.81191 0.45000 4.46457
v 3.50127 0.45000 4.34302
v 3.58809 0.45000 4.83543
v 2.89873 0.45000 4.95698
v 2.81191 0.90000 4.46457
v 3.50127 0.90000 4.34302
v 3.58809 0.90000 4.83543
v 2.89873 0.90000 4.95698
v 3.00000 0.90000 4.65000
v 3.07040 0.90000 4.65000
v 3.03520 0.90000 4.71097
v 2.96480 0.90000 4.71097
v 2.92960 0.90000 4.65000
v 2.96480 0.90000 4.58903
v 3.03520 0.90000 4.58903
v 3.07040 1.07600 4.65000
v 3.03520 1.07600 4.71097
v 2.96480 1.07600 4.71097
v 2.92960 1.07600 4.65000
v 2.96480 1.07600 4.58903
v 3.03520 1.07600 4.58903
v 3.02816 1.14000 4.65000
v 3.01408 1.14000 4.67439
v 2.98592 1.14000 4.67439
v 2.97184 1.14000 4.65000
v 2.98592 1.14000 4.62561
v 3.01408 1.14000 4.62561
v 3.00000 1.14000 4.65000
v 3.02816 1.13360 4.65000
v 3.01408 1.13360 4.67439
v 2.98592 1.13360 4.67439
v 2.97184 1.13360 4.65000
v 2.98592 1.13360 4.62561
v 3.01408 1.13360 4.62561
v 3.02816 1.22000 4.65000
v 3.01408 1.22000 4.67439
v 2.98592 1.22000 4.67439
v 2.97184 1.22000 4.65000
v 2.98592 1.22000 4.62561
v 3.01408 1.22000 4.62561
v 3.20000 0.90000 4.65000
v 3.27040 0.90000 4.65000
v 3.23520 0.90000 4.71097
v 3.16480 0.90000 4.71097
v 3.12960 0.90000 4.65000
v 3.16480 0.90000 4.58903
v 3.23520 0.90000 4.58903
v 3.27040 1.07600 4.65000
v 3.23520 1.07600 4.71097
v 3.16480 1.07600 4.71097
v 3.12960 1.07600 4.65000
v 3.16480 1.07600 4.58903
v 3.23520 1.07600 4.58903
v 3.22816 1.14000 4.65000
v 3.21408 1.14000 4.67439
v 3.18592 1.14000 4.67439
v 3.17184 1.14000 4.65000
v 3.18592 1.14000 4.62561
v 3.21408 1.14000 4.62561
v 3.20000 1.14000 4.65000
v 3.22816 1.13360 4.65000
v 3.21408 1.13360 4.67439
v 3.18592 1.13360 4.67439
v 3.17184 1.13360 4.65000
v 3.18592 1.13360 4.62561
v 3.21408 1.13360 4.62561
v 3.22816 1.22000 4.65000
v 3.21408 1.22000 4.67439
v 3.18592 1.22000 4.67439
v 3.17184 1.22000 4.65000
v 3.18592 1.22000 4.62561
v 3.21408 1.22000 4.62561
v 3.40000 0.90000 4.65000
v 3.47040 0.90000 4.65000
v 3.43520 0.90000 4.71097
v 3.36480 0.90000 4.71097
v 3.32960 0.90000 4.65000
v 3.36480 0.90000 4.58903
v 3.43520 0.90000 4.58903
v 3.47040 1.07600 4.65000
v 3.43520 1.07600 4.71097
v 3.36480 1.07600 4.71097
v 3.32960 1.07600 4.65000
v 3.36480 1.07600 4.58903
v 3.43520 1.07600 4.58903
v 3.42816 1.14000 4.65000
v 3.41408 1.14000 4.67439
v 3.38592 1.14000 4.67439
v 3.37184 1.14000 4.65000
v 3.38592 1.14000 4.62561
v 3.41408 1.14000 4.62561
v 3.40000 1.14000 4.65000
v 3.42816 1.13360 4.65000
v 3.41408 1.13360 4.67439
v 3.38592 1.13360 4.67439
v 3.37184 1.13360 4.65000
v 3.38592 1.13360 4.62561
v 3.41408 1.13360 4.62561
v 3.42816 1.22000 4.65000
v 3.41408 1.22000 4.67439
v 3.38592 1.22000 4.67439
v 3.37184 1.22000 4.65000
v 3.38592 1.22000 4.62561
v 3.41408 1.22000 4.62561
v 4.18391 1.55000 1.82218
v 4.09149 1.25611 1.84621
v 3.84954 1.07447 1.90912
v 3.55046 1.07447 1.98688
v 3.30851 1.25611 2.04979
v 3.21609 1.55000 2.07382
v 3.30851 1.84389 2.04979
v 3.55046 2.02553 1.98688
v 3.84954 2.02553 1.90912
v 4.09149 1.84389 1.84621
v 4.20404 1.55000 1.89961
v 4.11162 1.25611 1.92364
v 3.86967 1.07447 1.98655
v 3.57059 1.07447 2.06431
v 3.32864 1.25611 2.12721
v 3.23622 1.55000 2.15124
v 3.32864 1.84389 2.12721
v 3.57059 2.02553 2.06431
v 3.86967 2.02553 1.98655
v 4.11162 1.84389 1.92364
v 4.08713 1.55000 1.84735
v 4.01319 1.31489 1.86657
v 3.81963 1.16958 1.91690
v 3.58037 1.16958 1.97910
v 3.38681 1.31489 2.02943
v 3.31287 1.55000 2.04865
v 3.38681 1.78511 2.02943
v 3.58037 1.93042 1.97910
v 3.81963 1.93042 1.91690
v 4.01319 1.78511 1.86657
v 4.11481 1.55000 1.95381
v 4.04087 1.31489 1.97303
v 3.84731 1.16958 2.02336
v 3.60805 1.16958 2.08556
v 3.41449 1.31489 2.13589
v 3.34055 1.55000 2.15511
v 3.41449 1.78511 2.13589
v 3.60805 1.93042 2.08556
v 3.84731 1.93042 2.02336
v 4.04087 1.78511 1.97303
v 4.18391 1.55000 -1.82218
v 4.09149 1.25611 -1.84621
v 3.84954 1.07447 -1.90912
v 3.55046 1.07447 -1.98688
v 3.30851 1.25611 -2.04979
v 3.21609 1.55000 -2.07382
v 3.30851 1.84389 -2.04979
v 3.55046 2.02553 -1.98688
v 3.84954 2.02553 -1.90912
v 4.09149 1.84389 -1.84621
v 4.20404 1.55000 -1.89961
v 4.11162 1.25611 -1.92364
v 3.86967 1.07447 -1.98655
v 3.57059 1.07447 -2.06431
v 3.32864 1.25611 -2.12721
v 3.23622 1.55000 -2.15124
v 3.32864 1.84389 -2.12721
v 3.57059 2.02553 -2.06431
v 3.86967 2.02553 -1.98655
v 4.11162 1.84389 -1.92364
v 4.08713 1.55000 -1.84735
v 4.01319 1.31489 -1.86657
v 3.81963 1.16958 -1.91690
v 3.58037 1.16958 -1.97910
v 3.38681 1.31489 -2.02943
v 3.31287 1.55000 -2.04865
v 3.38681 1.78511 -2.02943
v 3.58037 1.93042 -1.97910
v 3.81963 1.93042 -1.91690
v 4.01319 1.78511 -1.86657
v 4.11481 1.55000 -1.95381
v 4.04087 1.31489 -1.97303
v 3.84731 1.16958 -2.02336
v 3.60805 1.16958 -2.08556
v 3.41449 1.31489 -2.13589
v 3.34055 1.55000 -2.15511
v 3.41449 1.78511 -2.13589
v 3.60805 1.93042 -2.08556
v 3.84731 1.93042 -2.02336
v 4.04087 1.78511 -1.97303
v 0.19752 1.55000 -2.49025
v 0.10250 1.25611 -2.49975
v -0.14626 1.07447 -2.52463
v -0.45374 1.07447 -2.55537
v -0.70250 1.25611 -2.58025
v -0.79752 1.55000 -2.58975
v -0.70250 1.84389 -2.58025
v -0.45374 2.02553 -2.55537
v -0.14626 2.02553 -2.52463
v 0.10250 1.84389 -2.49975
v 0.20548 1.55000 -2.56985
v 0.11046 1.25611 -2.57935
v -0.13830 1.07447 -2.60423
v -0.44578 1.07447 -2.63498
v -0.69454 1.25611 -2.65985
v -0.78956 1.55000 -2.66935
v -0.69454 1.84389 -2.65985
v -0.44578 2.02553 -2.63498
v -0.13830 2.02553 -2.60423
v 0.11046 1.84389 -2.57935
v 0.09801 1.55000 -2.50020
v 0.02200 1.31489 -2.50780
v -0.17701 1.16958 -2.52770
v -0.42299 1.16958 -2.55230
v -0.62200 1.31489 -2.57220
v -0.69801 1.55000 -2.57980
v -0.62200 1.78511 -2.57220
v -0.42299 1.93042 -2.55230
v -0.17701 1.93042 -2.52770
v 0.02200 1.78511 -2.50780
v 0.10896 1.55000 -2.60965
v 0.03295 1.31489 -2.61725
v -0.16606 1.16958 -2.63715
v -0.41205 1.16958 -2.66175
v -0.61106 1.31489 -2.68165
v -0.68707 1.55000 -2.68926
v -0.61106 1.78511 -2.68165
v -0.41205 1.93042 -2.66175
v -0.16606 1.93042 -2.63715
v 0.03295 1.78511 -2.61725
v 1.60000 0.45000 -2.42000
v 0.40000 0.45000 -2.42000
v 0.40000 0.45000 -2.52000
v 1.60000 0.45000 -2.52000
v 1.60000 2.65000 -2.42000
v 0.40000 2.65000 -2.42000
v 0.40000 2.65000 -2.52000
v 1.60000 2.65000 -2.52000
v 1.75000 2.65000 -2.39000
v 0.25000 2.65000 -2.39000
v 0.25000 2.65000 -2.61000
v 1.75000 2.65000 -2.61000
v 1.75000 2.83000 -2.39000
v 0.25000 2.83000 -2.39000
v 0.25000 2.83000 -2.61000
v 1.75000 2.83000 -2.61000
v 1.70000 0.00000 -2.42000
v 0.30000 0.00000 -2.42000
v 0.30000 0.00000 -3.12000
v 1.70000 0.00000 -3.12000
v 1.70000 0.30000 -2.42000
v 0.30000 0.30000 -2.42000
v 0.30000 0.30000 -3.12000
v 1.70000 0.30000 -3.12000
v -3.84141 1.78485 2.68125
v -3.78947 1.78485 2.51969
v -3.78947 1.61515 2.51969
v -3.84141 1.61515 2.68125
v -4.78550 1.78485 2.37771
v -4.70543 1.78485 2.22520
v -4.70543 1.61515 2.22520
v -4.78550 1.61515 2.37771
v -5.57142 1.78485 1.77302
v -5.44363 1.78485 1.65722
v -5.44363 1.61515 1.65722
v -5.57142 1.61515 1.77302
v -6.08687 1.78485 0.94607
v -5.92606 1.78485 0.88324
v -5.92606 1.61515 0.88324
v -6.08687 1.61515 0.94607
v -6.26637 1.78485 0.00000
v -6.09363 1.78485 0.00000
v -6.09363 1.61515 0.00000
v -6.26637 1.61515 0.00000
v -6.08687 1.78485 -0.94607
v -5.92606 1.78485 -0.88324
v -5.92606 1.61515 -0.88324
v -6.08687 1.61515 -0.94607
v -5.57142 1.78485 -1.77302
v -5.44363 1.78485 -1.65722
v -5.44363 1.61515 -1.65722
v -5.57142 1.61515 -1.77302
v -4.78550 1.78485 -2.37771
v -4.70543 1.78485 -2.22520
v -4.70543 1.61515 -2.22520
v -4.78550 1.61515 -2.37771
v -3.84141 1.78485 -2.68125
v -3.78947 1.78485 -2.51969
v -3.78947 1.61515 -2.51969
v -3.84141 1.61515 -2.68125
v -3.81843 1.52000 2.62024
v -3.66254 1.61000 2.62024
v -3.74048 1.61000 2.75524
v -3.89637 1.61000 2.75524
v -3.97431 1.61000 2.62024
v -3.89637 1.61000 2.48524
v -3.74048 1.61000 2.48524
v -3.66254 1.79000 2.62024
v -3.74048 1.79000 2.75524
v -3.89637 1.79000 2.75524
v -3.97431 1.79000 2.62024
v -3.89637 1.79000 2.48524
v -3.74048 1.79000 2.48524
v -3.81843 1.88000 2.62024
v -3.81843 1.52000 -2.62024
v -3.66254 1.61000 -2.62024
v -3.74048 1.61000 -2.48524
v -3.89637 1.61000 -2.48524
v -3.97431 1.61000 -2.62024
v -3.89637 1.61000 -2.75524
v -3.74048 1.61000 -2.75524
v -3.66254 1.79000 -2.62024
v -3.74048 1.79000 -2.48524
v -3.89637 1.79000 -2.48524
v -3.97431 1.79000 -2.62024
v -3.89637 1.79000 -2.75524
v -3.74048 1.79000 -2.75524
v -3.81843 1.88000 -2.62024
v -6.15915 1.80213 0.00000
v -6.17957 1.75107 0.09526
v -6.22043 1.64893 0.09526
v -6.24085 1.59787 0.00000
v -6.22043 1.64893 -0.09526
v -6.17957 1.75107 -0.09526
v -7.15915 2.20213 0.00000
v -7.17957 2.15107 0.09526
v -7.22043 2.04893 0.09526
v -7.24085 1.99787 0.00000
v -7.22043 2.04893 -0.09526
v -7.17957 2.15107 -0.09526
v -7.59000 2.10000 -0.25000
v -7.63686 1.98686 -0.25000
v -7.75000 1.94000 -0.25000
v -7.86314 1.98686 -0.25000
v -7.91000 2.10000 -0.25000
v -7.86314 2.21314 -0.25000
v -7.75000 2.26000 -0.25000
v -7.63686 2.21314 -0.25000
v -7.59000 2.10000 0.25000
v -7.63686 1.98686 0.25000
v -7.75000 1.94000 0.25000
v -7.86314 1.98686 0.25000
v -7.91000 2.10000 0.25000
v -7.86314 2.21314 0.25000
v -7.75000 2.26000 0.25000
v -7.63686 2.21314 0.25000
vn -0.0677 0.9977 0.0000
vn 0.0430 0.9018 -0.4301
vn 0.0430 0.9018 0.4301
vn 0.1640 0.7584 0.6308
vn -0.0170 0.9639 0.2656
vn -0.0550 0.9957 0.0750
vn -0.0550 0.9957 -0.0750
vn -0.0170 0.9639 -0.2656
vn 0.4921 -0.8706 0.0000
vn 0.2525 0.6570 0.7103
vn 0.6458 0.0923 0.7579
vn 0.6636 0.0000 0.7481
vn 0.1640 0.7584 -0.6308
vn 0.2525 0.6570 -0.7103
vn 0.6458 0.0923 -0.7579
vn 0.6636 0.0000 -0.7481
vn -1.0000 -0.0000 0.0000
vn -1.0000 0.0000 0.0000
vn 0.0995 0.0000 -0.9950
vn 0.0995 0.0000 -0.9950
vn -0.0637 0.0000 0.9980
vn -0.0637 0.0000 0.9980
vn -0.5914 0.0000 0.8064
vn -0.5914 0.0000 0.8064
vn -0.5914 0.0000 -0.8064
vn -0.5914 -0.0000 -0.8064
vn -0.0637 0.0000 -0.9980
vn -0.0637 0.0000 -0.9980
vn 0.1544 -0.9880 0.0000
vn 0.1544 -0.9880 0.0000
vn 0.4472 0.0000 0.8944
vn 0.4472 0.0000 0.8944
vn 0.2516 0.0000 -0.9678
vn 0.2516 0.0000 -0.9678
vn 0.0000 -1.0000 0.0000
vn 0.0000 -1.0000 0.0000
vn -0.0000 -1.0000 0.0000
vn 0.0000 -1.0000 -0.0000
vn 0.0000 -1.0000 0.0000
vn 0.0000 -1.0000 0.0000
vn 0.0599 -0.9982 0.0000
vn 0.0599 -0.9982 0.0000
vn 0.0995 0.0000 0.9950
vn 0.0995 -0.0000 0.9950
vn 0.2516 -0.0000 0.9678
vn 0.2516 0.0000 0.9678
vn 0.4472 0.0000 -0.8944
vn 0.4472 0.0000 -0.8944
vn -0.9977 -0.0000 -0.0680
vn -0.9977 -0.0000 -0.0680
vn 0.0000 0.0000 -1.0000
vn -0.0000 0.0000 -1.0000
vn 0.0000 -1.0000 0.0000
vn -0.0000 -1.0000 0.0000
vn 0.0000 -1.0000 -0.0000
vn 1.0000 0.0000 0.0000
vn 1.0000 -0.0000 0.0000
vn 0.0000 1.0000 -0.0000
vn 0.0000 1.0000 0.0000
vn 0.0000 1.0000 0.0000
vn 0.0000 0.0000 1.0000
vn -0.0000 0.0000 1.0000
vn -0.9977 0.0000 0.0680
vn -0.9977 0.0000 0.0680
vn 0.0000 0.0000 -1.0000
vn 0.0000 -0.0000 -1.0000
vn 0.0000 -1.0000 0.0000
vn -0.0000 -1.0000 0.0000
vn 1.0000 0.0000 0.0000
vn 1.0000 -0.0000 0.0000
vn -1.0000 0.0000 -0.0000
vn -1.0000 0.0000 0.0000
vn 0.0000 1.0000 0.0000
vn 0.0000 1.0000 0.0000
vn 0.0000 0.0000 1.0000
vn -0.0000 0.0000 1.0000
vn -0.0000 1.0000 0.0000
vn 0.0000 1.0000 0.0000
vn 0.0995 0.0000 0.9950
vn 0.0995 0.0000 0.9950
vn 0.0000 -1.0000 -0.0000
vn 0.0000 -1.0000 0.0000
vn -0.0995 0.0000 -0.9950
vn -0.0995 0.0000 -0.9950
vn -0.0000 1.0000 0.0000
vn 0.0000 1.0000 0.0000
vn 0.2516 0.0000 0.9678
vn 0.2516 0.0000 0.9678
vn 0.0000 -1.0000 -0.0000
vn 0.0000 -1.0000 0.0000
vn -0.2516 0.0000 -0.9678
vn -0.2516 -0.0000 -0.9678
vn -0.1138 0.9925 0.0436
vn -0.1138 0.9925 0.0436
vn 0.4590 0.0136 0.8884
vn 0.4590 0.0136 0.8884
vn 0.1138 -0.9925 -0.0436
vn 0.1138 -0.9925 -0.0436
vn -0.4590 -0.0136 -0.8884
vn -0.4590 -0.0136 -0.8884
vn -0.9950 0.0000 0.0995
vn -0.9950 0.0000 0.0995
vn 0.8811 0.1212 -0.4571
vn 0.8811 0.1212 -0.4571
vn 0.0000 1.0000 -0.0000
vn 0.0000 1.0000 0.0000
vn -0.0995 0.0000 0.9950
vn -0.0995 0.0000 0.9950
vn 0.0000 -1.0000 0.0000
vn 0.0000 -1.0000 0.0000
vn 0.0995 0.0000 -0.9950
vn 0.0995 0.0000 -0.9950
vn 0.0000 1.0000 -0.0000
vn 0.0000 1.0000 0.0000
vn -0.2516 0.0000 0.9678
vn -0.2516 -0.0000 0.9678
vn 0.0000 -1.0000 0.0000
vn 0.0000 -1.0000 0.0000
vn 0.2516 0.0000 -0.9678
vn 0.2516 0.0000 -0.9678
vn -0.1138 0.9925 -0.0436
vn -0.1138 0.9925 -0.0436
vn -0.4590 -0.0136 0.8884
vn -0.4590 -0.0136 0.8884
vn 0.1138 -0.9925 0.0436
vn 0.1138 -0.9925 0.0436
vn 0.4590 0.0136 -0.8884
vn 0.4590 0.0136 -0.8884
vn -0.9950 0.0000 -0.0995
vn -0.9950 0.0000 -0.0995
vn 0.8811 0.1212 0.4571
vn 0.8811 0.1212 0.4571
vn -0.0454 0.3210 -0.9460
vn -0.0217 0.3862 0.9222
vn 0.0221 0.7884 0.6148
vn -0.0454 0.3210 0.9460
vn 0.1745 0.3804 0.9082
vn 0.0742 0.9767 0.2012
vn 0.0837 0.9829 0.1641
vn 0.0544 0.8442 0.5333
vn 0.3070 0.4486 0.8394
vn 0.2191 0.4599 0.8605
vn 0.3022 0.8059 0.5091
vn 0.0742 0.9767 -0.2012
vn 0.0837 0.9829 -0.1641
vn 0.5665 -0.8240 0.0000
vn 0.3354 0.8381 -0.4301
vn 0.3103 0.4561 -0.8341
vn 0.0221 0.7884 -0.6148
vn 0.0544 0.8442 -0.5333
vn -0.0217 0.3862 -0.9222
vn 0.3022 0.8059 -0.5091
vn 0.3397 0.8467 -0.4096
vn 0.3103 0.4561 0.8341
vn 0.3397 0.8467 0.4096
vn 0.3354 0.8381 0.4301
vn 0.3070 0.4486 -0.8394
vn 0.1745 0.3804 -0.9082
vn 0.2191 0.4599 -0.8605
vn 0.4547 0.3769 0.8069
vn 0.4403 0.4308 0.7878
vn 0.4547 0.3769 -0.8069
vn 0.4403 0.4308 -0.7878
vn 0.3636 0.8386 -0.4057
vn 0.4217 0.7222 -0.5482
vn 0.3421 0.9269 -0.1547
vn 0.3476 0.8903 -0.2943
vn 0.5876 0.3424 -0.7331
vn 0.3421 0.9269 0.1547
vn 0.3476 0.8903 0.2943
vn 0.3636 0.8386 0.4057
vn 0.5876 0.3424 0.7331
vn 0.4217 0.7222 0.5482
vn -0.0637 0.0000 -0.9980
vn -0.0637 0.0000 -0.9980
vn -1.0000 -0.0000 0.0000
vn -1.0000 0.0000 0.0000
vn -1.0000 -0.0000 0.0000
vn -1.0000 0.0000 -0.0000
vn -1.0000 -0.0000 0.0000
vn -1.0000 -0.0000 -0.0000
vn -1.0000 0.0000 0.0000
vn -0.0637 0.0000 0.9980
vn -0.0637 0.0000 0.9980
vn 0.0000 -1.0000 0.0000
vn 0.0000 -1.0000 0.0000
vn 0.0000 -1.0000 0.0000
vn 0.0000 -1.0000 0.0000
vn 0.0000 -1.0000 -0.0000
vn -0.0000 -1.0000 -0.0000
vn 0.0995 0.0000 0.9950
vn 0.0995 0.0000 0.9950
vn 0.2516 -0.0000 0.9678
vn 0.2516 0.0000 0.9678
vn 0.1544 -0.9880 0.0000
vn 0.1544 -0.9880 0.0000
vn 0.4472 0.0000 0.8944
vn 0.4472 -0.0000 0.8944
vn 0.4472 0.0000 -0.8944
vn 0.4472 0.0000 -0.8944
vn 0.0995 0.0000 -0.9950
vn 0.0995 0.0000 -0.9950
vn 0.2516 0.0000 -0.9678
vn 0.2516 0.0000 -0.9678
vn 0.7071 0.0000 -0.7071
vn 0.7071 0.0000 -0.7071
vn 0.7071 0.0000 0.7071
vn 0.7071 0.0000 0.7071
vn 0.5480 -0.8365 0.0000
vn 0.2964 0.9474 0.1212
vn 0.3547 0.8415 0.4075
vn 0.5879 0.3179 0.7439
vn 0.4217 0.7225 0.5479
vn 0.4386 0.3963 0.8066
vn 0.4566 0.3496 0.8181
vn 0.2964 0.9474 -0.1212
vn 0.3547 0.8415 -0.4075
vn 0.4386 0.3963 -0.8066
vn 0.4566 0.3496 -0.8181
vn 0.5879 0.3179 -0.7439
vn 0.4217 0.7225 -0.5479
vn 0.4472 0.0000 0.8944
vn 0.4472 0.0000 0.8944
vn 0.6988 -0.0000 0.7153
vn 0.6988 -0.0000 0.7153
vn 0.1544 -0.9880 0.0000
vn 0.1544 -0.9880 0.0000
vn -1.0000 0.0000 0.0000
vn -1.0000 0.0000 0.0000
vn -1.0000 0.0000 0.0000
vn -1.0000 0.0000 0.0000
vn -1.0000 0.0000 -0.0000
vn -1.0000 0.0000 0.0000
vn -1.0000 0.0000 0.0000
vn 0.6988 0.0000 -0.7153
vn 0.6988 0.0000 -0.7153
vn 0.4472 0.0000 -0.8944
vn 0.4472 0.0000 -0.8944
vn -0.0115 0.9999 0.0034
vn -0.0115 0.9999 0.0034
vn 0.2800 0.0000 0.9600
vn 0.2800 -0.0000 0.9600
vn 0.0115 -0.9999 -0.0034
vn 0.0115 -0.9999 -0.0034
vn -0.2800 -0.0000 -0.9600
vn -0.2800 0.0000 -0.9600
vn 0.0438 0.9989 -0.0140
vn 0.0438 0.9989 -0.0140
vn 0.3190 -0.0007 0.9478
vn 0.3190 -0.0007 0.9478
vn -0.0438 -0.9989 0.0140
vn -0.0438 -0.9989 0.0140
vn -0.3190 0.0007 -0.9478
vn -0.3190 0.0007 -0.9478
vn 0.0966 0.9948 -0.0327
vn 0.0966 0.9948 -0.0327
vn 0.3490 -0.0031 0.9371
vn 0.3490 -0.0031 0.9371
vn -0.0966 -0.9948 0.0327
vn -0.0966 -0.9948 0.0327
vn -0.3490 0.0031 -0.9371
vn -0.3490 0.0031 -0.9371
vn 0.1118 0.9930 -0.0393
vn 0.1118 0.9930 -0.0393
vn 0.4476 -0.0150 0.8941
vn 0.4476 -0.0150 0.8941
vn -0.1118 -0.9930 0.0393
vn -0.1118 -0.9930 0.0393
vn -0.4476 0.0150 -0.8941
vn -0.4476 0.0150 -0.8941
vn 0.1533 0.9864 -0.0599
vn 0.1533 0.9864 -0.0599
vn 0.4359 -0.0131 0.8999
vn 0.4359 -0.0131 0.8999
vn -0.1533 -0.9864 0.0599
vn -0.1533 -0.9864 0.0599
vn -0.4359 0.0131 -0.8999
vn -0.4359 0.0131 -0.8999
vn 0.1924 0.9782 -0.0784
vn 0.1924 0.9782 -0.0784
vn 0.4145 -0.0086 0.9100
vn 0.4145 -0.0086 0.9100
vn -0.1924 -0.9782 0.0784
vn -0.1924 -0.9782 0.0784
vn -0.4145 0.0086 -0.9100
vn -0.4145 0.0086 -0.9100
vn -0.9599 -0.0120 0.2800
vn -0.9599 -0.0120 0.2800
vn 0.8895 -0.2075 -0.4071
vn 0.8895 -0.2075 -0.4071
vn -0.0115 0.9999 -0.0034
vn -0.0115 0.9999 -0.0034
vn -0.2800 -0.0000 0.9600
vn -0.2800 0.0000 0.9600
vn 0.0115 -0.9999 0.0034
vn 0.0115 -0.9999 0.0034
vn 0.2800 0.0000 -0.9600
vn 0.2800 -0.0000 -0.9600
vn 0.0438 0.9989 0.0140
vn 0.0438 0.9989 0.0140
vn -0.3190 0.0007 0.9478
vn -0.3190 0.0007 0.9478
vn -0.0438 -0.9989 -0.0140
vn -0.0438 -0.9989 -0.0140
vn 0.3190 -0.0007 -0.9478
vn 0.3190 -0.0007 -0.9478
vn 0.0966 0.9948 0.0327
vn 0.0966 0.9948 0.0327
vn -0.3490 0.0031 0.9371
vn -0.3490 0.0031 0.9371
vn -0.0966 -0.9948 -0.0327
vn -0.0966 -0.9948 -0.0327
vn 0.3490 -0.0031 -0.9371
vn 0.3490 -0.0031 -0.9371
vn 0.1118 0.9930 0.0393
vn 0.1118 0.9930 0.0393
vn -0.4476 0.0150 0.8941
vn -0.4476 0.0150 0.8941
vn -0.1118 -0.9930 -0.0393
vn -0.1118 -0.9930 -0.0393
vn 0.4476 -0.0150 -0.8941
vn 0.4476 -0.0150 -0.8941
vn 0.1533 0.9864 0.0599
vn 0.1533 0.9864 0.0599
vn -0.4359 0.0131 0.8999
vn -0.4359 0.0131 0.8999
vn -0.1533 -0.9864 -0.0599
vn -0.1533 -0.9864 -0.0599
vn 0.4359 -0.0131 -0.8999
vn 0.4359 -0.0131 -0.8999
vn 0.1924 0.9782 0.0784
vn 0.1924 0.9782 0.0784
vn -0.4145 0.0086 0.9100
vn -0.4145 0.0086 0.9100
vn -0.1924 -0.9782 -0.0784
vn -0.1924 -0.9782 -0.0784
vn 0.4145 -0.0086 -0.9100
vn 0.4145 -0.0086 -0.9100
vn -0.9599 -0.0120 -0.2800
vn -0.9599 -0.0120 -0.2800
vn 0.8895 -0.2075 0.4071
vn 0.8895 -0.2075 0.4071
vn 0.0408 0.9928 -0.1122
vn 0.0000 0.9909 -0.1344
vn 0.0000 -1.0000 0.0000
vn 0.0000 -1.0000 0.0000
vn -0.3420 0.0000 0.9397
vn -0.3420 0.0000 0.9397
vn -0.9828 -0.0000 -0.1847
vn -0.9828 -0.0000 -0.1847
vn 0.9830 0.0000 0.1835
vn 0.9830 0.0000 0.1835
vn 0.0000 0.0000 -1.0000
vn -0.0000 0.0000 -1.0000
vn 0.1846 0.9579 -0.2201
vn 0.1099 0.9469 -0.3021
vn -0.0000 -1.0000 0.0000
vn 0.0000 -1.0000 0.0000
vn -0.6428 0.0000 0.7660
vn -0.6428 0.0000 0.7660
vn -0.8516 -0.0000 -0.5242
vn -0.8516 -0.0000 -0.5242
vn 0.8532 0.0000 0.5216
vn 0.8532 0.0000 0.5216
vn 0.3420 0.0000 -0.9397
vn 0.3420 0.0000 -0.9397
vn 0.2746 0.9484 -0.1585
vn 0.2273 0.9354 -0.2708
vn -0.0000 -1.0000 0.0000
vn 0.0000 -1.0000 0.0000
vn -0.8660 0.0000 0.5000
vn -0.8660 0.0000 0.5000
vn -0.6185 -0.0000 -0.7858
vn -0.6185 -0.0000 -0.7858
vn 0.6211 0.0000 0.7837
vn 0.6211 0.0000 0.7837
vn 0.6428 0.0000 -0.7660
vn 0.6428 0.0000 -0.7660
vn 0.2070 0.9777 -0.0365
vn 0.2034 0.9720 -0.1174
vn -0.0000 -1.0000 0.0000
vn 0.0000 -1.0000 0.0000
vn -0.9848 0.0000 0.1736
vn -0.9848 0.0000 0.1736
vn -0.3231 -0.0000 -0.9464
vn -0.3231 -0.0000 -0.9464
vn 0.3251 0.0000 0.9457
vn 0.3251 0.0000 0.9457
vn 0.8660 0.0000 -0.5000
vn 0.8660 0.0000 -0.5000
vn 0.0000 -0.0000 1.0000
vn 0.0000 0.0000 1.0000
vn 0.0000 -1.0000 0.0000
vn 0.0000 -1.0000 0.0000
vn -0.9848 0.0000 -0.1736
vn -0.9848 0.0000 -0.1736
vn 0.9848 0.0000 -0.1736
vn 0.9848 0.0000 -0.1736
vn 0.0000 1.0000 -0.0000
vn 0.0000 1.0000 -0.0000
vn 0.0000 0.0000 -1.0000
vn -0.0000 0.0000 -1.0000
vn -0.2070 0.9777 -0.0365
vn -0.2034 0.9720 -0.1174
vn -0.0000 -1.0000 0.0000
vn 0.0000 -1.0000 0.0000
vn -0.3251 0.0000 0.9457
vn -0.3251 0.0000 0.9457
vn -0.8660 -0.0000 -0.5000
vn -0.8660 -0.0000 -0.5000
vn 0.9848 0.0000 0.1736
vn 0.9848 0.0000 0.1736
vn 0.3231 0.0000 -0.9464
vn 0.3231 0.0000 -0.9464
vn -0.2746 0.9484 -0.1585
vn -0.2273 0.9354 -0.2708
vn -0.0000 -1.0000 0.0000
vn 0.0000 -1.0000 0.0000
vn -0.6211 0.0000 0.7837
vn -0.6211 0.0000 0.7837
vn -0.6428 -0.0000 -0.7660
vn -0.6428 -0.0000 -0.7660
vn 0.8660 0.0000 0.5000
vn 0.8660 0.0000 0.5000
vn 0.6185 0.0000 -0.7858
vn 0.6185 0.0000 -0.7858
vn -0.1846 0.9579 -0.2201
vn -0.1099 0.9469 -0.3021
vn -0.0000 -1.0000 0.0000
vn 0.0000 -1.0000 0.0000
vn -0.8532 0.0000 0.5216
vn -0.8532 0.0000 0.5216
vn -0.3420 -0.0000 -0.9397
vn -0.3420 -0.0000 -0.9397
vn 0.6428 0.0000 0.7660
vn 0.6428 0.0000 0.7660
vn 0.8516 0.0000 -0.5242
vn 0.8516 0.0000 -0.5242
vn -0.0408 0.9928 -0.1122
vn -0.0000 0.9909 -0.1344
vn -0.0000 -1.0000 0.0000
vn 0.0000 -1.0000 0.0000
vn -0.9830 0.0000 0.1835
vn -0.9830 0.0000 0.1835
vn -0.0000 -0.0000 -1.0000
vn -0.0000 -0.0000 -1.0000
vn 0.3420 0.0000 0.9397
vn 0.3420 0.0000 0.9397
vn 0.9828 0.0000 -0.1847
vn 0.9828 0.0000 -0.1847
vn -0.0408 0.9928 0.1122
vn 0.0000 0.9909 0.1344
vn 0.0000 -1.0000 -0.0000
vn 0.0000 -1.0000 0.0000
vn -0.9830 -0.0000 -0.1835
vn -0.9830 -0.0000 -0.1835
vn 0.0000 -0.0000 1.0000
vn 0.0000 0.0000 1.0000
vn 0.3420 0.0000 -0.9397
vn 0.3420 0.0000 -0.9397
vn 0.9828 0.0000 0.1847
vn 0.9828 0.0000 0.1847
vn -0.1846 0.9579 0.2201
vn -0.1099 0.9469 0.3021
vn 0.0000 -1.0000 0.0000
vn 0.0000 -1.0000 0.0000
vn -0.8532 -0.0000 -0.5216
vn -0.8532 -0.0000 -0.5216
vn -0.3420 0.0000 0.9397
vn -0.3420 0.0000 0.9397
vn 0.6428 0.0000 -0.7660
vn 0.6428 0.0000 -0.7660
vn 0.8516 0.0000 0.5242
vn 0.8516 0.0000 0.5242
vn -0.2746 0.9484 0.1585
vn -0.2273 0.9354 0.2708
vn 0.0000 -1.0000 0.0000
vn 0.0000 -1.0000 0.0000
vn -0.6211 -0.0000 -0.7837
vn -0.6211 -0.0000 -0.7837
vn -0.6428 0.0000 0.7660
vn -0.6428 0.0000 0.7660
vn 0.8660 0.0000 -0.5000
vn 0.8660 0.0000 -0.5000
vn 0.6185 0.0000 0.7858
vn 0.6185 0.0000 0.7858
vn -0.2070 0.9777 0.0365
vn -0.2034 0.9720 0.1174
vn 0.0000 -1.0000 0.0000
vn 0.0000 -1.0000 0.0000
vn -0.3251 -0.0000 -0.9457
vn -0.3251 -0.0000 -0.9457
vn -0.8660 0.0000 0.5000
vn -0.8660 0.0000 0.5000
vn 0.9848 0.0000 -0.1736
vn 0.9848 0.0000 -0.1736
vn 0.3231 0.0000 0.9464
vn 0.3231 0.0000 0.9464
vn -0.0000 0.0000 -1.0000
vn -0.0000 -0.0000 -1.0000
vn 0.0000 -1.0000 0.0000
vn -0.0000 -1.0000 0.0000
vn 0.9848 -0.0000 0.1736
vn 0.9848 -0.0000 0.1736
vn -0.9848 0.0000 0.1736
vn -0.9848 0.0000 0.1736
vn 0.0000 1.0000 0.0000
vn 0.0000 1.0000 0.0000
vn 0.0000 0.0000 1.0000
vn -0.0000 0.0000 1.0000
vn 0.2070 0.9777 0.0365
vn 0.2034 0.9720 0.1174
vn 0.0000 -1.0000 -0.0000
vn 0.0000 -1.0000 0.0000
vn -0.9848 -0.0000 -0.1736
vn -0.9848 -0.0000 -0.1736
vn -0.3231 0.0000 0.9464
vn -0.3231 0.0000 0.9464
vn 0.3251 0.0000 -0.9457
vn 0.3251 0.0000 -0.9457
vn 0.8660 0.0000 0.5000
vn 0.8660 0.0000 0.5000
vn 0.2746 0.9484 0.1585
vn 0.2273 0.9354 0.2708
vn 0.0000 -1.0000 -0.0000
vn 0.0000 -1.0000 0.0000
vn -0.8660 -0.0000 -0.5000
vn -0.8660 -0.0000 -0.5000
vn -0.6185 0.0000 0.7858
vn -0.6185 0.0000 0.7858
vn 0.6211 0.0000 -0.7837
vn 0.6211 0.0000 -0.7837
vn 0.6428 0.0000 0.7660
vn 0.6428 0.0000 0.7660
vn 0.1846 0.9579 0.2201
vn 0.1099 0.9469 0.3021
vn 0.0000 -1.0000 -0.0000
vn 0.0000 -1.0000 0.0000
vn -0.6428 -0.0000 -0.7660
vn -0.6428 -0.0000 -0.7660
vn -0.8516 0.0000 0.5242
vn -0.8516 0.0000 0.5242
vn 0.8532 0.0000 -0.5216
vn 0.8532 0.0000 -0.5216
vn 0.3420 0.0000 0.9397
vn 0.3420 0.0000 0.9397
vn 0.0408 0.9928 0.1122
vn 0.0000 0.9909 0.1344
vn 0.0000 -1.0000 0.0000
vn 0.0000 -1.0000 0.0000
vn -0.3420 -0.0000 -0.9397
vn -0.3420 -0.0000 -0.9397
vn -0.9828 0.0000 0.1847
vn -0.9828 0.0000 0.1847
vn 0.9830 0.0000 -0.1835
vn 0.9830 0.0000 -0.1835
vn 0.0000 0.0000 1.0000
vn 0.0000 0.0000 1.0000
vn 0.0056 0.9982 -0.0602
vn 0.0056 0.9982 -0.0602
vn -0.9957 -0.0000 -0.0922
vn -0.9957 0.0000 -0.0922
vn -0.0056 -0.9982 0.0602
vn -0.0056 -0.9982 0.0602
vn 0.9957 0.0000 0.0922
vn 0.9957 -0.0000 0.0922
vn 0.0261 0.9850 -0.1705
vn 0.0261 0.9850 -0.1705
vn -0.9628 -0.0211 -0.2692
vn -0.9628 -0.0211 -0.2692
vn -0.0261 -0.9850 0.1705
vn -0.0261 -0.9850 0.1705
vn 0.9628 0.0211 0.2692
vn 0.9628 0.0211 0.2692
vn 0.0587 0.9650 -0.2556
vn 0.0587 0.9650 -0.2556
vn -0.9019 -0.0584 -0.4279
vn -0.9019 -0.0584 -0.4279
vn -0.0587 -0.9650 0.2556
vn -0.0587 -0.9650 0.2556
vn 0.9019 0.0584 0.4279
vn 0.9019 0.0584 0.4279
vn 0.0921 0.9461 -0.3104
vn 0.0921 0.9461 -0.3104
vn -0.8187 -0.1055 -0.5645
vn -0.8187 -0.1055 -0.5645
vn -0.0921 -0.9461 0.3104
vn -0.0921 -0.9461 0.3104
vn 0.8187 0.1055 0.5645
vn 0.8187 0.1055 0.5645
vn 0.1164 0.9340 -0.3377
vn 0.1164 0.9340 -0.3377
vn -0.7159 -0.1568 -0.6804
vn -0.7159 -0.1568 -0.6804
vn -0.1164 -0.9340 0.3377
vn -0.1164 -0.9340 0.3377
vn 0.7159 0.1568 0.6804
vn 0.7159 0.1568 0.6804
vn 0.1243 0.9307 -0.3440
vn 0.1243 0.9307 -0.3440
vn -0.5932 -0.2082 -0.7777
vn -0.5932 -0.2082 -0.7777
vn -0.1243 -0.9307 0.3440
vn -0.1243 -0.9307 0.3440
vn 0.5932 0.2082 0.7777
vn 0.5932 0.2082 0.7777
vn 0.1119 0.9348 -0.3372
vn 0.1119 0.9348 -0.3372
vn -0.4485 -0.2553 -0.8565
vn -0.4485 -0.2553 -0.8565
vn -0.1119 -0.9348 0.3372
vn -0.1119 -0.9348 0.3372
vn 0.4485 0.2553 0.8565
vn 0.4485 0.2553 0.8565
vn 0.0783 0.9422 -0.3257
vn 0.0783 0.9422 -0.3257
vn -0.2813 -0.2925 -0.9139
vn -0.2813 -0.2925 -0.9139
vn -0.0783 -0.9422 0.3257
vn -0.0783 -0.9422 0.3257
vn 0.2813 0.2925 0.9139
vn 0.2813 0.2925 0.9139
vn 0.0282 0.9479 -0.3174
vn 0.0282 0.9479 -0.3174
vn -0.0961 -0.3134 -0.9447
vn -0.0961 -0.3134 -0.9447
vn -0.0282 -0.9479 0.3174
vn -0.0282 -0.9479 0.3174
vn 0.0961 0.3134 0.9447
vn 0.0961 0.3134 0.9447
vn -0.0282 0.9479 -0.3174
vn -0.0282 0.9479 -0.3174
vn 0.0961 -0.3134 -0.9447
vn 0.0961 -0.3134 -0.9447
vn 0.0282 -0.9479 0.3174
vn 0.0282 -0.9479 0.3174
vn -0.0961 0.3134 0.9447
vn -0.0961 0.3134 0.9447
vn -0.0783 0.9422 -0.3257
vn -0.0783 0.9422 -0.3257
vn 0.2813 -0.2925 -0.9139
vn 0.2813 -0.2925 -0.9139
vn 0.0783 -0.9422 0.3257
vn 0.0783 -0.9422 0.3257
vn -0.2813 0.2925 0.9139
vn -0.2813 0.2925 0.9139
vn -0.1119 0.9348 -0.3372
vn -0.1119 0.9348 -0.3372
vn 0.4485 -0.2553 -0.8565
vn 0.4485 -0.2553 -0.8565
vn 0.1119 -0.9348 0.3372
vn 0.1119 -0.9348 0.3372
vn -0.4485 0.2553 0.8565
vn -0.4485 0.2553 0.8565
vn -0.1243 0.9307 -0.3440
vn -0.1243 0.9307 -0.3440
vn 0.5932 -0.2082 -0.7777
vn 0.5932 -0.2082 -0.7777
vn 0.1243 -0.9307 0.3440
vn 0.1243 -0.9307 0.3440
vn -0.5932 0.2082 0.7777
vn -0.5932 0.2082 0.7777
vn -0.1164 0.9340 -0.3377
vn -0.1164 0.9340 -0.3377
vn 0.7159 -0.1568 -0.6804
vn 0.7159 -0.1568 -0.6804
vn 0.1164 -0.9340 0.3377
vn 0.1164 -0.9340 0.3377
vn -0.7159 0.1568 0.6804
vn -0.7159 0.1568 0.6804
vn -0.0921 0.9461 -0.3104
vn -0.0921 0.9461 -0.3104
vn 0.8187 -0.1055 -0.5645
vn 0.8187 -0.1055 -0.5645
vn 0.0921 -0.9461 0.3104
vn 0.0921 -0.9461 0.3104
vn -0.8187 0.1055 0.5645
vn -0.8187 0.1055 0.5645
vn -0.0587 0.9650 -0.2556
vn -0.0587 0.9650 -0.2556
vn 0.9019 -0.0584 -0.4279
vn 0.9019 -0.0584 -0.4279
vn 0.0587 -0.9650 0.2556
vn 0.0587 -0.9650 0.2556
vn -0.9019 0.0584 0.4279
vn -0.9019 0.0584 0.4279
vn -0.0261 0.9850 -0.1705
vn -0.0261 0.9850 -0.1705
vn 0.9628 -0.0211 -0.2692
vn 0.9628 -0.0211 -0.2692
vn 0.0261 -0.9850 0.1705
vn 0.0261 -0.9850 0.1705
vn -0.9628 0.0211 0.2692
vn -0.9628 0.0211 0.2692
vn -0.0056 0.9982 -0.0602
vn -0.0056 0.9982 -0.0602
vn 0.9957 -0.0000 -0.0922
vn 0.9957 0.0000 -0.0922
vn 0.0056 -0.9982 0.0602
vn 0.0056 -0.9982 0.0602
vn -0.9957 0.0000 0.0922
vn -0.9957 0.0000 0.0922
vn -0.0056 0.9982 0.0602
vn -0.0056 0.9982 0.0602
vn 0.9957 0.0000 0.0922
vn 0.9957 -0.0000 0.0922
vn 0.0056 -0.9982 -0.0602
vn 0.0056 -0.9982 -0.0602
vn -0.9957 0.0000 -0.0922
vn -0.9957 0.0000 -0.0922
vn -0.0261 0.9850 0.1705
vn -0.0261 0.9850 0.1705
vn 0.9628 -0.0211 0.2692
vn 0.9628 -0.0211 0.2692
vn 0.0261 -0.9850 -0.1705
vn 0.0261 -0.9850 -0.1705
vn -0.9628 0.0211 -0.2692
vn -0.9628 0.0211 -0.2692
vn -0.0587 0.9650 0.2556
vn -0.0587 0.9650 0.2556
vn 0.9019 -0.0584 0.4279
vn 0.9019 -0.0584 0.4279
vn 0.0587 -0.9650 -0.2556
vn 0.0587 -0.9650 -0.2556
vn -0.9019 0.0584 -0.4279
vn -0.9019 0.0584 -0.4279
vn -0.0921 0.9461 0.3104
vn -0.0921 0.9461 0.3104
vn 0.8187 -0.1055 0.5645
vn 0.8187 -0.1055 0.5645
vn 0.0921 -0.9461 -0.3104
vn 0.0921 -0.9461 -0.3104
vn -0.8187 0.1055 -0.5645
vn -0.8187 0.1055 -0.5645
vn -0.1164 0.9340 0.3377
vn -0.1164 0.9340 0.3377
vn 0.7159 -0.1568 0.6804
vn 0.7159 -0.1568 0.6804
vn 0.1164 -0.9340 -0.3377
vn 0.1164 -0.9340 -0.3377
vn -0.7159 0.1568 -0.6804
vn -0.7159 0.1568 -0.6804
vn -0.1243 0.9307 0.3440
vn -0.1243 0.9307 0.3440
vn 0.5932 -0.2082 0.7777
vn 0.5932 -0.2082 0.7777
vn 0.1243 -0.9307 -0.3440
vn 0.1243 -0.9307 -0.3440
vn -0.5932 0.2082 -0.7777
vn -0.5932 0.2082 -0.7777
vn -0.1119 0.9348 0.3372
vn -0.1119 0.9348 0.3372
vn 0.4485 -0.2553 0.8565
vn 0.4485 -0.2553 0.8565
vn 0.1119 -0.9348 -0.3372
vn 0.1119 -0.9348 -0.3372
vn -0.4485 0.2553 -0.8565
vn -0.4485 0.2553 -0.8565
vn -0.0783 0.9422 0.3257
vn -0.0783 0.9422 0.3257
vn 0.2813 -0.2925 0.9139
vn 0.2813 -0.2925 0.9139
vn 0.0783 -0.9422 -0.3257
vn 0.0783 -0.9422 -0.3257
vn -0.2813 0.2925 -0.9139
vn -0.2813 0.2925 -0.9139
vn -0.0282 0.9479 0.3174
vn -0.0282 0.9479 0.3174
vn 0.0961 -0.3134 0.9447
vn 0.0961 -0.3134 0.9447
vn 0.0282 -0.9479 -0.3174
vn 0.0282 -0.9479 -0.3174
vn -0.0961 0.3134 -0.9447
vn -0.0961 0.3134 -0.9447
vn 0.0282 0.9479 0.3174
vn 0.0282 0.9479 0.3174
vn -0.0961 -0.3134 0.9447
vn -0.0961 -0.3134 0.9447
vn -0.0282 -0.9479 -0.3174
vn -0.0282 -0.9479 -0.3174
vn 0.0961 0.3134 -0.9447
vn 0.0961 0.3134 -0.9447
vn 0.0783 0.9422 0.3257
vn 0.0783 0.9422 0.3257
vn -0.2813 -0.2925 0.9139
vn -0.2813 -0.2925 0.9139
vn -0.0783 -0.9422 -0.3257
vn -0.0783 -0.9422 -0.3257
vn 0.2813 0.2925 -0.9139
vn 0.2813 0.2925 -0.9139
vn 0.1119 0.9348 0.3372
vn 0.1119 0.9348 0.3372
vn -0.4485 -0.2553 0.8565
vn -0.4485 -0.2553 0.8565
vn -0.1119 -0.9348 -0.3372
vn -0.1119 -0.9348 -0.3372
vn 0.4485 0.2553 -0.8565
vn 0.4485 0.2553 -0.8565
vn 0.1243 0.9307 0.3440
vn 0.1243 0.9307 0.3440
vn -0.5932 -0.2082 0.7777
vn -0.5932 -0.2082 0.7777
vn -0.1243 -0.9307 -0.3440
vn -0.1243 -0.9307 -0.3440
vn 0.5932 0.2082 -0.7777
vn 0.5932 0.2082 -0.7777
vn 0.1164 0.9340 0.3377
vn 0.1164 0.9340 0.3377
vn -0.7159 -0.1568 0.6804
vn -0.7159 -0.1568 0.6804
vn -0.1164 -0.9340 -0.3377
vn -0.1164 -0.9340 -0.3377
vn 0.7159 0.1568 -0.6804
vn 0.7159 0.1568 -0.6804
vn 0.0921 0.9461 0.3104
vn 0.0921 0.9461 0.3104
vn -0.8187 -0.1055 0.5645
vn -0.8187 -0.1055 0.5645
vn -0.0921 -0.9461 -0.3104
vn -0.0921 -0.9461 -0.3104
vn 0.8187 0.1055 -0.5645
vn 0.8187 0.1055 -0.5645
vn 0.0587 0.9650 0.2556
vn 0.0587 0.9650 0.2556
vn -0.9019 -0.0584 0.4279
vn -0.9019 -0.0584 0.4279
vn -0.0587 -0.9650 -0.2556
vn -0.0587 -0.9650 -0.2556
vn 0.9019 0.0584 -0.4279
vn 0.9019 0.0584 -0.4279
vn 0.0261 0.9850 0.1705
vn 0.0261 0.9850 0.1705
vn -0.9628 -0.0211 0.2692
vn -0.9628 -0.0211 0.2692
vn -0.0261 -0.9850 -0.1705
vn -0.0261 -0.9850 -0.1705
vn 0.9628 0.0211 -0.2692
vn 0.9628 0.0211 -0.2692
vn 0.0056 0.9982 0.0602
vn 0.0056 0.9982 0.0602
vn -0.9957 0.0000 0.0922
vn -0.9957 0.0000 0.0922
vn -0.0056 -0.9982 -0.0602
vn -0.0056 -0.9982 -0.0602
vn 0.9957 -0.0000 -0.0922
vn 0.9957 0.0000 -0.0922
vn 0.0000 1.0000 0.0000
vn 0.0000 1.0000 0.0000
vn -0.9957 -0.0000 -0.0922
vn -0.9957 0.0000 -0.0922
vn 0.0000 -1.0000 0.0000
vn 0.0000 -1.0000 0.0000
vn 0.9957 -0.0000 0.0922
vn 0.9957 0.0000 0.0922
vn 0.0000 1.0000 0.0000
vn 0.0000 1.0000 0.0000
vn -0.9621 -0.0000 -0.2728
vn -0.9621 0.0000 -0.2728
vn 0.0000 -1.0000 0.0000
vn 0.0000 -1.0000 0.0000
vn 0.9621 -0.0000 0.2728
vn 0.9621 -0.0000 0.2728
vn 0.0000 1.0000 0.0000
vn 0.0000 1.0000 0.0000
vn -0.8967 -0.0000 -0.4426
vn -0.8967 0.0000 -0.4426
vn 0.0000 -1.0000 0.0000
vn 0.0000 -1.0000 0.0000
vn 0.8967 -0.0000 0.4426
vn 0.8967 0.0000 0.4426
vn 0.0000 1.0000 0.0000
vn 0.0000 1.0000 0.0000
vn -0.8034 -0.0000 -0.5954
vn -0.8034 0.0000 -0.5954
vn 0.0000 -1.0000 0.0000
vn 0.0000 -1.0000 0.0000
vn 0.8034 -0.0000 0.5954
vn 0.8034 0.0000 0.5954
vn 0.0000 1.0000 0.0000
vn 0.0000 1.0000 0.0000
vn -0.6868 -0.0000 -0.7269
vn -0.6868 0.0000 -0.7269
vn 0.0000 -1.0000 0.0000
vn 0.0000 -1.0000 0.0000
vn 0.6868 -0.0000 0.7269
vn 0.6868 0.0000 0.7269
vn 0.0000 1.0000 0.0000
vn 0.0000 1.0000 0.0000
vn -0.5518 -0.0000 -0.8340
vn -0.5518 0.0000 -0.8340
vn 0.0000 -1.0000 0.0000
vn 0.0000 -1.0000 0.0000
vn 0.5518 -0.0000 0.8340
vn 0.5518 0.0000 0.8340
vn 0.0000 1.0000 0.0000
vn 0.0000 1.0000 0.0000
vn -0.4032 -0.0000 -0.9151
vn -0.4032 0.0000 -0.9151
vn 0.0000 -1.0000 0.0000
vn 0.0000 -1.0000 0.0000
vn 0.4032 -0.0000 0.9151
vn 0.4032 0.0000 0.9151
vn 0.0000 1.0000 0.0000
vn 0.0000 1.0000 0.0000
vn -0.2454 -0.0000 -0.9694
vn -0.2454 0.0000 -0.9694
vn 0.0000 -1.0000 0.0000
vn 0.0000 -1.0000 0.0000
vn 0.2454 -0.0000 0.9694
vn 0.2454 0.0000 0.9694
vn 0.0000 1.0000 0.0000
vn 0.0000 1.0000 0.0000
vn -0.0824 -0.0000 -0.9966
vn -0.0824 0.0000 -0.9966
vn 0.0000 -1.0000 0.0000
vn 0.0000 -1.0000 0.0000
vn 0.0824 -0.0000 0.9966
vn 0.0824 0.0000 0.9966
vn 0.0000 1.0000 0.0000
vn 0.0000 1.0000 0.0000
vn 0.0824 0.0000 -0.9966
vn 0.0824 0.0000 -0.9966
vn 0.0000 -1.0000 0.0000
vn -0.0000 -1.0000 0.0000
vn -0.0824 0.0000 0.9966
vn -0.0824 0.0000 0.9966
vn 0.0000 1.0000 0.0000
vn 0.0000 1.0000 0.0000
vn 0.2454 0.0000 -0.9694
vn 0.2454 0.0000 -0.9694
vn -0.0000 -1.0000 0.0000
vn 0.0000 -1.0000 0.0000
vn -0.2454 0.0000 0.9694
vn -0.2454 0.0000 0.9694
vn 0.0000 1.0000 0.0000
vn 0.0000 1.0000 0.0000
vn 0.4032 0.0000 -0.9151
vn 0.4032 0.0000 -0.9151
vn -0.0000 -1.0000 0.0000
vn 0.0000 -1.0000 0.0000
vn -0.4032 0.0000 0.9151
vn -0.4032 0.0000 0.9151
vn 0.0000 1.0000 0.0000
vn 0.0000 1.0000 0.0000
vn 0.5518 0.0000 -0.8340
vn 0.5518 0.0000 -0.8340
vn -0.0000 -1.0000 0.0000
vn 0.0000 -1.0000 0.0000
vn -0.5518 0.0000 0.8340
vn -0.5518 0.0000 0.8340
vn 0.0000 1.0000 0.0000
vn 0.0000 1.0000 0.0000
vn 0.6868 0.0000 -0.7269
vn 0.6868 0.0000 -0.7269
vn -0.0000 -1.0000 0.0000
vn 0.0000 -1.0000 0.0000
vn -0.6868 0.0000 0.7269
vn -0.6868 0.0000 0.7269
vn 0.0000 1.0000 0.0000
vn 0.0000 1.0000 0.0000
vn 0.8034 0.0000 -0.5954
vn 0.8034 0.0000 -0.5954
vn -0.0000 -1.0000 0.0000
vn 0.0000 -1.0000 0.0000
vn -0.8034 0.0000 0.5954
vn -0.8034 0.0000 0.5954
vn 0.0000 1.0000 0.0000
vn 0.0000 1.0000 0.0000
vn 0.8967 0.0000 -0.4426
vn 0.8967 0.0000 -0.4426
vn -0.0000 -1.0000 0.0000
vn 0.0000 -1.0000 0.0000
vn -0.8967 0.0000 0.4426
vn -0.8967 0.0000 0.4426
vn 0.0000 1.0000 0.0000
vn 0.0000 1.0000 0.0000
vn 0.9621 0.0000 -0.2728
vn 0.9621 0.0000 -0.2728
vn -0.0000 -1.0000 0.0000
vn 0.0000 -1.0000 0.0000
vn -0.9621 0.0000 0.2728
vn -0.9621 0.0000 0.2728
vn 0.0000 1.0000 0.0000
vn 0.0000 1.0000 0.0000
vn 0.9957 0.0000 -0.0922
vn 0.9957 0.0000 -0.0922
vn -0.0000 -1.0000 0.0000
vn 0.0000 -1.0000 0.0000
vn -0.9957 0.0000 0.0922
vn -0.9957 0.0000 0.0922
vn -0.0000 1.0000 0.0000
vn -0.0000 1.0000 -0.0000
vn 0.9957 0.0000 0.0922
vn 0.9957 0.0000 0.0922
vn -0.0000 -1.0000 0.0000
vn 0.0000 -1.0000 -0.0000
vn -0.9957 0.0000 -0.0922
vn -0.9957 0.0000 -0.0922
vn -0.0000 1.0000 -0.0000
vn -0.0000 1.0000 0.0000
vn 0.9621 0.0000 0.2728
vn 0.9621 0.0000 0.2728
vn 0.0000 -1.0000 0.0000
vn -0.0000 -1.0000 0.0000
vn -0.9621 0.0000 -0.2728
vn -0.9621 -0.0000 -0.2728
vn -0.0000 1.0000 0.0000
vn 0.0000 1.0000 0.0000
vn 0.8967 0.0000 0.4426
vn 0.8967 0.0000 0.4426
vn 0.0000 -1.0000 -0.0000
vn 0.0000 -1.0000 0.0000
vn -0.8967 -0.0000 -0.4426
vn -0.8967 0.0000 -0.4426
vn -0.0000 1.0000 0.0000
vn 0.0000 1.0000 0.0000
vn 0.8034 0.0000 0.5954
vn 0.8034 0.0000 0.5954
vn 0.0000 -1.0000 -0.0000
vn 0.0000 -1.0000 0.0000
vn -0.8034 0.0000 -0.5954
vn -0.8034 0.0000 -0.5954
vn -0.0000 1.0000 0.0000
vn 0.0000 1.0000 0.0000
vn 0.6868 0.0000 0.7269
vn 0.6868 0.0000 0.7269
vn 0.0000 -1.0000 -0.0000
vn 0.0000 -1.0000 0.0000
vn -0.6868 0.0000 -0.7269
vn -0.6868 -0.0000 -0.7269
vn -0.0000 1.0000 0.0000
vn 0.0000 1.0000 0.0000
vn 0.5518 0.0000 0.8340
vn 0.5518 0.0000 0.8340
vn 0.0000 -1.0000 -0.0000
vn 0.0000 -1.0000 0.0000
vn -0.5518 -0.0000 -0.8340
vn -0.5518 0.0000 -0.8340
vn -0.0000 1.0000 0.0000
vn 0.0000 1.0000 0.0000
vn 0.4032 0.0000 0.9151
vn 0.4032 0.0000 0.9151
vn 0.0000 -1.0000 -0.0000
vn 0.0000 -1.0000 0.0000
vn -0.4032 0.0000 -0.9151
vn -0.4032 0.0000 -0.9151
vn -0.0000 1.0000 0.0000
vn 0.0000 1.0000 0.0000
vn 0.2454 0.0000 0.9694
vn 0.2454 0.0000 0.9694
vn 0.0000 -1.0000 -0.0000
vn 0.0000 -1.0000 0.0000
vn -0.2454 0.0000 -0.9694
vn -0.2454 0.0000 -0.9694
vn 0.0000 1.0000 0.0000
vn -0.0000 1.0000 0.0000
vn 0.0824 0.0000 0.9966
vn 0.0824 0.0000 0.9966
vn 0.0000 -1.0000 -0.0000
vn 0.0000 -1.0000 0.0000
vn -0.0824 0.0000 -0.9966
vn -0.0824 0.0000 -0.9966
vn 0.0000 1.0000 0.0000
vn 0.0000 1.0000 0.0000
vn -0.0824 0.0000 0.9966
vn -0.0824 0.0000 0.9966
vn 0.0000 -1.0000 0.0000
vn 0.0000 -1.0000 0.0000
vn 0.0824 0.0000 -0.9966
vn 0.0824 0.0000 -0.9966
vn 0.0000 1.0000 -0.0000
vn 0.0000 1.0000 0.0000
vn -0.2454 0.0000 0.9694
vn -0.2454 0.0000 0.9694
vn 0.0000 -1.0000 0.0000
vn 0.0000 -1.0000 0.0000
vn 0.2454 0.0000 -0.9694
vn 0.2454 -0.0000 -0.9694
vn 0.0000 1.0000 -0.0000
vn 0.0000 1.0000 -0.0000
vn -0.4032 0.0000 0.9151
vn -0.4032 0.0000 0.9151
vn 0.0000 -1.0000 0.0000
vn -0.0000 -1.0000 0.0000
vn 0.4032 -0.0000 -0.9151
vn 0.4032 0.0000 -0.9151
vn 0.0000 1.0000 -0.0000
vn -0.0000 1.0000 -0.0000
vn -0.5518 0.0000 0.8340
vn -0.5518 0.0000 0.8340
vn -0.0000 -1.0000 0.0000
vn -0.0000 -1.0000 -0.0000
vn 0.5518 0.0000 -0.8340
vn 0.5518 0.0000 -0.8340
vn 0.0000 1.0000 -0.0000
vn 0.0000 1.0000 0.0000
vn -0.6868 0.0000 0.7269
vn -0.6868 0.0000 0.7269
vn 0.0000 -1.0000 0.0000
vn 0.0000 -1.0000 0.0000
vn 0.6868 0.0000 -0.7269
vn 0.6868 0.0000 -0.7269
vn 0.0000 1.0000 -0.0000
vn 0.0000 1.0000 0.0000
vn -0.8034 0.0000 0.5954
vn -0.8034 0.0000 0.5954
vn 0.0000 -1.0000 0.0000
vn 0.0000 -1.0000 0.0000
vn 0.8034 0.0000 -0.5954
vn 0.8034 0.0000 -0.5954
vn 0.0000 1.0000 -0.0000
vn 0.0000 1.0000 0.0000
vn -0.8967 0.0000 0.4426
vn -0.8967 0.0000 0.4426
vn 0.0000 -1.0000 0.0000
vn 0.0000 -1.0000 0.0000
vn 0.8967 0.0000 -0.4426
vn 0.8967 0.0000 -0.4426
vn 0.0000 1.0000 -0.0000
vn 0.0000 1.0000 0.0000
vn -0.9621 0.0000 0.2728
vn -0.9621 0.0000 0.2728
vn 0.0000 -1.0000 0.0000
vn 0.0000 -1.0000 0.0000
vn 0.9621 0.0000 -0.2728
vn 0.9621 0.0000 -0.2728
vn 0.0000 1.0000 0.0000
vn 0.0000 1.0000 -0.0000
vn -0.9957 0.0000 0.0922
vn -0.9957 0.0000 0.0922
vn 0.0000 -1.0000 0.0000
vn 0.0000 -1.0000 0.0000
vn 0.9957 0.0000 -0.0922
vn 0.9957 0.0000 -0.0922
vn 0.9986 0.0529 0.0007
vn 0.9986 0.0529 0.0007
vn 0.0000 0.0139 -0.9999
vn -0.0000 0.0139 -0.9999
vn -0.9986 -0.0529 -0.0007
vn -0.9986 -0.0529 -0.0007
vn -0.0000 -0.0139 0.9999
vn -0.0000 -0.0139 0.9999
vn 0.5413 0.8386 0.0610
vn 0.5413 0.8386 0.0610
vn -0.0544 0.1073 -0.9927
vn -0.0544 0.1073 -0.9927
vn -0.5413 -0.8386 -0.0610
vn -0.5413 -0.8386 -0.0610
vn 0.0544 -0.1073 0.9927
vn 0.0544 -0.1073 0.9927
vn -0.5413 0.8386 0.0610
vn -0.5413 0.8386 0.0610
vn 0.0544 0.1073 -0.9927
vn 0.0544 0.1073 -0.9927
vn 0.5413 -0.8386 -0.0610
vn 0.5413 -0.8386 -0.0610
vn -0.0544 -0.1073 0.9927
vn -0.0544 -0.1073 0.9927
vn -0.9986 0.0529 0.0007
vn -0.9986 0.0529 0.0007
vn 0.0000 0.0139 -0.9999
vn -0.0000 0.0139 -0.9999
vn 0.9986 -0.0529 -0.0007
vn 0.9986 -0.0529 -0.0007
vn 0.0000 -0.0139 0.9999
vn 0.0000 -0.0139 0.9999
vn 0.0529 -0.9985 -0.0138
vn 0.0529 -0.9985 -0.0138
vn -0.0529 -0.9985 -0.0138
vn -0.0529 -0.9985 -0.0138
vn 0.9986 -0.0529 0.0007
vn 0.9986 -0.0529 0.0007
vn 0.0000 -0.0139 -0.9999
vn -0.0000 -0.0139 -0.9999
vn -0.9986 0.0529 -0.0007
vn -0.9986 0.0529 -0.0007
vn -0.0000 0.0139 0.9999
vn 0.0000 0.0139 0.9999
vn 0.5413 -0.8386 0.0610
vn 0.5413 -0.8386 0.0610
vn -0.0544 -0.1073 -0.9927
vn -0.0544 -0.1073 -0.9927
vn -0.5413 0.8386 -0.0610
vn -0.5413 0.8386 -0.0610
vn 0.0544 0.1073 0.9927
vn 0.0544 0.1073 0.9927
vn -0.5413 -0.8386 0.0610
vn -0.5413 -0.8386 0.0610
vn 0.0544 -0.1073 -0.9927
vn 0.0544 -0.1073 -0.9927
vn 0.5413 0.8386 -0.0610
vn 0.5413 0.8386 -0.0610
vn -0.0544 0.1073 0.9927
vn -0.0544 0.1073 0.9927
vn -0.9986 -0.0529 0.0007
vn -0.9986 -0.0529 0.0007
vn -0.0000 -0.0139 -0.9999
vn -0.0000 -0.0139 -0.9999
vn 0.9986 0.0529 -0.0007
vn 0.9986 0.0529 -0.0007
vn 0.0000 0.0139 0.9999
vn 0.0000 0.0139 0.9999
vn -0.0529 -0.9985 0.0138
vn -0.0529 -0.9985 0.0138
vn 0.0529 -0.9985 0.0138
vn 0.0529 -0.9985 0.0138
vn 0.6925 0.4070 -0.5957
vn 0.6925 0.4070 -0.5957
vn -0.6521 0.0000 -0.7581
vn -0.6521 -0.0000 -0.7581
vn -0.6925 -0.4070 0.5957
vn -0.6925 -0.4070 0.5957
vn 0.6521 -0.0000 0.7581
vn 0.6521 0.0000 0.7581
vn 0.6795 0.4411 -0.5863
vn 0.6795 0.4411 -0.5863
vn -0.6272 -0.0653 -0.7761
vn -0.6272 -0.0653 -0.7761
vn -0.6795 -0.4411 0.5863
vn -0.6795 -0.4411 0.5863
vn 0.6272 0.0653 0.7761
vn 0.6272 0.0653 0.7761
vn 0.6434 0.5128 -0.5684
vn 0.6434 0.5128 -0.5684
vn -0.5841 -0.1510 -0.7975
vn -0.5841 -0.1510 -0.7975
vn -0.6434 -0.5128 0.5684
vn -0.6434 -0.5128 0.5684
vn 0.5841 0.1510 0.7975
vn 0.5841 0.1510 0.7975
vn 0.5430 0.6452 -0.5375
vn 0.5430 0.6452 -0.5375
vn -0.4856 -0.2809 -0.8278
vn -0.4856 -0.2809 -0.8278
vn -0.5430 -0.6452 0.5375
vn -0.5430 -0.6452 0.5375
vn 0.4856 0.2809 0.8278
vn 0.4856 0.2809 0.8278
vn 0.2522 0.8307 -0.4962
vn 0.2522 0.8307 -0.4962
vn -0.2207 -0.4499 -0.8654
vn -0.2207 -0.4499 -0.8654
vn -0.2522 -0.8307 0.4962
vn -0.2522 -0.8307 0.4962
vn 0.2207 0.4499 0.8654
vn 0.2207 0.4499 0.8654
vn -0.2483 0.8307 -0.4982
vn -0.2483 0.8307 -0.4982
vn 0.2276 -0.4499 -0.8636
vn 0.2276 -0.4499 -0.8636
vn 0.2483 -0.8307 0.4982
vn 0.2483 -0.8307 0.4982
vn -0.2276 0.4499 0.8636
vn -0.2276 0.4499 0.8636
vn -0.5388 0.6451 -0.5418
vn -0.5388 0.6451 -0.5418
vn 0.4922 -0.2809 -0.8239
vn 0.4922 -0.2809 -0.8239
vn 0.5388 -0.6451 0.5418
vn 0.5388 -0.6451 0.5418
vn -0.4922 0.2809 0.8239
vn -0.4922 0.2809 0.8239
vn -0.6390 0.5127 -0.5735
vn -0.6390 0.5127 -0.5735
vn 0.5905 -0.1509 -0.7928
vn 0.5905 -0.1509 -0.7928
vn 0.6390 -0.5127 0.5735
vn 0.6390 -0.5127 0.5735
vn -0.5905 0.1509 0.7928
vn -0.5905 0.1509 0.7928
vn -0.6749 0.4410 -0.5917
vn -0.6749 0.4410 -0.5917
vn 0.6334 -0.0652 -0.7711
vn 0.6334 -0.0652 -0.7711
vn 0.6749 -0.4410 0.5917
vn 0.6749 -0.4410 0.5917
vn -0.6334 0.0652 0.7711
vn -0.6334 0.0652 0.7711
vn -0.6878 0.4068 -0.6012
vn -0.6878 0.4068 -0.6012
vn 0.6582 0.0002 -0.7529
vn 0.6582 0.0002 -0.7529
vn 0.6878 -0.4068 0.6012
vn 0.6878 -0.4068 0.6012
vn -0.6582 -0.0002 0.7529
vn -0.6582 -0.0002 0.7529
vn 0.3085 -0.9134 -0.2654
vn 0.3085 -0.9134 -0.2654
vn -0.3062 -0.9135 -0.2678
vn -0.3062 -0.9135 -0.2678
vn 0.8196 0.4181 -0.3919
vn 0.8196 0.4181 -0.3919
vn -0.4314 0.0000 -0.9022
vn -0.4314 0.0000 -0.9022
vn -0.8196 -0.4181 0.3919
vn -0.8196 -0.4181 0.3919
vn 0.4314 -0.0000 0.9022
vn 0.4314 -0.0000 0.9022
vn 0.8034 0.4541 -0.3852
vn 0.8034 0.4541 -0.3852
vn -0.4128 -0.0414 -0.9099
vn -0.4128 -0.0414 -0.9099
vn -0.8034 -0.4541 0.3852
vn -0.8034 -0.4541 0.3852
vn 0.4128 0.0414 0.9099
vn 0.4128 0.0414 0.9099
vn 0.7586 0.5350 -0.3718
vn 0.7586 0.5350 -0.3718
vn -0.3825 -0.0962 -0.9189
vn -0.3825 -0.0962 -0.9189
vn -0.7586 -0.5350 0.3718
vn -0.7586 -0.5350 0.3718
vn 0.3825 0.0962 0.9189
vn 0.3825 0.0962 0.9189
vn 0.6367 0.6879 -0.3485
vn 0.6367 0.6879 -0.3485
vn -0.3158 -0.1798 -0.9316
vn -0.3158 -0.1798 -0.9316
vn -0.6367 -0.6879 0.3485
vn -0.6367 -0.6879 0.3485
vn 0.3158 0.1798 0.9316
vn 0.3158 0.1798 0.9316
vn 0.2928 0.9017 -0.3181
vn 0.2928 0.9017 -0.3181
vn -0.1415 -0.2882 -0.9471
vn -0.1415 -0.2882 -0.9471
vn -0.2928 -0.9017 0.3181
vn -0.2928 -0.9017 0.3181
vn 0.1415 0.2882 0.9471
vn 0.1415 0.2882 0.9471
vn -0.2902 0.9017 -0.3204
vn -0.2902 0.9017 -0.3204
vn 0.1490 -0.2882 -0.9459
vn 0.1490 -0.2882 -0.9459
vn 0.2902 -0.9017 0.3204
vn 0.2902 -0.9017 0.3204
vn -0.1490 0.2882 0.9459
vn -0.1490 0.2882 0.9459
vn -0.6339 0.6878 -0.3536
vn -0.6339 0.6878 -0.3536
vn 0.3232 -0.1798 -0.9291
vn 0.3232 -0.1798 -0.9291
vn 0.6339 -0.6878 0.3536
vn 0.6339 -0.6878 0.3536
vn -0.3232 0.1798 0.9291
vn -0.3232 0.1798 0.9291
vn -0.7557 0.5350 -0.3778
vn -0.7557 0.5350 -0.3778
vn 0.3898 -0.0961 -0.9159
vn 0.3898 -0.0961 -0.9159
vn 0.7557 -0.5350 0.3778
vn 0.7557 -0.5350 0.3778
vn -0.3898 0.0961 0.9159
vn -0.3898 0.0961 0.9159
vn -0.8004 0.4540 -0.3915
vn -0.8004 0.4540 -0.3915
vn 0.4201 -0.0413 -0.9066
vn 0.4201 -0.0413 -0.9066
vn 0.8004 -0.4540 0.3915
vn 0.8004 -0.4540 0.3915
vn -0.4201 0.0413 0.9066
vn -0.4201 0.0413 0.9066
vn -0.8165 0.4179 -0.3984
vn -0.8165 0.4179 -0.3984
vn 0.4385 0.0001 -0.8987
vn 0.4385 0.0001 -0.8987
vn 0.8165 -0.4179 0.3984
vn 0.8165 -0.4179 0.3984
vn -0.4385 -0.0001 0.8987
vn -0.4385 -0.0001 0.8987
vn 0.3772 -0.9084 -0.1803
vn 0.3772 -0.9084 -0.1803
vn -0.3756 -0.9085 -0.1833
vn -0.3756 -0.9085 -0.1833
vn 0.6925 0.4070 0.5957
vn 0.6925 0.4070 0.5957
vn 0.6521 -0.0000 -0.7581
vn 0.6521 0.0000 -0.7581
vn -0.6925 -0.4070 -0.5957
vn -0.6925 -0.4070 -0.5957
vn -0.6521 0.0000 0.7581
vn -0.6521 -0.0000 0.7581
vn 0.6795 0.4411 0.5863
vn 0.6795 0.4411 0.5863
vn 0.6272 0.0653 -0.7761
vn 0.6272 0.0653 -0.7761
vn -0.6795 -0.4411 -0.5863
vn -0.6795 -0.4411 -0.5863
vn -0.6272 -0.0653 0.7761
vn -0.6272 -0.0653 0.7761
vn 0.6434 0.5128 0.5684
vn 0.6434 0.5128 0.5684
vn 0.5841 0.1510 -0.7975
vn 0.5841 0.1510 -0.7975
vn -0.6434 -0.5128 -0.5684
vn -0.6434 -0.5128 -0.5684
vn -0.5841 -0.1510 0.7975
vn -0.5841 -0.1510 0.7975
vn 0.5430 0.6452 0.5375
vn 0.5430 0.6452 0.5375
vn 0.4856 0.2809 -0.8278
vn 0.4856 0.2809 -0.8278
vn -0.5430 -0.6452 -0.5375
vn -0.5430 -0.6452 -0.5375
vn -0.4856 -0.2809 0.8278
vn -0.4856 -0.2809 0.8278
vn 0.2522 0.8307 0.4962
vn 0.2522 0.8307 0.4962
vn 0.2207 0.4499 -0.8654
vn 0.2207 0.4499 -0.8654
vn -0.2522 -0.8307 -0.4962
vn -0.2522 -0.8307 -0.4962
vn -0.2207 -0.4499 0.8654
vn -0.2207 -0.4499 0.8654
vn -0.2483 0.8307 0.4982
vn -0.2483 0.8307 0.4982
vn -0.2276 0.4499 -0.8636
vn -0.2276 0.4499 -0.8636
vn 0.2483 -0.8307 -0.4982
vn 0.2483 -0.8307 -0.4982
vn 0.2276 -0.4499 0.8636
vn 0.2276 -0.4499 0.8636
vn -0.5388 0.6451 0.5418
vn -0.5388 0.6451 0.5418
vn -0.4922 0.2809 -0.8239
vn -0.4922 0.2809 -0.8239
vn 0.5388 -0.6451 -0.5418
vn 0.5388 -0.6451 -0.5418
vn 0.4922 -0.2809 0.8239
vn 0.4922 -0.2809 0.8239
vn -0.6390 0.5127 0.5735
vn -0.6390 0.5127 0.5735
vn -0.5905 0.1509 -0.7928
vn -0.5905 0.1509 -0.7928
vn 0.6390 -0.5127 -0.5735
vn 0.6390 -0.5127 -0.5735
vn 0.5905 -0.1509 0.7928
vn 0.5905 -0.1509 0.7928
vn -0.6749 0.4410 0.5917
vn -0.6749 0.4410 0.5917
vn -0.6334 0.0652 -0.7711
vn -0.6334 0.0652 -0.7711
vn 0.6749 -0.4410 -0.5917
vn 0.6749 -0.4410 -0.5917
vn 0.6334 -0.0652 0.7711
vn 0.6334 -0.0652 0.7711
vn -0.6878 0.4068 0.6012
vn -0.6878 0.4068 0.6012
vn -0.6582 -0.0002 -0.7529
vn -0.6582 -0.0002 -0.7529
vn 0.6878 -0.4068 -0.6012
vn 0.6878 -0.4068 -0.6012
vn 0.6582 0.0002 0.7529
vn 0.6582 0.0002 0.7529
vn 0.3085 -0.9134 0.2654
vn 0.3085 -0.9134 0.2654
vn -0.3062 -0.9135 0.2678
vn -0.3062 -0.9135 0.2678
vn 0.8196 0.4181 0.3919
vn 0.8196 0.4181 0.3919
vn 0.4314 -0.0000 -0.9022
vn 0.4314 0.0000 -0.9022
vn -0.8196 -0.4181 -0.3919
vn -0.8196 -0.4181 -0.3919
vn -0.4314 0.0000 0.9022
vn -0.4314 0.0000 0.9022
vn 0.8034 0.4541 0.3852
vn 0.8034 0.4541 0.3852
vn 0.4128 0.0414 -0.9099
vn 0.4128 0.0414 -0.9099
vn -0.8034 -0.4541 -0.3852
vn -0.8034 -0.4541 -0.3852
vn -0.4128 -0.0414 0.9099
vn -0.4128 -0.0414 0.9099
vn 0.7586 0.5350 0.3718
vn 0.7586 0.5350 0.3718
vn 0.3825 0.0962 -0.9189
vn 0.3825 0.0962 -0.9189
vn -0.7586 -0.5350 -0.3718
vn -0.7586 -0.5350 -0.3718
vn -0.3825 -0.0962 0.9189
vn -0.3825 -0.0962 0.9189
vn 0.6367 0.6879 0.3485
vn 0.6367 0.6879 0.3485
vn 0.3158 0.1798 -0.9316
vn 0.3158 0.1798 -0.9316
vn -0.6367 -0.6879 -0.3485
vn -0.6367 -0.6879 -0.3485
vn -0.3158 -0.1798 0.9316
vn -0.3158 -0.1798 0.9316
vn 0.2928 0.9017 0.3181
vn 0.2928 0.9017 0.3181
vn 0.1415 0.2882 -0.9471
vn 0.1415 0.2882 -0.9471
vn -0.2928 -0.9017 -0.3181
vn -0.2928 -0.9017 -0.3181
vn -0.1415 -0.2882 0.9471
vn -0.1415 -0.2882 0.9471
vn -0.2902 0.9017 0.3204
vn -0.2902 0.9017 0.3204
vn -0.1490 0.2882 -0.9459
vn -0.1490 0.2882 -0.9459
vn 0.2902 -0.9017 -0.3204
vn 0.2902 -0.9017 -0.3204
vn 0.1490 -0.2882 0.9459
vn 0.1490 -0.2882 0.9459
vn -0.6339 0.6878 0.3536
vn -0.6339 0.6878 0.3536
vn -0.3232 0.1798 -0.9291
vn -0.3232 0.1798 -0.9291
vn 0.6339 -0.6878 -0.3536
vn 0.6339 -0.6878 -0.3536
vn 0.3232 -0.1798 0.9291
vn 0.3232 -0.1798 0.9291
vn -0.7557 0.5350 0.3778
vn -0.7557 0.5350 0.3778
vn -0.3898 0.0961 -0.9159
vn -0.3898 0.0961 -0.9159
vn 0.7557 -0.5350 -0.3778
vn 0.7557 -0.5350 -0.3778
vn 0.3898 -0.0961 0.9159
vn 0.3898 -0.0961 0.9159
vn -0.8004 0.4540 0.3915
vn -0.8004 0.4540 0.3915
vn -0.4201 0.0413 -0.9066
vn -0.4201 0.0413 -0.9066
vn 0.8004 -0.4540 -0.3915
vn 0.8004 -0.4540 -0.3915
vn 0.4201 -0.0413 0.9066
vn 0.4201 -0.0413 0.9066
vn -0.8165 0.4179 0.3984
vn -0.8165 0.4179 0.3984
vn -0.4385 -0.0001 -0.8987
vn -0.4385 -0.0001 -0.8987
vn 0.8165 -0.4179 -0.3984
vn 0.8165 -0.4179 -0.3984
vn 0.4385 0.0001 0.8987
vn 0.4385 0.0001 0.8987
vn 0.3772 -0.9084 0.1803
vn 0.3772 -0.9084 0.1803
vn -0.3756 -0.9085 0.1833
vn -0.3756 -0.9085 0.1833
vn 0.0000 0.0000 1.0000
vn -0.0000 0.0000 1.0000
vn 0.0000 0.0000 1.0000
vn 0.0000 0.0000 1.0000
vn 0.0000 0.0000 1.0000
vn 0.0000 0.0000 1.0000
vn 0.0000 0.0000 1.0000
vn 0.0000 0.0000 1.0000
vn 0.0000 0.0000 1.0000
vn 0.0000 0.0000 -1.0000
vn -0.0000 -0.0000 -1.0000
vn 0.0000 -0.0000 -1.0000
vn 0.0000 -0.0000 -1.0000
vn 0.0000 -0.0000 -1.0000
vn 0.0000 -0.0000 -1.0000
vn 0.0000 -0.0000 -1.0000
vn 0.0000 -0.0000 -1.0000
vn 0.0000 0.0000 -1.0000
vn 0.0000 -1.0000 0.0000
vn 0.0000 -1.0000 0.0000
vn 1.0000 0.0000 0.0000
vn 1.0000 -0.0000 0.0000
vn 0.9731 0.2305 0.0000
vn 0.9731 0.2305 0.0000
vn 0.7826 0.6226 0.0000
vn 0.7826 0.6226 0.0000
vn 0.4894 0.8721 0.0000
vn 0.4894 0.8721 0.0000
vn 0.1648 0.9863 0.0000
vn 0.1648 0.9863 0.0000
vn -0.1648 0.9863 0.0000
vn -0.1648 0.9863 0.0000
vn -0.4894 0.8721 0.0000
vn -0.4894 0.8721 0.0000
vn -0.7826 0.6226 0.0000
vn -0.7826 0.6226 0.0000
vn -0.9731 0.2305 0.0000
vn -0.9731 0.2305 0.0000
vn -1.0000 0.0000 -0.0000
vn -1.0000 -0.0000 0.0000
vn 0.0000 0.0000 1.0000
vn -0.0000 0.0000 1.0000
vn 0.0000 0.0000 1.0000
vn 0.0000 0.0000 1.0000
vn 0.0000 0.0000 1.0000
vn 0.0000 0.0000 1.0000
vn 0.0000 0.0000 1.0000
vn 0.0000 0.0000 1.0000
vn 0.0000 0.0000 1.0000
vn 0.0000 0.0000 -1.0000
vn -0.0000 -0.0000 -1.0000
vn 0.0000 -0.0000 -1.0000
vn 0.0000 -0.0000 -1.0000
vn 0.0000 -0.0000 -1.0000
vn 0.0000 -0.0000 -1.0000
vn 0.0000 -0.0000 -1.0000
vn 0.0000 -0.0000 -1.0000
vn 0.0000 0.0000 -1.0000
vn 0.0000 -1.0000 0.0000
vn 0.0000 -1.0000 0.0000
vn 1.0000 0.0000 0.0000
vn 1.0000 -0.0000 0.0000
vn 0.9808 0.1951 0.0000
vn 0.9808 0.1951 0.0000
vn 0.8315 0.5556 0.0000
vn 0.8315 0.5556 0.0000
vn 0.5556 0.8315 0.0000
vn 0.5556 0.8315 0.0000
vn 0.1951 0.9808 0.0000
vn 0.1951 0.9808 0.0000
vn -0.1951 0.9808 0.0000
vn -0.1951 0.9808 0.0000
vn -0.5556 0.8315 0.0000
vn -0.5556 0.8315 0.0000
vn -0.8315 0.5556 0.0000
vn -0.8315 0.5556 0.0000
vn -0.9808 0.1951 0.0000
vn -0.9808 0.1951 0.0000
vn -1.0000 0.0000 -0.0000
vn -1.0000 -0.0000 0.0000
vn -0.0000 1.0000 0.0000
vn 0.0000 1.0000 0.0000
vn 1.0000 0.0000 -0.0000
vn 1.0000 0.0000 0.0000
vn 0.0000 0.0000 1.0000
vn 0.0000 0.0000 1.0000
vn -1.0000 0.0000 -0.0000
vn -1.0000 -0.0000 0.0000
vn 0.0000 -1.0000 0.0000
vn 0.0000 -1.0000 0.0000
vn -0.0000 1.0000 0.0000
vn 0.0000 1.0000 0.0000
vn 1.0000 0.0000 -0.0000
vn 1.0000 0.0000 0.0000
vn 0.0000 0.0000 1.0000
vn 0.0000 0.0000 1.0000
vn -1.0000 0.0000 -0.0000
vn -1.0000 -0.0000 0.0000
vn 0.0000 -1.0000 0.0000
vn 0.0000 -1.0000 0.0000
vn -0.0000 1.0000 0.0000
vn 0.0000 1.0000 0.0000
vn 0.0000 0.0000 -1.0000
vn 0.0000 0.0000 -1.0000
vn 1.0000 0.0000 -0.0000
vn 1.0000 0.0000 0.0000
vn 0.0000 0.0000 1.0000
vn 0.0000 0.0000 1.0000
vn -1.0000 0.0000 -0.0000
vn -1.0000 -0.0000 0.0000
vn 0.0000 -1.0000 0.0000
vn 0.0000 -1.0000 0.0000
vn -0.0000 1.0000 0.0000
vn 0.0000 1.0000 0.0000
vn 0.0000 0.0000 -1.0000
vn 0.0000 0.0000 -1.0000
vn 1.0000 0.0000 -0.0000
vn 1.0000 0.0000 0.0000
vn 0.0000 0.0000 1.0000
vn 0.0000 0.0000 1.0000
vn -1.0000 0.0000 -0.0000
vn -1.0000 -0.0000 0.0000
vn 0.0000 -1.0000 0.0000
vn 0.0000 -1.0000 0.0000
vn 0.6606 0.0000 0.7508
vn 0.6606 0.0000 0.7508
vn 0.6606 0.0000 0.7508
vn 0.6606 -0.0000 0.7508
vn 0.6606 0.0000 0.7508
vn 0.6606 0.0000 0.7508
vn 0.6606 0.0000 0.7508
vn 0.6606 0.0000 0.7508
vn 0.6606 0.0000 0.7508
vn -0.6606 0.0000 -0.7508
vn -0.6606 -0.0000 -0.7508
vn -0.6606 -0.0000 -0.7508
vn -0.6606 -0.0000 -0.7508
vn -0.6606 0.0000 -0.7508
vn -0.6606 -0.0000 -0.7508
vn -0.6606 0.0000 -0.7508
vn -0.6606 -0.0000 -0.7508
vn -0.6606 -0.0000 -0.7508
vn 0.0000 -1.0000 -0.0000
vn 0.0000 -1.0000 0.0000
vn 0.7508 0.0000 -0.6606
vn 0.7508 0.0000 -0.6606
vn 0.7292 0.2381 -0.6416
vn 0.7292 0.2381 -0.6416
vn 0.5796 0.6357 -0.5099
vn 0.5796 0.6357 -0.5099
vn 0.3579 0.8791 -0.3149
vn 0.3579 0.8791 -0.3149
vn 0.1196 0.9872 -0.1053
vn 0.1196 0.9872 -0.1053
vn -0.1196 0.9872 0.1053
vn -0.1196 0.9872 0.1053
vn -0.3579 0.8791 0.3149
vn -0.3579 0.8791 0.3149
vn -0.5796 0.6357 0.5099
vn -0.5796 0.6357 0.5099
vn -0.7292 0.2381 0.6416
vn -0.7292 0.2381 0.6416
vn -0.7508 0.0000 0.6606
vn -0.7508 0.0000 0.6606
vn 0.6606 0.0000 0.7508
vn 0.6606 0.0000 0.7508
vn 0.6606 0.0000 0.7508
vn 0.6606 0.0000 0.7508
vn 0.6606 -0.0000 0.7508
vn 0.6606 0.0000 0.7508
vn 0.6606 -0.0000 0.7508
vn 0.6606 0.0000 0.7508
vn 0.6606 0.0000 0.7508
vn -0.6606 0.0000 -0.7508
vn -0.6606 -0.0000 -0.7508
vn -0.6606 -0.0000 -0.7508
vn -0.6606 -0.0000 -0.7508
vn -0.6606 0.0000 -0.7508
vn -0.6606 -0.0000 -0.7508
vn -0.6606 0.0000 -0.7508
vn -0.6606 -0.0000 -0.7508
vn -0.6606 0.0000 -0.7508
vn 0.0000 -1.0000 -0.0000
vn 0.0000 -1.0000 0.0000
vn 0.7508 0.0000 -0.6606
vn 0.7508 0.0000 -0.6606
vn 0.7363 0.1951 -0.6479
vn 0.7363 0.1951 -0.6479
vn 0.6242 0.5556 -0.5492
vn 0.6242 0.5556 -0.5492
vn 0.4171 0.8315 -0.3670
vn 0.4171 0.8315 -0.3670
vn 0.1465 0.9808 -0.1289
vn 0.1465 0.9808 -0.1289
vn -0.1465 0.9808 0.1289
vn -0.1465 0.9808 0.1289
vn -0.4171 0.8315 0.3670
vn -0.4171 0.8315 0.3670
vn -0.6242 0.5556 0.5492
vn -0.6242 0.5556 0.5492
vn -0.7363 0.1951 0.6479
vn -0.7363 0.1951 0.6479
vn -0.7508 0.0000 0.6606
vn -0.7508 0.0000 0.6606
vn 0.0000 1.0000 0.0000
vn 0.0000 1.0000 0.0000
vn 0.7508 0.0000 -0.6606
vn 0.7508 0.0000 -0.6606
vn 0.6606 0.0000 0.7508
vn 0.6606 0.0000 0.7508
vn -0.7508 0.0000 0.6606
vn -0.7508 0.0000 0.6606
vn 0.0000 -1.0000 0.0000
vn 0.0000 -1.0000 0.0000
vn 0.0000 1.0000 0.0000
vn 0.0000 1.0000 0.0000
vn 0.7508 0.0000 -0.6606
vn 0.7508 0.0000 -0.6606
vn 0.6606 0.0000 0.7508
vn 0.6606 0.0000 0.7508
vn -0.7508 0.0000 0.6606
vn -0.7508 0.0000 0.6606
vn 0.0000 -1.0000 0.0000
vn 0.0000 -1.0000 0.0000
vn 0.0000 1.0000 0.0000
vn 0.0000 1.0000 0.0000
vn -0.6606 0.0000 -0.7508
vn -0.6606 -0.0000 -0.7508
vn 0.7508 0.0000 -0.6606
vn 0.7508 0.0000 -0.6606
vn 0.6606 0.0000 0.7508
vn 0.6606 0.0000 0.7508
vn -0.7508 0.0000 0.6606
vn -0.7508 0.0000 0.6606
vn 0.0000 -1.0000 0.0000
vn 0.0000 -1.0000 0.0000
vn 0.0000 1.0000 0.0000
vn 0.0000 1.0000 0.0000
vn -0.6606 0.0000 -0.7508
vn -0.6606 -0.0000 -0.7508
vn 0.7508 0.0000 -0.6606
vn 0.7508 0.0000 -0.6606
vn 0.6606 0.0000 0.7508
vn 0.6606 0.0000 0.7508
vn -0.7508 0.0000 0.6606
vn -0.7508 0.0000 0.6606
vn 0.0000 -1.0000 0.0000
vn 0.0000 -1.0000 0.0000
vn -0.6606 0.0000 0.7508
vn -0.6606 0.0000 0.7508
vn -0.6606 0.0000 0.7508
vn -0.6606 0.0000 0.7508
vn -0.6606 0.0000 0.7508
vn -0.6606 -0.0000 0.7508
vn -0.6606 0.0000 0.7508
vn -0.6606 -0.0000 0.7508
vn -0.6606 0.0000 0.7508
vn 0.6606 0.0000 -0.7508
vn 0.6606 0.0000 -0.7508
vn 0.6606 -0.0000 -0.7508
vn 0.6606 -0.0000 -0.7508
vn 0.6606 0.0000 -0.7508
vn 0.6606 -0.0000 -0.7508
vn 0.6606 -0.0000 -0.7508
vn 0.6606 0.0000 -0.7508
vn 0.6606 -0.0000 -0.7508
vn 0.0000 -1.0000 0.0000
vn 0.0000 -1.0000 0.0000
vn 0.7508 0.0000 0.6606
vn 0.7508 -0.0000 0.6606
vn 0.7292 0.2381 0.6416
vn 0.7292 0.2381 0.6416
vn 0.5796 0.6357 0.5099
vn 0.5796 0.6357 0.5099
vn 0.3579 0.8791 0.3149
vn 0.3579 0.8791 0.3149
vn 0.1196 0.9872 0.1053
vn 0.1196 0.9872 0.1053
vn -0.1196 0.9872 -0.1053
vn -0.1196 0.9872 -0.1053
vn -0.3579 0.8791 -0.3149
vn -0.3579 0.8791 -0.3149
vn -0.5796 0.6357 -0.5099
vn -0.5796 0.6357 -0.5099
vn -0.7292 0.2381 -0.6416
vn -0.7292 0.2381 -0.6416
vn -0.7508 0.0000 -0.6606
vn -0.7508 -0.0000 -0.6606
vn -0.6606 0.0000 0.7508
vn -0.6606 0.0000 0.7508
vn -0.6606 0.0000 0.7508
vn -0.6606 -0.0000 0.7508
vn -0.6606 0.0000 0.7508
vn -0.6606 0.0000 0.7508
vn -0.6606 -0.0000 0.7508
vn -0.6606 0.0000 0.7508
vn -0.6606 0.0000 0.7508
vn 0.6606 0.0000 -0.7508
vn 0.6606 0.0000 -0.7508
vn 0.6606 0.0000 -0.7508
vn 0.6606 -0.0000 -0.7508
vn 0.6606 -0.0000 -0.7508
vn 0.6606 -0.0000 -0.7508
vn 0.6606 0.0000 -0.7508
vn 0.6606 -0.0000 -0.7508
vn 0.6606 -0.0000 -0.7508
vn 0.0000 -1.0000 0.0000
vn 0.0000 -1.0000 0.0000
vn 0.7508 0.0000 0.6606
vn 0.7508 -0.0000 0.6606
vn 0.7363 0.1951 0.6479
vn 0.7363 0.1951 0.6479
vn 0.6242 0.5556 0.5492
vn 0.6242 0.5556 0.5492
vn 0.4171 0.8315 0.3670
vn 0.4171 0.8315 0.3670
vn 0.1465 0.9808 0.1289
vn 0.1465 0.9808 0.1289
vn -0.1465 0.9808 -0.1289
vn -0.1465 0.9808 -0.1289
vn -0.4171 0.8315 -0.3670
vn -0.4171 0.8315 -0.3670
vn -0.6242 0.5556 -0.5492
vn -0.6242 0.5556 -0.5492
vn -0.7363 0.1951 -0.6479
vn -0.7363 0.1951 -0.6479
vn -0.7508 0.0000 -0.6606
vn -0.7508 -0.0000 -0.6606
vn 0.0000 1.0000 0.0000
vn -0.0000 1.0000 0.0000
vn 0.7508 0.0000 0.6606
vn 0.7508 0.0000 0.6606
vn -0.6606 0.0000 0.7508
vn -0.6606 0.0000 0.7508
vn -0.7508 0.0000 -0.6606
vn -0.7508 -0.0000 -0.6606
vn -0.0000 -1.0000 0.0000
vn 0.0000 -1.0000 0.0000
vn 0.0000 1.0000 0.0000
vn -0.0000 1.0000 0.0000
vn 0.7508 0.0000 0.6606
vn 0.7508 0.0000 0.6606
vn -0.6606 0.0000 0.7508
vn -0.6606 0.0000 0.7508
vn -0.7508 0.0000 -0.6606
vn -0.7508 -0.0000 -0.6606
vn -0.0000 -1.0000 0.0000
vn 0.0000 -1.0000 0.0000
vn 0.0000 1.0000 0.0000
vn -0.0000 1.0000 0.0000
vn 0.6606 0.0000 -0.7508
vn 0.6606 0.0000 -0.7508
vn 0.7508 0.0000 0.6606
vn 0.7508 0.0000 0.6606
vn -0.6606 0.0000 0.7508
vn -0.6606 0.0000 0.7508
vn -0.7508 0.0000 -0.6606
vn -0.7508 -0.0000 -0.6606
vn -0.0000 -1.0000 0.0000
vn 0.0000 -1.0000 0.0000
vn 0.0000 1.0000 0.0000
vn -0.0000 1.0000 0.0000
vn 0.6606 0.0000 -0.7508
vn 0.6606 0.0000 -0.7508
vn 0.7508 0.0000 0.6606
vn 0.7508 0.0000 0.6606
vn -0.6606 0.0000 0.7508
vn -0.6606 0.0000 0.7508
vn -0.7508 0.0000 -0.6606
vn -0.7508 -0.0000 -0.6606
vn -0.0000 -1.0000 0.0000
vn 0.0000 -1.0000 0.0000
vn 0.8653 -0.3090 -0.3947
vn 0.8653 -0.3090 -0.3947
vn 0.5348 -0.8090 -0.2440
vn 0.5348 -0.8090 -0.2440
vn 0.0000 -1.0000 0.0000
vn -0.0000 -1.0000 0.0000
vn -0.5348 -0.8090 0.2440
vn -0.5348 -0.8090 0.2440
vn -0.8653 -0.3090 0.3947
vn -0.8653 -0.3090 0.3947
vn -0.8653 0.3090 0.3947
vn -0.8653 0.3090 0.3947
vn -0.5348 0.8090 0.2440
vn -0.5348 0.8090 0.2440
vn 0.0000 1.0000 0.0000
vn 0.0000 1.0000 0.0000
vn 0.5348 0.8090 -0.2440
vn 0.5348 0.8090 -0.2440
vn 0.8653 0.3090 -0.3947
vn 0.8653 0.3090 -0.3947
vn 0.4151 -0.0000 0.9098
vn 0.4151 0.0000 0.9098
vn 0.4151 -0.0000 0.9098
vn 0.4151 0.0000 0.9098
vn 0.4151 0.0000 0.9098
vn 0.4151 -0.0000 0.9098
vn 0.4151 0.0000 0.9098
vn 0.4151 0.0000 0.9098
vn 0.8653 -0.3090 -0.3947
vn 0.8653 -0.3090 -0.3947
vn 0.5348 -0.8090 -0.2440
vn 0.5348 -0.8090 -0.2440
vn -0.0000 -1.0000 0.0000
vn 0.0000 -1.0000 0.0000
vn -0.5348 -0.8090 0.2440
vn -0.5348 -0.8090 0.2440
vn -0.8653 -0.3090 0.3947
vn -0.8653 -0.3090 0.3947
vn -0.8653 0.3090 0.3947
vn -0.8653 0.3090 0.3947
vn -0.5348 0.8090 0.2440
vn -0.5348 0.8090 0.2440
vn 0.0000 1.0000 0.0000
vn 0.0000 1.0000 0.0000
vn 0.5348 0.8090 -0.2440
vn 0.5348 0.8090 -0.2440
vn 0.8653 0.3090 -0.3947
vn 0.8653 0.3090 -0.3947
vn 0.4151 0.0000 0.9098
vn 0.4151 -0.0000 0.9098
vn 0.4151 -0.0000 0.9098
vn 0.4151 0.0000 0.9098
vn 0.4151 0.0000 0.9098
vn 0.4151 -0.0000 0.9098
vn 0.4151 0.0000 0.9098
vn 0.4151 0.0000 0.9098
vn 0.8653 -0.3090 0.3947
vn 0.8653 -0.3090 0.3947
vn 0.5348 -0.8090 0.2440
vn 0.5348 -0.8090 0.2440
vn 0.0000 -1.0000 0.0000
vn 0.0000 -1.0000 -0.0000
vn -0.5348 -0.8090 -0.2440
vn -0.5348 -0.8090 -0.2440
vn -0.8653 -0.3090 -0.3947
vn -0.8653 -0.3090 -0.3947
vn -0.8653 0.3090 -0.3947
vn -0.8653 0.3090 -0.3947
vn -0.5348 0.8090 -0.2440
vn -0.5348 0.8090 -0.2440
vn 0.0000 1.0000 0.0000
vn -0.0000 1.0000 0.0000
vn 0.5348 0.8090 0.2440
vn 0.5348 0.8090 0.2440
vn 0.8653 0.3090 0.3947
vn 0.8653 0.3090 0.3947
vn -0.4151 0.0000 0.9098
vn -0.4151 -0.0000 0.9098
vn -0.4151 0.0000 0.9098
vn -0.4151 -0.0000 0.9098
vn -0.4151 0.0000 0.9098
vn -0.4151 -0.0000 0.9098
vn -0.4151 0.0000 0.9098
vn -0.4151 0.0000 0.9098
vn 0.8653 -0.3090 0.3947
vn 0.8653 -0.3090 0.3947
vn 0.5348 -0.8090 0.2440
vn 0.5348 -0.8090 0.2440
vn 0.0000 -1.0000 0.0000
vn 0.0000 -1.0000 -0.0000
vn -0.5348 -0.8090 -0.2440
vn -0.5348 -0.8090 -0.2440
vn -0.8653 -0.3090 -0.3947
vn -0.8653 -0.3090 -0.3947
vn -0.8653 0.3090 -0.3947
vn -0.8653 0.3090 -0.3947
vn -0.5348 0.8090 -0.2440
vn -0.5348 0.8090 -0.2440
vn -0.0000 1.0000 0.0000
vn 0.0000 1.0000 0.0000
vn 0.5348 0.8090 0.2440
vn 0.5348 0.8090 0.2440
vn 0.8653 0.3090 0.3947
vn 0.8653 0.3090 0.3947
vn -0.4151 0.0000 0.9098
vn -0.4151 0.0000 0.9098
vn -0.4151 0.0000 0.9098
vn -0.4151 -0.0000 0.9098
vn -0.4151 0.0000 0.9098
vn -0.4151 -0.0000 0.9098
vn -0.4151 0.0000 0.9098
vn -0.4151 0.0000 0.9098
vn 0.0000 -0.0000 -1.0000
vn -0.0000 0.0000 -1.0000
vn 0.0000 0.0000 -1.0000
vn 0.0000 0.0000 -1.0000
vn 0.0000 0.0000 -1.0000
vn 0.0000 0.0000 -1.0000
vn 0.0000 0.0000 -1.0000
vn 0.0000 0.0000 -1.0000
vn 0.0000 0.0000 -1.0000
vn 0.0000 0.0000 1.0000
vn -0.0000 0.0000 1.0000
vn 0.0000 0.0000 1.0000
vn 0.0000 0.0000 1.0000
vn 0.0000 0.0000 1.0000
vn 0.0000 0.0000 1.0000
vn 0.0000 0.0000 1.0000
vn 0.0000 0.0000 1.0000
vn 0.0000 0.0000 1.0000
vn 0.0000 -1.0000 0.0000
vn 0.0000 -1.0000 0.0000
vn -1.0000 0.0000 0.0000
vn -1.0000 0.0000 0.0000
vn -0.9731 0.2305 0.0000
vn -0.9731 0.2305 0.0000
vn -0.7826 0.6226 0.0000
vn -0.7826 0.6226 0.0000
vn -0.4894 0.8721 0.0000
vn -0.4894 0.8721 0.0000
vn -0.1648 0.9863 0.0000
vn -0.1648 0.9863 0.0000
vn 0.1648 0.9863 -0.0000
vn 0.1648 0.9863 0.0000
vn 0.4894 0.8721 -0.0000
vn 0.4894 0.8721 0.0000
vn 0.7826 0.6226 -0.0000
vn 0.7826 0.6226 0.0000
vn 0.9731 0.2305 -0.0000
vn 0.9731 0.2305 0.0000
vn 1.0000 0.0000 -0.0000
vn 1.0000 0.0000 0.0000
vn 0.0000 -0.0000 -1.0000
vn -0.0000 0.0000 -1.0000
vn 0.0000 0.0000 -1.0000
vn 0.0000 0.0000 -1.0000
vn 0.0000 0.0000 -1.0000
vn 0.0000 0.0000 -1.0000
vn 0.0000 0.0000 -1.0000
vn 0.0000 0.0000 -1.0000
vn 0.0000 0.0000 -1.0000
vn 0.0000 0.0000 1.0000
vn -0.0000 0.0000 1.0000
vn 0.0000 0.0000 1.0000
vn 0.0000 0.0000 1.0000
vn 0.0000 0.0000 1.0000
vn 0.0000 0.0000 1.0000
vn 0.0000 0.0000 1.0000
vn 0.0000 0.0000 1.0000
vn 0.0000 0.0000 1.0000
vn 0.0000 -1.0000 0.0000
vn 0.0000 -1.0000 0.0000
vn -1.0000 0.0000 0.0000
vn -1.0000 0.0000 0.0000
vn -0.9808 0.1951 0.0000
vn -0.9808 0.1951 0.0000
vn -0.8315 0.5556 0.0000
vn -0.8315 0.5556 0.0000
vn -0.5556 0.8315 0.0000
vn -0.5556 0.8315 0.0000
vn -0.1951 0.9808 0.0000
vn -0.1951 0.9808 0.0000
vn 0.1951 0.9808 -0.0000
vn 0.1951 0.9808 0.0000
vn 0.5556 0.8315 -0.0000
vn 0.5556 0.8315 0.0000
vn 0.8315 0.5556 -0.0000
vn 0.8315 0.5556 0.0000
vn 0.9808 0.1951 -0.0000
vn 0.9808 0.1951 0.0000
vn 1.0000 0.0000 -0.0000
vn 1.0000 0.0000 0.0000
vn 0.0000 1.0000 0.0000
vn 0.0000 1.0000 -0.0000
vn -1.0000 0.0000 -0.0000
vn -1.0000 -0.0000 0.0000
vn 0.0000 0.0000 -1.0000
vn 0.0000 0.0000 -1.0000
vn 1.0000 0.0000 -0.0000
vn 1.0000 0.0000 0.0000
vn 0.0000 -1.0000 0.0000
vn 0.0000 -1.0000 0.0000
vn 0.0000 1.0000 0.0000
vn 0.0000 1.0000 -0.0000
vn -1.0000 0.0000 -0.0000
vn -1.0000 -0.0000 0.0000
vn 0.0000 0.0000 -1.0000
vn 0.0000 0.0000 -1.0000
vn 1.0000 0.0000 -0.0000
vn 1.0000 0.0000 0.0000
vn 0.0000 -1.0000 0.0000
vn 0.0000 -1.0000 0.0000
vn 0.0000 1.0000 0.0000
vn 0.0000 1.0000 -0.0000
vn 0.0000 0.0000 1.0000
vn 0.0000 0.0000 1.0000
vn -1.0000 0.0000 -0.0000
vn -1.0000 -0.0000 0.0000
vn 0.0000 0.0000 -1.0000
vn 0.0000 0.0000 -1.0000
vn 1.0000 0.0000 -0.0000
vn 1.0000 0.0000 0.0000
vn 0.0000 -1.0000 0.0000
vn 0.0000 -1.0000 0.0000
vn 0.0000 1.0000 0.0000
vn 0.0000 1.0000 -0.0000
vn 0.0000 0.0000 1.0000
vn 0.0000 0.0000 1.0000
vn -1.0000 0.0000 -0.0000
vn -1.0000 -0.0000 0.0000
vn 0.0000 0.0000 -1.0000
vn 0.0000 0.0000 -1.0000
vn 1.0000 0.0000 -0.0000
vn 1.0000 0.0000 0.0000
vn 0.0000 -1.0000 0.0000
vn 0.0000 -1.0000 0.0000
vn 0.6606 0.0000 -0.7508
vn 0.6606 0.0000 -0.7508
vn 0.6606 0.0000 -0.7508
vn 0.6606 0.0000 -0.7508
vn 0.6606 -0.0000 -0.7508
vn 0.6606 0.0000 -0.7508
vn 0.6606 -0.0000 -0.7508
vn 0.6606 -0.0000 -0.7508
vn 0.6606 -0.0000 -0.7508
vn -0.6606 0.0000 0.7508
vn -0.6606 0.0000 0.7508
vn -0.6606 -0.0000 0.7508
vn -0.6606 -0.0000 0.7508
vn -0.6606 0.0000 0.7508
vn -0.6606 0.0000 0.7508
vn -0.6606 0.0000 0.7508
vn -0.6606 0.0000 0.7508
vn -0.6606 0.0000 0.7508
vn -0.0000 -1.0000 0.0000
vn 0.0000 -1.0000 0.0000
vn -0.7508 0.0000 -0.6606
vn -0.7508 0.0000 -0.6606
vn -0.7292 0.2381 -0.6416
vn -0.7292 0.2381 -0.6416
vn -0.5796 0.6357 -0.5099
vn -0.5796 0.6357 -0.5099
vn -0.3579 0.8791 -0.3149
vn -0.3579 0.8791 -0.3149
vn -0.1196 0.9872 -0.1053
vn -0.1196 0.9872 -0.1053
vn 0.1196 0.9872 0.1053
vn 0.1196 0.9872 0.1053
vn 0.3579 0.8791 0.3149
vn 0.3579 0.8791 0.3149
vn 0.5796 0.6357 0.5099
vn 0.5796 0.6357 0.5099
vn 0.7292 0.2381 0.6416
vn 0.7292 0.2381 0.6416
vn 0.7508 0.0000 0.6606
vn 0.7508 0.0000 0.6606
vn 0.6606 0.0000 -0.7508
vn 0.6606 0.0000 -0.7508
vn 0.6606 0.0000 -0.7508
vn 0.6606 0.0000 -0.7508
vn 0.6606 0.0000 -0.7508
vn 0.6606 -0.0000 -0.7508
vn 0.6606 -0.0000 -0.7508
vn 0.6606 0.0000 -0.7508
vn 0.6606 -0.0000 -0.7508
vn -0.6606 0.0000 0.7508
vn -0.6606 0.0000 0.7508
vn -0.6606 -0.0000 0.7508
vn -0.6606 -0.0000 0.7508
vn -0.6606 0.0000 0.7508
vn -0.6606 -0.0000 0.7508
vn -0.6606 0.0000 0.7508
vn -0.6606 -0.0000 0.7508
vn -0.6606 -0.0000 0.7508
vn -0.0000 -1.0000 0.0000
vn 0.0000 -1.0000 0.0000
vn -0.7508 0.0000 -0.6606
vn -0.7508 0.0000 -0.6606
vn -0.7363 0.1951 -0.6479
vn -0.7363 0.1951 -0.6479
vn -0.6242 0.5556 -0.5492
vn -0.6242 0.5556 -0.5492
vn -0.4171 0.8315 -0.3670
vn -0.4171 0.8315 -0.3670
vn -0.1465 0.9808 -0.1289
vn -0.1465 0.9808 -0.1289
vn 0.1465 0.9808 0.1289
vn 0.1465 0.9808 0.1289
vn 0.4171 0.8315 0.3670
vn 0.4171 0.8315 0.3670
vn 0.6242 0.5556 0.5492
vn 0.6242 0.5556 0.5492
vn 0.7363 0.1951 0.6479
vn 0.7363 0.1951 0.6479
vn 0.7508 0.0000 0.6606
vn 0.7508 0.0000 0.6606
vn 0.0000 1.0000 0.0000
vn 0.0000 1.0000 0.0000
vn -0.7508 0.0000 -0.6606
vn -0.7508 -0.0000 -0.6606
vn 0.6606 0.0000 -0.7508
vn 0.6606 0.0000 -0.7508
vn 0.7508 0.0000 0.6606
vn 0.7508 0.0000 0.6606
vn 0.0000 -1.0000 0.0000
vn 0.0000 -1.0000 0.0000
vn 0.0000 1.0000 0.0000
vn 0.0000 1.0000 0.0000
vn -0.7508 0.0000 -0.6606
vn -0.7508 -0.0000 -0.6606
vn 0.6606 0.0000 -0.7508
vn 0.6606 0.0000 -0.7508
vn 0.7508 0.0000 0.6606
vn 0.7508 0.0000 0.6606
vn 0.0000 -1.0000 0.0000
vn 0.0000 -1.0000 0.0000
vn 0.0000 1.0000 0.0000
vn 0.0000 1.0000 0.0000
vn -0.6606 0.0000 0.7508
vn -0.6606 0.0000 0.7508
vn -0.7508 0.0000 -0.6606
vn -0.7508 -0.0000 -0.6606
vn 0.6606 0.0000 -0.7508
vn 0.6606 0.0000 -0.7508
vn 0.7508 0.0000 0.6606
vn 0.7508 0.0000 0.6606
vn 0.0000 -1.0000 0.0000
vn 0.0000 -1.0000 0.0000
vn 0.0000 1.0000 0.0000
vn 0.0000 1.0000 0.0000
vn -0.6606 0.0000 0.7508
vn -0.6606 0.0000 0.7508
vn -0.7508 0.0000 -0.6606
vn -0.7508 -0.0000 -0.6606
vn 0.6606 0.0000 -0.7508
vn 0.6606 0.0000 -0.7508
vn 0.7508 0.0000 0.6606
vn 0.7508 0.0000 0.6606
vn 0.0000 -1.0000 0.0000
vn 0.0000 -1.0000 0.0000
vn -0.6606 -0.0000 -0.7508
vn -0.6606 0.0000 -0.7508
vn -0.6606 -0.0000 -0.7508
vn -0.6606 -0.0000 -0.7508
vn -0.6606 0.0000 -0.7508
vn -0.6606 -0.0000 -0.7508
vn -0.6606 0.0000 -0.7508
vn -0.6606 -0.0000 -0.7508
vn -0.6606 0.0000 -0.7508
vn 0.6606 0.0000 0.7508
vn 0.6606 0.0000 0.7508
vn 0.6606 0.0000 0.7508
vn 0.6606 0.0000 0.7508
vn 0.6606 0.0000 0.7508
vn 0.6606 -0.0000 0.7508
vn 0.6606 0.0000 0.7508
vn 0.6606 -0.0000 0.7508
vn 0.6606 0.0000 0.7508
vn 0.0000 -1.0000 0.0000
vn 0.0000 -1.0000 0.0000
vn -0.7508 0.0000 0.6606
vn -0.7508 0.0000 0.6606
vn -0.7292 0.2381 0.6416
vn -0.7292 0.2381 0.6416
vn -0.5796 0.6357 0.5099
vn -0.5796 0.6357 0.5099
vn -0.3579 0.8791 0.3149
vn -0.3579 0.8791 0.3149
vn -0.1196 0.9872 0.1053
vn -0.1196 0.9872 0.1053
vn 0.1196 0.9872 -0.1053
vn 0.1196 0.9872 -0.1053
vn 0.3579 0.8791 -0.3149
vn 0.3579 0.8791 -0.3149
vn 0.5796 0.6357 -0.5099
vn 0.5796 0.6357 -0.5099
vn 0.7292 0.2381 -0.6416
vn 0.7292 0.2381 -0.6416
vn 0.7508 0.0000 -0.6606
vn 0.7508 0.0000 -0.6606
vn -0.6606 -0.0000 -0.7508
vn -0.6606 0.0000 -0.7508
vn -0.6606 0.0000 -0.7508
vn -0.6606 -0.0000 -0.7508
vn -0.6606 -0.0000 -0.7508
vn -0.6606 0.0000 -0.7508
vn -0.6606 -0.0000 -0.7508
vn -0.6606 -0.0000 -0.7508
vn -0.6606 0.0000 -0.7508
vn 0.6606 0.0000 0.7508
vn 0.6606 0.0000 0.7508
vn 0.6606 -0.0000 0.7508
vn 0.6606 0.0000 0.7508
vn 0.6606 0.0000 0.7508
vn 0.6606 -0.0000 0.7508
vn 0.6606 0.0000 0.7508
vn 0.6606 0.0000 0.7508
vn 0.6606 -0.0000 0.7508
vn 0.0000 -1.0000 0.0000
vn 0.0000 -1.0000 0.0000
vn -0.7508 0.0000 0.6606
vn -0.7508 0.0000 0.6606
vn -0.7363 0.1951 0.6479
vn -0.7363 0.1951 0.6479
vn -0.6242 0.5556 0.5492
vn -0.6242 0.5556 0.5492
vn -0.4171 0.8315 0.3670
vn -0.4171 0.8315 0.3670
vn -0.1465 0.9808 0.1289
vn -0.1465 0.9808 0.1289
vn 0.1465 0.9808 -0.1289
vn 0.1465 0.9808 -0.1289
vn 0.4171 0.8315 -0.3670
vn 0.4171 0.8315 -0.3670
vn 0.6242 0.5556 -0.5492
vn 0.6242 0.5556 -0.5492
vn 0.7363 0.1951 -0.6479
vn 0.7363 0.1951 -0.6479
vn 0.7508 0.0000 -0.6606
vn 0.7508 0.0000 -0.6606
vn 0.0000 1.0000 0.0000
vn 0.0000 1.0000 -0.0000
vn -0.7508 0.0000 0.6606
vn -0.7508 0.0000 0.6606
vn -0.6606 0.0000 -0.7508
vn -0.6606 -0.0000 -0.7508
vn 0.7508 0.0000 -0.6606
vn 0.7508 0.0000 -0.6606
vn 0.0000 -1.0000 -0.0000
vn 0.0000 -1.0000 0.0000
vn 0.0000 1.0000 0.0000
vn 0.0000 1.0000 -0.0000
vn -0.7508 0.0000 0.6606
vn -0.7508 0.0000 0.6606
vn -0.6606 0.0000 -0.7508
vn -0.6606 -0.0000 -0.7508
vn 0.7508 0.0000 -0.6606
vn 0.7508 0.0000 -0.6606
vn 0.0000 -1.0000 -0.0000
vn 0.0000 -1.0000 0.0000
vn 0.0000 1.0000 0.0000
vn 0.0000 1.0000 -0.0000
vn 0.6606 0.0000 0.7508
vn 0.6606 0.0000 0.7508
vn -0.7508 0.0000 0.6606
vn -0.7508 0.0000 0.6606
vn -0.6606 0.0000 -0.7508
vn -0.6606 -0.0000 -0.7508
vn 0.7508 0.0000 -0.6606
vn 0.7508 0.0000 -0.6606
vn 0.0000 -1.0000 -0.0000
vn 0.0000 -1.0000 0.0000
vn 0.0000 1.0000 0.0000
vn 0.0000 1.0000 -0.0000
vn 0.6606 0.0000 0.7508
vn 0.6606 0.0000 0.7508
vn -0.7508 0.0000 0.6606
vn -0.7508 0.0000 0.6606
vn -0.6606 0.0000 -0.7508
vn -0.6606 -0.0000 -0.7508
vn 0.7508 0.0000 -0.6606
vn 0.7508 0.0000 -0.6606
vn 0.0000 -1.0000 -0.0000
vn 0.0000 -1.0000 0.0000
vn -0.8653 -0.3090 -0.3947
vn -0.8653 -0.3090 -0.3947
vn -0.5348 -0.8090 -0.2440
vn -0.5348 -0.8090 -0.2440
vn 0.0000 -1.0000 0.0000
vn 0.0000 -1.0000 0.0000
vn 0.5348 -0.8090 0.2440
vn 0.5348 -0.8090 0.2440
vn 0.8653 -0.3090 0.3947
vn 0.8653 -0.3090 0.3947
vn 0.8653 0.3090 0.3947
vn 0.8653 0.3090 0.3947
vn 0.5348 0.8090 0.2440
vn 0.5348 0.8090 0.2440
vn 0.0000 1.0000 0.0000
vn 0.0000 1.0000 0.0000
vn -0.5348 0.8090 -0.2440
vn -0.5348 0.8090 -0.2440
vn -0.8653 0.3090 -0.3947
vn -0.8653 0.3090 -0.3947
vn 0.4151 0.0000 -0.9098
vn 0.4151 -0.0000 -0.9098
vn 0.4151 0.0000 -0.9098
vn 0.4151 -0.0000 -0.9098
vn 0.4151 0.0000 -0.9098
vn 0.4151 -0.0000 -0.9098
vn 0.4151 0.0000 -0.9098
vn 0.4151 0.0000 -0.9098
vn -0.8653 -0.3090 -0.3947
vn -0.8653 -0.3090 -0.3947
vn -0.5348 -0.8090 -0.2440
vn -0.5348 -0.8090 -0.2440
vn 0.0000 -1.0000 0.0000
vn 0.0000 -1.0000 0.0000
vn 0.5348 -0.8090 0.2440
vn 0.5348 -0.8090 0.2440
vn 0.8653 -0.3090 0.3947
vn 0.8653 -0.3090 0.3947
vn 0.8653 0.3090 0.3947
vn 0.8653 0.3090 0.3947
vn 0.5348 0.8090 0.2440
vn 0.5348 0.8090 0.2440
vn 0.0000 1.0000 0.0000
vn 0.0000 1.0000 0.0000
vn -0.5348 0.8090 -0.2440
vn -0.5348 0.8090 -0.2440
vn -0.8653 0.3090 -0.3947
vn -0.8653 0.3090 -0.3947
vn 0.4151 -0.0000 -0.9098
vn 0.4151 0.0000 -0.9098
vn 0.4151 0.0000 -0.9098
vn 0.4151 0.0000 -0.9098
vn 0.4151 -0.0000 -0.9098
vn 0.4151 0.0000 -0.9098
vn 0.4151 0.0000 -0.9098
vn 0.4151 0.0000 -0.9098
vn -0.8653 -0.3090 0.3947
vn -0.8653 -0.3090 0.3947
vn -0.5348 -0.8090 0.2440
vn -0.5348 -0.8090 0.2440
vn 0.0000 -1.0000 0.0000
vn 0.0000 -1.0000 0.0000
vn 0.5348 -0.8090 -0.2440
vn 0.5348 -0.8090 -0.2440
vn 0.8653 -0.3090 -0.3947
vn 0.8653 -0.3090 -0.3947
vn 0.8653 0.3090 -0.3947
vn 0.8653 0.3090 -0.3947
vn 0.5348 0.8090 -0.2440
vn 0.5348 0.8090 -0.2440
vn 0.0000 1.0000 0.0000
vn 0.0000 1.0000 -0.0000
vn -0.5348 0.8090 0.2440
vn -0.5348 0.8090 0.2440
vn -0.8653 0.3090 0.3947
vn -0.8653 0.3090 0.3947
vn -0.4151 0.0000 -0.9098
vn -0.4151 0.0000 -0.9098
vn -0.4151 -0.0000 -0.9098
vn -0.4151 0.0000 -0.9098
vn -0.4151 -0.0000 -0.9098
vn -0.4151 0.0000 -0.9098
vn -0.4151 -0.0000 -0.9098
vn -0.4151 -0.0000 -0.9098
vn -0.8653 -0.3090 0.3947
vn -0.8653 -0.3090 0.3947
vn -0.5348 -0.8090 0.2440
vn -0.5348 -0.8090 0.2440
vn 0.0000 -1.0000 0.0000
vn 0.0000 -1.0000 0.0000
vn 0.5348 -0.8090 -0.2440
vn 0.5348 -0.8090 -0.2440
vn 0.8653 -0.3090 -0.3947
vn 0.8653 -0.3090 -0.3947
vn 0.8653 0.3090 -0.3947
vn 0.8653 0.3090 -0.3947
vn 0.5348 0.8090 -0.2440
vn 0.5348 0.8090 -0.2440
vn 0.0000 1.0000 0.0000
vn 0.0000 1.0000 -0.0000
vn -0.5348 0.8090 0.2440
vn -0.5348 0.8090 0.2440
vn -0.8653 0.3090 0.3947
vn -0.8653 0.3090 0.3947
vn -0.4151 -0.0000 -0.9098
vn -0.4151 0.0000 -0.9098
vn -0.4151 -0.0000 -0.9098
vn -0.4151 0.0000 -0.9098
vn -0.4151 0.0000 -0.9098
vn -0.4151 -0.0000 -0.9098
vn -0.4151 0.0000 -0.9098
vn -0.4151 0.0000 -0.9098
vn 0.9828 0.0000 0.1847
vn 0.9828 0.0000 0.1847
vn 0.8516 0.0000 0.5242
vn 0.8516 0.0000 0.5242
vn 0.6185 0.0000 0.7858
vn 0.6185 0.0000 0.7858
vn 0.3231 0.0000 0.9464
vn 0.3231 0.0000 0.9464
vn 0.0000 0.0000 1.0000
vn 0.0000 0.0000 1.0000
vn -0.3231 0.0000 0.9464
vn -0.3231 0.0000 0.9464
vn -0.6185 0.0000 0.7858
vn -0.6185 0.0000 0.7858
vn -0.8516 0.0000 0.5242
vn -0.8516 0.0000 0.5242
vn -0.9828 0.0000 0.1847
vn -0.9828 0.0000 0.1847
vn -0.9828 0.0000 -0.1847
vn -0.9828 -0.0000 -0.1847
vn -0.8516 0.0000 -0.5242
vn -0.8516 -0.0000 -0.5242
vn -0.6185 0.0000 -0.7858
vn -0.6185 -0.0000 -0.7858
vn -0.3231 0.0000 -0.9464
vn -0.3231 -0.0000 -0.9464
vn 0.0000 0.0000 -1.0000
vn 0.0000 0.0000 -1.0000
vn 0.3231 0.0000 -0.9464
vn 0.3231 0.0000 -0.9464
vn 0.6185 0.0000 -0.7858
vn 0.6185 0.0000 -0.7858
vn 0.8516 0.0000 -0.5242
vn 0.8516 0.0000 -0.5242
vn 0.9828 0.0000 -0.1847
vn 0.9828 0.0000 -0.1847
vn 0.0000 1.0000 0.0000
vn 0.0000 1.0000 0.0000
vn 0.0000 1.0000 0.0000
vn 0.0000 1.0000 0.0000
vn 0.0000 1.0000 0.0000
vn 0.0000 1.0000 0.0000
vn 0.0000 1.0000 0.0000
vn 0.0000 1.0000 0.0000
vn 0.0000 1.0000 0.0000
vn 0.0000 1.0000 0.0000
vn 0.0000 1.0000 0.0000
vn 0.0000 1.0000 0.0000
vn 0.0000 1.0000 0.0000
vn 0.0000 1.0000 0.0000
vn 0.0000 1.0000 -0.0000
vn 0.0000 1.0000 0.0000
vn 0.0000 -1.0000 0.0000
vn 0.0000 -1.0000 0.0000
vn 0.0000 -1.0000 0.0000
vn 0.0000 -1.0000 0.0000
vn 0.0000 -1.0000 0.0000
vn 0.0000 -1.0000 0.0000
vn 0.0000 -1.0000 0.0000
vn 0.0000 -1.0000 0.0000
vn -0.0000 -1.0000 0.0000
vn 0.0000 -1.0000 0.0000
vn 0.0000 -1.0000 0.0000
vn 0.0000 -1.0000 0.0000
vn 0.0000 -1.0000 0.0000
vn 0.0000 -1.0000 0.0000
vn 0.0000 -1.0000 0.0000
vn 0.0000 -1.0000 0.0000
vn 0.9828 0.0000 0.1847
vn 0.9828 0.0000 0.1847
vn 0.8516 0.0000 0.5242
vn 0.8516 0.0000 0.5242
vn 0.6185 0.0000 0.7858
vn 0.6185 0.0000 0.7858
vn 0.3231 0.0000 0.9464
vn 0.3231 0.0000 0.9464
vn 0.0000 0.0000 1.0000
vn 0.0000 0.0000 1.0000
vn -0.3231 0.0000 0.9464
vn -0.3231 0.0000 0.9464
vn -0.6185 0.0000 0.7858
vn -0.6185 0.0000 0.7858
vn -0.8516 0.0000 0.5242
vn -0.8516 0.0000 0.5242
vn -0.9828 0.0000 0.1847
vn -0.9828 0.0000 0.1847
vn -0.9828 0.0000 -0.1847
vn -0.9828 -0.0000 -0.1847
vn -0.8516 0.0000 -0.5242
vn -0.8516 -0.0000 -0.5242
vn -0.6185 0.0000 -0.7858
vn -0.6185 -0.0000 -0.7858
vn -0.3231 0.0000 -0.9464
vn -0.3231 -0.0000 -0.9464
vn -0.0000 0.0000 -1.0000
vn -0.0000 -0.0000 -1.0000
vn 0.3231 0.0000 -0.9464
vn 0.3231 0.0000 -0.9464
vn 0.6185 0.0000 -0.7858
vn 0.6185 0.0000 -0.7858
vn 0.8516 0.0000 -0.5242
vn 0.8516 0.0000 -0.5242
vn 0.9828 0.0000 -0.1847
vn 0.9828 0.0000 -0.1847
vn 0.0000 1.0000 0.0000
vn 0.0000 1.0000 0.0000
vn 0.0000 1.0000 0.0000
vn 0.0000 1.0000 0.0000
vn 0.0000 1.0000 0.0000
vn 0.0000 1.0000 0.0000
vn 0.0000 1.0000 0.0000
vn 0.0000 1.0000 0.0000
vn 0.0000 1.0000 0.0000
vn 0.0000 1.0000 0.0000
vn 0.0000 1.0000 0.0000
vn 0.0000 1.0000 0.0000
vn 0.0000 1.0000 0.0000
vn 0.0000 1.0000 0.0000
vn 0.0000 1.0000 -0.0000
vn 0.0000 1.0000 0.0000
vn 0.0000 -1.0000 0.0000
vn 0.0000 -1.0000 0.0000
vn 0.0000 -1.0000 0.0000
vn 0.0000 -1.0000 0.0000
vn 0.0000 -1.0000 0.0000
vn 0.0000 -1.0000 0.0000
vn 0.0000 -1.0000 0.0000
vn 0.0000 -1.0000 0.0000
vn -0.0000 -1.0000 0.0000
vn 0.0000 -1.0000 0.0000
vn 0.0000 -1.0000 0.0000
vn 0.0000 -1.0000 0.0000
vn 0.0000 -1.0000 0.0000
vn 0.0000 -1.0000 0.0000
vn 0.0000 -1.0000 0.0000
vn 0.0000 -1.0000 0.0000
vn 0.9239 0.0000 0.3827
vn 0.9239 0.0000 0.3827
vn 0.3827 0.0000 0.9239
vn 0.3827 0.0000 0.9239
vn -0.3827 0.0000 0.9239
vn -0.3827 0.0000 0.9239
vn -0.9239 0.0000 0.3827
vn -0.9239 0.0000 0.3827
vn -0.9239 0.0000 -0.3827
vn -0.9239 -0.0000 -0.3827
vn -0.3827 0.0000 -0.9239
vn -0.3827 -0.0000 -0.9239
vn 0.3827 0.0000 -0.9239
vn 0.3827 0.0000 -0.9239
vn 0.9239 0.0000 -0.3827
vn 0.9239 0.0000 -0.3827
vn 0.0000 1.0000 0.0000
vn 0.0000 1.0000 0.0000
vn 0.0000 1.0000 0.0000
vn 0.0000 1.0000 0.0000
vn 0.0000 1.0000 -0.0000
vn 0.0000 1.0000 0.0000
vn 0.0000 -1.0000 0.0000
vn 0.0000 -1.0000 0.0000
vn 0.0000 -1.0000 0.0000
vn -0.0000 -1.0000 0.0000
vn 0.0000 -1.0000 0.0000
vn 0.0000 -1.0000 0.0000
vn 0.7071 0.0000 0.7071
vn 0.7071 0.0000 0.7071
vn -0.7071 0.0000 0.7071
vn -0.7071 0.0000 0.7071
vn -0.7071 0.0000 -0.7071
vn -0.7071 -0.0000 -0.7071
vn 0.7071 0.0000 -0.7071
vn 0.7071 0.0000 -0.7071
vn 0.0000 1.0000 -0.0000
vn 0.0000 1.0000 0.0000
vn 0.0000 -1.0000 0.0000
vn -0.0000 -1.0000 0.0000
vn 0.0000 -1.0000 0.0000
vn -0.0000 -1.0000 0.0000
vn 0.0000 -1.0000 -0.0000
vn 0.0000 -1.0000 0.0000
vn 0.0000 -1.0000 0.0000
vn 0.0000 -1.0000 0.0000
vn 0.8660 0.0000 0.5000
vn 0.8660 0.0000 0.5000
vn 0.0000 0.0000 1.0000
vn 0.0000 0.0000 1.0000
vn -0.8660 0.0000 0.5000
vn -0.8660 0.0000 0.5000
vn -0.8660 0.0000 -0.5000
vn -0.8660 -0.0000 -0.5000
vn 0.0000 0.0000 -1.0000
vn 0.0000 0.0000 -1.0000
vn 0.8660 0.0000 -0.5000
vn 0.8660 0.0000 -0.5000
vn 0.7519 0.4962 0.4341
vn 0.7519 0.4962 0.4341
vn 0.0000 0.4962 0.8682
vn 0.0000 0.4962 0.8682
vn -0.7519 0.4962 0.4341
vn -0.7519 0.4962 0.4341
vn -0.7519 0.4962 -0.4341
vn -0.7519 0.4962 -0.4341
vn 0.0000 0.4962 -0.8682
vn 0.0000 0.4962 -0.8682
vn 0.7519 0.4962 -0.4341
vn 0.7519 0.4962 -0.4341
vn 0.0000 1.0000 0.0000
vn 0.0000 1.0000 -0.0000
vn 0.0000 1.0000 0.0000
vn 0.0000 1.0000 0.0000
vn 0.0000 1.0000 0.0000
vn -0.0000 1.0000 0.0000
vn 0.8660 0.0000 0.5000
vn 0.8660 0.0000 0.5000
vn 0.0000 0.0000 1.0000
vn 0.0000 0.0000 1.0000
vn -0.8660 0.0000 0.5000
vn -0.8660 0.0000 0.5000
vn -0.8660 0.0000 -0.5000
vn -0.8660 -0.0000 -0.5000
vn 0.0000 0.0000 -1.0000
vn 0.0000 0.0000 -1.0000
vn 0.8660 0.0000 -0.5000
vn 0.8660 0.0000 -0.5000
vn 0.0000 1.0000 0.0000
vn 0.0000 1.0000 0.0000
vn 0.0000 1.0000 -0.0000
vn 0.0000 1.0000 0.0000
vn 0.0000 -1.0000 0.0000
vn 0.0000 -1.0000 0.0000
vn -0.0000 -1.0000 0.0000
vn 0.0000 -1.0000 0.0000
vn 0.8660 0.0000 0.5000
vn 0.8660 0.0000 0.5000
vn 0.0000 0.0000 1.0000
vn 0.0000 0.0000 1.0000
vn -0.8660 0.0000 0.5000
vn -0.8660 0.0000 0.5000
vn -0.8660 0.0000 -0.5000
vn -0.8660 -0.0000 -0.5000
vn 0.0000 0.0000 -1.0000
vn 0.0000 0.0000 -1.0000
vn 0.8660 0.0000 -0.5000
vn 0.8660 0.0000 -0.5000
vn 0.0000 1.0000 0.0000
vn 0.0000 1.0000 0.0000
vn 0.0000 1.0000 -0.0000
vn 0.0000 1.0000 0.0000
vn 0.0000 -1.0000 0.0000
vn 0.0000 -1.0000 0.0000
vn -0.0000 -1.0000 0.0000
vn 0.0000 -1.0000 0.0000
vn 0.7071 0.0000 0.7071
vn 0.7071 0.0000 0.7071
vn -0.7071 0.0000 0.7071
vn -0.7071 0.0000 0.7071
vn -0.7071 0.0000 -0.7071
vn -0.7071 -0.0000 -0.7071
vn 0.7071 0.0000 -0.7071
vn 0.7071 0.0000 -0.7071
vn 0.0000 1.0000 -0.0000
vn 0.0000 1.0000 0.0000
vn 0.0000 -1.0000 0.0000
vn -0.0000 -1.0000 0.0000
vn 0.8660 0.0000 0.5000
vn 0.8660 0.0000 0.5000
vn 0.0000 0.0000 1.0000
vn 0.0000 0.0000 1.0000
vn -0.8660 0.0000 0.5000
vn -0.8660 0.0000 0.5000
vn -0.8660 0.0000 -0.5000
vn -0.8660 -0.0000 -0.5000
vn -0.0000 0.0000 -1.0000
vn -0.0000 -0.0000 -1.0000
vn 0.8660 0.0000 -0.5000
vn 0.8660 0.0000 -0.5000
vn 0.0000 1.0000 0.0000
vn 0.0000 1.0000 0.0000
vn 0.0000 1.0000 -0.0000
vn 0.0000 1.0000 0.0000
vn 0.0000 -1.0000 0.0000
vn 0.0000 -1.0000 0.0000
vn -0.0000 -1.0000 0.0000
vn 0.0000 -1.0000 0.0000
vn 0.7071 0.0000 0.7071
vn 0.7071 0.0000 0.7071
vn -0.7071 0.0000 0.7071
vn -0.7071 0.0000 0.7071
vn -0.7071 0.0000 -0.7071
vn -0.7071 -0.0000 -0.7071
vn 0.7071 0.0000 -0.7071
vn 0.7071 0.0000 -0.7071
vn 0.0000 1.0000 -0.0000
vn 0.0000 1.0000 0.0000
vn 0.0000 -1.0000 0.0000
vn -0.0000 -1.0000 0.0000
vn 0.9239 0.0000 0.3827
vn 0.9239 0.0000 0.3827
vn 0.3827 0.0000 0.9239
vn 0.3827 0.0000 0.9239
vn -0.3827 0.0000 0.9239
vn -0.3827 0.0000 0.9239
vn -0.9239 0.0000 0.3827
vn -0.9239 0.0000 0.3827
vn -0.9239 0.0000 -0.3827
vn -0.9239 -0.0000 -0.3827
vn -0.3827 0.0000 -0.9239
vn -0.3827 -0.0000 -0.9239
vn 0.3827 0.0000 -0.9239
vn 0.3827 0.0000 -0.9239
vn 0.9239 0.0000 -0.3827
vn 0.9239 0.0000 -0.3827
vn 0.0000 1.0000 0.0000
vn 0.0000 1.0000 0.0000
vn 0.0000 1.0000 0.0000
vn 0.0000 1.0000 0.0000
vn 0.0000 1.0000 -0.0000
vn 0.0000 1.0000 0.0000
vn 0.0000 -1.0000 0.0000
vn 0.0000 -1.0000 0.0000
vn 0.0000 -1.0000 0.0000
vn -0.0000 -1.0000 0.0000
vn 0.0000 -1.0000 0.0000
vn 0.0000 -1.0000 0.0000
vn 0.7071 0.0000 0.7071
vn 0.7071 0.0000 0.7071
vn -0.7071 0.0000 0.7071
vn -0.7071 0.0000 0.7071
vn -0.7071 0.0000 -0.7071
vn -0.7071 -0.0000 -0.7071
vn 0.7071 0.0000 -0.7071
vn 0.7071 0.0000 -0.7071
vn 0.0000 1.0000 -0.0000
vn 0.0000 1.0000 0.0000
vn 0.0000 -1.0000 0.0000
vn -0.0000 -1.0000 0.0000
vn 0.0000 -1.0000 0.0000
vn -0.0000 -1.0000 0.0000
vn 0.0000 -1.0000 -0.0000
vn 0.0000 -1.0000 0.0000
vn 0.0000 -1.0000 0.0000
vn 0.0000 -1.0000 0.0000
vn 0.8660 0.0000 0.5000
vn 0.8660 0.0000 0.5000
vn 0.0000 0.0000 1.0000
vn 0.0000 0.0000 1.0000
vn -0.8660 0.0000 0.5000
vn -0.8660 0.0000 0.5000
vn -0.8660 0.0000 -0.5000
vn -0.8660 -0.0000 -0.5000
vn -0.0000 0.0000 -1.0000
vn -0.0000 -0.0000 -1.0000
vn 0.8660 0.0000 -0.5000
vn 0.8660 0.0000 -0.5000
vn 0.7519 0.4962 0.4341
vn 0.7519 0.4962 0.4341
vn 0.0000 0.4962 0.8682
vn 0.0000 0.4962 0.8682
vn -0.7519 0.4962 0.4341
vn -0.7519 0.4962 0.4341
vn -0.7519 0.4962 -0.4341
vn -0.7519 0.4962 -0.4341
vn 0.0000 0.4962 -0.8682
vn -0.0000 0.4962 -0.8682
vn 0.7519 0.4962 -0.4341
vn 0.7519 0.4962 -0.4341
vn 0.0000 1.0000 0.0000
vn 0.0000 1.0000 -0.0000
vn 0.0000 1.0000 0.0000
vn 0.0000 1.0000 0.0000
vn 0.0000 1.0000 0.0000
vn -0.0000 1.0000 0.0000
vn 0.8660 0.0000 0.5000
vn 0.8660 0.0000 0.5000
vn 0.0000 0.0000 1.0000
vn 0.0000 0.0000 1.0000
vn -0.8660 0.0000 0.5000
vn -0.8660 0.0000 0.5000
vn -0.8660 0.0000 -0.5000
vn -0.8660 -0.0000 -0.5000
vn 0.0000 0.0000 -1.0000
vn 0.0000 0.0000 -1.0000
vn 0.8660 0.0000 -0.5000
vn 0.8660 0.0000 -0.5000
vn 0.0000 1.0000 0.0000
vn 0.0000 1.0000 0.0000
vn 0.0000 1.0000 -0.0000
vn 0.0000 1.0000 0.0000
vn 0.0000 -1.0000 0.0000
vn 0.0000 -1.0000 0.0000
vn -0.0000 -1.0000 0.0000
vn 0.0000 -1.0000 0.0000
vn 0.8660 0.0000 0.5000
vn 0.8660 0.0000 0.5000
vn 0.0000 0.0000 1.0000
vn 0.0000 0.0000 1.0000
vn -0.8660 0.0000 0.5000
vn -0.8660 0.0000 0.5000
vn -0.8660 0.0000 -0.5000
vn -0.8660 -0.0000 -0.5000
vn -0.0000 0.0000 -1.0000
vn -0.0000 -0.0000 -1.0000
vn 0.8660 0.0000 -0.5000
vn 0.8660 0.0000 -0.5000
vn 0.0000 1.0000 0.0000
vn 0.0000 1.0000 0.0000
vn 0.0000 1.0000 -0.0000
vn 0.0000 1.0000 0.0000
vn 0.0000 -1.0000 0.0000
vn 0.0000 -1.0000 0.0000
vn -0.0000 -1.0000 0.0000
vn 0.0000 -1.0000 0.0000
vn 0.7071 0.0000 0.7071
vn 0.7071 0.0000 0.7071
vn -0.7071 0.0000 0.7071
vn -0.7071 0.0000 0.7071
vn -0.7071 0.0000 -0.7071
vn -0.7071 -0.0000 -0.7071
vn 0.7071 0.0000 -0.7071
vn 0.7071 0.0000 -0.7071
vn 0.0000 1.0000 -0.0000
vn 0.0000 1.0000 0.0000
vn 0.0000 -1.0000 0.0000
vn -0.0000 -1.0000 0.0000
vn 0.8660 0.0000 0.5000
vn 0.8660 0.0000 0.5000
vn 0.0000 0.0000 1.0000
vn 0.0000 0.0000 1.0000
vn -0.8660 0.0000 0.5000
vn -0.8660 0.0000 0.5000
vn -0.8660 0.0000 -0.5000
vn -0.8660 -0.0000 -0.5000
vn 0.0000 0.0000 -1.0000
vn 0.0000 0.0000 -1.0000
vn 0.8660 0.0000 -0.5000
vn 0.8660 0.0000 -0.5000
vn 0.0000 1.0000 0.0000
vn 0.0000 1.0000 0.0000
vn 0.0000 1.0000 -0.0000
vn 0.0000 1.0000 0.0000
vn 0.0000 -1.0000 0.0000
vn 0.0000 -1.0000 0.0000
vn -0.0000 -1.0000 0.0000
vn 0.0000 -1.0000 0.0000
vn 0.7071 0.0000 0.7071
vn 0.7071 0.0000 0.7071
vn -0.7071 0.0000 0.7071
vn -0.7071 0.0000 0.7071
vn -0.7071 0.0000 -0.7071
vn -0.7071 -0.0000 -0.7071
vn 0.7071 0.0000 -0.7071
vn 0.7071 0.0000 -0.7071
vn 0.0000 1.0000 -0.0000
vn 0.0000 1.0000 0.0000
vn 0.0000 -1.0000 0.0000
vn -0.0000 -1.0000 0.0000
vn 0.7071 0.0000 0.7071
vn 0.7071 0.0000 0.7071
vn -0.7071 0.0000 0.7071
vn -0.7071 0.0000 0.7071
vn -0.7071 0.0000 -0.7071
vn -0.7071 -0.0000 -0.7071
vn 0.7071 0.0000 -0.7071
vn 0.7071 0.0000 -0.7071
vn 0.0000 1.0000 -0.0000
vn 0.0000 1.0000 0.0000
vn 0.0000 -1.0000 0.0000
vn -0.0000 -1.0000 0.0000
vn 0.3354 0.9318 0.1389
vn 0.3354 0.9318 0.1389
vn 0.1389 0.9318 0.3354
vn 0.1389 0.9318 0.3354
vn -0.1389 0.9318 0.3354
vn -0.1389 0.9318 0.3354
vn -0.3354 0.9318 0.1389
vn -0.3354 0.9318 0.1389
vn -0.3354 0.9318 -0.1389
vn -0.3354 0.9318 -0.1389
vn -0.1389 0.9318 -0.3354
vn -0.1389 0.9318 -0.3354
vn 0.1389 0.9318 -0.3354
vn 0.1389 0.9318 -0.3354
vn 0.3354 0.9318 -0.1389
vn 0.3354 0.9318 -0.1389
vn 0.0000 1.0000 0.0000
vn 0.0000 1.0000 0.0000
vn 0.0000 1.0000 0.0000
vn 0.0000 1.0000 0.0000
vn 0.0000 1.0000 -0.0000
vn 0.0000 1.0000 0.0000
vn 0.0000 -1.0000 0.0000
vn 0.0000 -1.0000 0.0000
vn 0.0000 -1.0000 0.0000
vn -0.0000 -1.0000 0.0000
vn 0.0000 -1.0000 0.0000
vn 0.0000 -1.0000 0.0000
vn 0.9239 0.0000 0.3827
vn 0.9239 0.0000 0.3827
vn 0.3827 0.0000 0.9239
vn 0.3827 0.0000 0.9239
vn -0.3827 0.0000 0.9239
vn -0.3827 0.0000 0.9239
vn -0.9239 0.0000 0.3827
vn -0.9239 0.0000 0.3827
vn -0.9239 0.0000 -0.3827
vn -0.9239 -0.0000 -0.3827
vn -0.3827 0.0000 -0.9239
vn -0.3827 -0.0000 -0.9239
vn 0.3827 0.0000 -0.9239
vn 0.3827 0.0000 -0.9239
vn 0.9239 0.0000 -0.3827
vn 0.9239 0.0000 -0.3827
vn 0.8660 0.0000 0.5000
vn 0.8660 0.0000 0.5000
vn 0.0000 0.0000 1.0000
vn 0.0000 0.0000 1.0000
vn -0.8660 0.0000 0.5000
vn -0.8660 0.0000 0.5000
vn -0.8660 0.0000 -0.5000
vn -0.8660 -0.0000 -0.5000
vn 0.0000 0.0000 -1.0000
vn 0.0000 0.0000 -1.0000
vn 0.8660 0.0000 -0.5000
vn 0.8660 0.0000 -0.5000
vn 0.0000 1.0000 0.0000
vn 0.0000 1.0000 0.0000
vn 0.0000 1.0000 -0.0000
vn 0.0000 1.0000 0.0000
vn 0.0000 -1.0000 0.0000
vn 0.0000 -1.0000 0.0000
vn -0.0000 -1.0000 0.0000
vn 0.0000 -1.0000 0.0000
vn 0.8660 0.0000 0.5000
vn 0.8660 0.0000 0.5000
vn 0.0000 0.0000 1.0000
vn 0.0000 0.0000 1.0000
vn -0.8660 0.0000 0.5000
vn -0.8660 0.0000 0.5000
vn -0.8660 0.0000 -0.5000
vn -0.8660 -0.0000 -0.5000
vn 0.0000 0.0000 -1.0000
vn 0.0000 0.0000 -1.0000
vn 0.8660 0.0000 -0.5000
vn 0.8660 0.0000 -0.5000
vn 0.0000 1.0000 0.0000
vn 0.0000 1.0000 0.0000
vn 0.0000 1.0000 -0.0000
vn 0.0000 1.0000 0.0000
vn 0.0000 -1.0000 0.0000
vn 0.0000 -1.0000 0.0000
vn -0.0000 -1.0000 0.0000
vn 0.0000 -1.0000 0.0000
vn -0.0000 1.0000 0.0000
vn 0.0000 1.0000 0.0000
vn 0.0000 0.0000 -1.0000
vn 0.0000 0.0000 -1.0000
vn 1.0000 0.0000 -0.0000
vn 1.0000 0.0000 0.0000
vn 0.0000 0.0000 1.0000
vn 0.0000 0.0000 1.0000
vn -1.0000 0.0000 -0.0000
vn -1.0000 -0.0000 0.0000
vn 0.0000 -1.0000 0.0000
vn 0.0000 -1.0000 0.0000
vn -0.0000 1.0000 0.0000
vn 0.0000 1.0000 0.0000
vn 0.0000 0.0000 -1.0000
vn 0.0000 0.0000 -1.0000
vn 1.0000 0.0000 -0.0000
vn 1.0000 0.0000 0.0000
vn 0.0000 0.0000 1.0000
vn 0.0000 0.0000 1.0000
vn -1.0000 0.0000 -0.0000
vn -1.0000 -0.0000 0.0000
vn 0.0000 -1.0000 0.0000
vn 0.0000 -1.0000 0.0000
vn -0.0000 1.0000 0.0000
vn 0.0000 1.0000 0.0000
vn 0.0000 0.0000 -1.0000
vn 0.0000 0.0000 -1.0000
vn 1.0000 0.0000 -0.0000
vn 1.0000 0.0000 0.0000
vn 0.0000 0.0000 1.0000
vn 0.0000 0.0000 1.0000
vn -1.0000 0.0000 -0.0000
vn -1.0000 -0.0000 0.0000
vn 0.0000 -1.0000 0.0000
vn 0.0000 -1.0000 0.0000
vn 0.0000 0.0000 1.0000
vn 0.0000 0.0000 1.0000
vn 0.0000 0.0000 1.0000
vn -0.0000 0.0000 1.0000
vn 0.0000 0.0000 1.0000
vn 0.0000 0.0000 1.0000
vn 0.0000 0.0000 1.0000
vn 0.0000 0.0000 1.0000
vn 0.0000 0.0000 1.0000
vn 0.0000 0.0000 1.0000
vn 0.0000 -0.0000 1.0000
vn 0.0000 0.0000 1.0000
vn 0.0000 0.0000 1.0000
vn 0.0000 0.0000 1.0000
vn 0.0000 0.0000 1.0000
vn -0.0000 0.0000 1.0000
vn 0.0000 0.0000 1.0000
vn 0.0000 0.0000 1.0000
vn 0.0000 0.0000 1.0000
vn 0.0000 -0.0000 1.0000
vn 0.0000 0.0000 1.0000
vn -0.0000 0.0000 1.0000
vn 0.0000 0.0000 1.0000
vn 0.0000 0.0000 1.0000
vn 0.0000 -0.0000 1.0000
vn 0.0000 0.0000 1.0000
vn 0.0000 0.0000 1.0000
vn -0.0000 0.0000 1.0000
vn 0.0000 0.0000 1.0000
vn 0.0000 -0.0000 1.0000
vn 0.0000 0.0000 1.0000
vn 0.0000 0.0000 1.0000
vn 0.0000 0.0000 1.0000
vn 0.0000 -0.0000 1.0000
vn 0.0000 0.0000 1.0000
vn -0.0000 0.0000 1.0000
vn 0.0000 0.0000 1.0000
vn 0.0000 0.0000 1.0000
vn 0.0000 1.0000 0.0000
vn 0.0000 1.0000 0.0000
vn 0.0000 0.0000 1.0000
vn -0.0000 0.0000 1.0000
vn 0.0000 -1.0000 0.0000
vn 0.0000 -1.0000 0.0000
vn 0.0000 0.0000 -1.0000
vn 0.0000 0.0000 -1.0000
vn 1.0000 0.0000 -0.0000
vn 1.0000 0.0000 0.0000
vn 0.0000 0.0000 1.0000
vn 0.0000 0.0000 1.0000
vn -1.0000 0.0000 -0.0000
vn -1.0000 -0.0000 0.0000
vn 0.0000 0.0000 -1.0000
vn 0.0000 0.0000 -1.0000
vn 0.0000 -1.0000 0.0000
vn 0.0000 -1.0000 0.0000
vn 0.0000 0.0000 1.0000
vn 0.0000 0.0000 1.0000
vn 0.0000 1.0000 0.0000
vn 0.0000 1.0000 0.0000
vn 0.0000 -0.0000 -1.0000
vn -0.0000 0.0000 -1.0000
vn -1.0000 0.0000 0.0000
vn -1.0000 0.0000 0.0000
vn 0.0000 0.0000 1.0000
vn 0.0000 0.0000 1.0000
vn 1.0000 0.0000 0.0000
vn 1.0000 -0.0000 0.0000
vn -0.0000 0.0000 -1.0000
vn 0.0000 0.0000 -1.0000
vn 0.0000 1.0000 0.0000
vn 0.0000 1.0000 0.0000
vn 0.0000 0.0000 1.0000
vn -0.0000 0.0000 1.0000
vn 0.0000 -1.0000 0.0000
vn 0.0000 -1.0000 0.0000
vn 0.0000 0.0000 -1.0000
vn 0.0000 0.0000 -1.0000
vn 0.7451 -0.6670 0.0000
vn 0.7451 -0.6670 0.0000
vn 0.0000 0.0000 1.0000
vn 0.0000 0.0000 1.0000
vn -0.7451 0.6670 0.0000
vn -0.7451 0.6670 0.0000
vn 0.0000 -0.0000 -1.0000
vn 0.0000 0.0000 -1.0000
vn 1.0000 0.0000 -0.0000
vn 1.0000 0.0000 -0.0000
vn 0.0000 0.0000 1.0000
vn 0.0000 0.0000 1.0000
vn -1.0000 0.0000 -0.0000
vn -1.0000 -0.0000 0.0000
vn 0.0000 0.0000 -1.0000
vn 0.0000 0.0000 -1.0000
vn 0.3227 0.9465 -0.0000
vn 0.3227 0.9465 0.0000
vn 0.0000 0.0000 1.0000
vn 0.0000 0.0000 1.0000
vn -0.3227 -0.9465 -0.0000
vn -0.3227 -0.9465 0.0000
vn 0.0000 0.0000 -1.0000
vn 0.0000 0.0000 -1.0000
vn 0.0253 -0.9997 0.0000
vn 0.0253 -0.9997 0.0000
vn 0.0000 0.0000 -1.0000
vn 0.0000 0.0000 1.0000
vn 0.0410 0.9992 -0.0000
vn 0.0410 0.9992 0.0000
vn 0.0000 -0.0000 -1.0000
vn -0.0000 0.0000 -1.0000
vn -0.3749 0.9271 0.0000
vn -0.3749 0.9271 0.0000
vn 0.0000 0.0000 -1.0000
vn 0.0000 0.0000 1.0000
vn 0.2414 -0.9704 0.0000
vn 0.2414 -0.9704 0.0000
vn -0.0000 0.0000 -1.0000
vn 0.0000 0.0000 -1.0000
vn -1.0000 0.0000 0.0000
vn -1.0000 0.0000 0.0000
vn -0.0000 0.0000 1.0000
vn 0.0000 0.0000 1.0000
vn 1.0000 0.0000 0.0000
vn 1.0000 -0.0000 0.0000
vn 0.0000 0.0000 -1.0000
vn 0.0000 0.0000 -1.0000
vn -0.7451 -0.6670 0.0000
vn -0.7451 -0.6670 0.0000
vn 0.0000 -0.0000 1.0000
vn 0.0000 0.0000 1.0000
vn 0.7451 0.6670 0.0000
vn 0.7451 0.6670 0.0000
vn -0.0000 0.0000 -1.0000
vn 0.0000 0.0000 -1.0000
vn 0.0000 -0.0000 1.0000
vn 0.0000 0.0000 -1.0000
vn 0.6749 -0.7379 0.0000
vn 0.6749 -0.7379 0.0000
vn 0.0000 1.0000 0.0000
vn 0.0000 1.0000 0.0000
vn -0.6749 -0.7379 -0.0000
vn -0.6749 -0.7379 0.0000
vn -0.5369 0.4602 0.7071
vn -0.5369 0.4602 0.7071
vn 0.5369 -0.4602 0.7071
vn 0.5369 -0.4602 0.7071
vn 0.5369 -0.4602 -0.7071
vn 0.5369 -0.4602 -0.7071
vn -0.5369 0.4602 -0.7071
vn -0.5369 0.4602 -0.7071
vn -0.6508 -0.7593 0.0000
vn -0.6508 -0.7593 0.0000
vn 0.6508 0.7593 0.0000
vn 0.6508 0.7593 0.0000
vn 0.3065 -0.9434 0.1270
vn 0.1270 -0.9434 0.3065
vn -0.1270 -0.9434 0.3065
vn -0.3065 -0.9434 0.1270
vn -0.3065 -0.9434 -0.1270
vn -0.1270 -0.9434 -0.3065
vn 0.1270 -0.9434 -0.3065
vn 0.3065 -0.9434 -0.1270
vn 0.7671 -0.5573 0.3177
vn 0.7671 -0.5573 0.3177
vn 0.3177 -0.5573 0.7671
vn 0.3177 -0.5573 0.7671
vn -0.3177 -0.5573 0.7671
vn -0.3177 -0.5573 0.7671
vn -0.7671 -0.5573 0.3177
vn -0.7671 -0.5573 0.3177
vn -0.7671 -0.5573 -0.3177
vn -0.7671 -0.5573 -0.3177
vn -0.3177 -0.5573 -0.7671
vn -0.3177 -0.5573 -0.7671
vn 0.3177 -0.5573 -0.7671
vn 0.3177 -0.5573 -0.7671
vn 0.7671 -0.5573 -0.3177
vn 0.7671 -0.5573 -0.3177
vn 0.9239 -0.0000 0.3827
vn 0.9239 -0.0000 0.3827
vn 0.3827 0.0000 0.9239
vn 0.3827 -0.0000 0.9239
vn -0.3827 -0.0000 0.9239
vn -0.3827 0.0000 0.9239
vn -0.9239 -0.0000 0.3827
vn -0.9239 -0.0000 0.3827
vn -0.9239 -0.0000 -0.3827
vn -0.9239 -0.0000 -0.3827
vn -0.3827 0.0000 -0.9239
vn -0.3827 -0.0000 -0.9239
vn 0.3827 -0.0000 -0.9239
vn 0.3827 0.0000 -0.9239
vn 0.9239 -0.0000 -0.3827
vn 0.9239 -0.0000 -0.3827
vn 0.7671 0.5573 0.3177
vn 0.7671 0.5573 0.3177
vn 0.3177 0.5573 0.7671
vn 0.3177 0.5573 0.7671
vn -0.3177 0.5573 0.7671
vn -0.3177 0.5573 0.7671
vn -0.7671 0.5573 0.3177
vn -0.7671 0.5573 0.3177
vn -0.7671 0.5573 -0.3177
vn -0.7671 0.5573 -0.3177
vn -0.3177 0.5573 -0.7671
vn -0.3177 0.5573 -0.7671
vn 0.3177 0.5573 -0.7671
vn 0.3177 0.5573 -0.7671
vn 0.7671 0.5573 -0.3177
vn 0.7671 0.5573 -0.3177
vn 0.3065 0.9434 0.1270
vn 0.1270 0.9434 0.3065
vn -0.1270 0.9434 0.3065
vn -0.3065 0.9434 0.1270
vn -0.3065 0.9434 -0.1270
vn -0.1270 0.9434 -0.3065
vn 0.1270 0.9434 -0.3065
vn 0.3065 0.9434 -0.1270
vn 0.9239 -0.3827 0.0000
vn 0.9239 -0.3827 0.0000
vn 0.3827 -0.9239 0.0000
vn 0.3827 -0.9239 0.0000
vn -0.3827 -0.9239 0.0000
vn -0.3827 -0.9239 -0.0000
vn -0.9239 -0.3827 0.0000
vn -0.9239 -0.3827 -0.0000
vn -0.9239 0.3827 0.0000
vn -0.9239 0.3827 0.0000
vn -0.3827 0.9239 0.0000
vn -0.3827 0.9239 0.0000
vn 0.3827 0.9239 0.0000
vn 0.3827 0.9239 0.0000
vn 0.9239 0.3827 0.0000
vn 0.9239 0.3827 0.0000
vn 0.0000 0.0000 1.0000
vn 0.0000 0.0000 1.0000
vn 0.0000 0.0000 1.0000
vn 0.0000 0.0000 1.0000
vn 0.0000 0.0000 1.0000
vn 0.0000 0.0000 1.0000
vn 0.8660 -0.5000 0.0000
vn 0.8660 -0.5000 0.0000
vn -0.0000 -1.0000 0.0000
vn 0.0000 -1.0000 -0.0000
vn -0.8660 -0.5000 0.0000
vn -0.8660 -0.5000 -0.0000
vn -0.8660 0.5000 0.0000
vn -0.8660 0.5000 0.0000
vn -0.0000 1.0000 0.0000
vn 0.0000 1.0000 0.0000
vn 0.8660 0.5000 0.0000
vn 0.8660 0.5000 0.0000
vn 0.0000 0.0000 1.0000
vn 0.0000 0.0000 1.0000
vn 0.0000 0.0000 1.0000
vn 0.0000 0.0000 1.0000
vn 0.7071 0.0000 0.7071
vn 0.7071 0.0000 0.7071
vn -0.7071 0.0000 0.7071
vn -0.7071 0.0000 0.7071
vn -0.7071 0.0000 -0.7071
vn -0.7071 -0.0000 -0.7071
vn 0.7071 0.0000 -0.7071
vn 0.7071 0.0000 -0.7071
vn 0.0000 1.0000 -0.0000
vn 0.0000 1.0000 0.0000
vn 0.0000 -1.0000 0.0000
vn -0.0000 -1.0000 0.0000
vn -0.0000 1.0000 0.0000
vn 0.0000 1.0000 0.0000
vn 0.0000 0.0000 -1.0000
vn 0.0000 0.0000 -1.0000
vn 1.0000 0.0000 -0.0000
vn 1.0000 0.0000 0.0000
vn 0.0000 0.0000 1.0000
vn 0.0000 0.0000 1.0000
vn -1.0000 0.0000 -0.0000
vn -1.0000 -0.0000 0.0000
vn 0.0000 -1.0000 0.0000
vn 0.0000 -1.0000 0.0000
vn -0.0000 1.0000 0.0000
vn 0.0000 1.0000 0.0000
vn 0.0000 0.0000 -1.0000
vn 0.0000 0.0000 -1.0000
vn 1.0000 0.0000 -0.0000
vn 1.0000 0.0000 0.0000
vn 0.0000 0.0000 1.0000
vn 0.0000 0.0000 1.0000
vn -1.0000 0.0000 -0.0000
vn -1.0000 -0.0000 0.0000
vn 0.0000 -1.0000 0.0000
vn 0.0000 -1.0000 0.0000
vn -0.0000 1.0000 0.0000
vn 0.0000 1.0000 0.0000
vn 0.0000 0.0000 -1.0000
vn 0.0000 0.0000 -1.0000
vn 1.0000 0.0000 -0.0000
vn 1.0000 0.0000 0.0000
vn 0.0000 0.0000 1.0000
vn 0.0000 0.0000 1.0000
vn -1.0000 0.0000 -0.0000
vn -1.0000 -0.0000 0.0000
vn 0.0000 -1.0000 0.0000
vn 0.0000 -1.0000 0.0000
vn -0.0000 1.0000 0.0000
vn 0.0000 1.0000 0.0000
vn 0.0000 0.0000 -1.0000
vn 0.0000 0.0000 -1.0000
vn 1.0000 0.0000 -0.0000
vn 1.0000 0.0000 0.0000
vn 0.0000 0.0000 1.0000
vn 0.0000 0.0000 1.0000
vn -1.0000 0.0000 -0.0000
vn -1.0000 -0.0000 0.0000
vn 0.0000 -1.0000 0.0000
vn 0.0000 -1.0000 0.0000
vn 0.0000 0.0000 1.0000
vn 0.0000 -0.0000 -1.0000
vn 0.0000 -1.0000 0.0000
vn 0.0000 -1.0000 0.0000
vn 0.5547 0.8321 0.0000
vn 0.5547 0.8321 0.0000
vn -0.5547 0.8321 0.0000
vn -0.5547 0.8321 0.0000
vn -0.0000 1.0000 0.0000
vn 0.0000 1.0000 0.0000
vn 0.0000 0.0000 -1.0000
vn 0.0000 0.0000 -1.0000
vn 1.0000 0.0000 -0.0000
vn 1.0000 0.0000 0.0000
vn 0.0000 0.0000 1.0000
vn 0.0000 0.0000 1.0000
vn -1.0000 0.0000 -0.0000
vn -1.0000 -0.0000 0.0000
vn 0.0000 -1.0000 0.0000
vn 0.0000 -1.0000 0.0000
vn 0.0000 0.0000 1.0000
vn -0.0000 0.0000 1.0000
vn 0.0000 0.0000 1.0000
vn 0.0000 0.0000 1.0000
vn 0.0000 0.0000 1.0000
vn -0.0000 0.0000 1.0000
vn 0.0000 -0.0000 1.0000
vn 0.0000 0.0000 1.0000
vn 0.0000 -0.0000 1.0000
vn 0.0000 0.0000 1.0000
vn 0.0000 0.0000 1.0000
vn 0.0000 0.0000 1.0000
vn 0.0000 0.0000 1.0000
vn -0.0000 0.0000 1.0000
vn 0.0000 0.0000 1.0000
vn 0.0000 -0.0000 1.0000
vn 0.0000 0.0000 1.0000
vn -0.0000 0.0000 1.0000
vn 0.0000 0.0000 1.0000
vn 0.0000 0.0000 1.0000
vn 0.0000 0.0000 1.0000
vn 0.0000 0.0000 1.0000
vn 0.0000 0.0000 1.0000
vn 0.0000 0.0000 1.0000
vn -0.0000 1.0000 0.0000
vn 0.0000 1.0000 0.0000
vn 1.0000 0.0000 -0.0000
vn 1.0000 0.0000 0.0000
vn 0.0000 0.0000 1.0000
vn 0.0000 0.0000 1.0000
vn -1.0000 0.0000 -0.0000
vn -1.0000 -0.0000 0.0000
vn 0.0000 -1.0000 0.0000
vn 0.0000 -1.0000 0.0000
vn -0.0000 1.0000 0.0000
vn 0.0000 1.0000 0.0000
vn 0.0000 0.0000 -1.0000
vn 0.0000 0.0000 -1.0000
vn 1.0000 0.0000 -0.0000
vn 1.0000 0.0000 0.0000
vn 0.0000 0.0000 1.0000
vn 0.0000 0.0000 1.0000
vn -1.0000 0.0000 -0.0000
vn -1.0000 -0.0000 0.0000
vn 0.0000 -1.0000 0.0000
vn 0.0000 -1.0000 0.0000
vn 0.7071 0.0000 -0.7071
vn 0.7071 0.0000 -0.7071
vn -0.7071 0.0000 -0.7071
vn -0.7071 0.0000 -0.7071
vn -0.7071 0.0000 0.7071
vn -0.7071 0.0000 0.7071
vn 0.7071 0.0000 0.7071
vn 0.7071 -0.0000 0.7071
vn 0.0000 -1.0000 -0.0000
vn 0.0000 -1.0000 0.0000
vn 0.0000 1.0000 0.0000
vn 0.0000 1.0000 0.0000
vn 0.6270 0.6897 0.3620
vn 0.6270 0.6897 0.3620
vn 0.0000 0.6897 0.7240
vn 0.0000 0.6897 0.7240
vn -0.6270 0.6897 0.3620
vn -0.6270 0.6897 0.3620
vn -0.6270 0.6897 -0.3620
vn -0.6270 0.6897 -0.3620
vn 0.0000 0.6897 -0.7240
vn -0.0000 0.6897 -0.7240
vn 0.6270 0.6897 -0.3620
vn 0.6270 0.6897 -0.3620
vn 0.0000 1.0000 0.0000
vn 0.0000 1.0000 0.0000
vn 0.0000 1.0000 -0.0000
vn 0.0000 1.0000 0.0000
vn 0.0000 -1.0000 0.0000
vn 0.0000 -1.0000 0.0000
vn -0.0000 -1.0000 0.0000
vn 0.0000 -1.0000 0.0000
vn 0.8660 0.0000 0.5000
vn 0.8660 0.0000 0.5000
vn 0.0000 0.0000 1.0000
vn 0.0000 0.0000 1.0000
vn -0.8660 0.0000 0.5000
vn -0.8660 0.0000 0.5000
vn -0.8660 0.0000 -0.5000
vn -0.8660 -0.0000 -0.5000
vn 0.0000 0.0000 -1.0000
vn 0.0000 0.0000 -1.0000
vn 0.8660 0.0000 -0.5000
vn 0.8660 0.0000 -0.5000
vn 0.0000 1.0000 0.0000
vn 0.0000 1.0000 0.0000
vn 0.0000 1.0000 -0.0000
vn 0.0000 1.0000 0.0000
vn 0.0000 -1.0000 0.0000
vn 0.0000 -1.0000 0.0000
vn -0.0000 -1.0000 0.0000
vn 0.0000 -1.0000 0.0000
vn 0.8660 0.0000 0.5000
vn 0.8660 0.0000 0.5000
vn 0.0000 0.0000 1.0000
vn 0.0000 0.0000 1.0000
vn -0.8660 0.0000 0.5000
vn -0.8660 0.0000 0.5000
vn -0.8660 0.0000 -0.5000
vn -0.8660 -0.0000 -0.5000
vn 0.0000 0.0000 -1.0000
vn 0.0000 0.0000 -1.0000
vn 0.8660 0.0000 -0.5000
vn 0.8660 0.0000 -0.5000
vn 0.0000 1.0000 0.0000
vn 0.0000 1.0000 0.0000
vn 0.0000 1.0000 -0.0000
vn 0.0000 1.0000 0.0000
vn 0.0000 -1.0000 0.0000
vn 0.0000 -1.0000 0.0000
vn -0.0000 -1.0000 0.0000
vn 0.0000 -1.0000 0.0000
vn 0.7071 0.0000 -0.7071
vn 0.7071 0.0000 -0.7071
vn -0.7071 0.0000 -0.7071
vn -0.7071 0.0000 -0.7071
vn -0.7071 0.0000 0.7071
vn -0.7071 0.0000 0.7071
vn 0.7071 0.0000 0.7071
vn 0.7071 -0.0000 0.7071
vn 0.0000 -1.0000 -0.0000
vn 0.0000 -1.0000 0.0000
vn 0.0000 1.0000 0.0000
vn 0.0000 1.0000 0.0000
vn 0.6270 0.6897 0.3620
vn 0.6270 0.6897 0.3620
vn 0.0000 0.6897 0.7240
vn 0.0000 0.6897 0.7240
vn -0.6270 0.6897 0.3620
vn -0.6270 0.6897 0.3620
vn -0.6270 0.6897 -0.3620
vn -0.6270 0.6897 -0.3620
vn 0.0000 0.6897 -0.7240
vn -0.0000 0.6897 -0.7240
vn 0.6270 0.6897 -0.3620
vn 0.6270 0.6897 -0.3620
vn 0.0000 1.0000 0.0000
vn 0.0000 1.0000 0.0000
vn 0.0000 1.0000 -0.0000
vn 0.0000 1.0000 0.0000
vn 0.0000 -1.0000 0.0000
vn 0.0000 -1.0000 0.0000
vn -0.0000 -1.0000 0.0000
vn 0.0000 -1.0000 0.0000
vn 0.8660 0.0000 0.5000
vn 0.8660 0.0000 0.5000
vn 0.0000 0.0000 1.0000
vn 0.0000 0.0000 1.0000
vn -0.8660 0.0000 0.5000
vn -0.8660 0.0000 0.5000
vn -0.8660 0.0000 -0.5000
vn -0.8660 -0.0000 -0.5000
vn 0.0000 0.0000 -1.0000
vn 0.0000 0.0000 -1.0000
vn 0.8660 0.0000 -0.5000
vn 0.8660 0.0000 -0.5000
vn 0.0000 1.0000 0.0000
vn 0.0000 1.0000 0.0000
vn 0.0000 1.0000 -0.0000
vn 0.0000 1.0000 0.0000
vn 0.0000 -1.0000 0.0000
vn 0.0000 -1.0000 0.0000
vn -0.0000 -1.0000 0.0000
vn 0.0000 -1.0000 0.0000
vn 0.8660 0.0000 0.5000
vn 0.8660 0.0000 0.5000
vn 0.0000 0.0000 1.0000
vn 0.0000 0.0000 1.0000
vn -0.8660 0.0000 0.5000
vn -0.8660 0.0000 0.5000
vn -0.8660 0.0000 -0.5000
vn -0.8660 -0.0000 -0.5000
vn 0.0000 0.0000 -1.0000
vn 0.0000 0.0000 -1.0000
vn 0.8660 0.0000 -0.5000
vn 0.8660 0.0000 -0.5000
vn 0.0000 1.0000 0.0000
vn 0.0000 1.0000 0.0000
vn 0.0000 1.0000 -0.0000
vn 0.0000 1.0000 0.0000
vn 0.0000 -1.0000 0.0000
vn 0.0000 -1.0000 0.0000
vn -0.0000 -1.0000 0.0000
vn 0.0000 -1.0000 0.0000
vn -0.0698 0.9976 0.0000
vn -0.0698 0.9976 0.0000
vn 0.0000 0.0000 -1.0000
vn 0.0000 0.0000 -1.0000
vn 0.9976 0.0698 -0.0000
vn 0.9976 0.0698 0.0000
vn 0.0000 0.0000 1.0000
vn 0.0000 0.0000 1.0000
vn -0.9976 -0.0698 -0.0000
vn -0.9976 -0.0698 0.0000
vn 0.0698 -0.9976 0.0000
vn 0.0698 -0.9976 0.0000
vn 0.0000 0.0000 1.0000
vn 0.0000 -0.0000 1.0000
vn 0.0000 0.0000 1.0000
vn -0.0000 0.0000 1.0000
vn 0.0000 0.0000 1.0000
vn 0.0000 0.0000 1.0000
vn 0.2847 -0.4932 0.8220
vn 0.0000 -0.2873 0.9578
vn -0.2847 -0.4932 0.8220
vn -0.2847 -0.4932 -0.8220
vn 0.0000 -0.2873 -0.9578
vn 0.2847 -0.4932 -0.8220
vn 0.3273 0.0000 0.9449
vn 0.3273 -0.0000 0.9449
vn 0.0000 0.0000 1.0000
vn 0.0000 0.0000 1.0000
vn -0.3273 -0.0000 0.9449
vn -0.3273 -0.0000 0.9449
vn -0.3273 -0.0000 -0.9449
vn -0.3273 -0.0000 -0.9449
vn 0.0000 0.0000 -1.0000
vn 0.0000 0.0000 -1.0000
vn 0.3273 -0.0000 -0.9449
vn 0.3273 0.0000 -0.9449
vn 0.2847 0.4932 0.8220
vn 0.0000 0.2873 0.9578
vn -0.2847 0.4932 0.8220
vn -0.2847 0.4932 -0.8220
vn 0.0000 0.2873 -0.9578
vn 0.2847 0.4932 -0.8220
vn -0.0000 1.0000 0.0000
vn 0.0000 1.0000 0.0000
vn 0.0000 0.0000 -1.0000
vn 0.0000 0.0000 -1.0000
vn 1.0000 0.0000 -0.0000
vn 1.0000 0.0000 0.0000
vn 0.0000 0.0000 1.0000
vn 0.0000 0.0000 1.0000
vn -1.0000 0.0000 -0.0000
vn -1.0000 -0.0000 0.0000
vn 0.0000 -1.0000 0.0000
vn 0.0000 -1.0000 0.0000
vn -0.0000 1.0000 0.0000
vn 0.0000 1.0000 0.0000
vn 0.0000 0.0000 -1.0000
vn 0.0000 0.0000 -1.0000
vn 1.0000 0.0000 -0.0000
vn 1.0000 0.0000 0.0000
vn 0.0000 0.0000 1.0000
vn 0.0000 0.0000 1.0000
vn -1.0000 0.0000 -0.0000
vn -1.0000 -0.0000 0.0000
vn -0.0000 1.0000 0.0000
vn 0.0000 1.0000 0.0000
vn 0.0000 0.0000 -1.0000
vn 0.0000 0.0000 -1.0000
vn 1.0000 0.0000 -0.0000
vn 1.0000 0.0000 0.0000
vn 0.0000 0.0000 1.0000
vn 0.0000 0.0000 1.0000
vn -1.0000 0.0000 -0.0000
vn -1.0000 -0.0000 0.0000
vn -0.0000 1.0000 0.0000
vn 0.0000 1.0000 0.0000
vn 0.0000 0.0000 -1.0000
vn 0.0000 0.0000 -1.0000
vn 1.0000 0.0000 -0.0000
vn 1.0000 0.0000 0.0000
vn 0.0000 0.0000 1.0000
vn 0.0000 0.0000 1.0000
vn -1.0000 0.0000 -0.0000
vn -1.0000 -0.0000 0.0000
vn -0.0000 1.0000 0.0000
vn 0.0000 1.0000 0.0000
vn 0.0000 0.0000 -1.0000
vn 0.0000 0.0000 -1.0000
vn 1.0000 0.0000 -0.0000
vn 1.0000 0.0000 0.0000
vn 0.0000 0.0000 1.0000
vn 0.0000 0.0000 1.0000
vn -1.0000 0.0000 -0.0000
vn -1.0000 -0.0000 0.0000
vn -0.0000 1.0000 0.0000
vn 0.0000 1.0000 0.0000
vn 0.0000 0.0000 -1.0000
vn 0.0000 0.0000 -1.0000
vn 1.0000 0.0000 -0.0000
vn 1.0000 0.0000 0.0000
vn 0.0000 0.0000 1.0000
vn 0.0000 0.0000 1.0000
vn -1.0000 0.0000 -0.0000
vn -1.0000 -0.0000 0.0000
vn -0.0000 1.0000 0.0000
vn 0.0000 1.0000 0.0000
vn 0.0000 0.0000 -1.0000
vn 0.0000 0.0000 -1.0000
vn 1.0000 0.0000 -0.0000
vn 1.0000 0.0000 0.0000
vn 0.0000 0.0000 1.0000
vn 0.0000 0.0000 1.0000
vn -1.0000 0.0000 -0.0000
vn -1.0000 -0.0000 0.0000
vn 0.0000 -1.0000 0.0000
vn 0.0000 -1.0000 0.0000
vn -0.0000 1.0000 0.0000
vn 0.0000 1.0000 0.0000
vn 0.0000 0.0000 -1.0000
vn 0.0000 0.0000 -1.0000
vn 1.0000 0.0000 -0.0000
vn 1.0000 0.0000 0.0000
vn 0.0000 0.0000 1.0000
vn 0.0000 0.0000 1.0000
vn -1.0000 0.0000 -0.0000
vn -1.0000 -0.0000 0.0000
vn 0.0000 -1.0000 0.0000
vn 0.0000 -1.0000 0.0000
vn 0.8837 -0.2916 0.3660
vn 0.8837 -0.2916 0.3660
vn 0.3660 -0.2916 0.8837
vn 0.3660 -0.2916 0.8837
vn -0.3660 -0.2916 0.8837
vn -0.3660 -0.2916 0.8837
vn -0.8837 -0.2916 0.3660
vn -0.8837 -0.2916 0.3660
vn -0.8837 -0.2916 -0.3660
vn -0.8837 -0.2916 -0.3660
vn -0.3660 -0.2916 -0.8837
vn -0.3660 -0.2916 -0.8837
vn 0.3660 -0.2916 -0.8837
vn 0.3660 -0.2916 -0.8837
vn 0.8837 -0.2916 -0.3660
vn 0.8837 -0.2916 -0.3660
vn 0.0000 1.0000 0.0000
vn 0.0000 1.0000 0.0000
vn 0.0000 1.0000 0.0000
vn 0.0000 1.0000 0.0000
vn 0.0000 1.0000 -0.0000
vn 0.0000 1.0000 0.0000
vn 0.0000 -1.0000 0.0000
vn 0.0000 -1.0000 0.0000
vn 0.0000 -1.0000 0.0000
vn -0.0000 -1.0000 0.0000
vn 0.0000 -1.0000 0.0000
vn 0.0000 -1.0000 0.0000
vn 0.9239 0.0000 0.3827
vn 0.9239 0.0000 0.3827
vn 0.3827 0.0000 0.9239
vn 0.3827 0.0000 0.9239
vn -0.3827 0.0000 0.9239
vn -0.3827 0.0000 0.9239
vn -0.9239 0.0000 0.3827
vn -0.9239 0.0000 0.3827
vn -0.9239 0.0000 -0.3827
vn -0.9239 -0.0000 -0.3827
vn -0.3827 0.0000 -0.9239
vn -0.3827 -0.0000 -0.9239
vn 0.3827 0.0000 -0.9239
vn 0.3827 0.0000 -0.9239
vn 0.9239 0.0000 -0.3827
vn 0.9239 0.0000 -0.3827
vn 0.0000 1.0000 0.0000
vn 0.0000 1.0000 0.0000
vn 0.0000 1.0000 0.0000
vn 0.0000 1.0000 0.0000
vn 0.0000 1.0000 -0.0000
vn 0.0000 1.0000 0.0000
vn 0.0000 -1.0000 0.0000
vn 0.0000 -1.0000 0.0000
vn 0.0000 -1.0000 0.0000
vn -0.0000 -1.0000 0.0000
vn 0.0000 -1.0000 0.0000
vn 0.0000 -1.0000 0.0000
vn -0.0000 1.0000 0.0000
vn 0.0000 1.0000 0.0000
vn 0.0000 0.0000 -1.0000
vn 0.0000 0.0000 -1.0000
vn 1.0000 0.0000 -0.0000
vn 1.0000 0.0000 0.0000
vn 0.0000 0.0000 1.0000
vn 0.0000 0.0000 1.0000
vn -1.0000 0.0000 -0.0000
vn -1.0000 -0.0000 0.0000
vn 0.0000 -1.0000 0.0000
vn 0.0000 -1.0000 0.0000
vn 0.8837 -0.2916 0.3660
vn 0.8837 -0.2916 0.3660
vn 0.3660 -0.2916 0.8837
vn 0.3660 -0.2916 0.8837
vn -0.3660 -0.2916 0.8837
vn -0.3660 -0.2916 0.8837
vn -0.8837 -0.2916 0.3660
vn -0.8837 -0.2916 0.3660
vn -0.8837 -0.2916 -0.3660
vn -0.8837 -0.2916 -0.3660
vn -0.3660 -0.2916 -0.8837
vn -0.3660 -0.2916 -0.8837
vn 0.3660 -0.2916 -0.8837
vn 0.3660 -0.2916 -0.8837
vn 0.8837 -0.2916 -0.3660
vn 0.8837 -0.2916 -0.3660
vn 0.0000 1.0000 0.0000
vn 0.0000 1.0000 0.0000
vn 0.0000 1.0000 0.0000
vn 0.0000 1.0000 0.0000
vn 0.0000 1.0000 -0.0000
vn 0.0000 1.0000 0.0000
vn 0.0000 -1.0000 0.0000
vn 0.0000 -1.0000 0.0000
vn 0.0000 -1.0000 0.0000
vn -0.0000 -1.0000 0.0000
vn 0.0000 -1.0000 0.0000
vn 0.0000 -1.0000 0.0000
vn 0.9239 0.0000 0.3827
vn 0.9239 0.0000 0.3827
vn 0.3827 0.0000 0.9239
vn 0.3827 0.0000 0.9239
vn -0.3827 0.0000 0.9239
vn -0.3827 0.0000 0.9239
vn -0.9239 0.0000 0.3827
vn -0.9239 0.0000 0.3827
vn -0.9239 0.0000 -0.3827
vn -0.9239 -0.0000 -0.3827
vn -0.3827 0.0000 -0.9239
vn -0.3827 -0.0000 -0.9239
vn 0.3827 0.0000 -0.9239
vn 0.3827 0.0000 -0.9239
vn 0.9239 0.0000 -0.3827
vn 0.9239 0.0000 -0.3827
vn 0.0000 1.0000 0.0000
vn 0.0000 1.0000 0.0000
vn 0.0000 1.0000 0.0000
vn 0.0000 1.0000 0.0000
vn 0.0000 1.0000 -0.0000
vn 0.0000 1.0000 0.0000
vn 0.0000 -1.0000 0.0000
vn 0.0000 -1.0000 0.0000
vn 0.0000 -1.0000 0.0000
vn -0.0000 -1.0000 0.0000
vn 0.0000 -1.0000 0.0000
vn 0.0000 -1.0000 0.0000
vn -0.0000 1.0000 0.0000
vn 0.0000 1.0000 0.0000
vn 0.0000 0.0000 -1.0000
vn 0.0000 0.0000 -1.0000
vn 1.0000 0.0000 -0.0000
vn 1.0000 0.0000 0.0000
vn 0.0000 0.0000 1.0000
vn 0.0000 0.0000 1.0000
vn -1.0000 0.0000 -0.0000
vn -1.0000 -0.0000 0.0000
vn 0.0000 -1.0000 0.0000
vn 0.0000 -1.0000 0.0000
vn 0.0000 -1.0000 0.0000
vn -0.0000 -1.0000 0.0000
vn 0.0000 -1.0000 -0.0000
vn 0.0000 -1.0000 -0.0000
vn 0.0000 -1.0000 0.0000
vn 0.0000 -1.0000 0.0000
vn 0.0000 -1.0000 0.0000
vn 0.0000 -1.0000 0.0000
vn 0.9109 -0.1674 0.3773
vn 0.9109 -0.1674 0.3773
vn 0.3773 -0.1674 0.9109
vn 0.3773 -0.1674 0.9109
vn -0.3773 -0.1674 0.9109
vn -0.3773 -0.1674 0.9109
vn -0.9109 -0.1674 0.3773
vn -0.9109 -0.1674 0.3773
vn -0.9109 -0.1674 -0.3773
vn -0.9109 -0.1674 -0.3773
vn -0.3773 -0.1674 -0.9109
vn -0.3773 -0.1674 -0.9109
vn 0.3773 -0.1674 -0.9109
vn 0.3773 -0.1674 -0.9109
vn 0.9109 -0.1674 -0.3773
vn 0.9109 -0.1674 -0.3773
vn 0.9239 0.0000 0.3827
vn 0.9239 0.0000 0.3827
vn 0.3827 0.0000 0.9239
vn 0.3827 0.0000 0.9239
vn -0.3827 0.0000 0.9239
vn -0.3827 0.0000 0.9239
vn -0.9239 0.0000 0.3827
vn -0.9239 0.0000 0.3827
vn -0.9239 0.0000 -0.3827
vn -0.9239 -0.0000 -0.3827
vn -0.3827 0.0000 -0.9239
vn -0.3827 -0.0000 -0.9239
vn 0.3827 0.0000 -0.9239
vn 0.3827 0.0000 -0.9239
vn 0.9239 0.0000 -0.3827
vn 0.9239 0.0000 -0.3827
vn 0.9109 0.1674 0.3773
vn 0.9109 0.1674 0.3773
vn 0.3773 0.1674 0.9109
vn 0.3773 0.1674 0.9109
vn -0.3773 0.1674 0.9109
vn -0.3773 0.1674 0.9109
vn -0.9109 0.1674 0.3773
vn -0.9109 0.1674 0.3773
vn -0.9109 0.1674 -0.3773
vn -0.9109 0.1674 -0.3773
vn -0.3773 0.1674 -0.9109
vn -0.3773 0.1674 -0.9109
vn 0.3773 0.1674 -0.9109
vn 0.3773 0.1674 -0.9109
vn 0.9109 0.1674 -0.3773
vn 0.9109 0.1674 -0.3773
vn 0.0000 1.0000 0.0000
vn 0.0000 1.0000 0.0000
vn 0.0000 1.0000 -0.0000
vn 0.0000 1.0000 0.0000
vn 0.0000 1.0000 0.0000
vn 0.0000 1.0000 0.0000
vn 0.0000 1.0000 0.0000
vn -0.0000 1.0000 0.0000
vn 0.9022 -0.2152 0.3737
vn 0.9022 -0.2152 0.3737
vn 0.3737 -0.2152 0.9022
vn 0.3737 -0.2152 0.9022
vn -0.3737 -0.2152 0.9022
vn -0.3737 -0.2152 0.9022
vn -0.9022 -0.2152 0.3737
vn -0.9022 -0.2152 0.3737
vn -0.9022 -0.2152 -0.3737
vn -0.9022 -0.2152 -0.3737
vn -0.3737 -0.2152 -0.9022
vn -0.3737 -0.2152 -0.9022
vn 0.3737 -0.2152 -0.9022
vn 0.3737 -0.2152 -0.9022
vn 0.9022 -0.2152 -0.3737
vn 0.9022 -0.2152 -0.3737
vn 0.9022 0.2152 0.3737
vn 0.9022 0.2152 0.3737
vn 0.3737 0.2152 0.9022
vn 0.3737 0.2152 0.9022
vn -0.3737 0.2152 0.9022
vn -0.3737 0.2152 0.9022
vn -0.9022 0.2152 0.3737
vn -0.9022 0.2152 0.3737
vn -0.9022 0.2152 -0.3737
vn -0.9022 0.2152 -0.3737
vn -0.3737 0.2152 -0.9022
vn -0.3737 0.2152 -0.9022
vn 0.3737 0.2152 -0.9022
vn 0.3737 0.2152 -0.9022
vn 0.9022 0.2152 -0.3737
vn 0.9022 0.2152 -0.3737
vn 0.0000 -1.0000 0.0000
vn -0.0000 -1.0000 0.0000
vn 0.0000 -1.0000 -0.0000
vn 0.0000 -1.0000 -0.0000
vn 0.0000 -1.0000 0.0000
vn 0.0000 -1.0000 0.0000
vn 0.0000 -1.0000 0.0000
vn 0.0000 -1.0000 0.0000
vn 0.9110 -0.1663 0.3774
vn 0.9110 -0.1663 0.3774
vn 0.3774 -0.1663 0.9110
vn 0.3774 -0.1663 0.9110
vn -0.3774 -0.1663 0.9110
vn -0.3774 -0.1663 0.9110
vn -0.9110 -0.1663 0.3774
vn -0.9110 -0.1663 0.3774
vn -0.9110 -0.1663 -0.3774
vn -0.9110 -0.1663 -0.3774
vn -0.3774 -0.1663 -0.9110
vn -0.3774 -0.1663 -0.9110
vn 0.3774 -0.1663 -0.9110
vn 0.3774 -0.1663 -0.9110
vn 0.9110 -0.1663 -0.3774
vn 0.9110 -0.1663 -0.3774
vn 0.9239 0.0000 0.3827
vn 0.9239 0.0000 0.3827
vn 0.3827 0.0000 0.9239
vn 0.3827 0.0000 0.9239
vn -0.3827 0.0000 0.9239
vn -0.3827 0.0000 0.9239
vn -0.9239 0.0000 0.3827
vn -0.9239 0.0000 0.3827
vn -0.9239 0.0000 -0.3827
vn -0.9239 -0.0000 -0.3827
vn -0.3827 0.0000 -0.9239
vn -0.3827 -0.0000 -0.9239
vn 0.3827 0.0000 -0.9239
vn 0.3827 0.0000 -0.9239
vn 0.9239 0.0000 -0.3827
vn 0.9239 0.0000 -0.3827
vn 0.9110 0.1663 0.3774
vn 0.9110 0.1663 0.3774
vn 0.3774 0.1663 0.9110
vn 0.3774 0.1663 0.9110
vn -0.3774 0.1663 0.9110
vn -0.3774 0.1663 0.9110
vn -0.9110 0.1663 0.3774
vn -0.9110 0.1663 0.3774
vn -0.9110 0.1663 -0.3774
vn -0.9110 0.1663 -0.3774
vn -0.3774 0.1663 -0.9110
vn -0.3774 0.1663 -0.9110
vn 0.3774 0.1663 -0.9110
vn 0.3774 0.1663 -0.9110
vn 0.9110 0.1663 -0.3774
vn 0.9110 0.1663 -0.3774
vn 0.0000 1.0000 0.0000
vn 0.0000 1.0000 0.0000
vn 0.0000 1.0000 -0.0000
vn 0.0000 1.0000 0.0000
vn 0.0000 1.0000 0.0000
vn 0.0000 1.0000 0.0000
vn 0.0000 1.0000 0.0000
vn -0.0000 1.0000 0.0000
vn 0.9025 -0.2139 0.3738
vn 0.9025 -0.2139 0.3738
vn 0.3738 -0.2139 0.9025
vn 0.3738 -0.2139 0.9025
vn -0.3738 -0.2139 0.9025
vn -0.3738 -0.2139 0.9025
vn -0.9025 -0.2139 0.3738
vn -0.9025 -0.2139 0.3738
vn -0.9025 -0.2139 -0.3738
vn -0.9025 -0.2139 -0.3738
vn -0.3738 -0.2139 -0.9025
vn -0.3738 -0.2139 -0.9025
vn 0.3738 -0.2139 -0.9025
vn 0.3738 -0.2139 -0.9025
vn 0.9025 -0.2139 -0.3738
vn 0.9025 -0.2139 -0.3738
vn 0.9025 0.2139 0.3738
vn 0.9025 0.2139 0.3738
vn 0.3738 0.2139 0.9025
vn 0.3738 0.2139 0.9025
vn -0.3738 0.2139 0.9025
vn -0.3738 0.2139 0.9025
vn -0.9025 0.2139 0.3738
vn -0.9025 0.2139 0.3738
vn -0.9025 0.2139 -0.3738
vn -0.9025 0.2139 -0.3738
vn -0.3738 0.2139 -0.9025
vn -0.3738 0.2139 -0.9025
vn 0.3738 0.2139 -0.9025
vn 0.3738 0.2139 -0.9025
vn 0.9025 0.2139 -0.3738
vn 0.9025 0.2139 -0.3738
vn 0.9239 0.0000 0.3827
vn 0.9239 0.0000 0.3827
vn 0.3827 0.0000 0.9239
vn 0.3827 0.0000 0.9239
vn -0.3827 0.0000 0.9239
vn -0.3827 0.0000 0.9239
vn -0.9239 0.0000 0.3827
vn -0.9239 0.0000 0.3827
vn -0.9239 0.0000 -0.3827
vn -0.9239 -0.0000 -0.3827
vn -0.3827 0.0000 -0.9239
vn -0.3827 -0.0000 -0.9239
vn 0.3827 0.0000 -0.9239
vn 0.3827 0.0000 -0.9239
vn 0.9239 0.0000 -0.3827
vn 0.9239 0.0000 -0.3827
vn 0.0000 1.0000 0.0000
vn 0.0000 1.0000 0.0000
vn 0.0000 1.0000 0.0000
vn 0.0000 1.0000 0.0000
vn 0.0000 1.0000 -0.0000
vn 0.0000 1.0000 0.0000
vn 0.0000 1.0000 0.0000
vn 0.0000 1.0000 0.0000
vn -0.1736 0.0000 -0.9848
vn -0.1736 -0.0000 -0.9848
vn 0.9848 0.0000 -0.1736
vn 0.9848 0.0000 -0.1736
vn 0.1736 0.0000 0.9848
vn 0.1736 0.0000 0.9848
vn -0.9848 0.0000 0.1736
vn -0.9848 0.0000 0.1736
vn 0.0000 -1.0000 0.0000
vn 0.0000 -1.0000 0.0000
vn 0.0000 -1.0000 0.0000
vn -0.0000 -1.0000 0.0000
vn 0.0000 -1.0000 -0.0000
vn 0.0000 -1.0000 0.0000
vn 0.0000 -1.0000 0.0000
vn 0.0000 -1.0000 0.0000
vn 0.8660 0.0000 0.5000
vn 0.8660 0.0000 0.5000
vn 0.0000 0.0000 1.0000
vn 0.0000 0.0000 1.0000
vn -0.8660 0.0000 0.5000
vn -0.8660 0.0000 0.5000
vn -0.8660 0.0000 -0.5000
vn -0.8660 -0.0000 -0.5000
vn 0.0000 0.0000 -1.0000
vn 0.0000 0.0000 -1.0000
vn 0.8660 0.0000 -0.5000
vn 0.8660 0.0000 -0.5000
vn 0.7519 0.4962 0.4341
vn 0.7519 0.4962 0.4341
vn 0.0000 0.4962 0.8682
vn 0.0000 0.4962 0.8682
vn -0.7519 0.4962 0.4341
vn -0.7519 0.4962 0.4341
vn -0.7519 0.4962 -0.4341
vn -0.7519 0.4962 -0.4341
vn 0.0000 0.4962 -0.8682
vn 0.0000 0.4962 -0.8682
vn 0.7519 0.4962 -0.4341
vn 0.7519 0.4962 -0.4341
vn 0.0000 1.0000 0.0000
vn 0.0000 1.0000 -0.0000
vn 0.0000 1.0000 0.0000
vn 0.0000 1.0000 0.0000
vn 0.0000 1.0000 0.0000
vn -0.0000 1.0000 0.0000
vn 0.8660 0.0000 0.5000
vn 0.8660 0.0000 0.5000
vn 0.0000 0.0000 1.0000
vn 0.0000 0.0000 1.0000
vn -0.8660 0.0000 0.5000
vn -0.8660 0.0000 0.5000
vn -0.8660 0.0000 -0.5000
vn -0.8660 -0.0000 -0.5000
vn 0.0000 0.0000 -1.0000
vn 0.0000 0.0000 -1.0000
vn 0.8660 0.0000 -0.5000
vn 0.8660 0.0000 -0.5000
vn 0.0000 1.0000 0.0000
vn 0.0000 1.0000 0.0000
vn 0.0000 1.0000 -0.0000
vn 0.0000 1.0000 0.0000
vn 0.0000 -1.0000 0.0000
vn 0.0000 -1.0000 0.0000
vn -0.0000 -1.0000 0.0000
vn 0.0000 -1.0000 0.0000
vn 0.0000 -1.0000 0.0000
vn -0.0000 -1.0000 0.0000
vn 0.0000 -1.0000 -0.0000
vn 0.0000 -1.0000 0.0000
vn 0.0000 -1.0000 0.0000
vn 0.0000 -1.0000 0.0000
vn 0.8660 0.0000 0.5000
vn 0.8660 0.0000 0.5000
vn 0.0000 0.0000 1.0000
vn 0.0000 0.0000 1.0000
vn -0.8660 0.0000 0.5000
vn -0.8660 0.0000 0.5000
vn -0.8660 0.0000 -0.5000
vn -0.8660 -0.0000 -0.5000
vn 0.0000 0.0000 -1.0000
vn 0.0000 0.0000 -1.0000
vn 0.8660 0.0000 -0.5000
vn 0.8660 0.0000 -0.5000
vn 0.7519 0.4962 0.4341
vn 0.7519 0.4962 0.4341
vn 0.0000 0.4962 0.8682
vn 0.0000 0.4962 0.8682
vn -0.7519 0.4962 0.4341
vn -0.7519 0.4962 0.4341
vn -0.7519 0.4962 -0.4341
vn -0.7519 0.4962 -0.4341
vn 0.0000 0.4962 -0.8682
vn 0.0000 0.4962 -0.8682
vn 0.7519 0.4962 -0.4341
vn 0.7519 0.4962 -0.4341
vn 0.0000 1.0000 0.0000
vn 0.0000 1.0000 -0.0000
vn 0.0000 1.0000 0.0000
vn 0.0000 1.0000 0.0000
vn 0.0000 1.0000 0.0000
vn -0.0000 1.0000 0.0000
vn 0.8660 0.0000 0.5000
vn 0.8660 0.0000 0.5000
vn 0.0000 0.0000 1.0000
vn 0.0000 0.0000 1.0000
vn -0.8660 0.0000 0.5000
vn -0.8660 0.0000 0.5000
vn -0.8660 0.0000 -0.5000
vn -0.8660 -0.0000 -0.5000
vn 0.0000 0.0000 -1.0000
vn 0.0000 0.0000 -1.0000
vn 0.8660 0.0000 -0.5000
vn 0.8660 0.0000 -0.5000
vn 0.0000 1.0000 0.0000
vn 0.0000 1.0000 0.0000
vn 0.0000 1.0000 -0.0000
vn 0.0000 1.0000 0.0000
vn 0.0000 -1.0000 0.0000
vn 0.0000 -1.0000 0.0000
vn -0.0000 -1.0000 0.0000
vn 0.0000 -1.0000 0.0000
vn 0.0000 -1.0000 0.0000
vn -0.0000 -1.0000 0.0000
vn 0.0000 -1.0000 -0.0000
vn 0.0000 -1.0000 0.0000
vn 0.0000 -1.0000 0.0000
vn 0.0000 -1.0000 0.0000
vn 0.8660 0.0000 0.5000
vn 0.8660 0.0000 0.5000
vn 0.0000 0.0000 1.0000
vn 0.0000 0.0000 1.0000
vn -0.8660 0.0000 0.5000
vn -0.8660 0.0000 0.5000
vn -0.8660 0.0000 -0.5000
vn -0.8660 -0.0000 -0.5000
vn 0.0000 0.0000 -1.0000
vn 0.0000 0.0000 -1.0000
vn 0.8660 0.0000 -0.5000
vn 0.8660 0.0000 -0.5000
vn 0.7519 0.4962 0.4341
vn 0.7519 0.4962 0.4341
vn 0.0000 0.4962 0.8682
vn 0.0000 0.4962 0.8682
vn -0.7519 0.4962 0.4341
vn -0.7519 0.4962 0.4341
vn -0.7519 0.4962 -0.4341
vn -0.7519 0.4962 -0.4341
vn 0.0000 0.4962 -0.8682
vn 0.0000 0.4962 -0.8682
vn 0.7519 0.4962 -0.4341
vn 0.7519 0.4962 -0.4341
vn 0.0000 1.0000 0.0000
vn 0.0000 1.0000 -0.0000
vn 0.0000 1.0000 0.0000
vn 0.0000 1.0000 0.0000
vn 0.0000 1.0000 0.0000
vn -0.0000 1.0000 0.0000
vn 0.8660 0.0000 0.5000
vn 0.8660 0.0000 0.5000
vn 0.0000 0.0000 1.0000
vn 0.0000 0.0000 1.0000
vn -0.8660 0.0000 0.5000
vn -0.8660 0.0000 0.5000
vn -0.8660 0.0000 -0.5000
vn -0.8660 -0.0000 -0.5000
vn 0.0000 0.0000 -1.0000
vn 0.0000 0.0000 -1.0000
vn 0.8660 0.0000 -0.5000
vn 0.8660 0.0000 -0.5000
vn 0.0000 1.0000 0.0000
vn 0.0000 1.0000 0.0000
vn 0.0000 1.0000 -0.0000
vn 0.0000 1.0000 0.0000
vn 0.0000 -1.0000 0.0000
vn 0.0000 -1.0000 0.0000
vn -0.0000 -1.0000 0.0000
vn 0.0000 -1.0000 0.0000
vn 0.9205 -0.3090 -0.2393
vn 0.9205 -0.3090 -0.2393
vn 0.5689 -0.8090 -0.1479
vn 0.5689 -0.8090 -0.1479
vn 0.0000 -1.0000 0.0000
vn -0.0000 -1.0000 0.0000
vn -0.5689 -0.8090 0.1479
vn -0.5689 -0.8090 0.1479
vn -0.9205 -0.3090 0.2393
vn -0.9205 -0.3090 0.2393
vn -0.9205 0.3090 0.2393
vn -0.9205 0.3090 0.2393
vn -0.5689 0.8090 0.1479
vn -0.5689 0.8090 0.1479
vn 0.0000 1.0000 0.0000
vn 0.0000 1.0000 0.0000
vn 0.5689 0.8090 -0.1479
vn 0.5689 0.8090 -0.1479
vn 0.9205 0.3090 -0.2393
vn 0.9205 0.3090 -0.2393
vn 0.2516 0.0000 0.9678
vn 0.2516 -0.0000 0.9678
vn 0.2516 0.0000 0.9678
vn 0.2516 0.0000 0.9678
vn 0.2516 0.0000 0.9678
vn 0.2516 0.0000 0.9678
vn 0.2516 0.0000 0.9678
vn 0.2516 0.0000 0.9678
vn 0.9205 -0.3090 -0.2393
vn 0.9205 -0.3090 -0.2393
vn 0.5689 -0.8090 -0.1479
vn 0.5689 -0.8090 -0.1479
vn 0.0000 -1.0000 -0.0000
vn 0.0000 -1.0000 -0.0000
vn -0.5689 -0.8090 0.1479
vn -0.5689 -0.8090 0.1479
vn -0.9205 -0.3090 0.2393
vn -0.9205 -0.3090 0.2393
vn -0.9205 0.3090 0.2393
vn -0.9205 0.3090 0.2393
vn -0.5689 0.8090 0.1479
vn -0.5689 0.8090 0.1479
vn -0.0000 1.0000 0.0000
vn -0.0000 1.0000 0.0000
vn 0.5689 0.8090 -0.1479
vn 0.5689 0.8090 -0.1479
vn 0.9205 0.3090 -0.2393
vn 0.9205 0.3090 -0.2393
vn 0.2516 -0.0000 0.9678
vn 0.2516 -0.0000 0.9678
vn 0.2516 0.0000 0.9678
vn 0.2516 0.0000 0.9678
vn 0.2516 -0.0000 0.9678
vn 0.2516 0.0000 0.9678
vn 0.2516 0.0000 0.9678
vn 0.2516 0.0000 0.9678
vn 0.9205 -0.3090 0.2393
vn 0.9205 -0.3090 0.2393
vn 0.5689 -0.8090 0.1479
vn 0.5689 -0.8090 0.1479
vn 0.0000 -1.0000 0.0000
vn 0.0000 -1.0000 -0.0000
vn -0.5689 -0.8090 -0.1479
vn -0.5689 -0.8090 -0.1479
vn -0.9205 -0.3090 -0.2393
vn -0.9205 -0.3090 -0.2393
vn -0.9205 0.3090 -0.2393
vn -0.9205 0.3090 -0.2393
vn -0.5689 0.8090 -0.1479
vn -0.5689 0.8090 -0.1479
vn 0.0000 1.0000 0.0000
vn -0.0000 1.0000 0.0000
vn 0.5689 0.8090 0.1479
vn 0.5689 0.8090 0.1479
vn 0.9205 0.3090 0.2393
vn 0.9205 0.3090 0.2393
vn 0.2516 0.0000 -0.9678
vn 0.2516 -0.0000 -0.9678
vn 0.2516 0.0000 -0.9678
vn 0.2516 0.0000 -0.9678
vn 0.2516 0.0000 -0.9678
vn 0.2516 0.0000 -0.9678
vn 0.2516 0.0000 -0.9678
vn 0.2516 0.0000 -0.9678
vn 0.9205 -0.3090 0.2393
vn 0.9205 -0.3090 0.2393
vn 0.5689 -0.8090 0.1479
vn 0.5689 -0.8090 0.1479
vn 0.0000 -1.0000 0.0000
vn 0.0000 -1.0000 0.0000
vn -0.5689 -0.8090 -0.1479
vn -0.5689 -0.8090 -0.1479
vn -0.9205 -0.3090 -0.2393
vn -0.9205 -0.3090 -0.2393
vn -0.9205 0.3090 -0.2393
vn -0.9205 0.3090 -0.2393
vn -0.5689 0.8090 -0.1479
vn -0.5689 0.8090 -0.1479
vn -0.0000 1.0000 -0.0000
vn -0.0000 1.0000 -0.0000
vn 0.5689 0.8090 0.1479
vn 0.5689 0.8090 0.1479
vn 0.9205 0.3090 0.2393
vn 0.9205 0.3090 0.2393
vn 0.2516 -0.0000 -0.9678
vn 0.2516 -0.0000 -0.9678
vn 0.2516 0.0000 -0.9678
vn 0.2516 0.0000 -0.9678
vn 0.2516 -0.0000 -0.9678
vn 0.2516 0.0000 -0.9678
vn 0.2516 0.0000 -0.9678
vn 0.2516 0.0000 -0.9678
vn 0.9463 -0.3090 0.0946
vn 0.9463 -0.3090 0.0946
vn 0.5849 -0.8090 0.0585
vn 0.5849 -0.8090 0.0585
vn 0.0000 -1.0000 0.0000
vn 0.0000 -1.0000 -0.0000
vn -0.5849 -0.8090 -0.0585
vn -0.5849 -0.8090 -0.0585
vn -0.9463 -0.3090 -0.0946
vn -0.9463 -0.3090 -0.0946
vn -0.9463 0.3090 -0.0946
vn -0.9463 0.3090 -0.0946
vn -0.5849 0.8090 -0.0585
vn -0.5849 0.8090 -0.0585
vn 0.0000 1.0000 0.0000
vn -0.0000 1.0000 0.0000
vn 0.5849 0.8090 0.0585
vn 0.5849 0.8090 0.0585
vn 0.9463 0.3090 0.0946
vn 0.9463 0.3090 0.0946
vn 0.0995 0.0000 -0.9950
vn 0.0995 0.0000 -0.9950
vn 0.0995 -0.0000 -0.9950
vn 0.0995 0.0000 -0.9950
vn 0.0995 -0.0000 -0.9950
vn 0.0995 -0.0000 -0.9950
vn 0.0995 0.0000 -0.9950
vn 0.0995 0.0000 -0.9950
vn 0.9463 -0.3090 0.0946
vn 0.9463 -0.3090 0.0946
vn 0.5849 -0.8090 0.0585
vn 0.5849 -0.8090 0.0585
vn 0.0000 -1.0000 0.0000
vn 0.0000 -1.0000 0.0000
vn -0.5849 -0.8090 -0.0585
vn -0.5849 -0.8090 -0.0585
vn -0.9463 -0.3090 -0.0946
vn -0.9463 -0.3090 -0.0946
vn -0.9463 0.3090 -0.0946
vn -0.9463 0.3090 -0.0946
vn -0.5849 0.8090 -0.0585
vn -0.5849 0.8090 -0.0585
vn -0.0000 1.0000 -0.0000
vn -0.0000 1.0000 -0.0000
vn 0.5849 0.8090 0.0585
vn 0.5849 0.8090 0.0585
vn 0.9463 0.3090 0.0946
vn 0.9463 0.3090 0.0946
vn 0.0995 -0.0000 -0.9950
vn 0.0995 0.0000 -0.9950
vn 0.0995 0.0000 -0.9950
vn 0.0995 -0.0000 -0.9950
vn 0.0995 -0.0000 -0.9950
vn 0.0995 0.0000 -0.9950
vn 0.0995 0.0000 -0.9950
vn 0.0995 0.0000 -0.9950
vn 0.0000 1.0000 0.0000
vn 0.0000 1.0000 -0.0000
vn 0.0000 0.0000 1.0000
vn 0.0000 0.0000 1.0000
vn -1.0000 0.0000 -0.0000
vn -1.0000 -0.0000 0.0000
vn 0.0000 0.0000 -1.0000
vn 0.0000 0.0000 -1.0000
vn 1.0000 0.0000 -0.0000
vn 1.0000 0.0000 0.0000
vn 0.0000 -1.0000 0.0000
vn 0.0000 -1.0000 0.0000
vn 0.0000 1.0000 0.0000
vn 0.0000 1.0000 -0.0000
vn -0.0000 0.0000 1.0000
vn -0.0000 0.0000 1.0000
vn -1.0000 0.0000 -0.0000
vn -1.0000 -0.0000 0.0000
vn 0.0000 0.0000 -1.0000
vn 0.0000 0.0000 -1.0000
vn 1.0000 0.0000 -0.0000
vn 1.0000 0.0000 0.0000
vn 0.0000 -1.0000 0.0000
vn 0.0000 -1.0000 0.0000
vn 0.0000 1.0000 0.0000
vn 0.0000 1.0000 0.0000
vn 0.0000 0.0000 1.0000
vn 0.0000 0.0000 1.0000
vn -1.0000 0.0000 -0.0000
vn -1.0000 -0.0000 -0.0000
vn 0.0000 0.0000 -1.0000
vn 0.0000 0.0000 -1.0000
vn 1.0000 0.0000 0.0000
vn 1.0000 0.0000 0.0000
vn 0.0000 -1.0000 0.0000
vn 0.0000 -1.0000 0.0000
vn 0.0000 1.0000 0.0000
vn 0.0000 1.0000 0.0000
vn 0.3061 0.0000 -0.9520
vn 0.3061 0.0000 -0.9520
vn -0.0000 -1.0000 0.0000
vn 0.0000 -1.0000 0.0000
vn -0.3061 0.0000 0.9520
vn -0.3061 0.0000 0.9520
vn 0.0000 1.0000 0.0000
vn 0.0000 1.0000 0.0000
vn 0.6098 0.0000 -0.7926
vn 0.6098 0.0000 -0.7926
vn -0.0000 -1.0000 0.0000
vn 0.0000 -1.0000 0.0000
vn -0.6098 0.0000 0.7926
vn -0.6098 -0.0000 0.7926
vn 0.0000 1.0000 0.0000
vn 0.0000 1.0000 0.0000
vn 0.8486 0.0000 -0.5290
vn 0.8486 0.0000 -0.5290
vn -0.0000 -1.0000 0.0000
vn 0.0000 -1.0000 0.0000
vn -0.8486 -0.0000 0.5290
vn -0.8486 0.0000 0.5290
vn 0.0000 1.0000 0.0000
vn 0.0000 1.0000 0.0000
vn 0.9825 0.0000 -0.1864
vn 0.9825 0.0000 -0.1864
vn -0.0000 -1.0000 0.0000
vn 0.0000 -1.0000 0.0000
vn -0.9825 0.0000 0.1864
vn -0.9825 0.0000 0.1864
vn -0.0000 1.0000 0.0000
vn 0.0000 1.0000 0.0000
vn 0.9825 0.0000 0.1864
vn 0.9825 0.0000 0.1864
vn -0.0000 -1.0000 -0.0000
vn 0.0000 -1.0000 0.0000
vn -0.9825 0.0000 -0.1864
vn -0.9825 0.0000 -0.1864
vn -0.0000 1.0000 0.0000
vn 0.0000 1.0000 0.0000
vn 0.8486 0.0000 0.5290
vn 0.8486 0.0000 0.5290
vn 0.0000 -1.0000 -0.0000
vn 0.0000 -1.0000 0.0000
vn -0.8486 0.0000 -0.5290
vn -0.8486 0.0000 -0.5290
vn -0.0000 1.0000 0.0000
vn 0.0000 1.0000 0.0000
vn 0.6098 0.0000 0.7926
vn 0.6098 0.0000 0.7926
vn 0.0000 -1.0000 -0.0000
vn 0.0000 -1.0000 0.0000
vn -0.6098 0.0000 -0.7926
vn -0.6098 0.0000 -0.7926
vn -0.0000 1.0000 0.0000
vn 0.0000 1.0000 0.0000
vn 0.3061 0.0000 0.9520
vn 0.3061 0.0000 0.9520
vn 0.0000 -1.0000 -0.0000
vn 0.0000 -1.0000 0.0000
vn -0.3061 0.0000 -0.9520
vn -0.3061 0.0000 -0.9520
vn 0.9520 0.0000 0.3061
vn 0.9520 -0.0000 0.3061
vn 0.9520 0.0000 -0.3061
vn 0.9520 0.0000 -0.3061
vn 0.4804 -0.8321 0.2774
vn 0.0000 -0.8321 0.5547
vn -0.4804 -0.8321 0.2774
vn -0.4804 -0.8321 -0.2774
vn 0.0000 -0.8321 -0.5547
vn 0.4804 -0.8321 -0.2774
vn 0.8660 0.0000 0.5000
vn 0.8660 0.0000 0.5000
vn 0.0000 0.0000 1.0000
vn 0.0000 0.0000 1.0000
vn -0.8660 0.0000 0.5000
vn -0.8660 0.0000 0.5000
vn -0.8660 0.0000 -0.5000
vn -0.8660 -0.0000 -0.5000
vn 0.0000 0.0000 -1.0000
vn 0.0000 0.0000 -1.0000
vn 0.8660 0.0000 -0.5000
vn 0.8660 0.0000 -0.5000
vn 0.4804 0.8321 0.2774
vn 0.0000 0.8321 0.5547
vn -0.4804 0.8321 0.2774
vn -0.4804 0.8321 -0.2774
vn 0.0000 0.8321 -0.5547
vn 0.4804 0.8321 -0.2774
vn 0.4804 -0.8321 0.2774
vn 0.0000 -0.8321 0.5547
vn -0.4804 -0.8321 0.2774
vn -0.4804 -0.8321 -0.2774
vn 0.0000 -0.8321 -0.5547
vn 0.4804 -0.8321 -0.2774
vn 0.8660 0.0000 0.5000
vn 0.8660 0.0000 0.5000
vn 0.0000 0.0000 1.0000
vn 0.0000 0.0000 1.0000
vn -0.8660 0.0000 0.5000
vn -0.8660 0.0000 0.5000
vn -0.8660 0.0000 -0.5000
vn -0.8660 -0.0000 -0.5000
vn 0.0000 0.0000 -1.0000
vn 0.0000 0.0000 -1.0000
vn 0.8660 0.0000 -0.5000
vn 0.8660 0.0000 -0.5000
vn 0.4804 0.8321 0.2774
vn 0.0000 0.8321 0.5547
vn -0.4804 0.8321 0.2774
vn -0.4804 0.8321 -0.2774
vn 0.0000 0.8321 -0.5547
vn 0.4804 0.8321 -0.2774
vn 0.3216 0.8041 0.5000
vn 0.3216 0.8041 0.5000
vn -0.0000 -0.0000 1.0000
vn -0.0000 0.0000 1.0000
vn -0.3216 -0.8041 0.5000
vn -0.3216 -0.8041 0.5000
vn -0.3216 -0.8041 -0.5000
vn -0.3216 -0.8041 -0.5000
vn 0.0000 -0.0000 -1.0000
vn 0.0000 -0.0000 -1.0000
vn 0.3216 0.8041 -0.5000
vn 0.3216 0.8041 -0.5000
vn -0.9285 0.3714 0.0000
vn -0.9285 0.3714 -0.0000
vn -0.9285 0.3714 0.0000
vn -0.9285 0.3714 0.0000
vn 0.9285 -0.3714 -0.0000
vn 0.9285 -0.3714 0.0000
vn 0.9285 -0.3714 -0.0000
vn 0.9285 -0.3714 0.0000
vn 0.9239 -0.3827 0.0000
vn 0.9239 -0.3827 0.0000
vn 0.3827 -0.9239 0.0000
vn 0.3827 -0.9239 0.0000
vn -0.3827 -0.9239 0.0000
vn -0.3827 -0.9239 -0.0000
vn -0.9239 -0.3827 0.0000
vn -0.9239 -0.3827 -0.0000
vn -0.9239 0.3827 0.0000
vn -0.9239 0.3827 0.0000
vn -0.3827 0.9239 0.0000
vn -0.3827 0.9239 0.0000
vn 0.3827 0.9239 0.0000
vn 0.3827 0.9239 0.0000
vn 0.9239 0.3827 0.0000
vn 0.9239 0.3827 0.0000
vn 0.0000 0.0000 1.0000
vn 0.0000 0.0000 1.0000
vn 0.0000 0.0000 1.0000
vn 0.0000 0.0000 1.0000
vn 0.0000 0.0000 1.0000
vn 0.0000 0.0000 1.0000
vn 0.0000 0.0000 -1.0000
vn 0.0000 0.0000 -1.0000
vn -0.0000 0.0000 -1.0000
vn 0.0000 0.0000 -1.0000
vn 0.0000 0.0000 -1.0000
vn 0.0000 0.0000 -1.0000
vn -0.9239 0.0000 -0.3827
vn -0.9239 0.0000 -0.3827
vn -0.3827 0.0000 -0.9239
vn -0.3827 0.0000 -0.9239
vn 0.3827 0.0000 -0.9239
vn 0.3827 0.0000 -0.9239
vn 0.9239 0.0000 -0.3827
vn 0.9239 0.0000 -0.3827
vn 0.9239 -0.0000 0.3827
vn 0.9239 -0.0000 0.3827
vn 0.3827 -0.0000 0.9239
vn 0.3827 -0.0000 0.9239
vn -0.3827 0.0000 0.9239
vn -0.3827 0.0000 0.9239
vn -0.9239 0.0000 0.3827
vn -0.9239 0.0000 0.3827
usemtl Mat_FadedWood
f 24//1 23//1 26//1
f 8//2 26//2 12//2
f 11//3 26//3 7//3
f 15//4 26//4 11//4
f 7//5 26//5 3//5
f 3//6 26//6 23//6
f 24//7 26//7 4//7
f 4//8 26//8 8//8
f 25//9 17//9 18//9
f 19//10 26//10 15//10
f 25//11 26//11 19//11
f 19//12 17//12 25//12
f 16//13 12//13 26//13
f 20//14 16//14 26//14
f 20//15 26//15 25//15
f 25//16 18//16 20//16
f 23//17 22//17 21//17
f 24//18 22//18 23//18
f 6//19 8//19 10//19
f 8//20 12//20 10//20
f 3//21 1//21 5//21
f 5//22 7//22 3//22
f 21//23 1//23 3//23
f 3//24 23//24 21//24
f 4//25 22//25 24//25
f 4//26 2//26 22//26
f 6//27 2//27 4//27
f 4//28 8//28 6//28
f 18//29 17//29 13//29
f 13//30 14//30 18//30
f 13//31 17//31 19//31
f 19//32 15//32 13//32
f 16//33 10//33 12//33
f 14//34 10//34 16//34
f 9//35 2//35 6//35
f 21//36 22//36 9//36
f 9//37 1//37 21//37
f 5//38 1//38 9//38
f 22//39 2//39 9//39
f 6//40 10//40 9//40
f 9//41 14//41 13//41
f 9//42 10//42 14//42
f 9//43 7//43 5//43
f 9//44 11//44 7//44
f 13//45 15//45 9//45
f 15//46 11//46 9//46
f 20//47 18//47 14//47
f 14//48 16//48 20//48
usemtl Mat_ShadowRock
f 36//49 27//49 35//49
f 29//50 27//50 36//50
f 31//51 27//51 33//51
f 33//52 27//52 29//52
f 35//53 27//53 32//53
f 32//54 28//54 35//54
f 32//55 27//55 31//55
f 31//56 33//56 32//56
f 32//57 33//57 34//57
f 29//58 36//58 30//58
f 30//59 33//59 29//59
f 34//60 33//60 30//60
f 28//61 32//61 30//61
f 30//62 32//62 34//62
f 35//63 28//63 30//63
f 30//64 36//64 35//64
usemtl Mat_DarkMetal
f 37//65 39//65 43//65
f 43//66 41//66 37//66
f 37//67 41//67 42//67
f 42//68 38//68 37//68
f 41//69 43//69 42//69
f 42//70 43//70 44//70
f 40//71 39//71 37//71
f 37//72 38//72 40//72
f 40//73 43//73 39//73
f 44//74 43//74 40//74
f 38//75 42//75 40//75
f 40//76 42//76 44//76
usemtl Mat_Bone
f 45//77 46//77 50//77
f 45//78 50//78 49//78
f 46//79 47//79 51//79
f 46//80 51//80 50//80
f 47//81 48//81 52//81
f 47//82 52//82 51//82
f 48//83 45//83 49//83
f 48//84 49//84 52//84
f 49//85 50//85 54//85
f 49//86 54//86 53//86
f 50//87 51//87 55//87
f 50//88 55//88 54//88
f 51//89 52//89 56//89
f 51//90 56//90 55//90
f 52//91 49//91 53//91
f 52//92 53//92 56//92
f 53//93 54//93 58//93
f 53//94 58//94 57//94
f 54//95 55//95 59//95
f 54//96 59//96 58//96
f 55//97 56//97 60//97
f 55//98 60//98 59//98
f 56//99 53//99 57//99
f 56//100 57//100 60//100
f 48//101 47//101 46//101
f 48//102 46//102 45//102
f 57//103 58//103 59//103
f 57//104 59//104 60//104
f 61//105 62//105 66//105
f 61//106 66//106 65//106
f 62//107 63//107 67//107
f 62//108 67//108 66//108
f 63//109 64//109 68//109
f 63//110 68//110 67//110
f 64//111 61//111 65//111
f 64//112 65//112 68//112
f 65//113 66//113 70//113
f 65//114 70//114 69//114
f 66//115 67//115 71//115
f 66//116 71//116 70//116
f 67//117 68//117 72//117
f 67//118 72//118 71//118
f 68//119 65//119 69//119
f 68//120 69//120 72//120
f 69//121 70//121 74//121
f 69//122 74//122 73//122
f 70//123 71//123 75//123
f 70//124 75//124 74//124
f 71//125 72//125 76//125
f 71//126 76//126 75//126
f 72//127 69//127 73//127
f 72//128 73//128 76//128
f 64//129 63//129 62//129
f 64//130 62//130 61//130
f 73//131 74//131 75//131
f 73//132 75//132 76//132
usemtl Mat_DarkWood
f 91//133 82//133 83//133
f 88//134 79//134 87//134
f 80//135 79//135 88//135
f 78//136 87//136 79//136
f 88//137 87//137 96//137
f 85//138 80//138 89//138
f 89//139 94//139 85//139
f 89//140 80//140 88//140
f 97//141 96//141 102//141
f 88//142 96//142 97//142
f 97//143 89//143 88//143
f 93//144 84//144 85//144
f 85//145 94//145 93//145
f 109//146 112//146 115//146
f 100//147 93//147 107//147
f 107//148 106//148 100//148
f 83//149 84//149 92//149
f 84//150 93//150 92//150
f 92//151 91//151 83//151
f 93//152 100//152 92//152
f 107//153 93//153 108//153
f 103//154 97//154 102//154
f 104//155 89//155 103//155
f 89//156 97//156 103//156
f 99//157 100//157 106//157
f 91//158 92//158 99//158
f 99//159 92//159 100//159
f 102//160 110//160 111//160
f 111//161 103//161 102//161
f 114//162 113//162 106//162
f 114//163 106//163 107//163
f 107//164 108//164 116//164
f 116//165 114//165 107//165
f 116//166 93//166 94//166
f 116//167 108//167 93//167
f 113//168 114//168 116//168
f 94//169 89//169 116//169
f 116//170 89//170 104//170
f 104//171 103//171 116//171
f 116//172 111//172 110//172
f 103//173 111//173 116//173
f 90//174 81//174 91//174
f 81//175 82//175 91//175
f 78//176 81//176 77//176
f 78//177 80//177 85//177
f 85//178 84//178 78//178
f 78//179 82//179 81//179
f 83//180 82//180 78//180
f 79//181 80//181 78//181
f 78//182 84//182 83//182
f 77//183 86//183 78//183
f 78//184 86//184 87//184
f 101//185 81//185 90//185
f 77//186 81//186 101//186
f 90//187 98//187 101//187
f 101//188 86//188 77//188
f 101//189 98//189 105//189
f 95//190 86//190 101//190
f 96//191 86//191 95//191
f 87//192 86//192 96//192
f 95//193 101//193 96//193
f 96//194 101//194 102//194
f 109//195 101//195 105//195
f 105//196 112//196 109//196
f 102//197 101//197 109//197
f 109//198 110//198 102//198
f 113//199 112//199 105//199
f 105//200 106//200 113//200
f 90//201 91//201 99//201
f 99//202 98//202 90//202
f 105//203 98//203 99//203
f 99//204 106//204 105//204
f 112//205 113//205 116//205
f 115//206 112//206 116//206
f 110//207 109//207 116//207
f 116//208 109//208 115//208
usemtl Mat_Chrome
f 126//209 129//209 132//209
f 120//210 133//210 125//210
f 119//211 133//211 120//211
f 127//212 133//212 128//212
f 128//213 133//213 119//213
f 119//214 118//214 128//214
f 128//215 118//215 127//215
f 125//216 133//216 124//216
f 133//217 123//217 124//217
f 131//218 122//218 123//218
f 131//219 130//219 122//219
f 133//220 130//220 131//220
f 131//221 123//221 133//221
f 126//222 118//222 117//222
f 127//223 118//223 126//223
f 132//224 133//224 126//224
f 126//225 133//225 127//225
f 117//226 121//226 126//226
f 121//227 129//227 126//227
f 122//228 120//228 125//228
f 122//229 121//229 117//229
f 117//230 118//230 122//230
f 122//231 118//231 119//231
f 119//232 120//232 122//232
f 125//233 124//233 122//233
f 122//234 124//234 123//234
f 130//235 133//235 132//235
f 132//236 129//236 130//236
f 130//237 129//237 121//237
f 121//238 122//238 130//238
usemtl Mat_NeonLaser
f 134//239 135//239 139//239
f 134//240 139//240 138//240
f 135//241 136//241 140//241
f 135//242 140//242 139//242
f 136//243 137//243 141//243
f 136//244 141//244 140//244
f 137//245 134//245 138//245
f 137//246 138//246 141//246
f 138//247 139//247 143//247
f 138//248 143//248 142//248
f 139//249 140//249 144//249
f 139//250 144//250 143//250
f 140//251 141//251 145//251
f 140//252 145//252 144//252
f 141//253 138//253 142//253
f 141//254 142//254 145//254
f 142//255 143//255 147//255
f 142//256 147//256 146//256
f 143//257 144//257 148//257
f 143//258 148//258 147//258
f 144//259 145//259 149//259
f 144//260 149//260 148//260
f 145//261 142//261 146//261
f 145//262 146//262 149//262
f 146//263 147//263 151//263
f 146//264 151//264 150//264
f 147//265 148//265 152//265
f 147//266 152//266 151//266
f 148//267 149//267 153//267
f 148//268 153//268 152//268
f 149//269 146//269 150//269
f 149//270 150//270 153//270
f 150//271 151//271 155//271
f 150//272 155//272 154//272
f 151//273 152//273 156//273
f 151//274 156//274 155//274
f 152//275 153//275 157//275
f 152//276 157//276 156//276
f 153//277 150//277 154//277
f 153//278 154//278 157//278
f 154//279 155//279 159//279
f 154//280 159//280 158//280
f 155//281 156//281 160//281
f 155//282 160//282 159//282
f 156//283 157//283 161//283
f 156//284 161//284 160//284
f 157//285 154//285 158//285
f 157//286 158//286 161//286
f 137//287 136//287 135//287
f 137//288 135//288 134//288
f 158//289 159//289 160//289
f 158//290 160//290 161//290
f 162//291 163//291 167//291
f 162//292 167//292 166//292
f 163//293 164//293 168//293
f 163//294 168//294 167//294
f 164//295 165//295 169//295
f 164//296 169//296 168//296
f 165//297 162//297 166//297
f 165//298 166//298 169//298
f 166//299 167//299 171//299
f 166//300 171//300 170//300
f 167//301 168//301 172//301
f 167//302 172//302 171//302
f 168//303 169//303 173//303
f 168//304 173//304 172//304
f 169//305 166//305 170//305
f 169//306 170//306 173//306
f 170//307 171//307 175//307
f 170//308 175//308 174//308
f 171//309 172//309 176//309
f 171//310 176//310 175//310
f 172//311 173//311 177//311
f 172//312 177//312 176//312
f 173//313 170//313 174//313
f 173//314 174//314 177//314
f 174//315 175//315 179//315
f 174//316 179//316 178//316
f 175//317 176//317 180//317
f 175//318 180//318 179//318
f 176//319 177//319 181//319
f 176//320 181//320 180//320
f 177//321 174//321 178//321
f 177//322 178//322 181//322
f 178//323 179//323 183//323
f 178//324 183//324 182//324
f 179//325 180//325 184//325
f 179//326 184//326 183//326
f 180//327 181//327 185//327
f 180//328 185//328 184//328
f 181//329 178//329 182//329
f 181//330 182//330 185//330
f 182//331 183//331 187//331
f 182//332 187//332 186//332
f 183//333 184//333 188//333
f 183//334 188//334 187//334
f 184//335 185//335 189//335
f 184//336 189//336 188//336
f 185//337 182//337 186//337
f 185//338 186//338 189//338
f 165//339 164//339 163//339
f 165//340 163//340 162//340
f 186//341 187//341 188//341
f 186//342 188//342 189//342
usemtl Mat_Terracotta
f 191//343 197//343 193//343
f 195//344 197//344 191//344
f 190//345 192//345 194//345
f 194//346 192//346 196//346
f 196//347 192//347 197//347
f 197//348 192//348 193//348
f 197//349 194//349 196//349
f 195//350 194//350 197//350
f 191//351 192//351 190//351
f 193//352 192//352 191//352
f 190//353 194//353 191//353
f 191//354 194//354 195//354
f 199//355 205//355 201//355
f 203//356 205//356 199//356
f 198//357 200//357 202//357
f 202//358 200//358 204//358
f 204//359 200//359 205//359
f 205//360 200//360 201//360
f 205//361 202//361 204//361
f 203//362 202//362 205//362
f 199//363 200//363 198//363
f 201//364 200//364 199//364
f 198//365 202//365 199//365
f 199//366 202//366 203//366
f 207//367 213//367 209//367
f 211//368 213//368 207//368
f 206//369 208//369 210//369
f 210//370 208//370 212//370
f 212//371 208//371 213//371
f 213//372 208//372 209//372
f 213//373 210//373 212//373
f 211//374 210//374 213//374
f 207//375 208//375 206//375
f 209//376 208//376 207//376
f 206//377 210//377 207//377
f 207//378 210//378 211//378
f 215//379 221//379 217//379
f 219//380 221//380 215//380
f 214//381 216//381 218//381
f 218//382 216//382 220//382
f 220//383 216//383 221//383
f 221//384 216//384 217//384
f 221//385 218//385 220//385
f 219//386 218//386 221//386
f 215//387 216//387 214//387
f 217//388 216//388 215//388
f 214//389 218//389 215//389
f 215//390 218//390 219//390
f 222//391 223//391 225//391
f 224//392 222//392 225//392
f 228//393 222//393 224//393
f 228//394 226//394 222//394
f 224//395 225//395 228//395
f 228//396 225//396 229//396
f 227//397 223//397 222//397
f 222//398 226//398 227//398
f 227//399 225//399 223//399
f 229//400 225//400 227//400
f 226//401 228//401 227//401
f 227//402 228//402 229//402
f 235//403 233//403 231//403
f 237//404 233//404 235//404
f 234//405 230//405 236//405
f 236//406 230//406 232//406
f 232//407 230//407 233//407
f 233//408 230//408 231//408
f 233//409 236//409 232//409
f 237//410 236//410 233//410
f 235//411 230//411 234//411
f 231//412 230//412 235//412
f 234//413 236//413 235//413
f 235//414 236//414 237//414
f 243//415 241//415 239//415
f 245//416 241//416 243//416
f 242//417 238//417 244//417
f 244//418 238//418 240//418
f 240//419 238//419 241//419
f 241//420 238//420 239//420
f 241//421 244//421 240//421
f 245//422 244//422 241//422
f 243//423 238//423 242//423
f 239//424 238//424 243//424
f 242//425 244//425 243//425
f 243//426 244//426 245//426
f 251//427 249//427 247//427
f 253//428 249//428 251//428
f 250//429 246//429 252//429
f 252//430 246//430 248//430
f 248//431 246//431 249//431
f 249//432 246//432 247//432
f 249//433 252//433 248//433
f 253//434 252//434 249//434
f 251//435 246//435 250//435
f 247//436 246//436 251//436
f 250//437 252//437 251//437
f 251//438 252//438 253//438
f 259//439 257//439 255//439
f 261//440 257//440 259//440
f 258//441 254//441 260//441
f 260//442 254//442 256//442
f 256//443 254//443 257//443
f 257//444 254//444 255//444
f 257//445 260//445 256//445
f 261//446 260//446 257//446
f 259//447 254//447 258//447
f 255//448 254//448 259//448
f 258//449 260//449 259//449
f 259//450 260//450 261//450
f 265//451 263//451 269//451
f 269//452 263//452 267//452
f 266//453 264//453 268//453
f 262//454 264//454 266//454
f 263//455 264//455 262//455
f 265//456 264//456 263//456
f 262//457 266//457 263//457
f 263//458 266//458 267//458
f 268//459 264//459 269//459
f 269//460 264//460 265//460
f 269//461 266//461 268//461
f 267//462 266//462 269//462
f 273//463 271//463 277//463
f 277//464 271//464 275//464
f 274//465 272//465 276//465
f 270//466 272//466 274//466
f 271//467 272//467 270//467
f 273//468 272//468 271//468
f 270//469 274//469 271//469
f 271//470 274//470 275//470
f 276//471 272//471 277//471
f 277//472 272//472 273//472
f 277//473 274//473 276//473
f 275//474 274//474 277//474
f 281//475 279//475 285//475
f 285//476 279//476 283//476
f 282//477 280//477 284//477
f 278//478 280//478 282//478
f 279//479 280//479 278//479
f 281//480 280//480 279//480
f 278//481 282//481 279//481
f 279//482 282//482 283//482
f 284//483 280//483 285//483
f 285//484 280//484 281//484
f 285//485 282//485 284//485
f 283//486 282//486 285//486
f 289//487 287//487 293//487
f 293//488 287//488 291//488
f 290//489 288//489 292//489
f 286//490 288//490 290//490
f 287//491 288//491 286//491
f 289//492 288//492 287//492
f 286//493 290//493 287//493
f 287//494 290//494 291//494
f 292//495 288//495 293//495
f 293//496 288//496 289//496
f 293//497 290//497 292//497
f 291//498 290//498 293//498
f 294//499 295//499 297//499
f 297//500 296//500 294//500
f 294//501 296//501 300//501
f 300//502 298//502 294//502
f 296//503 297//503 300//503
f 300//504 297//504 301//504
f 299//505 295//505 294//505
f 294//506 298//506 299//506
f 299//507 297//507 295//507
f 301//508 297//508 299//508
f 298//509 300//509 299//509
f 299//510 300//510 301//510
f 303//511 307//511 305//511
f 305//512 307//512 309//512
f 308//513 302//513 304//513
f 306//514 302//514 308//514
f 307//515 302//515 306//515
f 303//516 302//516 307//516
f 306//517 308//517 307//517
f 307//518 308//518 309//518
f 304//519 302//519 305//519
f 305//520 302//520 303//520
f 305//521 308//521 304//521
f 309//522 308//522 305//522
f 311//523 315//523 313//523
f 313//524 315//524 317//524
f 316//525 310//525 312//525
f 314//526 310//526 316//526
f 315//527 310//527 314//527
f 311//528 310//528 315//528
f 314//529 316//529 315//529
f 315//530 316//530 317//530
f 312//531 310//531 313//531
f 313//532 310//532 311//532
f 313//533 316//533 312//533
f 317//534 316//534 313//534
f 319//535 323//535 321//535
f 321//536 323//536 325//536
f 324//537 318//537 320//537
f 322//538 318//538 324//538
f 323//539 318//539 322//539
f 319//540 318//540 323//540
f 322//541 324//541 323//541
f 323//542 324//542 325//542
f 320//543 318//543 321//543
f 321//544 318//544 319//544
f 321//545 324//545 320//545
f 325//546 324//546 321//546
f 327//547 331//547 329//547
f 329//548 331//548 333//548
f 332//549 326//549 328//549
f 330//550 326//550 332//550
f 331//551 326//551 330//551
f 327//552 326//552 331//552
f 330//553 332//553 331//553
f 331//554 332//554 333//554
f 328//555 326//555 329//555
f 329//556 326//556 327//556
f 329//557 332//557 328//557
f 333//558 332//558 329//558
usemtl Mat_DarkWood
f 334//559 335//559 339//559
f 334//560 339//560 338//560
f 335//561 336//561 340//561
f 335//562 340//562 339//562
f 336//563 337//563 341//563
f 336//564 341//564 340//564
f 337//565 334//565 338//565
f 337//566 338//566 341//566
f 338//567 339//567 343//567
f 338//568 343//568 342//568
f 339//569 340//569 344//569
f 339//570 344//570 343//570
f 340//571 341//571 345//571
f 340//572 345//572 344//572
f 341//573 338//573 342//573
f 341//574 342//574 345//574
f 342//575 343//575 347//575
f 342//576 347//576 346//576
f 343//577 344//577 348//577
f 343//578 348//578 347//578
f 344//579 345//579 349//579
f 344//580 349//580 348//580
f 345//581 342//581 346//581
f 345//582 346//582 349//582
f 346//583 347//583 351//583
f 346//584 351//584 350//584
f 347//585 348//585 352//585
f 347//586 352//586 351//586
f 348//587 349//587 353//587
f 348//588 353//588 352//588
f 349//589 346//589 350//589
f 349//590 350//590 353//590
f 350//591 351//591 355//591
f 350//592 355//592 354//592
f 351//593 352//593 356//593
f 351//594 356//594 355//594
f 352//595 353//595 357//595
f 352//596 357//596 356//596
f 353//597 350//597 354//597
f 353//598 354//598 357//598
f 354//599 355//599 359//599
f 354//600 359//600 358//600
f 355//601 356//601 360//601
f 355//602 360//602 359//602
f 356//603 357//603 361//603
f 356//604 361//604 360//604
f 357//605 354//605 358//605
f 357//606 358//606 361//606
f 358//607 359//607 363//607
f 358//608 363//608 362//608
f 359//609 360//609 364//609
f 359//610 364//610 363//610
f 360//611 361//611 365//611
f 360//612 365//612 364//612
f 361//613 358//613 362//613
f 361//614 362//614 365//614
f 362//615 363//615 367//615
f 362//616 367//616 366//616
f 363//617 364//617 368//617
f 363//618 368//618 367//618
f 364//619 365//619 369//619
f 364//620 369//620 368//620
f 365//621 362//621 366//621
f 365//622 366//622 369//622
f 366//623 367//623 371//623
f 366//624 371//624 370//624
f 367//625 368//625 372//625
f 367//626 372//626 371//626
f 368//627 369//627 373//627
f 368//628 373//628 372//628
f 369//629 366//629 370//629
f 369//630 370//630 373//630
f 370//631 371//631 375//631
f 370//632 375//632 374//632
f 371//633 372//633 376//633
f 371//634 376//634 375//634
f 372//635 373//635 377//635
f 372//636 377//636 376//636
f 373//637 370//637 374//637
f 373//638 374//638 377//638
f 374//639 375//639 379//639
f 374//640 379//640 378//640
f 375//641 376//641 380//641
f 375//642 380//642 379//642
f 376//643 377//643 381//643
f 376//644 381//644 380//644
f 377//645 374//645 378//645
f 377//646 378//646 381//646
f 378//647 379//647 383//647
f 378//648 383//648 382//648
f 379//649 380//649 384//649
f 379//650 384//650 383//650
f 380//651 381//651 385//651
f 380//652 385//652 384//652
f 381//653 378//653 382//653
f 381//654 382//654 385//654
f 382//655 383//655 387//655
f 382//656 387//656 386//656
f 383//657 384//657 388//657
f 383//658 388//658 387//658
f 384//659 385//659 389//659
f 384//660 389//660 388//660
f 385//661 382//661 386//661
f 385//662 386//662 389//662
f 386//663 387//663 391//663
f 386//664 391//664 390//664
f 387//665 388//665 392//665
f 387//666 392//666 391//666
f 388//667 389//667 393//667
f 388//668 393//668 392//668
f 389//669 386//669 390//669
f 389//670 390//670 393//670
f 390//671 391//671 395//671
f 390//672 395//672 394//672
f 391//673 392//673 396//673
f 391//674 396//674 395//674
f 392//675 393//675 397//675
f 392//676 397//676 396//676
f 393//677 390//677 394//677
f 393//678 394//678 397//678
f 394//679 395//679 399//679
f 394//680 399//680 398//680
f 395//681 396//681 400//681
f 395//682 400//682 399//682
f 396//683 397//683 401//683
f 396//684 401//684 400//684
f 397//685 394//685 398//685
f 397//686 398//686 401//686
f 398//687 399//687 403//687
f 398//688 403//688 402//688
f 399//689 400//689 404//689
f 399//690 404//690 403//690
f 400//691 401//691 405//691
f 400//692 405//692 404//692
f 401//693 398//693 402//693
f 401//694 402//694 405//694
f 402//695 403//695 407//695
f 402//696 407//696 406//696
f 403//697 404//697 408//697
f 403//698 408//698 407//698
f 404//699 405//699 409//699
f 404//700 409//700 408//700
f 405//701 402//701 406//701
f 405//702 406//702 409//702
f 406//703 407//703 411//703
f 406//704 411//704 410//704
f 407//705 408//705 412//705
f 407//706 412//706 411//706
f 408//707 409//707 413//707
f 408//708 413//708 412//708
f 409//709 406//709 410//709
f 409//710 410//710 413//710
f 410//711 411//711 415//711
f 410//712 415//712 414//712
f 411//713 412//713 416//713
f 411//714 416//714 415//714
f 412//715 413//715 417//715
f 412//716 417//716 416//716
f 413//717 410//717 414//717
f 413//718 414//718 417//718
f 414//719 415//719 419//719
f 414//720 419//720 418//720
f 415//721 416//721 420//721
f 415//722 420//722 419//722
f 416//723 417//723 421//723
f 416//724 421//724 420//724
f 417//725 414//725 418//725
f 417//726 418//726 421//726
f 418//727 419//727 423//727
f 418//728 423//728 422//728
f 419//729 420//729 424//729
f 419//730 424//730 423//730
f 420//731 421//731 425//731
f 420//732 425//732 424//732
f 421//733 418//733 422//733
f 421//734 422//734 425//734
f 422//735 423//735 427//735
f 422//736 427//736 426//736
f 423//737 424//737 428//737
f 423//738 428//738 427//738
f 424//739 425//739 429//739
f 424//740 429//740 428//740
f 425//741 422//741 426//741
f 425//742 426//742 429//742
f 426//743 427//743 431//743
f 426//744 431//744 430//744
f 427//745 428//745 432//745
f 427//746 432//746 431//746
f 428//747 429//747 433//747
f 428//748 433//748 432//748
f 429//749 426//749 430//749
f 429//750 430//750 433//750
f 430//751 431//751 435//751
f 430//752 435//752 434//752
f 431//753 432//753 436//753
f 431//754 436//754 435//754
f 432//755 433//755 437//755
f 432//756 437//756 436//756
f 433//757 430//757 434//757
f 433//758 434//758 437//758
f 434//759 435//759 439//759
f 434//760 439//760 438//760
f 435//761 436//761 440//761
f 435//762 440//762 439//762
f 436//763 437//763 441//763
f 436//764 441//764 440//764
f 437//765 434//765 438//765
f 437//766 438//766 441//766
f 438//767 439//767 443//767
f 438//768 443//768 442//768
f 439//769 440//769 444//769
f 439//770 444//770 443//770
f 440//771 441//771 445//771
f 440//772 445//772 444//772
f 441//773 438//773 442//773
f 441//774 442//774 445//774
f 442//775 443//775 447//775
f 442//776 447//776 446//776
f 443//777 444//777 448//777
f 443//778 448//778 447//778
f 444//779 445//779 449//779
f 444//780 449//780 448//780
f 445//781 442//781 446//781
f 445//782 446//782 449//782
f 446//783 447//783 451//783
f 446//784 451//784 450//784
f 447//785 448//785 452//785
f 447//786 452//786 451//786
f 448//787 449//787 453//787
f 448//788 453//788 452//788
f 449//789 446//789 450//789
f 449//790 450//790 453//790
f 450//791 451//791 455//791
f 450//792 455//792 454//792
f 451//793 452//793 456//793
f 451//794 456//794 455//794
f 452//795 453//795 457//795
f 452//796 457//796 456//796
f 453//797 450//797 454//797
f 453//798 454//798 457//798
f 454//799 455//799 459//799
f 454//800 459//800 458//800
f 455//801 456//801 460//801
f 455//802 460//802 459//802
f 456//803 457//803 461//803
f 456//804 461//804 460//804
f 457//805 454//805 458//805
f 457//806 458//806 461//806
f 458//807 459//807 463//807
f 458//808 463//808 462//808
f 459//809 460//809 464//809
f 459//810 464//810 463//810
f 460//811 461//811 465//811
f 460//812 465//812 464//812
f 461//813 458//813 462//813
f 461//814 462//814 465//814
f 462//815 463//815 467//815
f 462//816 467//816 466//816
f 463//817 464//817 468//817
f 463//818 468//818 467//818
f 464//819 465//819 469//819
f 464//820 469//820 468//820
f 465//821 462//821 466//821
f 465//822 466//822 469//822
f 466//823 467//823 471//823
f 466//824 471//824 470//824
f 467//825 468//825 472//825
f 467//826 472//826 471//826
f 468//827 469//827 473//827
f 468//828 473//828 472//828
f 469//829 466//829 470//829
f 469//830 470//830 473//830
f 470//831 471//831 475//831
f 470//832 475//832 474//832
f 471//833 472//833 476//833
f 471//834 476//834 475//834
f 472//835 473//835 477//835
f 472//836 477//836 476//836
f 473//837 470//837 474//837
f 473//838 474//838 477//838
f 474//839 475//839 335//839
f 474//840 335//840 334//840
f 475//841 476//841 336//841
f 475//842 336//842 335//842
f 476//843 477//843 337//843
f 476//844 337//844 336//844
f 477//845 474//845 334//845
f 477//846 334//846 337//846
usemtl Mat_Bone
f 478//847 479//847 483//847
f 478//848 483//848 482//848
f 479//849 480//849 484//849
f 479//850 484//850 483//850
f 480//851 481//851 485//851
f 480//852 485//852 484//852
f 481//853 478//853 482//853
f 481//854 482//854 485//854
f 482//855 483//855 487//855
f 482//856 487//856 486//856
f 483//857 484//857 488//857
f 483//858 488//858 487//858
f 484//859 485//859 489//859
f 484//860 489//860 488//860
f 485//861 482//861 486//861
f 485//862 486//862 489//862
f 486//863 487//863 491//863
f 486//864 491//864 490//864
f 487//865 488//865 492//865
f 487//866 492//866 491//866
f 488//867 489//867 493//867
f 488//868 493//868 492//868
f 489//869 486//869 490//869
f 489//870 490//870 493//870
f 490//871 491//871 495//871
f 490//872 495//872 494//872
f 491//873 492//873 496//873
f 491//874 496//874 495//874
f 492//875 493//875 497//875
f 492//876 497//876 496//876
f 493//877 490//877 494//877
f 493//878 494//878 497//878
f 494//879 495//879 499//879
f 494//880 499//880 498//880
f 495//881 496//881 500//881
f 495//882 500//882 499//882
f 496//883 497//883 501//883
f 496//884 501//884 500//884
f 497//885 494//885 498//885
f 497//886 498//886 501//886
f 498//887 499//887 503//887
f 498//888 503//888 502//888
f 499//889 500//889 504//889
f 499//890 504//890 503//890
f 500//891 501//891 505//891
f 500//892 505//892 504//892
f 501//893 498//893 502//893
f 501//894 502//894 505//894
f 502//895 503//895 507//895
f 502//896 507//896 506//896
f 503//897 504//897 508//897
f 503//898 508//898 507//898
f 504//899 505//899 509//899
f 504//900 509//900 508//900
f 505//901 502//901 506//901
f 505//902 506//902 509//902
f 506//903 507//903 511//903
f 506//904 511//904 510//904
f 507//905 508//905 512//905
f 507//906 512//906 511//906
f 508//907 509//907 513//907
f 508//908 513//908 512//908
f 509//909 506//909 510//909
f 509//910 510//910 513//910
f 510//911 511//911 515//911
f 510//912 515//912 514//912
f 511//913 512//913 516//913
f 511//914 516//914 515//914
f 512//915 513//915 517//915
f 512//916 517//916 516//916
f 513//917 510//917 514//917
f 513//918 514//918 517//918
f 514//919 515//919 519//919
f 514//920 519//920 518//920
f 515//921 516//921 520//921
f 515//922 520//922 519//922
f 516//923 517//923 521//923
f 516//924 521//924 520//924
f 517//925 514//925 518//925
f 517//926 518//926 521//926
f 518//927 519//927 523//927
f 518//928 523//928 522//928
f 519//929 520//929 524//929
f 519//930 524//930 523//930
f 520//931 521//931 525//931
f 520//932 525//932 524//932
f 521//933 518//933 522//933
f 521//934 522//934 525//934
f 522//935 523//935 527//935
f 522//936 527//936 526//936
f 523//937 524//937 528//937
f 523//938 528//938 527//938
f 524//939 525//939 529//939
f 524//940 529//940 528//940
f 525//941 522//941 526//941
f 525//942 526//942 529//942
f 526//943 527//943 531//943
f 526//944 531//944 530//944
f 527//945 528//945 532//945
f 527//946 532//946 531//946
f 528//947 529//947 533//947
f 528//948 533//948 532//948
f 529//949 526//949 530//949
f 529//950 530//950 533//950
f 530//951 531//951 535//951
f 530//952 535//952 534//952
f 531//953 532//953 536//953
f 531//954 536//954 535//954
f 532//955 533//955 537//955
f 532//956 537//956 536//956
f 533//957 530//957 534//957
f 533//958 534//958 537//958
f 534//959 535//959 539//959
f 534//960 539//960 538//960
f 535//961 536//961 540//961
f 535//962 540//962 539//962
f 536//963 537//963 541//963
f 536//964 541//964 540//964
f 537//965 534//965 538//965
f 537//966 538//966 541//966
f 538//967 539//967 543//967
f 538//968 543//968 542//968
f 539//969 540//969 544//969
f 539//970 544//970 543//970
f 540//971 541//971 545//971
f 540//972 545//972 544//972
f 541//973 538//973 542//973
f 541//974 542//974 545//974
f 542//975 543//975 547//975
f 542//976 547//976 546//976
f 543//977 544//977 548//977
f 543//978 548//978 547//978
f 544//979 545//979 549//979
f 544//980 549//980 548//980
f 545//981 542//981 546//981
f 545//982 546//982 549//982
f 546//983 547//983 551//983
f 546//984 551//984 550//984
f 547//985 548//985 552//985
f 547//986 552//986 551//986
f 548//987 549//987 553//987
f 548//988 553//988 552//988
f 549//989 546//989 550//989
f 549//990 550//990 553//990
f 550//991 551//991 555//991
f 550//992 555//992 554//992
f 551//993 552//993 556//993
f 551//994 556//994 555//994
f 552//995 553//995 557//995
f 552//996 557//996 556//996
f 553//997 550//997 554//997
f 553//998 554//998 557//998
f 554//999 555//999 559//999
f 554//1000 559//1000 558//1000
f 555//1001 556//1001 560//1001
f 555//1002 560//1002 559//1002
f 556//1003 557//1003 561//1003
f 556//1004 561//1004 560//1004
f 557//1005 554//1005 558//1005
f 557//1006 558//1006 561//1006
f 558//1007 559//1007 563//1007
f 558//1008 563//1008 562//1008
f 559//1009 560//1009 564//1009
f 559//1010 564//1010 563//1010
f 560//1011 561//1011 565//1011
f 560//1012 565//1012 564//1012
f 561//1013 558//1013 562//1013
f 561//1014 562//1014 565//1014
f 562//1015 563//1015 567//1015
f 562//1016 567//1016 566//1016
f 563//1017 564//1017 568//1017
f 563//1018 568//1018 567//1018
f 564//1019 565//1019 569//1019
f 564//1020 569//1020 568//1020
f 565//1021 562//1021 566//1021
f 565//1022 566//1022 569//1022
f 566//1023 567//1023 571//1023
f 566//1024 571//1024 570//1024
f 567//1025 568//1025 572//1025
f 567//1026 572//1026 571//1026
f 568//1027 569//1027 573//1027
f 568//1028 573//1028 572//1028
f 569//1029 566//1029 570//1029
f 569//1030 570//1030 573//1030
f 570//1031 571//1031 575//1031
f 570//1032 575//1032 574//1032
f 571//1033 572//1033 576//1033
f 571//1034 576//1034 575//1034
f 572//1035 573//1035 577//1035
f 572//1036 577//1036 576//1036
f 573//1037 570//1037 574//1037
f 573//1038 574//1038 577//1038
f 574//1039 575//1039 579//1039
f 574//1040 579//1040 578//1040
f 575//1041 576//1041 580//1041
f 575//1042 580//1042 579//1042
f 576//1043 577//1043 581//1043
f 576//1044 581//1044 580//1044
f 577//1045 574//1045 578//1045
f 577//1046 578//1046 581//1046
f 578//1047 579//1047 583//1047
f 578//1048 583//1048 582//1048
f 579//1049 580//1049 584//1049
f 579//1050 584//1050 583//1050
f 580//1051 581//1051 585//1051
f 580//1052 585//1052 584//1052
f 581//1053 578//1053 582//1053
f 581//1054 582//1054 585//1054
f 582//1055 583//1055 587//1055
f 582//1056 587//1056 586//1056
f 583//1057 584//1057 588//1057
f 583//1058 588//1058 587//1058
f 584//1059 585//1059 589//1059
f 584//1060 589//1060 588//1060
f 585//1061 582//1061 586//1061
f 585//1062 586//1062 589//1062
f 586//1063 587//1063 591//1063
f 586//1064 591//1064 590//1064
f 587//1065 588//1065 592//1065
f 587//1066 592//1066 591//1066
f 588//1067 589//1067 593//1067
f 588//1068 593//1068 592//1068
f 589//1069 586//1069 590//1069
f 589//1070 590//1070 593//1070
f 590//1071 591//1071 595//1071
f 590//1072 595//1072 594//1072
f 591//1073 592//1073 596//1073
f 591//1074 596//1074 595//1074
f 592//1075 593//1075 597//1075
f 592//1076 597//1076 596//1076
f 593//1077 590//1077 594//1077
f 593//1078 594//1078 597//1078
f 594//1079 595//1079 599//1079
f 594//1080 599//1080 598//1080
f 595//1081 596//1081 600//1081
f 595//1082 600//1082 599//1082
f 596//1083 597//1083 601//1083
f 596//1084 601//1084 600//1084
f 597//1085 594//1085 598//1085
f 597//1086 598//1086 601//1086
f 598//1087 599//1087 603//1087
f 598//1088 603//1088 602//1088
f 599//1089 600//1089 604//1089
f 599//1090 604//1090 603//1090
f 600//1091 601//1091 605//1091
f 600//1092 605//1092 604//1092
f 601//1093 598//1093 602//1093
f 601//1094 602//1094 605//1094
f 602//1095 603//1095 607//1095
f 602//1096 607//1096 606//1096
f 603//1097 604//1097 608//1097
f 603//1098 608//1098 607//1098
f 604//1099 605//1099 609//1099
f 604//1100 609//1100 608//1100
f 605//1101 602//1101 606//1101
f 605//1102 606//1102 609//1102
f 606//1103 607//1103 611//1103
f 606//1104 611//1104 610//1104
f 607//1105 608//1105 612//1105
f 607//1106 612//1106 611//1106
f 608//1107 609//1107 613//1107
f 608//1108 613//1108 612//1108
f 609//1109 606//1109 610//1109
f 609//1110 610//1110 613//1110
f 610//1111 611//1111 615//1111
f 610//1112 615//1112 614//1112
f 611//1113 612//1113 616//1113
f 611//1114 616//1114 615//1114
f 612//1115 613//1115 617//1115
f 612//1116 617//1116 616//1116
f 613//1117 610//1117 614//1117
f 613//1118 614//1118 617//1118
f 614//1119 615//1119 619//1119
f 614//1120 619//1120 618//1120
f 615//1121 616//1121 620//1121
f 615//1122 620//1122 619//1122
f 616//1123 617//1123 621//1123
f 616//1124 621//1124 620//1124
f 617//1125 614//1125 618//1125
f 617//1126 618//1126 621//1126
f 618//1127 619//1127 479//1127
f 618//1128 479//1128 478//1128
f 619//1129 620//1129 480//1129
f 619//1130 480//1130 479//1130
f 620//1131 621//1131 481//1131
f 620//1132 481//1132 480//1132
f 621//1133 618//1133 478//1133
f 621//1134 478//1134 481//1134
usemtl Mat_RustRock
f 622//1135 623//1135 627//1135
f 622//1136 627//1136 626//1136
f 623//1137 624//1137 628//1137
f 623//1138 628//1138 627//1138
f 624//1139 625//1139 629//1139
f 624//1140 629//1140 628//1140
f 625//1141 622//1141 626//1141
f 625//1142 626//1142 629//1142
f 626//1143 627//1143 631//1143
f 626//1144 631//1144 630//1144
f 627//1145 628//1145 632//1145
f 627//1146 632//1146 631//1146
f 628//1147 629//1147 633//1147
f 628//1148 633//1148 632//1148
f 629//1149 626//1149 630//1149
f 629//1150 630//1150 633//1150
f 630//1151 631//1151 635//1151
f 630//1152 635//1152 634//1152
f 631//1153 632//1153 636//1153
f 631//1154 636//1154 635//1154
f 632//1155 633//1155 637//1155
f 632//1156 637//1156 636//1156
f 633//1157 630//1157 634//1157
f 633//1158 634//1158 637//1158
f 634//1159 635//1159 639//1159
f 634//1160 639//1160 638//1160
f 635//1161 636//1161 640//1161
f 635//1162 640//1162 639//1162
f 636//1163 637//1163 641//1163
f 636//1164 641//1164 640//1164
f 637//1165 634//1165 638//1165
f 637//1166 638//1166 641//1166
f 625//1167 624//1167 623//1167
f 625//1168 623//1168 622//1168
f 638//1169 639//1169 640//1169
f 638//1170 640//1170 641//1170
f 642//1171 643//1171 647//1171
f 642//1172 647//1172 646//1172
f 643//1173 644//1173 648//1173
f 643//1174 648//1174 647//1174
f 644//1175 645//1175 649//1175
f 644//1176 649//1176 648//1176
f 645//1177 642//1177 646//1177
f 645//1178 646//1178 649//1178
f 646//1179 647//1179 651//1179
f 646//1180 651//1180 650//1180
f 647//1181 648//1181 652//1181
f 647//1182 652//1182 651//1182
f 648//1183 649//1183 653//1183
f 648//1184 653//1184 652//1184
f 649//1185 646//1185 650//1185
f 649//1186 650//1186 653//1186
f 650//1187 651//1187 655//1187
f 650//1188 655//1188 654//1188
f 651//1189 652//1189 656//1189
f 651//1190 656//1190 655//1190
f 652//1191 653//1191 657//1191
f 652//1192 657//1192 656//1192
f 653//1193 650//1193 654//1193
f 653//1194 654//1194 657//1194
f 654//1195 655//1195 659//1195
f 654//1196 659//1196 658//1196
f 655//1197 656//1197 660//1197
f 655//1198 660//1198 659//1198
f 656//1199 657//1199 661//1199
f 656//1200 661//1200 660//1200
f 657//1201 654//1201 658//1201
f 657//1202 658//1202 661//1202
f 645//1203 644//1203 643//1203
f 645//1204 643//1204 642//1204
f 658//1205 659//1205 660//1205
f 658//1206 660//1206 661//1206
usemtl Mat_NeonLaser
f 662//1207 663//1207 667//1207
f 662//1208 667//1208 666//1208
f 663//1209 664//1209 668//1209
f 663//1210 668//1210 667//1210
f 664//1211 665//1211 669//1211
f 664//1212 669//1212 668//1212
f 665//1213 662//1213 666//1213
f 665//1214 666//1214 669//1214
f 666//1215 667//1215 671//1215
f 666//1216 671//1216 670//1216
f 667//1217 668//1217 672//1217
f 667//1218 672//1218 671//1218
f 668//1219 669//1219 673//1219
f 668//1220 673//1220 672//1220
f 669//1221 666//1221 670//1221
f 669//1222 670//1222 673//1222
f 670//1223 671//1223 675//1223
f 670//1224 675//1224 674//1224
f 671//1225 672//1225 676//1225
f 671//1226 676//1226 675//1226
f 672//1227 673//1227 677//1227
f 672//1228 677//1228 676//1228
f 673//1229 670//1229 674//1229
f 673//1230 674//1230 677//1230
f 674//1231 675//1231 679//1231
f 674//1232 679//1232 678//1232
f 675//1233 676//1233 680//1233
f 675//1234 680//1234 679//1234
f 676//1235 677//1235 681//1235
f 676//1236 681//1236 680//1236
f 677//1237 674//1237 678//1237
f 677//1238 678//1238 681//1238
f 678//1239 679//1239 683//1239
f 678//1240 683//1240 682//1240
f 679//1241 680//1241 684//1241
f 679//1242 684//1242 683//1242
f 680//1243 681//1243 685//1243
f 680//1244 685//1244 684//1244
f 681//1245 678//1245 682//1245
f 681//1246 682//1246 685//1246
f 682//1247 683//1247 687//1247
f 682//1248 687//1248 686//1248
f 683//1249 684//1249 688//1249
f 683//1250 688//1250 687//1250
f 684//1251 685//1251 689//1251
f 684//1252 689//1252 688//1252
f 685//1253 682//1253 686//1253
f 685//1254 686//1254 689//1254
f 686//1255 687//1255 691//1255
f 686//1256 691//1256 690//1256
f 687//1257 688//1257 692//1257
f 687//1258 692//1258 691//1258
f 688//1259 689//1259 693//1259
f 688//1260 693//1260 692//1260
f 689//1261 686//1261 690//1261
f 689//1262 690//1262 693//1262
f 690//1263 691//1263 695//1263
f 690//1264 695//1264 694//1264
f 691//1265 692//1265 696//1265
f 691//1266 696//1266 695//1266
f 692//1267 693//1267 697//1267
f 692//1268 697//1268 696//1268
f 693//1269 690//1269 694//1269
f 693//1270 694//1270 697//1270
f 694//1271 695//1271 699//1271
f 694//1272 699//1272 698//1272
f 695//1273 696//1273 700//1273
f 695//1274 700//1274 699//1274
f 696//1275 697//1275 701//1275
f 696//1276 701//1276 700//1276
f 697//1277 694//1277 698//1277
f 697//1278 698//1278 701//1278
f 698//1279 699//1279 703//1279
f 698//1280 703//1280 702//1280
f 699//1281 700//1281 704//1281
f 699//1282 704//1282 703//1282
f 700//1283 701//1283 705//1283
f 700//1284 705//1284 704//1284
f 701//1285 698//1285 702//1285
f 701//1286 702//1286 705//1286
f 665//1287 664//1287 663//1287
f 665//1288 663//1288 662//1288
f 702//1289 703//1289 704//1289
f 702//1290 704//1290 705//1290
usemtl Mat_NeonGreen
f 706//1291 707//1291 711//1291
f 706//1292 711//1292 710//1292
f 707//1293 708//1293 712//1293
f 707//1294 712//1294 711//1294
f 708//1295 709//1295 713//1295
f 708//1296 713//1296 712//1296
f 709//1297 706//1297 710//1297
f 709//1298 710//1298 713//1298
f 710//1299 711//1299 715//1299
f 710//1300 715//1300 714//1300
f 711//1301 712//1301 716//1301
f 711//1302 716//1302 715//1302
f 712//1303 713//1303 717//1303
f 712//1304 717//1304 716//1304
f 713//1305 710//1305 714//1305
f 713//1306 714//1306 717//1306
f 714//1307 715//1307 719//1307
f 714//1308 719//1308 718//1308
f 715//1309 716//1309 720//1309
f 715//1310 720//1310 719//1310
f 716//1311 717//1311 721//1311
f 716//1312 721//1312 720//1312
f 717//1313 714//1313 718//1313
f 717//1314 718//1314 721//1314
f 718//1315 719//1315 723//1315
f 718//1316 723//1316 722//1316
f 719//1317 720//1317 724//1317
f 719//1318 724//1318 723//1318
f 720//1319 721//1319 725//1319
f 720//1320 725//1320 724//1320
f 721//1321 718//1321 722//1321
f 721//1322 722//1322 725//1322
f 722//1323 723//1323 727//1323
f 722//1324 727//1324 726//1324
f 723//1325 724//1325 728//1325
f 723//1326 728//1326 727//1326
f 724//1327 725//1327 729//1327
f 724//1328 729//1328 728//1328
f 725//1329 722//1329 726//1329
f 725//1330 726//1330 729//1330
f 726//1331 727//1331 731//1331
f 726//1332 731//1332 730//1332
f 727//1333 728//1333 732//1333
f 727//1334 732//1334 731//1334
f 728//1335 729//1335 733//1335
f 728//1336 733//1336 732//1336
f 729//1337 726//1337 730//1337
f 729//1338 730//1338 733//1338
f 730//1339 731//1339 735//1339
f 730//1340 735//1340 734//1340
f 731//1341 732//1341 736//1341
f 731//1342 736//1342 735//1342
f 732//1343 733//1343 737//1343
f 732//1344 737//1344 736//1344
f 733//1345 730//1345 734//1345
f 733//1346 734//1346 737//1346
f 734//1347 735//1347 739//1347
f 734//1348 739//1348 738//1348
f 735//1349 736//1349 740//1349
f 735//1350 740//1350 739//1350
f 736//1351 737//1351 741//1351
f 736//1352 741//1352 740//1352
f 737//1353 734//1353 738//1353
f 737//1354 738//1354 741//1354
f 738//1355 739//1355 743//1355
f 738//1356 743//1356 742//1356
f 739//1357 740//1357 744//1357
f 739//1358 744//1358 743//1358
f 740//1359 741//1359 745//1359
f 740//1360 745//1360 744//1360
f 741//1361 738//1361 742//1361
f 741//1362 742//1362 745//1362
f 742//1363 743//1363 747//1363
f 742//1364 747//1364 746//1364
f 743//1365 744//1365 748//1365
f 743//1366 748//1366 747//1366
f 744//1367 745//1367 749//1367
f 744//1368 749//1368 748//1368
f 745//1369 742//1369 746//1369
f 745//1370 746//1370 749//1370
f 709//1371 708//1371 707//1371
f 709//1372 707//1372 706//1372
f 746//1373 747//1373 748//1373
f 746//1374 748//1374 749//1374
usemtl Mat_NeonLaser
f 750//1375 751//1375 755//1375
f 750//1376 755//1376 754//1376
f 751//1377 752//1377 756//1377
f 751//1378 756//1378 755//1378
f 752//1379 753//1379 757//1379
f 752//1380 757//1380 756//1380
f 753//1381 750//1381 754//1381
f 753//1382 754//1382 757//1382
f 754//1383 755//1383 759//1383
f 754//1384 759//1384 758//1384
f 755//1385 756//1385 760//1385
f 755//1386 760//1386 759//1386
f 756//1387 757//1387 761//1387
f 756//1388 761//1388 760//1388
f 757//1389 754//1389 758//1389
f 757//1390 758//1390 761//1390
f 758//1391 759//1391 763//1391
f 758//1392 763//1392 762//1392
f 759//1393 760//1393 764//1393
f 759//1394 764//1394 763//1394
f 760//1395 761//1395 765//1395
f 760//1396 765//1396 764//1396
f 761//1397 758//1397 762//1397
f 761//1398 762//1398 765//1398
f 762//1399 763//1399 767//1399
f 762//1400 767//1400 766//1400
f 763//1401 764//1401 768//1401
f 763//1402 768//1402 767//1402
f 764//1403 765//1403 769//1403
f 764//1404 769//1404 768//1404
f 765//1405 762//1405 766//1405
f 765//1406 766//1406 769//1406
f 766//1407 767//1407 771//1407
f 766//1408 771//1408 770//1408
f 767//1409 768//1409 772//1409
f 767//1410 772//1410 771//1410
f 768//1411 769//1411 773//1411
f 768//1412 773//1412 772//1412
f 769//1413 766//1413 770//1413
f 769//1414 770//1414 773//1414
f 770//1415 771//1415 775//1415
f 770//1416 775//1416 774//1416
f 771//1417 772//1417 776//1417
f 771//1418 776//1418 775//1418
f 772//1419 773//1419 777//1419
f 772//1420 777//1420 776//1420
f 773//1421 770//1421 774//1421
f 773//1422 774//1422 777//1422
f 774//1423 775//1423 779//1423
f 774//1424 779//1424 778//1424
f 775//1425 776//1425 780//1425
f 775//1426 780//1426 779//1426
f 776//1427 777//1427 781//1427
f 776//1428 781//1428 780//1428
f 777//1429 774//1429 778//1429
f 777//1430 778//1430 781//1430
f 778//1431 779//1431 783//1431
f 778//1432 783//1432 782//1432
f 779//1433 780//1433 784//1433
f 779//1434 784//1434 783//1434
f 780//1435 781//1435 785//1435
f 780//1436 785//1436 784//1436
f 781//1437 778//1437 782//1437
f 781//1438 782//1438 785//1438
f 782//1439 783//1439 787//1439
f 782//1440 787//1440 786//1440
f 783//1441 784//1441 788//1441
f 783//1442 788//1442 787//1442
f 784//1443 785//1443 789//1443
f 784//1444 789//1444 788//1444
f 785//1445 782//1445 786//1445
f 785//1446 786//1446 789//1446
f 786//1447 787//1447 791//1447
f 786//1448 791//1448 790//1448
f 787//1449 788//1449 792//1449
f 787//1450 792//1450 791//1450
f 788//1451 789//1451 793//1451
f 788//1452 793//1452 792//1452
f 789//1453 786//1453 790//1453
f 789//1454 790//1454 793//1454
f 753//1455 752//1455 751//1455
f 753//1456 751//1456 750//1456
f 790//1457 791//1457 792//1457
f 790//1458 792//1458 793//1458
usemtl Mat_NeonGreen
f 794//1459 795//1459 799//1459
f 794//1460 799//1460 798//1460
f 795//1461 796//1461 800//1461
f 795//1462 800//1462 799//1462
f 796//1463 797//1463 801//1463
f 796//1464 801//1464 800//1464
f 797//1465 794//1465 798//1465
f 797//1466 798//1466 801//1466
f 798//1467 799//1467 803//1467
f 798//1468 803//1468 802//1468
f 799//1469 800//1469 804//1469
f 799//1470 804//1470 803//1470
f 800//1471 801//1471 805//1471
f 800//1472 805//1472 804//1472
f 801//1473 798//1473 802//1473
f 801//1474 802//1474 805//1474
f 802//1475 803//1475 807//1475
f 802//1476 807//1476 806//1476
f 803//1477 804//1477 808//1477
f 803//1478 808//1478 807//1478
f 804//1479 805//1479 809//1479
f 804//1480 809//1480 808//1480
f 805//1481 802//1481 806//1481
f 805//1482 806//1482 809//1482
f 806//1483 807//1483 811//1483
f 806//1484 811//1484 810//1484
f 807//1485 808//1485 812//1485
f 807//1486 812//1486 811//1486
f 808//1487 809//1487 813//1487
f 808//1488 813//1488 812//1488
f 809//1489 806//1489 810//1489
f 809//1490 810//1490 813//1490
f 810//1491 811//1491 815//1491
f 810//1492 815//1492 814//1492
f 811//1493 812//1493 816//1493
f 811//1494 816//1494 815//1494
f 812//1495 813//1495 817//1495
f 812//1496 817//1496 816//1496
f 813//1497 810//1497 814//1497
f 813//1498 814//1498 817//1498
f 814//1499 815//1499 819//1499
f 814//1500 819//1500 818//1500
f 815//1501 816//1501 820//1501
f 815//1502 820//1502 819//1502
f 816//1503 817//1503 821//1503
f 816//1504 821//1504 820//1504
f 817//1505 814//1505 818//1505
f 817//1506 818//1506 821//1506
f 818//1507 819//1507 823//1507
f 818//1508 823//1508 822//1508
f 819//1509 820//1509 824//1509
f 819//1510 824//1510 823//1510
f 820//1511 821//1511 825//1511
f 820//1512 825//1512 824//1512
f 821//1513 818//1513 822//1513
f 821//1514 822//1514 825//1514
f 822//1515 823//1515 827//1515
f 822//1516 827//1516 826//1516
f 823//1517 824//1517 828//1517
f 823//1518 828//1518 827//1518
f 824//1519 825//1519 829//1519
f 824//1520 829//1520 828//1520
f 825//1521 822//1521 826//1521
f 825//1522 826//1522 829//1522
f 826//1523 827//1523 831//1523
f 826//1524 831//1524 830//1524
f 827//1525 828//1525 832//1525
f 827//1526 832//1526 831//1526
f 828//1527 829//1527 833//1527
f 828//1528 833//1528 832//1528
f 829//1529 826//1529 830//1529
f 829//1530 830//1530 833//1530
f 830//1531 831//1531 835//1531
f 830//1532 835//1532 834//1532
f 831//1533 832//1533 836//1533
f 831//1534 836//1534 835//1534
f 832//1535 833//1535 837//1535
f 832//1536 837//1536 836//1536
f 833//1537 830//1537 834//1537
f 833//1538 834//1538 837//1538
f 797//1539 796//1539 795//1539
f 797//1540 795//1540 794//1540
f 834//1541 835//1541 836//1541
f 834//1542 836//1542 837//1542
usemtl Mat_Bone
f 848//1543 838//1543 839//1543
f 848//1544 839//1544 840//1544
f 848//1545 840//1545 841//1545
f 848//1546 841//1546 842//1546
f 848//1547 842//1547 843//1547
f 848//1548 843//1548 844//1548
f 848//1549 844//1549 845//1549
f 848//1550 845//1550 846//1550
f 846//1551 847//1551 848//1551
f 850//1552 849//1552 859//1552
f 851//1553 850//1553 859//1553
f 852//1554 851//1554 859//1554
f 853//1555 852//1555 859//1555
f 854//1556 853//1556 859//1556
f 855//1557 854//1557 859//1557
f 856//1558 855//1558 859//1558
f 857//1559 856//1559 859//1559
f 859//1560 858//1560 857//1560
f 838//1561 849//1561 850//1561
f 838//1562 850//1562 839//1562
f 839//1563 850//1563 851//1563
f 839//1564 851//1564 840//1564
f 840//1565 851//1565 852//1565
f 840//1566 852//1566 841//1566
f 841//1567 852//1567 853//1567
f 841//1568 853//1568 842//1568
f 842//1569 853//1569 854//1569
f 842//1570 854//1570 843//1570
f 843//1571 854//1571 855//1571
f 843//1572 855//1572 844//1572
f 844//1573 855//1573 856//1573
f 844//1574 856//1574 845//1574
f 845//1575 856//1575 857//1575
f 845//1576 857//1576 846//1576
f 846//1577 857//1577 858//1577
f 846//1578 858//1578 847//1578
f 847//1579 858//1579 859//1579
f 847//1580 859//1580 848//1580
f 848//1581 859//1581 849//1581
f 848//1582 849//1582 838//1582
usemtl Mat_NeonAmber
f 870//1583 860//1583 861//1583
f 870//1584 861//1584 862//1584
f 870//1585 862//1585 863//1585
f 870//1586 863//1586 864//1586
f 870//1587 864//1587 865//1587
f 870//1588 865//1588 866//1588
f 870//1589 866//1589 867//1589
f 870//1590 867//1590 868//1590
f 868//1591 869//1591 870//1591
f 872//1592 871//1592 881//1592
f 873//1593 872//1593 881//1593
f 874//1594 873//1594 881//1594
f 875//1595 874//1595 881//1595
f 876//1596 875//1596 881//1596
f 877//1597 876//1597 881//1597
f 878//1598 877//1598 881//1598
f 879//1599 878//1599 881//1599
f 881//1600 880//1600 879//1600
f 860//1601 871//1601 872//1601
f 860//1602 872//1602 861//1602
f 861//1603 872//1603 873//1603
f 861//1604 873//1604 862//1604
f 862//1605 873//1605 874//1605
f 862//1606 874//1606 863//1606
f 863//1607 874//1607 875//1607
f 863//1608 875//1608 864//1608
f 864//1609 875//1609 876//1609
f 864//1610 876//1610 865//1610
f 865//1611 876//1611 877//1611
f 865//1612 877//1612 866//1612
f 866//1613 877//1613 878//1613
f 866//1614 878//1614 867//1614
f 867//1615 878//1615 879//1615
f 867//1616 879//1616 868//1616
f 868//1617 879//1617 880//1617
f 868//1618 880//1618 869//1618
f 869//1619 880//1619 881//1619
f 869//1620 881//1620 870//1620
f 870//1621 881//1621 871//1621
f 870//1622 871//1622 860//1622
usemtl Mat_Bone
f 889//1623 888//1623 887//1623
f 889//1624 887//1624 886//1624
f 887//1625 888//1625 884//1625
f 887//1626 884//1626 883//1626
f 888//1627 889//1627 885//1627
f 888//1628 885//1628 884//1628
f 889//1629 886//1629 882//1629
f 889//1630 882//1630 885//1630
f 883//1631 884//1631 885//1631
f 883//1632 885//1632 882//1632
f 897//1633 896//1633 895//1633
f 897//1634 895//1634 894//1634
f 895//1635 896//1635 892//1635
f 895//1636 892//1636 891//1636
f 896//1637 897//1637 893//1637
f 896//1638 893//1638 892//1638
f 897//1639 894//1639 890//1639
f 897//1640 890//1640 893//1640
f 891//1641 892//1641 893//1641
f 891//1642 893//1642 890//1642
f 905//1643 904//1643 903//1643
f 905//1644 903//1644 902//1644
f 902//1645 903//1645 899//1645
f 902//1646 899//1646 898//1646
f 903//1647 904//1647 900//1647
f 903//1648 900//1648 899//1648
f 904//1649 905//1649 901//1649
f 904//1650 901//1650 900//1650
f 905//1651 902//1651 898//1651
f 905//1652 898//1652 901//1652
f 899//1653 900//1653 901//1653
f 899//1654 901//1654 898//1654
f 913//1655 912//1655 911//1655
f 913//1656 911//1656 910//1656
f 910//1657 911//1657 907//1657
f 910//1658 907//1658 906//1658
f 911//1659 912//1659 908//1659
f 911//1660 908//1660 907//1660
f 912//1661 913//1661 909//1661
f 912//1662 909//1662 908//1662
f 913//1663 910//1663 906//1663
f 913//1664 906//1664 909//1664
f 907//1665 908//1665 909//1665
f 907//1666 909//1666 906//1666
f 924//1667 914//1667 915//1667
f 924//1668 915//1668 916//1668
f 924//1669 916//1669 917//1669
f 924//1670 917//1670 918//1670
f 924//1671 918//1671 919//1671
f 924//1672 919//1672 920//1672
f 924//1673 920//1673 921//1673
f 924//1674 921//1674 922//1674
f 922//1675 923//1675 924//1675
f 926//1676 925//1676 935//1676
f 927//1677 926//1677 935//1677
f 928//1678 927//1678 935//1678
f 929//1679 928//1679 935//1679
f 930//1680 929//1680 935//1680
f 931//1681 930//1681 935//1681
f 932//1682 931//1682 935//1682
f 933//1683 932//1683 935//1683
f 935//1684 934//1684 933//1684
f 914//1685 925//1685 926//1685
f 914//1686 926//1686 915//1686
f 915//1687 926//1687 927//1687
f 915//1688 927//1688 916//1688
f 916//1689 927//1689 928//1689
f 916//1690 928//1690 917//1690
f 917//1691 928//1691 929//1691
f 917//1692 929//1692 918//1692
f 918//1693 929//1693 930//1693
f 918//1694 930//1694 919//1694
f 919//1695 930//1695 931//1695
f 919//1696 931//1696 920//1696
f 920//1697 931//1697 932//1697
f 920//1698 932//1698 921//1698
f 921//1699 932//1699 933//1699
f 921//1700 933//1700 922//1700
f 922//1701 933//1701 934//1701
f 922//1702 934//1702 923//1702
f 923//1703 934//1703 935//1703
f 923//1704 935//1704 924//1704
f 924//1705 935//1705 925//1705
f 924//1706 925//1706 914//1706
usemtl Mat_NeonAmber
f 946//1707 936//1707 937//1707
f 946//1708 937//1708 938//1708
f 946//1709 938//1709 939//1709
f 946//1710 939//1710 940//1710
f 946//1711 940//1711 941//1711
f 946//1712 941//1712 942//1712
f 946//1713 942//1713 943//1713
f 946//1714 943//1714 944//1714
f 944//1715 945//1715 946//1715
f 948//1716 947//1716 957//1716
f 949//1717 948//1717 957//1717
f 950//1718 949//1718 957//1718
f 951//1719 950//1719 957//1719
f 952//1720 951//1720 957//1720
f 953//1721 952//1721 957//1721
f 954//1722 953//1722 957//1722
f 955//1723 954//1723 957//1723
f 957//1724 956//1724 955//1724
f 936//1725 947//1725 948//1725
f 936//1726 948//1726 937//1726
f 937//1727 948//1727 949//1727
f 937//1728 949//1728 938//1728
f 938//1729 949//1729 950//1729
f 938//1730 950//1730 939//1730
f 939//1731 950//1731 951//1731
f 939//1732 951//1732 940//1732
f 940//1733 951//1733 952//1733
f 940//1734 952//1734 941//1734
f 941//1735 952//1735 953//1735
f 941//1736 953//1736 942//1736
f 942//1737 953//1737 954//1737
f 942//1738 954//1738 943//1738
f 943//1739 954//1739 955//1739
f 943//1740 955//1740 944//1740
f 944//1741 955//1741 956//1741
f 944//1742 956//1742 945//1742
f 945//1743 956//1743 957//1743
f 945//1744 957//1744 946//1744
f 946//1745 957//1745 947//1745
f 946//1746 947//1746 936//1746
usemtl Mat_Bone
f 965//1747 964//1747 963//1747
f 965//1748 963//1748 962//1748
f 963//1749 964//1749 960//1749
f 963//1750 960//1750 959//1750
f 964//1751 965//1751 961//1751
f 964//1752 961//1752 960//1752
f 965//1753 962//1753 958//1753
f 965//1754 958//1754 961//1754
f 959//1755 960//1755 961//1755
f 959//1756 961//1756 958//1756
f 973//1757 972//1757 971//1757
f 973//1758 971//1758 970//1758
f 971//1759 972//1759 968//1759
f 971//1760 968//1760 967//1760
f 972//1761 973//1761 969//1761
f 972//1762 969//1762 968//1762
f 973//1763 970//1763 966//1763
f 973//1764 966//1764 969//1764
f 967//1765 968//1765 969//1765
f 967//1766 969//1766 966//1766
f 981//1767 980//1767 979//1767
f 981//1768 979//1768 978//1768
f 978//1769 979//1769 975//1769
f 978//1770 975//1770 974//1770
f 979//1771 980//1771 976//1771
f 979//1772 976//1772 975//1772
f 980//1773 981//1773 977//1773
f 980//1774 977//1774 976//1774
f 981//1775 978//1775 974//1775
f 981//1776 974//1776 977//1776
f 975//1777 976//1777 977//1777
f 975//1778 977//1778 974//1778
f 989//1779 988//1779 987//1779
f 989//1780 987//1780 986//1780
f 986//1781 987//1781 983//1781
f 986//1782 983//1782 982//1782
f 987//1783 988//1783 984//1783
f 987//1784 984//1784 983//1784
f 988//1785 989//1785 985//1785
f 988//1786 985//1786 984//1786
f 989//1787 986//1787 982//1787
f 989//1788 982//1788 985//1788
f 983//1789 984//1789 985//1789
f 983//1790 985//1790 982//1790
f 1000//1791 990//1791 991//1791
f 1000//1792 991//1792 992//1792
f 1000//1793 992//1793 993//1793
f 1000//1794 993//1794 994//1794
f 1000//1795 994//1795 995//1795
f 1000//1796 995//1796 996//1796
f 1000//1797 996//1797 997//1797
f 1000//1798 997//1798 998//1798
f 998//1799 999//1799 1000//1799
f 1002//1800 1001//1800 1011//1800
f 1003//1801 1002//1801 1011//1801
f 1004//1802 1003//1802 1011//1802
f 1005//1803 1004//1803 1011//1803
f 1006//1804 1005//1804 1011//1804
f 1007//1805 1006//1805 1011//1805
f 1008//1806 1007//1806 1011//1806
f 1009//1807 1008//1807 1011//1807
f 1011//1808 1010//1808 1009//1808
f 990//1809 1001//1809 1002//1809
f 990//1810 1002//1810 991//1810
f 991//1811 1002//1811 1003//1811
f 991//1812 1003//1812 992//1812
f 992//1813 1003//1813 1004//1813
f 992//1814 1004//1814 993//1814
f 993//1815 1004//1815 1005//1815
f 993//1816 1005//1816 994//1816
f 994//1817 1005//1817 1006//1817
f 994//1818 1006//1818 995//1818
f 995//1819 1006//1819 1007//1819
f 995//1820 1007//1820 996//1820
f 996//1821 1007//1821 1008//1821
f 996//1822 1008//1822 997//1822
f 997//1823 1008//1823 1009//1823
f 997//1824 1009//1824 998//1824
f 998//1825 1009//1825 1010//1825
f 998//1826 1010//1826 999//1826
f 999//1827 1010//1827 1011//1827
f 999//1828 1011//1828 1000//1828
f 1000//1829 1011//1829 1001//1829
f 1000//1830 1001//1830 990//1830
usemtl Mat_NeonAmber
f 1022//1831 1012//1831 1013//1831
f 1022//1832 1013//1832 1014//1832
f 1022//1833 1014//1833 1015//1833
f 1022//1834 1015//1834 1016//1834
f 1022//1835 1016//1835 1017//1835
f 1022//1836 1017//1836 1018//1836
f 1022//1837 1018//1837 1019//1837
f 1022//1838 1019//1838 1020//1838
f 1020//1839 1021//1839 1022//1839
f 1024//1840 1023//1840 1033//1840
f 1025//1841 1024//1841 1033//1841
f 1026//1842 1025//1842 1033//1842
f 1027//1843 1026//1843 1033//1843
f 1028//1844 1027//1844 1033//1844
f 1029//1845 1028//1845 1033//1845
f 1030//1846 1029//1846 1033//1846
f 1031//1847 1030//1847 1033//1847
f 1033//1848 1032//1848 1031//1848
f 1012//1849 1023//1849 1024//1849
f 1012//1850 1024//1850 1013//1850
f 1013//1851 1024//1851 1025//1851
f 1013//1852 1025//1852 1014//1852
f 1014//1853 1025//1853 1026//1853
f 1014//1854 1026//1854 1015//1854
f 1015//1855 1026//1855 1027//1855
f 1015//1856 1027//1856 1016//1856
f 1016//1857 1027//1857 1028//1857
f 1016//1858 1028//1858 1017//1858
f 1017//1859 1028//1859 1029//1859
f 1017//1860 1029//1860 1018//1860
f 1018//1861 1029//1861 1030//1861
f 1018//1862 1030//1862 1019//1862
f 1019//1863 1030//1863 1031//1863
f 1019//1864 1031//1864 1020//1864
f 1020//1865 1031//1865 1032//1865
f 1020//1866 1032//1866 1021//1866
f 1021//1867 1032//1867 1033//1867
f 1021//1868 1033//1868 1022//1868
f 1022//1869 1033//1869 1023//1869
f 1022//1870 1023//1870 1012//1870
usemtl Mat_Bone
f 1041//1871 1040//1871 1039//1871
f 1041//1872 1039//1872 1038//1872
f 1039//1873 1040//1873 1036//1873
f 1039//1874 1036//1874 1035//1874
f 1040//1875 1041//1875 1037//1875
f 1040//1876 1037//1876 1036//1876
f 1041//1877 1038//1877 1034//1877
f 1041//1878 1034//1878 1037//1878
f 1035//1879 1036//1879 1037//1879
f 1035//1880 1037//1880 1034//1880
f 1049//1881 1048//1881 1047//1881
f 1049//1882 1047//1882 1046//1882
f 1047//1883 1048//1883 1044//1883
f 1047//1884 1044//1884 1043//1884
f 1048//1885 1049//1885 1045//1885
f 1048//1886 1045//1886 1044//1886
f 1049//1887 1046//1887 1042//1887
f 1049//1888 1042//1888 1045//1888
f 1043//1889 1044//1889 1045//1889
f 1043//1890 1045//1890 1042//1890
f 1057//1891 1056//1891 1055//1891
f 1057//1892 1055//1892 1054//1892
f 1054//1893 1055//1893 1051//1893
f 1054//1894 1051//1894 1050//1894
f 1055//1895 1056//1895 1052//1895
f 1055//1896 1052//1896 1051//1896
f 1056//1897 1057//1897 1053//1897
f 1056//1898 1053//1898 1052//1898
f 1057//1899 1054//1899 1050//1899
f 1057//1900 1050//1900 1053//1900
f 1051//1901 1052//1901 1053//1901
f 1051//1902 1053//1902 1050//1902
f 1065//1903 1064//1903 1063//1903
f 1065//1904 1063//1904 1062//1904
f 1062//1905 1063//1905 1059//1905
f 1062//1906 1059//1906 1058//1906
f 1063//1907 1064//1907 1060//1907
f 1063//1908 1060//1908 1059//1908
f 1064//1909 1065//1909 1061//1909
f 1064//1910 1061//1910 1060//1910
f 1065//1911 1062//1911 1058//1911
f 1065//1912 1058//1912 1061//1912
f 1059//1913 1060//1913 1061//1913
f 1059//1914 1061//1914 1058//1914
usemtl Mat_Brass
f 1076//1915 1077//1915 1067//1915
f 1076//1916 1067//1916 1066//1916
f 1077//1917 1078//1917 1068//1917
f 1077//1918 1068//1918 1067//1918
f 1078//1919 1079//1919 1069//1919
f 1078//1920 1069//1920 1068//1920
f 1079//1921 1080//1921 1070//1921
f 1079//1922 1070//1922 1069//1922
f 1080//1923 1081//1923 1071//1923
f 1080//1924 1071//1924 1070//1924
f 1081//1925 1082//1925 1072//1925
f 1081//1926 1072//1926 1071//1926
f 1082//1927 1083//1927 1073//1927
f 1082//1928 1073//1928 1072//1928
f 1083//1929 1084//1929 1074//1929
f 1083//1930 1074//1930 1073//1930
f 1084//1931 1085//1931 1075//1931
f 1084//1932 1075//1932 1074//1932
f 1085//1933 1076//1933 1066//1933
f 1085//1934 1066//1934 1075//1934
f 1085//1935 1084//1935 1083//1935
f 1085//1936 1083//1936 1082//1936
f 1085//1937 1082//1937 1081//1937
f 1085//1938 1081//1938 1080//1938
f 1085//1939 1080//1939 1079//1939
f 1085//1940 1079//1940 1078//1940
f 1085//1941 1078//1941 1077//1941
f 1085//1942 1077//1942 1076//1942
usemtl Mat_NeonAmber
f 1096//1943 1097//1943 1087//1943
f 1096//1944 1087//1944 1086//1944
f 1097//1945 1098//1945 1088//1945
f 1097//1946 1088//1946 1087//1946
f 1098//1947 1099//1947 1089//1947
f 1098//1948 1089//1948 1088//1948
f 1099//1949 1100//1949 1090//1949
f 1099//1950 1090//1950 1089//1950
f 1100//1951 1101//1951 1091//1951
f 1100//1952 1091//1952 1090//1952
f 1101//1953 1102//1953 1092//1953
f 1101//1954 1092//1954 1091//1954
f 1102//1955 1103//1955 1093//1955
f 1102//1956 1093//1956 1092//1956
f 1103//1957 1104//1957 1094//1957
f 1103//1958 1094//1958 1093//1958
f 1104//1959 1105//1959 1095//1959
f 1104//1960 1095//1960 1094//1960
f 1105//1961 1096//1961 1086//1961
f 1105//1962 1086//1962 1095//1962
f 1105//1963 1104//1963 1103//1963
f 1105//1964 1103//1964 1102//1964
f 1105//1965 1102//1965 1101//1965
f 1105//1966 1101//1966 1100//1966
f 1105//1967 1100//1967 1099//1967
f 1105//1968 1099//1968 1098//1968
f 1105//1969 1098//1969 1097//1969
f 1105//1970 1097//1970 1096//1970
usemtl Mat_Brass
f 1116//1971 1117//1971 1107//1971
f 1116//1972 1107//1972 1106//1972
f 1117//1973 1118//1973 1108//1973
f 1117//1974 1108//1974 1107//1974
f 1118//1975 1119//1975 1109//1975
f 1118//1976 1109//1976 1108//1976
f 1119//1977 1120//1977 1110//1977
f 1119//1978 1110//1978 1109//1978
f 1120//1979 1121//1979 1111//1979
f 1120//1980 1111//1980 1110//1980
f 1121//1981 1122//1981 1112//1981
f 1121//1982 1112//1982 1111//1982
f 1122//1983 1123//1983 1113//1983
f 1122//1984 1113//1984 1112//1984
f 1123//1985 1124//1985 1114//1985
f 1123//1986 1114//1986 1113//1986
f 1124//1987 1125//1987 1115//1987
f 1124//1988 1115//1988 1114//1988
f 1125//1989 1116//1989 1106//1989
f 1125//1990 1106//1990 1115//1990
f 1125//1991 1124//1991 1123//1991
f 1125//1992 1123//1992 1122//1992
f 1125//1993 1122//1993 1121//1993
f 1125//1994 1121//1994 1120//1994
f 1125//1995 1120//1995 1119//1995
f 1125//1996 1119//1996 1118//1996
f 1125//1997 1118//1997 1117//1997
f 1125//1998 1117//1998 1116//1998
usemtl Mat_NeonAmber
f 1136//1999 1137//1999 1127//1999
f 1136//2000 1127//2000 1126//2000
f 1137//2001 1138//2001 1128//2001
f 1137//2002 1128//2002 1127//2002
f 1138//2003 1139//2003 1129//2003
f 1138//2004 1129//2004 1128//2004
f 1139//2005 1140//2005 1130//2005
f 1139//2006 1130//2006 1129//2006
f 1140//2007 1141//2007 1131//2007
f 1140//2008 1131//2008 1130//2008
f 1141//2009 1142//2009 1132//2009
f 1141//2010 1132//2010 1131//2010
f 1142//2011 1143//2011 1133//2011
f 1142//2012 1133//2012 1132//2012
f 1143//2013 1144//2013 1134//2013
f 1143//2014 1134//2014 1133//2014
f 1144//2015 1145//2015 1135//2015
f 1144//2016 1135//2016 1134//2016
f 1145//2017 1136//2017 1126//2017
f 1145//2018 1126//2018 1135//2018
f 1145//2019 1144//2019 1143//2019
f 1145//2020 1143//2020 1142//2020
f 1145//2021 1142//2021 1141//2021
f 1145//2022 1141//2022 1140//2022
f 1145//2023 1140//2023 1139//2023
f 1145//2024 1139//2024 1138//2024
f 1145//2025 1138//2025 1137//2025
f 1145//2026 1137//2026 1136//2026
usemtl Mat_Bone
f 1156//2027 1146//2027 1147//2027
f 1156//2028 1147//2028 1148//2028
f 1156//2029 1148//2029 1149//2029
f 1156//2030 1149//2030 1150//2030
f 1156//2031 1150//2031 1151//2031
f 1156//2032 1151//2032 1152//2032
f 1156//2033 1152//2033 1153//2033
f 1156//2034 1153//2034 1154//2034
f 1154//2035 1155//2035 1156//2035
f 1158//2036 1157//2036 1167//2036
f 1159//2037 1158//2037 1167//2037
f 1160//2038 1159//2038 1167//2038
f 1161//2039 1160//2039 1167//2039
f 1162//2040 1161//2040 1167//2040
f 1163//2041 1162//2041 1167//2041
f 1164//2042 1163//2042 1167//2042
f 1165//2043 1164//2043 1167//2043
f 1167//2044 1166//2044 1165//2044
f 1146//2045 1157//2045 1158//2045
f 1146//2046 1158//2046 1147//2046
f 1147//2047 1158//2047 1159//2047
f 1147//2048 1159//2048 1148//2048
f 1148//2049 1159//2049 1160//2049
f 1148//2050 1160//2050 1149//2050
f 1149//2051 1160//2051 1161//2051
f 1149//2052 1161//2052 1150//2052
f 1150//2053 1161//2053 1162//2053
f 1150//2054 1162//2054 1151//2054
f 1151//2055 1162//2055 1163//2055
f 1151//2056 1163//2056 1152//2056
f 1152//2057 1163//2057 1164//2057
f 1152//2058 1164//2058 1153//2058
f 1153//2059 1164//2059 1165//2059
f 1153//2060 1165//2060 1154//2060
f 1154//2061 1165//2061 1166//2061
f 1154//2062 1166//2062 1155//2062
f 1155//2063 1166//2063 1167//2063
f 1155//2064 1167//2064 1156//2064
f 1156//2065 1167//2065 1157//2065
f 1156//2066 1157//2066 1146//2066
usemtl Mat_NeonAmber
f 1178//2067 1168//2067 1169//2067
f 1178//2068 1169//2068 1170//2068
f 1178//2069 1170//2069 1171//2069
f 1178//2070 1171//2070 1172//2070
f 1178//2071 1172//2071 1173//2071
f 1178//2072 1173//2072 1174//2072
f 1178//2073 1174//2073 1175//2073
f 1178//2074 1175//2074 1176//2074
f 1176//2075 1177//2075 1178//2075
f 1180//2076 1179//2076 1189//2076
f 1181//2077 1180//2077 1189//2077
f 1182//2078 1181//2078 1189//2078
f 1183//2079 1182//2079 1189//2079
f 1184//2080 1183//2080 1189//2080
f 1185//2081 1184//2081 1189//2081
f 1186//2082 1185//2082 1189//2082
f 1187//2083 1186//2083 1189//2083
f 1189//2084 1188//2084 1187//2084
f 1168//2085 1179//2085 1180//2085
f 1168//2086 1180//2086 1169//2086
f 1169//2087 1180//2087 1181//2087
f 1169//2088 1181//2088 1170//2088
f 1170//2089 1181//2089 1182//2089
f 1170//2090 1182//2090 1171//2090
f 1171//2091 1182//2091 1183//2091
f 1171//2092 1183//2092 1172//2092
f 1172//2093 1183//2093 1184//2093
f 1172//2094 1184//2094 1173//2094
f 1173//2095 1184//2095 1185//2095
f 1173//2096 1185//2096 1174//2096
f 1174//2097 1185//2097 1186//2097
f 1174//2098 1186//2098 1175//2098
f 1175//2099 1186//2099 1187//2099
f 1175//2100 1187//2100 1176//2100
f 1176//2101 1187//2101 1188//2101
f 1176//2102 1188//2102 1177//2102
f 1177//2103 1188//2103 1189//2103
f 1177//2104 1189//2104 1178//2104
f 1178//2105 1189//2105 1179//2105
f 1178//2106 1179//2106 1168//2106
usemtl Mat_Bone
f 1197//2107 1196//2107 1195//2107
f 1197//2108 1195//2108 1194//2108
f 1195//2109 1196//2109 1192//2109
f 1195//2110 1192//2110 1191//2110
f 1196//2111 1197//2111 1193//2111
f 1196//2112 1193//2112 1192//2112
f 1197//2113 1194//2113 1190//2113
f 1197//2114 1190//2114 1193//2114
f 1191//2115 1192//2115 1193//2115
f 1191//2116 1193//2116 1190//2116
f 1205//2117 1204//2117 1203//2117
f 1205//2118 1203//2118 1202//2118
f 1203//2119 1204//2119 1200//2119
f 1203//2120 1200//2120 1199//2120
f 1204//2121 1205//2121 1201//2121
f 1204//2122 1201//2122 1200//2122
f 1205//2123 1202//2123 1198//2123
f 1205//2124 1198//2124 1201//2124
f 1199//2125 1200//2125 1201//2125
f 1199//2126 1201//2126 1198//2126
f 1213//2127 1212//2127 1211//2127
f 1213//2128 1211//2128 1210//2128
f 1210//2129 1211//2129 1207//2129
f 1210//2130 1207//2130 1206//2130
f 1211//2131 1212//2131 1208//2131
f 1211//2132 1208//2132 1207//2132
f 1212//2133 1213//2133 1209//2133
f 1212//2134 1209//2134 1208//2134
f 1213//2135 1210//2135 1206//2135
f 1213//2136 1206//2136 1209//2136
f 1207//2137 1208//2137 1209//2137
f 1207//2138 1209//2138 1206//2138
f 1221//2139 1220//2139 1219//2139
f 1221//2140 1219//2140 1218//2140
f 1218//2141 1219//2141 1215//2141
f 1218//2142 1215//2142 1214//2142
f 1219//2143 1220//2143 1216//2143
f 1219//2144 1216//2144 1215//2144
f 1220//2145 1221//2145 1217//2145
f 1220//2146 1217//2146 1216//2146
f 1221//2147 1218//2147 1214//2147
f 1221//2148 1214//2148 1217//2148
f 1215//2149 1216//2149 1217//2149
f 1215//2150 1217//2150 1214//2150
f 1232//2151 1222//2151 1223//2151
f 1232//2152 1223//2152 1224//2152
f 1232//2153 1224//2153 1225//2153
f 1232//2154 1225//2154 1226//2154
f 1232//2155 1226//2155 1227//2155
f 1232//2156 1227//2156 1228//2156
f 1232//2157 1228//2157 1229//2157
f 1232//2158 1229//2158 1230//2158
f 1230//2159 1231//2159 1232//2159
f 1234//2160 1233//2160 1243//2160
f 1235//2161 1234//2161 1243//2161
f 1236//2162 1235//2162 1243//2162
f 1237//2163 1236//2163 1243//2163
f 1238//2164 1237//2164 1243//2164
f 1239//2165 1238//2165 1243//2165
f 1240//2166 1239//2166 1243//2166
f 1241//2167 1240//2167 1243//2167
f 1243//2168 1242//2168 1241//2168
f 1222//2169 1233//2169 1234//2169
f 1222//2170 1234//2170 1223//2170
f 1223//2171 1234//2171 1235//2171
f 1223//2172 1235//2172 1224//2172
f 1224//2173 1235//2173 1236//2173
f 1224//2174 1236//2174 1225//2174
f 1225//2175 1236//2175 1237//2175
f 1225//2176 1237//2176 1226//2176
f 1226//2177 1237//2177 1238//2177
f 1226//2178 1238//2178 1227//2178
f 1227//2179 1238//2179 1239//2179
f 1227//2180 1239//2180 1228//2180
f 1228//2181 1239//2181 1240//2181
f 1228//2182 1240//2182 1229//2182
f 1229//2183 1240//2183 1241//2183
f 1229//2184 1241//2184 1230//2184
f 1230//2185 1241//2185 1242//2185
f 1230//2186 1242//2186 1231//2186
f 1231//2187 1242//2187 1243//2187
f 1231//2188 1243//2188 1232//2188
f 1232//2189 1243//2189 1233//2189
f 1232//2190 1233//2190 1222//2190
usemtl Mat_NeonAmber
f 1254//2191 1244//2191 1245//2191
f 1254//2192 1245//2192 1246//2192
f 1254//2193 1246//2193 1247//2193
f 1254//2194 1247//2194 1248//2194
f 1254//2195 1248//2195 1249//2195
f 1254//2196 1249//2196 1250//2196
f 1254//2197 1250//2197 1251//2197
f 1254//2198 1251//2198 1252//2198
f 1252//2199 1253//2199 1254//2199
f 1256//2200 1255//2200 1265//2200
f 1257//2201 1256//2201 1265//2201
f 1258//2202 1257//2202 1265//2202
f 1259//2203 1258//2203 1265//2203
f 1260//2204 1259//2204 1265//2204
f 1261//2205 1260//2205 1265//2205
f 1262//2206 1261//2206 1265//2206
f 1263//2207 1262//2207 1265//2207
f 1265//2208 1264//2208 1263//2208
f 1244//2209 1255//2209 1256//2209
f 1244//2210 1256//2210 1245//2210
f 1245//2211 1256//2211 1257//2211
f 1245//2212 1257//2212 1246//2212
f 1246//2213 1257//2213 1258//2213
f 1246//2214 1258//2214 1247//2214
f 1247//2215 1258//2215 1259//2215
f 1247//2216 1259//2216 1248//2216
f 1248//2217 1259//2217 1260//2217
f 1248//2218 1260//2218 1249//2218
f 1249//2219 1260//2219 1261//2219
f 1249//2220 1261//2220 1250//2220
f 1250//2221 1261//2221 1262//2221
f 1250//2222 1262//2222 1251//2222
f 1251//2223 1262//2223 1263//2223
f 1251//2224 1263//2224 1252//2224
f 1252//2225 1263//2225 1264//2225
f 1252//2226 1264//2226 1253//2226
f 1253//2227 1264//2227 1265//2227
f 1253//2228 1265//2228 1254//2228
f 1254//2229 1265//2229 1255//2229
f 1254//2230 1255//2230 1244//2230
usemtl Mat_Bone
f 1273//2231 1272//2231 1271//2231
f 1273//2232 1271//2232 1270//2232
f 1271//2233 1272//2233 1268//2233
f 1271//2234 1268//2234 1267//2234
f 1272//2235 1273//2235 1269//2235
f 1272//2236 1269//2236 1268//2236
f 1273//2237 1270//2237 1266//2237
f 1273//2238 1266//2238 1269//2238
f 1267//2239 1268//2239 1269//2239
f 1267//2240 1269//2240 1266//2240
f 1281//2241 1280//2241 1279//2241
f 1281//2242 1279//2242 1278//2242
f 1279//2243 1280//2243 1276//2243
f 1279//2244 1276//2244 1275//2244
f 1280//2245 1281//2245 1277//2245
f 1280//2246 1277//2246 1276//2246
f 1281//2247 1278//2247 1274//2247
f 1281//2248 1274//2248 1277//2248
f 1275//2249 1276//2249 1277//2249
f 1275//2250 1277//2250 1274//2250
f 1289//2251 1288//2251 1287//2251
f 1289//2252 1287//2252 1286//2252
f 1286//2253 1287//2253 1283//2253
f 1286//2254 1283//2254 1282//2254
f 1287//2255 1288//2255 1284//2255
f 1287//2256 1284//2256 1283//2256
f 1288//2257 1289//2257 1285//2257
f 1288//2258 1285//2258 1284//2258
f 1289//2259 1286//2259 1282//2259
f 1289//2260 1282//2260 1285//2260
f 1283//2261 1284//2261 1285//2261
f 1283//2262 1285//2262 1282//2262
f 1297//2263 1296//2263 1295//2263
f 1297//2264 1295//2264 1294//2264
f 1294//2265 1295//2265 1291//2265
f 1294//2266 1291//2266 1290//2266
f 1295//2267 1296//2267 1292//2267
f 1295//2268 1292//2268 1291//2268
f 1296//2269 1297//2269 1293//2269
f 1296//2270 1293//2270 1292//2270
f 1297//2271 1294//2271 1290//2271
f 1297//2272 1290//2272 1293//2272
f 1291//2273 1292//2273 1293//2273
f 1291//2274 1293//2274 1290//2274
f 1308//2275 1298//2275 1299//2275
f 1308//2276 1299//2276 1300//2276
f 1308//2277 1300//2277 1301//2277
f 1308//2278 1301//2278 1302//2278
f 1308//2279 1302//2279 1303//2279
f 1308//2280 1303//2280 1304//2280
f 1308//2281 1304//2281 1305//2281
f 1308//2282 1305//2282 1306//2282
f 1306//2283 1307//2283 1308//2283
f 1310//2284 1309//2284 1319//2284
f 1311//2285 1310//2285 1319//2285
f 1312//2286 1311//2286 1319//2286
f 1313//2287 1312//2287 1319//2287
f 1314//2288 1313//2288 1319//2288
f 1315//2289 1314//2289 1319//2289
f 1316//2290 1315//2290 1319//2290
f 1317//2291 1316//2291 1319//2291
f 1319//2292 1318//2292 1317//2292
f 1298//2293 1309//2293 1310//2293
f 1298//2294 1310//2294 1299//2294
f 1299//2295 1310//2295 1311//2295
f 1299//2296 1311//2296 1300//2296
f 1300//2297 1311//2297 1312//2297
f 1300//2298 1312//2298 1301//2298
f 1301//2299 1312//2299 1313//2299
f 1301//2300 1313//2300 1302//2300
f 1302//2301 1313//2301 1314//2301
f 1302//2302 1314//2302 1303//2302
f 1303//2303 1314//2303 1315//2303
f 1303//2304 1315//2304 1304//2304
f 1304//2305 1315//2305 1316//2305
f 1304//2306 1316//2306 1305//2306
f 1305//2307 1316//2307 1317//2307
f 1305//2308 1317//2308 1306//2308
f 1306//2309 1317//2309 1318//2309
f 1306//2310 1318//2310 1307//2310
f 1307//2311 1318//2311 1319//2311
f 1307//2312 1319//2312 1308//2312
f 1308//2313 1319//2313 1309//2313
f 1308//2314 1309//2314 1298//2314
usemtl Mat_NeonAmber
f 1330//2315 1320//2315 1321//2315
f 1330//2316 1321//2316 1322//2316
f 1330//2317 1322//2317 1323//2317
f 1330//2318 1323//2318 1324//2318
f 1330//2319 1324//2319 1325//2319
f 1330//2320 1325//2320 1326//2320
f 1330//2321 1326//2321 1327//2321
f 1330//2322 1327//2322 1328//2322
f 1328//2323 1329//2323 1330//2323
f 1332//2324 1331//2324 1341//2324
f 1333//2325 1332//2325 1341//2325
f 1334//2326 1333//2326 1341//2326
f 1335//2327 1334//2327 1341//2327
f 1336//2328 1335//2328 1341//2328
f 1337//2329 1336//2329 1341//2329
f 1338//2330 1337//2330 1341//2330
f 1339//2331 1338//2331 1341//2331
f 1341//2332 1340//2332 1339//2332
f 1320//2333 1331//2333 1332//2333
f 1320//2334 1332//2334 1321//2334
f 1321//2335 1332//2335 1333//2335
f 1321//2336 1333//2336 1322//2336
f 1322//2337 1333//2337 1334//2337
f 1322//2338 1334//2338 1323//2338
f 1323//2339 1334//2339 1335//2339
f 1323//2340 1335//2340 1324//2340
f 1324//2341 1335//2341 1336//2341
f 1324//2342 1336//2342 1325//2342
f 1325//2343 1336//2343 1337//2343
f 1325//2344 1337//2344 1326//2344
f 1326//2345 1337//2345 1338//2345
f 1326//2346 1338//2346 1327//2346
f 1327//2347 1338//2347 1339//2347
f 1327//2348 1339//2348 1328//2348
f 1328//2349 1339//2349 1340//2349
f 1328//2350 1340//2350 1329//2350
f 1329//2351 1340//2351 1341//2351
f 1329//2352 1341//2352 1330//2352
f 1330//2353 1341//2353 1331//2353
f 1330//2354 1331//2354 1320//2354
usemtl Mat_Bone
f 1349//2355 1348//2355 1347//2355
f 1349//2356 1347//2356 1346//2356
f 1347//2357 1348//2357 1344//2357
f 1347//2358 1344//2358 1343//2358
f 1348//2359 1349//2359 1345//2359
f 1348//2360 1345//2360 1344//2360
f 1349//2361 1346//2361 1342//2361
f 1349//2362 1342//2362 1345//2362
f 1343//2363 1344//2363 1345//2363
f 1343//2364 1345//2364 1342//2364
f 1357//2365 1356//2365 1355//2365
f 1357//2366 1355//2366 1354//2366
f 1355//2367 1356//2367 1352//2367
f 1355//2368 1352//2368 1351//2368
f 1356//2369 1357//2369 1353//2369
f 1356//2370 1353//2370 1352//2370
f 1357//2371 1354//2371 1350//2371
f 1357//2372 1350//2372 1353//2372
f 1351//2373 1352//2373 1353//2373
f 1351//2374 1353//2374 1350//2374
f 1365//2375 1364//2375 1363//2375
f 1365//2376 1363//2376 1362//2376
f 1362//2377 1363//2377 1359//2377
f 1362//2378 1359//2378 1358//2378
f 1363//2379 1364//2379 1360//2379
f 1363//2380 1360//2380 1359//2380
f 1364//2381 1365//2381 1361//2381
f 1364//2382 1361//2382 1360//2382
f 1365//2383 1362//2383 1358//2383
f 1365//2384 1358//2384 1361//2384
f 1359//2385 1360//2385 1361//2385
f 1359//2386 1361//2386 1358//2386
f 1373//2387 1372//2387 1371//2387
f 1373//2388 1371//2388 1370//2388
f 1370//2389 1371//2389 1367//2389
f 1370//2390 1367//2390 1366//2390
f 1371//2391 1372//2391 1368//2391
f 1371//2392 1368//2392 1367//2392
f 1372//2393 1373//2393 1369//2393
f 1372//2394 1369//2394 1368//2394
f 1373//2395 1370//2395 1366//2395
f 1373//2396 1366//2396 1369//2396
f 1367//2397 1368//2397 1369//2397
f 1367//2398 1369//2398 1366//2398
usemtl Mat_Brass
f 1384//2399 1385//2399 1375//2399
f 1384//2400 1375//2400 1374//2400
f 1385//2401 1386//2401 1376//2401
f 1385//2402 1376//2402 1375//2402
f 1386//2403 1387//2403 1377//2403
f 1386//2404 1377//2404 1376//2404
f 1387//2405 1388//2405 1378//2405
f 1387//2406 1378//2406 1377//2406
f 1388//2407 1389//2407 1379//2407
f 1388//2408 1379//2408 1378//2408
f 1389//2409 1390//2409 1380//2409
f 1389//2410 1380//2410 1379//2410
f 1390//2411 1391//2411 1381//2411
f 1390//2412 1381//2412 1380//2412
f 1391//2413 1392//2413 1382//2413
f 1391//2414 1382//2414 1381//2414
f 1392//2415 1393//2415 1383//2415
f 1392//2416 1383//2416 1382//2416
f 1393//2417 1384//2417 1374//2417
f 1393//2418 1374//2418 1383//2418
f 1393//2419 1392//2419 1391//2419
f 1393//2420 1391//2420 1390//2420
f 1393//2421 1390//2421 1389//2421
f 1393//2422 1389//2422 1388//2422
f 1393//2423 1388//2423 1387//2423
f 1393//2424 1387//2424 1386//2424
f 1393//2425 1386//2425 1385//2425
f 1393//2426 1385//2426 1384//2426
usemtl Mat_NeonAmber
f 1404//2427 1405//2427 1395//2427
f 1404//2428 1395//2428 1394//2428
f 1405//2429 1406//2429 1396//2429
f 1405//2430 1396//2430 1395//2430
f 1406//2431 1407//2431 1397//2431
f 1406//2432 1397//2432 1396//2432
f 1407//2433 1408//2433 1398//2433
f 1407//2434 1398//2434 1397//2434
f 1408//2435 1409//2435 1399//2435
f 1408//2436 1399//2436 1398//2436
f 1409//2437 1410//2437 1400//2437
f 1409//2438 1400//2438 1399//2438
f 1410//2439 1411//2439 1401//2439
f 1410//2440 1401//2440 1400//2440
f 1411//2441 1412//2441 1402//2441
f 1411//2442 1402//2442 1401//2442
f 1412//2443 1413//2443 1403//2443
f 1412//2444 1403//2444 1402//2444
f 1413//2445 1404//2445 1394//2445
f 1413//2446 1394//2446 1403//2446
f 1413//2447 1412//2447 1411//2447
f 1413//2448 1411//2448 1410//2448
f 1413//2449 1410//2449 1409//2449
f 1413//2450 1409//2450 1408//2450
f 1413//2451 1408//2451 1407//2451
f 1413//2452 1407//2452 1406//2452
f 1413//2453 1406//2453 1405//2453
f 1413//2454 1405//2454 1404//2454
usemtl Mat_Brass
f 1424//2455 1425//2455 1415//2455
f 1424//2456 1415//2456 1414//2456
f 1425//2457 1426//2457 1416//2457
f 1425//2458 1416//2458 1415//2458
f 1426//2459 1427//2459 1417//2459
f 1426//2460 1417//2460 1416//2460
f 1427//2461 1428//2461 1418//2461
f 1427//2462 1418//2462 1417//2462
f 1428//2463 1429//2463 1419//2463
f 1428//2464 1419//2464 1418//2464
f 1429//2465 1430//2465 1420//2465
f 1429//2466 1420//2466 1419//2466
f 1430//2467 1431//2467 1421//2467
f 1430//2468 1421//2468 1420//2468
f 1431//2469 1432//2469 1422//2469
f 1431//2470 1422//2470 1421//2470
f 1432//2471 1433//2471 1423//2471
f 1432//2472 1423//2472 1422//2472
f 1433//2473 1424//2473 1414//2473
f 1433//2474 1414//2474 1423//2474
f 1433//2475 1432//2475 1431//2475
f 1433//2476 1431//2476 1430//2476
f 1433//2477 1430//2477 1429//2477
f 1433//2478 1429//2478 1428//2478
f 1433//2479 1428//2479 1427//2479
f 1433//2480 1427//2480 1426//2480
f 1433//2481 1426//2481 1425//2481
f 1433//2482 1425//2482 1424//2482
usemtl Mat_NeonAmber
f 1444//2483 1445//2483 1435//2483
f 1444//2484 1435//2484 1434//2484
f 1445//2485 1446//2485 1436//2485
f 1445//2486 1436//2486 1435//2486
f 1446//2487 1447//2487 1437//2487
f 1446//2488 1437//2488 1436//2488
f 1447//2489 1448//2489 1438//2489
f 1447//2490 1438//2490 1437//2490
f 1448//2491 1449//2491 1439//2491
f 1448//2492 1439//2492 1438//2492
f 1449//2493 1450//2493 1440//2493
f 1449//2494 1440//2494 1439//2494
f 1450//2495 1451//2495 1441//2495
f 1450//2496 1441//2496 1440//2496
f 1451//2497 1452//2497 1442//2497
f 1451//2498 1442//2498 1441//2498
f 1452//2499 1453//2499 1443//2499
f 1452//2500 1443//2500 1442//2500
f 1453//2501 1444//2501 1434//2501
f 1453//2502 1434//2502 1443//2502
f 1453//2503 1452//2503 1451//2503
f 1453//2504 1451//2504 1450//2504
f 1453//2505 1450//2505 1449//2505
f 1453//2506 1449//2506 1448//2506
f 1453//2507 1448//2507 1447//2507
f 1453//2508 1447//2508 1446//2508
f 1453//2509 1446//2509 1445//2509
f 1453//2510 1445//2510 1444//2510
usemtl Mat_FadedWood
f 1472//2511 1473//2511 1455//2511
f 1472//2512 1455//2512 1454//2512
f 1473//2513 1474//2513 1456//2513
f 1473//2514 1456//2514 1455//2514
f 1474//2515 1475//2515 1457//2515
f 1474//2516 1457//2516 1456//2516
f 1475//2517 1476//2517 1458//2517
f 1475//2518 1458//2518 1457//2518
f 1476//2519 1477//2519 1459//2519
f 1476//2520 1459//2520 1458//2520
f 1477//2521 1478//2521 1460//2521
f 1477//2522 1460//2522 1459//2522
f 1478//2523 1479//2523 1461//2523
f 1478//2524 1461//2524 1460//2524
f 1479//2525 1480//2525 1462//2525
f 1479//2526 1462//2526 1461//2526
f 1480//2527 1481//2527 1463//2527
f 1480//2528 1463//2528 1462//2528
f 1481//2529 1482//2529 1464//2529
f 1481//2530 1464//2530 1463//2530
f 1482//2531 1483//2531 1465//2531
f 1482//2532 1465//2532 1464//2532
f 1483//2533 1484//2533 1466//2533
f 1483//2534 1466//2534 1465//2534
f 1484//2535 1485//2535 1467//2535
f 1484//2536 1467//2536 1466//2536
f 1485//2537 1486//2537 1468//2537
f 1485//2538 1468//2538 1467//2538
f 1486//2539 1487//2539 1469//2539
f 1486//2540 1469//2540 1468//2540
f 1487//2541 1488//2541 1470//2541
f 1487//2542 1470//2542 1469//2542
f 1488//2543 1489//2543 1471//2543
f 1488//2544 1471//2544 1470//2544
f 1489//2545 1472//2545 1454//2545
f 1489//2546 1454//2546 1471//2546
f 1489//2547 1488//2547 1487//2547
f 1489//2548 1487//2548 1486//2548
f 1489//2549 1486//2549 1485//2549
f 1489//2550 1485//2550 1484//2550
f 1489//2551 1484//2551 1483//2551
f 1489//2552 1483//2552 1482//2552
f 1489//2553 1482//2553 1481//2553
f 1489//2554 1481//2554 1480//2554
f 1489//2555 1480//2555 1479//2555
f 1489//2556 1479//2556 1478//2556
f 1489//2557 1478//2557 1477//2557
f 1489//2558 1477//2558 1476//2558
f 1489//2559 1476//2559 1475//2559
f 1489//2560 1475//2560 1474//2560
f 1489//2561 1474//2561 1473//2561
f 1489//2562 1473//2562 1472//2562
f 1454//2563 1455//2563 1456//2563
f 1454//2564 1456//2564 1457//2564
f 1454//2565 1457//2565 1458//2565
f 1454//2566 1458//2566 1459//2566
f 1454//2567 1459//2567 1460//2567
f 1454//2568 1460//2568 1461//2568
f 1454//2569 1461//2569 1462//2569
f 1454//2570 1462//2570 1463//2570
f 1454//2571 1463//2571 1464//2571
f 1454//2572 1464//2572 1465//2572
f 1454//2573 1465//2573 1466//2573
f 1454//2574 1466//2574 1467//2574
f 1454//2575 1467//2575 1468//2575
f 1454//2576 1468//2576 1469//2576
f 1454//2577 1469//2577 1470//2577
f 1454//2578 1470//2578 1471//2578
usemtl Mat_Void
f 1508//2579 1509//2579 1491//2579
f 1508//2580 1491//2580 1490//2580
f 1509//2581 1510//2581 1492//2581
f 1509//2582 1492//2582 1491//2582
f 1510//2583 1511//2583 1493//2583
f 1510//2584 1493//2584 1492//2584
f 1511//2585 1512//2585 1494//2585
f 1511//2586 1494//2586 1493//2586
f 1512//2587 1513//2587 1495//2587
f 1512//2588 1495//2588 1494//2588
f 1513//2589 1514//2589 1496//2589
f 1513//2590 1496//2590 1495//2590
f 1514//2591 1515//2591 1497//2591
f 1514//2592 1497//2592 1496//2592
f 1515//2593 1516//2593 1498//2593
f 1515//2594 1498//2594 1497//2594
f 1516//2595 1517//2595 1499//2595
f 1516//2596 1499//2596 1498//2596
f 1517//2597 1518//2597 1500//2597
f 1517//2598 1500//2598 1499//2598
f 1518//2599 1519//2599 1501//2599
f 1518//2600 1501//2600 1500//2600
f 1519//2601 1520//2601 1502//2601
f 1519//2602 1502//2602 1501//2602
f 1520//2603 1521//2603 1503//2603
f 1520//2604 1503//2604 1502//2604
f 1521//2605 1522//2605 1504//2605
f 1521//2606 1504//2606 1503//2606
f 1522//2607 1523//2607 1505//2607
f 1522//2608 1505//2608 1504//2608
f 1523//2609 1524//2609 1506//2609
f 1523//2610 1506//2610 1505//2610
f 1524//2611 1525//2611 1507//2611
f 1524//2612 1507//2612 1506//2612
f 1525//2613 1508//2613 1490//2613
f 1525//2614 1490//2614 1507//2614
f 1525//2615 1524//2615 1523//2615
f 1525//2616 1523//2616 1522//2616
f 1525//2617 1522//2617 1521//2617
f 1525//2618 1521//2618 1520//2618
f 1525//2619 1520//2619 1519//2619
f 1525//2620 1519//2620 1518//2620
f 1525//2621 1518//2621 1517//2621
f 1525//2622 1517//2622 1516//2622
f 1525//2623 1516//2623 1515//2623
f 1525//2624 1515//2624 1514//2624
f 1525//2625 1514//2625 1513//2625
f 1525//2626 1513//2626 1512//2626
f 1525//2627 1512//2627 1511//2627
f 1525//2628 1511//2628 1510//2628
f 1525//2629 1510//2629 1509//2629
f 1525//2630 1509//2630 1508//2630
f 1490//2631 1491//2631 1492//2631
f 1490//2632 1492//2632 1493//2632
f 1490//2633 1493//2633 1494//2633
f 1490//2634 1494//2634 1495//2634
f 1490//2635 1495//2635 1496//2635
f 1490//2636 1496//2636 1497//2636
f 1490//2637 1497//2637 1498//2637
f 1490//2638 1498//2638 1499//2638
f 1490//2639 1499//2639 1500//2639
f 1490//2640 1500//2640 1501//2640
f 1490//2641 1501//2641 1502//2641
f 1490//2642 1502//2642 1503//2642
f 1490//2643 1503//2643 1504//2643
f 1490//2644 1504//2644 1505//2644
f 1490//2645 1505//2645 1506//2645
f 1490//2646 1506//2646 1507//2646
usemtl Mat_FadedWood
f 1534//2647 1535//2647 1527//2647
f 1534//2648 1527//2648 1526//2648
f 1535//2649 1536//2649 1528//2649
f 1535//2650 1528//2650 1527//2650
f 1536//2651 1537//2651 1529//2651
f 1536//2652 1529//2652 1528//2652
f 1537//2653 1538//2653 1530//2653
f 1537//2654 1530//2654 1529//2654
f 1538//2655 1539//2655 1531//2655
f 1538//2656 1531//2656 1530//2656
f 1539//2657 1540//2657 1532//2657
f 1539//2658 1532//2658 1531//2658
f 1540//2659 1541//2659 1533//2659
f 1540//2660 1533//2660 1532//2660
f 1541//2661 1534//2661 1526//2661
f 1541//2662 1526//2662 1533//2662
f 1541//2663 1540//2663 1539//2663
f 1541//2664 1539//2664 1538//2664
f 1541//2665 1538//2665 1537//2665
f 1541//2666 1537//2666 1536//2666
f 1541//2667 1536//2667 1535//2667
f 1541//2668 1535//2668 1534//2668
f 1526//2669 1527//2669 1528//2669
f 1526//2670 1528//2670 1529//2670
f 1526//2671 1529//2671 1530//2671
f 1526//2672 1530//2672 1531//2672
f 1526//2673 1531//2673 1532//2673
f 1526//2674 1532//2674 1533//2674
usemtl Mat_DarkMetal
f 1546//2675 1547//2675 1543//2675
f 1546//2676 1543//2676 1542//2676
f 1547//2677 1548//2677 1544//2677
f 1547//2678 1544//2678 1543//2678
f 1548//2679 1549//2679 1545//2679
f 1548//2680 1545//2680 1544//2680
f 1549//2681 1546//2681 1542//2681
f 1549//2682 1542//2682 1545//2682
f 1549//2683 1548//2683 1547//2683
f 1549//2684 1547//2684 1546//2684
f 1542//2685 1543//2685 1544//2685
f 1542//2686 1544//2686 1545//2686
usemtl Mat_Glass
f 1551//2687 1552//2687 1550//2687
f 1552//2688 1553//2688 1550//2688
f 1553//2689 1554//2689 1550//2689
f 1554//2690 1555//2690 1550//2690
f 1555//2691 1556//2691 1550//2691
f 1556//2692 1551//2692 1550//2692
f 1557//2693 1558//2693 1552//2693
f 1557//2694 1552//2694 1551//2694
f 1558//2695 1559//2695 1553//2695
f 1558//2696 1553//2696 1552//2696
f 1559//2697 1560//2697 1554//2697
f 1559//2698 1554//2698 1553//2698
f 1560//2699 1561//2699 1555//2699
f 1560//2700 1555//2700 1554//2700
f 1561//2701 1562//2701 1556//2701
f 1561//2702 1556//2702 1555//2702
f 1562//2703 1557//2703 1551//2703
f 1562//2704 1551//2704 1556//2704
f 1563//2705 1564//2705 1558//2705
f 1563//2706 1558//2706 1557//2706
f 1564//2707 1565//2707 1559//2707
f 1564//2708 1559//2708 1558//2708
f 1565//2709 1566//2709 1560//2709
f 1565//2710 1560//2710 1559//2710
f 1566//2711 1567//2711 1561//2711
f 1566//2712 1561//2712 1560//2712
f 1567//2713 1568//2713 1562//2713
f 1567//2714 1562//2714 1561//2714
f 1568//2715 1563//2715 1557//2715
f 1568//2716 1557//2716 1562//2716
f 1569//2717 1564//2717 1563//2717
f 1569//2718 1565//2718 1564//2718
f 1569//2719 1566//2719 1565//2719
f 1569//2720 1567//2720 1566//2720
f 1569//2721 1568//2721 1567//2721
f 1569//2722 1563//2722 1568//2722
usemtl Mat_SlimeGreen
f 1576//2723 1577//2723 1571//2723
f 1576//2724 1571//2724 1570//2724
f 1577//2725 1578//2725 1572//2725
f 1577//2726 1572//2726 1571//2726
f 1578//2727 1579//2727 1573//2727
f 1578//2728 1573//2728 1572//2728
f 1579//2729 1580//2729 1574//2729
f 1579//2730 1574//2730 1573//2730
f 1580//2731 1581//2731 1575//2731
f 1580//2732 1575//2732 1574//2732
f 1581//2733 1576//2733 1570//2733
f 1581//2734 1570//2734 1575//2734
f 1581//2735 1580//2735 1579//2735
f 1581//2736 1579//2736 1578//2736
f 1581//2737 1578//2737 1577//2737
f 1581//2738 1577//2738 1576//2738
f 1570//2739 1571//2739 1572//2739
f 1570//2740 1572//2740 1573//2740
f 1570//2741 1573//2741 1574//2741
f 1570//2742 1574//2742 1575//2742
usemtl Mat_DarkWood
f 1588//2743 1589//2743 1583//2743
f 1588//2744 1583//2744 1582//2744
f 1589//2745 1590//2745 1584//2745
f 1589//2746 1584//2746 1583//2746
f 1590//2747 1591//2747 1585//2747
f 1590//2748 1585//2748 1584//2748
f 1591//2749 1592//2749 1586//2749
f 1591//2750 1586//2750 1585//2750
f 1592//2751 1593//2751 1587//2751
f 1592//2752 1587//2752 1586//2752
f 1593//2753 1588//2753 1582//2753
f 1593//2754 1582//2754 1587//2754
f 1593//2755 1592//2755 1591//2755
f 1593//2756 1591//2756 1590//2756
f 1593//2757 1590//2757 1589//2757
f 1593//2758 1589//2758 1588//2758
f 1582//2759 1583//2759 1584//2759
f 1582//2760 1584//2760 1585//2760
f 1582//2761 1585//2761 1586//2761
f 1582//2762 1586//2762 1587//2762
usemtl Mat_DarkMetal
f 1598//2763 1599//2763 1595//2763
f 1598//2764 1595//2764 1594//2764
f 1599//2765 1600//2765 1596//2765
f 1599//2766 1596//2766 1595//2766
f 1600//2767 1601//2767 1597//2767
f 1600//2768 1597//2768 1596//2768
f 1601//2769 1598//2769 1594//2769
f 1601//2770 1594//2770 1597//2770
f 1601//2771 1600//2771 1599//2771
f 1601//2772 1599//2772 1598//2772
f 1594//2773 1595//2773 1596//2773
f 1594//2774 1596//2774 1597//2774
usemtl Mat_DarkWood
f 1608//2775 1609//2775 1603//2775
f 1608//2776 1603//2776 1602//2776
f 1609//2777 1610//2777 1604//2777
f 1609//2778 1604//2778 1603//2778
f 1610//2779 1611//2779 1605//2779
f 1610//2780 1605//2780 1604//2780
f 1611//2781 1612//2781 1606//2781
f 1611//2782 1606//2782 1605//2782
f 1612//2783 1613//2783 1607//2783
f 1612//2784 1607//2784 1606//2784
f 1613//2785 1608//2785 1602//2785
f 1613//2786 1602//2786 1607//2786
f 1613//2787 1612//2787 1611//2787
f 1613//2788 1611//2788 1610//2788
f 1613//2789 1610//2789 1609//2789
f 1613//2790 1609//2790 1608//2790
f 1602//2791 1603//2791 1604//2791
f 1602//2792 1604//2792 1605//2792
f 1602//2793 1605//2793 1606//2793
f 1602//2794 1606//2794 1607//2794
usemtl Mat_DarkMetal
f 1618//2795 1619//2795 1615//2795
f 1618//2796 1615//2796 1614//2796
f 1619//2797 1620//2797 1616//2797
f 1619//2798 1616//2798 1615//2798
f 1620//2799 1621//2799 1617//2799
f 1620//2800 1617//2800 1616//2800
f 1621//2801 1618//2801 1614//2801
f 1621//2802 1614//2802 1617//2802
f 1621//2803 1620//2803 1619//2803
f 1621//2804 1619//2804 1618//2804
f 1614//2805 1615//2805 1616//2805
f 1614//2806 1616//2806 1617//2806
usemtl Mat_FadedWood
f 1630//2807 1631//2807 1623//2807
f 1630//2808 1623//2808 1622//2808
f 1631//2809 1632//2809 1624//2809
f 1631//2810 1624//2810 1623//2810
f 1632//2811 1633//2811 1625//2811
f 1632//2812 1625//2812 1624//2812
f 1633//2813 1634//2813 1626//2813
f 1633//2814 1626//2814 1625//2814
f 1634//2815 1635//2815 1627//2815
f 1634//2816 1627//2816 1626//2816
f 1635//2817 1636//2817 1628//2817
f 1635//2818 1628//2818 1627//2818
f 1636//2819 1637//2819 1629//2819
f 1636//2820 1629//2820 1628//2820
f 1637//2821 1630//2821 1622//2821
f 1637//2822 1622//2822 1629//2822
f 1637//2823 1636//2823 1635//2823
f 1637//2824 1635//2824 1634//2824
f 1637//2825 1634//2825 1633//2825
f 1637//2826 1633//2826 1632//2826
f 1637//2827 1632//2827 1631//2827
f 1637//2828 1631//2828 1630//2828
f 1622//2829 1623//2829 1624//2829
f 1622//2830 1624//2830 1625//2830
f 1622//2831 1625//2831 1626//2831
f 1622//2832 1626//2832 1627//2832
f 1622//2833 1627//2833 1628//2833
f 1622//2834 1628//2834 1629//2834
usemtl Mat_DarkMetal
f 1642//2835 1643//2835 1639//2835
f 1642//2836 1639//2836 1638//2836
f 1643//2837 1644//2837 1640//2837
f 1643//2838 1640//2838 1639//2838
f 1644//2839 1645//2839 1641//2839
f 1644//2840 1641//2840 1640//2840
f 1645//2841 1642//2841 1638//2841
f 1645//2842 1638//2842 1641//2842
f 1645//2843 1644//2843 1643//2843
f 1645//2844 1643//2844 1642//2844
f 1638//2845 1639//2845 1640//2845
f 1638//2846 1640//2846 1641//2846
usemtl Mat_Glass
f 1647//2847 1648//2847 1646//2847
f 1648//2848 1649//2848 1646//2848
f 1649//2849 1650//2849 1646//2849
f 1650//2850 1651//2850 1646//2850
f 1651//2851 1652//2851 1646//2851
f 1652//2852 1647//2852 1646//2852
f 1653//2853 1654//2853 1648//2853
f 1653//2854 1648//2854 1647//2854
f 1654//2855 1655//2855 1649//2855
f 1654//2856 1649//2856 1648//2856
f 1655//2857 1656//2857 1650//2857
f 1655//2858 1650//2858 1649//2858
f 1656//2859 1657//2859 1651//2859
f 1656//2860 1651//2860 1650//2860
f 1657//2861 1658//2861 1652//2861
f 1657//2862 1652//2862 1651//2862
f 1658//2863 1653//2863 1647//2863
f 1658//2864 1647//2864 1652//2864
f 1659//2865 1660//2865 1654//2865
f 1659//2866 1654//2866 1653//2866
f 1660//2867 1661//2867 1655//2867
f 1660//2868 1655//2868 1654//2868
f 1661//2869 1662//2869 1656//2869
f 1661//2870 1656//2870 1655//2870
f 1662//2871 1663//2871 1657//2871
f 1662//2872 1657//2872 1656//2872
f 1663//2873 1664//2873 1658//2873
f 1663//2874 1658//2874 1657//2874
f 1664//2875 1659//2875 1653//2875
f 1664//2876 1653//2876 1658//2876
f 1665//2877 1660//2877 1659//2877
f 1665//2878 1661//2878 1660//2878
f 1665//2879 1662//2879 1661//2879
f 1665//2880 1663//2880 1662//2880
f 1665//2881 1664//2881 1663//2881
f 1665//2882 1659//2882 1664//2882
usemtl Mat_SlimeGreen
f 1672//2883 1673//2883 1667//2883
f 1672//2884 1667//2884 1666//2884
f 1673//2885 1674//2885 1668//2885
f 1673//2886 1668//2886 1667//2886
f 1674//2887 1675//2887 1669//2887
f 1674//2888 1669//2888 1668//2888
f 1675//2889 1676//2889 1670//2889
f 1675//2890 1670//2890 1669//2890
f 1676//2891 1677//2891 1671//2891
f 1676//2892 1671//2892 1670//2892
f 1677//2893 1672//2893 1666//2893
f 1677//2894 1666//2894 1671//2894
f 1677//2895 1676//2895 1675//2895
f 1677//2896 1675//2896 1674//2896
f 1677//2897 1674//2897 1673//2897
f 1677//2898 1673//2898 1672//2898
f 1666//2899 1667//2899 1668//2899
f 1666//2900 1668//2900 1669//2900
f 1666//2901 1669//2901 1670//2901
f 1666//2902 1670//2902 1671//2902
usemtl Mat_DarkWood
f 1684//2903 1685//2903 1679//2903
f 1684//2904 1679//2904 1678//2904
f 1685//2905 1686//2905 1680//2905
f 1685//2906 1680//2906 1679//2906
f 1686//2907 1687//2907 1681//2907
f 1686//2908 1681//2908 1680//2908
f 1687//2909 1688//2909 1682//2909
f 1687//2910 1682//2910 1681//2910
f 1688//2911 1689//2911 1683//2911
f 1688//2912 1683//2912 1682//2912
f 1689//2913 1684//2913 1678//2913
f 1689//2914 1678//2914 1683//2914
f 1689//2915 1688//2915 1687//2915
f 1689//2916 1687//2916 1686//2916
f 1689//2917 1686//2917 1685//2917
f 1689//2918 1685//2918 1684//2918
f 1678//2919 1679//2919 1680//2919
f 1678//2920 1680//2920 1681//2920
f 1678//2921 1681//2921 1682//2921
f 1678//2922 1682//2922 1683//2922
usemtl Mat_DarkMetal
f 1694//2923 1695//2923 1691//2923
f 1694//2924 1691//2924 1690//2924
f 1695//2925 1696//2925 1692//2925
f 1695//2926 1692//2926 1691//2926
f 1696//2927 1697//2927 1693//2927
f 1696//2928 1693//2928 1692//2928
f 1697//2929 1694//2929 1690//2929
f 1697//2930 1690//2930 1693//2930
f 1697//2931 1696//2931 1695//2931
f 1697//2932 1695//2932 1694//2932
f 1690//2933 1691//2933 1692//2933
f 1690//2934 1692//2934 1693//2934
usemtl Mat_DarkWood
f 1704//2935 1705//2935 1699//2935
f 1704//2936 1699//2936 1698//2936
f 1705//2937 1706//2937 1700//2937
f 1705//2938 1700//2938 1699//2938
f 1706//2939 1707//2939 1701//2939
f 1706//2940 1701//2940 1700//2940
f 1707//2941 1708//2941 1702//2941
f 1707//2942 1702//2942 1701//2942
f 1708//2943 1709//2943 1703//2943
f 1708//2944 1703//2944 1702//2944
f 1709//2945 1704//2945 1698//2945
f 1709//2946 1698//2946 1703//2946
f 1709//2947 1708//2947 1707//2947
f 1709//2948 1707//2948 1706//2948
f 1709//2949 1706//2949 1705//2949
f 1709//2950 1705//2950 1704//2950
f 1698//2951 1699//2951 1700//2951
f 1698//2952 1700//2952 1701//2952
f 1698//2953 1701//2953 1702//2953
f 1698//2954 1702//2954 1703//2954
usemtl Mat_DarkMetal
f 1714//2955 1715//2955 1711//2955
f 1714//2956 1711//2956 1710//2956
f 1715//2957 1716//2957 1712//2957
f 1715//2958 1712//2958 1711//2958
f 1716//2959 1717//2959 1713//2959
f 1716//2960 1713//2960 1712//2960
f 1717//2961 1714//2961 1710//2961
f 1717//2962 1710//2962 1713//2962
f 1717//2963 1716//2963 1715//2963
f 1717//2964 1715//2964 1714//2964
f 1710//2965 1711//2965 1712//2965
f 1710//2966 1712//2966 1713//2966
f 1722//2967 1723//2967 1719//2967
f 1722//2968 1719//2968 1718//2968
f 1723//2969 1724//2969 1720//2969
f 1723//2970 1720//2970 1719//2970
f 1724//2971 1725//2971 1721//2971
f 1724//2972 1721//2972 1720//2972
f 1725//2973 1722//2973 1718//2973
f 1725//2974 1718//2974 1721//2974
f 1725//2975 1724//2975 1723//2975
f 1725//2976 1723//2976 1722//2976
f 1718//2977 1719//2977 1720//2977
f 1718//2978 1720//2978 1721//2978
usemtl Mat_PaintedWood
f 1734//2979 1735//2979 1727//2979
f 1734//2980 1727//2980 1726//2980
f 1735//2981 1736//2981 1728//2981
f 1735//2982 1728//2982 1727//2982
f 1736//2983 1737//2983 1729//2983
f 1736//2984 1729//2984 1728//2984
f 1737//2985 1738//2985 1730//2985
f 1737//2986 1730//2986 1729//2986
f 1738//2987 1739//2987 1731//2987
f 1738//2988 1731//2988 1730//2988
f 1739//2989 1740//2989 1732//2989
f 1739//2990 1732//2990 1731//2990
f 1740//2991 1741//2991 1733//2991
f 1740//2992 1733//2992 1732//2992
f 1741//2993 1734//2993 1726//2993
f 1741//2994 1726//2994 1733//2994
f 1741//2995 1740//2995 1739//2995
f 1741//2996 1739//2996 1738//2996
f 1741//2997 1738//2997 1737//2997
f 1741//2998 1737//2998 1736//2998
f 1741//2999 1736//2999 1735//2999
f 1741//3000 1735//3000 1734//3000
f 1726//3001 1727//3001 1728//3001
f 1726//3002 1728//3002 1729//3002
f 1726//3003 1729//3003 1730//3003
f 1726//3004 1730//3004 1731//3004
f 1726//3005 1731//3005 1732//3005
f 1726//3006 1732//3006 1733//3006
usemtl Mat_NeonAmber
f 1750//3007 1751//3007 1743//3007
f 1750//3008 1743//3008 1742//3008
f 1751//3009 1752//3009 1744//3009
f 1751//3010 1744//3010 1743//3010
f 1752//3011 1753//3011 1745//3011
f 1752//3012 1745//3012 1744//3012
f 1753//3013 1754//3013 1746//3013
f 1753//3014 1746//3014 1745//3014
f 1754//3015 1755//3015 1747//3015
f 1754//3016 1747//3016 1746//3016
f 1755//3017 1756//3017 1748//3017
f 1755//3018 1748//3018 1747//3018
f 1756//3019 1757//3019 1749//3019
f 1756//3020 1749//3020 1748//3020
f 1757//3021 1750//3021 1742//3021
f 1757//3022 1742//3022 1749//3022
usemtl Mat_DarkMetal
f 1764//3023 1765//3023 1759//3023
f 1764//3024 1759//3024 1758//3024
f 1765//3025 1766//3025 1760//3025
f 1765//3026 1760//3026 1759//3026
f 1766//3027 1767//3027 1761//3027
f 1766//3028 1761//3028 1760//3028
f 1767//3029 1768//3029 1762//3029
f 1767//3030 1762//3030 1761//3030
f 1768//3031 1769//3031 1763//3031
f 1768//3032 1763//3032 1762//3032
f 1769//3033 1764//3033 1758//3033
f 1769//3034 1758//3034 1763//3034
f 1769//3035 1768//3035 1767//3035
f 1769//3036 1767//3036 1766//3036
f 1769//3037 1766//3037 1765//3037
f 1769//3038 1765//3038 1764//3038
f 1758//3039 1759//3039 1760//3039
f 1758//3040 1760//3040 1761//3040
f 1758//3041 1761//3041 1762//3041
f 1758//3042 1762//3042 1763//3042
f 1776//3043 1777//3043 1771//3043
f 1776//3044 1771//3044 1770//3044
f 1777//3045 1778//3045 1772//3045
f 1777//3046 1772//3046 1771//3046
f 1778//3047 1779//3047 1773//3047
f 1778//3048 1773//3048 1772//3048
f 1779//3049 1780//3049 1774//3049
f 1779//3050 1774//3050 1773//3050
f 1780//3051 1781//3051 1775//3051
f 1780//3052 1775//3052 1774//3052
f 1781//3053 1776//3053 1770//3053
f 1781//3054 1770//3054 1775//3054
f 1781//3055 1780//3055 1779//3055
f 1781//3056 1779//3056 1778//3056
f 1781//3057 1778//3057 1777//3057
f 1781//3058 1777//3058 1776//3058
f 1770//3059 1771//3059 1772//3059
f 1770//3060 1772//3060 1773//3060
f 1770//3061 1773//3061 1774//3061
f 1770//3062 1774//3062 1775//3062
usemtl Mat_DarkWood
f 1789//3063 1788//3063 1787//3063
f 1789//3064 1787//3064 1786//3064
f 1786//3065 1787//3065 1783//3065
f 1786//3066 1783//3066 1782//3066
f 1787//3067 1788//3067 1784//3067
f 1787//3068 1784//3068 1783//3068
f 1788//3069 1789//3069 1785//3069
f 1788//3070 1785//3070 1784//3070
f 1789//3071 1786//3071 1782//3071
f 1789//3072 1782//3072 1785//3072
f 1783//3073 1784//3073 1785//3073
f 1783//3074 1785//3074 1782//3074
usemtl Mat_Brass
f 1797//3075 1796//3075 1795//3075
f 1797//3076 1795//3076 1794//3076
f 1794//3077 1795//3077 1791//3077
f 1794//3078 1791//3078 1790//3078
f 1795//3079 1796//3079 1792//3079
f 1795//3080 1792//3080 1791//3080
f 1796//3081 1797//3081 1793//3081
f 1796//3082 1793//3082 1792//3082
f 1797//3083 1794//3083 1790//3083
f 1797//3084 1790//3084 1793//3084
f 1791//3085 1792//3085 1793//3085
f 1791//3086 1793//3086 1790//3086
f 1805//3087 1804//3087 1803//3087
f 1805//3088 1803//3088 1802//3088
f 1802//3089 1803//3089 1799//3089
f 1802//3090 1799//3090 1798//3090
f 1803//3091 1804//3091 1800//3091
f 1803//3092 1800//3092 1799//3092
f 1804//3093 1805//3093 1801//3093
f 1804//3094 1801//3094 1800//3094
f 1805//3095 1802//3095 1798//3095
f 1805//3096 1798//3096 1801//3096
f 1799//3097 1800//3097 1801//3097
f 1799//3098 1801//3098 1798//3098
usemtl Mat_NeonAmber
f 1806//3099 1807//3099 1808//3099
f 1806//3100 1808//3100 1809//3100
f 1810//3101 1811//3101 1812//3101
f 1810//3102 1812//3102 1813//3102
f 1814//3103 1815//3103 1816//3103
f 1814//3104 1816//3104 1817//3104
f 1818//3105 1819//3105 1820//3105
f 1818//3106 1820//3106 1821//3106
f 1822//3107 1823//3107 1824//3107
f 1822//3108 1824//3108 1825//3108
f 1826//3109 1827//3109 1828//3109
f 1826//3110 1828//3110 1829//3110
f 1830//3111 1831//3111 1832//3111
f 1830//3112 1832//3112 1833//3112
f 1834//3113 1835//3113 1836//3113
f 1834//3114 1836//3114 1837//3114
f 1838//3115 1839//3115 1840//3115
f 1838//3116 1840//3116 1841//3116
f 1842//3117 1843//3117 1844//3117
f 1842//3118 1844//3118 1845//3118
f 1846//3119 1847//3119 1848//3119
f 1846//3120 1848//3120 1849//3120
f 1850//3121 1851//3121 1852//3121
f 1850//3122 1852//3122 1853//3122
f 1854//3123 1855//3123 1856//3123
f 1854//3124 1856//3124 1857//3124
f 1858//3125 1859//3125 1860//3125
f 1858//3126 1860//3126 1861//3126
f 1862//3127 1863//3127 1864//3127
f 1862//3128 1864//3128 1865//3128
f 1866//3129 1867//3129 1868//3129
f 1866//3130 1868//3130 1869//3130
f 1870//3131 1871//3131 1872//3131
f 1870//3132 1872//3132 1873//3132
f 1874//3133 1875//3133 1876//3133
f 1874//3134 1876//3134 1877//3134
f 1878//3135 1879//3135 1880//3135
f 1878//3136 1880//3136 1881//3136
usemtl Mat_NeonLaser
f 1882//3137 1883//3137 1887//3137
f 1882//3138 1887//3138 1886//3138
f 1883//3139 1884//3139 1888//3139
f 1883//3140 1888//3140 1887//3140
f 1884//3141 1885//3141 1889//3141
f 1884//3142 1889//3142 1888//3142
f 1885//3143 1882//3143 1886//3143
f 1885//3144 1886//3144 1889//3144
f 1886//3145 1887//3145 1891//3145
f 1886//3146 1891//3146 1890//3146
f 1887//3147 1888//3147 1892//3147
f 1887//3148 1892//3148 1891//3148
f 1888//3149 1889//3149 1893//3149
f 1888//3150 1893//3150 1892//3150
f 1889//3151 1886//3151 1890//3151
f 1889//3152 1890//3152 1893//3152
f 1890//3153 1891//3153 1895//3153
f 1890//3154 1895//3154 1894//3154
f 1891//3155 1892//3155 1896//3155
f 1891//3156 1896//3156 1895//3156
f 1892//3157 1893//3157 1897//3157
f 1892//3158 1897//3158 1896//3158
f 1893//3159 1890//3159 1894//3159
f 1893//3160 1894//3160 1897//3160
f 1894//3161 1895//3161 1883//3161
f 1894//3162 1883//3162 1882//3162
f 1895//3163 1896//3163 1884//3163
f 1895//3164 1884//3164 1883//3164
f 1896//3165 1897//3165 1885//3165
f 1896//3166 1885//3166 1884//3166
f 1897//3167 1894//3167 1882//3167
f 1897//3168 1882//3168 1885//3168
f 1898//3169 1899//3169 1903//3169
f 1898//3170 1903//3170 1902//3170
f 1899//3171 1900//3171 1904//3171
f 1899//3172 1904//3172 1903//3172
f 1900//3173 1901//3173 1905//3173
f 1900//3174 1905//3174 1904//3174
f 1901//3175 1898//3175 1902//3175
f 1901//3176 1902//3176 1905//3176
f 1902//3177 1903//3177 1907//3177
f 1902//3178 1907//3178 1906//3178
f 1903//3179 1904//3179 1908//3179
f 1903//3180 1908//3180 1907//3180
f 1904//3181 1905//3181 1909//3181
f 1904//3182 1909//3182 1908//3182
f 1905//3183 1902//3183 1906//3183
f 1905//3184 1906//3184 1909//3184
f 1906//3185 1907//3185 1911//3185
f 1906//3186 1911//3186 1910//3186
f 1907//3187 1908//3187 1912//3187
f 1907//3188 1912//3188 1911//3188
f 1908//3189 1909//3189 1913//3189
f 1908//3190 1913//3190 1912//3190
f 1909//3191 1906//3191 1910//3191
f 1909//3192 1910//3192 1913//3192
f 1910//3193 1911//3193 1915//3193
f 1910//3194 1915//3194 1914//3194
f 1911//3195 1912//3195 1916//3195
f 1911//3196 1916//3196 1915//3196
f 1912//3197 1913//3197 1917//3197
f 1912//3198 1917//3198 1916//3198
f 1913//3199 1910//3199 1914//3199
f 1913//3200 1914//3200 1917//3200
f 1914//3201 1915//3201 1919//3201
f 1914//3202 1919//3202 1918//3202
f 1915//3203 1916//3203 1920//3203
f 1915//3204 1920//3204 1919//3204
f 1916//3205 1917//3205 1921//3205
f 1916//3206 1921//3206 1920//3206
f 1917//3207 1914//3207 1918//3207
f 1917//3208 1918//3208 1921//3208
f 1918//3209 1919//3209 1923//3209
f 1918//3210 1923//3210 1922//3210
f 1919//3211 1920//3211 1924//3211
f 1919//3212 1924//3212 1923//3212
f 1920//3213 1921//3213 1925//3213
f 1920//3214 1925//3214 1924//3214
f 1921//3215 1918//3215 1922//3215
f 1921//3216 1922//3216 1925//3216
f 1922//3217 1923//3217 1927//3217
f 1922//3218 1927//3218 1926//3218
f 1923//3219 1924//3219 1928//3219
f 1923//3220 1928//3220 1927//3220
f 1924//3221 1925//3221 1929//3221
f 1924//3222 1929//3222 1928//3222
f 1925//3223 1922//3223 1926//3223
f 1925//3224 1926//3224 1929//3224
f 1926//3225 1927//3225 1899//3225
f 1926//3226 1899//3226 1898//3226
f 1927//3227 1928//3227 1900//3227
f 1927//3228 1900//3228 1899//3228
f 1928//3229 1929//3229 1901//3229
f 1928//3230 1901//3230 1900//3230
f 1929//3231 1926//3231 1898//3231
f 1929//3232 1898//3232 1901//3232
usemtl Mat_NeonGreen
f 1930//3233 1931//3233 1932//3233
f 1935//3234 1934//3234 1933//3234
f 1930//3235 1933//3235 1934//3235
f 1930//3236 1934//3236 1931//3236
f 1931//3237 1934//3237 1935//3237
f 1931//3238 1935//3238 1932//3238
f 1932//3239 1935//3239 1933//3239
f 1932//3240 1933//3240 1930//3240
usemtl Mat_Brass
f 1940//3241 1941//3241 1937//3241
f 1940//3242 1937//3242 1936//3242
f 1941//3243 1942//3243 1938//3243
f 1941//3244 1938//3244 1937//3244
f 1942//3245 1943//3245 1939//3245
f 1942//3246 1939//3246 1938//3246
f 1943//3247 1940//3247 1936//3247
f 1943//3248 1936//3248 1939//3248
f 1943//3249 1942//3249 1941//3249
f 1943//3250 1941//3250 1940//3250
f 1936//3251 1937//3251 1938//3251
f 1936//3252 1938//3252 1939//3252
usemtl Mat_Bone
f 1945//3253 1946//3253 1944//3253
f 1946//3254 1947//3254 1944//3254
f 1947//3255 1948//3255 1944//3255
f 1948//3256 1949//3256 1944//3256
f 1949//3257 1950//3257 1944//3257
f 1950//3258 1951//3258 1944//3258
f 1951//3259 1952//3259 1944//3259
f 1952//3260 1945//3260 1944//3260
f 1953//3261 1954//3261 1946//3261
f 1953//3262 1946//3262 1945//3262
f 1954//3263 1955//3263 1947//3263
f 1954//3264 1947//3264 1946//3264
f 1955//3265 1956//3265 1948//3265
f 1955//3266 1948//3266 1947//3266
f 1956//3267 1957//3267 1949//3267
f 1956//3268 1949//3268 1948//3268
f 1957//3269 1958//3269 1950//3269
f 1957//3270 1950//3270 1949//3270
f 1958//3271 1959//3271 1951//3271
f 1958//3272 1951//3272 1950//3272
f 1959//3273 1960//3273 1952//3273
f 1959//3274 1952//3274 1951//3274
f 1960//3275 1953//3275 1945//3275
f 1960//3276 1945//3276 1952//3276
f 1961//3277 1962//3277 1954//3277
f 1961//3278 1954//3278 1953//3278
f 1962//3279 1963//3279 1955//3279
f 1962//3280 1955//3280 1954//3280
f 1963//3281 1964//3281 1956//3281
f 1963//3282 1956//3282 1955//3282
f 1964//3283 1965//3283 1957//3283
f 1964//3284 1957//3284 1956//3284
f 1965//3285 1966//3285 1958//3285
f 1965//3286 1958//3286 1957//3286
f 1966//3287 1967//3287 1959//3287
f 1966//3288 1959//3288 1958//3288
f 1967//3289 1968//3289 1960//3289
f 1967//3290 1960//3290 1959//3290
f 1968//3291 1961//3291 1953//3291
f 1968//3292 1953//3292 1960//3292
f 1969//3293 1970//3293 1962//3293
f 1969//3294 1962//3294 1961//3294
f 1970//3295 1971//3295 1963//3295
f 1970//3296 1963//3296 1962//3296
f 1971//3297 1972//3297 1964//3297
f 1971//3298 1964//3298 1963//3298
f 1972//3299 1973//3299 1965//3299
f 1972//3300 1965//3300 1964//3300
f 1973//3301 1974//3301 1966//3301
f 1973//3302 1966//3302 1965//3302
f 1974//3303 1975//3303 1967//3303
f 1974//3304 1967//3304 1966//3304
f 1975//3305 1976//3305 1968//3305
f 1975//3306 1968//3306 1967//3306
f 1976//3307 1969//3307 1961//3307
f 1976//3308 1961//3308 1968//3308
f 1977//3309 1970//3309 1969//3309
f 1977//3310 1971//3310 1970//3310
f 1977//3311 1972//3311 1971//3311
f 1977//3312 1973//3312 1972//3312
f 1977//3313 1974//3313 1973//3313
f 1977//3314 1975//3314 1974//3314
f 1977//3315 1976//3315 1975//3315
f 1977//3316 1969//3316 1976//3316
usemtl Mat_NeonGreen
f 1986//3317 1987//3317 1979//3317
f 1986//3318 1979//3318 1978//3318
f 1987//3319 1988//3319 1980//3319
f 1987//3320 1980//3320 1979//3320
f 1988//3321 1989//3321 1981//3321
f 1988//3322 1981//3322 1980//3322
f 1989//3323 1990//3323 1982//3323
f 1989//3324 1982//3324 1981//3324
f 1990//3325 1991//3325 1983//3325
f 1990//3326 1983//3326 1982//3326
f 1991//3327 1992//3327 1984//3327
f 1991//3328 1984//3328 1983//3328
f 1992//3329 1993//3329 1985//3329
f 1992//3330 1985//3330 1984//3330
f 1993//3331 1986//3331 1978//3331
f 1993//3332 1978//3332 1985//3332
f 1993//3333 1992//3333 1991//3333
f 1993//3334 1991//3334 1990//3334
f 1993//3335 1990//3335 1989//3335
f 1993//3336 1989//3336 1988//3336
f 1993//3337 1988//3337 1987//3337
f 1993//3338 1987//3338 1986//3338
usemtl Mat_Void
f 2000//3339 2001//3339 1995//3339
f 2000//3340 1995//3340 1994//3340
f 2001//3341 2002//3341 1996//3341
f 2001//3342 1996//3342 1995//3342
f 2002//3343 2003//3343 1997//3343
f 2002//3344 1997//3344 1996//3344
f 2003//3345 2004//3345 1998//3345
f 2003//3346 1998//3346 1997//3346
f 2004//3347 2005//3347 1999//3347
f 2004//3348 1999//3348 1998//3348
f 2005//3349 2000//3349 1994//3349
f 2005//3350 1994//3350 1999//3350
f 2005//3351 2004//3351 2003//3351
f 2005//3352 2003//3352 2002//3352
f 2005//3353 2002//3353 2001//3353
f 2005//3354 2001//3354 2000//3354
usemtl Mat_DarkMetal
f 2010//3355 2011//3355 2007//3355
f 2010//3356 2007//3356 2006//3356
f 2011//3357 2012//3357 2008//3357
f 2011//3358 2008//3358 2007//3358
f 2012//3359 2013//3359 2009//3359
f 2012//3360 2009//3360 2008//3360
f 2013//3361 2010//3361 2006//3361
f 2013//3362 2006//3362 2009//3362
f 2013//3363 2012//3363 2011//3363
f 2013//3364 2011//3364 2010//3364
f 2006//3365 2007//3365 2008//3365
f 2006//3366 2008//3366 2009//3366
usemtl Mat_FadedWood
f 2021//3367 2020//3367 2019//3367
f 2021//3368 2019//3368 2018//3368
f 2018//3369 2019//3369 2015//3369
f 2018//3370 2015//3370 2014//3370
f 2019//3371 2020//3371 2016//3371
f 2019//3372 2016//3372 2015//3372
f 2020//3373 2021//3373 2017//3373
f 2020//3374 2017//3374 2016//3374
f 2021//3375 2018//3375 2014//3375
f 2021//3376 2014//3376 2017//3376
f 2015//3377 2016//3377 2017//3377
f 2015//3378 2017//3378 2014//3378
usemtl Mat_Bone
f 2029//3379 2028//3379 2027//3379
f 2029//3380 2027//3380 2026//3380
f 2026//3381 2027//3381 2023//3381
f 2026//3382 2023//3382 2022//3382
f 2027//3383 2028//3383 2024//3383
f 2027//3384 2024//3384 2023//3384
f 2028//3385 2029//3385 2025//3385
f 2028//3386 2025//3386 2024//3386
f 2029//3387 2026//3387 2022//3387
f 2029//3388 2022//3388 2025//3388
f 2023//3389 2024//3389 2025//3389
f 2023//3390 2025//3390 2022//3390
f 2037//3391 2036//3391 2035//3391
f 2037//3392 2035//3392 2034//3392
f 2034//3393 2035//3393 2031//3393
f 2034//3394 2031//3394 2030//3394
f 2035//3395 2036//3395 2032//3395
f 2035//3396 2032//3396 2031//3396
f 2036//3397 2037//3397 2033//3397
f 2036//3398 2033//3398 2032//3398
f 2037//3399 2034//3399 2030//3399
f 2037//3400 2030//3400 2033//3400
f 2031//3401 2032//3401 2033//3401
f 2031//3402 2033//3402 2030//3402
f 2045//3403 2044//3403 2043//3403
f 2045//3404 2043//3404 2042//3404
f 2042//3405 2043//3405 2039//3405
f 2042//3406 2039//3406 2038//3406
f 2043//3407 2044//3407 2040//3407
f 2043//3408 2040//3408 2039//3408
f 2044//3409 2045//3409 2041//3409
f 2044//3410 2041//3410 2040//3410
f 2045//3411 2042//3411 2038//3411
f 2045//3412 2038//3412 2041//3412
f 2039//3413 2040//3413 2041//3413
f 2039//3414 2041//3414 2038//3414
usemtl Mat_FadedWood
f 2046//3415 2047//3415 2048//3415
f 2051//3416 2050//3416 2049//3416
usemtl Mat_RustRock
f 2046//3417 2049//3417 2050//3417
f 2046//3418 2050//3418 2047//3418
f 2047//3419 2050//3419 2051//3419
f 2047//3420 2051//3420 2048//3420
f 2048//3421 2051//3421 2049//3421
f 2048//3422 2049//3422 2046//3422
usemtl Mat_DarkWood
f 2059//3423 2058//3423 2057//3423
f 2059//3424 2057//3424 2056//3424
f 2056//3425 2057//3425 2053//3425
f 2056//3426 2053//3426 2052//3426
f 2057//3427 2058//3427 2054//3427
f 2057//3428 2054//3428 2053//3428
f 2058//3429 2059//3429 2055//3429
f 2058//3430 2055//3430 2054//3430
f 2059//3431 2056//3431 2052//3431
f 2059//3432 2052//3432 2055//3432
f 2053//3433 2054//3433 2055//3433
f 2053//3434 2055//3434 2052//3434
usemtl Mat_NeonGreen
f 2060//3435 2061//3435 2062//3435
f 2060//3436 2062//3436 2063//3436
f 2064//3437 2065//3437 2066//3437
f 2064//3438 2066//3438 2067//3438
f 2068//3439 2069//3439 2070//3439
f 2068//3440 2070//3440 2071//3440
f 2072//3441 2073//3441 2074//3441
f 2072//3442 2074//3442 2075//3442
f 2076//3443 2077//3443 2078//3443
f 2076//3444 2078//3444 2079//3444
f 2080//3445 2081//3445 2082//3445
f 2080//3446 2082//3446 2083//3446
f 2084//3447 2085//3447 2086//3447
f 2084//3448 2086//3448 2087//3448
f 2088//3449 2089//3449 2090//3449
f 2088//3450 2090//3450 2091//3450
f 2092//3451 2093//3451 2094//3451
f 2092//3452 2094//3452 2095//3452
f 2096//3453 2097//3453 2098//3453
f 2096//3454 2098//3454 2099//3454
f 2100//3455 2101//3455 2102//3455
f 2100//3456 2102//3456 2103//3456
f 2104//3457 2105//3457 2106//3457
f 2104//3458 2106//3458 2107//3458
usemtl Mat_Void
f 2115//3459 2114//3459 2113//3459
f 2115//3460 2113//3460 2112//3460
f 2113//3461 2114//3461 2110//3461
f 2113//3462 2110//3462 2109//3462
f 2114//3463 2115//3463 2111//3463
f 2114//3464 2111//3464 2110//3464
f 2115//3465 2112//3465 2108//3465
f 2115//3466 2108//3466 2111//3466
f 2109//3467 2110//3467 2111//3467
f 2109//3468 2111//3468 2108//3468
usemtl Mat_Bone
f 2123//3469 2122//3469 2121//3469
f 2123//3470 2121//3470 2120//3470
f 2120//3471 2121//3471 2117//3471
f 2120//3472 2117//3472 2116//3472
f 2121//3473 2122//3473 2118//3473
f 2121//3474 2118//3474 2117//3474
f 2122//3475 2123//3475 2119//3475
f 2122//3476 2119//3476 2118//3476
f 2123//3477 2120//3477 2116//3477
f 2123//3478 2116//3478 2119//3478
f 2117//3479 2118//3479 2119//3479
f 2117//3480 2119//3480 2116//3480
usemtl Mat_DarkMetal
f 2128//3481 2129//3481 2125//3481
f 2128//3482 2125//3482 2124//3482
f 2129//3483 2130//3483 2126//3483
f 2129//3484 2126//3484 2125//3484
f 2130//3485 2131//3485 2127//3485
f 2130//3486 2127//3486 2126//3486
f 2131//3487 2128//3487 2124//3487
f 2131//3488 2124//3488 2127//3488
f 2131//3489 2130//3489 2129//3489
f 2131//3490 2129//3490 2128//3490
f 2124//3491 2125//3491 2126//3491
f 2124//3492 2126//3492 2127//3492
f 2138//3493 2139//3493 2133//3493
f 2138//3494 2133//3494 2132//3494
f 2139//3495 2140//3495 2134//3495
f 2139//3496 2134//3496 2133//3496
f 2140//3497 2141//3497 2135//3497
f 2140//3498 2135//3498 2134//3498
f 2141//3499 2142//3499 2136//3499
f 2141//3500 2136//3500 2135//3500
f 2142//3501 2143//3501 2137//3501
f 2142//3502 2137//3502 2136//3502
f 2143//3503 2138//3503 2132//3503
f 2143//3504 2132//3504 2137//3504
f 2143//3505 2142//3505 2141//3505
f 2143//3506 2141//3506 2140//3506
f 2143//3507 2140//3507 2139//3507
f 2143//3508 2139//3508 2138//3508
f 2132//3509 2133//3509 2134//3509
f 2132//3510 2134//3510 2135//3510
f 2132//3511 2135//3511 2136//3511
f 2132//3512 2136//3512 2137//3512
usemtl Mat_NeonAmber
f 2150//3513 2151//3513 2145//3513
f 2150//3514 2145//3514 2144//3514
f 2151//3515 2152//3515 2146//3515
f 2151//3516 2146//3516 2145//3516
f 2152//3517 2153//3517 2147//3517
f 2152//3518 2147//3518 2146//3518
f 2153//3519 2154//3519 2148//3519
f 2153//3520 2148//3520 2147//3520
f 2154//3521 2155//3521 2149//3521
f 2154//3522 2149//3522 2148//3522
f 2155//3523 2150//3523 2144//3523
f 2155//3524 2144//3524 2149//3524
f 2155//3525 2154//3525 2153//3525
f 2155//3526 2153//3526 2152//3526
f 2155//3527 2152//3527 2151//3527
f 2155//3528 2151//3528 2150//3528
f 2144//3529 2145//3529 2146//3529
f 2144//3530 2146//3530 2147//3530
f 2144//3531 2147//3531 2148//3531
f 2144//3532 2148//3532 2149//3532
usemtl Mat_DarkMetal
f 2162//3533 2163//3533 2157//3533
f 2162//3534 2157//3534 2156//3534
f 2163//3535 2164//3535 2158//3535
f 2163//3536 2158//3536 2157//3536
f 2164//3537 2165//3537 2159//3537
f 2164//3538 2159//3538 2158//3538
f 2165//3539 2166//3539 2160//3539
f 2165//3540 2160//3540 2159//3540
f 2166//3541 2167//3541 2161//3541
f 2166//3542 2161//3542 2160//3542
f 2167//3543 2162//3543 2156//3543
f 2167//3544 2156//3544 2161//3544
f 2167//3545 2166//3545 2165//3545
f 2167//3546 2165//3546 2164//3546
f 2167//3547 2164//3547 2163//3547
f 2167//3548 2163//3548 2162//3548
f 2156//3549 2157//3549 2158//3549
f 2156//3550 2158//3550 2159//3550
f 2156//3551 2159//3551 2160//3551
f 2156//3552 2160//3552 2161//3552
f 2172//3553 2173//3553 2169//3553
f 2172//3554 2169//3554 2168//3554
f 2173//3555 2174//3555 2170//3555
f 2173//3556 2170//3556 2169//3556
f 2174//3557 2175//3557 2171//3557
f 2174//3558 2171//3558 2170//3558
f 2175//3559 2172//3559 2168//3559
f 2175//3560 2168//3560 2171//3560
f 2175//3561 2174//3561 2173//3561
f 2175//3562 2173//3562 2172//3562
f 2168//3563 2169//3563 2170//3563
f 2168//3564 2170//3564 2171//3564
f 2182//3565 2183//3565 2177//3565
f 2182//3566 2177//3566 2176//3566
f 2183//3567 2184//3567 2178//3567
f 2183//3568 2178//3568 2177//3568
f 2184//3569 2185//3569 2179//3569
f 2184//3570 2179//3570 2178//3570
f 2185//3571 2186//3571 2180//3571
f 2185//3572 2180//3572 2179//3572
f 2186//3573 2187//3573 2181//3573
f 2186//3574 2181//3574 2180//3574
f 2187//3575 2182//3575 2176//3575
f 2187//3576 2176//3576 2181//3576
f 2187//3577 2186//3577 2185//3577
f 2187//3578 2185//3578 2184//3578
f 2187//3579 2184//3579 2183//3579
f 2187//3580 2183//3580 2182//3580
f 2176//3581 2177//3581 2178//3581
f 2176//3582 2178//3582 2179//3582
f 2176//3583 2179//3583 2180//3583
f 2176//3584 2180//3584 2181//3584
usemtl Mat_NeonAmber
f 2194//3585 2195//3585 2189//3585
f 2194//3586 2189//3586 2188//3586
f 2195//3587 2196//3587 2190//3587
f 2195//3588 2190//3588 2189//3588
f 2196//3589 2197//3589 2191//3589
f 2196//3590 2191//3590 2190//3590
f 2197//3591 2198//3591 2192//3591
f 2197//3592 2192//3592 2191//3592
f 2198//3593 2199//3593 2193//3593
f 2198//3594 2193//3594 2192//3594
f 2199//3595 2194//3595 2188//3595
f 2199//3596 2188//3596 2193//3596
f 2199//3597 2198//3597 2197//3597
f 2199//3598 2197//3598 2196//3598
f 2199//3599 2196//3599 2195//3599
f 2199//3600 2195//3600 2194//3600
f 2188//3601 2189//3601 2190//3601
f 2188//3602 2190//3602 2191//3602
f 2188//3603 2191//3603 2192//3603
f 2188//3604 2192//3604 2193//3604
usemtl Mat_DarkMetal
f 2206//3605 2207//3605 2201//3605
f 2206//3606 2201//3606 2200//3606
f 2207//3607 2208//3607 2202//3607
f 2207//3608 2202//3608 2201//3608
f 2208//3609 2209//3609 2203//3609
f 2208//3610 2203//3610 2202//3610
f 2209//3611 2210//3611 2204//3611
f 2209//3612 2204//3612 2203//3612
f 2210//3613 2211//3613 2205//3613
f 2210//3614 2205//3614 2204//3614
f 2211//3615 2206//3615 2200//3615
f 2211//3616 2200//3616 2205//3616
f 2211//3617 2210//3617 2209//3617
f 2211//3618 2209//3618 2208//3618
f 2211//3619 2208//3619 2207//3619
f 2211//3620 2207//3620 2206//3620
f 2200//3621 2201//3621 2202//3621
f 2200//3622 2202//3622 2203//3622
f 2200//3623 2203//3623 2204//3623
f 2200//3624 2204//3624 2205//3624
usemtl Mat_Bone
f 2219//3625 2218//3625 2217//3625
f 2219//3626 2217//3626 2216//3626
f 2216//3627 2217//3627 2213//3627
f 2216//3628 2213//3628 2212//3628
f 2217//3629 2218//3629 2214//3629
f 2217//3630 2214//3630 2213//3630
f 2218//3631 2219//3631 2215//3631
f 2218//3632 2215//3632 2214//3632
f 2219//3633 2216//3633 2212//3633
f 2219//3634 2212//3634 2215//3634
f 2213//3635 2214//3635 2215//3635
f 2213//3636 2215//3636 2212//3636
usemtl Mat_Void
f 2220//3637 2221//3637 2222//3637
f 2220//3638 2222//3638 2223//3638
f 2224//3639 2225//3639 2226//3639
f 2224//3640 2226//3640 2227//3640
f 2228//3641 2229//3641 2230//3641
f 2228//3642 2230//3642 2231//3642
f 2233//3643 2234//3643 2232//3643
f 2234//3644 2235//3644 2232//3644
f 2235//3645 2236//3645 2232//3645
f 2236//3646 2237//3646 2232//3646
f 2237//3647 2238//3647 2232//3647
f 2238//3648 2233//3648 2232//3648
f 2239//3649 2240//3649 2234//3649
f 2239//3650 2234//3650 2233//3650
f 2240//3651 2241//3651 2235//3651
f 2240//3652 2235//3652 2234//3652
f 2241//3653 2242//3653 2236//3653
f 2241//3654 2236//3654 2235//3654
f 2242//3655 2243//3655 2237//3655
f 2242//3656 2237//3656 2236//3656
f 2243//3657 2244//3657 2238//3657
f 2243//3658 2238//3658 2237//3658
f 2244//3659 2239//3659 2233//3659
f 2244//3660 2233//3660 2238//3660
f 2245//3661 2240//3661 2239//3661
f 2245//3662 2241//3662 2240//3662
f 2245//3663 2242//3663 2241//3663
f 2245//3664 2243//3664 2242//3664
f 2245//3665 2244//3665 2243//3665
f 2245//3666 2239//3666 2244//3666
usemtl Mat_DarkWood
f 2253//3667 2252//3667 2251//3667
f 2253//3668 2251//3668 2250//3668
f 2250//3669 2251//3669 2247//3669
f 2250//3670 2247//3670 2246//3670
f 2251//3671 2252//3671 2248//3671
f 2251//3672 2248//3672 2247//3672
f 2252//3673 2253//3673 2249//3673
f 2252//3674 2249//3674 2248//3674
f 2253//3675 2250//3675 2246//3675
f 2253//3676 2246//3676 2249//3676
f 2247//3677 2248//3677 2249//3677
f 2247//3678 2249//3678 2246//3678
usemtl Mat_FadedWood
f 2261//3679 2260//3679 2259//3679
f 2261//3680 2259//3680 2258//3680
f 2258//3681 2259//3681 2255//3681
f 2258//3682 2255//3682 2254//3682
f 2259//3683 2260//3683 2256//3683
f 2259//3684 2256//3684 2255//3684
f 2260//3685 2261//3685 2257//3685
f 2260//3686 2257//3686 2256//3686
f 2261//3687 2258//3687 2254//3687
f 2261//3688 2254//3688 2257//3688
usemtl Mat_WoodMid
f 2269//3689 2268//3689 2267//3689
f 2269//3690 2267//3690 2266//3690
f 2266//3691 2267//3691 2263//3691
f 2266//3692 2263//3692 2262//3692
f 2267//3693 2268//3693 2264//3693
f 2267//3694 2264//3694 2263//3694
f 2268//3695 2269//3695 2265//3695
f 2268//3696 2265//3696 2264//3696
f 2269//3697 2266//3697 2262//3697
f 2269//3698 2262//3698 2265//3698
usemtl Mat_FadedWood
f 2277//3699 2276//3699 2275//3699
f 2277//3700 2275//3700 2274//3700
f 2274//3701 2275//3701 2271//3701
f 2274//3702 2271//3702 2270//3702
f 2275//3703 2276//3703 2272//3703
f 2275//3704 2272//3704 2271//3704
f 2276//3705 2277//3705 2273//3705
f 2276//3706 2273//3706 2272//3706
f 2277//3707 2274//3707 2270//3707
f 2277//3708 2270//3708 2273//3708
usemtl Mat_WoodMid
f 2285//3709 2284//3709 2283//3709
f 2285//3710 2283//3710 2282//3710
f 2282//3711 2283//3711 2279//3711
f 2282//3712 2279//3712 2278//3712
f 2283//3713 2284//3713 2280//3713
f 2283//3714 2280//3714 2279//3714
f 2284//3715 2285//3715 2281//3715
f 2284//3716 2281//3716 2280//3716
f 2285//3717 2282//3717 2278//3717
f 2285//3718 2278//3718 2281//3718
usemtl Mat_FadedWood
f 2293//3719 2292//3719 2291//3719
f 2293//3720 2291//3720 2290//3720
f 2290//3721 2291//3721 2287//3721
f 2290//3722 2287//3722 2286//3722
f 2291//3723 2292//3723 2288//3723
f 2291//3724 2288//3724 2287//3724
f 2292//3725 2293//3725 2289//3725
f 2292//3726 2289//3726 2288//3726
f 2293//3727 2290//3727 2286//3727
f 2293//3728 2286//3728 2289//3728
usemtl Mat_WoodMid
f 2301//3729 2300//3729 2299//3729
f 2301//3730 2299//3730 2298//3730
f 2298//3731 2299//3731 2295//3731
f 2298//3732 2295//3732 2294//3732
f 2299//3733 2300//3733 2296//3733
f 2299//3734 2296//3734 2295//3734
f 2300//3735 2301//3735 2297//3735
f 2300//3736 2297//3736 2296//3736
f 2301//3737 2298//3737 2294//3737
f 2301//3738 2294//3738 2297//3738
f 2295//3739 2296//3739 2297//3739
f 2295//3740 2297//3740 2294//3740
usemtl Mat_DarkWood
f 2309//3741 2308//3741 2307//3741
f 2309//3742 2307//3742 2306//3742
f 2306//3743 2307//3743 2303//3743
f 2306//3744 2303//3744 2302//3744
f 2307//3745 2308//3745 2304//3745
f 2307//3746 2304//3746 2303//3746
f 2308//3747 2309//3747 2305//3747
f 2308//3748 2305//3748 2304//3748
f 2309//3749 2306//3749 2302//3749
f 2309//3750 2302//3750 2305//3750
f 2303//3751 2304//3751 2305//3751
f 2303//3752 2305//3752 2302//3752
usemtl Mat_Chrome
f 2318//3753 2319//3753 2311//3753
f 2318//3754 2311//3754 2310//3754
f 2319//3755 2320//3755 2312//3755
f 2319//3756 2312//3756 2311//3756
f 2320//3757 2321//3757 2313//3757
f 2320//3758 2313//3758 2312//3758
f 2321//3759 2322//3759 2314//3759
f 2321//3760 2314//3760 2313//3760
f 2322//3761 2323//3761 2315//3761
f 2322//3762 2315//3762 2314//3762
f 2323//3763 2324//3763 2316//3763
f 2323//3764 2316//3764 2315//3764
f 2324//3765 2325//3765 2317//3765
f 2324//3766 2317//3766 2316//3766
f 2325//3767 2318//3767 2310//3767
f 2325//3768 2310//3768 2317//3768
f 2325//3769 2324//3769 2323//3769
f 2325//3770 2323//3770 2322//3770
f 2325//3771 2322//3771 2321//3771
f 2325//3772 2321//3772 2320//3772
f 2325//3773 2320//3773 2319//3773
f 2325//3774 2319//3774 2318//3774
f 2310//3775 2311//3775 2312//3775
f 2310//3776 2312//3776 2313//3776
f 2310//3777 2313//3777 2314//3777
f 2310//3778 2314//3778 2315//3778
f 2310//3779 2315//3779 2316//3779
f 2310//3780 2316//3780 2317//3780
usemtl Mat_NeonCyan
f 2334//3781 2335//3781 2327//3781
f 2334//3782 2327//3782 2326//3782
f 2335//3783 2336//3783 2328//3783
f 2335//3784 2328//3784 2327//3784
f 2336//3785 2337//3785 2329//3785
f 2336//3786 2329//3786 2328//3786
f 2337//3787 2338//3787 2330//3787
f 2337//3788 2330//3788 2329//3788
f 2338//3789 2339//3789 2331//3789
f 2338//3790 2331//3790 2330//3790
f 2339//3791 2340//3791 2332//3791
f 2339//3792 2332//3792 2331//3792
f 2340//3793 2341//3793 2333//3793
f 2340//3794 2333//3794 2332//3794
f 2341//3795 2334//3795 2326//3795
f 2341//3796 2326//3796 2333//3796
f 2341//3797 2340//3797 2339//3797
f 2341//3798 2339//3798 2338//3798
f 2341//3799 2338//3799 2337//3799
f 2341//3800 2337//3800 2336//3800
f 2341//3801 2336//3801 2335//3801
f 2341//3802 2335//3802 2334//3802
f 2326//3803 2327//3803 2328//3803
f 2326//3804 2328//3804 2329//3804
f 2326//3805 2329//3805 2330//3805
f 2326//3806 2330//3806 2331//3806
f 2326//3807 2331//3807 2332//3807
f 2326//3808 2332//3808 2333//3808
usemtl Mat_DarkWood
f 2349//3809 2348//3809 2347//3809
f 2349//3810 2347//3810 2346//3810
f 2346//3811 2347//3811 2343//3811
f 2346//3812 2343//3812 2342//3812
f 2347//3813 2348//3813 2344//3813
f 2347//3814 2344//3814 2343//3814
f 2348//3815 2349//3815 2345//3815
f 2348//3816 2345//3816 2344//3816
f 2349//3817 2346//3817 2342//3817
f 2349//3818 2342//3818 2345//3818
f 2343//3819 2344//3819 2345//3819
f 2343//3820 2345//3820 2342//3820
usemtl Mat_Chrome
f 2358//3821 2359//3821 2351//3821
f 2358//3822 2351//3822 2350//3822
f 2359//3823 2360//3823 2352//3823
f 2359//3824 2352//3824 2351//3824
f 2360//3825 2361//3825 2353//3825
f 2360//3826 2353//3826 2352//3826
f 2361//3827 2362//3827 2354//3827
f 2361//3828 2354//3828 2353//3828
f 2362//3829 2363//3829 2355//3829
f 2362//3830 2355//3830 2354//3830
f 2363//3831 2364//3831 2356//3831
f 2363//3832 2356//3832 2355//3832
f 2364//3833 2365//3833 2357//3833
f 2364//3834 2357//3834 2356//3834
f 2365//3835 2358//3835 2350//3835
f 2365//3836 2350//3836 2357//3836
f 2365//3837 2364//3837 2363//3837
f 2365//3838 2363//3838 2362//3838
f 2365//3839 2362//3839 2361//3839
f 2365//3840 2361//3840 2360//3840
f 2365//3841 2360//3841 2359//3841
f 2365//3842 2359//3842 2358//3842
f 2350//3843 2351//3843 2352//3843
f 2350//3844 2352//3844 2353//3844
f 2350//3845 2353//3845 2354//3845
f 2350//3846 2354//3846 2355//3846
f 2350//3847 2355//3847 2356//3847
f 2350//3848 2356//3848 2357//3848
usemtl Mat_NeonCyan
f 2374//3849 2375//3849 2367//3849
f 2374//3850 2367//3850 2366//3850
f 2375//3851 2376//3851 2368//3851
f 2375//3852 2368//3852 2367//3852
f 2376//3853 2377//3853 2369//3853
f 2376//3854 2369//3854 2368//3854
f 2377//3855 2378//3855 2370//3855
f 2377//3856 2370//3856 2369//3856
f 2378//3857 2379//3857 2371//3857
f 2378//3858 2371//3858 2370//3858
f 2379//3859 2380//3859 2372//3859
f 2379//3860 2372//3860 2371//3860
f 2380//3861 2381//3861 2373//3861
f 2380//3862 2373//3862 2372//3862
f 2381//3863 2374//3863 2366//3863
f 2381//3864 2366//3864 2373//3864
f 2381//3865 2380//3865 2379//3865
f 2381//3866 2379//3866 2378//3866
f 2381//3867 2378//3867 2377//3867
f 2381//3868 2377//3868 2376//3868
f 2381//3869 2376//3869 2375//3869
f 2381//3870 2375//3870 2374//3870
f 2366//3871 2367//3871 2368//3871
f 2366//3872 2368//3872 2369//3872
f 2366//3873 2369//3873 2370//3873
f 2366//3874 2370//3874 2371//3874
f 2366//3875 2371//3875 2372//3875
f 2366//3876 2372//3876 2373//3876
usemtl Mat_DarkWood
f 2389//3877 2388//3877 2387//3877
f 2389//3878 2387//3878 2386//3878
f 2386//3879 2387//3879 2383//3879
f 2386//3880 2383//3880 2382//3880
f 2387//3881 2388//3881 2384//3881
f 2387//3882 2384//3882 2383//3882
f 2388//3883 2389//3883 2385//3883
f 2388//3884 2385//3884 2384//3884
f 2389//3885 2386//3885 2382//3885
f 2389//3886 2382//3886 2385//3886
f 2383//3887 2384//3887 2385//3887
f 2383//3888 2385//3888 2382//3888
usemtl Mat_FadedWood
f 2391//3889 2392//3889 2390//3889
f 2392//3890 2393//3890 2390//3890
f 2393//3891 2394//3891 2390//3891
f 2394//3892 2395//3892 2390//3892
f 2395//3893 2396//3893 2390//3893
f 2396//3894 2397//3894 2390//3894
f 2397//3895 2398//3895 2390//3895
f 2398//3896 2391//3896 2390//3896
f 2399//3897 2400//3897 2392//3897
f 2399//3898 2392//3898 2391//3898
f 2400//3899 2401//3899 2393//3899
f 2400//3900 2393//3900 2392//3900
f 2401//3901 2402//3901 2394//3901
f 2401//3902 2394//3902 2393//3902
f 2402//3903 2403//3903 2395//3903
f 2402//3904 2395//3904 2394//3904
f 2403//3905 2404//3905 2396//3905
f 2403//3906 2396//3906 2395//3906
f 2404//3907 2405//3907 2397//3907
f 2404//3908 2397//3908 2396//3908
f 2405//3909 2406//3909 2398//3909
f 2405//3910 2398//3910 2397//3910
f 2406//3911 2399//3911 2391//3911
f 2406//3912 2391//3912 2398//3912
f 2407//3913 2408//3913 2400//3913
f 2407//3914 2400//3914 2399//3914
f 2408//3915 2409//3915 2401//3915
f 2408//3916 2401//3916 2400//3916
f 2409//3917 2410//3917 2402//3917
f 2409//3918 2402//3918 2401//3918
f 2410//3919 2411//3919 2403//3919
f 2410//3920 2403//3920 2402//3920
f 2411//3921 2412//3921 2404//3921
f 2411//3922 2404//3922 2403//3922
f 2412//3923 2413//3923 2405//3923
f 2412//3924 2405//3924 2404//3924
f 2413//3925 2414//3925 2406//3925
f 2413//3926 2406//3926 2405//3926
f 2414//3927 2407//3927 2399//3927
f 2414//3928 2399//3928 2406//3928
f 2415//3929 2416//3929 2408//3929
f 2415//3930 2408//3930 2407//3930
f 2416//3931 2417//3931 2409//3931
f 2416//3932 2409//3932 2408//3932
f 2417//3933 2418//3933 2410//3933
f 2417//3934 2410//3934 2409//3934
f 2418//3935 2419//3935 2411//3935
f 2418//3936 2411//3936 2410//3936
f 2419//3937 2420//3937 2412//3937
f 2419//3938 2412//3938 2411//3938
f 2420//3939 2421//3939 2413//3939
f 2420//3940 2413//3940 2412//3940
f 2421//3941 2422//3941 2414//3941
f 2421//3942 2414//3942 2413//3942
f 2422//3943 2415//3943 2407//3943
f 2422//3944 2407//3944 2414//3944
f 2423//3945 2416//3945 2415//3945
f 2423//3946 2417//3946 2416//3946
f 2423//3947 2418//3947 2417//3947
f 2423//3948 2419//3948 2418//3948
f 2423//3949 2420//3949 2419//3949
f 2423//3950 2421//3950 2420//3950
f 2423//3951 2422//3951 2421//3951
f 2423//3952 2415//3952 2422//3952
usemtl Mat_Metal
f 2432//3953 2433//3953 2425//3953
f 2432//3954 2425//3954 2424//3954
f 2433//3955 2434//3955 2426//3955
f 2433//3956 2426//3956 2425//3956
f 2434//3957 2435//3957 2427//3957
f 2434//3958 2427//3958 2426//3958
f 2435//3959 2436//3959 2428//3959
f 2435//3960 2428//3960 2427//3960
f 2436//3961 2437//3961 2429//3961
f 2436//3962 2429//3962 2428//3962
f 2437//3963 2438//3963 2430//3963
f 2437//3964 2430//3964 2429//3964
f 2438//3965 2439//3965 2431//3965
f 2438//3966 2431//3966 2430//3966
f 2439//3967 2432//3967 2424//3967
f 2439//3968 2424//3968 2431//3968
f 2448//3969 2449//3969 2441//3969
f 2448//3970 2441//3970 2440//3970
f 2449//3971 2450//3971 2442//3971
f 2449//3972 2442//3972 2441//3972
f 2450//3973 2451//3973 2443//3973
f 2450//3974 2443//3974 2442//3974
f 2451//3975 2452//3975 2444//3975
f 2451//3976 2444//3976 2443//3976
f 2452//3977 2453//3977 2445//3977
f 2452//3978 2445//3978 2444//3978
f 2453//3979 2454//3979 2446//3979
f 2453//3980 2446//3980 2445//3980
f 2454//3981 2455//3981 2447//3981
f 2454//3982 2447//3982 2446//3982
f 2455//3983 2448//3983 2440//3983
f 2455//3984 2440//3984 2447//3984
usemtl Mat_FadedWood
f 2457//3985 2458//3985 2456//3985
f 2458//3986 2459//3986 2456//3986
f 2459//3987 2460//3987 2456//3987
f 2460//3988 2461//3988 2456//3988
f 2461//3989 2462//3989 2456//3989
f 2462//3990 2463//3990 2456//3990
f 2463//3991 2464//3991 2456//3991
f 2464//3992 2457//3992 2456//3992
f 2465//3993 2466//3993 2458//3993
f 2465//3994 2458//3994 2457//3994
f 2466//3995 2467//3995 2459//3995
f 2466//3996 2459//3996 2458//3996
f 2467//3997 2468//3997 2460//3997
f 2467//3998 2460//3998 2459//3998
f 2468//3999 2469//3999 2461//3999
f 2468//4000 2461//4000 2460//4000
f 2469//4001 2470//4001 2462//4001
f 2469//4002 2462//4002 2461//4002
f 2470//4003 2471//4003 2463//4003
f 2470//4004 2463//4004 2462//4004
f 2471//4005 2472//4005 2464//4005
f 2471//4006 2464//4006 2463//4006
f 2472//4007 2465//4007 2457//4007
f 2472//4008 2457//4008 2464//4008
f 2473//4009 2474//4009 2466//4009
f 2473//4010 2466//4010 2465//4010
f 2474//4011 2475//4011 2467//4011
f 2474//4012 2467//4012 2466//4012
f 2475//4013 2476//4013 2468//4013
f 2475//4014 2468//4014 2467//4014
f 2476//4015 2477//4015 2469//4015
f 2476//4016 2469//4016 2468//4016
f 2477//4017 2478//4017 2470//4017
f 2477//4018 2470//4018 2469//4018
f 2478//4019 2479//4019 2471//4019
f 2478//4020 2471//4020 2470//4020
f 2479//4021 2480//4021 2472//4021
f 2479//4022 2472//4022 2471//4022
f 2480//4023 2473//4023 2465//4023
f 2480//4024 2465//4024 2472//4024
f 2481//4025 2482//4025 2474//4025
f 2481//4026 2474//4026 2473//4026
f 2482//4027 2483//4027 2475//4027
f 2482//4028 2475//4028 2474//4028
f 2483//4029 2484//4029 2476//4029
f 2483//4030 2476//4030 2475//4030
f 2484//4031 2485//4031 2477//4031
f 2484//4032 2477//4032 2476//4032
f 2485//4033 2486//4033 2478//4033
f 2485//4034 2478//4034 2477//4034
f 2486//4035 2487//4035 2479//4035
f 2486//4036 2479//4036 2478//4036
f 2487//4037 2488//4037 2480//4037
f 2487//4038 2480//4038 2479//4038
f 2488//4039 2481//4039 2473//4039
f 2488//4040 2473//4040 2480//4040
f 2489//4041 2482//4041 2481//4041
f 2489//4042 2483//4042 2482//4042
f 2489//4043 2484//4043 2483//4043
f 2489//4044 2485//4044 2484//4044
f 2489//4045 2486//4045 2485//4045
f 2489//4046 2487//4046 2486//4046
f 2489//4047 2488//4047 2487//4047
f 2489//4048 2481//4048 2488//4048
usemtl Mat_Metal
f 2498//4049 2499//4049 2491//4049
f 2498//4050 2491//4050 2490//4050
f 2499//4051 2500//4051 2492//4051
f 2499//4052 2492//4052 2491//4052
f 2500//4053 2501//4053 2493//4053
f 2500//4054 2493//4054 2492//4054
f 2501//4055 2502//4055 2494//4055
f 2501//4056 2494//4056 2493//4056
f 2502//4057 2503//4057 2495//4057
f 2502//4058 2495//4058 2494//4058
f 2503//4059 2504//4059 2496//4059
f 2503//4060 2496//4060 2495//4060
f 2504//4061 2505//4061 2497//4061
f 2504//4062 2497//4062 2496//4062
f 2505//4063 2498//4063 2490//4063
f 2505//4064 2490//4064 2497//4064
f 2514//4065 2515//4065 2507//4065
f 2514//4066 2507//4066 2506//4066
f 2515//4067 2516//4067 2508//4067
f 2515//4068 2508//4068 2507//4068
f 2516//4069 2517//4069 2509//4069
f 2516//4070 2509//4070 2508//4070
f 2517//4071 2518//4071 2510//4071
f 2517//4072 2510//4072 2509//4072
f 2518//4073 2519//4073 2511//4073
f 2518//4074 2511//4074 2510//4074
f 2519//4075 2520//4075 2512//4075
f 2519//4076 2512//4076 2511//4076
f 2520//4077 2521//4077 2513//4077
f 2520//4078 2513//4078 2512//4078
f 2521//4079 2514//4079 2506//4079
f 2521//4080 2506//4080 2513//4080
usemtl Mat_SlimeGreen
f 2530//4081 2531//4081 2523//4081
f 2530//4082 2523//4082 2522//4082
f 2531//4083 2532//4083 2524//4083
f 2531//4084 2524//4084 2523//4084
f 2532//4085 2533//4085 2525//4085
f 2532//4086 2525//4086 2524//4086
f 2533//4087 2534//4087 2526//4087
f 2533//4088 2526//4088 2525//4088
f 2534//4089 2535//4089 2527//4089
f 2534//4090 2527//4090 2526//4090
f 2535//4091 2536//4091 2528//4091
f 2535//4092 2528//4092 2527//4092
f 2536//4093 2537//4093 2529//4093
f 2536//4094 2529//4094 2528//4094
f 2537//4095 2530//4095 2522//4095
f 2537//4096 2522//4096 2529//4096
f 2537//4097 2536//4097 2535//4097
f 2537//4098 2535//4098 2534//4098
f 2537//4099 2534//4099 2533//4099
f 2537//4100 2533//4100 2532//4100
f 2537//4101 2532//4101 2531//4101
f 2537//4102 2531//4102 2530//4102
usemtl Mat_WoodMid
f 2545//4103 2544//4103 2543//4103
f 2545//4104 2543//4104 2542//4104
f 2542//4105 2543//4105 2539//4105
f 2542//4106 2539//4106 2538//4106
f 2543//4107 2544//4107 2540//4107
f 2543//4108 2540//4108 2539//4108
f 2544//4109 2545//4109 2541//4109
f 2544//4110 2541//4110 2540//4110
f 2545//4111 2542//4111 2538//4111
f 2545//4112 2538//4112 2541//4112
f 2539//4113 2540//4113 2541//4113
f 2539//4114 2541//4114 2538//4114
usemtl Mat_Glass
f 2547//4115 2548//4115 2546//4115
f 2548//4116 2549//4116 2546//4116
f 2549//4117 2550//4117 2546//4117
f 2550//4118 2551//4118 2546//4118
f 2551//4119 2552//4119 2546//4119
f 2552//4120 2547//4120 2546//4120
f 2553//4121 2554//4121 2548//4121
f 2553//4122 2548//4122 2547//4122
f 2554//4123 2555//4123 2549//4123
f 2554//4124 2549//4124 2548//4124
f 2555//4125 2556//4125 2550//4125
f 2555//4126 2550//4126 2549//4126
f 2556//4127 2557//4127 2551//4127
f 2556//4128 2551//4128 2550//4128
f 2557//4129 2558//4129 2552//4129
f 2557//4130 2552//4130 2551//4130
f 2558//4131 2553//4131 2547//4131
f 2558//4132 2547//4132 2552//4132
f 2559//4133 2560//4133 2554//4133
f 2559//4134 2554//4134 2553//4134
f 2560//4135 2561//4135 2555//4135
f 2560//4136 2555//4136 2554//4136
f 2561//4137 2562//4137 2556//4137
f 2561//4138 2556//4138 2555//4138
f 2562//4139 2563//4139 2557//4139
f 2562//4140 2557//4140 2556//4140
f 2563//4141 2564//4141 2558//4141
f 2563//4142 2558//4142 2557//4142
f 2564//4143 2559//4143 2553//4143
f 2564//4144 2553//4144 2558//4144
f 2565//4145 2560//4145 2559//4145
f 2565//4146 2561//4146 2560//4146
f 2565//4147 2562//4147 2561//4147
f 2565//4148 2563//4148 2562//4148
f 2565//4149 2564//4149 2563//4149
f 2565//4150 2559//4150 2564//4150
usemtl Mat_SlimeGreen
f 2572//4151 2573//4151 2567//4151
f 2572//4152 2567//4152 2566//4152
f 2573//4153 2574//4153 2568//4153
f 2573//4154 2568//4154 2567//4154
f 2574//4155 2575//4155 2569//4155
f 2574//4156 2569//4156 2568//4156
f 2575//4157 2576//4157 2570//4157
f 2575//4158 2570//4158 2569//4158
f 2576//4159 2577//4159 2571//4159
f 2576//4160 2571//4160 2570//4160
f 2577//4161 2572//4161 2566//4161
f 2577//4162 2566//4162 2571//4162
f 2577//4163 2576//4163 2575//4163
f 2577//4164 2575//4164 2574//4164
f 2577//4165 2574//4165 2573//4165
f 2577//4166 2573//4166 2572//4166
f 2566//4167 2567//4167 2568//4167
f 2566//4168 2568//4168 2569//4168
f 2566//4169 2569//4169 2570//4169
f 2566//4170 2570//4170 2571//4170
usemtl Mat_Glass
f 2579//4171 2580//4171 2578//4171
f 2580//4172 2581//4172 2578//4172
f 2581//4173 2582//4173 2578//4173
f 2582//4174 2583//4174 2578//4174
f 2583//4175 2584//4175 2578//4175
f 2584//4176 2579//4176 2578//4176
f 2585//4177 2586//4177 2580//4177
f 2585//4178 2580//4178 2579//4178
f 2586//4179 2587//4179 2581//4179
f 2586//4180 2581//4180 2580//4180
f 2587//4181 2588//4181 2582//4181
f 2587//4182 2582//4182 2581//4182
f 2588//4183 2589//4183 2583//4183
f 2588//4184 2583//4184 2582//4184
f 2589//4185 2590//4185 2584//4185
f 2589//4186 2584//4186 2583//4186
f 2590//4187 2585//4187 2579//4187
f 2590//4188 2579//4188 2584//4188
f 2591//4189 2592//4189 2586//4189
f 2591//4190 2586//4190 2585//4190
f 2592//4191 2593//4191 2587//4191
f 2592//4192 2587//4192 2586//4192
f 2593//4193 2594//4193 2588//4193
f 2593//4194 2588//4194 2587//4194
f 2594//4195 2595//4195 2589//4195
f 2594//4196 2589//4196 2588//4196
f 2595//4197 2596//4197 2590//4197
f 2595//4198 2590//4198 2589//4198
f 2596//4199 2591//4199 2585//4199
f 2596//4200 2585//4200 2590//4200
f 2597//4201 2592//4201 2591//4201
f 2597//4202 2593//4202 2592//4202
f 2597//4203 2594//4203 2593//4203
f 2597//4204 2595//4204 2594//4204
f 2597//4205 2596//4205 2595//4205
f 2597//4206 2591//4206 2596//4206
usemtl Mat_NeonCyan
f 2604//4207 2605//4207 2599//4207
f 2604//4208 2599//4208 2598//4208
f 2605//4209 2606//4209 2600//4209
f 2605//4210 2600//4210 2599//4210
f 2606//4211 2607//4211 2601//4211
f 2606//4212 2601//4212 2600//4212
f 2607//4213 2608//4213 2602//4213
f 2607//4214 2602//4214 2601//4214
f 2608//4215 2609//4215 2603//4215
f 2608//4216 2603//4216 2602//4216
f 2609//4217 2604//4217 2598//4217
f 2609//4218 2598//4218 2603//4218
f 2609//4219 2608//4219 2607//4219
f 2609//4220 2607//4220 2606//4220
f 2609//4221 2606//4221 2605//4221
f 2609//4222 2605//4222 2604//4222
f 2598//4223 2599//4223 2600//4223
f 2598//4224 2600//4224 2601//4224
f 2598//4225 2601//4225 2602//4225
f 2598//4226 2602//4226 2603//4226
usemtl Mat_Glass
f 2611//4227 2612//4227 2610//4227
f 2612//4228 2613//4228 2610//4228
f 2613//4229 2614//4229 2610//4229
f 2614//4230 2615//4230 2610//4230
f 2615//4231 2616//4231 2610//4231
f 2616//4232 2611//4232 2610//4232
f 2617//4233 2618//4233 2612//4233
f 2617//4234 2612//4234 2611//4234
f 2618//4235 2619//4235 2613//4235
f 2618//4236 2613//4236 2612//4236
f 2619//4237 2620//4237 2614//4237
f 2619//4238 2614//4238 2613//4238
f 2620//4239 2621//4239 2615//4239
f 2620//4240 2615//4240 2614//4240
f 2621//4241 2622//4241 2616//4241
f 2621//4242 2616//4242 2615//4242
f 2622//4243 2617//4243 2611//4243
f 2622//4244 2611//4244 2616//4244
f 2623//4245 2624//4245 2618//4245
f 2623//4246 2618//4246 2617//4246
f 2624//4247 2625//4247 2619//4247
f 2624//4248 2619//4248 2618//4248
f 2625//4249 2626//4249 2620//4249
f 2625//4250 2620//4250 2619//4250
f 2626//4251 2627//4251 2621//4251
f 2626//4252 2621//4252 2620//4252
f 2627//4253 2628//4253 2622//4253
f 2627//4254 2622//4254 2621//4254
f 2628//4255 2623//4255 2617//4255
f 2628//4256 2617//4256 2622//4256
f 2629//4257 2624//4257 2623//4257
f 2629//4258 2625//4258 2624//4258
f 2629//4259 2626//4259 2625//4259
f 2629//4260 2627//4260 2626//4260
f 2629//4261 2628//4261 2627//4261
f 2629//4262 2623//4262 2628//4262
usemtl Mat_NeonAmber
f 2636//4263 2637//4263 2631//4263
f 2636//4264 2631//4264 2630//4264
f 2637//4265 2638//4265 2632//4265
f 2637//4266 2632//4266 2631//4266
f 2638//4267 2639//4267 2633//4267
f 2638//4268 2633//4268 2632//4268
f 2639//4269 2640//4269 2634//4269
f 2639//4270 2634//4270 2633//4270
f 2640//4271 2641//4271 2635//4271
f 2640//4272 2635//4272 2634//4272
f 2641//4273 2636//4273 2630//4273
f 2641//4274 2630//4274 2635//4274
f 2641//4275 2640//4275 2639//4275
f 2641//4276 2639//4276 2638//4276
f 2641//4277 2638//4277 2637//4277
f 2641//4278 2637//4278 2636//4278
f 2630//4279 2631//4279 2632//4279
f 2630//4280 2632//4280 2633//4280
f 2630//4281 2633//4281 2634//4281
f 2630//4282 2634//4282 2635//4282
usemtl Mat_Brass
f 2652//4283 2653//4283 2643//4283
f 2652//4284 2643//4284 2642//4284
f 2653//4285 2654//4285 2644//4285
f 2653//4286 2644//4286 2643//4286
f 2654//4287 2655//4287 2645//4287
f 2654//4288 2645//4288 2644//4288
f 2655//4289 2656//4289 2646//4289
f 2655//4290 2646//4290 2645//4290
f 2656//4291 2657//4291 2647//4291
f 2656//4292 2647//4292 2646//4292
f 2657//4293 2658//4293 2648//4293
f 2657//4294 2648//4294 2647//4294
f 2658//4295 2659//4295 2649//4295
f 2658//4296 2649//4296 2648//4296
f 2659//4297 2660//4297 2650//4297
f 2659//4298 2650//4298 2649//4298
f 2660//4299 2661//4299 2651//4299
f 2660//4300 2651//4300 2650//4300
f 2661//4301 2652//4301 2642//4301
f 2661//4302 2642//4302 2651//4302
f 2661//4303 2660//4303 2659//4303
f 2661//4304 2659//4304 2658//4304
f 2661//4305 2658//4305 2657//4305
f 2661//4306 2657//4306 2656//4306
f 2661//4307 2656//4307 2655//4307
f 2661//4308 2655//4308 2654//4308
f 2661//4309 2654//4309 2653//4309
f 2661//4310 2653//4310 2652//4310
usemtl Mat_NeonAmber
f 2672//4311 2673//4311 2663//4311
f 2672//4312 2663//4312 2662//4312
f 2673//4313 2674//4313 2664//4313
f 2673//4314 2664//4314 2663//4314
f 2674//4315 2675//4315 2665//4315
f 2674//4316 2665//4316 2664//4316
f 2675//4317 2676//4317 2666//4317
f 2675//4318 2666//4318 2665//4318
f 2676//4319 2677//4319 2667//4319
f 2676//4320 2667//4320 2666//4320
f 2677//4321 2678//4321 2668//4321
f 2677//4322 2668//4322 2667//4322
f 2678//4323 2679//4323 2669//4323
f 2678//4324 2669//4324 2668//4324
f 2679//4325 2680//4325 2670//4325
f 2679//4326 2670//4326 2669//4326
f 2680//4327 2681//4327 2671//4327
f 2680//4328 2671//4328 2670//4328
f 2681//4329 2672//4329 2662//4329
f 2681//4330 2662//4330 2671//4330
f 2681//4331 2680//4331 2679//4331
f 2681//4332 2679//4332 2678//4332
f 2681//4333 2678//4333 2677//4333
f 2681//4334 2677//4334 2676//4334
f 2681//4335 2676//4335 2675//4335
f 2681//4336 2675//4336 2674//4336
f 2681//4337 2674//4337 2673//4337
f 2681//4338 2673//4338 2672//4338
usemtl Mat_Brass
f 2683//4339 2693//4339 2692//4339
f 2682//4340 2683//4340 2692//4340
f 2684//4341 2694//4341 2693//4341
f 2683//4342 2684//4342 2693//4342
f 2685//4343 2695//4343 2694//4343
f 2684//4344 2685//4344 2694//4344
f 2686//4345 2696//4345 2695//4345
f 2685//4346 2686//4346 2695//4346
f 2687//4347 2697//4347 2696//4347
f 2686//4348 2687//4348 2696//4348
f 2688//4349 2698//4349 2697//4349
f 2687//4350 2688//4350 2697//4350
f 2689//4351 2699//4351 2698//4351
f 2688//4352 2689//4352 2698//4352
f 2690//4353 2700//4353 2699//4353
f 2689//4354 2690//4354 2699//4354
f 2691//4355 2701//4355 2700//4355
f 2690//4356 2691//4356 2700//4356
f 2682//4357 2692//4357 2701//4357
f 2691//4358 2682//4358 2701//4358
f 2699//4359 2700//4359 2701//4359
f 2698//4360 2699//4360 2701//4360
f 2697//4361 2698//4361 2701//4361
f 2696//4362 2697//4362 2701//4362
f 2695//4363 2696//4363 2701//4363
f 2694//4364 2695//4364 2701//4364
f 2693//4365 2694//4365 2701//4365
f 2692//4366 2693//4366 2701//4366
usemtl Mat_NeonAmber
f 2703//4367 2713//4367 2712//4367
f 2702//4368 2703//4368 2712//4368
f 2704//4369 2714//4369 2713//4369
f 2703//4370 2704//4370 2713//4370
f 2705//4371 2715//4371 2714//4371
f 2704//4372 2705//4372 2714//4372
f 2706//4373 2716//4373 2715//4373
f 2705//4374 2706//4374 2715//4374
f 2707//4375 2717//4375 2716//4375
f 2706//4376 2707//4376 2716//4376
f 2708//4377 2718//4377 2717//4377
f 2707//4378 2708//4378 2717//4378
f 2709//4379 2719//4379 2718//4379
f 2708//4380 2709//4380 2718//4380
f 2710//4381 2720//4381 2719//4381
f 2709//4382 2710//4382 2719//4382
f 2711//4383 2721//4383 2720//4383
f 2710//4384 2711//4384 2720//4384
f 2702//4385 2712//4385 2721//4385
f 2711//4386 2702//4386 2721//4386
f 2719//4387 2720//4387 2721//4387
f 2718//4388 2719//4388 2721//4388
f 2717//4389 2718//4389 2721//4389
f 2716//4390 2717//4390 2721//4390
f 2715//4391 2716//4391 2721//4391
f 2714//4392 2715//4392 2721//4392
f 2713//4393 2714//4393 2721//4393
f 2712//4394 2713//4394 2721//4394
usemtl Mat_Brass
f 2723//4395 2733//4395 2732//4395
f 2722//4396 2723//4396 2732//4396
f 2724//4397 2734//4397 2733//4397
f 2723//4398 2724//4398 2733//4398
f 2725//4399 2735//4399 2734//4399
f 2724//4400 2725//4400 2734//4400
f 2726//4401 2736//4401 2735//4401
f 2725//4402 2726//4402 2735//4402
f 2727//4403 2737//4403 2736//4403
f 2726//4404 2727//4404 2736//4404
f 2728//4405 2738//4405 2737//4405
f 2727//4406 2728//4406 2737//4406
f 2729//4407 2739//4407 2738//4407
f 2728//4408 2729//4408 2738//4408
f 2730//4409 2740//4409 2739//4409
f 2729//4410 2730//4410 2739//4410
f 2731//4411 2741//4411 2740//4411
f 2730//4412 2731//4412 2740//4412
f 2722//4413 2732//4413 2741//4413
f 2731//4414 2722//4414 2741//4414
f 2739//4415 2740//4415 2741//4415
f 2738//4416 2739//4416 2741//4416
f 2737//4417 2738//4417 2741//4417
f 2736//4418 2737//4418 2741//4418
f 2735//4419 2736//4419 2741//4419
f 2734//4420 2735//4420 2741//4420
f 2733//4421 2734//4421 2741//4421
f 2732//4422 2733//4422 2741//4422
usemtl Mat_NeonAmber
f 2743//4423 2753//4423 2752//4423
f 2742//4424 2743//4424 2752//4424
f 2744//4425 2754//4425 2753//4425
f 2743//4426 2744//4426 2753//4426
f 2745//4427 2755//4427 2754//4427
f 2744//4428 2745//4428 2754//4428
f 2746//4429 2756//4429 2755//4429
f 2745//4430 2746//4430 2755//4430
f 2747//4431 2757//4431 2756//4431
f 2746//4432 2747//4432 2756//4432
f 2748//4433 2758//4433 2757//4433
f 2747//4434 2748//4434 2757//4434
f 2749//4435 2759//4435 2758//4435
f 2748//4436 2749//4436 2758//4436
f 2750//4437 2760//4437 2759//4437
f 2749//4438 2750//4438 2759//4438
f 2751//4439 2761//4439 2760//4439
f 2750//4440 2751//4440 2760//4440
f 2742//4441 2752//4441 2761//4441
f 2751//4442 2742//4442 2761//4442
f 2759//4443 2760//4443 2761//4443
f 2758//4444 2759//4444 2761//4444
f 2757//4445 2758//4445 2761//4445
f 2756//4446 2757//4446 2761//4446
f 2755//4447 2756//4447 2761//4447
f 2754//4448 2755//4448 2761//4448
f 2753//4449 2754//4449 2761//4449
f 2752//4450 2753//4450 2761//4450
usemtl Mat_PaintedWood
f 2769//4451 2768//4451 2767//4451
f 2769//4452 2767//4452 2766//4452
f 2766//4453 2767//4453 2763//4453
f 2766//4454 2763//4454 2762//4454
f 2767//4455 2768//4455 2764//4455
f 2767//4456 2764//4456 2763//4456
f 2768//4457 2769//4457 2765//4457
f 2768//4458 2765//4458 2764//4458
f 2769//4459 2766//4459 2762//4459
f 2769//4460 2762//4460 2765//4460
f 2763//4461 2764//4461 2765//4461
f 2763//4462 2765//4462 2762//4462
usemtl Mat_Bone
f 2777//4463 2776//4463 2775//4463
f 2777//4464 2775//4464 2774//4464
f 2774//4465 2775//4465 2771//4465
f 2774//4466 2771//4466 2770//4466
f 2775//4467 2776//4467 2772//4467
f 2775//4468 2772//4468 2771//4468
f 2776//4469 2777//4469 2773//4469
f 2776//4470 2773//4470 2772//4470
f 2777//4471 2774//4471 2770//4471
f 2777//4472 2770//4472 2773//4472
f 2771//4473 2772//4473 2773//4473
f 2771//4474 2773//4474 2770//4474
usemtl Mat_FadedWood
f 2785//4475 2784//4475 2783//4475
f 2785//4476 2783//4476 2782//4476
f 2782//4477 2783//4477 2779//4477
f 2782//4478 2779//4478 2778//4478
f 2783//4479 2784//4479 2780//4479
f 2783//4480 2780//4480 2779//4480
f 2784//4481 2785//4481 2781//4481
f 2784//4482 2781//4482 2780//4482
f 2785//4483 2782//4483 2778//4483
f 2785//4484 2778//4484 2781//4484
f 2779//4485 2780//4485 2781//4485
f 2779//4486 2781//4486 2778//4486
usemtl Mat_Brass
f 2786//4487 2787//4487 2791//4487
f 2786//4488 2791//4488 2790//4488
f 2787//4489 2788//4489 2792//4489
f 2787//4490 2792//4490 2791//4490
f 2788//4491 2789//4491 2793//4491
f 2788//4492 2793//4492 2792//4492
f 2789//4493 2786//4493 2790//4493
f 2789//4494 2790//4494 2793//4494
f 2790//4495 2791//4495 2795//4495
f 2790//4496 2795//4496 2794//4496
f 2791//4497 2792//4497 2796//4497
f 2791//4498 2796//4498 2795//4498
f 2792//4499 2793//4499 2797//4499
f 2792//4500 2797//4500 2796//4500
f 2793//4501 2790//4501 2794//4501
f 2793//4502 2794//4502 2797//4502
f 2794//4503 2795//4503 2799//4503
f 2794//4504 2799//4504 2798//4504
f 2795//4505 2796//4505 2800//4505
f 2795//4506 2800//4506 2799//4506
f 2796//4507 2797//4507 2801//4507
f 2796//4508 2801//4508 2800//4508
f 2797//4509 2794//4509 2798//4509
f 2797//4510 2798//4510 2801//4510
f 2798//4511 2799//4511 2803//4511
f 2798//4512 2803//4512 2802//4512
f 2799//4513 2800//4513 2804//4513
f 2799//4514 2804//4514 2803//4514
f 2800//4515 2801//4515 2805//4515
f 2800//4516 2805//4516 2804//4516
f 2801//4517 2798//4517 2802//4517
f 2801//4518 2802//4518 2805//4518
f 2802//4519 2803//4519 2807//4519
f 2802//4520 2807//4520 2806//4520
f 2803//4521 2804//4521 2808//4521
f 2803//4522 2808//4522 2807//4522
f 2804//4523 2805//4523 2809//4523
f 2804//4524 2809//4524 2808//4524
f 2805//4525 2802//4525 2806//4525
f 2805//4526 2806//4526 2809//4526
f 2806//4527 2807//4527 2811//4527
f 2806//4528 2811//4528 2810//4528
f 2807//4529 2808//4529 2812//4529
f 2807//4530 2812//4530 2811//4530
f 2808//4531 2809//4531 2813//4531
f 2808//4532 2813//4532 2812//4532
f 2809//4533 2806//4533 2810//4533
f 2809//4534 2810//4534 2813//4534
f 2810//4535 2811//4535 2815//4535
f 2810//4536 2815//4536 2814//4536
f 2811//4537 2812//4537 2816//4537
f 2811//4538 2816//4538 2815//4538
f 2812//4539 2813//4539 2817//4539
f 2812//4540 2817//4540 2816//4540
f 2813//4541 2810//4541 2814//4541
f 2813//4542 2814//4542 2817//4542
f 2814//4543 2815//4543 2819//4543
f 2814//4544 2819//4544 2818//4544
f 2815//4545 2816//4545 2820//4545
f 2815//4546 2820//4546 2819//4546
f 2816//4547 2817//4547 2821//4547
f 2816//4548 2821//4548 2820//4548
f 2817//4549 2814//4549 2818//4549
f 2817//4550 2818//4550 2821//4550
f 2789//4551 2788//4551 2787//4551
f 2789//4552 2787//4552 2786//4552
f 2818//4553 2819//4553 2820//4553
f 2818//4554 2820//4554 2821//4554
f 2823//4555 2824//4555 2822//4555
f 2824//4556 2825//4556 2822//4556
f 2825//4557 2826//4557 2822//4557
f 2826//4558 2827//4558 2822//4558
f 2827//4559 2828//4559 2822//4559
f 2828//4560 2823//4560 2822//4560
f 2829//4561 2830//4561 2824//4561
f 2829//4562 2824//4562 2823//4562
f 2830//4563 2831//4563 2825//4563
f 2830//4564 2825//4564 2824//4564
f 2831//4565 2832//4565 2826//4565
f 2831//4566 2826//4566 2825//4566
f 2832//4567 2833//4567 2827//4567
f 2832//4568 2827//4568 2826//4568
f 2833//4569 2834//4569 2828//4569
f 2833//4570 2828//4570 2827//4570
f 2834//4571 2829//4571 2823//4571
f 2834//4572 2823//4572 2828//4572
f 2835//4573 2830//4573 2829//4573
f 2835//4574 2831//4574 2830//4574
f 2835//4575 2832//4575 2831//4575
f 2835//4576 2833//4576 2832//4576
f 2835//4577 2834//4577 2833//4577
f 2835//4578 2829//4578 2834//4578
f 2837//4579 2838//4579 2836//4579
f 2838//4580 2839//4580 2836//4580
f 2839//4581 2840//4581 2836//4581
f 2840//4582 2841//4582 2836//4582
f 2841//4583 2842//4583 2836//4583
f 2842//4584 2837//4584 2836//4584
f 2843//4585 2844//4585 2838//4585
f 2843//4586 2838//4586 2837//4586
f 2844//4587 2845//4587 2839//4587
f 2844//4588 2839//4588 2838//4588
f 2845//4589 2846//4589 2840//4589
f 2845//4590 2840//4590 2839//4590
f 2846//4591 2847//4591 2841//4591
f 2846//4592 2841//4592 2840//4592
f 2847//4593 2848//4593 2842//4593
f 2847//4594 2842//4594 2841//4594
f 2848//4595 2843//4595 2837//4595
f 2848//4596 2837//4596 2842//4596
f 2849//4597 2844//4597 2843//4597
f 2849//4598 2845//4598 2844//4598
f 2849//4599 2846//4599 2845//4599
f 2849//4600 2847//4600 2846//4600
f 2849//4601 2848//4601 2847//4601
f 2849//4602 2843//4602 2848//4602
f 2856//4603 2857//4603 2851//4603
f 2856//4604 2851//4604 2850//4604
f 2857//4605 2858//4605 2852//4605
f 2857//4606 2852//4606 2851//4606
f 2858//4607 2859//4607 2853//4607
f 2858//4608 2853//4608 2852//4608
f 2859//4609 2860//4609 2854//4609
f 2859//4610 2854//4610 2853//4610
f 2860//4611 2861//4611 2855//4611
f 2860//4612 2855//4612 2854//4612
f 2861//4613 2856//4613 2850//4613
f 2861//4614 2850//4614 2855//4614
f 2861//4615 2860//4615 2859//4615
f 2861//4616 2859//4616 2858//4616
f 2861//4617 2858//4617 2857//4617
f 2861//4618 2857//4618 2856//4618
f 2850//4619 2851//4619 2852//4619
f 2850//4620 2852//4620 2853//4620
f 2850//4621 2853//4621 2854//4621
f 2850//4622 2854//4622 2855//4622
usemtl Mat_DarkMetal
f 2870//4623 2871//4623 2863//4623
f 2870//4624 2863//4624 2862//4624
f 2871//4625 2872//4625 2864//4625
f 2871//4626 2864//4626 2863//4626
f 2872//4627 2873//4627 2865//4627
f 2872//4628 2865//4628 2864//4628
f 2873//4629 2874//4629 2866//4629
f 2873//4630 2866//4630 2865//4630
f 2874//4631 2875//4631 2867//4631
f 2874//4632 2867//4632 2866//4632
f 2875//4633 2876//4633 2868//4633
f 2875//4634 2868//4634 2867//4634
f 2876//4635 2877//4635 2869//4635
f 2876//4636 2869//4636 2868//4636
f 2877//4637 2870//4637 2862//4637
f 2877//4638 2862//4638 2869//4638
f 2877//4639 2876//4639 2875//4639
f 2877//4640 2875//4640 2874//4640
f 2877//4641 2874//4641 2873//4641
f 2877//4642 2873//4642 2872//4642
f 2877//4643 2872//4643 2871//4643
f 2877//4644 2871//4644 2870//4644
f 2862//4645 2863//4645 2864//4645
f 2862//4646 2864//4646 2865//4646
f 2862//4647 2865//4647 2866//4647
f 2862//4648 2866//4648 2867//4648
f 2862//4649 2867//4649 2868//4649
f 2862//4650 2868//4650 2869//4650
usemtl Mat_NeonAmber
f 1743//4651 1751//4651 1750//4651
f 1742//4652 1743//4652 1750//4652
f 1744//4653 1752//4653 1751//4653
f 1743//4654 1744//4654 1751//4654
f 1745//4655 1753//4655 1752//4655
f 1744//4656 1745//4656 1752//4656
f 1746//4657 1754//4657 1753//4657
f 1745//4658 1746//4658 1753//4658
f 1747//4659 1755//4659 1754//4659
f 1746//4660 1747//4660 1754//4660
f 1748//4661 1756//4661 1755//4661
f 1747//4662 1748//4662 1755//4662
f 1749//4663 1757//4663 1756//4663
f 1748//4664 1749//4664 1756//4664
f 1742//4665 1750//4665 1757//4665
f 1749//4666 1742//4666 1757//4666
o Bldg_Saloon_Door_L
v 0.17000 1.10000 3.56500
v 1.08000 1.10000 3.56500
v 1.08000 1.10000 3.63500
v 0.17000 1.10000 3.63500
v 0.17000 2.40000 3.56500
v 1.08000 2.40000 3.56500
v 1.08000 2.40000 3.63500
v 0.17000 2.40000 3.63500
v 0.17000 2.30000 3.55000
v 1.08000 2.30000 3.55000
v 1.08000 2.30000 3.65000
v 0.17000 2.30000 3.65000
v 0.17000 2.40000 3.55000
v 1.08000 2.40000 3.55000
v 1.08000 2.40000 3.65000
v 0.17000 2.40000 3.65000
v 0.17000 1.10000 3.55000
v 1.08000 1.10000 3.55000
v 1.08000 1.10000 3.65000
v 0.17000 1.10000 3.65000
v 0.17000 1.20000 3.55000
v 1.08000 1.20000 3.55000
v 1.08000 1.20000 3.65000
v 0.17000 1.20000 3.65000
v 0.27000 1.32634 3.63141
v 0.98000 1.32634 3.63141
v 0.98000 1.31366 3.65859
v 0.27000 1.31366 3.65859
v 0.27000 1.40791 3.66944
v 0.98000 1.40791 3.66944
v 0.98000 1.39523 3.69663
v 0.27000 1.39523 3.69663
v 0.27000 1.52634 3.63141
v 0.98000 1.52634 3.63141
v 0.98000 1.51366 3.65859
v 0.27000 1.51366 3.65859
v 0.27000 1.60791 3.66944
v 0.98000 1.60791 3.66944
v 0.98000 1.59523 3.69663
v 0.27000 1.59523 3.69663
v 0.27000 1.72634 3.63141
v 0.98000 1.72634 3.63141
v 0.98000 1.71366 3.65859
v 0.27000 1.71366 3.65859
v 0.27000 1.80791 3.66944
v 0.98000 1.80791 3.66944
v 0.98000 1.79523 3.69663
v 0.27000 1.79523 3.69663
v 0.27000 1.92634 3.63141
v 0.98000 1.92634 3.63141
v 0.98000 1.91366 3.65859
v 0.27000 1.91366 3.65859
v 0.27000 2.00791 3.66944
v 0.98000 2.00791 3.66944
v 0.98000 1.99523 3.69663
v 0.27000 1.99523 3.69663
v 0.27000 2.12634 3.63141
v 0.98000 2.12634 3.63141
v 0.98000 2.11366 3.65859
v 0.27000 2.11366 3.65859
v 0.27000 2.20791 3.66944
v 0.98000 2.20791 3.66944
v 0.98000 2.19523 3.69663
v 0.27000 2.19523 3.69663
v 0.72725 2.05000 3.67061
v 0.72725 2.05000 3.64939
v 0.70275 2.05000 3.64939
v 0.70275 2.05000 3.67061
v 0.67612 2.13855 3.67061
v 0.67612 2.13855 3.64939
v 0.66388 2.11734 3.64939
v 0.66388 2.11734 3.67061
v 0.57388 2.13855 3.67061
v 0.57388 2.13855 3.64939
v 0.58612 2.11734 3.64939
v 0.58612 2.11734 3.67061
v 0.52275 2.05000 3.67061
v 0.52275 2.05000 3.64939
v 0.54725 2.05000 3.64939
v 0.54725 2.05000 3.67061
v 0.57388 1.96145 3.67061
v 0.57388 1.96145 3.64939
v 0.58612 1.98266 3.64939
v 0.58612 1.98266 3.67061
v 0.67612 1.96145 3.67061
v 0.67612 1.96145 3.64939
v 0.66388 1.98266 3.64939
v 0.66388 1.98266 3.67061
vn -0.0000 1.0000 0.0000
vn 0.0000 1.0000 0.0000
vn 0.0000 0.0000 -1.0000
vn 0.0000 0.0000 -1.0000
vn 1.0000 0.0000 -0.0000
vn 1.0000 0.0000 0.0000
vn 0.0000 0.0000 1.0000
vn 0.0000 0.0000 1.0000
vn -1.0000 0.0000 -0.0000
vn -1.0000 -0.0000 0.0000
vn 0.0000 -1.0000 0.0000
vn 0.0000 -1.0000 0.0000
vn -0.0000 1.0000 0.0000
vn 0.0000 1.0000 0.0000
vn 0.0000 0.0000 -1.0000
vn 0.0000 0.0000 -1.0000
vn 1.0000 0.0000 -0.0000
vn 1.0000 0.0000 0.0000
vn 0.0000 0.0000 1.0000
vn 0.0000 0.0000 1.0000
vn -1.0000 0.0000 -0.0000
vn -1.0000 -0.0000 0.0000
vn 0.0000 -1.0000 0.0000
vn 0.0000 -1.0000 0.0000
vn -0.0000 1.0000 0.0000
vn 0.0000 1.0000 0.0000
vn 0.0000 0.0000 -1.0000
vn 0.0000 0.0000 -1.0000
vn 1.0000 0.0000 -0.0000
vn 1.0000 0.0000 0.0000
vn 0.0000 0.0000 1.0000
vn 0.0000 0.0000 1.0000
vn -1.0000 0.0000 -0.0000
vn -1.0000 -0.0000 0.0000
vn 0.0000 -1.0000 0.0000
vn 0.0000 -1.0000 0.0000
vn -0.0000 0.9063 0.4226
vn 0.0000 0.9063 0.4226
vn 0.0000 0.4226 -0.9063
vn 0.0000 0.4226 -0.9063
vn 1.0000 0.0000 0.0000
vn 1.0000 0.0000 0.0000
vn 0.0000 -0.4226 0.9063
vn 0.0000 -0.4226 0.9063
vn -1.0000 0.0000 -0.0000
vn -1.0000 0.0000 0.0000
vn 0.0000 -0.9063 -0.4226
vn -0.0000 -0.9063 -0.4226
vn -0.0000 0.9063 0.4226
vn 0.0000 0.9063 0.4226
vn 0.0000 0.4226 -0.9063
vn 0.0000 0.4226 -0.9063
vn 1.0000 0.0000 0.0000
vn 1.0000 0.0000 0.0000
vn 0.0000 -0.4226 0.9063
vn 0.0000 -0.4226 0.9063
vn -1.0000 0.0000 -0.0000
vn -1.0000 0.0000 0.0000
vn 0.0000 -0.9063 -0.4226
vn -0.0000 -0.9063 -0.4226
vn -0.0000 0.9063 0.4226
vn 0.0000 0.9063 0.4226
vn 0.0000 0.4226 -0.9063
vn 0.0000 0.4226 -0.9063
vn 1.0000 0.0000 0.0000
vn 1.0000 0.0000 0.0000
vn 0.0000 -0.4226 0.9063
vn 0.0000 -0.4226 0.9063
vn -1.0000 0.0000 -0.0000
vn -1.0000 0.0000 0.0000
vn 0.0000 -0.9063 -0.4226
vn -0.0000 -0.9063 -0.4226
vn -0.0000 0.9063 0.4226
vn 0.0000 0.9063 0.4226
vn 0.0000 0.4226 -0.9063
vn 0.0000 0.4226 -0.9063
vn 1.0000 0.0000 0.0000
vn 1.0000 0.0000 0.0000
vn 0.0000 -0.4226 0.9063
vn 0.0000 -0.4226 0.9063
vn -1.0000 0.0000 -0.0000
vn -1.0000 0.0000 0.0000
vn 0.0000 -0.9063 -0.4226
vn -0.0000 -0.9063 -0.4226
vn -0.0000 0.9063 0.4226
vn 0.0000 0.9063 0.4226
vn 0.0000 0.4226 -0.9063
vn 0.0000 0.4226 -0.9063
vn 1.0000 0.0000 0.0000
vn 1.0000 0.0000 0.0000
vn 0.0000 -0.4226 0.9063
vn 0.0000 -0.4226 0.9063
vn -1.0000 0.0000 -0.0000
vn -1.0000 0.0000 0.0000
vn 0.0000 -0.9063 -0.4226
vn -0.0000 -0.9063 -0.4226
vn 0.8660 0.5000 0.0000
vn 0.8660 0.5000 0.0000
vn 0.0000 0.0000 -1.0000
vn 0.0000 0.0000 -1.0000
vn -0.8660 -0.5000 0.0000
vn -0.8660 -0.5000 0.0000
vn 0.0000 -0.0000 1.0000
vn 0.0000 0.0000 1.0000
vn 0.0000 1.0000 0.0000
vn 0.0000 1.0000 0.0000
vn 0.0000 0.0000 -1.0000
vn -0.0000 0.0000 -1.0000
vn 0.0000 -1.0000 0.0000
vn 0.0000 -1.0000 0.0000
vn 0.0000 -0.0000 1.0000
vn 0.0000 0.0000 1.0000
vn -0.8660 0.5000 0.0000
vn -0.8660 0.5000 0.0000
vn 0.0000 -0.0000 -1.0000
vn 0.0000 0.0000 -1.0000
vn 0.8660 -0.5000 0.0000
vn 0.8660 -0.5000 0.0000
vn 0.0000 0.0000 1.0000
vn 0.0000 0.0000 1.0000
vn -0.8660 -0.5000 -0.0000
vn -0.8660 -0.5000 0.0000
vn 0.0000 0.0000 -1.0000
vn 0.0000 0.0000 -1.0000
vn 0.8660 0.5000 -0.0000
vn 0.8660 0.5000 0.0000
vn 0.0000 0.0000 1.0000
vn 0.0000 0.0000 1.0000
vn 0.0000 -1.0000 0.0000
vn 0.0000 -1.0000 0.0000
vn 0.0000 0.0000 -1.0000
vn 0.0000 0.0000 -1.0000
vn 0.0000 1.0000 0.0000
vn 0.0000 1.0000 0.0000
vn 0.0000 0.0000 1.0000
vn -0.0000 0.0000 1.0000
vn 0.8660 -0.5000 0.0000
vn 0.8660 -0.5000 0.0000
vn 0.0000 0.0000 -1.0000
vn 0.0000 0.0000 -1.0000
vn -0.8660 0.5000 0.0000
vn -0.8660 0.5000 0.0000
vn -0.0000 0.0000 1.0000
vn 0.0000 0.0000 1.0000
usemtl Mat_PaintedWood
f 2885//4667 2884//4667 2883//4667
f 2885//4668 2883//4668 2882//4668
f 2882//4669 2883//4669 2879//4669
f 2882//4670 2879//4670 2878//4670
f 2883//4671 2884//4671 2880//4671
f 2883//4672 2880//4672 2879//4672
f 2884//4673 2885//4673 2881//4673
f 2884//4674 2881//4674 2880//4674
f 2885//4675 2882//4675 2878//4675
f 2885//4676 2878//4676 2881//4676
f 2879//4677 2880//4677 2881//4677
f 2879//4678 2881//4678 2878//4678
usemtl Mat_DarkWood
f 2893//4679 2892//4679 2891//4679
f 2893//4680 2891//4680 2890//4680
f 2890//4681 2891//4681 2887//4681
f 2890//4682 2887//4682 2886//4682
f 2891//4683 2892//4683 2888//4683
f 2891//4684 2888//4684 2887//4684
f 2892//4685 2893//4685 2889//4685
f 2892//4686 2889//4686 2888//4686
f 2893//4687 2890//4687 2886//4687
f 2893//4688 2886//4688 2889//4688
f 2887//4689 2888//4689 2889//4689
f 2887//4690 2889//4690 2886//4690
f 2901//4691 2900//4691 2899//4691
f 2901//4692 2899//4692 2898//4692
f 2898//4693 2899//4693 2895//4693
f 2898//4694 2895//4694 2894//4694
f 2899//4695 2900//4695 2896//4695
f 2899//4696 2896//4696 2895//4696
f 2900//4697 2901//4697 2897//4697
f 2900//4698 2897//4698 2896//4698
f 2901//4699 2898//4699 2894//4699
f 2901//4700 2894//4700 2897//4700
f 2895//4701 2896//4701 2897//4701
f 2895//4702 2897//4702 2894//4702
usemtl Mat_PaintedWoodDark
f 2909//4703 2908//4703 2907//4703
f 2909//4704 2907//4704 2906//4704
f 2906//4705 2907//4705 2903//4705
f 2906//4706 2903//4706 2902//4706
f 2907//4707 2908//4707 2904//4707
f 2907//4708 2904//4708 2903//4708
f 2908//4709 2909//4709 2905//4709
f 2908//4710 2905//4710 2904//4710
f 2909//4711 2906//4711 2902//4711
f 2909//4712 2902//4712 2905//4712
f 2903//4713 2904//4713 2905//4713
f 2903//4714 2905//4714 2902//4714
f 2917//4715 2916//4715 2915//4715
f 2917//4716 2915//4716 2914//4716
f 2914//4717 2915//4717 2911//4717
f 2914//4718 2911//4718 2910//4718
f 2915//4719 2916//4719 2912//4719
f 2915//4720 2912//4720 2911//4720
f 2916//4721 2917//4721 2913//4721
f 2916//4722 2913//4722 2912//4722
f 2917//4723 2914//4723 2910//4723
f 2917//4724 2910//4724 2913//4724
f 2911//4725 2912//4725 2913//4725
f 2911//4726 2913//4726 2910//4726
f 2925//4727 2924//4727 2923//4727
f 2925//4728 2923//4728 2922//4728
f 2922//4729 2923//4729 2919//4729
f 2922//4730 2919//4730 2918//4730
f 2923//4731 2924//4731 2920//4731
f 2923//4732 2920//4732 2919//4732
f 2924//4733 2925//4733 2921//4733
f 2924//4734 2921//4734 2920//4734
f 2925//4735 2922//4735 2918//4735
f 2925//4736 2918//4736 2921//4736
f 2919//4737 2920//4737 2921//4737
f 2919//4738 2921//4738 2918//4738
f 2933//4739 2932//4739 2931//4739
f 2933//4740 2931//4740 2930//4740
f 2930//4741 2931//4741 2927//4741
f 2930//4742 2927//4742 2926//4742
f 2931//4743 2932//4743 2928//4743
f 2931//4744 2928//4744 2927//4744
f 2932//4745 2933//4745 2929//4745
f 2932//4746 2929//4746 2928//4746
f 2933//4747 2930//4747 2926//4747
f 2933//4748 2926//4748 2929//4748
f 2927//4749 2928//4749 2929//4749
f 2927//4750 2929//4750 2926//4750
f 2941//4751 2940//4751 2939//4751
f 2941//4752 2939//4752 2938//4752
f 2938//4753 2939//4753 2935//4753
f 2938//4754 2935//4754 2934//4754
f 2939//4755 2940//4755 2936//4755
f 2939//4756 2936//4756 2935//4756
f 2940//4757 2941//4757 2937//4757
f 2940//4758 2937//4758 2936//4758
f 2941//4759 2938//4759 2934//4759
f 2941//4760 2934//4760 2937//4760
f 2935//4761 2936//4761 2937//4761
f 2935//4762 2937//4762 2934//4762
usemtl Mat_NeonAmber
f 2942//4763 2943//4763 2947//4763
f 2942//4764 2947//4764 2946//4764
f 2943//4765 2944//4765 2948//4765
f 2943//4766 2948//4766 2947//4766
f 2944//4767 2945//4767 2949//4767
f 2944//4768 2949//4768 2948//4768
f 2945//4769 2942//4769 2946//4769
f 2945//4770 2946//4770 2949//4770
f 2946//4771 2947//4771 2951//4771
f 2946//4772 2951//4772 2950//4772
f 2947//4773 2948//4773 2952//4773
f 2947//4774 2952//4774 2951//4774
f 2948//4775 2949//4775 2953//4775
f 2948//4776 2953//4776 2952//4776
f 2949//4777 2946//4777 2950//4777
f 2949//4778 2950//4778 2953//4778
f 2950//4779 2951//4779 2955//4779
f 2950//4780 2955//4780 2954//4780
f 2951//4781 2952//4781 2956//4781
f 2951//4782 2956//4782 2955//4782
f 2952//4783 2953//4783 2957//4783
f 2952//4784 2957//4784 2956//4784
f 2953//4785 2950//4785 2954//4785
f 2953//4786 2954//4786 2957//4786
f 2954//4787 2955//4787 2959//4787
f 2954//4788 2959//4788 2958//4788
f 2955//4789 2956//4789 2960//4789
f 2955//4790 2960//4790 2959//4790
f 2956//4791 2957//4791 2961//4791
f 2956//4792 2961//4792 2960//4792
f 2957//4793 2954//4793 2958//4793
f 2957//4794 2958//4794 2961//4794
f 2958//4795 2959//4795 2963//4795
f 2958//4796 2963//4796 2962//4796
f 2959//4797 2960//4797 2964//4797
f 2959//4798 2964//4798 2963//4798
f 2960//4799 2961//4799 2965//4799
f 2960//4800 2965//4800 2964//4800
f 2961//4801 2958//4801 2962//4801
f 2961//4802 2962//4802 2965//4802
f 2962//4803 2963//4803 2943//4803
f 2962//4804 2943//4804 2942//4804
f 2963//4805 2964//4805 2944//4805
f 2963//4806 2944//4806 2943//4806
f 2964//4807 2965//4807 2945//4807
f 2964//4808 2945//4808 2944//4808
f 2965//4809 2962//4809 2942//4809
f 2965//4810 2942//4810 2945//4810
o Bldg_Saloon_Door_R
v 1.12000 1.10000 3.56500
v 2.03000 1.10000 3.56500
v 2.03000 1.10000 3.63500
v 1.12000 1.10000 3.63500
v 1.12000 2.40000 3.56500
v 2.03000 2.40000 3.56500
v 2.03000 2.40000 3.63500
v 1.12000 2.40000 3.63500
v 1.12000 2.30000 3.55000
v 2.03000 2.30000 3.55000
v 2.03000 2.30000 3.65000
v 1.12000 2.30000 3.65000
v 1.12000 2.40000 3.55000
v 2.03000 2.40000 3.55000
v 2.03000 2.40000 3.65000
v 1.12000 2.40000 3.65000
v 1.12000 1.10000 3.55000
v 2.03000 1.10000 3.55000
v 2.03000 1.10000 3.65000
v 1.12000 1.10000 3.65000
v 1.12000 1.20000 3.55000
v 2.03000 1.20000 3.55000
v 2.03000 1.20000 3.65000
v 1.12000 1.20000 3.65000
v 1.22000 1.32634 3.63141
v 1.93000 1.32634 3.63141
v 1.93000 1.31366 3.65859
v 1.22000 1.31366 3.65859
v 1.22000 1.40791 3.66944
v 1.93000 1.40791 3.66944
v 1.93000 1.39523 3.69663
v 1.22000 1.39523 3.69663
v 1.22000 1.52634 3.63141
v 1.93000 1.52634 3.63141
v 1.93000 1.51366 3.65859
v 1.22000 1.51366 3.65859
v 1.22000 1.60791 3.66944
v 1.93000 1.60791 3.66944
v 1.93000 1.59523 3.69663
v 1.22000 1.59523 3.69663
v 1.22000 1.72634 3.63141
v 1.93000 1.72634 3.63141
v 1.93000 1.71366 3.65859
v 1.22000 1.71366 3.65859
v 1.22000 1.80791 3.66944
v 1.93000 1.80791 3.66944
v 1.93000 1.79523 3.69663
v 1.22000 1.79523 3.69663
v 1.22000 1.92634 3.63141
v 1.93000 1.92634 3.63141
v 1.93000 1.91366 3.65859
v 1.22000 1.91366 3.65859
v 1.22000 2.00791 3.66944
v 1.93000 2.00791 3.66944
v 1.93000 1.99523 3.69663
v 1.22000 1.99523 3.69663
v 1.22000 2.12634 3.63141
v 1.93000 2.12634 3.63141
v 1.93000 2.11366 3.65859
v 1.22000 2.11366 3.65859
v 1.22000 2.20791 3.66944
v 1.93000 2.20791 3.66944
v 1.93000 2.19523 3.69663
v 1.22000 2.19523 3.69663
v 1.67725 2.05000 3.67061
v 1.67725 2.05000 3.64939
v 1.65275 2.05000 3.64939
v 1.65275 2.05000 3.67061
v 1.62612 2.13855 3.67061
v 1.62612 2.13855 3.64939
v 1.61388 2.11734 3.64939
v 1.61388 2.11734 3.67061
v 1.52388 2.13855 3.67061
v 1.52388 2.13855 3.64939
v 1.53612 2.11734 3.64939
v 1.53612 2.11734 3.67061
v 1.47275 2.05000 3.67061
v 1.47275 2.05000 3.64939
v 1.49725 2.05000 3.64939
v 1.49725 2.05000 3.67061
v 1.52388 1.96145 3.67061
v 1.52388 1.96145 3.64939
v 1.53612 1.98266 3.64939
v 1.53612 1.98266 3.67061
v 1.62612 1.96145 3.67061
v 1.62612 1.96145 3.64939
v 1.61388 1.98266 3.64939
v 1.61388 1.98266 3.67061
vn -0.0000 1.0000 0.0000
vn 0.0000 1.0000 0.0000
vn 0.0000 0.0000 -1.0000
vn 0.0000 0.0000 -1.0000
vn 1.0000 0.0000 -0.0000
vn 1.0000 0.0000 0.0000
vn 0.0000 0.0000 1.0000
vn 0.0000 0.0000 1.0000
vn -1.0000 0.0000 -0.0000
vn -1.0000 -0.0000 0.0000
vn 0.0000 -1.0000 0.0000
vn 0.0000 -1.0000 0.0000
vn -0.0000 1.0000 0.0000
vn 0.0000 1.0000 0.0000
vn 0.0000 0.0000 -1.0000
vn 0.0000 0.0000 -1.0000
vn 1.0000 0.0000 -0.0000
vn 1.0000 0.0000 0.0000
vn 0.0000 0.0000 1.0000
vn 0.0000 0.0000 1.0000
vn -1.0000 0.0000 -0.0000
vn -1.0000 -0.0000 0.0000
vn 0.0000 -1.0000 0.0000
vn 0.0000 -1.0000 0.0000
vn -0.0000 1.0000 0.0000
vn 0.0000 1.0000 0.0000
vn 0.0000 0.0000 -1.0000
vn 0.0000 0.0000 -1.0000
vn 1.0000 0.0000 -0.0000
vn 1.0000 0.0000 0.0000
vn 0.0000 0.0000 1.0000
vn 0.0000 0.0000 1.0000
vn -1.0000 0.0000 -0.0000
vn -1.0000 -0.0000 0.0000
vn 0.0000 -1.0000 0.0000
vn 0.0000 -1.0000 0.0000
vn -0.0000 0.9063 0.4226
vn 0.0000 0.9063 0.4226
vn 0.0000 0.4226 -0.9063
vn 0.0000 0.4226 -0.9063
vn 1.0000 0.0000 0.0000
vn 1.0000 0.0000 0.0000
vn 0.0000 -0.4226 0.9063
vn 0.0000 -0.4226 0.9063
vn -1.0000 0.0000 -0.0000
vn -1.0000 0.0000 0.0000
vn 0.0000 -0.9063 -0.4226
vn -0.0000 -0.9063 -0.4226
vn -0.0000 0.9063 0.4226
vn 0.0000 0.9063 0.4226
vn 0.0000 0.4226 -0.9063
vn 0.0000 0.4226 -0.9063
vn 1.0000 0.0000 0.0000
vn 1.0000 0.0000 0.0000
vn 0.0000 -0.4226 0.9063
vn 0.0000 -0.4226 0.9063
vn -1.0000 0.0000 -0.0000
vn -1.0000 0.0000 0.0000
vn 0.0000 -0.9063 -0.4226
vn -0.0000 -0.9063 -0.4226
vn -0.0000 0.9063 0.4226
vn 0.0000 0.9063 0.4226
vn 0.0000 0.4226 -0.9063
vn 0.0000 0.4226 -0.9063
vn 1.0000 0.0000 0.0000
vn 1.0000 0.0000 0.0000
vn 0.0000 -0.4226 0.9063
vn 0.0000 -0.4226 0.9063
vn -1.0000 0.0000 -0.0000
vn -1.0000 0.0000 0.0000
vn 0.0000 -0.9063 -0.4226
vn -0.0000 -0.9063 -0.4226
vn -0.0000 0.9063 0.4226
vn 0.0000 0.9063 0.4226
vn 0.0000 0.4226 -0.9063
vn 0.0000 0.4226 -0.9063
vn 1.0000 0.0000 0.0000
vn 1.0000 0.0000 0.0000
vn 0.0000 -0.4226 0.9063
vn 0.0000 -0.4226 0.9063
vn -1.0000 0.0000 -0.0000
vn -1.0000 0.0000 0.0000
vn 0.0000 -0.9063 -0.4226
vn -0.0000 -0.9063 -0.4226
vn -0.0000 0.9063 0.4226
vn 0.0000 0.9063 0.4226
vn 0.0000 0.4226 -0.9063
vn 0.0000 0.4226 -0.9063
vn 1.0000 0.0000 0.0000
vn 1.0000 0.0000 0.0000
vn 0.0000 -0.4226 0.9063
vn 0.0000 -0.4226 0.9063
vn -1.0000 0.0000 -0.0000
vn -1.0000 0.0000 0.0000
vn 0.0000 -0.9063 -0.4226
vn -0.0000 -0.9063 -0.4226
vn 0.8660 0.5000 0.0000
vn 0.8660 0.5000 0.0000
vn 0.0000 0.0000 -1.0000
vn 0.0000 0.0000 -1.0000
vn -0.8660 -0.5000 0.0000
vn -0.8660 -0.5000 0.0000
vn 0.0000 -0.0000 1.0000
vn 0.0000 0.0000 1.0000
vn 0.0000 1.0000 0.0000
vn 0.0000 1.0000 0.0000
vn 0.0000 0.0000 -1.0000
vn -0.0000 0.0000 -1.0000
vn 0.0000 -1.0000 0.0000
vn 0.0000 -1.0000 0.0000
vn 0.0000 -0.0000 1.0000
vn 0.0000 0.0000 1.0000
vn -0.8660 0.5000 0.0000
vn -0.8660 0.5000 0.0000
vn 0.0000 -0.0000 -1.0000
vn 0.0000 0.0000 -1.0000
vn 0.8660 -0.5000 0.0000
vn 0.8660 -0.5000 0.0000
vn 0.0000 0.0000 1.0000
vn 0.0000 0.0000 1.0000
vn -0.8660 -0.5000 -0.0000
vn -0.8660 -0.5000 0.0000
vn 0.0000 0.0000 -1.0000
vn 0.0000 0.0000 -1.0000
vn 0.8660 0.5000 -0.0000
vn 0.8660 0.5000 0.0000
vn 0.0000 0.0000 1.0000
vn 0.0000 0.0000 1.0000
vn 0.0000 -1.0000 0.0000
vn 0.0000 -1.0000 0.0000
vn 0.0000 0.0000 -1.0000
vn 0.0000 0.0000 -1.0000
vn 0.0000 1.0000 0.0000
vn 0.0000 1.0000 0.0000
vn 0.0000 0.0000 1.0000
vn -0.0000 0.0000 1.0000
vn 0.8660 -0.5000 0.0000
vn 0.8660 -0.5000 0.0000
vn 0.0000 0.0000 -1.0000
vn 0.0000 0.0000 -1.0000
vn -0.8660 0.5000 0.0000
vn -0.8660 0.5000 0.0000
vn -0.0000 0.0000 1.0000
vn 0.0000 0.0000 1.0000
usemtl Mat_PaintedWood
f 2973//4811 2972//4811 2971//4811
f 2973//4812 2971//4812 2970//4812
f 2970//4813 2971//4813 2967//4813
f 2970//4814 2967//4814 2966//4814
f 2971//4815 2972//4815 2968//4815
f 2971//4816 2968//4816 2967//4816
f 2972//4817 2973//4817 2969//4817
f 2972//4818 2969//4818 2968//4818
f 2973//4819 2970//4819 2966//4819
f 2973//4820 2966//4820 2969//4820
f 2967//4821 2968//4821 2969//4821
f 2967//4822 2969//4822 2966//4822
usemtl Mat_DarkWood
f 2981//4823 2980//4823 2979//4823
f 2981//4824 2979//4824 2978//4824
f 2978//4825 2979//4825 2975//4825
f 2978//4826 2975//4826 2974//4826
f 2979//4827 2980//4827 2976//4827
f 2979//4828 2976//4828 2975//4828
f 2980//4829 2981//4829 2977//4829
f 2980//4830 2977//4830 2976//4830
f 2981//4831 2978//4831 2974//4831
f 2981//4832 2974//4832 2977//4832
f 2975//4833 2976//4833 2977//4833
f 2975//4834 2977//4834 2974//4834
f 2989//4835 2988//4835 2987//4835
f 2989//4836 2987//4836 2986//4836
f 2986//4837 2987//4837 2983//4837
f 2986//4838 2983//4838 2982//4838
f 2987//4839 2988//4839 2984//4839
f 2987//4840 2984//4840 2983//4840
f 2988//4841 2989//4841 2985//4841
f 2988//4842 2985//4842 2984//4842
f 2989//4843 2986//4843 2982//4843
f 2989//4844 2982//4844 2985//4844
f 2983//4845 2984//4845 2985//4845
f 2983//4846 2985//4846 2982//4846
usemtl Mat_PaintedWoodDark
f 2997//4847 2996//4847 2995//4847
f 2997//4848 2995//4848 2994//4848
f 2994//4849 2995//4849 2991//4849
f 2994//4850 2991//4850 2990//4850
f 2995//4851 2996//4851 2992//4851
f 2995//4852 2992//4852 2991//4852
f 2996//4853 2997//4853 2993//4853
f 2996//4854 2993//4854 2992//4854
f 2997//4855 2994//4855 2990//4855
f 2997//4856 2990//4856 2993//4856
f 2991//4857 2992//4857 2993//4857
f 2991//4858 2993//4858 2990//4858
f 3005//4859 3004//4859 3003//4859
f 3005//4860 3003//4860 3002//4860
f 3002//4861 3003//4861 2999//4861
f 3002//4862 2999//4862 2998//4862
f 3003//4863 3004//4863 3000//4863
f 3003//4864 3000//4864 2999//4864
f 3004//4865 3005//4865 3001//4865
f 3004//4866 3001//4866 3000//4866
f 3005//4867 3002//4867 2998//4867
f 3005//4868 2998//4868 3001//4868
f 2999//4869 3000//4869 3001//4869
f 2999//4870 3001//4870 2998//4870
f 3013//4871 3012//4871 3011//4871
f 3013//4872 3011//4872 3010//4872
f 3010//4873 3011//4873 3007//4873
f 3010//4874 3007//4874 3006//4874
f 3011//4875 3012//4875 3008//4875
f 3011//4876 3008//4876 3007//4876
f 3012//4877 3013//4877 3009//4877
f 3012//4878 3009//4878 3008//4878
f 3013//4879 3010//4879 3006//4879
f 3013//4880 3006//4880 3009//4880
f 3007//4881 3008//4881 3009//4881
f 3007//4882 3009//4882 3006//4882
f 3021//4883 3020//4883 3019//4883
f 3021//4884 3019//4884 3018//4884
f 3018//4885 3019//4885 3015//4885
f 3018//4886 3015//4886 3014//4886
f 3019//4887 3020//4887 3016//4887
f 3019//4888 3016//4888 3015//4888
f 3020//4889 3021//4889 3017//4889
f 3020//4890 3017//4890 3016//4890
f 3021//4891 3018//4891 3014//4891
f 3021//4892 3014//4892 3017//4892
f 3015//4893 3016//4893 3017//4893
f 3015//4894 3017//4894 3014//4894
f 3029//4895 3028//4895 3027//4895
f 3029//4896 3027//4896 3026//4896
f 3026//4897 3027//4897 3023//4897
f 3026//4898 3023//4898 3022//4898
f 3027//4899 3028//4899 3024//4899
f 3027//4900 3024//4900 3023//4900
f 3028//4901 3029//4901 3025//4901
f 3028//4902 3025//4902 3024//4902
f 3029//4903 3026//4903 3022//4903
f 3029//4904 3022//4904 3025//4904
f 3023//4905 3024//4905 3025//4905
f 3023//4906 3025//4906 3022//4906
usemtl Mat_NeonAmber
f 3030//4907 3031//4907 3035//4907
f 3030//4908 3035//4908 3034//4908
f 3031//4909 3032//4909 3036//4909
f 3031//4910 3036//4910 3035//4910
f 3032//4911 3033//4911 3037//4911
f 3032//4912 3037//4912 3036//4912
f 3033//4913 3030//4913 3034//4913
f 3033//4914 3034//4914 3037//4914
f 3034//4915 3035//4915 3039//4915
f 3034//4916 3039//4916 3038//4916
f 3035//4917 3036//4917 3040//4917
f 3035//4918 3040//4918 3039//4918
f 3036//4919 3037//4919 3041//4919
f 3036//4920 3041//4920 3040//4920
f 3037//4921 3034//4921 3038//4921
f 3037//4922 3038//4922 3041//4922
f 3038//4923 3039//4923 3043//4923
f 3038//4924 3043//4924 3042//4924
f 3039//4925 3040//4925 3044//4925
f 3039//4926 3044//4926 3043//4926
f 3040//4927 3041//4927 3045//4927
f 3040//4928 3045//4928 3044//4928
f 3041//4929 3038//4929 3042//4929
f 3041//4930 3042//4930 3045//4930
f 3042//4931 3043//4931 3047//4931
f 3042//4932 3047//4932 3046//4932
f 3043//4933 3044//4933 3048//4933
f 3043//4934 3048//4934 3047//4934
f 3044//4935 3045//4935 3049//4935
f 3044//4936 3049//4936 3048//4936
f 3045//4937 3042//4937 3046//4937
f 3045//4938 3046//4938 3049//4938
f 3046//4939 3047//4939 3051//4939
f 3046//4940 3051//4940 3050//4940
f 3047//4941 3048//4941 3052//4941
f 3047//4942 3052//4942 3051//4942
f 3048//4943 3049//4943 3053//4943
f 3048//4944 3053//4944 3052//4944
f 3049//4945 3046//4945 3050//4945
f 3049//4946 3050//4946 3053//4946
f 3050//4947 3051//4947 3031//4947
f 3050//4948 3031//4948 3030//4948
f 3051//4949 3052//4949 3032//4949
f 3051//4950 3032//4950 3031//4950
f 3052//4951 3053//4951 3033//4951
f 3052//4952 3033//4952 3032//4952
f 3053//4953 3050//4953 3030//4953
f 3053//4954 3030//4954 3033//4954
o Bldg_Saloon_Spur
v -7.75000 3.10000 0.06000
v -7.89542 2.45107 0.06000
v -8.45711 2.80711 0.06000
v -8.10107 2.24542 0.06000
v -8.75000 2.10000 0.06000
v -8.10107 1.95458 0.06000
v -8.45711 1.39289 0.06000
v -7.89542 1.74893 0.06000
v -7.75000 1.10000 0.06000
v -7.60458 1.74893 0.06000
v -7.04289 1.39289 0.06000
v -7.39893 1.95458 0.06000
v -6.75000 2.10000 0.06000
v -7.39893 2.24542 0.06000
v -7.04289 2.80711 0.06000
v -7.60458 2.45107 0.06000
v -7.75000 3.10000 -0.06000
v -7.89542 2.45107 -0.06000
v -8.45711 2.80711 -0.06000
v -8.10107 2.24542 -0.06000
v -8.75000 2.10000 -0.06000
v -8.10107 1.95458 -0.06000
v -8.45711 1.39289 -0.06000
v -7.89542 1.74893 -0.06000
v -7.75000 1.10000 -0.06000
v -7.60458 1.74893 -0.06000
v -7.04289 1.39289 -0.06000
v -7.39893 1.95458 -0.06000
v -6.75000 2.10000 -0.06000
v -7.39893 2.24542 -0.06000
v -7.04289 2.80711 -0.06000
v -7.60458 2.45107 -0.06000
v -7.45000 2.10000 -0.10000
v -7.50729 1.92366 -0.10000
v -7.65729 1.81468 -0.10000
v -7.84271 1.81468 -0.10000
v -7.99271 1.92366 -0.10000
v -8.05000 2.10000 -0.10000
v -7.99271 2.27634 -0.10000
v -7.84271 2.38532 -0.10000
v -7.65729 2.38532 -0.10000
v -7.50729 2.27634 -0.10000
v -7.45000 2.10000 0.10000
v -7.50729 1.92366 0.10000
v -7.65729 1.81468 0.10000
v -7.84271 1.81468 0.10000
v -7.99271 1.92366 0.10000
v -8.05000 2.10000 0.10000
v -7.99271 2.27634 0.10000
v -7.84271 2.38532 0.10000
v -7.65729 2.38532 0.10000
v -7.50729 2.27634 0.10000
v -7.75000 3.02000 0.00000
v -7.67000 3.10000 0.00000
v -7.72528 3.10000 0.07608
v -7.81472 3.10000 0.04702
v -7.81472 3.10000 -0.04702
v -7.72528 3.10000 -0.07608
v -7.75000 3.18000 0.00000
v -8.45711 2.72711 0.00000
v -8.37711 2.80711 0.00000
v -8.43239 2.80711 0.07608
v -8.52183 2.80711 0.04702
v -8.52183 2.80711 -0.04702
v -8.43239 2.80711 -0.07608
v -8.45711 2.88711 0.00000
v -8.75000 2.02000 0.00000
v -8.67000 2.10000 0.00000
v -8.72528 2.10000 0.07608
v -8.81472 2.10000 0.04702
v -8.81472 2.10000 -0.04702
v -8.72528 2.10000 -0.07608
v -8.75000 2.18000 0.00000
v -8.45711 1.31289 0.00000
v -8.37711 1.39289 0.00000
v -8.43239 1.39289 0.07608
v -8.52183 1.39289 0.04702
v -8.52183 1.39289 -0.04702
v -8.43239 1.39289 -0.07608
v -8.45711 1.47289 0.00000
v -7.75000 1.02000 0.00000
v -7.67000 1.10000 0.00000
v -7.72528 1.10000 0.07608
v -7.81472 1.10000 0.04702
v -7.81472 1.10000 -0.04702
v -7.72528 1.10000 -0.07608
v -7.75000 1.18000 0.00000
v -7.04289 1.31289 0.00000
v -6.96289 1.39289 0.00000
v -7.01817 1.39289 0.07608
v -7.10761 1.39289 0.04702
v -7.10761 1.39289 -0.04702
v -7.01817 1.39289 -0.07608
v -7.04289 1.47289 0.00000
v -6.75000 2.02000 0.00000
v -6.67000 2.10000 0.00000
v -6.72528 2.10000 0.07608
v -6.81472 2.10000 0.04702
v -6.81472 2.10000 -0.04702
v -6.72528 2.10000 -0.07608
v -6.75000 2.18000 0.00000
v -7.04289 2.72711 0.00000
v -6.96289 2.80711 0.00000
v -7.01817 2.80711 0.07608
v -7.10761 2.80711 0.04702
v -7.10761 2.80711 -0.04702
v -7.01817 2.80711 -0.07608
v -7.04289 2.88711 0.00000
vn 0.0000 0.0000 1.0000
vn 0.0000 0.0000 1.0000
vn 0.0000 0.0000 1.0000
vn 0.0000 0.0000 1.0000
vn 0.0000 0.0000 1.0000
vn 0.0000 0.0000 1.0000
vn 0.0000 0.0000 1.0000
vn 0.0000 0.0000 1.0000
vn 0.0000 0.0000 1.0000
vn -0.0000 0.0000 1.0000
vn 0.0000 0.0000 1.0000
vn 0.0000 0.0000 1.0000
vn 0.0000 0.0000 1.0000
vn 0.0000 -0.0000 1.0000
vn 0.0000 0.0000 -1.0000
vn 0.0000 0.0000 -1.0000
vn 0.0000 0.0000 -1.0000
vn 0.0000 0.0000 -1.0000
vn 0.0000 0.0000 -1.0000
vn 0.0000 0.0000 -1.0000
vn -0.0000 0.0000 -1.0000
vn 0.0000 0.0000 -1.0000
vn -0.0000 0.0000 -1.0000
vn 0.0000 -0.0000 -1.0000
vn -0.0000 0.0000 -1.0000
vn 0.0000 -0.0000 -1.0000
vn -0.0000 0.0000 -1.0000
vn 0.0000 0.0000 -1.0000
vn -0.9758 0.2187 0.0000
vn -0.9758 0.2187 0.0000
vn 0.5354 0.8446 0.0000
vn 0.5354 0.8446 0.0000
vn -0.8446 -0.5354 -0.0000
vn -0.8446 -0.5354 0.0000
vn -0.2187 0.9758 0.0000
vn -0.2187 0.9758 0.0000
vn -0.2187 -0.9758 -0.0000
vn -0.2187 -0.9758 0.0000
vn -0.8446 0.5354 0.0000
vn -0.8446 0.5354 0.0000
vn 0.5354 -0.8446 0.0000
vn 0.5354 -0.8446 0.0000
vn -0.9758 -0.2187 -0.0000
vn -0.9758 -0.2187 0.0000
vn 0.9758 -0.2187 0.0000
vn 0.9758 -0.2187 0.0000
vn -0.5354 -0.8446 -0.0000
vn -0.5354 -0.8446 0.0000
vn 0.8446 0.5354 0.0000
vn 0.8446 0.5354 0.0000
vn 0.2187 -0.9758 0.0000
vn 0.2187 -0.9758 0.0000
vn 0.2187 0.9758 0.0000
vn 0.2187 0.9758 0.0000
vn 0.8446 -0.5354 0.0000
vn 0.8446 -0.5354 0.0000
vn -0.5354 0.8446 0.0000
vn -0.5354 0.8446 0.0000
vn 0.9758 0.2187 0.0000
vn 0.9758 0.2187 0.0000
vn 0.9511 -0.3090 0.0000
vn 0.9511 -0.3090 0.0000
vn 0.5878 -0.8090 0.0000
vn 0.5878 -0.8090 0.0000
vn 0.0000 -1.0000 0.0000
vn 0.0000 -1.0000 0.0000
vn -0.5878 -0.8090 0.0000
vn -0.5878 -0.8090 -0.0000
vn -0.9511 -0.3090 0.0000
vn -0.9511 -0.3090 -0.0000
vn -0.9511 0.3090 0.0000
vn -0.9511 0.3090 0.0000
vn -0.5878 0.8090 0.0000
vn -0.5878 0.8090 0.0000
vn -0.0000 1.0000 0.0000
vn 0.0000 1.0000 0.0000
vn 0.5878 0.8090 0.0000
vn 0.5878 0.8090 0.0000
vn 0.9511 0.3090 0.0000
vn 0.9511 0.3090 0.0000
vn 0.0000 0.0000 1.0000
vn 0.0000 0.0000 1.0000
vn 0.0000 0.0000 1.0000
vn 0.0000 0.0000 1.0000
vn -0.0000 0.0000 1.0000
vn -0.0000 0.0000 1.0000
vn 0.0000 0.0000 1.0000
vn 0.0000 0.0000 1.0000
vn 0.0000 -0.0000 -1.0000
vn 0.0000 -0.0000 -1.0000
vn -0.0000 -0.0000 -1.0000
vn -0.0000 -0.0000 -1.0000
vn -0.0000 -0.0000 -1.0000
vn 0.0000 -0.0000 -1.0000
vn 0.0000 -0.0000 -1.0000
vn -0.0000 -0.0000 -1.0000
vn 0.6290 -0.6290 0.4570
vn -0.2402 -0.6290 0.7394
vn -0.7774 -0.6290 -0.0000
vn -0.2402 -0.6290 -0.7394
vn 0.6290 -0.6290 -0.4570
vn 0.6290 0.6290 0.4570
vn -0.2402 0.6290 0.7394
vn -0.7774 0.6290 0.0000
vn -0.2402 0.6290 -0.7394
vn 0.6290 0.6290 -0.4570
vn 0.6290 -0.6290 0.4570
vn -0.2402 -0.6290 0.7394
vn -0.7774 -0.6290 -0.0000
vn -0.2402 -0.6290 -0.7394
vn 0.6290 -0.6290 -0.4570
vn 0.6290 0.6290 0.4570
vn -0.2402 0.6290 0.7394
vn -0.7774 0.6290 0.0000
vn -0.2402 0.6290 -0.7394
vn 0.6290 0.6290 -0.4570
vn 0.6290 -0.6290 0.4570
vn -0.2402 -0.6290 0.7394
vn -0.7774 -0.6290 -0.0000
vn -0.2402 -0.6290 -0.7394
vn 0.6290 -0.6290 -0.4570
vn 0.6290 0.6290 0.4570
vn -0.2402 0.6290 0.7394
vn -0.7774 0.6290 0.0000
vn -0.2402 0.6290 -0.7394
vn 0.6290 0.6290 -0.4570
vn 0.6290 -0.6290 0.4570
vn -0.2402 -0.6290 0.7394
vn -0.7774 -0.6290 -0.0000
vn -0.2402 -0.6290 -0.7394
vn 0.6290 -0.6290 -0.4570
vn 0.6290 0.6290 0.4570
vn -0.2402 0.6290 0.7394
vn -0.7774 0.6290 0.0000
vn -0.2402 0.6290 -0.7394
vn 0.6290 0.6290 -0.4570
vn 0.6290 -0.6290 0.4570
vn -0.2402 -0.6290 0.7394
vn -0.7774 -0.6290 -0.0000
vn -0.2402 -0.6290 -0.7394
vn 0.6290 -0.6290 -0.4570
vn 0.6290 0.6290 0.4570
vn -0.2402 0.6290 0.7394
vn -0.7774 0.6290 0.0000
vn -0.2402 0.6290 -0.7394
vn 0.6290 0.6290 -0.4570
vn 0.6290 -0.6290 0.4570
vn -0.2402 -0.6290 0.7394
vn -0.7774 -0.6290 -0.0000
vn -0.2402 -0.6290 -0.7394
vn 0.6290 -0.6290 -0.4570
vn 0.6290 0.6290 0.4570
vn -0.2402 0.6290 0.7394
vn -0.7774 0.6290 0.0000
vn -0.2402 0.6290 -0.7394
vn 0.6290 0.6290 -0.4570
vn 0.6290 -0.6290 0.4570
vn -0.2402 -0.6290 0.7394
vn -0.7774 -0.6290 -0.0000
vn -0.2402 -0.6290 -0.7394
vn 0.6290 -0.6290 -0.4570
vn 0.6290 0.6290 0.4570
vn -0.2402 0.6290 0.7394
vn -0.7774 0.6290 0.0000
vn -0.2402 0.6290 -0.7394
vn 0.6290 0.6290 -0.4570
vn 0.6290 -0.6290 0.4570
vn -0.2402 -0.6290 0.7394
vn -0.7774 -0.6290 -0.0000
vn -0.2402 -0.6290 -0.7394
vn 0.6290 -0.6290 -0.4570
vn 0.6290 0.6290 0.4570
vn -0.2402 0.6290 0.7394
vn -0.7774 0.6290 0.0000
vn -0.2402 0.6290 -0.7394
vn 0.6290 0.6290 -0.4570
usemtl Mat_Brass
f 3069//4955 3054//4955 3055//4955
f 3055//4956 3056//4956 3057//4956
f 3069//4957 3055//4957 3057//4957
f 3057//4958 3058//4958 3059//4958
f 3069//4959 3057//4959 3059//4959
f 3069//4960 3059//4960 3060//4960
f 3069//4961 3060//4961 3061//4961
f 3069//4962 3061//4962 3062//4962
f 3069//4963 3062//4963 3063//4963
f 3063//4964 3064//4964 3065//4964
f 3069//4965 3063//4965 3065//4965
f 3065//4966 3066//4966 3067//4966
f 3069//4967 3065//4967 3067//4967
f 3067//4968 3068//4968 3069//4968
f 3071//4969 3070//4969 3085//4969
f 3073//4970 3072//4970 3071//4970
f 3073//4971 3071//4971 3085//4971
f 3075//4972 3074//4972 3073//4972
f 3075//4973 3073//4973 3085//4973
f 3076//4974 3075//4974 3085//4974
f 3077//4975 3076//4975 3085//4975
f 3078//4976 3077//4976 3085//4976
f 3079//4977 3078//4977 3085//4977
f 3081//4978 3080//4978 3079//4978
f 3081//4979 3079//4979 3085//4979
f 3083//4980 3082//4980 3081//4980
f 3083//4981 3081//4981 3085//4981
f 3085//4982 3084//4982 3083//4982
f 3054//4983 3070//4983 3071//4983
f 3054//4984 3071//4984 3055//4984
f 3055//4985 3071//4985 3072//4985
f 3055//4986 3072//4986 3056//4986
f 3056//4987 3072//4987 3073//4987
f 3056//4988 3073//4988 3057//4988
f 3057//4989 3073//4989 3074//4989
f 3057//4990 3074//4990 3058//4990
f 3058//4991 3074//4991 3075//4991
f 3058//4992 3075//4992 3059//4992
f 3059//4993 3075//4993 3076//4993
f 3059//4994 3076//4994 3060//4994
f 3060//4995 3076//4995 3077//4995
f 3060//4996 3077//4996 3061//4996
f 3061//4997 3077//4997 3078//4997
f 3061//4998 3078//4998 3062//4998
f 3062//4999 3078//4999 3079//4999
f 3062//5000 3079//5000 3063//5000
f 3063//5001 3079//5001 3080//5001
f 3063//5002 3080//5002 3064//5002
f 3064//5003 3080//5003 3081//5003
f 3064//5004 3081//5004 3065//5004
f 3065//5005 3081//5005 3082//5005
f 3065//5006 3082//5006 3066//5006
f 3066//5007 3082//5007 3083//5007
f 3066//5008 3083//5008 3067//5008
f 3067//5009 3083//5009 3084//5009
f 3067//5010 3084//5010 3068//5010
f 3068//5011 3084//5011 3085//5011
f 3068//5012 3085//5012 3069//5012
f 3069//5013 3085//5013 3070//5013
f 3069//5014 3070//5014 3054//5014
usemtl Mat_NeonAmber
f 3096//5015 3097//5015 3087//5015
f 3096//5016 3087//5016 3086//5016
f 3097//5017 3098//5017 3088//5017
f 3097//5018 3088//5018 3087//5018
f 3098//5019 3099//5019 3089//5019
f 3098//5020 3089//5020 3088//5020
f 3099//5021 3100//5021 3090//5021
f 3099//5022 3090//5022 3089//5022
f 3100//5023 3101//5023 3091//5023
f 3100//5024 3091//5024 3090//5024
f 3101//5025 3102//5025 3092//5025
f 3101//5026 3092//5026 3091//5026
f 3102//5027 3103//5027 3093//5027
f 3102//5028 3093//5028 3092//5028
f 3103//5029 3104//5029 3094//5029
f 3103//5030 3094//5030 3093//5030
f 3104//5031 3105//5031 3095//5031
f 3104//5032 3095//5032 3094//5032
f 3105//5033 3096//5033 3086//5033
f 3105//5034 3086//5034 3095//5034
f 3105//5035 3104//5035 3103//5035
f 3105//5036 3103//5036 3102//5036
f 3105//5037 3102//5037 3101//5037
f 3105//5038 3101//5038 3100//5038
f 3105//5039 3100//5039 3099//5039
f 3105//5040 3099//5040 3098//5040
f 3105//5041 3098//5041 3097//5041
f 3105//5042 3097//5042 3096//5042
f 3086//5043 3087//5043 3088//5043
f 3086//5044 3088//5044 3089//5044
f 3086//5045 3089//5045 3090//5045
f 3086//5046 3090//5046 3091//5046
f 3086//5047 3091//5047 3092//5047
f 3086//5048 3092//5048 3093//5048
f 3086//5049 3093//5049 3094//5049
f 3086//5050 3094//5050 3095//5050
f 3107//5051 3108//5051 3106//5051
f 3108//5052 3109//5052 3106//5052
f 3109//5053 3110//5053 3106//5053
f 3110//5054 3111//5054 3106//5054
f 3111//5055 3107//5055 3106//5055
f 3112//5056 3108//5056 3107//5056
f 3112//5057 3109//5057 3108//5057
f 3112//5058 3110//5058 3109//5058
f 3112//5059 3111//5059 3110//5059
f 3112//5060 3107//5060 3111//5060
f 3114//5061 3115//5061 3113//5061
f 3115//5062 3116//5062 3113//5062
f 3116//5063 3117//5063 3113//5063
f 3117//5064 3118//5064 3113//5064
f 3118//5065 3114//5065 3113//5065
f 3119//5066 3115//5066 3114//5066
f 3119//5067 3116//5067 3115//5067
f 3119//5068 3117//5068 3116//5068
f 3119//5069 3118//5069 3117//5069
f 3119//5070 3114//5070 3118//5070
f 3121//5071 3122//5071 3120//5071
f 3122//5072 3123//5072 3120//5072
f 3123//5073 3124//5073 3120//5073
f 3124//5074 3125//5074 3120//5074
f 3125//5075 3121//5075 3120//5075
f 3126//5076 3122//5076 3121//5076
f 3126//5077 3123//5077 3122//5077
f 3126//5078 3124//5078 3123//5078
f 3126//5079 3125//5079 3124//5079
f 3126//5080 3121//5080 3125//5080
f 3128//5081 3129//5081 3127//5081
f 3129//5082 3130//5082 3127//5082
f 3130//5083 3131//5083 3127//5083
f 3131//5084 3132//5084 3127//5084
f 3132//5085 3128//5085 3127//5085
f 3133//5086 3129//5086 3128//5086
f 3133//5087 3130//5087 3129//5087
f 3133//5088 3131//5088 3130//5088
f 3133//5089 3132//5089 3131//5089
f 3133//5090 3128//5090 3132//5090
f 3135//5091 3136//5091 3134//5091
f 3136//5092 3137//5092 3134//5092
f 3137//5093 3138//5093 3134//5093
f 3138//5094 3139//5094 3134//5094
f 3139//5095 3135//5095 3134//5095
f 3140//5096 3136//5096 3135//5096
f 3140//5097 3137//5097 3136//5097
f 3140//5098 3138//5098 3137//5098
f 3140//5099 3139//5099 3138//5099
f 3140//5100 3135//5100 3139//5100
f 3142//5101 3143//5101 3141//5101
f 3143//5102 3144//5102 3141//5102
f 3144//5103 3145//5103 3141//5103
f 3145//5104 3146//5104 3141//5104
f 3146//5105 3142//5105 3141//5105
f 3147//5106 3143//5106 3142//5106
f 3147//5107 3144//5107 3143//5107
f 3147//5108 3145//5108 3144//5108
f 3147//5109 3146//5109 3145//5109
f 3147//5110 3142//5110 3146//5110
f 3149//5111 3150//5111 3148//5111
f 3150//5112 3151//5112 3148//5112
f 3151//5113 3152//5113 3148//5113
f 3152//5114 3153//5114 3148//5114
f 3153//5115 3149//5115 3148//5115
f 3154//5116 3150//5116 3149//5116
f 3154//5117 3151//5117 3150//5117
f 3154//5118 3152//5118 3151//5118
f 3154//5119 3153//5119 3152//5119
f 3154//5120 3149//5120 3153//5120
f 3156//5121 3157//5121 3155//5121
f 3157//5122 3158//5122 3155//5122
f 3158//5123 3159//5123 3155//5123
f 3159//5124 3160//5124 3155//5124
f 3160//5125 3156//5125 3155//5125
f 3161//5126 3157//5126 3156//5126
f 3161//5127 3158//5127 3157//5127
f 3161//5128 3159//5128 3158//5128
f 3161//5129 3160//5129 3159//5129
f 3161//5130 3156//5130 3160//5130
